2026-09-13T21:46:47+08:00,2026-09-13T21:45:48+08:00,59.0,live,震盪,neutral,0.0,2026/09/11,04:59:58,46588.0,46552.0,46589.0,0.0,401.0,0.87,28622,0,88464,2026/09/11,WTXOU6,175,,,44800.0,1942.25,42857.75,46742.25,,,,,,,,,,,,,,,,,,,,,,,,
2026-09-14T08:45:01+08:00,2026-09-14T04:59:46+08:00,13515.0,live,資料累積中,warming_up,,-,04:59:58,46588.0,45684.0,45687.0,0.0,401.0,0.87,28622,0,88464,-,WTXOU6,175,,,,,,,,,,,,,,,,,,,,,,,,,,,,,,
2026-09-14T08:46:01+08:00,2026-09-14T08:45:01+08:00,60.0,live,強勢偏空,strong_bear,-100.0,-,08:45:59,45564.0,45561.0,45570.0,-1024.0,623.0,1.35,30810,2188,88464,-,WTXOU6,175,,,44850.0,1054.5,43795.5,45904.5,44800.0,9.169014886068023,334,10,44700.0,8.470578086661991,544,15,44600.0,4.1616644819569535,167,9,,,,,,,,,,,,
2026-09-14T08:47:01+08:00,2026-09-14T08:46:01+08:00,60.0,live,強勢偏空,strong_bear,-58.526740665993934,-,08:46:58,45535.0,45530.0,45535.0,-29.0,652.0,1.41,31614,804,88464,-,WTXOU6,175,,,44850.0,991.0,43859.0,45841.0,44800.0,9.98255135855348,334,59,44700.0,9.202322522321882,544,87,44600.0,4.031409950533198,167,21,,,,,,,,,,,,
2026-09-14T08:48:01+08:00,2026-09-14T08:47:01+08:00,60.0,live,震盪,neutral,-3.9081582804103565,-,08:47:58,45533.0,45532.0,45536.0,-2.0,654.0,1.42,32122,508,88464,-,WTXOU6,175,,,44850.0,1023.5,43826.5,45873.5,44800.0,9.183021738502351,334,22,44700.0,9.255057751034329,544,74,44600.0,4.148310794667435,167,22,,,,,,,,,,,,
2026-09-14T08:49:01+08:00,2026-09-14T08:48:01+08:00,60.0,live,強勢偏空,strong_bear,-67.36007924715206,-,08:48:57,45499.0,45493.0,45498.0,-34.0,688.0,1.49,32437,315,88464,-,WTXOU6,175,,,44850.0,1009.5,43840.5,45859.5,44800.0,10.329297688504843,334,14,44700.0,9.021296636504005,544,11,44500.0,5.711206797581789,530,38,,,,,,,,,,,,
2026-09-14T08:50:01+08:00,2026-09-14T08:49:01+08:00,60.0,live,強勢偏空,strong_bear,-63.77678126557049,-,08:49:59,45467.0,45466.0,45472.0,-32.0,720.0,1.56,32728,291,88464,-,WTXOU6,175,,,44850.0,1003.5,43846.5,45853.5,44800.0,10.92047850436059,334,12,44700.0,9.522388545173069,544,8,44500.0,6.257989208756771,530,48,,,,,,,,,,,,
2026-09-14T08:51:01+08:00,2026-09-14T08:50:01+08:00,60.0,live,強勢偏多,strong_bull,100.0,-,08:50:59,45524.0,45524.0,45527.0,57.0,663.0,1.44,33107,379,88464,-,WTXOU6,175,,,44850.0,1043.0,43807.0,45893.0,44800.0,10.858845024705836,334,24,44700.0,8.935295884825157,544,14,44600.0,4.740277900853402,167,16,,,,,,,,,,,,
2026-09-14T08:52:01+08:00,2026-09-14T08:51:01+08:00,60.0,live,強勢偏空,strong_bear,-52.148720424915496,-,08:51:59,45497.0,45498.0,45501.0,-27.0,690.0,1.49,33403,296,88464,-,WTXOU6,175,,,44850.0,1035.5,43814.5,45885.5,44800.0,10.195701291052293,334,10,44700.0,8.955898816924847,544,8,44500.0,5.743935687051156,530,33,,,,,,,,,,,,
2026-09-14T08:53:01+08:00,2026-09-14T08:52:01+08:00,60.0,live,強勢偏空,strong_bear,-72.3009281875916,-,08:52:59,45460.0,45456.0,45460.0,-37.0,727.0,1.57,33774,371,88464,-,WTXOU6,175,,,44850.0,1023.5,43826.5,45873.5,44800.0,11.468431575877966,334,11,44700.0,9.976279467161664,544,8,44500.0,6.384408976646636,530,32,,,,,,,,,,,,
2026-09-14T08:54:01+08:00,2026-09-14T08:53:01+08:00,60.0,live,溫和偏多,mild_bull,37.01899659035558,-,08:53:59,45479.0,45480.0,45485.0,19.0,708.0,1.53,34116,342,88464,-,WTXOU6,175,,,44850.0,1026.5,43823.5,45876.5,44800.0,10.794837599406462,334,19,44700.0,9.093400017758066,544,8,44500.0,6.047066065509206,530,59,,,,,,,,,,,,
2026-09-14T08:55:01+08:00,2026-09-14T08:54:01+08:00,60.0,live,強勢偏空,strong_bear,-45.56711243189698,-,08:54:58,45456.0,45456.0,45461.0,-23.0,731.0,1.58,34273,157,88464,-,WTXOU6,175,,,44850.0,1009.5,43840.5,45859.5,44800.0,12.184364008459651,334,6,44700.0,11.257271500938156,544,9,44500.0,6.457792184555019,530,11,,,,,,,,,,,,
2026-09-14T08:56:01+08:00,2026-09-14T08:55:01+08:00,60.0,live,溫和偏空,mild_bear,-39.860488290981564,-,08:55:58,45436.0,45436.0,45438.0,-20.0,751.0,1.63,34394,121,88464,-,WTXOU6,175,,,44850.0,1003.5,43846.5,45853.5,44800.0,13.44654044512822,334,16,44700.0,12.210705209016254,544,21,44500.0,6.177669499072359,530,8,,,,,,,,,,,,
2026-09-14T08:57:01+08:00,2026-09-14T08:56:01+08:00,60.0,live,強勢偏空,strong_bear,-46.11528822055138,-,08:56:58,45413.0,45415.0,45419.0,-23.0,774.0,1.68,34773,379,88464,-,WTXOU6,175,,,44850.0,997.5,43852.5,45847.5,44800.0,13.826815486858,334,9,44700.0,11.602462374904752,544,5,44500.0,7.301973361664577,530,16,,,,,,,,,,,,
2026-09-14T08:58:01+08:00,2026-09-14T08:57:01+08:00,60.0,live,強勢偏空,strong_bear,-85.2359208523592,-,08:57:58,45371.0,45370.0,45374.0,-42.0,816.0,1.77,35192,419,88464,-,WTXOU6,175,,,44850.0,985.5,43864.5,45835.5,44800.0,16.812502644853012,334,15,44700.0,12.92508601427724,544,4,44500.0,8.08962266002794,530,13,,,,,,,,,,,,
2026-09-14T08:59:01+08:00,2026-09-14T08:58:01+08:00,60.0,live,震盪,neutral,-1.994017946161515,-,08:58:59,45370.0,45367.0,45373.0,-1.0,817.0,1.77,35489,297,88464,-,WTXOU6,175,,,44850.0,1003.0,43847.0,45853.0,44800.0,15.647897126992163,334,17,44700.0,13.389877154935549,544,12,44500.0,8.256508331435736,530,30,,,,,,,,,,,,
2026-09-14T09:00:01+08:00,2026-09-14T08:59:01+08:00,60.0,live,震盪,neutral,1.99501246882793,-,08:59:58,45371.0,45367.0,45373.0,1.0,816.0,1.77,35667,178,88464,-,WTXOU6,175,,,44850.0,1002.5,43847.5,45852.5,44800.0,16.812502644853012,334,24,44700.0,13.51541708873461,544,11,44500.0,8.004118224657367,530,19,,,,,,,,,,,,
2026-09-14T09:01:01+08:00,2026-09-14T09:00:01+08:00,60.0,live,強勢偏多,strong_bull,63.2411067193676,2026/09/14,09:00:58,45403.0,45397.0,45403.0,32.0,784.0,1.7,36823,1156,88464,2026/09/14,WTXOU6,175,,,44850.0,1012.0,43838.0,45862.0,44800.0,14.387841863494117,334,21,44700.0,12.137765067408484,544,13,44500.0,7.5136101579366406,530,34,,,,,,,,,,,,
2026-09-14T09:02:01+08:00,2026-09-14T09:01:01+08:00,60.0,live,震盪,neutral,1.9801980198019806,2026/09/14,09:01:58,45404.0,45405.0,45409.0,1.0,783.0,1.7,37304,481,88464,2026/09/14,WTXOU6,175,,,44850.0,1010.0,43840.0,45860.0,44800.0,15.299759363379437,334,115,44700.0,11.59438889304122,544,25,44500.0,6.447990004982429,530,23,,,,,,,,,,,,
2026-09-14T09:03:02+08:00,2026-09-14T09:02:01+08:00,61.0,live,強勢偏多,strong_bull,100.0,2026/09/14,09:02:59,45488.0,45487.0,45492.0,84.0,699.0,1.51,37947,643,88464,2026/09/14,WTXOU6,175,,,44850.0,1033.5,43816.5,45883.5,44800.0,11.288704777917113,334,26,44700.0,10.003325738437297,544,27,44500.0,5.893552288360081,530,42,,,,,,,,,,,,
2026-09-14T09:04:02+08:00,2026-09-14T09:03:02+08:00,60.0,live,強勢偏多,strong_bull,70.44264635887671,2026/09/14,09:03:58,45525.0,45522.0,45526.0,37.0,662.0,1.43,38476,529,88464,2026/09/14,WTXOU6,175,,,44850.0,1050.5,43799.5,45900.5,44800.0,10.82786403284198,334,37,44700.0,9.303285217422337,544,32,44600.0,4.979551889966795,167,34,,,,,,,,,,,,
2026-09-14T09:05:01+08:00,2026-09-14T09:04:02+08:00,59.0,live,震盪,neutral,-13.384321223709367,2026/09/14,09:04:59,45518.0,45516.0,45520.0,-7.0,669.0,1.45,39113,637,88464,2026/09/14,WTXOU6,175,,,44850.0,1046.0,43804.0,45896.0,44800.0,11.046601395932901,334,18,44700.0,9.522204543780315,544,16,44600.0,4.550317202448067,167,8,,,,,,,,,,,,
2026-09-14T09:06:02+08:00,2026-09-14T09:05:01+08:00,61.0,live,溫和偏多,mild_bull,17.22488038277512,2026/09/14,09:05:58,45527.0,45530.0,45535.0,9.0,660.0,1.43,39571,458,88464,2026/09/14,WTXOU6,175,,,44850.0,1045.0,43805.0,45895.0,44800.0,10.766166969290396,334,29,44700.0,9.415083615191849,544,29,44600.0,5.024402419861524,167,29,,,,,,,,,,,,
2026-09-14T09:07:01+08:00,2026-09-14T09:06:02+08:00,59.0,live,強勢偏空,strong_bear,-100.0,2026/09/14,09:06:58,45430.0,45427.0,45431.0,-97.0,757.0,1.64,40099,528,88464,2026/09/14,WTXOU6,175,,,44850.0,1010.0,43840.0,45860.0,44800.0,12.785023180575806,334,25,44700.0,11.395587681107905,544,26,44500.0,6.955781655113903,530,58,,,,,,,,,,,,
2026-09-14T09:08:01+08:00,2026-09-14T09:07:01+08:00,60.0,live,溫和偏多,mild_bull,28.311425682507586,2026/09/14,09:07:58,45444.0,45443.0,45448.0,14.0,743.0,1.61,40425,326,88464,2026/09/14,WTXOU6,175,,,44850.0,989.0,43861.0,45839.0,44800.0,11.809462559428795,334,15,44700.0,10.499238591855889,544,14,44500.0,6.683041555282904,530,52,,,,,,,,,,,,
2026-09-14T09:09:01+08:00,2026-09-14T09:08:01+08:00,60.0,live,強勢偏空,strong_bear,-77.19654647028949,2026/09/14,09:08:57,45406.0,45415.0,45420.0,-38.0,781.0,1.69,40762,337,88464,2026/09/14,WTXOU6,175,,,44850.0,984.5,43865.5,45834.5,44800.0,13.531552512933187,334,10,44700.0,12.04024716547811,544,10,44500.0,7.449483008409877,530,26,,,,,,,,,,,,
2026-09-14T09:10:01+08:00,2026-09-14T09:09:01+08:00,60.0,live,溫和偏多,mild_bull,20.42900919305414,2026/09/14,09:09:58,45416.0,45421.0,45423.0,10.0,771.0,1.67,41005,243,88464,2026/09/14,WTXOU6,175,,,44850.0,979.0,43871.0,45829.0,44800.0,12.54915718576,334,6,44700.0,10.794507764641896,544,3,44500.0,7.239652489572312,530,26,,,,,,,,,,,,
2026-09-14T09:11:01+08:00,2026-09-14T09:10:01+08:00,60.0,live,強勢偏多,strong_bull,100.0,2026/09/14,09:10:59,45526.0,45526.0,45527.0,110.0,661.0,1.43,41458,453,88464,2026/09/14,WTXOU6,175,,,44850.0,1024.5,43825.5,45874.5,44800.0,10.79697143176506,334,34,44700.0,9.02298140539483,544,23,44600.0,4.659002907757155,167,21,,,,,,,,,,,,
2026-09-14T09:12:01+08:00,2026-09-14T09:11:01+08:00,60.0,live,強勢偏空,strong_bear,-63.681592039801,2026/09/14,09:11:58,45494.0,45496.0,45500.0,-32.0,693.0,1.5,41763,305,88464,2026/09/14,WTXOU6,175,,,44850.0,1005.0,43845.0,45855.0,44800.0,11.830657355263325,334,119,44700.0,8.793001987755233,544,19,44500.0,5.2604036236327785,530,48,,,,,,,,,,,,
2026-09-14T09:13:01+08:00,2026-09-14T09:12:01+08:00,60.0,live,溫和偏空,mild_bear,-29.925187032418954,2026/09/14,09:12:58,45479.0,45478.0,45483.0,-15.0,708.0,1.53,41918,155,88464,2026/09/14,WTXOU6,175,,,44850.0,1002.5,43847.5,45852.5,44800.0,12.348707307095422,334,29,44700.0,10.34129477904178,544,20,44500.0,5.880219115824449,530,23,,,,,,,,,,,,
2026-09-14T09:14:01+08:00,2026-09-14T09:13:01+08:00,60.0,live,溫和偏空,mild_bear,-18.163471241170534,2026/09/14,09:13:57,45470.0,45465.0,45470.0,-9.0,717.0,1.55,42107,189,88464,2026/09/14,WTXOU6,175,,,44850.0,991.0,43859.0,45841.0,44800.0,10.954530435111575,334,2,44700.0,11.080315836233387,544,7,44500.0,6.204578531160873,530,7,,,,,,,,,,,,
2026-09-14T09:15:01+08:00,2026-09-14T09:14:01+08:00,60.0,live,溫和偏空,mild_bear,-34.67618561958184,2026/09/14,09:14:58,45453.0,45449.0,45454.0,-17.0,734.0,1.59,42280,173,88464,2026/09/14,WTXOU6,175,,,44850.0,980.5,43869.5,45830.5,44800.0,12.658834632688823,334,16,44700.0,10.824294210789581,544,12,44500.0,6.513382593253747,530,23,,,,,,,,,,,,
2026-09-14T09:16:01+08:00,2026-09-14T09:15:01+08:00,60.0,live,溫和偏空,mild_bear,-34.80040941658137,2026/09/14,09:15:58,45436.0,45436.0,45440.0,-17.0,751.0,1.63,42662,382,88464,2026/09/14,WTXOU6,175,,,44850.0,977.0,43873.0,45827.0,44800.0,13.101116683358178,334,18,44700.0,11.876631171529253,544,23,44500.0,6.837555942444226,530,29,,,,,,,,,,,,
2026-09-14T09:17:01+08:00,2026-09-14T09:16:01+08:00,60.0,live,強勢偏空,strong_bear,-51.92107995846313,2026/09/14,09:16:58,45411.0,45412.0,45417.0,-25.0,776.0,1.68,42942,280,88464,2026/09/14,WTXOU6,175,,,44850.0,963.0,43887.0,45813.0,44800.0,12.965922086001957,334,6,44700.0,12.098620987028614,544,10,44500.0,7.3438183670255075,530,21,,,,,,,,,,,,
2026-09-14T09:18:01+08:00,2026-09-14T09:17:01+08:00,60.0,live,強勢偏多,strong_bull,66.08156943727414,2026/09/14,09:17:58,45443.0,45438.0,45442.0,32.0,744.0,1.61,43177,235,88464,2026/09/14,WTXOU6,175,,,44850.0,968.5,43881.5,45818.5,44800.0,12.43617414081869,334,8,44700.0,11.271622866691716,544,10,44500.0,6.702163263444552,530,17,,,,,,,,,,,,
2026-09-14T09:19:01+08:00,2026-09-14T09:18:01+08:00,60.0,live,強勢偏多,strong_bull,100.0,2026/09/14,09:18:57,45495.0,45492.0,45494.0,52.0,692.0,1.5,43357,180,88464,2026/09/14,WTXOU6,175,,,44850.0,987.0,43863.0,45837.0,44800.0,10.690089092941207,334,28,44700.0,9.575951348058458,544,31,44500.0,5.776852134114544,530,61,,,,,,,,,,,,
2026-09-14T09:20:01+08:00,2026-09-14T09:19:01+08:00,60.0,live,強勢偏空,strong_bear,-100.0,2026/09/14,09:19:58,45425.0,45417.0,45422.0,-70.0,762.0,1.65,43535,178,88464,2026/09/14,WTXOU6,175,,,44850.0,961.0,43889.0,45811.0,44800.0,12.765193145825714,334,17,44700.0,11.308275253743425,544,16,44500.0,7.055863130090969,530,46,,,,,,,,,,,,
2026-09-14T09:21:01+08:00,2026-09-14T09:20:01+08:00,60.0,live,溫和偏空,mild_bear,-39.81141959140911,2026/09/14,09:20:58,45406.0,45402.0,45404.0,-19.0,781.0,1.69,43798,263,88464,2026/09/14,WTXOU6,175,,,44850.0,954.5,43895.5,45804.5,44800.0,13.342025412724158,334,3,44700.0,9.97762669961627,544,0,44500.0,7.449483008409877,530,9,,,,,,,,,,,,
2026-09-14T09:22:01+08:00,2026-09-14T09:21:01+08:00,60.0,live,溫和偏空,mild_bear,-25.316455696202528,2026/09/14,09:21:57,45394.0,45384.0,45389.0,-12.0,793.0,1.72,44041,243,88464,2026/09/14,WTXOU6,175,,,44850.0,948.0,43902.0,45798.0,44800.0,12.55997881980297,334,4,44700.0,11.067944319589088,544,2,44500.0,7.709322797603717,530,43,,,,,,,,,,,,
2026-09-14T09:23:01+08:00,2026-09-14T09:22:01+08:00,60.0,live,溫和偏空,mild_bear,-16.886543535620053,2026/09/14,09:22:58,45386.0,45383.0,45388.0,-8.0,801.0,1.73,44218,177,88464,2026/09/14,WTXOU6,175,,,44850.0,947.5,43902.5,45797.5,44800.0,14.935676023929291,334,9,44700.0,11.444746699834905,544,1,44500.0,7.887565185840687,530,16,,,,,,,,,,,,
2026-09-14T09:24:01+08:00,2026-09-14T09:23:01+08:00,60.0,live,強勢偏空,strong_bear,-81.45766345123258,2026/09/14,09:23:57,45348.0,45346.0,45348.0,-38.0,839.0,1.82,44626,408,88464,2026/09/14,WTXOU6,175,,,44850.0,933.0,43917.0,45783.0,44800.0,16.299273914544454,334,7,44700.0,14.816490565046818,544,9,44500.0,8.792146860615794,530,15,,,,,,,,,,,,
2026-09-14T09:25:01+08:00,2026-09-14T09:24:01+08:00,60.0,live,強勢偏多,strong_bull,56.60377358490567,2026/09/14,09:24:58,45375.0,45372.0,45378.0,27.0,812.0,1.76,44989,363,88464,2026/09/14,WTXOU6,175,,,44850.0,954.0,43896.0,45804.0,44800.0,14.344581894632158,334,21,44700.0,12.631756487608783,544,17,44500.0,8.139396715643967,530,75,,,,,,,,,,,,
2026-09-14T09:26:01+08:00,2026-09-14T09:25:01+08:00,60.0,live,溫和偏空,mild_bear,-40.447046301224056,2026/09/14,09:25:56,45356.0,45355.0,45360.0,-19.0,831.0,1.8,45212,223,88464,2026/09/14,WTXOU6,175,,,44850.0,939.5,43910.5,45789.5,44800.0,15.55477329729152,334,13,44700.0,14.103865159956152,544,16,44500.0,8.593462828567532,530,35,,,,,,,,,,,,
2026-09-14T09:27:01+08:00,2026-09-14T09:26:01+08:00,60.0,live,強勢偏多,strong_bull,74.03490216816499,2026/09/14,09:26:58,45391.0,45386.0,45391.0,35.0,796.0,1.72,45397,185,88464,2026/09/14,WTXOU6,175,,,44850.0,945.5,43904.5,45795.5,44800.0,14.590367472188184,334,13,44700.0,11.108837029816765,544,1,44500.0,7.7756867177890365,530,25,,,,,,,,,,,,
2026-09-14T09:28:01+08:00,2026-09-14T09:27:01+08:00,60.0,live,溫和偏空,mild_bear,-36.266666666666666,2026/09/14,09:27:56,45374.0,45360.0,45364.0,-17.0,813.0,1.76,45616,219,88464,2026/09/14,WTXOU6,175,,,44850.0,937.5,43912.5,45787.5,44800.0,14.352079593202525,334,6,44700.0,12.031664537860987,544,2,44500.0,7.85975419136151,530,16,,,,,,,,,,,,
2026-09-14T09:29:01+08:00,2026-09-14T09:28:01+08:00,60.0,live,震盪,neutral,0.0,2026/09/14,09:28:58,45374.0,45373.0,45377.0,0.0,813.0,1.76,45844,228,88464,2026/09/14,WTXOU6,175,,,44850.0,939.0,43911.0,45789.0,44800.0,15.24862534635718,334,19,44700.0,13.222507400341067,544,15,44500.0,8.162685388521568,530,38,,,,,,,,,,,,
2026-09-14T09:30:01+08:00,2026-09-14T09:29:01+08:00,60.0,live,溫和偏多,mild_bull,31.796502384737675,2026/09/14,09:29:56,45389.0,45387.0,45391.0,15.0,798.0,1.73,45981,137,88464,2026/09/14,WTXOU6,175,,,44850.0,943.5,43906.5,45793.5,44800.0,11.323661056637288,334,0,44700.0,10.47421669995451,544,0,44500.0,7.736307136963479,530,11,,,,,,,,,,,,
2026-09-14T09:31:01+08:00,2026-09-14T09:30:01+08:00,60.0,live,溫和偏多,mild_bull,23.25581395348837,2026/09/14,09:30:57,45400.0,45398.0,45403.0,11.0,787.0,1.7,46246,265,88464,2026/09/14,WTXOU6,175,,,44850.0,946.0,43904.0,45796.0,44800.0,15.045799576406278,334,9,44700.0,13.03550417616948,544,8,44500.0,7.578289331181263,530,11,,,,,,,,,,,,
2026-09-14T09:32:01+08:00,2026-09-14T09:31:01+08:00,60.0,live,強勢偏多,strong_bull,64.8196549921589,2026/09/14,09:31:59,45431.0,45425.0,45431.0,31.0,756.0,1.64,46369,123,88464,2026/09/14,WTXOU6,175,,,44850.0,956.5,43893.5,45806.5,44800.0,11.725447788890042,334,1,44700.0,10.553978077355433,544,1,44500.0,6.935936357167985,530,6,,,,,,,,,,,,
2026-09-14T09:33:01+08:00,2026-09-14T09:32:01+08:00,60.0,live,溫和偏空,mild_bear,-35.88390501319262,2026/09/14,09:32:58,45414.0,45409.0,45414.0,-17.0,773.0,1.67,46539,170,88464,2026/09/14,WTXOU6,175,,,44850.0,947.5,43902.5,45797.5,44800.0,10.543039339818908,334,0,44700.0,13.00287108784259,544,4,44500.0,7.281140356239684,530,4,,,,,,,,,,,,
2026-09-14T09:34:01+08:00,2026-09-14T09:33:01+08:00,60.0,live,強勢偏空,strong_bear,-100.0,2026/09/14,09:33:58,45339.0,45336.0,45341.0,-75.0,848.0,1.84,46809,270,88464,2026/09/14,WTXOU6,175,,,44850.0,923.5,43926.5,45773.5,44800.0,15.508857449709533,334,5,44700.0,15.15879197316782,544,14,44600.0,8.597310163031803,167,24,,,,,,,,,,,,
2026-09-14T09:35:01+08:00,2026-09-14T09:34:01+08:00,60.0,live,溫和偏空,mild_bear,-17.353579175704994,2026/09/14,09:34:59,45331.0,45330.0,45335.0,-8.0,856.0,1.85,47096,287,88464,2026/09/14,WTXOU6,175,,,44850.0,922.0,43928.0,45772.0,44800.0,16.106311551605767,334,5,44700.0,14.799874323128968,544,7,44500.0,9.229735111201979,530,20,,,,,,,,,,,,
2026-09-14T09:36:01+08:00,2026-09-14T09:35:01+08:00,60.0,live,溫和偏多,mild_bull,43.14994606256742,2026/09/14,09:35:58,45351.0,45351.0,45356.0,20.0,836.0,1.81,47318,222,88464,2026/09/14,WTXOU6,175,,,44850.0,927.0,43923.0,45777.0,44800.0,15.127748701192854,334,11,44700.0,12.810806622853939,544,4,44500.0,8.717107657817069,530,47,,,,,,,,,,,,
2026-09-14T09:37:01+08:00,2026-09-14T09:36:01+08:00,60.0,live,強勢偏多,strong_bull,64.13682522715125,2026/09/14,09:36:59,45381.0,45382.0,45386.0,30.0,806.0,1.75,47456,138,88464,2026/09/14,WTXOU6,175,,,44850.0,935.5,43914.5,45785.5,44800.0,12.957678171122263,334,2,44700.0,11.445542061268284,544,1,44500.0,8.001053388449277,530,24,,,,,,,,,,,,
2026-09-14T09:38:01+08:00,2026-09-14T09:37:01+08:00,60.0,live,強勢偏空,strong_bear,-73.91304347826086,2026/09/14,09:37:58,45347.0,45343.0,45348.0,-34.0,840.0,1.82,47558,102,88464,2026/09/14,WTXOU6,175,,,44850.0,920.0,43930.0,45770.0,44800.0,12.767392189710527,334,0,44700.0,13.416735663348828,544,1,44500.0,8.166189731738688,530,3,,,,,,,,,,,,
2026-09-14T09:39:01+08:00,2026-09-14T09:38:01+08:00,60.0,live,強勢偏多,strong_bull,100.0,2026/09/14,09:38:59,45398.0,45395.0,45399.0,51.0,789.0,1.71,47629,71,88464,2026/09/14,WTXOU6,175,,,44850.0,941.0,43909.0,45791.0,44800.0,13.30024751999173,334,1,44700.0,13.611084148259186,544,4,44500.0,7.621717804825774,530,4,,,,,,,,,,,,
2026-09-14T09:40:01+08:00,2026-09-14T09:39:01+08:00,60.0,live,溫和偏空,mild_bear,-32.10272873194222,2026/09/14,09:39:58,45383.0,45378.0,45383.0,-15.0,804.0,1.74,47748,119,88464,2026/09/14,WTXOU6,175,,,44850.0,934.5,43915.5,45784.5,44800.0,12.576307159544422,334,1,44700.0,11.778492222431042,544,2,44600.0,7.581682167608872,167,20,,,,,,,,,,,,
2026-09-14T09:41:01+08:00,2026-09-14T09:40:01+08:00,60.0,live,溫和偏空,mild_bear,-38.834951456310684,2026/09/14,09:40:57,45365.0,45360.0,45365.0,-18.0,822.0,1.78,47835,87,88464,2026/09/14,WTXOU6,175,,,44850.0,927.0,43923.0,45777.0,44800.0,12.127381912914684,334,0,44700.0,11.21764644169763,544,0,44600.0,7.9817977521195,167,5,,,,,,,,,,,,
2026-09-14T09:42:01+08:00,2026-09-14T09:41:01+08:00,60.0,live,強勢偏多,strong_bull,100.0,2026/09/14,09:41:58,45427.0,45422.0,45427.0,62.0,760.0,1.65,47993,158,88464,2026/09/14,WTXOU6,175,,,44850.0,950.5,43899.5,45800.5,44800.0,12.441556685503121,334,3,44700.0,12.528766606722488,544,10,44500.0,6.924889631991913,530,9,,,,,,,,,,,,
2026-09-14T09:43:01+08:00,2026-09-14T09:42:01+08:00,60.0,live,震盪,neutral,-14.814814814814813,2026/09/14,09:42:58,45420.0,45415.0,45420.0,-7.0,767.0,1.66,48122,129,88464,2026/09/14,WTXOU6,175,,,44850.0,945.0,43905.0,45795.0,44800.0,13.123063278755886,334,8,44700.0,10.856147842454465,544,3,44500.0,7.157384601624887,530,19,,,,,,,,,,,,
2026-09-14T09:44:01+08:00,2026-09-14T09:43:01+08:00,60.0,live,溫和偏空,mild_bear,-34.04255319148937,2026/09/14,09:43:57,45404.0,45403.0,45406.0,-16.0,783.0,1.7,48261,139,88464,2026/09/14,WTXOU6,175,,,44850.0,940.0,43910.0,45790.0,44800.0,13.074186479018994,334,2,44700.0,11.217418021231767,544,1,44500.0,7.492173338952526,530,8,,,,,,,,,,,,
2026-09-14T09:45:01+08:00,2026-09-14T09:44:01+08:00,60.0,live,溫和偏空,mild_bear,-21.333333333333336,2026/09/14,09:44:58,45394.0,45395.0,45398.0,-10.0,793.0,1.72,48326,65,88464,2026/09/14,WTXOU6,175,,,44850.0,937.5,43912.5,45787.5,44800.0,13.322150511006404,334,2,44700.0,11.948167927419014,544,2,44500.0,7.709322797603717,530,9,,,,,,,,,,,,
2026-09-14T09:46:01+08:00,2026-09-14T09:45:01+08:00,60.0,live,強勢偏多,strong_bull,100.0,2026/09/14,09:45:59,45466.0,45462.0,45466.0,72.0,721.0,1.56,48558,232,88464,2026/09/14,WTXOU6,175,,,44850.0,963.0,43887.0,45813.0,44800.0,11.240128621265782,334,4,44700.0,10.387011437012484,544,6,44500.0,6.2758947450816205,530,12,,,,,,,,,,,,
2026-09-14T09:47:01+08:00,2026-09-14T09:46:01+08:00,60.0,live,溫和偏多,mild_bull,26.83178534571724,2026/09/14,09:46:58,45479.0,45477.0,45481.0,13.0,708.0,1.53,48879,321,88464,2026/09/14,WTXOU6,175,,,44850.0,969.0,43881.0,45819.0,44800.0,11.70772962124675,334,27,44700.0,10.317345342034285,544,27,44500.0,5.907252660430447,530,33,,,,,,,,,,,,
2026-09-14T09:48:01+08:00,2026-09-14T09:47:01+08:00,60.0,live,強勢偏多,strong_bull,100.0,2026/09/14,09:47:58,45539.0,45535.0,45540.0,60.0,648.0,1.4,49237,358,88464,2026/09/14,WTXOU6,175,,,44850.0,992.5,43857.5,45842.5,44800.0,9.987627716313533,334,32,44700.0,9.097751807192546,544,43,44600.0,4.573500641796495,167,30,,,,,,,,,,,,
2026-09-14T09:49:01+08:00,2026-09-14T09:48:01+08:00,60.0,live,強勢偏多,strong_bull,69.20415224913495,2026/09/14,09:48:58,45574.0,45571.0,45576.0,35.0,613.0,1.33,49743,506,88464,2026/09/14,WTXOU6,175,,,44850.0,1011.5,43838.5,45861.5,44800.0,8.899541714288901,334,33,44700.0,8.231986255152087,544,50,44600.0,4.1768814393402245,167,37,,,,,,,,,,,,
2026-09-14T09:50:01+08:00,2026-09-14T09:49:01+08:00,60.0,live,強勢偏空,strong_bear,-78.82769075290553,2026/09/14,09:49:57,45535.0,45531.0,45534.0,-39.0,652.0,1.41,49944,201,88464,2026/09/14,WTXOU6,175,,,44850.0,989.5,43860.5,45839.5,44800.0,10.522874233503032,334,24,44700.0,7.565862314920448,544,2,44600.0,3.8878209528412455,167,4,,,,,,,,,,,,
2026-09-14T09:51:01+08:00,2026-09-14T09:50:01+08:00,60.0,live,溫和偏空,mild_bear,-20.304568527918782,2026/09/14,09:50:57,45525.0,45519.0,45524.0,-10.0,662.0,1.43,50171,227,88464,2026/09/14,WTXOU6,175,,,44850.0,985.0,43865.0,45835.0,44800.0,10.82786403284198,334,11,44700.0,9.358871972955491,544,10,44600.0,4.791340345739142,167,8,,,,,,,,,,,,
2026-09-14T09:52:01+08:00,2026-09-14T09:51:01+08:00,60.0,live,溫和偏多,mild_bull,32.40506329113925,2026/09/14,09:51:58,45541.0,45541.0,45543.0,16.0,646.0,1.4,50309,138,88464,2026/09/14,WTXOU6,175,,,44850.0,987.5,43862.5,45837.5,44800.0,9.791788617796863,334,8,44700.0,8.742932273959667,544,9,44600.0,4.329635538232889,167,6,,,,,,,,,,,,
2026-09-14T09:53:01+08:00,2026-09-14T09:52:01+08:00,60.0,live,震盪,neutral,-10.085728693898135,2026/09/14,09:52:56,45536.0,45532.0,45536.0,-5.0,651.0,1.41,50407,98,88464,2026/09/14,WTXOU6,175,,,44850.0,991.5,43858.5,45841.5,44800.0,10.406843597423416,334,17,44700.0,8.312621667761453,544,7,44600.0,4.896850482271572,167,18,,,,,,,,,,,,
2026-09-14T09:54:01+08:00,2026-09-14T09:53:01+08:00,60.0,live,強勢偏多,strong_bull,91.04403760514597,2026/09/14,09:53:58,45582.0,45577.0,45582.0,46.0,605.0,1.31,50664,257,88464,2026/09/14,WTXOU6,175,,,44850.0,1010.5,43839.5,45860.5,44800.0,8.328498192135225,334,5,44700.0,8.045960674953244,544,11,44600.0,4.071262105766031,167,8,,,,,,,,,,,,
2026-09-14T09:55:01+08:00,2026-09-14T09:54:01+08:00,60.0,live,強勢偏空,strong_bear,-61.845386533665845,2026/09/14,09:54:58,45551.0,45550.0,45554.0,-31.0,636.0,1.38,50812,148,88464,2026/09/14,WTXOU6,175,,,44850.0,1002.5,43847.5,45852.5,44800.0,10.052658233644097,334,12,44700.0,8.387815606861514,544,8,44600.0,4.691419007269152,167,12,,,,,,,,,,,,
2026-09-14T09:56:01+08:00,2026-09-14T09:55:01+08:00,60.0,live,溫和偏多,mild_bull,31.746031746031743,2026/09/14,09:55:59,45567.0,45564.0,45568.0,16.0,620.0,1.34,50972,160,88464,2026/09/14,WTXOU6,175,,,44850.0,1008.0,43842.0,45858.0,44800.0,8.622466993538309,334,16,44700.0,7.661094026041047,544,16,44600.0,4.481782340488814,167,38,,,,,,,,,,,,
2026-09-14T09:57:01+08:00,2026-09-14T09:56:01+08:00,60.0,live,強勢偏多,strong_bull,100.0,2026/09/14,09:56:58,45621.0,45620.0,45624.0,54.0,566.0,1.23,51446,474,88464,2026/09/14,WTXOU6,175,,,44850.0,1044.0,43806.0,45894.0,44800.0,8.230420446067008,334,164,44700.0,6.128272045274358,544,27,,,,,,,,,,,,,,,,
2026-09-14T09:58:01+08:00,2026-09-14T09:57:01+08:00,60.0,live,強勢偏多,strong_bull,100.0,2026/09/14,09:57:58,45705.0,45704.0,45708.0,84.0,482.0,1.04,52110,664,88464,2026/09/14,WTXOU6,175,,,44850.0,1091.5,43758.5,45941.5,44800.0,7.534224448767067,334,140,,,,,,,,,,,,,,,,,,,,
2026-09-14T09:59:01+08:00,2026-09-14T09:58:01+08:00,60.0,live,溫和偏空,mild_bear,-31.249999999999993,2026/09/14,09:58:58,45688.0,45686.0,45691.0,-17.0,499.0,1.08,52455,345,88464,2026/09/14,WTXOU6,175,,,44850.0,1088.0,43762.0,45938.0,44800.0,6.7965051325098935,334,36,44700.0,5.720460928844121,544,26,,,,,,,,,,,,,,,,
2026-09-14T10:00:01+08:00,2026-09-14T09:59:01+08:00,60.0,live,震盪,neutral,-9.212344541685859,2026/09/14,09:59:59,45683.0,45679.0,45682.0,-5.0,504.0,1.09,52615,160,88464,2026/09/14,WTXOU6,175,,,44850.0,1085.5,43764.5,45935.5,44800.0,6.894294898215189,334,28,44700.0,6.001945738529837,544,27,,,,,,,,,,,,,,,,
2026-09-14T10:01:01+08:00,2026-09-14T10:00:01+08:00,60.0,live,溫和偏多,mild_bull,25.629290617848977,2026/09/14,10:00:59,45697.0,45694.0,45699.0,14.0,490.0,1.06,52835,220,88464,2026/09/14,WTXOU6,175,,,44850.0,1092.5,43757.5,45942.5,44800.0,6.623965728606896,334,16,44700.0,5.154080741265668,544,5,,,,,,,,,,,,,,,,
2026-09-14T10:02:01+08:00,2026-09-14T10:01:01+08:00,60.0,live,溫和偏空,mild_bear,-16.528925619834713,2026/09/14,10:01:59,45688.0,45685.0,45689.0,-9.0,499.0,1.08,52976,141,88464,2026/09/14,WTXOU6,175,,,44850.0,1089.0,43761.0,45939.0,44800.0,6.7965051325098935,334,40,44700.0,5.655659752604027,544,26,,,,,,,,,,,,,,,,
2026-09-14T10:03:01+08:00,2026-09-14T10:02:01+08:00,60.0,live,震盪,neutral,14.61187214611872,2026/09/14,10:02:59,45696.0,45696.0,45701.0,8.0,491.0,1.06,53155,179,88464,2026/09/14,WTXOU6,175,,,44850.0,1095.0,43755.0,45945.0,44800.0,6.288276302790689,334,4,44700.0,5.809275709021848,544,6,,,,,,,,,,,,,,,,
2026-09-14T10:04:01+08:00,2026-09-14T10:03:01+08:00,60.0,live,震盪,neutral,-5.457025920873125,2026/09/14,10:03:59,45693.0,45691.0,45696.0,-3.0,494.0,1.07,53284,129,88464,2026/09/14,WTXOU6,175,,,44850.0,1099.5,43750.5,45949.5,44800.0,6.700102432257679,334,16,44700.0,5.1268730745810975,544,4,,,,,,,,,,,,,,,,
2026-09-14T10:05:01+08:00,2026-09-14T10:04:01+08:00,60.0,live,強勢偏多,strong_bull,50.269299820466784,2026/09/14,10:04:58,45721.0,45718.0,45722.0,28.0,466.0,1.01,53415,131,88464,2026/09/14,WTXOU6,175,,,44850.0,1114.0,43736.0,45964.0,44800.0,7.197556652143666,334,10,,,,,,,,,,,,,,,,,,,,
2026-09-14T10:06:01+08:00,2026-09-14T10:05:01+08:00,60.0,live,溫和偏多,mild_bull,25.168539325842698,2026/09/14,10:05:58,45735.0,45736.0,45741.0,14.0,452.0,0.98,53749,334,88464,2026/09/14,WTXOU6,175,,,44850.0,1112.5,43737.5,45962.5,44800.0,6.915336419080186,334,20,,,,,,,,,,,,,,,,,,,,
2026-09-14T10:07:01+08:00,2026-09-14T10:06:01+08:00,60.0,live,強勢偏多,strong_bull,54.891544931385575,2026/09/14,10:06:56,45766.0,45768.0,45773.0,31.0,421.0,0.91,53874,125,88464,2026/09/14,WTXOU6,175,,,44850.0,1129.5,43720.5,45979.5,44800.0,6.329176835964073,334,33,,,,,,,,,,,,,,,,,,,,
2026-09-14T10:08:01+08:00,2026-09-14T10:07:01+08:00,60.0,live,溫和偏空,mild_bear,-21.457308895842647,2026/09/14,10:07:57,45754.0,45750.0,45756.0,-12.0,433.0,0.94,53971,97,88464,2026/09/14,WTXOU6,175,,,44850.0,1118.5,43731.5,45968.5,44800.0,6.549940071878679,334,18,,,,,,,,,,,,,,,,,,,,
2026-09-14T10:09:01+08:00,2026-09-14T10:08:01+08:00,60.0,live,強勢偏多,strong_bull,56.23901581722319,2026/09/14,10:08:58,45786.0,45783.0,45787.0,32.0,401.0,0.87,54145,174,88464,2026/09/14,WTXOU6,175,,,44850.0,1138.0,43712.0,45988.0,44800.0,5.977648892382549,334,8,,,,,,,,,,,,,,,,,,,,
2026-09-14T10:10:01+08:00,2026-09-14T10:09:01+08:00,60.0,live,溫和偏空,mild_bear,-19.44321696862572,2026/09/14,10:09:57,45775.0,45772.0,45775.0,-11.0,412.0,0.89,54344,199,88464,2026/09/14,WTXOU6,175,,,44850.0,1131.5,43718.5,45981.5,44800.0,6.1685012567976045,334,18,,,,,,,,,,,,,,,,,,,,
2026-09-14T10:11:01+08:00,2026-09-14T10:10:01+08:00,60.0,live,強勢偏空,strong_bear,-75.6075607560756,2026/09/14,10:10:57,45733.0,45732.0,45736.0,-42.0,454.0,0.98,54505,161,88464,2026/09/14,WTXOU6,175,,,44850.0,1111.0,43739.0,45961.0,44800.0,6.954965746002719,334,22,,,,,,,,,,,,,,,,,,,,
2026-09-14T10:12:01+08:00,2026-09-14T10:11:01+08:00,60.0,live,溫和偏多,mild_bull,33.8680926916221,2026/09/14,10:11:58,45752.0,45748.0,45752.0,19.0,435.0,0.94,54635,130,88464,2026/09/14,WTXOU6,175,,,44850.0,1122.0,43728.0,45972.0,44800.0,6.587475442640295,334,2,,,,,,,,,,,,,,,,,,,,
2026-09-14T10:13:01+08:00,2026-09-14T10:12:01+08:00,60.0,live,強勢偏空,strong_bear,-63.69426751592358,2026/09/14,10:12:57,45717.0,45715.0,45720.0,-35.0,470.0,1.02,54751,116,88464,2026/09/14,WTXOU6,175,,,44850.0,1099.0,43751.0,45949.0,44800.0,7.280286282743559,334,17,,,,,,,,,,,,,,,,,,,,
2026-09-14T10:14:00+08:00,2026-09-14T10:13:01+08:00,59.0,live,強勢偏多,strong_bull,46.4908359409924,2026/09/14,10:13:58,45743.0,45737.0,45742.0,26.0,444.0,0.96,54830,79,88464,2026/09/14,WTXOU6,175,,,44850.0,1118.5,43731.5,45968.5,44800.0,6.759064356693726,334,2,,,,,,,,,,,,,,,,,,,,
2026-09-14T10:15:01+08:00,2026-09-14T10:14:00+08:00,61.0,live,溫和偏多,mild_bull,21.238938053097346,2026/09/14,10:14:57,45755.0,45757.0,45760.0,12.0,432.0,0.94,54901,71,88464,2026/09/14,WTXOU6,175,,,44850.0,1130.0,43720.0,45980.0,44800.0,6.531252666393665,334,2,,,,,,,,,,,,,,,,,,,,
2026-09-14T10:16:01+08:00,2026-09-14T10:15:01+08:00,60.0,live,震盪,neutral,0.0,2026/09/14,10:15:58,45755.0,45750.0,45755.0,0.0,432.0,0.94,55004,103,88464,2026/09/14,WTXOU6,175,,,44850.0,1122.5,43727.5,45972.5,44800.0,6.531252666393665,334,3,,,,,,,,,,,,,,,,,,,,
2026-09-14T10:17:01+08:00,2026-09-14T10:16:01+08:00,60.0,live,強勢偏空,strong_bear,-87.7112836911832,2026/09/14,10:16:58,45707.0,45703.0,45707.0,-48.0,480.0,1.04,55163,159,88464,2026/09/14,WTXOU6,175,,,44850.0,1094.5,43755.5,45944.5,44800.0,7.49129451141122,334,7,,,,,,,,,,,,,,,,,,,,
2026-09-14T10:18:00+08:00,2026-09-14T10:17:01+08:00,59.0,live,震盪,neutral,-1.833180568285976,2026/09/14,10:17:57,45706.0,45702.0,45706.0,-1.0,481.0,1.04,55259,96,88464,2026/09/14,WTXOU6,175,,,44850.0,1091.0,43759.0,45941.0,44800.0,7.512728815869036,334,6,,,,,,,,,,,,,,,,,,,,
2026-09-14T10:19:01+08:00,2026-09-14T10:18:00+08:00,61.0,live,溫和偏多,mild_bull,23.54006337709371,2026/09/14,10:18:58,45719.0,45717.0,45721.0,13.0,468.0,1.01,55322,63,88464,2026/09/14,WTXOU6,175,,,44850.0,1104.5,43745.5,45954.5,44800.0,7.238803282578631,334,9,,,,,,,,,,,,,,,,,,,,
2026-09-14T10:20:01+08:00,2026-09-14T10:19:01+08:00,60.0,live,強勢偏多,strong_bull,67.58559359715429,2026/09/14,10:19:57,45757.0,45757.0,45760.0,38.0,430.0,0.93,55473,151,88464,2026/09/14,WTXOU6,175,,,44850.0,1124.5,43725.5,45974.5,44800.0,6.4940376524622225,334,5,,,,,,,,,,,,,,,,,,,,
2026-09-14T10:21:01+08:00,2026-09-14T10:20:01+08:00,60.0,live,強勢偏多,strong_bull,69.32409012131716,2026/09/14,10:20:58,45797.0,45793.0,45798.0,40.0,390.0,0.84,55609,136,88464,2026/09/14,WTXOU6,175,,,44850.0,1154.0,43696.0,46004.0,44800.0,5.792701467187968,334,14,,,,,,,,,,,,,,,,,,,,
2026-09-14T10:22:01+08:00,2026-09-14T10:21:01+08:00,60.0,live,溫和偏多,mild_bull,20.53036783575706,2026/09/14,10:21:58,45809.0,45807.0,45812.0,12.0,378.0,0.82,55802,193,88464,2026/09/14,WTXOU6,175,,,44850.0,1169.0,43681.0,46019.0,44850.0,5.811331220385163,51,21,,,,,,,,,,,,,,,,,,,,
2026-09-14T10:23:01+08:00,2026-09-14T10:22:01+08:00,60.0,live,強勢偏多,strong_bull,100.0,2026/09/14,10:22:58,45871.0,45871.0,45874.0,62.0,316.0,0.68,56210,408,88464,2026/09/14,WTXOU6,175,,,44850.0,1227.0,43623.0,46077.0,,,,,,,,,,,,,,,,,,,,,,,,
2026-09-14T10:24:01+08:00,2026-09-14T10:23:01+08:00,60.0,live,溫和偏空,mild_bear,-32.96250515039143,2026/09/14,10:23:58,45851.0,45846.0,45851.0,-20.0,336.0,0.73,56530,320,88464,2026/09/14,WTXOU6,175,,,44850.0,1213.5,43636.5,46063.5,,,,,,,,,,,,,,,,,,,,,,,,
2026-09-14T10:25:01+08:00,2026-09-14T10:24:01+08:00,60.0,live,震盪,neutral,11.494252873563218,2026/09/14,10:24:57,45858.0,45859.0,45862.0,7.0,329.0,0.71,56638,108,88464,2026/09/14,WTXOU6,175,,,44850.0,1218.0,43632.0,46068.0,,,,,,,,,,,,,,,,,,,,,,,,
2026-09-14T10:26:00+08:00,2026-09-14T10:25:01+08:00,59.0,live,強勢偏空,strong_bear,-56.903765690376574,2026/09/14,10:25:57,45824.0,45822.0,45828.0,-34.0,363.0,0.79,56756,118,88464,2026/09/14,WTXOU6,175,,,44850.0,1195.0,43655.0,46045.0,44850.0,5.567535672889187,51,2,,,,,,,,,,,,,,,,,,,,
2026-09-14T10:27:01+08:00,2026-09-14T10:26:00+08:00,61.0,live,震盪,neutral,6.691760769552488,2026/09/14,10:26:57,45828.0,45825.0,45830.0,4.0,359.0,0.78,56853,97,88464,2026/09/14,WTXOU6,175,,,44850.0,1195.5,43654.5,46045.5,44850.0,5.50426890676467,51,5,,,,,,,,,,,,,,,,,,,,
2026-09-14T10:28:01+08:00,2026-09-14T10:27:01+08:00,60.0,live,溫和偏多,mild_bull,19.875776397515526,2026/09/14,10:27:57,45840.0,45841.0,45844.0,12.0,347.0,0.75,56925,72,88464,2026/09/14,WTXOU6,175,,,44850.0,1207.5,43642.5,46057.5,44850.0,5.318749619280108,51,1,,,,,,,,,,,,,,,,,,,,
2026-09-14T10:29:01+08:00,2026-09-14T10:28:01+08:00,60.0,live,震盪,neutral,-10.016694490818029,2026/09/14,10:28:58,45834.0,45834.0,45838.0,-6.0,353.0,0.76,57008,83,88464,2026/09/14,WTXOU6,175,,,44850.0,1198.0,43652.0,46048.0,44850.0,3.9077380332124205,51,0,,,,,,,,,,,,,,,,,,,,
2026-09-14T10:30:01+08:00,2026-09-14T10:29:01+08:00,60.0,live,強勢偏空,strong_bear,-47.5583864118896,2026/09/14,10:29:58,45806.0,45805.0,45810.0,-28.0,381.0,0.82,57146,138,88464,2026/09/14,WTXOU6,175,,,44850.0,1177.5,43672.5,46027.5,44850.0,5.861356719563897,51,3,,,,,,,,,,,,,,,,,,,,
2026-09-14T10:31:01+08:00,2026-09-14T10:30:01+08:00,60.0,live,強勢偏多,strong_bull,99.71393543114017,2026/09/14,10:30:56,45867.0,45864.0,45867.0,61.0,320.0,0.69,57317,171,88464,2026/09/14,WTXOU6,175,,,44850.0,1223.5,43626.5,46073.5,,,,,,,,,,,,,,,,,,,,,,,,
2026-09-14T10:32:01+08:00,2026-09-14T10:31:01+08:00,60.0,live,溫和偏空,mild_bear,-26.41353693768056,2026/09/14,10:31:58,45851.0,45850.0,45852.0,-16.0,336.0,0.73,57399,82,88464,2026/09/14,WTXOU6,175,,,44850.0,1211.5,43638.5,46061.5,,,,,,,,,,,,,,,,,,,,,,,,
2026-09-14T10:33:01+08:00,2026-09-14T10:32:01+08:00,60.0,live,強勢偏空,strong_bear,-64.05394016013484,2026/09/14,10:32:58,45813.0,45812.0,45816.0,-38.0,374.0,0.81,57469,70,88464,2026/09/14,WTXOU6,175,,,44850.0,1186.5,43663.5,46036.5,44850.0,4.149379057990233,51,0,,,,,,,,,,,,,,,,,,,,
2026-09-14T10:34:01+08:00,2026-09-14T10:33:01+08:00,60.0,live,震盪,neutral,-1.7028522775649215,2026/09/14,10:33:56,45812.0,45815.0,45819.0,-1.0,375.0,0.81,57533,64,88464,2026/09/14,WTXOU6,175,,,44850.0,1174.5,43675.5,46024.5,44850.0,5.761732678767251,51,13,,,,,,,,,,,,,,,,,,,,
2026-09-14T10:35:00+08:00,2026-09-14T10:34:01+08:00,59.0,live,震盪,neutral,13.599660008499786,2026/09/14,10:34:54,45820.0,45818.0,45823.0,8.0,367.0,0.79,57610,77,88464,2026/09/14,WTXOU6,175,,,44850.0,1176.5,43673.5,46026.5,44850.0,5.631529635261499,51,15,,,,,,,,,,,,,,,,,,,,
2026-09-14T10:36:01+08:00,2026-09-14T10:35:00+08:00,61.0,live,溫和偏多,mild_bull,15.306122448979592,2026/09/14,10:35:57,45829.0,45818.0,45823.0,9.0,358.0,0.78,57668,58,88464,2026/09/14,WTXOU6,175,,,44850.0,1176.0,43674.0,46026.0,44850.0,3.9639635166417837,51,0,,,,,,,,,,,,,,,,,,,,
2026-09-14T10:37:01+08:00,2026-09-14T10:36:01+08:00,60.0,live,震盪,neutral,-10.204081632653061,2026/09/14,10:36:57,45823.0,45819.0,45824.0,-6.0,364.0,0.79,57731,63,88464,2026/09/14,WTXOU6,175,,,44850.0,1176.0,43674.0,46026.0,44850.0,4.0325029795282905,51,0,,,,,,,,,,,,,,,,,,,,
2026-09-14T10:38:01+08:00,2026-09-14T10:37:01+08:00,60.0,live,震盪,neutral,1.7072129748186087,2026/09/14,10:37:57,45824.0,45817.0,45823.0,1.0,363.0,0.79,57868,137,88464,2026/09/14,WTXOU6,175,,,44850.0,1171.5,43678.5,46021.5,44850.0,4.020997985975524,51,0,,,,,,,,,,,,,,,,,,,,
2026-09-14T10:39:00+08:00,2026-09-14T10:38:01+08:00,59.0,live,震盪,neutral,5.1020408163265305,2026/09/14,10:38:58,45827.0,45824.0,45830.0,3.0,360.0,0.78,57912,44,88464,2026/09/14,WTXOU6,175,,,44850.0,1176.0,43674.0,46026.0,44850.0,5.5200178771709965,51,1,,,,,,,,,,,,,,,,,,,,
2026-09-14T10:40:01+08:00,2026-09-14T10:39:00+08:00,61.0,live,溫和偏空,mild_bear,-29.10958904109589,2026/09/14,10:39:57,45810.0,45810.0,45815.0,-17.0,377.0,0.82,58000,88,88464,2026/09/14,WTXOU6,175,,,44850.0,1168.0,43682.0,46018.0,44850.0,4.18509802680922,51,0,,,,,,,,,,,,,,,,,,,,
2026-09-14T10:41:00+08:00,2026-09-14T10:40:01+08:00,59.0,live,溫和偏空,mild_bear,-18.981880931837793,2026/09/14,10:40:54,45799.0,45801.0,45806.0,-11.0,388.0,0.84,58171,171,88464,2026/09/14,WTXOU6,175,,,44850.0,1159.0,43691.0,46009.0,44800.0,5.75969471077946,334,9,,,,,,,,,,,,,,,,,,,,
2026-09-14T10:42:01+08:00,2026-09-14T10:41:00+08:00,61.0,live,震盪,neutral,12.022327179046801,2026/09/14,10:41:58,45806.0,45805.0,45808.0,7.0,381.0,0.82,58326,155,88464,2026/09/14,WTXOU6,175,,,44850.0,1164.5,43685.5,46014.5,44850.0,5.861356719563897,51,3,,,,,,,,,,,,,,,,,,,,
2026-09-14T10:43:01+08:00,2026-09-14T10:42:01+08:00,60.0,live,震盪,neutral,1.7189514396218304,2026/09/14,10:42:56,45807.0,45808.0,45813.0,1.0,380.0,0.82,58448,122,88464,2026/09/14,WTXOU6,175,,,44850.0,1163.5,43686.5,46013.5,44850.0,5.844633887216,51,2,,,,,,,,,,,,,,,,,,,,
2026-09-14T10:44:01+08:00,2026-09-14T10:43:01+08:00,60.0,live,震盪,neutral,10.318142734307825,2026/09/14,10:43:57,45813.0,45806.0,45810.0,6.0,374.0,0.81,58507,59,88464,2026/09/14,WTXOU6,175,,,44850.0,1163.0,43687.0,46013.0,44850.0,4.149379057990233,51,0,,,,,,,,,,,,,,,,,,,,
2026-09-14T10:45:00+08:00,2026-09-14T10:44:01+08:00,59.0,live,震盪,neutral,0.0,2026/09/14,10:44:56,45813.0,45809.0,45813.0,0.0,374.0,0.81,58542,35,88464,2026/09/14,WTXOU6,175,,,44850.0,1167.5,43682.5,46017.5,44850.0,4.149379057990233,51,0,,,,,,,,,,,,,,,,,,,,
2026-09-14T10:46:00+08:00,2026-09-14T10:45:00+08:00,60.0,live,強勢偏多,strong_bull,65.46370121695342,2026/09/14,10:45:56,45852.0,45847.0,45852.0,39.0,335.0,0.73,58709,167,88464,2026/09/14,WTXOU6,175,,,44850.0,1191.5,43658.5,46041.5,,,,,,,,,,,,,,,,,,,,,,,,
2026-09-14T10:47:01+08:00,2026-09-14T10:46:00+08:00,61.0,live,溫和偏空,mild_bear,-16.92763436309776,2026/09/14,10:46:57,45842.0,45841.0,45844.0,-10.0,345.0,0.75,58780,71,88464,2026/09/14,WTXOU6,175,,,44850.0,1181.5,43668.5,46031.5,44850.0,5.288443435874001,51,1,,,,,,,,,,,,,,,,,,,,
2026-09-14T10:48:00+08:00,2026-09-14T10:47:01+08:00,59.0,live,震盪,neutral,13.490725126475548,2026/09/14,10:47:53,45850.0,45844.0,45847.0,8.0,337.0,0.73,58847,67,88464,2026/09/14,WTXOU6,175,,,44850.0,1186.0,43664.0,46036.0,44850.0,5.1689357340855615,51,1,,,,,,,,,,,,,,,,,,,,
2026-09-14T10:49:01+08:00,2026-09-14T10:48:00+08:00,61.0,live,溫和偏多,mild_bull,43.082021541010775,2026/09/14,10:48:58,45876.0,45875.0,45878.0,26.0,311.0,0.67,58923,76,88464,2026/09/14,WTXOU6,175,,,44850.0,1207.0,43643.0,46057.0,,,,,,,,,,,,,,,,,,,,,,,,
2026-09-14T10:50:00+08:00,2026-09-14T10:49:01+08:00,59.0,live,震盪,neutral,1.6570008285004143,2026/09/14,10:49:58,45877.0,45875.0,45879.0,1.0,310.0,0.67,59032,109,88464,2026/09/14,WTXOU6,175,,,44850.0,1207.0,43643.0,46057.0,,,,,,,,,,,,,,,,,,,,,,,,
2026-09-14T10:51:01+08:00,2026-09-14T10:50:00+08:00,61.0,live,溫和偏多,mild_bull,37.67403767403768,2026/09/14,10:50:57,45900.0,45891.0,45896.0,23.0,287.0,0.62,59209,177,88464,2026/09/14,WTXOU6,175,,,44850.0,1221.0,43629.0,46071.0,,,,,,,,,,,,,,,,,,,,,,,,
2026-09-14T10:52:00+08:00,2026-09-14T10:51:01+08:00,59.0,live,溫和偏空,mild_bear,-16.31986944104447,2026/09/14,10:51:58,45890.0,45891.0,45896.0,-10.0,297.0,0.64,59265,56,88464,2026/09/14,WTXOU6,175,,,44850.0,1225.5,43624.5,46075.5,,,,,,,,,,,,,,,,,,,,,,,,
2026-09-14T10:53:00+08:00,2026-09-14T10:52:00+08:00,60.0,live,震盪,neutral,6.525285481239804,2026/09/14,10:52:54,45894.0,45891.0,45893.0,4.0,293.0,0.63,59304,39,88464,2026/09/14,WTXOU6,175,,,44850.0,1226.0,43624.0,46076.0,,,,,,,,,,,,,,,,,,,,,,,,
2026-09-14T10:54:00+08:00,2026-09-14T10:53:00+08:00,60.0,live,溫和偏空,mild_bear,-28.01812937783271,2026/09/14,10:53:56,45877.0,45876.0,45880.0,-17.0,310.0,0.67,59400,96,88464,2026/09/14,WTXOU6,175,,,44850.0,1213.5,43636.5,46063.5,,,,,,,,,,,,,,,,,,,,,,,,
2026-09-14T10:55:00+08:00,2026-09-14T10:54:00+08:00,60.0,live,溫和偏多,mild_bull,34.285714285714285,2026/09/14,10:54:56,45898.0,45898.0,45903.0,21.0,289.0,0.63,59670,270,88464,2026/09/14,WTXOU6,175,,,44850.0,1225.0,43625.0,46075.0,,,,,,,,,,,,,,,,,,,,,,,,
2026-09-14T10:56:01+08:00,2026-09-14T10:55:00+08:00,61.0,live,溫和偏空,mild_bear,-26.41353693768056,2026/09/14,10:55:56,45882.0,45880.0,45885.0,-16.0,305.0,0.66,59721,51,88464,2026/09/14,WTXOU6,175,,,44850.0,1211.5,43638.5,46061.5,,,,,,,,,,,,,,,,,,,,,,,,
2026-09-14T10:57:01+08:00,2026-09-14T10:56:01+08:00,60.0,live,震盪,neutral,-9.900990099009901,2026/09/14,10:56:55,45876.0,45878.0,45881.0,-6.0,311.0,0.67,59780,59,88464,2026/09/14,WTXOU6,175,,,44850.0,1212.0,43638.0,46062.0,,,,,,,,,,,,,,,,,,,,,,,,
2026-09-14T10:58:00+08:00,2026-09-14T10:57:01+08:00,59.0,live,強勢偏多,strong_bull,50.24311183144247,2026/09/14,10:57:58,45907.0,45903.0,45908.0,31.0,280.0,0.61,59852,72,88464,2026/09/14,WTXOU6,175,,,44850.0,1234.0,43616.0,46084.0,,,,,,,,,,,,,,,,,,,,,,,,
2026-09-14T10:59:00+08:00,2026-09-14T10:58:00+08:00,60.0,live,震盪,neutral,-6.535947712418301,2026/09/14,10:58:57,45903.0,45897.0,45902.0,-4.0,284.0,0.61,59982,130,88464,2026/09/14,WTXOU6,175,,,44850.0,1224.0,43626.0,46074.0,,,,,,,,,,,,,,,,,,,,,,,,
2026-09-14T11:00:00+08:00,2026-09-14T10:59:00+08:00,60.0,live,震盪,neutral,6.4882400648824,2026/09/14,10:59:57,45907.0,45908.0,45912.0,4.0,280.0,0.61,60084,102,88464,2026/09/14,WTXOU6,175,,,44850.0,1233.0,43617.0,46083.0,,,,,,,,,,,,,,,,,,,,,,,,
2026-09-14T11:01:00+08:00,2026-09-14T11:00:00+08:00,60.0,live,震盪,neutral,-4.899959167006942,2026/09/14,11:00:58,45904.0,45900.0,45905.0,-3.0,283.0,0.61,60184,100,88464,2026/09/14,WTXOU6,175,,,44850.0,1224.5,43625.5,46074.5,,,,,,,,,,,,,,,,,,,,,,,,
2026-09-14T11:02:01+08:00,2026-09-14T11:01:00+08:00,61.0,live,溫和偏多,mild_bull,19.30812550281577,2026/09/14,11:01:57,45916.0,45918.0,45920.0,12.0,271.0,0.59,60258,74,88464,2026/09/14,WTXOU6,175,,,44850.0,1243.0,43607.0,46093.0,,,,,,,,,,,,,,,,,,,,,,,,
2026-09-14T11:03:00+08:00,2026-09-14T11:02:01+08:00,59.0,live,溫和偏多,mild_bull,19.18465227817746,2026/09/14,11:02:57,45928.0,45925.0,45930.0,12.0,259.0,0.56,60407,149,88464,2026/09/14,WTXOU6,175,,,44850.0,1251.0,43599.0,46101.0,,,,,,,,,,,,,,,,,,,,,,,,
2026-09-14T11:04:01+08:00,2026-09-14T11:03:00+08:00,61.0,live,震盪,neutral,-11.276681433749497,2026/09/14,11:03:57,45921.0,45918.0,45923.0,-7.0,266.0,0.58,60485,78,88464,2026/09/14,WTXOU6,175,,,44850.0,1241.5,43608.5,46091.5,,,,,,,,,,,,,,,,,,,,,,,,
2026-09-14T11:05:00+08:00,2026-09-14T11:04:01+08:00,59.0,live,震盪,neutral,-1.6109544905356425,2026/09/14,11:04:55,45920.0,45915.0,45921.0,-1.0,267.0,0.58,60526,41,88464,2026/09/14,WTXOU6,175,,,44850.0,1241.5,43608.5,46091.5,,,,,,,,,,,,,,,,,,,,,,,,
2026-09-14T11:06:01+08:00,2026-09-14T11:05:00+08:00,61.0,live,震盪,neutral,-9.73630831643002,2026/09/14,11:05:56,45914.0,45910.0,45914.0,-6.0,273.0,0.59,60600,74,88464,2026/09/14,WTXOU6,175,,,44850.0,1232.5,43617.5,46082.5,,,,,,,,,,,,,,,,,,,,,,,,
2026-09-14T11:07:00+08:00,2026-09-14T11:06:01+08:00,59.0,live,溫和偏多,mild_bull,25.6,2026/09/14,11:06:58,45930.0,45929.0,45931.0,16.0,257.0,0.56,60745,145,88464,2026/09/14,WTXOU6,175,,,44850.0,1250.0,43600.0,46100.0,,,,,,,,,,,,,,,,,,,,,,,,
2026-09-14T11:08:00+08:00,2026-09-14T11:07:00+08:00,60.0,live,震盪,neutral,3.2,2026/09/14,11:07:58,45932.0,45931.0,45936.0,2.0,255.0,0.55,60868,123,88464,2026/09/14,WTXOU6,175,,,44850.0,1250.0,43600.0,46100.0,,,,,,,,,,,,,,,,,,,,,,,,
2026-09-14T11:09:00+08:00,2026-09-14T11:08:00+08:00,60.0,live,溫和偏空,mild_bear,-33.789219629927594,2026/09/14,11:08:58,45911.0,45911.0,45916.0,-21.0,276.0,0.6,60957,89,88464,2026/09/14,WTXOU6,175,,,44850.0,1243.0,43607.0,46093.0,,,,,,,,,,,,,,,,,,,,,,,,
2026-09-14T11:10:01+08:00,2026-09-14T11:09:00+08:00,61.0,live,強勢偏多,strong_bull,63.09148264984228,2026/09/14,11:09:58,45951.0,45951.0,45955.0,40.0,236.0,0.51,61056,99,88464,2026/09/14,WTXOU6,175,,,44850.0,1268.0,43582.0,46118.0,,,,,,,,,,,,,,,,,,,,,,,,
2026-09-14T11:11:00+08:00,2026-09-14T11:10:01+08:00,59.0,live,強勢偏空,strong_bear,-57.92437650844731,2026/09/14,11:10:58,45915.0,45912.0,45916.0,-36.0,272.0,0.59,61153,97,88464,2026/09/14,WTXOU6,175,,,44850.0,1243.0,43607.0,46093.0,,,,,,,,,,,,,,,,,,,,,,,,
2026-09-14T11:12:00+08:00,2026-09-14T11:11:00+08:00,60.0,live,震盪,neutral,-12.965964343598054,2026/09/14,11:11:58,45907.0,45904.0,45909.0,-8.0,280.0,0.61,61232,79,88464,2026/09/14,WTXOU6,175,,,44850.0,1234.0,43616.0,46084.0,,,,,,,,,,,,,,,,,,,,,,,,
2026-09-14T11:13:00+08:00,2026-09-14T11:12:00+08:00,60.0,live,溫和偏空,mild_bear,-26.229508196721312,2026/09/14,11:12:58,45891.0,45889.0,45892.0,-16.0,296.0,0.64,61342,110,88464,2026/09/14,WTXOU6,175,,,44850.0,1220.0,43630.0,46070.0,,,,,,,,,,,,,,,,,,,,,,,,
2026-09-14T11:14:00+08:00,2026-09-14T11:13:00+08:00,60.0,live,震盪,neutral,-11.508425811755036,2026/09/14,11:13:58,45884.0,45882.0,45887.0,-7.0,303.0,0.66,61450,108,88464,2026/09/14,WTXOU6,175,,,44850.0,1216.5,43633.5,46066.5,,,,,,,,,,,,,,,,,,,,,,,,
2026-09-14T11:15:00+08:00,2026-09-14T11:14:00+08:00,60.0,live,溫和偏空,mild_bear,-41.71881518564872,2026/09/14,11:14:57,45859.0,45857.0,45861.0,-25.0,328.0,0.71,61562,112,88464,2026/09/14,WTXOU6,175,,,44850.0,1198.5,43651.5,46048.5,,,,,,,,,,,,,,,,,,,,,,,,
2026-09-14T11:16:00+08:00,2026-09-14T11:15:00+08:00,60.0,live,溫和偏多,mild_bull,42.79835390946503,2026/09/14,11:15:54,45885.0,45884.0,45889.0,26.0,302.0,0.65,61653,91,88464,2026/09/14,WTXOU6,175,,,44850.0,1215.0,43635.0,46065.0,,,,,,,,,,,,,,,,,,,,,,,,
2026-09-14T11:17:00+08:00,2026-09-14T11:16:00+08:00,60.0,live,溫和偏空,mild_bear,-29.826014913007455,2026/09/14,11:16:52,45867.0,45873.0,45876.0,-18.0,320.0,0.69,61717,64,88464,2026/09/14,WTXOU6,175,,,44850.0,1207.0,43643.0,46057.0,,,,,,,,,,,,,,,,,,,,,,,,
2026-09-14T11:18:00+08:00,2026-09-14T11:17:00+08:00,60.0,live,震盪,neutral,4.973062577704103,2026/09/14,11:17:55,45870.0,45871.0,45874.0,3.0,317.0,0.69,61805,88,88464,2026/09/14,WTXOU6,175,,,44850.0,1206.5,43643.5,46056.5,,,,,,,,,,,,,,,,,,,,,,,,
2026-09-14T11:19:00+08:00,2026-09-14T11:18:00+08:00,60.0,live,溫和偏多,mild_bull,27.97202797202797,2026/09/14,11:18:52,45887.0,45882.0,45886.0,17.0,300.0,0.65,61846,41,88464,2026/09/14,WTXOU6,175,,,44850.0,1215.5,43634.5,46065.5,,,,,,,,,,,,,,,,,,,,,,,,
2026-09-14T11:20:01+08:00,2026-09-14T11:19:00+08:00,61.0,live,強勢偏空,strong_bear,-92.3076923076923,2026/09/14,11:19:57,45833.0,45830.0,45834.0,-54.0,354.0,0.77,62017,171,88464,2026/09/14,WTXOU6,175,,,44850.0,1170.0,43680.0,46020.0,44850.0,5.426195488856363,51,1,,,,,,,,,,,,,,,,,,,,
2026-09-14T11:21:00+08:00,2026-09-14T11:20:01+08:00,59.0,live,溫和偏多,mild_bull,42.194092827004226,2026/09/14,11:20:58,45858.0,45855.0,45860.0,25.0,329.0,0.71,62093,76,88464,2026/09/14,WTXOU6,175,,,44850.0,1185.0,43665.0,46035.0,,,,,,,,,,,,,,,,,,,,,,,,
2026-09-14T11:22:00+08:00,2026-09-14T11:21:00+08:00,60.0,live,震盪,neutral,-3.375527426160337,2026/09/14,11:21:56,45856.0,45853.0,45857.0,-2.0,331.0,0.72,62131,38,88464,2026/09/14,WTXOU6,175,,,44850.0,1185.0,43665.0,46035.0,,,,,,,,,,,,,,,,,,,,,,,,
2026-09-14T11:23:00+08:00,2026-09-14T11:22:00+08:00,60.0,live,溫和偏多,mild_bull,43.261231281198,2026/09/14,11:22:54,45882.0,45874.0,45879.0,26.0,305.0,0.66,62234,103,88464,2026/09/14,WTXOU6,175,,,44850.0,1202.0,43648.0,46052.0,,,,,,,,,,,,,,,,,,,,,,,,
2026-09-14T11:24:00+08:00,2026-09-14T11:23:00+08:00,60.0,live,震盪,neutral,-4.9916805324459235,2026/09/14,11:23:57,45879.0,45878.0,45883.0,-3.0,308.0,0.67,62273,39,88464,2026/09/14,WTXOU6,175,,,44850.0,1202.0,43648.0,46052.0,,,,,,,,,,,,,,,,,,,,,,,,
2026-09-14T11:25:00+08:00,2026-09-14T11:24:00+08:00,60.0,live,震盪,neutral,9.950248756218905,2026/09/14,11:24:58,45885.0,45884.0,45887.0,6.0,302.0,0.65,62324,51,88464,2026/09/14,WTXOU6,175,,,44850.0,1206.0,43644.0,46056.0,,,,,,,,,,,,,,,,,,,,,,,,
2026-09-14T11:26:00+08:00,2026-09-14T11:25:00+08:00,60.0,live,震盪,neutral,-4.9916805324459235,2026/09/14,11:25:58,45882.0,45875.0,45880.0,-3.0,305.0,0.66,62380,56,88464,2026/09/14,WTXOU6,175,,,44850.0,1202.0,43648.0,46052.0,,,,,,,,,,,,,,,,,,,,,,,,
2026-09-14T11:27:00+08:00,2026-09-14T11:26:00+08:00,60.0,live,溫和偏多,mild_bull,23.045267489711936,2026/09/14,11:26:57,45896.0,45893.0,45898.0,14.0,291.0,0.63,62449,69,88464,2026/09/14,WTXOU6,175,,,44850.0,1215.0,43635.0,46065.0,,,,,,,,,,,,,,,,,,,,,,,,
2026-09-14T11:28:00+08:00,2026-09-14T11:27:00+08:00,60.0,live,震盪,neutral,6.562756357670222,2026/09/14,11:27:58,45900.0,45898.0,45902.0,4.0,287.0,0.62,62505,56,88464,2026/09/14,WTXOU6,175,,,44850.0,1219.0,43631.0,46069.0,,,,,,,,,,,,,,,,,,,,,,,,
2026-09-14T11:29:00+08:00,2026-09-14T11:28:00+08:00,60.0,live,震盪,neutral,4.920049200492005,2026/09/14,11:28:54,45903.0,45900.0,45904.0,3.0,284.0,0.61,62550,45,88464,2026/09/14,WTXOU6,175,,,44850.0,1219.5,43630.5,46069.5,,,,,,,,,,,,,,,,,,,,,,,,
2026-09-14T11:30:00+08:00,2026-09-14T11:29:00+08:00,60.0,live,溫和偏多,mild_bull,16.2999185004075,2026/09/14,11:29:54,45913.0,45912.0,45915.0,10.0,274.0,0.59,62597,47,88464,2026/09/14,WTXOU6,175,,,44850.0,1227.0,43623.0,46077.0,,,,,,,,,,,,,,,,,,,,,,,,
2026-09-14T11:31:00+08:00,2026-09-14T11:30:00+08:00,60.0,live,溫和偏空,mild_bear,-33.057851239669425,2026/09/14,11:30:58,45893.0,45893.0,45897.0,-20.0,294.0,0.64,62712,115,88464,2026/09/14,WTXOU6,175,,,44850.0,1210.0,43640.0,46060.0,,,,,,,,,,,,,,,,,,,,,,,,
2026-09-14T11:32:00+08:00,2026-09-14T11:31:00+08:00,60.0,live,震盪,neutral,-3.3044196612969845,2026/09/14,11:31:59,45891.0,45890.0,45893.0,-2.0,296.0,0.64,62782,70,88464,2026/09/14,WTXOU6,175,,,44850.0,1210.5,43639.5,46060.5,,,,,,,,,,,,,,,,,,,,,,,,
2026-09-14T11:33:00+08:00,2026-09-14T11:32:00+08:00,60.0,live,震盪,neutral,6.581653640477169,2026/09/14,11:32:58,45895.0,45890.0,45895.0,4.0,292.0,0.63,62822,40,88464,2026/09/14,WTXOU6,175,,,44850.0,1215.5,43634.5,46065.5,,,,,,,,,,,,,,,,,,,,,,,,
2026-09-14T11:34:00+08:00,2026-09-14T11:33:00+08:00,60.0,live,震盪,neutral,-3.3044196612969845,2026/09/14,11:33:57,45893.0,45892.0,45896.0,-2.0,294.0,0.64,62849,27,88464,2026/09/14,WTXOU6,175,,,44850.0,1210.5,43639.5,46060.5,,,,,,,,,,,,,,,,,,,,,,,,
2026-09-14T11:35:00+08:00,2026-09-14T11:34:00+08:00,60.0,live,震盪,neutral,11.475409836065575,2026/09/14,11:34:53,45900.0,45898.0,45900.0,7.0,287.0,0.62,62867,18,88464,2026/09/14,WTXOU6,175,,,44850.0,1220.0,43630.0,46070.0,,,,,,,,,,,,,,,,,,,,,,,,
2026-09-14T11:36:00+08:00,2026-09-14T11:35:00+08:00,60.0,live,震盪,neutral,9.848173984407058,2026/09/14,11:35:56,45906.0,45904.0,45906.0,6.0,281.0,0.61,62895,28,88464,2026/09/14,WTXOU6,175,,,44850.0,1218.5,43631.5,46068.5,,,,,,,,,,,,,,,,,,,,,,,,
2026-09-14T11:37:00+08:00,2026-09-14T11:36:00+08:00,60.0,live,溫和偏空,mild_bear,-23.13093762907889,2026/09/14,11:36:58,45892.0,45888.0,45892.0,-14.0,295.0,0.64,62934,39,88464,2026/09/14,WTXOU6,175,,,44850.0,1210.5,43639.5,46060.5,,,,,,,,,,,,,,,,,,,,,,,,
2026-09-14T11:38:00+08:00,2026-09-14T11:37:00+08:00,60.0,live,震盪,neutral,-8.28843762950684,2026/09/14,11:37:55,45887.0,45883.0,45886.0,-5.0,300.0,0.65,62994,60,88464,2026/09/14,WTXOU6,175,,,44850.0,1206.5,43643.5,46056.5,,,,,,,,,,,,,,,,,,,,,,,,
2026-09-14T11:39:00+08:00,2026-09-14T11:38:00+08:00,60.0,live,溫和偏空,mild_bear,-21.711899791231737,2026/09/14,11:38:58,45874.0,45874.0,45878.0,-13.0,313.0,0.68,63088,94,88464,2026/09/14,WTXOU6,175,,,44850.0,1197.5,43652.5,46047.5,,,,,,,,,,,,,,,,,,,,,,,,
2026-09-14T11:40:00+08:00,2026-09-14T11:39:00+08:00,60.0,live,震盪,neutral,11.652101539741988,2026/09/14,11:39:57,45881.0,45880.0,45884.0,7.0,306.0,0.66,63123,35,88464,2026/09/14,WTXOU6,175,,,44850.0,1201.5,43648.5,46051.5,,,,,,,,,,,,,,,,,,,,,,,,
2026-09-14T11:41:00+08:00,2026-09-14T11:40:00+08:00,60.0,live,溫和偏空,mild_bear,-30.26481715006305,2026/09/14,11:40:58,45863.0,45859.0,45864.0,-18.0,324.0,0.7,63199,76,88464,2026/09/14,WTXOU6,175,,,44850.0,1189.5,43660.5,46039.5,,,,,,,,,,,,,,,,,,,,,,,,
2026-09-14T11:42:00+08:00,2026-09-14T11:41:00+08:00,60.0,live,溫和偏空,mild_bear,-34.129692832764505,2026/09/14,11:41:55,45843.0,45837.0,45840.0,-20.0,344.0,0.74,63262,63,88464,2026/09/14,WTXOU6,175,,,44850.0,1172.0,43678.0,46022.0,44850.0,5.273355162426272,51,1,,,,,,,,,,,,,,,,,,,,
2026-09-14T11:43:00+08:00,2026-09-14T11:42:00+08:00,60.0,live,溫和偏多,mild_bull,26.91337258200168,2026/09/14,11:42:58,45859.0,45859.0,45863.0,16.0,328.0,0.71,63368,106,88464,2026/09/14,WTXOU6,175,,,44850.0,1189.0,43661.0,46039.0,,,,,,,,,,,,,,,,,,,,,,,,
2026-09-14T11:44:00+08:00,2026-09-14T11:43:00+08:00,60.0,live,震盪,neutral,11.730205278592374,2026/09/14,11:43:58,45866.0,45862.0,45866.0,7.0,321.0,0.7,63418,50,88464,2026/09/14,WTXOU6,175,,,44850.0,1193.5,43656.5,46043.5,,,,,,,,,,,,,,,,,,,,,,,,
2026-09-14T11:45:00+08:00,2026-09-14T11:44:00+08:00,60.0,live,溫和偏多,mild_bull,29.850746268656714,2026/09/14,11:44:56,45884.0,45887.0,45892.0,18.0,303.0,0.66,63491,73,88464,2026/09/14,WTXOU6,175,,,44850.0,1206.0,43644.0,46056.0,,,,,,,,,,,,,,,,,,,,,,,,
2026-09-14T11:46:00+08:00,2026-09-14T11:45:00+08:00,60.0,live,強勢偏多,strong_bull,52.117263843648196,2026/09/14,11:45:58,45916.0,45911.0,45915.0,32.0,271.0,0.59,63599,108,88464,2026/09/14,WTXOU6,175,,,44850.0,1228.0,43622.0,46078.0,,,,,,,,,,,,,,,,,,,,,,,,
2026-09-14T11:47:00+08:00,2026-09-14T11:46:00+08:00,60.0,live,溫和偏空,mild_bear,-37.860082304526756,2026/09/14,11:46:58,45893.0,45893.0,45897.0,-23.0,294.0,0.64,63691,92,88464,2026/09/14,WTXOU6,175,,,44850.0,1215.0,43635.0,46065.0,,,,,,,,,,,,,,,,,,,,,,,,
2026-09-14T11:48:00+08:00,2026-09-14T11:47:00+08:00,60.0,live,溫和偏多,mild_bull,21.25919869174162,2026/09/14,11:47:58,45906.0,45905.0,45909.0,13.0,281.0,0.61,63737,46,88464,2026/09/14,WTXOU6,175,,,44850.0,1223.0,43627.0,46073.0,,,,,,,,,,,,,,,,,,,,,,,,
2026-09-14T11:49:00+08:00,2026-09-14T11:48:00+08:00,60.0,live,溫和偏多,mild_bull,25.88996763754045,2026/09/14,11:48:58,45922.0,45921.0,45926.0,16.0,265.0,0.57,63803,66,88464,2026/09/14,WTXOU6,175,,,44850.0,1236.0,43614.0,46086.0,,,,,,,,,,,,,,,,,,,,,,,,
2026-09-14T11:50:00+08:00,2026-09-14T11:49:00+08:00,60.0,live,溫和偏空,mild_bear,-26.272577996715924,2026/09/14,11:49:57,45906.0,45904.0,45909.0,-16.0,281.0,0.61,63856,53,88464,2026/09/14,WTXOU6,175,,,44850.0,1218.0,43632.0,46068.0,,,,,,,,,,,,,,,,,,,,,,,,
2026-09-14T11:51:00+08:00,2026-09-14T11:50:00+08:00,60.0,live,強勢偏空,strong_bear,-51.774530271398746,2026/09/14,11:50:57,45875.0,45872.0,45877.0,-31.0,312.0,0.68,63944,88,88464,2026/09/14,WTXOU6,175,,,44850.0,1197.5,43652.5,46047.5,,,,,,,,,,,,,,,,,,,,,,,,
2026-09-14T11:52:00+08:00,2026-09-14T11:51:00+08:00,60.0,live,震盪,neutral,1.6632016632016633,2026/09/14,11:51:55,45876.0,45877.0,45881.0,1.0,311.0,0.67,63980,36,88464,2026/09/14,WTXOU6,175,,,44850.0,1202.5,43647.5,46052.5,,,,,,,,,,,,,,,,,,,,,,,,
2026-09-14T11:53:00+08:00,2026-09-14T11:52:00+08:00,60.0,live,震盪,neutral,3.3277870216306153,2026/09/14,11:52:57,45878.0,45878.0,45882.0,2.0,309.0,0.67,64008,28,88464,2026/09/14,WTXOU6,175,,,44850.0,1202.0,43648.0,46052.0,,,,,,,,,,,,,,,,,,,,,,,,
2026-09-14T11:54:00+08:00,2026-09-14T11:53:00+08:00,60.0,live,溫和偏空,mild_bear,-33.755274261603375,2026/09/14,11:53:56,45858.0,45857.0,45860.0,-20.0,329.0,0.71,64041,33,88464,2026/09/14,WTXOU6,175,,,44850.0,1185.0,43665.0,46035.0,,,,,,,,,,,,,,,,,,,,,,,,
2026-09-14T11:55:00+08:00,2026-09-14T11:54:00+08:00,60.0,live,溫和偏多,mild_bull,43.27923429047024,2026/09/14,11:54:58,45884.0,45880.0,45885.0,26.0,303.0,0.66,64095,54,88464,2026/09/14,WTXOU6,175,,,44850.0,1201.5,43648.5,46051.5,,,,,,,,,,,,,,,,,,,,,,,,
2026-09-14T11:56:00+08:00,2026-09-14T11:55:00+08:00,60.0,live,震盪,neutral,-1.6645859342488558,2026/09/14,11:55:57,45883.0,45880.0,45885.0,-1.0,304.0,0.66,64127,32,88464,2026/09/14,WTXOU6,175,,,44850.0,1201.5,43648.5,46051.5,,,,,,,,,,,,,,,,,,,,,,,,
2026-09-14T11:57:00+08:00,2026-09-14T11:56:00+08:00,60.0,live,溫和偏空,mild_bear,-28.49958088851634,2026/09/14,11:56:50,45866.0,45865.0,45869.0,-17.0,321.0,0.7,64150,23,88464,2026/09/14,WTXOU6,175,,,44850.0,1193.0,43657.0,46043.0,,,,,,,,,,,,,,,,,,,,,,,,
2026-09-14T11:58:00+08:00,2026-09-14T11:57:00+08:00,60.0,live,震盪,neutral,8.382229673093041,2026/09/14,11:57:54,45871.0,45868.0,45873.0,5.0,316.0,0.68,64166,16,88464,2026/09/14,WTXOU6,175,,,44850.0,1193.0,43657.0,46043.0,,,,,,,,,,,,,,,,,,,,,,,,
2026-09-14T11:59:00+08:00,2026-09-14T11:58:00+08:00,60.0,live,震盪,neutral,14.962593516209477,2026/09/14,11:58:56,45880.0,45877.0,45881.0,9.0,307.0,0.66,64196,30,88464,2026/09/14,WTXOU6,175,,,44850.0,1203.0,43647.0,46053.0,,,,,,,,,,,,,,,,,,,,,,,,
2026-09-14T12:00:00+08:00,2026-09-14T11:59:00+08:00,60.0,live,溫和偏空,mild_bear,-16.764459346186083,2026/09/14,11:59:57,45870.0,45867.0,45872.0,-10.0,317.0,0.69,64219,23,88464,2026/09/14,WTXOU6,175,,,44850.0,1193.0,43657.0,46043.0,,,,,,,,,,,,,,,,,,,,,,,,
2026-09-14T12:01:00+08:00,2026-09-14T12:00:00+08:00,60.0,live,溫和偏空,mild_bear,-18.57323765301815,2026/09/14,12:00:56,45859.0,45858.0,45861.0,-11.0,328.0,0.71,64276,57,88464,2026/09/14,WTXOU6,175,,,44850.0,1184.5,43665.5,46034.5,,,,,,,,,,,,,,,,,,,,,,,,
2026-09-14T12:02:00+08:00,2026-09-14T12:01:00+08:00,60.0,live,震盪,neutral,10.050251256281406,2026/09/14,12:01:57,45865.0,45863.0,45868.0,6.0,322.0,0.7,64339,63,88464,2026/09/14,WTXOU6,175,,,44850.0,1194.0,43656.0,46044.0,,,,,,,,,,,,,,,,,,,,,,,,
2026-09-14T12:03:00+08:00,2026-09-14T12:02:00+08:00,60.0,live,溫和偏空,mild_bear,-23.61872627583298,2026/09/14,12:02:57,45851.0,45849.0,45854.0,-14.0,336.0,0.73,64383,44,88464,2026/09/14,WTXOU6,175,,,44850.0,1185.5,43664.5,46035.5,,,,,,,,,,,,,,,,,,,,,,,,
2026-09-14T12:04:00+08:00,2026-09-14T12:03:00+08:00,60.0,live,強勢偏多,strong_bull,54.72636815920397,2026/09/14,12:03:58,45884.0,45881.0,45885.0,33.0,303.0,0.66,64471,88,88464,2026/09/14,WTXOU6,175,,,44850.0,1206.0,43644.0,46056.0,,,,,,,,,,,,,,,,,,,,,,,,
2026-09-14T12:05:00+08:00,2026-09-14T12:04:00+08:00,60.0,live,溫和偏多,mild_bull,42.51839738348324,2026/09/14,12:04:58,45910.0,45909.0,45912.0,26.0,277.0,0.6,64546,75,88464,2026/09/14,WTXOU6,175,,,44850.0,1223.0,43627.0,46073.0,,,,,,,,,,,,,,,,,,,,,,,,
2026-09-14T12:06:00+08:00,2026-09-14T12:05:00+08:00,60.0,live,震盪,neutral,4.9079754601227,2026/09/14,12:05:53,45913.0,45906.0,45911.0,3.0,274.0,0.59,64626,80,88464,2026/09/14,WTXOU6,175,,,44850.0,1222.5,43627.5,46072.5,,,,,,,,,,,,,,,,,,,,,,,,
2026-09-14T12:07:00+08:00,2026-09-14T12:06:00+08:00,60.0,live,震盪,neutral,4.889975550122249,2026/09/14,12:06:55,45916.0,45913.0,45918.0,3.0,271.0,0.59,64754,128,88464,2026/09/14,WTXOU6,175,,,44850.0,1227.0,43623.0,46077.0,,,,,,,,,,,,,,,,,,,,,,,,
2026-09-14T12:08:00+08:00,2026-09-14T12:07:00+08:00,60.0,live,溫和偏多,mild_bull,25.81686163775716,2026/09/14,12:07:56,45932.0,45930.0,45933.0,16.0,255.0,0.55,64850,96,88464,2026/09/14,WTXOU6,175,,,44850.0,1239.5,43610.5,46089.5,,,,,,,,,,,,,,,,,,,,,,,,
2026-09-14T12:09:00+08:00,2026-09-14T12:08:00+08:00,60.0,live,溫和偏空,mild_bear,-27.721157766000815,2026/09/14,12:08:58,45915.0,45910.0,45915.0,-17.0,272.0,0.59,64913,63,88464,2026/09/14,WTXOU6,175,,,44850.0,1226.5,43623.5,46076.5,,,,,,,,,,,,,,,,,,,,,,,,
2026-09-14T12:10:00+08:00,2026-09-14T12:09:00+08:00,60.0,live,溫和偏空,mild_bear,-29.532403609516,2026/09/14,12:09:47,45897.0,45900.0,45903.0,-18.0,290.0,0.63,64978,65,88464,2026/09/14,WTXOU6,175,,,44850.0,1219.0,43631.0,46069.0,,,,,,,,,,,,,,,,,,,,,,,,
2026-09-14T12:11:00+08:00,2026-09-14T12:10:00+08:00,60.0,live,強勢偏空,strong_bear,-45.245077503142014,2026/09/14,12:10:57,45870.0,45867.0,45870.0,-27.0,317.0,0.69,65038,60,88464,2026/09/14,WTXOU6,175,,,44850.0,1193.5,43656.5,46043.5,,,,,,,,,,,,,,,,,,,,,,,,
2026-09-14T12:12:00+08:00,2026-09-14T12:11:00+08:00,60.0,live,震盪,neutral,11.656952539550375,2026/09/14,12:11:58,45877.0,45881.0,45885.0,7.0,310.0,0.67,65119,81,88464,2026/09/14,WTXOU6,175,,,44850.0,1201.0,43649.0,46051.0,,,,,,,,,,,,,,,,,,,,,,,,
2026-09-14T12:13:00+08:00,2026-09-14T12:12:00+08:00,60.0,live,溫和偏空,mild_bear,-15.088013411567475,2026/09/14,12:12:58,45868.0,45866.0,45867.0,-9.0,319.0,0.69,65143,24,88464,2026/09/14,WTXOU6,175,,,44850.0,1193.0,43657.0,46043.0,,,,,,,,,,,,,,,,,,,,,,,,
2026-09-14T12:14:00+08:00,2026-09-14T12:13:00+08:00,60.0,live,震盪,neutral,14.975041597337773,2026/09/14,12:13:56,45877.0,45875.0,45880.0,9.0,310.0,0.67,65173,30,88464,2026/09/14,WTXOU6,175,,,44850.0,1202.0,43648.0,46052.0,,,,,,,,,,,,,,,,,,,,,,,,
2026-09-14T12:15:01+08:00,2026-09-14T12:14:00+08:00,61.0,live,溫和偏空,mild_bear,-18.433179723502302,2026/09/14,12:14:57,45866.0,45865.0,45869.0,-11.0,321.0,0.7,65196,23,88464,2026/09/14,WTXOU6,175,,,44850.0,1193.5,43656.5,46043.5,,,,,,,,,,,,,,,,,,,,,,,,
2026-09-14T12:16:00+08:00,2026-09-14T12:15:01+08:00,59.0,live,震盪,neutral,11.691022964509393,2026/09/14,12:15:58,45873.0,45872.0,45877.0,7.0,314.0,0.68,65273,77,88464,2026/09/14,WTXOU6,175,,,44850.0,1197.5,43652.5,46047.5,,,,,,,,,,,,,,,,,,,,,,,,
2026-09-14T12:17:00+08:00,2026-09-14T12:16:00+08:00,60.0,live,震盪,neutral,-10.054461667364892,2026/09/14,12:16:49,45867.0,45860.0,45865.0,-6.0,320.0,0.69,65311,38,88464,2026/09/14,WTXOU6,175,,,44850.0,1193.5,43656.5,46043.5,,,,,,,,,,,,,,,,,,,,,,,,
2026-09-14T12:18:00+08:00,2026-09-14T12:17:00+08:00,60.0,live,震盪,neutral,5.031446540880504,2026/09/14,12:17:56,45870.0,45870.0,45875.0,3.0,317.0,0.69,65397,86,88464,2026/09/14,WTXOU6,175,,,44850.0,1192.5,43657.5,46042.5,,,,,,,,,,,,,,,,,,,,,,,,
2026-09-14T12:19:00+08:00,2026-09-14T12:18:00+08:00,60.0,live,溫和偏多,mild_bull,41.3564929693962,2026/09/14,12:18:56,45895.0,45894.0,45897.0,25.0,292.0,0.63,65468,71,88464,2026/09/14,WTXOU6,175,,,44850.0,1209.0,43641.0,46059.0,,,,,,,,,,,,,,,,,,,,,,,,
2026-09-14T12:20:00+08:00,2026-09-14T12:19:00+08:00,60.0,live,震盪,neutral,9.848173984407058,2026/09/14,12:19:58,45901.0,45897.0,45901.0,6.0,286.0,0.62,65541,73,88464,2026/09/14,WTXOU6,175,,,44850.0,1218.5,43631.5,46068.5,,,,,,,,,,,,,,,,,,,,,,,,
2026-09-14T12:21:00+08:00,2026-09-14T12:20:00+08:00,60.0,live,溫和偏空,mild_bear,-21.594684385382063,2026/09/14,12:20:51,45888.0,45886.0,45889.0,-13.0,299.0,0.65,65581,40,88464,2026/09/14,WTXOU6,175,,,44850.0,1204.0,43646.0,46054.0,,,,,,,,,,,,,,,,,,,,,,,,
2026-09-14T12:22:00+08:00,2026-09-14T12:21:00+08:00,60.0,live,溫和偏多,mild_bull,44.04567699836868,2026/09/14,12:21:57,45915.0,45914.0,45915.0,27.0,272.0,0.59,65699,118,88464,2026/09/14,WTXOU6,175,,,44850.0,1226.0,43624.0,46076.0,,,,,,,,,,,,,,,,,,,,,,,,
2026-09-14T12:23:00+08:00,2026-09-14T12:22:00+08:00,60.0,live,震盪,neutral,8.130081300813007,2026/09/14,12:22:57,45920.0,45920.0,45925.0,5.0,267.0,0.58,65807,108,88464,2026/09/14,WTXOU6,175,,,44850.0,1230.0,43620.0,46080.0,,,,,,,,,,,,,,,,,,,,,,,,
2026-09-14T12:24:00+08:00,2026-09-14T12:23:00+08:00,60.0,live,震盪,neutral,12.960712839206156,2026/09/14,12:23:57,45928.0,45923.0,45928.0,8.0,259.0,0.56,65867,60,88464,2026/09/14,WTXOU6,175,,,44850.0,1234.5,43615.5,46084.5,,,,,,,,,,,,,,,,,,,,,,,,
2026-09-14T12:25:00+08:00,2026-09-14T12:24:00+08:00,60.0,live,溫和偏多,mild_bull,30.4975922953451,2026/09/14,12:24:57,45947.0,45944.0,45948.0,19.0,240.0,0.52,65964,97,88464,2026/09/14,WTXOU6,175,,,44850.0,1246.0,43604.0,46096.0,,,,,,,,,,,,,,,,,,,,,,,,
2026-09-14T12:26:00+08:00,2026-09-14T12:25:00+08:00,60.0,live,溫和偏空,mild_bear,-16.181229773462782,2026/09/14,12:25:57,45937.0,45936.0,45940.0,-10.0,250.0,0.54,66104,140,88464,2026/09/14,WTXOU6,175,,,44850.0,1236.0,43614.0,46086.0,,,,,,,,,,,,,,,,,,,,,,,,
2026-09-14T12:27:00+08:00,2026-09-14T12:26:00+08:00,60.0,live,震盪,neutral,12.903225806451612,2026/09/14,12:26:50,45945.0,45939.0,45944.0,8.0,242.0,0.52,66158,54,88464,2026/09/14,WTXOU6,175,,,44850.0,1240.0,43610.0,46090.0,,,,,,,,,,,,,,,,,,,,,,,,
2026-09-14T12:28:00+08:00,2026-09-14T12:27:00+08:00,60.0,live,震盪,neutral,0.0,2026/09/14,12:27:58,45945.0,45945.0,45950.0,0.0,242.0,0.52,66208,50,88464,2026/09/14,WTXOU6,175,,,44850.0,1240.0,43610.0,46090.0,,,,,,,,,,,,,,,,,,,,,,,,
2026-09-14T12:29:00+08:00,2026-09-14T12:28:00+08:00,60.0,live,震盪,neutral,-11.322280630812777,2026/09/14,12:28:54,45938.0,45935.0,45938.0,-7.0,249.0,0.54,66256,48,88464,2026/09/14,WTXOU6,175,,,44850.0,1236.5,43613.5,46086.5,,,,,,,,,,,,,,,,,,,,,,,,
2026-09-14T12:30:00+08:00,2026-09-14T12:29:00+08:00,60.0,live,震盪,neutral,-3.2362459546925564,2026/09/14,12:29:57,45936.0,45933.0,45937.0,-2.0,251.0,0.54,66293,37,88464,2026/09/14,WTXOU6,175,,,44850.0,1236.0,43614.0,46086.0,,,,,,,,,,,,,,,,,,,,,,,,
2026-09-14T12:31:00+08:00,2026-09-14T12:30:00+08:00,60.0,live,強勢偏空,strong_bear,-46.09053497942387,2026/09/14,12:30:57,45908.0,45905.0,45910.0,-28.0,279.0,0.6,66493,200,88464,2026/09/14,WTXOU6,175,,,44850.0,1215.0,43635.0,46065.0,,,,,,,,,,,,,,,,,,,,,,,,
2026-09-14T12:32:00+08:00,2026-09-14T12:31:00+08:00,60.0,live,強勢偏空,strong_bear,-48.35348061692372,2026/09/14,12:31:57,45879.0,45877.0,45882.0,-29.0,308.0,0.67,66713,220,88464,2026/09/14,WTXOU6,175,,,44850.0,1199.5,43650.5,46049.5,,,,,,,,,,,,,,,,,,,,,,,,
2026-09-14T12:33:00+08:00,2026-09-14T12:32:00+08:00,60.0,live,震盪,neutral,5.002084201750729,2026/09/14,12:32:58,45882.0,45879.0,45884.0,3.0,305.0,0.66,66862,149,88464,2026/09/14,WTXOU6,175,,,44850.0,1199.5,43650.5,46049.5,,,,,,,,,,,,,,,,,,,,,,,,
2026-09-14T12:34:00+08:00,2026-09-14T12:33:00+08:00,60.0,live,溫和偏多,mild_bull,29.67848309975268,2026/09/14,12:33:58,45900.0,45895.0,45900.0,18.0,287.0,0.62,67043,181,88464,2026/09/14,WTXOU6,175,,,44850.0,1213.0,43637.0,46063.0,,,,,,,,,,,,,,,,,,,,,,,,
2026-09-14T12:35:00+08:00,2026-09-14T12:34:00+08:00,60.0,live,震盪,neutral,8.227067050596462,2026/09/14,12:34:57,45905.0,45904.0,45909.0,5.0,282.0,0.61,67229,186,88464,2026/09/14,WTXOU6,175,,,44850.0,1215.5,43634.5,46065.5,,,,,,,,,,,,,,,,,,,,,,,,
2026-09-14T12:36:00+08:00,2026-09-14T12:35:00+08:00,60.0,live,溫和偏多,mild_bull,29.1970802919708,2026/09/14,12:35:57,45923.0,45926.0,45929.0,18.0,264.0,0.57,67393,164,88464,2026/09/14,WTXOU6,175,,,44850.0,1233.0,43617.0,46083.0,,,,,,,,,,,,,,,,,,,,,,,,
2026-09-14T12:37:00+08:00,2026-09-14T12:36:00+08:00,60.0,live,震盪,neutral,-3.2573289902280123,2026/09/14,12:36:58,45921.0,45920.0,45924.0,-2.0,266.0,0.58,67563,170,88464,2026/09/14,WTXOU6,175,,,44850.0,1228.0,43622.0,46078.0,,,,,,,,,,,,,,,,,,,,,,,,
2026-09-14T12:38:00+08:00,2026-09-14T12:37:00+08:00,60.0,live,溫和偏多,mild_bull,27.386226339105917,2026/09/14,12:37:58,45938.0,45935.0,45939.0,17.0,249.0,0.54,67707,144,88464,2026/09/14,WTXOU6,175,,,44850.0,1241.5,43608.5,46091.5,,,,,,,,,,,,,,,,,,,,,,,,
2026-09-14T12:39:00+08:00,2026-09-14T12:38:00+08:00,60.0,live,震盪,neutral,8.025682182985555,2026/09/14,12:38:57,45943.0,45945.0,45950.0,5.0,244.0,0.53,67915,208,88464,2026/09/14,WTXOU6,175,,,44850.0,1246.0,43604.0,46096.0,,,,,,,,,,,,,,,,,,,,,,,,
2026-09-14T12:40:00+08:00,2026-09-14T12:39:00+08:00,60.0,live,溫和偏多,mild_bull,25.579536370903277,2026/09/14,12:39:58,45959.0,45958.0,45964.0,16.0,228.0,0.49,68166,251,88464,2026/09/14,WTXOU6,175,,,44850.0,1251.0,43599.0,46101.0,,,,,,,,,,,,,,,,,,,,,,,,
2026-09-14T12:41:00+08:00,2026-09-14T12:40:00+08:00,60.0,live,強勢偏多,strong_bull,62.54886630179828,2026/09/14,12:40:58,45999.0,45999.0,46000.0,40.0,188.0,0.41,68611,445,88464,2026/09/14,WTXOU6,175,,,44850.0,1279.0,43571.0,46129.0,,,,,,,,,,,,,,,,,,,,,,,,
2026-09-14T12:42:00+08:00,2026-09-14T12:41:00+08:00,60.0,live,溫和偏空,mild_bear,-27.005559968228752,2026/09/14,12:41:57,45982.0,45978.0,45983.0,-17.0,205.0,0.44,68871,260,88464,2026/09/14,WTXOU6,175,,,44850.0,1259.0,43591.0,46109.0,,,,,,,,,,,,,,,,,,,,,,,,
2026-09-14T12:43:00+08:00,2026-09-14T12:42:00+08:00,60.0,live,震盪,neutral,4.761904761904762,2026/09/14,12:42:55,45985.0,45979.0,45984.0,3.0,202.0,0.44,69046,175,88464,2026/09/14,WTXOU6,175,,,44850.0,1260.0,43590.0,46110.0,,,,,,,,,,,,,,,,,,,,,,,,
2026-09-14T12:44:00+08:00,2026-09-14T12:43:00+08:00,60.0,live,強勢偏空,strong_bear,-59.967585089141004,2026/09/14,12:43:57,45948.0,45945.0,45949.0,-37.0,239.0,0.52,69231,185,88464,2026/09/14,WTXOU6,175,,,44850.0,1234.0,43616.0,46084.0,,,,,,,,,,,,,,,,,,,,,,,,
2026-09-14T12:45:00+08:00,2026-09-14T12:44:00+08:00,60.0,live,震盪,neutral,1.6220600162206,2026/09/14,12:44:58,45949.0,45945.0,45950.0,1.0,238.0,0.52,69384,153,88464,2026/09/14,WTXOU6,175,,,44850.0,1233.0,43617.0,46083.0,,,,,,,,,,,,,,,,,,,,,,,,
2026-09-14T12:46:00+08:00,2026-09-14T12:45:00+08:00,60.0,live,震盪,neutral,-3.2441200324412,2026/09/14,12:45:55,45947.0,45946.0,45951.0,-2.0,240.0,0.52,69560,176,88464,2026/09/14,WTXOU6,175,,,44850.0,1233.0,43617.0,46083.0,,,,,,,,,,,,,,,,,,,,,,,,
2026-09-14T12:47:00+08:00,2026-09-14T12:46:00+08:00,60.0,live,震盪,neutral,-11.391375101708705,2026/09/14,12:46:57,45940.0,45938.0,45943.0,-7.0,247.0,0.53,69748,188,88464,2026/09/14,WTXOU6,175,,,44850.0,1229.0,43621.0,46079.0,,,,,,,,,,,,,,,,,,,,,,,,
2026-09-14T12:48:00+08:00,2026-09-14T12:47:00+08:00,60.0,live,溫和偏多,mild_bull,28.985507246376812,2026/09/14,12:47:57,45958.0,45957.0,45962.0,18.0,229.0,0.5,69906,158,88464,2026/09/14,WTXOU6,175,,,44850.0,1242.0,43608.0,46092.0,,,,,,,,,,,,,,,,,,,,,,,,
2026-09-14T12:49:00+08:00,2026-09-14T12:48:00+08:00,60.0,live,溫和偏多,mild_bull,39.69829297340215,2026/09/14,12:48:58,45983.0,45982.0,45985.0,25.0,204.0,0.44,70082,176,88464,2026/09/14,WTXOU6,175,,,44850.0,1259.5,43590.5,46109.5,,,,,,,,,,,,,,,,,,,,,,,,
2026-09-14T12:50:00+08:00,2026-09-14T12:49:00+08:00,60.0,live,震盪,neutral,7.880220646178094,2026/09/14,12:49:57,45988.0,45987.0,45992.0,5.0,199.0,0.43,70251,169,88464,2026/09/14,WTXOU6,175,,,44850.0,1269.0,43581.0,46119.0,,,,,,,,,,,,,,,,,,,,,,,,
2026-09-14T12:51:00+08:00,2026-09-14T12:50:00+08:00,60.0,live,震盪,neutral,-7.908264136022145,2026/09/14,12:50:58,45983.0,45982.0,45987.0,-5.0,204.0,0.44,70399,148,88464,2026/09/14,WTXOU6,175,,,44850.0,1264.5,43585.5,46114.5,,,,,,,,,,,,,,,,,,,,,,,,
2026-09-14T12:52:00+08:00,2026-09-14T12:51:00+08:00,60.0,live,溫和偏空,mild_bear,-27.254509018036078,2026/09/14,12:51:56,45966.0,45960.0,45965.0,-17.0,221.0,0.48,70576,177,88464,2026/09/14,WTXOU6,175,,,44850.0,1247.5,43602.5,46097.5,,,,,,,,,,,,,,,,,,,,,,,,
2026-09-14T12:53:00+08:00,2026-09-14T12:52:00+08:00,60.0,live,強勢偏空,strong_bear,-47.3469387755102,2026/09/14,12:52:58,45937.0,45936.0,45941.0,-29.0,250.0,0.54,70768,192,88464,2026/09/14,WTXOU6,175,,,44850.0,1225.0,43625.0,46075.0,,,,,,,,,,,,,,,,,,,,,,,,
2026-09-14T12:54:00+08:00,2026-09-14T12:53:00+08:00,60.0,live,震盪,neutral,-14.760147601476014,2026/09/14,12:53:58,45928.0,45927.0,45932.0,-9.0,259.0,0.56,70948,180,88464,2026/09/14,WTXOU6,175,,,44850.0,1219.5,43630.5,46069.5,,,,,,,,,,,,,,,,,,,,,,,,
2026-09-14T12:55:00+08:00,2026-09-14T12:54:00+08:00,60.0,live,震盪,neutral,1.639344262295082,2026/09/14,12:54:57,45929.0,45925.0,45929.0,1.0,258.0,0.56,71121,173,88464,2026/09/14,WTXOU6,175,,,44850.0,1220.0,43630.0,46070.0,,,,,,,,,,,,,,,,,,,,,,,,
2026-09-14T12:56:00+08:00,2026-09-14T12:55:00+08:00,60.0,live,震盪,neutral,-6.581653640477169,2026/09/14,12:55:58,45925.0,45924.0,45929.0,-4.0,262.0,0.57,71274,153,88464,2026/09/14,WTXOU6,175,,,44850.0,1215.5,43634.5,46065.5,,,,,,,,,,,,,,,,,,,,,,,,
2026-09-14T12:57:00+08:00,2026-09-14T12:56:00+08:00,60.0,live,震盪,neutral,-13.157894736842104,2026/09/14,12:56:57,45917.0,45917.0,45922.0,-8.0,270.0,0.58,71424,150,88464,2026/09/14,WTXOU6,175,,,44850.0,1216.0,43634.0,46066.0,,,,,,,,,,,,,,,,,,,,,,,,
2026-09-14T12:58:00+08:00,2026-09-14T12:57:00+08:00,60.0,live,震盪,neutral,3.30169211721007,2026/09/14,12:57:57,45919.0,45917.0,45922.0,2.0,268.0,0.58,71606,182,88464,2026/09/14,WTXOU6,175,,,44850.0,1211.5,43638.5,46061.5,,,,,,,,,,,,,,,,,,,,,,,,
2026-09-14T12:59:00+08:00,2026-09-14T12:58:00+08:00,60.0,live,震盪,neutral,-6.6006600660066,2026/09/14,12:58:55,45915.0,45914.0,45918.0,-4.0,272.0,0.59,71760,154,88464,2026/09/14,WTXOU6,175,,,44850.0,1212.0,43638.0,46062.0,,,,,,,,,,,,,,,,,,,,,,,,
2026-09-14T13:00:00+08:00,2026-09-14T12:59:00+08:00,60.0,live,溫和偏空,mild_bear,-18.363939899833053,2026/09/14,12:59:56,45904.0,45901.0,45906.0,-11.0,283.0,0.61,71971,211,88464,2026/09/14,WTXOU6,175,,,44850.0,1198.0,43652.0,46048.0,,,,,,,,,,,,,,,,,,,,,,,,
2026-09-14T13:01:00+08:00,2026-09-14T13:00:00+08:00,60.0,live,強勢偏多,strong_bull,83.40016038492382,2026/09/14,13:00:57,45956.0,45959.0,45962.0,52.0,231.0,0.5,72188,217,88464,2026/09/14,WTXOU6,175,,,44850.0,1247.0,43603.0,46097.0,,,,,,,,,,,,,,,,,,,,,,,,
2026-09-14T13:02:00+08:00,2026-09-14T13:01:00+08:00,60.0,live,溫和偏空,mild_bear,-17.842660178426602,2026/09/14,13:01:56,45945.0,45946.0,45951.0,-11.0,242.0,0.52,72350,162,88464,2026/09/14,WTXOU6,175,,,44850.0,1233.0,43617.0,46083.0,,,,,,,,,,,,,,,,,,,,,,,,
2026-09-14T13:03:00+08:00,2026-09-14T13:02:00+08:00,60.0,live,震盪,neutral,-6.509357200976404,2026/09/14,13:02:58,45941.0,45938.0,45943.0,-4.0,246.0,0.53,72479,129,88464,2026/09/14,WTXOU6,175,,,44850.0,1229.0,43621.0,46079.0,,,,,,,,,,,,,,,,,,,,,,,,
2026-09-14T13:04:00+08:00,2026-09-14T13:03:00+08:00,60.0,live,震盪,neutral,-4.880032533550224,2026/09/14,13:03:57,45938.0,45940.0,45945.0,-3.0,249.0,0.54,72615,136,88464,2026/09/14,WTXOU6,175,,,44850.0,1229.5,43620.5,46079.5,,,,,,,,,,,,,,,,,,,,,,,,
2026-09-14T13:05:00+08:00,2026-09-14T13:04:00+08:00,60.0,live,溫和偏空,mild_bear,-23.045267489711936,2026/09/14,13:04:54,45924.0,45923.0,45928.0,-14.0,263.0,0.57,72755,140,88464,2026/09/14,WTXOU6,175,,,44850.0,1215.0,43635.0,46065.0,,,,,,,,,,,,,,,,,,,,,,,,
2026-09-14T13:06:00+08:00,2026-09-14T13:05:00+08:00,60.0,live,震盪,neutral,-14.913007456503728,2026/09/14,13:05:56,45915.0,45913.0,45918.0,-9.0,272.0,0.59,72900,145,88464,2026/09/14,WTXOU6,175,,,44850.0,1207.0,43643.0,46057.0,,,,,,,,,,,,,,,,,,,,,,,,
2026-09-14T13:07:00+08:00,2026-09-14T13:06:00+08:00,60.0,live,溫和偏空,mild_bear,-28.392484342379966,2026/09/14,13:06:57,45898.0,45898.0,45903.0,-17.0,289.0,0.63,73056,156,88464,2026/09/14,WTXOU6,175,,,44850.0,1197.5,43652.5,46047.5,,,,,,,,,,,,,,,,,,,,,,,,
2026-09-14T13:08:00+08:00,2026-09-14T13:07:00+08:00,60.0,live,溫和偏多,mild_bull,38.01652892561984,2026/09/14,13:07:55,45921.0,45916.0,45921.0,23.0,266.0,0.58,73178,122,88464,2026/09/14,WTXOU6,175,,,44850.0,1210.0,43640.0,46060.0,,,,,,,,,,,,,,,,,,,,,,,,
2026-09-14T13:09:00+08:00,2026-09-14T13:08:00+08:00,60.0,live,溫和偏空,mild_bear,-26.755852842809368,2026/09/14,13:08:57,45905.0,45903.0,45908.0,-16.0,282.0,0.61,73291,113,88464,2026/09/14,WTXOU6,175,,,44850.0,1196.0,43654.0,46046.0,,,,,,,,,,,,,,,,,,,,,,,,
2026-09-14T13:10:00+08:00,2026-09-14T13:09:00+08:00,60.0,live,強勢偏空,strong_bear,-50.91217649554518,2026/09/14,13:09:58,45875.0,45876.0,45881.0,-30.0,312.0,0.68,73582,291,88464,2026/09/14,WTXOU6,175,,,44850.0,1178.5,43671.5,46028.5,,,,,,,,,,,,,,,,,,,,,,,,
2026-09-14T13:11:00+08:00,2026-09-14T13:10:00+08:00,60.0,live,震盪,neutral,-5.108556832694763,2026/09/14,13:10:52,45872.0,45873.0,45878.0,-3.0,315.0,0.68,73784,202,88464,2026/09/14,WTXOU6,175,,,44850.0,1174.5,43675.5,46024.5,,,,,,,,,,,,,,,,,,,,,,,,
2026-09-14T13:12:00+08:00,2026-09-14T13:11:00+08:00,60.0,live,震盪,neutral,-3.430531732418525,2026/09/14,13:11:57,45870.0,45864.0,45869.0,-2.0,317.0,0.69,73928,144,88464,2026/09/14,WTXOU6,175,,,44850.0,1166.0,43684.0,46016.0,,,,,,,,,,,,,,,,,,,,,,,,
2026-09-14T13:13:00+08:00,2026-09-14T13:12:00+08:00,60.0,live,震盪,neutral,-1.7101325352714838,2026/09/14,13:12:57,45869.0,45870.0,45875.0,-1.0,318.0,0.69,74098,170,88464,2026/09/14,WTXOU6,175,,,44850.0,1169.5,43680.5,46019.5,,,,,,,,,,,,,,,,,,,,,,,,
2026-09-14T13:14:00+08:00,2026-09-14T13:13:00+08:00,60.0,live,震盪,neutral,13.62862010221465,2026/09/14,13:13:58,45877.0,45876.0,45880.0,8.0,310.0,0.67,74259,161,88464,2026/09/14,WTXOU6,175,,,44850.0,1174.0,43676.0,46024.0,,,,,,,,,,,,,,,,,,,,,,,,
2026-09-14T13:15:00+08:00,2026-09-14T13:14:00+08:00,60.0,live,溫和偏多,mild_bull,30.290281867900713,2026/09/14,13:14:58,45895.0,45889.0,45895.0,18.0,292.0,0.63,74431,172,88464,2026/09/14,WTXOU6,175,,,44850.0,1188.5,43661.5,46038.5,,,,,,,,,,,,,,,,,,,,,,,,
2026-09-14T13:16:01+08:00,2026-09-14T13:15:00+08:00,61.0,live,溫和偏空,mild_bear,-39.33304831124412,2026/09/14,13:15:57,45872.0,45870.0,45875.0,-23.0,315.0,0.68,74576,145,88464,2026/09/14,WTXOU6,175,,,44850.0,1169.5,43680.5,46019.5,,,,,,,,,,,,,,,,,,,,,,,,
2026-09-14T13:17:00+08:00,2026-09-14T13:16:01+08:00,59.0,live,溫和偏空,mild_bear,-27.538726333907054,2026/09/14,13:16:56,45856.0,45852.0,45857.0,-16.0,331.0,0.72,74754,178,88464,2026/09/14,WTXOU6,175,,,44850.0,1162.0,43688.0,46012.0,,,,,,,,,,,,,,,,,,,,,,,,
2026-09-14T13:18:00+08:00,2026-09-14T13:17:00+08:00,60.0,live,溫和偏空,mild_bear,-22.52057167605024,2026/09/14,13:17:57,45843.0,45841.0,45846.0,-13.0,344.0,0.74,74916,162,88464,2026/09/14,WTXOU6,175,,,44850.0,1154.5,43695.5,46004.5,44850.0,5.273355162426272,51,2,,,,,,,,,,,,,,,,,,,,
2026-09-14T13:19:00+08:00,2026-09-14T13:18:00+08:00,60.0,live,震盪,neutral,-7.014467338886453,2026/09/14,13:18:59,45839.0,45836.0,45840.0,-4.0,348.0,0.75,75115,199,88464,2026/09/14,WTXOU6,175,,,44850.0,1140.5,43709.5,45990.5,44850.0,5.333967776636074,51,9,,,,,,,,,,,,,,,,,,,,
2026-09-14T13:20:00+08:00,2026-09-14T13:19:00+08:00,60.0,live,震盪,neutral,-7.101642254771416,2026/09/14,13:19:57,45835.0,45832.0,45836.0,-4.0,352.0,0.76,75326,211,88464,2026/09/14,WTXOU6,175,,,44850.0,1126.5,43723.5,45976.5,44850.0,5.395277079934354,51,2,,,,,,,,,,,,,,,,,,,,
2026-09-14T13:21:00+08:00,2026-09-14T13:20:00+08:00,60.0,live,強勢偏空,strong_bear,-78.93529141808169,2026/09/14,13:20:58,45792.0,45791.0,45794.0,-43.0,395.0,0.86,75703,377,88464,2026/09/14,WTXOU6,175,,,44850.0,1089.5,43760.5,45939.5,44800.0,5.876048262082223,334,11,,,,,,,,,,,,,,,,,,,,
2026-09-14T13:22:00+08:00,2026-09-14T13:21:00+08:00,60.0,live,溫和偏多,mild_bull,21.808268968650612,2026/09/14,13:21:58,45804.0,45801.0,45805.0,12.0,383.0,0.83,75942,239,88464,2026/09/14,WTXOU6,175,,,44850.0,1100.5,43749.5,45950.5,44850.0,4.257461046721142,51,0,,,,,,,,,,,,,,,,,,,,
2026-09-14T13:23:00+08:00,2026-09-14T13:22:00+08:00,60.0,live,溫和偏空,mild_bear,-27.260336210813264,2026/09/14,13:22:57,45789.0,45788.0,45790.0,-15.0,398.0,0.86,76206,264,88464,2026/09/14,WTXOU6,175,,,44850.0,1100.5,43749.5,45950.5,44800.0,5.926630862928971,334,24,,,,,,,,,,,,,,,,,,,,
2026-09-14T13:24:00+08:00,2026-09-14T13:23:00+08:00,60.0,live,震盪,neutral,-3.6347114947751016,2026/09/14,13:23:58,45787.0,45786.0,45792.0,-2.0,400.0,0.87,76439,233,88464,2026/09/14,WTXOU6,175,,,44850.0,1100.5,43749.5,45950.5,44800.0,5.960594270893937,334,7,,,,,,,,,,,,,,,,,,,,
2026-09-14T13:25:00+08:00,2026-09-14T13:24:00+08:00,60.0,live,溫和偏多,mild_bull,25.225225225225223,2026/09/14,13:24:58,45801.0,45798.0,45803.0,14.0,386.0,0.84,76726,287,88464,2026/09/14,WTXOU6,175,,,44850.0,1110.0,43740.0,45960.0,44850.0,5.945691342895469,51,18,,,,,,,,,,,,,,,,,,,,
2026-09-14T13:26:00+08:00,2026-09-14T13:25:00+08:00,60.0,live,震盪,neutral,-5.432322317790855,2026/09/14,13:25:57,45798.0,45792.0,45796.0,-3.0,389.0,0.84,76944,218,88464,2026/09/14,WTXOU6,175,,,44850.0,1104.5,43745.5,45954.5,44800.0,5.423725262418411,334,4,,,,,,,,,,,,,,,,,,,,
2026-09-14T13:27:00+08:00,2026-09-14T13:26:00+08:00,60.0,live,震盪,neutral,-14.46000903750565,2026/09/14,13:26:57,45790.0,45788.0,45792.0,-8.0,397.0,0.86,77146,202,88464,2026/09/14,WTXOU6,175,,,44850.0,1106.5,43743.5,45956.5,44800.0,5.90972179920012,334,7,,,,,,,,,,,,,,,,,,,,
2026-09-14T13:28:00+08:00,2026-09-14T13:27:00+08:00,60.0,live,溫和偏多,mild_bull,23.1935771632471,2026/09/14,13:27:57,45803.0,45801.0,45805.0,13.0,384.0,0.83,77338,192,88464,2026/09/14,WTXOU6,175,,,44850.0,1121.0,43729.0,45971.0,44850.0,5.91181285166875,51,10,,,,,,,,,,,,,,,,,,,,
2026-09-14T13:29:00+08:00,2026-09-14T13:28:00+08:00,60.0,live,震盪,neutral,7.117437722419928,2026/09/14,13:28:57,45807.0,45801.0,45806.0,4.0,380.0,0.82,77473,135,88464,2026/09/14,WTXOU6,175,,,44850.0,1124.0,43726.0,45974.0,44850.0,5.844633887216,51,13,,,,,,,,,,,,,,,,,,,,
2026-09-14T13:30:00+08:00,2026-09-14T13:29:00+08:00,60.0,live,溫和偏多,mild_bull,19.50354609929078,2026/09/14,13:29:58,45818.0,45817.0,45819.0,11.0,369.0,0.8,77709,236,88464,2026/09/14,WTXOU6,175,,,44850.0,1128.0,43722.0,45978.0,44850.0,4.090523611292069,51,0,,,,,,,,,,,,,,,,,,,,
2026-09-14T13:31:00+08:00,2026-09-14T13:30:00+08:00,60.0,live,強勢偏空,strong_bear,-64.92335437330928,2026/09/14,13:30:57,45782.0,45779.0,45783.0,-36.0,405.0,0.88,78200,491,88464,2026/09/14,WTXOU6,175,,,44850.0,1109.0,43741.0,45959.0,44800.0,6.046356748204064,334,6,,,,,,,,,,,,,,,,,,,,
2026-09-14T13:32:00+08:00,2026-09-14T13:31:00+08:00,60.0,live,震盪,neutral,1.7953321364452428,2026/09/14,13:31:57,45783.0,45784.0,45788.0,1.0,404.0,0.87,78404,204,88464,2026/09/14,WTXOU6,175,,,44850.0,1114.0,43736.0,45964.0,44800.0,4.5218295740469685,334,0,,,,,,,,,,,,,,,,,,,,
2026-09-14T13:33:00+08:00,2026-09-14T13:32:00+08:00,60.0,live,溫和偏多,mild_bull,33.89830508474576,2026/09/14,13:32:58,45802.0,45802.0,45804.0,19.0,385.0,0.83,78562,158,88464,2026/09/14,WTXOU6,175,,,44850.0,1121.0,43729.0,45971.0,44850.0,5.928727898376265,51,2,,,,,,,,,,,,,,,,,,,,
2026-09-14T13:34:00+08:00,2026-09-14T13:33:00+08:00,60.0,live,溫和偏空,mild_bear,-41.68554599003171,2026/09/14,13:33:57,45779.0,45775.0,45779.0,-23.0,408.0,0.88,78722,160,88464,2026/09/14,WTXOU6,175,,,44850.0,1103.5,43746.5,45953.5,44800.0,6.098405410218128,334,1,,,,,,,,,,,,,,,,,,,,
2026-09-14T13:35:00+08:00,2026-09-14T13:34:00+08:00,60.0,live,溫和偏空,mild_bear,-25.454545454545453,2026/09/14,13:34:57,45765.0,45766.0,45770.0,-14.0,422.0,0.91,78881,159,88464,2026/09/14,WTXOU6,175,,,44850.0,1100.0,43750.0,45950.0,44800.0,6.34728605634818,334,4,,,,,,,,,,,,,,,,,,,,
2026-09-14T13:36:00+08:00,2026-09-14T13:35:00+08:00,60.0,live,強勢偏多,strong_bull,57.117358322177594,2026/09/14,13:35:57,45797.0,45798.0,45803.0,32.0,390.0,0.84,79047,166,88464,2026/09/14,WTXOU6,175,,,44850.0,1120.5,43729.5,45970.5,44800.0,5.792701467187968,334,1,,,,,,,,,,,,,,,,,,,,
2026-09-14T13:37:00+08:00,2026-09-14T13:36:00+08:00,60.0,live,溫和偏空,mild_bear,-28.764044943820227,2026/09/14,13:36:57,45781.0,45781.0,45785.0,-16.0,406.0,0.88,79200,153,88464,2026/09/14,WTXOU6,175,,,44850.0,1112.5,43737.5,45962.5,44800.0,6.063656755726682,334,12,,,,,,,,,,,,,,,,,,,,
2026-09-14T13:38:00+08:00,2026-09-14T13:37:00+08:00,60.0,live,溫和偏多,mild_bull,21.4190093708166,2026/09/14,13:37:57,45793.0,45793.0,45798.0,12.0,394.0,0.85,79291,91,88464,2026/09/14,WTXOU6,175,,,44850.0,1120.5,43729.5,45970.5,44800.0,5.859283513806969,334,6,,,,,,,,,,,,,,,,,,,,
2026-09-14T13:39:00+08:00,2026-09-14T13:38:00+08:00,60.0,live,震盪,neutral,0.0,2026/09/14,13:38:57,45793.0,45794.0,45799.0,0.0,394.0,0.85,79402,111,88464,2026/09/14,WTXOU6,175,,,44850.0,1121.0,43729.0,45971.0,44800.0,4.394462635355227,334,0,,,,,,,,,,,,,,,,,,,,
2026-09-14T13:40:00+08:00,2026-09-14T13:39:00+08:00,60.0,live,震盪,neutral,1.7937219730941707,2026/09/14,13:39:58,45794.0,45790.0,45793.0,1.0,393.0,0.85,79526,124,88464,2026/09/14,WTXOU6,175,,,44850.0,1115.0,43735.0,45965.0,44800.0,5.842566596450083,334,15,,,,,,,,,,,,,,,,,,,,
2026-09-14T13:41:00+08:00,2026-09-14T13:40:00+08:00,60.0,live,溫和偏多,mild_bull,21.238938053097346,2026/09/14,13:40:58,45806.0,45806.0,45809.0,12.0,381.0,0.82,79738,212,88464,2026/09/14,WTXOU6,175,,,44850.0,1130.0,43720.0,45980.0,44850.0,5.861356719563897,51,7,,,,,,,,,,,,,,,,,,,,
2026-09-14T13:42:00+08:00,2026-09-14T13:41:00+08:00,60.0,live,溫和偏空,mild_bear,-28.69955156950673,2026/09/14,13:41:57,45790.0,45790.0,45794.0,-16.0,397.0,0.86,79985,247,88464,2026/09/14,WTXOU6,175,,,44850.0,1115.0,43735.0,45965.0,44800.0,5.90972179920012,334,30,,,,,,,,,,,,,,,,,,,,
2026-09-14T13:43:00+08:00,2026-09-14T13:42:00+08:00,60.0,live,溫和偏空,mild_bear,-25.373810602627998,2026/09/14,13:42:58,45776.0,45770.0,45776.0,-14.0,411.0,0.89,80580,595,88464,2026/09/14,WTXOU6,175,,,44850.0,1103.5,43746.5,45953.5,44800.0,6.15090212108711,334,33,,,,,,,,,,,,,,,,,,,,
2026-09-14T13:44:00+08:00,2026-09-14T13:43:00+08:00,60.0,live,溫和偏多,mild_bull,17.99370220422852,2026/09/14,13:43:57,45786.0,45785.0,45790.0,10.0,401.0,0.87,81060,480,88464,2026/09/14,WTXOU6,175,,,44850.0,1111.5,43738.5,45961.5,44800.0,5.263667999771007,334,3,,,,,,,,,,,,,,,,,,,,
2026-09-14T13:45:00+08:00,2026-09-14T13:44:00+08:00,60.0,live,震盪,neutral,-3.629764065335754,2026/09/14,13:44:57,45784.0,45782.0,45786.0,-2.0,403.0,0.87,81686,626,88464,2026/09/14,WTXOU6,175,,,44850.0,1102.0,43748.0,45952.0,44800.0,6.011904666480647,334,8,,,,,,,,,,,,,,,,,,,,
2026-09-14T15:01:01+08:00,2026-09-14T13:45:00+08:00,4561.0,live,強勢偏空,strong_bear,-97.42388758782202,2026/09/14,15:00:58,45732.0,45727.0,45732.0,-52.0,45.0,0.1,251,0,47416,2026/09/14,WTXOU6,175,,,44850.0,1067.5,43782.5,45917.5,44800.0,5.231149118532016,334,0,,,,,,,,,,,,,,,,,,,,
2026-09-14T15:02:01+08:00,2026-09-14T15:01:01+08:00,60.0,live,震盪,neutral,-3.7611659614480484,2026/09/14,15:01:53,45730.0,45730.0,45734.0,-2.0,47.0,0.1,306,55,47416,2026/09/14,WTXOU6,175,,,44850.0,1063.5,43786.5,45913.5,44800.0,7.014835958183076,334,3,,,,,,,,,,,,,,,,,,,,
2026-09-14T15:03:01+08:00,2026-09-14T15:02:01+08:00,60.0,live,溫和偏多,mild_bull,16.75197766402978,2026/09/14,15:02:47,45739.0,45736.0,45741.0,9.0,38.0,0.08,346,40,47416,2026/09/14,WTXOU6,175,,,44850.0,1074.5,43775.5,45924.5,44800.0,6.836753901139845,334,4,,,,,,,,,,,,,,,,,,,,
2026-09-14T15:04:01+08:00,2026-09-14T15:03:01+08:00,60.0,live,強勢偏空,strong_bear,-45.3257790368272,2026/09/14,15:03:57,45715.0,45713.0,45716.0,-24.0,62.0,0.14,408,62,47416,2026/09/14,WTXOU6,175,,,44850.0,1059.0,43791.0,45909.0,44800.0,7.322007007189075,334,4,,,,,,,,,,,,,,,,,,,,
2026-09-14T15:05:01+08:00,2026-09-14T15:04:01+08:00,60.0,live,強勢偏多,strong_bull,100.0,2026/09/14,15:04:58,45770.0,45769.0,45774.0,55.0,7.0,0.02,453,45,47416,2026/09/14,WTXOU6,175,,,44850.0,1097.0,43753.0,45947.0,44800.0,5.475098256504235,334,2,,,,,,,,,,,,,,,,,,,,
2026-09-14T15:06:01+08:00,2026-09-14T15:05:01+08:00,60.0,live,震盪,neutral,7.292616226071102,2026/09/14,15:05:57,45774.0,45768.0,45773.0,4.0,3.0,0.01,498,45,47416,2026/09/14,WTXOU6,175,,,44850.0,1097.0,43753.0,45947.0,44800.0,6.1861507476546524,334,7,,,,,,,,,,,,,,,,,,,,
2026-09-14T15:07:01+08:00,2026-09-14T15:06:01+08:00,60.0,live,震盪,neutral,-7.292616226071102,2026/09/14,15:06:55,45770.0,45769.0,45774.0,-4.0,7.0,0.02,529,31,47416,2026/09/14,WTXOU6,175,,,44850.0,1097.0,43753.0,45947.0,44800.0,5.840833859089115,722,7,,,,,,,,,,,,,,,,,,,,
2026-09-14T15:08:01+08:00,2026-09-14T15:07:01+08:00,60.0,live,溫和偏多,mild_bull,30.630630630630627,2026/09/14,15:07:59,45787.0,45783.0,45788.0,17.0,10.0,0.02,557,28,47416,2026/09/14,WTXOU6,175,,,44850.0,1110.0,43740.0,45960.0,44800.0,5.960594270893937,722,8,,,,,,,,,,,,,,,,,,,,
2026-09-14T15:09:01+08:00,2026-09-14T15:08:01+08:00,60.0,live,溫和偏空,mild_bear,-18.165304268846505,2026/09/14,15:08:57,45777.0,45775.0,45777.0,-10.0,0.0,0.0,576,19,47416,2026/09/14,WTXOU6,175,,,44850.0,1101.0,43749.0,45951.0,44800.0,6.133353196856662,722,9,,,,,,,,,,,,,,,,,,,,
2026-09-14T15:10:01+08:00,2026-09-14T15:09:01+08:00,60.0,live,震盪,neutral,0.0,2026/09/14,15:09:58,45777.0,45774.0,45779.0,0.0,0.0,0.0,588,12,47416,2026/09/14,WTXOU6,175,,,44850.0,1100.5,43749.5,45950.5,44800.0,6.133353196856662,722,6,,,,,,,,,,,,,,,,,,,,
2026-09-14T15:11:01+08:00,2026-09-14T15:10:01+08:00,60.0,live,溫和偏空,mild_bear,-42.337781868384724,2026/09/14,15:10:44,45754.0,45754.0,45757.0,-23.0,23.0,0.05,610,22,47416,2026/09/14,WTXOU6,175,,,44850.0,1086.5,43763.5,45936.5,44800.0,6.549940071878679,722,8,,,,,,,,,,,,,,,,,,,,
2026-09-14T15:12:01+08:00,2026-09-14T15:11:01+08:00,60.0,live,震盪,neutral,14.5322434150772,2026/09/14,15:11:21,45762.0,45776.0,45782.0,8.0,15.0,0.03,618,8,47416,2026/09/14,WTXOU6,175,,,44850.0,1101.0,43749.0,45951.0,44800.0,6.401925198630279,722,4,,,,,,,,,,,,,,,,,,,,
2026-09-14T15:13:01+08:00,2026-09-14T15:12:01+08:00,60.0,live,溫和偏多,mild_bull,32.69754768392371,2026/09/14,15:12:58,45780.0,45773.0,45779.0,18.0,3.0,0.01,629,11,47416,2026/09/14,WTXOU6,175,,,44850.0,1101.0,43749.0,45951.0,44800.0,6.0810062625217975,722,3,,,,,,,,,,,,,,,,,,,,
2026-09-14T15:14:01+08:00,2026-09-14T15:13:01+08:00,60.0,live,震盪,neutral,-1.8181818181818181,2026/09/14,15:13:57,45779.0,45780.0,45783.0,-1.0,2.0,0.0,640,11,47416,2026/09/14,WTXOU6,175,,,44850.0,1100.0,43750.0,45950.0,44800.0,6.098405410218128,722,4,,,,,,,,,,,,,,,,,,,,
2026-09-14T15:15:01+08:00,2026-09-14T15:14:01+08:00,60.0,live,溫和偏多,mild_bull,41.21863799283154,2026/09/14,15:14:55,45802.0,45798.0,45802.0,23.0,25.0,0.05,670,30,47416,2026/09/14,WTXOU6,175,,,44850.0,1116.0,43734.0,45966.0,44850.0,5.928727898376265,494,3,,,,,,,,,,,,,,,,,,,,
2026-09-14T15:16:01+08:00,2026-09-14T15:15:01+08:00,60.0,live,溫和偏空,mild_bear,-27.24795640326975,2026/09/14,15:15:59,45787.0,45786.0,45792.0,-15.0,10.0,0.02,702,32,47416,2026/09/14,WTXOU6,175,,,44850.0,1101.0,43749.0,45951.0,44800.0,5.960594270893937,722,36,,,,,,,,,,,,,,,,,,,,
2026-09-14T15:17:01+08:00,2026-09-14T15:16:01+08:00,60.0,live,溫和偏多,mild_bull,30.50695379093764,2026/09/14,15:17:00,45804.0,45804.0,45809.0,17.0,27.0,0.06,717,15,47416,2026/09/14,WTXOU6,175,,,44850.0,1114.5,43735.5,45964.5,44850.0,4.257461046721142,494,0,,,,,,,,,,,,,,,,,,,,
2026-09-14T15:18:01+08:00,2026-09-14T15:17:01+08:00,60.0,live,震盪,neutral,7.181328545780971,2026/09/14,15:17:44,45808.0,45805.0,45807.0,4.0,31.0,0.07,734,17,47416,2026/09/14,WTXOU6,175,,,44850.0,1114.0,43736.0,45964.0,44850.0,4.209081331142711,494,0,,,,,,,,,,,,,,,,,,,,
2026-09-14T15:19:01+08:00,2026-09-14T15:18:01+08:00,60.0,live,震盪,neutral,3.574620196604111,2026/09/14,15:18:57,45810.0,45808.0,45814.0,2.0,33.0,0.07,768,34,47416,2026/09/14,WTXOU6,175,,,44850.0,1119.0,43731.0,45969.0,44850.0,4.18509802680922,494,0,,,,,,,,,,,,,,,,,,,,
2026-09-14T15:20:01+08:00,2026-09-14T15:19:01+08:00,60.0,live,震盪,neutral,1.779359430604982,2026/09/14,15:19:59,45811.0,45807.0,45812.0,1.0,34.0,0.07,782,14,47416,2026/09/14,WTXOU6,175,,,44850.0,1124.0,43726.0,45974.0,44850.0,4.1731576696512525,494,0,,,,,,,,,,,,,,,,,,,,
2026-09-14T15:21:01+08:00,2026-09-14T15:20:01+08:00,60.0,live,溫和偏空,mild_bear,-28.93309222423146,2026/09/14,15:20:50,45795.0,45789.0,45794.0,-16.0,18.0,0.04,795,13,47416,2026/09/14,WTXOU6,175,,,44850.0,1106.0,43744.0,45956.0,44800.0,5.825897373546835,722,6,,,,,,,,,,,,,,,,,,,,
2026-09-14T15:22:01+08:00,2026-09-14T15:21:01+08:00,60.0,live,震盪,neutral,10.762331838565023,2026/09/14,15:21:56,45801.0,45797.0,45803.0,6.0,24.0,0.05,811,16,47416,2026/09/14,WTXOU6,175,,,44850.0,1115.0,43735.0,45965.0,44850.0,5.945691342895469,494,1,,,,,,,,,,,,,,,,,,,,
2026-09-14T15:23:01+08:00,2026-09-14T15:22:01+08:00,60.0,live,溫和偏多,mild_bull,16.021361815754336,2026/09/14,15:22:57,45810.0,45815.0,45820.0,9.0,33.0,0.07,830,19,47416,2026/09/14,WTXOU6,175,,,44850.0,1123.5,43726.5,45973.5,44850.0,4.18509802680922,494,0,,,,,,,,,,,,,,,,,,,,
2026-09-14T15:24:01+08:00,2026-09-14T15:23:01+08:00,60.0,live,溫和偏多,mild_bull,35.335689045936405,2026/09/14,15:23:56,45830.0,45829.0,45832.0,20.0,53.0,0.12,845,15,47416,2026/09/14,WTXOU6,175,,,44850.0,1132.0,43718.0,45982.0,44850.0,5.472905636269618,494,1,,,,,,,,,,,,,,,,,,,,
2026-09-14T15:25:01+08:00,2026-09-14T15:24:01+08:00,60.0,live,震盪,neutral,-10.695187165775403,2026/09/14,15:24:53,45824.0,45817.0,45821.0,-6.0,47.0,0.1,881,36,47416,2026/09/14,WTXOU6,175,,,44850.0,1122.0,43728.0,45972.0,44850.0,5.567535672889187,494,1,,,,,,,,,,,,,,,,,,,,
2026-09-14T15:26:01+08:00,2026-09-14T15:25:01+08:00,60.0,live,溫和偏空,mild_bear,-35.87443946188341,2026/09/14,15:25:59,45804.0,45803.0,45808.0,-20.0,27.0,0.06,915,34,47416,2026/09/14,WTXOU6,175,,,44850.0,1115.0,43735.0,45965.0,44850.0,4.257461046721142,494,0,,,,,,,,,,,,,,,,,,,,
2026-09-14T15:27:01+08:00,2026-09-14T15:26:01+08:00,60.0,live,溫和偏多,mild_bull,21.352313167259783,2026/09/14,15:26:58,45816.0,45812.0,45818.0,12.0,39.0,0.09,926,11,47416,2026/09/14,WTXOU6,175,,,44850.0,1124.0,43726.0,45974.0,44850.0,4.113964943376648,494,0,,,,,,,,,,,,,,,,,,,,
2026-09-14T15:28:01+08:00,2026-09-14T15:27:01+08:00,60.0,live,強勢偏空,strong_bear,-50.179211469534046,2026/09/14,15:27:44,45788.0,45800.0,45805.0,-28.0,11.0,0.02,952,26,47416,2026/09/14,WTXOU6,175,,,44850.0,1116.0,43734.0,45966.0,44850.0,5.400449683355732,494,3,,,,,,,,,,,,,,,,,,,,
2026-09-14T15:29:01+08:00,2026-09-14T15:28:01+08:00,60.0,live,震盪,neutral,9.025270758122742,2026/09/14,15:28:58,45793.0,45790.0,45793.0,5.0,16.0,0.03,958,6,47416,2026/09/14,WTXOU6,175,,,44850.0,1108.0,43742.0,45958.0,44800.0,5.859283513806969,722,10,,,,,,,,,,,,,,,,,,,,
2026-09-14T15:30:01+08:00,2026-09-14T15:29:01+08:00,60.0,live,溫和偏空,mild_bear,-21.81818181818182,2026/09/14,15:29:48,45781.0,45775.0,45781.0,-12.0,4.0,0.01,975,17,47416,2026/09/14,WTXOU6,175,,,44850.0,1100.0,43750.0,45950.0,44800.0,4.547742566795011,722,0,,,,,,,,,,,,,,,,,,,,
2026-09-14T15:31:01+08:00,2026-09-14T15:30:01+08:00,60.0,live,溫和偏多,mild_bull,18.050541516245485,2026/09/14,15:30:50,45791.0,45791.0,45795.0,10.0,14.0,0.03,996,21,47416,2026/09/14,WTXOU6,175,,,44850.0,1108.0,43742.0,45958.0,44800.0,5.892860978131021,722,6,,,,,,,,,,,,,,,,,,,,
2026-09-14T15:32:01+08:00,2026-09-14T15:31:01+08:00,60.0,live,震盪,neutral,3.6101083032490973,2026/09/14,15:31:37,45793.0,45792.0,45794.0,2.0,16.0,0.03,1004,8,47416,2026/09/14,WTXOU6,175,,,44850.0,1108.0,43742.0,45958.0,44800.0,5.859283513806969,722,1,,,,,,,,,,,,,,,,,,,,
2026-09-14T15:33:01+08:00,2026-09-14T15:32:01+08:00,60.0,live,震盪,neutral,1.8034265103697025,2026/09/14,15:32:56,45794.0,45790.0,45794.0,1.0,17.0,0.04,1022,18,47416,2026/09/14,WTXOU6,175,,,44850.0,1109.0,43741.0,45959.0,44800.0,5.842566596450083,722,1,,,,,,,,,,,,,,,,,,,,
2026-09-14T15:34:01+08:00,2026-09-14T15:33:01+08:00,60.0,live,震盪,neutral,-1.8034265103697025,2026/09/14,15:33:59,45793.0,45791.0,45794.0,-1.0,16.0,0.03,1032,10,47416,2026/09/14,WTXOU6,175,,,44850.0,1109.0,43741.0,45959.0,44800.0,5.859283513806969,722,3,,,,,,,,,,,,,,,,,,,,
2026-09-14T15:35:01+08:00,2026-09-14T15:34:01+08:00,60.0,live,震盪,neutral,-5.410279531109108,2026/09/14,15:34:30,45790.0,45788.0,45793.0,-3.0,13.0,0.03,1036,4,47416,2026/09/14,WTXOU6,175,,,44850.0,1109.0,43741.0,45959.0,44800.0,5.90972179920012,722,2,,,,,,,,,,,,,,,,,,,,
2026-09-14T15:36:01+08:00,2026-09-14T15:35:01+08:00,60.0,live,震盪,neutral,-5.40784136998648,2026/09/14,15:35:45,45787.0,45787.0,45791.0,-3.0,10.0,0.02,1047,11,47416,2026/09/14,WTXOU6,175,,,44850.0,1109.5,43740.5,45959.5,44800.0,5.960594270893937,722,4,,,,,,,,,,,,,,,,,,,,
2026-09-14T15:37:01+08:00,2026-09-14T15:36:01+08:00,60.0,live,溫和偏空,mild_bear,-21.798365122615802,2026/09/14,15:36:58,45775.0,45773.0,45777.0,-12.0,2.0,0.0,1066,19,47416,2026/09/14,WTXOU6,175,,,44850.0,1101.0,43749.0,45951.0,44800.0,6.1685012567976045,722,1,,,,,,,,,,,,,,,,,,,,
2026-09-14T15:38:01+08:00,2026-09-14T15:37:01+08:00,60.0,live,震盪,neutral,-1.81653042688465,2026/09/14,15:37:20,45774.0,45775.0,45779.0,-1.0,3.0,0.01,1071,5,47416,2026/09/14,WTXOU6,175,,,44850.0,1101.0,43749.0,45951.0,44800.0,6.1861507476546524,722,1,,,,,,,,,,,,,,,,,,,,
2026-09-14T15:39:01+08:00,2026-09-14T15:38:01+08:00,60.0,live,震盪,neutral,3.6330608537693,2026/09/14,15:38:56,45776.0,45774.0,45778.0,2.0,1.0,0.0,1081,10,47416,2026/09/14,WTXOU6,175,,,44850.0,1101.0,43749.0,45951.0,44800.0,6.15090212108711,722,1,,,,,,,,,,,,,,,,,,,,
2026-09-14T15:40:01+08:00,2026-09-14T15:39:01+08:00,60.0,live,強勢偏空,strong_bear,-46.08294930875576,2026/09/14,15:39:59,45751.0,45752.0,45758.0,-25.0,26.0,0.06,1143,62,47416,2026/09/14,WTXOU6,175,,,44850.0,1085.0,43765.0,45935.0,44800.0,4.954742785746225,722,0,,,,,,,,,,,,,,,,,,,,
2026-09-14T15:41:01+08:00,2026-09-14T15:40:01+08:00,60.0,live,震盪,neutral,-7.400555041628124,2026/09/14,15:40:53,45747.0,45743.0,45748.0,-4.0,30.0,0.07,1166,23,47416,2026/09/14,WTXOU6,175,,,44850.0,1081.0,43769.0,45931.0,44800.0,5.011693228819181,722,0,,,,,,,,,,,,,,,,,,,,
2026-09-14T15:42:01+08:00,2026-09-14T15:41:01+08:00,60.0,live,溫和偏空,mild_bear,-31.835205992509362,2026/09/14,15:41:57,45730.0,45728.0,45733.0,-17.0,47.0,0.1,1197,31,47416,2026/09/14,WTXOU6,175,,,44850.0,1068.0,43782.0,45918.0,44800.0,7.014835958183076,722,1,,,,,,,,,,,,,,,,,,,,
2026-09-14T15:43:01+08:00,2026-09-14T15:42:01+08:00,60.0,live,溫和偏多,mild_bull,16.830294530154276,2026/09/14,15:42:58,45739.0,45735.0,45738.0,9.0,38.0,0.08,1258,61,47416,2026/09/14,WTXOU6,175,,,44850.0,1069.5,43780.5,45919.5,44800.0,6.836753901139845,722,15,,,,,,,,,,,,,,,,,,,,
2026-09-14T15:44:01+08:00,2026-09-14T15:43:01+08:00,60.0,live,溫和偏空,mild_bear,-16.877637130801688,2026/09/14,15:43:53,45730.0,45725.0,45730.0,-9.0,47.0,0.1,1279,21,47416,2026/09/14,WTXOU6,175,,,44850.0,1066.5,43783.5,45916.5,44800.0,5.261126968637306,722,0,,,,,,,,,,,,,,,,,,,,
2026-09-14T15:45:01+08:00,2026-09-14T15:44:01+08:00,60.0,live,溫和偏空,mild_bear,-26.4775413711584,2026/09/14,15:44:57,45716.0,45713.0,45717.0,-14.0,61.0,0.13,1317,38,47416,2026/09/14,WTXOU6,175,,,44850.0,1057.5,43792.5,45907.5,44850.0,6.633924173733839,494,2,44750.0,2.386685115229897,243,0,,,,,,,,,,,,,,,,
2026-09-14T15:46:01+08:00,2026-09-14T15:45:01+08:00,60.0,live,強勢偏空,strong_bear,-54.080154514727184,2026/09/14,15:45:57,45688.0,45688.0,45690.0,-28.0,89.0,0.19,1396,79,47416,2026/09/14,WTXOU6,175,,,44850.0,1035.5,43814.5,45885.5,44800.0,5.931904092897909,722,0,44700.0,5.310219721179457,720,2,,,,,,,,,,,,,,,,
2026-09-14T15:47:01+08:00,2026-09-14T15:46:01+08:00,60.0,live,震盪,neutral,11.555127587867114,2026/09/14,15:46:58,45694.0,45692.0,45697.0,6.0,83.0,0.18,1431,35,47416,2026/09/14,WTXOU6,175,,,44850.0,1038.5,43811.5,45888.5,44800.0,7.774774634294573,722,29,44700.0,4.647895716285097,720,1,,,,,,,,,,,,,,,,
2026-09-14T15:48:01+08:00,2026-09-14T15:47:01+08:00,60.0,live,震盪,neutral,-3.8517091959557046,2026/09/14,15:47:46,45692.0,45695.0,45700.0,-2.0,85.0,0.19,1447,16,47416,2026/09/14,WTXOU6,175,,,44850.0,1038.5,43811.5,45888.5,44800.0,7.819329095142116,722,6,44700.0,5.249876968315639,720,2,,,,,,,,,,,,,,,,
2026-09-14T15:49:01+08:00,2026-09-14T15:48:01+08:00,60.0,live,震盪,neutral,1.9295706705258084,2026/09/14,15:48:58,45693.0,45691.0,45693.0,1.0,84.0,0.18,1469,22,47416,2026/09/14,WTXOU6,175,,,44850.0,1036.5,43813.5,45886.5,44800.0,7.7970200401251,722,13,44700.0,5.297627343419645,720,5,,,,,,,,,,,,,,,,
2026-09-14T15:50:01+08:00,2026-09-14T15:49:01+08:00,60.0,live,溫和偏空,mild_bear,-27.158098933074683,2026/09/14,15:49:54,45679.0,45681.0,45684.0,-14.0,98.0,0.21,1733,264,47416,2026/09/14,WTXOU6,175,,,44850.0,1031.0,43819.0,45881.0,44800.0,7.84341405114078,722,6,44700.0,6.09291134864965,720,8,,,,,,,,,,,,,,,,
2026-09-14T15:51:01+08:00,2026-09-14T15:50:01+08:00,60.0,live,溫和偏空,mild_bear,-31.511570654849823,2026/09/14,15:50:59,45663.0,45659.0,45662.0,-16.0,114.0,0.25,1780,47,47416,2026/09/14,WTXOU6,175,,,44850.0,1015.5,43834.5,45865.5,44800.0,8.494814345077225,722,1,44700.0,4.781994019022529,720,0,,,,,,,,,,,,,,,,
2026-09-14T15:52:01+08:00,2026-09-14T15:51:01+08:00,60.0,live,強勢偏空,strong_bear,-64.22478675363773,2026/09/14,15:51:54,45631.0,45628.0,45631.0,-32.0,146.0,0.32,1842,62,47416,2026/09/14,WTXOU6,175,,,44850.0,996.5,43853.5,45846.5,44800.0,9.308095186536486,722,11,44700.0,6.821578665401164,720,9,,,,,,,,,,,,,,,,
2026-09-14T15:53:01+08:00,2026-09-14T15:52:01+08:00,60.0,live,溫和偏空,mild_bear,-16.161616161616166,2026/09/14,15:52:59,45623.0,45618.0,45624.0,-8.0,154.0,0.34,1906,64,47416,2026/09/14,WTXOU6,175,,,44850.0,990.0,43860.0,45840.0,44800.0,9.271951352407022,722,4,44700.0,6.746820431185337,720,3,,,,,,,,,,,,,,,,
2026-09-14T15:54:01+08:00,2026-09-14T15:53:01+08:00,60.0,live,溫和偏空,mild_bear,-16.26842907981698,2026/09/14,15:53:59,45615.0,45614.0,45618.0,-8.0,162.0,0.35,1946,40,47416,2026/09/14,WTXOU6,175,,,44850.0,983.5,43866.5,45833.5,44800.0,9.743484034261469,722,8,44700.0,5.484908849512505,720,0,,,,,,,,,,,,,,,,
2026-09-14T15:55:01+08:00,2026-09-14T15:54:01+08:00,60.0,live,震盪,neutral,14.13427561837456,2026/09/14,15:54:53,45622.0,45620.0,45624.0,7.0,155.0,0.34,1990,44,47416,2026/09/14,WTXOU6,175,,,44850.0,990.5,43859.5,45840.5,44800.0,9.550550123768643,722,5,44700.0,6.178715781080446,720,1,,,,,,,,,,,,,,,,
2026-09-14T15:56:01+08:00,2026-09-14T15:55:01+08:00,60.0,live,溫和偏多,mild_bull,38.057085628442664,2026/09/14,15:55:55,45641.0,45633.0,45638.0,19.0,136.0,0.3,2038,48,47416,2026/09/14,WTXOU6,175,,,44850.0,998.5,43851.5,45848.5,44800.0,9.045912906212402,722,3,44700.0,6.479819198336002,720,2,,,,,,,,,,,,,,,,
2026-09-14T15:57:01+08:00,2026-09-14T15:56:01+08:00,60.0,live,震盪,neutral,-14.049172102358254,2026/09/14,15:56:51,45634.0,45632.0,45635.0,-7.0,143.0,0.31,2058,20,47416,2026/09/14,WTXOU6,175,,,44850.0,996.5,43853.5,45846.5,44800.0,8.552900036967383,722,1,44700.0,6.928874914539338,720,2,,,,,,,,,,,,,,,,
2026-09-14T15:58:01+08:00,2026-09-14T15:57:01+08:00,60.0,live,震盪,neutral,0.0,2026/09/14,15:57:53,45634.0,45630.0,45634.0,0.0,143.0,0.31,2092,34,47416,2026/09/14,WTXOU6,175,,,44850.0,994.5,43855.5,45844.5,44800.0,9.228652468683219,722,1,44700.0,5.195094220564682,720,0,,,,,,,,,,,,,,,,
2026-09-14T15:59:01+08:00,2026-09-14T15:58:01+08:00,60.0,live,強勢偏多,strong_bull,68.7960687960688,2026/09/14,15:58:50,45669.0,45666.0,45669.0,35.0,108.0,0.24,2131,39,47416,2026/09/14,WTXOU6,175,,,44850.0,1017.5,43832.5,45867.5,44800.0,8.350430071714511,722,16,44700.0,5.092913052633437,720,1,,,,,,,,,,,,,,,,
2026-09-14T16:00:01+08:00,2026-09-14T15:59:01+08:00,60.0,live,溫和偏空,mild_bear,-31.6988608221892,2026/09/14,15:59:53,45653.0,45654.0,45659.0,-16.0,124.0,0.27,2147,16,47416,2026/09/14,WTXOU6,175,,,44850.0,1009.5,43840.5,45859.5,44800.0,8.34002191542007,722,2,44700.0,6.562763212872396,720,3,,,,,,,,,,,,,,,,
2026-09-14T16:01:01+08:00,2026-09-14T16:00:01+08:00,60.0,live,溫和偏空,mild_bear,-19.9700449326011,2026/09/14,16:00:55,45643.0,45640.0,45644.0,-10.0,134.0,0.29,2201,54,47416,2026/09/14,WTXOU6,175,,,44850.0,1001.5,43848.5,45851.5,44800.0,8.994369382783969,722,7,44700.0,6.491322017186602,720,5,,,,,,,,,,,,,,,,
2026-09-14T16:02:01+08:00,2026-09-14T16:01:01+08:00,60.0,live,溫和偏多,mild_bull,27.464443354585583,2026/09/14,16:01:50,45657.0,45662.0,45666.0,14.0,120.0,0.26,2233,32,47416,2026/09/14,WTXOU6,175,,,44850.0,1019.5,43830.5,45869.5,44800.0,8.641695114813837,722,4,44700.0,4.864677752163433,720,0,,,,,,,,,,,,,,,,
2026-09-14T16:03:01+08:00,2026-09-14T16:02:01+08:00,60.0,live,溫和偏空,mild_bear,-21.664204825209254,2026/09/14,16:02:47,45646.0,45660.0,45665.0,-11.0,131.0,0.29,2251,18,47416,2026/09/14,WTXOU6,175,,,44850.0,1015.5,43834.5,45865.5,44800.0,6.688203188613201,722,0,44700.0,6.695339824050715,720,3,,,,,,,,,,,,,,,,
2026-09-14T16:04:01+08:00,2026-09-14T16:03:01+08:00,60.0,live,強勢偏多,strong_bull,71.74018419777025,2026/09/14,16:03:59,45683.0,45678.0,45683.0,37.0,94.0,0.21,2289,38,47416,2026/09/14,WTXOU6,175,,,44850.0,1031.5,43818.5,45881.5,44800.0,7.435534083680346,722,1,44700.0,6.0236744690029695,720,2,,,,,,,,,,,,,,,,
2026-09-14T16:05:01+08:00,2026-09-14T16:04:01+08:00,60.0,live,溫和偏空,mild_bear,-35.3460972017673,2026/09/14,16:04:56,45665.0,45663.0,45667.0,-18.0,112.0,0.24,2399,110,47416,2026/09/14,WTXOU6,175,,,44850.0,1018.5,43831.5,45868.5,44800.0,8.446410975870009,722,85,44700.0,5.271091140077679,720,9,,,,,,,,,,,,,,,,
2026-09-14T16:06:01+08:00,2026-09-14T16:05:01+08:00,60.0,live,強勢偏多,strong_bull,58.02707930367505,2026/09/14,16:05:57,45695.0,45695.0,45699.0,30.0,82.0,0.18,2436,37,47416,2026/09/14,WTXOU6,175,,,44850.0,1034.0,43816.0,45884.0,44800.0,7.752592696055255,722,36,44700.0,4.606920195343156,720,1,,,,,,,,,,,,,,,,
2026-09-14T16:07:01+08:00,2026-09-14T16:06:01+08:00,60.0,live,溫和偏多,mild_bull,23.099133782483154,2026/09/14,16:06:57,45707.0,45707.0,45710.0,12.0,70.0,0.15,2474,38,47416,2026/09/14,WTXOU6,175,,,44850.0,1039.0,43811.0,45889.0,44800.0,7.49129451141122,722,16,,,,,,,,,,,,,,,,,,,,
2026-09-14T16:08:01+08:00,2026-09-14T16:07:01+08:00,60.0,live,溫和偏空,mild_bear,-44.89995119570522,2026/09/14,16:07:56,45684.0,45681.0,45685.0,-23.0,93.0,0.2,2505,31,47416,2026/09/14,WTXOU6,175,,,44850.0,1024.5,43825.5,45874.5,44800.0,7.633102761691885,722,4,44700.0,5.371256061311162,720,2,,,,,,,,,,,,,,,,
2026-09-14T16:09:01+08:00,2026-09-14T16:08:01+08:00,60.0,live,溫和偏多,mild_bull,17.433414043583532,2026/09/14,16:08:58,45693.0,45690.0,45692.0,9.0,84.0,0.18,2526,21,47416,2026/09/14,WTXOU6,175,,,44850.0,1032.5,43817.5,45882.5,44800.0,7.7970200401251,722,1,44700.0,4.38918399902218,720,0,,,,,,,,,,,,,,,,
2026-09-14T16:10:01+08:00,2026-09-14T16:09:01+08:00,60.0,live,溫和偏多,mild_bull,24.773701762744167,2026/09/14,16:09:56,45706.0,45706.0,45710.0,13.0,71.0,0.16,2559,33,47416,2026/09/14,WTXOU6,175,,,44850.0,1049.5,43800.5,45899.5,44800.0,7.512728815869036,722,2,,,,,,,,,,,,,,,,,,,,
2026-09-14T16:11:01+08:00,2026-09-14T16:10:01+08:00,60.0,live,溫和偏空,mild_bear,-42.86410131514856,2026/09/14,16:10:59,45684.0,45682.0,45687.0,-22.0,93.0,0.2,2604,45,47416,2026/09/14,WTXOU6,175,,,44850.0,1026.5,43823.5,45876.5,44800.0,7.633102761691885,722,2,44700.0,5.371256061311162,720,1,,,,,,,,,,,,,,,,
2026-09-14T16:12:01+08:00,2026-09-14T16:11:01+08:00,60.0,live,震盪,neutral,-5.833738454059309,2026/09/14,16:11:59,45681.0,45682.0,45687.0,-3.0,96.0,0.21,2620,16,47416,2026/09/14,WTXOU6,175,,,44850.0,1028.5,43821.5,45878.5,44800.0,7.478144477909728,722,1,44700.0,5.614193013026203,720,1,,,,,,,,,,,,,,,,
2026-09-14T16:13:01+08:00,2026-09-14T16:12:01+08:00,60.0,live,溫和偏空,mild_bear,-17.629774730656216,2026/09/14,16:13:00,45672.0,45671.0,45676.0,-9.0,105.0,0.23,2639,19,47416,2026/09/14,WTXOU6,175,,,44850.0,1021.0,43829.0,45871.0,44800.0,6.209370624563549,722,0,44700.0,4.660595979673863,720,0,,,,,,,,,,,,,,,,
2026-09-14T16:14:01+08:00,2026-09-14T16:13:01+08:00,60.0,live,震盪,neutral,-7.8624078624078635,2026/09/14,16:13:55,45668.0,45665.0,45667.0,-4.0,109.0,0.24,2650,11,47416,2026/09/14,WTXOU6,175,,,44850.0,1017.5,43832.5,45867.5,44800.0,8.374322559219596,722,1,44700.0,4.714165461986855,720,0,,,,,,,,,,,,,,,,
2026-09-14T16:15:01+08:00,2026-09-14T16:14:01+08:00,60.0,live,溫和偏多,mild_bull,36.82170542635659,2026/09/14,16:14:57,45687.0,45685.0,45690.0,19.0,90.0,0.2,2668,18,47416,2026/09/14,WTXOU6,175,,,44850.0,1032.0,43818.0,45882.0,44800.0,7.931835500313354,722,9,44700.0,4.465075795841212,720,0,,,,,,,,,,,,,,,,
2026-09-14T16:16:01+08:00,2026-09-14T16:15:01+08:00,60.0,live,溫和偏空,mild_bear,-15.663240332843856,2026/09/14,16:15:54,45679.0,45670.0,45674.0,-8.0,98.0,0.21,2679,11,47416,2026/09/14,WTXOU6,175,,,44850.0,1021.5,43828.5,45871.5,44800.0,8.115222464356172,722,1,44700.0,4.568309996095118,720,0,,,,,,,,,,,,,,,,
2026-09-14T16:17:01+08:00,2026-09-14T16:16:01+08:00,60.0,live,溫和偏空,mild_bear,-17.690417690417693,2026/09/14,16:16:52,45670.0,45666.0,45670.0,-9.0,107.0,0.23,2704,25,47416,2026/09/14,WTXOU6,175,,,44850.0,1017.5,43832.5,45867.5,44800.0,8.32660575103189,722,1,44700.0,4.687304193206723,720,0,,,,,,,,,,,,,,,,
2026-09-14T16:18:01+08:00,2026-09-14T16:17:01+08:00,60.0,live,震盪,neutral,13.705335291238374,2026/09/14,16:17:43,45677.0,45670.0,45675.0,7.0,100.0,0.22,2724,20,47416,2026/09/14,WTXOU6,175,,,44850.0,1021.5,43828.5,45871.5,44800.0,7.564099220627295,722,1,44700.0,6.127827650780586,720,2,,,,,,,,,,,,,,,,
2026-09-14T16:19:01+08:00,2026-09-14T16:18:01+08:00,60.0,live,強勢偏空,strong_bear,-73.59522625559423,2026/09/14,16:18:58,45640.0,45648.0,45652.0,-37.0,137.0,0.3,2761,37,47416,2026/09/14,WTXOU6,175,,,44850.0,1005.5,43844.5,45855.5,44800.0,8.407528495363639,722,2,44700.0,6.811106529131758,720,4,,,,,,,,,,,,,,,,
2026-09-14T16:20:01+08:00,2026-09-14T16:19:01+08:00,60.0,live,震盪,neutral,-6.0,2026/09/14,16:19:53,45637.0,45639.0,45643.0,-3.0,140.0,0.31,2782,21,47416,2026/09/14,WTXOU6,175,,,44850.0,1000.0,43850.0,45850.0,44850.0,8.313750212920686,494,1,44700.0,6.869738362554728,720,1,,,,,,,,,,,,,,,,
2026-09-14T16:21:01+08:00,2026-09-14T16:20:01+08:00,60.0,live,強勢偏多,strong_bull,45.4320987654321,2026/09/14,16:20:53,45660.0,45662.0,45666.0,23.0,117.0,0.26,2809,27,47416,2026/09/14,WTXOU6,175,,,44850.0,1012.5,43837.5,45862.5,44800.0,8.567939987365945,722,6,44700.0,5.75249235046623,720,2,,,,,,,,,,,,,,,,
2026-09-14T16:22:01+08:00,2026-09-14T16:21:01+08:00,60.0,live,溫和偏多,mild_bull,15.763546798029559,2026/09/14,16:21:49,45668.0,45662.0,45667.0,8.0,109.0,0.24,2827,18,47416,2026/09/14,WTXOU6,175,,,44850.0,1015.0,43835.0,45865.0,44800.0,7.761126986781612,722,1,44700.0,6.287443774022266,720,2,,,,,,,,,,,,,,,,
2026-09-14T16:23:01+08:00,2026-09-14T16:22:01+08:00,60.0,live,強勢偏空,strong_bear,-45.95404595404595,2026/09/14,16:22:58,45645.0,45642.0,45646.0,-23.0,132.0,0.29,2854,27,47416,2026/09/14,WTXOU6,175,,,44850.0,1001.0,43849.0,45851.0,44800.0,6.7073396653866215,722,0,44700.0,5.034358901874239,720,0,,,,,,,,,,,,,,,,
2026-09-14T16:24:02+08:00,2026-09-14T16:23:01+08:00,61.0,live,震盪,neutral,11.946241911398706,2026/09/14,16:23:59,45651.0,45647.0,45650.0,6.0,126.0,0.28,2869,15,47416,2026/09/14,WTXOU6,175,,,44850.0,1004.5,43845.5,45854.5,44800.0,6.593336660206763,722,0,44700.0,4.948791139900082,720,0,,,,,,,,,,,,,,,,
2026-09-14T16:25:01+08:00,2026-09-14T16:24:02+08:00,59.0,live,震盪,neutral,-9.970089730807578,2026/09/14,16:24:55,45646.0,45643.0,45648.0,-5.0,131.0,0.29,2876,7,47416,2026/09/14,WTXOU6,175,,,44850.0,1003.0,43847.0,45853.0,44800.0,7.598352361288634,722,1,44700.0,5.703951984722046,720,1,,,,,,,,,,,,,,,,
2026-09-14T16:26:01+08:00,2026-09-14T16:25:01+08:00,60.0,live,溫和偏多,mild_bull,15.88089330024814,2026/09/14,16:25:33,45654.0,45651.0,45655.0,8.0,123.0,0.27,2880,4,47416,2026/09/14,WTXOU6,175,,,44850.0,1007.5,43842.5,45857.5,44800.0,6.5370638596485975,722,0,44700.0,4.906554204161558,720,0,,,,,,,,,,,,,,,,
2026-09-14T16:27:01+08:00,2026-09-14T16:26:01+08:00,60.0,live,溫和偏空,mild_bear,-21.989005497251373,2026/09/14,16:26:58,45643.0,45641.0,45645.0,-11.0,134.0,0.29,2889,9,47416,2026/09/14,WTXOU6,175,,,44850.0,1000.5,43849.5,45850.5,44800.0,8.994369382783969,722,3,44700.0,5.06320901742571,720,0,,,,,,,,,,,,,,,,
2026-09-14T16:28:01+08:00,2026-09-14T16:27:01+08:00,60.0,live,震盪,neutral,5.9880239520958085,2026/09/14,16:27:57,45646.0,45645.0,45650.0,3.0,131.0,0.29,2926,37,47416,2026/09/14,WTXOU6,175,,,44850.0,1002.0,43848.0,45852.0,44800.0,8.917604251484269,722,5,44700.0,5.0199955481452,720,0,,,,,,,,,,,,,,,,
2026-09-14T16:29:01+08:00,2026-09-14T16:28:01+08:00,60.0,live,溫和偏空,mild_bear,-21.989005497251373,2026/09/14,16:28:33,45635.0,45641.0,45644.0,-11.0,142.0,0.31,2931,5,47416,2026/09/14,WTXOU6,175,,,44850.0,1000.5,43849.5,45850.5,44800.0,6.901741891741412,722,0,44700.0,5.180272278506106,720,0,,,,,,,,,,,,,,,,
2026-09-14T16:30:01+08:00,2026-09-14T16:29:01+08:00,60.0,live,強勢偏空,strong_bear,-86.5979381443299,2026/09/14,16:29:59,45593.0,45591.0,45594.0,-42.0,184.0,0.4,3107,176,47416,2026/09/14,WTXOU6,175,,,44850.0,970.0,43880.0,45820.0,44800.0,9.939945363301256,722,9,44700.0,7.369862120203854,720,8,44600.0,4.411876604207603,452,4,,,,,,,,,,,,
2026-09-14T16:31:01+08:00,2026-09-14T16:30:01+08:00,60.0,live,溫和偏多,mild_bull,30.737704918032783,2026/09/14,16:30:59,45608.0,45608.0,45612.0,15.0,169.0,0.37,3223,116,47416,2026/09/14,WTXOU6,175,,,44850.0,976.0,43874.0,45826.0,44800.0,9.94031546828285,722,16,44700.0,6.639664604977014,720,5,,,,,,,,,,,,,,,,
2026-09-14T16:32:01+08:00,2026-09-14T16:31:01+08:00,60.0,live,震盪,neutral,14.278429372768997,2026/09/14,16:31:57,45615.0,45613.0,45618.0,7.0,162.0,0.35,3246,23,47416,2026/09/14,WTXOU6,175,,,44850.0,980.5,43869.5,45830.5,44800.0,9.030033933948387,722,2,44700.0,6.779269051182208,720,2,,,,,,,,,,,,,,,,
2026-09-14T16:33:01+08:00,2026-09-14T16:32:01+08:00,60.0,live,溫和偏多,mild_bull,28.35443037974684,2026/09/14,16:32:52,45629.0,45626.0,45631.0,14.0,148.0,0.32,3298,52,47416,2026/09/14,WTXOU6,175,,,44850.0,987.5,43862.5,45837.5,44800.0,9.361436560667693,722,9,44700.0,5.856084747816949,720,1,,,,,,,,,,,,,,,,
2026-09-14T16:34:01+08:00,2026-09-14T16:33:01+08:00,60.0,live,溫和偏空,mild_bear,-28.54230377166157,2026/09/14,16:33:58,45615.0,45612.0,45616.0,-14.0,162.0,0.35,3303,5,47416,2026/09/14,WTXOU6,175,,,44850.0,981.0,43869.0,45831.0,44800.0,9.743484034261469,722,2,44700.0,7.3154106013097735,720,2,,,,,,,,,,,,,,,,
2026-09-14T16:35:01+08:00,2026-09-14T16:34:01+08:00,60.0,live,震盪,neutral,-14.263881813550688,2026/09/14,16:34:57,45608.0,45610.0,45614.0,-7.0,169.0,0.37,3330,27,47416,2026/09/14,WTXOU6,175,,,44850.0,981.5,43868.5,45831.5,44800.0,9.94031546828285,722,3,44700.0,7.463191698302167,720,3,,,,,,,,,,,,,,,,
2026-09-14T16:36:01+08:00,2026-09-14T16:35:01+08:00,60.0,live,強勢偏多,strong_bull,50.377833753148614,2026/09/14,16:35:59,45633.0,45631.0,45635.0,25.0,144.0,0.31,3355,25,47416,2026/09/14,WTXOU6,175,,,44850.0,992.5,43857.5,45842.5,44800.0,7.81581406966066,722,1,44700.0,6.9487000080852015,720,7,,,,,,,,,,,,,,,,
2026-09-14T16:37:01+08:00,2026-09-14T16:36:01+08:00,60.0,live,震盪,neutral,-8.080808080808083,2026/09/14,16:36:55,45629.0,45629.0,45633.0,-4.0,148.0,0.32,3394,39,47416,2026/09/14,WTXOU6,175,,,44850.0,990.0,43860.0,45840.0,44850.0,8.50596718606614,494,8,44700.0,6.914980732569614,720,7,,,,,,,,,,,,,,,,
2026-09-14T16:38:01+08:00,2026-09-14T16:37:01+08:00,60.0,live,溫和偏多,mild_bull,20.09040683073832,2026/09/14,16:38:00,45639.0,45638.0,45642.0,10.0,138.0,0.3,3477,83,47416,2026/09/14,WTXOU6,175,,,44850.0,995.5,43854.5,45845.5,44850.0,8.26637854537085,494,27,44700.0,6.798644395057224,720,26,,,,,,,,,,,,,,,,
2026-09-14T16:39:01+08:00,2026-09-14T16:38:01+08:00,60.0,live,溫和偏空,mild_bear,-18.181818181818183,2026/09/14,16:38:50,45630.0,45627.0,45632.0,-9.0,147.0,0.32,3486,9,47416,2026/09/14,WTXOU6,175,,,44850.0,990.0,43860.0,45840.0,44800.0,7.001045829484863,722,0,44700.0,7.008516283111547,720,1,,,,,,,,,,,,,,,,
2026-09-14T16:40:01+08:00,2026-09-14T16:39:01+08:00,60.0,live,溫和偏多,mild_bull,16.03206412825651,2026/09/14,16:39:54,45638.0,45639.0,45643.0,8.0,139.0,0.3,3499,13,47416,2026/09/14,WTXOU6,175,,,44850.0,998.0,43852.0,45848.0,44800.0,9.12378255285606,722,2,44700.0,6.348096478918439,720,1,,,,,,,,,,,,,,,,
2026-09-14T16:41:01+08:00,2026-09-14T16:40:01+08:00,60.0,live,溫和偏空,mild_bear,-30.22670025188917,2026/09/14,16:40:51,45623.0,45630.0,45634.0,-15.0,154.0,0.34,3519,20,47416,2026/09/14,WTXOU6,175,,,44850.0,992.5,43857.5,45842.5,44800.0,9.523301782438919,722,2,44700.0,6.626071825205191,720,1,,,,,,,,,,,,,,,,
2026-09-14T16:42:01+08:00,2026-09-14T16:41:01+08:00,60.0,live,強勢偏多,strong_bull,53.89221556886228,2026/09/14,16:41:58,45650.0,45645.0,45649.0,27.0,127.0,0.28,3533,14,47416,2026/09/14,WTXOU6,175,,,44850.0,1002.0,43848.0,45852.0,44800.0,8.816268936235746,722,1,44700.0,4.962950761555481,720,0,,,,,,,,,,,,,,,,
2026-09-14T16:43:01+08:00,2026-09-14T16:42:01+08:00,60.0,live,溫和偏空,mild_bear,-20.040080160320638,2026/09/14,16:42:57,45640.0,45638.0,45643.0,-10.0,137.0,0.3,3545,12,47416,2026/09/14,WTXOU6,175,,,44850.0,998.0,43852.0,45848.0,44800.0,9.071795328941251,722,2,44700.0,5.106794479850309,720,0,,,,,,,,,,,,,,,,
2026-09-14T16:44:02+08:00,2026-09-14T16:43:01+08:00,61.0,live,震盪,neutral,-12.09068010075567,2026/09/14,16:43:56,45634.0,45631.0,45635.0,-6.0,143.0,0.31,3565,20,47416,2026/09/14,WTXOU6,175,,,44850.0,992.5,43857.5,45842.5,44800.0,9.228652468683219,722,1,44700.0,6.928874914539338,720,1,,,,,,,,,,,,,,,,
2026-09-14T16:45:01+08:00,2026-09-14T16:44:02+08:00,59.0,live,震盪,neutral,6.036217303822938,2026/09/14,16:44:58,45637.0,45633.0,45638.0,3.0,140.0,0.31,3576,11,47416,2026/09/14,WTXOU6,175,,,44850.0,994.0,43856.0,45844.0,44800.0,9.149887778427807,722,2,44700.0,6.366259832721905,720,1,,,,,,,,,,,,,,,,
2026-09-14T16:46:01+08:00,2026-09-14T16:45:01+08:00,60.0,live,溫和偏空,mild_bear,-20.151133501259448,2026/09/14,16:45:49,45627.0,45628.0,45633.0,-10.0,150.0,0.33,3592,16,47416,2026/09/14,WTXOU6,175,,,44850.0,992.5,43857.5,45842.5,44800.0,9.415083615191849,722,2,44700.0,6.550776369348334,720,1,,,,,,,,,,,,,,,,
2026-09-14T16:47:01+08:00,2026-09-14T16:46:01+08:00,60.0,live,溫和偏空,mild_bear,-40.92071611253198,2026/09/14,16:46:56,45607.0,45603.0,45608.0,-20.0,170.0,0.37,3655,63,47416,2026/09/14,WTXOU6,175,,,44850.0,977.5,43872.5,45827.5,44800.0,8.26466717327099,722,1,44700.0,6.203960798320196,720,1,,,,,,,,,,,,,,,,
2026-09-14T16:48:01+08:00,2026-09-14T16:47:01+08:00,60.0,live,溫和偏空,mild_bear,-28.955532574974153,2026/09/14,16:47:58,45593.0,45590.0,45592.0,-14.0,184.0,0.4,3686,31,47416,2026/09/14,WTXOU6,175,,,44850.0,967.0,43883.0,45817.0,44800.0,10.375589671135902,722,2,44700.0,7.789995694370826,720,2,44600.0,3.5993401754956103,452,0,,,,,,,,,,,,
2026-09-14T16:49:01+08:00,2026-09-14T16:48:01+08:00,60.0,live,震盪,neutral,-10.330578512396693,2026/09/14,16:48:59,45588.0,45587.0,45591.0,-5.0,189.0,0.41,3702,16,47416,2026/09/14,WTXOU6,175,,,44850.0,968.0,43882.0,45818.0,44800.0,10.524876174009473,722,8,44700.0,6.913429361301406,720,2,44600.0,3.6511283556842407,452,0,,,,,,,,,,,,
2026-09-14T16:50:01+08:00,2026-09-14T16:49:01+08:00,60.0,live,溫和偏多,mild_bull,28.836251287332647,2026/09/14,16:49:56,45602.0,45597.0,45601.0,14.0,175.0,0.38,3775,73,47416,2026/09/14,WTXOU6,175,,,44850.0,971.0,43879.0,45821.0,44800.0,9.542359556524884,722,3,44700.0,7.592235053084107,720,5,,,,,,,,,,,,,,,,
2026-09-14T16:51:01+08:00,2026-09-14T16:50:01+08:00,60.0,live,震盪,neutral,-14.477766287487077,2026/09/14,16:50:53,45595.0,45594.0,45598.0,-7.0,182.0,0.4,3802,27,47416,2026/09/14,WTXOU6,175,,,44850.0,967.0,43883.0,45817.0,44800.0,9.226406381041613,722,2,44700.0,7.177937917730192,720,3,44600.0,5.0353055137010765,452,6,,,,,,,,,,,,
2026-09-14T16:52:01+08:00,2026-09-14T16:51:01+08:00,60.0,live,震盪,neutral,10.256410256410255,2026/09/14,16:51:52,45600.0,45602.0,45606.0,5.0,177.0,0.39,3821,19,47416,2026/09/14,WTXOU6,175,,,44850.0,975.0,43875.0,45825.0,44800.0,10.170139230422684,722,2,44700.0,5.725086269918418,720,0,44600.0,3.5280684648005014,452,0,,,,,,,,,,,,
2026-09-14T16:53:01+08:00,2026-09-14T16:52:01+08:00,60.0,live,溫和偏多,mild_bull,32.56997455470738,2026/09/14,16:52:54,45616.0,45614.0,45619.0,16.0,161.0,0.35,3841,20,47416,2026/09/14,WTXOU6,175,,,44850.0,982.5,43867.5,45832.5,44800.0,8.689102302100393,722,1,44700.0,7.294539258565287,720,3,,,,,,,,,,,,,,,,
2026-09-14T16:54:01+08:00,2026-09-14T16:53:01+08:00,60.0,live,強勢偏空,strong_bear,-77.36539466806065,2026/09/14,16:53:59,45579.0,45575.0,45579.0,-37.0,198.0,0.43,3877,36,47416,2026/09/14,WTXOU6,175,,,44850.0,956.5,43893.5,45806.5,44800.0,10.799025518317505,722,2,44700.0,6.079105833524428,720,0,44600.0,3.7462320346393527,452,0,,,,,,,,,,,,
2026-09-14T16:55:01+08:00,2026-09-14T16:54:01+08:00,60.0,live,強勢偏空,strong_bear,-48.78048780487804,2026/09/14,16:54:59,45556.0,45555.0,45559.0,-23.0,221.0,0.48,3946,69,47416,2026/09/14,WTXOU6,175,,,44850.0,943.0,43907.0,45793.0,44800.0,10.688063456034023,722,1,44700.0,8.024029403938355,720,1,44600.0,5.1519611226367585,452,1,,,,,,,,,,,,
2026-09-14T16:56:01+08:00,2026-09-14T16:55:01+08:00,60.0,live,震盪,neutral,14.814814814814813,2026/09/14,16:55:57,45563.0,45560.0,45564.0,7.0,214.0,0.47,3985,39,47416,2026/09/14,WTXOU6,175,,,44850.0,945.0,43905.0,45795.0,44800.0,11.304153064044984,722,2,44700.0,6.3634577692335546,720,0,44600.0,5.049945457336532,452,1,,,,,,,,,,,,
2026-09-14T16:57:01+08:00,2026-09-14T16:56:01+08:00,60.0,live,溫和偏空,mild_bear,-38.35908364411294,2026/09/14,16:56:58,45545.0,45543.0,45546.0,-18.0,232.0,0.51,4040,55,47416,2026/09/14,WTXOU6,175,,,44850.0,938.5,43911.5,45788.5,44800.0,11.900718273536539,722,4,44700.0,6.699282797051699,720,0,44600.0,4.968483269961018,452,1,,,,,,,,,,,,
2026-09-14T16:58:02+08:00,2026-09-14T16:57:01+08:00,61.0,live,溫和偏多,mild_bull,19.01743264659271,2026/09/14,16:57:59,45554.0,45553.0,45557.0,9.0,223.0,0.49,4078,38,47416,2026/09/14,WTXOU6,175,,,44850.0,946.5,43903.5,45796.5,44800.0,10.14877571578108,722,1,44700.0,8.708232813463892,720,4,44600.0,4.842350923264106,452,1,,,,,,,,,,,,
2026-09-14T16:59:02+08:00,2026-09-14T16:58:02+08:00,60.0,live,強勢偏多,strong_bull,86.687306501548,2026/09/14,16:58:58,45596.0,45590.0,45594.0,42.0,181.0,0.4,4120,42,47416,2026/09/14,WTXOU6,175,,,44850.0,969.0,43881.0,45819.0,44800.0,8.765193302861153,722,3,44700.0,7.723509649952075,720,18,44600.0,4.59556509387931,452,9,,,,,,,,,,,,
2026-09-14T17:00:01+08:00,2026-09-14T16:59:02+08:00,59.0,live,強勢偏多,strong_bull,52.765093860984265,2026/09/14,16:59:58,45622.0,45619.0,45624.0,26.0,155.0,0.34,4187,67,47416,2026/09/14,WTXOU6,175,,,44850.0,985.5,43864.5,45835.5,44800.0,7.162912592826482,722,0,44700.0,7.170555766098015,720,4,,,,,,,,,,,,,,,,
2026-09-14T17:01:01+08:00,2026-09-14T17:00:01+08:00,60.0,live,溫和偏空,mild_bear,-26.4361972547026,2026/09/14,17:00:51,45609.0,45614.0,45618.0,-13.0,168.0,0.37,4228,41,47416,2026/09/14,WTXOU6,175,,,44850.0,983.5,43866.5,45833.5,44850.0,9.006178089536915,494,9,44700.0,6.457573440617875,720,2,,,,,,,,,,,,,,,,
2026-09-14T17:02:01+08:00,2026-09-14T17:01:01+08:00,60.0,live,強勢偏多,strong_bull,46.32426988922457,2026/09/14,17:01:54,45632.0,45632.0,45636.0,23.0,145.0,0.32,4283,55,47416,2026/09/14,WTXOU6,175,,,44850.0,993.0,43857.0,45843.0,44800.0,9.079365626746513,722,5,44700.0,6.457859124611354,720,3,,,,,,,,,,,,,,,,
2026-09-14T17:03:01+08:00,2026-09-14T17:02:01+08:00,60.0,live,溫和偏空,mild_bear,-38.67684478371501,2026/09/14,17:02:45,45613.0,45609.0,45614.0,-19.0,164.0,0.36,4313,30,47416,2026/09/14,WTXOU6,175,,,44850.0,982.5,43867.5,45832.5,44800.0,7.349490349960422,722,0,44700.0,6.436836758420692,720,1,,,,,,,,,,,,,,,,
2026-09-14T17:04:01+08:00,2026-09-14T17:03:01+08:00,60.0,live,溫和偏空,mild_bear,-16.393442622950822,2026/09/14,17:03:55,45605.0,45602.0,45607.0,-8.0,172.0,0.38,4325,12,47416,2026/09/14,WTXOU6,175,,,44850.0,976.0,43874.0,45826.0,44800.0,10.025884372280375,722,1,44700.0,5.643880743719813,720,0,,,,,,,,,,,,,,,,
2026-09-14T17:05:01+08:00,2026-09-14T17:04:01+08:00,60.0,live,震盪,neutral,0.0,2026/09/14,17:04:43,45605.0,45593.0,45594.0,0.0,172.0,0.38,4341,16,47416,2026/09/14,WTXOU6,175,,,44850.0,970.5,43879.5,45820.5,44800.0,8.966525039510316,722,1,44700.0,7.52743685591158,720,3,,,,,,,,,,,,,,,,
2026-09-14T17:06:01+08:00,2026-09-14T17:05:01+08:00,60.0,live,強勢偏空,strong_bear,-51.62622612287042,2026/09/14,17:05:55,45580.0,45579.0,45581.0,-25.0,197.0,0.43,4357,16,47416,2026/09/14,WTXOU6,175,,,44850.0,968.5,43881.5,45818.5,44800.0,9.979730893035992,722,1,44700.0,6.061761748776981,720,0,44600.0,5.255795356361615,452,2,,,,,,,,,,,,
2026-09-14T17:07:01+08:00,2026-09-14T17:06:01+08:00,60.0,live,溫和偏多,mild_bull,16.563146997929607,2026/09/14,17:06:52,45588.0,45584.0,45586.0,8.0,189.0,0.41,4374,17,47416,2026/09/14,WTXOU6,175,,,44850.0,966.0,43884.0,45816.0,44800.0,7.893657130507105,722,0,44700.0,7.902080043451058,720,9,44600.0,4.146427381296811,452,1,,,,,,,,,,,,
2026-09-14T17:08:01+08:00,2026-09-14T17:07:01+08:00,60.0,live,溫和偏空,mild_bear,-18.71101871101871,2026/09/14,17:07:49,45579.0,45576.0,45580.0,-9.0,198.0,0.43,4380,6,47416,2026/09/14,WTXOU6,175,,,44850.0,962.0,43888.0,45812.0,44800.0,10.799025518317505,722,2,44700.0,8.107911449613471,720,2,44600.0,3.7462320346393527,452,0,,,,,,,,,,,,
2026-09-14T17:09:01+08:00,2026-09-14T17:08:01+08:00,60.0,live,溫和偏多,mild_bull,18.6046511627907,2026/09/14,17:08:58,45588.0,45585.0,45589.0,9.0,189.0,0.41,4435,55,47416,2026/09/14,WTXOU6,175,,,44850.0,967.5,43882.5,45817.5,44800.0,8.92570614953445,722,2,44700.0,7.902080043451058,720,13,44600.0,3.6511283556842407,452,0,,,,,,,,,,,,
2026-09-14T17:10:01+08:00,2026-09-14T17:09:01+08:00,60.0,live,溫和偏空,mild_bear,-18.59504132231405,2026/09/14,17:09:51,45579.0,45583.0,45587.0,-9.0,198.0,0.43,4469,34,47416,2026/09/14,WTXOU6,175,,,44850.0,968.0,43882.0,45818.0,44800.0,9.93339242656798,722,6,44700.0,8.107911449613471,720,13,44600.0,4.781994693273323,452,6,,,,,,,,,,,,
2026-09-14T17:11:01+08:00,2026-09-14T17:10:01+08:00,60.0,live,溫和偏多,mild_bull,26.91511387163561,2026/09/14,17:10:39,45592.0,45580.0,45585.0,13.0,185.0,0.4,4482,13,47416,2026/09/14,WTXOU6,175,,,44850.0,966.0,43884.0,45816.0,44800.0,10.405276602760564,722,2,44700.0,7.81228465113042,720,2,44600.0,3.6096387097544493,452,0,,,,,,,,,,,,
2026-09-14T17:12:01+08:00,2026-09-14T17:11:01+08:00,60.0,live,強勢偏空,strong_bear,-99.57627118644068,2026/09/14,17:11:58,45545.0,45543.0,45548.0,-47.0,232.0,0.51,4562,80,47416,2026/09/14,WTXOU6,175,,,44850.0,944.0,43906.0,45794.0,44800.0,11.029308353204492,722,3,44700.0,8.935062685513905,720,6,44600.0,4.814327752857902,452,1,,,,,,,,,,,,
2026-09-14T17:13:01+08:00,2026-09-14T17:12:01+08:00,60.0,live,溫和偏空,mild_bear,-38.70967741935484,2026/09/14,17:12:58,45527.0,45524.0,45525.0,-18.0,250.0,0.55,4624,62,47416,2026/09/14,WTXOU6,175,,,44850.0,930.0,43920.0,45780.0,44800.0,12.528766606722488,722,8,44700.0,7.88501433372413,720,1,44600.0,4.971654382159827,452,1,,,,,,,,,,,,
2026-09-14T17:14:01+08:00,2026-09-14T17:13:01+08:00,60.0,live,震盪,neutral,-4.324324324324325,2026/09/14,17:13:56,45525.0,45524.0,45528.0,-2.0,252.0,0.55,4757,133,47416,2026/09/14,WTXOU6,175,,,44850.0,925.0,43925.0,45775.0,44800.0,12.600564500231181,722,15,44700.0,8.710394027845988,720,7,44600.0,5.2898358475575735,452,4,,,,,,,,,,,,
2026-09-14T17:15:01+08:00,2026-09-14T17:14:01+08:00,60.0,live,震盪,neutral,-6.472491909385113,2026/09/14,17:14:50,45522.0,45525.0,45530.0,-3.0,255.0,0.56,4802,45,47416,2026/09/14,WTXOU6,175,,,44850.0,927.0,43923.0,45777.0,44800.0,9.531775156523429,722,0,44700.0,9.541946020423053,720,2,44600.0,5.677552828513508,452,1,,,,,,,,,,,,
2026-09-14T17:16:01+08:00,2026-09-14T17:15:01+08:00,60.0,live,震盪,neutral,-10.84598698481562,2026/09/14,17:15:57,45517.0,45514.0,45518.0,-5.0,260.0,0.57,4846,44,47416,2026/09/14,WTXOU6,175,,,44850.0,922.0,43928.0,45772.0,44800.0,11.94790710442582,722,1,44700.0,9.679237856082299,720,2,44600.0,4.472257886965216,452,0,,,,,,,,,,,,
2026-09-14T17:17:01+08:00,2026-09-14T17:16:01+08:00,60.0,live,溫和偏多,mild_bull,19.438444924406046,2026/09/14,17:16:57,45526.0,45522.0,45526.0,9.0,251.0,0.55,4896,50,47416,2026/09/14,WTXOU6,175,,,44850.0,926.0,43924.0,45776.0,44800.0,9.423460701976555,722,0,44700.0,9.433515989128153,720,2,44600.0,4.35872296057688,452,0,,,,,,,,,,,,
2026-09-14T17:18:01+08:00,2026-09-14T17:17:01+08:00,60.0,live,震盪,neutral,4.314994606256742,2026/09/14,17:17:58,45528.0,45525.0,45528.0,2.0,249.0,0.54,4925,29,47416,2026/09/14,WTXOU6,175,,,44850.0,927.0,43923.0,45777.0,44850.0,11.351380513266326,494,1,44700.0,9.379763907117256,720,1,44600.0,4.333886999699757,452,0,,,,,,,,,,,,
2026-09-14T17:19:01+08:00,2026-09-14T17:18:01+08:00,60.0,live,溫和偏空,mild_bear,-17.306652244456465,2026/09/14,17:18:58,45520.0,45518.0,45521.0,-8.0,257.0,0.56,4963,38,47416,2026/09/14,WTXOU6,175,,,44850.0,924.5,43925.5,45774.5,44850.0,10.53417212184856,494,2,44700.0,9.596627510289144,720,4,44600.0,5.336356879758913,452,1,,,,,,,,,,,,
2026-09-14T17:20:01+08:00,2026-09-14T17:19:01+08:00,60.0,live,震盪,neutral,-6.472491909385113,2026/09/14,17:19:52,45517.0,45518.0,45522.0,-3.0,260.0,0.57,4994,31,47416,2026/09/14,WTXOU6,175,,,44850.0,927.0,43923.0,45777.0,44800.0,11.94790710442582,722,3,44700.0,9.679237856082299,720,6,44600.0,5.5230766982451,452,2,,,,,,,,,,,,
2026-09-14T17:21:01+08:00,2026-09-14T17:20:01+08:00,60.0,live,震盪,neutral,-10.816657652785288,2026/09/14,17:20:26,45512.0,45517.0,45522.0,-5.0,265.0,0.58,5025,31,47416,2026/09/14,WTXOU6,175,,,44850.0,924.5,43925.5,45774.5,44800.0,11.695597496941664,722,2,44700.0,9.818505080000747,720,6,44600.0,5.290337982167737,452,1,,,,,,,,,,,,
2026-09-14T17:22:01+08:00,2026-09-14T17:21:01+08:00,60.0,live,溫和偏空,mild_bear,-19.650655021834062,2026/09/14,17:21:57,45503.0,45503.0,45506.0,-9.0,274.0,0.6,5122,97,47416,2026/09/14,WTXOU6,175,,,44850.0,916.0,43934.0,45766.0,44850.0,12.191852967073645,494,8,44700.0,9.097109998832982,720,3,44600.0,6.152389444613739,452,5,,,,,,,,,,,,
2026-09-14T17:23:01+08:00,2026-09-14T17:22:01+08:00,60.0,live,震盪,neutral,0.0,2026/09/14,17:22:57,45503.0,45501.0,45505.0,0.0,274.0,0.6,5153,31,47416,2026/09/14,WTXOU6,175,,,44850.0,916.5,43933.5,45766.5,44800.0,13.41802238494559,722,3,44700.0,9.008824903255872,720,1,44600.0,6.201504573916708,452,2,,,,,,,,,,,,
2026-09-14T17:24:01+08:00,2026-09-14T17:23:01+08:00,60.0,live,溫和偏空,mild_bear,-28.60286028602861,2026/09/14,17:23:50,45490.0,45491.0,45495.0,-13.0,287.0,0.63,5172,19,47416,2026/09/14,WTXOU6,175,,,44850.0,909.0,43941.0,45759.0,44800.0,11.949672794638197,722,2,44700.0,8.971872726595109,720,2,44500.0,5.90972179920012,994,3,,,,,,,,,,,,
2026-09-14T17:25:01+08:00,2026-09-14T17:24:01+08:00,60.0,live,溫和偏空,mild_bear,-15.521064301552107,2026/09/14,17:24:56,45483.0,45476.0,45481.0,-7.0,294.0,0.64,5254,82,47416,2026/09/14,WTXOU6,175,,,44850.0,902.0,43948.0,45752.0,44800.0,11.145914288946663,722,3,44700.0,8.36770414191188,720,3,44500.0,6.029106098729292,994,11,,,,,,,,,,,,
2026-09-14T17:26:01+08:00,2026-09-14T17:25:01+08:00,60.0,live,溫和偏空,mild_bear,-22.246941045606228,2026/09/14,17:25:48,45473.0,45470.0,45474.0,-10.0,304.0,0.66,5295,41,47416,2026/09/14,WTXOU6,175,,,44850.0,899.0,43951.0,45749.0,44800.0,12.5444122247433,722,4,44700.0,9.922386557061143,720,6,44600.0,5.635690871911101,452,2,,,,,,,,,,,,
2026-09-14T17:27:01+08:00,2026-09-14T17:26:01+08:00,60.0,live,溫和偏空,mild_bear,-20.01111728738188,2026/09/14,17:26:51,45464.0,45465.0,45469.0,-9.0,313.0,0.68,5318,23,47416,2026/09/14,WTXOU6,175,,,44850.0,899.5,43950.5,45749.5,44800.0,13.559288021834378,722,6,44700.0,10.18084240239513,720,6,44600.0,6.288914816255427,452,4,,,,,,,,,,,,
2026-09-14T17:28:01+08:00,2026-09-14T17:27:01+08:00,60.0,live,強勢偏多,strong_bull,46.12850082372323,2026/09/14,17:27:56,45485.0,45486.0,45488.0,21.0,292.0,0.64,5361,43,47416,2026/09/14,WTXOU6,175,,,44850.0,910.5,43939.5,45760.5,44800.0,10.070511404897037,722,1,44700.0,7.818710107672163,720,2,44500.0,5.994752311038171,994,18,,,,,,,,,,,,
2026-09-14T17:29:01+08:00,2026-09-14T17:28:01+08:00,60.0,live,強勢偏多,strong_bull,54.347826086956516,2026/09/14,17:28:53,45510.0,45506.0,45510.0,25.0,267.0,0.58,5437,76,47416,2026/09/14,WTXOU6,175,,,44850.0,920.0,43930.0,45770.0,44850.0,10.556335974689016,494,2,44700.0,9.613909580867201,720,4,44600.0,6.419442944585488,452,5,,,,,,,,,,,,
2026-09-14T17:30:01+08:00,2026-09-14T17:29:01+08:00,60.0,live,強勢偏多,strong_bull,68.52248394004283,2026/09/14,17:29:58,45542.0,45538.0,45542.0,32.0,235.0,0.51,5513,76,47416,2026/09/14,WTXOU6,175,,,44850.0,934.0,43916.0,45784.0,44800.0,12.003162851145673,722,13,44700.0,7.8402315116156,720,3,44600.0,4.978012798464076,452,3,,,,,,,,,,,,
2026-09-14T17:31:01+08:00,2026-09-14T17:30:01+08:00,60.0,live,溫和偏空,mild_bear,-30.010718113612,2026/09/14,17:30:58,45528.0,45530.0,45535.0,-14.0,249.0,0.54,5558,45,47416,2026/09/14,WTXOU6,175,,,44850.0,933.0,43917.0,45783.0,44850.0,11.351380513266326,494,5,44700.0,8.850729792979985,720,3,44600.0,4.333886999699757,452,0,,,,,,,,,,,,
2026-09-14T17:32:01+08:00,2026-09-14T17:31:01+08:00,60.0,live,震盪,neutral,10.735373054213634,2026/09/14,17:31:43,45533.0,45525.0,45529.0,5.0,244.0,0.53,5582,24,47416,2026/09/14,WTXOU6,175,,,44850.0,931.5,43918.5,45781.5,44800.0,9.236863678035764,722,0,44700.0,9.24671985716148,720,6,44600.0,5.501890323748819,452,3,,,,,,,,,,,,
2026-09-14T17:33:01+08:00,2026-09-14T17:32:01+08:00,60.0,live,強勢偏空,strong_bear,-63.18082788671025,2026/09/14,17:32:57,45504.0,45497.0,45501.0,-29.0,273.0,0.6,5594,12,47416,2026/09/14,WTXOU6,175,,,44850.0,918.0,43932.0,45768.0,44800.0,12.400031122377882,722,3,44700.0,10.045512541008883,720,6,44600.0,4.64149381987798,452,0,,,,,,,,,,,,
2026-09-14T17:34:01+08:00,2026-09-14T17:33:01+08:00,60.0,live,溫和偏多,mild_bull,23.681377825618945,2026/09/14,17:33:45,45515.0,45518.0,45522.0,11.0,262.0,0.57,5612,18,47416,2026/09/14,WTXOU6,175,,,44850.0,929.0,43921.0,45779.0,44800.0,9.72432978751894,722,0,44700.0,7.2988351079332014,720,0,44600.0,4.4978868020524745,452,0,,,,,,,,,,,,
2026-09-14T17:35:01+08:00,2026-09-14T17:34:01+08:00,60.0,live,溫和偏多,mild_bull,15.069967707212056,2026/09/14,17:34:53,45522.0,45519.0,45523.0,7.0,255.0,0.56,5620,8,47416,2026/09/14,WTXOU6,175,,,44850.0,929.0,43921.0,45779.0,44800.0,11.366166140681358,722,1,44700.0,8.532811660697602,720,1,44600.0,5.4447365076574314,452,1,,,,,,,,,,,,
2026-09-14T17:36:01+08:00,2026-09-14T17:35:01+08:00,60.0,live,溫和偏空,mild_bear,-36.91639522258414,2026/09/14,17:35:56,45505.0,45504.0,45509.0,-17.0,272.0,0.59,5640,20,47416,2026/09/14,WTXOU6,175,,,44850.0,921.0,43929.0,45771.0,44800.0,10.006174968292695,722,0,44700.0,10.016852039676271,720,3,44600.0,6.166168461397018,452,2,,,,,,,,,,,,
2026-09-14T17:37:01+08:00,2026-09-14T17:36:01+08:00,60.0,live,溫和偏多,mild_bull,21.52852529601722,2026/09/14,17:36:55,45515.0,45517.0,45521.0,10.0,262.0,0.57,5659,19,47416,2026/09/14,WTXOU6,175,,,44850.0,929.0,43921.0,45779.0,44800.0,12.965773050025254,722,3,44700.0,7.2988351079332014,720,0,44600.0,4.4978868020524745,452,0,,,,,,,,,,,,
2026-09-14T17:38:01+08:00,2026-09-14T17:37:01+08:00,60.0,live,溫和偏多,mild_bull,30.075187969924812,2026/09/14,17:37:58,45529.0,45526.0,45530.0,14.0,248.0,0.54,5684,25,47416,2026/09/14,WTXOU6,175,,,44850.0,931.0,43919.0,45781.0,44800.0,9.343033362682553,722,0,44700.0,9.353002829983351,720,1,44600.0,4.321522137914633,452,0,,,,,,,,,,,,
2026-09-14T17:39:01+08:00,2026-09-14T17:38:01+08:00,60.0,live,溫和偏空,mild_bear,-28.10810810810811,2026/09/14,17:38:47,45516.0,45513.0,45516.0,-13.0,261.0,0.57,5698,14,47416,2026/09/14,WTXOU6,175,,,44850.0,925.0,43925.0,45775.0,44800.0,12.92878085532522,722,2,44700.0,7.2780110561505325,720,0,44600.0,6.310333249270663,452,2,,,,,,,,,,,,
2026-09-14T17:40:01+08:00,2026-09-14T17:39:01+08:00,60.0,live,強勢偏空,strong_bear,-48.14004376367615,2026/09/14,17:39:57,45494.0,45493.0,45498.0,-22.0,283.0,0.62,5762,64,47416,2026/09/14,WTXOU6,175,,,44850.0,914.0,43936.0,45764.0,44850.0,9.876753204416657,494,3,44700.0,6.758054888388296,720,0,44500.0,5.842566596450083,994,7,,,,,,,,,,,,
2026-09-14T17:41:01+08:00,2026-09-14T17:40:01+08:00,60.0,live,溫和偏空,mild_bear,-17.534246575342465,2026/09/14,17:40:36,45486.0,45488.0,45492.0,-8.0,291.0,0.64,5934,172,47416,2026/09/14,WTXOU6,175,,,44850.0,912.5,43937.5,45762.5,44800.0,12.73322389803339,722,10,44700.0,6.914303611494987,720,0,44600.0,5.68824302683412,452,5,,,,,,,,,,,,
2026-09-14T17:42:01+08:00,2026-09-14T17:41:01+08:00,60.0,live,強勢偏多,strong_bull,54.054054054054056,2026/09/14,17:41:52,45511.0,45514.0,45518.0,25.0,266.0,0.58,5951,17,47416,2026/09/14,WTXOU6,175,,,44850.0,925.0,43925.0,45775.0,44800.0,13.11480329274674,722,10,44700.0,8.484604658426171,720,2,44600.0,4.549586084405899,452,0,,,,,,,,,,,,
2026-09-14T17:43:01+08:00,2026-09-14T17:42:01+08:00,60.0,live,溫和偏多,mild_bull,17.222820236813778,2026/09/14,17:42:50,45519.0,45518.0,45522.0,8.0,258.0,0.56,5973,22,47416,2026/09/14,WTXOU6,175,,,44850.0,929.0,43921.0,45779.0,44800.0,12.818436314461273,722,6,44700.0,8.918742852721698,720,3,44600.0,4.446775005185921,452,0,,,,,,,,,,,,
2026-09-14T17:44:01+08:00,2026-09-14T17:43:01+08:00,60.0,live,震盪,neutral,12.868632707774799,2026/09/14,17:43:36,45525.0,45523.0,45528.0,6.0,252.0,0.55,5978,5,47416,2026/09/14,WTXOU6,175,,,44850.0,932.5,43917.5,45782.5,44800.0,11.677909526396373,722,1,44700.0,9.460507432797952,720,2,44600.0,4.371194262411558,452,0,,,,,,,,,,,,
2026-09-14T17:45:01+08:00,2026-09-14T17:44:01+08:00,60.0,live,強勢偏空,strong_bear,-50.0,2026/09/14,17:44:48,45502.0,45508.0,45512.0,-23.0,275.0,0.6,5993,15,47416,2026/09/14,WTXOU6,175,,,44850.0,920.0,43930.0,45770.0,44800.0,11.77436260997042,722,1,44700.0,10.103079791026348,720,4,44600.0,4.668092565745117,452,0,,,,,,,,,,,,
2026-09-14T17:46:01+08:00,2026-09-14T17:45:01+08:00,60.0,live,強勢偏多,strong_bull,53.76344086021505,2026/09/14,17:45:58,45527.0,45527.0,45532.0,25.0,250.0,0.55,6014,21,47416,2026/09/14,WTXOU6,175,,,44850.0,930.0,43920.0,45780.0,44800.0,9.396574955041867,722,0,44700.0,8.717198017441694,720,1,44600.0,4.346287240178332,452,0,,,,,,,,,,,,
2026-09-14T17:47:01+08:00,2026-09-14T17:46:01+08:00,60.0,live,震盪,neutral,6.4550833781603005,2026/09/14,17:46:56,45530.0,45527.0,45532.0,3.0,247.0,0.54,6027,13,47416,2026/09/14,WTXOU6,175,,,44850.0,929.5,43920.5,45779.5,44800.0,11.851973757717802,722,2,44700.0,6.992636160783276,720,0,44600.0,5.321696911079765,452,1,,,,,,,,,,,,
2026-09-14T17:48:01+08:00,2026-09-14T17:47:01+08:00,60.0,live,震盪,neutral,-10.787486515641856,2026/09/14,17:47:45,45525.0,45524.0,45529.0,-5.0,252.0,0.55,6035,8,47416,2026/09/14,WTXOU6,175,,,44850.0,927.0,43923.0,45777.0,44800.0,12.600564500231181,722,2,44700.0,8.767153170618121,720,1,44600.0,4.371194262411558,452,0,,,,,,,,,,,,
2026-09-14T17:49:01+08:00,2026-09-14T17:48:01+08:00,60.0,live,震盪,neutral,-2.1598272138228944,2026/09/14,17:48:59,45524.0,45523.0,45528.0,-1.0,253.0,0.55,6062,27,47416,2026/09/14,WTXOU6,175,,,44850.0,926.0,43924.0,45776.0,44800.0,12.056901959526066,722,2,44700.0,7.113543309552114,720,0,44600.0,5.413712452191302,452,1,,,,,,,,,,,,
2026-09-14T17:50:01+08:00,2026-09-14T17:49:01+08:00,60.0,live,溫和偏空,mild_bear,-28.353326063249728,2026/09/14,17:49:45,45511.0,45510.0,45515.0,-13.0,266.0,0.58,6073,11,47416,2026/09/14,WTXOU6,175,,,44850.0,917.0,43933.0,45767.0,44800.0,9.836102469560055,722,0,44700.0,9.84659806538328,720,4,44600.0,4.549586084405899,452,0,,,,,,,,,,,,
2026-09-14T17:51:01+08:00,2026-09-14T17:50:01+08:00,60.0,live,溫和偏空,mild_bear,-33.003300330033,2026/09/14,17:50:57,45496.0,45496.0,45500.0,-15.0,281.0,0.61,6090,17,47416,2026/09/14,WTXOU6,175,,,44850.0,909.0,43941.0,45759.0,44800.0,11.372205589842233,722,2,44700.0,9.291306583320104,720,4,44600.0,5.127763175562677,452,1,,,,,,,,,,,,
2026-09-14T17:52:01+08:00,2026-09-14T17:51:01+08:00,60.0,live,強勢偏多,strong_bull,65.21739130434783,2026/09/14,17:51:52,45526.0,45515.0,45520.0,30.0,251.0,0.55,6111,21,47416,2026/09/14,WTXOU6,175,,,44850.0,920.0,43930.0,45770.0,44800.0,11.644591690180745,722,2,44700.0,9.433515989128153,720,4,44600.0,4.35872296057688,452,0,,,,,,,,,,,,
2026-09-14T17:53:01+08:00,2026-09-14T17:52:01+08:00,60.0,live,溫和偏多,mild_bull,15.06186121570737,2026/09/14,17:52:58,45533.0,45532.0,45536.0,7.0,244.0,0.53,6133,22,47416,2026/09/14,WTXOU6,175,,,44850.0,929.5,43920.5,45779.5,44800.0,12.315818237381018,722,2,44700.0,9.24671985716148,720,2,44600.0,6.01115589976983,452,2,,,,,,,,,,,,
2026-09-14T17:54:01+08:00,2026-09-14T17:53:01+08:00,60.0,live,震盪,neutral,-6.472491909385113,2026/09/14,17:53:53,45530.0,45528.0,45531.0,-3.0,247.0,0.54,6150,17,47416,2026/09/14,WTXOU6,175,,,44850.0,927.0,43923.0,45777.0,44800.0,12.421836106911211,722,5,44700.0,6.992636160783276,720,0,44600.0,5.09347505656061,452,1,,,,,,,,,,,,
2026-09-14T17:55:01+08:00,2026-09-14T17:54:01+08:00,60.0,live,震盪,neutral,8.629989212513484,2026/09/14,17:54:56,45534.0,45529.0,45534.0,4.0,243.0,0.53,6165,15,47416,2026/09/14,WTXOU6,175,,,44850.0,927.0,43923.0,45777.0,44850.0,11.158443886226156,494,1,44700.0,6.913175246193656,720,0,44600.0,4.260224986632879,452,0,,,,,,,,,,,,
2026-09-14T17:56:01+08:00,2026-09-14T17:55:01+08:00,60.0,live,震盪,neutral,8.64397622906537,2026/09/14,17:55:16,45538.0,45528.0,45531.0,4.0,239.0,0.52,6174,9,47416,2026/09/14,WTXOU6,175,,,44850.0,925.5,43924.5,45775.5,44800.0,9.105846547457157,722,0,44700.0,9.115562924984353,720,1,44600.0,5.925892716843222,452,1,,,,,,,,,,,,
2026-09-14T17:57:01+08:00,2026-09-14T17:56:01+08:00,60.0,live,溫和偏空,mild_bear,-21.57497303128371,2026/09/14,17:56:31,45528.0,45530.0,45534.0,-10.0,249.0,0.54,6180,6,47416,2026/09/14,WTXOU6,175,,,44850.0,927.0,43923.0,45777.0,44800.0,12.49302121985824,722,1,44700.0,7.032708464959461,720,0,44600.0,4.333886999699757,452,0,,,,,,,,,,,,
2026-09-14T17:58:01+08:00,2026-09-14T17:57:01+08:00,60.0,live,震盪,neutral,-6.497022198159177,2026/09/14,17:57:57,45525.0,45522.0,45526.0,-3.0,252.0,0.55,6195,15,47416,2026/09/14,WTXOU6,175,,,44850.0,923.5,43926.5,45773.5,44800.0,11.677909526396373,722,1,44700.0,7.0932479073343835,720,0,44600.0,6.150136042613608,452,2,,,,,,,,,,,,
2026-09-14T17:59:01+08:00,2026-09-14T17:58:01+08:00,60.0,live,溫和偏空,mild_bear,-15.217391304347828,2026/09/14,17:58:54,45518.0,45517.0,45521.0,-7.0,259.0,0.57,6203,8,47416,2026/09/14,WTXOU6,175,,,44850.0,920.0,43930.0,45770.0,44850.0,11.680383330190486,494,1,44700.0,7.236541020204519,720,0,44600.0,4.459498244029539,452,0,,,,,,,,,,,,
2026-09-14T18:00:01+08:00,2026-09-14T17:59:01+08:00,60.0,live,溫和偏多,mild_bull,19.438444924406046,2026/09/14,17:59:59,45527.0,45525.0,45529.0,9.0,250.0,0.55,6229,26,47416,2026/09/14,WTXOU6,175,,,44850.0,926.0,43924.0,45776.0,44800.0,12.528766606722488,722,2,44700.0,8.717198017441694,720,1,44600.0,4.346287240178332,452,0,,,,,,,,,,,,
2026-09-14T18:01:01+08:00,2026-09-14T18:00:01+08:00,60.0,live,震盪,neutral,-6.493506493506493,2026/09/14,18:00:58,45524.0,45522.0,45527.0,-3.0,253.0,0.55,6239,10,47416,2026/09/14,WTXOU6,175,,,44850.0,924.0,43926.0,45774.0,44800.0,9.477463194735972,722,0,44700.0,7.113543309552114,720,0,44600.0,4.383701247488978,452,0,,,,,,,,,,,,
2026-09-14T18:02:01+08:00,2026-09-14T18:01:01+08:00,60.0,live,震盪,neutral,-13.086150490730647,2026/09/14,18:01:40,45518.0,45514.0,45518.0,-6.0,259.0,0.57,6243,4,47416,2026/09/14,WTXOU6,175,,,44850.0,917.0,43933.0,45767.0,44800.0,9.641334591172068,722,0,44700.0,7.236541020204519,720,0,44600.0,6.274377032021251,452,2,,,,,,,,,,,,
2026-09-14T18:03:01+08:00,2026-09-14T18:02:01+08:00,60.0,live,溫和偏空,mild_bear,-17.49589939857846,2026/09/14,18:02:51,45510.0,45508.0,45512.0,-8.0,267.0,0.58,6301,58,47416,2026/09/14,WTXOU6,175,,,44850.0,914.5,43935.5,45764.5,44800.0,13.152327740124015,722,2,44700.0,9.151056037665716,720,1,44600.0,4.562603489227142,452,0,,,,,,,,,,,,
2026-09-14T18:04:01+08:00,2026-09-14T18:03:01+08:00,60.0,live,震盪,neutral,0.0,2026/09/14,18:03:39,45510.0,45511.0,45516.0,0.0,267.0,0.58,6308,7,47416,2026/09/14,WTXOU6,175,,,44850.0,916.0,43934.0,45766.0,44800.0,9.864245805093011,722,0,44700.0,7.403852519266016,720,0,44600.0,4.562603489227142,452,0,,,,,,,,,,,,
2026-09-14T18:05:01+08:00,2026-09-14T18:04:01+08:00,60.0,live,溫和偏空,mild_bear,-24.162548050521686,2026/09/14,18:04:54,45499.0,45502.0,45506.0,-11.0,278.0,0.61,6337,29,47416,2026/09/14,WTXOU6,175,,,44850.0,910.5,43939.5,45760.5,44800.0,8.875888454337447,722,0,44700.0,6.662197572460293,720,0,44500.0,4.319771033084595,994,0,,,,,,,,,,,,
2026-09-14T18:06:01+08:00,2026-09-14T18:05:01+08:00,60.0,live,震盪,neutral,6.578947368421052,2026/09/14,18:05:50,45502.0,45504.0,45509.0,3.0,275.0,0.6,6352,15,47416,2026/09/14,WTXOU6,175,,,44850.0,912.0,43938.0,45762.0,44800.0,13.456414411394768,722,1,44700.0,7.575032321932796,720,0,44600.0,6.567862834585368,452,1,,,,,,,,,,,,
2026-09-14T18:07:01+08:00,2026-09-14T18:06:01+08:00,60.0,live,震盪,neutral,-4.398020890599231,2026/09/14,18:06:58,45500.0,45495.0,45499.0,-2.0,277.0,0.61,6381,29,47416,2026/09/14,WTXOU6,175,,,44850.0,909.5,43940.5,45759.5,44800.0,12.233947047592462,722,10,44700.0,6.643189889017151,720,0,44500.0,4.307446445071301,994,0,,,,,,,,,,,,
2026-09-14T18:08:01+08:00,2026-09-14T18:07:01+08:00,60.0,live,震盪,neutral,0.0,2026/09/14,18:07:57,45500.0,45498.0,45501.0,0.0,277.0,0.61,6390,9,47416,2026/09/14,WTXOU6,175,,,44850.0,909.5,43940.5,45759.5,44800.0,11.780659799458865,722,3,44700.0,9.185724696622822,720,4,44500.0,4.307446445071301,994,0,,,,,,,,,,,,
2026-09-14T18:09:01+08:00,2026-09-14T18:08:01+08:00,60.0,live,震盪,neutral,-13.19406267179769,2026/09/14,18:08:40,45494.0,45491.0,45496.0,-6.0,283.0,0.62,6414,24,47416,2026/09/14,WTXOU6,175,,,44850.0,909.5,43940.5,45759.5,44800.0,11.180434785215052,722,2,44700.0,7.914771448703714,720,1,44500.0,5.842566596450083,994,5,,,,,,,,,,,,
2026-09-14T18:10:01+08:00,2026-09-14T18:09:01+08:00,60.0,live,溫和偏空,mild_bear,-21.92982456140351,2026/09/14,18:09:18,45484.0,45493.0,45497.0,-10.0,293.0,0.64,6421,7,47416,2026/09/14,WTXOU6,175,,,44850.0,912.0,43938.0,45762.0,44800.0,9.264552705879728,722,0,44700.0,9.61538962924688,720,2,44600.0,5.720840319122502,452,1,,,,,,,,,,,,
2026-09-14T18:11:01+08:00,2026-09-14T18:10:01+08:00,60.0,live,溫和偏多,mild_bull,34.93449781659389,2026/09/14,18:10:56,45500.0,45500.0,45504.0,16.0,277.0,0.61,6433,12,47416,2026/09/14,WTXOU6,175,,,44850.0,916.0,43934.0,45766.0,44800.0,10.80396152186496,722,2,44700.0,7.681175377667033,720,1,44600.0,6.024822357481235,452,6,,,,,,,,,,,,
2026-09-14T18:12:01+08:00,2026-09-14T18:11:01+08:00,60.0,live,強勢偏多,strong_bull,45.35637149028078,2026/09/14,18:11:52,45521.0,45522.0,45525.0,21.0,256.0,0.56,6452,19,47416,2026/09/14,WTXOU6,175,,,44850.0,926.0,43924.0,45776.0,44800.0,12.745396989482074,722,12,44700.0,9.248449675387,720,9,44600.0,4.421437324618228,452,0,,,,,,,,,,,,
2026-09-14T18:13:01+08:00,2026-09-14T18:12:01+08:00,60.0,live,震盪,neutral,10.804970286331711,2026/09/14,18:12:51,45526.0,45521.0,45524.0,5.0,251.0,0.55,6476,24,47416,2026/09/14,WTXOU6,175,,,44850.0,925.5,43924.5,45775.5,44800.0,12.564614269302075,722,3,44700.0,7.073010409220595,720,0,44600.0,5.807078765049466,452,2,,,,,,,,,,,,
2026-09-14T18:14:01+08:00,2026-09-14T18:13:01+08:00,60.0,live,震盪,neutral,-2.1621621621621623,2026/09/14,18:13:54,45525.0,45521.0,45525.0,-1.0,252.0,0.55,6478,2,47416,2026/09/14,WTXOU6,175,,,44850.0,925.0,43925.0,45775.0,44850.0,11.449096243967052,494,10,44700.0,7.0932479073343835,720,0,44600.0,4.933745047438869,452,1,,,,,,,,,,,,
2026-09-14T18:15:01+08:00,2026-09-14T18:14:01+08:00,60.0,live,震盪,neutral,-6.486486486486487,2026/09/14,18:14:54,45522.0,45519.0,45523.0,-3.0,255.0,0.56,6495,17,47416,2026/09/14,WTXOU6,175,,,44850.0,925.0,43925.0,45775.0,44800.0,12.709033542031237,722,3,44700.0,8.532811660697602,720,1,44600.0,4.4088226760558005,452,0,,,,,,,,,,,,
2026-09-14T18:16:01+08:00,2026-09-14T18:15:01+08:00,60.0,live,震盪,neutral,10.816657652785288,2026/09/14,18:15:56,45527.0,45522.0,45525.0,5.0,250.0,0.55,6513,18,47416,2026/09/14,WTXOU6,175,,,44850.0,924.5,43925.5,45774.5,44800.0,12.528766606722488,722,3,44700.0,8.411780914925028,720,1,44600.0,4.346287240178332,452,0,,,,,,,,,,,,
2026-09-14T18:17:01+08:00,2026-09-14T18:16:01+08:00,60.0,live,溫和偏空,mild_bear,-32.59098316132537,2026/09/14,18:16:53,45512.0,45516.0,45521.0,-15.0,265.0,0.58,6558,45,47416,2026/09/14,WTXOU6,175,,,44850.0,920.5,43929.5,45770.5,44800.0,11.695597496941664,722,1,44700.0,7.361665439891708,720,0,44600.0,6.38286502135736,452,3,,,,,,,,,,,,
2026-09-14T18:18:01+08:00,2026-09-14T18:17:01+08:00,60.0,live,震盪,neutral,-2.181025081788441,2026/09/14,18:17:45,45511.0,45510.0,45514.0,-1.0,266.0,0.58,6565,7,47416,2026/09/14,WTXOU6,175,,,44850.0,917.0,43933.0,45767.0,44800.0,9.836102469560055,722,0,44700.0,7.382728845971236,720,0,44600.0,4.549586084405899,452,0,,,,,,,,,,,,
2026-09-14T18:19:01+08:00,2026-09-14T18:18:01+08:00,60.0,live,震盪,neutral,-2.188183807439825,2026/09/14,18:18:58,45510.0,45508.0,45513.0,-1.0,267.0,0.58,6569,4,47416,2026/09/14,WTXOU6,175,,,44850.0,914.0,43936.0,45764.0,44800.0,9.864245805093011,722,0,44700.0,8.041841038985954,720,2,44600.0,5.149787682047034,452,3,,,,,,,,,,,,
2026-09-14T18:20:01+08:00,2026-09-14T18:19:01+08:00,60.0,live,溫和偏多,mild_bull,21.70374389582203,2026/09/14,18:19:39,45520.0,45521.0,45524.0,10.0,257.0,0.56,6579,10,47416,2026/09/14,WTXOU6,175,,,44850.0,921.5,43928.5,45771.5,44800.0,12.781864481060753,722,1,44700.0,9.596627510289144,720,1,44600.0,4.434088066571125,452,0,,,,,,,,,,,,
2026-09-14T18:21:01+08:00,2026-09-14T18:20:01+08:00,60.0,live,溫和偏多,mild_bull,21.609940572663422,2026/09/14,18:20:53,45530.0,45526.0,45530.0,10.0,247.0,0.54,6594,15,47416,2026/09/14,WTXOU6,175,,,44850.0,925.5,43924.5,45775.5,44800.0,9.316377080183408,722,0,44700.0,9.326318103944896,720,2,44600.0,5.54925207262087,452,1,,,,,,,,,,,,
2026-09-14T18:22:01+08:00,2026-09-14T18:21:01+08:00,60.0,live,震盪,neutral,2.1598272138228944,2026/09/14,18:21:56,45531.0,45531.0,45536.0,1.0,246.0,0.54,6635,41,47416,2026/09/14,WTXOU6,175,,,44850.0,926.0,43924.0,45776.0,44800.0,12.386395799725067,722,10,44700.0,8.013362393439834,720,2,44600.0,4.849887394440933,452,1,,,,,,,,,,,,
2026-09-14T18:23:01+08:00,2026-09-14T18:22:01+08:00,60.0,live,溫和偏多,mild_bull,34.242910647405026,2026/09/14,18:22:57,45547.0,45546.0,45550.0,16.0,230.0,0.5,6690,55,47416,2026/09/14,WTXOU6,175,,,44850.0,934.5,43915.5,45784.5,44800.0,11.290063323653605,722,2,44700.0,6.6611103490761705,720,0,44600.0,5.775455105597037,452,3,,,,,,,,,,,,
2026-09-14T18:24:01+08:00,2026-09-14T18:23:01+08:00,60.0,live,溫和偏多,mild_bull,31.830238726790448,2026/09/14,18:23:58,45562.0,45560.0,45564.0,15.0,215.0,0.47,6716,26,47416,2026/09/14,WTXOU6,175,,,44850.0,942.5,43907.5,45792.5,44800.0,11.336496827601925,722,1,44700.0,8.511445062437533,720,1,44600.0,5.533164624103168,452,1,,,,,,,,,,,,
2026-09-14T18:25:01+08:00,2026-09-14T18:24:01+08:00,60.0,live,溫和偏多,mild_bull,18.937401367701206,2026/09/14,18:24:57,45571.0,45566.0,45571.0,9.0,206.0,0.45,6784,68,47416,2026/09/14,WTXOU6,175,,,44850.0,950.5,43899.5,45800.5,44800.0,11.048702973724508,722,10,44700.0,8.076230571049052,720,8,44600.0,5.312650606948028,452,9,,,,,,,,,,,,
2026-09-14T18:26:01+08:00,2026-09-14T18:25:01+08:00,60.0,live,震盪,neutral,8.416622830089425,2026/09/14,18:25:50,45575.0,45571.0,45575.0,4.0,202.0,0.44,6824,40,47416,2026/09/14,WTXOU6,175,,,44850.0,950.5,43899.5,45800.5,44800.0,10.923150889627104,722,5,44700.0,7.446857635233939,720,2,44600.0,3.789291701599376,452,0,,,,,,,,,,,,
2026-09-14T18:27:01+08:00,2026-09-14T18:26:01+08:00,60.0,live,震盪,neutral,0.0,2026/09/14,18:26:52,45575.0,45572.0,45576.0,0.0,202.0,0.44,6847,23,47416,2026/09/14,WTXOU6,175,,,44850.0,946.0,43904.0,45796.0,44850.0,9.650499636814816,494,5,44700.0,8.201104813914872,720,6,44600.0,3.789291701599376,452,0,,,,,,,,,,,,
2026-09-14T18:28:01+08:00,2026-09-14T18:27:01+08:00,60.0,live,震盪,neutral,-6.342494714587738,2026/09/14,18:27:30,45572.0,45572.0,45576.0,-3.0,205.0,0.45,6867,20,47416,2026/09/14,WTXOU6,175,,,44850.0,946.0,43904.0,45796.0,44800.0,10.210465954342538,722,1,44700.0,6.201911917526091,720,0,44600.0,3.8219109417902275,452,0,,,,,,,,,,,,
2026-09-14T18:29:01+08:00,2026-09-14T18:28:01+08:00,60.0,live,溫和偏多,mild_bull,35.620743844945,2026/09/14,18:28:52,45589.0,45586.0,45590.0,17.0,188.0,0.41,6909,42,47416,2026/09/14,WTXOU6,175,,,44850.0,954.5,43895.5,45804.5,44800.0,10.494848017021026,722,7,44700.0,7.8795348945906865,720,7,44600.0,5.012459942972213,452,6,,,,,,,,,,,,
2026-09-14T18:30:01+08:00,2026-09-14T18:29:01+08:00,60.0,live,溫和偏多,mild_bull,33.19502074688797,2026/09/14,18:29:51,45605.0,45604.0,45609.0,16.0,172.0,0.38,6968,59,47416,2026/09/14,WTXOU6,175,,,44850.0,964.0,43886.0,45814.0,44800.0,10.025884372280375,722,3,44700.0,7.52743685591158,720,3,,,,,,,,,,,,,,,,
2026-09-14T18:31:00+08:00,2026-09-14T18:30:01+08:00,59.0,live,震盪,neutral,-2.0790020790020787,2026/09/14,18:30:59,45604.0,45601.0,45606.0,-1.0,173.0,0.38,7013,45,47416,2026/09/14,WTXOU6,175,,,44850.0,962.0,43888.0,45812.0,44800.0,10.054570717179368,722,4,44700.0,7.295903875115931,720,3,,,,,,,,,,,,,,,,
2026-09-14T18:32:01+08:00,2026-09-14T18:31:00+08:00,61.0,live,震盪,neutral,-8.324661810613943,2026/09/14,18:31:52,45600.0,45596.0,45598.0,-4.0,177.0,0.39,7032,19,47416,2026/09/14,WTXOU6,175,,,44850.0,961.0,43889.0,45811.0,44800.0,10.170139230422684,722,4,44700.0,7.0761249147204515,720,2,44600.0,4.245976205645718,452,1,,,,,,,,,,,,
2026-09-14T18:33:01+08:00,2026-09-14T18:32:01+08:00,60.0,live,震盪,neutral,-14.606155451225872,2026/09/14,18:32:58,45593.0,45592.0,45596.0,-7.0,184.0,0.4,7073,41,47416,2026/09/14,WTXOU6,175,,,44850.0,958.5,43891.5,45808.5,44800.0,10.375589671135902,722,2,44700.0,5.8407406843395515,720,0,44600.0,5.064161053947353,452,2,,,,,,,,,,,,
2026-09-14T18:34:01+08:00,2026-09-14T18:33:01+08:00,60.0,live,震盪,neutral,14.545454545454545,2026/09/14,18:33:56,45600.0,45596.0,45601.0,7.0,177.0,0.39,7093,20,47416,2026/09/14,WTXOU6,175,,,44850.0,962.5,43887.5,45812.5,44800.0,7.627604422817013,722,0,44700.0,5.725086269918418,720,0,44600.0,3.5280684648005014,452,0,,,,,,,,,,,,
2026-09-14T18:35:01+08:00,2026-09-14T18:34:01+08:00,60.0,live,溫和偏多,mild_bull,16.554578375581997,2026/09/14,18:34:54,45608.0,45606.0,45609.0,8.0,169.0,0.37,7112,19,47416,2026/09/14,WTXOU6,175,,,44850.0,966.5,43883.5,45816.5,44800.0,7.455236601212138,722,0,44700.0,5.59571135819727,720,0,,,,,,,,,,,,,,,,
2026-09-14T18:36:01+08:00,2026-09-14T18:35:01+08:00,60.0,live,震盪,neutral,6.182380216383307,2026/09/14,18:35:54,45611.0,45611.0,45615.0,3.0,166.0,0.36,7127,15,47416,2026/09/14,WTXOU6,175,,,44850.0,970.5,43879.5,45820.5,44800.0,7.3916076582361265,722,0,44700.0,5.547953088679295,720,0,,,,,,,,,,,,,,,,
2026-09-14T18:37:01+08:00,2026-09-14T18:36:01+08:00,60.0,live,溫和偏多,mild_bull,28.688524590163933,2026/09/14,18:36:58,45625.0,45621.0,45626.0,14.0,152.0,0.33,7192,65,47416,2026/09/14,WTXOU6,175,,,44850.0,976.0,43874.0,45826.0,44800.0,9.469038101854274,722,3,44700.0,6.357487252187904,720,1,,,,,,,,,,,,,,,,
2026-09-14T18:38:01+08:00,2026-09-14T18:37:01+08:00,60.0,live,溫和偏空,mild_bear,-30.911901081916533,2026/09/14,18:37:50,45610.0,45611.0,45615.0,-15.0,167.0,0.36,7205,13,47416,2026/09/14,WTXOU6,175,,,44850.0,970.5,43879.5,45820.5,44800.0,7.412756735840537,722,0,44700.0,7.42066650486501,720,1,,,,,,,,,,,,,,,,
2026-09-14T18:39:01+08:00,2026-09-14T18:38:01+08:00,60.0,live,震盪,neutral,-6.207966890843249,2026/09/14,18:38:58,45607.0,45605.0,45609.0,-3.0,170.0,0.37,7230,25,47416,2026/09/14,WTXOU6,175,,,44850.0,966.5,43883.5,45816.5,44800.0,7.476567735753974,722,0,44700.0,7.484545594193559,720,1,,,,,,,,,,,,,,,,
2026-09-14T18:40:00+08:00,2026-09-14T18:39:01+08:00,59.0,live,溫和偏空,mild_bear,-31.266284523189157,2026/09/14,18:39:45,45592.0,45593.0,45596.0,-15.0,185.0,0.4,7249,19,47416,2026/09/14,WTXOU6,175,,,44850.0,959.5,43890.5,45809.5,44850.0,9.454418749883667,494,2,44700.0,7.239727534220957,720,1,44600.0,4.648387102928892,452,1,,,,,,,,,,,,
2026-09-14T18:41:01+08:00,2026-09-14T18:40:00+08:00,61.0,live,震盪,neutral,-12.591815320041972,2026/09/14,18:40:58,45586.0,45585.0,45589.0,-6.0,191.0,0.42,7261,12,47416,2026/09/14,WTXOU6,175,,,44850.0,953.0,43897.0,45803.0,44800.0,10.585190486060615,722,1,44700.0,5.958731472912002,720,0,44600.0,3.67205167025276,452,0,,,,,,,,,,,,
2026-09-14T18:42:01+08:00,2026-09-14T18:41:01+08:00,60.0,live,強勢偏多,strong_bull,70.1392470345539,2026/09/14,18:41:49,45620.0,45614.0,45618.0,34.0,157.0,0.34,7287,26,47416,2026/09/14,WTXOU6,175,,,44850.0,969.5,43880.5,45819.5,44800.0,8.674463008747207,722,3,44700.0,6.309378850896119,720,2,,,,,,,,,,,,,,,,
2026-09-14T18:43:00+08:00,2026-09-14T18:42:01+08:00,59.0,live,震盪,neutral,6.163328197226502,2026/09/14,18:42:55,45623.0,45618.0,45623.0,3.0,154.0,0.34,7301,14,47416,2026/09/14,WTXOU6,175,,,44850.0,973.5,43876.5,45823.5,44800.0,9.523301782438919,722,4,44700.0,5.360961442478176,720,0,,,,,,,,,,,,,,,,
2026-09-14T18:44:00+08:00,2026-09-14T18:43:00+08:00,60.0,live,溫和偏空,mild_bear,-16.57172449508027,2026/09/14,18:43:51,45615.0,45610.0,45614.0,-8.0,162.0,0.35,7310,9,47416,2026/09/14,WTXOU6,175,,,44850.0,965.5,43884.5,45815.5,44850.0,8.85310229218455,494,3,44700.0,5.484908849512505,720,0,,,,,,,,,,,,,,,,
2026-09-14T18:45:01+08:00,2026-09-14T18:44:00+08:00,61.0,live,溫和偏空,mild_bear,-16.48634724368882,2026/09/14,18:44:24,45607.0,45611.0,45615.0,-8.0,170.0,0.37,7322,12,47416,2026/09/14,WTXOU6,175,,,44850.0,970.5,43879.5,45820.5,44800.0,9.9687569810053,722,4,44700.0,7.233634804869017,720,3,,,,,,,,,,,,,,,,
2026-09-14T18:46:01+08:00,2026-09-14T18:45:01+08:00,60.0,live,震盪,neutral,-4.142931123770068,2026/09/14,18:45:49,45605.0,45606.0,45610.0,-2.0,172.0,0.38,7329,7,47416,2026/09/14,WTXOU6,175,,,44850.0,965.5,43884.5,45815.5,44800.0,7.519413279210282,722,0,44700.0,7.52743685591158,720,6,,,,,,,,,,,,,,,,
2026-09-14T18:47:01+08:00,2026-09-14T18:46:01+08:00,60.0,live,震盪,neutral,0.0,2026/09/14,18:46:53,45605.0,45602.0,45607.0,0.0,172.0,0.38,7340,11,47416,2026/09/14,WTXOU6,175,,,44850.0,965.0,43885.0,45815.0,44800.0,8.31202903355762,722,1,44700.0,7.52743685591158,720,10,,,,,,,,,,,,,,,,
2026-09-14T18:48:00+08:00,2026-09-14T18:47:01+08:00,59.0,live,震盪,neutral,4.1558441558441555,2026/09/14,18:47:44,45607.0,45602.0,45606.0,2.0,170.0,0.37,7345,5,47416,2026/09/14,WTXOU6,175,,,44850.0,962.5,43887.5,45812.5,44850.0,9.057789284452621,494,1,44700.0,5.611721966340754,720,0,,,,,,,,,,,,,,,,
2026-09-14T18:49:01+08:00,2026-09-14T18:48:00+08:00,61.0,live,溫和偏多,mild_bull,18.633540372670808,2026/09/14,18:48:47,45616.0,45608.0,45613.0,9.0,161.0,0.35,7362,17,47416,2026/09/14,WTXOU6,175,,,44850.0,966.0,43884.0,45816.0,44800.0,7.286763929942533,722,0,44700.0,7.294539258565287,720,1,,,,,,,,,,,,,,,,
2026-09-14T18:50:01+08:00,2026-09-14T18:49:01+08:00,60.0,live,震盪,neutral,0.0,2026/09/14,18:48:47,45616.0,45611.0,45616.0,0.0,161.0,0.35,7362,0,47416,2026/09/14,WTXOU6,175,,,44850.0,970.5,43879.5,45820.5,44800.0,7.286763929942533,722,0,44700.0,5.469260047448005,720,0,,,,,,,,,,,,,,,,
2026-09-14T18:51:01+08:00,2026-09-14T18:50:01+08:00,60.0,live,溫和偏空,mild_bear,-16.597510373443985,2026/09/14,18:50:37,45608.0,45604.0,45608.0,-8.0,169.0,0.37,7392,30,47416,2026/09/14,WTXOU6,175,,,44850.0,964.0,43886.0,45814.0,44800.0,9.94031546828285,722,1,44700.0,5.59571135819727,720,0,,,,,,,,,,,,,,,,
2026-09-14T18:52:01+08:00,2026-09-14T18:51:01+08:00,60.0,live,震盪,neutral,0.0,2026/09/14,18:51:25,45608.0,45610.0,45615.0,0.0,169.0,0.37,7398,6,47416,2026/09/14,WTXOU6,175,,,44850.0,968.0,43882.0,45818.0,44800.0,9.94031546828285,722,1,44700.0,5.59571135819727,720,0,,,,,,,,,,,,,,,,
2026-09-14T18:53:01+08:00,2026-09-14T18:52:01+08:00,60.0,live,溫和偏多,mild_bull,16.494845360824744,2026/09/14,18:52:41,45616.0,45613.0,45616.0,8.0,161.0,0.35,7404,6,47416,2026/09/14,WTXOU6,175,,,44850.0,970.0,43880.0,45820.0,44800.0,9.715685239923378,722,1,44700.0,5.469260047448005,720,0,,,,,,,,,,,,,,,,
2026-09-14T18:54:01+08:00,2026-09-14T18:53:01+08:00,60.0,live,震盪,neutral,4.11522633744856,2026/09/14,18:53:44,45618.0,45616.0,45619.0,2.0,159.0,0.35,7421,17,47416,2026/09/14,WTXOU6,175,,,44850.0,972.0,43878.0,45822.0,44800.0,7.245244020207103,722,0,44700.0,5.438096257091561,720,0,,,,,,,,,,,,,,,,
2026-09-14T18:55:01+08:00,2026-09-14T18:54:01+08:00,60.0,live,溫和偏空,mild_bear,-33.246753246753244,2026/09/14,18:54:26,45602.0,45604.0,45607.0,-16.0,175.0,0.38,7437,16,47416,2026/09/14,WTXOU6,175,,,44850.0,962.5,43887.5,45812.5,44850.0,8.65296997796676,494,2,44700.0,5.692464784243857,720,0,,,,,,,,,,,,,,,,
2026-09-14T18:56:01+08:00,2026-09-14T18:55:01+08:00,60.0,live,震盪,neutral,10.303967027305513,2026/09/14,18:55:46,45607.0,45612.0,45616.0,5.0,170.0,0.37,7438,1,47416,2026/09/14,WTXOU6,175,,,44850.0,970.5,43879.5,45820.5,44800.0,8.915433867371316,722,1,44700.0,5.611721966340754,720,0,,,,,,,,,,,,,,,,
2026-09-14T18:57:01+08:00,2026-09-14T18:56:01+08:00,60.0,live,溫和偏多,mild_bull,34.80040941658137,2026/09/14,18:56:57,45624.0,45621.0,45626.0,17.0,153.0,0.33,7455,17,47416,2026/09/14,WTXOU6,175,,,44850.0,977.0,43873.0,45827.0,44800.0,9.496131182401118,722,2,44700.0,5.345666270436032,720,0,,,,,,,,,,,,,,,,
2026-09-14T18:58:01+08:00,2026-09-14T18:57:01+08:00,60.0,live,溫和偏空,mild_bear,-34.997426659804425,2026/09/14,18:57:44,45607.0,45611.0,45615.0,-17.0,170.0,0.37,7470,15,47416,2026/09/14,WTXOU6,175,,,44850.0,971.5,43878.5,45821.5,44800.0,9.9687569810053,722,1,44700.0,7.484545594193559,720,1,,,,,,,,,,,,,,,,
2026-09-14T18:59:01+08:00,2026-09-14T18:58:01+08:00,60.0,live,震盪,neutral,12.352032938754503,2026/09/14,18:58:56,45613.0,45611.0,45616.0,6.0,164.0,0.36,7477,7,47416,2026/09/14,WTXOU6,175,,,44850.0,971.5,43878.5,45821.5,44850.0,8.903836264294366,494,1,44700.0,5.51634090614216,720,0,,,,,,,,,,,,,,,,
2026-09-14T19:00:00+08:00,2026-09-14T18:59:01+08:00,59.0,live,震盪,neutral,0.0,2026/09/14,18:59:41,45613.0,45605.0,45610.0,0.0,164.0,0.36,7487,10,47416,2026/09/14,WTXOU6,175,,,44850.0,967.5,43882.5,45817.5,44850.0,8.903836264294366,494,2,44700.0,5.51634090614216,720,0,,,,,,,,,,,,,,,,
2026-09-14T19:01:01+08:00,2026-09-14T19:00:00+08:00,61.0,live,溫和偏空,mild_bear,-37.71608171817705,2026/09/14,19:00:38,45595.0,45588.0,45592.0,-18.0,182.0,0.4,7528,41,47416,2026/09/14,WTXOU6,175,,,44850.0,954.5,43895.5,45804.5,44800.0,7.737352246861471,722,0,44700.0,7.7456083749545135,720,9,44600.0,4.064322618109938,452,1,,,,,,,,,,,,
2026-09-14T19:02:00+08:00,2026-09-14T19:01:01+08:00,59.0,live,震盪,neutral,-10.465724751439037,2026/09/14,19:01:53,45590.0,45589.0,45593.0,-5.0,187.0,0.41,7540,12,47416,2026/09/14,WTXOU6,175,,,44850.0,955.5,43894.5,45805.5,44800.0,10.464905532319577,722,7,44700.0,5.891019348078884,720,0,44600.0,3.6303242619578686,452,0,,,,,,,,,,,,
2026-09-14T19:03:01+08:00,2026-09-14T19:02:00+08:00,61.0,live,震盪,neutral,12.558869701726843,2026/09/14,19:02:53,45596.0,45588.0,45592.0,6.0,181.0,0.4,7549,9,47416,2026/09/14,WTXOU6,175,,,44850.0,955.5,43894.5,45805.5,44800.0,10.287036102840041,722,4,44700.0,6.7572003944108285,720,1,44600.0,4.59556509387931,452,2,,,,,,,,,,,,
2026-09-14T19:04:01+08:00,2026-09-14T19:03:01+08:00,60.0,live,強勢偏空,strong_bear,-59.32203389830508,2026/09/14,19:03:55,45568.0,45569.0,45574.0,-28.0,209.0,0.46,7591,42,47416,2026/09/14,WTXOU6,175,,,44850.0,944.0,43906.0,45794.0,44800.0,11.143813174912022,722,7,44700.0,7.643767731822363,720,3,44600.0,3.865840471723949,452,0,,,,,,,,,,,,
2026-09-14T19:05:00+08:00,2026-09-14T19:04:01+08:00,59.0,live,震盪,neutral,6.2597809076682305,2026/09/14,19:04:44,45571.0,45587.0,45592.0,3.0,206.0,0.45,7604,13,47416,2026/09/14,WTXOU6,175,,,44850.0,958.5,43891.5,45808.5,44800.0,11.048702973724508,722,4,44700.0,6.219657003913807,720,0,44600.0,5.183716632841725,452,3,,,,,,,,,,,,
2026-09-14T19:06:00+08:00,2026-09-14T19:05:00+08:00,60.0,live,震盪,neutral,4.21274354923644,2026/09/14,19:05:59,45573.0,45570.0,45574.0,2.0,204.0,0.45,7625,21,47416,2026/09/14,WTXOU6,175,,,44850.0,949.5,43900.5,45799.5,44800.0,8.23931067903279,722,0,44700.0,6.184217459025206,720,0,44600.0,3.8110067810325625,452,0,,,,,,,,,,,,
2026-09-14T19:07:00+08:00,2026-09-14T19:06:00+08:00,60.0,live,震盪,neutral,10.509721492380452,2026/09/14,19:06:47,45578.0,45582.0,45586.0,5.0,199.0,0.43,7654,29,47416,2026/09/14,WTXOU6,175,,,44850.0,951.5,43898.5,45801.5,44800.0,8.122442997453874,722,0,44700.0,6.096499543659381,720,0,44600.0,3.75695086005434,452,0,,,,,,,,,,,,
2026-09-14T19:08:01+08:00,2026-09-14T19:07:00+08:00,61.0,live,溫和偏空,mild_bear,-16.922263352723423,2026/09/14,19:07:49,45570.0,45572.0,45577.0,-8.0,207.0,0.45,7674,20,47416,2026/09/14,WTXOU6,175,,,44850.0,945.5,43904.5,45795.5,44800.0,8.31023687717504,722,0,44700.0,8.319104300804268,720,1,44600.0,3.8438129504565204,452,0,,,,,,,,,,,,
2026-09-14T19:09:01+08:00,2026-09-14T19:08:01+08:00,60.0,live,震盪,neutral,14.698162729658792,2026/09/14,19:08:40,45577.0,45578.0,45583.0,7.0,200.0,0.44,7680,6,47416,2026/09/14,WTXOU6,175,,,44850.0,952.5,43897.5,45802.5,44850.0,9.868416132353605,494,1,44700.0,6.1139430211714005,720,0,44600.0,3.7677003544768053,452,0,,,,,,,,,,,,
2026-09-14T19:10:00+08:00,2026-09-14T19:09:01+08:00,59.0,live,震盪,neutral,2.105263157894737,2026/09/14,19:09:51,45578.0,45578.0,45582.0,1.0,199.0,0.43,7697,17,47416,2026/09/14,WTXOU6,175,,,44850.0,950.0,43900.0,45800.0,44800.0,8.122442997453874,722,0,44700.0,7.757752054137912,720,2,44600.0,5.285914445266749,452,3,,,,,,,,,,,,
2026-09-14T19:11:01+08:00,2026-09-14T19:10:00+08:00,61.0,live,溫和偏空,mild_bear,-40.53333333333333,2026/09/14,19:10:41,45559.0,45554.0,45558.0,-19.0,218.0,0.48,7724,27,47416,2026/09/14,WTXOU6,175,,,44850.0,937.5,43912.5,45787.5,44800.0,11.434084435540976,722,2,44700.0,7.955545928940658,720,1,44600.0,5.580795590548153,452,2,,,,,,,,,,,,
2026-09-14T19:12:01+08:00,2026-09-14T19:11:01+08:00,60.0,live,溫和偏多,mild_bull,42.060988433228175,2026/09/14,19:11:56,45579.0,45576.0,45580.0,20.0,198.0,0.43,7746,22,47416,2026/09/14,WTXOU6,175,,,44850.0,951.0,43899.0,45801.0,44800.0,10.799025518317505,722,8,44700.0,6.079105833524428,720,0,44600.0,4.285260012138099,452,1,,,,,,,,,,,,
2026-09-14T19:13:01+08:00,2026-09-14T19:12:01+08:00,60.0,live,震盪,neutral,-2.0975353959098055,2026/09/14,19:12:46,45578.0,45581.0,45585.0,-1.0,199.0,0.43,7753,7,47416,2026/09/14,WTXOU6,175,,,44850.0,953.5,43896.5,45803.5,44800.0,8.122442997453874,722,0,44700.0,6.096499543659381,720,0,44600.0,3.75695086005434,452,0,,,,,,,,,,,,
2026-09-14T19:14:00+08:00,2026-09-14T19:13:01+08:00,59.0,live,震盪,neutral,4.223864836325237,2026/09/14,19:13:40,45580.0,45571.0,45576.0,2.0,197.0,0.43,7759,6,47416,2026/09/14,WTXOU6,175,,,44850.0,947.0,43903.0,45797.0,44800.0,8.076161396550123,722,0,44700.0,6.9664825899720055,720,1,44600.0,3.7355437907311657,452,0,,,,,,,,,,,,
2026-09-14T19:15:01+08:00,2026-09-14T19:14:00+08:00,61.0,live,溫和偏空,mild_bear,-42.55319148936171,2026/09/14,19:14:57,45560.0,45560.0,45561.0,-20.0,217.0,0.47,7768,9,47416,2026/09/14,WTXOU6,175,,,44850.0,940.0,43910.0,45790.0,44800.0,8.55109668613857,722,0,44700.0,8.560221118802902,720,1,44600.0,5.56487321736839,452,1,,,,,,,,,,,,
2026-09-14T19:16:01+08:00,2026-09-14T19:15:01+08:00,60.0,live,震盪,neutral,8.488063660477453,2026/09/14,19:15:34,45564.0,45560.0,45564.0,4.0,213.0,0.47,7777,9,47416,2026/09/14,WTXOU6,175,,,44850.0,942.5,43907.5,45792.5,44800.0,8.45392618451351,722,0,44700.0,6.345302409899663,720,0,44600.0,3.9102749332559164,452,0,,,,,,,,,,,,
2026-09-14T19:17:01+08:00,2026-09-14T19:16:01+08:00,60.0,live,震盪,neutral,-14.854111405835546,2026/09/14,19:16:57,45557.0,45557.0,45562.0,-7.0,220.0,0.48,7787,10,47416,2026/09/14,WTXOU6,175,,,44850.0,942.5,43907.5,45792.5,44800.0,11.499609095903947,722,1,44700.0,6.473486021454639,720,0,44600.0,3.98926772678072,452,0,,,,,,,,,,,,
2026-09-14T19:18:00+08:00,2026-09-14T19:17:01+08:00,59.0,live,溫和偏多,mild_bull,29.66101694915254,2026/09/14,19:17:41,45571.0,45565.0,45570.0,14.0,206.0,0.45,7794,7,47416,2026/09/14,WTXOU6,175,,,44850.0,944.0,43906.0,45794.0,44800.0,11.048702973724508,722,1,44700.0,6.219657003913807,720,0,44600.0,3.832846301842111,452,0,,,,,,,,,,,,
2026-09-14T19:19:01+08:00,2026-09-14T19:18:00+08:00,61.0,live,震盪,neutral,0.0,2026/09/14,19:17:41,45571.0,45565.0,45567.0,0.0,206.0,0.45,7794,0,47416,2026/09/14,WTXOU6,175,,,44850.0,944.0,43906.0,45794.0,44800.0,8.28652723029338,722,0,44700.0,6.219657003913807,720,0,44600.0,3.832846301842111,452,0,,,,,,,,,,,,
2026-09-14T19:20:01+08:00,2026-09-14T19:19:01+08:00,60.0,live,溫和偏空,mild_bear,-42.82655246252677,2026/09/14,19:19:57,45551.0,45550.0,45551.0,-20.0,226.0,0.49,7821,27,47416,2026/09/14,WTXOU6,175,,,44850.0,934.0,43916.0,45784.0,44800.0,10.841845907578046,722,1,44700.0,8.78319561922,720,2,44600.0,5.226088789913218,452,1,,,,,,,,,,,,
2026-09-14T19:21:01+08:00,2026-09-14T19:20:01+08:00,60.0,live,震盪,neutral,-4.266666666666667,2026/09/14,19:20:38,45549.0,45555.0,45560.0,-2.0,228.0,0.5,7871,50,47416,2026/09/14,WTXOU6,175,,,44850.0,937.5,43912.5,45787.5,44800.0,10.903976660136909,722,1,44700.0,8.83352898111665,720,2,44600.0,4.0815010688790805,452,0,,,,,,,,,,,,
2026-09-14T19:22:00+08:00,2026-09-14T19:21:01+08:00,59.0,live,溫和偏空,mild_bear,-41.19241192411924,2026/09/14,19:21:52,45530.0,45529.0,45533.0,-19.0,247.0,0.54,7886,15,47416,2026/09/14,WTXOU6,175,,,44850.0,922.5,43927.5,45772.5,44800.0,10.371249061115684,722,3,44700.0,7.639883076682788,720,2,44600.0,4.795583914196742,452,2,,,,,,,,,,,,
2026-09-14T19:23:00+08:00,2026-09-14T19:22:00+08:00,60.0,live,溫和偏多,mild_bull,19.39655172413793,2026/09/14,19:22:55,45539.0,45541.0,45544.0,9.0,238.0,0.52,7906,20,47416,2026/09/14,WTXOU6,175,,,44850.0,928.0,43922.0,45778.0,44800.0,9.079866974384847,722,0,44700.0,6.815117678656192,720,0,44600.0,4.548683920366065,452,2,,,,,,,,,,,,
2026-09-14T19:24:01+08:00,2026-09-14T19:23:00+08:00,61.0,live,溫和偏多,mild_bull,32.017075773745994,2026/09/14,19:23:57,45554.0,45551.0,45555.0,15.0,223.0,0.49,7919,13,47416,2026/09/14,WTXOU6,175,,,44850.0,937.0,43913.0,45787.0,44800.0,11.59860081803552,722,1,44700.0,6.529211526914359,720,0,44600.0,5.661093432248941,452,1,,,,,,,,,,,,
2026-09-14T19:25:00+08:00,2026-09-14T19:24:01+08:00,59.0,live,震盪,neutral,12.73209549071618,2026/09/14,19:24:38,45560.0,45558.0,45563.0,6.0,217.0,0.47,7928,9,47416,2026/09/14,WTXOU6,175,,,44850.0,942.5,43907.5,45792.5,44800.0,8.55109668613857,722,0,44700.0,8.560221118802902,720,2,44600.0,3.9552201301340753,452,0,,,,,,,,,,,,
2026-09-14T19:26:00+08:00,2026-09-14T19:25:00+08:00,60.0,live,溫和偏多,mild_bull,21.07481559536354,2026/09/14,19:25:54,45570.0,45568.0,45573.0,10.0,207.0,0.45,7936,8,47416,2026/09/14,WTXOU6,175,,,44850.0,949.0,43901.0,45799.0,44800.0,8.31023687717504,722,0,44700.0,6.237452863046295,720,0,44600.0,5.408126738029159,452,1,,,,,,,,,,,,
2026-09-14T19:27:00+08:00,2026-09-14T19:26:00+08:00,60.0,live,溫和偏多,mild_bull,25.13089005235602,2026/09/14,19:26:45,45582.0,45583.0,45588.0,12.0,195.0,0.43,7945,9,47416,2026/09/14,WTXOU6,175,,,44850.0,955.0,43895.0,45805.0,44800.0,8.030143507756495,722,0,44700.0,8.038712058249002,720,2,44600.0,3.7142586986800055,452,0,,,,,,,,,,,,
2026-09-14T19:28:01+08:00,2026-09-14T19:27:00+08:00,61.0,live,震盪,neutral,0.0,2026/09/14,19:27:51,45582.0,45582.0,45584.0,0.0,195.0,0.43,7971,26,47416,2026/09/14,WTXOU6,175,,,44850.0,952.5,43897.5,45802.5,44800.0,10.706858010341993,722,1,44700.0,6.027221889510691,720,0,44600.0,3.7142586986800055,452,0,,,,,,,,,,,,
2026-09-14T19:29:01+08:00,2026-09-14T19:28:01+08:00,60.0,live,強勢偏多,strong_bull,47.61904761904761,2026/09/14,19:28:56,45605.0,45602.0,45605.0,23.0,172.0,0.38,7998,27,47416,2026/09/14,WTXOU6,175,,,44850.0,966.0,43884.0,45816.0,44800.0,10.025884372280375,722,5,44700.0,6.486232644979015,720,1,,,,,,,,,,,,,,,,
2026-09-14T19:30:01+08:00,2026-09-14T19:29:01+08:00,60.0,live,震盪,neutral,-4.130098089829634,2026/09/14,19:29:51,45603.0,45602.0,45606.0,-2.0,174.0,0.38,8028,30,47416,2026/09/14,WTXOU6,175,,,44850.0,968.5,43881.5,45818.5,44800.0,7.562504355196877,722,0,44700.0,5.676223811583809,720,0,,,,,,,,,,,,,,,,
2026-09-14T19:31:00+08:00,2026-09-14T19:30:01+08:00,59.0,live,溫和偏空,mild_bear,-18.769551616266945,2026/09/14,19:30:57,45594.0,45589.0,45593.0,-9.0,183.0,0.4,8045,17,47416,2026/09/14,WTXOU6,175,,,44850.0,959.0,43891.0,45809.0,44800.0,10.345987438260048,722,2,44700.0,5.824076670882441,720,0,44600.0,4.621900638596506,452,1,,,,,,,,,,,,
2026-09-14T19:32:01+08:00,2026-09-14T19:31:00+08:00,61.0,live,溫和偏空,mild_bear,-25.144054478784707,2026/09/14,19:31:50,45582.0,45583.0,45587.0,-12.0,195.0,0.43,8053,8,47416,2026/09/14,WTXOU6,175,,,44850.0,954.5,43895.5,45804.5,44800.0,8.030143507756495,722,0,44700.0,6.027221889510691,720,0,44600.0,3.7142586986800055,452,0,,,,,,,,,,,,
2026-09-14T19:33:01+08:00,2026-09-14T19:32:01+08:00,60.0,live,溫和偏空,mild_bear,-16.877637130801688,2026/09/14,19:32:52,45574.0,45571.0,45573.0,-8.0,203.0,0.44,8065,12,47416,2026/09/14,WTXOU6,175,,,44850.0,948.0,43902.0,45798.0,44800.0,9.796935488669298,722,1,44700.0,8.224570047754511,720,3,44600.0,3.8001337305554967,452,0,,,,,,,,,,,,
2026-09-14T19:34:01+08:00,2026-09-14T19:33:01+08:00,60.0,live,震盪,neutral,-8.438818565400844,2026/09/14,19:33:50,45570.0,45569.0,45573.0,-4.0,207.0,0.45,8077,12,47416,2026/09/14,WTXOU6,175,,,44850.0,948.0,43902.0,45798.0,44800.0,10.26897849354737,722,1,44700.0,6.237452863046295,720,0,44600.0,5.408126738029159,452,2,,,,,,,,,,,,
2026-09-14T19:35:01+08:00,2026-09-14T19:34:01+08:00,60.0,live,溫和偏空,mild_bear,-16.93121693121693,2026/09/14,19:34:57,45562.0,45561.0,45565.0,-8.0,215.0,0.47,8086,9,47416,2026/09/14,WTXOU6,175,,,44850.0,945.0,43905.0,45795.0,44800.0,8.502372620701443,722,0,44700.0,6.3816650751968185,720,0,44600.0,3.932683324445598,452,0,,,,,,,,,,,,
2026-09-14T19:36:01+08:00,2026-09-14T19:35:01+08:00,60.0,live,強勢偏空,strong_bear,-49.462365591397855,2026/09/14,19:35:58,45539.0,45539.0,45543.0,-23.0,238.0,0.52,8120,34,47416,2026/09/14,WTXOU6,175,,,44850.0,930.0,43920.0,45780.0,44800.0,12.106489299179797,722,5,44700.0,8.57688974051545,720,3,44600.0,4.199797283808254,452,0,,,,,,,,,,,,
2026-09-14T19:37:00+08:00,2026-09-14T19:36:01+08:00,59.0,live,震盪,neutral,-4.296455424274972,2026/09/14,19:36:53,45537.0,45534.0,45539.0,-2.0,240.0,0.52,8139,19,47416,2026/09/14,WTXOU6,175,,,44850.0,931.0,43919.0,45781.0,44800.0,12.175867272028318,722,2,44700.0,8.471659611522163,720,1,44600.0,5.9428480492605615,452,2,,,,,,,,,,,,
2026-09-14T19:38:01+08:00,2026-09-14T19:37:00+08:00,61.0,live,震盪,neutral,-2.145922746781116,2026/09/14,19:37:58,45536.0,45536.0,45540.0,-1.0,241.0,0.53,8201,62,47416,2026/09/14,WTXOU6,175,,,44850.0,932.0,43918.0,45782.0,44850.0,11.094863181897283,494,2,44700.0,8.49589896442702,720,1,44600.0,4.235950266249697,452,0,,,,,,,,,,,,
2026-09-14T19:39:00+08:00,2026-09-14T19:38:01+08:00,59.0,live,溫和偏多,mild_bull,42.417815482502654,2026/09/14,19:38:59,45556.0,45555.0,45559.0,20.0,221.0,0.48,8224,23,47416,2026/09/14,WTXOU6,175,,,44850.0,943.0,43907.0,45793.0,44800.0,10.313958819745977,722,1,44700.0,7.742898264533701,720,1,44600.0,4.000681932815378,452,0,,,,,,,,,,,,
2026-09-14T19:40:01+08:00,2026-09-14T19:39:00+08:00,61.0,live,溫和偏空,mild_bear,-17.03940362087327,2026/09/14,19:39:54,45548.0,45548.0,45551.0,-8.0,229.0,0.5,8238,14,47416,2026/09/14,WTXOU6,175,,,44850.0,939.0,43911.0,45789.0,44800.0,10.168545884499434,722,1,44700.0,7.633443231209209,720,1,44600.0,5.146722450127296,452,2,,,,,,,,,,,,
2026-09-14T19:41:01+08:00,2026-09-14T19:40:01+08:00,60.0,live,震盪,neutral,-2.132196162046908,2026/09/14,19:40:52,45547.0,45543.0,45547.0,-1.0,230.0,0.5,8240,2,47416,2026/09/14,WTXOU6,175,,,44850.0,938.0,43912.0,45788.0,44850.0,10.751590029639562,494,3,44700.0,6.6611103490761705,720,0,44600.0,5.468900824653808,452,2,,,,,,,,,,,,
2026-09-14T19:42:01+08:00,2026-09-14T19:41:01+08:00,60.0,live,強勢偏空,strong_bear,-54.054054054054056,2026/09/14,19:41:42,45522.0,45522.0,45526.0,-25.0,255.0,0.56,8255,15,47416,2026/09/14,WTXOU6,175,,,44850.0,925.0,43925.0,45775.0,44800.0,9.531775156523429,722,0,44700.0,7.154308489480892,720,0,44600.0,6.203078064653175,452,10,,,,,,,,,,,,
2026-09-14T19:43:01+08:00,2026-09-14T19:42:01+08:00,60.0,live,溫和偏多,mild_bull,21.470746108427267,2026/09/14,19:42:49,45532.0,45530.0,45534.0,10.0,245.0,0.54,8267,12,47416,2026/09/14,WTXOU6,175,,,44850.0,931.5,43918.5,45781.5,44800.0,11.446671424770045,722,2,44700.0,9.27317683443725,720,4,44600.0,5.156497003203913,452,1,,,,,,,,,,,,
2026-09-14T19:44:01+08:00,2026-09-14T19:43:01+08:00,60.0,live,震盪,neutral,-6.46551724137931,2026/09/14,19:43:54,45529.0,45530.0,45535.0,-3.0,248.0,0.54,8284,17,47416,2026/09/14,WTXOU6,175,,,44850.0,928.0,43922.0,45778.0,44850.0,11.318994285585125,494,1,44700.0,7.012643689816428,720,0,44600.0,4.321522137914633,452,0,,,,,,,,,,,,
2026-09-14T19:45:00+08:00,2026-09-14T19:44:01+08:00,59.0,live,溫和偏空,mild_bear,-17.353579175704994,2026/09/14,19:44:55,45521.0,45519.0,45522.0,-8.0,256.0,0.56,8299,15,47416,2026/09/14,WTXOU6,175,,,44850.0,922.0,43928.0,45772.0,44850.0,11.58069361078791,494,1,44700.0,7.174778599969151,720,0,44600.0,4.421437324618228,452,0,,,,,,,,,,,,
2026-09-14T19:46:00+08:00,2026-09-14T19:45:00+08:00,60.0,live,溫和偏多,mild_bull,19.40700808625337,2026/09/14,19:45:58,45530.0,45528.0,45533.0,9.0,247.0,0.54,8403,104,47416,2026/09/14,WTXOU6,175,,,44850.0,927.5,43922.5,45777.5,44800.0,12.421836106911211,722,13,44700.0,8.823326894121774,720,8,44600.0,4.309192553885249,452,0,,,,,,,,,,,,
2026-09-14T19:47:01+08:00,2026-09-14T19:46:00+08:00,61.0,live,震盪,neutral,-8.620689655172413,2026/09/14,19:46:40,45526.0,45529.0,45533.0,-4.0,251.0,0.55,8415,12,47416,2026/09/14,WTXOU6,175,,,44850.0,928.0,43922.0,45778.0,44800.0,12.564614269302075,722,1,44700.0,7.073010409220595,720,0,44600.0,4.35872296057688,452,0,,,,,,,,,,,,
2026-09-14T19:48:00+08:00,2026-09-14T19:47:01+08:00,59.0,live,溫和偏多,mild_bull,17.25067385444744,2026/09/14,19:47:43,45534.0,45529.0,45533.0,8.0,243.0,0.53,8448,33,47416,2026/09/14,WTXOU6,175,,,44850.0,927.5,43922.5,45777.5,44800.0,9.21051030455952,722,0,44700.0,6.913175246193656,720,0,44600.0,4.260224986632879,452,0,,,,,,,,,,,,
2026-09-14T19:49:01+08:00,2026-09-14T19:48:00+08:00,61.0,live,溫和偏空,mild_bear,-36.83640303358613,2026/09/14,19:48:52,45517.0,45523.0,45527.0,-17.0,260.0,0.57,8470,22,47416,2026/09/14,WTXOU6,175,,,44850.0,923.0,43927.0,45773.0,44800.0,9.668920651323894,722,0,44700.0,9.679237856082299,720,3,44600.0,4.472257886965216,452,0,,,,,,,,,,,,
2026-09-14T19:50:01+08:00,2026-09-14T19:49:01+08:00,60.0,live,溫和偏多,mild_bull,40.75067024128687,2026/09/14,19:49:36,45536.0,45530.0,45535.0,19.0,241.0,0.53,8475,5,47416,2026/09/14,WTXOU6,175,,,44850.0,932.5,43917.5,45782.5,44800.0,12.210705209016254,722,3,44700.0,6.873784041131049,720,0,44600.0,4.235950266249697,452,0,,,,,,,,,,,,
2026-09-14T19:51:01+08:00,2026-09-14T19:50:01+08:00,60.0,live,強勢偏空,strong_bear,-85.199344620426,2026/09/14,19:50:54,45497.0,45497.0,45500.0,-39.0,280.0,0.61,8513,38,47416,2026/09/14,WTXOU6,175,,,44850.0,915.5,43934.5,45765.5,44800.0,10.750814799496045,722,2,44700.0,8.379184284093938,720,3,44600.0,6.076685645679121,452,7,,,,,,,,,,,,
2026-09-14T19:52:00+08:00,2026-09-14T19:51:01+08:00,59.0,live,溫和偏多,mild_bull,15.317286652078776,2026/09/14,19:51:57,45504.0,45503.0,45506.0,7.0,273.0,0.6,8546,33,47416,2026/09/14,WTXOU6,175,,,44850.0,914.0,43936.0,45764.0,44800.0,11.707272406766592,722,1,44700.0,8.78869120136146,720,1,44600.0,4.64149381987798,452,0,,,,,,,,,,,,
2026-09-14T19:53:00+08:00,2026-09-14T19:52:00+08:00,60.0,live,強勢偏空,strong_bear,-48.75346260387812,2026/09/14,19:52:56,45482.0,45480.0,45482.0,-22.0,295.0,0.64,8588,42,47416,2026/09/14,WTXOU6,175,,,44850.0,902.5,43947.5,45752.5,44800.0,11.098612872419453,722,1,44700.0,8.886500471737317,720,2,44500.0,5.843842197225096,994,3,,,,,,,,,,,,
2026-09-14T19:54:00+08:00,2026-09-14T19:53:00+08:00,60.0,live,震盪,neutral,-8.88888888888889,2026/09/14,19:53:53,45478.0,45476.0,45480.0,-4.0,299.0,0.65,8617,29,47416,2026/09/14,WTXOU6,175,,,44850.0,900.0,43950.0,45750.0,44800.0,11.03599876389867,722,2,44700.0,8.557113279995903,720,3,44500.0,5.5538922333828555,994,4,,,,,,,,,,,,
2026-09-14T19:55:00+08:00,2026-09-14T19:54:00+08:00,60.0,live,強勢偏多,strong_bull,48.29857299670691,2026/09/14,19:54:57,45500.0,45495.0,45499.0,22.0,277.0,0.61,8638,21,47416,2026/09/14,WTXOU6,175,,,44850.0,911.0,43939.0,45761.0,44800.0,9.978358993648918,722,1,44700.0,8.338213094087598,720,4,44500.0,5.743261926761735,994,9,,,,,,,,,,,,
2026-09-14T19:56:01+08:00,2026-09-14T19:55:00+08:00,61.0,live,震盪,neutral,4.373974849644615,2026/09/14,19:55:50,45502.0,45504.0,45507.0,2.0,275.0,0.6,8657,19,47416,2026/09/14,WTXOU6,175,,,44850.0,914.5,43935.5,45764.5,44800.0,13.456414411394768,722,4,44700.0,7.575032321932796,720,0,44600.0,6.011433005538649,452,2,,,,,,,,,,,,
2026-09-14T19:57:00+08:00,2026-09-14T19:56:01+08:00,59.0,live,震盪,neutral,-2.189381499726327,2026/09/14,19:56:36,45501.0,45496.0,45500.0,-1.0,276.0,0.6,8670,13,47416,2026/09/14,WTXOU6,175,,,44850.0,913.5,43936.5,45763.5,44800.0,10.12118721464969,722,0,44700.0,7.59670621939054,720,0,44600.0,6.5866549901226,452,1,,,,,,,,,,,,
2026-09-14T19:58:01+08:00,2026-09-14T19:57:00+08:00,61.0,live,震盪,neutral,13.12910284463895,2026/09/14,19:57:39,45507.0,45505.0,45508.0,6.0,270.0,0.59,8678,8,47416,2026/09/14,WTXOU6,175,,,44850.0,914.0,43936.0,45764.0,44800.0,13.265546508012172,722,1,44700.0,7.46758686929287,720,0,44600.0,6.474703232731823,452,1,,,,,,,,,,,,
2026-09-14T19:59:00+08:00,2026-09-14T19:58:01+08:00,59.0,live,震盪,neutral,-4.37636761487965,2026/09/14,19:58:57,45505.0,45503.0,45507.0,-2.0,272.0,0.59,8688,10,47416,2026/09/14,WTXOU6,175,,,44850.0,914.0,43936.0,45764.0,44800.0,10.006174968292695,722,0,44700.0,10.016852039676271,720,1,44600.0,4.628251335806921,452,0,,,,,,,,,,,,
2026-09-14T20:00:00+08:00,2026-09-14T19:59:00+08:00,60.0,live,震盪,neutral,2.188183807439825,2026/09/14,19:59:44,45506.0,45502.0,45507.0,1.0,271.0,0.59,8698,10,47416,2026/09/14,WTXOU6,175,,,44850.0,914.0,43936.0,45764.0,44800.0,9.97762669961627,722,0,44700.0,7.488953340772237,720,0,44600.0,4.615046633405122,452,0,,,,,,,,,,,,
2026-09-14T20:01:01+08:00,2026-09-14T20:00:00+08:00,61.0,live,強勢偏空,strong_bear,-66.59267480577135,2026/09/14,20:00:57,45476.0,45474.0,45479.0,-30.0,301.0,0.66,8752,54,47416,2026/09/14,WTXOU6,175,,,44850.0,901.0,43949.0,45751.0,44800.0,12.040971540628979,722,1,44700.0,9.040153744961579,720,1,44600.0,6.452446900449678,452,2,,,,,,,,,,,,
2026-09-14T20:02:01+08:00,2026-09-14T20:01:01+08:00,60.0,live,震盪,neutral,-13.415315818893237,2026/09/14,20:01:56,45470.0,45468.0,45471.0,-6.0,307.0,0.67,8941,189,47416,2026/09/14,WTXOU6,175,,,44850.0,894.5,43955.5,45744.5,44800.0,13.328824133064062,722,21,44700.0,8.58938229422868,720,5,44500.0,5.658456793975301,994,8,,,,,,,,,,,,
2026-09-14T20:03:00+08:00,2026-09-14T20:02:01+08:00,59.0,live,震盪,neutral,-6.718924972004478,2026/09/14,20:02:48,45467.0,45463.0,45468.0,-3.0,310.0,0.68,8967,26,47416,2026/09/14,WTXOU6,175,,,44850.0,893.0,43957.0,45743.0,44800.0,12.002398038184285,722,3,44700.0,8.287827915472807,720,1,44500.0,6.3111192823647935,994,8,,,,,,,,,,,,
2026-09-14T20:04:00+08:00,2026-09-14T20:03:00+08:00,60.0,live,溫和偏空,mild_bear,-27.027027027027025,2026/09/14,20:03:50,45455.0,45455.0,45457.0,-12.0,322.0,0.7,8992,25,47416,2026/09/14,WTXOU6,175,,,44850.0,888.0,43962.0,45738.0,44800.0,13.912476967624468,722,10,44700.0,7.554653127315521,720,0,44500.0,6.1632111401360214,994,6,,,,,,,,,,,,
2026-09-14T20:05:01+08:00,2026-09-14T20:04:00+08:00,61.0,live,震盪,neutral,4.49438202247191,2026/09/14,20:04:58,45457.0,45457.0,45460.0,2.0,320.0,0.7,9050,58,47416,2026/09/14,WTXOU6,175,,,44850.0,890.0,43960.0,45740.0,44800.0,13.833203809684171,722,21,44700.0,8.598217710485104,720,3,44500.0,6.414793721627136,994,19,,,,,,,,,,,,
2026-09-14T20:06:00+08:00,2026-09-14T20:05:01+08:00,59.0,live,震盪,neutral,-8.983717012914092,2026/09/14,20:05:54,45453.0,45457.0,45461.0,-4.0,324.0,0.71,9069,19,47416,2026/09/14,WTXOU6,175,,,44850.0,890.5,43959.5,45740.5,44800.0,13.992204411763126,722,3,44700.0,9.972274742235426,720,2,44500.0,6.267337093188437,994,2,,,,,,,,,,,,
2026-09-14T20:07:00+08:00,2026-09-14T20:06:00+08:00,60.0,live,震盪,neutral,-9.014084507042256,2026/09/14,20:06:56,45449.0,45447.0,45452.0,-4.0,328.0,0.72,9085,16,47416,2026/09/14,WTXOU6,175,,,44850.0,887.5,43962.5,45737.5,44800.0,13.174502995101726,722,9,44700.0,8.958928945354495,720,3,44500.0,6.644182199637687,994,16,,,,,,,,,,,,
2026-09-14T20:08:01+08:00,2026-09-14T20:07:00+08:00,61.0,live,強勢偏多,strong_bull,62.08425720620843,2026/09/14,20:07:56,45477.0,45474.0,45479.0,28.0,300.0,0.66,9118,33,47416,2026/09/14,WTXOU6,175,,,44850.0,902.0,43948.0,45752.0,44800.0,12.831535711874162,722,7,44700.0,8.054383630872533,720,1,44500.0,6.133353196856662,994,8,,,,,,,,,,,,
2026-09-14T20:09:00+08:00,2026-09-14T20:08:01+08:00,59.0,live,溫和偏空,mild_bear,-38.01006148686417,2026/09/14,20:08:54,45460.0,45460.0,45465.0,-17.0,317.0,0.69,9138,20,47416,2026/09/14,WTXOU6,175,,,44850.0,894.5,43955.5,45744.5,44800.0,9.92212398044841,722,0,44700.0,9.463009554168243,720,2,44500.0,6.43861234893726,994,4,,,,,,,,,,,,
2026-09-14T20:10:00+08:00,2026-09-14T20:09:00+08:00,60.0,live,溫和偏多,mild_bull,39.84504703929165,2026/09/14,20:09:41,45478.0,45479.0,45482.0,18.0,299.0,0.65,9151,13,47416,2026/09/14,WTXOU6,175,,,44850.0,903.5,43946.5,45753.5,44800.0,9.424742743875505,722,0,44700.0,7.074164862744117,720,0,44600.0,6.415680921003238,452,5,,,,,,,,,,,,
2026-09-14T20:11:00+08:00,2026-09-14T20:10:00+08:00,60.0,live,溫和偏多,mild_bull,26.431718061674005,2026/09/14,20:10:58,45490.0,45487.0,45491.0,12.0,287.0,0.63,9175,24,47416,2026/09/14,WTXOU6,175,,,44850.0,908.0,43942.0,45758.0,44800.0,10.422947661176213,722,1,44700.0,9.451959212957357,720,7,44600.0,5.895010727128746,452,5,,,,,,,,,,,,
2026-09-14T20:12:00+08:00,2026-09-14T20:11:00+08:00,60.0,live,溫和偏多,mild_bull,22.22222222222222,2026/09/14,20:11:52,45500.0,45498.0,45500.0,10.0,277.0,0.61,9197,22,47416,2026/09/14,WTXOU6,175,,,44850.0,900.0,43950.0,45750.0,44800.0,10.80396152186496,722,3,44700.0,9.185724696622822,720,9,44500.0,4.307446445071301,994,0,,,,,,,,,,,,
2026-09-14T20:13:00+08:00,2026-09-14T20:12:00+08:00,60.0,live,震盪,neutral,0.0,2026/09/14,20:12:54,45500.0,45497.0,45499.0,0.0,277.0,0.61,9217,20,47416,2026/09/14,WTXOU6,175,,,44850.0,905.0,43945.0,45755.0,44800.0,12.233947047592462,722,17,44700.0,8.950502630388526,720,14,44500.0,5.003919255648567,994,4,,,,,,,,,,,,
2026-09-14T20:14:00+08:00,2026-09-14T20:13:00+08:00,60.0,live,強勢偏空,strong_bear,-53.66126327557295,2026/09/14,20:13:58,45476.0,45474.0,45475.0,-24.0,301.0,0.66,9244,27,47416,2026/09/14,WTXOU6,175,,,44850.0,894.5,43955.5,45744.5,44800.0,13.10227738241646,722,4,44700.0,9.837700986073024,720,4,44500.0,5.700512740874187,994,2,,,,,,,,,,,,
2026-09-14T20:15:00+08:00,2026-09-14T20:14:00+08:00,60.0,live,強勢偏多,strong_bull,46.20462046204621,2026/09/14,20:14:51,45497.0,45498.0,45501.0,21.0,280.0,0.61,9262,18,47416,2026/09/14,WTXOU6,175,,,44850.0,909.0,43941.0,45759.0,44800.0,12.339260147942891,722,1,44700.0,6.70037625092532,720,0,44500.0,5.792701467187968,994,1,,,,,,,,,,,,
2026-09-14T20:16:00+08:00,2026-09-14T20:15:00+08:00,60.0,live,強勢偏多,strong_bull,50.0544069640914,2026/09/14,20:15:58,45520.0,45518.0,45522.0,23.0,257.0,0.56,9294,32,47416,2026/09/14,WTXOU6,175,,,44850.0,919.0,43931.0,45769.0,44800.0,11.01545425373766,722,1,44700.0,9.596627510289144,720,5,44600.0,5.575377871135277,452,2,,,,,,,,,,,,
2026-09-14T20:17:01+08:00,2026-09-14T20:16:00+08:00,61.0,live,溫和偏多,mild_bull,23.71967654986523,2026/09/14,20:16:58,45531.0,45533.0,45538.0,11.0,246.0,0.54,9451,157,47416,2026/09/14,WTXOU6,175,,,44850.0,927.5,43922.5,45777.5,44800.0,11.59786543349406,722,5,44700.0,8.707146846044306,720,5,44600.0,5.600306303014183,452,5,,,,,,,,,,,,
2026-09-14T20:18:00+08:00,2026-09-14T20:17:01+08:00,59.0,live,強勢偏多,strong_bull,67.54617414248021,2026/09/14,20:17:57,45563.0,45562.0,45566.0,32.0,214.0,0.47,9511,60,47416,2026/09/14,WTXOU6,175,,,44850.0,947.5,43902.5,45797.5,44800.0,9.741957531997093,722,1,44700.0,8.487161355502861,720,5,44600.0,5.517378145171875,452,5,,,,,,,,,,,,
2026-09-14T20:19:00+08:00,2026-09-14T20:18:00+08:00,60.0,live,強勢偏空,strong_bear,-75.8807588075881,2026/09/14,20:18:58,45528.0,45526.0,45531.0,-35.0,249.0,0.54,9559,48,47416,2026/09/14,WTXOU6,175,,,44850.0,922.5,43927.5,45772.5,44800.0,10.47400341765233,722,1,44700.0,9.379763907117256,720,8,44600.0,5.983732351152086,452,7,,,,,,,,,,,,
2026-09-14T20:20:00+08:00,2026-09-14T20:19:00+08:00,60.0,live,震盪,neutral,8.620689655172413,2026/09/14,20:19:58,45532.0,45532.0,45535.0,4.0,245.0,0.54,9604,45,47416,2026/09/14,WTXOU6,175,,,44850.0,928.0,43922.0,45778.0,44800.0,10.954530532570313,722,3,44700.0,9.154102347138389,720,9,44600.0,5.844266154045335,452,8,,,,,,,,,,,,
2026-09-14T20:21:01+08:00,2026-09-14T20:20:00+08:00,61.0,live,溫和偏空,mild_bear,-30.319436924742828,2026/09/14,20:20:55,45518.0,45522.0,45525.0,-14.0,259.0,0.57,9617,13,47416,2026/09/14,WTXOU6,175,,,44850.0,923.5,43926.5,45773.5,44800.0,11.248223689700746,722,1,44700.0,9.651622360273553,720,4,44600.0,4.459498244029539,452,0,,,,,,,,,,,,
2026-09-14T20:22:01+08:00,2026-09-14T20:21:01+08:00,60.0,live,震盪,neutral,-2.1762785636561475,2026/09/14,20:21:51,45517.0,45509.0,45513.0,-1.0,260.0,0.57,9630,13,47416,2026/09/14,WTXOU6,175,,,44850.0,919.0,43931.0,45769.0,44800.0,12.891894201765194,722,1,44700.0,9.679237856082299,720,1,44600.0,6.292329457651106,452,1,,,,,,,,,,,,
2026-09-14T20:23:00+08:00,2026-09-14T20:22:01+08:00,59.0,live,溫和偏空,mild_bear,-41.6210295728368,2026/09/14,20:22:53,45498.0,45499.0,45503.0,-19.0,279.0,0.61,9659,29,47416,2026/09/14,WTXOU6,175,,,44850.0,913.0,43937.0,45763.0,44800.0,12.304055435344118,722,8,44700.0,7.9598122251709595,720,2,44500.0,5.216423398402314,994,3,,,,,,,,,,,,
2026-09-14T20:24:00+08:00,2026-09-14T20:23:00+08:00,60.0,live,震盪,neutral,0.0,2026/09/14,20:23:56,45498.0,45496.0,45501.0,0.0,279.0,0.61,9721,62,47416,2026/09/14,WTXOU6,175,,,44850.0,911.5,43938.5,45761.5,44800.0,12.304055435344118,722,5,44700.0,8.298514950649684,720,2,44600.0,5.626211967213619,452,3,,,,,,,,,,,,
2026-09-14T20:25:00+08:00,2026-09-14T20:24:00+08:00,60.0,live,溫和偏空,mild_bear,-21.92982456140351,2026/09/14,20:24:32,45488.0,45494.0,45499.0,-10.0,289.0,0.63,9730,9,47416,2026/09/14,WTXOU6,175,,,44850.0,912.0,43938.0,45762.0,44800.0,9.15927483722676,722,0,44700.0,6.87490597701791,720,0,44600.0,6.234969634752822,452,2,,,,,,,,,,,,
2026-09-14T20:26:00+08:00,2026-09-14T20:25:00+08:00,60.0,live,強勢偏空,strong_bear,-53.691275167785236,2026/09/14,20:25:58,45464.0,45464.0,45469.0,-24.0,313.0,0.68,9757,27,47416,2026/09/14,WTXOU6,175,,,44850.0,894.0,43956.0,45744.0,44800.0,12.460963572730265,722,4,44700.0,8.771854704976212,720,2,44500.0,6.365447091347585,994,8,,,,,,,,,,,,
2026-09-14T20:27:00+08:00,2026-09-14T20:26:00+08:00,60.0,live,震盪,neutral,-4.461795872838818,2026/09/14,20:26:51,45462.0,45464.0,45469.0,-2.0,315.0,0.69,9776,19,47416,2026/09/14,WTXOU6,175,,,44850.0,896.5,43953.5,45746.5,44800.0,12.889437885593939,722,9,44700.0,10.239185179587883,720,14,44500.0,5.542322777239247,994,3,,,,,,,,,,,,
2026-09-14T20:28:00+08:00,2026-09-14T20:27:00+08:00,60.0,live,溫和偏多,mild_bull,17.807456872565385,2026/09/14,20:27:59,45470.0,45467.0,45471.0,8.0,307.0,0.67,9786,10,47416,2026/09/14,WTXOU6,175,,,44850.0,898.5,43951.5,45748.5,44800.0,13.328824133064062,722,10,44700.0,8.476539136218824,720,2,44500.0,5.904653612220211,994,6,,,,,,,,,,,,
2026-09-14T20:29:00+08:00,2026-09-14T20:28:00+08:00,60.0,live,溫和偏多,mild_bull,22.123893805309734,2026/09/14,20:28:57,45480.0,45477.0,45481.0,10.0,297.0,0.65,9804,18,47416,2026/09/14,WTXOU6,175,,,44850.0,904.0,43946.0,45754.0,44800.0,9.371040651730409,722,0,44700.0,7.033856340418075,720,0,44500.0,6.0810062625217975,994,2,,,,,,,,,,,,
2026-09-14T20:30:00+08:00,2026-09-14T20:29:00+08:00,60.0,live,溫和偏多,mild_bull,43.69197160021846,2026/09/14,20:29:49,45500.0,45501.0,45505.0,20.0,277.0,0.61,9846,42,47416,2026/09/14,WTXOU6,175,,,44850.0,915.5,43934.5,45765.5,44800.0,8.850564966677144,722,0,44700.0,9.185724696622822,720,7,44500.0,5.743261926761735,994,7,,,,,,,,,,,,
2026-09-14T20:31:00+08:00,2026-09-14T20:30:00+08:00,60.0,live,溫和偏空,mild_bear,-24.255788313120174,2026/09/14,20:30:57,45489.0,45486.0,45490.0,-11.0,288.0,0.63,9880,34,47416,2026/09/14,WTXOU6,175,,,44850.0,907.0,43943.0,45757.0,44800.0,12.624548396416577,722,19,44700.0,8.059133052489777,720,4,44500.0,5.124804331596114,994,4,,,,,,,,,,,,
2026-09-14T20:32:00+08:00,2026-09-14T20:31:00+08:00,60.0,live,強勢偏多,strong_bull,79.87048030221263,2026/09/14,20:31:55,45526.0,45523.0,45528.0,37.0,251.0,0.55,9911,31,47416,2026/09/14,WTXOU6,175,,,44850.0,926.5,43923.5,45776.5,44800.0,12.564614269302075,722,6,44700.0,9.000355144475936,720,4,44600.0,5.082900862813173,452,1,,,,,,,,,,,,
2026-09-14T20:33:00+08:00,2026-09-14T20:32:00+08:00,60.0,live,溫和偏空,mild_bear,-28.12330989724175,2026/09/14,20:32:51,45513.0,45511.0,45516.0,-13.0,264.0,0.58,9924,13,47416,2026/09/14,WTXOU6,175,,,44850.0,924.5,43925.5,45774.5,44800.0,13.040075271618573,722,10,44700.0,9.5318567987465,720,8,44600.0,5.68800797528773,452,4,,,,,,,,,,,,
2026-09-14T20:34:00+08:00,2026-09-14T20:33:00+08:00,60.0,live,溫和偏空,mild_bear,-39.36577364680153,2026/09/14,20:33:55,45495.0,45493.0,45498.0,-18.0,282.0,0.62,9954,30,47416,2026/09/14,WTXOU6,175,,,44850.0,914.5,43935.5,45764.5,44800.0,10.379042897891742,722,1,44700.0,9.093175029431253,720,5,44500.0,5.399305914993092,994,3,,,,,,,,,,,,
2026-09-14T20:35:00+08:00,2026-09-14T20:34:00+08:00,60.0,live,溫和偏多,mild_bull,26.030368763557487,2026/09/14,20:34:58,45507.0,45504.0,45509.0,12.0,270.0,0.59,9972,18,47416,2026/09/14,WTXOU6,175,,,44850.0,922.0,43928.0,45772.0,44800.0,11.86387659284621,722,1,44700.0,9.959776114544196,720,3,44600.0,5.6831548305645265,452,1,,,,,,,,,,,,
2026-09-14T20:36:00+08:00,2026-09-14T20:35:00+08:00,60.0,live,強勢偏空,strong_bear,-100.0,2026/09/14,20:35:58,45438.0,45437.0,45442.0,-69.0,339.0,0.74,10190,218,47416,2026/09/14,WTXOU6,175,,,44850.0,880.0,43970.0,45730.0,44800.0,14.032951239953201,722,14,44700.0,10.965933060768728,720,19,44500.0,6.763592839069023,994,17,,,,,,,,,,,,
2026-09-14T20:37:00+08:00,2026-09-14T20:36:00+08:00,60.0,live,溫和偏多,mild_bull,15.792442188381273,2026/09/14,20:36:58,45445.0,45446.0,45450.0,7.0,332.0,0.73,10306,116,47416,2026/09/14,WTXOU6,175,,,44850.0,886.5,43963.5,45736.5,44800.0,14.315709341642021,722,6,44700.0,10.489568406406185,720,5,44500.0,6.7205512739749755,994,6,,,,,,,,,,,,
2026-09-14T20:38:00+08:00,2026-09-14T20:37:00+08:00,60.0,live,震盪,neutral,-6.779661016949152,2026/09/14,20:37:48,45442.0,45440.0,45444.0,-3.0,335.0,0.73,10334,28,47416,2026/09/14,WTXOU6,175,,,44850.0,885.0,43965.0,45735.0,44800.0,12.328161261508656,722,2,44700.0,10.84132153368484,720,9,44500.0,6.346883620216505,994,5,,,,,,,,,,,,
2026-09-14T20:39:00+08:00,2026-09-14T20:38:00+08:00,60.0,live,震盪,neutral,-11.318619128466326,2026/09/14,20:38:56,45437.0,45440.0,45444.0,-5.0,340.0,0.74,10372,38,47416,2026/09/14,WTXOU6,175,,,44850.0,883.5,43966.5,45733.5,44800.0,13.157902114294565,722,2,44700.0,10.311188840156461,720,3,44600.0,6.971527097399973,452,4,,,,,,,,,,,,
2026-09-14T20:40:00+08:00,2026-09-14T20:39:00+08:00,60.0,live,強勢偏多,strong_bull,73.57859531772574,2026/09/14,20:39:56,45470.0,45469.0,45473.0,33.0,307.0,0.67,10423,51,47416,2026/09/14,WTXOU6,175,,,44850.0,897.0,43953.0,45747.0,44800.0,13.328824133064062,722,20,44700.0,8.876522977847031,720,7,44500.0,5.298797487469063,994,3,,,,,,,,,,,,
2026-09-14T20:41:00+08:00,2026-09-14T20:40:00+08:00,60.0,live,溫和偏多,mild_bull,15.56420233463035,2026/09/14,20:40:57,45477.0,45471.0,45476.0,7.0,300.0,0.66,10460,37,47416,2026/09/14,WTXOU6,175,,,44850.0,899.5,43950.5,45749.5,44800.0,13.064895731968459,722,13,44700.0,8.398758870204812,720,3,44600.0,5.525433690099419,452,4,,,,,,,,,,,,
2026-09-14T20:42:00+08:00,2026-09-14T20:41:00+08:00,60.0,live,溫和偏空,mild_bear,-42.72062956717257,2026/09/14,20:41:49,45458.0,45456.0,45459.0,-19.0,319.0,0.7,10578,118,47416,2026/09/14,WTXOU6,175,,,44850.0,889.5,43960.5,45739.5,44800.0,12.862666080068347,722,4,44700.0,9.022491283670362,720,2,44500.0,6.475509740219556,994,7,,,,,,,,,,,,
2026-09-14T20:43:00+08:00,2026-09-14T20:42:00+08:00,60.0,live,溫和偏多,mild_bull,33.42618384401115,2026/09/14,20:42:53,45473.0,45476.0,45481.0,15.0,304.0,0.66,10617,39,47416,2026/09/14,WTXOU6,175,,,44850.0,897.5,43952.5,45747.5,44800.0,13.215065303389613,722,7,44700.0,8.97391465742763,720,3,44600.0,6.188407490418293,452,5,,,,,,,,,,,,
2026-09-14T20:44:00+08:00,2026-09-14T20:43:00+08:00,60.0,live,強勢偏多,strong_bull,63.70126304228445,2026/09/14,20:43:57,45502.0,45502.0,45506.0,29.0,275.0,0.6,10694,77,47416,2026/09/14,WTXOU6,175,,,44850.0,910.5,43939.5,45760.5,44800.0,13.456414411394768,722,7,44700.0,10.103079791026348,720,7,44600.0,5.911784145743268,452,3,,,,,,,,,,,,
2026-09-14T20:45:00+08:00,2026-09-14T20:44:00+08:00,60.0,live,溫和偏多,mild_bull,37.05722070844687,2026/09/14,20:44:56,45519.0,45515.0,45519.0,17.0,258.0,0.56,10735,41,47416,2026/09/14,WTXOU6,175,,,44850.0,917.5,43932.5,45767.5,44800.0,12.818436314461273,722,3,44700.0,7.215894697510044,720,0,44600.0,4.446775005185921,452,0,,,,,,,,,,,,
2026-09-14T20:46:00+08:00,2026-09-14T20:45:00+08:00,60.0,live,震盪,neutral,-2.1869874248223073,2026/09/14,20:45:47,45518.0,45513.0,45516.0,-1.0,259.0,0.57,10776,41,47416,2026/09/14,WTXOU6,175,,,44850.0,914.5,43935.5,45764.5,44800.0,12.130716478293595,722,3,44700.0,9.651622360273553,720,5,44600.0,5.271136712203918,452,1,,,,,,,,,,,,
2026-09-14T20:47:00+08:00,2026-09-14T20:46:00+08:00,60.0,live,強勢偏空,strong_bear,-100.0,2026/09/14,20:46:55,45470.0,45468.0,45473.0,-48.0,307.0,0.67,10811,35,47416,2026/09/14,WTXOU6,175,,,44850.0,895.5,43954.5,45745.5,44800.0,13.328824133064062,722,5,44700.0,8.476539136218824,720,1,44500.0,5.3925237561484325,994,1,,,,,,,,,,,,
2026-09-14T20:48:00+08:00,2026-09-14T20:47:00+08:00,60.0,live,溫和偏多,mild_bull,28.856825749167587,2026/09/14,20:47:59,45483.0,45479.0,45484.0,13.0,294.0,0.64,10823,12,47416,2026/09/14,WTXOU6,175,,,44850.0,901.0,43949.0,45751.0,44800.0,11.802544329448924,722,3,44700.0,8.861146707300435,720,3,44500.0,6.029106098729292,994,6,,,,,,,,,,,,
2026-09-14T20:49:00+08:00,2026-09-14T20:48:00+08:00,60.0,live,溫和偏空,mild_bear,-22.234574763757642,2026/09/14,20:48:50,45473.0,45472.0,45476.0,-10.0,304.0,0.66,10833,10,47416,2026/09/14,WTXOU6,175,,,44850.0,899.5,43950.5,45749.5,44800.0,13.215065303389613,722,1,44700.0,9.922386557061143,720,1,44500.0,4.652888053301874,994,0,,,,,,,,,,,,
2026-09-14T20:50:00+08:00,2026-09-14T20:49:00+08:00,60.0,live,溫和偏多,mild_bull,19.90049751243781,2026/09/14,20:49:57,45482.0,45483.0,45487.0,9.0,295.0,0.64,10836,3,47416,2026/09/14,WTXOU6,175,,,44850.0,904.5,43945.5,45754.5,44800.0,9.317644553582083,722,0,44700.0,6.993777495658735,720,0,44500.0,6.046356748204064,994,2,,,,,,,,,,,,
2026-09-14T20:51:00+08:00,2026-09-14T20:50:00+08:00,60.0,live,溫和偏多,mild_bull,24.282560706401764,2026/09/14,20:50:17,45493.0,45490.0,45494.0,11.0,284.0,0.62,10838,2,47416,2026/09/14,WTXOU6,175,,,44850.0,906.0,43944.0,45756.0,44800.0,9.029358238997883,722,0,44700.0,6.7773912268274925,720,0,44600.0,6.146531842525515,452,2,,,,,,,,,,,,
2026-09-14T20:52:00+08:00,2026-09-14T20:51:00+08:00,60.0,live,溫和偏空,mild_bear,-31.024930747922436,2026/09/14,20:51:56,45479.0,45478.0,45483.0,-14.0,298.0,0.65,10856,18,47416,2026/09/14,WTXOU6,175,,,44850.0,902.5,43947.5,45752.5,44800.0,9.397853339191805,722,0,44700.0,9.753738189378398,720,2,44600.0,5.803153158374018,452,1,,,,,,,,,,,,
2026-09-14T20:53:00+08:00,2026-09-14T20:52:00+08:00,60.0,live,震盪,neutral,-11.129660545353367,2026/09/14,20:52:58,45474.0,45473.0,45478.0,-5.0,303.0,0.66,10865,9,47416,2026/09/14,WTXOU6,175,,,44850.0,898.5,43951.5,45748.5,44800.0,13.177361861659566,722,6,44700.0,7.155476212439888,720,0,44600.0,6.11177416671902,452,4,,,,,,,,,,,,
2026-09-14T20:54:01+08:00,2026-09-14T20:53:00+08:00,61.0,live,震盪,neutral,-2.229654403567447,2026/09/14,20:53:45,45473.0,45473.0,45477.0,-1.0,304.0,0.66,10870,5,47416,2026/09/14,WTXOU6,175,,,44850.0,897.0,43953.0,45747.0,44800.0,9.560348230340566,722,0,44700.0,7.175949664050213,720,0,44500.0,6.203850737735832,994,3,,,,,,,,,,,,
2026-09-14T20:55:02+08:00,2026-09-14T20:54:01+08:00,61.0,live,溫和偏空,mild_bear,-22.358859698155392,2026/09/14,20:54:57,45463.0,45462.0,45466.0,-10.0,314.0,0.69,10891,21,47416,2026/09/14,WTXOU6,175,,,44850.0,894.5,43955.5,45744.5,44800.0,12.406449298875339,722,7,44700.0,7.3839338515963275,720,0,44500.0,6.383660089215742,994,15,,,,,,,,,,,,
2026-09-14T20:57:00+08:00,2026-09-14T20:55:02+08:00,118.0,live,震盪,neutral,11.135857461024498,2026/09/14,20:56:46,45468.0,45469.0,45474.0,5.0,309.0,0.68,10901,10,47416,2026/09/14,WTXOU6,175,,,44850.0,898.0,43952.0,45748.0,44800.0,12.319363246416968,722,1,44700.0,7.2791989697858694,720,0,44600.0,5.988434281651392,452,1,,,,,,,,,,,,
2026-09-14T20:58:00+08:00,2026-09-14T20:57:00+08:00,60.0,live,溫和偏多,mild_bull,24.458032240133406,2026/09/14,20:57:57,45479.0,45472.0,45477.0,11.0,298.0,0.65,10916,15,47416,2026/09/14,WTXOU6,175,,,44850.0,899.5,43950.5,45749.5,44800.0,9.397853339191805,722,0,44700.0,9.753738189378398,720,1,44500.0,4.5738040576635965,994,0,,,,,,,,,,,,
2026-09-14T20:59:00+08:00,2026-09-14T20:58:00+08:00,60.0,live,震盪,neutral,8.83977900552486,2026/09/14,20:58:58,45483.0,45481.0,45485.0,4.0,294.0,0.64,10930,14,47416,2026/09/14,WTXOU6,175,,,44850.0,905.0,43945.0,45755.0,44800.0,12.842834907541722,722,2,44700.0,6.973823793105875,720,0,44500.0,5.587635025773132,994,1,,,,,,,,,,,,
2026-09-14T21:00:00+08:00,2026-09-14T20:59:00+08:00,60.0,live,震盪,neutral,13.27433628318584,2026/09/14,20:59:41,45489.0,45482.0,45486.0,6.0,288.0,0.63,10937,7,47416,2026/09/14,WTXOU6,175,,,44850.0,904.0,43946.0,45754.0,44800.0,12.624548396416577,722,3,44700.0,8.370092254580157,720,1,44500.0,5.300408628221625,994,1,,,,,,,,,,,,
2026-09-14T21:01:00+08:00,2026-09-14T21:00:00+08:00,60.0,live,強勢偏空,strong_bear,-94.96890898812889,2026/09/14,21:00:58,45447.0,45447.0,45451.0,-42.0,330.0,0.72,10978,41,47416,2026/09/14,WTXOU6,175,,,44850.0,884.5,43965.5,45734.5,44800.0,12.787281841137432,722,2,44700.0,9.60026654219165,720,2,44500.0,6.6822576384255745,994,5,,,,,,,,,,,,
2026-09-14T21:02:00+08:00,2026-09-14T21:01:00+08:00,60.0,live,強勢偏空,strong_bear,-57.273768613974795,2026/09/14,21:01:58,45422.0,45424.0,45428.0,-25.0,355.0,0.78,11034,56,47416,2026/09/14,WTXOU6,175,,,44850.0,873.0,43977.0,45723.0,44800.0,13.734070483627754,722,2,44700.0,11.47886775512632,720,5,44600.0,7.2768017045964575,452,4,,,,,,,,,,,,
2026-09-14T21:03:00+08:00,2026-09-14T21:02:00+08:00,60.0,live,震盪,neutral,11.454753722794958,2026/09/14,21:02:57,45427.0,45425.0,45429.0,5.0,350.0,0.76,11073,39,47416,2026/09/14,WTXOU6,175,,,44850.0,873.0,43977.0,45723.0,44800.0,13.079851585221864,722,3,44700.0,9.128249349964557,720,1,44500.0,7.075221549221848,994,11,,,,,,,,,,,,
2026-09-14T21:04:00+08:00,2026-09-14T21:03:00+08:00,60.0,live,溫和偏空,mild_bear,-23.001725129384702,2026/09/14,21:03:56,45417.0,45412.0,45414.0,-10.0,360.0,0.79,11121,48,47416,2026/09/14,WTXOU6,175,,,44850.0,869.5,43980.5,45719.5,44800.0,15.508022794394396,722,31,44700.0,9.423675306013388,720,3,44500.0,6.683341948256406,994,14,,,,,,,,,,,,
2026-09-14T21:05:00+08:00,2026-09-14T21:04:00+08:00,60.0,live,溫和偏空,mild_bear,-23.108030040439047,2026/09/14,21:04:57,45407.0,45405.0,45410.0,-10.0,370.0,0.81,11304,183,47416,2026/09/14,WTXOU6,175,,,44850.0,865.5,43984.5,45715.5,44800.0,15.274141231222313,722,5,44700.0,8.66512664553272,720,0,44600.0,7.673680981437901,452,6,,,,,,,,,,,,
2026-09-14T21:06:00+08:00,2026-09-14T21:05:00+08:00,60.0,live,震盪,neutral,13.82488479262673,2026/09/14,21:05:52,45413.0,45407.0,45412.0,6.0,364.0,0.8,11333,29,47416,2026/09/14,WTXOU6,175,,,44850.0,868.0,43982.0,45718.0,44800.0,15.68627397866717,722,15,44700.0,8.517847615822534,720,0,44600.0,6.540238179564552,452,4,,,,,,,,,,,,
2026-09-14T21:07:00+08:00,2026-09-14T21:06:00+08:00,60.0,live,強勢偏空,strong_bear,-51.19255381035486,2026/09/14,21:06:57,45391.0,45390.0,45395.0,-22.0,386.0,0.84,11380,47,47416,2026/09/14,WTXOU6,175,,,44850.0,859.5,43990.5,45709.5,44800.0,15.006014251010942,722,2,44700.0,9.070440453565809,720,0,44500.0,7.12115843577888,994,2,,,,,,,,,,,,
2026-09-14T21:08:00+08:00,2026-09-14T21:07:00+08:00,60.0,live,震盪,neutral,6.9930069930069925,2026/09/14,21:07:49,45394.0,45389.0,45394.0,3.0,383.0,0.84,11454,74,47416,2026/09/14,WTXOU6,175,,,44850.0,858.0,43992.0,45708.0,44800.0,16.38166735141581,722,12,44700.0,9.94763263646305,720,1,44500.0,7.774774634294573,994,13,,,,,,,,,,,,
2026-09-14T21:09:00+08:00,2026-09-14T21:08:00+08:00,60.0,live,震盪,neutral,-13.969732246798605,2026/09/14,21:08:55,45388.0,45388.0,45391.0,-6.0,389.0,0.85,11481,27,47416,2026/09/14,WTXOU6,175,,,44850.0,859.0,43991.0,45709.0,44800.0,15.797475272505714,722,3,44700.0,12.649916515265774,720,5,44500.0,7.46351514377079,994,3,,,,,,,,,,,,
2026-09-14T21:10:00+08:00,2026-09-14T21:09:00+08:00,60.0,live,震盪,neutral,6.980802792321117,2026/09/14,21:09:56,45391.0,45387.0,45391.0,3.0,386.0,0.84,11518,37,47416,2026/09/14,WTXOU6,175,,,44850.0,859.5,43990.5,45709.5,44800.0,16.703916350595552,722,3,44700.0,9.070440453565809,720,0,44600.0,7.1235447378434005,452,1,,,,,,,,,,,,
2026-09-14T21:11:00+08:00,2026-09-14T21:10:00+08:00,60.0,live,震盪,neutral,11.580775911986102,2026/09/14,21:10:56,45396.0,45393.0,45397.0,5.0,381.0,0.83,11575,57,47416,2026/09/14,WTXOU6,175,,,44850.0,863.5,43986.5,45713.5,44800.0,11.912927466139623,722,0,44700.0,10.917633039608923,720,1,44500.0,7.730474044329974,994,3,,,,,,,,,,,,
2026-09-14T21:12:00+08:00,2026-09-14T21:11:00+08:00,60.0,live,強勢偏多,strong_bull,84.18657565415243,2026/09/14,21:11:57,45433.0,45434.0,45439.0,37.0,344.0,0.75,11665,90,47416,2026/09/14,WTXOU6,175,,,44850.0,879.0,43971.0,45729.0,44800.0,13.743826901384026,722,6,44700.0,9.901438466457606,720,4,44600.0,7.29592932663956,452,11,,,,,,,,,,,,
2026-09-14T21:13:00+08:00,2026-09-14T21:12:00+08:00,60.0,live,溫和偏空,mild_bear,-16.045845272206304,2026/09/14,21:12:51,45426.0,45420.0,45423.0,-7.0,351.0,0.77,11714,49,47416,2026/09/14,WTXOU6,175,,,44850.0,872.5,43977.5,45722.5,44800.0,13.890043273797808,722,3,44700.0,11.348427487778924,720,6,44600.0,6.046483663498297,452,1,,,,,,,,,,,,
2026-09-14T21:14:00+08:00,2026-09-14T21:13:00+08:00,60.0,live,溫和偏多,mild_bull,18.20250284414107,2026/09/14,21:13:47,45434.0,45434.0,45437.0,8.0,343.0,0.75,11730,16,47416,2026/09/14,WTXOU6,175,,,44850.0,879.0,43971.0,45729.0,44800.0,12.871062145663583,722,2,44700.0,11.091976888576653,720,7,44500.0,6.666654212202805,994,5,,,,,,,,,,,,
2026-09-14T21:15:00+08:00,2026-09-14T21:14:00+08:00,60.0,live,強勢偏多,strong_bull,62.92134831460674,2026/09/14,21:14:58,45462.0,45458.0,45462.0,28.0,315.0,0.69,11774,44,47416,2026/09/14,WTXOU6,175,,,44850.0,890.0,43960.0,45740.0,44800.0,12.944926001378839,722,8,44700.0,9.569659090525425,720,7,44500.0,6.401925198630279,994,12,,,,,,,,,,,,
2026-09-14T21:16:00+08:00,2026-09-14T21:15:00+08:00,60.0,live,溫和偏多,mild_bull,42.292710072342786,2026/09/14,21:15:58,45481.0,45474.0,45477.0,19.0,296.0,0.65,11795,21,47416,2026/09/14,WTXOU6,175,,,44850.0,898.5,43951.5,45748.5,44800.0,10.535013846568637,722,1,44700.0,8.563611876522035,720,3,44500.0,5.053047296438902,994,1,,,,,,,,,,,,
2026-09-14T21:17:00+08:00,2026-09-14T21:16:00+08:00,60.0,live,震盪,neutral,-2.2209883398112162,2026/09/14,21:16:54,45480.0,45481.0,45486.0,-1.0,297.0,0.65,11886,91,47416,2026/09/14,WTXOU6,175,,,44850.0,900.5,43949.5,45750.5,44800.0,11.439310710934066,722,2,44700.0,9.725910139268116,720,6,44600.0,5.524096715814252,452,2,,,,,,,,,,,,
2026-09-14T21:18:00+08:00,2026-09-14T21:17:00+08:00,60.0,live,溫和偏多,mild_bull,17.738359201773836,2026/09/14,21:17:58,45488.0,45488.0,45492.0,8.0,289.0,0.63,11929,43,47416,2026/09/14,WTXOU6,175,,,44850.0,902.0,43948.0,45752.0,44800.0,9.15927483722676,722,0,44700.0,9.506125020520278,720,12,44500.0,5.416833669308249,994,5,,,,,,,,,,,,
2026-09-14T21:19:00+08:00,2026-09-14T21:18:00+08:00,60.0,live,溫和偏多,mild_bull,19.834710743801654,2026/09/14,21:18:53,45497.0,45497.0,45500.0,9.0,280.0,0.61,11992,63,47416,2026/09/14,WTXOU6,175,,,44850.0,907.5,43942.5,45757.5,44800.0,11.339759946861665,722,2,44700.0,6.70037625092532,720,0,44500.0,5.792701467187968,994,4,,,,,,,,,,,,
2026-09-14T21:20:00+08:00,2026-09-14T21:19:00+08:00,60.0,live,震盪,neutral,6.618863761720904,2026/09/14,21:19:58,45500.0,45498.0,45503.0,3.0,277.0,0.61,12042,50,47416,2026/09/14,WTXOU6,175,,,44850.0,906.5,43943.5,45756.5,44800.0,12.233947047592462,722,3,44700.0,8.719160866316916,720,2,44500.0,5.479784876714636,994,2,,,,,,,,,,,,
2026-09-14T21:21:00+08:00,2026-09-14T21:20:00+08:00,60.0,live,震盪,neutral,0.0,2026/09/14,21:20:46,45500.0,45499.0,45504.0,0.0,277.0,0.61,12071,29,47416,2026/09/14,WTXOU6,175,,,44850.0,908.5,43941.5,45758.5,44800.0,12.233947047592462,722,9,44700.0,6.643189889017151,720,0,44500.0,5.3776401184734395,994,5,,,,,,,,,,,,
2026-09-14T21:22:00+08:00,2026-09-14T21:21:00+08:00,60.0,live,震盪,neutral,10.964912280701755,2026/09/14,21:21:54,45505.0,45507.0,45509.0,5.0,272.0,0.59,12110,39,47416,2026/09/14,WTXOU6,175,,,44850.0,912.0,43938.0,45762.0,44800.0,13.34156662439026,722,4,44700.0,9.2827236533641,720,2,44600.0,6.511807447998687,452,4,,,,,,,,,,,,
2026-09-14T21:23:00+08:00,2026-09-14T21:22:00+08:00,60.0,live,震盪,neutral,8.771929824561402,2026/09/14,21:22:43,45509.0,45508.0,45510.0,4.0,268.0,0.59,12128,18,47416,2026/09/14,WTXOU6,175,,,44850.0,912.0,43938.0,45762.0,44800.0,13.189959553515054,722,6,44700.0,8.436671313503671,720,1,44600.0,5.892398656701423,452,3,,,,,,,,,,,,
2026-09-14T21:24:00+08:00,2026-09-14T21:23:00+08:00,60.0,live,震盪,neutral,-4.381161007667031,2026/09/14,21:23:50,45507.0,45508.0,45510.0,-2.0,270.0,0.59,12149,21,47416,2026/09/14,WTXOU6,175,,,44850.0,913.0,43937.0,45763.0,44800.0,13.265546508012172,722,4,44700.0,8.713681491918534,720,1,44600.0,5.538291418805421,452,1,,,,,,,,,,,,
2026-09-14T21:25:00+08:00,2026-09-14T21:24:00+08:00,60.0,live,溫和偏空,mild_bear,-26.49006622516556,2026/09/14,21:24:56,45495.0,45493.0,45496.0,-12.0,282.0,0.62,12178,29,47416,2026/09/14,WTXOU6,175,,,44850.0,906.0,43944.0,45756.0,44800.0,12.40997204751669,722,3,44700.0,8.844614269446922,720,2,44500.0,5.210318884382225,994,1,,,,,,,,,,,,
2026-09-14T21:26:22+08:00,,,warming_up,資料累積中,warming_up,,2026/09/14,21:26:08,45466.0,45472.0,45476.0,,311.0,0.68,12223,,47416,2026/09/14,WTXOU6,175,,,44850.0,897.0,43953.0,45747.0,44800.0,13.43709570068787,722,1426,44700.0,9.557600632941025,720,931,44500.0,6.329176835964073,994,1461,,,,,,,,,,,,
2026-09-14T21:27:22+08:00,2026-09-14T21:26:22+08:00,60.0,live,溫和偏多,mild_bull,42.10526315789473,2026/09/14,21:27:20,45485.0,45483.0,45485.0,19.0,292.0,0.64,12253,30,47416,2026/09/14,WTXOU6,175,,,44850.0,902.5,43947.5,45752.5,44800.0,9.23812033380424,722,0,44700.0,8.35263981430917,720,2,44500.0,4.496064233278629,994,0,,,,,,,,,,,,
2026-09-14T21:28:22+08:00,2026-09-14T21:27:22+08:00,60.0,live,溫和偏空,mild_bear,-19.94459833795014,2026/09/14,21:28:13,45476.0,45477.0,45482.0,-9.0,301.0,0.66,12335,82,47416,2026/09/14,WTXOU6,175,,,44850.0,902.5,43947.5,45752.5,44800.0,12.040971540628979,722,3,44700.0,7.114704378837087,720,0,44600.0,6.452446900449678,452,6,,,,,,,,,,,,
2026-09-14T21:29:22+08:00,2026-09-14T21:28:22+08:00,60.0,live,震盪,neutral,-8.869179600886918,2026/09/14,21:29:16,45472.0,45470.0,45475.0,-4.0,305.0,0.67,12369,34,47416,2026/09/14,WTXOU6,175,,,44850.0,902.0,43948.0,45752.0,44800.0,9.5877025700184,722,0,44700.0,8.573629232977655,720,2,44500.0,6.221601371530952,994,8,,,,,,,,,,,,
2026-09-14T21:30:22+08:00,2026-09-14T21:29:22+08:00,60.0,live,溫和偏空,mild_bear,-27.210884353741495,2026/09/14,21:30:18,45460.0,45450.0,45455.0,-12.0,317.0,0.69,12464,95,47416,2026/09/14,WTXOU6,175,,,44850.0,882.0,43968.0,45732.0,44800.0,13.715140201047145,722,6,44700.0,9.463009554168243,720,3,44500.0,6.298364771096388,994,5,,,,,,,,,,,,
2026-09-14T21:32:22+08:00,2026-09-14T21:30:22+08:00,120.0,live,溫和偏多,mild_bull,15.695067264573993,2026/09/14,21:32:16,45467.0,45461.0,45466.0,7.0,310.0,0.68,12763,299,47416,2026/09/14,WTXOU6,175,,,44850.0,892.0,43958.0,45742.0,44800.0,12.706612066635786,722,9,44700.0,9.776575832044603,720,11,44500.0,6.3111192823647935,994,14,,,,,,,,,,,,
2026-09-14T21:33:24+08:00,2026-09-14T21:32:22+08:00,62.0,live,震盪,neutral,-4.476776720761053,2026/09/14,21:33:19,45465.0,45459.0,45464.0,-2.0,312.0,0.68,12826,63,47416,2026/09/14,WTXOU6,175,,,44850.0,893.5,43956.5,45743.5,44800.0,13.52060249027662,722,10,44700.0,8.598501638999503,720,2,44500.0,5.2622615647283375,994,1,,,,,,,,,,,,
2026-09-14T21:34:22+08:00,2026-09-14T21:33:24+08:00,58.0,live,溫和偏空,mild_bear,-36.19909502262444,2026/09/14,21:34:19,45449.0,45444.0,45449.0,-16.0,328.0,0.72,12924,98,47416,2026/09/14,WTXOU6,175,,,44850.0,884.0,43966.0,45734.0,44800.0,14.153032586963192,722,9,44700.0,9.877646465988398,720,5,44600.0,6.035695982504918,452,3,,,,,,,,,,,,
2026-09-14T21:35:22+08:00,2026-09-14T21:34:22+08:00,60.0,live,強勢偏空,strong_bear,-61.784897025171624,2026/09/14,21:35:19,45422.0,45422.0,45426.0,-27.0,355.0,0.78,13001,77,47416,2026/09/14,WTXOU6,175,,,44850.0,874.0,43976.0,45724.0,44800.0,15.2880545542762,722,7,44700.0,8.301609369618511,720,0,44500.0,7.177021554389499,994,7,,,,,,,,,,,,
2026-09-14T21:35:44+08:00,,,warming_up,資料累積中,warming_up,,2026/09/14,21:35:30,45418.0,45417.0,45422.0,,359.0,0.78,13013,,47416,2026/09/14,WTXOU6,175,,,44850.0,873.0,43977.0,45723.0,44800.0,15.410986477357994,722,1471,44700.0,10.95587527613733,720,956,44500.0,7.25951515196685,994,1508,,,,,,,,,,,,
2026-09-14T21:36:44+08:00,2026-09-14T21:35:44+08:00,60.0,live,溫和偏空,mild_bear,-20.809248554913296,2026/09/14,21:36:41,45409.0,45404.0,45409.0,-9.0,368.0,0.8,13101,88,47416,2026/09/14,WTXOU6,175,,,44850.0,865.0,43985.0,45715.0,44800.0,14.947590500366964,722,5,44700.0,10.264497782689572,720,2,44500.0,6.726787629129097,994,3,,,,,,,,,,,,
2026-09-14T21:37:44+08:00,2026-09-14T21:36:44+08:00,60.0,live,溫和偏多,mild_bull,27.538726333907054,2026/09/14,21:37:41,45421.0,45420.0,45425.0,12.0,356.0,0.78,13188,87,47416,2026/09/14,WTXOU6,175,,,44850.0,871.5,43978.5,45721.5,44800.0,15.331797169839492,722,6,44700.0,10.927005436064896,720,4,44500.0,7.197556652143666,994,6,,,,,,,,,,,,
2026-09-14T21:38:44+08:00,2026-09-14T21:37:44+08:00,60.0,live,震盪,neutral,4.5662100456621,2026/09/14,21:38:37,45423.0,45430.0,45435.0,2.0,354.0,0.77,13324,136,47416,2026/09/14,WTXOU6,175,,,44850.0,876.0,43974.0,45726.0,44850.0,11.34587097454092,494,1,44750.0,8.352977157505395,243,4,44500.0,6.916846236443846,994,3,,,,,,,,,,,,
2026-09-14T21:39:44+08:00,2026-09-14T21:38:44+08:00,60.0,live,溫和偏空,mild_bear,-30.0578034682081,2026/09/14,21:39:41,45410.0,45407.0,45411.0,-13.0,367.0,0.8,13442,118,47416,2026/09/14,WTXOU6,175,,,44850.0,865.0,43985.0,45715.0,44850.0,13.766050090405466,494,4,44700.0,8.591171534689039,720,0,44500.0,7.427357821433388,994,5,,,,,,,,,,,,
2026-09-14T21:40:44+08:00,2026-09-14T21:39:44+08:00,60.0,live,震盪,neutral,4.605641911341393,2026/09/14,21:40:41,45412.0,45413.0,45418.0,2.0,365.0,0.8,13608,166,47416,2026/09/14,WTXOU6,175,,,44850.0,868.5,43981.5,45718.5,44800.0,13.652602217770657,722,3,44700.0,10.249579636441933,720,3,44500.0,7.385036809076798,994,11,,,,,,,,,,,,
2026-09-14T21:41:44+08:00,2026-09-14T21:40:44+08:00,60.0,live,強勢偏多,strong_bull,52.42165242165242,2026/09/14,21:41:39,45435.0,45429.0,45434.0,23.0,342.0,0.75,13761,153,47416,2026/09/14,WTXOU6,175,,,44850.0,877.5,43972.5,45727.5,44800.0,14.375677466537914,722,5,44700.0,11.060330756326197,720,6,44500.0,6.598089449846128,994,4,,,,,,,,,,,,
2026-09-14T21:42:44+08:00,2026-09-14T21:41:44+08:00,60.0,live,震盪,neutral,-11.46788990825688,2026/09/14,21:42:41,45430.0,45425.0,45429.0,-5.0,347.0,0.76,13812,51,47416,2026/09/14,WTXOU6,175,,,44850.0,872.0,43978.0,45722.0,44800.0,13.73220358117726,722,5,44700.0,9.50281395044804,720,2,44500.0,7.014835958183076,994,10,,,,,,,,,,,,
2026-09-14T21:43:44+08:00,2026-09-14T21:42:44+08:00,60.0,live,震盪,neutral,-6.892590465249855,2026/09/14,21:43:41,45427.0,45426.0,45430.0,-3.0,350.0,0.76,13865,53,47416,2026/09/14,WTXOU6,175,,,44850.0,870.5,43979.5,45720.5,44800.0,14.611706526861113,722,19,44700.0,11.316049685271707,720,24,44600.0,6.661820139154272,452,11,,,,,,,,,,,,
2026-09-14T21:44:44+08:00,2026-09-14T21:43:44+08:00,60.0,live,強勢偏多,strong_bull,47.781569965870304,2026/09/14,21:44:42,45448.0,45444.0,45448.0,21.0,329.0,0.72,13924,59,47416,2026/09/14,WTXOU6,175,,,44850.0,879.0,43971.0,45729.0,44800.0,11.870714272409636,722,1,44700.0,10.657054253866093,720,6,44600.0,6.583080627886846,452,4,,,,,,,,,,,,
2026-09-14T21:45:44+08:00,2026-09-14T21:44:44+08:00,60.0,live,強勢偏多,strong_bull,100.0,2026/09/14,21:45:38,45505.0,45502.0,45507.0,57.0,272.0,0.59,14071,147,47416,2026/09/14,WTXOU6,175,,,44850.0,905.5,43944.5,45755.5,44800.0,12.76511152442355,722,13,44700.0,10.016852039676271,720,19,44600.0,5.3767006408906095,452,3,,,,,,,,,,,,
2026-09-14T21:46:44+08:00,2026-09-14T21:45:44+08:00,60.0,live,強勢偏多,strong_bull,97.0873786407767,2026/09/14,21:46:41,45550.0,45550.0,45553.0,45.0,227.0,0.5,14237,166,47416,2026/09/14,WTXOU6,175,,,44850.0,927.0,43923.0,45777.0,44800.0,11.731916609425078,722,14,44700.0,8.162770001126646,720,7,44600.0,5.321906291394947,452,8,,,,,,,,,,,,
2026-09-14T21:47:44+08:00,2026-09-14T21:46:44+08:00,60.0,live,震盪,neutral,-6.482982171799027,2026/09/14,21:47:42,45547.0,45548.0,45553.0,-3.0,230.0,0.5,14392,155,47416,2026/09/14,WTXOU6,175,,,44850.0,925.5,43924.5,45775.5,44800.0,11.832908096995261,722,19,44700.0,8.103609464426938,720,8,44600.0,5.1888960264579325,452,8,,,,,,,,,,,,
2026-09-14T21:48:45+08:00,2026-09-14T21:47:44+08:00,61.0,live,強勢偏多,strong_bull,53.10674455655868,2026/09/14,21:48:42,45572.0,45572.0,45576.0,25.0,205.0,0.45,14531,139,47416,2026/09/14,WTXOU6,175,,,44850.0,941.5,43908.5,45791.5,44800.0,11.017180304770651,722,11,44700.0,7.450042374855306,720,4,44600.0,5.0626911796932745,452,7,,,,,,,,,,,,
2026-09-14T21:49:44+08:00,2026-09-14T21:48:45+08:00,59.0,live,溫和偏多,mild_bull,44.16403785488959,2026/09/14,21:49:40,45593.0,45593.0,45597.0,21.0,184.0,0.4,14745,214,47416,2026/09/14,WTXOU6,175,,,44850.0,951.0,43899.0,45801.0,44800.0,10.24247941045994,722,18,44700.0,7.789995694370826,720,20,44600.0,4.581971893219326,452,9,,,,,,,,,,,,
2026-09-14T21:50:44+08:00,2026-09-14T21:49:44+08:00,60.0,live,溫和偏空,mild_bear,-34.06067056945184,2026/09/14,21:50:41,45577.0,45573.0,45575.0,-16.0,200.0,0.44,14829,84,47416,2026/09/14,WTXOU6,175,,,44850.0,939.5,43910.5,45789.5,44800.0,9.713320617285218,722,3,44700.0,7.2919869726888695,720,3,44600.0,5.301038653690971,452,9,,,,,,,,,,,,
2026-09-14T21:51:44+08:00,2026-09-14T21:50:44+08:00,60.0,live,強勢偏空,strong_bear,-100.0,2026/09/14,21:51:41,45527.0,45525.0,45529.0,-50.0,250.0,0.55,14968,139,47416,2026/09/14,WTXOU6,175,,,44850.0,908.5,43941.5,45758.5,44800.0,12.528766606722488,722,7,44700.0,8.832114208483464,720,4,44600.0,5.983882820331702,452,6,,,,,,,,,,,,
2026-09-14T21:52:40+08:00,,,warming_up,資料累積中,warming_up,,2026/09/14,21:52:37,45508.0,45509.0,45512.0,,269.0,0.59,15129,,47416,2026/09/14,WTXOU6,175,,,44850.0,901.0,43949.0,45751.0,44800.0,13.22769904011856,722,1620,44700.0,9.468753414167455,720,1073,44600.0,5.79331025945576,452,674,,,,,,,,,,,,
2026-09-14T21:53:40+08:00,2026-09-14T21:52:40+08:00,60.0,live,震盪,neutral,4.427227448810182,2026/09/14,21:53:37,45510.0,45509.0,45514.0,2.0,267.0,0.58,15210,81,47416,2026/09/14,WTXOU6,175,,,44850.0,903.5,43946.5,45753.5,44800.0,13.152327740124015,722,12,44700.0,8.998823818565864,720,5,44600.0,5.4910232169063145,452,3,,,,,,,,,,,,
2026-09-14T21:54:40+08:00,2026-09-14T21:53:40+08:00,60.0,live,溫和偏空,mild_bear,-31.28491620111732,2026/09/14,21:54:38,45496.0,45492.0,45497.0,-14.0,281.0,0.61,15257,47,47416,2026/09/14,WTXOU6,175,,,44850.0,895.0,43955.0,45745.0,44800.0,12.374565589264451,722,6,44700.0,8.204353323394619,720,2,44600.0,5.5280215746545105,452,3,,,,,,,,,,,,
2026-09-14T21:55:40+08:00,2026-09-14T21:54:40+08:00,60.0,live,溫和偏多,mild_bull,28.761061946902654,2026/09/14,21:55:37,45509.0,45505.0,45509.0,13.0,268.0,0.59,15328,71,47416,2026/09/14,WTXOU6,175,,,44850.0,904.0,43946.0,45754.0,44800.0,13.189959553515054,722,16,44700.0,8.301137965560272,720,2,44600.0,4.575658139816491,452,0,,,,,,,,,,,,
2026-09-14T21:56:41+08:00,2026-09-14T21:55:40+08:00,61.0,live,溫和偏空,mild_bear,-19.922523519645825,2026/09/14,21:56:36,45500.0,45500.0,45504.0,-9.0,277.0,0.61,15387,59,47416,2026/09/14,WTXOU6,175,,,44850.0,903.5,43946.5,45753.5,44800.0,12.233947047592462,722,8,44700.0,6.643189889017151,720,0,44500.0,5.025354185916519,994,2,,,,,,,,,,,,
2026-09-14T21:57:40+08:00,2026-09-14T21:56:41+08:00,59.0,live,震盪,neutral,8.908685968819599,2026/09/14,21:57:37,45504.0,45500.0,45504.0,4.0,273.0,0.6,15426,39,47416,2026/09/14,WTXOU6,175,,,44850.0,898.0,43952.0,45748.0,44800.0,13.379739893447534,722,4,44700.0,7.53186986171404,720,0,44600.0,4.64149381987798,452,0,,,,,,,,,,,,
2026-09-14T21:58:40+08:00,2026-09-14T21:57:40+08:00,60.0,live,震盪,neutral,-2.235885969815539,2026/09/14,21:58:36,45503.0,45495.0,45499.0,-1.0,274.0,0.6,15480,54,47416,2026/09/14,WTXOU6,175,,,44850.0,894.5,43955.5,45744.5,44800.0,13.41802238494559,722,17,44700.0,7.553420261515662,720,0,44600.0,5.114221579399943,452,1,,,,,,,,,,,,
2026-09-14T21:59:41+08:00,2026-09-14T21:58:40+08:00,61.0,live,強勢偏空,strong_bear,-47.24409448818898,2026/09/14,21:59:36,45482.0,45482.0,45486.0,-21.0,295.0,0.64,15530,50,47416,2026/09/14,WTXOU6,175,,,44850.0,889.0,43961.0,45739.0,44800.0,12.879581191256822,722,4,44700.0,8.332134746951484,720,1,44600.0,5.753624414868386,452,2,,,,,,,,,,,,
2026-09-14T22:00:41+08:00,2026-09-14T21:59:41+08:00,60.0,live,強勢偏多,strong_bull,46.77060133630289,2026/09/14,22:00:30,45503.0,45504.0,45508.0,21.0,274.0,0.6,15567,37,47416,2026/09/14,WTXOU6,175,,,44850.0,898.0,43952.0,45748.0,44800.0,10.063516788709194,722,0,44700.0,7.553420261515662,720,0,44600.0,6.549124294291418,452,1,,,,,,,,,,,,
2026-09-14T22:01:40+08:00,2026-09-14T22:00:41+08:00,59.0,live,強勢偏多,strong_bull,65.60962274466921,2026/09/14,22:01:38,45533.0,45531.0,45536.0,30.0,244.0,0.53,15632,65,47416,2026/09/14,WTXOU6,175,,,44850.0,914.5,43935.5,45764.5,44800.0,12.315818237381018,722,2,44700.0,6.932955419402898,720,0,44600.0,4.2724144632691505,452,0,,,,,,,,,,,,
2026-09-14T22:02:40+08:00,2026-09-14T22:01:40+08:00,60.0,live,溫和偏多,mild_bull,26.072786529060288,2026/09/14,22:02:35,45545.0,45543.0,45548.0,12.0,232.0,0.51,15710,78,47416,2026/09/14,WTXOU6,175,,,44850.0,920.5,43929.5,45770.5,44800.0,11.900718273536539,722,6,44700.0,7.612036114369881,720,1,44600.0,4.128414360714146,452,0,,,,,,,,,,,,
2026-09-14T22:03:40+08:00,2026-09-14T22:02:40+08:00,60.0,live,震盪,neutral,-6.546644844517186,2026/09/14,22:03:33,45542.0,45535.0,45539.0,-3.0,235.0,0.51,15743,33,47416,2026/09/14,WTXOU6,175,,,44850.0,916.5,43933.5,45766.5,44800.0,9.002372138359254,722,0,44700.0,6.7569520217701955,720,0,44600.0,4.163952859791075,452,0,,,,,,,,,,,,
2026-09-14T22:04:40+08:00,2026-09-14T22:03:40+08:00,60.0,live,溫和偏多,mild_bull,21.75095160413268,2026/09/14,22:04:36,45552.0,45544.0,45548.0,10.0,225.0,0.49,15815,72,47416,2026/09/14,WTXOU6,175,,,44850.0,919.5,43930.5,45769.5,44800.0,8.74880119733848,722,0,44700.0,6.566628109776844,720,0,44600.0,5.693535139892636,452,1,,,,,,,,,,,,
2026-09-14T22:05:40+08:00,2026-09-14T22:04:40+08:00,60.0,live,震盪,neutral,-8.676789587852497,2026/09/14,22:05:32,45548.0,45545.0,45550.0,-4.0,229.0,0.5,15875,60,47416,2026/09/14,WTXOU6,175,,,44850.0,922.0,43928.0,45772.0,44800.0,11.799148039765914,722,4,44700.0,7.750454746241858,720,1,44600.0,4.926078265858235,452,1,,,,,,,,,,,,
2026-09-14T22:06:40+08:00,2026-09-14T22:05:40+08:00,60.0,live,強勢偏多,strong_bull,53.50454788657035,2026/09/14,22:06:36,45573.0,45566.0,45571.0,25.0,204.0,0.45,15924,49,47416,2026/09/14,WTXOU6,175,,,44850.0,934.5,43915.5,45784.5,44800.0,10.74645307747694,722,5,44700.0,8.248102420987157,720,6,44600.0,4.706455504393572,452,2,,,,,,,,,,,,
2026-09-14T22:07:40+08:00,2026-09-14T22:06:40+08:00,60.0,live,震盪,neutral,14.909478168264112,2026/09/14,22:07:37,45580.0,45580.0,45585.0,7.0,197.0,0.43,15993,69,47416,2026/09/14,WTXOU6,175,,,44850.0,939.0,43911.0,45789.0,44800.0,10.768215195400163,722,12,44700.0,7.229751332415346,720,4,44600.0,4.7168619566865795,452,5,,,,,,,,,,,,
2026-09-14T22:08:40+08:00,2026-09-14T22:07:40+08:00,60.0,live,溫和偏多,mild_bull,23.342175066312997,2026/09/14,22:08:37,45591.0,45588.0,45592.0,11.0,186.0,0.41,16056,63,47416,2026/09/14,WTXOU6,175,,,44850.0,942.5,43907.5,45792.5,44800.0,9.332455868188164,722,3,44700.0,7.8346373816856465,720,9,44600.0,4.718036521226518,452,5,,,,,,,,,,,,
2026-09-14T22:09:40+08:00,2026-09-14T22:08:40+08:00,60.0,live,震盪,neutral,-2.126528442317916,2026/09/14,22:09:33,45590.0,45584.0,45588.0,-1.0,187.0,0.41,16080,24,47416,2026/09/14,WTXOU6,175,,,44850.0,940.5,43909.5,45790.5,44800.0,7.848679149239683,722,0,44700.0,7.857054068507909,720,1,44600.0,3.6303242619578686,452,0,,,,,,,,,,,,
2026-09-14T22:10:40+08:00,2026-09-14T22:09:40+08:00,60.0,live,強勢偏多,strong_bull,71.055381400209,2026/09/14,22:10:38,45624.0,45624.0,45628.0,34.0,153.0,0.33,16243,163,47416,2026/09/14,WTXOU6,175,,,44850.0,957.0,43893.0,45807.0,44800.0,9.496131182401118,722,19,44700.0,6.2608552422131005,720,5,,,,,,,,,,,,,,,,
2026-09-14T22:11:40+08:00,2026-09-14T22:10:40+08:00,60.0,live,震盪,neutral,-2.1019442984760905,2026/09/14,22:11:38,45623.0,45620.0,45625.0,-1.0,154.0,0.34,16360,117,47416,2026/09/14,WTXOU6,175,,,44850.0,951.5,43898.5,45801.5,44800.0,9.523301782438919,722,11,44700.0,6.567196863674558,720,5,,,,,,,,,,,,,,,,
2026-09-14T22:12:40+08:00,2026-09-14T22:11:40+08:00,60.0,live,溫和偏多,mild_bull,18.769551616266945,2026/09/14,22:12:34,45632.0,45626.0,45630.0,9.0,145.0,0.32,16415,55,47416,2026/09/14,WTXOU6,175,,,44850.0,959.0,43891.0,45809.0,44800.0,9.281538584928676,722,5,44700.0,6.968581825751353,720,5,,,,,,,,,,,,,,,,
2026-09-14T22:13:40+08:00,2026-09-14T22:12:40+08:00,60.0,live,溫和偏空,mild_bear,-42.21635883905014,2026/09/14,22:13:37,45612.0,45608.0,45612.0,-20.0,165.0,0.36,16460,45,47416,2026/09/14,WTXOU6,175,,,44850.0,947.5,43902.5,45797.5,44800.0,8.73332835078952,722,4,44700.0,7.378383619564903,720,13,,,,,,,,,,,,,,,,
2026-09-14T22:14:40+08:00,2026-09-14T22:13:40+08:00,60.0,live,溫和偏多,mild_bull,31.282586027111574,2026/09/14,22:14:31,45627.0,45620.0,45625.0,15.0,150.0,0.33,16531,71,47416,2026/09/14,WTXOU6,175,,,44850.0,959.0,43891.0,45809.0,44800.0,9.415083615191849,722,2,44700.0,6.550776369348334,720,1,,,,,,,,,,,,,,,,
2026-09-14T22:15:40+08:00,2026-09-14T22:14:40+08:00,60.0,live,溫和偏多,mild_bull,20.607934054611025,2026/09/14,22:15:37,45637.0,45634.0,45639.0,10.0,140.0,0.31,16629,98,47416,2026/09/14,WTXOU6,175,,,44850.0,970.5,43879.5,45820.5,44850.0,8.313750212920686,494,8,44700.0,6.509730700227139,720,5,,,,,,,,,,,,,,,,
2026-09-14T22:16:40+08:00,2026-09-14T22:15:40+08:00,60.0,live,強勢偏空,strong_bear,-82.27848101265822,2026/09/14,22:16:37,45598.0,45598.0,45603.0,-39.0,179.0,0.39,16680,51,47416,2026/09/14,WTXOU6,175,,,44850.0,948.0,43902.0,45798.0,44800.0,10.228420671553748,722,22,44700.0,6.337280848114781,720,2,44600.0,3.9836821029824585,452,2,,,,,,,,,,,,
2026-09-14T22:17:40+08:00,2026-09-14T22:16:40+08:00,60.0,live,震盪,neutral,-6.33245382585752,2026/09/14,22:17:38,45595.0,45593.0,45598.0,-3.0,182.0,0.4,16777,97,47416,2026/09/14,WTXOU6,175,,,44850.0,947.5,43902.5,45797.5,44800.0,10.316469662481962,722,9,44700.0,5.8074602009406995,720,0,44600.0,4.265419760203012,452,2,,,,,,,,,,,,
2026-09-14T22:18:40+08:00,2026-09-14T22:17:40+08:00,60.0,live,溫和偏空,mild_bear,-23.391812865497073,2026/09/14,22:18:33,45584.0,45583.0,45586.0,-11.0,193.0,0.42,16819,42,47416,2026/09/14,WTXOU6,175,,,44850.0,940.5,43909.5,45790.5,44800.0,10.645850437925281,722,13,44700.0,6.953661556245728,720,3,44600.0,3.6930948888755566,452,0,,,,,,,,,,,,
2026-09-14T22:19:40+08:00,2026-09-14T22:18:40+08:00,60.0,live,震盪,neutral,8.524240809802876,2026/09/14,22:19:36,45588.0,45586.0,45590.0,4.0,189.0,0.41,16867,48,47416,2026/09/14,WTXOU6,175,,,44850.0,938.5,43911.5,45788.5,44800.0,10.524876174009473,722,19,44700.0,6.710478570156739,720,3,44600.0,3.992016524023086,452,1,,,,,,,,,,,,
2026-09-14T22:20:40+08:00,2026-09-14T22:19:40+08:00,60.0,live,震盪,neutral,-10.689470871191876,2026/09/14,22:20:37,45583.0,45578.0,45582.0,-5.0,194.0,0.42,16899,32,47416,2026/09/14,WTXOU6,175,,,44850.0,935.5,43914.5,45785.5,44800.0,10.676310647325842,722,10,44700.0,6.907025064051414,720,2,44600.0,4.180304364950975,452,1,,,,,,,,,,,,
2026-09-14T22:21:40+08:00,2026-09-14T22:20:40+08:00,60.0,live,強勢偏空,strong_bear,-100.0,2026/09/14,22:21:38,45530.0,45531.0,45535.0,-53.0,247.0,0.54,17050,151,47416,2026/09/14,WTXOU6,175,,,44850.0,905.0,43945.0,45755.0,44800.0,12.421836106911211,722,18,44700.0,7.542690269830669,720,1,44600.0,4.722545726797122,452,1,,,,,,,,,,,,
2026-09-14T22:22:40+08:00,2026-09-14T22:21:40+08:00,60.0,live,強勢偏空,strong_bear,-53.66126327557295,2026/09/14,22:22:36,45506.0,45502.0,45506.0,-24.0,271.0,0.59,17164,114,47416,2026/09/14,WTXOU6,175,,,44850.0,894.5,43955.5,45744.5,44800.0,13.303502266155027,722,9,44700.0,9.529639549164342,720,6,44600.0,4.615046633405122,452,0,,,,,,,,,,,,
2026-09-14T22:23:40+08:00,2026-09-14T22:22:40+08:00,60.0,live,震盪,neutral,-2.229654403567447,2026/09/14,22:23:39,45505.0,45502.0,45507.0,-1.0,272.0,0.59,17258,94,47416,2026/09/14,WTXOU6,175,,,44850.0,897.0,43953.0,45747.0,44800.0,12.589758235721705,722,3,44700.0,9.095612455300854,720,2,44600.0,5.470603237066123,452,1,,,,,,,,,,,,
2026-09-14T22:24:40+08:00,2026-09-14T22:23:40+08:00,60.0,live,震盪,neutral,-6.640841173215273,2026/09/14,22:24:37,45502.0,45501.0,45505.0,-3.0,275.0,0.6,17334,76,47416,2026/09/14,WTXOU6,175,,,44850.0,903.5,43946.5,45753.5,44800.0,13.456414411394768,722,7,44700.0,9.711622396592869,720,5,44600.0,5.68356248854221,452,2,,,,,,,,,,,,
2026-09-14T22:25:40+08:00,2026-09-14T22:24:40+08:00,60.0,live,震盪,neutral,-13.303769401330376,2026/09/14,22:25:38,45496.0,45496.0,45498.0,-6.0,281.0,0.61,17361,27,47416,2026/09/14,WTXOU6,175,,,44850.0,902.0,43948.0,45752.0,44800.0,10.349430812735116,722,1,44700.0,7.769463783341217,720,1,44500.0,5.809275709021848,994,6,,,,,,,,,,,,
2026-09-14T22:26:40+08:00,2026-09-14T22:25:40+08:00,60.0,live,溫和偏空,mild_bear,-44.893378226711555,2026/09/14,22:26:38,45476.0,45474.0,45479.0,-20.0,301.0,0.66,17431,70,47416,2026/09/14,WTXOU6,175,,,44850.0,891.0,43959.0,45741.0,44800.0,12.343400464182444,722,5,44700.0,8.782192443601541,720,3,44500.0,6.15090212108711,994,8,,,,,,,,,,,,
2026-09-14T22:27:40+08:00,2026-09-14T22:26:40+08:00,60.0,live,強勢偏多,strong_bull,55.52470849528039,2026/09/14,22:27:37,45501.0,45497.0,45502.0,25.0,276.0,0.6,17463,32,47416,2026/09/14,WTXOU6,175,,,44850.0,900.5,43949.5,45750.5,44800.0,12.506773919028817,722,2,44700.0,9.389420458393758,720,2,44600.0,6.5866549901226,452,4,,,,,,,,,,,,
2026-09-14T22:28:40+08:00,2026-09-14T22:27:40+08:00,60.0,live,震盪,neutral,6.62251655629139,2026/09/14,22:28:34,45504.0,45503.0,45507.0,3.0,273.0,0.6,17509,46,47416,2026/09/14,WTXOU6,175,,,44850.0,906.0,43944.0,45756.0,44800.0,13.379739893447534,722,6,44700.0,8.98312213925145,720,2,44600.0,5.732076952971136,452,2,,,,,,,,,,,,
2026-09-14T22:29:40+08:00,2026-09-14T22:28:40+08:00,60.0,live,溫和偏空,mild_bear,-31.042128603104214,2026/09/14,22:29:34,45490.0,45497.0,45502.0,-14.0,287.0,0.63,17541,32,47416,2026/09/14,WTXOU6,175,,,44850.0,902.0,43948.0,45752.0,44800.0,12.588529737870081,722,8,44700.0,7.760708538174937,720,1,44500.0,5.600302675863879,994,5,,,,,,,,,,,,
2026-09-14T22:30:40+08:00,2026-09-14T22:29:40+08:00,60.0,live,溫和偏多,mild_bull,26.49006622516556,2026/09/14,22:30:36,45502.0,45503.0,45507.0,12.0,275.0,0.6,17578,37,47416,2026/09/14,WTXOU6,175,,,44850.0,906.0,43944.0,45756.0,44800.0,13.456414411394768,722,2,44700.0,7.575032321932796,720,0,44600.0,4.668092565745117,452,0,,,,,,,,,,,,
2026-09-14T22:31:40+08:00,2026-09-14T22:30:40+08:00,60.0,live,震盪,neutral,-13.325930038867295,2026/09/14,22:31:36,45496.0,45496.0,45500.0,-6.0,281.0,0.61,17617,39,47416,2026/09/14,WTXOU6,175,,,44850.0,900.5,43949.5,45750.5,44800.0,11.047998976674261,722,3,44700.0,9.291306583320104,720,8,44600.0,5.127763175562677,452,2,,,,,,,,,,,,
2026-09-14T22:32:40+08:00,2026-09-14T22:31:40+08:00,60.0,live,溫和偏空,mild_bear,-22.39641657334826,2026/09/14,22:32:28,45486.0,45480.0,45484.0,-10.0,291.0,0.64,17645,28,47416,2026/09/14,WTXOU6,175,,,44850.0,893.0,43957.0,45743.0,44800.0,9.211763375007266,722,0,44700.0,8.785518604706184,720,1,44500.0,5.977648892382549,994,2,,,,,,,,,,,,
2026-09-14T22:33:12+08:00,,,warming_up,資料累積中,warming_up,,2026/09/14,22:32:48,45490.0,45485.0,45489.0,,287.0,0.63,17646,,47416,2026/09/14,WTXOU6,175,,,44850.0,896.0,43954.0,45746.0,44800.0,12.480144859243737,722,1899,44700.0,8.835530775213767,720,1182,44500.0,5.90972179920012,994,2023,,,,,,,,,,,,
2026-09-14T22:34:12+08:00,2026-09-14T22:33:12+08:00,60.0,live,溫和偏空,mild_bear,-22.39641657334826,2026/09/14,22:34:03,45480.0,45482.0,45487.0,-10.0,297.0,0.65,17695,49,47416,2026/09/14,WTXOU6,175,,,44850.0,893.0,43957.0,45743.0,44800.0,9.371040651730409,722,0,44700.0,9.725910139268116,720,6,44500.0,5.802034902378632,994,4,,,,,,,,,,,,
2026-09-14T22:35:12+08:00,2026-09-14T22:34:12+08:00,60.0,live,溫和偏多,mild_bull,33.40757238307349,2026/09/14,22:35:02,45495.0,45493.0,45497.0,15.0,282.0,0.62,17718,23,47416,2026/09/14,WTXOU6,175,,,44850.0,898.0,43952.0,45748.0,44800.0,12.40997204751669,722,13,44700.0,7.7503867970197815,720,2,44500.0,5.438183008632885,994,7,,,,,,,,,,,,
2026-09-14T22:36:11+08:00,2026-09-14T22:35:12+08:00,59.0,live,強勢偏空,strong_bear,-100.0,2026/09/14,22:36:09,45447.0,45447.0,45449.0,-48.0,330.0,0.72,17807,89,47416,2026/09/14,WTXOU6,175,,,44850.0,881.0,43969.0,45731.0,44800.0,12.874665896942508,722,6,44700.0,9.66593367590599,720,6,44600.0,6.757326146396329,452,11,,,,,,,,,,,,
2026-09-14T22:37:11+08:00,2026-09-14T22:36:11+08:00,60.0,live,強勢偏空,strong_bear,-53.0871321407963,2026/09/14,22:37:07,45424.0,45419.0,45424.0,-23.0,353.0,0.77,17935,128,47416,2026/09/14,WTXOU6,175,,,44850.0,866.5,43983.5,45716.5,44800.0,14.13043898525235,722,5,44700.0,11.04041917747963,720,7,44500.0,7.1361269556386056,994,9,,,,,,,,,,,,
2026-09-14T22:38:11+08:00,2026-09-14T22:37:11+08:00,60.0,live,震盪,neutral,-13.84881708020773,2026/09/14,22:38:10,45418.0,45417.0,45419.0,-6.0,359.0,0.78,18020,85,47416,2026/09/14,WTXOU6,175,,,44850.0,866.5,43983.5,45716.5,44800.0,15.463777395650379,722,7,44700.0,11.113167439418277,720,5,44500.0,7.25951515196685,994,7,,,,,,,,,,,,
2026-09-14T22:39:10+08:00,,,warming_up,資料累積中,warming_up,,2026/09/14,22:39:06,45413.0,45409.0,45413.0,,364.0,0.8,18069,,47416,2026/09/14,WTXOU6,175,,,44850.0,866.0,43984.0,45716.0,44800.0,15.540760299564147,722,1940,44700.0,11.005072242538091,720,1209,44500.0,7.36396681822826,994,2077,,,,,,,,,,,,
2026-09-14T22:40:10+08:00,2026-09-14T22:39:10+08:00,60.0,live,震盪,neutral,11.52073732718894,2026/09/14,22:40:04,45418.0,45420.0,45424.0,5.0,359.0,0.78,18131,62,47416,2026/09/14,WTXOU6,175,,,44850.0,868.0,43982.0,45718.0,44800.0,12.421715626746174,722,3,44700.0,9.709048577300212,720,6,44500.0,7.25951515196685,994,36,,,,,,,,,,,,
2026-09-14T22:41:10+08:00,2026-09-14T22:40:10+08:00,60.0,live,溫和偏空,mild_bear,-20.93023255813954,2026/09/14,22:41:06,45409.0,45407.0,45411.0,-9.0,368.0,0.8,18199,68,47416,2026/09/14,WTXOU6,175,,,44850.0,860.0,43990.0,45710.0,44800.0,14.795587775352214,722,4,44700.0,10.378335324023729,720,2,44500.0,7.448609188419325,994,7,,,,,,,,,,,,
2026-09-14T22:42:10+08:00,2026-09-14T22:41:10+08:00,60.0,live,震盪,neutral,-6.9930069930069925,2026/09/14,22:42:07,45406.0,45403.0,45407.0,-3.0,371.0,0.81,18306,107,47416,2026/09/14,WTXOU6,175,,,44850.0,858.0,43992.0,45708.0,44800.0,15.31784403759082,722,15,44700.0,9.716307034753854,720,2,44500.0,7.512728815869036,994,21,,,,,,,,,,,,
2026-09-14T22:43:10+08:00,2026-09-14T22:42:10+08:00,60.0,live,震盪,neutral,4.662004662004661,2026/09/14,22:43:05,45408.0,45407.0,45411.0,2.0,369.0,0.81,18357,51,47416,2026/09/14,WTXOU6,175,,,44850.0,858.0,43992.0,45708.0,44800.0,15.911971896531682,722,11,44700.0,9.637479805849459,720,1,44500.0,7.383013660756348,994,10,,,,,,,,,,,,
2026-09-14T22:44:10+08:00,2026-09-14T22:43:10+08:00,60.0,live,震盪,neutral,2.3310023310023307,2026/09/14,22:44:03,45409.0,45408.0,45411.0,1.0,368.0,0.8,18393,36,47416,2026/09/14,WTXOU6,175,,,44850.0,858.0,43992.0,45708.0,44800.0,15.86657400469855,722,9,44700.0,11.073556687011227,720,5,44600.0,6.766452093418408,452,3,,,,,,,,,,,,
2026-09-14T22:45:28+08:00,,,warming_up,資料累積中,warming_up,,2026/09/14,22:45:25,45464.0,45460.0,45465.0,,313.0,0.68,18499,,47416,2026/09/14,WTXOU6,175,,,44850.0,881.5,43968.5,45731.5,44800.0,13.400320417367178,722,1989,44700.0,9.484938330425875,720,1230,44500.0,6.365447091347585,994,2169,,,,,,,,,,,,
2026-09-14T22:46:28+08:00,2026-09-14T22:45:28+08:00,60.0,live,震盪,neutral,11.305822498586773,2026/09/14,22:46:23,45469.0,45465.0,45469.0,5.0,308.0,0.67,18554,55,47416,2026/09/14,WTXOU6,175,,,44850.0,884.5,43965.5,45734.5,44800.0,12.442779729090104,722,9,44700.0,8.461342300127868,720,3,44500.0,6.275158586306484,994,16,,,,,,,,,,,,
2026-09-14T22:47:27+08:00,2026-09-14T22:46:28+08:00,59.0,live,強勢偏空,strong_bear,-78.43137254901961,2026/09/14,22:47:22,45435.0,45435.0,45439.0,-34.0,342.0,0.75,18601,47,47416,2026/09/14,WTXOU6,175,,,44850.0,867.0,43983.0,45717.0,44800.0,12.319917215309541,722,1,44700.0,11.060330756326197,720,6,44500.0,6.76470470992148,994,5,,,,,,,,,,,,
2026-09-14T22:48:28+08:00,2026-09-14T22:47:27+08:00,61.0,live,溫和偏多,mild_bull,29.919447640966634,2026/09/14,22:48:21,45448.0,45441.0,45445.0,13.0,329.0,0.72,18653,52,47416,2026/09/14,WTXOU6,175,,,44850.0,869.0,43981.0,45719.0,44800.0,13.193969052800703,722,5,44700.0,7.7072672439246155,720,0,44500.0,6.663192722308139,994,9,,,,,,,,,,,,
2026-09-14T22:49:27+08:00,2026-09-14T22:48:28+08:00,59.0,live,強勢偏空,strong_bear,-46.32310364794441,2026/09/14,22:49:17,45428.0,45428.0,45432.0,-20.0,349.0,0.76,18669,16,47416,2026/09/14,WTXOU6,175,,,44850.0,863.5,43986.5,45713.5,44800.0,13.810897942825923,722,1,44700.0,8.160508953778566,720,0,44600.0,6.7134683056985125,452,1,,,,,,,,,,,,
2026-09-14T22:50:27+08:00,2026-09-14T22:49:27+08:00,60.0,live,溫和偏空,mild_bear,-18.680677174547576,2026/09/14,22:50:25,45420.0,45417.0,45421.0,-8.0,357.0,0.78,18688,19,47416,2026/09/14,WTXOU6,175,,,44850.0,856.5,43993.5,45706.5,44800.0,13.025081307821251,722,1,44700.0,8.349182932458357,720,0,44500.0,7.218150505502309,994,5,,,,,,,,,,,,
2026-09-14T22:51:27+08:00,2026-09-14T22:50:27+08:00,60.0,live,震盪,neutral,11.621150493898897,2026/09/14,22:51:24,45425.0,45422.0,45427.0,5.0,352.0,0.77,18739,51,47416,2026/09/14,WTXOU6,175,,,44850.0,860.5,43989.5,45710.5,44800.0,15.157574087527491,722,13,44700.0,9.978140705722474,720,4,44600.0,6.9543855358116256,452,8,,,,,,,,,,,,
2026-09-14T22:52:27+08:00,2026-09-14T22:51:27+08:00,60.0,live,溫和偏空,mild_bear,-32.76770040959626,2026/09/14,22:52:23,45411.0,45408.0,45413.0,-14.0,366.0,0.8,18775,36,47416,2026/09/14,WTXOU6,175,,,44850.0,854.5,43995.5,45704.5,44850.0,11.475943103030817,494,1,44700.0,10.640292836445905,720,2,44600.0,7.76925057778439,452,5,,,,,,,,,,,,
2026-09-14T22:53:27+08:00,2026-09-14T22:52:27+08:00,60.0,live,震盪,neutral,-9.417304296645085,2026/09/14,22:53:21,45407.0,45400.0,45403.0,-4.0,370.0,0.81,18807,32,47416,2026/09/14,WTXOU6,175,,,44850.0,849.5,44000.5,45699.5,44800.0,12.9399060520692,722,1,44700.0,8.66512664553272,720,0,44500.0,7.49129451141122,994,10,,,,,,,,,,,,
2026-09-14T22:54:27+08:00,2026-09-14T22:53:27+08:00,60.0,live,溫和偏空,mild_bear,-44.99703966844286,2026/09/14,22:54:26,45388.0,45389.0,45393.0,-19.0,389.0,0.85,18905,98,47416,2026/09/14,WTXOU6,175,,,44850.0,844.5,44005.5,45694.5,44850.0,15.226557825282269,494,8,44700.0,10.899218877593599,720,2,44500.0,7.781500156800078,994,7,,,,,,,,,,,,
2026-09-14T22:55:28+08:00,2026-09-14T22:54:27+08:00,61.0,live,強勢偏空,strong_bear,-55.155875299760204,2026/09/14,22:55:23,45365.0,45368.0,45371.0,-23.0,412.0,0.9,19148,243,47416,2026/09/14,WTXOU6,175,,,44850.0,834.0,44016.0,45684.0,44800.0,16.307406341681794,722,7,44700.0,11.091915322687623,720,2,44500.0,8.446410975870009,994,16,,,,,,,,,,,,
2026-09-14T22:56:28+08:00,2026-09-14T22:55:28+08:00,60.0,live,震盪,neutral,14.397120575884822,2026/09/14,22:56:25,45371.0,45369.0,45372.0,6.0,406.0,0.89,19219,71,47416,2026/09/14,WTXOU6,175,,,44850.0,833.5,44016.5,45683.5,44800.0,17.32339231958405,722,12,44700.0,10.993115624238735,720,2,44600.0,8.396123644761095,452,11,,,,,,,,,,,,
2026-09-14T22:57:27+08:00,2026-09-14T22:56:28+08:00,59.0,live,溫和偏多,mild_bull,23.923444976076553,2026/09/14,22:57:25,45381.0,45377.0,45382.0,10.0,396.0,0.87,19288,69,47416,2026/09/14,WTXOU6,175,,,44850.0,836.0,44014.0,45686.0,44800.0,17.18805442759762,722,5,44700.0,10.93083790261532,720,1,44500.0,8.068982005979521,994,5,,,,,,,,,,,,
2026-09-14T22:58:27+08:00,2026-09-14T22:57:27+08:00,60.0,live,溫和偏多,mild_bull,16.64684898929845,2026/09/14,22:58:25,45388.0,45385.0,45389.0,7.0,389.0,0.85,19350,62,47416,2026/09/14,WTXOU6,175,,,44850.0,841.0,44009.0,45691.0,44800.0,16.84770814665549,722,9,44700.0,11.170052744680767,720,3,44500.0,7.405697513756681,994,5,,,,,,,,,,,,
2026-09-14T22:59:27+08:00,2026-09-14T22:58:27+08:00,60.0,live,震盪,neutral,4.790419161676647,2026/09/14,22:59:20,45390.0,45386.0,45391.0,2.0,387.0,0.85,19402,52,47416,2026/09/14,WTXOU6,175,,,44850.0,835.0,44015.0,45685.0,44800.0,16.75171007011241,722,9,44700.0,11.417355961374549,720,4,44500.0,7.208793974906425,994,4,,,,,,,,,,,,
2026-09-14T23:00:28+08:00,2026-09-14T22:59:27+08:00,61.0,live,溫和偏多,mild_bull,27.602070155261643,2026/09/14,23:00:23,45402.0,45403.0,45406.0,12.0,375.0,0.82,19456,54,47416,2026/09/14,WTXOU6,175,,,44800.0,869.5,43930.5,45669.5,44800.0,12.514477102900194,722,1,44700.0,8.789802591177219,720,0,44500.0,7.599081075361003,994,31,,,,,,,,,,,,
2026-09-14T23:01:27+08:00,2026-09-14T23:00:28+08:00,59.0,live,震盪,neutral,-11.890606420927467,2026/09/14,23:01:22,45397.0,45390.0,45395.0,-5.0,380.0,0.83,19503,47,47416,2026/09/14,WTXOU6,175,,,44850.0,841.0,44009.0,45691.0,44800.0,15.089956877413728,722,4,44700.0,8.91627240459287,720,0,44500.0,6.961419626749794,994,3,,,,,,,,,,,,
2026-09-14T23:02:27+08:00,2026-09-14T23:01:27+08:00,60.0,live,強勢偏多,strong_bull,74.76635514018692,2026/09/14,23:02:25,45429.0,45426.0,45431.0,32.0,348.0,0.76,19574,71,47416,2026/09/14,WTXOU6,175,,,44850.0,856.0,43994.0,45706.0,44800.0,14.98533079154283,722,18,44700.0,9.17534130848683,720,2,44500.0,6.448664755414358,994,8,,,,,,,,,,,,
2026-09-14T23:03:27+08:00,2026-09-14T23:02:27+08:00,60.0,live,強勢偏空,strong_bear,-68.84272997032642,2026/09/14,23:03:25,45400.0,45399.0,45403.0,-29.0,377.0,0.82,19629,55,47416,2026/09/14,WTXOU6,175,,,44850.0,842.5,44007.5,45692.5,44850.0,14.713352492033161,494,6,44700.0,10.793570370461843,720,2,44500.0,7.292016574831687,994,4,,,,,,,,,,,,
2026-09-14T23:04:27+08:00,2026-09-14T23:03:27+08:00,60.0,live,溫和偏多,mild_bull,21.21390689451974,2026/09/14,23:04:25,45409.0,45406.0,45411.0,9.0,368.0,0.8,19654,25,47416,2026/09/14,WTXOU6,175,,,44850.0,848.5,44001.5,45698.5,44800.0,14.581355627095078,722,1,44700.0,10.947430299466886,720,1,44500.0,7.448609188419325,994,2,,,,,,,,,,,,
2026-09-14T23:05:27+08:00,2026-09-14T23:04:27+08:00,60.0,live,溫和偏空,mild_bear,-23.640661938534276,2026/09/14,23:05:15,45399.0,45400.0,45405.0,-10.0,378.0,0.83,19697,43,47416,2026/09/14,WTXOU6,175,,,44850.0,846.0,44004.0,45696.0,44800.0,15.224415797675189,722,4,44700.0,12.258530281222125,720,7,44500.0,6.472598802277779,994,1,,,,,,,,,,,,
2026-09-14T23:06:27+08:00,2026-09-14T23:05:27+08:00,60.0,live,強勢偏多,strong_bull,100.0,2026/09/14,23:06:25,45525.0,45519.0,45524.0,126.0,252.0,0.55,20204,507,47416,2026/09/14,WTXOU6,175,,,44850.0,903.5,43946.5,45753.5,44800.0,12.357871979725017,722,23,44700.0,9.460507432797952,720,27,44600.0,5.782770418173507,452,17,,,,,,,,,,,,
2026-09-14T23:07:27+08:00,2026-09-14T23:06:27+08:00,60.0,live,強勢偏空,strong_bear,-100.0,2026/09/14,23:07:25,45462.0,45457.0,45462.0,-63.0,315.0,0.69,20409,205,47416,2026/09/14,WTXOU6,175,,,44850.0,867.5,43982.5,45717.5,44800.0,12.482522065197116,722,26,44700.0,7.790736426830526,720,1,44500.0,6.401925198630279,994,54,,,,,,,,,,,,
2026-09-14T23:08:05+08:00,,,warming_up,資料累積中,warming_up,,2026/09/14,23:07:59,45458.0,45451.0,45455.0,,319.0,0.7,20451,,47416,2026/09/14,WTXOU6,175,,,44850.0,866.5,43983.5,45716.5,44800.0,13.567778984830197,722,2148,44700.0,9.587434035328688,720,1299,44500.0,6.475509740219556,994,2427,,,,,,,,,,,,
2026-09-14T23:09:05+08:00,2026-09-14T23:08:05+08:00,60.0,live,溫和偏空,mild_bear,-16.119746689694875,2026/09/14,23:09:03,45451.0,45447.0,45452.0,-7.0,326.0,0.71,20542,91,47416,2026/09/14,WTXOU6,175,,,44850.0,868.5,43981.5,45718.5,44800.0,13.066820800795766,722,11,44700.0,8.94941314778159,720,4,44500.0,6.286289899586519,994,13,,,,,,,,,,,,
2026-09-14T23:10:05+08:00,2026-09-14T23:09:05+08:00,60.0,live,強勢偏空,strong_bear,-48.89406286379511,2026/09/14,23:09:58,45430.0,45432.0,45436.0,-21.0,347.0,0.76,20587,45,47416,2026/09/14,WTXOU6,175,,,44850.0,859.0,43991.0,45709.0,44800.0,14.18425388817723,722,2,44700.0,9.906948058465948,720,1,44500.0,7.014835958183076,994,3,,,,,,,,,,,,
2026-09-14T23:11:05+08:00,2026-09-14T23:10:05+08:00,60.0,live,溫和偏多,mild_bull,16.288539848749274,2026/09/14,23:11:02,45437.0,45432.0,45437.0,7.0,340.0,0.74,20622,35,47416,2026/09/14,WTXOU6,175,,,44850.0,859.5,43990.5,45709.5,44800.0,14.646693824890498,722,4,44700.0,9.475325690650122,720,1,44500.0,6.372454369842748,994,2,,,,,,,,,,,,
2026-09-14T23:12:05+08:00,2026-09-14T23:11:05+08:00,60.0,live,強勢偏空,strong_bear,-56.50382577987052,2026/09/14,23:12:03,45413.0,45413.0,45417.0,-24.0,364.0,0.8,20667,45,47416,2026/09/14,WTXOU6,175,,,44850.0,849.5,44000.5,45699.5,44800.0,15.68627397866717,722,10,44700.0,9.548756083781372,720,1,44600.0,6.370748682019063,452,2,,,,,,,,,,,,
2026-09-14T23:13:05+08:00,2026-09-14T23:12:05+08:00,60.0,live,震盪,neutral,9.39518496770405,2026/09/14,23:13:02,45417.0,45415.0,45418.0,4.0,360.0,0.79,20690,23,47416,2026/09/14,WTXOU6,175,,,44850.0,851.5,43998.5,45701.5,44800.0,15.508022794394396,722,2,44700.0,8.421054940452956,720,0,44500.0,7.280286282743559,994,2,,,,,,,,,,,,
2026-09-14T23:14:06+08:00,2026-09-14T23:13:05+08:00,61.0,live,震盪,neutral,14.018691588785046,2026/09/14,23:14:00,45423.0,45425.0,45430.0,6.0,354.0,0.77,20706,16,47416,2026/09/14,WTXOU6,175,,,44850.0,856.0,43994.0,45706.0,44800.0,13.462565050557348,722,1,44700.0,10.107081684822429,720,1,44500.0,7.156545044606245,994,3,,,,,,,,,,,,
2026-09-14T23:15:05+08:00,2026-09-14T23:14:06+08:00,59.0,live,溫和偏空,mild_bear,-40.28436018957346,2026/09/14,23:15:03,45406.0,45403.0,45407.0,-17.0,371.0,0.81,20743,37,47416,2026/09/14,WTXOU6,175,,,44850.0,844.0,44006.0,45694.0,44800.0,13.556644959912242,722,1,44700.0,11.664673092400367,720,4,44500.0,7.512728815869036,994,5,,,,,,,,,,,,
2026-09-14T23:16:05+08:00,2026-09-14T23:15:05+08:00,60.0,live,強勢偏多,strong_bull,90.06928406466513,2026/09/14,23:16:01,45445.0,45439.0,45443.0,39.0,332.0,0.73,20787,44,47416,2026/09/14,WTXOU6,175,,,44850.0,866.0,43984.0,45716.0,44800.0,14.315709341642021,722,7,44700.0,10.02263782469632,720,4,44500.0,6.460389081311507,994,5,,,,,,,,,,,,
2026-09-14T23:17:05+08:00,2026-09-14T23:16:05+08:00,60.0,live,溫和偏多,mild_bull,20.737327188940093,2026/09/14,23:17:03,45454.0,45451.0,45455.0,9.0,323.0,0.71,20829,42,47416,2026/09/14,WTXOU6,175,,,44850.0,868.0,43982.0,45718.0,44800.0,11.819302178936683,722,1,44700.0,9.822328105621231,720,3,44500.0,6.549940071878679,994,5,,,,,,,,,,,,
2026-09-14T23:18:06+08:00,2026-09-14T23:17:05+08:00,61.0,live,震盪,neutral,-2.296211251435132,2026/09/14,23:18:01,45453.0,45454.0,45458.0,-1.0,324.0,0.71,20869,40,47416,2026/09/14,WTXOU6,175,,,44850.0,871.0,43979.0,45721.0,44800.0,13.992204411763126,722,5,44700.0,9.437093169299047,720,2,44500.0,6.568680946298611,994,5,,,,,,,,,,,,
2026-09-14T23:20:05+08:00,2026-09-14T23:18:06+08:00,119.0,live,溫和偏多,mild_bull,22.896393817973667,2026/09/14,23:20:01,45463.0,45463.0,45467.0,10.0,314.0,0.69,20922,53,47416,2026/09/14,WTXOU6,175,,,44850.0,873.5,43976.5,45723.5,44800.0,13.270422859743165,722,5,44700.0,9.963742029374902,720,5,44500.0,6.383660089215742,994,6,,,,,,,,,,,,
2026-09-14T23:21:06+08:00,2026-09-14T23:20:05+08:00,61.0,live,震盪,neutral,-11.514104778353481,2026/09/14,23:21:01,45458.0,45452.0,45457.0,-5.0,319.0,0.7,20952,30,47416,2026/09/14,WTXOU6,175,,,44850.0,868.5,43981.5,45718.5,44800.0,13.7937367785493,722,4,44700.0,10.356875674917143,720,4,44500.0,6.001351517401863,994,2,,,,,,,,,,,,
2026-09-14T23:22:05+08:00,2026-09-14T23:21:06+08:00,59.0,live,震盪,neutral,11.494252873563218,2026/09/14,23:21:55,45463.0,45458.0,45462.0,5.0,314.0,0.69,20982,30,47416,2026/09/14,WTXOU6,175,,,44850.0,870.0,43980.0,45720.0,44800.0,13.598084241532918,722,12,44700.0,7.3839338515963275,720,0,44500.0,5.248446050777279,994,1,,,,,,,,,,,,
2026-09-14T23:23:05+08:00,2026-09-14T23:22:05+08:00,60.0,live,溫和偏空,mild_bear,-18.39080459770115,2026/09/14,23:23:00,45455.0,45456.0,45460.0,-8.0,322.0,0.7,20993,11,47416,2026/09/14,WTXOU6,175,,,44850.0,870.0,43980.0,45720.0,44800.0,13.912476967624468,722,2,44700.0,9.599165632789104,720,1,44500.0,6.053012762307668,994,1,,,,,,,,,,,,
2026-09-14T23:24:05+08:00,2026-09-14T23:23:05+08:00,60.0,live,強勢偏多,strong_bull,52.42165242165242,2026/09/14,23:24:02,45478.0,45476.0,45479.0,23.0,299.0,0.65,21021,28,47416,2026/09/14,WTXOU6,175,,,44850.0,877.5,43972.5,45727.5,44800.0,10.96101508066434,722,2,44700.0,9.523173572162674,720,9,44600.0,5.248631257632119,452,2,,,,,,,,,,,,
2026-09-14T23:25:05+08:00,2026-09-14T23:24:05+08:00,60.0,live,強勢偏多,strong_bull,58.72388481084132,2026/09/14,23:25:01,45504.0,45495.0,45499.0,26.0,273.0,0.6,21089,68,47416,2026/09/14,WTXOU6,175,,,44850.0,885.5,43964.5,45735.5,44800.0,13.379739893447534,722,33,44700.0,8.603690701489432,720,6,44600.0,4.64149381987798,452,0,,,,,,,,,,,,
2026-09-14T23:26:05+08:00,2026-09-14T23:25:05+08:00,60.0,live,溫和偏空,mild_bear,-31.836270608300172,2026/09/14,23:26:00,45490.0,45487.0,45489.0,-14.0,287.0,0.63,21129,40,47416,2026/09/14,WTXOU6,175,,,44850.0,879.5,43970.5,45729.5,44800.0,12.588529737870081,722,55,44700.0,7.446751672952028,720,3,44500.0,5.692248270451922,994,40,,,,,,,,,,,,
2026-09-14T23:27:05+08:00,2026-09-14T23:26:05+08:00,60.0,live,溫和偏多,mild_bull,24.844720496894407,2026/09/14,23:27:00,45501.0,45500.0,45503.0,11.0,276.0,0.6,21145,16,47416,2026/09/14,WTXOU6,175,,,44850.0,885.5,43964.5,45735.5,44800.0,13.494916286199587,722,11,44700.0,8.677753580681665,720,2,44600.0,4.681449044673962,452,0,,,,,,,,,,,,
2026-09-14T23:28:05+08:00,2026-09-14T23:27:05+08:00,60.0,live,震盪,neutral,6.749156355455567,2026/09/14,23:28:02,45504.0,45503.0,45506.0,3.0,273.0,0.6,21170,25,47416,2026/09/14,WTXOU6,175,,,44850.0,889.0,43961.0,45739.0,44800.0,13.379739893447534,722,2,44700.0,7.53186986171404,720,0,44600.0,4.64149381987798,452,0,,,,,,,,,,,,
2026-09-14T23:29:05+08:00,2026-09-14T23:28:05+08:00,60.0,live,震盪,neutral,6.7377877596855695,2026/09/14,23:29:03,45507.0,45507.0,45512.0,3.0,270.0,0.59,21196,26,47416,2026/09/14,WTXOU6,175,,,44850.0,890.5,43959.5,45740.5,44800.0,13.265546508012172,722,3,44700.0,7.46758686929287,720,0,44600.0,5.6831548305645265,452,1,,,,,,,,,,,,
2026-09-14T23:30:05+08:00,2026-09-14T23:29:05+08:00,60.0,live,溫和偏多,mild_bull,17.897091722595075,2026/09/14,23:30:03,45515.0,45515.0,45516.0,8.0,262.0,0.57,21215,19,47416,2026/09/14,WTXOU6,175,,,44850.0,894.0,43956.0,45744.0,44800.0,9.72432978751894,722,0,44700.0,9.734706116498568,720,7,44600.0,5.189751432012996,452,1,,,,,,,,,,,,
2026-09-14T23:31:05+08:00,2026-09-14T23:30:05+08:00,60.0,live,震盪,neutral,-11.273957158962796,2026/09/14,23:30:43,45510.0,45499.0,45504.0,-5.0,267.0,0.58,21263,48,47416,2026/09/14,WTXOU6,175,,,44850.0,887.0,43963.0,45737.0,44800.0,11.508286772608514,722,2,44700.0,9.874771431212862,720,8,44600.0,5.4910232169063145,452,2,,,,,,,,,,,,
2026-09-14T23:32:05+08:00,2026-09-14T23:31:05+08:00,60.0,live,溫和偏空,mild_bear,-24.915062287655715,2026/09/14,23:31:56,45499.0,45493.0,45496.0,-11.0,278.0,0.61,21298,35,47416,2026/09/14,WTXOU6,175,,,44850.0,883.0,43967.0,45733.0,44800.0,11.2751461053894,722,1,44700.0,8.465185217462983,720,1,44600.0,6.042060750193977,452,2,,,,,,,,,,,,
2026-09-14T23:33:06+08:00,2026-09-14T23:32:05+08:00,61.0,live,強勢偏多,strong_bull,100.0,2026/09/14,23:33:02,45562.0,45558.0,45562.0,63.0,215.0,0.47,21535,237,47416,2026/09/14,WTXOU6,175,,,44850.0,916.5,43933.5,45766.5,44800.0,11.336496827601925,722,24,44700.0,7.887646946610126,720,12,44600.0,4.856721633635858,452,8,,,,,,,,,,,,
2026-09-14T23:34:06+08:00,2026-09-14T23:33:06+08:00,60.0,live,強勢偏多,strong_bull,49.409237379162185,2026/09/14,23:33:59,45585.0,45580.0,45584.0,23.0,192.0,0.42,21796,261,47416,2026/09/14,WTXOU6,175,,,44850.0,931.0,43919.0,45781.0,44800.0,10.615477133485376,722,53,44700.0,6.884341151846313,720,11,44600.0,4.094279527792392,452,4,,,,,,,,,,,,
2026-09-14T23:35:05+08:00,2026-09-14T23:34:06+08:00,59.0,live,溫和偏多,mild_bull,21.4938205265986,2026/09/14,23:35:03,45595.0,45593.0,45598.0,10.0,182.0,0.4,21916,120,47416,2026/09/14,WTXOU6,175,,,44850.0,930.5,43919.5,45780.5,44800.0,10.316469662481962,722,18,44700.0,6.721112012133695,720,4,44600.0,4.549814065905507,452,8,,,,,,,,,,,,
2026-09-14T23:36:05+08:00,2026-09-14T23:35:05+08:00,60.0,live,溫和偏空,mild_bear,-32.39740820734342,2026/09/14,23:35:59,45580.0,45583.0,45588.0,-15.0,197.0,0.43,21998,82,47416,2026/09/14,WTXOU6,175,,,44850.0,926.0,43924.0,45776.0,44800.0,10.582327093742258,722,13,44700.0,7.443745661303756,720,7,44600.0,4.7740733203903805,452,7,,,,,,,,,,,,
2026-09-14T23:37:06+08:00,2026-09-14T23:36:05+08:00,61.0,live,溫和偏空,mild_bear,-15.167930660888407,2026/09/14,23:37:01,45573.0,45575.0,45579.0,-7.0,204.0,0.45,22026,28,47416,2026/09/14,WTXOU6,175,,,44850.0,923.0,43927.0,45773.0,44800.0,10.695798514507093,722,4,44700.0,8.248102420987157,720,5,44600.0,4.79192171078062,452,2,,,,,,,,,,,,
2026-09-14T23:38:05+08:00,2026-09-14T23:37:06+08:00,59.0,live,強勢偏多,strong_bull,100.0,2026/09/14,23:38:02,45621.0,45617.0,45621.0,48.0,156.0,0.34,22142,116,47416,2026/09/14,WTXOU6,175,,,44850.0,943.0,43907.0,45793.0,44800.0,8.511619805242095,722,4,44700.0,7.191072363755223,720,13,,,,,,,,,,,,,,,,
2026-09-14T23:39:05+08:00,2026-09-14T23:38:05+08:00,60.0,live,震盪,neutral,14.752370916754481,2026/09/14,23:39:02,45628.0,45628.0,45633.0,7.0,149.0,0.33,22247,105,47416,2026/09/14,WTXOU6,175,,,44850.0,949.0,43901.0,45799.0,44800.0,9.38822176863118,722,17,44700.0,5.712695080274037,720,1,,,,,,,,,,,,,,,,
2026-09-14T23:40:06+08:00,2026-09-14T23:39:05+08:00,61.0,live,震盪,neutral,-4.235044997353097,2026/09/14,23:40:02,45626.0,45623.0,45628.0,-2.0,151.0,0.33,22297,50,47416,2026/09/14,WTXOU6,175,,,44850.0,944.5,43905.5,45794.5,44800.0,9.125774537697541,722,3,44700.0,6.851420032584607,720,3,,,,,,,,,,,,,,,,
2026-09-14T23:41:05+08:00,2026-09-14T23:40:06+08:00,59.0,live,強勢偏空,strong_bear,-51.09100585417775,2026/09/14,23:40:56,45602.0,45603.0,45608.0,-24.0,175.0,0.38,22444,147,47416,2026/09/14,WTXOU6,175,,,44850.0,939.5,43910.5,45789.5,44800.0,10.11218987637421,722,24,44700.0,7.243620713300068,720,16,,,,,,,,,,,,,,,,
2026-09-14T23:42:05+08:00,2026-09-14T23:41:05+08:00,60.0,live,強勢偏多,strong_bull,71.20418848167539,2026/09/14,23:42:01,45636.0,45634.0,45638.0,34.0,141.0,0.31,22587,143,47416,2026/09/14,WTXOU6,175,,,44850.0,955.0,43895.0,45805.0,44800.0,9.176067697011824,722,11,44700.0,6.327746865252507,720,5,,,,,,,,,,,,,,,,
2026-09-14T23:43:05+08:00,2026-09-14T23:42:05+08:00,60.0,live,溫和偏空,mild_bear,-40.147913365029055,2026/09/14,23:43:01,45617.0,45616.0,45620.0,-19.0,160.0,0.35,22622,35,47416,2026/09/14,WTXOU6,175,,,44850.0,946.5,43903.5,45796.5,44800.0,9.198055102268173,722,7,44700.0,5.45365589243467,720,0,,,,,,,,,,,,,,,,
2026-09-14T23:44:05+08:00,2026-09-14T23:43:05+08:00,60.0,live,溫和偏多,mild_bull,39.686684073107045,2026/09/14,23:44:03,45636.0,45636.0,45640.0,19.0,141.0,0.31,22670,48,47416,2026/09/14,WTXOU6,175,,,44850.0,957.5,43892.5,45807.5,44800.0,8.6589886414688,722,3,44700.0,6.500821083954371,720,3,,,,,,,,,,,,,,,,
2026-09-14T23:45:06+08:00,2026-09-14T23:44:05+08:00,61.0,live,震盪,neutral,-8.398950131233596,2026/09/14,23:44:58,45632.0,45633.0,45638.0,-4.0,145.0,0.32,22709,39,47416,2026/09/14,WTXOU6,175,,,44850.0,952.5,43897.5,45802.5,44800.0,9.281538584928676,722,7,44700.0,5.224865452907348,720,0,,,,,,,,,,,,,,,,
2026-09-14T23:46:05+08:00,2026-09-14T23:45:06+08:00,59.0,live,溫和偏空,mild_bear,-44.680851063829785,2026/09/14,23:46:03,45611.0,45608.0,45612.0,-21.0,166.0,0.36,22768,59,47416,2026/09/14,WTXOU6,175,,,44850.0,940.0,43910.0,45790.0,44800.0,9.855476877648169,722,6,44700.0,5.547953088679295,720,0,,,,,,,,,,,,,,,,
2026-09-14T23:47:05+08:00,2026-09-14T23:46:05+08:00,60.0,live,溫和偏空,mild_bear,-27.896995708154503,2026/09/14,23:46:56,45598.0,45596.0,45601.0,-13.0,179.0,0.39,22842,74,47416,2026/09/14,WTXOU6,175,,,44850.0,932.0,43918.0,45782.0,44800.0,10.228420671553748,722,4,44700.0,7.11667566317232,720,2,44600.0,3.5482865670190566,452,0,,,,,,,,,,,,
2026-09-14T23:48:05+08:00,2026-09-14T23:47:05+08:00,60.0,live,溫和偏空,mild_bear,-15.086206896551724,2026/09/14,23:47:52,45591.0,45590.0,45594.0,-7.0,186.0,0.41,22904,62,47416,2026/09/14,WTXOU6,175,,,44850.0,928.0,43922.0,45778.0,44800.0,7.826286356607377,722,0,44700.0,7.8346373816856465,720,1,44600.0,5.0931819550045345,452,1,,,,,,,,,,,,
2026-09-14T23:49:05+08:00,2026-09-14T23:48:05+08:00,60.0,live,震盪,neutral,12.93103448275862,2026/09/14,23:48:56,45597.0,45590.0,45594.0,6.0,180.0,0.39,22939,35,47416,2026/09/14,WTXOU6,175,,,44850.0,928.0,43922.0,45778.0,44800.0,10.257686519060172,722,2,44700.0,7.701473974050898,720,2,44600.0,4.582453647453897,452,1,,,,,,,,,,,,
2026-09-14T23:50:05+08:00,2026-09-14T23:49:05+08:00,60.0,live,溫和偏空,mild_bear,-34.68834688346883,2026/09/14,23:50:00,45581.0,45581.0,45585.0,-16.0,196.0,0.43,22960,21,47416,2026/09/14,WTXOU6,175,,,44850.0,922.5,43927.5,45772.5,44800.0,10.737492776340138,722,4,44700.0,6.044467147832569,720,0,44600.0,4.4828431355445835,452,1,,,,,,,,,,,,
2026-09-14T23:51:05+08:00,2026-09-14T23:50:05+08:00,60.0,live,溫和偏空,mild_bear,-17.49589939857846,2026/09/14,23:50:57,45573.0,45573.0,45578.0,-8.0,204.0,0.45,23012,52,47416,2026/09/14,WTXOU6,175,,,44850.0,914.5,43935.5,45764.5,44800.0,10.98574757204372,722,13,44700.0,6.993739743244797,720,2,44600.0,4.241166433729325,452,1,,,,,,,,,,,,
2026-09-14T23:52:05+08:00,2026-09-14T23:51:05+08:00,60.0,live,強勢偏多,strong_bull,47.36275565123789,2026/09/14,23:52:03,45595.0,45589.0,45594.0,22.0,182.0,0.4,23061,49,47416,2026/09/14,WTXOU6,175,,,44850.0,929.0,43921.0,45779.0,44800.0,9.561063660923043,722,1,44700.0,5.8074602009406995,720,0,44600.0,5.0353055137010765,452,2,,,,,,,,,,,,
2026-09-14T23:53:05+08:00,2026-09-14T23:52:05+08:00,60.0,live,震盪,neutral,0.0,2026/09/14,23:53:01,45595.0,45590.0,45593.0,0.0,182.0,0.4,23091,30,47416,2026/09/14,WTXOU6,175,,,44850.0,930.0,43920.0,45780.0,44800.0,10.316469662481962,722,12,44700.0,6.598705879647497,720,2,44600.0,3.578831170314368,452,0,,,,,,,,,,,,
2026-09-14T23:54:05+08:00,2026-09-14T23:53:05+08:00,60.0,live,震盪,neutral,-2.148227712137486,2026/09/14,23:53:42,45594.0,45590.0,45595.0,-1.0,183.0,0.4,23106,15,47416,2026/09/14,WTXOU6,175,,,44850.0,931.0,43919.0,45781.0,44800.0,10.345987438260048,722,12,44700.0,5.824076670882441,720,0,44600.0,4.185375479856044,452,2,,,,,,,,,,,,
2026-09-14T23:55:05+08:00,2026-09-14T23:54:05+08:00,60.0,live,震盪,neutral,-2.154011847065159,2026/09/14,23:54:55,45593.0,45585.0,45590.0,-1.0,184.0,0.4,23111,5,47416,2026/09/14,WTXOU6,175,,,44850.0,928.5,43921.5,45778.5,44800.0,10.375589671135902,722,1,44700.0,5.8407406843395515,720,0,44600.0,3.5993401754956103,452,0,,,,,,,,,,,,
2026-09-14T23:56:05+08:00,2026-09-14T23:55:05+08:00,60.0,live,震盪,neutral,-6.4550833781603005,2026/09/14,23:56:02,45590.0,45584.0,45587.0,-3.0,187.0,0.41,23118,7,47416,2026/09/14,WTXOU6,175,,,44850.0,929.5,43920.5,45779.5,44800.0,10.464905532319577,722,1,44700.0,7.857054068507909,720,1,44600.0,3.6303242619578686,452,0,,,,,,,,,,,,
2026-09-14T23:57:05+08:00,2026-09-14T23:56:05+08:00,60.0,live,震盪,neutral,0.0,2026/09/14,23:57:03,45590.0,45588.0,45591.0,0.0,187.0,0.41,23139,21,47416,2026/09/14,WTXOU6,175,,,44850.0,930.5,43919.5,45780.5,44800.0,10.464905532319577,722,2,44700.0,5.891019348078884,720,0,44600.0,3.6303242619578686,452,0,,,,,,,,,,,,
2026-09-14T23:58:05+08:00,2026-09-14T23:57:05+08:00,60.0,live,震盪,neutral,-4.27807486631016,2026/09/14,23:57:51,45588.0,45591.0,45596.0,-2.0,189.0,0.41,23146,7,47416,2026/09/14,WTXOU6,175,,,44850.0,935.0,43915.0,45785.0,44800.0,10.524876174009473,722,2,44700.0,5.924778679151755,720,0,44600.0,3.6511283556842407,452,0,,,,,,,,,,,,
2026-09-14T23:59:05+08:00,2026-09-14T23:58:05+08:00,60.0,live,震盪,neutral,6.46900269541779,2026/09/14,23:58:54,45591.0,45588.0,45591.0,3.0,186.0,0.41,23154,8,47416,2026/09/14,WTXOU6,175,,,44850.0,927.5,43922.5,45777.5,44800.0,10.435048475476503,722,1,44700.0,5.874211886320529,720,0,44600.0,3.6199667104717794,452,0,,,,,,,,,,,,
2026-09-15T00:00:05+08:00,2026-09-14T23:59:05+08:00,60.0,live,震盪,neutral,2.148227712137486,2026/09/14,00:00:02,45592.0,45587.0,45591.0,1.0,185.0,0.4,23173,19,47416,2026/09/14,WTXOU6,175,,,44850.0,931.0,43919.0,45781.0,44800.0,7.8039574520704225,722,0,44700.0,5.857452377344891,720,0,44600.0,3.6096387097544493,452,0,,,,,,,,,,,,
2026-09-15T00:01:05+08:00,2026-09-15T00:00:05+08:00,60.0,live,強勢偏空,strong_bear,-72.48764415156508,2026/09/14,00:01:00,45559.0,45559.0,45561.0,-33.0,218.0,0.48,23264,91,47416,2026/09/14,WTXOU6,175,,,44850.0,910.5,43939.5,45760.5,44800.0,10.596842986913376,722,2,44700.0,7.510657013853932,720,1,44600.0,5.580795590548153,452,4,,,,,,,,,,,,
2026-09-15T00:02:05+08:00,2026-09-15T00:01:05+08:00,60.0,live,震盪,neutral,8.757525998905308,2026/09/14,00:01:58,45563.0,45562.0,45567.0,4.0,214.0,0.47,23290,26,47416,2026/09/14,WTXOU6,175,,,44850.0,913.5,43936.5,45763.5,44800.0,11.304153064044984,722,1,44700.0,6.3634577692335546,720,0,44600.0,3.9214631228679395,452,0,,,,,,,,,,,,
2026-09-15T00:03:05+08:00,2026-09-15T00:02:05+08:00,60.0,live,震盪,neutral,-6.593406593406594,2026/09/14,00:02:51,45560.0,45560.0,45564.0,-3.0,217.0,0.47,23303,13,47416,2026/09/14,WTXOU6,175,,,44850.0,910.0,43940.0,45760.0,44800.0,11.401462248184759,722,5,44700.0,7.772946382746951,720,2,44600.0,3.9552201301340753,452,0,,,,,,,,,,,,
2026-09-15T00:04:05+08:00,2026-09-15T00:03:05+08:00,60.0,live,溫和偏多,mild_bull,23.991275899672846,2026/09/14,00:03:58,45571.0,45568.0,45572.0,11.0,206.0,0.45,23330,27,47416,2026/09/14,WTXOU6,175,,,44850.0,917.0,43933.0,45767.0,44800.0,8.28652723029338,722,0,44700.0,8.295369354585645,720,1,44600.0,3.832846301842111,452,0,,,,,,,,,,,,
2026-09-15T00:05:05+08:00,2026-09-15T00:04:05+08:00,60.0,live,溫和偏空,mild_bear,-24.122807017543863,2026/09/14,00:04:58,45560.0,45558.0,45563.0,-11.0,217.0,0.47,23344,14,47416,2026/09/14,WTXOU6,175,,,44850.0,912.0,43938.0,45762.0,44800.0,11.401462248184759,722,1,44700.0,8.560221118802902,720,1,44600.0,3.9552201301340753,452,0,,,,,,,,,,,,
2026-09-15T00:06:05+08:00,2026-09-15T00:05:05+08:00,60.0,live,震盪,neutral,6.528835690968443,2026/09/14,00:05:57,45563.0,45565.0,45569.0,3.0,214.0,0.47,23359,15,47416,2026/09/14,WTXOU6,175,,,44850.0,919.0,43931.0,45769.0,44800.0,11.304153064044984,722,2,44700.0,6.3634577692335546,720,0,44600.0,5.049945457336532,452,1,,,,,,,,,,,,
2026-09-15T00:07:05+08:00,2026-09-15T00:06:05+08:00,60.0,live,溫和偏多,mild_bull,24.017467248908297,2026/09/14,00:06:54,45574.0,45570.0,45575.0,11.0,203.0,0.44,23394,35,47416,2026/09/14,WTXOU6,175,,,44850.0,916.0,43934.0,45766.0,44800.0,10.95440451894982,722,4,44700.0,6.16657348396649,720,0,44600.0,4.893701016332706,452,2,,,,,,,,,,,,
2026-09-15T00:08:05+08:00,2026-09-15T00:07:05+08:00,60.0,live,震盪,neutral,-2.188183807439825,2026/09/14,00:07:57,45573.0,45560.0,45564.0,-1.0,204.0,0.45,23416,22,47416,2026/09/14,WTXOU6,175,,,44850.0,914.0,43936.0,45764.0,44800.0,9.467554596769942,722,1,44700.0,7.489532920699156,720,2,44600.0,3.8110067810325625,452,0,,,,,,,,,,,,
2026-09-15T00:09:05+08:00,2026-09-15T00:08:05+08:00,60.0,live,強勢偏空,strong_bear,-55.49389567147613,2026/09/14,00:09:02,45548.0,45546.0,45549.0,-25.0,229.0,0.5,23473,57,47416,2026/09/14,WTXOU6,175,,,44850.0,901.0,43949.0,45751.0,44800.0,10.168545884499434,722,2,44700.0,6.642105767552127,720,0,44600.0,4.619950812848507,452,1,,,,,,,,,,,,
2026-09-15T00:10:05+08:00,2026-09-15T00:09:05+08:00,60.0,live,震盪,neutral,2.229654403567447,2026/09/14,00:10:02,45549.0,45545.0,45549.0,1.0,228.0,0.5,23489,16,47416,2026/09/14,WTXOU6,175,,,44850.0,897.0,43953.0,45747.0,44800.0,11.765484302177919,722,17,44700.0,7.381307288415902,720,2,44600.0,4.779279769539536,452,3,,,,,,,,,,,,
2026-09-15T00:11:05+08:00,2026-09-15T00:10:05+08:00,60.0,live,溫和偏多,mild_bull,42.0353982300885,2026/09/14,00:10:52,45568.0,45556.0,45560.0,19.0,209.0,0.46,23530,41,47416,2026/09/14,WTXOU6,175,,,44850.0,904.0,43946.0,45754.0,44800.0,8.357859881184016,722,0,44700.0,6.27319748105093,720,0,44600.0,3.865840471723949,452,0,,,,,,,,,,,,
2026-09-15T00:12:05+08:00,2026-09-15T00:11:05+08:00,60.0,live,震盪,neutral,4.35967302452316,2026/09/14,00:12:02,45570.0,45569.0,45572.0,2.0,207.0,0.45,23552,22,47416,2026/09/14,WTXOU6,175,,,44850.0,917.5,43932.5,45767.5,44800.0,8.31023687717504,722,0,44700.0,8.319104300804268,720,2,44600.0,3.8438129504565204,452,0,,,,,,,,,,,,
2026-09-15T00:13:05+08:00,2026-09-15T00:12:05+08:00,60.0,live,震盪,neutral,-4.366812227074236,2026/09/14,00:12:56,45568.0,45565.0,45569.0,-2.0,209.0,0.46,23561,9,47416,2026/09/14,WTXOU6,175,,,44850.0,916.0,43934.0,45766.0,44800.0,8.357859881184016,722,0,44700.0,6.27319748105093,720,0,44600.0,3.865840471723949,452,0,,,,,,,,,,,,
2026-09-15T00:14:05+08:00,2026-09-15T00:13:05+08:00,60.0,live,溫和偏空,mild_bear,-17.56311745334797,2026/09/14,00:13:41,45560.0,45562.0,45566.0,-8.0,217.0,0.47,23574,13,47416,2026/09/14,WTXOU6,175,,,44850.0,911.0,43939.0,45761.0,44800.0,8.55109668613857,722,0,44700.0,8.560221118802902,720,1,44600.0,3.9552201301340753,452,0,,,,,,,,,,,,
2026-09-15T00:15:05+08:00,2026-09-15T00:14:05+08:00,60.0,live,震盪,neutral,-6.553795740032768,2026/09/14,00:14:38,45557.0,45562.0,45565.0,-3.0,220.0,0.48,23583,9,47416,2026/09/14,WTXOU6,175,,,44850.0,915.5,43934.5,45765.5,44800.0,11.499609095903947,722,1,44700.0,6.473486021454639,720,0,44600.0,3.98926772678072,452,0,,,,,,,,,,,,
2026-09-15T00:16:05+08:00,2026-09-15T00:15:05+08:00,60.0,live,強勢偏多,strong_bull,100.0,2026/09/14,00:16:01,45610.0,45607.0,45612.0,53.0,167.0,0.36,23694,111,47416,2026/09/14,WTXOU6,175,,,44850.0,943.5,43906.5,45793.5,44800.0,9.55263528427791,722,3,44700.0,6.492246777185837,720,1,,,,,,,,,,,,,,,,
2026-09-15T00:17:05+08:00,2026-09-15T00:16:05+08:00,60.0,live,震盪,neutral,-6.413682522715125,2026/09/14,00:17:02,45607.0,45606.0,45608.0,-3.0,170.0,0.37,23730,36,47416,2026/09/14,WTXOU6,175,,,44850.0,935.5,43914.5,45785.5,44800.0,9.9687569810053,722,17,44700.0,6.065948415504847,720,1,,,,,,,,,,,,,,,,
2026-09-15T00:18:05+08:00,2026-09-15T00:17:05+08:00,60.0,live,溫和偏多,mild_bull,25.531914893617024,2026/09/14,00:18:02,45619.0,45617.0,45621.0,12.0,158.0,0.35,23757,27,47416,2026/09/14,WTXOU6,175,,,44850.0,940.0,43910.0,45790.0,44800.0,7.2245728672869785,722,0,44700.0,5.422581014401155,720,0,,,,,,,,,,,,,,,,
2026-09-15T00:19:05+08:00,2026-09-15T00:18:05+08:00,60.0,live,溫和偏空,mild_bear,-30.075187969924812,2026/09/14,00:18:46,45605.0,45606.0,45611.0,-14.0,172.0,0.38,23776,19,47416,2026/09/14,WTXOU6,175,,,44850.0,931.0,43919.0,45781.0,44800.0,10.025884372280375,722,2,44700.0,5.643880743719813,720,0,,,,,,,,,,,,,,,,
2026-09-15T00:20:05+08:00,2026-09-15T00:19:05+08:00,60.0,live,溫和偏多,mild_bull,19.323671497584545,2026/09/14,00:19:59,45614.0,45612.0,45617.0,9.0,163.0,0.36,23784,8,47416,2026/09/14,WTXOU6,175,,,44850.0,931.5,43918.5,45781.5,44800.0,9.771362367298849,722,2,44700.0,5.500602426373586,720,0,,,,,,,,,,,,,,,,
2026-09-15T00:21:05+08:00,2026-09-15T00:20:05+08:00,60.0,live,溫和偏空,mild_bear,-19.51219512195122,2026/09/14,00:20:57,45605.0,45605.0,45608.0,-9.0,172.0,0.38,23804,20,47416,2026/09/14,WTXOU6,175,,,44850.0,922.5,43927.5,45772.5,44800.0,10.025884372280375,722,8,44700.0,6.585658799815696,720,2,,,,,,,,,,,,,,,,
2026-09-15T00:22:05+08:00,2026-09-15T00:21:05+08:00,60.0,live,震盪,neutral,-13.050570962479608,2026/09/14,00:21:59,45599.0,45598.0,45602.0,-6.0,178.0,0.39,23810,6,47416,2026/09/14,WTXOU6,175,,,44850.0,919.5,43930.5,45769.5,44800.0,10.199238321415725,722,4,44700.0,5.7414670492309625,720,0,44600.0,3.538163074418019,452,0,,,,,,,,,,,,
2026-09-15T00:23:05+08:00,2026-09-15T00:22:05+08:00,60.0,live,震盪,neutral,2.182214948172395,2026/09/14,00:22:41,45600.0,45598.0,45600.0,1.0,177.0,0.39,23814,4,47416,2026/09/14,WTXOU6,175,,,44850.0,916.5,43933.5,45766.5,44800.0,7.627604422817013,722,0,44700.0,5.725086269918418,720,0,44600.0,4.9638839464909355,452,2,,,,,,,,,,,,
2026-09-15T00:24:05+08:00,2026-09-15T00:23:05+08:00,60.0,live,強勢偏多,strong_bull,63.291139240506325,2026/09/14,00:24:00,45630.0,45629.0,45631.0,30.0,147.0,0.32,23882,68,47416,2026/09/14,WTXOU6,175,,,44850.0,948.0,43902.0,45798.0,44800.0,9.334727772646485,722,3,44700.0,6.267311650760294,720,1,,,,,,,,,,,,,,,,
2026-09-15T00:25:05+08:00,2026-09-15T00:24:05+08:00,60.0,live,震盪,neutral,-2.1108179419525066,2026/09/14,00:24:53,45629.0,45629.0,45634.0,-1.0,148.0,0.32,23927,45,47416,2026/09/14,WTXOU6,175,,,44850.0,947.5,43902.5,45797.5,44800.0,9.361436560667693,722,3,44700.0,5.269842497324734,720,0,,,,,,,,,,,,,,,,
2026-09-15T00:26:05+08:00,2026-09-15T00:25:05+08:00,60.0,live,溫和偏空,mild_bear,-36.73469387755103,2026/09/14,00:25:58,45611.0,45608.0,45612.0,-18.0,166.0,0.36,23985,58,47416,2026/09/14,WTXOU6,175,,,44850.0,980.0,43870.0,45830.0,44850.0,8.95486097470598,494,3,44700.0,5.547953088679295,720,0,,,,,,,,,,,,,,,,
2026-09-15T00:27:05+08:00,2026-09-15T00:26:05+08:00,60.0,live,溫和偏空,mild_bear,-21.598272138228943,2026/09/14,00:27:03,45601.0,45600.0,45604.0,-10.0,176.0,0.38,23991,6,47416,2026/09/14,WTXOU6,175,,,44850.0,926.0,43924.0,45776.0,44800.0,7.605842370773141,722,0,44700.0,5.708752226035792,720,0,,,,,,,,,,,,,,,,
2026-09-15T00:28:05+08:00,2026-09-15T00:27:05+08:00,60.0,live,震盪,neutral,2.151694459386767,2026/09/14,00:27:55,45602.0,45605.0,45610.0,1.0,175.0,0.38,23997,6,47416,2026/09/14,WTXOU6,175,,,44850.0,929.5,43920.5,45779.5,44800.0,7.584142407280657,722,0,44700.0,5.692464784243857,720,0,,,,,,,,,,,,,,,,
2026-09-15T00:29:05+08:00,2026-09-15T00:28:05+08:00,60.0,live,震盪,neutral,-10.804970286331711,2026/09/14,00:28:57,45597.0,45596.0,45601.0,-5.0,180.0,0.39,24004,7,47416,2026/09/14,WTXOU6,175,,,44850.0,925.5,43924.5,45775.5,44800.0,7.693264889295129,722,0,44700.0,5.77436934941135,720,0,44600.0,3.5584390252444282,452,0,,,,,,,,,,,,
2026-09-15T00:30:05+08:00,2026-09-15T00:29:05+08:00,60.0,live,震盪,neutral,10.81081081081081,2026/09/14,00:29:59,45602.0,45596.0,45601.0,5.0,175.0,0.38,24012,8,47416,2026/09/14,WTXOU6,175,,,44850.0,925.0,43925.0,45775.0,44800.0,7.584142407280657,722,0,44700.0,5.692464784243857,720,0,,,,,,,,,,,,,,,,
2026-09-15T00:31:05+08:00,2026-09-15T00:30:05+08:00,60.0,live,震盪,neutral,-8.611410118406889,2026/09/14,00:31:01,45598.0,45600.0,45602.0,-4.0,179.0,0.39,24016,4,47416,2026/09/14,WTXOU6,175,,,44850.0,929.0,43921.0,45779.0,44800.0,7.67131550366531,722,0,44700.0,5.757894697694156,720,0,44600.0,3.5482865670190566,452,0,,,,,,,,,,,,
2026-09-15T00:32:05+08:00,2026-09-15T00:31:05+08:00,60.0,live,震盪,neutral,12.917115177610333,2026/09/14,00:31:59,45604.0,45602.0,45606.0,6.0,173.0,0.38,24124,108,47416,2026/09/14,WTXOU6,175,,,44850.0,929.0,43921.0,45779.0,44800.0,10.054570717179368,722,3,44700.0,6.750612308569353,720,1,,,,,,,,,,,,,,,,
2026-09-15T00:33:05+08:00,2026-09-15T00:32:05+08:00,60.0,live,震盪,neutral,8.55614973262032,2026/09/14,00:33:02,45608.0,45608.0,45613.0,4.0,169.0,0.37,24153,29,47416,2026/09/14,WTXOU6,175,,,44850.0,935.0,43915.0,45785.0,44800.0,7.455236601212138,722,0,44700.0,5.59571135819727,720,0,,,,,,,,,,,,,,,,
2026-09-15T00:34:05+08:00,2026-09-15T00:33:05+08:00,60.0,live,震盪,neutral,-6.434316353887399,2026/09/14,00:33:56,45605.0,45604.0,45609.0,-3.0,172.0,0.38,24160,7,47416,2026/09/14,WTXOU6,175,,,44850.0,932.5,43917.5,45782.5,44800.0,7.519413279210282,722,0,44700.0,5.643880743719813,720,0,,,,,,,,,,,,,,,,
2026-09-15T00:35:05+08:00,2026-09-15T00:34:05+08:00,60.0,live,溫和偏空,mild_bear,-25.93192868719611,2026/09/14,00:35:03,45593.0,45591.0,45595.0,-12.0,184.0,0.4,24174,14,47416,2026/09/14,WTXOU6,175,,,44850.0,925.5,43924.5,45775.5,44800.0,10.375589671135902,722,3,44700.0,5.8407406843395515,720,0,44600.0,3.5993401754956103,452,0,,,,,,,,,,,,
2026-09-15T00:36:05+08:00,2026-09-15T00:35:05+08:00,60.0,live,溫和偏空,mild_bear,-23.8353196099675,2026/09/14,00:35:39,45582.0,45586.0,45588.0,-11.0,195.0,0.43,24199,25,47416,2026/09/14,WTXOU6,175,,,44850.0,923.0,43927.0,45773.0,44800.0,10.706858010341993,722,6,44700.0,6.848409312182974,720,1,44600.0,4.331362400177244,452,1,,,,,,,,,,,,
2026-09-15T00:37:05+08:00,2026-09-15T00:36:05+08:00,60.0,live,震盪,neutral,12.994044396318355,2026/09/14,00:36:54,45588.0,45586.0,45591.0,6.0,189.0,0.41,24203,4,47416,2026/09/14,WTXOU6,175,,,44850.0,923.5,43926.5,45773.5,44800.0,10.524876174009473,722,15,44700.0,5.924778679151755,720,0,44600.0,3.6511283556842407,452,0,,,,,,,,,,,,
2026-09-15T00:38:05+08:00,2026-09-15T00:37:05+08:00,60.0,live,溫和偏多,mild_bull,28.10810810810811,2026/09/14,00:37:49,45601.0,45595.0,45600.0,13.0,176.0,0.38,24218,15,47416,2026/09/14,WTXOU6,175,,,44850.0,925.0,43925.0,45775.0,44800.0,9.39855660977636,722,1,44700.0,5.708752226035792,720,0,,,,,,,,,,,,,,,,
2026-09-15T00:39:05+08:00,2026-09-15T00:38:05+08:00,60.0,live,震盪,neutral,6.430868167202572,2026/09/14,00:38:49,45604.0,45601.0,45606.0,3.0,173.0,0.38,24227,9,47416,2026/09/14,WTXOU6,175,,,44850.0,933.0,43917.0,45783.0,44800.0,10.054570717179368,722,1,44700.0,7.548974571871194,720,1,,,,,,,,,,,,,,,,
2026-09-15T00:40:05+08:00,2026-09-15T00:39:05+08:00,60.0,live,溫和偏多,mild_bull,23.504273504273502,2026/09/14,00:39:47,45615.0,45608.0,45612.0,11.0,162.0,0.35,24236,9,47416,2026/09/14,WTXOU6,175,,,44850.0,936.0,43914.0,45786.0,44800.0,7.307613025696101,722,0,44700.0,5.484908849512505,720,0,,,,,,,,,,,,,,,,
2026-09-15T00:41:05+08:00,2026-09-15T00:40:05+08:00,60.0,live,震盪,neutral,-10.655301012253595,2026/09/14,00:40:59,45610.0,45609.0,45613.0,-5.0,167.0,0.36,24272,36,47416,2026/09/14,WTXOU6,175,,,44850.0,938.5,43911.5,45788.5,44800.0,7.412756735840537,722,0,44700.0,5.5638270495066635,720,0,,,,,,,,,,,,,,,,
2026-09-15T00:42:05+08:00,2026-09-15T00:41:05+08:00,60.0,live,溫和偏空,mild_bear,-21.401819154628143,2026/09/14,00:41:49,45600.0,45603.0,45608.0,-10.0,177.0,0.39,24291,19,47416,2026/09/14,WTXOU6,175,,,44850.0,934.5,43915.5,45784.5,44800.0,7.627604422817013,722,0,44700.0,7.63574344468762,720,1,44600.0,4.9638839464909355,452,1,,,,,,,,,,,,
2026-09-15T00:43:05+08:00,2026-09-15T00:42:05+08:00,60.0,live,溫和偏多,mild_bull,25.572722429408635,2026/09/14,00:43:00,45612.0,45608.0,45613.0,12.0,165.0,0.36,24305,14,47416,2026/09/14,WTXOU6,175,,,44850.0,938.5,43911.5,45788.5,44800.0,9.107766890136133,722,1,44700.0,5.532124417295703,720,0,,,,,,,,,,,,,,,,
2026-09-15T00:44:05+08:00,2026-09-15T00:43:05+08:00,60.0,live,溫和偏多,mild_bull,41.97271773347324,2026/09/14,00:43:54,45632.0,45630.0,45634.0,20.0,145.0,0.32,24332,27,47416,2026/09/14,WTXOU6,175,,,44850.0,953.0,43897.0,45803.0,44800.0,9.281538584928676,722,3,44700.0,5.224865452907348,720,0,,,,,,,,,,,,,,,,
2026-09-15T00:45:05+08:00,2026-09-15T00:44:05+08:00,60.0,live,強勢偏多,strong_bull,60.010346611484735,2026/09/14,00:45:03,45661.0,45656.0,45661.0,29.0,116.0,0.25,24500,168,47416,2026/09/14,WTXOU6,175,,,44850.0,966.5,43883.5,45816.5,44800.0,8.543495096732123,722,2,44700.0,5.944347185723399,720,1,,,,,,,,,,,,,,,,
2026-09-15T00:46:05+08:00,2026-09-15T00:45:05+08:00,60.0,live,溫和偏空,mild_bear,-18.681888946549037,2026/09/14,00:45:56,45652.0,45654.0,45658.0,-9.0,125.0,0.27,24539,39,47416,2026/09/14,WTXOU6,175,,,44850.0,963.5,43886.5,45813.5,44800.0,8.766033921906324,722,10,44700.0,4.934671916567183,720,0,,,,,,,,,,,,,,,,
2026-09-15T00:47:05+08:00,2026-09-15T00:46:05+08:00,60.0,live,震盪,neutral,-6.256517205422314,2026/09/14,00:46:56,45649.0,45644.0,45649.0,-3.0,128.0,0.28,24559,20,47416,2026/09/14,WTXOU6,175,,,44850.0,959.0,43891.0,45809.0,44850.0,8.033538427858707,494,3,44700.0,4.977150897122209,720,0,,,,,,,,,,,,,,,,
2026-09-15T00:48:05+08:00,2026-09-15T00:47:05+08:00,60.0,live,強勢偏多,strong_bull,100.0,2026/09/14,00:47:56,45701.0,45701.0,45706.0,52.0,76.0,0.17,24823,264,47416,2026/09/14,WTXOU6,175,,,44850.0,998.5,43851.5,45848.5,44800.0,7.325810747275899,722,5,,,,,,,,,,,,,,,,,,,,
2026-09-15T00:49:05+08:00,2026-09-15T00:48:05+08:00,60.0,live,強勢偏多,strong_bull,82.37547892720306,2026/09/14,00:49:02,45744.0,45740.0,45744.0,43.0,33.0,0.07,25031,208,47416,2026/09/14,WTXOU6,175,,,44850.0,1044.0,43806.0,45894.0,44800.0,6.739780306008266,722,9,,,,,,,,,,,,,,,,,,,,
2026-09-15T00:50:05+08:00,2026-09-15T00:49:05+08:00,60.0,live,溫和偏空,mild_bear,-25.084418716835504,2026/09/14,00:50:02,45731.0,45728.0,45732.0,-13.0,46.0,0.1,25094,63,47416,2026/09/14,WTXOU6,175,,,44850.0,1036.5,43813.5,45886.5,44800.0,6.9948221744655354,722,15,,,,,,,,,,,,,,,,,,,,
2026-09-15T00:51:05+08:00,2026-09-15T00:50:05+08:00,60.0,live,震盪,neutral,9.518143961927422,2026/09/14,00:50:38,45735.0,45725.0,45727.0,4.0,42.0,0.09,25133,39,47416,2026/09/14,WTXOU6,175,,,44850.0,840.5,44009.5,45690.5,44800.0,5.18650231431014,722,0,,,,,,,,,,,,,,,,,,,,
2026-09-15T00:52:05+08:00,2026-09-15T00:51:05+08:00,60.0,live,震盪,neutral,5.741626794258373,2026/09/14,00:52:00,45738.0,45732.0,45737.0,3.0,39.0,0.09,25156,23,47416,2026/09/14,WTXOU6,175,,,44850.0,1045.0,43805.0,45895.0,44800.0,6.856315415427791,722,5,,,,,,,,,,,,,,,,,,,,
2026-09-15T00:53:05+08:00,2026-09-15T00:52:05+08:00,60.0,live,震盪,neutral,-1.9147917663954046,2026/09/14,00:53:02,45737.0,45732.0,45737.0,-1.0,40.0,0.09,25185,29,47416,2026/09/14,WTXOU6,175,,,44850.0,1044.5,43805.5,45894.5,44800.0,5.156949674756678,722,0,,,,,,,,,,,,,,,,,,,,
2026-09-15T00:54:05+08:00,2026-09-15T00:53:05+08:00,60.0,live,溫和偏空,mild_bear,-31.777557100297916,2026/09/14,00:54:02,45721.0,45720.0,45725.0,-16.0,56.0,0.12,25203,18,47416,2026/09/14,WTXOU6,175,,,44850.0,1007.0,43843.0,45857.0,44800.0,7.197556652143666,722,2,,,,,,,,,,,,,,,,,,,,
2026-09-15T00:55:05+08:00,2026-09-15T00:54:05+08:00,60.0,live,震盪,neutral,-10.0,2026/09/14,00:55:02,45716.0,45712.0,45716.0,-5.0,61.0,0.13,25222,19,47416,2026/09/14,WTXOU6,175,,,44850.0,1000.0,43850.0,45850.0,44800.0,7.30111684446913,722,2,,,,,,,,,,,,,,,,,,,,
2026-09-15T00:56:05+08:00,2026-09-15T00:55:05+08:00,60.0,live,溫和偏多,mild_bull,15.984015984015986,2026/09/14,00:55:59,45724.0,45718.0,45723.0,8.0,53.0,0.12,25243,21,47416,2026/09/14,WTXOU6,175,,,44850.0,1001.0,43849.0,45851.0,44800.0,7.1361269556386056,722,8,,,,,,,,,,,,,,,,,,,,
2026-09-15T00:57:05+08:00,2026-09-15T00:56:05+08:00,60.0,live,震盪,neutral,-14.042126379137414,2026/09/14,00:56:40,45717.0,45713.0,45716.0,-7.0,60.0,0.13,25253,10,47416,2026/09/14,WTXOU6,175,,,44850.0,997.0,43853.0,45847.0,44800.0,7.280286282743559,722,4,,,,,,,,,,,,,,,,,,,,
2026-09-15T00:58:05+08:00,2026-09-15T00:57:05+08:00,60.0,live,溫和偏空,mild_bear,-38.481012658227854,2026/09/14,00:57:54,45698.0,45698.0,45703.0,-19.0,79.0,0.17,25274,21,47416,2026/09/14,WTXOU6,175,,,44850.0,987.5,43862.5,45837.5,44800.0,7.686425878694507,722,13,44700.0,5.020623241822159,720,3,,,,,,,,,,,,,,,,
2026-09-15T00:59:05+08:00,2026-09-15T00:58:05+08:00,60.0,live,震盪,neutral,-12.213740458015268,2026/09/14,00:59:03,45692.0,45692.0,45697.0,-6.0,85.0,0.19,25289,15,47416,2026/09/14,WTXOU6,175,,,44850.0,982.5,43867.5,45832.5,44800.0,5.864496821356587,722,0,44700.0,4.401742456844538,720,0,,,,,,,,,,,,,,,,
2026-09-15T01:00:05+08:00,2026-09-15T00:59:05+08:00,60.0,live,溫和偏多,mild_bull,34.153691612255145,2026/09/14,01:00:02,45709.0,45704.0,45709.0,17.0,68.0,0.15,25340,51,47416,2026/09/14,WTXOU6,175,,,44850.0,995.5,43854.5,45845.5,44800.0,5.586456891314493,722,0,,,,,,,,,,,,,,,,,,,,
2026-09-15T01:01:05+08:00,2026-09-15T01:00:05+08:00,60.0,live,震盪,neutral,12.012012012012013,2026/09/14,01:00:57,45715.0,45705.0,45710.0,6.0,62.0,0.14,25350,10,47416,2026/09/14,WTXOU6,175,,,44850.0,999.0,43851.0,45849.0,44800.0,5.4915052553918065,722,0,,,,,,,,,,,,,,,,,,,,
2026-09-15T01:02:05+08:00,2026-09-15T01:01:05+08:00,60.0,live,溫和偏空,mild_bear,-26.262626262626267,2026/09/14,01:01:43,45702.0,45694.0,45699.0,-13.0,75.0,0.16,25414,64,47416,2026/09/14,WTXOU6,175,,,44850.0,990.0,43860.0,45840.0,44800.0,5.699310806520752,722,0,,,,,,,,,,,,,,,,,,,,
2026-09-15T01:03:05+08:00,2026-09-15T01:02:05+08:00,60.0,live,溫和偏空,mild_bear,-22.289766970618036,2026/09/14,01:02:57,45691.0,45691.0,45695.0,-11.0,86.0,0.19,25438,24,47416,2026/09/14,WTXOU6,175,,,44850.0,987.0,43863.0,45837.0,44800.0,5.881276486095352,722,0,44700.0,4.414336847282822,720,0,,,,,,,,,,,,,,,,
2026-09-15T01:04:05+08:00,2026-09-15T01:03:05+08:00,60.0,live,溫和偏空,mild_bear,-32.68641470888662,2026/09/14,01:03:59,45675.0,45675.0,45679.0,-16.0,102.0,0.22,25465,27,47416,2026/09/14,WTXOU6,175,,,44850.0,979.0,43871.0,45829.0,44800.0,8.20849986238988,722,6,44700.0,4.620818731588043,720,0,,,,,,,,,,,,,,,,
2026-09-15T01:05:05+08:00,2026-09-15T01:04:05+08:00,60.0,live,震盪,neutral,4.1067761806981515,2026/09/14,01:04:55,45677.0,45675.0,45677.0,2.0,100.0,0.22,25471,6,47416,2026/09/14,WTXOU6,175,,,44850.0,974.0,43876.0,45824.0,44800.0,6.121295932732393,722,0,44700.0,4.59448935156642,720,0,,,,,,,,,,,,,,,,
2026-09-15T01:06:05+08:00,2026-09-15T01:05:05+08:00,60.0,live,震盪,neutral,4.089979550102249,2026/09/14,01:05:51,45679.0,45679.0,45683.0,2.0,98.0,0.21,25479,8,47416,2026/09/14,WTXOU6,175,,,44850.0,978.0,43872.0,45828.0,44800.0,7.520999057113043,722,1,44700.0,4.568309996095118,720,0,,,,,,,,,,,,,,,,
2026-09-15T01:07:05+08:00,2026-09-15T01:06:05+08:00,60.0,live,溫和偏多,mild_bull,22.47191011235955,2026/09/14,01:06:58,45690.0,45685.0,45688.0,11.0,87.0,0.19,25486,7,47416,2026/09/14,WTXOU6,175,,,44850.0,979.0,43871.0,45829.0,44800.0,5.898104161287074,722,0,44700.0,5.9043977229484845,720,1,,,,,,,,,,,,,,,,
2026-09-15T01:08:05+08:00,2026-09-15T01:07:05+08:00,60.0,live,溫和偏空,mild_bear,-24.539877300613494,2026/09/14,01:07:23,45678.0,45679.0,45683.0,-12.0,99.0,0.22,25496,10,47416,2026/09/14,WTXOU6,175,,,44850.0,978.0,43872.0,45828.0,44800.0,6.10383147688495,722,0,44700.0,6.110344559516275,720,1,,,,,,,,,,,,,,,,
2026-09-15T01:09:05+08:00,2026-09-15T01:08:05+08:00,60.0,live,震盪,neutral,6.160164271047227,2026/09/14,01:08:51,45681.0,45674.0,45679.0,3.0,96.0,0.21,25505,9,47416,2026/09/14,WTXOU6,175,,,44850.0,974.0,43876.0,45824.0,44850.0,7.3316200695296585,494,3,44700.0,6.0581939992673846,720,3,,,,,,,,,,,,,,,,
2026-09-15T01:10:05+08:00,2026-09-15T01:09:05+08:00,60.0,live,震盪,neutral,14.242115971515767,2026/09/14,01:09:55,45688.0,45681.0,45686.0,7.0,89.0,0.19,25529,24,47416,2026/09/14,WTXOU6,175,,,44850.0,983.0,43867.0,45833.0,44800.0,5.931904092897909,722,0,44700.0,4.452336643879127,720,0,,,,,,,,,,,,,,,,
2026-09-15T01:11:05+08:00,2026-09-15T01:10:05+08:00,60.0,live,震盪,neutral,0.0,2026/09/14,01:10:43,45688.0,45686.0,45689.0,0.0,89.0,0.19,25533,4,47416,2026/09/14,WTXOU6,175,,,44850.0,982.5,43867.5,45832.5,44800.0,5.931904092897909,722,0,44700.0,4.452336643879127,720,0,,,,,,,,,,,,,,,,
2026-09-15T01:12:05+08:00,2026-09-15T01:11:05+08:00,60.0,live,溫和偏多,mild_bull,26.236125126135214,2026/09/14,01:11:50,45701.0,45697.0,45701.0,13.0,76.0,0.17,25541,8,47416,2026/09/14,WTXOU6,175,,,44850.0,991.0,43859.0,45841.0,44850.0,6.924415563642248,494,1,44750.0,2.491195124425046,243,0,,,,,,,,,,,,,,,,
2026-09-15T01:13:05+08:00,2026-09-15T01:12:05+08:00,60.0,live,溫和偏多,mild_bull,16.016016016016017,2026/09/14,01:12:57,45709.0,45706.0,45710.0,8.0,68.0,0.15,25562,21,47416,2026/09/14,WTXOU6,175,,,44850.0,999.0,43851.0,45849.0,44850.0,6.767938331679151,494,1,44750.0,2.434899352779452,243,0,,,,,,,,,,,,,,,,
2026-09-15T01:14:05+08:00,2026-09-15T01:13:05+08:00,60.0,live,溫和偏空,mild_bear,-38.775510204081634,2026/09/14,01:13:57,45690.0,45687.0,45690.0,-19.0,87.0,0.19,25574,12,47416,2026/09/14,WTXOU6,175,,,44850.0,980.0,43870.0,45830.0,44800.0,7.8641388817161,722,1,44700.0,4.426967273148454,720,0,,,,,,,,,,,,,,,,
2026-09-15T01:15:05+08:00,2026-09-15T01:14:05+08:00,60.0,live,溫和偏空,mild_bear,-16.46937725167267,2026/09/14,01:14:55,45682.0,45678.0,45682.0,-8.0,95.0,0.21,25578,4,47416,2026/09/14,WTXOU6,175,,,44850.0,971.5,43878.5,45821.5,44800.0,6.034470506214934,722,0,44700.0,4.529320390293604,720,0,,,,,,,,,,,,,,,,
2026-09-15T01:16:05+08:00,2026-09-15T01:15:05+08:00,60.0,live,震盪,neutral,-10.29336078229542,2026/09/14,01:15:34,45677.0,45677.0,45680.0,-5.0,100.0,0.22,25586,8,47416,2026/09/14,WTXOU6,175,,,44850.0,971.5,43878.5,45821.5,44800.0,6.121295932732393,722,0,44700.0,4.59448935156642,720,0,,,,,,,,,,,,,,,,
2026-09-15T01:17:05+08:00,2026-09-15T01:16:05+08:00,60.0,live,溫和偏多,mild_bull,28.673835125448033,2026/09/14,01:16:37,45691.0,45681.0,45686.0,14.0,86.0,0.19,25602,16,47416,2026/09/14,WTXOU6,175,,,44850.0,976.5,43873.5,45826.5,44800.0,5.881276486095352,722,0,44700.0,4.414336847282822,720,0,,,,,,,,,,,,,,,,
2026-09-15T01:18:05+08:00,2026-09-15T01:17:05+08:00,60.0,live,溫和偏空,mild_bear,-35.08771929824561,2026/09/14,01:17:56,45674.0,45673.0,45676.0,-17.0,103.0,0.23,25619,17,47416,2026/09/14,WTXOU6,175,,,44850.0,969.0,43881.0,45819.0,44800.0,6.173989691364065,722,0,44700.0,4.634039949280974,720,0,,,,,,,,,,,,,,,,
2026-09-15T01:19:05+08:00,2026-09-15T01:18:05+08:00,60.0,live,溫和偏空,mild_bear,-26.956972524624156,2026/09/14,01:18:57,45661.0,45661.0,45664.0,-13.0,116.0,0.25,25659,40,47416,2026/09/14,WTXOU6,175,,,44850.0,964.5,43885.5,45814.5,44800.0,6.407621322549092,722,0,44700.0,4.809397921426841,720,0,,,,,,,,,,,,,,,,
2026-09-15T01:20:05+08:00,2026-09-15T01:19:05+08:00,60.0,live,震盪,neutral,8.294453084499743,2026/09/14,01:19:23,45665.0,45664.0,45668.0,4.0,112.0,0.24,25671,12,47416,2026/09/14,WTXOU6,175,,,44850.0,964.5,43885.5,45814.5,44800.0,6.334808231902507,722,0,44700.0,4.754746263786586,720,0,,,,,,,,,,,,,,,,
2026-09-15T01:21:05+08:00,2026-09-15T01:20:05+08:00,60.0,live,溫和偏多,mild_bull,41.08885464817668,2026/09/14,01:20:40,45685.0,45675.0,45680.0,20.0,92.0,0.2,25689,18,47416,2026/09/14,WTXOU6,175,,,44850.0,973.5,43876.5,45823.5,44850.0,7.248307106756664,494,1,44700.0,4.49066355292546,720,0,,,,,,,,,,,,,,,,
2026-09-15T01:22:05+08:00,2026-09-15T01:21:05+08:00,60.0,live,震盪,neutral,0.0,2026/09/14,01:20:40,45685.0,45671.0,45675.0,0.0,92.0,0.2,25689,0,47416,2026/09/14,WTXOU6,175,,,44850.0,972.0,43878.0,45822.0,44800.0,7.977290020974187,722,4,44700.0,4.49066355292546,720,0,,,,,,,,,,,,,,,,
2026-09-15T01:23:05+08:00,2026-09-15T01:22:05+08:00,60.0,live,震盪,neutral,-12.307692307692308,2026/09/14,01:22:55,45679.0,45672.0,45676.0,-6.0,98.0,0.21,25694,5,47416,2026/09/14,WTXOU6,175,,,44850.0,975.0,43875.0,45825.0,44800.0,6.086416848267129,722,0,44700.0,6.09291134864965,720,3,,,,,,,,,,,,,,,,
2026-09-15T01:24:05+08:00,2026-09-15T01:23:05+08:00,60.0,live,震盪,neutral,2.041858090862685,2026/09/14,01:23:27,45680.0,45676.0,45681.0,1.0,97.0,0.21,25696,2,47416,2026/09/14,WTXOU6,175,,,44850.0,979.5,43870.5,45829.5,44850.0,7.352597508942824,494,1,44700.0,4.555276310238237,720,0,,,,,,,,,,,,,,,,
2026-09-15T01:25:05+08:00,2026-09-15T01:24:05+08:00,60.0,live,震盪,neutral,8.15910249872514,2026/09/14,01:25:02,45684.0,45685.0,45688.0,4.0,93.0,0.2,25709,13,47416,2026/09/14,WTXOU6,175,,,44850.0,980.5,43869.5,45830.5,44800.0,8.00011486957644,722,2,44700.0,4.50351236692742,720,0,,,,,,,,,,,,,,,,
2026-09-15T01:26:05+08:00,2026-09-15T01:25:05+08:00,60.0,live,震盪,neutral,-12.295081967213113,2026/09/14,01:25:56,45678.0,45675.0,45680.0,-6.0,99.0,0.22,25725,16,47416,2026/09/14,WTXOU6,175,,,44850.0,976.0,43874.0,45826.0,44800.0,8.138441969179933,722,1,44700.0,4.581380974303866,720,0,,,,,,,,,,,,,,,,
2026-09-15T01:27:05+08:00,2026-09-15T01:26:05+08:00,60.0,live,溫和偏多,mild_bull,20.470829068577277,2026/09/14,01:26:46,45688.0,45682.0,45687.0,10.0,89.0,0.19,25729,4,47416,2026/09/14,WTXOU6,175,,,44850.0,977.0,43873.0,45827.0,44800.0,7.909205457197212,722,9,44700.0,4.452336643879127,720,0,,,,,,,,,,,,,,,,
2026-09-15T01:28:05+08:00,2026-09-15T01:27:05+08:00,60.0,live,震盪,neutral,0.0,2026/09/14,01:27:59,45688.0,45682.0,45687.0,0.0,89.0,0.19,25733,4,47416,2026/09/14,WTXOU6,175,,,44850.0,977.5,43872.5,45827.5,44800.0,7.909205457197212,722,1,44700.0,4.452336643879127,720,0,,,,,,,,,,,,,,,,
2026-09-15T01:29:05+08:00,2026-09-15T01:28:05+08:00,60.0,live,震盪,neutral,8.142493638676845,2026/09/14,01:28:46,45692.0,45690.0,45695.0,4.0,85.0,0.19,25744,11,47416,2026/09/14,WTXOU6,175,,,44850.0,982.5,43867.5,45832.5,44800.0,5.864496821356587,722,0,44700.0,4.401742456844538,720,0,,,,,,,,,,,,,,,,
2026-09-15T01:30:05+08:00,2026-09-15T01:29:05+08:00,60.0,live,溫和偏多,mild_bull,18.15431164901664,2026/09/14,01:30:00,45701.0,45694.0,45699.0,9.0,76.0,0.17,25765,21,47416,2026/09/14,WTXOU6,175,,,44850.0,991.5,43858.5,45841.5,44800.0,5.715617836345915,722,0,,,,,,,,,,,,,,,,,,,,
2026-09-15T01:31:05+08:00,2026-09-15T01:30:05+08:00,60.0,live,震盪,neutral,0.0,2026/09/14,01:31:00,45701.0,45699.0,45703.0,0.0,76.0,0.17,25789,24,47416,2026/09/14,WTXOU6,175,,,44850.0,997.0,43853.0,45847.0,44800.0,7.620823781794554,722,2,,,,,,,,,,,,,,,,,,,,
2026-09-15T01:32:05+08:00,2026-09-15T01:31:05+08:00,60.0,live,震盪,neutral,-8.101265822784812,2026/09/14,01:31:13,45697.0,45690.0,45694.0,-4.0,80.0,0.17,25816,27,47416,2026/09/14,WTXOU6,175,,,44850.0,987.5,43862.5,45837.5,44800.0,5.781313873918644,722,0,44700.0,5.787482814709532,720,2,,,,,,,,,,,,,,,,
2026-09-15T01:33:05+08:00,2026-09-15T01:32:05+08:00,60.0,live,溫和偏多,mild_bull,18.063221274460613,2026/09/14,01:33:01,45706.0,45700.0,45705.0,9.0,71.0,0.16,25871,55,47416,2026/09/14,WTXOU6,175,,,44850.0,996.5,43853.5,45846.5,44800.0,5.6345466119017775,722,0,,,,,,,,,,,,,,,,,,,,
2026-09-15T01:34:05+08:00,2026-09-15T01:33:05+08:00,60.0,live,溫和偏空,mild_bear,-26.409344845099035,2026/09/14,01:33:53,45693.0,45692.0,45697.0,-13.0,84.0,0.18,25887,16,47416,2026/09/14,WTXOU6,175,,,44850.0,984.5,43865.5,45834.5,44800.0,7.7970200401251,722,1,44700.0,4.38918399902218,720,0,,,,,,,,,,,,,,,,
2026-09-15T01:35:05+08:00,2026-09-15T01:34:05+08:00,60.0,live,震盪,neutral,14.14141414141414,2026/09/14,01:34:38,45700.0,45696.0,45701.0,7.0,77.0,0.17,25897,10,47416,2026/09/14,WTXOU6,175,,,44850.0,990.0,43860.0,45840.0,44800.0,7.642628699076807,722,1,44700.0,4.30227233274078,720,0,,,,,,,,,,,,,,,,
2026-09-15T01:36:05+08:00,2026-09-15T01:35:05+08:00,60.0,live,溫和偏空,mild_bear,-24.452368823229747,2026/09/14,01:35:50,45688.0,45687.0,45691.0,-12.0,89.0,0.19,25900,3,47416,2026/09/14,WTXOU6,175,,,44850.0,981.5,43868.5,45831.5,44800.0,7.909205457197212,722,1,44700.0,5.938233720716836,720,1,,,,,,,,,,,,,,,,
2026-09-15T01:37:05+08:00,2026-09-15T01:36:05+08:00,60.0,live,震盪,neutral,12.18274111675127,2026/09/14,01:36:56,45694.0,45694.0,45699.0,6.0,83.0,0.18,25908,8,47416,2026/09/14,WTXOU6,175,,,44850.0,985.0,43865.0,45835.0,44800.0,5.83108097572093,722,0,44700.0,4.3766613712976605,720,0,,,,,,,,,,,,,,,,
2026-09-15T01:38:05+08:00,2026-09-15T01:37:05+08:00,60.0,live,震盪,neutral,0.0,2026/09/14,01:36:56,45694.0,45700.0,45705.0,0.0,83.0,0.18,25908,0,47416,2026/09/14,WTXOU6,175,,,44850.0,992.5,43857.5,45842.5,44800.0,7.774774634294573,722,1,44700.0,4.3766613712976605,720,0,,,,,,,,,,,,,,,,
2026-09-15T01:39:05+08:00,2026-09-15T01:38:05+08:00,60.0,live,震盪,neutral,0.0,2026/09/14,01:36:56,45694.0,45701.0,45706.0,0.0,83.0,0.18,25908,0,47416,2026/09/14,WTXOU6,175,,,44850.0,995.0,43855.0,45845.0,44850.0,7.064298036929946,494,2,44700.0,4.3766613712976605,720,0,,,,,,,,,,,,,,,,
2026-09-15T01:40:05+08:00,2026-09-15T01:39:05+08:00,60.0,live,溫和偏多,mild_bull,28.18319073980876,2026/09/14,01:39:58,45708.0,45703.0,45708.0,14.0,69.0,0.15,25955,47,47416,2026/09/14,WTXOU6,175,,,44850.0,993.5,43856.5,45843.5,44850.0,6.78730294890678,494,1,44750.0,2.4418661559096875,243,0,,,,,,,,,,,,,,,,
2026-09-15T01:41:05+08:00,2026-09-15T01:40:05+08:00,60.0,live,震盪,neutral,-6.012024048096191,2026/09/14,01:40:47,45705.0,45708.0,45713.0,-3.0,72.0,0.16,25958,3,47416,2026/09/14,WTXOU6,175,,,44850.0,998.0,43852.0,45848.0,44800.0,5.6506683365753005,722,0,,,,,,,,,,,,,,,,,,,,
2026-09-15T01:42:05+08:00,2026-09-15T01:41:05+08:00,60.0,live,震盪,neutral,-6.057546693589096,2026/09/14,01:41:48,45702.0,45697.0,45701.0,-3.0,75.0,0.16,25965,7,47416,2026/09/14,WTXOU6,175,,,44850.0,990.5,43859.5,45840.5,44800.0,7.599081075361003,722,6,,,,,,,,,,,,,,,,,,,,
2026-09-15T01:43:05+08:00,2026-09-15T01:42:05+08:00,60.0,live,震盪,neutral,0.0,2026/09/14,01:42:52,45702.0,45697.0,45702.0,0.0,75.0,0.16,25976,11,47416,2026/09/14,WTXOU6,175,,,44850.0,989.5,43860.5,45839.5,44850.0,6.904659755197517,494,7,44750.0,2.4840875825358775,243,0,,,,,,,,,,,,,,,,
2026-09-15T01:44:05+08:00,2026-09-15T01:43:05+08:00,60.0,live,震盪,neutral,0.0,2026/09/14,01:42:52,45702.0,45705.0,45708.0,0.0,75.0,0.16,25976,0,47416,2026/09/14,WTXOU6,175,,,44850.0,994.0,43856.0,45844.0,44800.0,5.699310806520752,722,0,,,,,,,,,,,,,,,,,,,,
2026-09-15T01:45:05+08:00,2026-09-15T01:44:05+08:00,60.0,live,震盪,neutral,11.988011988011987,2026/09/14,01:44:52,45708.0,45708.0,45713.0,6.0,69.0,0.15,25992,16,47416,2026/09/14,WTXOU6,175,,,44850.0,1001.0,43849.0,45851.0,44800.0,5.602441020314694,722,0,,,,,,,,,,,,,,,,,,,,
2026-09-15T01:46:05+08:00,2026-09-15T01:45:05+08:00,60.0,live,震盪,neutral,11.958146487294469,2026/09/14,01:45:47,45714.0,45714.0,45719.0,6.0,63.0,0.14,26002,10,47416,2026/09/14,WTXOU6,175,,,44850.0,1003.5,43846.5,45853.5,44800.0,5.507217706076594,722,0,,,,,,,,,,,,,,,,,,,,
2026-09-15T01:47:05+08:00,2026-09-15T01:46:05+08:00,60.0,live,震盪,neutral,9.975062344139651,2026/09/14,01:46:58,45719.0,45715.0,45718.0,5.0,58.0,0.13,26009,7,47416,2026/09/14,WTXOU6,175,,,44850.0,1002.5,43847.5,45852.5,44800.0,7.238803282578631,722,6,,,,,,,,,,,,,,,,,,,,
2026-09-15T01:48:05+08:00,2026-09-15T01:47:05+08:00,60.0,live,震盪,neutral,-1.9900497512437811,2026/09/14,01:47:39,45718.0,45717.0,45722.0,-1.0,59.0,0.13,26014,5,47416,2026/09/14,WTXOU6,175,,,44850.0,1005.0,43845.0,45855.0,44800.0,5.444636363975137,722,0,,,,,,,,,,,,,,,,,,,,
2026-09-15T01:49:05+08:00,2026-09-15T01:48:05+08:00,60.0,live,震盪,neutral,0.0,2026/09/14,01:48:48,45718.0,45715.0,45720.0,0.0,59.0,0.13,26017,3,47416,2026/09/14,WTXOU6,175,,,44850.0,1002.0,43848.0,45852.0,44850.0,6.596124138555908,494,1,44750.0,2.3730858067434455,243,0,,,,,,,,,,,,,,,,
2026-09-15T01:50:05+08:00,2026-09-15T01:49:05+08:00,60.0,live,震盪,neutral,-1.9970044932601096,2026/09/14,01:49:34,45717.0,45716.0,45720.0,-1.0,60.0,0.13,26019,2,47416,2026/09/14,WTXOU6,175,,,44850.0,1001.5,43848.5,45851.5,44800.0,5.4602147120576685,722,0,,,,,,,,,,,,,,,,,,,,
2026-09-15T01:51:05+08:00,2026-09-15T01:50:05+08:00,60.0,live,震盪,neutral,0.0,2026/09/14,01:49:34,45717.0,45712.0,45716.0,0.0,60.0,0.13,26019,0,47416,2026/09/14,WTXOU6,175,,,44850.0,997.0,43853.0,45847.0,44800.0,6.747199661934512,722,1,,,,,,,,,,,,,,,,,,,,
2026-09-15T01:52:05+08:00,2026-09-15T01:51:05+08:00,60.0,live,震盪,neutral,5.997001499250374,2026/09/14,01:51:15,45720.0,45716.0,45720.0,3.0,57.0,0.12,26022,3,47416,2026/09/14,WTXOU6,175,,,44850.0,1000.5,43849.5,45850.5,44850.0,6.558539487609395,494,4,44750.0,2.359563986983986,243,0,,,,,,,,,,,,,,,,
2026-09-15T01:53:05+08:00,2026-09-15T01:52:05+08:00,60.0,live,溫和偏多,mild_bull,19.811788013868252,2026/09/14,01:52:54,45730.0,45729.0,45732.0,10.0,47.0,0.1,26060,38,47416,2026/09/14,WTXOU6,175,,,44850.0,1009.5,43840.5,45859.5,44800.0,7.014835958183076,722,2,,,,,,,,,,,,,,,,,,,,
2026-09-15T01:54:05+08:00,2026-09-15T01:53:05+08:00,60.0,live,震盪,neutral,-9.900990099009901,2026/09/14,01:53:46,45725.0,45725.0,45727.0,-5.0,52.0,0.11,26074,14,47416,2026/09/14,WTXOU6,175,,,44850.0,1010.0,43840.0,45860.0,44800.0,7.1157671208081945,722,1,,,,,,,,,,,,,,,,,,,,
2026-09-15T01:55:05+08:00,2026-09-15T01:54:05+08:00,60.0,live,震盪,neutral,11.88707280832095,2026/09/14,01:55:02,45731.0,45730.0,45733.0,6.0,46.0,0.1,26090,16,47416,2026/09/14,WTXOU6,175,,,44850.0,1009.5,43840.5,45859.5,44800.0,6.9948221744655354,722,1,,,,,,,,,,,,,,,,,,,,
2026-09-15T01:56:05+08:00,2026-09-15T01:55:05+08:00,60.0,live,震盪,neutral,0.0,2026/09/14,01:55:32,45731.0,45730.0,45733.0,0.0,46.0,0.1,26098,8,47416,2026/09/14,WTXOU6,175,,,44850.0,1012.5,43837.5,45862.5,44800.0,5.246116630849151,722,0,,,,,,,,,,,,,,,,,,,,
2026-09-15T01:57:05+08:00,2026-09-15T01:56:05+08:00,60.0,live,震盪,neutral,0.0,2026/09/14,01:56:51,45731.0,45732.0,45736.0,0.0,46.0,0.1,26107,9,47416,2026/09/14,WTXOU6,175,,,44850.0,1015.0,43835.0,45865.0,44800.0,5.246116630849151,722,0,,,,,,,,,,,,,,,,,,,,
2026-09-15T01:58:05+08:00,2026-09-15T01:57:05+08:00,60.0,live,震盪,neutral,-7.9247152055473,2026/09/14,01:57:59,45727.0,45727.0,45729.0,-4.0,50.0,0.11,26112,5,47416,2026/09/14,WTXOU6,175,,,44850.0,1009.5,43840.5,45859.5,44800.0,5.3064161619163865,722,0,,,,,,,,,,,,,,,,,,,,
2026-09-15T01:59:04+08:00,2026-09-15T01:58:05+08:00,59.0,live,震盪,neutral,-2.0060180541624875,2026/09/14,01:58:37,45726.0,45716.0,45720.0,-1.0,51.0,0.11,26113,1,47416,2026/09/14,WTXOU6,175,,,44850.0,997.0,43853.0,45847.0,44800.0,7.095465373912159,722,1,,,,,,,,,,,,,,,,,,,,
2026-09-15T02:00:05+08:00,2026-09-15T01:59:04+08:00,61.0,live,震盪,neutral,0.0,2026/09/14,01:58:37,45726.0,45715.0,45720.0,0.0,51.0,0.11,26113,0,47416,2026/09/14,WTXOU6,175,,,44850.0,997.5,43852.5,45847.5,44800.0,7.095465373912159,722,2,,,,,,,,,,,,,,,,,,,,
2026-09-15T02:01:05+08:00,2026-09-15T02:00:05+08:00,60.0,live,震盪,neutral,11.828486939379005,2026/09/14,02:00:52,45732.0,45737.0,45741.0,6.0,45.0,0.1,26275,162,47416,2026/09/14,WTXOU6,175,,,44850.0,1014.5,43835.5,45864.5,44800.0,6.103007304954018,722,1,,,,,,,,,,,,,,,,,,,,
2026-09-15T02:02:05+08:00,2026-09-15T02:01:05+08:00,60.0,live,震盪,neutral,-11.875309252845126,2026/09/14,02:01:56,45726.0,45729.0,45734.0,-6.0,51.0,0.11,26282,7,47416,2026/09/14,WTXOU6,175,,,44850.0,1010.5,43839.5,45860.5,44800.0,5.321599030434119,722,0,,,,,,,,,,,,,,,,,,,,
2026-09-15T02:03:05+08:00,2026-09-15T02:02:05+08:00,60.0,live,溫和偏多,mild_bull,23.762376237623762,2026/09/14,02:02:55,45738.0,45734.0,45737.0,12.0,39.0,0.09,26283,1,47416,2026/09/14,WTXOU6,175,,,44850.0,1010.0,43840.0,45860.0,44800.0,5.142236561570844,722,0,,,,,,,,,,,,,,,,,,,,
2026-09-15T02:04:05+08:00,2026-09-15T02:03:05+08:00,60.0,live,震盪,neutral,-5.982053838484545,2026/09/14,02:03:23,45735.0,45721.0,45726.0,-3.0,42.0,0.09,26287,4,47416,2026/09/14,WTXOU6,175,,,44850.0,1003.0,43847.0,45853.0,44800.0,6.915336419080186,722,1,,,,,,,,,,,,,,,,,,,,
2026-09-15T02:05:04+08:00,2026-09-15T02:04:05+08:00,59.0,live,震盪,neutral,0.0,2026/09/14,02:04:37,45735.0,45730.0,45734.0,0.0,42.0,0.09,26291,4,47416,2026/09/14,WTXOU6,175,,,44850.0,1007.5,43842.5,45857.5,44800.0,5.18650231431014,722,0,,,,,,,,,,,,,,,,,,,,
2026-09-15T02:06:04+08:00,2026-09-15T02:05:04+08:00,60.0,live,溫和偏空,mild_bear,-20.040080160320638,2026/09/14,02:05:56,45725.0,45722.0,45727.0,-10.0,52.0,0.11,26314,23,47416,2026/09/14,WTXOU6,175,,,44850.0,998.0,43852.0,45848.0,44800.0,5.336825340606146,722,0,,,,,,,,,,,,,,,,,,,,
2026-09-15T02:07:04+08:00,2026-09-15T02:06:04+08:00,60.0,live,震盪,neutral,1.9980019980019983,2026/09/14,02:07:00,45726.0,45723.0,45728.0,1.0,51.0,0.11,26326,12,47416,2026/09/14,WTXOU6,175,,,44850.0,1001.0,43849.0,45851.0,44800.0,6.575911950826026,722,2,,,,,,,,,,,,,,,,,,,,
2026-09-15T02:08:04+08:00,2026-09-15T02:07:04+08:00,60.0,live,震盪,neutral,7.90513833992095,2026/09/14,02:07:44,45730.0,45734.0,45737.0,4.0,47.0,0.1,26329,3,47416,2026/09/14,WTXOU6,175,,,44850.0,1012.0,43838.0,45862.0,44800.0,5.261126968637306,722,0,,,,,,,,,,,,,,,,,,,,
2026-09-15T02:09:05+08:00,2026-09-15T02:08:04+08:00,61.0,live,溫和偏多,mild_bull,34.582132564841494,2026/09/14,02:08:58,45748.0,45743.0,45746.0,18.0,29.0,0.06,26353,24,47416,2026/09/14,WTXOU6,175,,,44850.0,1041.0,43809.0,45891.0,44800.0,6.663192722308139,722,1,,,,,,,,,,,,,,,,,,,,
2026-09-15T02:10:05+08:00,2026-09-15T02:09:05+08:00,60.0,live,震盪,neutral,-13.520038628681796,2026/09/14,02:09:37,45741.0,45741.0,45744.0,-7.0,36.0,0.08,26357,4,47416,2026/09/14,WTXOU6,175,,,44850.0,1035.5,43814.5,45885.5,44800.0,5.098348608116467,722,0,,,,,,,,,,,,,,,,,,,,
2026-09-15T02:11:05+08:00,2026-09-15T02:10:05+08:00,60.0,live,溫和偏空,mild_bear,-17.901541521631028,2026/09/14,02:11:01,45732.0,45731.0,45735.0,-9.0,45.0,0.1,26372,15,47416,2026/09/14,WTXOU6,175,,,44850.0,1005.5,43844.5,45855.5,44800.0,5.231149118532016,722,0,,,,,,,,,,,,,,,,,,,,
2026-09-15T02:12:04+08:00,2026-09-15T02:11:05+08:00,59.0,live,溫和偏空,mild_bear,-18.09954751131222,2026/09/14,02:12:00,45723.0,45720.0,45724.0,-9.0,54.0,0.12,26381,9,47416,2026/09/14,WTXOU6,175,,,44850.0,994.5,43855.5,45844.5,44850.0,6.502563673911521,494,1,44750.0,2.3394255835493256,243,0,,,,,,,,,,,,,,,,
2026-09-15T02:13:04+08:00,2026-09-15T02:12:04+08:00,60.0,live,震盪,neutral,3.992015968063872,2026/09/14,02:12:59,45725.0,45725.0,45729.0,2.0,52.0,0.11,26390,9,47416,2026/09/14,WTXOU6,175,,,44850.0,1002.0,43848.0,45852.0,44800.0,5.336825340606146,722,0,,,,,,,,,,,,,,,,,,,,
2026-09-15T02:14:04+08:00,2026-09-15T02:13:04+08:00,60.0,live,震盪,neutral,1.9970044932601096,2026/09/14,02:14:01,45726.0,45727.0,45730.0,1.0,51.0,0.11,26392,2,47416,2026/09/14,WTXOU6,175,,,44850.0,1001.5,43848.5,45851.5,44800.0,5.321599030434119,722,0,,,,,,,,,,,,,,,,,,,,
2026-09-15T02:15:04+08:00,2026-09-15T02:14:04+08:00,60.0,live,強勢偏多,strong_bull,46.19826756496631,2026/09/14,02:14:56,45750.0,45746.0,45750.0,24.0,27.0,0.06,26412,20,47416,2026/09/14,WTXOU6,175,,,44850.0,1039.0,43811.0,45889.0,44800.0,4.968919436419625,722,0,,,,,,,,,,,,,,,,,,,,
2026-09-15T02:16:05+08:00,2026-09-15T02:15:04+08:00,61.0,live,震盪,neutral,-7.670182166826462,2026/09/14,02:15:35,45746.0,45752.0,45756.0,-4.0,31.0,0.07,26431,19,47416,2026/09/14,WTXOU6,175,,,44850.0,1043.0,43807.0,45893.0,44800.0,6.701377103622061,722,1,,,,,,,,,,,,,,,,,,,,
2026-09-15T02:17:05+08:00,2026-09-15T02:16:05+08:00,60.0,live,震盪,neutral,9.587727708533079,2026/09/14,02:17:00,45751.0,45749.0,45754.0,5.0,26.0,0.06,26437,6,47416,2026/09/14,WTXOU6,175,,,44850.0,1043.0,43807.0,45893.0,44800.0,6.606323714328299,722,3,,,,,,,,,,,,,,,,,,,,
2026-09-15T02:18:04+08:00,2026-09-15T02:17:05+08:00,59.0,live,震盪,neutral,-13.506994693680655,2026/09/14,02:17:51,45744.0,45741.0,45745.0,-7.0,33.0,0.07,26451,14,47416,2026/09/14,WTXOU6,175,,,44850.0,1036.5,43813.5,45886.5,44850.0,6.123883845463163,494,1,44750.0,2.2031880435463895,243,0,,,,,,,,,,,,,,,,
2026-09-15T02:19:04+08:00,2026-09-15T02:18:04+08:00,60.0,live,震盪,neutral,-1.9295706705258084,2026/09/14,02:18:11,45743.0,45742.0,45747.0,-1.0,34.0,0.07,26453,2,47416,2026/09/14,WTXOU6,175,,,44850.0,1036.5,43813.5,45886.5,44800.0,5.069298267520294,722,0,,,,,,,,,,,,,,,,,,,,
2026-09-15T02:20:04+08:00,2026-09-15T02:19:04+08:00,60.0,live,溫和偏多,mild_bull,15.333013895543846,2026/09/14,02:20:02,45751.0,45749.0,45754.0,8.0,26.0,0.06,26456,3,47416,2026/09/14,WTXOU6,175,,,44850.0,1043.5,43806.5,45893.5,44800.0,6.606323714328299,722,2,,,,,,,,,,,,,,,,,,,,
2026-09-15T02:21:05+08:00,2026-09-15T02:20:04+08:00,61.0,live,震盪,neutral,5.749880210828941,2026/09/14,02:21:02,45754.0,45749.0,45754.0,3.0,23.0,0.05,26462,6,47416,2026/09/14,WTXOU6,175,,,44850.0,1043.5,43806.5,45893.5,44800.0,4.912455053909009,722,0,,,,,,,,,,,,,,,,,,,,
2026-09-15T02:22:05+08:00,2026-09-15T02:21:05+08:00,60.0,live,震盪,neutral,-13.572467280659234,2026/09/14,02:21:40,45747.0,45739.0,45743.0,-7.0,30.0,0.07,26465,3,47416,2026/09/14,WTXOU6,175,,,44850.0,1031.5,43818.5,45881.5,44800.0,6.6822576384255745,722,1,,,,,,,,,,,,,,,,,,,,
2026-09-15T02:23:04+08:00,2026-09-15T02:22:05+08:00,59.0,live,溫和偏空,mild_bear,-36.82170542635659,2026/09/14,02:22:59,45728.0,45727.0,45731.0,-19.0,49.0,0.11,26473,8,47416,2026/09/14,WTXOU6,175,,,44850.0,1032.0,43818.0,45882.0,44850.0,6.410330285647234,494,1,44750.0,2.3062428022674433,243,0,,,,,,,,,,,,,,,,
2026-09-15T02:24:05+08:00,2026-09-15T02:23:04+08:00,61.0,live,震盪,neutral,-3.966286564204263,2026/09/14,02:23:26,45726.0,45727.0,45730.0,-2.0,51.0,0.11,26487,14,47416,2026/09/14,WTXOU6,175,,,44850.0,1008.5,43841.5,45858.5,44800.0,5.321599030434119,722,0,,,,,,,,,,,,,,,,,,,,
2026-09-15T02:25:04+08:00,2026-09-15T02:24:05+08:00,59.0,live,震盪,neutral,9.910802775024777,2026/09/14,02:24:42,45731.0,45726.0,45730.0,5.0,46.0,0.1,26490,3,47416,2026/09/14,WTXOU6,175,,,44850.0,1009.0,43841.0,45859.0,44800.0,5.246116630849151,722,0,,,,,,,,,,,,,,,,,,,,
2026-09-15T02:26:05+08:00,2026-09-15T02:25:04+08:00,61.0,live,震盪,neutral,-9.9601593625498,2026/09/14,02:25:39,45726.0,45722.0,45727.0,-5.0,51.0,0.11,26504,14,47416,2026/09/14,WTXOU6,175,,,44850.0,1004.0,43846.0,45854.0,44800.0,5.321599030434119,722,0,,,,,,,,,,,,,,,,,,,,
2026-09-15T02:27:05+08:00,2026-09-15T02:26:05+08:00,60.0,live,溫和偏空,mild_bear,-28.02802802802803,2026/09/14,02:26:35,45712.0,45715.0,45719.0,-14.0,65.0,0.14,26510,6,47416,2026/09/14,WTXOU6,175,,,44850.0,999.0,43851.0,45849.0,44800.0,5.5387776068075985,722,0,,,,,,,,,,,,,,,,,,,,
2026-09-15T02:28:04+08:00,2026-09-15T02:27:05+08:00,59.0,live,震盪,neutral,-10.11633788568538,2026/09/14,02:28:00,45707.0,45703.0,45707.0,-5.0,70.0,0.15,26527,17,47416,2026/09/14,WTXOU6,175,,,44850.0,988.5,43861.5,45838.5,44800.0,5.618470883558415,722,0,,,,,,,,,,,,,,,,,,,,
2026-09-15T02:29:04+08:00,2026-09-15T02:28:04+08:00,60.0,live,震盪,neutral,-4.044489383215369,2026/09/14,02:28:33,45705.0,45706.0,45710.0,-2.0,72.0,0.16,26531,4,47416,2026/09/14,WTXOU6,175,,,44850.0,989.0,43861.0,45839.0,44800.0,5.6506683365753005,722,0,,,,,,,,,,,,,,,,,,,,
2026-09-15T02:30:04+08:00,2026-09-15T02:29:04+08:00,60.0,live,溫和偏多,mild_bull,29.865604778496767,2026/09/14,02:30:02,45720.0,45719.0,45721.0,15.0,57.0,0.12,26550,19,47416,2026/09/14,WTXOU6,175,,,44850.0,1004.5,43845.5,45854.5,44800.0,5.413612879126732,722,0,,,,,,,,,,,,,,,,,,,,
2026-09-15T02:31:05+08:00,2026-09-15T02:30:04+08:00,61.0,live,震盪,neutral,13.93034825870647,2026/09/14,02:30:45,45727.0,45721.0,45725.0,7.0,50.0,0.11,26559,9,47416,2026/09/14,WTXOU6,175,,,44850.0,1005.0,43845.0,45855.0,44800.0,5.3064161619163865,722,0,,,,,,,,,,,,,,,,,,,,
2026-09-15T02:32:05+08:00,2026-09-15T02:31:05+08:00,60.0,live,震盪,neutral,-13.94422310756972,2026/09/14,02:31:43,45720.0,45719.0,45722.0,-7.0,57.0,0.12,26561,2,47416,2026/09/14,WTXOU6,175,,,44850.0,1004.0,43846.0,45854.0,44800.0,5.413612879126732,722,0,,,,,,,,,,,,,,,,,,,,
2026-09-15T02:33:04+08:00,2026-09-15T02:32:05+08:00,59.0,live,震盪,neutral,7.9681274900398416,2026/09/14,02:32:04,45724.0,45719.0,45723.0,4.0,53.0,0.12,26563,2,47416,2026/09/14,WTXOU6,175,,,44850.0,1004.0,43846.0,45854.0,44800.0,5.352095216728954,722,0,,,,,,,,,,,,,,,,,,,,
2026-09-15T02:34:04+08:00,2026-09-15T02:33:04+08:00,60.0,live,溫和偏多,mild_bull,19.305019305019304,2026/09/14,02:34:02,45734.0,45732.0,45737.0,10.0,43.0,0.09,26577,14,47416,2026/09/14,WTXOU6,175,,,44850.0,1036.0,43814.0,45886.0,44800.0,6.935122775898621,722,1,,,,,,,,,,,,,,,,,,,,
2026-09-15T02:35:04+08:00,2026-09-15T02:34:04+08:00,60.0,live,震盪,neutral,13.422818791946305,2026/09/14,02:34:41,45741.0,45732.0,45736.0,7.0,36.0,0.08,26581,4,47416,2026/09/14,WTXOU6,175,,,44850.0,1043.0,43807.0,45893.0,44800.0,5.098348608116467,722,0,,,,,,,,,,,,,,,,,,,,
2026-09-15T02:36:04+08:00,2026-09-15T02:35:04+08:00,60.0,live,震盪,neutral,1.9047619047619049,2026/09/14,02:36:01,45742.0,45738.0,45742.0,1.0,35.0,0.08,26584,3,47416,2026/09/14,WTXOU6,175,,,44850.0,1050.0,43800.0,45900.0,44800.0,5.083802687589214,722,0,,,,,,,,,,,,,,,,,,,,
2026-09-15T02:37:05+08:00,2026-09-15T02:36:04+08:00,61.0,live,震盪,neutral,-9.569377990430622,2026/09/14,02:36:32,45737.0,45739.0,45744.0,-5.0,40.0,0.09,26590,6,47416,2026/09/14,WTXOU6,175,,,44850.0,1045.0,43805.0,45895.0,44800.0,5.156949674756678,722,0,,,,,,,,,,,,,,,,,,,,
2026-09-15T02:38:04+08:00,2026-09-15T02:37:05+08:00,59.0,live,溫和偏多,mild_bull,24.70308788598575,2026/09/14,02:37:56,45750.0,45744.0,45748.0,13.0,27.0,0.06,26597,7,47416,2026/09/14,WTXOU6,175,,,44850.0,1052.5,43797.5,45902.5,44800.0,4.968919436419625,722,0,,,,,,,,,,,,,,,,,,,,
2026-09-15T02:39:04+08:00,2026-09-15T02:38:04+08:00,60.0,live,震盪,neutral,-7.6190476190476195,2026/09/14,02:38:26,45746.0,45741.0,45746.0,-4.0,31.0,0.07,26599,2,47416,2026/09/14,WTXOU6,175,,,44850.0,1050.0,43800.0,45900.0,44800.0,5.026032827716546,722,0,,,,,,,,,,,,,,,,,,,,
2026-09-15T02:40:05+08:00,2026-09-15T02:39:04+08:00,61.0,live,震盪,neutral,-11.510791366906476,2026/09/14,02:40:00,45740.0,45735.0,45739.0,-6.0,37.0,0.08,26625,26,47416,2026/09/14,WTXOU6,175,,,44850.0,1042.5,43807.5,45892.5,44800.0,5.112936147844347,722,0,,,,,,,,,,,,,,,,,,,,
2026-09-15T02:41:04+08:00,2026-09-15T02:40:05+08:00,59.0,live,震盪,neutral,0.0,2026/09/14,02:41:00,45740.0,45735.0,45740.0,0.0,37.0,0.08,26633,8,47416,2026/09/14,WTXOU6,175,,,44850.0,1017.5,43832.5,45867.5,44800.0,5.112936147844347,722,0,,,,,,,,,,,,,,,,,,,,
2026-09-15T02:42:05+08:00,2026-09-15T02:41:04+08:00,61.0,live,震盪,neutral,11.40142517814727,2026/09/14,02:41:56,45746.0,45743.0,45748.0,6.0,31.0,0.07,26642,9,47416,2026/09/14,WTXOU6,175,,,44850.0,1052.5,43797.5,45902.5,44800.0,5.026032827716546,722,0,,,,,,,,,,,,,,,,,,,,
2026-09-15T02:43:04+08:00,2026-09-15T02:42:05+08:00,59.0,live,震盪,neutral,1.9056693663649358,2026/09/14,02:42:17,45747.0,45742.0,45746.0,1.0,30.0,0.07,26643,1,47416,2026/09/14,WTXOU6,175,,,44850.0,1049.5,43800.5,45899.5,44800.0,5.011693228819181,722,0,,,,,,,,,,,,,,,,,,,,
2026-09-15T02:44:04+08:00,2026-09-15T02:43:04+08:00,60.0,live,震盪,neutral,0.0,2026/09/14,02:42:17,45747.0,45744.0,45748.0,0.0,30.0,0.07,26643,0,47416,2026/09/14,WTXOU6,175,,,44850.0,1052.5,43797.5,45902.5,44800.0,5.011693228819181,722,0,,,,,,,,,,,,,,,,,,,,
2026-09-15T02:45:04+08:00,2026-09-15T02:44:04+08:00,60.0,live,震盪,neutral,3.800475059382423,2026/09/14,02:44:55,45749.0,45745.0,45749.0,2.0,28.0,0.06,26645,2,47416,2026/09/14,WTXOU6,175,,,44850.0,1052.5,43797.5,45902.5,44800.0,4.983136649728265,722,0,,,,,,,,,,,,,,,,,,,,
2026-09-15T02:46:04+08:00,2026-09-15T02:45:04+08:00,60.0,live,震盪,neutral,0.0,2026/09/14,02:45:31,45749.0,45744.0,45748.0,0.0,28.0,0.06,26647,2,47416,2026/09/14,WTXOU6,175,,,44850.0,1052.0,43798.0,45902.0,44800.0,4.983136649728265,722,0,,,,,,,,,,,,,,,,,,,,
2026-09-15T02:47:04+08:00,2026-09-15T02:46:04+08:00,60.0,live,強勢偏空,strong_bear,-64.12825651302605,2026/09/14,02:46:58,45717.0,45716.0,45720.0,-32.0,60.0,0.13,26698,51,47416,2026/09/14,WTXOU6,175,,,44850.0,998.0,43852.0,45848.0,44800.0,5.4602147120576685,722,0,,,,,,,,,,,,,,,,,,,,
2026-09-15T02:48:04+08:00,2026-09-15T02:47:04+08:00,60.0,live,震盪,neutral,13.93034825870647,2026/09/14,02:47:49,45724.0,45725.0,45728.0,7.0,53.0,0.12,26735,37,47416,2026/09/14,WTXOU6,175,,,44850.0,1005.0,43845.0,45855.0,44800.0,5.352095216728954,722,0,,,,,,,,,,,,,,,,,,,,
2026-09-15T02:49:04+08:00,2026-09-15T02:48:04+08:00,60.0,live,溫和偏多,mild_bull,31.372549019607842,2026/09/14,02:48:58,45740.0,45738.0,45742.0,16.0,37.0,0.08,26746,11,47416,2026/09/14,WTXOU6,175,,,44850.0,1020.0,43830.0,45870.0,44800.0,5.112936147844347,722,0,,,,,,,,,,,,,,,,,,,,
2026-09-15T02:50:04+08:00,2026-09-15T02:49:04+08:00,60.0,live,震盪,neutral,5.89101620029455,2026/09/14,02:49:53,45743.0,45739.0,45744.0,3.0,34.0,0.07,26752,6,47416,2026/09/14,WTXOU6,175,,,44850.0,1018.5,43831.5,45868.5,44800.0,5.069298267520294,722,0,,,,,,,,,,,,,,,,,,,,
2026-09-15T02:51:04+08:00,2026-09-15T02:50:04+08:00,60.0,live,震盪,neutral,3.831417624521073,2026/09/14,02:50:30,45745.0,45739.0,45744.0,2.0,32.0,0.07,26761,9,47416,2026/09/14,WTXOU6,175,,,44850.0,1044.0,43806.0,45894.0,44800.0,5.040413455481231,722,0,,,,,,,,,,,,,,,,,,,,
2026-09-15T02:52:04+08:00,2026-09-15T02:51:04+08:00,60.0,live,溫和偏空,mild_bear,-19.821605550049554,2026/09/14,02:52:01,45735.0,45732.0,45734.0,-10.0,42.0,0.09,26767,6,47416,2026/09/14,WTXOU6,175,,,44850.0,1009.0,43841.0,45859.0,44850.0,6.283397241449532,494,1,44750.0,2.2605761351058016,243,0,,,,,,,,,,,,,,,,
2026-09-15T02:53:04+08:00,2026-09-15T02:52:04+08:00,60.0,live,震盪,neutral,11.521843494959194,2026/09/14,02:53:00,45741.0,45740.0,45745.0,6.0,36.0,0.08,26773,6,47416,2026/09/14,WTXOU6,175,,,44850.0,1041.5,43808.5,45891.5,44800.0,5.098348608116467,722,0,,,,,,,,,,,,,,,,,,,,
2026-09-15T02:54:04+08:00,2026-09-15T02:53:04+08:00,60.0,live,震盪,neutral,3.824091778202676,2026/09/14,02:54:02,45743.0,45742.0,45747.0,2.0,34.0,0.07,26778,5,47416,2026/09/14,WTXOU6,175,,,44850.0,1046.0,43804.0,45896.0,44800.0,5.069298267520294,722,0,,,,,,,,,,,,,,,,,,,,
2026-09-15T02:55:04+08:00,2026-09-15T02:54:04+08:00,60.0,live,震盪,neutral,0.0,2026/09/14,02:54:41,45743.0,45738.0,45742.0,0.0,34.0,0.07,26779,1,47416,2026/09/14,WTXOU6,175,,,44850.0,1014.0,43836.0,45864.0,44800.0,6.759064356693726,722,1,,,,,,,,,,,,,,,,,,,,
2026-09-15T02:56:04+08:00,2026-09-15T02:55:04+08:00,60.0,live,震盪,neutral,-9.861932938856016,2026/09/14,02:56:00,45738.0,45739.0,45743.0,-5.0,39.0,0.09,26781,2,47416,2026/09/14,WTXOU6,175,,,44850.0,1014.0,43836.0,45864.0,44800.0,5.142236561570844,722,0,,,,,,,,,,,,,,,,,,,,
2026-09-15T02:57:04+08:00,2026-09-15T02:56:04+08:00,60.0,live,震盪,neutral,11.521843494959194,2026/09/14,02:56:53,45744.0,45745.0,45748.0,6.0,33.0,0.07,26784,3,47416,2026/09/14,WTXOU6,175,,,44850.0,1041.5,43808.5,45891.5,44800.0,5.0548352295062,722,0,,,,,,,,,,,,,,,,,,,,
2026-09-15T02:58:04+08:00,2026-09-15T02:57:04+08:00,60.0,live,震盪,neutral,7.644529383659818,2026/09/14,02:58:01,45748.0,45744.0,45748.0,4.0,29.0,0.06,26788,4,47416,2026/09/14,WTXOU6,175,,,44850.0,1046.5,43803.5,45896.5,44800.0,6.663192722308139,722,2,,,,,,,,,,,,,,,,,,,,
2026-09-15T02:59:05+08:00,2026-09-15T02:58:04+08:00,61.0,live,震盪,neutral,-9.813542688910697,2026/09/14,02:58:56,45743.0,45743.0,45747.0,-5.0,34.0,0.07,26790,2,47416,2026/09/14,WTXOU6,175,,,44850.0,1019.0,43831.0,45869.0,44800.0,5.069298267520294,722,0,,,,,,,,,,,,,,,,,,,,
2026-09-15T03:00:04+08:00,2026-09-15T02:59:05+08:00,59.0,live,溫和偏多,mild_bull,17.102137767220903,2026/09/14,03:00:03,45752.0,45752.0,45756.0,9.0,25.0,0.05,26798,8,47416,2026/09/14,WTXOU6,175,,,44850.0,1052.5,43797.5,45902.5,44800.0,4.940606581980221,722,0,,,,,,,,,,,,,,,,,,,,
2026-09-15T03:01:04+08:00,2026-09-15T03:00:04+08:00,60.0,live,溫和偏空,mild_bear,-17.029328287606432,2026/09/14,03:00:50,45743.0,45750.0,45755.0,-9.0,34.0,0.07,26813,15,47416,2026/09/14,WTXOU6,175,,,44850.0,1057.0,43793.0,45907.0,44800.0,5.069298267520294,722,0,,,,,,,,,,,,,,,,,,,,
2026-09-15T03:02:04+08:00,2026-09-15T03:01:04+08:00,60.0,live,震盪,neutral,13.37153772683859,2026/09/14,03:01:51,45750.0,45746.0,45751.0,7.0,27.0,0.06,26821,8,47416,2026/09/14,WTXOU6,175,,,44850.0,1047.0,43803.0,45897.0,44800.0,6.625225915226167,722,15,,,,,,,,,,,,,,,,,,,,
2026-09-15T03:03:04+08:00,2026-09-15T03:02:04+08:00,60.0,live,溫和偏空,mild_bear,-29.71768202080238,2026/09/14,03:03:00,45735.0,45731.0,45736.0,-15.0,42.0,0.09,26824,3,47416,2026/09/14,WTXOU6,175,,,44850.0,1009.5,43840.5,45859.5,44800.0,6.915336419080186,722,6,,,,,,,,,,,,,,,,,,,,
2026-09-15T03:04:04+08:00,2026-09-15T03:03:04+08:00,60.0,live,震盪,neutral,0.0,2026/09/14,03:03:32,45735.0,45730.0,45734.0,0.0,42.0,0.09,26827,3,47416,2026/09/14,WTXOU6,175,,,44850.0,1008.5,43841.5,45858.5,44800.0,5.18650231431014,722,0,,,,,,,,,,,,,,,,,,,,
2026-09-15T03:05:04+08:00,2026-09-15T03:04:04+08:00,60.0,live,震盪,neutral,1.9772614928324272,2026/09/14,03:04:58,45736.0,45737.0,45742.0,1.0,41.0,0.09,26888,61,47416,2026/09/14,WTXOU6,175,,,44850.0,1011.5,43838.5,45861.5,44800.0,5.171704885519516,722,0,,,,,,,,,,,,,,,,,,,,
2026-09-15T03:06:04+08:00,2026-09-15T03:05:04+08:00,60.0,live,溫和偏空,mild_bear,-22.07727044656297,2026/09/14,03:05:55,45725.0,45718.0,45722.0,-11.0,52.0,0.11,26897,9,47416,2026/09/14,WTXOU6,175,,,44850.0,996.5,43853.5,45846.5,44800.0,5.336825340606146,722,0,,,,,,,,,,,,,,,,,,,,
2026-09-15T03:07:05+08:00,2026-09-15T03:06:04+08:00,61.0,live,溫和偏空,mild_bear,-42.79164544065206,2026/09/14,03:07:00,45704.0,45704.0,45708.0,-21.0,73.0,0.16,26911,14,47416,2026/09/14,WTXOU6,175,,,44850.0,981.5,43868.5,45831.5,44800.0,7.002522288267007,722,1,,,,,,,,,,,,,,,,,,,,
2026-09-15T03:08:04+08:00,2026-09-15T03:07:05+08:00,59.0,live,溫和偏空,mild_bear,-28.776978417266186,2026/09/14,03:08:02,45690.0,45689.0,45694.0,-14.0,87.0,0.19,26922,11,47416,2026/09/14,WTXOU6,175,,,44850.0,973.0,43877.0,45823.0,44800.0,5.898104161287074,722,0,44700.0,4.426967273148454,720,0,,,,,,,,,,,,,,,,
2026-09-15T03:09:04+08:00,2026-09-15T03:08:04+08:00,60.0,live,溫和偏多,mild_bull,34.500253678335866,2026/09/14,03:08:48,45707.0,45702.0,45707.0,17.0,70.0,0.15,26927,5,47416,2026/09/14,WTXOU6,175,,,44850.0,985.5,43864.5,45835.5,44800.0,5.618470883558415,722,0,,,,,,,,,,,,,,,,,,,,
2026-09-15T03:10:04+08:00,2026-09-15T03:09:04+08:00,60.0,live,震盪,neutral,8.044243338360985,2026/09/14,03:09:53,45711.0,45712.0,45717.0,4.0,66.0,0.14,26932,5,47416,2026/09/14,WTXOU6,175,,,44850.0,994.5,43855.5,45844.5,44800.0,5.554625314485838,722,0,,,,,,,,,,,,,,,,,,,,
2026-09-15T03:11:04+08:00,2026-09-15T03:10:04+08:00,60.0,live,震盪,neutral,4.034291477559254,2026/09/14,03:10:54,45713.0,45712.0,45716.0,2.0,64.0,0.14,26937,5,47416,2026/09/14,WTXOU6,175,,,44850.0,991.5,43858.5,45841.5,44800.0,5.522975113671195,722,0,,,,,,,,,,,,,,,,,,,,
2026-09-15T03:12:04+08:00,2026-09-15T03:11:04+08:00,60.0,live,溫和偏空,mild_bear,-24.316109422492403,2026/09/14,03:11:28,45701.0,45706.0,45710.0,-12.0,76.0,0.17,26955,18,47416,2026/09/14,WTXOU6,175,,,44850.0,987.0,43863.0,45837.0,44800.0,5.715617836345915,722,0,,,,,,,,,,,,,,,,,,,,
2026-09-15T03:13:04+08:00,2026-09-15T03:12:04+08:00,60.0,live,震盪,neutral,10.126582278481013,2026/09/14,03:12:55,45706.0,45706.0,45710.0,5.0,71.0,0.16,26957,2,47416,2026/09/14,WTXOU6,175,,,44850.0,987.5,43862.5,45837.5,44800.0,7.512728815869036,722,3,,,,,,,,,,,,,,,,,,,,
2026-09-15T03:14:04+08:00,2026-09-15T03:13:04+08:00,60.0,live,溫和偏空,mild_bear,-32.95571575695159,2026/09/14,03:13:50,45690.0,45689.0,45694.0,-16.0,87.0,0.19,26974,17,47416,2026/09/14,WTXOU6,175,,,44850.0,971.0,43879.0,45821.0,44800.0,5.898104161287074,722,0,44700.0,4.426967273148454,720,0,,,,,,,,,,,,,,,,
2026-09-15T03:15:04+08:00,2026-09-15T03:14:04+08:00,60.0,live,震盪,neutral,-4.108885464817668,2026/09/14,03:15:02,45688.0,45687.0,45692.0,-2.0,89.0,0.19,26987,13,47416,2026/09/14,WTXOU6,175,,,44850.0,973.5,43876.5,45823.5,44800.0,5.931904092897909,722,0,44700.0,4.452336643879127,720,0,,,,,,,,,,,,,,,,
2026-09-15T03:16:04+08:00,2026-09-15T03:15:04+08:00,60.0,live,溫和偏空,mild_bear,-20.629190304280556,2026/09/14,03:15:55,45678.0,45681.0,45685.0,-10.0,99.0,0.22,26999,12,47416,2026/09/14,WTXOU6,175,,,44850.0,969.5,43880.5,45819.5,44800.0,6.10383147688495,722,0,44700.0,6.110344559516275,720,1,,,,,,,,,,,,,,,,
2026-09-15T03:17:04+08:00,2026-09-15T03:16:04+08:00,60.0,live,震盪,neutral,8.251676121712222,2026/09/14,03:16:21,45682.0,45684.0,45689.0,4.0,95.0,0.21,27022,23,47416,2026/09/14,WTXOU6,175,,,44850.0,969.5,43880.5,45819.5,44800.0,6.034470506214934,722,0,44700.0,4.529320390293604,720,0,,,,,,,,,,,,,,,,
2026-09-15T03:18:04+08:00,2026-09-15T03:17:04+08:00,60.0,live,震盪,neutral,0.0,2026/09/14,03:16:21,45682.0,45683.0,45688.0,0.0,95.0,0.21,27022,0,47416,2026/09/14,WTXOU6,175,,,44850.0,969.5,43880.5,45819.5,44800.0,6.034470506214934,722,0,44700.0,4.529320390293604,720,0,,,,,,,,,,,,,,,,
2026-09-15T03:19:04+08:00,2026-09-15T03:18:04+08:00,60.0,live,震盪,neutral,0.0,2026/09/14,03:19:01,45682.0,45679.0,45682.0,0.0,95.0,0.21,27036,14,47416,2026/09/14,WTXOU6,175,,,44850.0,965.0,43885.0,45815.0,44800.0,6.034470506214934,722,0,44700.0,4.529320390293604,720,0,,,,,,,,,,,,,,,,
2026-09-15T03:20:04+08:00,2026-09-15T03:19:04+08:00,60.0,live,震盪,neutral,12.288786482334869,2026/09/14,03:19:44,45688.0,45688.0,45693.0,6.0,89.0,0.19,27046,10,47416,2026/09/14,WTXOU6,175,,,44850.0,976.5,43873.5,45826.5,44800.0,5.931904092897909,722,0,44700.0,4.452336643879127,720,0,,,,,,,,,,,,,,,,
2026-09-15T03:21:04+08:00,2026-09-15T03:20:04+08:00,60.0,live,震盪,neutral,2.0597322348094744,2026/09/14,03:20:37,45689.0,45680.0,45685.0,1.0,88.0,0.19,27061,15,47416,2026/09/14,WTXOU6,175,,,44850.0,971.0,43879.0,45821.0,44800.0,5.91497998430062,722,0,44700.0,4.439633837547026,720,0,,,,,,,,,,,,,,,,
2026-09-15T03:22:04+08:00,2026-09-15T03:21:04+08:00,60.0,live,震盪,neutral,-14.425553838227717,2026/09/14,03:21:42,45682.0,45677.0,45681.0,-7.0,95.0,0.21,27070,9,47416,2026/09/14,WTXOU6,175,,,44850.0,970.5,43879.5,45820.5,44800.0,6.034470506214934,722,0,44700.0,4.529320390293604,720,0,,,,,,,,,,,,,,,,
2026-09-15T03:23:05+08:00,2026-09-15T03:22:04+08:00,61.0,live,溫和偏空,mild_bear,-31.023784901758013,2026/09/14,03:22:50,45667.0,45664.0,45669.0,-15.0,110.0,0.24,27076,6,47416,2026/09/14,WTXOU6,175,,,44850.0,967.0,43883.0,45817.0,44850.0,6.9214442920450265,494,1,44700.0,4.72765376599397,720,0,,,,,,,,,,,,,,,,
2026-09-15T03:24:04+08:00,2026-09-15T03:23:05+08:00,59.0,live,震盪,neutral,-2.072538860103627,2026/09/14,03:23:56,45666.0,45664.0,45669.0,-1.0,111.0,0.24,27079,3,47416,2026/09/14,WTXOU6,175,,,44850.0,965.0,43885.0,45815.0,44800.0,6.316734611563963,722,0,44700.0,4.741180663119305,720,0,,,,,,,,,,,,,,,,
2026-09-15T03:25:04+08:00,2026-09-15T03:24:04+08:00,60.0,live,震盪,neutral,12.332990750256938,2026/09/14,03:24:54,45672.0,45672.0,45674.0,6.0,105.0,0.23,27100,21,47416,2026/09/14,WTXOU6,175,,,44850.0,973.0,43877.0,45823.0,44800.0,8.2791608327514,722,3,44700.0,5.558606786334848,720,1,,,,,,,,,,,,,,,,
2026-09-15T03:26:04+08:00,2026-09-15T03:25:04+08:00,60.0,live,震盪,neutral,10.256410256410255,2026/09/14,03:25:43,45677.0,45674.0,45679.0,5.0,100.0,0.22,27109,9,47416,2026/09/14,WTXOU6,175,,,44850.0,975.0,43875.0,45825.0,44800.0,6.121295932732393,722,0,44700.0,6.127827650780586,720,1,,,,,,,,,,,,,,,,
2026-09-15T03:27:04+08:00,2026-09-15T03:26:04+08:00,60.0,live,震盪,neutral,2.0682523267838677,2026/09/14,03:26:55,45678.0,45675.0,45678.0,1.0,99.0,0.22,27114,5,47416,2026/09/14,WTXOU6,175,,,44850.0,967.0,43883.0,45817.0,44800.0,6.10383147688495,722,0,44700.0,6.110344559516275,720,1,,,,,,,,,,,,,,,,
2026-09-15T03:28:04+08:00,2026-09-15T03:27:04+08:00,60.0,live,震盪,neutral,2.0671834625323,2026/09/14,03:27:42,45679.0,45676.0,45678.0,1.0,98.0,0.21,27115,1,47416,2026/09/14,WTXOU6,175,,,44850.0,967.5,43882.5,45817.5,44800.0,6.086416848267129,722,0,44700.0,4.568309996095118,720,0,,,,,,,,,,,,,,,,
2026-09-15T03:29:04+08:00,2026-09-15T03:28:04+08:00,60.0,live,震盪,neutral,-8.273009307135471,2026/09/14,03:28:05,45675.0,45676.0,45680.0,-4.0,102.0,0.22,27122,7,47416,2026/09/14,WTXOU6,175,,,44850.0,967.0,43883.0,45817.0,44800.0,6.156374896792411,722,0,44700.0,4.620818731588043,720,0,,,,,,,,,,,,,,,,
2026-09-15T03:30:04+08:00,2026-09-15T03:29:04+08:00,60.0,live,溫和偏空,mild_bear,-31.32648066568771,2026/09/14,03:30:00,45659.0,45662.0,45666.0,-16.0,118.0,0.26,27129,7,47416,2026/09/14,WTXOU6,175,,,44800.0,1021.5,43778.5,45821.5,44800.0,6.444341115310944,722,0,44700.0,4.836958865823256,720,0,,,,,,,,,,,,,,,,
2026-09-15T03:31:04+08:00,2026-09-15T03:30:04+08:00,60.0,live,震盪,neutral,-5.8679706601467,2026/09/14,03:30:59,45656.0,45653.0,45657.0,-3.0,121.0,0.26,27134,5,47416,2026/09/14,WTXOU6,175,,,44800.0,1022.5,43777.5,45822.5,44800.0,6.49981573359472,722,0,44700.0,4.878596706206716,720,0,,,,,,,,,,,,,,,,
2026-09-15T03:32:04+08:00,2026-09-15T03:31:04+08:00,60.0,live,震盪,neutral,0.0,2026/09/14,03:30:59,45656.0,45661.0,45665.0,0.0,121.0,0.26,27134,0,47416,2026/09/14,WTXOU6,175,,,44800.0,1023.5,43776.5,45823.5,44800.0,6.49981573359472,722,0,44700.0,4.878596706206716,720,0,,,,,,,,,,,,,,,,
2026-09-15T03:33:04+08:00,2026-09-15T03:32:04+08:00,60.0,live,震盪,neutral,-9.760858955588091,2026/09/14,03:32:52,45651.0,45651.0,45656.0,-5.0,126.0,0.28,27141,7,47416,2026/09/14,WTXOU6,175,,,44800.0,1024.5,43775.5,45824.5,44800.0,6.593336660206763,722,0,44700.0,4.948791139900082,720,0,,,,,,,,,,,,,,,,
2026-09-15T03:34:04+08:00,2026-09-15T03:33:04+08:00,60.0,live,溫和偏空,mild_bear,-27.27715538236727,2026/09/14,03:34:01,45637.0,45637.0,45642.0,-14.0,140.0,0.31,27161,20,47416,2026/09/14,WTXOU6,175,,,44800.0,1026.5,43773.5,45826.5,44800.0,6.862415833820855,722,0,44700.0,5.150755137635835,720,0,,,,,,,,,,,,,,,,
2026-09-15T03:35:04+08:00,2026-09-15T03:34:04+08:00,60.0,live,震盪,neutral,9.746588693957115,2026/09/14,03:35:01,45642.0,45640.0,45644.0,5.0,135.0,0.29,27170,9,47416,2026/09/14,WTXOU6,175,,,44800.0,1026.0,43774.0,45826.0,44800.0,6.765078245790587,722,0,44700.0,5.077696014759448,720,0,,,,,,,,,,,,,,,,
2026-09-15T03:36:04+08:00,2026-09-15T03:35:04+08:00,60.0,live,強勢偏空,strong_bear,-56.39280505590667,2026/09/14,03:36:02,45613.0,45614.0,45617.0,-29.0,164.0,0.36,27206,36,47416,2026/09/14,WTXOU6,175,,,44800.0,1028.5,43771.5,45828.5,44800.0,7.349490349960422,722,0,44700.0,5.51634090614216,720,0,,,,,,,,,,,,,,,,
2026-09-15T03:37:04+08:00,2026-09-15T03:36:04+08:00,60.0,live,震盪,neutral,-5.830903790087463,2026/09/14,03:37:01,45610.0,45610.0,45615.0,-3.0,167.0,0.36,27241,35,47416,2026/09/14,WTXOU6,175,,,44800.0,1029.0,43771.0,45829.0,44800.0,7.412756735840537,722,0,44700.0,5.5638270495066635,720,0,,,,,,,,,,,,,,,,
2026-09-15T03:38:04+08:00,2026-09-15T03:37:04+08:00,60.0,live,震盪,neutral,1.9408054342552161,2026/09/14,03:37:10,45611.0,45610.0,45614.0,1.0,166.0,0.36,27243,2,47416,2026/09/14,WTXOU6,175,,,44800.0,1030.5,43769.5,45830.5,44800.0,7.3916076582361265,722,0,44700.0,5.547953088679295,720,0,,,,,,,,,,,,,,,,
2026-09-15T03:39:04+08:00,2026-09-15T03:38:04+08:00,60.0,live,震盪,neutral,0.0,2026/09/14,03:39:01,45611.0,45604.0,45609.0,0.0,166.0,0.36,27251,8,47416,2026/09/14,WTXOU6,175,,,44800.0,1031.0,43769.0,45831.0,44800.0,7.3916076582361265,722,0,44700.0,5.547953088679295,720,0,,,,,,,,,,,,,,,,
2026-09-15T03:40:04+08:00,2026-09-15T03:39:04+08:00,60.0,live,震盪,neutral,-7.751937984496124,2026/09/14,03:40:02,45607.0,45607.0,45611.0,-4.0,170.0,0.37,27262,11,47416,2026/09/14,WTXOU6,175,,,44800.0,1032.0,43768.0,45832.0,44800.0,7.476567735753974,722,0,44700.0,7.484545594193559,720,5,,,,,,,,,,,,,,,,
2026-09-15T03:41:04+08:00,2026-09-15T03:40:04+08:00,60.0,live,溫和偏多,mild_bull,25.24271844660194,2026/09/14,03:40:28,45620.0,45621.0,45625.0,13.0,157.0,0.34,27286,24,47416,2026/09/14,WTXOU6,175,,,44800.0,1030.0,43770.0,45830.0,44850.0,8.435083476742095,494,4,44700.0,7.211647664083907,720,5,,,,,,,,,,,,,,,,
2026-09-15T03:42:04+08:00,2026-09-15T03:41:04+08:00,60.0,live,震盪,neutral,-11.656143759106364,2026/09/14,03:41:21,45614.0,45620.0,45625.0,-6.0,163.0,0.36,27308,22,47416,2026/09/14,WTXOU6,175,,,44800.0,1029.5,43770.5,45829.5,44850.0,8.878433039712604,494,1,44700.0,5.500602426373586,720,0,,,,,,,,,,,,,,,,
2026-09-15T03:43:04+08:00,2026-09-15T03:42:04+08:00,60.0,live,震盪,neutral,3.887269193391643,2026/09/14,03:42:55,45616.0,45615.0,45620.0,2.0,161.0,0.35,27312,4,47416,2026/09/14,WTXOU6,175,,,44800.0,1029.0,43771.0,45829.0,44800.0,7.286763929942533,722,0,44700.0,5.469260047448005,720,0,,,,,,,,,,,,,,,,
2026-09-15T03:44:04+08:00,2026-09-15T03:43:04+08:00,60.0,live,震盪,neutral,1.9342359767891684,2026/09/14,03:43:38,45617.0,45609.0,45614.0,1.0,160.0,0.35,27314,2,47416,2026/09/14,WTXOU6,175,,,44800.0,1034.0,43766.0,45834.0,44800.0,7.265974318016611,722,0,44700.0,5.45365589243467,720,0,,,,,,,,,,,,,,,,
2026-09-15T03:45:04+08:00,2026-09-15T03:44:04+08:00,60.0,live,溫和偏空,mild_bear,-23.199613339777674,2026/09/14,03:45:01,45605.0,45605.0,45609.0,-12.0,172.0,0.38,27315,1,47416,2026/09/14,WTXOU6,175,,,44800.0,1034.5,43765.5,45834.5,44800.0,10.025884372280375,722,2,44700.0,6.975756043395981,720,1,,,,,,,,,,,,,,,,
2026-09-15T03:46:04+08:00,2026-09-15T03:45:04+08:00,60.0,live,震盪,neutral,-11.599806669888837,2026/09/14,03:45:56,45599.0,45600.0,45604.0,-6.0,178.0,0.39,27349,34,47416,2026/09/14,WTXOU6,175,,,44800.0,1034.5,43765.5,45834.5,44800.0,7.649428741061794,722,0,44700.0,5.7414670492309625,720,0,44600.0,3.538163074418019,452,0,,,,,,,,,,,,
2026-09-15T03:47:04+08:00,2026-09-15T03:46:04+08:00,60.0,live,溫和偏空,mild_bear,-17.399710004833253,2026/09/14,03:46:56,45590.0,45592.0,45597.0,-9.0,187.0,0.41,27364,15,47416,2026/09/14,WTXOU6,175,,,44800.0,1034.5,43765.5,45834.5,44800.0,7.848679149239683,722,0,44700.0,5.891019348078884,720,0,44600.0,3.6303242619578686,452,0,,,,,,,,,,,,
2026-09-15T03:48:04+08:00,2026-09-15T03:47:04+08:00,60.0,live,溫和偏多,mild_bull,30.947775628626694,2026/09/14,03:47:56,45606.0,45602.0,45606.0,16.0,171.0,0.37,27374,10,47416,2026/09/14,WTXOU6,175,,,44800.0,1034.0,43766.0,45834.0,44800.0,7.497959903543334,722,0,44700.0,5.6277783844906395,720,0,,,,,,,,,,,,,,,,
2026-09-15T03:49:04+08:00,2026-09-15T03:48:04+08:00,60.0,live,溫和偏空,mild_bear,-17.408123791102515,2026/09/14,03:48:36,45597.0,45608.0,45612.0,-9.0,180.0,0.39,27376,2,47416,2026/09/14,WTXOU6,175,,,44800.0,1034.0,43766.0,45834.0,44800.0,7.693264889295129,722,0,44700.0,5.77436934941135,720,0,44600.0,5.006614392041421,452,2,,,,,,,,,,,,
2026-09-15T03:50:04+08:00,2026-09-15T03:49:04+08:00,60.0,live,溫和偏多,mild_bull,17.408123791102515,2026/09/14,03:50:01,45606.0,45601.0,45605.0,9.0,171.0,0.37,27422,46,47416,2026/09/14,WTXOU6,175,,,44800.0,1034.0,43766.0,45834.0,44800.0,7.497959903543334,722,0,44700.0,5.6277783844906395,720,0,,,,,,,,,,,,,,,,
2026-09-15T03:51:04+08:00,2026-09-15T03:50:04+08:00,60.0,live,強勢偏空,strong_bear,-88.76025084418717,2026/09/14,03:50:57,45560.0,45568.0,45570.0,-46.0,217.0,0.47,27500,78,47416,2026/09/14,WTXOU6,175,,,44800.0,1036.5,43763.5,45836.5,44800.0,8.55109668613857,722,0,44700.0,8.560221118802902,720,2,44600.0,3.9552201301340753,452,0,,,,,,,,,,,,
2026-09-15T03:52:04+08:00,2026-09-15T03:51:04+08:00,60.0,live,溫和偏多,mild_bull,28.971511347175277,2026/09/14,03:51:58,45575.0,45581.0,45585.0,15.0,202.0,0.44,27521,21,47416,2026/09/14,WTXOU6,175,,,44800.0,1035.5,43764.5,45835.5,44800.0,8.192363167220329,722,0,44700.0,8.201104813914872,720,1,44600.0,3.789291701599376,452,0,,,,,,,,,,,,
2026-09-15T03:53:04+08:00,2026-09-15T03:52:04+08:00,60.0,live,震盪,neutral,-5.794302269435055,2026/09/14,03:52:49,45572.0,45572.0,45576.0,-3.0,205.0,0.45,27528,7,47416,2026/09/14,WTXOU6,175,,,44800.0,1035.5,43764.5,45835.5,44800.0,8.26288522857799,722,0,44700.0,6.201911917526091,720,0,44600.0,3.8219109417902275,452,0,,,,,,,,,,,,
2026-09-15T03:54:04+08:00,2026-09-15T03:53:04+08:00,60.0,live,溫和偏空,mild_bear,-15.45147271849348,2026/09/14,03:53:32,45564.0,45574.0,45578.0,-8.0,213.0,0.47,27532,4,47416,2026/09/14,WTXOU6,175,,,44800.0,1035.5,43764.5,45835.5,44850.0,10.241849564132625,494,1,44700.0,6.345302409899663,720,0,44600.0,3.9102749332559164,452,0,,,,,,,,,,,,
2026-09-15T03:55:04+08:00,2026-09-15T03:54:04+08:00,60.0,live,溫和偏多,mild_bull,19.361084220716357,2026/09/14,03:55:02,45574.0,45567.0,45572.0,10.0,203.0,0.44,27551,19,47416,2026/09/14,WTXOU6,175,,,44800.0,1033.0,43767.0,45833.0,44800.0,8.215803389212365,722,0,44700.0,6.16657348396649,720,0,44600.0,3.8001337305554967,452,0,,,,,,,,,,,,
2026-09-15T03:56:04+08:00,2026-09-15T03:55:04+08:00,60.0,live,溫和偏空,mild_bear,-19.35171746492501,2026/09/14,03:55:48,45564.0,45553.0,45558.0,-10.0,213.0,0.47,27568,17,47416,2026/09/14,WTXOU6,175,,,44800.0,1033.5,43766.5,45833.5,44800.0,8.45392618451351,722,0,44700.0,6.345302409899663,720,0,44600.0,3.9102749332559164,452,0,,,,,,,,,,,,
2026-09-15T03:57:04+08:00,2026-09-15T03:56:04+08:00,60.0,live,震盪,neutral,-13.520038628681796,2026/09/14,03:56:22,45557.0,45557.0,45560.0,-7.0,220.0,0.48,27579,11,47416,2026/09/14,WTXOU6,175,,,44800.0,1035.5,43764.5,45835.5,44800.0,8.62470682192796,722,0,44700.0,6.473486021454639,720,0,44600.0,3.98926772678072,452,0,,,,,,,,,,,,
2026-09-15T03:58:04+08:00,2026-09-15T03:57:04+08:00,60.0,live,震盪,neutral,5.7915057915057915,2026/09/14,03:58:01,45560.0,45555.0,45558.0,3.0,217.0,0.47,27604,25,47416,2026/09/14,WTXOU6,175,,,44800.0,1036.0,43764.0,45836.0,44800.0,8.55109668613857,722,0,44700.0,6.418236121961416,720,0,44600.0,3.9552201301340753,452,0,,,,,,,,,,,,
2026-09-15T03:59:04+08:00,2026-09-15T03:58:04+08:00,60.0,live,震盪,neutral,-3.86286817962337,2026/09/14,03:59:00,45558.0,45556.0,45559.0,-2.0,219.0,0.48,27612,8,47416,2026/09/14,WTXOU6,175,,,44800.0,1035.5,43764.5,45835.5,44800.0,8.6000999718191,722,0,44700.0,6.45501674435333,720,0,44600.0,5.596763521273935,452,1,,,,,,,,,,,,
2026-09-15T04:00:04+08:00,2026-09-15T03:59:04+08:00,60.0,live,溫和偏空,mild_bear,-29.1970802919708,2026/09/14,04:00:01,45541.0,45541.0,45546.0,-17.0,236.0,0.52,27721,109,47416,2026/09/14,WTXOU6,175,,,44500.0,1164.5,43335.5,45664.5,44800.0,9.02812998100744,722,0,44700.0,6.776285204656123,720,0,44600.0,5.87531641592466,452,1,,,,,,,,,,,,
2026-09-15T04:01:04+08:00,2026-09-15T04:00:04+08:00,60.0,live,溫和偏空,mild_bear,-34.79773814702044,2026/09/14,04:00:45,45521.0,45520.0,45524.0,-20.0,256.0,0.56,27813,92,47416,2026/09/14,WTXOU6,175,,,44500.0,1149.5,43350.5,45649.5,44800.0,9.559047742111556,722,0,44700.0,7.174778599969151,720,0,44600.0,4.421437324618228,452,0,,,,,,,,,,,,
2026-09-15T04:02:04+08:00,2026-09-15T04:01:04+08:00,60.0,live,震盪,neutral,-5.231037489102006,2026/09/14,04:02:00,45518.0,45516.0,45520.0,-3.0,259.0,0.57,27895,82,47416,2026/09/14,WTXOU6,175,,,44500.0,1147.0,43353.0,45647.0,44800.0,12.515825196462853,722,4,44700.0,8.763972574042484,720,2,44600.0,4.459498244029539,452,0,,,,,,,,,,,,
2026-09-15T04:03:04+08:00,2026-09-15T04:02:04+08:00,60.0,live,震盪,neutral,-12.411347517730496,2026/09/14,04:02:41,45511.0,45506.0,45510.0,-7.0,266.0,0.58,27929,34,47416,2026/09/14,WTXOU6,175,,,44500.0,1128.0,43372.0,45628.0,44800.0,9.836102469560055,722,0,44700.0,7.382728845971236,720,0,44600.0,4.549586084405899,452,0,,,,,,,,,,,,
2026-09-15T04:04:04+08:00,2026-09-15T04:03:04+08:00,60.0,live,震盪,neutral,-5.253940455341506,2026/09/14,04:03:12,45508.0,45515.0,45519.0,-3.0,269.0,0.59,27950,21,47416,2026/09/14,WTXOU6,175,,,44500.0,1142.0,43358.0,45642.0,44800.0,9.92077428008892,722,0,44700.0,9.931360224818496,720,1,44600.0,4.588750142742594,452,0,,,,,,,,,,,,
2026-09-15T04:05:04+08:00,2026-09-15T04:04:04+08:00,60.0,live,溫和偏多,mild_bull,17.76198934280639,2026/09/14,04:04:20,45518.0,45514.0,45517.0,10.0,259.0,0.57,27956,6,47416,2026/09/14,WTXOU6,175,,,44500.0,1126.0,43374.0,45626.0,44800.0,9.641334591172068,722,0,44700.0,7.236541020204519,720,0,44600.0,4.459498244029539,452,0,,,,,,,,,,,,
2026-09-15T04:06:04+08:00,2026-09-15T04:05:04+08:00,60.0,live,震盪,neutral,-8.768084173608067,2026/09/14,04:06:00,45513.0,45510.0,45514.0,-5.0,264.0,0.58,27961,5,47416,2026/09/14,WTXOU6,175,,,44500.0,1140.5,43359.5,45640.5,44800.0,13.040075271618573,722,1,44700.0,7.340662129081138,720,0,44600.0,4.523662587312508,452,0,,,,,,,,,,,,
2026-09-15T04:07:04+08:00,2026-09-15T04:06:04+08:00,60.0,live,震盪,neutral,-5.330964015992892,2026/09/14,04:06:22,45510.0,45510.0,45513.0,-3.0,267.0,0.58,27966,5,47416,2026/09/14,WTXOU6,175,,,44500.0,1125.5,43374.5,45625.5,44800.0,13.152327740124015,722,1,44700.0,7.403852519266016,720,0,44600.0,4.562603489227142,452,0,,,,,,,,,,,,
2026-09-15T04:08:04+08:00,2026-09-15T04:07:04+08:00,60.0,live,溫和偏多,mild_bull,21.043402016659357,2026/09/14,04:07:52,45522.0,45518.0,45523.0,12.0,255.0,0.56,27975,9,47416,2026/09/14,WTXOU6,175,,,44500.0,1140.5,43359.5,45640.5,44800.0,9.531775156523429,722,0,44700.0,7.154308489480892,720,0,44600.0,4.4088226760558005,452,0,,,,,,,,,,,,
2026-09-15T04:09:04+08:00,2026-09-15T04:08:04+08:00,60.0,live,震盪,neutral,-10.7095046854083,2026/09/14,04:08:59,45516.0,45517.0,45519.0,-6.0,261.0,0.57,27976,1,47416,2026/09/14,WTXOU6,175,,,44500.0,1120.5,43379.5,45620.5,44800.0,9.696585641493915,722,0,44700.0,7.2780110561505325,720,0,44600.0,4.48505403815338,452,0,,,,,,,,,,,,
2026-09-15T04:10:04+08:00,2026-09-15T04:09:04+08:00,60.0,live,震盪,neutral,-5.260850504164839,2026/09/14,04:09:41,45513.0,45513.0,45518.0,-3.0,264.0,0.58,27985,9,47416,2026/09/14,WTXOU6,175,,,44500.0,1140.5,43359.5,45640.5,44800.0,13.040075271618573,722,1,44700.0,7.340662129081138,720,0,44600.0,4.523662587312508,452,0,,,,,,,,,,,,
2026-09-15T04:11:04+08:00,2026-09-15T04:10:04+08:00,60.0,live,震盪,neutral,5.260850504164839,2026/09/14,04:10:46,45516.0,45517.0,45522.0,3.0,261.0,0.57,27987,2,47416,2026/09/14,WTXOU6,175,,,44500.0,1140.5,43359.5,45640.5,44800.0,12.92878085532522,722,1,44700.0,7.2780110561505325,720,0,44600.0,4.48505403815338,452,0,,,,,,,,,,,,
2026-09-15T04:12:04+08:00,2026-09-15T04:11:04+08:00,60.0,live,震盪,neutral,8.84564352056612,2026/09/14,04:11:57,45521.0,45519.0,45524.0,5.0,256.0,0.56,28006,19,47416,2026/09/14,WTXOU6,175,,,44500.0,1130.5,43369.5,45630.5,44800.0,9.559047742111556,722,0,44700.0,7.174778599969151,720,0,44600.0,4.421437324618228,452,0,,,,,,,,,,,,
2026-09-15T04:13:04+08:00,2026-09-15T04:12:04+08:00,60.0,live,震盪,neutral,3.5571365051133834,2026/09/14,04:12:35,45523.0,45523.0,45528.0,2.0,254.0,0.55,28009,3,47416,2026/09/14,WTXOU6,175,,,44500.0,1124.5,43375.5,45624.5,44800.0,12.672773841863558,722,2,44700.0,8.817394598962771,720,1,44600.0,4.3962440179070486,452,0,,,,,,,,,,,,
2026-09-15T04:14:04+08:00,2026-09-15T04:13:04+08:00,60.0,live,震盪,neutral,10.671409515340152,2026/09/14,04:13:10,45529.0,45526.0,45528.0,6.0,248.0,0.54,28011,2,47416,2026/09/14,WTXOU6,175,,,44500.0,1124.5,43375.5,45624.5,44800.0,9.343033362682553,722,0,44700.0,7.012643689816428,720,0,44600.0,4.321522137914633,452,0,,,,,,,,,,,,
2026-09-15T04:15:04+08:00,2026-09-15T04:14:04+08:00,60.0,live,震盪,neutral,0.0,2026/09/14,04:14:38,45529.0,45530.0,45534.0,0.0,248.0,0.54,28015,4,47416,2026/09/14,WTXOU6,175,,,44500.0,1149.5,43350.5,45649.5,44800.0,9.343033362682553,722,0,44700.0,7.012643689816428,720,0,44600.0,4.321522137914633,452,0,,,,,,,,,,,,
2026-09-15T04:16:04+08:00,2026-09-15T04:15:04+08:00,60.0,live,震盪,neutral,-10.577346848832084,2026/09/14,04:15:43,45523.0,45525.0,45530.0,-6.0,254.0,0.55,28019,4,47416,2026/09/14,WTXOU6,175,,,44500.0,1134.5,43365.5,45634.5,44800.0,12.672773841863558,722,1,44700.0,7.133896781550648,720,0,44600.0,4.3962440179070486,452,0,,,,,,,,,,,,
2026-09-15T04:17:04+08:00,2026-09-15T04:16:04+08:00,60.0,live,震盪,neutral,-3.5103115401491887,2026/09/14,04:16:46,45521.0,45521.0,45526.0,-2.0,256.0,0.56,28028,9,47416,2026/09/14,WTXOU6,175,,,44500.0,1139.5,43360.5,45639.5,44800.0,9.559047742111556,722,0,44700.0,7.174778599969151,720,0,44600.0,4.421437324618228,452,0,,,,,,,,,,,,
2026-09-15T04:18:04+08:00,2026-09-15T04:17:04+08:00,60.0,live,溫和偏多,mild_bull,20.046260601387818,2026/09/14,04:17:49,45534.0,45526.0,45530.0,13.0,243.0,0.53,28031,3,47416,2026/09/14,WTXOU6,175,,,44500.0,1297.0,43203.0,45797.0,44850.0,11.158443886226156,494,1,44700.0,6.913175246193656,720,0,44600.0,4.260224986632879,452,0,,,,,,,,,,,,
2026-09-15T04:19:04+08:00,2026-09-15T04:18:04+08:00,60.0,live,震盪,neutral,-12.318521777386715,2026/09/14,04:18:38,45527.0,45526.0,45528.0,-7.0,250.0,0.55,28039,8,47416,2026/09/14,WTXOU6,175,,,44500.0,1136.5,43363.5,45636.5,44800.0,9.396574955041867,722,0,44700.0,7.052830650006566,720,0,44600.0,4.346287240178332,452,0,,,,,,,,,,,,
2026-09-15T04:20:04+08:00,2026-09-15T04:19:04+08:00,60.0,live,溫和偏多,mild_bull,22.77704774419623,2026/09/14,04:20:01,45540.0,45539.0,45543.0,13.0,237.0,0.52,28048,9,47416,2026/09/14,WTXOU6,175,,,44500.0,1141.5,43358.5,45641.5,44800.0,12.071948696968015,722,3,44700.0,8.105074572992955,720,1,44600.0,5.892127037994465,452,3,,,,,,,,,,,,
2026-09-15T04:21:04+08:00,2026-09-15T04:20:04+08:00,60.0,live,震盪,neutral,8.733624454148472,2026/09/14,04:20:51,45545.0,45544.0,45549.0,5.0,232.0,0.51,28056,8,47416,2026/09/14,WTXOU6,175,,,44500.0,1145.0,43355.0,45645.0,44800.0,11.900718273536539,722,4,44700.0,8.63552497773031,720,3,44600.0,4.128414360714146,452,0,,,,,,,,,,,,
2026-09-15T04:22:04+08:00,2026-09-15T04:21:04+08:00,60.0,live,震盪,neutral,0.0,2026/09/14,04:20:51,45545.0,45544.0,45548.0,0.0,232.0,0.51,28056,0,47416,2026/09/14,WTXOU6,175,,,44500.0,1156.5,43343.5,45656.5,44800.0,8.925538705152404,722,0,44700.0,6.699282797051699,720,0,44600.0,5.80855217920789,452,1,,,,,,,,,,,,
2026-09-15T04:23:04+08:00,2026-09-15T04:22:04+08:00,60.0,live,震盪,neutral,5.260850504164839,2026/09/14,04:22:37,45548.0,45545.0,45550.0,3.0,229.0,0.5,28057,1,47416,2026/09/14,WTXOU6,175,,,44500.0,1140.5,43359.5,45640.5,44800.0,8.849361029824436,722,0,44700.0,6.642105767552127,720,0,44600.0,4.093179175569718,452,0,,,,,,,,,,,,
2026-09-15T04:24:04+08:00,2026-09-15T04:23:04+08:00,60.0,live,震盪,neutral,0.0,2026/09/14,04:22:37,45548.0,45543.0,45548.0,0.0,229.0,0.5,28057,0,47416,2026/09/14,WTXOU6,175,,,44500.0,1161.5,43338.5,45661.5,44800.0,8.849361029824436,722,0,44700.0,6.642105767552127,720,0,44600.0,4.093179175569718,452,0,,,,,,,,,,,,
2026-09-15T04:25:04+08:00,2026-09-15T04:24:04+08:00,60.0,live,震盪,neutral,12.001714530647236,2026/09/14,04:24:38,45555.0,45552.0,45556.0,7.0,222.0,0.48,28062,5,47416,2026/09/14,WTXOU6,175,,,44500.0,1166.5,43333.5,45666.5,44800.0,8.674131941046413,722,0,44700.0,6.510583261317742,720,0,44600.0,4.012128797500276,452,0,,,,,,,,,,,,
2026-09-15T04:26:04+08:00,2026-09-15T04:25:04+08:00,60.0,live,震盪,neutral,-5.189189189189189,2026/09/14,04:25:20,45552.0,45550.0,45555.0,-3.0,225.0,0.49,28064,2,47416,2026/09/14,WTXOU6,175,,,44500.0,1156.25,43343.75,45656.25,44800.0,8.74880119733848,722,0,44700.0,6.566628109776844,720,0,44600.0,4.0466662792325625,452,0,,,,,,,,,,,,
2026-09-15T04:27:04+08:00,2026-09-15T04:26:04+08:00,60.0,live,震盪,neutral,-3.3999150021249465,2026/09/14,04:26:54,45550.0,45549.0,45553.0,-2.0,227.0,0.5,28066,2,47416,2026/09/14,WTXOU6,175,,,44500.0,1176.5,43323.5,45676.5,44800.0,10.110605609320475,722,2,44700.0,8.808326347791432,720,10,44600.0,4.810579056224129,452,2,,,,,,,,,,,,
2026-09-15T04:28:04+08:00,2026-09-15T04:27:04+08:00,60.0,live,震盪,neutral,6.8891280947255105,2026/09/14,04:27:21,45554.0,45554.0,45556.0,4.0,223.0,0.49,28067,1,47416,2026/09/14,WTXOU6,175,,,44500.0,1161.25,43338.75,45661.25,44800.0,8.69895061352664,722,0,44700.0,6.529211526914359,720,0,44600.0,4.023608414279271,452,0,,,,,,,,,,,,
2026-09-15T04:29:04+08:00,2026-09-15T04:28:04+08:00,60.0,live,震盪,neutral,11.904761904761903,2026/09/14,04:28:37,45561.0,45557.0,45562.0,7.0,216.0,0.47,28073,6,47416,2026/09/14,WTXOU6,175,,,44500.0,1176.0,43324.0,45676.0,44800.0,8.526699850539796,722,0,44700.0,6.399924476420629,720,0,44600.0,3.943935629582439,452,0,,,,,,,,,,,,
2026-09-15T04:30:04+08:00,2026-09-15T04:29:04+08:00,60.0,live,震盪,neutral,4.491858506457046,2026/09/14,04:29:20,45563.0,45562.0,45567.0,2.0,214.0,0.47,28074,1,47416,2026/09/14,WTXOU6,175,,,44850.0,890.5,43959.5,45740.5,44800.0,8.478114798033738,722,0,44700.0,6.3634577692335546,720,0,44600.0,3.9214631228679395,452,0,,,,,,,,,,,,
2026-09-15T04:31:04+08:00,2026-09-15T04:30:04+08:00,60.0,live,震盪,neutral,-9.00900900900901,2026/09/14,04:31:01,45559.0,45557.0,45560.0,-4.0,218.0,0.48,28081,7,47416,2026/09/14,WTXOU6,175,,,44850.0,888.0,43962.0,45738.0,44800.0,8.575563326655733,722,0,44700.0,6.436600161302109,720,0,44600.0,3.966536918218941,452,0,,,,,,,,,,,,
2026-09-15T04:32:04+08:00,2026-09-15T04:31:04+08:00,60.0,live,震盪,neutral,0.0,2026/09/14,04:31:01,45559.0,45553.0,45557.0,0.0,218.0,0.48,28081,0,47416,2026/09/14,WTXOU6,175,,,44850.0,904.5,43945.5,45754.5,44800.0,8.575563326655733,722,0,44700.0,6.436600161302109,720,0,44600.0,3.966536918218941,452,0,,,,,,,,,,,,
2026-09-15T04:33:04+08:00,2026-09-15T04:32:04+08:00,60.0,live,震盪,neutral,0.0,2026/09/14,04:32:35,45559.0,45556.0,45559.0,0.0,218.0,0.48,28087,6,47416,2026/09/14,WTXOU6,175,,,44850.0,907.0,43943.0,45757.0,44800.0,8.575563326655733,722,0,44700.0,6.436600161302109,720,0,44600.0,3.966536918218941,452,0,,,,,,,,,,,,
2026-09-15T04:34:04+08:00,2026-09-15T04:33:04+08:00,60.0,live,溫和偏多,mild_bull,17.353579175704994,2026/09/14,04:33:59,45567.0,45564.0,45569.0,8.0,210.0,0.46,28096,9,47416,2026/09/14,WTXOU6,175,,,44850.0,922.0,43928.0,45772.0,44800.0,8.381773627070817,722,0,44700.0,6.291146531716074,720,0,44600.0,3.8769015241935922,452,0,,,,,,,,,,,,
2026-09-15T04:35:04+08:00,2026-09-15T04:34:04+08:00,60.0,live,震盪,neutral,-2.1869874248223073,2026/09/14,04:34:55,45566.0,45564.0,45566.0,-1.0,211.0,0.46,28098,2,47416,2026/09/14,WTXOU6,175,,,44850.0,914.5,43935.5,45764.5,44800.0,8.405755795646012,722,0,44700.0,6.309146938714375,720,0,44600.0,3.8879942248604737,452,0,,,,,,,,,,,,
2026-09-15T04:36:04+08:00,2026-09-15T04:35:04+08:00,60.0,live,震盪,neutral,-13.107591480065537,2026/09/14,04:35:56,45560.0,45558.0,45562.0,-6.0,217.0,0.47,28116,18,47416,2026/09/14,WTXOU6,175,,,44850.0,915.5,43934.5,45765.5,44800.0,8.55109668613857,722,0,44700.0,6.418236121961416,720,0,44600.0,3.9552201301340753,452,0,,,,,,,,,,,,
2026-09-15T04:37:04+08:00,2026-09-15T04:36:04+08:00,60.0,live,震盪,neutral,-4.366812227074236,2026/09/14,04:36:59,45558.0,45558.0,45562.0,-2.0,219.0,0.48,28120,4,47416,2026/09/14,WTXOU6,175,,,44850.0,916.0,43934.0,45766.0,44800.0,8.6000999718191,722,0,44700.0,6.45501674435333,720,0,44600.0,5.596763521273935,452,1,,,,,,,,,,,,
2026-09-15T04:38:04+08:00,2026-09-15T04:37:04+08:00,60.0,live,震盪,neutral,4.345464421510049,2026/09/14,04:37:13,45560.0,45557.0,45562.0,2.0,217.0,0.47,28121,1,47416,2026/09/14,WTXOU6,175,,,44850.0,920.5,43929.5,45770.5,44800.0,8.55109668613857,722,0,44700.0,6.418236121961416,720,0,44600.0,3.9552201301340753,452,0,,,,,,,,,,,,
2026-09-15T04:39:04+08:00,2026-09-15T04:38:04+08:00,60.0,live,震盪,neutral,0.0,2026/09/14,04:38:23,45560.0,45557.0,45560.0,0.0,217.0,0.47,28123,2,47416,2026/09/14,WTXOU6,175,,,44850.0,910.5,43939.5,45760.5,44800.0,8.55109668613857,722,0,44700.0,6.418236121961416,720,0,44600.0,3.9552201301340753,452,0,,,,,,,,,,,,
2026-09-15T04:40:04+08:00,2026-09-15T04:39:04+08:00,60.0,live,震盪,neutral,5.148005148005148,2026/09/14,04:40:01,45563.0,45559.0,45564.0,3.0,214.0,0.47,28128,5,47416,2026/09/14,WTXOU6,175,,,44500.0,1165.5,43334.5,45665.5,44800.0,8.478114798033738,722,0,44700.0,6.3634577692335546,720,0,44600.0,3.9214631228679395,452,0,,,,,,,,,,,,
2026-09-15T04:41:04+08:00,2026-09-15T04:40:04+08:00,60.0,live,震盪,neutral,0.0,2026/09/14,04:40:01,45563.0,45561.0,45564.0,0.0,214.0,0.47,28128,0,47416,2026/09/14,WTXOU6,175,,,44850.0,910.5,43939.5,45760.5,44800.0,8.478114798033738,722,0,44700.0,6.3634577692335546,720,0,44600.0,3.9214631228679395,452,0,,,,,,,,,,,,
2026-09-15T04:42:04+08:00,2026-09-15T04:41:04+08:00,60.0,live,震盪,neutral,2.1905805038335155,2026/09/14,04:41:28,45564.0,45561.0,45564.0,1.0,213.0,0.47,28135,7,47416,2026/09/14,WTXOU6,175,,,44850.0,913.0,43937.0,45763.0,44800.0,8.45392618451351,722,0,44700.0,6.345302409899663,720,0,44600.0,3.9102749332559164,452,0,,,,,,,,,,,,
2026-09-15T04:43:04+08:00,2026-09-15T04:42:04+08:00,60.0,live,震盪,neutral,-10.863661053775123,2026/09/14,04:42:32,45559.0,45557.0,45562.0,-5.0,218.0,0.48,28140,5,47416,2026/09/14,WTXOU6,175,,,44850.0,920.5,43929.5,45770.5,44800.0,8.575563326655733,722,0,44700.0,6.436600161302109,720,0,44600.0,3.966536918218941,452,0,,,,,,,,,,,,
2026-09-15T04:44:04+08:00,2026-09-15T04:43:04+08:00,60.0,live,震盪,neutral,-8.681497558328813,2026/09/14,04:43:20,45555.0,45557.0,45562.0,-4.0,222.0,0.48,28144,4,47416,2026/09/14,WTXOU6,175,,,44850.0,921.5,43928.5,45771.5,44800.0,8.674131941046413,722,0,44700.0,6.510583261317742,720,0,44600.0,4.012128797500276,452,0,,,,,,,,,,,,
2026-09-15T04:45:04+08:00,2026-09-15T04:44:04+08:00,60.0,live,溫和偏多,mild_bull,17.381857686040195,2026/09/14,04:45:02,45563.0,45560.0,45565.0,8.0,214.0,0.47,28166,22,47416,2026/09/14,WTXOU6,175,,,44850.0,920.5,43929.5,45770.5,44800.0,8.478114798033738,722,0,44700.0,6.3634577692335546,720,0,44600.0,3.9214631228679395,452,0,,,,,,,,,,,,
2026-09-15T04:46:04+08:00,2026-09-15T04:45:04+08:00,60.0,live,震盪,neutral,-2.1333333333333333,2026/09/14,04:45:59,45562.0,45559.0,45564.0,-1.0,215.0,0.47,28171,5,47416,2026/09/14,WTXOU6,175,,,44850.0,937.5,43912.5,45787.5,44800.0,8.502372620701443,722,0,44700.0,6.3816650751968185,720,0,44600.0,3.932683324445598,452,0,,,,,,,,,,,,
2026-09-15T04:47:04+08:00,2026-09-15T04:46:04+08:00,60.0,live,震盪,neutral,6.4,2026/09/14,04:46:20,45565.0,45558.0,45563.0,3.0,212.0,0.46,28172,1,47416,2026/09/14,WTXOU6,175,,,44850.0,937.5,43912.5,45787.5,44800.0,8.429806582682549,722,0,44700.0,6.327198848988024,720,0,44600.0,3.8991186642773106,452,0,,,,,,,,,,,,
2026-09-15T04:48:04+08:00,2026-09-15T04:47:04+08:00,60.0,live,震盪,neutral,-4.259850905218317,2026/09/14,04:47:16,45563.0,45563.0,45568.0,-2.0,214.0,0.47,28174,2,47416,2026/09/14,WTXOU6,175,,,44850.0,939.0,43911.0,45789.0,44800.0,8.478114798033738,722,0,44700.0,8.487161355502861,720,1,44600.0,3.9214631228679395,452,0,,,,,,,,,,,,
2026-09-15T04:49:04+08:00,2026-09-15T04:48:04+08:00,60.0,live,震盪,neutral,6.406833956219968,2026/09/14,04:48:30,45566.0,45559.0,45564.0,3.0,211.0,0.46,28187,13,47416,2026/09/14,WTXOU6,175,,,44850.0,936.5,43913.5,45786.5,44800.0,8.405755795646012,722,0,44700.0,6.309146938714375,720,0,44600.0,3.8879942248604737,452,0,,,,,,,,,,,,
2026-09-15T04:50:04+08:00,2026-09-15T04:49:04+08:00,60.0,live,震盪,neutral,8.492569002123144,2026/09/14,04:49:51,45570.0,45567.0,45572.0,4.0,207.0,0.45,28190,3,47416,2026/09/14,WTXOU6,175,,,44850.0,942.0,43908.0,45792.0,44800.0,8.31023687717504,722,0,44700.0,8.319104300804268,720,1,44600.0,3.8438129504565204,452,0,,,,,,,,,,,,
2026-09-15T04:51:04+08:00,2026-09-15T04:50:04+08:00,60.0,live,溫和偏多,mild_bull,15.02145922746781,2026/09/14,04:50:43,45577.0,45574.0,45579.0,7.0,200.0,0.44,28194,4,47416,2026/09/14,WTXOU6,175,,,44850.0,932.0,43918.0,45782.0,44800.0,10.860910882495796,722,1,44700.0,8.154374998748864,720,1,44600.0,3.7677003544768053,452,0,,,,,,,,,,,,
2026-09-15T04:52:04+08:00,2026-09-15T04:51:04+08:00,60.0,live,震盪,neutral,0.0,2026/09/14,04:52:02,45577.0,45576.0,45580.0,0.0,200.0,0.44,28200,6,47416,2026/09/14,WTXOU6,175,,,44850.0,932.0,43918.0,45782.0,44800.0,10.860910882495796,722,1,44700.0,6.1139430211714005,720,0,44600.0,3.7677003544768053,452,0,,,,,,,,,,,,
2026-09-15T04:53:04+08:00,2026-09-15T04:52:04+08:00,60.0,live,震盪,neutral,-12.70513499205929,2026/09/14,04:52:38,45571.0,45571.0,45576.0,-6.0,206.0,0.45,28203,3,47416,2026/09/14,WTXOU6,175,,,44850.0,944.5,43905.5,45794.5,44800.0,11.048702973724508,722,2,44700.0,7.687407282866533,720,1,44600.0,3.832846301842111,452,0,,,,,,,,,,,,
2026-09-15T04:54:04+08:00,2026-09-15T04:53:04+08:00,60.0,live,震盪,neutral,8.537886872998934,2026/09/14,04:53:35,45575.0,45574.0,45579.0,4.0,202.0,0.44,28209,6,47416,2026/09/14,WTXOU6,175,,,44850.0,937.0,43913.0,45787.0,44800.0,8.192363167220329,722,0,44700.0,6.148979848317402,720,0,44600.0,5.3314170157987775,452,1,,,,,,,,,,,,
2026-09-15T04:55:04+08:00,2026-09-15T04:54:04+08:00,60.0,live,震盪,neutral,-2.1344717182497335,2026/09/14,04:54:37,45574.0,45574.0,45578.0,-1.0,203.0,0.44,28212,3,47416,2026/09/14,WTXOU6,175,,,44850.0,937.0,43913.0,45787.0,44800.0,8.215803389212365,722,0,44700.0,6.16657348396649,720,0,44600.0,3.8001337305554967,452,0,,,,,,,,,,,,
2026-09-15T04:56:04+08:00,2026-09-15T04:55:04+08:00,60.0,live,震盪,neutral,-6.352567496029645,2026/09/14,04:56:01,45571.0,45569.0,45574.0,-3.0,206.0,0.45,28224,12,47416,2026/09/14,WTXOU6,175,,,44850.0,944.5,43905.5,45794.5,44800.0,8.28652723029338,722,0,44700.0,6.219657003913807,720,0,44600.0,3.832846301842111,452,0,,,,,,,,,,,,
2026-09-15T04:57:04+08:00,2026-09-15T04:56:04+08:00,60.0,live,震盪,neutral,-10.5318588730911,2026/09/14,04:56:57,45566.0,45562.0,45568.0,-5.0,211.0,0.46,28229,5,47416,2026/09/14,WTXOU6,175,,,44850.0,949.5,43900.5,45799.5,44800.0,8.405755795646012,722,0,44700.0,8.41472514256903,720,1,44600.0,3.8879942248604737,452,0,,,,,,,,,,,,
2026-09-15T04:58:04+08:00,2026-09-15T04:57:04+08:00,60.0,live,溫和偏空,mild_bear,-16.76270298585647,2026/09/14,04:57:50,45558.0,45561.0,45568.0,-8.0,219.0,0.48,28236,7,47416,2026/09/14,WTXOU6,175,,,44850.0,954.5,43895.5,45804.5,44800.0,11.466799962425467,722,1,44700.0,6.45501674435333,720,0,44600.0,3.977886086219047,452,0,,,,,,,,,,,,
2026-09-15T04:59:04+08:00,2026-09-15T04:58:04+08:00,60.0,live,震盪,neutral,-14.366341713699333,2026/09/14,04:59:01,45551.0,45552.0,45564.0,-7.0,226.0,0.49,28260,24,47416,2026/09/14,WTXOU6,175,,,44850.0,974.5,43875.5,45824.5,44800.0,11.698444687485216,722,2,44700.0,8.13948108684377,720,1,44600.0,4.0582447156344585,452,0,,,,,,,,,,,,
2026-09-15T08:45:01+08:00,2026-09-15T04:59:04+08:00,13557.0,live,資料累積中,warming_up,,-,04:59:58,45556.0,45681.0,45689.0,5.0,221.0,0.48,28281,21,47416,-,WTXOU6,175,,,,,,,44800.0,10.688063456034023,722,1,44700.0,6.492008143375743,720,0,44600.0,4.000681932815378,452,0,,,,,,,,,,,,
2026-09-15T08:46:01+08:00,2026-09-15T08:45:01+08:00,60.0,live,強勢偏多,strong_bull,100.0,-,08:45:59,45803.0,45802.0,45808.0,247.0,26.0,0.06,29096,815,47416,-,WTXOU6,175,,,44800.0,1107.75,43692.25,45907.75,44850.0,4.269642615094097,494,0,,,,,,,,,,,,,,,,,,,,
2026-09-15T08:47:01+08:00,2026-09-15T08:46:01+08:00,60.0,live,溫和偏空,mild_bear,-16.491067338524967,-,08:46:58,45794.0,45787.0,45794.0,-9.0,17.0,0.04,29441,345,47416,-,WTXOU6,175,,,44800.0,1091.5,43708.5,45891.5,44800.0,5.842566596450083,722,3,,,,,,,,,,,,,,,,,,,,
2026-09-15T08:48:01+08:00,2026-09-15T08:47:01+08:00,60.0,live,溫和偏空,mild_bear,-21.140717903545475,-,08:47:58,45782.0,45781.0,45784.0,-12.0,5.0,0.01,29552,111,47416,-,WTXOU6,175,,,44800.0,1135.25,43664.75,45935.25,44800.0,4.534767561153048,722,0,,,,,,,,,,,,,,,,,,,,
2026-09-15T08:49:01+08:00,2026-09-15T08:48:01+08:00,60.0,live,強勢偏空,strong_bear,-100.0,-,08:48:58,45719.0,45714.0,45719.0,-63.0,58.0,0.13,29792,240,47416,-,WTXOU6,175,,,44850.0,971.75,43878.25,45821.75,44800.0,7.238803282578631,722,15,,,,,,,,,,,,,,,,,,,,
2026-09-15T08:50:01+08:00,2026-09-15T08:49:01+08:00,60.0,live,強勢偏多,strong_bull,51.61290322580645,-,08:49:58,45745.0,45743.0,45749.0,26.0,32.0,0.07,29968,176,47416,-,WTXOU6,175,,,44850.0,1007.5,43842.5,45857.5,44800.0,6.7205512739749755,722,17,,,,,,,,,,,,,,,,,,,,
2026-09-15T08:51:01+08:00,2026-09-15T08:50:01+08:00,60.0,live,強勢偏多,strong_bull,100.0,-,08:50:58,45805.0,45802.0,45805.0,60.0,28.0,0.06,30110,142,47416,-,WTXOU6,175,,,44850.0,1073.5,43776.5,45923.5,44850.0,5.878127399754298,494,2,,,,,,,,,,,,,,,,,,,,
2026-09-15T08:52:01+08:00,2026-09-15T08:51:01+08:00,60.0,live,強勢偏空,strong_bear,-75.7934628138323,-,08:51:58,45765.0,45762.0,45765.0,-40.0,12.0,0.03,30239,129,47416,-,WTXOU6,175,,,44850.0,1055.5,43794.5,45905.5,44800.0,6.34728605634818,722,6,,,,,,,,,,,,,,,,,,,,
2026-09-15T08:53:01+08:00,2026-09-15T08:52:01+08:00,60.0,live,溫和偏空,mild_bear,-23.75061850569025,-,08:52:58,45753.0,45752.0,45754.0,-12.0,24.0,0.05,30324,85,47416,-,WTXOU6,175,,,44850.0,1010.5,43839.5,45860.5,44800.0,6.568680946298611,722,6,,,,,,,,,,,,,,,,,,,,
2026-09-15T08:54:01+08:00,2026-09-15T08:53:01+08:00,60.0,live,強勢偏多,strong_bull,50.682261208576996,-,08:53:59,45779.0,45775.0,45781.0,26.0,2.0,0.0,30408,84,47416,-,WTXOU6,175,,,44850.0,1026.0,43824.0,45876.0,44800.0,6.098405410218128,722,11,,,,,,,,,,,,,,,,,,,,
2026-09-15T08:55:01+08:00,2026-09-15T08:54:01+08:00,60.0,live,震盪,neutral,7.751937984496124,-,08:54:58,45783.0,45780.0,45783.0,4.0,6.0,0.01,30482,74,47416,-,WTXOU6,175,,,44850.0,1032.0,43818.0,45882.0,44800.0,6.029106098729292,722,2,,,,,,,,,,,,,,,,,,,,
2026-09-15T08:56:01+08:00,2026-09-15T08:55:01+08:00,60.0,live,溫和偏空,mild_bear,-23.697852382127866,-,08:55:59,45771.0,45769.0,45772.0,-12.0,6.0,0.01,30562,80,47416,-,WTXOU6,175,,,44850.0,1012.75,43837.25,45862.75,44800.0,6.239402793943248,722,20,,,,,,,,,,,,,,,,,,,,
2026-09-15T08:57:01+08:00,2026-09-15T08:56:01+08:00,60.0,live,溫和偏空,mild_bear,-30.015007503751878,-,08:56:51,45756.0,45753.0,45758.0,-15.0,21.0,0.05,30644,82,47416,-,WTXOU6,175,,,44850.0,999.5,43850.5,45849.5,44800.0,6.512618577293219,722,3,,,,,,,,,,,,,,,,,,,,
2026-09-15T08:58:01+08:00,2026-09-15T08:57:01+08:00,60.0,live,強勢偏多,strong_bull,47.29064039408867,-,08:57:57,45780.0,45775.0,45780.0,24.0,3.0,0.01,30714,70,47416,-,WTXOU6,175,,,44850.0,1015.0,43835.0,45865.0,44800.0,6.0810062625217975,722,2,,,,,,,,,,,,,,,,,,,,
2026-09-15T08:59:01+08:00,2026-09-15T08:58:01+08:00,60.0,live,震盪,neutral,11.73881144534116,-,08:58:53,45786.0,45783.0,45786.0,6.0,9.0,0.02,30813,99,47416,-,WTXOU6,175,,,44850.0,1022.25,43827.75,45872.25,44800.0,5.977648892382549,722,4,,,,,,,,,,,,,,,,,,,,
2026-09-15T09:00:01+08:00,2026-09-15T08:59:01+08:00,60.0,live,溫和偏多,mild_bull,30.761836097092043,-,08:59:58,45802.0,45797.0,45802.0,16.0,25.0,0.05,30926,113,47416,-,WTXOU6,175,,,44850.0,1040.25,43809.75,45890.25,44850.0,5.928727898376265,494,5,,,,,,,,,,,,,,,,,,,,
2026-09-15T09:01:01+08:00,2026-09-15T09:00:01+08:00,60.0,live,溫和偏空,mild_bear,-29.16160388821385,2026/09/15,09:00:58,45787.0,45786.0,45791.0,-15.0,10.0,0.02,31288,362,47416,2026/09/15,WTXOU6,175,,,44850.0,1028.75,43821.25,45878.75,44800.0,5.687146913791025,722,2,,,,,,,,,,,,,,,,,,,,
2026-09-15T09:02:01+08:00,2026-09-15T09:01:01+08:00,60.0,live,溫和偏空,mild_bear,-43.542800593765456,2026/09/15,09:01:58,45765.0,45765.0,45768.0,-22.0,12.0,0.03,31666,378,47416,2026/09/15,WTXOU6,175,,,44850.0,1010.5,43839.5,45860.5,44800.0,6.34728605634818,722,2,,,,,,,,,,,,,,,,,,,,
2026-09-15T09:03:02+08:00,2026-09-15T09:02:01+08:00,61.0,live,強勢偏空,strong_bear,-100.0,2026/09/15,09:02:58,45695.0,45694.0,45697.0,-70.0,82.0,0.18,32210,544,47416,2026/09/15,WTXOU6,175,,,44850.0,996.0,43854.0,45846.0,44800.0,7.752592696055255,722,12,44700.0,5.476575125833822,720,7,,,,,,,,,,,,,,,,
2026-09-15T09:04:01+08:00,2026-09-15T09:03:02+08:00,59.0,live,震盪,neutral,10.351966873706003,2026/09/15,09:03:59,45700.0,45700.0,45703.0,5.0,77.0,0.17,32818,608,47416,2026/09/15,WTXOU6,175,,,44850.0,966.0,43884.0,45816.0,44800.0,7.642628699076807,722,9,44700.0,5.568542563783881,720,7,,,,,,,,,,,,,,,,
2026-09-15T09:05:01+08:00,2026-09-15T09:04:01+08:00,60.0,live,震盪,neutral,0.0,2026/09/15,09:04:59,45700.0,45700.0,45704.0,0.0,77.0,0.17,33298,480,47416,2026/09/15,WTXOU6,175,,,44850.0,960.5,43889.5,45810.5,44800.0,6.89169644351722,722,14,44700.0,5.738087814431214,720,38,,,,,,,,,,,,,,,,
2026-09-15T09:06:01+08:00,2026-09-15T09:05:01+08:00,60.0,live,溫和偏空,mild_bear,-32.66972945380296,2026/09/15,09:05:59,45684.0,45684.0,45688.0,-16.0,93.0,0.2,33873,575,47416,2026/09/15,WTXOU6,175,,,44850.0,979.5,43870.5,45829.5,44800.0,7.705716373303197,722,16,44700.0,6.006488533547581,720,22,,,,,,,,,,,,,,,,
2026-09-15T09:07:01+08:00,2026-09-15T09:06:01+08:00,60.0,live,強勢偏多,strong_bull,55.55555555555555,2026/09/15,09:06:59,45710.0,45708.0,45712.0,26.0,67.0,0.15,34236,363,47416,2026/09/15,WTXOU6,175,,,44850.0,936.0,43914.0,45786.0,44800.0,7.427357821433388,722,19,,,,,,,,,,,,,,,,,,,,
2026-09-15T09:08:01+08:00,2026-09-15T09:07:01+08:00,60.0,live,強勢偏空,strong_bear,-77.1290840921264,2026/09/15,09:07:58,45674.0,45677.0,45682.0,-36.0,103.0,0.23,34395,159,47416,2026/09/15,WTXOU6,175,,,44850.0,933.5,43916.5,45783.5,44800.0,7.854336849257994,722,6,44700.0,6.180577636194638,720,9,,,,,,,,,,,,,,,,
2026-09-15T09:09:01+08:00,2026-09-15T09:08:01+08:00,60.0,live,強勢偏多,strong_bull,100.0,2026/09/15,09:08:59,45730.0,45731.0,45733.0,56.0,47.0,0.1,34747,352,47416,2026/09/15,WTXOU6,175,,,44850.0,984.25,43865.75,45834.25,44800.0,7.014835958183076,722,9,,,,,,,,,,,,,,,,,,,,
2026-09-15T09:10:01+08:00,2026-09-15T09:09:01+08:00,60.0,live,溫和偏多,mild_bull,24.217961654894044,2026/09/15,09:09:57,45742.0,45738.0,45742.0,12.0,35.0,0.08,35121,374,47416,2026/09/15,WTXOU6,175,,,44850.0,991.0,43859.0,45841.0,44800.0,6.778403583452286,722,20,,,,,,,,,,,,,,,,,,,,
2026-09-15T09:11:01+08:00,2026-09-15T09:10:01+08:00,60.0,live,強勢偏多,strong_bull,55.55555555555555,2026/09/15,09:10:58,45770.0,45767.0,45771.0,28.0,7.0,0.02,35483,362,47416,2026/09/15,WTXOU6,175,,,44850.0,1008.0,43842.0,45858.0,44800.0,6.257255150290554,722,48,,,,,,,,,,,,,,,,,,,,
2026-09-15T09:12:01+08:00,2026-09-15T09:11:01+08:00,60.0,live,強勢偏多,strong_bull,93.57841967056576,2026/09/15,09:11:58,45819.0,45819.0,45823.0,49.0,42.0,0.09,35725,242,47416,2026/09/15,WTXOU6,175,,,44850.0,1047.25,43802.75,45897.25,44850.0,5.647642727675835,494,17,,,,,,,,,,,,,,,,,,,,
2026-09-15T09:13:01+08:00,2026-09-15T09:12:01+08:00,60.0,live,強勢偏多,strong_bull,50.62104523084135,2026/09/15,09:12:58,45846.0,45841.0,45845.0,27.0,69.0,0.15,36202,477,47416,2026/09/15,WTXOU6,175,,,44850.0,1066.75,43783.25,45916.75,44850.0,5.228348138119663,494,30,,,,,,,,,,,,,,,,,,,,
2026-09-15T09:14:01+08:00,2026-09-15T09:13:01+08:00,60.0,live,溫和偏多,mild_bull,20.51282051282051,2026/09/15,09:13:58,45857.0,45855.0,45859.0,11.0,80.0,0.17,36362,160,47416,2026/09/15,WTXOU6,175,,,44850.0,1072.5,43777.5,45922.5,,,,,,,,,,,,,,,,,,,,,,,,
2026-09-15T09:15:01+08:00,2026-09-15T09:14:01+08:00,60.0,live,強勢偏空,strong_bear,-81.04196816208393,2026/09/15,09:14:58,45815.0,45812.0,45816.0,-42.0,38.0,0.08,36633,271,47416,2026/09/15,WTXOU6,175,,,44850.0,1036.5,43813.5,45886.5,44850.0,5.712557450713362,494,15,,,,,,,,,,,,,,,,,,,,
2026-09-15T09:16:01+08:00,2026-09-15T09:15:01+08:00,60.0,live,強勢偏多,strong_bull,98.37587006960558,2026/09/15,09:15:58,45868.0,45864.0,45868.0,53.0,91.0,0.2,36908,275,47416,2026/09/15,WTXOU6,175,,,44850.0,1077.5,43772.5,45927.5,,,,,,,,,,,,,,,,,,,,,,,,
2026-09-15T09:17:01+08:00,2026-09-15T09:16:01+08:00,60.0,live,溫和偏多,mild_bull,21.978021978021978,2026/09/15,09:16:58,45880.0,45879.0,45883.0,12.0,103.0,0.23,37344,436,47416,2026/09/15,WTXOU6,175,,,44850.0,1092.0,43758.0,45942.0,,,,,,,,,,,,,,,,,,,,,,,,
2026-09-15T09:18:01+08:00,2026-09-15T09:17:01+08:00,60.0,live,溫和偏空,mild_bear,-25.998142989786444,2026/09/15,09:17:58,45866.0,45866.0,45870.0,-14.0,89.0,0.19,37534,190,47416,2026/09/15,WTXOU6,175,,,44850.0,1077.0,43773.0,45927.0,,,,,,,,,,,,,,,,,,,,,,,,
2026-09-15T09:19:01+08:00,2026-09-15T09:18:01+08:00,60.0,live,強勢偏空,strong_bear,-58.76777251184835,2026/09/15,09:18:59,45835.0,45834.0,45838.0,-31.0,58.0,0.13,37824,290,47416,2026/09/15,WTXOU6,175,,,44850.0,1055.0,43795.0,45905.0,44850.0,5.395277079934354,494,3,,,,,,,,,,,,,,,,,,,,
2026-09-15T09:20:01+08:00,2026-09-15T09:19:01+08:00,60.0,live,強勢偏多,strong_bull,62.890173410404635,2026/09/15,09:19:58,45869.0,45866.0,45871.0,34.0,92.0,0.2,38017,193,47416,2026/09/15,WTXOU6,175,,,44850.0,1081.25,43768.75,45931.25,,,,,,,,,,,,,,,,,,,,,,,,
2026-09-15T09:21:01+08:00,2026-09-15T09:20:01+08:00,60.0,live,溫和偏空,mild_bear,-26.211092908963256,2026/09/15,09:20:58,45855.0,45851.0,45855.0,-14.0,78.0,0.17,38105,88,47416,2026/09/15,WTXOU6,175,,,44850.0,1068.25,43781.75,45918.25,,,,,,,,,,,,,,,,,,,,,,,,
2026-09-15T09:22:01+08:00,2026-09-15T09:21:01+08:00,60.0,live,溫和偏多,mild_bull,16.69758812615956,2026/09/15,09:21:56,45864.0,45858.0,45863.0,9.0,87.0,0.19,38202,97,47416,2026/09/15,WTXOU6,175,,,44850.0,1078.0,43772.0,45928.0,,,,,,,,,,,,,,,,,,,,,,,,
2026-09-15T09:23:01+08:00,2026-09-15T09:22:01+08:00,60.0,live,溫和偏多,mild_bull,25.77082374597331,2026/09/15,09:22:57,45878.0,45876.0,45878.0,14.0,101.0,0.22,38438,236,47416,2026/09/15,WTXOU6,175,,,44850.0,1086.5,43763.5,45936.5,,,,,,,,,,,,,,,,,,,,,,,,
2026-09-15T09:24:01+08:00,2026-09-15T09:23:01+08:00,60.0,live,溫和偏多,mild_bull,18.157058556513846,2026/09/15,09:23:58,45888.0,45888.0,45892.0,10.0,111.0,0.24,38697,259,47416,2026/09/15,WTXOU6,175,,,44850.0,1101.5,43748.5,45951.5,,,,,,,,,,,,,,,,,,,,,,,,
2026-09-15T09:25:01+08:00,2026-09-15T09:24:01+08:00,60.0,live,強勢偏多,strong_bull,48.235819562304606,2026/09/15,09:24:59,45915.0,45911.0,45915.0,27.0,138.0,0.3,38922,225,47416,2026/09/15,WTXOU6,175,,,44850.0,1119.5,43730.5,45969.5,,,,,,,,,,,,,,,,,,,,,,,,
2026-09-15T09:26:01+08:00,2026-09-15T09:25:01+08:00,60.0,live,溫和偏多,mild_bull,31.774051191526915,2026/09/15,09:25:58,45933.0,45928.0,45932.0,18.0,156.0,0.34,39189,267,47416,2026/09/15,WTXOU6,175,,,44850.0,1133.0,43717.0,45983.0,,,,,,,,,,,,,,,,,,,,,,,,
2026-09-15T09:27:01+08:00,2026-09-15T09:26:01+08:00,60.0,live,溫和偏多,mild_bull,22.549869904596704,2026/09/15,09:26:58,45946.0,45943.0,45947.0,13.0,169.0,0.37,39344,155,47416,2026/09/15,WTXOU6,175,,,44850.0,1153.0,43697.0,46003.0,,,,,,,,,,,,,,,,,,,,,,,,
2026-09-15T09:28:01+08:00,2026-09-15T09:27:01+08:00,60.0,live,溫和偏空,mild_bear,-26.31578947368421,2026/09/15,09:27:57,45931.0,45929.0,45931.0,-15.0,154.0,0.34,39561,217,47416,2026/09/15,WTXOU6,175,,,44850.0,1140.0,43710.0,45990.0,,,,,,,,,,,,,,,,,,,,,,,,
2026-09-15T09:29:01+08:00,2026-09-15T09:28:01+08:00,60.0,live,溫和偏空,mild_bear,-26.65482007996446,2026/09/15,09:28:58,45916.0,45916.0,45920.0,-15.0,139.0,0.3,39664,103,47416,2026/09/15,WTXOU6,175,,,44850.0,1125.5,43724.5,45975.5,,,,,,,,,,,,,,,,,,,,,,,,
2026-09-15T09:30:01+08:00,2026-09-15T09:29:01+08:00,60.0,live,強勢偏空,strong_bear,-63.52087114337568,2026/09/15,09:29:59,45881.0,45878.0,45882.0,-35.0,104.0,0.23,39897,233,47416,2026/09/15,WTXOU6,175,,,44850.0,1102.0,43748.0,45952.0,,,,,,,,,,,,,,,,,,,,,,,,
2026-09-15T09:31:01+08:00,2026-09-15T09:30:01+08:00,60.0,live,溫和偏多,mild_bull,30.734463276836166,2026/09/15,09:30:57,45898.0,45891.0,45896.0,17.0,121.0,0.26,40064,167,47416,2026/09/15,WTXOU6,175,,,44850.0,1106.25,43743.75,45956.25,,,,,,,,,,,,,,,,,,,,,,,,
2026-09-15T09:32:01+08:00,2026-09-15T09:31:01+08:00,60.0,live,震盪,neutral,-5.400540054005401,2026/09/15,09:31:58,45895.0,45895.0,45898.0,-3.0,118.0,0.26,40201,137,47416,2026/09/15,WTXOU6,175,,,44850.0,1111.0,43739.0,45961.0,,,,,,,,,,,,,,,,,,,,,,,,
2026-09-15T09:33:01+08:00,2026-09-15T09:32:01+08:00,60.0,live,震盪,neutral,0.0,2026/09/15,09:32:58,45895.0,45896.0,45899.0,0.0,118.0,0.26,40329,128,47416,2026/09/15,WTXOU6,175,,,44850.0,1106.5,43743.5,45956.5,,,,,,,,,,,,,,,,,,,,,,,,
2026-09-15T09:34:01+08:00,2026-09-15T09:33:01+08:00,60.0,live,強勢偏空,strong_bear,-72.62569832402235,2026/09/15,09:33:58,45856.0,45855.0,45859.0,-39.0,79.0,0.17,40458,129,47416,2026/09/15,WTXOU6,175,,,44850.0,1074.0,43776.0,45924.0,,,,,,,,,,,,,,,,,,,,,,,,
2026-09-15T09:35:01+08:00,2026-09-15T09:34:01+08:00,60.0,live,溫和偏空,mild_bear,-28.41581813876391,2026/09/15,09:34:58,45841.0,45840.0,45845.0,-15.0,64.0,0.14,40667,209,47416,2026/09/15,WTXOU6,175,,,44850.0,1055.75,43794.25,45905.75,44850.0,5.303574880317919,494,1,,,,,,,,,,,,,,,,,,,,
2026-09-15T09:36:00+08:00,2026-09-15T09:35:01+08:00,59.0,live,溫和偏空,mild_bear,-42.02483285577841,2026/09/15,09:35:58,45819.0,45819.0,45824.0,-22.0,42.0,0.09,40893,226,47416,2026/09/15,WTXOU6,175,,,44850.0,1047.0,43803.0,45897.0,44850.0,5.647642727675835,494,9,,,,,,,,,,,,,,,,,,,,
2026-09-15T09:37:01+08:00,2026-09-15T09:36:00+08:00,61.0,live,溫和偏空,mild_bear,-28.929604628736737,2026/09/15,09:36:59,45804.0,45803.0,45807.0,-15.0,27.0,0.06,41062,169,47416,2026/09/15,WTXOU6,175,,,44850.0,1037.0,43813.0,45887.0,44850.0,5.894946064690812,494,3,,,,,,,,,,,,,,,,,,,,
2026-09-15T09:38:01+08:00,2026-09-15T09:37:01+08:00,60.0,live,震盪,neutral,3.8526366482061163,2026/09/15,09:37:58,45806.0,45805.0,45810.0,2.0,29.0,0.06,41217,155,47416,2026/09/15,WTXOU6,175,,,44850.0,1038.25,43811.75,45888.25,44850.0,5.861356719563897,494,5,,,,,,,,,,,,,,,,,,,,
2026-09-15T09:39:01+08:00,2026-09-15T09:38:01+08:00,60.0,live,強勢偏多,strong_bull,100.0,2026/09/15,09:38:58,45860.0,45861.0,45863.0,54.0,83.0,0.18,41467,250,47416,2026/09/15,WTXOU6,175,,,44850.0,1079.5,43770.5,45929.5,,,,,,,,,,,,,,,,,,,,,,,,
2026-09-15T09:40:01+08:00,2026-09-15T09:39:01+08:00,60.0,live,強勢偏空,strong_bear,-51.07590446914164,2026/09/15,09:39:58,45833.0,45831.0,45836.0,-27.0,56.0,0.12,41614,147,47416,2026/09/15,WTXOU6,175,,,44850.0,1057.25,43792.75,45907.25,44850.0,5.426195488856363,494,3,,,,,,,,,,,,,,,,,,,,
2026-09-15T09:41:01+08:00,2026-09-15T09:40:01+08:00,60.0,live,強勢偏空,strong_bear,-100.0,2026/09/15,09:40:58,45759.0,45758.0,45762.0,-74.0,18.0,0.04,41868,254,47416,2026/09/15,WTXOU6,175,,,44850.0,997.25,43852.75,45847.25,44800.0,6.457034689316847,722,11,,,,,,,,,,,,,,,,,,,,
2026-09-15T09:42:01+08:00,2026-09-15T09:41:01+08:00,60.0,live,溫和偏多,mild_bull,19.880715705765407,2026/09/15,09:41:58,45769.0,45765.0,45770.0,10.0,8.0,0.02,42041,173,47416,2026/09/15,WTXOU6,175,,,44850.0,1006.0,43844.0,45856.0,44800.0,6.018912527061041,722,7,,,,,,,,,,,,,,,,,,,,
2026-09-15T09:43:01+08:00,2026-09-15T09:42:01+08:00,60.0,live,強勢偏空,strong_bear,-58.97305541433655,2026/09/15,09:42:57,45740.0,45742.0,45747.0,-29.0,37.0,0.08,42220,179,47416,2026/09/15,WTXOU6,175,,,44850.0,983.5,43866.5,45833.5,44800.0,6.817248197125796,722,27,,,,,,,,,,,,,,,,,,,,
2026-09-15T09:44:01+08:00,2026-09-15T09:43:01+08:00,60.0,live,強勢偏多,strong_bull,53.79825653798258,2026/09/15,09:43:59,45767.0,45763.0,45767.0,27.0,10.0,0.02,42375,155,47416,2026/09/15,WTXOU6,175,,,44850.0,1003.75,43846.25,45853.75,44800.0,6.3111192823647935,722,4,,,,,,,,,,,,,,,,,,,,
2026-09-15T09:45:01+08:00,2026-09-15T09:44:01+08:00,60.0,live,溫和偏多,mild_bull,35.320088300220746,2026/09/15,09:44:58,45785.0,45785.0,45788.0,18.0,8.0,0.02,42562,187,47416,2026/09/15,WTXOU6,175,,,44850.0,1019.25,43830.75,45869.25,44800.0,5.994752311038171,722,6,,,,,,,,,,,,,,,,,,,,
2026-09-15T09:46:01+08:00,2026-09-15T09:45:01+08:00,60.0,live,溫和偏空,mild_bear,-23.868722028841372,2026/09/15,09:45:57,45773.0,45769.0,45772.0,-12.0,4.0,0.01,42756,194,47416,2026/09/15,WTXOU6,175,,,44850.0,1005.5,43844.5,45855.5,44800.0,6.203850737735832,722,11,,,,,,,,,,,,,,,,,,,,
2026-09-15T09:47:01+08:00,2026-09-15T09:46:01+08:00,60.0,live,震盪,neutral,-3.9751552795031064,2026/09/15,09:46:57,45771.0,45769.0,45774.0,-2.0,6.0,0.01,42841,85,47416,2026/09/15,WTXOU6,175,,,44850.0,1006.25,43843.75,45856.25,44800.0,6.239402793943248,722,6,,,,,,,,,,,,,,,,,,,,
2026-09-15T09:48:01+08:00,2026-09-15T09:47:01+08:00,60.0,live,溫和偏空,mild_bear,-25.961058412381426,2026/09/15,09:47:57,45758.0,45761.0,45765.0,-13.0,19.0,0.04,42919,78,47416,2026/09/15,WTXOU6,175,,,44850.0,1001.5,43848.5,45851.5,44800.0,6.475509740219556,722,2,,,,,,,,,,,,,,,,,,,,
2026-09-15T09:49:01+08:00,2026-09-15T09:48:01+08:00,60.0,live,溫和偏多,mild_bull,33.66336633663367,2026/09/15,09:48:52,45775.0,45775.0,45777.0,17.0,2.0,0.0,42992,73,47416,2026/09/15,WTXOU6,175,,,44850.0,1010.0,43840.0,45860.0,44800.0,6.1685012567976045,722,3,,,,,,,,,,,,,,,,,,,,
2026-09-15T09:50:01+08:00,2026-09-15T09:49:01+08:00,60.0,live,強勢偏多,strong_bull,63.76811594202898,2026/09/15,09:49:58,45808.0,45801.0,45806.0,33.0,31.0,0.07,43107,115,47416,2026/09/15,WTXOU6,175,,,44850.0,1035.0,43815.0,45885.0,44850.0,4.209081331142711,494,0,,,,,,,,,,,,,,,,,,,,
2026-09-15T09:51:01+08:00,2026-09-15T09:50:01+08:00,60.0,live,溫和偏空,mild_bear,-21.55805977462028,2026/09/15,09:50:58,45797.0,45793.0,45796.0,-11.0,20.0,0.04,43435,328,47416,2026/09/15,WTXOU6,175,,,44850.0,1020.5,43829.5,45870.5,44800.0,5.792701467187968,722,23,,,,,,,,,,,,,,,,,,,,
2026-09-15T09:52:01+08:00,2026-09-15T09:51:01+08:00,60.0,live,溫和偏空,mild_bear,-25.609455799064275,2026/09/15,09:51:57,45784.0,45787.0,45789.0,-13.0,7.0,0.02,43672,237,47416,2026/09/15,WTXOU6,175,,,44850.0,1015.25,43834.75,45865.25,44800.0,6.011904666480647,722,9,,,,,,,,,,,,,,,,,,,,
2026-09-15T09:53:01+08:00,2026-09-15T09:52:01+08:00,60.0,live,溫和偏多,mild_bull,33.186920448999516,2026/09/15,09:52:58,45801.0,45802.0,45807.0,17.0,24.0,0.05,43774,102,47416,2026/09/15,WTXOU6,175,,,44850.0,1024.5,43825.5,45874.5,44850.0,4.294110414313395,494,0,,,,,,,,,,,,,,,,,,,,
2026-09-15T09:54:01+08:00,2026-09-15T09:53:01+08:00,60.0,live,強勢偏多,strong_bull,77.52304419758921,2026/09/15,09:53:57,45842.0,45842.0,45847.0,41.0,65.0,0.14,44000,226,47416,2026/09/15,WTXOU6,175,,,44850.0,1057.75,43792.25,45907.75,44850.0,5.288443435874001,494,9,,,,,,,,,,,,,,,,,,,,
2026-09-15T09:55:01+08:00,2026-09-15T09:54:01+08:00,60.0,live,強勢偏空,strong_bear,-92.3832923832924,2026/09/15,09:54:57,45795.0,45791.0,45796.0,-47.0,18.0,0.04,44109,109,47416,2026/09/15,WTXOU6,175,,,44850.0,1017.5,43832.5,45867.5,44800.0,4.369423030160126,722,0,,,,,,,,,,,,,,,,,,,,
2026-09-15T09:56:01+08:00,2026-09-15T09:55:01+08:00,60.0,live,強勢偏多,strong_bull,68.93250359023457,2026/09/15,09:55:58,45831.0,45828.0,45832.0,36.0,54.0,0.12,44216,107,47416,2026/09/15,WTXOU6,175,,,44850.0,1044.5,43805.5,45894.5,44850.0,3.9413768912223435,494,0,,,,,,,,,,,,,,,,,,,,
2026-09-15T09:57:00+08:00,2026-09-15T09:56:01+08:00,59.0,live,溫和偏空,mild_bear,-15.347721822541965,2026/09/15,09:56:57,45823.0,45820.0,45824.0,-8.0,46.0,0.1,44288,72,47416,2026/09/15,WTXOU6,175,,,44850.0,1042.5,43807.5,45892.5,44850.0,4.0325029795282905,494,0,,,,,,,,,,,,,,,,,,,,
2026-09-15T09:58:00+08:00,2026-09-15T09:57:00+08:00,60.0,live,強勢偏空,strong_bear,-96.12015018773468,2026/09/15,09:57:57,45775.0,45776.0,45779.0,-48.0,2.0,0.0,44384,96,47416,2026/09/15,WTXOU6,175,,,44850.0,998.75,43851.25,45848.75,44800.0,6.1685012567976045,722,2,,,,,,,,,,,,,,,,,,,,
2026-09-15T09:59:00+08:00,2026-09-15T09:58:00+08:00,60.0,live,強勢偏空,strong_bear,-46.80742813533452,2026/09/15,09:58:57,45752.0,45751.0,45754.0,-23.0,25.0,0.05,44528,144,47416,2026/09/15,WTXOU6,175,,,44850.0,982.75,43867.25,45832.75,44800.0,6.587475442640295,722,8,,,,,,,,,,,,,,,,,,,,
2026-09-15T10:00:01+08:00,2026-09-15T09:59:00+08:00,61.0,live,溫和偏多,mild_bull,16.108733954190786,2026/09/15,09:59:54,45760.0,45760.0,45763.0,8.0,17.0,0.04,44696,168,47416,2026/09/15,WTXOU6,175,,,44850.0,993.25,43856.75,45843.25,44800.0,6.43861234893726,722,9,,,,,,,,,,,,,,,,,,,,
2026-09-15T10:01:01+08:00,2026-09-15T10:00:01+08:00,60.0,live,震盪,neutral,-14.227642276422763,2026/09/15,10:00:56,45753.0,45746.0,45751.0,-7.0,24.0,0.05,44781,85,47416,2026/09/15,WTXOU6,175,,,44850.0,984.0,43866.0,45834.0,44800.0,6.568680946298611,722,4,,,,,,,,,,,,,,,,,,,,
2026-09-15T10:02:01+08:00,2026-09-15T10:01:01+08:00,60.0,live,強勢偏多,strong_bull,92.20205983325161,2026/09/15,10:01:57,45800.0,45793.0,45796.0,47.0,23.0,0.05,44868,87,47416,2026/09/15,WTXOU6,175,,,44850.0,1019.5,43830.5,45869.5,44800.0,5.322721308707236,722,3,,,,,,,,,,,,,,,,,,,,
2026-09-15T10:03:01+08:00,2026-09-15T10:02:01+08:00,60.0,live,溫和偏多,mild_bull,15.556635877491493,2026/09/15,10:02:58,45808.0,45805.0,45809.0,8.0,31.0,0.07,44963,95,47416,2026/09/15,WTXOU6,175,,,44850.0,1028.5,43821.5,45878.5,44850.0,5.8279587661976,494,3,,,,,,,,,,,,,,,,,,,,
2026-09-15T10:04:00+08:00,2026-09-15T10:03:01+08:00,59.0,live,溫和偏多,mild_bull,17.311853811012263,2026/09/15,10:03:58,45817.0,45819.0,45823.0,9.0,40.0,0.09,45075,112,47416,2026/09/15,WTXOU6,175,,,44850.0,1039.75,43810.25,45889.75,44850.0,5.680007354128314,494,5,,,,,,,,,,,,,,,,,,,,
2026-09-15T10:05:01+08:00,2026-09-15T10:04:00+08:00,61.0,live,溫和偏多,mild_bull,24.785510009532892,2026/09/15,10:04:56,45830.0,45830.0,45833.0,13.0,53.0,0.12,45157,82,47416,2026/09/15,WTXOU6,175,,,44850.0,1049.0,43801.0,45899.0,44850.0,5.472905636269618,494,3,,,,,,,,,,,,,,,,,,,,
2026-09-15T10:06:01+08:00,2026-09-15T10:05:01+08:00,60.0,live,強勢偏空,strong_bear,-50.78125,2026/09/15,10:05:57,45804.0,45799.0,45801.0,-26.0,27.0,0.06,45226,69,47416,2026/09/15,WTXOU6,175,,,44850.0,1024.0,43826.0,45874.0,44850.0,4.257461046721142,494,0,,,,,,,,,,,,,,,,,,,,
2026-09-15T10:07:01+08:00,2026-09-15T10:06:01+08:00,60.0,live,溫和偏多,mild_bull,38.38771593090211,2026/09/15,10:06:59,45824.0,45821.0,45825.0,20.0,47.0,0.1,45307,81,47416,2026/09/15,WTXOU6,175,,,44850.0,1042.0,43808.0,45892.0,44850.0,4.020997985975524,494,0,,,,,,,,,,,,,,,,,,,,
2026-09-15T10:08:01+08:00,2026-09-15T10:07:01+08:00,60.0,live,震盪,neutral,9.535160905840288,2026/09/15,10:07:59,45829.0,45828.0,45833.0,5.0,52.0,0.11,45383,76,47416,2026/09/15,WTXOU6,175,,,44850.0,1048.75,43801.25,45898.75,44850.0,5.488564869196316,494,2,,,,,,,,,,,,,,,,,,,,
2026-09-15T10:09:01+08:00,2026-09-15T10:08:01+08:00,60.0,live,溫和偏多,mild_bull,32.16650898770105,2026/09/15,10:08:55,45846.0,45845.0,45849.0,17.0,69.0,0.15,45479,96,47416,2026/09/15,WTXOU6,175,,,44850.0,1057.0,43793.0,45907.0,44850.0,5.228348138119663,494,1,,,,,,,,,,,,,,,,,,,,
2026-09-15T10:10:01+08:00,2026-09-15T10:09:01+08:00,60.0,live,溫和偏多,mild_bull,15.062367615909627,2026/09/15,10:09:59,45854.0,45853.0,45857.0,8.0,77.0,0.17,45597,118,47416,2026/09/15,WTXOU6,175,,,44850.0,1062.25,43787.75,45912.25,,,,,,,,,,,,,,,,,,,,,,,,
2026-09-15T10:11:01+08:00,2026-09-15T10:10:01+08:00,60.0,live,溫和偏多,mild_bull,16.736401673640167,2026/09/15,10:10:56,45863.0,45861.0,45865.0,9.0,86.0,0.19,45710,113,47416,2026/09/15,WTXOU6,175,,,44850.0,1075.5,43774.5,45925.5,,,,,,,,,,,,,,,,,,,,,,,,
2026-09-15T10:12:00+08:00,2026-09-15T10:11:01+08:00,59.0,live,強勢偏多,strong_bull,45.703839122486286,2026/09/15,10:11:57,45888.0,45887.0,45890.0,25.0,111.0,0.24,45870,160,47416,2026/09/15,WTXOU6,175,,,44850.0,1094.0,43756.0,45944.0,,,,,,,,,,,,,,,,,,,,,,,,
2026-09-15T10:13:01+08:00,2026-09-15T10:12:00+08:00,61.0,live,溫和偏空,mild_bear,-27.675276752767523,2026/09/15,10:12:58,45873.0,45873.0,45877.0,-15.0,96.0,0.21,46135,265,47416,2026/09/15,WTXOU6,175,,,44850.0,1084.0,43766.0,45934.0,,,,,,,,,,,,,,,,,,,,,,,,
2026-09-15T10:14:01+08:00,2026-09-15T10:13:01+08:00,60.0,live,震盪,neutral,7.376671277086215,2026/09/15,10:13:57,45877.0,45871.0,45876.0,4.0,100.0,0.22,46212,77,47416,2026/09/15,WTXOU6,175,,,44850.0,1084.5,43765.5,45934.5,,,,,,,,,,,,,,,,,,,,,,,,
2026-09-15T10:15:00+08:00,2026-09-15T10:14:01+08:00,59.0,live,溫和偏多,mild_bull,20.11888431641518,2026/09/15,10:14:58,45888.0,45884.0,45888.0,11.0,111.0,0.24,46263,51,47416,2026/09/15,WTXOU6,175,,,44850.0,1093.5,43756.5,45943.5,,,,,,,,,,,,,,,,,,,,,,,,
2026-09-15T10:16:01+08:00,2026-09-15T10:15:00+08:00,61.0,live,震盪,neutral,0.0,2026/09/15,10:15:58,45888.0,45885.0,45888.0,0.0,111.0,0.24,46353,90,47416,2026/09/15,WTXOU6,175,,,44850.0,1093.0,43757.0,45943.0,,,,,,,,,,,,,,,,,,,,,,,,
2026-09-15T10:17:01+08:00,2026-09-15T10:16:01+08:00,60.0,live,震盪,neutral,-9.182736455463727,2026/09/15,10:16:57,45883.0,45881.0,45883.0,-5.0,106.0,0.23,46426,73,47416,2026/09/15,WTXOU6,175,,,44850.0,1089.0,43761.0,45939.0,,,,,,,,,,,,,,,,,,,,,,,,
2026-09-15T10:18:00+08:00,2026-09-15T10:17:01+08:00,59.0,live,強勢偏空,strong_bear,-46.948356807511736,2026/09/15,10:17:55,45858.0,45859.0,45863.0,-25.0,81.0,0.18,46519,93,47416,2026/09/15,WTXOU6,175,,,44850.0,1065.0,43785.0,45915.0,,,,,,,,,,,,,,,,,,,,,,,,
2026-09-15T10:19:01+08:00,2026-09-15T10:18:00+08:00,61.0,live,強勢偏空,strong_bear,-67.34006734006734,2026/09/15,10:18:57,45823.0,45821.0,45825.0,-35.0,46.0,0.1,46713,194,47416,2026/09/15,WTXOU6,175,,,44850.0,1039.5,43810.5,45889.5,44850.0,4.0325029795282905,494,0,,,,,,,,,,,,,,,,,,,,
2026-09-15T10:20:01+08:00,2026-09-15T10:19:01+08:00,60.0,live,溫和偏多,mild_bull,17.274472168905948,2026/09/15,10:19:58,45832.0,45827.0,45831.0,9.0,55.0,0.12,46802,89,47416,2026/09/15,WTXOU6,175,,,44850.0,1042.0,43808.0,45892.0,44850.0,3.9301318863326418,494,0,,,,,,,,,,,,,,,,,,,,
2026-09-15T10:21:01+08:00,2026-09-15T10:20:01+08:00,60.0,live,強勢偏多,strong_bull,45.09159229685299,2026/09/15,10:20:55,45856.0,45857.0,45861.0,24.0,79.0,0.17,46851,49,47416,2026/09/15,WTXOU6,175,,,44850.0,1064.5,43785.5,45914.5,,,,,,,,,,,,,,,,,,,,,,,,
2026-09-15T10:22:01+08:00,2026-09-15T10:21:01+08:00,60.0,live,震盪,neutral,-7.874015748031496,2026/09/15,10:21:54,45852.0,45846.0,45851.0,-4.0,75.0,0.16,46908,57,47416,2026/09/15,WTXOU6,175,,,44850.0,1016.0,43834.0,45866.0,,,,,,,,,,,,,,,,,,,,,,,,
2026-09-15T10:23:01+08:00,2026-09-15T10:22:01+08:00,60.0,live,震盪,neutral,3.755868544600939,2026/09/15,10:22:58,45854.0,45853.0,45855.0,2.0,77.0,0.17,46957,49,47416,2026/09/15,WTXOU6,175,,,44850.0,1065.0,43785.0,45915.0,,,,,,,,,,,,,,,,,,,,,,,,
2026-09-15T10:24:01+08:00,2026-09-15T10:23:01+08:00,60.0,live,溫和偏多,mild_bull,16.755876192692575,2026/09/15,10:23:58,45863.0,45862.0,45867.0,9.0,86.0,0.19,47020,63,47416,2026/09/15,WTXOU6,175,,,44850.0,1074.25,43775.75,45924.25,,,,,,,,,,,,,,,,,,,,,,,,
2026-09-15T10:25:00+08:00,2026-09-15T10:24:01+08:00,59.0,live,震盪,neutral,1.8617640214102864,2026/09/15,10:24:56,45864.0,45865.0,45869.0,1.0,87.0,0.19,47063,43,47416,2026/09/15,WTXOU6,175,,,44850.0,1074.25,43775.75,45924.25,,,,,,,,,,,,,,,,,,,,,,,,
2026-09-15T10:26:00+08:00,2026-09-15T10:25:00+08:00,60.0,live,強勢偏多,strong_bull,51.01343657481211,2026/09/15,10:25:58,45892.0,45892.0,45894.0,28.0,115.0,0.25,47140,77,47416,2026/09/15,WTXOU6,175,,,44850.0,1097.75,43752.25,45947.75,,,,,,,,,,,,,,,,,,,,,,,,
2026-09-15T10:27:00+08:00,2026-09-15T10:26:00+08:00,60.0,live,震盪,neutral,1.8227386648439279,2026/09/15,10:26:57,45893.0,45892.0,45896.0,1.0,116.0,0.25,47250,110,47416,2026/09/15,WTXOU6,175,,,44850.0,1097.25,43752.75,45947.25,,,,,,,,,,,,,,,,,,,,,,,,
2026-09-15T10:28:01+08:00,2026-09-15T10:27:00+08:00,61.0,live,溫和偏空,mild_bear,-22.160664819944596,2026/09/15,10:27:56,45881.0,45879.0,45883.0,-12.0,104.0,0.23,47330,80,47416,2026/09/15,WTXOU6,175,,,44850.0,1083.0,43767.0,45933.0,,,,,,,,,,,,,,,,,,,,,,,,
2026-09-15T10:29:01+08:00,2026-09-15T10:28:01+08:00,60.0,live,震盪,neutral,-3.6934441366574324,2026/09/15,10:28:55,45879.0,45876.0,45880.0,-2.0,102.0,0.22,47361,31,47416,2026/09/15,WTXOU6,175,,,44850.0,1083.0,43767.0,45933.0,,,,,,,,,,,,,,,,,,,,,,,,
2026-09-15T10:30:01+08:00,2026-09-15T10:29:01+08:00,60.0,live,震盪,neutral,1.8378130025269928,2026/09/15,10:29:55,45880.0,45880.0,45885.0,1.0,103.0,0.23,47403,42,47416,2026/09/15,WTXOU6,175,,,44850.0,1088.25,43761.75,45938.25,,,,,,,,,,,,,,,,,,,,,,,,
2026-09-15T10:31:01+08:00,2026-09-15T10:30:01+08:00,60.0,live,震盪,neutral,1.8467220683287162,2026/09/15,10:30:56,45881.0,45879.0,45883.0,1.0,104.0,0.23,47464,61,47416,2026/09/15,WTXOU6,175,,,44850.0,1083.0,43767.0,45933.0,,,,,,,,,,,,,,,,,,,,,,,,
2026-09-15T10:32:01+08:00,2026-09-15T10:31:01+08:00,60.0,live,溫和偏多,mild_bull,25.52415679124886,2026/09/15,10:31:57,45895.0,45891.0,45895.0,14.0,118.0,0.26,47585,121,47416,2026/09/15,WTXOU6,175,,,44850.0,1097.0,43753.0,45947.0,,,,,,,,,,,,,,,,,,,,,,,,
2026-09-15T10:33:01+08:00,2026-09-15T10:32:01+08:00,60.0,live,溫和偏空,mild_bear,-27.713625866050805,2026/09/15,10:32:53,45880.0,45880.0,45883.0,-15.0,103.0,0.23,47649,64,47416,2026/09/15,WTXOU6,175,,,44850.0,1082.5,43767.5,45932.5,,,,,,,,,,,,,,,,,,,,,,,,
2026-09-15T10:34:00+08:00,2026-09-15T10:33:01+08:00,59.0,live,溫和偏多,mild_bull,27.353544563483016,2026/09/15,10:33:57,45895.0,45896.0,45899.0,15.0,118.0,0.26,47712,63,47416,2026/09/15,WTXOU6,175,,,44850.0,1096.75,43753.25,45946.75,,,,,,,,,,,,,,,,,,,,,,,,
2026-09-15T10:35:01+08:00,2026-09-15T10:34:00+08:00,61.0,live,溫和偏多,mild_bull,35.87443946188341,2026/09/15,10:34:57,45915.0,45914.0,45918.0,20.0,138.0,0.3,47881,169,47416,2026/09/15,WTXOU6,175,,,44850.0,1115.0,43735.0,45965.0,,,,,,,,,,,,,,,,,,,,,,,,
2026-09-15T10:36:01+08:00,2026-09-15T10:35:01+08:00,60.0,live,強勢偏空,strong_bear,-82.0130475302889,2026/09/15,10:35:58,45871.0,45867.0,45871.0,-44.0,94.0,0.21,47991,110,47416,2026/09/15,WTXOU6,175,,,44850.0,1073.0,43777.0,45923.0,,,,,,,,,,,,,,,,,,,,,,,,
2026-09-15T10:37:00+08:00,2026-09-15T10:36:01+08:00,59.0,live,震盪,neutral,-9.315323707498834,2026/09/15,10:36:56,45866.0,45862.0,45866.0,-5.0,89.0,0.19,48169,178,47416,2026/09/15,WTXOU6,175,,,44850.0,1073.5,43776.5,45923.5,,,,,,,,,,,,,,,,,,,,,,,,
2026-09-15T10:38:00+08:00,2026-09-15T10:37:00+08:00,60.0,live,強勢偏空,strong_bear,-49.74886390815595,2026/09/15,10:37:54,45840.0,45835.0,45839.0,-26.0,63.0,0.14,48226,57,47416,2026/09/15,WTXOU6,175,,,44850.0,1045.25,43804.75,45895.25,44850.0,5.318749619280108,494,6,,,,,,,,,,,,,,,,,,,,
2026-09-15T10:39:01+08:00,2026-09-15T10:38:00+08:00,61.0,live,震盪,neutral,7.620862110026197,2026/09/15,10:38:57,45844.0,45840.0,45844.0,4.0,67.0,0.15,48275,49,47416,2026/09/15,WTXOU6,175,,,44850.0,1049.75,43800.25,45899.75,44850.0,5.258309936805075,494,1,,,,,,,,,,,,,,,,,,,,
2026-09-15T10:40:01+08:00,2026-09-15T10:39:01+08:00,60.0,live,溫和偏空,mild_bear,-15.311004784688995,2026/09/15,10:39:58,45836.0,45835.0,45839.0,-8.0,59.0,0.13,48306,31,47416,2026/09/15,WTXOU6,175,,,44850.0,1045.0,43805.0,45895.0,44850.0,3.8854717800486567,494,0,,,,,,,,,,,,,,,,,,,,
2026-09-15T10:41:00+08:00,2026-09-15T10:40:01+08:00,59.0,live,溫和偏空,mild_bear,-38.87269193391643,2026/09/15,10:40:56,45816.0,45811.0,45815.0,-20.0,39.0,0.09,48430,124,47416,2026/09/15,WTXOU6,175,,,44850.0,1029.0,43821.0,45879.0,44850.0,4.113964943376648,494,0,,,,,,,,,,,,,,,,,,,,
2026-09-15T10:42:00+08:00,2026-09-15T10:41:00+08:00,60.0,live,震盪,neutral,-3.885381253035454,2026/09/15,10:41:55,45814.0,45814.0,45818.0,-2.0,37.0,0.08,48705,275,47416,2026/09/15,WTXOU6,175,,,44850.0,1029.5,43820.5,45879.5,44850.0,5.728902382212826,494,7,,,,,,,,,,,,,,,,,,,,
2026-09-15T10:43:00+08:00,2026-09-15T10:42:00+08:00,60.0,live,溫和偏空,mild_bear,-15.609756097560979,2026/09/15,10:42:58,45806.0,45805.0,45810.0,-8.0,29.0,0.06,48745,40,47416,2026/09/15,WTXOU6,175,,,44850.0,1025.0,43825.0,45875.0,44850.0,5.861356719563897,494,1,,,,,,,,,,,,,,,,,,,,
2026-09-15T10:44:00+08:00,2026-09-15T10:43:00+08:00,60.0,live,強勢偏多,strong_bull,80.03811338732729,2026/09/15,10:43:57,45848.0,45842.0,45846.0,42.0,71.0,0.16,48829,84,47416,2026/09/15,WTXOU6,175,,,44850.0,1049.5,43800.5,45899.5,44850.0,3.7545134332843637,494,0,,,,,,,,,,,,,,,,,,,,
2026-09-15T10:45:00+08:00,2026-09-15T10:44:00+08:00,60.0,live,強勢偏空,strong_bear,-62.00048437878421,2026/09/15,10:44:59,45816.0,45814.0,45819.0,-32.0,39.0,0.09,48918,89,47416,2026/09/15,WTXOU6,175,,,44850.0,1032.25,43817.75,45882.25,44850.0,5.6962591523676664,494,6,,,,,,,,,,,,,,,,,,,,
2026-09-15T10:46:00+08:00,2026-09-15T10:45:00+08:00,60.0,live,震盪,neutral,11.549566891241577,2026/09/15,10:45:58,45822.0,45821.0,45825.0,6.0,45.0,0.1,48981,63,47416,2026/09/15,WTXOU6,175,,,44850.0,1039.0,43811.0,45889.0,44850.0,5.599441234377857,494,1,,,,,,,,,,,,,,,,,,,,
2026-09-15T10:47:01+08:00,2026-09-15T10:46:00+08:00,61.0,live,震盪,neutral,3.8610038610038617,2026/09/15,10:46:52,45824.0,45823.0,45827.0,2.0,47.0,0.1,49035,54,47416,2026/09/15,WTXOU6,175,,,44850.0,1036.0,43814.0,45886.0,44850.0,4.020997985975524,494,0,,,,,,,,,,,,,,,,,,,,
2026-09-15T10:48:00+08:00,2026-09-15T10:47:01+08:00,59.0,live,溫和偏空,mild_bear,-39.30238270695161,2026/09/15,10:47:56,45804.0,45802.0,45806.0,-20.0,27.0,0.06,49098,63,47416,2026/09/15,WTXOU6,175,,,44850.0,1017.75,43832.25,45867.75,44850.0,5.894946064690812,494,1,,,,,,,,,,,,,,,,,,,,
2026-09-15T10:49:00+08:00,2026-09-15T10:48:00+08:00,60.0,live,震盪,neutral,0.0,2026/09/15,10:48:58,45804.0,45802.0,45806.0,0.0,27.0,0.06,49177,79,47416,2026/09/15,WTXOU6,175,,,44850.0,1020.0,43830.0,45870.0,44850.0,5.894946064690812,494,6,,,,,,,,,,,,,,,,,,,,
2026-09-15T10:50:00+08:00,2026-09-15T10:49:00+08:00,60.0,live,溫和偏多,mild_bull,21.421616358325217,2026/09/15,10:49:58,45815.0,45811.0,45815.0,11.0,38.0,0.08,49220,43,47416,2026/09/15,WTXOU6,175,,,44850.0,1027.0,43823.0,45877.0,44850.0,4.125735936626317,494,0,,,,,,,,,,,,,,,,,,,,
2026-09-15T10:51:00+08:00,2026-09-15T10:50:00+08:00,60.0,live,溫和偏空,mild_bear,-17.647058823529417,2026/09/15,10:50:55,45806.0,45803.0,45807.0,-9.0,29.0,0.06,49267,47,47416,2026/09/15,WTXOU6,175,,,44850.0,1020.0,43830.0,45870.0,44850.0,4.233202075240593,494,0,,,,,,,,,,,,,,,,,,,,
2026-09-15T10:52:00+08:00,2026-09-15T10:51:00+08:00,60.0,live,震盪,neutral,-7.881773399014779,2026/09/15,10:51:57,45802.0,45799.0,45804.0,-4.0,25.0,0.05,49303,36,47416,2026/09/15,WTXOU6,175,,,44850.0,1015.0,43835.0,45865.0,44850.0,5.928727898376265,494,1,,,,,,,,,,,,,,,,,,,,
2026-09-15T10:53:00+08:00,2026-09-15T10:52:00+08:00,60.0,live,震盪,neutral,-1.9646365422396856,2026/09/15,10:52:58,45801.0,45800.0,45802.0,-1.0,24.0,0.05,49356,53,47416,2026/09/15,WTXOU6,175,,,44850.0,1018.0,43832.0,45868.0,44850.0,4.294110414313395,494,0,,,,,,,,,,,,,,,,,,,,
2026-09-15T10:54:00+08:00,2026-09-15T10:53:00+08:00,60.0,live,震盪,neutral,0.0,2026/09/15,10:53:57,45801.0,45799.0,45802.0,0.0,24.0,0.05,49389,33,47416,2026/09/15,WTXOU6,175,,,44850.0,1015.5,43834.5,45865.5,44850.0,4.294110414313395,494,0,,,,,,,,,,,,,,,,,,,,
2026-09-15T10:55:00+08:00,2026-09-15T10:54:00+08:00,60.0,live,溫和偏多,mild_bull,15.686274509803921,2026/09/15,10:54:58,45809.0,45805.0,45809.0,8.0,32.0,0.07,49434,45,47416,2026/09/15,WTXOU6,175,,,44850.0,1020.0,43830.0,45870.0,44850.0,5.811331220385163,494,2,,,,,,,,,,,,,,,,,,,,
2026-09-15T10:56:01+08:00,2026-09-15T10:55:00+08:00,61.0,live,溫和偏多,mild_bull,32.90587950641181,2026/09/15,10:55:57,45826.0,45823.0,45826.0,17.0,49.0,0.11,49497,63,47416,2026/09/15,WTXOU6,175,,,44850.0,1033.25,43816.75,45883.25,44850.0,3.998086378706622,494,0,,,,,,,,,,,,,,,,,,,,
2026-09-15T10:57:01+08:00,2026-09-15T10:56:01+08:00,60.0,live,溫和偏多,mild_bull,24.975984630163307,2026/09/15,10:56:52,45839.0,45836.0,45841.0,13.0,62.0,0.14,49584,87,47416,2026/09/15,WTXOU6,175,,,44850.0,1041.0,43809.0,45891.0,44850.0,5.333967776636074,494,25,,,,,,,,,,,,,,,,,,,,
2026-09-15T10:58:00+08:00,2026-09-15T10:57:01+08:00,59.0,live,震盪,neutral,-9.64785335262904,2026/09/15,10:57:56,45834.0,45830.0,45835.0,-5.0,57.0,0.12,49622,38,47416,2026/09/15,WTXOU6,175,,,44850.0,1036.5,43813.5,45886.5,44850.0,3.9077380332124205,494,0,,,,,,,,,,,,,,,,,,,,
2026-09-15T10:59:00+08:00,2026-09-15T10:58:00+08:00,60.0,live,溫和偏空,mild_bear,-27.33040507564666,2026/09/15,10:58:55,45820.0,45818.0,45823.0,-14.0,43.0,0.09,49674,52,47416,2026/09/15,WTXOU6,175,,,44850.0,1024.5,43825.5,45874.5,44850.0,4.0672158476888605,494,0,,,,,,,,,,,,,,,,,,,,
2026-09-15T11:00:00+08:00,2026-09-15T10:59:00+08:00,60.0,live,溫和偏空,mild_bear,-23.63367799113737,2026/09/15,10:59:57,45808.0,45809.0,45813.0,-12.0,31.0,0.07,49746,72,47416,2026/09/15,WTXOU6,175,,,44850.0,1015.5,43834.5,45865.5,44850.0,4.209081331142711,494,0,,,,,,,,,,,,,,,,,,,,
2026-09-15T11:01:00+08:00,2026-09-15T11:00:00+08:00,60.0,live,溫和偏多,mild_bull,40.62877871825877,2026/09/15,11:00:56,45829.0,45829.0,45832.0,21.0,52.0,0.11,49840,94,47416,2026/09/15,WTXOU6,175,,,44850.0,1033.75,43816.25,45883.75,44850.0,5.488564869196316,494,4,,,,,,,,,,,,,,,,,,,,
2026-09-15T11:02:00+08:00,2026-09-15T11:01:00+08:00,60.0,live,溫和偏空,mild_bear,-23.414634146341466,2026/09/15,11:01:56,45817.0,45816.0,45821.0,-12.0,40.0,0.09,49881,41,47416,2026/09/15,WTXOU6,175,,,44850.0,1025.0,43825.0,45875.0,44850.0,4.102227533537116,494,0,,,,,,,,,,,,,,,,,,,,
2026-09-15T11:03:00+08:00,2026-09-15T11:02:00+08:00,60.0,live,強勢偏空,strong_bear,-66.28169721315591,2026/09/15,11:02:58,45784.0,45782.0,45786.0,-33.0,7.0,0.02,49990,109,47416,2026/09/15,WTXOU6,175,,,44850.0,995.75,43854.25,45845.75,44800.0,6.011904666480647,722,1,,,,,,,,,,,,,,,,,,,,
2026-09-15T11:04:01+08:00,2026-09-15T11:03:00+08:00,61.0,live,震盪,neutral,-2.0130850528434827,2026/09/15,11:03:57,45783.0,45781.0,45785.0,-1.0,6.0,0.01,50211,221,47416,2026/09/15,WTXOU6,175,,,44850.0,993.5,43856.5,45843.5,44800.0,5.689360949691775,722,3,,,,,,,,,,,,,,,,,,,,
2026-09-15T11:05:00+08:00,2026-09-15T11:04:01+08:00,59.0,live,溫和偏空,mild_bear,-22.16624685138539,2026/09/15,11:04:58,45772.0,45770.0,45773.0,-11.0,5.0,0.01,50319,108,47416,2026/09/15,WTXOU6,175,,,44850.0,992.5,43857.5,45842.5,44800.0,6.221601371530952,722,96,,,,,,,,,,,,,,,,,,,,
2026-09-15T11:06:00+08:00,2026-09-15T11:05:00+08:00,60.0,live,震盪,neutral,12.066365007541478,2026/09/15,11:05:54,45778.0,45778.0,45781.0,6.0,1.0,0.0,50531,212,47416,2026/09/15,WTXOU6,175,,,44850.0,994.5,43855.5,45844.5,44850.0,5.556973654726857,494,8,,,,,,,,,,,,,,,,,,,,
2026-09-15T11:07:00+08:00,2026-09-15T11:06:00+08:00,60.0,live,震盪,neutral,-6.060606060606061,2026/09/15,11:06:58,45775.0,45773.0,45778.0,-3.0,2.0,0.0,50572,41,47416,2026/09/15,WTXOU6,175,,,44850.0,990.0,43860.0,45840.0,44800.0,6.1685012567976045,722,2,,,,,,,,,,,,,,,,,,,,
2026-09-15T11:08:00+08:00,2026-09-15T11:07:00+08:00,60.0,live,溫和偏多,mild_bull,31.793343268753105,2026/09/15,11:07:58,45791.0,45791.0,45794.0,16.0,14.0,0.03,50644,72,47416,2026/09/15,WTXOU6,175,,,44850.0,1006.5,43843.5,45856.5,44800.0,5.892860978131021,722,126,,,,,,,,,,,,,,,,,,,,
2026-09-15T11:09:00+08:00,2026-09-15T11:08:00+08:00,60.0,live,溫和偏空,mild_bear,-18.00450112528132,2026/09/15,11:08:58,45782.0,45782.0,45786.0,-9.0,5.0,0.01,50692,48,47416,2026/09/15,WTXOU6,175,,,44850.0,999.75,43850.25,45849.75,44850.0,5.49382691023707,494,1,,,,,,,,,,,,,,,,,,,,
2026-09-15T11:10:00+08:00,2026-09-15T11:09:00+08:00,60.0,live,溫和偏空,mild_bear,-34.64968152866242,2026/09/15,11:09:58,45765.0,45761.0,45766.0,-17.0,12.0,0.03,50765,73,47416,2026/09/15,WTXOU6,175,,,44850.0,981.25,43868.75,45831.25,44850.0,5.76725661344673,494,11,,,,,,,,,,,,,,,,,,,,
2026-09-15T11:11:00+08:00,2026-09-15T11:10:00+08:00,60.0,live,震盪,neutral,-4.08371618172537,2026/09/15,11:10:56,45763.0,45760.0,45764.0,-2.0,14.0,0.03,50848,83,47416,2026/09/15,WTXOU6,175,,,44850.0,979.5,43870.5,45829.5,44800.0,5.916227401380399,722,1,,,,,,,,,,,,,,,,,,,,
2026-09-15T11:12:00+08:00,2026-09-15T11:11:00+08:00,60.0,live,震盪,neutral,6.099110546378654,2026/09/15,11:11:58,45766.0,45764.0,45769.0,3.0,11.0,0.02,50898,50,47416,2026/09/15,WTXOU6,175,,,44850.0,983.75,43866.25,45833.75,44800.0,6.329176835964073,722,1,,,,,,,,,,,,,,,,,,,,
2026-09-15T11:13:00+08:00,2026-09-15T11:12:00+08:00,60.0,live,溫和偏多,mild_bull,26.13065326633166,2026/09/15,11:12:57,45779.0,45777.0,45782.0,13.0,2.0,0.0,50970,72,47416,2026/09/15,WTXOU6,175,,,44850.0,995.0,43855.0,45845.0,44800.0,6.098405410218128,722,1,,,,,,,,,,,,,,,,,,,,
2026-09-15T11:14:00+08:00,2026-09-15T11:13:00+08:00,60.0,live,震盪,neutral,-12.108980827447022,2026/09/15,11:13:53,45773.0,45774.0,45778.0,-6.0,4.0,0.01,51022,52,47416,2026/09/15,WTXOU6,175,,,44850.0,991.0,43859.0,45841.0,44800.0,6.203850737735832,722,1,,,,,,,,,,,,,,,,,,,,
2026-09-15T11:15:01+08:00,2026-09-15T11:14:00+08:00,61.0,live,強勢偏空,strong_bear,-51.51983513652756,2026/09/15,11:14:57,45748.0,45749.0,45753.0,-25.0,29.0,0.06,51146,124,47416,2026/09/15,WTXOU6,175,,,44850.0,970.5,43879.5,45820.5,44800.0,6.663192722308139,722,2,,,,,,,,,,,,,,,,,,,,
2026-09-15T11:16:00+08:00,2026-09-15T11:15:01+08:00,59.0,live,溫和偏空,mild_bear,-20.811654526534863,2026/09/15,11:15:57,45738.0,45737.0,45742.0,-10.0,39.0,0.09,51243,97,47416,2026/09/15,WTXOU6,175,,,44850.0,961.0,43889.0,45811.0,44800.0,5.142236561570844,722,0,,,,,,,,,,,,,,,,,,,,
2026-09-15T11:17:00+08:00,2026-09-15T11:16:00+08:00,60.0,live,強勢偏空,strong_bear,-48.75463698993111,2026/09/15,11:16:58,45715.0,45715.0,45718.0,-23.0,62.0,0.14,51451,208,47416,2026/09/15,WTXOU6,175,,,44850.0,943.5,43906.5,45793.5,44800.0,7.322007007189075,722,7,,,,,,,,,,,,,,,,,,,,
2026-09-15T11:18:00+08:00,2026-09-15T11:17:00+08:00,60.0,live,溫和偏多,mild_bull,21.0637177461822,2026/09/15,11:17:58,45725.0,45722.0,45727.0,10.0,52.0,0.11,51550,99,47416,2026/09/15,WTXOU6,175,,,44850.0,949.5,43900.5,45799.5,44800.0,6.594727136723083,722,1,,,,,,,,,,,,,,,,,,,,
2026-09-15T11:19:00+08:00,2026-09-15T11:18:00+08:00,60.0,live,強勢偏多,strong_bull,65.55697823303457,2026/09/15,11:18:58,45757.0,45756.0,45759.0,32.0,20.0,0.04,51618,68,47416,2026/09/15,WTXOU6,175,,,44850.0,976.25,43873.75,45826.25,44800.0,6.4940376524622225,722,8,,,,,,,,,,,,,,,,,,,,
2026-09-15T11:20:00+08:00,2026-09-15T11:19:00+08:00,60.0,live,溫和偏空,mild_bear,-26.94300518134715,2026/09/15,11:19:58,45744.0,45743.0,45747.0,-13.0,33.0,0.07,51690,72,47416,2026/09/15,WTXOU6,175,,,44850.0,965.0,43885.0,45815.0,44800.0,6.246271319027697,722,1,,,,,,,,,,,,,,,,,,,,
2026-09-15T11:21:00+08:00,2026-09-15T11:20:00+08:00,60.0,live,溫和偏空,mild_bear,-16.69274908711528,2026/09/15,11:20:58,45736.0,45733.0,45738.0,-8.0,41.0,0.09,51753,63,47416,2026/09/15,WTXOU6,175,,,44850.0,958.5,43891.5,45808.5,44800.0,6.895606514026021,722,4,,,,,,,,,,,,,,,,,,,,
2026-09-15T11:22:00+08:00,2026-09-15T11:21:00+08:00,60.0,live,溫和偏多,mild_bull,16.5374677002584,2026/09/15,11:21:58,45744.0,45745.0,45747.0,8.0,33.0,0.07,51815,62,47416,2026/09/15,WTXOU6,175,,,44850.0,967.5,43882.5,45817.5,44800.0,6.739780306008266,722,2,,,,,,,,,,,,,,,,,,,,
2026-09-15T11:23:00+08:00,2026-09-15T11:22:00+08:00,60.0,live,溫和偏空,mild_bear,-20.909566126502874,2026/09/15,11:22:55,45734.0,45731.0,45735.0,-10.0,43.0,0.09,51938,123,47416,2026/09/15,WTXOU6,175,,,44850.0,956.5,43893.5,45806.5,44800.0,6.935122775898621,722,4,,,,,,,,,,,,,,,,,,,,
2026-09-15T11:24:00+08:00,2026-09-15T11:23:00+08:00,60.0,live,強勢偏空,strong_bear,-100.0,2026/09/15,11:23:58,45687.0,45686.0,45690.0,-47.0,90.0,0.2,52145,207,47416,2026/09/15,WTXOU6,175,,,44850.0,917.0,43933.0,45767.0,44800.0,7.931835500313354,722,9,44700.0,5.458508174323534,720,4,,,,,,,,,,,,,,,,
2026-09-15T11:25:01+08:00,2026-09-15T11:24:00+08:00,61.0,live,強勢偏多,strong_bull,49.32975871313673,2026/09/15,11:24:58,45710.0,45707.0,45710.0,23.0,67.0,0.15,52287,142,47416,2026/09/15,WTXOU6,175,,,44850.0,932.5,43917.5,45782.5,44800.0,7.427357821433388,722,2,,,,,,,,,,,,,,,,,,,,
2026-09-15T11:26:00+08:00,2026-09-15T11:25:01+08:00,59.0,live,強勢偏空,strong_bear,-77.22007722007721,2026/09/15,11:25:58,45675.0,45670.0,45674.0,-35.0,102.0,0.22,52421,134,47416,2026/09/15,WTXOU6,175,,,44850.0,906.5,43943.5,45756.5,44800.0,8.20849986238988,722,3,44700.0,5.511165196865204,720,1,,,,,,,,,,,,,,,,
2026-09-15T11:27:00+08:00,2026-09-15T11:26:00+08:00,60.0,live,溫和偏多,mild_bull,21.857923497267763,2026/09/15,11:26:58,45685.0,45682.0,45686.0,10.0,92.0,0.2,52638,217,47416,2026/09/15,WTXOU6,175,,,44850.0,915.0,43935.0,45765.0,44800.0,7.0382637923173865,722,7,44700.0,5.989351630685003,720,25,,,,,,,,,,,,,,,,
2026-09-15T11:28:00+08:00,2026-09-15T11:27:00+08:00,60.0,live,強勢偏多,strong_bull,61.73496540713146,2026/09/15,11:27:58,45714.0,45712.0,45716.0,29.0,63.0,0.14,52765,127,47416,2026/09/15,WTXOU6,175,,,44850.0,939.5,43910.5,45789.5,44800.0,7.342956941435459,722,7,,,,,,,,,,,,,,,,,,,,
2026-09-15T11:29:00+08:00,2026-09-15T11:28:00+08:00,60.0,live,溫和偏多,mild_bull,33.6664913203577,2026/09/15,11:28:58,45730.0,45729.0,45733.0,16.0,47.0,0.1,52890,125,47416,2026/09/15,WTXOU6,175,,,44850.0,950.5,43899.5,45800.5,44800.0,7.014835958183076,722,15,,,,,,,,,,,,,,,,,,,,
2026-09-15T11:30:01+08:00,2026-09-15T11:29:00+08:00,61.0,live,強勢偏多,strong_bull,55.52699228791774,2026/09/15,11:29:58,45757.0,45754.0,45758.0,27.0,20.0,0.04,53016,126,47416,2026/09/15,WTXOU6,175,,,44850.0,972.5,43877.5,45822.5,44800.0,6.4940376524622225,722,28,,,,,,,,,,,,,,,,,,,,
2026-09-15T11:31:00+08:00,2026-09-15T11:30:01+08:00,59.0,live,溫和偏空,mild_bear,-24.831867563372995,2026/09/15,11:30:57,45745.0,45747.0,45751.0,-12.0,32.0,0.07,53194,178,47416,2026/09/15,WTXOU6,175,,,44850.0,966.5,43883.5,45816.5,44800.0,6.7205512739749755,722,4,,,,,,,,,,,,,,,,,,,,
2026-09-15T11:32:00+08:00,2026-09-15T11:31:00+08:00,60.0,live,震盪,neutral,6.207966890843249,2026/09/15,11:31:58,45748.0,45749.0,45754.0,3.0,29.0,0.06,53276,82,47416,2026/09/15,WTXOU6,175,,,44850.0,966.5,43883.5,45816.5,44800.0,6.663192722308139,722,3,,,,,,,,,,,,,,,,,,,,
2026-09-15T11:33:00+08:00,2026-09-15T11:32:00+08:00,60.0,live,溫和偏多,mild_bull,16.443987667009246,2026/09/15,11:32:55,45756.0,45758.0,45761.0,8.0,21.0,0.05,53332,56,47416,2026/09/15,WTXOU6,175,,,44850.0,973.0,43877.0,45823.0,44800.0,6.512618577293219,722,5,,,,,,,,,,,,,,,,,,,,
2026-09-15T11:34:00+08:00,2026-09-15T11:33:00+08:00,60.0,live,震盪,neutral,-6.182380216383307,2026/09/15,11:33:57,45753.0,45753.0,45757.0,-3.0,24.0,0.05,53382,50,47416,2026/09/15,WTXOU6,175,,,44850.0,970.5,43879.5,45820.5,44850.0,5.968419934575595,494,2,,,,,,,,,,,,,,,,,,,,
2026-09-15T11:35:00+08:00,2026-09-15T11:34:00+08:00,60.0,live,溫和偏空,mild_bear,-29.288702928870293,2026/09/15,11:34:58,45739.0,45738.0,45742.0,-14.0,38.0,0.08,53586,204,47416,2026/09/15,WTXOU6,175,,,44850.0,956.0,43894.0,45806.0,44800.0,6.836753901139845,722,5,,,,,,,,,,,,,,,,,,,,
2026-09-15T11:36:00+08:00,2026-09-15T11:35:00+08:00,60.0,live,溫和偏多,mild_bull,43.099025141098004,2026/09/15,11:35:54,45760.0,45759.0,45763.0,21.0,17.0,0.04,53642,56,47416,2026/09/15,WTXOU6,175,,,44850.0,974.5,43875.5,45824.5,44800.0,6.43861234893726,722,1,,,,,,,,,,,,,,,,,,,,
2026-09-15T11:37:00+08:00,2026-09-15T11:36:00+08:00,60.0,live,強勢偏空,strong_bear,-71.80570221752905,2026/09/15,11:36:56,45726.0,45729.0,45732.0,-34.0,51.0,0.11,53734,92,47416,2026/09/15,WTXOU6,175,,,44850.0,947.0,43903.0,45797.0,44800.0,7.095465373912159,722,1,,,,,,,,,,,,,,,,,,,,
2026-09-15T11:38:00+08:00,2026-09-15T11:37:00+08:00,60.0,live,震盪,neutral,-14.901543374135178,2026/09/15,11:37:58,45719.0,45718.0,45723.0,-7.0,58.0,0.13,53823,89,47416,2026/09/15,WTXOU6,175,,,44850.0,939.5,43910.5,45789.5,44800.0,7.238803282578631,722,3,,,,,,,,,,,,,,,,,,,,
2026-09-15T11:39:00+08:00,2026-09-15T11:38:00+08:00,60.0,live,震盪,neutral,6.376195536663124,2026/09/15,11:38:56,45722.0,45721.0,45726.0,3.0,55.0,0.12,53870,47,47416,2026/09/15,WTXOU6,175,,,44850.0,941.0,43909.0,45791.0,44800.0,7.177021554389499,722,3,,,,,,,,,,,,,,,,,,,,
2026-09-15T11:40:00+08:00,2026-09-15T11:39:00+08:00,60.0,live,震盪,neutral,-6.393180607352159,2026/09/15,11:39:57,45719.0,45719.0,45724.0,-3.0,58.0,0.13,53927,57,47416,2026/09/15,WTXOU6,175,,,44850.0,938.5,43911.5,45788.5,44800.0,7.238803282578631,722,1,,,,,,,,,,,,,,,,,,,,
2026-09-15T11:41:01+08:00,2026-09-15T11:40:00+08:00,61.0,live,溫和偏多,mild_bull,25.504782146652495,2026/09/15,11:40:54,45731.0,45722.0,45726.0,12.0,46.0,0.1,54001,74,47416,2026/09/15,WTXOU6,175,,,44850.0,941.0,43909.0,45791.0,44800.0,5.246116630849151,722,0,,,,,,,,,,,,,,,,,,,,
2026-09-15T11:42:00+08:00,2026-09-15T11:41:01+08:00,59.0,live,溫和偏多,mild_bull,18.862981399004454,2026/09/15,11:41:57,45740.0,45740.0,45745.0,9.0,37.0,0.08,54044,43,47416,2026/09/15,WTXOU6,175,,,44850.0,954.25,43895.75,45804.25,44850.0,6.194272544414346,494,1,44750.0,2.228511766831069,243,0,,,,,,,,,,,,,,,,
2026-09-15T11:43:00+08:00,2026-09-15T11:42:00+08:00,60.0,live,溫和偏多,mild_bull,29.1363163371488,2026/09/15,11:42:54,45754.0,45749.0,45754.0,14.0,23.0,0.05,54107,63,47416,2026/09/15,WTXOU6,175,,,44850.0,961.0,43889.0,45811.0,44800.0,6.070331814206739,722,2,,,,,,,,,,,,,,,,,,,,
2026-09-15T11:44:00+08:00,2026-09-15T11:43:00+08:00,60.0,live,溫和偏空,mild_bear,-25.16382699868938,2026/09/15,11:43:58,45742.0,45741.0,45744.0,-12.0,35.0,0.08,54152,45,47416,2026/09/15,WTXOU6,175,,,44850.0,953.75,43896.25,45803.75,44850.0,6.158977639928158,494,1,44750.0,2.21581372853962,243,0,,,,,,,,,,,,,,,,
2026-09-15T11:45:00+08:00,2026-09-15T11:44:00+08:00,60.0,live,溫和偏多,mild_bull,30.927835051546392,2026/09/15,11:44:57,45757.0,45755.0,45759.0,15.0,20.0,0.04,54187,35,47416,2026/09/15,WTXOU6,175,,,44850.0,970.0,43880.0,45820.0,44800.0,6.4940376524622225,722,1,,,,,,,,,,,,,,,,,,,,
2026-09-15T11:46:00+08:00,2026-09-15T11:45:00+08:00,60.0,live,溫和偏多,mild_bull,24.583866837387966,2026/09/15,11:45:56,45769.0,45769.0,45773.0,12.0,8.0,0.02,54327,140,47416,2026/09/15,WTXOU6,175,,,44850.0,976.25,43873.75,45826.25,44800.0,6.064980626859228,722,3,,,,,,,,,,,,,,,,,,,,
2026-09-15T11:47:00+08:00,2026-09-15T11:46:00+08:00,60.0,live,震盪,neutral,-14.436710492394948,2026/09/15,11:46:58,45762.0,45759.0,45764.0,-7.0,15.0,0.03,54396,69,47416,2026/09/15,WTXOU6,175,,,44850.0,969.75,43880.25,45819.75,44800.0,6.401925198630279,722,4,,,,,,,,,,,,,,,,,,,,
2026-09-15T11:48:00+08:00,2026-09-15T11:47:00+08:00,60.0,live,震盪,neutral,-8.292303705623219,2026/09/15,11:47:57,45758.0,45754.0,45757.0,-4.0,19.0,0.04,54433,37,47416,2026/09/15,WTXOU6,175,,,44850.0,964.75,43885.25,45814.75,44800.0,4.856632305164666,722,0,,,,,,,,,,,,,,,,,,,,
2026-09-15T11:49:00+08:00,2026-09-15T11:48:00+08:00,60.0,live,溫和偏空,mild_bear,-33.56056633455689,2026/09/15,11:48:58,45742.0,45740.0,45744.0,-16.0,35.0,0.08,54494,61,47416,2026/09/15,WTXOU6,175,,,44850.0,953.5,43896.5,45803.5,44800.0,6.778403583452286,722,1,,,,,,,,,,,,,,,,,,,,
2026-09-15T11:49:38+08:00,,,warming_up,資料累積中,warming_up,,2026/09/15,11:49:32,45738.0,45736.0,45740.0,,39.0,0.09,54536,,47416,2026/09/15,WTXOU6,175,,,44850.0,949.5,43900.5,45799.5,44800.0,6.856315415427791,722,4358,,,,,,,,,,,,,,,,,,,,
2026-09-15T11:50:38+08:00,2026-09-15T11:49:38+08:00,60.0,live,震盪,neutral,-14.82265749073584,2026/09/15,11:50:36,45731.0,45731.0,45733.0,-7.0,46.0,0.1,54644,108,47416,2026/09/15,WTXOU6,175,,,44850.0,944.5,43905.5,45794.5,44800.0,6.482638179038805,722,1,,,,,,,,,,,,,,,,,,,,
2026-09-15T11:51:38+08:00,2026-09-15T11:50:38+08:00,60.0,live,溫和偏多,mild_bull,23.072889355007863,2026/09/15,11:51:34,45742.0,45738.0,45742.0,11.0,35.0,0.08,54724,80,47416,2026/09/15,WTXOU6,175,,,44850.0,953.5,43896.5,45803.5,44800.0,5.083802687589214,722,0,,,,,,,,,,,,,,,,,,,,
2026-09-15T11:52:38+08:00,2026-09-15T11:51:38+08:00,60.0,live,溫和偏空,mild_bear,-29.803086748270356,2026/09/15,11:52:36,45728.0,45724.0,45728.0,-14.0,49.0,0.11,54787,63,47416,2026/09/15,WTXOU6,175,,,44850.0,939.5,43910.5,45789.5,44800.0,6.53844246872788,722,2,,,,,,,,,,,,,,,,,,,,
2026-09-15T11:53:38+08:00,2026-09-15T11:52:38+08:00,60.0,live,震盪,neutral,-10.672358591248665,2026/09/15,11:53:32,45723.0,45722.0,45726.0,-5.0,54.0,0.12,54845,58,47416,2026/09/15,WTXOU6,175,,,44850.0,937.0,43913.0,45787.0,44800.0,7.156545044606245,722,2,,,,,,,,,,,,,,,,,,,,
2026-09-15T11:54:38+08:00,2026-09-15T11:53:38+08:00,60.0,live,強勢偏空,strong_bear,-58.98416166029492,2026/09/15,11:54:35,45696.0,45694.0,45698.0,-27.0,81.0,0.18,54935,90,47416,2026/09/15,WTXOU6,175,,,44850.0,915.5,43934.5,45765.5,44800.0,7.730474044329974,722,8,44700.0,5.241083276421904,720,3,,,,,,,,,,,,,,,,
2026-09-15T11:55:38+08:00,2026-09-15T11:54:38+08:00,60.0,live,溫和偏空,mild_bear,-33.16749585406302,2026/09/15,11:55:35,45681.0,45678.0,45681.0,-15.0,96.0,0.21,55028,93,47416,2026/09/15,WTXOU6,175,,,44850.0,904.5,43945.5,45754.5,44800.0,6.051736504484641,722,0,44700.0,6.0581939992673846,720,30,,,,,,,,,,,,,,,,
2026-09-15T11:56:38+08:00,2026-09-15T11:55:38+08:00,60.0,live,強勢偏多,strong_bull,45.65217391304348,2026/09/15,11:56:35,45702.0,45700.0,45703.0,21.0,75.0,0.16,55098,70,47416,2026/09/15,WTXOU6,175,,,44850.0,920.0,43930.0,45770.0,44800.0,7.599081075361003,722,2,,,,,,,,,,,,,,,,,,,,
2026-09-15T11:57:38+08:00,2026-09-15T11:56:38+08:00,60.0,live,強勢偏空,strong_bear,-48.43148046230049,2026/09/15,11:57:33,45680.0,45681.0,45685.0,-22.0,97.0,0.21,55168,70,47416,2026/09/15,WTXOU6,175,,,44850.0,908.5,43941.5,45758.5,44850.0,7.352597508942824,494,6,44700.0,5.4329939608909275,720,2,,,,,,,,,,,,,,,,
2026-09-15T11:58:38+08:00,2026-09-15T11:57:38+08:00,60.0,live,溫和偏空,mild_bear,-17.797552836484982,2026/09/15,11:58:34,45672.0,45674.0,45678.0,-8.0,105.0,0.23,55274,106,47416,2026/09/15,WTXOU6,175,,,44850.0,899.0,43951.0,45749.0,44800.0,7.623306515174628,722,7,44700.0,5.558606786334848,720,5,,,,,,,,,,,,,,,,
2026-09-15T11:59:38+08:00,2026-09-15T11:58:38+08:00,60.0,live,溫和偏空,mild_bear,-36.05633802816902,2026/09/15,11:59:35,45656.0,45658.0,45660.0,-16.0,121.0,0.26,55366,92,47416,2026/09/15,WTXOU6,175,,,44850.0,887.5,43962.5,45737.5,44850.0,7.874463708945942,494,4,44700.0,6.029875896028096,720,2,,,,,,,,,,,,,,,,
2026-09-15T12:00:38+08:00,2026-09-15T11:59:38+08:00,60.0,live,溫和偏多,mild_bull,15.708274894810659,2026/09/15,12:00:36,45663.0,45663.0,45665.0,7.0,114.0,0.25,55578,212,47416,2026/09/15,WTXOU6,175,,,44850.0,891.25,43958.75,45741.25,44800.0,8.357653561528634,722,7,44700.0,6.164096970618947,720,6,,,,,,,,,,,,,,,,
2026-09-15T12:01:38+08:00,2026-09-15T12:00:38+08:00,60.0,live,強勢偏多,strong_bull,65.46644844517185,2026/09/15,12:01:35,45693.0,45691.0,45695.0,30.0,84.0,0.18,56001,423,47416,2026/09/15,WTXOU6,175,,,44850.0,916.5,43933.5,45766.5,44800.0,7.7970200401251,722,2,44700.0,4.38918399902218,720,0,,,,,,,,,,,,,,,,
2026-09-15T12:02:38+08:00,2026-09-15T12:01:38+08:00,60.0,live,強勢偏空,strong_bear,-46.77060133630289,2026/09/15,12:02:35,45672.0,45670.0,45674.0,-21.0,105.0,0.23,56157,156,47416,2026/09/15,WTXOU6,175,,,44850.0,898.0,43952.0,45748.0,44800.0,8.2791608327514,722,3,44700.0,6.2159963225566015,720,3,,,,,,,,,,,,,,,,
2026-09-15T12:03:38+08:00,2026-09-15T12:02:38+08:00,60.0,live,強勢偏多,strong_bull,69.35789758872933,2026/09/15,12:03:37,45704.0,45702.0,45706.0,32.0,73.0,0.16,56272,115,47416,2026/09/15,WTXOU6,175,,,44850.0,922.75,43927.25,45772.75,44800.0,7.55578158557999,722,3,,,,,,,,,,,,,,,,,,,,
2026-09-15T12:04:38+08:00,2026-09-15T12:03:38+08:00,60.0,live,溫和偏多,mild_bull,34.1060484945377,2026/09/15,12:04:36,45720.0,45719.0,45724.0,16.0,57.0,0.12,56361,89,47416,2026/09/15,WTXOU6,175,,,44850.0,938.25,43911.75,45788.25,44800.0,7.218150505502309,722,5,,,,,,,,,,,,,,,,,,,,
2026-09-15T12:05:38+08:00,2026-09-15T12:04:38+08:00,60.0,live,強勢偏空,strong_bear,-45.62737642585551,2026/09/15,12:05:32,45699.0,45698.0,45700.0,-21.0,78.0,0.17,56405,44,47416,2026/09/15,WTXOU6,175,,,44850.0,920.5,43929.5,45770.5,44800.0,5.748372003905411,722,0,44700.0,5.754505794131898,720,1,,,,,,,,,,,,,,,,
2026-09-15T12:06:38+08:00,2026-09-15T12:05:38+08:00,60.0,live,強勢偏多,strong_bull,87.797230206428,2026/09/15,12:06:35,45741.0,45743.0,45745.0,42.0,36.0,0.08,56665,260,47416,2026/09/15,WTXOU6,175,,,44850.0,956.75,43893.25,45806.75,44800.0,6.30004089933385,722,1,,,,,,,,,,,,,,,,,,,,
2026-09-15T12:07:38+08:00,2026-09-15T12:06:38+08:00,60.0,live,震盪,neutral,4.198373130411966,2026/09/15,12:07:33,45743.0,45741.0,45743.0,2.0,34.0,0.07,56876,211,47416,2026/09/15,WTXOU6,175,,,44850.0,952.75,43897.25,45802.75,44800.0,6.705407248108979,722,15,,,,,,,,,,,,,,,,,,,,
2026-09-15T12:08:38+08:00,2026-09-15T12:07:38+08:00,60.0,live,強勢偏空,strong_bear,-60.182697474476086,2026/09/15,12:08:33,45715.0,45714.0,45718.0,-28.0,62.0,0.14,56974,98,47416,2026/09/15,WTXOU6,175,,,44850.0,930.5,43919.5,45780.5,44800.0,6.986103677116489,722,2,,,,,,,,,,,,,,,,,,,,
2026-09-15T12:09:39+08:00,2026-09-15T12:08:38+08:00,61.0,live,強勢偏空,strong_bear,-59.32436143916506,2026/09/15,12:09:35,45688.0,45688.0,45692.0,-27.0,89.0,0.19,57030,56,47416,2026/09/15,WTXOU6,175,,,44850.0,910.25,43939.75,45760.25,44800.0,5.931904092897909,722,0,44700.0,5.938233720716836,720,2,,,,,,,,,,,,,,,,
2026-09-15T12:10:38+08:00,2026-09-15T12:09:39+08:00,59.0,live,強勢偏多,strong_bull,100.0,2026/09/15,12:10:36,45774.0,45774.0,45778.0,86.0,3.0,0.01,57461,431,47416,2026/09/15,WTXOU6,175,,,44850.0,981.25,43868.75,45831.25,44800.0,5.902355794381869,722,4,,,,,,,,,,,,,,,,,,,,
2026-09-15T12:11:38+08:00,2026-09-15T12:10:38+08:00,60.0,live,強勢偏空,strong_bear,-100.0,2026/09/15,12:11:32,45725.0,45725.0,45728.0,-49.0,52.0,0.11,57631,170,47416,2026/09/15,WTXOU6,175,,,44850.0,939.5,43910.5,45789.5,44850.0,6.465512129579165,494,1,44750.0,2.3260955594130164,243,0,,,,,,,,,,,,,,,,
2026-09-15T12:12:39+08:00,2026-09-15T12:11:38+08:00,61.0,live,溫和偏多,mild_bull,16.904384574749074,2026/09/15,12:12:36,45733.0,45730.0,45735.0,8.0,44.0,0.1,57674,43,47416,2026/09/15,WTXOU6,175,,,44850.0,946.5,43903.5,45796.5,44800.0,6.954965746002719,722,1,,,,,,,,,,,,,,,,,,,,
2026-09-15T12:13:38+08:00,2026-09-15T12:12:39+08:00,59.0,live,溫和偏多,mild_bull,18.92744479495268,2026/09/15,12:13:35,45742.0,45737.0,45741.0,9.0,35.0,0.08,57709,35,47416,2026/09/15,WTXOU6,175,,,44850.0,951.0,43899.0,45801.0,44800.0,5.083802687589214,722,0,,,,,,,,,,,,,,,,,,,,
2026-09-15T12:14:38+08:00,2026-09-15T12:13:38+08:00,60.0,live,溫和偏空,mild_bear,-36.36363636363637,2026/09/15,12:14:33,45725.0,45719.0,45723.0,-17.0,52.0,0.11,57744,35,47416,2026/09/15,WTXOU6,175,,,44850.0,935.0,43915.0,45785.0,44800.0,5.336825340606146,722,0,,,,,,,,,,,,,,,,,,,,
2026-09-15T12:15:38+08:00,2026-09-15T12:14:38+08:00,60.0,live,強勢偏多,strong_bull,88.29568788501027,2026/09/15,12:15:36,45768.0,45768.0,45770.0,43.0,9.0,0.02,58018,274,47416,2026/09/15,WTXOU6,175,,,44850.0,974.0,43876.0,45824.0,44800.0,6.293113248141643,722,1,,,,,,,,,,,,,,,,,,,,
2026-09-15T12:16:38+08:00,2026-09-15T12:15:38+08:00,60.0,live,震盪,neutral,2.054442732408834,2026/09/15,12:16:35,45769.0,45768.0,45773.0,1.0,8.0,0.02,58220,202,47416,2026/09/15,WTXOU6,175,,,44850.0,973.5,43876.5,45823.5,44800.0,6.275158586306484,722,3,,,,,,,,,,,,,,,,,,,,
2026-09-15T12:17:38+08:00,2026-09-15T12:16:38+08:00,60.0,live,強勢偏空,strong_bear,-67.51054852320675,2026/09/15,12:17:36,45737.0,45736.0,45741.0,-32.0,40.0,0.09,58328,108,47416,2026/09/15,WTXOU6,175,,,44850.0,948.0,43902.0,45798.0,44800.0,6.875932899675571,722,1,,,,,,,,,,,,,,,,,,,,
2026-09-15T12:18:38+08:00,2026-09-15T12:17:38+08:00,60.0,live,強勢偏多,strong_bull,100.0,2026/09/15,12:18:36,45790.0,45790.0,45793.0,53.0,13.0,0.03,58741,413,47416,2026/09/15,WTXOU6,175,,,44850.0,994.5,43855.5,45844.5,44800.0,4.4322913494000895,722,0,,,,,,,,,,,,,,,,,,,,
2026-09-15T12:19:38+08:00,2026-09-15T12:18:38+08:00,60.0,live,震盪,neutral,-8.099215388509236,2026/09/15,12:19:35,45786.0,45783.0,45787.0,-4.0,9.0,0.02,59213,472,47416,2026/09/15,WTXOU6,175,,,44850.0,987.75,43862.25,45837.75,44800.0,5.977648892382549,722,10,,,,,,,,,,,,,,,,,,,,
2026-09-15T12:20:38+08:00,2026-09-15T12:19:38+08:00,60.0,live,震盪,neutral,6.045340050377835,2026/09/15,12:20:35,45789.0,45788.0,45792.0,3.0,12.0,0.03,59459,246,47416,2026/09/15,WTXOU6,175,,,44850.0,992.5,43857.5,45842.5,44800.0,5.926630862928971,722,2,,,,,,,,,,,,,,,,,,,,
2026-09-15T12:21:38+08:00,2026-09-15T12:20:38+08:00,60.0,live,溫和偏空,mild_bear,-40.96262160778289,2026/09/15,12:21:36,45769.0,45770.0,45774.0,-20.0,8.0,0.02,59580,121,47416,2026/09/15,WTXOU6,175,,,44850.0,976.5,43873.5,45826.5,44850.0,5.701720315741491,494,1,,,,,,,,,,,,,,,,,,,,
2026-09-15T12:22:38+08:00,2026-09-15T12:21:38+08:00,60.0,live,強勢偏空,strong_bear,-50.39370078740157,2026/09/15,12:22:35,45745.0,45742.0,45745.0,-24.0,32.0,0.07,59665,85,47416,2026/09/15,WTXOU6,175,,,44850.0,952.5,43897.5,45802.5,44850.0,6.106412006132202,494,1,44750.0,2.196902204610816,243,0,,,,,,,,,,,,,,,,
2026-09-15T12:23:39+08:00,2026-09-15T12:22:38+08:00,61.0,live,溫和偏空,mild_bear,-42.49667994687915,2026/09/15,12:23:35,45725.0,45728.0,45732.0,-20.0,52.0,0.11,59744,79,47416,2026/09/15,WTXOU6,175,,,44850.0,941.25,43908.75,45791.25,44800.0,7.1157671208081945,722,3,,,,,,,,,,,,,,,,,,,,
2026-09-15T12:24:38+08:00,2026-09-15T12:23:39+08:00,59.0,live,溫和偏空,mild_bear,-32.414910858995135,2026/09/15,12:24:36,45710.0,45709.0,45712.0,-15.0,67.0,0.15,59827,83,47416,2026/09/15,WTXOU6,175,,,44850.0,925.5,43924.5,45775.5,44850.0,6.748628962965281,494,1,44750.0,2.4279524263921504,243,0,,,,,,,,,,,,,,,,
2026-09-15T12:25:38+08:00,2026-09-15T12:24:38+08:00,60.0,live,震盪,neutral,8.620689655172413,2026/09/15,12:25:31,45714.0,45711.0,45715.0,4.0,63.0,0.14,59885,58,47416,2026/09/15,WTXOU6,175,,,44850.0,928.0,43922.0,45778.0,44800.0,7.342956941435459,722,2,,,,,,,,,,,,,,,,,,,,
2026-09-15T12:26:38+08:00,2026-09-15T12:25:38+08:00,60.0,live,溫和偏空,mild_bear,-21.762785636561482,2026/09/15,12:26:34,45704.0,45700.0,45702.0,-10.0,73.0,0.16,59934,49,47416,2026/09/15,WTXOU6,175,,,44850.0,919.0,43931.0,45769.0,44800.0,7.55578158557999,722,3,,,,,,,,,,,,,,,,,,,,
2026-09-15T12:27:38+08:00,2026-09-15T12:26:38+08:00,60.0,live,溫和偏多,mild_bull,23.770934629929766,2026/09/15,12:27:36,45715.0,45709.0,45713.0,11.0,62.0,0.14,60048,114,47416,2026/09/15,WTXOU6,175,,,44850.0,925.5,43924.5,45775.5,44800.0,7.322007007189075,722,2,,,,,,,,,,,,,,,,,,,,
2026-09-15T12:28:38+08:00,2026-09-15T12:27:38+08:00,60.0,live,溫和偏空,mild_bear,-37.188952693464586,2026/09/15,12:28:35,45698.0,45694.0,45699.0,-17.0,79.0,0.17,60105,57,47416,2026/09/15,WTXOU6,175,,,44850.0,914.25,43935.75,45764.25,44850.0,5.8756738129620105,494,1,44700.0,5.77097074942204,720,4,,,,,,,,,,,,,,,,
2026-09-15T12:29:38+08:00,2026-09-15T12:28:38+08:00,60.0,live,震盪,neutral,-10.928961748633881,2026/09/15,12:29:34,45693.0,45691.0,45696.0,-5.0,84.0,0.18,60170,65,47416,2026/09/15,WTXOU6,175,,,44850.0,915.0,43935.0,45765.0,44800.0,7.7970200401251,722,32,44700.0,4.648130193116396,720,1,,,,,,,,,,,,,,,,
2026-09-15T12:30:38+08:00,2026-09-15T12:29:38+08:00,60.0,live,震盪,neutral,4.384762948753083,2026/09/15,12:30:35,45695.0,45693.0,45698.0,2.0,82.0,0.18,60247,77,47416,2026/09/15,WTXOU6,175,,,44850.0,912.25,43937.75,45762.25,44800.0,5.814444522041441,722,0,44700.0,5.82064881483208,720,4,,,,,,,,,,,,,,,,
2026-09-15T12:31:38+08:00,2026-09-15T12:30:38+08:00,60.0,live,溫和偏空,mild_bear,-24.175824175824175,2026/09/15,12:31:35,45684.0,45685.0,45689.0,-11.0,93.0,0.2,60325,78,47416,2026/09/15,WTXOU6,175,,,44850.0,910.0,43940.0,45760.0,44800.0,6.000086152182329,722,0,44700.0,6.006488533547581,720,1,,,,,,,,,,,,,,,,
2026-09-15T12:32:38+08:00,2026-09-15T12:31:38+08:00,60.0,live,溫和偏多,mild_bull,41.23711340206185,2026/09/15,12:32:34,45703.0,45700.0,45704.0,19.0,74.0,0.16,60401,76,47416,2026/09/15,WTXOU6,175,,,44850.0,921.5,43928.5,45771.5,44800.0,7.577400402284548,722,1,,,,,,,,,,,,,,,,,,,,
2026-09-15T12:33:38+08:00,2026-09-15T12:32:38+08:00,60.0,live,溫和偏空,mild_bear,-37.46556473829201,2026/09/15,12:33:35,45686.0,45688.0,45693.0,-17.0,91.0,0.2,60457,56,47416,2026/09/15,WTXOU6,175,,,44850.0,907.5,43942.5,45757.5,44800.0,7.954530293151098,722,1,44700.0,4.477851397426424,720,0,,,,,,,,,,,,,,,,
2026-09-15T12:34:38+08:00,2026-09-15T12:33:38+08:00,60.0,live,溫和偏空,mild_bear,-42.505592841163306,2026/09/15,12:34:36,45667.0,45666.0,45671.0,-19.0,110.0,0.24,60563,106,47416,2026/09/15,WTXOU6,175,,,44850.0,894.0,43956.0,45744.0,44800.0,8.398283408587996,722,6,44700.0,4.72765376599397,720,0,,,,,,,,,,,,,,,,
2026-09-15T12:35:38+08:00,2026-09-15T12:34:38+08:00,60.0,live,溫和偏空,mild_bear,-38.80171184022825,2026/09/15,12:35:36,45650.0,45648.0,45651.0,-17.0,127.0,0.28,60678,115,47416,2026/09/15,WTXOU6,175,,,44850.0,876.25,43973.75,45726.25,44800.0,8.816268936235746,722,4,44700.0,4.962950761555481,720,0,,,,,,,,,,,,,,,,
2026-09-15T12:36:38+08:00,2026-09-15T12:35:38+08:00,60.0,live,強勢偏空,strong_bear,-70.5674801528962,2026/09/15,12:36:36,45620.0,45619.0,45624.0,-30.0,157.0,0.34,60860,182,47416,2026/09/15,WTXOU6,175,,,44850.0,850.25,43999.75,45700.25,44800.0,9.164630448158938,722,2,44700.0,5.407110037708329,720,0,,,,,,,,,,,,,,,,
2026-09-15T12:37:38+08:00,2026-09-15T12:36:38+08:00,60.0,live,震盪,neutral,-7.1132187314759925,2026/09/15,12:37:36,45617.0,45613.0,45617.0,-3.0,160.0,0.35,60968,108,47416,2026/09/15,WTXOU6,175,,,44850.0,843.5,44006.5,45693.5,44800.0,9.687965757355482,722,5,44700.0,6.863477268869075,720,3,,,,,,,,,,,,,,,,
2026-09-15T12:38:38+08:00,2026-09-15T12:37:38+08:00,60.0,live,溫和偏空,mild_bear,-28.57142857142857,2026/09/15,12:38:35,45605.0,45603.0,45609.0,-12.0,172.0,0.38,61361,393,47416,2026/09/15,WTXOU6,175,,,44850.0,840.0,44010.0,45690.0,44800.0,9.291755985968203,722,2,44700.0,7.52743685591158,720,4,,,,,,,,,,,,,,,,
2026-09-15T12:39:38+08:00,2026-09-15T12:38:38+08:00,60.0,live,溫和偏空,mild_bear,-16.857314870559904,2026/09/15,12:39:34,45598.0,45593.0,45597.0,-7.0,179.0,0.39,61472,111,47416,2026/09/15,WTXOU6,175,,,44850.0,830.5,44019.5,45680.5,44850.0,8.4297517039454,494,2,44700.0,6.7186979325309695,720,1,44600.0,4.9923301952053505,452,4,,,,,,,,,,,,
2026-09-15T12:40:38+08:00,2026-09-15T12:39:38+08:00,60.0,live,溫和偏空,mild_bear,-19.317838816782373,2026/09/15,12:40:36,45590.0,45589.0,45594.0,-8.0,187.0,0.41,61638,166,47416,2026/09/15,WTXOU6,175,,,44850.0,828.25,44021.75,45678.25,44850.0,8.95478768698593,494,4,44700.0,7.857054068507909,720,6,44600.0,4.675025351742961,452,3,,,,,,,,,,,,
2026-09-15T12:41:38+08:00,2026-09-15T12:40:38+08:00,60.0,live,強勢偏多,strong_bull,100.0,2026/09/15,12:41:36,45648.0,45649.0,45653.0,58.0,129.0,0.28,61825,187,47416,2026/09/15,WTXOU6,175,,,44850.0,870.75,43979.25,45720.75,44800.0,8.866791829517853,722,16,44700.0,6.30832075571679,720,10,,,,,,,,,,,,,,,,
2026-09-15T12:42:39+08:00,2026-09-15T12:41:38+08:00,61.0,live,強勢偏多,strong_bull,68.9847009735744,2026/09/15,12:42:36,45679.0,45677.0,45680.0,31.0,98.0,0.21,62016,191,47416,2026/09/15,WTXOU6,175,,,44850.0,898.75,43951.25,45748.75,44800.0,8.115222464356172,722,6,44700.0,5.4485389973993446,720,2,,,,,,,,,,,,,,,,
2026-09-15T12:43:38+08:00,2026-09-15T12:42:39+08:00,59.0,live,溫和偏多,mild_bull,28.57928002198406,2026/09/15,12:43:35,45692.0,45694.0,45699.0,13.0,85.0,0.19,62201,185,47416,2026/09/15,WTXOU6,175,,,44850.0,909.75,43940.25,45759.75,44800.0,7.819329095142116,722,15,44700.0,5.474557184221692,720,8,,,,,,,,,,,,,,,,
2026-09-15T12:44:38+08:00,2026-09-15T12:43:38+08:00,60.0,live,溫和偏空,mild_bear,-40.609137055837564,2026/09/15,12:44:36,45674.0,45670.0,45673.0,-18.0,103.0,0.23,62346,145,47416,2026/09/15,WTXOU6,175,,,44850.0,886.5,43963.5,45736.5,44800.0,8.231986255152087,722,15,44700.0,5.198755667383958,720,2,,,,,,,,,,,,,,,,
2026-09-15T12:45:38+08:00,2026-09-15T12:44:38+08:00,60.0,live,溫和偏空,mild_bear,-41.01395613785246,2026/09/15,12:45:36,45656.0,45656.0,45660.0,-18.0,121.0,0.26,62495,149,47416,2026/09/15,WTXOU6,175,,,44850.0,877.75,43972.25,45727.75,44800.0,8.666420978126293,722,2,44700.0,4.878596706206716,720,0,,,,,,,,,,,,,,,,
2026-09-15T12:46:38+08:00,2026-09-15T12:45:38+08:00,60.0,live,強勢偏多,strong_bull,60.28467764443204,2026/09/15,12:46:33,45683.0,45679.0,45683.0,27.0,94.0,0.21,62582,87,47416,2026/09/15,WTXOU6,175,,,44850.0,895.75,43954.25,45745.75,44800.0,6.017253768962458,722,0,44700.0,6.0236744690029695,720,19,,,,,,,,,,,,,,,,
2026-09-15T12:47:38+08:00,2026-09-15T12:46:38+08:00,60.0,live,溫和偏多,mild_bull,26.39538080835854,2026/09/15,12:47:36,45695.0,45693.0,45698.0,12.0,82.0,0.18,62666,84,47416,2026/09/15,WTXOU6,175,,,44850.0,909.25,43940.75,45759.25,44800.0,7.752592696055255,722,2,44700.0,4.364174471445372,720,0,,,,,,,,,,,,,,,,
2026-09-15T12:48:38+08:00,2026-09-15T12:47:38+08:00,60.0,live,溫和偏多,mild_bull,32.69754768392371,2026/09/15,12:48:34,45710.0,45708.0,45712.0,15.0,67.0,0.15,62779,113,47416,2026/09/15,WTXOU6,175,,,44850.0,917.5,43932.5,45767.5,44850.0,6.748628962965281,494,5,44750.0,3.445986426068578,243,2,,,,,,,,,,,,,,,,
2026-09-15T12:49:38+08:00,2026-09-15T12:48:38+08:00,60.0,live,溫和偏多,mild_bull,15.122873345935728,2026/09/15,12:49:36,45717.0,45716.0,45722.0,7.0,60.0,0.13,62965,186,47416,2026/09/15,WTXOU6,175,,,44850.0,925.75,43924.25,45775.75,44800.0,7.280286282743559,722,13,,,,,,,,,,,,,,,,,,,,
2026-09-15T12:50:38+08:00,2026-09-15T12:49:38+08:00,60.0,live,強勢偏空,strong_bear,-100.0,2026/09/15,12:50:36,45661.0,45660.0,45665.0,-56.0,116.0,0.25,63093,128,47416,2026/09/15,WTXOU6,175,,,44850.0,880.25,43969.75,45730.25,44800.0,6.407621322549092,722,0,44700.0,6.4144585636004,720,4,,,,,,,,,,,,,,,,
2026-09-15T12:51:38+08:00,2026-09-15T12:50:38+08:00,60.0,live,溫和偏空,mild_bear,-34.81288076588338,2026/09/15,12:51:35,45646.0,45641.0,45645.0,-15.0,131.0,0.29,63239,146,47416,2026/09/15,WTXOU6,175,,,44850.0,861.75,43988.25,45711.75,44800.0,8.508501533964067,722,2,44700.0,5.987256016824548,720,1,,,,,,,,,,,,,,,,
2026-09-15T12:52:38+08:00,2026-09-15T12:51:38+08:00,60.0,live,溫和偏空,mild_bear,-42.44031830238727,2026/09/15,12:52:34,45628.0,45625.0,45629.0,-18.0,149.0,0.33,63363,124,47416,2026/09/15,WTXOU6,175,,,44850.0,848.25,44001.75,45698.25,44800.0,9.38822176863118,722,7,44700.0,5.951558912190269,720,1,,,,,,,,,,,,,,,,
2026-09-15T12:53:38+08:00,2026-09-15T12:52:38+08:00,60.0,live,震盪,neutral,4.682470002926544,2026/09/15,12:53:35,45630.0,45626.0,45630.0,2.0,147.0,0.32,63510,147,47416,2026/09/15,WTXOU6,175,,,44850.0,854.25,43995.75,45704.25,44800.0,7.001045829484863,722,0,44700.0,7.008516283111547,720,4,,,,,,,,,,,,,,,,
2026-09-15T12:54:38+08:00,2026-09-15T12:53:38+08:00,60.0,live,溫和偏多,mild_bull,30.03176436615651,2026/09/15,12:54:33,45643.0,45641.0,45647.0,13.0,134.0,0.29,63597,87,47416,2026/09/15,WTXOU6,175,,,44850.0,865.75,43984.25,45715.75,44800.0,6.745777037087977,722,0,44700.0,6.752975106599141,720,2,,,,,,,,,,,,,,,,
2026-09-15T12:55:38+08:00,2026-09-15T12:54:38+08:00,60.0,live,強勢偏空,strong_bear,-59.27682276229993,2026/09/15,12:55:36,45618.0,45614.0,45619.0,-25.0,159.0,0.35,63681,84,47416,2026/09/15,WTXOU6,175,,,44850.0,843.5,44006.5,45693.5,44800.0,7.245244020207103,722,0,44700.0,5.438096257091561,720,0,,,,,,,,,,,,,,,,
2026-09-15T12:56:38+08:00,2026-09-15T12:55:38+08:00,60.0,live,溫和偏空,mild_bear,-28.665273215885335,2026/09/15,12:56:36,45606.0,45606.0,45612.0,-12.0,171.0,0.37,63835,154,47416,2026/09/15,WTXOU6,175,,,44850.0,837.25,44012.75,45687.25,44800.0,9.997279871391113,722,2,44700.0,6.955853757219784,720,1,,,,,,,,,,,,,,,,
2026-09-15T12:57:38+08:00,2026-09-15T12:56:38+08:00,60.0,live,震盪,neutral,4.791853848457622,2026/09/15,12:57:35,45608.0,45603.0,45608.0,2.0,169.0,0.37,63915,80,47416,2026/09/15,WTXOU6,175,,,44850.0,834.75,44015.25,45684.75,44800.0,9.94031546828285,722,6,44700.0,7.120502670842665,720,4,,,,,,,,,,,,,,,,
2026-09-15T12:58:38+08:00,2026-09-15T12:57:38+08:00,60.0,live,溫和偏空,mild_bear,-19.21344941459021,2026/09/15,12:58:35,45600.0,45599.0,45604.0,-8.0,177.0,0.39,63974,59,47416,2026/09/15,WTXOU6,175,,,44850.0,832.75,44017.25,45682.75,44800.0,10.170139230422684,722,5,44700.0,5.725086269918418,720,0,44600.0,4.1701846688417845,452,1,,,,,,,,,,,,
2026-09-15T12:59:38+08:00,2026-09-15T12:58:38+08:00,60.0,live,溫和偏空,mild_bear,-16.89291101055807,2026/09/15,12:59:31,45593.0,45595.0,45600.0,-7.0,184.0,0.4,64069,95,47416,2026/09/15,WTXOU6,175,,,44850.0,828.75,44021.25,45678.75,44800.0,9.16818874389268,722,2,44700.0,7.48816184961836,720,5,44600.0,5.064161053947353,452,7,,,,,,,,,,,,
2026-09-15T13:00:38+08:00,2026-09-15T12:59:38+08:00,60.0,live,強勢偏多,strong_bull,63.77325066430468,2026/09/15,13:00:36,45620.0,45618.0,45624.0,27.0,157.0,0.34,64218,149,47416,2026/09/15,WTXOU6,175,,,44850.0,846.75,44003.25,45696.75,44800.0,9.605280920682677,722,3,44700.0,5.407110037708329,720,0,,,,,,,,,,,,,,,,
2026-09-15T13:01:38+08:00,2026-09-15T13:00:38+08:00,60.0,live,震盪,neutral,14.01459854014599,2026/09/15,13:01:35,45626.0,45626.0,45630.0,6.0,151.0,0.33,64367,149,47416,2026/09/15,WTXOU6,175,,,44850.0,856.25,43993.75,45706.25,44800.0,7.736203193905412,722,4,44700.0,7.089073059692451,720,52,,,,,,,,,,,,,,,,
2026-09-15T13:02:38+08:00,2026-09-15T13:01:38+08:00,60.0,live,溫和偏空,mild_bear,-33.32341565010414,2026/09/15,13:02:35,45612.0,45606.0,45612.0,-14.0,165.0,0.36,64443,76,47416,2026/09/15,WTXOU6,175,,,44850.0,840.25,44009.75,45690.25,44800.0,7.370518920327116,722,0,44700.0,5.532124417295703,720,0,,,,,,,,,,,,,,,,
2026-09-15T13:03:38+08:00,2026-09-15T13:02:38+08:00,60.0,live,溫和偏空,mild_bear,-33.54297693920335,2026/09/15,13:03:35,45598.0,45595.0,45600.0,-14.0,179.0,0.39,64529,86,47416,2026/09/15,WTXOU6,175,,,44850.0,834.75,44015.25,45684.75,44800.0,9.479461908086389,722,1,44700.0,7.679501167367783,720,2,44600.0,3.5482865670190566,452,0,,,,,,,,,,,,
2026-09-15T13:04:38+08:00,2026-09-15T13:03:38+08:00,60.0,live,溫和偏空,mild_bear,-19.37632455343627,2026/09/15,13:04:33,45590.0,45590.0,45592.0,-8.0,187.0,0.41,64623,94,47416,2026/09/15,WTXOU6,175,,,44850.0,825.75,44024.25,45675.75,44800.0,8.916749097598505,722,1,44700.0,5.891019348078884,720,0,44600.0,5.107754711757899,452,6,,,,,,,,,,,,
2026-09-15T13:05:38+08:00,2026-09-15T13:04:38+08:00,60.0,live,震盪,neutral,14.457831325301203,2026/09/15,13:05:36,45596.0,45594.0,45598.0,6.0,181.0,0.4,64705,82,47416,2026/09/15,WTXOU6,175,,,44850.0,830.0,44020.0,45680.0,44800.0,9.200082842914554,722,1,44700.0,6.9066889564839125,720,1,44600.0,4.40711725557153,452,1,,,,,,,,,,,,
2026-09-15T13:06:38+08:00,2026-09-15T13:05:38+08:00,60.0,live,震盪,neutral,0.0,2026/09/15,13:06:36,45596.0,45589.0,45595.0,0.0,181.0,0.4,64881,176,47416,2026/09/15,WTXOU6,175,,,44850.0,828.25,44021.75,45678.25,44800.0,10.287036102840041,722,4,44700.0,6.7572003944108285,720,1,44600.0,3.5686205319714004,452,0,,,,,,,,,,,,
2026-09-15T13:07:38+08:00,2026-09-15T13:06:38+08:00,60.0,live,震盪,neutral,-7.233273056057868,2026/09/15,13:07:36,45593.0,45593.0,45598.0,-3.0,184.0,0.4,65065,184,47416,2026/09/15,WTXOU6,175,,,44850.0,829.5,44020.5,45679.5,44800.0,10.375589671135902,722,6,44700.0,7.219072120194517,720,3,44600.0,3.5993401754956103,452,0,,,,,,,,,,,,
2026-09-15T13:08:38+08:00,2026-09-15T13:07:38+08:00,60.0,live,溫和偏多,mild_bull,28.794241151769643,2026/09/15,13:08:36,45605.0,45601.0,45605.0,12.0,172.0,0.38,65376,311,47416,2026/09/15,WTXOU6,175,,,44850.0,833.5,44016.5,45683.5,44850.0,9.109696244721196,494,2,44700.0,5.643880743719813,720,0,,,,,,,,,,,,,,,,
2026-09-15T13:09:38+08:00,2026-09-15T13:08:38+08:00,60.0,live,震盪,neutral,9.529481834425253,2026/09/15,13:09:36,45609.0,45610.0,45614.0,4.0,168.0,0.37,65665,289,47416,2026/09/15,WTXOU6,175,,,44850.0,839.5,44010.5,45689.5,44800.0,9.911955101048003,722,30,44700.0,6.060552085013845,720,2,,,,,,,,,,,,,,,,
2026-09-15T13:10:38+08:00,2026-09-15T13:09:38+08:00,60.0,live,強勢偏多,strong_bull,47.044986768597475,2026/09/15,13:10:36,45629.0,45624.0,45630.0,20.0,148.0,0.32,65898,233,47416,2026/09/15,WTXOU6,175,,,44850.0,850.25,43999.75,45700.25,44800.0,8.06771784633601,722,1,44700.0,7.028569248801377,720,5,,,,,,,,,,,,,,,,
2026-09-15T13:11:38+08:00,2026-09-15T13:10:38+08:00,60.0,live,震盪,neutral,-11.827321111768182,2026/09/15,13:11:36,45624.0,45619.0,45624.0,-5.0,153.0,0.33,66147,249,47416,2026/09/15,WTXOU6,175,,,44850.0,845.5,44004.5,45695.5,44800.0,9.496131182401118,722,4,44700.0,5.345666270436032,720,0,,,,,,,,,,,,,,,,
2026-09-15T13:12:38+08:00,2026-09-15T13:11:38+08:00,60.0,live,溫和偏空,mild_bear,-35.88516746411483,2026/09/15,13:12:36,45609.0,45603.0,45610.0,-15.0,168.0,0.37,66346,199,47416,2026/09/15,WTXOU6,175,,,44850.0,836.0,44014.0,45686.0,44800.0,9.911955101048003,722,2,44700.0,7.441898726466084,720,2,,,,,,,,,,,,,,,,
2026-09-15T13:13:38+08:00,2026-09-15T13:12:38+08:00,60.0,live,溫和偏空,mild_bear,-34.03220905499848,2026/09/15,13:13:36,45595.0,45593.0,45596.0,-14.0,182.0,0.4,66496,150,47416,2026/09/15,WTXOU6,175,,,44850.0,822.75,44027.25,45672.75,44800.0,8.748965326099615,722,2,44700.0,7.7456083749545135,720,13,44600.0,4.4820982134041785,452,5,,,,,,,,,,,,
2026-09-15T13:14:38+08:00,2026-09-15T13:13:38+08:00,60.0,live,溫和偏空,mild_bear,-36.641221374045806,2026/09/15,13:14:34,45580.0,45579.0,45583.0,-15.0,197.0,0.43,66608,112,47416,2026/09/15,WTXOU6,175,,,44850.0,818.75,44031.25,45668.75,44850.0,8.471669766382066,494,1,44700.0,8.08477905034985,720,3,44600.0,4.613261441383856,452,1,,,,,,,,,,,,
2026-09-15T13:15:38+08:00,2026-09-15T13:14:38+08:00,60.0,live,溫和偏空,mild_bear,-17.193736567393305,2026/09/15,13:15:35,45573.0,45572.0,45576.0,-7.0,204.0,0.45,66729,121,47416,2026/09/15,WTXOU6,175,,,44850.0,814.25,44035.75,45664.25,44800.0,10.98574757204372,722,5,44700.0,8.030212288099802,720,4,44600.0,3.8110067810325625,452,0,,,,,,,,,,,,
2026-09-15T13:16:38+08:00,2026-09-15T13:15:38+08:00,60.0,live,溫和偏空,mild_bear,-29.81366459627329,2026/09/15,13:16:34,45561.0,45565.0,45570.0,-12.0,216.0,0.47,66873,144,47416,2026/09/15,WTXOU6,175,,,44850.0,805.0,44045.0,45655.0,44800.0,11.368933134053062,722,11,44700.0,7.310664113822595,720,2,44600.0,3.943935629582439,452,0,,,,,,,,,,,,
2026-09-15T13:17:38+08:00,2026-09-15T13:16:38+08:00,60.0,live,震盪,neutral,-9.971953879713306,2026/09/15,13:17:35,45557.0,45556.0,45560.0,-4.0,220.0,0.48,66962,89,47416,2026/09/15,WTXOU6,175,,,44850.0,802.25,44047.75,45652.25,44800.0,11.499609095903947,722,14,44700.0,7.050883563608058,720,1,44600.0,4.60289660653446,452,2,,,,,,,,,,,,
2026-09-15T13:18:38+08:00,2026-09-15T13:17:38+08:00,60.0,live,強勢偏多,strong_bull,56.3898253141281,2026/09/15,13:18:35,45580.0,45578.0,45581.0,23.0,197.0,0.43,67056,94,47416,2026/09/15,WTXOU6,175,,,44850.0,815.75,44034.25,45665.75,44800.0,9.630419381989148,722,3,44700.0,7.569629817435356,720,5,44600.0,5.255795356361615,452,9,,,,,,,,,,,,
2026-09-15T13:19:38+08:00,2026-09-15T13:18:38+08:00,60.0,live,強勢偏空,strong_bear,-49.9843798812871,2026/09/15,13:19:34,45560.0,45558.0,45563.0,-20.0,217.0,0.47,67188,132,47416,2026/09/15,WTXOU6,175,,,44850.0,800.25,44049.75,45650.25,44800.0,11.401462248184759,722,5,44700.0,7.376160933905863,720,1,44600.0,4.675078874783741,452,1,,,,,,,,,,,,
2026-09-15T13:20:38+08:00,2026-09-15T13:19:38+08:00,60.0,live,強勢偏多,strong_bull,82.49924173491053,2026/09/15,13:20:35,45594.0,45591.0,45596.0,34.0,183.0,0.4,67325,137,47416,2026/09/15,WTXOU6,175,,,44850.0,824.25,44025.75,45674.25,44800.0,10.345987438260048,722,7,44700.0,7.293370969590768,720,4,44600.0,4.141141674787683,452,1,,,,,,,,,,,,
2026-09-15T13:21:38+08:00,2026-09-15T13:20:38+08:00,60.0,live,強勢偏空,strong_bear,-56.77260104905892,2026/09/15,13:21:35,45571.0,45569.0,45575.0,-23.0,206.0,0.45,67453,128,47416,2026/09/15,WTXOU6,175,,,44850.0,810.25,44039.75,45660.25,44800.0,10.42609936101475,722,3,44700.0,7.5324527630068365,720,2,44600.0,3.832846301842111,452,0,,,,,,,,,,,,
2026-09-15T13:22:38+08:00,2026-09-15T13:21:38+08:00,60.0,live,強勢偏空,strong_bear,-60.913705583756354,2026/09/15,13:22:36,45547.0,45547.0,45551.0,-24.0,230.0,0.5,67623,170,47416,2026/09/15,WTXOU6,175,,,44850.0,788.0,44062.0,45638.0,44800.0,11.290063323653605,722,2,44700.0,8.884150785560829,720,3,44600.0,5.069391507575502,452,1,,,,,,,,,,,,
2026-09-15T13:23:38+08:00,2026-09-15T13:22:38+08:00,60.0,live,溫和偏空,mild_bear,-36.082474226804116,2026/09/15,13:23:34,45533.0,45532.0,45537.0,-14.0,244.0,0.53,67778,155,47416,2026/09/15,WTXOU6,175,,,44850.0,776.0,44074.0,45626.0,44800.0,12.315818237381018,722,5,44700.0,7.967702332752852,720,1,44600.0,6.01115589976983,452,5,,,,,,,,,,,,
2026-09-15T13:24:38+08:00,2026-09-15T13:23:38+08:00,60.0,live,溫和偏多,mild_bull,25.773195876288657,2026/09/15,13:24:33,45543.0,45540.0,45545.0,10.0,234.0,0.51,67899,121,47416,2026/09/15,WTXOU6,175,,,44850.0,776.0,44074.0,45626.0,44800.0,10.3872381856296,722,16,44700.0,7.386786695756462,720,6,44600.0,5.841838920344781,452,72,,,,,,,,,,,,
2026-09-15T13:25:38+08:00,2026-09-15T13:24:38+08:00,60.0,live,溫和偏空,mild_bear,-36.97589963684385,2026/09/15,13:25:35,45529.0,45527.0,45531.0,-14.0,248.0,0.54,68103,204,47416,2026/09/15,WTXOU6,175,,,44850.0,757.25,44092.75,45607.25,44800.0,11.635128818941864,722,13,44700.0,7.968091307861051,720,4,44600.0,6.080248889391277,452,24,,,,,,,,,,,,
2026-09-15T13:26:38+08:00,2026-09-15T13:25:38+08:00,60.0,live,震盪,neutral,7.838014369693011,2026/09/15,13:26:35,45532.0,45532.0,45537.0,3.0,245.0,0.54,68323,220,47416,2026/09/15,WTXOU6,175,,,44850.0,765.5,44084.5,45615.5,44800.0,10.91377181826293,722,4,44700.0,8.193089952738143,720,4,44600.0,6.028355189625915,452,14,,,,,,,,,,,,
2026-09-15T13:27:38+08:00,2026-09-15T13:26:38+08:00,60.0,live,震盪,neutral,7.782101167315174,2026/09/15,13:27:32,45535.0,45536.0,45540.0,3.0,242.0,0.53,68431,108,47416,2026/09/15,WTXOU6,175,,,44850.0,771.0,44079.0,45621.0,44800.0,12.24564282529819,722,6,44700.0,8.221692353464524,720,2,44600.0,4.953863855135091,452,1,,,,,,,,,,,,
2026-09-15T13:28:38+08:00,2026-09-15T13:27:38+08:00,60.0,live,強勢偏多,strong_bull,65.92709984152141,2026/09/15,13:28:34,45561.0,45561.0,45564.0,26.0,216.0,0.47,68554,123,47416,2026/09/15,WTXOU6,175,,,44850.0,788.75,44061.25,45638.75,44800.0,11.368933134053062,722,22,44700.0,7.310664113822595,720,4,44600.0,4.782151212351399,452,6,,,,,,,,,,,,
2026-09-15T13:29:38+08:00,2026-09-15T13:28:38+08:00,60.0,live,溫和偏多,mild_bull,42.394014962593516,2026/09/15,13:29:36,45578.0,45573.0,45578.0,17.0,199.0,0.43,68782,228,47416,2026/09/15,WTXOU6,175,,,44850.0,802.0,44048.0,45652.0,44800.0,10.829923996605165,722,12,44700.0,7.271182459081927,720,4,44600.0,4.381147629898805,452,2,,,,,,,,,,,,
2026-09-15T13:30:38+08:00,2026-09-15T13:29:38+08:00,60.0,live,強勢偏空,strong_bear,-100.0,2026/09/15,13:30:35,45535.0,45535.0,45538.0,-43.0,242.0,0.53,69152,370,47416,2026/09/15,WTXOU6,175,,,44850.0,768.5,44081.5,45618.5,44800.0,12.24564282529819,722,9,44700.0,8.427171927493431,720,4,44600.0,5.0630505000534125,452,2,,,,,,,,,,,,
2026-09-15T13:31:38+08:00,2026-09-15T13:30:38+08:00,60.0,live,震盪,neutral,12.982797792924375,2026/09/15,13:31:36,45540.0,45538.0,45541.0,5.0,237.0,0.52,69419,267,47416,2026/09/15,WTXOU6,175,,,44850.0,770.25,44079.75,45620.25,44800.0,9.624307488656504,722,1,44700.0,7.2242757467874545,720,1,44600.0,4.187814988713016,452,0,,,,,,,,,,,,
2026-09-15T13:32:38+08:00,2026-09-15T13:31:38+08:00,60.0,live,強勢偏多,strong_bull,63.53240152477764,2026/09/15,13:32:34,45565.0,45562.0,45566.0,25.0,212.0,0.46,69583,164,47416,2026/09/15,WTXOU6,175,,,44850.0,787.0,44063.0,45637.0,44800.0,10.724109333563328,722,2,44700.0,8.438801592955526,720,3,44600.0,5.19475300507194,452,2,,,,,,,,,,,,
2026-09-15T13:33:38+08:00,2026-09-15T13:32:38+08:00,60.0,live,強勢偏多,strong_bull,66.70784434836318,2026/09/15,13:33:34,45592.0,45591.0,45596.0,27.0,185.0,0.4,69792,209,47416,2026/09/15,WTXOU6,175,,,44850.0,809.5,44040.5,45659.5,44800.0,9.305829763969504,722,3,44700.0,7.16067389320191,720,4,44600.0,5.078650775275006,452,9,,,,,,,,,,,,
2026-09-15T13:34:38+08:00,2026-09-15T13:33:38+08:00,60.0,live,震盪,neutral,-12.418503570319775,2026/09/15,13:34:34,45587.0,45583.0,45587.0,-5.0,190.0,0.42,69892,100,47416,2026/09/15,WTXOU6,175,,,44850.0,805.25,44044.75,45655.25,44800.0,10.554990248412881,722,3,44700.0,7.9246896991311715,720,3,44600.0,3.6615750677539767,452,0,,,,,,,,,,,,
2026-09-15T13:35:38+08:00,2026-09-15T13:34:38+08:00,60.0,live,溫和偏空,mild_bear,-22.500000000000004,2026/09/15,13:35:35,45578.0,45578.0,45584.0,-9.0,199.0,0.43,70029,137,47416,2026/09/15,WTXOU6,175,,,44850.0,800.0,44050.0,45650.0,44800.0,9.47618349702952,722,1,44700.0,7.8585239167932,720,3,44600.0,5.285914445266749,452,4,,,,,,,,,,,,
2026-09-15T13:36:38+08:00,2026-09-15T13:35:38+08:00,60.0,live,溫和偏空,mild_bear,-27.97202797202797,2026/09/15,13:36:35,45567.0,45564.0,45569.0,-11.0,210.0,0.46,70174,145,47416,2026/09/15,WTXOU6,175,,,44850.0,786.5,44063.5,45636.5,44800.0,8.952081086121943,722,1,44700.0,8.390717383863073,720,24,44600.0,4.198964481435961,452,1,,,,,,,,,,,,
2026-09-15T13:37:38+08:00,2026-09-15T13:36:38+08:00,60.0,live,溫和偏空,mild_bear,-17.845761631612493,2026/09/15,13:37:35,45560.0,45560.0,45564.0,-7.0,217.0,0.47,70358,184,47416,2026/09/15,WTXOU6,175,,,44850.0,784.5,44065.5,45634.5,44800.0,11.217369526197615,722,7,44700.0,8.560221118802902,720,8,44600.0,3.9552201301340753,452,0,,,,,,,,,,,,
2026-09-15T13:38:38+08:00,2026-09-15T13:37:38+08:00,60.0,live,強勢偏空,strong_bear,-93.20905459387482,2026/09/15,13:38:35,45525.0,45524.0,45525.0,-35.0,252.0,0.55,70533,175,47416,2026/09/15,WTXOU6,175,,,44850.0,751.0,44099.0,45601.0,44800.0,12.600564500231181,722,11,44700.0,7.807003509821422,720,1,44600.0,4.371194262411558,452,0,,,,,,,,,,,,
2026-09-15T13:39:38+08:00,2026-09-15T13:38:38+08:00,60.0,live,溫和偏多,mild_bull,23.59882005899705,2026/09/15,13:39:35,45534.0,45531.0,45536.0,9.0,243.0,0.53,70712,179,47416,2026/09/15,WTXOU6,175,,,44850.0,762.75,44087.25,45612.75,44800.0,11.5131378806994,722,9,44700.0,8.06675680477906,720,4,44600.0,5.994005680607534,452,16,,,,,,,,,,,,
2026-09-15T13:40:38+08:00,2026-09-15T13:39:38+08:00,60.0,live,溫和偏多,mild_bull,28.469750889679712,2026/09/15,13:40:36,45545.0,45545.0,45549.0,11.0,232.0,0.51,70881,169,47416,2026/09/15,WTXOU6,175,,,44850.0,772.75,44077.25,45622.75,44800.0,11.900718273536539,722,19,44700.0,7.587691638714739,720,3,44600.0,4.6735230499373355,452,2,,,,,,,,,,,,
2026-09-15T13:41:38+08:00,2026-09-15T13:40:38+08:00,60.0,live,溫和偏多,mild_bull,43.03797468354431,2026/09/15,13:41:36,45562.0,45562.0,45566.0,17.0,215.0,0.47,71066,185,47416,2026/09/15,WTXOU6,175,,,44850.0,790.0,44060.0,45640.0,44800.0,10.024541495278928,722,15,44700.0,7.446555068817176,720,13,44600.0,4.519899421706405,452,7,,,,,,,,,,,,
2026-09-15T13:42:38+08:00,2026-09-15T13:41:38+08:00,60.0,live,溫和偏多,mild_bull,17.63224181360202,2026/09/15,13:42:35,45569.0,45569.0,45573.0,7.0,208.0,0.45,71275,209,47416,2026/09/15,WTXOU6,175,,,44850.0,794.0,44056.0,45644.0,44800.0,9.316187374508173,722,1,44700.0,7.731461072579329,720,4,44600.0,5.423600623733795,452,8,,,,,,,,,,,,
2026-09-15T13:43:38+08:00,2026-09-15T13:42:38+08:00,60.0,live,震盪,neutral,-12.666244458518051,2026/09/15,13:43:36,45564.0,45564.0,45568.0,-5.0,213.0,0.47,71495,220,47416,2026/09/15,WTXOU6,175,,,44850.0,789.5,44060.5,45639.5,44800.0,11.271901579351345,722,5,44700.0,8.239381250949293,720,4,44600.0,5.142938462053599,452,3,,,,,,,,,,,,
2026-09-15T13:44:38+08:00,2026-09-15T13:43:38+08:00,60.0,live,強勢偏多,strong_bull,67.46987951807229,2026/09/15,13:44:35,45592.0,45590.0,45594.0,28.0,185.0,0.4,72123,628,47416,2026/09/15,WTXOU6,175,,,44850.0,830.0,44020.0,45680.0,44800.0,9.194421025718464,722,14,44700.0,7.81228465113042,720,49,44600.0,4.239215309263259,452,9,,,,,,,,,,,,
2026-09-15T15:00:01+08:00,2026-09-15T13:44:38+08:00,4523.0,live,資料累積中,warming_up,,2026/09/15,15:00:00,45541.0,45535.0,45546.0,-51.0,51.0,0.11,35,0,18797,2026/09/15,WTXOU6,175,,,,,,,44800.0,9.02812998100744,1134,0,44700.0,6.101871022365406,886,0,44600.0,3.8723168722058494,592,0,,,,,,,,,,,,
2026-09-15T15:01:01+08:00,2026-09-15T15:00:01+08:00,60.0,live,震盪,neutral,0.0,2026/09/15,15:01:00,45541.0,45540.0,45546.0,0.0,51.0,0.11,123,88,18797,2026/09/15,WTXOU6,175,,,44850.0,775.5,44074.5,45625.5,44800.0,12.037506641343255,1134,3,44700.0,6.101871022365406,886,0,44600.0,3.8723168722058494,592,0,,,,,,,,,,,,
2026-09-15T15:02:01+08:00,2026-09-15T15:01:01+08:00,60.0,live,溫和偏空,mild_bear,-34.12073490813648,2026/09/15,15:01:48,45528.0,45520.0,45526.0,-13.0,64.0,0.14,168,45,18797,2026/09/15,WTXOU6,175,,,44850.0,762.0,44088.0,45612.0,44800.0,12.49302121985824,1134,6,44700.0,7.992392410258292,886,3,44600.0,4.738901816841906,592,1,,,,,,,,,,,,
2026-09-15T15:03:01+08:00,2026-09-15T15:02:01+08:00,60.0,live,溫和偏多,mild_bull,18.235102572451968,2026/09/15,15:02:59,45535.0,45533.0,45538.0,7.0,57.0,0.13,188,20,18797,2026/09/15,WTXOU6,175,,,44850.0,767.75,44082.25,45617.75,44800.0,10.820624973726225,1134,2,44700.0,8.507956903112754,886,7,44600.0,3.9392717060314135,592,0,,,,,,,,,,,,
2026-09-15T15:04:01+08:00,2026-09-15T15:03:01+08:00,60.0,live,強勢偏多,strong_bull,51.08556832694763,2026/09/15,15:03:58,45555.0,45551.0,45555.0,20.0,37.0,0.08,221,33,18797,2026/09/15,WTXOU6,175,,,44850.0,783.0,44067.0,45633.0,44800.0,11.034931631839871,1134,2,44700.0,7.63670059848871,886,2,44600.0,3.720481155866737,592,0,,,,,,,,,,,,
2026-09-15T15:05:01+08:00,2026-09-15T15:04:01+08:00,60.0,live,溫和偏多,mild_bull,17.823042647994907,2026/09/15,15:04:52,45562.0,45557.0,45562.0,7.0,30.0,0.07,254,33,18797,2026/09/15,WTXOU6,175,,,44850.0,785.5,44064.5,45635.5,44800.0,11.336496827601925,1134,2,44700.0,7.252507588782507,886,1,44600.0,3.6468106930433595,592,0,,,,,,,,,,,,
2026-09-15T15:06:01+08:00,2026-09-15T15:05:01+08:00,60.0,live,溫和偏空,mild_bear,-30.798845043310873,2026/09/15,15:05:59,45550.0,45544.0,45550.0,-12.0,42.0,0.09,299,45,18797,2026/09/15,WTXOU6,175,,,44850.0,779.25,44070.75,45629.25,44800.0,11.731916609425078,1134,9,44700.0,8.024980456298428,886,8,44600.0,5.008550301282962,592,5,,,,,,,,,,,,
2026-09-15T15:07:01+08:00,2026-09-15T15:06:01+08:00,60.0,live,溫和偏空,mild_bear,-36.340038935756006,2026/09/15,15:06:53,45536.0,45534.0,45541.0,-14.0,56.0,0.12,320,21,18797,2026/09/15,WTXOU6,175,,,44850.0,770.5,44079.5,45620.5,44800.0,11.465635286460616,1134,4,44700.0,8.48368314812374,886,7,44600.0,4.579606277910337,592,1,,,,,,,,,,,,
2026-09-15T15:08:01+08:00,2026-09-15T15:07:01+08:00,60.0,live,溫和偏空,mild_bear,-36.7816091954023,2026/09/15,15:07:54,45522.0,45524.0,45531.0,-14.0,70.0,0.15,337,17,18797,2026/09/15,WTXOU6,175,,,44850.0,761.25,44088.75,45611.25,44800.0,12.373601449354105,1134,4,44700.0,8.291727373283186,886,3,44600.0,4.088338763213007,592,0,,,,,,,,,,,,
2026-09-15T15:09:01+08:00,2026-09-15T15:08:01+08:00,60.0,live,溫和偏多,mild_bull,41.8027433050294,2026/09/15,15:08:56,45538.0,45532.0,45538.0,16.0,54.0,0.12,360,23,18797,2026/09/15,WTXOU6,175,,,44850.0,765.5,44084.5,45615.5,44800.0,10.463266005643554,1134,1,44700.0,8.435343204368102,886,5,44600.0,3.905650815353129,592,0,,,,,,,,,,,,
2026-09-15T15:10:01+08:00,2026-09-15T15:09:01+08:00,60.0,live,溫和偏多,mild_bull,20.592020592020592,2026/09/15,15:09:55,45546.0,45543.0,45550.0,8.0,46.0,0.1,398,38,18797,2026/09/15,WTXOU6,175,,,44850.0,777.0,44073.0,45627.0,44800.0,8.90007356209385,1134,0,44700.0,8.244722184709948,886,3,44600.0,3.817391319229039,592,0,,,,,,,,,,,,
2026-09-15T15:11:01+08:00,2026-09-15T15:10:01+08:00,60.0,live,溫和偏空,mild_bear,-28.739386022207707,2026/09/15,15:10:59,45535.0,45531.0,45536.0,-11.0,57.0,0.13,420,22,18797,2026/09/15,WTXOU6,175,,,44850.0,765.5,44084.5,45615.5,44800.0,12.24564282529819,1134,2,44700.0,6.207376272532284,886,0,44600.0,3.9392717060314135,592,0,,,,,,,,,,,,
2026-09-15T15:12:01+08:00,2026-09-15T15:11:01+08:00,60.0,live,溫和偏空,mild_bear,-26.350461133069825,2026/09/15,15:11:46,45525.0,45525.0,45529.0,-10.0,67.0,0.15,426,6,18797,2026/09/15,WTXOU6,175,,,44850.0,759.0,44091.0,45609.0,44800.0,11.677909526396373,1134,1,44700.0,8.754547331838324,886,2,44600.0,4.053445615222397,592,0,,,,,,,,,,,,
2026-09-15T15:13:01+08:00,2026-09-15T15:12:01+08:00,60.0,live,震盪,neutral,0.0,2026/09/15,15:12:53,45525.0,45520.0,45524.0,0.0,67.0,0.15,460,34,18797,2026/09/15,WTXOU6,175,,,44850.0,757.0,44093.0,45607.0,44800.0,12.600564500231181,1134,6,44700.0,8.320147115084351,886,4,44600.0,4.779695555824626,592,1,,,,,,,,,,,,
2026-09-15T15:14:01+08:00,2026-09-15T15:13:01+08:00,60.0,live,強勢偏空,strong_bear,-100.0,2026/09/15,15:13:59,45483.0,45487.0,45491.0,-42.0,109.0,0.24,643,183,18797,2026/09/15,WTXOU6,175,,,44850.0,728.75,44121.25,45578.75,44800.0,12.376286727106523,1134,9,44700.0,8.341113715508113,886,7,44500.0,5.295046116512073,1335,5,,,,,,,,,,,,
2026-09-15T15:15:02+08:00,2026-09-15T15:14:01+08:00,61.0,live,溫和偏空,mild_bear,-33.44947735191638,2026/09/15,15:14:59,45471.0,45467.0,45472.0,-12.0,121.0,0.27,721,78,18797,2026/09/15,WTXOU6,175,,,44850.0,717.5,44132.5,45567.5,44800.0,13.953872223028267,1134,9,44700.0,8.257578847202515,886,2,44500.0,6.055211105652054,1335,7,,,,,,,,,,,,
2026-09-15T15:16:02+08:00,2026-09-15T15:15:02+08:00,60.0,live,溫和偏多,mild_bull,21.98557196839574,2026/09/15,15:15:52,45479.0,45480.0,45486.0,8.0,113.0,0.25,769,48,18797,2026/09/15,WTXOU6,175,,,44850.0,727.75,44122.25,45577.75,44800.0,13.638544051205239,1134,8,44700.0,6.798297565868014,886,0,44500.0,5.77910725712502,1335,5,,,,,,,,,,,,
2026-09-15T15:17:01+08:00,2026-09-15T15:16:02+08:00,59.0,live,溫和偏多,mild_bull,38.13415049370106,2026/09/15,15:16:59,45493.0,45487.0,45493.0,14.0,99.0,0.22,807,38,18797,2026/09/15,WTXOU6,175,,,44850.0,734.25,44115.75,45584.25,44850.0,10.541649065730278,536,2,44750.0,6.964302090085476,348,2,44500.0,5.430247411732089,1335,1,,,,,,,,,,,,
2026-09-15T15:18:01+08:00,2026-09-15T15:17:01+08:00,60.0,live,震盪,neutral,-10.966415352981494,2026/09/15,15:17:55,45489.0,45484.0,45489.0,-4.0,103.0,0.23,825,18,18797,2026/09/15,WTXOU6,175,,,44850.0,729.5,44120.5,45579.5,44800.0,13.254385476546748,1134,11,44700.0,6.606809068767226,886,0,44500.0,4.891709757271175,1335,1,,,,,,,,,,,,
2026-09-15T15:19:01+08:00,2026-09-15T15:18:01+08:00,60.0,live,震盪,neutral,-8.221993833504623,2026/09/15,15:18:54,45486.0,45484.0,45490.0,-3.0,106.0,0.23,840,15,18797,2026/09/15,WTXOU6,175,,,44850.0,729.75,44120.25,45579.75,44800.0,12.337070877313488,1134,1,44700.0,8.534897248019568,886,1,44500.0,5.977648892382549,1335,2,,,,,,,,,,,,
2026-09-15T15:20:01+08:00,2026-09-15T15:19:01+08:00,60.0,live,強勢偏多,strong_bull,64.27854034147975,2026/09/15,15:19:59,45510.0,45506.0,45514.0,24.0,82.0,0.18,868,28,18797,2026/09/15,WTXOU6,175,,,44850.0,746.75,44103.25,45596.75,44800.0,12.711808290554556,1134,9,44700.0,7.675727714422088,886,2,44600.0,6.08778047448455,592,12,,,,,,,,,,,,
2026-09-15T15:21:02+08:00,2026-09-15T15:20:01+08:00,61.0,live,震盪,neutral,2.664002664002664,2026/09/15,15:20:52,45511.0,45512.0,45518.0,1.0,81.0,0.18,899,31,18797,2026/09/15,WTXOU6,175,,,44850.0,750.75,44099.25,45600.75,44800.0,13.11480329274674,1134,5,44700.0,9.111827186154553,886,5,44600.0,5.653067958088084,592,3,,,,,,,,,,,,
2026-09-15T15:22:01+08:00,2026-09-15T15:21:02+08:00,59.0,live,震盪,neutral,8.018710324089543,2026/09/15,15:21:53,45514.0,45511.0,45516.0,3.0,78.0,0.17,945,46,18797,2026/09/15,WTXOU6,175,,,44850.0,748.25,44101.75,45598.25,44800.0,13.00287108784259,1134,1,44700.0,9.034059576157999,886,1,44600.0,6.018601899595109,592,1,,,,,,,,,,,,
2026-09-15T15:23:01+08:00,2026-09-15T15:22:01+08:00,60.0,live,震盪,neutral,5.3120849933598935,2026/09/15,15:22:57,45516.0,45516.0,45521.0,2.0,76.0,0.17,961,16,18797,2026/09/15,WTXOU6,175,,,44850.0,753.0,44097.0,45603.0,44800.0,10.839339218403325,1134,4,44700.0,8.982583592888494,886,32,44600.0,4.615348556390144,592,2,,,,,,,,,,,,
2026-09-15T15:24:01+08:00,2026-09-15T15:23:01+08:00,60.0,live,強勢偏多,strong_bull,72.49190938511327,2026/09/15,15:23:57,45544.0,45540.0,45545.0,28.0,48.0,0.11,1026,65,18797,2026/09/15,WTXOU6,175,,,44850.0,772.5,44077.5,45622.5,44800.0,11.619772175791658,1134,4,44700.0,8.055256826874576,886,4,44600.0,4.904920262356824,592,2,,,,,,,,,,,,
2026-09-15T15:25:01+08:00,2026-09-15T15:24:01+08:00,60.0,live,強勢偏多,strong_bull,58.48696757787668,2026/09/15,15:24:59,45567.0,45564.0,45568.0,23.0,25.0,0.05,1070,44,18797,2026/09/15,WTXOU6,175,,,44850.0,786.5,44063.5,45636.5,44800.0,8.381773627070817,1134,0,44700.0,5.665016090668074,886,0,44600.0,5.172863575853494,592,2,,,,,,,,,,,,
2026-09-15T15:26:01+08:00,2026-09-15T15:25:01+08:00,60.0,live,強勢偏空,strong_bear,-81.04575163398692,2026/09/15,15:25:57,45536.0,45536.0,45540.0,-31.0,56.0,0.12,1110,40,18797,2026/09/15,WTXOU6,175,,,44850.0,765.0,44085.0,45615.0,44800.0,12.210705209016254,1134,11,44700.0,7.573010478502092,886,4,44600.0,4.6631068316205075,592,2,,,,,,,,,,,,
2026-09-15T15:27:01+08:00,2026-09-15T15:26:01+08:00,60.0,live,震盪,neutral,-2.6263952724885096,2026/09/15,15:26:58,45535.0,45528.0,45533.0,-1.0,57.0,0.13,1133,23,18797,2026/09/15,WTXOU6,175,,,44850.0,761.5,44088.5,45611.5,44800.0,9.184232118973643,1134,0,44700.0,6.207376272532284,886,0,44600.0,3.9392717060314135,592,0,,,,,,,,,,,,
2026-09-15T15:28:01+08:00,2026-09-15T15:27:01+08:00,60.0,live,震盪,neutral,2.6169447170428533,2026/09/15,15:27:50,45536.0,45530.0,45535.0,1.0,56.0,0.12,1175,42,18797,2026/09/15,WTXOU6,175,,,44850.0,764.25,44085.75,45614.25,44800.0,11.650528670231726,1134,2,44700.0,8.48368314812374,886,3,44600.0,4.923327776646792,592,1,,,,,,,,,,,,
2026-09-15T15:29:01+08:00,2026-09-15T15:28:01+08:00,60.0,live,震盪,neutral,7.807417046193884,2026/09/15,15:28:50,45539.0,45536.0,45541.0,3.0,53.0,0.12,1184,9,18797,2026/09/15,WTXOU6,175,,,44850.0,768.5,44081.5,45618.5,44800.0,10.827288188340543,1134,1,44700.0,6.136838669191275,886,0,44600.0,3.8945077392839704,592,0,,,,,,,,,,,,
2026-09-15T15:30:02+08:00,2026-09-15T15:29:01+08:00,61.0,live,溫和偏多,mild_bull,43.25699745547074,2026/09/15,15:29:56,45556.0,45557.0,45560.0,17.0,36.0,0.08,1241,57,18797,2026/09/15,WTXOU6,175,,,44850.0,786.0,44064.0,45636.0,44800.0,11.532512103806251,1134,2,44700.0,5.845886820083297,886,0,44600.0,4.861145570713682,592,1,,,,,,,,,,,,
2026-09-15T15:31:01+08:00,2026-09-15T15:30:02+08:00,59.0,live,震盪,neutral,0.0,2026/09/15,15:30:58,45556.0,45555.0,45560.0,0.0,36.0,0.08,1319,78,18797,2026/09/15,WTXOU6,175,,,44850.0,783.5,44066.5,45633.5,44800.0,11.532512103806251,1134,4,44700.0,5.845886820083297,886,0,44600.0,5.119889664165901,592,3,,,,,,,,,,,,
2026-09-15T15:32:01+08:00,2026-09-15T15:31:01+08:00,60.0,live,強勢偏多,strong_bull,66.85236768802227,2026/09/15,15:31:55,45583.0,45580.0,45583.0,27.0,9.0,0.02,1360,41,18797,2026/09/15,WTXOU6,175,,,44850.0,807.75,44042.25,45657.75,44800.0,9.894555899688942,1134,4,44700.0,5.411874111948095,886,0,44600.0,4.9417134960863525,592,8,,,,,,,,,,,,
2026-09-15T15:33:01+08:00,2026-09-15T15:32:01+08:00,60.0,live,溫和偏多,mild_bull,19.801980198019802,2026/09/15,15:32:53,45591.0,45585.0,45590.0,8.0,1.0,0.0,1427,67,18797,2026/09/15,WTXOU6,175,,,44850.0,808.0,44042.0,45658.0,44800.0,10.435048475476503,1134,7,44700.0,5.289577136414616,886,0,44600.0,4.14429258906128,592,2,,,,,,,,,,,,
2026-09-15T15:34:01+08:00,2026-09-15T15:33:01+08:00,60.0,live,溫和偏空,mild_bear,-32.62233375156838,2026/09/15,15:33:57,45578.0,45574.0,45576.0,-13.0,14.0,0.03,1435,8,18797,2026/09/15,WTXOU6,175,,,44850.0,797.0,44053.0,45647.0,44800.0,10.036921171887482,1134,1,44700.0,6.928428346584,886,1,44600.0,5.012816069474173,592,2,,,,,,,,,,,,
2026-09-15T15:35:01+08:00,2026-09-15T15:34:01+08:00,60.0,live,溫和偏多,mild_bull,34.63203463203464,2026/09/15,15:34:51,45592.0,45590.0,45595.0,14.0,0.0,0.0,1477,42,18797,2026/09/15,WTXOU6,175,,,44850.0,808.5,44041.5,45658.5,44800.0,7.8039574520704225,1134,0,44700.0,5.274485628445434,886,0,44600.0,4.816260739963846,592,8,,,,,,,,,,,,
2026-09-15T15:36:01+08:00,2026-09-15T15:35:01+08:00,60.0,live,震盪,neutral,2.4592683676606213,2026/09/15,15:35:58,45593.0,45589.0,45594.0,1.0,1.0,0.0,1560,83,18797,2026/09/15,WTXOU6,175,,,44850.0,813.25,44036.75,45663.25,44800.0,7.781692253351927,1134,0,44700.0,5.259437177531077,886,0,44600.0,4.802519634490885,592,12,,,,,,,,,,,,
2026-09-15T15:37:01+08:00,2026-09-15T15:36:01+08:00,60.0,live,強勢偏空,strong_bear,-62.853551225644246,2026/09/15,15:36:56,45568.0,45568.0,45573.0,-25.0,24.0,0.05,1599,39,18797,2026/09/15,WTXOU6,175,,,44850.0,795.5,44054.5,45645.5,44850.0,8.958448590343076,536,1,44700.0,5.648853430917957,886,0,44600.0,3.5848267472362823,592,0,,,,,,,,,,,,
2026-09-15T15:38:01+08:00,2026-09-15T15:37:01+08:00,60.0,live,震盪,neutral,-2.5133521834747095,2026/09/15,15:37:55,45567.0,45568.0,45572.0,-1.0,25.0,0.05,1604,5,18797,2026/09/15,WTXOU6,175,,,44850.0,795.75,44054.25,45645.75,44800.0,11.175698169427756,1134,3,44700.0,5.665016090668074,886,0,44600.0,3.5950837552622956,592,0,,,,,,,,,,,,
2026-09-15T15:39:01+08:00,2026-09-15T15:38:01+08:00,60.0,live,溫和偏多,mild_bull,32.398753894081,2026/09/15,15:38:59,45580.0,45577.0,45580.0,13.0,12.0,0.03,1641,37,18797,2026/09/15,WTXOU6,175,,,44850.0,802.5,44047.5,45652.5,44800.0,10.768215195400163,1134,22,44700.0,6.068423643805708,886,2,44600.0,3.788120249650871,592,1,,,,,,,,,,,,
2026-09-15T15:40:01+08:00,2026-09-15T15:39:01+08:00,60.0,live,溫和偏多,mild_bull,27.043638598647817,2026/09/15,15:39:53,45591.0,45590.0,45595.0,11.0,1.0,0.0,1683,42,18797,2026/09/15,WTXOU6,175,,,44850.0,813.5,44036.5,45663.5,44800.0,10.435048475476503,1134,1,44700.0,5.289577136414616,886,0,44600.0,3.356825917345,592,0,,,,,,,,,,,,
2026-09-15T15:41:01+08:00,2026-09-15T15:40:01+08:00,60.0,live,震盪,neutral,-12.322858903265557,2026/09/15,15:40:52,45586.0,45586.0,45587.0,-5.0,6.0,0.01,1738,55,18797,2026/09/15,WTXOU6,175,,,44850.0,811.5,44038.5,45661.5,44800.0,10.585190486060615,1134,12,44700.0,5.365684856303744,886,0,44600.0,3.8365243931590363,592,1,,,,,,,,,,,,
2026-09-15T15:42:02+08:00,2026-09-15T15:41:01+08:00,61.0,live,溫和偏空,mild_bear,-42.553191489361694,2026/09/15,15:41:55,45569.0,45570.0,45574.0,-17.0,23.0,0.05,1881,143,18797,2026/09/15,WTXOU6,175,,,44850.0,799.0,44051.0,45649.0,44800.0,11.112019150361647,1134,3,44700.0,7.337261284996182,886,2,44600.0,4.480340127874898,592,1,,,,,,,,,,,,
2026-09-15T15:43:02+08:00,2026-09-15T15:42:02+08:00,60.0,live,震盪,neutral,0.0,2026/09/15,15:42:58,45569.0,45568.0,45573.0,0.0,23.0,0.05,1933,52,18797,2026/09/15,WTXOU6,175,,,44850.0,796.5,44053.5,45646.5,44800.0,11.112019150361647,1134,2,44700.0,7.108898316671791,886,1,44600.0,3.5745990031219885,592,0,,,,,,,,,,,,
2026-09-15T15:44:01+08:00,2026-09-15T15:43:02+08:00,59.0,live,強勢偏多,strong_bull,54.187192118226605,2026/09/15,15:43:59,45591.0,45587.0,45593.0,22.0,1.0,0.0,2011,78,18797,2026/09/15,WTXOU6,175,,,44850.0,812.0,44038.0,45662.0,44800.0,10.435048475476503,1134,1,44700.0,7.250002631779734,886,1,44600.0,3.356825917345,592,0,,,,,,,,,,,,
2026-09-15T15:45:01+08:00,2026-09-15T15:44:01+08:00,60.0,live,溫和偏空,mild_bear,-22.263450834879407,2026/09/15,15:44:54,45582.0,45580.0,45585.0,-9.0,10.0,0.02,2039,28,18797,2026/09/15,WTXOU6,175,,,44850.0,808.5,44041.5,45658.5,44800.0,8.030143507756495,1134,0,44700.0,6.849697058350274,886,2,44600.0,4.955852866986411,592,4,,,,,,,,,,,,
2026-09-15T15:46:01+08:00,2026-09-15T15:45:01+08:00,60.0,live,溫和偏多,mild_bull,39.14373088685016,2026/09/15,15:45:45,45598.0,45592.0,45597.0,16.0,6.0,0.01,2081,42,18797,2026/09/15,WTXOU6,175,,,44850.0,817.5,44032.5,45667.5,44800.0,7.67131550366531,1134,0,44700.0,5.184836491467354,886,0,44600.0,4.124075288158221,592,1,,,,,,,,,,,,
2026-09-15T15:47:01+08:00,2026-09-15T15:46:01+08:00,60.0,live,震盪,neutral,-9.762050030506405,2026/09/15,15:46:40,45594.0,45595.0,45599.0,-4.0,2.0,0.0,2098,17,18797,2026/09/15,WTXOU6,175,,,44850.0,819.5,44030.5,45669.5,44800.0,10.345987438260048,1134,1,44700.0,5.244431660826971,886,0,44600.0,3.3281760841739887,592,0,,,,,,,,,,,,
2026-09-15T15:48:01+08:00,2026-09-15T15:47:01+08:00,60.0,live,溫和偏空,mild_bear,-17.177914110429448,2026/09/15,15:47:57,45587.0,45587.0,45592.0,-7.0,5.0,0.01,2169,71,18797,2026/09/15,WTXOU6,175,,,44850.0,815.0,44035.0,45665.0,44800.0,10.554990248412881,1134,14,44700.0,6.099864214272376,886,2,44600.0,4.0852144487421445,592,3,,,,,,,,,,,,
2026-09-15T15:49:01+08:00,2026-09-15T15:48:01+08:00,60.0,live,溫和偏多,mild_bull,24.345709068776628,2026/09/15,15:48:59,45597.0,45597.0,45601.0,10.0,5.0,0.01,2177,8,18797,2026/09/15,WTXOU6,175,,,44850.0,821.5,44028.5,45671.5,44800.0,7.693264889295129,1134,0,44700.0,6.562340240920169,886,2,44600.0,3.299770771559281,592,0,,,,,,,,,,,,
2026-09-15T15:50:01+08:00,2026-09-15T15:49:01+08:00,60.0,live,震盪,neutral,0.0,2026/09/15,15:49:44,45597.0,45594.0,45598.0,0.0,5.0,0.01,2190,13,18797,2026/09/15,WTXOU6,175,,,44850.0,819.0,44031.0,45669.0,44800.0,7.693264889295129,1134,0,44700.0,7.126776117421136,886,1,44600.0,3.299770771559281,592,0,,,,,,,,,,,,
2026-09-15T15:51:01+08:00,2026-09-15T15:50:01+08:00,60.0,live,溫和偏多,mild_bull,17.094017094017094,2026/09/15,15:50:24,45604.0,45595.0,45600.0,7.0,12.0,0.03,2196,6,18797,2026/09/15,WTXOU6,175,,,44850.0,819.0,44031.0,45669.0,44800.0,7.540928037884527,1134,0,44700.0,5.096711098855469,886,0,,,,,,,,,,,,,,,,
2026-09-15T15:52:01+08:00,2026-09-15T15:51:01+08:00,60.0,live,強勢偏空,strong_bear,-51.98019801980197,2026/09/15,15:51:56,45583.0,45580.0,45585.0,-21.0,9.0,0.02,2261,65,18797,2026/09/15,WTXOU6,175,,,44850.0,808.0,44042.0,45658.0,44800.0,10.676310647325842,1134,6,44700.0,6.230718633436815,886,1,44600.0,3.4344369714040295,592,0,,,,,,,,,,,,
2026-09-15T15:53:01+08:00,2026-09-15T15:52:01+08:00,60.0,live,強勢偏空,strong_bear,-55.520504731861195,2026/09/15,15:52:55,45561.0,45556.0,45558.0,-22.0,31.0,0.07,2345,84,18797,2026/09/15,WTXOU6,175,,,44850.0,792.5,44057.5,45642.5,44800.0,11.368933134053062,1134,2,44700.0,7.273258669320562,886,1,44600.0,3.6572450512942116,592,0,,,,,,,,,,,,
2026-09-15T15:54:01+08:00,2026-09-15T15:53:01+08:00,60.0,live,強勢偏多,strong_bull,47.02970297029702,2026/09/15,15:53:56,45580.0,45583.0,45588.0,19.0,12.0,0.03,2376,31,18797,2026/09/15,WTXOU6,175,,,44850.0,808.0,44042.0,45658.0,44800.0,9.630419381989148,1134,1,44700.0,7.481478278677262,886,3,44600.0,3.4640015268177207,592,0,,,,,,,,,,,,
2026-09-15T15:55:01+08:00,2026-09-15T15:54:01+08:00,60.0,live,震盪,neutral,2.4813895781637716,2026/09/15,15:54:55,45581.0,45578.0,45583.0,1.0,11.0,0.02,2386,10,18797,2026/09/15,WTXOU6,175,,,44850.0,806.0,44044.0,45656.0,44800.0,10.737492776340138,1134,8,44700.0,5.442887632541865,886,0,44600.0,3.454118504924089,592,0,,,,,,,,,,,,
2026-09-15T15:56:01+08:00,2026-09-15T15:55:01+08:00,60.0,live,溫和偏空,mild_bear,-15.009380863039398,2026/09/15,15:55:50,45575.0,45568.0,45571.0,-6.0,17.0,0.04,2417,31,18797,2026/09/15,WTXOU6,175,,,44850.0,799.5,44050.5,45649.5,44800.0,8.192363167220329,1134,0,44700.0,5.536998638690094,886,0,44600.0,4.404188886952736,592,1,,,,,,,,,,,,
2026-09-15T15:57:01+08:00,2026-09-15T15:56:01+08:00,60.0,live,震盪,neutral,-7.485963817841548,2026/09/15,15:56:56,45572.0,45573.0,45578.0,-3.0,20.0,0.04,2438,21,18797,2026/09/15,WTXOU6,175,,,44850.0,801.5,44048.5,45651.5,44800.0,11.017180304770651,1134,1,44700.0,5.584662609361874,886,0,44600.0,3.544090520521346,592,0,,,,,,,,,,,,
2026-09-15T15:58:01+08:00,2026-09-15T15:57:01+08:00,60.0,live,強勢偏多,strong_bull,46.75484466318056,2026/09/15,15:57:56,45591.0,45588.0,45590.0,19.0,1.0,0.0,2465,27,18797,2026/09/15,WTXOU6,175,,,44850.0,812.75,44037.25,45662.75,44800.0,10.435048475476503,1134,4,44700.0,5.289577136414616,886,0,44600.0,4.093433539611378,592,1,,,,,,,,,,,,
2026-09-15T15:59:01+08:00,2026-09-15T15:58:01+08:00,60.0,live,震盪,neutral,4.89296636085627,2026/09/15,15:58:58,45593.0,45592.0,45596.0,2.0,1.0,0.0,2470,5,18797,2026/09/15,WTXOU6,175,,,44850.0,817.5,44032.5,45667.5,44800.0,7.781692253351927,1134,0,44700.0,7.208692187562352,886,3,44600.0,3.3376987560391425,592,0,,,,,,,,,,,,
2026-09-15T16:00:01+08:00,2026-09-15T15:59:01+08:00,60.0,live,溫和偏多,mild_bull,33.87779794313369,2026/09/15,15:59:58,45607.0,45606.0,45610.0,14.0,15.0,0.03,2493,23,18797,2026/09/15,WTXOU6,175,,,44850.0,826.5,44023.5,45676.5,44800.0,9.9687569810053,1134,2,44700.0,5.0532116960569615,886,0,,,,,,,,,,,,,,,,
2026-09-15T16:01:01+08:00,2026-09-15T16:00:01+08:00,60.0,live,強勢偏空,strong_bear,-100.0,2026/09/15,16:00:58,45559.0,45557.0,45562.0,-48.0,33.0,0.07,2631,138,18797,2026/09/15,WTXOU6,175,,,44850.0,794.5,44055.5,45644.5,44800.0,11.132302332489925,1134,4,44700.0,7.944107058484786,886,5,44600.0,4.400121843383315,592,1,,,,,,,,,,,,
2026-09-15T16:02:01+08:00,2026-09-15T16:01:01+08:00,60.0,live,震盪,neutral,-12.634238787113075,2026/09/15,16:01:59,45554.0,45552.0,45554.0,-5.0,38.0,0.08,2777,146,18797,2026/09/15,WTXOU6,175,,,44850.0,791.5,44058.5,45641.5,44800.0,11.59860081803552,1134,7,44700.0,7.044123383126722,886,2,44600.0,3.731126302136576,592,0,,,,,,,,,,,,
2026-09-15T16:03:02+08:00,2026-09-15T16:02:01+08:00,61.0,live,震盪,neutral,5.09878903760357,2026/09/15,16:02:58,45556.0,45549.0,45553.0,2.0,36.0,0.08,2856,79,18797,2026/09/15,WTXOU6,175,,,44850.0,784.5,44065.5,45634.5,44800.0,10.688063456034023,1134,2,44700.0,8.012492064614872,886,4,44600.0,3.7098663808923016,592,0,,,,,,,,,,,,
2026-09-15T16:04:01+08:00,2026-09-15T16:03:02+08:00,59.0,live,震盪,neutral,12.634238787113075,2026/09/15,16:03:57,45561.0,45558.0,45562.0,5.0,31.0,0.07,2875,19,18797,2026/09/15,WTXOU6,175,,,44850.0,791.5,44058.5,45641.5,44800.0,11.368933134053062,1134,2,44700.0,7.273258669320562,886,1,44600.0,4.79219431559077,592,1,,,,,,,,,,,,
2026-09-15T16:05:01+08:00,2026-09-15T16:04:01+08:00,60.0,live,溫和偏多,mild_bull,29.981261711430353,2026/09/15,16:04:57,45573.0,45569.0,45574.0,12.0,19.0,0.04,2897,22,18797,2026/09/15,WTXOU6,175,,,44850.0,800.5,44049.5,45650.5,44800.0,8.23931067903279,1134,0,44700.0,7.632614165287609,886,2,44600.0,3.5339789995141664,592,0,,,,,,,,,,,,
2026-09-15T16:06:01+08:00,2026-09-15T16:05:01+08:00,60.0,live,震盪,neutral,0.0,2026/09/15,16:05:56,45573.0,45572.0,45576.0,0.0,19.0,0.04,2908,11,18797,2026/09/15,WTXOU6,175,,,44850.0,802.5,44047.5,45652.5,44800.0,8.23931067903279,1134,0,44700.0,7.632614165287609,886,3,44600.0,3.5339789995141664,592,0,,,,,,,,,,,,
2026-09-15T16:07:01+08:00,2026-09-15T16:06:01+08:00,60.0,live,震盪,neutral,-10.0,2026/09/15,16:06:55,45569.0,45571.0,45575.0,-4.0,23.0,0.05,2961,53,18797,2026/09/15,WTXOU6,175,,,44850.0,800.0,44050.0,45650.0,44800.0,8.334014362771235,1134,0,44700.0,7.720344402217069,886,5,44600.0,3.5745990031219885,592,0,,,,,,,,,,,,
2026-09-15T16:08:01+08:00,2026-09-15T16:07:01+08:00,60.0,live,溫和偏空,mild_bear,-17.63224181360202,2026/09/15,16:07:56,45562.0,45561.0,45564.0,-7.0,30.0,0.07,2999,38,18797,2026/09/15,WTXOU6,175,,,44850.0,794.0,44056.0,45644.0,44800.0,8.502372620701443,1134,0,44700.0,7.876305704609913,886,1,44600.0,5.247291992700929,592,1,,,,,,,,,,,,
2026-09-15T16:09:01+08:00,2026-09-15T16:08:01+08:00,60.0,live,強勢偏空,strong_bear,-100.0,2026/09/15,16:08:54,45519.0,45518.0,45521.0,-43.0,73.0,0.16,3076,77,18797,2026/09/15,WTXOU6,175,,,44850.0,764.0,44086.0,45614.0,44800.0,11.326762840235075,1134,6,44700.0,8.905919050932008,886,21,44600.0,4.123532280788474,592,0,,,,,,,,,,,,
2026-09-15T16:10:01+08:00,2026-09-15T16:09:01+08:00,60.0,live,溫和偏空,mild_bear,-18.457481872116016,2026/09/15,16:09:56,45512.0,45510.0,45515.0,-7.0,80.0,0.18,3115,39,18797,2026/09/15,WTXOU6,175,,,44850.0,758.5,44091.5,45608.5,44800.0,13.07738590506102,1134,4,44700.0,8.366238879630625,886,2,44600.0,4.206833158503986,592,0,,,,,,,,,,,,
2026-09-15T16:11:01+08:00,2026-09-15T16:10:01+08:00,60.0,live,溫和偏空,mild_bear,-37.35823882588393,2026/09/15,16:10:59,45498.0,45500.0,45501.0,-14.0,94.0,0.21,3152,37,18797,2026/09/15,WTXOU6,175,,,44850.0,749.5,44100.5,45599.5,44800.0,12.917903163264159,1134,5,44700.0,8.726229774336806,886,4,44500.0,5.623722770598874,1335,4,,,,,,,,,,,,
2026-09-15T16:12:01+08:00,2026-09-15T16:11:01+08:00,60.0,live,強勢偏多,strong_bull,75.52083333333333,2026/09/15,16:11:53,45527.0,45525.0,45529.0,29.0,65.0,0.14,3231,79,18797,2026/09/15,WTXOU6,175,,,44850.0,768.0,44082.0,45618.0,44800.0,12.528766606722488,1134,4,44700.0,8.704664006608201,886,4,44600.0,4.030349121678818,592,0,,,,,,,,,,,,
2026-09-15T16:13:01+08:00,2026-09-15T16:12:01+08:00,60.0,live,溫和偏空,mild_bear,-18.336607727570396,2026/09/15,16:12:39,45520.0,45519.0,45523.0,-7.0,72.0,0.16,3245,14,18797,2026/09/15,WTXOU6,175,,,44850.0,763.5,44086.5,45613.5,44800.0,11.431301585517,1134,2,44700.0,8.439859411500617,886,4,44600.0,4.111767574712389,592,0,,,,,,,,,,,,
2026-09-15T16:14:01+08:00,2026-09-15T16:13:01+08:00,60.0,live,強勢偏多,strong_bull,57.14285714285714,2026/09/15,16:13:31,45542.0,45540.0,45542.0,22.0,50.0,0.11,3273,28,18797,2026/09/15,WTXOU6,175,,,44850.0,770.0,44080.0,45620.0,44800.0,10.777663865282136,1134,7,44700.0,7.5971794701212545,886,9,44600.0,4.708569347978366,592,5,,,,,,,,,,,,
2026-09-15T16:15:01+08:00,2026-09-15T16:14:01+08:00,60.0,live,溫和偏多,mild_bull,25.665704202759066,2026/09/15,16:14:51,45552.0,45544.0,45549.0,10.0,40.0,0.09,3310,37,18797,2026/09/15,WTXOU6,175,,,44850.0,779.25,44070.75,45629.25,44800.0,11.665068263117973,1134,2,44700.0,5.913080185905607,886,0,44600.0,5.39937691706802,592,2,,,,,,,,,,,,
2026-09-15T16:16:01+08:00,2026-09-15T16:15:01+08:00,60.0,live,溫和偏多,mild_bull,37.878787878787875,2026/09/15,16:15:56,45567.0,45568.0,45572.0,15.0,25.0,0.05,3350,40,18797,2026/09/15,WTXOU6,175,,,44850.0,792.0,44058.0,45642.0,44800.0,9.931564118954695,1134,4,44700.0,7.7645869428150736,886,13,44600.0,3.5950837552622956,592,0,,,,,,,,,,,,
2026-09-15T16:17:01+08:00,2026-09-15T16:16:01+08:00,60.0,live,強勢偏空,strong_bear,-83.06294613887086,2026/09/15,16:16:58,45535.0,45535.0,45539.0,-32.0,57.0,0.13,3361,11,18797,2026/09/15,WTXOU6,175,,,44850.0,770.5,44079.5,45620.5,44850.0,9.844203234949106,536,7,44700.0,7.713459827101462,886,3,44600.0,3.9392717060314135,592,0,,,,,,,,,,,,
2026-09-15T16:18:01+08:00,2026-09-15T16:17:01+08:00,60.0,live,震盪,neutral,10.349288486416558,2026/09/15,16:17:51,45539.0,45539.0,45544.0,4.0,53.0,0.12,3365,4,18797,2026/09/15,WTXOU6,175,,,44850.0,773.0,44077.0,45623.0,44800.0,10.99407100707804,1134,2,44700.0,8.411276620989412,886,5,44600.0,3.8945077392839704,592,0,,,,,,,,,,,,
2026-09-15T16:19:01+08:00,2026-09-15T16:18:01+08:00,60.0,live,強勢偏多,strong_bull,55.78446909667196,2026/09/15,16:18:56,45561.0,45561.0,45565.0,22.0,31.0,0.07,3374,9,18797,2026/09/15,WTXOU6,175,,,44850.0,788.75,44061.25,45638.75,44800.0,11.368933134053062,1134,5,44700.0,7.8988416140202675,886,5,44600.0,3.6572450512942116,592,0,,,,,,,,,,,,
2026-09-15T16:20:01+08:00,2026-09-15T16:19:01+08:00,60.0,live,溫和偏多,mild_bull,32.63256981487292,2026/09/15,16:19:53,45574.0,45574.0,45575.0,13.0,18.0,0.04,3390,16,18797,2026/09/15,WTXOU6,175,,,44850.0,796.75,44053.25,45646.75,44800.0,10.95440451894982,1134,3,44700.0,7.610837820122288,886,3,44600.0,3.52389632733477,592,0,,,,,,,,,,,,
2026-09-15T16:21:01+08:00,2026-09-15T16:20:01+08:00,60.0,live,強勢偏多,strong_bull,58.91377723227983,2026/09/15,16:20:50,45598.0,45593.0,45597.0,24.0,6.0,0.01,3469,79,18797,2026/09/15,WTXOU6,175,,,44850.0,814.75,44035.25,45664.75,44800.0,9.652040649611878,1134,3,44700.0,7.1064429611409805,886,5,44600.0,3.2903563107033005,592,0,,,,,,,,,,,,
2026-09-15T16:22:01+08:00,2026-09-15T16:21:01+08:00,60.0,live,溫和偏空,mild_bear,-24.75247524752475,2026/09/15,16:21:52,45588.0,45586.0,45591.0,-10.0,4.0,0.01,3484,15,18797,2026/09/15,WTXOU6,175,,,44850.0,808.0,44042.0,45658.0,44800.0,10.524876174009473,1134,5,44700.0,6.585666422724113,886,2,44600.0,3.3857223759709045,592,0,,,,,,,,,,,,
2026-09-15T16:23:01+08:00,2026-09-15T16:22:01+08:00,60.0,live,震盪,neutral,-4.962779156327543,2026/09/15,16:22:58,45586.0,45585.0,45590.0,-2.0,6.0,0.01,3502,18,18797,2026/09/15,WTXOU6,175,,,44850.0,806.0,44044.0,45656.0,44800.0,10.585190486060615,1134,1,44700.0,7.354317429591519,886,1,44600.0,4.8995369666124065,592,1,,,,,,,,,,,,
2026-09-15T16:24:01+08:00,2026-09-15T16:23:01+08:00,60.0,live,震盪,neutral,9.87045033929673,2026/09/15,16:23:52,45590.0,45588.0,45593.0,4.0,2.0,0.0,3507,5,18797,2026/09/15,WTXOU6,175,,,44850.0,810.5,44039.5,45660.5,44800.0,10.464905532319577,1134,1,44700.0,5.304711824634698,886,0,44600.0,3.3664305629259004,592,0,,,,,,,,,,,,
2026-09-15T16:25:01+08:00,2026-09-15T16:24:01+08:00,60.0,live,溫和偏空,mild_bear,-17.41293532338308,2026/09/15,16:24:40,45583.0,45581.0,45585.0,-7.0,9.0,0.02,3529,22,18797,2026/09/15,WTXOU6,175,,,44850.0,804.0,44046.0,45654.0,44800.0,10.676310647325842,1134,3,44700.0,5.411874111948095,886,0,44600.0,3.4344369714040295,592,0,,,,,,,,,,,,
2026-09-15T16:26:01+08:00,2026-09-15T16:25:01+08:00,60.0,live,震盪,neutral,10.006253908692933,2026/09/15,16:25:24,45587.0,45575.0,45580.0,4.0,5.0,0.01,3534,5,18797,2026/09/15,WTXOU6,175,,,44850.0,799.5,44050.5,45649.5,44800.0,9.585133179602218,1134,2,44700.0,7.333335083132759,886,5,44600.0,3.3954097009193047,592,0,,,,,,,,,,,,
2026-09-15T16:27:01+08:00,2026-09-15T16:26:01+08:00,60.0,live,震盪,neutral,2.4937655860349124,2026/09/15,16:26:35,45588.0,45578.0,45583.0,1.0,4.0,0.01,3536,2,18797,2026/09/15,WTXOU6,175,,,44850.0,802.0,44048.0,45652.0,44800.0,10.524876174009473,1134,1,44700.0,5.335111236375285,886,0,44600.0,3.3857223759709045,592,0,,,,,,,,,,,,
2026-09-15T16:28:01+08:00,2026-09-15T16:27:01+08:00,60.0,live,震盪,neutral,-7.437248218159281,2026/09/15,16:27:52,45585.0,45582.0,45586.0,-3.0,7.0,0.02,3550,14,18797,2026/09/15,WTXOU6,175,,,44850.0,806.75,44043.25,45656.75,44800.0,10.615477133485376,1134,5,44700.0,6.272925444248347,886,1,44600.0,4.085101266857591,592,1,,,,,,,,,,,,
2026-09-15T16:29:01+08:00,2026-09-15T16:28:01+08:00,60.0,live,溫和偏多,mild_bull,19.765287214329835,2026/09/15,16:28:55,45593.0,45585.0,45590.0,8.0,1.0,0.0,3633,83,18797,2026/09/15,WTXOU6,175,,,44850.0,809.5,44040.5,45659.5,44800.0,9.8996006262498,1134,6,44700.0,6.712326080168399,886,5,44600.0,4.802519634490885,592,9,,,,,,,,,,,,
2026-09-15T16:30:01+08:00,2026-09-15T16:29:01+08:00,60.0,live,溫和偏空,mild_bear,-17.332095326524293,2026/09/15,16:29:56,45586.0,45583.0,45587.0,-7.0,6.0,0.01,3656,23,18797,2026/09/15,WTXOU6,175,,,44850.0,807.75,44042.25,45657.75,44800.0,7.938892864545461,1134,0,44700.0,5.365684856303744,886,0,44600.0,4.8995369666124065,592,2,,,,,,,,,,,,
2026-09-15T16:31:01+08:00,2026-09-15T16:30:01+08:00,60.0,live,溫和偏空,mild_bear,-24.891101431238333,2026/09/15,16:30:38,45576.0,45575.0,45580.0,-10.0,16.0,0.04,3677,21,18797,2026/09/15,WTXOU6,175,,,44850.0,803.5,44046.5,45653.5,44800.0,9.891164089663109,1134,2,44700.0,7.567471340524406,886,5,44600.0,3.503817200463824,592,0,,,,,,,,,,,,
2026-09-15T16:32:01+08:00,2026-09-15T16:31:01+08:00,60.0,live,震盪,neutral,0.0,2026/09/15,16:30:38,45576.0,45572.0,45575.0,0.0,16.0,0.04,3677,0,18797,2026/09/15,WTXOU6,175,,,44850.0,799.0,44051.0,45649.0,44800.0,8.16898982170781,1134,0,44700.0,5.5212012210655566,886,0,44600.0,5.0415427307356016,592,2,,,,,,,,,,,,
2026-09-15T16:33:01+08:00,2026-09-15T16:32:01+08:00,60.0,live,溫和偏空,mild_bear,-15.056461731493098,2026/09/15,16:32:56,45570.0,45569.0,45571.0,-6.0,22.0,0.05,3700,23,18797,2026/09/15,WTXOU6,175,,,44850.0,797.0,44053.0,45647.0,44800.0,8.31023687717504,1134,0,44700.0,5.61666631921579,886,0,44600.0,3.564400439427574,592,0,,,,,,,,,,,,
2026-09-15T16:34:01+08:00,2026-09-15T16:33:01+08:00,60.0,live,震盪,neutral,7.568590350047305,2026/09/15,16:33:53,45573.0,45568.0,45573.0,3.0,19.0,0.04,3712,12,18797,2026/09/15,WTXOU6,175,,,44850.0,792.75,44057.25,45642.75,44800.0,10.181334830181731,1134,1,44700.0,7.028116255517893,886,1,44600.0,5.0849416839481245,592,2,,,,,,,,,,,,
2026-09-15T16:35:01+08:00,2026-09-15T16:34:01+08:00,60.0,live,強勢偏空,strong_bear,-82.34158893534898,2026/09/15,16:34:56,45541.0,45540.0,45544.0,-32.0,51.0,0.11,3745,33,18797,2026/09/15,WTXOU6,175,,,44850.0,777.25,44072.75,45627.25,44800.0,9.02812998100744,1134,0,44700.0,8.363349248918507,886,3,44600.0,4.853494519312048,592,1,,,,,,,,,,,,
2026-09-15T16:36:01+08:00,2026-09-15T16:35:01+08:00,60.0,live,震盪,neutral,10.236724248240565,2026/09/15,16:35:41,45545.0,45548.0,45554.0,4.0,47.0,0.1,3754,9,18797,2026/09/15,WTXOU6,175,,,44850.0,781.5,44068.5,45631.5,44800.0,11.354762650384076,1134,2,44700.0,8.268312217808766,886,3,44600.0,4.798341769391618,592,1,,,,,,,,,,,,
2026-09-15T16:37:01+08:00,2026-09-15T16:36:01+08:00,60.0,live,溫和偏多,mild_bull,23.166023166023166,2026/09/15,16:36:19,45554.0,45541.0,45546.0,9.0,38.0,0.08,3758,4,18797,2026/09/15,WTXOU6,175,,,44850.0,777.0,44073.0,45627.0,44800.0,8.69895061352664,1134,0,44700.0,8.05840879928258,886,4,44600.0,3.731126302136576,592,0,,,,,,,,,,,,
2026-09-15T16:38:01+08:00,2026-09-15T16:37:01+08:00,60.0,live,溫和偏空,mild_bear,-36.03603603603604,2026/09/15,16:37:59,45540.0,45540.0,45544.0,-14.0,52.0,0.11,3779,21,18797,2026/09/15,WTXOU6,175,,,44850.0,777.0,44073.0,45627.0,44800.0,9.053961522726011,1134,0,44700.0,8.387278701140055,886,2,44600.0,3.883396455136353,592,0,,,,,,,,,,,,
2026-09-15T16:39:01+08:00,2026-09-15T16:38:01+08:00,60.0,live,溫和偏空,mild_bear,-18.170019467878003,2026/09/15,16:38:55,45533.0,45533.0,45537.0,-7.0,59.0,0.13,3804,25,18797,2026/09/15,WTXOU6,175,,,44850.0,770.5,44079.5,45620.5,44800.0,11.41401332591403,1134,1,44700.0,8.556712970080953,886,2,44600.0,5.191322127864928,592,1,,,,,,,,,,,,
2026-09-15T16:40:01+08:00,2026-09-15T16:39:01+08:00,60.0,live,溫和偏多,mild_bull,17.96599294193134,2026/09/15,16:39:20,45540.0,45544.0,45549.0,7.0,52.0,0.11,3805,1,18797,2026/09/15,WTXOU6,175,,,44850.0,779.25,44070.75,45629.25,44800.0,12.071948696968015,1134,2,44700.0,6.119329868904742,886,0,44600.0,5.587708504417802,592,2,,,,,,,,,,,,
2026-09-15T16:41:01+08:00,2026-09-15T16:40:01+08:00,60.0,live,震盪,neutral,-12.974375608173855,2026/09/15,16:40:53,45535.0,45531.0,45536.0,-5.0,57.0,0.13,3820,15,18797,2026/09/15,WTXOU6,175,,,44850.0,770.75,44079.25,45620.75,44800.0,10.951738414370123,1134,1,44700.0,7.535617118890357,886,1,44600.0,5.6681058108014595,592,3,,,,,,,,,,,,
2026-09-15T16:42:12+08:00,,,warming_up,資料累積中,warming_up,,2026/09/15,16:42:04,45542.0,45543.0,45548.0,,50.0,0.11,3829,,18797,2026/09/15,WTXOU6,175,,,44850.0,779.5,44070.5,45629.5,44800.0,12.003162851145673,1134,313,44700.0,8.15938667254697,886,265,44600.0,4.96590970891713,592,133,,,,,,,,,,,,
2026-09-15T16:43:12+08:00,2026-09-15T16:42:12+08:00,60.0,live,溫和偏多,mild_bull,20.52597819114817,2026/09/15,16:43:07,45550.0,45543.0,45546.0,8.0,42.0,0.09,3848,19,18797,2026/09/15,WTXOU6,175,,,44850.0,779.5,44070.5,45629.5,44800.0,8.798937457068808,1134,0,44700.0,5.946965939772893,886,0,44600.0,3.7740123418880476,592,0,,,,,,,,,,,,
2026-09-15T16:44:12+08:00,2026-09-15T16:43:12+08:00,60.0,live,溫和偏多,mild_bull,15.434083601286176,2026/09/15,16:43:48,45556.0,45540.0,45543.0,6.0,36.0,0.08,3851,3,18797,2026/09/15,WTXOU6,175,,,44850.0,777.5,44072.5,45627.5,44800.0,8.649384077854688,1134,0,44700.0,8.012492064614872,886,2,44600.0,3.7098663808923016,592,0,,,,,,,,,,,,
2026-09-15T16:45:12+08:00,2026-09-15T16:44:12+08:00,60.0,live,強勢偏空,strong_bear,-54.51005840363401,2026/09/15,16:44:23,45535.0,45537.0,45542.0,-21.0,57.0,0.13,3858,7,18797,2026/09/15,WTXOU6,175,,,44850.0,770.5,44079.5,45620.5,44800.0,9.184232118973643,1134,0,44700.0,8.507956903112754,886,1,44600.0,3.9392717060314135,592,0,,,,,,,,,,,,
2026-09-15T16:46:12+08:00,2026-09-15T16:45:12+08:00,60.0,live,溫和偏空,mild_bear,-26.160889470241987,2026/09/15,16:46:01,45525.0,45525.0,45529.0,-10.0,67.0,0.15,3872,14,18797,2026/09/15,WTXOU6,175,,,44850.0,764.5,44085.5,45614.5,44800.0,11.269158201710814,1134,1,44700.0,6.387287806374757,886,0,44600.0,5.080518130894722,592,1,,,,,,,,,,,,
2026-09-15T16:47:12+08:00,2026-09-15T16:46:12+08:00,60.0,live,震盪,neutral,7.8277886497064575,2026/09/15,16:46:19,45528.0,45527.0,45531.0,3.0,64.0,0.14,3874,2,18797,2026/09/15,WTXOU6,175,,,44850.0,766.5,44083.5,45616.5,44800.0,12.49302121985824,1134,2,44700.0,6.332773591287724,886,0,44600.0,5.266016130839539,592,1,,,,,,,,,,,,
2026-09-15T16:48:12+08:00,2026-09-15T16:47:12+08:00,60.0,live,溫和偏多,mild_bull,18.099547511312213,2026/09/15,16:48:05,45535.0,45533.0,45538.0,7.0,57.0,0.13,3886,12,18797,2026/09/15,WTXOU6,175,,,44850.0,773.5,44076.5,45623.5,44800.0,9.184232118973643,1134,0,44700.0,8.507956903112754,886,2,44600.0,3.9392717060314135,592,0,,,,,,,,,,,,
2026-09-15T16:49:12+08:00,2026-09-15T16:48:12+08:00,60.0,live,震盪,neutral,10.349288486416558,2026/09/15,16:49:01,45539.0,45537.0,45542.0,4.0,53.0,0.12,3890,4,18797,2026/09/15,WTXOU6,175,,,44850.0,773.0,44077.0,45623.0,44800.0,12.106489299179797,1134,2,44700.0,6.136838669191275,886,0,44600.0,3.8945077392839704,592,0,,,,,,,,,,,,
2026-09-15T16:50:12+08:00,2026-09-15T16:49:12+08:00,60.0,live,震盪,neutral,0.0,2026/09/15,16:49:48,45539.0,45543.0,45545.0,0.0,53.0,0.12,3891,1,18797,2026/09/15,WTXOU6,175,,,44850.0,779.5,44070.5,45629.5,44800.0,9.079866974384847,1134,0,44700.0,6.136838669191275,886,0,44600.0,3.8945077392839704,592,0,,,,,,,,,,,,
2026-09-15T16:51:12+08:00,2026-09-15T16:50:12+08:00,60.0,live,震盪,neutral,10.289389067524116,2026/09/15,16:51:06,45543.0,45540.0,45544.0,4.0,49.0,0.11,3896,5,18797,2026/09/15,WTXOU6,175,,,44850.0,777.5,44072.5,45627.5,44800.0,11.96891704601762,1134,1,44700.0,6.06710262084978,886,0,44600.0,3.8502524484717013,592,0,,,,,,,,,,,,
2026-09-15T16:52:12+08:00,2026-09-15T16:51:12+08:00,60.0,live,震盪,neutral,0.0,2026/09/15,16:51:06,45543.0,45539.0,45544.0,0.0,49.0,0.11,3896,0,18797,2026/09/15,WTXOU6,175,,,44850.0,775.0,44075.0,45625.0,44800.0,10.704252154119857,1134,1,44700.0,8.315694966545772,886,3,44600.0,3.8502524484717013,592,0,,,,,,,,,,,,
2026-09-15T16:53:12+08:00,2026-09-15T16:52:12+08:00,60.0,live,震盪,neutral,5.1167252958106815,2026/09/15,16:52:46,45545.0,45547.0,45551.0,2.0,47.0,0.1,3903,7,18797,2026/09/15,WTXOU6,175,,,44850.0,781.75,44068.25,45631.75,44800.0,11.900718273536539,1134,1,44700.0,6.032532329346559,886,0,44600.0,3.828313747608584,592,0,,,,,,,,,,,,
2026-09-15T16:54:12+08:00,2026-09-15T16:53:12+08:00,60.0,live,震盪,neutral,0.0,2026/09/15,16:53:58,45545.0,45541.0,45545.0,0.0,47.0,0.1,3910,7,18797,2026/09/15,WTXOU6,175,,,44850.0,777.5,44072.5,45627.5,44800.0,11.900718273536539,1134,2,44700.0,7.613467449718689,886,1,44600.0,5.016350592393483,592,1,,,,,,,,,,,,
2026-09-15T16:55:12+08:00,2026-09-15T16:54:12+08:00,60.0,live,震盪,neutral,-7.717041800643088,2026/09/15,16:55:04,45542.0,45540.0,45545.0,-3.0,50.0,0.11,3913,3,18797,2026/09/15,WTXOU6,175,,,44850.0,777.5,44072.5,45627.5,44800.0,12.003162851145673,1134,1,44700.0,8.33948806898217,886,1,44600.0,3.8612689000468303,592,0,,,,,,,,,,,,
2026-09-15T16:56:12+08:00,2026-09-15T16:55:12+08:00,60.0,live,強勢偏空,strong_bear,-46.82926829268293,2026/09/15,16:56:06,45524.0,45526.0,45530.0,-18.0,68.0,0.15,3931,18,18797,2026/09/15,WTXOU6,175,,,44850.0,768.75,44081.25,45618.75,44800.0,11.475487870454746,1134,2,44700.0,8.779596091116863,886,5,44600.0,4.065043448852823,592,0,,,,,,,,,,,,
2026-09-15T16:57:11+08:00,2026-09-15T16:56:12+08:00,59.0,live,溫和偏多,mild_bull,28.534370946822307,2026/09/15,16:57:06,45535.0,45533.0,45536.0,11.0,57.0,0.13,3934,3,18797,2026/09/15,WTXOU6,175,,,44850.0,771.0,44079.0,45621.0,44800.0,12.24564282529819,1134,2,44700.0,6.207376272532284,886,0,44600.0,3.9392717060314135,592,0,,,,,,,,,,,,
2026-09-15T16:58:12+08:00,2026-09-15T16:57:11+08:00,61.0,live,溫和偏多,mild_bull,36.012861736334415,2026/09/15,16:57:48,45549.0,45542.0,45547.0,14.0,43.0,0.09,3956,22,18797,2026/09/15,WTXOU6,175,,,44850.0,777.5,44072.5,45627.5,44800.0,11.765484302177919,1134,4,44700.0,5.963981567493731,886,0,44600.0,3.784810653106537,592,0,,,,,,,,,,,,
2026-09-15T16:59:12+08:00,2026-09-15T16:58:12+08:00,60.0,live,強勢偏空,strong_bear,-60.17004578155657,2026/09/15,16:59:07,45526.0,45525.0,45529.0,-23.0,66.0,0.14,3968,12,18797,2026/09/15,WTXOU6,175,,,44850.0,764.5,44085.5,45614.5,44800.0,9.423460701976555,1134,0,44700.0,6.369064458393351,886,0,44600.0,4.041880870966441,592,0,,,,,,,,,,,,
2026-09-15T17:00:12+08:00,2026-09-15T16:59:12+08:00,60.0,live,溫和偏多,mild_bull,33.63518758085381,2026/09/15,17:00:02,45539.0,45536.0,45541.0,13.0,53.0,0.12,3984,16,18797,2026/09/15,WTXOU6,175,,,44850.0,773.0,44077.0,45623.0,44800.0,12.106489299179797,1134,1,44700.0,6.136838669191275,886,0,44600.0,5.603696214568932,592,1,,,,,,,,,,,,
2026-09-15T17:01:12+08:00,2026-09-15T17:00:12+08:00,60.0,live,溫和偏空,mild_bear,-36.62524525833879,2026/09/15,17:00:37,45525.0,45523.0,45526.0,-14.0,67.0,0.15,3992,8,18797,2026/09/15,WTXOU6,175,,,44850.0,764.5,44085.5,45614.5,44800.0,9.450423375173386,1134,0,44700.0,6.387287806374757,886,0,44600.0,4.053445615222397,592,0,,,,,,,,,,,,
2026-09-15T17:02:11+08:00,2026-09-15T17:01:12+08:00,59.0,live,震盪,neutral,13.003901170351103,2026/09/15,17:02:04,45530.0,45529.0,45534.0,5.0,62.0,0.14,4015,23,18797,2026/09/15,WTXOU6,175,,,44850.0,769.0,44081.0,45619.0,44800.0,10.584175418950606,1134,1,44700.0,6.296689509188573,886,0,44600.0,5.749659893145898,592,6,,,,,,,,,,,,
2026-09-15T17:03:12+08:00,2026-09-15T17:02:11+08:00,61.0,live,溫和偏空,mild_bear,-44.67805519053877,2026/09/15,17:03:03,45513.0,45517.0,45521.0,-17.0,79.0,0.17,4040,25,18797,2026/09/15,WTXOU6,175,,,44850.0,761.0,44089.0,45611.0,44800.0,13.040075271618573,1134,3,44700.0,6.610077967149022,886,0,44600.0,4.194830789600142,592,0,,,,,,,,,,,,
2026-09-15T17:04:11+08:00,2026-09-15T17:03:12+08:00,59.0,live,強勢偏多,strong_bull,85.88158750813272,2026/09/15,17:03:49,45546.0,45529.0,45534.0,33.0,46.0,0.1,4048,8,18797,2026/09/15,WTXOU6,175,,,44850.0,768.5,44081.5,45618.5,44800.0,11.866764749458467,1134,3,44700.0,7.302466425619129,886,1,44600.0,3.817391319229039,592,0,,,,,,,,,,,,
2026-09-15T17:05:12+08:00,2026-09-15T17:04:11+08:00,61.0,live,溫和偏空,mild_bear,-31.057910061468778,2026/09/15,17:04:54,45534.0,45536.0,45541.0,-12.0,58.0,0.13,4058,10,18797,2026/09/15,WTXOU6,175,,,44850.0,772.75,44077.25,45622.75,44800.0,12.28068040607936,1134,2,44700.0,7.856547679142587,886,1,44600.0,5.6843235560072785,592,2,,,,,,,,,,,,
2026-09-15T17:06:12+08:00,2026-09-15T17:05:12+08:00,60.0,live,強勢偏多,strong_bull,55.67858272698514,2026/09/15,17:05:59,45556.0,45557.0,45561.0,22.0,36.0,0.08,4074,16,18797,2026/09/15,WTXOU6,175,,,44850.0,790.25,44059.75,45640.25,44800.0,10.09094809083047,1134,1,44700.0,5.845886820083297,886,0,44600.0,5.338021025215607,592,4,,,,,,,,,,,,
2026-09-15T17:07:11+08:00,2026-09-15T17:06:12+08:00,59.0,live,溫和偏空,mild_bear,-17.92573623559539,2026/09/15,17:07:08,45549.0,45548.0,45553.0,-7.0,43.0,0.09,4085,11,18797,2026/09/15,WTXOU6,175,,,44850.0,781.0,44069.0,45631.0,44800.0,8.82411322663344,1134,0,44700.0,7.240141345325311,886,1,44600.0,3.784810653106537,592,0,,,,,,,,,,,,
2026-09-15T17:08:12+08:00,2026-09-15T17:07:11+08:00,61.0,live,溫和偏空,mild_bear,-33.74432186891628,2026/09/15,17:07:58,45536.0,45532.0,45537.0,-13.0,56.0,0.12,4091,6,18797,2026/09/15,WTXOU6,175,,,44850.0,770.5,44079.5,45620.5,44800.0,9.15802890676219,1134,0,44700.0,8.48368314812374,886,2,44600.0,3.928032707372127,592,0,,,,,,,,,,,,
2026-09-15T17:09:12+08:00,2026-09-15T17:08:12+08:00,60.0,live,震盪,neutral,-7.853403141361256,2026/09/15,17:09:04,45533.0,45526.0,45528.0,-3.0,59.0,0.13,4099,8,18797,2026/09/15,WTXOU6,175,,,44850.0,764.0,44086.0,45614.0,44800.0,9.236863678035764,1134,0,44700.0,8.556712970080953,886,1,44600.0,3.9618462673852584,592,0,,,,,,,,,,,,
2026-09-15T17:10:12+08:00,2026-09-15T17:09:12+08:00,60.0,live,溫和偏空,mild_bear,-34.32343234323433,2026/09/15,17:09:55,45520.0,45515.0,45520.0,-13.0,72.0,0.16,4106,7,18797,2026/09/15,WTXOU6,175,,,44850.0,757.5,44092.5,45607.5,44800.0,9.586398360795565,1134,0,44700.0,8.880509884024356,886,2,44600.0,4.111767574712389,592,0,,,,,,,,,,,,
2026-09-15T17:11:12+08:00,2026-09-15T17:10:12+08:00,60.0,live,震盪,neutral,-2.6246719160104988,2026/09/15,17:11:04,45519.0,45520.0,45524.0,-1.0,73.0,0.16,4112,6,18797,2026/09/15,WTXOU6,175,,,44850.0,762.0,44088.0,45612.0,44800.0,12.818436314461273,1134,2,44700.0,8.200576250381335,886,1,44600.0,5.403184002985172,592,1,,,,,,,,,,,,
2026-09-15T17:12:12+08:00,2026-09-15T17:11:12+08:00,60.0,live,強勢偏多,strong_bull,64.89292667099285,2026/09/15,17:11:55,45544.0,45532.0,45537.0,25.0,48.0,0.11,4119,7,18797,2026/09/15,WTXOU6,175,,,44850.0,770.5,44079.5,45620.5,44800.0,8.951076709800974,1134,0,44700.0,6.049792782049607,886,0,44600.0,3.839267427550187,592,0,,,,,,,,,,,,
2026-09-15T17:13:11+08:00,2026-09-15T17:12:12+08:00,59.0,live,強勢偏空,strong_bear,-57.93285055957866,2026/09/15,17:13:09,45522.0,45520.0,45522.0,-22.0,70.0,0.15,4125,6,18797,2026/09/15,WTXOU6,175,,,44850.0,759.5,44090.5,45609.5,44800.0,9.531775156523429,1134,0,44700.0,6.442271294459428,886,0,44600.0,5.882594151810381,592,2,,,,,,,,,,,,
2026-09-15T17:14:12+08:00,2026-09-15T17:13:11+08:00,61.0,live,震盪,neutral,-13.2013201320132,2026/09/15,17:13:51,45517.0,45515.0,45520.0,-5.0,75.0,0.16,4133,8,18797,2026/09/15,WTXOU6,175,,,44850.0,757.5,44092.5,45607.5,44800.0,9.668920651323894,1134,0,44700.0,8.956955697051091,886,2,44600.0,5.434147723663478,592,1,,,,,,,,,,,,
2026-09-15T17:15:12+08:00,2026-09-15T17:14:12+08:00,60.0,live,溫和偏多,mild_bull,23.49869451697128,2026/09/15,17:15:08,45526.0,45521.0,45526.0,9.0,66.0,0.14,4166,33,18797,2026/09/15,WTXOU6,175,,,44850.0,766.0,44084.0,45616.0,44850.0,10.100622580647514,536,3,44700.0,8.296409193648692,886,2,44600.0,5.815747214444481,592,3,,,,,,,,,,,,
2026-09-15T17:16:12+08:00,2026-09-15T17:15:12+08:00,60.0,live,強勢偏多,strong_bull,56.41025641025641,2026/09/15,17:16:08,45548.0,45546.0,45549.0,22.0,44.0,0.1,4183,17,18797,2026/09/15,WTXOU6,175,,,44850.0,780.0,44070.0,45630.0,44800.0,10.55242135406621,1134,1,44700.0,5.9810458808115055,886,0,44600.0,3.7956398607595387,592,0,,,,,,,,,,,,
2026-09-15T17:17:12+08:00,2026-09-15T17:16:12+08:00,60.0,live,強勢偏空,strong_bear,-65.61679790026247,2026/09/15,17:16:32,45523.0,45522.0,45527.0,-25.0,69.0,0.15,4191,8,18797,2026/09/15,WTXOU6,175,,,44850.0,762.0,44088.0,45612.0,44800.0,12.672773841863558,1134,3,44700.0,7.798461286922887,886,1,44600.0,5.537498106578043,592,2,,,,,,,,,,,,
2026-09-15T17:17:57+08:00,,,warming_up,資料累積中,warming_up,,2026/09/15,17:17:54,45498.0,45499.0,45504.0,,94.0,0.21,4241,,18797,2026/09/15,WTXOU6,175,,,44850.0,747.5,44102.5,45597.5,44800.0,12.917903163264159,1134,350,44700.0,8.782710980293288,886,294,44500.0,5.5598713015464405,1335,253,,,,,,,,,,,,
2026-09-15T17:18:57+08:00,2026-09-15T17:17:57+08:00,60.0,live,震盪,neutral,-5.367326400536732,2026/09/15,17:18:54,45496.0,45496.0,45500.0,-2.0,96.0,0.21,4271,30,18797,2026/09/15,WTXOU6,175,,,44850.0,745.25,44104.75,45595.25,44800.0,9.569659955199823,1134,0,44700.0,6.475985483996674,886,0,44600.0,6.051771983241237,592,1,,,,,,,,,,,,
2026-09-15T17:19:57+08:00,2026-09-15T17:18:57+08:00,60.0,live,溫和偏多,mild_bull,34.36880370125578,2026/09/15,17:19:47,45509.0,45509.0,45514.0,13.0,83.0,0.18,4279,8,18797,2026/09/15,WTXOU6,175,,,44850.0,756.5,44093.5,45606.5,44800.0,13.189959553515054,1134,1,44700.0,6.686055043105192,886,0,44600.0,6.1051990047484015,592,1,,,,,,,,,,,,
2026-09-15T17:20:57+08:00,2026-09-15T17:19:57+08:00,60.0,live,溫和偏多,mild_bull,21.164021164021165,2026/09/15,17:20:40,45517.0,45511.0,45516.0,8.0,75.0,0.16,4292,13,18797,2026/09/15,WTXOU6,175,,,44850.0,756.0,44094.0,45606.0,44800.0,9.668920651323894,1134,0,44700.0,8.956955697051091,886,2,44600.0,4.147162773786635,592,0,,,,,,,,,,,,
2026-09-15T17:21:57+08:00,2026-09-15T17:20:57+08:00,60.0,live,震盪,neutral,0.0,2026/09/15,17:21:32,45517.0,45512.0,45517.0,0.0,75.0,0.16,4296,4,18797,2026/09/15,WTXOU6,175,,,44850.0,755.75,44094.25,45605.75,44800.0,9.668920651323894,1134,0,44700.0,6.534964257712221,886,0,44600.0,4.147162773786635,592,0,,,,,,,,,,,,
2026-09-15T17:22:57+08:00,2026-09-15T17:21:57+08:00,60.0,live,溫和偏多,mild_bull,33.83214053350683,2026/09/15,17:22:53,45530.0,45524.0,45529.0,13.0,62.0,0.14,4315,19,18797,2026/09/15,WTXOU6,175,,,44850.0,768.5,44081.5,45618.5,44800.0,10.298409450662366,1134,1,44700.0,6.296689509188573,886,0,44600.0,5.236010422335751,592,5,,,,,,,,,,,,
2026-09-15T17:23:57+08:00,2026-09-15T17:22:57+08:00,60.0,live,溫和偏空,mild_bear,-29.0141773821299,2026/09/15,17:23:53,45519.0,45514.0,45519.0,-11.0,73.0,0.16,4379,64,18797,2026/09/15,WTXOU6,175,,,44850.0,758.25,44091.75,45608.25,44800.0,12.818436314461273,1134,7,44700.0,8.727279686104914,886,6,44600.0,4.807534897767798,592,1,,,,,,,,,,,,
2026-09-15T17:24:57+08:00,2026-09-15T17:23:57+08:00,60.0,live,強勢偏空,strong_bear,-48.03202134756505,2026/09/15,17:24:53,45501.0,45501.0,45506.0,-18.0,91.0,0.2,4399,20,18797,2026/09/15,WTXOU6,175,,,44850.0,749.5,44100.5,45599.5,44800.0,10.12118721464969,1134,0,44700.0,6.840639103217104,886,0,44600.0,4.341147513437625,592,0,,,,,,,,,,,,
2026-09-15T17:25:57+08:00,2026-09-15T17:24:57+08:00,60.0,live,震盪,neutral,-13.364517206815904,2026/09/15,17:25:55,45496.0,45495.0,45500.0,-5.0,96.0,0.21,4431,32,18797,2026/09/15,WTXOU6,175,,,44850.0,748.25,44101.75,45598.25,44800.0,11.545509098569442,1134,1,44700.0,6.475985483996674,886,0,44500.0,5.809275709021848,1335,3,,,,,,,,,,,,
2026-09-15T17:26:57+08:00,2026-09-15T17:25:57+08:00,60.0,live,強勢偏多,strong_bull,57.66710353866318,2026/09/15,17:26:52,45518.0,45519.0,45524.0,22.0,74.0,0.16,4441,10,18797,2026/09/15,WTXOU6,175,,,44850.0,763.0,44087.0,45613.0,44800.0,9.641334591172068,1134,0,44700.0,8.93140091926912,886,1,44600.0,4.135330648375468,592,0,,,,,,,,,,,,
2026-09-15T17:27:58+08:00,2026-09-15T17:26:57+08:00,61.0,live,強勢偏多,strong_bull,76.70182166826463,2026/09/15,17:27:48,45548.0,45545.0,45549.0,30.0,44.0,0.1,4470,29,18797,2026/09/15,WTXOU6,175,,,44850.0,782.25,44067.75,45632.25,44800.0,8.849361029824436,1134,0,44700.0,5.9810458808115055,886,0,44600.0,3.7956398607595387,592,0,,,,,,,,,,,,
2026-09-15T17:28:57+08:00,2026-09-15T17:27:58+08:00,59.0,live,溫和偏多,mild_bull,25.32446976891421,2026/09/15,17:28:54,45558.0,45555.0,45559.0,10.0,34.0,0.07,4520,50,18797,2026/09/15,WTXOU6,175,,,44850.0,789.75,44060.25,45639.75,44800.0,11.466799962425467,1134,10,44700.0,7.335868832429575,886,5,44600.0,3.688727598471727,592,0,,,,,,,,,,,,
2026-09-15T17:29:57+08:00,2026-09-15T17:28:57+08:00,60.0,live,溫和偏多,mild_bull,17.576898932831135,2026/09/15,17:29:51,45565.0,45562.0,45566.0,7.0,27.0,0.06,4529,9,18797,2026/09/15,WTXOU6,175,,,44850.0,796.5,44053.5,45646.5,44800.0,8.429806582682549,1134,0,44700.0,7.8090830216358045,886,3,44600.0,3.615685898212,592,0,,,,,,,,,,,,
2026-09-15T17:30:57+08:00,2026-09-15T17:29:57+08:00,60.0,live,溫和偏空,mild_bear,-17.73274224192527,2026/09/15,17:30:52,45558.0,45554.0,45559.0,-7.0,34.0,0.07,4541,12,18797,2026/09/15,WTXOU6,175,,,44850.0,789.5,44060.5,45639.5,44800.0,10.627162974804275,1134,1,44700.0,7.335868832429575,886,1,44600.0,5.307605033526616,592,2,,,,,,,,,,,,
2026-09-15T17:31:57+08:00,2026-09-15T17:30:57+08:00,60.0,live,震盪,neutral,5.050505050505051,2026/09/15,17:31:49,45560.0,45559.0,45562.0,2.0,32.0,0.07,4566,25,18797,2026/09/15,WTXOU6,175,,,44850.0,792.0,44058.0,45642.0,44800.0,8.55109668613857,1134,0,44700.0,7.921442003814189,886,2,44600.0,3.6677092646270157,592,0,,,,,,,,,,,,
2026-09-15T17:32:57+08:00,2026-09-15T17:31:57+08:00,60.0,live,溫和偏空,mild_bear,-30.476190476190478,2026/09/15,17:32:44,45548.0,45550.0,45555.0,-12.0,44.0,0.1,4576,10,18797,2026/09/15,WTXOU6,175,,,44850.0,787.5,44062.5,45637.5,44800.0,11.799148039765914,1134,1,44700.0,5.9810458808115055,886,0,44600.0,3.7956398607595387,592,0,,,,,,,,,,,,
2026-09-15T17:33:57+08:00,2026-09-15T17:32:57+08:00,60.0,live,溫和偏空,mild_bear,-17.983301220295438,2026/09/15,17:33:36,45541.0,45542.0,45547.0,-7.0,51.0,0.11,4598,22,18797,2026/09/15,WTXOU6,175,,,44850.0,778.5,44071.5,45628.5,44800.0,12.037506641343255,1134,1,44700.0,6.101871022365406,886,0,44600.0,3.8723168722058494,592,0,,,,,,,,,,,,
2026-09-15T17:34:57+08:00,2026-09-15T17:33:57+08:00,60.0,live,強勢偏多,strong_bull,67.62680025046961,2026/09/15,17:34:54,45568.0,45568.0,45570.0,27.0,24.0,0.05,4617,19,18797,2026/09/15,WTXOU6,175,,,44850.0,798.5,44051.5,45648.5,44800.0,11.143813174912022,1134,2,44700.0,5.648853430917957,886,0,44600.0,3.5848267472362823,592,0,,,,,,,,,,,,
2026-09-15T17:35:57+08:00,2026-09-15T17:34:57+08:00,60.0,live,震盪,neutral,9.937888198757763,2026/09/15,17:35:53,45572.0,45575.0,45579.0,4.0,20.0,0.04,4667,50,18797,2026/09/15,WTXOU6,175,,,44850.0,805.0,44045.0,45655.0,44800.0,8.26288522857799,1134,0,44700.0,7.654452817549723,886,3,44600.0,3.544090520521346,592,0,,,,,,,,,,,,
2026-09-15T17:36:57+08:00,2026-09-15T17:35:57+08:00,60.0,live,震盪,neutral,7.497656982193064,2026/09/15,17:36:34,45575.0,45571.0,45574.0,3.0,17.0,0.04,4689,22,18797,2026/09/15,WTXOU6,175,,,44850.0,800.25,44049.75,45650.25,44800.0,10.923150889627104,1134,4,44700.0,5.536998638690094,886,0,44600.0,3.513842421675575,592,0,,,,,,,,,,,,
2026-09-15T17:37:57+08:00,2026-09-15T17:36:57+08:00,60.0,live,溫和偏多,mild_bull,32.138442521631646,2026/09/15,17:37:50,45588.0,45580.0,45585.0,13.0,4.0,0.01,4707,18,18797,2026/09/15,WTXOU6,175,,,44850.0,809.0,44041.0,45659.0,44800.0,10.524876174009473,1134,2,44700.0,7.3124126006745875,886,2,44600.0,3.3857223759709045,592,0,,,,,,,,,,,,
2026-09-15T17:38:57+08:00,2026-09-15T17:37:57+08:00,60.0,live,溫和偏空,mild_bear,-19.72872996300863,2026/09/15,17:38:41,45580.0,45582.0,45586.0,-8.0,12.0,0.03,4740,33,18797,2026/09/15,WTXOU6,175,,,44850.0,811.0,44039.0,45661.0,44800.0,9.979730893035992,1134,1,44700.0,7.481478278677262,886,2,44600.0,3.4640015268177207,592,0,,,,,,,,,,,,
2026-09-15T17:39:34+08:00,,,warming_up,資料累積中,warming_up,,2026/09/15,17:39:31,45603.0,45598.0,45603.0,,11.0,0.02,4766,,18797,2026/09/15,WTXOU6,175,,,44850.0,821.5,44028.5,45671.5,44800.0,10.083339140262503,1134,385,44700.0,6.841040199556058,886,321,,,,,,,,,,,,,,,,
2026-09-15T17:40:34+08:00,2026-09-15T17:39:34+08:00,60.0,live,震盪,neutral,-12.21001221001221,2026/09/15,17:40:32,45598.0,45596.0,45599.0,-5.0,6.0,0.01,4799,33,18797,2026/09/15,WTXOU6,175,,,44850.0,819.0,44031.0,45669.0,44800.0,9.479461908086389,1134,1,44700.0,7.1064429611409805,886,2,44600.0,3.2903563107033005,592,0,,,,,,,,,,,,
2026-09-15T17:41:34+08:00,2026-09-15T17:40:34+08:00,60.0,live,震盪,neutral,-7.343941248470013,2026/09/15,17:41:29,45595.0,45593.0,45597.0,-3.0,3.0,0.01,4812,13,18797,2026/09/15,WTXOU6,175,,,44850.0,817.0,44033.0,45667.0,44800.0,10.316469662481962,1134,7,44700.0,6.6945712622488704,886,4,44600.0,4.272166856301776,592,3,,,,,,,,,,,,
2026-09-15T17:42:34+08:00,2026-09-15T17:41:34+08:00,60.0,live,震盪,neutral,-12.307692307692308,2026/09/15,17:42:30,45590.0,45586.0,45591.0,-5.0,2.0,0.0,4828,16,18797,2026/09/15,WTXOU6,175,,,44850.0,812.5,44037.5,45662.5,44850.0,8.412678563666056,536,4,44700.0,6.28772918484921,886,1,44600.0,3.3664305629259004,592,0,,,,,,,,,,,,
2026-09-15T17:43:34+08:00,2026-09-15T17:42:34+08:00,60.0,live,溫和偏多,mild_bull,34.08399269628728,2026/09/15,17:43:08,45604.0,45599.0,45603.0,14.0,12.0,0.03,4863,35,18797,2026/09/15,WTXOU6,175,,,44850.0,821.5,44028.5,45671.5,44800.0,8.992180315421935,1134,1,44700.0,6.187294231948625,886,1,,,,,,,,,,,,,,,,
2026-09-15T17:44:34+08:00,2026-09-15T17:43:34+08:00,60.0,live,溫和偏空,mild_bear,-22.031823745410037,2026/09/15,17:44:31,45595.0,45592.0,45596.0,-9.0,3.0,0.01,4886,23,18797,2026/09/15,WTXOU6,175,,,44850.0,817.0,44033.0,45667.0,44800.0,7.737352246861471,1134,0,44700.0,7.167617129852831,886,1,44600.0,4.775154924498385,592,1,,,,,,,,,,,,
2026-09-15T17:45:34+08:00,2026-09-15T17:44:34+08:00,60.0,live,溫和偏多,mild_bull,17.03681168238515,2026/09/15,17:45:31,45602.0,45598.0,45600.0,7.0,10.0,0.02,4921,35,18797,2026/09/15,WTXOU6,175,,,44850.0,821.75,44028.25,45671.75,44800.0,7.584142407280657,1134,0,44700.0,5.125918532612268,886,0,,,,,,,,,,,,,,,,
2026-09-15T17:46:34+08:00,2026-09-15T17:45:34+08:00,60.0,live,強勢偏多,strong_bull,50.179211469534046,2026/09/15,17:46:31,45623.0,45617.0,45622.0,21.0,31.0,0.07,5038,117,18797,2026/09/15,WTXOU6,175,,,44850.0,837.0,44013.0,45687.0,44800.0,8.825974154241313,1134,2,44700.0,4.827408276056448,886,0,,,,,,,,,,,,,,,,
2026-09-15T17:47:34+08:00,2026-09-15T17:46:34+08:00,60.0,live,震盪,neutral,7.1301247771836,2026/09/15,17:47:15,45626.0,45624.0,45627.0,3.0,34.0,0.07,5093,55,18797,2026/09/15,WTXOU6,175,,,44850.0,841.5,44008.5,45691.5,44800.0,9.442022319630235,1134,2,44700.0,6.040520239007353,886,1,,,,,,,,,,,,,,,,
2026-09-15T17:48:34+08:00,2026-09-15T17:47:34+08:00,60.0,live,溫和偏多,mild_bull,35.12880562060891,2026/09/15,17:48:32,45641.0,45641.0,45644.0,15.0,49.0,0.11,5153,60,18797,2026/09/15,WTXOU6,175,,,44850.0,854.0,43996.0,45704.0,44800.0,9.045912906212402,1134,11,44700.0,5.6102241478879264,886,4,,,,,,,,,,,,,,,,
2026-09-15T17:49:34+08:00,2026-09-15T17:48:34+08:00,60.0,live,震盪,neutral,11.682242990654204,2026/09/15,17:49:30,45646.0,45642.0,45645.0,5.0,54.0,0.12,5207,54,18797,2026/09/15,WTXOU6,175,,,44850.0,856.0,43994.0,45706.0,44800.0,8.917604251484269,1134,4,44700.0,5.705024531932931,886,2,,,,,,,,,,,,,,,,
2026-09-15T17:50:34+08:00,2026-09-15T17:49:34+08:00,60.0,live,溫和偏多,mild_bull,20.85747392815759,2026/09/15,17:50:31,45655.0,45655.0,45657.0,9.0,63.0,0.14,5237,30,18797,2026/09/15,WTXOU6,175,,,44850.0,863.0,43987.0,45713.0,44800.0,8.054817914107291,1134,2,44700.0,5.222027309256541,886,1,,,,,,,,,,,,,,,,
2026-09-15T17:51:34+08:00,2026-09-15T17:50:34+08:00,60.0,live,震盪,neutral,-2.316825948450623,2026/09/15,17:51:31,45654.0,45650.0,45654.0,-1.0,62.0,0.14,5249,12,18797,2026/09/15,WTXOU6,175,,,44850.0,863.25,43986.75,45713.25,44800.0,7.795122386007895,1134,1,44700.0,6.055711230978939,886,3,,,,,,,,,,,,,,,,
2026-09-15T17:52:34+08:00,2026-09-15T17:51:34+08:00,60.0,live,震盪,neutral,0.0,2026/09/15,17:52:27,45654.0,45652.0,45655.0,0.0,62.0,0.14,5285,36,18797,2026/09/15,WTXOU6,175,,,44850.0,863.0,43987.0,45713.0,44800.0,8.71608514619813,1134,2,44700.0,4.4182262130092695,886,0,,,,,,,,,,,,,,,,
2026-09-15T17:53:34+08:00,2026-09-15T17:52:34+08:00,60.0,live,震盪,neutral,-11.600928074245939,2026/09/15,17:53:31,45649.0,45647.0,45651.0,-5.0,57.0,0.13,5313,28,18797,2026/09/15,WTXOU6,175,,,44850.0,862.0,43988.0,45712.0,44800.0,7.269200610256114,1134,1,44700.0,4.48179672429109,886,0,,,,,,,,,,,,,,,,
2026-09-15T17:54:34+08:00,2026-09-15T17:53:34+08:00,60.0,live,震盪,neutral,2.314814814814815,2026/09/15,17:54:24,45650.0,45652.0,45656.0,1.0,58.0,0.13,5327,14,18797,2026/09/15,WTXOU6,175,,,44850.0,864.0,43986.0,45714.0,44800.0,6.61220170217681,1134,0,44700.0,4.469009866431456,886,0,,,,,,,,,,,,,,,,
2026-09-15T17:55:34+08:00,2026-09-15T17:54:34+08:00,60.0,live,溫和偏多,mild_bull,23.08136180034622,2026/09/15,17:55:31,45660.0,45655.0,45660.0,10.0,68.0,0.15,5342,15,18797,2026/09/15,WTXOU6,175,,,44850.0,866.5,43983.5,45716.5,44800.0,8.567939987365945,1134,5,44700.0,4.343130707044842,886,0,,,,,,,,,,,,,,,,
2026-09-15T17:56:34+08:00,2026-09-15T17:55:34+08:00,60.0,live,震盪,neutral,-13.888888888888888,2026/09/15,17:56:25,45654.0,45652.0,45655.0,-6.0,62.0,0.14,5349,7,18797,2026/09/15,WTXOU6,175,,,44850.0,864.0,43986.0,45714.0,44800.0,7.511551803877358,1134,1,44700.0,6.055711230978939,886,5,,,,,,,,,,,,,,,,
2026-09-15T17:57:34+08:00,2026-09-15T17:56:34+08:00,60.0,live,震盪,neutral,0.0,2026/09/15,17:57:18,45654.0,45650.0,45654.0,0.0,62.0,0.14,5360,11,18797,2026/09/15,WTXOU6,175,,,44850.0,864.0,43986.0,45714.0,44800.0,8.71608514619813,1134,2,44700.0,4.4182262130092695,886,0,,,,,,,,,,,,,,,,
2026-09-15T17:58:34+08:00,2026-09-15T17:57:34+08:00,60.0,live,震盪,neutral,-13.921113689095128,2026/09/15,17:58:28,45648.0,45647.0,45652.0,-6.0,56.0,0.12,5375,15,18797,2026/09/15,WTXOU6,175,,,44850.0,862.0,43988.0,45712.0,44800.0,8.866791829517853,1134,2,44700.0,5.672517357845554,886,1,,,,,,,,,,,,,,,,
2026-09-15T17:59:35+08:00,2026-09-15T17:58:34+08:00,61.0,live,溫和偏多,mild_bull,23.074704355350445,2026/09/15,17:59:31,45658.0,45655.0,45660.0,10.0,66.0,0.14,5387,12,18797,2026/09/15,WTXOU6,175,,,44850.0,866.75,43983.25,45716.75,44800.0,8.617039795999283,1134,3,44700.0,4.368019640312339,886,0,,,,,,,,,,,,,,,,
2026-09-15T18:00:34+08:00,2026-09-15T17:59:35+08:00,59.0,live,震盪,neutral,-2.302158273381295,2026/09/15,18:00:24,45657.0,45658.0,45663.0,-1.0,65.0,0.14,5419,32,18797,2026/09/15,WTXOU6,175,,,44850.0,868.75,43981.25,45718.75,44800.0,8.641695114813837,1134,4,44700.0,4.380517542070913,886,0,,,,,,,,,,,,,,,,
2026-09-15T18:01:34+08:00,2026-09-15T18:00:34+08:00,60.0,live,震盪,neutral,-4.616272360069244,2026/09/15,18:01:12,45655.0,45654.0,45657.0,-2.0,63.0,0.14,5427,8,18797,2026/09/15,WTXOU6,175,,,44850.0,866.5,43983.5,45716.5,44800.0,7.772882394308113,1134,1,44700.0,6.03843389255575,886,3,,,,,,,,,,,,,,,,
2026-09-15T18:03:34+08:00,2026-09-15T18:01:34+08:00,120.0,live,震盪,neutral,11.507479861910241,2026/09/15,18:03:04,45660.0,45656.0,45660.0,5.0,68.0,0.15,5445,18,18797,2026/09/15,WTXOU6,175,,,44850.0,869.0,43981.0,45719.0,44800.0,8.567939987365945,1134,3,44700.0,5.272464350261485,886,1,,,,,,,,,,,,,,,,
2026-09-15T18:04:34+08:00,2026-09-15T18:03:34+08:00,60.0,live,震盪,neutral,6.866952789699571,2026/09/15,18:04:27,45663.0,45661.0,45664.0,3.0,71.0,0.16,5464,19,18797,2026/09/15,WTXOU6,175,,,44850.0,873.75,43976.25,45723.75,44800.0,8.494814345077225,1134,2,44700.0,4.306062961126356,886,0,,,,,,,,,,,,,,,,
2026-09-15T18:05:34+08:00,2026-09-15T18:04:34+08:00,60.0,live,溫和偏空,mild_bear,-20.654044750430295,2026/09/15,18:05:23,45654.0,45657.0,45662.0,-9.0,62.0,0.14,5482,18,18797,2026/09/15,WTXOU6,175,,,44850.0,871.5,43978.5,45721.5,44850.0,7.00681171388045,536,2,44700.0,4.4182262130092695,886,0,,,,,,,,,,,,,,,,
2026-09-15T18:06:34+08:00,2026-09-15T18:05:34+08:00,60.0,live,震盪,neutral,4.597701149425287,2026/09/15,18:06:21,45656.0,45654.0,45658.0,2.0,64.0,0.14,5490,8,18797,2026/09/15,WTXOU6,175,,,44850.0,870.0,43980.0,45720.0,44800.0,6.49981573359472,1134,0,44700.0,4.393051203180688,886,0,,,,,,,,,,,,,,,,
2026-09-15T18:07:35+08:00,2026-09-15T18:06:34+08:00,61.0,live,震盪,neutral,4.597701149425287,2026/09/15,18:07:11,45658.0,45653.0,45657.0,2.0,66.0,0.14,5503,13,18797,2026/09/15,WTXOU6,175,,,44850.0,870.0,43980.0,45720.0,44800.0,8.617039795999283,1134,1,44700.0,4.368019640312339,886,0,,,,,,,,,,,,,,,,
2026-09-15T18:08:34+08:00,2026-09-15T18:07:35+08:00,59.0,live,溫和偏多,mild_bull,27.24950326426341,2026/09/15,18:08:23,45670.0,45669.0,45673.0,12.0,78.0,0.17,5562,59,18797,2026/09/15,WTXOU6,175,,,44850.0,880.75,43969.25,45730.75,44800.0,6.244954313273917,1134,0,44700.0,4.220797201671412,886,0,,,,,,,,,,,,,,,,
2026-09-15T18:09:34+08:00,2026-09-15T18:08:34+08:00,60.0,live,震盪,neutral,-11.4187838995147,2026/09/15,18:09:22,45665.0,45662.0,45665.0,-5.0,73.0,0.16,5586,24,18797,2026/09/15,WTXOU6,175,,,44850.0,875.75,43974.25,45725.75,44800.0,7.827936851334049,1134,1,44700.0,5.403579309555659,886,1,,,,,,,,,,,,,,,,
2026-09-15T18:10:35+08:00,2026-09-15T18:09:34+08:00,61.0,live,震盪,neutral,-6.833712984054668,2026/09/15,18:10:27,45662.0,45666.0,45668.0,-3.0,70.0,0.15,5589,3,18797,2026/09/15,WTXOU6,175,,,44850.0,878.0,43972.0,45728.0,44800.0,8.519119948962858,1134,1,44700.0,4.318383590676122,886,0,,,,,,,,,,,,,,,,
2026-09-15T18:11:34+08:00,2026-09-15T18:10:35+08:00,59.0,live,強勢偏多,strong_bull,71.50837988826815,2026/09/15,18:11:31,45694.0,45686.0,45690.0,32.0,102.0,0.22,5698,109,18797,2026/09/15,WTXOU6,175,,,44850.0,895.0,43955.0,45745.0,44800.0,7.336659609677867,1134,3,44700.0,5.247508915469776,886,4,,,,,,,,,,,,,,,,
2026-09-15T18:12:34+08:00,2026-09-15T18:11:34+08:00,60.0,live,強勢偏空,strong_bear,-100.0,2026/09/15,18:12:31,45650.0,45650.0,45653.0,-44.0,58.0,0.13,5741,43,18797,2026/09/15,WTXOU6,175,,,44850.0,863.0,43987.0,45713.0,44800.0,8.816268936235746,1134,2,44700.0,4.469009866431456,886,0,,,,,,,,,,,,,,,,
2026-09-15T18:13:34+08:00,2026-09-15T18:12:34+08:00,60.0,live,溫和偏多,mild_bull,20.7492795389049,2026/09/15,18:13:30,45659.0,45654.0,45658.0,9.0,67.0,0.15,5750,9,18797,2026/09/15,WTXOU6,175,,,44850.0,867.5,43982.5,45717.5,44800.0,7.963286882949492,1134,1,44700.0,4.355557395881205,886,0,,,,,,,,,,,,,,,,
2026-09-15T18:14:34+08:00,2026-09-15T18:13:34+08:00,60.0,live,震盪,neutral,-4.610951008645533,2026/09/15,18:14:22,45657.0,45657.0,45661.0,-2.0,65.0,0.14,5761,11,18797,2026/09/15,WTXOU6,175,,,44850.0,867.5,43982.5,45717.5,44800.0,8.641695114813837,1134,1,44700.0,4.380517542070913,886,0,,,,,,,,,,,,,,,,
2026-09-15T18:15:34+08:00,2026-09-15T18:14:34+08:00,60.0,live,震盪,neutral,-9.237875288683602,2026/09/15,18:15:30,45653.0,45651.0,45655.0,-4.0,61.0,0.13,5773,12,18797,2026/09/15,WTXOU6,175,,,44850.0,866.0,43984.0,45716.0,44800.0,6.5557678922846705,1134,0,44700.0,4.430867767238499,886,0,,,,,,,,,,,,,,,,
2026-09-15T18:16:34+08:00,2026-09-15T18:15:34+08:00,60.0,live,震盪,neutral,-13.957545798197152,2026/09/15,18:16:30,45647.0,45644.0,45648.0,-6.0,55.0,0.12,5785,12,18797,2026/09/15,WTXOU6,175,,,44850.0,859.75,43990.25,45709.75,44800.0,6.669121309453976,1134,0,44700.0,4.507480303053396,886,0,,,,,,,,,,,,,,,,
2026-09-15T18:17:34+08:00,2026-09-15T18:16:34+08:00,60.0,live,溫和偏空,mild_bear,-25.867136978248084,2026/09/15,18:17:25,45636.0,45632.0,45636.0,-11.0,44.0,0.1,5805,20,18797,2026/09/15,WTXOU6,175,,,44850.0,850.5,43999.5,45700.5,44800.0,9.176067697011824,1134,1,44700.0,4.6513936189539455,886,0,,,,,,,,,,,,,,,,
2026-09-15T18:18:34+08:00,2026-09-15T18:17:34+08:00,60.0,live,震盪,neutral,4.69208211143695,2026/09/15,18:18:22,45638.0,45634.0,45638.0,2.0,46.0,0.1,5817,12,18797,2026/09/15,WTXOU6,175,,,44850.0,852.5,43997.5,45702.5,44800.0,9.12378255285606,1134,30,44700.0,4.6248900235226,886,0,,,,,,,,,,,,,,,,
2026-09-15T18:19:34+08:00,2026-09-15T18:18:34+08:00,60.0,live,震盪,neutral,11.702750146284377,2026/09/15,18:19:24,45643.0,45638.0,45643.0,5.0,51.0,0.11,5845,28,18797,2026/09/15,WTXOU6,175,,,44850.0,854.5,43995.5,45704.5,44800.0,6.745777037087977,1134,0,44700.0,6.249055943499596,886,2,,,,,,,,,,,,,,,,
2026-09-15T18:20:34+08:00,2026-09-15T18:19:34+08:00,60.0,live,溫和偏多,mild_bull,16.21308627678054,2026/09/15,18:20:31,45650.0,45650.0,45652.0,7.0,58.0,0.13,5883,38,18797,2026/09/15,WTXOU6,175,,,44850.0,863.5,43986.5,45713.5,44800.0,8.816268936235746,1134,4,44700.0,4.469009866431456,886,0,,,,,,,,,,,,,,,,
2026-09-15T18:21:34+08:00,2026-09-15T18:20:34+08:00,60.0,live,震盪,neutral,-11.668611435239209,2026/09/15,18:21:25,45645.0,45640.0,45644.0,-5.0,53.0,0.12,5886,3,18797,2026/09/15,WTXOU6,175,,,44850.0,857.0,43993.0,45707.0,44800.0,8.288274785758752,1134,1,44700.0,4.5333110652465,886,0,,,,,,,,,,,,,,,,
2026-09-15T18:22:34+08:00,2026-09-15T18:21:34+08:00,60.0,live,震盪,neutral,-11.702750146284377,2026/09/15,18:21:43,45640.0,45640.0,45643.0,-5.0,48.0,0.11,5888,2,18797,2026/09/15,WTXOU6,175,,,44850.0,854.5,43995.5,45704.5,44800.0,6.803846496705939,1134,0,44700.0,4.598537445319281,886,0,,,,,,,,,,,,,,,,
2026-09-15T18:23:34+08:00,2026-09-15T18:22:34+08:00,60.0,live,溫和偏多,mild_bull,20.89378990133488,2026/09/15,18:23:30,45649.0,45647.0,45651.0,9.0,57.0,0.13,5941,53,18797,2026/09/15,WTXOU6,175,,,44850.0,861.5,43988.5,45711.5,44800.0,6.631120721340324,1134,0,44700.0,4.48179672429109,886,0,,,,,,,,,,,,,,,,
2026-09-15T18:24:34+08:00,2026-09-15T18:23:34+08:00,60.0,live,震盪,neutral,2.313475997686524,2026/09/15,18:24:17,45650.0,45648.0,45652.0,1.0,58.0,0.13,5968,27,18797,2026/09/15,WTXOU6,175,,,44850.0,864.5,43985.5,45714.5,44800.0,8.816268936235746,1134,10,44700.0,4.992779964063664,886,1,,,,,,,,,,,,,,,,
2026-09-15T18:25:34+08:00,2026-09-15T18:24:34+08:00,60.0,live,震盪,neutral,-11.594202898550726,2026/09/15,18:25:12,45645.0,45643.0,45647.0,-5.0,53.0,0.12,5977,9,18797,2026/09/15,WTXOU6,175,,,44850.0,862.5,43987.5,45712.5,44800.0,6.7073396653866215,1134,0,44700.0,6.213448883740244,886,1,,,,,,,,,,,,,,,,
2026-09-15T18:26:34+08:00,2026-09-15T18:25:34+08:00,60.0,live,震盪,neutral,2.313475997686524,2026/09/15,18:26:28,45646.0,45647.0,45651.0,1.0,54.0,0.12,5981,4,18797,2026/09/15,WTXOU6,175,,,44850.0,864.5,43985.5,45714.5,44800.0,8.917604251484269,1134,3,44700.0,4.520377233618076,886,0,,,,,,,,,,,,,,,,
2026-09-15T18:27:34+08:00,2026-09-15T18:26:34+08:00,60.0,live,震盪,neutral,13.84881708020773,2026/09/15,18:27:29,45652.0,45649.0,45654.0,6.0,60.0,0.13,5984,3,18797,2026/09/15,WTXOU6,175,,,44850.0,866.5,43983.5,45716.5,44800.0,6.574525441429743,1134,0,44700.0,4.443545491841453,886,0,,,,,,,,,,,,,,,,
2026-09-15T18:28:34+08:00,2026-09-15T18:27:34+08:00,60.0,live,震盪,neutral,-13.953488372093027,2026/09/15,18:28:31,45646.0,45643.0,45646.0,-6.0,54.0,0.12,5993,9,18797,2026/09/15,WTXOU6,175,,,44850.0,860.0,43990.0,45710.0,44800.0,6.688203188613201,1134,0,44700.0,4.520377233618076,886,0,,,,,,,,,,,,,,,,
2026-09-15T18:29:34+08:00,2026-09-15T18:28:34+08:00,60.0,live,溫和偏多,mild_bull,32.146957520091846,2026/09/15,18:29:31,45660.0,45659.0,45662.0,14.0,68.0,0.15,6052,59,18797,2026/09/15,WTXOU6,175,,,44850.0,871.0,43979.0,45721.0,44800.0,6.425954990524458,1134,0,44700.0,4.343130707044842,886,0,,,,,,,,,,,,,,,,
2026-09-15T18:30:34+08:00,2026-09-15T18:29:34+08:00,60.0,live,震盪,neutral,-9.211283822682786,2026/09/15,18:30:32,45656.0,45653.0,45657.0,-4.0,64.0,0.14,6082,30,18797,2026/09/15,WTXOU6,175,,,44850.0,868.5,43981.5,45718.5,44800.0,6.49981573359472,1134,0,44700.0,4.393051203180688,886,0,,,,,,,,,,,,,,,,
2026-09-15T18:31:34+08:00,2026-09-15T18:30:34+08:00,60.0,live,震盪,neutral,0.0,2026/09/15,18:31:22,45656.0,45655.0,45659.0,0.0,64.0,0.14,6087,5,18797,2026/09/15,WTXOU6,175,,,44850.0,868.0,43982.0,45718.0,44800.0,8.666420978126293,1134,4,44700.0,4.393051203180688,886,0,,,,,,,,,,,,,,,,
2026-09-15T18:32:34+08:00,2026-09-15T18:31:34+08:00,60.0,live,溫和偏多,mild_bull,18.42256764536557,2026/09/15,18:32:25,45664.0,45655.0,45659.0,8.0,72.0,0.16,6135,48,18797,2026/09/15,WTXOU6,175,,,44850.0,868.5,43981.5,45718.5,44800.0,6.352933564996493,1134,0,44700.0,4.2937774831348765,886,0,,,,,,,,,,,,,,,,
2026-09-15T18:33:34+08:00,2026-09-15T18:32:34+08:00,60.0,live,震盪,neutral,-4.593741027849556,2026/09/15,18:33:28,45662.0,45656.0,45660.0,-2.0,70.0,0.15,6147,12,18797,2026/09/15,WTXOU6,175,,,44850.0,870.75,43979.25,45720.75,44800.0,6.389339961722143,1134,0,44700.0,4.318383590676122,886,0,,,,,,,,,,,,,,,,
2026-09-15T18:34:34+08:00,2026-09-15T18:33:34+08:00,60.0,live,震盪,neutral,-13.856812933025402,2026/09/15,18:34:15,45656.0,45651.0,45656.0,-6.0,64.0,0.14,6159,12,18797,2026/09/15,WTXOU6,175,,,44850.0,866.0,43984.0,45716.0,44800.0,6.49981573359472,1134,0,44700.0,4.393051203180688,886,0,,,,,,,,,,,,,,,,
2026-09-15T18:35:34+08:00,2026-09-15T18:34:34+08:00,60.0,live,震盪,neutral,13.761467889908257,2026/09/15,18:35:19,45662.0,45661.0,45664.0,6.0,70.0,0.15,6174,15,18797,2026/09/15,WTXOU6,175,,,44850.0,872.0,43978.0,45722.0,44850.0,6.848472502174054,536,24,44700.0,4.318383590676122,886,0,,,,,,,,,,,,,,,,
2026-09-15T18:36:34+08:00,2026-09-15T18:35:34+08:00,60.0,live,震盪,neutral,0.0,2026/09/15,18:36:32,45662.0,45658.0,45662.0,0.0,70.0,0.15,6193,19,18797,2026/09/15,WTXOU6,175,,,44850.0,869.5,43980.5,45719.5,44800.0,6.958547606112324,1134,1,44700.0,4.746130210480215,886,1,,,,,,,,,,,,,,,,
2026-09-15T18:37:34+08:00,2026-09-15T18:36:34+08:00,60.0,live,溫和偏空,mild_bear,-27.826086956521745,2026/09/15,18:37:18,45650.0,45650.0,45654.0,-12.0,58.0,0.13,6215,22,18797,2026/09/15,WTXOU6,175,,,44850.0,862.5,43987.5,45712.5,44800.0,7.88472051307277,1134,1,44700.0,4.469009866431456,886,0,,,,,,,,,,,,,,,,
2026-09-15T18:38:34+08:00,2026-09-15T18:37:34+08:00,60.0,live,震盪,neutral,0.0,2026/09/15,18:37:18,45650.0,45653.0,45658.0,0.0,58.0,0.13,6215,0,18797,2026/09/15,WTXOU6,175,,,44850.0,865.0,43985.0,45715.0,44800.0,8.816268936235746,1134,1,44700.0,4.469009866431456,886,0,,,,,,,,,,,,,,,,
2026-09-15T18:39:34+08:00,2026-09-15T18:38:34+08:00,60.0,live,震盪,neutral,-9.296920395119116,2026/09/15,18:39:21,45646.0,45645.0,45649.0,-4.0,54.0,0.12,6233,18,18797,2026/09/15,WTXOU6,175,,,44850.0,860.5,43989.5,45710.5,44800.0,8.917604251484269,1134,1,44700.0,4.520377233618076,886,0,,,,,,,,,,,,,,,,
2026-09-15T18:40:34+08:00,2026-09-15T18:39:34+08:00,60.0,live,震盪,neutral,9.296920395119116,2026/09/15,18:40:10,45650.0,45646.0,45649.0,4.0,58.0,0.13,6239,6,18797,2026/09/15,WTXOU6,175,,,44850.0,860.5,43989.5,45710.5,44800.0,6.61220170217681,1134,0,44700.0,4.469009866431456,886,0,,,,,,,,,,,,,,,,
2026-09-15T18:41:34+08:00,2026-09-15T18:40:34+08:00,60.0,live,震盪,neutral,-9.348524685947998,2026/09/15,18:41:30,45646.0,45643.0,45646.0,-4.0,54.0,0.12,6243,4,18797,2026/09/15,WTXOU6,175,,,44850.0,855.75,43994.25,45705.75,44800.0,6.688203188613201,1134,0,44700.0,4.520377233618076,886,0,,,,,,,,,,,,,,,,
2026-09-15T18:42:34+08:00,2026-09-15T18:41:34+08:00,60.0,live,震盪,neutral,9.27536231884058,2026/09/15,18:42:26,45650.0,45649.0,45653.0,4.0,58.0,0.13,6252,9,18797,2026/09/15,WTXOU6,175,,,44850.0,862.5,43987.5,45712.5,44800.0,8.816268936235746,1134,4,44700.0,4.469009866431456,886,0,,,,,,,,,,,,,,,,
2026-09-15T18:43:34+08:00,2026-09-15T18:42:34+08:00,60.0,live,溫和偏空,mild_bear,-16.355140186915886,2026/09/15,18:43:31,45643.0,45641.0,45645.0,-7.0,51.0,0.11,6357,105,18797,2026/09/15,WTXOU6,175,,,44850.0,856.0,43994.0,45706.0,44800.0,8.58174499924901,1134,2,44700.0,4.559289854326164,886,0,,,,,,,,,,,,,,,,
2026-09-15T18:44:34+08:00,2026-09-15T18:43:34+08:00,60.0,live,震盪,neutral,7.009345794392523,2026/09/15,18:44:31,45646.0,45641.0,45646.0,3.0,54.0,0.12,6382,25,18797,2026/09/15,WTXOU6,175,,,44850.0,856.0,43994.0,45706.0,44800.0,6.688203188613201,1134,0,44700.0,5.705024531932931,886,1,,,,,,,,,,,,,,,,
2026-09-15T18:45:34+08:00,2026-09-15T18:44:34+08:00,60.0,live,震盪,neutral,2.3296447291788,2026/09/15,18:45:08,45647.0,45645.0,45649.0,1.0,55.0,0.12,6392,10,18797,2026/09/15,WTXOU6,175,,,44850.0,858.5,43991.5,45708.5,44800.0,6.669121309453976,1134,0,44700.0,6.178044712659789,886,5,,,,,,,,,,,,,,,,
2026-09-15T18:46:34+08:00,2026-09-15T18:45:34+08:00,60.0,live,震盪,neutral,4.647110078419983,2026/09/15,18:46:24,45649.0,45646.0,45649.0,2.0,57.0,0.13,6402,10,18797,2026/09/15,WTXOU6,175,,,44850.0,860.75,43989.25,45710.75,44800.0,6.631120721340324,1134,0,44700.0,6.142842274200512,886,1,,,,,,,,,,,,,,,,
2026-09-15T18:47:34+08:00,2026-09-15T18:46:34+08:00,60.0,live,震盪,neutral,-4.671532846715328,2026/09/15,18:47:30,45647.0,45642.0,45646.0,-2.0,55.0,0.12,6425,23,18797,2026/09/15,WTXOU6,175,,,44850.0,856.25,43993.75,45706.25,44800.0,6.669121309453976,1134,0,44700.0,4.507480303053396,886,0,,,,,,,,,,,,,,,,
2026-09-15T18:48:34+08:00,2026-09-15T18:47:34+08:00,60.0,live,震盪,neutral,-13.977868375072799,2026/09/15,18:48:14,45641.0,45642.0,45646.0,-6.0,49.0,0.11,6429,4,18797,2026/09/15,WTXOU6,175,,,44850.0,858.5,43991.5,45708.5,44800.0,6.784434679659302,1134,0,44700.0,6.284867054620506,886,2,,,,,,,,,,,,,,,,
2026-09-15T18:49:34+08:00,2026-09-15T18:48:34+08:00,60.0,live,震盪,neutral,9.291521486643436,2026/09/15,18:49:11,45645.0,45646.0,45650.0,4.0,53.0,0.12,6437,8,18797,2026/09/15,WTXOU6,175,,,44850.0,861.0,43989.0,45711.0,44800.0,6.7073396653866215,1134,0,44700.0,6.213448883740244,886,1,,,,,,,,,,,,,,,,
2026-09-15T18:50:34+08:00,2026-09-15T18:49:34+08:00,60.0,live,溫和偏多,mild_bull,27.586206896551722,2026/09/15,18:50:23,45657.0,45656.0,45660.0,12.0,65.0,0.14,6466,29,18797,2026/09/15,WTXOU6,175,,,44850.0,870.0,43980.0,45720.0,44800.0,6.481271336110378,1134,0,44700.0,4.380517542070913,886,0,,,,,,,,,,,,,,,,
2026-09-15T18:51:34+08:00,2026-09-15T18:50:34+08:00,60.0,live,震盪,neutral,9.153318077803204,2026/09/15,18:51:16,45661.0,45662.0,45665.0,4.0,69.0,0.15,6477,11,18797,2026/09/15,WTXOU6,175,,,44850.0,874.0,43976.0,45724.0,44800.0,6.407621322549092,1134,0,44700.0,4.330739472360815,886,0,,,,,,,,,,,,,,,,
2026-09-15T18:52:34+08:00,2026-09-15T18:51:34+08:00,60.0,live,溫和偏多,mild_bull,31.62055335968379,2026/09/15,18:52:22,45675.0,45676.0,45679.0,14.0,83.0,0.18,6529,52,18797,2026/09/15,WTXOU6,175,,,44850.0,885.5,43964.5,45735.5,44800.0,7.341169798090861,1134,1,44700.0,5.420068795170281,886,2,,,,,,,,,,,,,,,,
2026-09-15T18:53:34+08:00,2026-09-15T18:52:34+08:00,60.0,live,震盪,neutral,-11.386279533162538,2026/09/15,18:53:22,45670.0,45669.0,45674.0,-5.0,78.0,0.17,6550,21,18797,2026/09/15,WTXOU6,175,,,44850.0,878.25,43971.75,45728.25,44800.0,8.32660575103189,1134,1,44700.0,4.220797201671412,886,0,,,,,,,,,,,,,,,,
2026-09-15T18:54:34+08:00,2026-09-15T18:53:34+08:00,60.0,live,震盪,neutral,6.833712984054668,2026/09/15,18:54:17,45673.0,45671.0,45674.0,3.0,81.0,0.18,6557,7,18797,2026/09/15,WTXOU6,175,,,44850.0,878.0,43972.0,45728.0,44800.0,8.25553984784781,1134,1,44700.0,4.1847735475844585,886,0,,,,,,,,,,,,,,,,
2026-09-15T18:55:34+08:00,2026-09-15T18:54:34+08:00,60.0,live,震盪,neutral,0.0,2026/09/15,18:55:04,45673.0,45672.0,45675.0,0.0,81.0,0.18,6580,23,18797,2026/09/15,WTXOU6,175,,,44850.0,880.0,43970.0,45730.0,44800.0,6.191654885885858,1134,0,44700.0,5.735736232018416,886,1,,,,,,,,,,,,,,,,
2026-09-15T18:56:34+08:00,2026-09-15T18:55:34+08:00,60.0,live,震盪,neutral,6.781576716586605,2026/09/15,18:56:20,45676.0,45678.0,45681.0,3.0,84.0,0.18,6671,91,18797,2026/09/15,WTXOU6,175,,,44850.0,884.75,43965.25,45734.75,44800.0,7.664010054188749,1134,5,44700.0,5.174207701644825,886,4,,,,,,,,,,,,,,,,
2026-09-15T18:57:34+08:00,2026-09-15T18:56:34+08:00,60.0,live,溫和偏多,mild_bull,20.281690140845072,2026/09/15,18:57:22,45685.0,45679.0,45683.0,9.0,93.0,0.2,6676,5,18797,2026/09/15,WTXOU6,175,,,44850.0,887.5,43962.5,45737.5,44800.0,7.977290020974187,1134,3,44700.0,5.542415426478609,886,3,,,,,,,,,,,,,,,,
2026-09-15T18:58:34+08:00,2026-09-15T18:57:34+08:00,60.0,live,震盪,neutral,4.4843049327354265,2026/09/15,18:58:17,45687.0,45684.0,45688.0,2.0,95.0,0.21,6692,16,18797,2026/09/15,WTXOU6,175,,,44850.0,892.0,43958.0,45742.0,44800.0,5.948876625235015,1134,0,44700.0,4.02068622976315,886,0,,,,,,,,,,,,,,,,
2026-09-15T18:59:34+08:00,2026-09-15T18:58:34+08:00,60.0,live,震盪,neutral,8.973639932697699,2026/09/15,18:59:00,45691.0,45685.0,45689.0,4.0,99.0,0.22,6722,30,18797,2026/09/15,WTXOU6,175,,,44850.0,891.5,43958.5,45741.5,44800.0,7.841701981460469,1134,2,44700.0,5.016717597542288,886,1,,,,,,,,,,,,,,,,
2026-09-15T19:00:34+08:00,2026-09-15T18:59:34+08:00,60.0,live,震盪,neutral,13.325930038867295,2026/09/15,19:00:31,45697.0,45695.0,45698.0,6.0,105.0,0.23,6867,145,18797,2026/09/15,WTXOU6,175,,,44850.0,900.5,43949.5,45750.5,44800.0,6.568051042472744,1134,1,44700.0,4.743539496130267,886,2,,,,,,,,,,,,,,,,
2026-09-15T19:01:34+08:00,2026-09-15T19:00:34+08:00,60.0,live,溫和偏多,mild_bull,26.373626373626376,2026/09/15,19:01:22,45709.0,45707.0,45711.0,12.0,117.0,0.26,6998,131,18797,2026/09/15,WTXOU6,175,,,44850.0,910.0,43940.0,45760.0,44800.0,7.448609188419325,1134,2,,,,,,,,,,,,,,,,,,,,
2026-09-15T19:02:34+08:00,2026-09-15T19:01:34+08:00,60.0,live,溫和偏多,mild_bull,32.5821341297855,2026/09/15,19:02:30,45724.0,45722.0,45724.0,15.0,132.0,0.29,7128,130,18797,2026/09/15,WTXOU6,175,,,44850.0,920.75,43929.25,45770.75,44800.0,7.1361269556386056,1134,12,,,,,,,,,,,,,,,,,,,,
2026-09-15T19:03:34+08:00,2026-09-15T19:02:34+08:00,60.0,live,溫和偏空,mild_bear,-26.46085997794928,2026/09/15,19:03:28,45712.0,45705.0,45710.0,-12.0,120.0,0.26,7161,33,18797,2026/09/15,WTXOU6,175,,,44850.0,907.0,43943.0,45757.0,44800.0,7.385036809076798,1134,13,,,,,,,,,,,,,,,,,,,,
2026-09-15T19:04:34+08:00,2026-09-15T19:03:34+08:00,60.0,live,震盪,neutral,13.165112452002193,2026/09/15,19:04:29,45718.0,45709.0,45714.0,6.0,126.0,0.28,7172,11,18797,2026/09/15,WTXOU6,175,,,44850.0,911.5,43938.5,45761.5,44800.0,5.444636363975137,1134,0,,,,,,,,,,,,,,,,,,,,
2026-09-15T19:05:34+08:00,2026-09-15T19:04:34+08:00,60.0,live,溫和偏空,mild_bear,-15.393073117097305,2026/09/15,19:05:27,45711.0,45707.0,45711.0,-7.0,119.0,0.26,7186,14,18797,2026/09/15,WTXOU6,175,,,44850.0,909.5,43940.5,45759.5,44800.0,7.406167085981117,1134,4,,,,,,,,,,,,,,,,,,,,
2026-09-15T19:06:34+08:00,2026-09-15T19:05:34+08:00,60.0,live,震盪,neutral,2.1929824561403506,2026/09/15,19:06:31,45712.0,45711.0,45713.0,1.0,120.0,0.26,7208,22,18797,2026/09/15,WTXOU6,175,,,44850.0,912.0,43938.0,45762.0,44800.0,7.385036809076798,1134,2,,,,,,,,,,,,,,,,,,,,
2026-09-15T19:07:34+08:00,2026-09-15T19:06:34+08:00,60.0,live,震盪,neutral,-8.796041781198461,2026/09/15,19:07:19,45708.0,45708.0,45713.0,-4.0,116.0,0.25,7217,9,18797,2026/09/15,WTXOU6,175,,,44850.0,909.5,43940.5,45759.5,44800.0,7.469921360419591,1134,2,,,,,,,,,,,,,,,,,,,,
2026-09-15T19:08:34+08:00,2026-09-15T19:07:34+08:00,60.0,live,震盪,neutral,13.19406267179769,2026/09/15,19:08:13,45714.0,45706.0,45711.0,6.0,122.0,0.27,7292,75,18797,2026/09/15,WTXOU6,175,,,44850.0,909.5,43940.5,45759.5,44800.0,7.342956941435459,1134,1,,,,,,,,,,,,,,,,,,,,
2026-09-15T19:09:34+08:00,2026-09-15T19:08:34+08:00,60.0,live,溫和偏多,mild_bull,23.893565028509368,2026/09/15,19:09:29,45725.0,45722.0,45726.0,11.0,133.0,0.29,7325,33,18797,2026/09/15,WTXOU6,175,,,44850.0,920.75,43929.25,45770.75,44800.0,5.336825340606146,1134,0,,,,,,,,,,,,,,,,,,,,
2026-09-15T19:10:34+08:00,2026-09-15T19:09:34+08:00,60.0,live,溫和偏空,mild_bear,-17.548670139840965,2026/09/15,19:10:28,45717.0,45711.0,45715.0,-8.0,125.0,0.27,7410,85,18797,2026/09/15,WTXOU6,175,,,44850.0,911.75,43938.25,45761.75,44800.0,7.280286282743559,1134,2,,,,,,,,,,,,,,,,,,,,
2026-09-15T19:11:34+08:00,2026-09-15T19:10:34+08:00,60.0,live,震盪,neutral,2.189381499726327,2026/09/15,19:11:30,45718.0,45713.0,45718.0,1.0,126.0,0.28,7445,35,18797,2026/09/15,WTXOU6,175,,,44850.0,913.5,43936.5,45763.5,44800.0,7.25951515196685,1134,2,,,,,,,,,,,,,,,,,,,,
2026-09-15T19:12:34+08:00,2026-09-15T19:11:34+08:00,60.0,live,震盪,neutral,-4.390779363336993,2026/09/15,19:12:23,45716.0,45713.0,45716.0,-2.0,124.0,0.27,7458,13,18797,2026/09/15,WTXOU6,175,,,44850.0,911.0,43939.0,45761.0,44800.0,5.475837633351848,1134,0,,,,,,,,,,,,,,,,,,,,
2026-09-15T19:13:34+08:00,2026-09-15T19:12:34+08:00,60.0,live,震盪,neutral,-8.781558726673985,2026/09/15,19:13:25,45712.0,45712.0,45715.0,-4.0,120.0,0.26,7470,12,18797,2026/09/15,WTXOU6,175,,,44850.0,911.0,43939.0,45761.0,44800.0,7.385036809076798,1134,5,,,,,,,,,,,,,,,,,,,,
2026-09-15T19:14:34+08:00,2026-09-15T19:13:34+08:00,60.0,live,震盪,neutral,-6.62251655629139,2026/09/15,19:14:21,45709.0,45707.0,45710.0,-3.0,117.0,0.26,7485,15,18797,2026/09/15,WTXOU6,175,,,44850.0,906.0,43944.0,45756.0,44850.0,5.9878949365586775,536,1,44750.0,3.939294079093125,348,1,,,,,,,,,,,,,,,,
2026-09-15T19:15:34+08:00,2026-09-15T19:14:34+08:00,60.0,live,震盪,neutral,-11.068068622025455,2026/09/15,19:15:27,45704.0,45705.0,45709.0,-5.0,112.0,0.25,7496,11,18797,2026/09/15,WTXOU6,175,,,44850.0,903.5,43946.5,45753.5,44800.0,5.666836189184993,1134,0,,,,,,,,,,,,,,,,,,,,
2026-09-15T19:16:34+08:00,2026-09-15T19:15:34+08:00,60.0,live,溫和偏多,mild_bull,19.81287837094111,2026/09/15,19:16:14,45713.0,45708.0,45713.0,9.0,121.0,0.27,7500,4,18797,2026/09/15,WTXOU6,175,,,44850.0,908.5,43941.5,45758.5,44800.0,7.36396681822826,1134,3,,,,,,,,,,,,,,,,,,,,
2026-09-15T19:17:34+08:00,2026-09-15T19:16:34+08:00,60.0,live,震盪,neutral,4.417448923246825,2026/09/15,19:17:28,45715.0,45707.0,45711.0,2.0,123.0,0.27,7510,10,18797,2026/09/15,WTXOU6,175,,,44850.0,905.5,43944.5,45755.5,44800.0,7.322007007189075,1134,7,,,,,,,,,,,,,,,,,,,,
2026-09-15T19:18:34+08:00,2026-09-15T19:17:34+08:00,60.0,live,震盪,neutral,10.928961748633881,2026/09/15,19:18:24,45720.0,45717.0,45720.0,5.0,128.0,0.28,7559,49,18797,2026/09/15,WTXOU6,175,,,44850.0,915.0,43935.0,45765.0,44800.0,7.218150505502309,1134,5,,,,,,,,,,,,,,,,,,,,
2026-09-15T19:19:34+08:00,2026-09-15T19:18:34+08:00,60.0,live,震盪,neutral,-2.185792349726776,2026/09/15,19:19:29,45719.0,45718.0,45722.0,-1.0,127.0,0.28,7616,57,18797,2026/09/15,WTXOU6,175,,,44850.0,915.0,43935.0,45765.0,44800.0,7.238803282578631,1134,5,,,,,,,,,,,,,,,,,,,,
2026-09-15T19:20:34+08:00,2026-09-15T19:19:34+08:00,60.0,live,溫和偏空,mild_bear,-19.81833195706028,2026/09/15,19:20:28,45710.0,45709.0,45711.0,-9.0,118.0,0.26,7627,11,18797,2026/09/15,WTXOU6,175,,,44850.0,908.25,43941.75,45758.25,44850.0,5.97081108243892,536,5,44750.0,3.5652338493736946,348,3,,,,,,,,,,,,,,,,
2026-09-15T19:21:34+08:00,2026-09-15T19:20:34+08:00,60.0,live,震盪,neutral,2.201430930104568,2026/09/15,19:21:16,45711.0,45711.0,45713.0,1.0,119.0,0.26,7634,7,18797,2026/09/15,WTXOU6,175,,,44850.0,908.5,43941.5,45758.5,44850.0,5.953775969667279,536,3,44750.0,3.622313904230814,348,2,,,,,,,,,,,,,,,,
2026-09-15T19:22:34+08:00,2026-09-15T19:21:34+08:00,60.0,live,震盪,neutral,-2.1953896816684964,2026/09/15,19:22:24,45710.0,45708.0,45711.0,-1.0,118.0,0.26,7646,12,18797,2026/09/15,WTXOU6,175,,,44850.0,911.0,43939.0,45761.0,44800.0,7.427357821433388,1134,1,,,,,,,,,,,,,,,,,,,,
2026-09-15T19:23:34+08:00,2026-09-15T19:22:34+08:00,60.0,live,震盪,neutral,-2.2117777163395083,2026/09/15,19:23:22,45709.0,45702.0,45706.0,-1.0,117.0,0.26,7685,39,18797,2026/09/15,WTXOU6,175,,,44850.0,904.25,43945.75,45754.25,44850.0,5.9878949365586775,536,1,44750.0,2.325035406763913,348,0,,,,,,,,,,,,,,,,
2026-09-15T19:24:34+08:00,2026-09-15T19:23:34+08:00,60.0,live,溫和偏空,mild_bear,-33.61344537815126,2026/09/15,19:24:16,45694.0,45690.0,45694.0,-15.0,102.0,0.22,7695,10,18797,2026/09/15,WTXOU6,175,,,44850.0,892.5,43957.5,45742.5,44800.0,7.205479942247643,1134,1,44700.0,3.9410713081965794,886,0,,,,,,,,,,,,,,,,
2026-09-15T19:25:34+08:00,2026-09-15T19:24:34+08:00,60.0,live,溫和偏空,mild_bear,-22.45929253228523,2026/09/15,19:25:28,45684.0,45688.0,45692.0,-10.0,92.0,0.2,7726,31,18797,2026/09/15,WTXOU6,175,,,44850.0,890.5,43959.5,45740.5,44800.0,6.632550765453391,1134,1,44700.0,4.530580171716416,886,1,,,,,,,,,,,,,,,,
2026-09-15T19:26:34+08:00,2026-09-15T19:25:34+08:00,60.0,live,震盪,neutral,13.475575519371139,2026/09/15,19:26:22,45690.0,45687.0,45692.0,6.0,98.0,0.21,7733,7,18797,2026/09/15,WTXOU6,175,,,44850.0,890.5,43959.5,45740.5,44800.0,5.898104161287074,1134,0,44700.0,3.9863704825209427,886,0,,,,,,,,,,,,,,,,
2026-09-15T19:27:34+08:00,2026-09-15T19:26:34+08:00,60.0,live,震盪,neutral,-11.28668171557562,2026/09/15,19:27:29,45685.0,45683.0,45685.0,-5.0,93.0,0.2,7754,21,18797,2026/09/15,WTXOU6,175,,,44850.0,886.0,43964.0,45736.0,44800.0,7.977290020974187,1134,3,44700.0,5.542415426478609,886,3,,,,,,,,,,,,,,,,
2026-09-15T19:28:34+08:00,2026-09-15T19:27:34+08:00,60.0,live,震盪,neutral,2.2509848058525606,2026/09/15,19:28:26,45686.0,45683.0,45688.0,1.0,94.0,0.21,7777,23,18797,2026/09/15,WTXOU6,175,,,44850.0,888.5,43961.5,45738.5,44800.0,7.589609416674296,1134,2,44700.0,5.52660255440583,886,3,,,,,,,,,,,,,,,,
2026-09-15T19:29:34+08:00,2026-09-15T19:28:34+08:00,60.0,live,震盪,neutral,-6.791171477079796,2026/09/15,19:29:27,45683.0,45680.0,45683.0,-3.0,91.0,0.2,7818,41,18797,2026/09/15,WTXOU6,175,,,44850.0,883.5,43966.5,45733.5,44800.0,6.535136516453467,1134,1,44700.0,4.845254758540841,886,4,,,,,,,,,,,,,,,,
2026-09-15T19:30:34+08:00,2026-09-15T19:29:34+08:00,60.0,live,震盪,neutral,-9.080590238365494,2026/09/15,19:30:31,45679.0,45677.0,45681.0,-4.0,87.0,0.19,7847,29,18797,2026/09/15,WTXOU6,175,,,44850.0,881.0,43969.0,45731.0,44850.0,6.523781591188239,536,1,44750.0,4.291841200913617,348,1,,,,,,,,,,,,,,,,
2026-09-15T19:31:34+08:00,2026-09-15T19:30:34+08:00,60.0,live,震盪,neutral,-6.82982356289129,2026/09/15,19:31:27,45676.0,45675.0,45679.0,-3.0,84.0,0.18,7872,25,18797,2026/09/15,WTXOU6,175,,,44850.0,878.5,43971.5,45728.5,44800.0,6.138810358376547,1134,0,44700.0,5.686782878402084,886,2,,,,,,,,,,,,,,,,
2026-09-15T19:32:34+08:00,2026-09-15T19:31:34+08:00,60.0,live,溫和偏空,mild_bear,-39.204381666186215,2026/09/15,19:32:29,45659.0,45658.0,45662.0,-17.0,67.0,0.15,7896,24,18797,2026/09/15,WTXOU6,175,,,44850.0,867.25,43982.75,45717.25,44800.0,8.592454820414591,1134,6,44700.0,5.287550074892164,886,2,,,,,,,,,,,,,,,,
2026-09-15T19:33:34+08:00,2026-09-15T19:32:34+08:00,60.0,live,震盪,neutral,9.224560392043815,2026/09/15,19:33:27,45663.0,45659.0,45662.0,4.0,71.0,0.16,7930,34,18797,2026/09/15,WTXOU6,175,,,44850.0,867.25,43982.75,45717.25,44800.0,8.494814345077225,1134,1,44700.0,4.306062961126356,886,0,,,,,,,,,,,,,,,,
2026-09-15T19:34:34+08:00,2026-09-15T19:33:34+08:00,60.0,live,震盪,neutral,0.0,2026/09/15,19:34:10,45663.0,45660.0,45661.0,0.0,71.0,0.16,7945,15,18797,2026/09/15,WTXOU6,175,,,44850.0,867.5,43982.5,45717.5,44800.0,8.494814345077225,1134,5,44700.0,4.306062961126356,886,0,,,,,,,,,,,,,,,,
2026-09-15T19:35:34+08:00,2026-09-15T19:34:34+08:00,60.0,live,溫和偏多,mild_bull,25.014212620807275,2026/09/15,19:35:26,45674.0,45673.0,45677.0,11.0,82.0,0.18,8008,63,18797,2026/09/15,WTXOU6,175,,,44850.0,879.5,43970.5,45729.5,44800.0,6.173989691364065,1134,0,44700.0,4.172834116186846,886,0,,,,,,,,,,,,,,,,
2026-09-15T19:36:34+08:00,2026-09-15T19:35:34+08:00,60.0,live,震盪,neutral,4.548038658328596,2026/09/15,19:36:31,45676.0,45675.0,45680.0,2.0,84.0,0.18,8018,10,18797,2026/09/15,WTXOU6,175,,,44850.0,879.5,43970.5,45729.5,44800.0,7.161945418105972,1134,1,44700.0,5.686782878402084,886,4,,,,,,,,,,,,,,,,
2026-09-15T19:37:34+08:00,2026-09-15T19:36:34+08:00,60.0,live,溫和偏空,mild_bear,-15.954415954415953,2026/09/15,19:37:18,45669.0,45669.0,45673.0,-7.0,77.0,0.17,8028,10,18797,2026/09/15,WTXOU6,175,,,44850.0,877.5,43972.5,45727.5,44800.0,6.262822553785883,1134,0,44700.0,5.801663512987017,886,1,,,,,,,,,,,,,,,,
2026-09-15T19:38:34+08:00,2026-09-15T19:37:34+08:00,60.0,live,震盪,neutral,6.802721088435374,2026/09/15,19:38:28,45672.0,45674.0,45679.0,3.0,80.0,0.18,8032,4,18797,2026/09/15,WTXOU6,175,,,44850.0,882.0,43968.0,45732.0,44800.0,8.2791608327514,1134,1,44700.0,4.1967471404220245,886,0,,,,,,,,,,,,,,,,
2026-09-15T19:39:34+08:00,2026-09-15T19:38:34+08:00,60.0,live,溫和偏空,mild_bear,-22.968705139247778,2026/09/15,19:39:31,45662.0,45662.0,45667.0,-10.0,70.0,0.15,8051,19,18797,2026/09/15,WTXOU6,175,,,44850.0,870.75,43979.25,45720.75,44800.0,7.895321833135451,1134,2,44700.0,4.318383590676122,886,0,,,,,,,,,,,,,,,,
2026-09-15T19:40:34+08:00,2026-09-15T19:39:34+08:00,60.0,live,震盪,neutral,0.0,2026/09/15,19:40:31,45662.0,45659.0,45663.0,0.0,70.0,0.15,8062,11,18797,2026/09/15,WTXOU6,175,,,44850.0,868.5,43981.5,45718.5,44800.0,6.389339961722143,1134,0,44700.0,5.918864890333692,886,2,,,,,,,,,,,,,,,,
2026-09-15T19:41:34+08:00,2026-09-15T19:40:34+08:00,60.0,live,溫和偏多,mild_bull,27.350427350427353,2026/09/15,19:41:19,45674.0,45668.0,45673.0,12.0,82.0,0.18,8075,13,18797,2026/09/15,WTXOU6,175,,,44850.0,877.5,43972.5,45727.5,44800.0,6.173989691364065,1134,0,44700.0,4.172834116186846,886,0,,,,,,,,,,,,,,,,
2026-09-15T19:42:34+08:00,2026-09-15T19:41:34+08:00,60.0,live,震盪,neutral,-6.837606837606838,2026/09/15,19:42:25,45671.0,45667.0,45672.0,-3.0,79.0,0.17,8082,7,18797,2026/09/15,WTXOU6,175,,,44850.0,877.5,43972.5,45727.5,44800.0,6.227137052015518,1134,0,44700.0,4.208754992443225,886,0,,,,,,,,,,,,,,,,
2026-09-15T19:43:34+08:00,2026-09-15T19:42:34+08:00,60.0,live,震盪,neutral,9.070294784580499,2026/09/15,19:43:22,45675.0,45676.0,45681.0,4.0,83.0,0.18,8089,7,18797,2026/09/15,WTXOU6,175,,,44850.0,882.0,43968.0,45732.0,44800.0,6.156374896792411,1134,0,44700.0,4.160928748764376,886,0,,,,,,,,,,,,,,,,
2026-09-15T19:44:34+08:00,2026-09-15T19:43:34+08:00,60.0,live,震盪,neutral,4.533862283933125,2026/09/15,19:44:16,45677.0,45674.0,45678.0,2.0,85.0,0.19,8092,3,18797,2026/09/15,WTXOU6,175,,,44850.0,882.25,43967.75,45732.25,44800.0,6.121295932732393,1134,0,44700.0,4.1372198173751835,886,0,,,,,,,,,,,,,,,,
2026-09-15T19:45:34+08:00,2026-09-15T19:44:34+08:00,60.0,live,震盪,neutral,-6.783493499152063,2026/09/15,19:45:01,45674.0,45677.0,45682.0,-3.0,82.0,0.18,8093,1,18797,2026/09/15,WTXOU6,175,,,44850.0,884.5,43965.5,45734.5,44850.0,6.617647344377076,536,1,44700.0,4.172834116186846,886,0,,,,,,,,,,,,,,,,
2026-09-15T19:46:34+08:00,2026-09-15T19:45:34+08:00,60.0,live,震盪,neutral,0.0,2026/09/15,19:45:01,45674.0,45680.0,45684.0,0.0,82.0,0.18,8093,0,18797,2026/09/15,WTXOU6,175,,,44850.0,887.0,43963.0,45737.0,44800.0,6.173989691364065,1134,0,44700.0,4.172834116186846,886,0,,,,,,,,,,,,,,,,
2026-09-15T19:47:34+08:00,2026-09-15T19:46:34+08:00,60.0,live,震盪,neutral,4.509582863585118,2026/09/15,19:47:06,45676.0,45679.0,45684.0,2.0,84.0,0.18,8101,8,18797,2026/09/15,WTXOU6,175,,,44850.0,887.0,43963.0,45737.0,44800.0,6.138810358376547,1134,0,44700.0,4.149057348130307,886,0,,,,,,,,,,,,,,,,
2026-09-15T19:48:34+08:00,2026-09-15T19:47:34+08:00,60.0,live,溫和偏多,mild_bull,18.089315997738836,2026/09/15,19:48:26,45684.0,45677.0,45681.0,8.0,92.0,0.2,8120,19,18797,2026/09/15,WTXOU6,175,,,44850.0,884.5,43965.5,45734.5,44800.0,6.000086152182329,1134,0,44700.0,5.558273542789733,886,2,,,,,,,,,,,,,,,,
2026-09-15T19:49:34+08:00,2026-09-15T19:48:34+08:00,60.0,live,震盪,neutral,-9.044657998869418,2026/09/15,19:49:32,45680.0,45677.0,45682.0,-4.0,88.0,0.19,8140,20,18797,2026/09/15,WTXOU6,175,,,44850.0,884.5,43965.5,45734.5,44800.0,8.092069206291477,1134,1,44700.0,4.10190947943149,886,0,,,,,,,,,,,,,,,,
2026-09-15T19:50:34+08:00,2026-09-15T19:49:34+08:00,60.0,live,溫和偏多,mild_bull,26.785714285714285,2026/09/15,19:50:31,45692.0,45689.0,45693.0,12.0,100.0,0.22,8174,34,18797,2026/09/15,WTXOU6,175,,,44850.0,896.0,43954.0,45746.0,44800.0,5.864496821356587,1134,0,44700.0,3.963656182428674,886,0,,,,,,,,,,,,,,,,
2026-09-15T19:51:34+08:00,2026-09-15T19:50:34+08:00,60.0,live,溫和偏多,mild_bull,17.762975298362477,2026/09/15,19:51:30,45700.0,45696.0,45700.0,8.0,108.0,0.24,8205,31,18797,2026/09/15,WTXOU6,175,,,44850.0,900.75,43949.25,45750.75,44800.0,7.642628699076807,1134,3,44700.0,4.703054341835545,886,1,,,,,,,,,,,,,,,,
2026-09-15T19:52:34+08:00,2026-09-15T19:51:34+08:00,60.0,live,震盪,neutral,-4.453103256331755,2026/09/15,19:52:16,45698.0,45693.0,45698.0,-2.0,106.0,0.23,8219,14,18797,2026/09/15,WTXOU6,175,,,44850.0,898.25,43951.75,45748.25,44800.0,6.9415582433037155,1134,3,44700.0,5.340330519832143,886,8,,,,,,,,,,,,,,,,
2026-09-15T19:53:34+08:00,2026-09-15T19:52:34+08:00,60.0,live,震盪,neutral,6.662965019433647,2026/09/15,19:53:26,45701.0,45699.0,45704.0,3.0,109.0,0.24,8255,36,18797,2026/09/15,WTXOU6,175,,,44850.0,900.5,43949.5,45750.5,44850.0,6.126337277348459,536,1,44750.0,2.3787910834318993,348,0,,,,,,,,,,,,,,,,
2026-09-15T19:54:34+08:00,2026-09-15T19:53:34+08:00,60.0,live,溫和偏空,mild_bear,-24.677509814918675,2026/09/15,19:54:27,45690.0,45685.0,45689.0,-11.0,98.0,0.21,8283,28,18797,2026/09/15,WTXOU6,175,,,44850.0,891.5,43958.5,45741.5,44800.0,7.8641388817161,1134,1,44700.0,3.9863704825209427,886,0,,,,,,,,,,,,,,,,
2026-09-15T19:55:34+08:00,2026-09-15T19:54:34+08:00,60.0,live,溫和偏空,mild_bear,-27.218599376240427,2026/09/15,19:55:32,45678.0,45677.0,45681.0,-12.0,86.0,0.19,8286,3,18797,2026/09/15,WTXOU6,175,,,44850.0,881.75,43968.25,45731.75,44800.0,6.10383147688495,1134,0,44700.0,4.1254160598660325,886,0,,,,,,,,,,,,,,,,
2026-09-15T19:56:34+08:00,2026-09-15T19:55:34+08:00,60.0,live,溫和偏多,mild_bull,22.446689113355777,2026/09/15,19:56:27,45688.0,45688.0,45691.0,10.0,96.0,0.21,8340,54,18797,2026/09/15,WTXOU6,175,,,44850.0,891.0,43959.0,45741.0,44800.0,5.931904092897909,1134,0,44700.0,5.495112027004549,886,1,,,,,,,,,,,,,,,,
2026-09-15T19:57:34+08:00,2026-09-15T19:56:34+08:00,60.0,live,震盪,neutral,2.244668911335578,2026/09/15,19:57:31,45689.0,45685.0,45689.0,1.0,97.0,0.21,8366,26,18797,2026/09/15,WTXOU6,175,,,44850.0,891.0,43959.0,45741.0,44800.0,7.886639979067494,1134,1,44700.0,3.9977763988781025,886,0,,,,,,,,,,,,,,,,
2026-09-15T19:58:34+08:00,2026-09-15T19:57:34+08:00,60.0,live,震盪,neutral,0.0,2026/09/15,19:58:23,45689.0,45689.0,45692.0,0.0,97.0,0.21,8370,4,18797,2026/09/15,WTXOU6,175,,,44850.0,891.0,43959.0,45741.0,44800.0,5.91497998430062,1134,0,44700.0,5.479434114610346,886,1,,,,,,,,,,,,,,,,
2026-09-15T19:59:34+08:00,2026-09-15T19:58:34+08:00,60.0,live,震盪,neutral,-6.772009029345371,2026/09/15,19:58:45,45686.0,45681.0,45686.0,-3.0,94.0,0.21,8374,4,18797,2026/09/15,WTXOU6,175,,,44850.0,886.0,43964.0,45736.0,44800.0,5.965897719863324,1134,0,44700.0,4.0321903313101926,886,0,,,,,,,,,,,,,,,,
2026-09-15T20:00:34+08:00,2026-09-15T19:59:34+08:00,60.0,live,震盪,neutral,-13.544018058690742,2026/09/15,20:00:24,45680.0,45680.0,45685.0,-6.0,88.0,0.19,8391,17,18797,2026/09/15,WTXOU6,175,,,44850.0,886.0,43964.0,45736.0,44800.0,6.069051904718608,1134,0,44700.0,4.10190947943149,886,0,,,,,,,,,,,,,,,,
2026-09-15T20:01:34+08:00,2026-09-15T20:00:34+08:00,60.0,live,震盪,neutral,2.2637238256932655,2026/09/15,20:01:32,45681.0,45678.0,45682.0,1.0,89.0,0.2,8401,10,18797,2026/09/15,WTXOU6,175,,,44850.0,883.5,43966.5,45733.5,44800.0,6.051736504484641,1134,0,44700.0,5.606120653547183,886,1,,,,,,,,,,,,,,,,
2026-09-15T20:02:34+08:00,2026-09-15T20:01:34+08:00,60.0,live,溫和偏空,mild_bear,-25.150042869391253,2026/09/15,20:02:24,45670.0,45667.0,45671.0,-11.0,78.0,0.17,8425,24,18797,2026/09/15,WTXOU6,175,,,44850.0,874.75,43975.25,45724.75,44800.0,6.244954313273917,1134,0,44700.0,4.220797201671412,886,0,,,,,,,,,,,,,,,,
2026-09-15T20:03:34+08:00,2026-09-15T20:02:34+08:00,60.0,live,震盪,neutral,-9.195402298850574,2026/09/15,20:03:29,45666.0,45663.0,45668.0,-4.0,74.0,0.16,8452,27,18797,2026/09/15,WTXOU6,175,,,44850.0,870.0,43980.0,45720.0,44800.0,6.316734611563963,1134,0,44700.0,4.269311580954185,886,0,,,,,,,,,,,,,,,,
2026-09-15T20:04:34+08:00,2026-09-15T20:03:34+08:00,60.0,live,溫和偏多,mild_bull,38.288288288288285,2026/09/15,20:04:26,45683.0,45684.0,45689.0,17.0,91.0,0.2,8471,19,18797,2026/09/15,WTXOU6,175,,,44850.0,888.0,43962.0,45738.0,44800.0,8.023005025283277,1134,1,44700.0,4.066900508110971,886,0,,,,,,,,,,,,,,,,
2026-09-15T20:05:34+08:00,2026-09-15T20:04:34+08:00,60.0,live,震盪,neutral,-2.257336343115124,2026/09/15,20:05:17,45682.0,45682.0,45687.0,-1.0,90.0,0.2,8476,5,18797,2026/09/15,WTXOU6,175,,,44850.0,886.0,43964.0,45736.0,44850.0,6.042303912989992,536,2,44750.0,4.2552112006007325,348,3,,,,,,,,,,,,,,,,
2026-09-15T20:06:34+08:00,2026-09-15T20:05:34+08:00,60.0,live,震盪,neutral,-6.787330316742081,2026/09/15,20:06:27,45679.0,45679.0,45683.0,-3.0,87.0,0.19,8484,8,18797,2026/09/15,WTXOU6,175,,,44850.0,884.0,43966.0,45734.0,44800.0,6.086416848267129,1134,0,44700.0,4.113645979245587,886,0,,,,,,,,,,,,,,,,
2026-09-15T20:07:34+08:00,2026-09-15T20:06:34+08:00,60.0,live,震盪,neutral,6.752954417557682,2026/09/15,20:07:08,45682.0,45684.0,45688.0,3.0,90.0,0.2,8490,6,18797,2026/09/15,WTXOU6,175,,,44850.0,888.5,43961.5,45738.5,44800.0,6.034470506214934,1134,0,44700.0,4.078536839262778,886,0,,,,,,,,,,,,,,,,
2026-09-15T20:08:34+08:00,2026-09-15T20:07:34+08:00,60.0,live,震盪,neutral,9.003939223410242,2026/09/15,20:07:43,45686.0,45685.0,45688.0,4.0,94.0,0.21,8494,4,18797,2026/09/15,WTXOU6,175,,,44850.0,888.5,43961.5,45738.5,44800.0,5.965897719863324,1134,0,44700.0,4.0321903313101926,886,0,,,,,,,,,,,,,,,,
2026-09-15T20:09:34+08:00,2026-09-15T20:08:34+08:00,60.0,live,溫和偏空,mild_bear,-29.579067121729235,2026/09/15,20:09:18,45673.0,45673.0,45678.0,-13.0,81.0,0.18,8496,2,18797,2026/09/15,WTXOU6,175,,,44850.0,879.0,43971.0,45729.0,44800.0,6.191654885885858,1134,0,44700.0,4.1847735475844585,886,0,,,,,,,,,,,,,,,,
2026-09-15T20:10:34+08:00,2026-09-15T20:09:34+08:00,60.0,live,溫和偏多,mild_bull,36.01575689364097,2026/09/15,20:10:17,45689.0,45684.0,45688.0,16.0,97.0,0.21,8503,7,18797,2026/09/15,WTXOU6,175,,,44850.0,888.5,43961.5,45738.5,44800.0,7.886639979067494,1134,2,44700.0,3.9977763988781025,886,0,,,,,,,,,,,,,,,,
2026-09-15T20:11:34+08:00,2026-09-15T20:10:34+08:00,60.0,live,溫和偏多,mild_bull,20.100502512562812,2026/09/15,20:11:28,45698.0,45691.0,45695.0,9.0,106.0,0.23,8533,30,18797,2026/09/15,WTXOU6,175,,,44850.0,895.5,43954.5,45745.5,44850.0,6.17907443322792,536,1,44700.0,3.8962868916458495,886,0,,,,,,,,,,,,,,,,
2026-09-15T20:12:34+08:00,2026-09-15T20:11:34+08:00,60.0,live,震盪,neutral,-11.166945840312673,2026/09/15,20:12:16,45693.0,45692.0,45697.0,-5.0,101.0,0.22,8536,3,18797,2026/09/15,WTXOU6,175,,,44850.0,895.5,43954.5,45745.5,44850.0,6.267980456150001,536,1,44700.0,3.9523476132705766,886,0,,,,,,,,,,,,,,,,
2026-09-15T20:13:34+08:00,2026-09-15T20:12:34+08:00,60.0,live,震盪,neutral,0.0,2026/09/15,20:12:16,45693.0,45691.0,45695.0,0.0,101.0,0.22,8536,0,18797,2026/09/15,WTXOU6,175,,,44850.0,895.5,43954.5,45745.5,44800.0,5.847765030093825,1134,0,44700.0,5.417168491722319,886,1,,,,,,,,,,,,,,,,
2026-09-15T20:14:34+08:00,2026-09-15T20:13:34+08:00,60.0,live,震盪,neutral,-13.505908835115363,2026/09/15,20:14:32,45687.0,45686.0,45688.0,-6.0,95.0,0.21,8547,11,18797,2026/09/15,WTXOU6,175,,,44850.0,888.5,43961.5,45738.5,44800.0,5.948876625235015,1134,0,44700.0,4.02068622976315,886,0,,,,,,,,,,,,,,,,
2026-09-15T20:15:34+08:00,2026-09-15T20:14:34+08:00,60.0,live,震盪,neutral,-4.512126339537507,2026/09/15,20:15:30,45685.0,45680.0,45685.0,-2.0,93.0,0.2,8554,7,18797,2026/09/15,WTXOU6,175,,,44850.0,886.5,43963.5,45736.5,44800.0,7.393166483061296,1134,1,44700.0,4.043727348719067,886,0,,,,,,,,,,,,,,,,
2026-09-15T20:16:34+08:00,2026-09-15T20:15:34+08:00,60.0,live,溫和偏空,mild_bear,-18.15087918321044,2026/09/15,20:16:32,45677.0,45675.0,45678.0,-8.0,85.0,0.19,8565,11,18797,2026/09/15,WTXOU6,175,,,44850.0,881.5,43968.5,45731.5,44800.0,6.121295932732393,1134,0,44700.0,4.1372198173751835,886,0,,,,,,,,,,,,,,,,
2026-09-15T20:17:34+08:00,2026-09-15T20:16:34+08:00,60.0,live,震盪,neutral,-2.2753128555176336,2026/09/15,20:17:21,45676.0,45672.0,45677.0,-1.0,84.0,0.18,8572,7,18797,2026/09/15,WTXOU6,175,,,44850.0,879.0,43971.0,45729.0,44800.0,8.185080477835397,1134,3,44700.0,4.149057348130307,886,0,,,,,,,,,,,,,,,,
2026-09-15T20:18:34+08:00,2026-09-15T20:17:34+08:00,60.0,live,震盪,neutral,13.544018058690742,2026/09/15,20:18:27,45682.0,45682.0,45685.0,6.0,90.0,0.2,8604,32,18797,2026/09/15,WTXOU6,175,,,44850.0,886.0,43964.0,45736.0,44850.0,6.468102429136403,536,1,44700.0,4.078536839262778,886,0,,,,,,,,,,,,,,,,
2026-09-15T20:19:34+08:00,2026-09-15T20:18:34+08:00,60.0,live,震盪,neutral,-6.787330316742081,2026/09/15,20:19:30,45679.0,45679.0,45684.0,-3.0,87.0,0.19,8612,8,18797,2026/09/15,WTXOU6,175,,,44850.0,884.0,43966.0,45734.0,44800.0,6.086416848267129,1134,0,44700.0,4.113645979245587,886,0,,,,,,,,,,,,,,,,
2026-09-15T20:20:34+08:00,2026-09-15T20:19:34+08:00,60.0,live,震盪,neutral,-6.806579693703914,2026/09/15,20:20:21,45676.0,45676.0,45681.0,-3.0,84.0,0.18,8636,24,18797,2026/09/15,WTXOU6,175,,,44850.0,881.5,43968.5,45731.5,44800.0,8.185080477835397,1134,1,44700.0,4.149057348130307,886,0,,,,,,,,,,,,,,,,
2026-09-15T20:21:34+08:00,2026-09-15T20:20:34+08:00,60.0,live,震盪,neutral,-2.268859897901305,2026/09/15,20:20:59,45675.0,45675.0,45680.0,-1.0,83.0,0.18,8641,5,18797,2026/09/15,WTXOU6,175,,,44850.0,881.5,43968.5,45731.5,44800.0,6.156374896792411,1134,0,44700.0,5.703054062963777,886,1,,,,,,,,,,,,,,,,
2026-09-15T20:22:34+08:00,2026-09-15T20:21:34+08:00,60.0,live,震盪,neutral,-6.825938566552901,2026/09/15,20:22:26,45672.0,45672.0,45677.0,-3.0,80.0,0.18,8662,21,18797,2026/09/15,WTXOU6,175,,,44850.0,879.0,43971.0,45729.0,44800.0,6.209370624563549,1134,0,44700.0,4.1967471404220245,886,0,,,,,,,,,,,,,,,,
2026-09-15T20:23:34+08:00,2026-09-15T20:22:34+08:00,60.0,live,溫和偏空,mild_bear,-20.7492795389049,2026/09/15,20:23:30,45663.0,45659.0,45663.0,-9.0,71.0,0.16,8681,19,18797,2026/09/15,WTXOU6,175,,,44850.0,867.5,43982.5,45717.5,44800.0,8.494814345077225,1134,1,44700.0,4.306062961126356,886,0,,,,,,,,,,,,,,,,
2026-09-15T20:24:34+08:00,2026-09-15T20:23:34+08:00,60.0,live,溫和偏空,mild_bear,-32.53922138291691,2026/09/15,20:24:26,45649.0,45653.0,45658.0,-14.0,57.0,0.13,8715,34,18797,2026/09/15,WTXOU6,175,,,44850.0,860.5,43989.5,45710.5,44800.0,8.841494295120432,1134,1,44700.0,4.48179672429109,886,0,,,,,,,,,,,,,,,,
2026-09-15T20:25:34+08:00,2026-09-15T20:24:34+08:00,60.0,live,溫和偏多,mild_bull,20.869565217391305,2026/09/15,20:25:30,45658.0,45656.0,45660.0,9.0,66.0,0.14,8730,15,18797,2026/09/15,WTXOU6,175,,,44850.0,862.5,43987.5,45712.5,44800.0,7.180866496666069,1134,1,44700.0,4.368019640312339,886,0,,,,,,,,,,,,,,,,
2026-09-15T20:26:34+08:00,2026-09-15T20:25:34+08:00,60.0,live,震盪,neutral,9.200690051753883,2026/09/15,20:26:29,45662.0,45664.0,45668.0,4.0,70.0,0.15,8739,9,18797,2026/09/15,WTXOU6,175,,,44850.0,869.5,43980.5,45719.5,44800.0,6.389339961722143,1134,0,44700.0,4.318383590676122,886,0,,,,,,,,,,,,,,,,
2026-09-15T20:27:34+08:00,2026-09-15T20:26:34+08:00,60.0,live,溫和偏多,mild_bull,31.963470319634702,2026/09/15,20:27:32,45676.0,45672.0,45676.0,14.0,84.0,0.18,8794,55,18797,2026/09/15,WTXOU6,175,,,44850.0,876.0,43974.0,45726.0,44800.0,8.185080477835397,1134,1,44700.0,5.686782878402084,886,1,,,,,,,,,,,,,,,,
2026-09-15T20:28:34+08:00,2026-09-15T20:27:34+08:00,60.0,live,溫和偏空,mild_bear,-16.129032258064512,2026/09/15,20:28:31,45669.0,45666.0,45669.0,-7.0,77.0,0.17,8812,18,18797,2026/09/15,WTXOU6,175,,,44850.0,868.0,43982.0,45718.0,44800.0,6.262822553785883,1134,0,44700.0,4.232873866410396,886,0,,,,,,,,,,,,,,,,
2026-09-15T20:29:34+08:00,2026-09-15T20:28:34+08:00,60.0,live,震盪,neutral,-9.27536231884058,2026/09/15,20:29:25,45665.0,45661.0,45665.0,-4.0,73.0,0.16,8840,28,18797,2026/09/15,WTXOU6,175,,,44850.0,862.5,43987.5,45712.5,44850.0,6.790022168586681,536,1,44700.0,4.2815270564120045,886,0,,,,,,,,,,,,,,,,
2026-09-15T20:30:34+08:00,2026-09-15T20:29:34+08:00,60.0,live,溫和偏多,mild_bull,25.229357798165136,2026/09/15,20:30:29,45676.0,45670.0,45674.0,11.0,84.0,0.18,8854,14,18797,2026/09/15,WTXOU6,175,,,44850.0,872.0,43978.0,45722.0,44850.0,6.579940054413917,536,7,44700.0,4.149057348130307,886,0,,,,,,,,,,,,,,,,
2026-09-15T20:31:34+08:00,2026-09-15T20:30:34+08:00,60.0,live,溫和偏空,mild_bear,-16.147635524798154,2026/09/15,20:31:29,45669.0,45663.0,45667.0,-7.0,77.0,0.17,8860,6,18797,2026/09/15,WTXOU6,175,,,44850.0,867.0,43983.0,45717.0,44800.0,6.262822553785883,1134,0,44700.0,4.232873866410396,886,0,,,,,,,,,,,,,,,,
2026-09-15T20:32:34+08:00,2026-09-15T20:31:34+08:00,60.0,live,溫和偏空,mild_bear,-25.65597667638484,2026/09/15,20:32:29,45658.0,45655.0,45659.0,-11.0,66.0,0.14,8875,15,18797,2026/09/15,WTXOU6,175,,,44850.0,857.5,43992.5,45707.5,44850.0,6.927189715203511,536,1,44700.0,4.368019640312339,886,0,,,,,,,,,,,,,,,,
2026-09-15T20:33:34+08:00,2026-09-15T20:32:34+08:00,60.0,live,震盪,neutral,-9.35672514619883,2026/09/15,20:33:29,45654.0,45651.0,45656.0,-4.0,62.0,0.14,8899,24,18797,2026/09/15,WTXOU6,175,,,44850.0,855.0,43995.0,45705.0,44800.0,8.71608514619813,1134,1,44700.0,4.4182262130092695,886,0,,,,,,,,,,,,,,,,
2026-09-15T20:34:34+08:00,2026-09-15T20:33:34+08:00,60.0,live,強勢偏多,strong_bull,45.662100456621005,2026/09/15,20:34:31,45674.0,45674.0,45675.0,20.0,82.0,0.18,8929,30,18797,2026/09/15,WTXOU6,175,,,44850.0,876.0,43974.0,45726.0,44800.0,8.231986255152087,1134,1,44700.0,4.172834116186846,886,0,,,,,,,,,,,,,,,,
2026-09-15T20:35:34+08:00,2026-09-15T20:34:34+08:00,60.0,live,溫和偏多,mild_bull,24.971623155505107,2026/09/15,20:35:26,45685.0,45684.0,45686.0,11.0,93.0,0.2,8974,45,18797,2026/09/15,WTXOU6,175,,,44850.0,881.0,43969.0,45731.0,44800.0,6.980128768352413,1134,2,44700.0,4.573593600052669,886,1,,,,,,,,,,,,,,,,
2026-09-15T20:36:34+08:00,2026-09-15T20:35:34+08:00,60.0,live,溫和偏空,mild_bear,-15.936254980079683,2026/09/15,20:36:30,45678.0,45676.0,45681.0,-7.0,86.0,0.19,8989,15,18797,2026/09/15,WTXOU6,175,,,44850.0,878.5,43971.5,45728.5,44800.0,8.138441969179933,1134,2,44700.0,4.1254160598660325,886,0,,,,,,,,,,,,,,,,
2026-09-15T20:37:34+08:00,2026-09-15T20:36:34+08:00,60.0,live,震盪,neutral,-6.845407872219053,2026/09/15,20:37:09,45675.0,45674.0,45678.0,-3.0,83.0,0.18,8992,3,18797,2026/09/15,WTXOU6,175,,,44850.0,876.5,43973.5,45726.5,44800.0,8.20849986238988,1134,1,44700.0,4.160928748764376,886,0,,,,,,,,,,,,,,,,
2026-09-15T20:38:34+08:00,2026-09-15T20:37:34+08:00,60.0,live,震盪,neutral,-13.729977116704806,2026/09/15,20:37:59,45669.0,45672.0,45677.0,-6.0,77.0,0.17,8993,1,18797,2026/09/15,WTXOU6,175,,,44850.0,874.0,43976.0,45724.0,44800.0,6.262822553785883,1134,0,44700.0,4.232873866410396,886,0,,,,,,,,,,,,,,,,
2026-09-15T20:39:34+08:00,2026-09-15T20:38:34+08:00,60.0,live,震盪,neutral,-4.600345025876941,2026/09/15,20:38:55,45667.0,45667.0,45672.0,-2.0,75.0,0.16,9006,13,18797,2026/09/15,WTXOU6,175,,,44850.0,869.5,43980.5,45719.5,44800.0,8.398283408587996,1134,2,44700.0,4.2571309570431835,886,0,,,,,,,,,,,,,,,,
2026-09-15T20:40:34+08:00,2026-09-15T20:39:34+08:00,60.0,live,溫和偏空,mild_bear,-18.454440599769324,2026/09/15,20:40:04,45659.0,45663.0,45669.0,-8.0,67.0,0.15,9027,21,18797,2026/09/15,WTXOU6,175,,,44850.0,867.0,43983.0,45717.0,44800.0,6.444341115310944,1134,0,44700.0,5.9698160682104175,886,1,,,,,,,,,,,,,,,,
2026-09-15T20:41:34+08:00,2026-09-15T20:40:34+08:00,60.0,live,震盪,neutral,13.801035077630821,2026/09/15,20:41:26,45665.0,45664.0,45669.0,6.0,73.0,0.16,9033,6,18797,2026/09/15,WTXOU6,175,,,44850.0,869.5,43980.5,45719.5,44800.0,6.334808231902507,1134,0,44700.0,4.2815270564120045,886,0,,,,,,,,,,,,,,,,
2026-09-15T20:42:34+08:00,2026-09-15T20:41:34+08:00,60.0,live,溫和偏空,mild_bear,-32.8253223915592,2026/09/15,20:42:20,45651.0,45649.0,45652.0,-14.0,59.0,0.13,9060,27,18797,2026/09/15,WTXOU6,175,,,44850.0,853.0,43997.0,45703.0,44850.0,7.067128230070184,536,5,44700.0,4.456259490309836,886,0,,,,,,,,,,,,,,,,
2026-09-15T20:43:34+08:00,2026-09-15T20:42:34+08:00,60.0,live,震盪,neutral,9.378663540445485,2026/09/15,20:43:26,45655.0,45650.0,45655.0,4.0,63.0,0.14,9070,10,18797,2026/09/15,WTXOU6,175,,,44850.0,853.0,43997.0,45703.0,44800.0,8.691217587780576,1134,1,44700.0,4.405620725957333,886,0,,,,,,,,,,,,,,,,
2026-09-15T20:44:34+08:00,2026-09-15T20:43:34+08:00,60.0,live,溫和偏多,mild_bull,29.988465974625143,2026/09/15,20:44:30,45668.0,45664.0,45668.0,13.0,76.0,0.17,9084,14,18797,2026/09/15,WTXOU6,175,,,44850.0,867.0,43983.0,45717.0,44800.0,8.374322559219596,1134,1,44700.0,5.8182633972806785,886,1,,,,,,,,,,,,,,,,
2026-09-15T20:45:34+08:00,2026-09-15T20:44:34+08:00,60.0,live,溫和偏多,mild_bull,18.401380103507766,2026/09/15,20:45:22,45676.0,45666.0,45669.0,8.0,84.0,0.18,9130,46,18797,2026/09/15,WTXOU6,175,,,44850.0,869.5,43980.5,45719.5,44800.0,8.185080477835397,1134,5,44700.0,4.149057348130307,886,0,,,,,,,,,,,,,,,,
2026-09-15T20:46:34+08:00,2026-09-15T20:45:34+08:00,60.0,live,震盪,neutral,-13.84881708020773,2026/09/15,20:46:25,45670.0,45668.0,45671.0,-6.0,78.0,0.17,9145,15,18797,2026/09/15,WTXOU6,175,,,44850.0,866.5,43983.5,45716.5,44850.0,6.693711423716782,536,6,44700.0,4.220797201671412,886,0,,,,,,,,,,,,,,,,
2026-09-15T20:47:34+08:00,2026-09-15T20:46:34+08:00,60.0,live,溫和偏多,mild_bull,22.896393817973667,2026/09/15,20:47:30,45680.0,45675.0,45679.0,10.0,88.0,0.19,9196,51,18797,2026/09/15,WTXOU6,175,,,44850.0,873.5,43976.5,45723.5,44850.0,6.505168817551788,536,2,44700.0,5.622161045061939,886,2,,,,,,,,,,,,,,,,
2026-09-15T20:48:34+08:00,2026-09-15T20:47:34+08:00,60.0,live,溫和偏多,mild_bull,29.066517607602016,2026/09/15,20:48:29,45693.0,45698.0,45702.0,13.0,101.0,0.22,9296,100,18797,2026/09/15,WTXOU6,175,,,44850.0,894.5,43955.5,45744.5,44800.0,6.822392535109463,1134,1,44700.0,5.417168491722319,886,4,,,,,,,,,,,,,,,,
2026-09-15T20:49:34+08:00,2026-09-15T20:48:34+08:00,60.0,live,溫和偏多,mild_bull,44.15011037527594,2026/09/15,20:49:31,45713.0,45710.0,45714.0,20.0,121.0,0.27,9450,154,18797,2026/09/15,WTXOU6,175,,,44850.0,906.0,43944.0,45756.0,44800.0,7.36396681822826,1134,3,,,,,,,,,,,,,,,,,,,,
2026-09-15T20:50:34+08:00,2026-09-15T20:49:34+08:00,60.0,live,溫和偏空,mild_bear,-15.572858731924361,2026/09/15,20:50:27,45706.0,45700.0,45705.0,-7.0,114.0,0.25,9510,60,18797,2026/09/15,WTXOU6,175,,,44850.0,899.0,43951.0,45749.0,44800.0,6.278757793142225,1134,2,,,,,,,,,,,,,,,,,,,,
2026-09-15T20:51:34+08:00,2026-09-15T20:50:34+08:00,60.0,live,震盪,neutral,-2.2246941045606228,2026/09/15,20:51:31,45705.0,45703.0,45705.0,-1.0,113.0,0.25,9549,39,18797,2026/09/15,WTXOU6,175,,,44850.0,899.0,43951.0,45749.0,44800.0,7.534224448767067,1134,2,,,,,,,,,,,,,,,,,,,,
2026-09-15T20:52:34+08:00,2026-09-15T20:51:34+08:00,60.0,live,溫和偏空,mild_bear,-15.699467339500984,2026/09/15,20:52:30,45698.0,45693.0,45698.0,-7.0,106.0,0.23,9569,20,18797,2026/09/15,WTXOU6,175,,,44850.0,891.75,43958.25,45741.75,44800.0,7.686425878694507,1134,3,44700.0,3.8962868916458495,886,0,,,,,,,,,,,,,,,,
2026-09-15T20:53:33+08:00,2026-09-15T20:52:34+08:00,59.0,live,震盪,neutral,-11.242270938729623,2026/09/15,20:53:31,45693.0,45691.0,45694.0,-5.0,101.0,0.22,9586,17,18797,2026/09/15,WTXOU6,175,,,44850.0,889.5,43960.5,45739.5,44800.0,7.7970200401251,1134,1,44700.0,3.9523476132705766,886,0,,,,,,,,,,,,,,,,
2026-09-15T20:54:34+08:00,2026-09-15T20:53:33+08:00,61.0,live,溫和偏多,mild_bull,31.215161649944257,2026/09/15,20:54:28,45707.0,45703.0,45704.0,14.0,115.0,0.25,9615,29,18797,2026/09/15,WTXOU6,175,,,44850.0,897.0,43953.0,45747.0,44850.0,6.022209427082083,536,20,44750.0,2.338359355543454,348,0,,,,,,,,,,,,,,,,
2026-09-15T20:55:34+08:00,2026-09-15T20:54:34+08:00,60.0,live,溫和偏多,mild_bull,28.454172366621066,2026/09/15,20:55:31,45720.0,45719.0,45722.0,13.0,128.0,0.28,9686,71,18797,2026/09/15,WTXOU6,175,,,44850.0,913.75,43936.25,45763.75,44800.0,7.218150505502309,1134,4,,,,,,,,,,,,,,,,,,,,
2026-09-15T20:56:34+08:00,2026-09-15T20:55:34+08:00,60.0,live,強勢偏空,strong_bear,-67.79661016949152,2026/09/15,20:56:28,45690.0,45688.0,45692.0,-30.0,98.0,0.21,9825,139,18797,2026/09/15,WTXOU6,175,,,44850.0,885.0,43965.0,45735.0,44800.0,7.288300644150636,1134,6,44700.0,4.83936535042194,886,4,,,,,,,,,,,,,,,,
2026-09-15T20:57:34+08:00,2026-09-15T20:56:34+08:00,60.0,live,溫和偏空,mild_bear,-18.15602836879433,2026/09/15,20:57:30,45682.0,45682.0,45687.0,-8.0,90.0,0.2,9854,29,18797,2026/09/15,WTXOU6,175,,,44850.0,881.25,43968.75,45731.25,44800.0,8.045960674953244,1134,5,44700.0,4.754540074522722,886,1,,,,,,,,,,,,,,,,
2026-09-15T20:58:34+08:00,2026-09-15T20:57:34+08:00,60.0,live,震盪,neutral,-2.268859897901305,2026/09/15,20:58:24,45681.0,45681.0,45685.0,-1.0,89.0,0.2,9878,24,18797,2026/09/15,WTXOU6,175,,,44850.0,881.5,43968.5,45731.5,44800.0,8.068982005979521,1134,4,44700.0,5.162119667306002,886,2,,,,,,,,,,,,,,,,
2026-09-15T20:59:34+08:00,2026-09-15T20:58:34+08:00,60.0,live,溫和偏多,mild_bull,42.67265581134194,2026/09/15,20:59:23,45700.0,45694.0,45699.0,19.0,108.0,0.24,9890,12,18797,2026/09/15,WTXOU6,175,,,44850.0,890.5,43959.5,45740.5,44800.0,5.731971524307605,1134,0,44700.0,3.8740858869749406,886,0,,,,,,,,,,,,,,,,
2026-09-15T21:00:34+08:00,2026-09-15T20:59:34+08:00,60.0,live,溫和偏空,mild_bear,-20.33898305084746,2026/09/15,21:00:28,45691.0,45689.0,45693.0,-9.0,99.0,0.22,9931,41,18797,2026/09/15,WTXOU6,175,,,44850.0,885.0,43965.0,45735.0,44800.0,5.881276486095352,1134,0,44700.0,5.448212352518535,886,20,,,,,,,,,,,,,,,,
2026-09-15T21:01:34+08:00,2026-09-15T21:00:34+08:00,60.0,live,溫和偏空,mild_bear,-15.864022662889518,2026/09/15,21:01:22,45684.0,45682.0,45687.0,-7.0,92.0,0.2,9933,2,18797,2026/09/15,WTXOU6,175,,,44850.0,882.5,43967.5,45732.5,44800.0,8.00011486957644,1134,1,44700.0,4.055297376169571,886,0,,,,,,,,,,,,,,,,
2026-09-15T21:02:34+08:00,2026-09-15T21:01:34+08:00,60.0,live,震盪,neutral,2.26628895184136,2026/09/15,21:02:27,45685.0,45684.0,45689.0,1.0,93.0,0.2,9940,7,18797,2026/09/15,WTXOU6,175,,,44850.0,882.5,43967.5,45732.5,44800.0,5.98296751573064,1134,0,44700.0,4.043727348719067,886,0,,,,,,,,,,,,,,,,
2026-09-15T21:03:34+08:00,2026-09-15T21:02:34+08:00,60.0,live,震盪,neutral,0.0,2026/09/15,21:03:07,45685.0,45681.0,45686.0,0.0,93.0,0.2,9942,2,18797,2026/09/15,WTXOU6,175,,,44850.0,880.25,43969.75,45730.25,44800.0,7.977290020974187,1134,1,44700.0,4.043727348719067,886,0,,,,,,,,,,,,,,,,
2026-09-15T21:04:34+08:00,2026-09-15T21:03:34+08:00,60.0,live,溫和偏多,mild_bull,20.122973728339854,2026/09/15,21:04:12,45694.0,45697.0,45701.0,9.0,102.0,0.22,9949,7,18797,2026/09/15,WTXOU6,175,,,44850.0,894.5,43955.5,45744.5,44800.0,7.205479942247643,1134,1,44700.0,5.4017129573091,886,2,,,,,,,,,,,,,,,,
2026-09-15T21:05:34+08:00,2026-09-15T21:04:34+08:00,60.0,live,溫和偏多,mild_bull,17.892088342186188,2026/09/15,21:05:28,45702.0,45699.0,45702.0,8.0,110.0,0.24,9951,2,18797,2026/09/15,WTXOU6,175,,,44850.0,894.25,43955.75,45744.25,44800.0,7.599081075361003,1134,1,,,,,,,,,,,,,,,,,,,,
2026-09-15T21:06:34+08:00,2026-09-15T21:05:34+08:00,60.0,live,震盪,neutral,-11.302627860977676,2026/09/15,21:05:46,45697.0,45687.0,45691.0,-5.0,105.0,0.23,9954,3,18797,2026/09/15,WTXOU6,175,,,44850.0,884.75,43965.25,45734.75,44800.0,7.708418498558192,1134,1,44700.0,5.35561042507323,886,1,,,,,,,,,,,,,,,,
2026-09-15T21:07:34+08:00,2026-09-15T21:06:34+08:00,60.0,live,強勢偏空,strong_bear,-48.109965635738824,2026/09/15,21:07:27,45676.0,45675.0,45678.0,-21.0,84.0,0.18,9963,9,18797,2026/09/15,WTXOU6,175,,,44850.0,873.0,43977.0,45723.0,44800.0,6.138810358376547,1134,0,44700.0,4.149057348130307,886,0,,,,,,,,,,,,,,,,
2026-09-15T21:08:34+08:00,2026-09-15T21:07:34+08:00,60.0,live,溫和偏多,mild_bull,29.461756373937675,2026/09/15,21:08:11,45689.0,45684.0,45687.0,13.0,97.0,0.21,9965,2,18797,2026/09/15,WTXOU6,175,,,44850.0,882.5,43967.5,45732.5,44800.0,5.91497998430062,1134,0,44700.0,3.9977763988781025,886,0,,,,,,,,,,,,,,,,
2026-09-15T21:09:33+08:00,2026-09-15T21:08:34+08:00,59.0,live,溫和偏空,mild_bear,-20.50697806892623,2026/09/15,21:09:27,45680.0,45679.0,45683.0,-9.0,88.0,0.19,9977,12,18797,2026/09/15,WTXOU6,175,,,44850.0,877.75,43972.25,45727.75,44800.0,8.092069206291477,1134,1,44700.0,4.10190947943149,886,0,,,,,,,,,,,,,,,,
2026-09-15T21:10:34+08:00,2026-09-15T21:09:33+08:00,61.0,live,震盪,neutral,4.53257790368272,2026/09/15,21:10:22,45682.0,45683.0,45687.0,2.0,90.0,0.2,9981,4,18797,2026/09/15,WTXOU6,175,,,44850.0,882.5,43967.5,45732.5,44800.0,8.045960674953244,1134,1,44700.0,5.590126026313794,886,1,,,,,,,,,,,,,,,,
2026-09-15T21:11:34+08:00,2026-09-15T21:10:34+08:00,60.0,live,溫和偏多,mild_bull,15.864022662889518,2026/09/15,21:11:29,45689.0,45684.0,45689.0,7.0,97.0,0.21,9990,9,18797,2026/09/15,WTXOU6,175,,,44850.0,882.5,43967.5,45732.5,44800.0,7.886639979067494,1134,1,44700.0,3.9977763988781025,886,0,,,,,,,,,,,,,,,,
2026-09-15T21:12:34+08:00,2026-09-15T21:11:34+08:00,60.0,live,溫和偏空,mild_bear,-20.45454545454546,2026/09/15,21:12:13,45680.0,45682.0,45687.0,-9.0,88.0,0.19,9991,1,18797,2026/09/15,WTXOU6,175,,,44850.0,880.0,43970.0,45730.0,44800.0,6.069051904718608,1134,0,44700.0,4.10190947943149,886,0,,,,,,,,,,,,,,,,
2026-09-15T21:13:34+08:00,2026-09-15T21:12:34+08:00,60.0,live,震盪,neutral,0.0,2026/09/15,21:13:24,45680.0,45680.0,45685.0,0.0,88.0,0.19,9994,3,18797,2026/09/15,WTXOU6,175,,,44850.0,877.5,43972.5,45727.5,44800.0,6.069051904718608,1134,0,44700.0,4.10190947943149,886,0,,,,,,,,,,,,,,,,
2026-09-15T21:14:34+08:00,2026-09-15T21:13:34+08:00,60.0,live,震盪,neutral,-4.583213978802636,2026/09/15,21:14:30,45678.0,45677.0,45680.0,-2.0,86.0,0.19,9999,5,18797,2026/09/15,WTXOU6,175,,,44850.0,872.75,43977.25,45722.75,44800.0,6.10383147688495,1134,0,44700.0,4.1254160598660325,886,0,,,,,,,,,,,,,,,,
2026-09-15T21:15:34+08:00,2026-09-15T21:14:34+08:00,60.0,live,震盪,neutral,4.571428571428571,2026/09/15,21:14:37,45680.0,45679.0,45683.0,2.0,88.0,0.19,10002,3,18797,2026/09/15,WTXOU6,175,,,44850.0,875.0,43975.0,45725.0,44800.0,6.069051904718608,1134,0,44700.0,4.10190947943149,886,0,,,,,,,,,,,,,,,,
2026-09-15T21:16:13+08:00,,,warming_up,資料累積中,warming_up,,2026/09/15,21:16:08,45679.0,45678.0,45682.0,,87.0,0.19,10011,,18797,2026/09/15,WTXOU6,175,,,44850.0,875.0,43975.0,45725.0,44800.0,8.115222464356172,1134,705,44700.0,5.510730225756223,886,592,,,,,,,,,,,,,,,,
2026-09-15T21:17:14+08:00,2026-09-15T21:16:13+08:00,61.0,live,震盪,neutral,-9.169054441260744,2026/09/15,21:16:57,45675.0,45675.0,45679.0,-4.0,83.0,0.18,10023,12,18797,2026/09/15,WTXOU6,175,,,44850.0,872.5,43977.5,45722.5,44800.0,8.20849986238988,1134,5,44700.0,4.160928748764376,886,0,,,,,,,,,,,,,,,,
2026-09-15T21:18:14+08:00,2026-09-15T21:17:14+08:00,60.0,live,震盪,neutral,9.158557527189465,2026/09/15,21:17:56,45679.0,45675.0,45678.0,4.0,87.0,0.19,10028,5,18797,2026/09/15,WTXOU6,175,,,44850.0,873.5,43976.5,45723.5,44800.0,8.115222464356172,1134,1,44700.0,4.113645979245587,886,0,,,,,,,,,,,,,,,,
2026-09-15T21:19:14+08:00,2026-09-15T21:18:14+08:00,60.0,live,強勢偏空,strong_bear,-58.13953488372094,2026/09/15,21:19:07,45654.0,45658.0,45663.0,-25.0,62.0,0.14,10062,34,18797,2026/09/15,WTXOU6,175,,,44850.0,860.0,43990.0,45710.0,44800.0,6.5370638596485975,1134,0,44700.0,4.4182262130092695,886,0,,,,,,,,,,,,,,,,
2026-09-15T21:20:14+08:00,2026-09-15T21:19:14+08:00,60.0,live,溫和偏多,mild_bull,16.241299303944317,2026/09/15,21:19:37,45661.0,45660.0,45664.0,7.0,69.0,0.15,10071,9,18797,2026/09/15,WTXOU6,175,,,44850.0,862.0,43988.0,45712.0,44800.0,6.407621322549092,1134,0,44700.0,5.9358001145343735,886,1,,,,,,,,,,,,,,,,
2026-09-15T21:21:14+08:00,2026-09-15T21:20:14+08:00,60.0,live,溫和偏空,mild_bear,-35.37735849056604,2026/09/15,21:21:11,45646.0,45646.0,45650.0,-15.0,54.0,0.12,10108,37,18797,2026/09/15,WTXOU6,175,,,44850.0,848.0,44002.0,45698.0,44800.0,8.917604251484269,1134,5,44700.0,5.269613970946055,886,1,,,,,,,,,,,,,,,,
2026-09-15T21:22:14+08:00,2026-09-15T21:21:14+08:00,60.0,live,震盪,neutral,4.703115814226925,2026/09/15,21:22:06,45648.0,45647.0,45652.0,2.0,56.0,0.12,10167,59,18797,2026/09/15,WTXOU6,175,,,44850.0,850.5,43999.5,45700.5,44800.0,8.866791829517853,1134,2,44700.0,4.49462016827132,886,0,,,,,,,,,,,,,,,,
2026-09-15T21:23:14+08:00,2026-09-15T21:22:14+08:00,60.0,live,震盪,neutral,6.997084548104956,2026/09/15,21:22:58,45651.0,45654.0,45658.0,3.0,59.0,0.13,10187,20,18797,2026/09/15,WTXOU6,175,,,44850.0,857.5,43992.5,45707.5,44800.0,8.79111554694235,1134,1,44700.0,4.456259490309836,886,0,,,,,,,,,,,,,,,,
2026-09-15T21:24:14+08:00,2026-09-15T21:23:14+08:00,60.0,live,震盪,neutral,14.035087719298245,2026/09/15,21:24:09,45657.0,45653.0,45657.0,6.0,65.0,0.14,10207,20,18797,2026/09/15,WTXOU6,175,,,44850.0,855.0,43995.0,45705.0,44800.0,8.641695114813837,1134,6,44700.0,4.380517542070913,886,0,,,,,,,,,,,,,,,,
2026-09-15T21:25:14+08:00,2026-09-15T21:24:14+08:00,60.0,live,溫和偏多,mild_bull,25.316455696202528,2026/09/15,21:25:11,45668.0,45667.0,45670.0,11.0,76.0,0.17,10222,15,18797,2026/09/15,WTXOU6,175,,,44850.0,869.0,43981.0,45719.0,44800.0,8.374322559219596,1134,5,44700.0,4.244985085245268,886,0,,,,,,,,,,,,,,,,
2026-09-15T21:26:14+08:00,2026-09-15T21:25:14+08:00,60.0,live,震盪,neutral,13.7378362907842,2026/09/15,21:26:11,45674.0,45674.0,45678.0,6.0,82.0,0.18,10246,24,18797,2026/09/15,WTXOU6,175,,,44850.0,873.5,43976.5,45723.5,44850.0,6.617647344377076,536,2,44700.0,4.172834116186846,886,0,,,,,,,,,,,,,,,,
2026-09-15T21:27:14+08:00,2026-09-15T21:26:14+08:00,60.0,live,溫和偏空,mild_bear,-32.57707969749855,2026/09/15,21:27:08,45660.0,45658.0,45661.0,-14.0,68.0,0.15,10252,6,18797,2026/09/15,WTXOU6,175,,,44850.0,859.5,43990.5,45709.5,44800.0,7.383879802468905,1134,2,44700.0,5.952783794279156,886,10,,,,,,,,,,,,,,,,
2026-09-15T21:28:14+08:00,2026-09-15T21:27:14+08:00,60.0,live,震盪,neutral,13.808975834292289,2026/09/15,21:27:46,45666.0,45666.0,45670.0,6.0,74.0,0.16,10260,8,18797,2026/09/15,WTXOU6,175,,,44850.0,869.0,43981.0,45719.0,44800.0,6.316734611563963,1134,0,44700.0,4.269311580954185,886,0,,,,,,,,,,,,,,,,
2026-09-15T21:29:14+08:00,2026-09-15T21:28:14+08:00,60.0,live,溫和偏多,mild_bull,23.014959723820482,2026/09/15,21:28:54,45676.0,45667.0,45671.0,10.0,84.0,0.18,10265,5,18797,2026/09/15,WTXOU6,175,,,44850.0,869.0,43981.0,45719.0,44850.0,6.579940054413917,536,1,44700.0,4.149057348130307,886,0,,,,,,,,,,,,,,,,
2026-09-15T21:30:14+08:00,2026-09-15T21:29:14+08:00,60.0,live,強勢偏空,strong_bear,-73.0701237477902,2026/09/15,21:30:10,45645.0,45640.0,45642.0,-31.0,53.0,0.12,10317,52,18797,2026/09/15,WTXOU6,175,,,44850.0,848.5,44001.5,45698.5,44800.0,7.998167785839029,1134,1,44700.0,5.503339087029534,886,1,,,,,,,,,,,,,,,,
2026-09-15T21:31:14+08:00,2026-09-15T21:30:14+08:00,60.0,live,強勢偏空,strong_bear,-65.25679758308158,2026/09/15,21:31:11,45618.0,45620.0,45624.0,-27.0,26.0,0.06,10519,202,18797,2026/09/15,WTXOU6,175,,,44850.0,827.5,44022.5,45677.5,44800.0,9.660325360276138,1134,7,44700.0,4.896866198190767,886,0,,,,,,,,,,,,,,,,
2026-09-15T21:32:15+08:00,2026-09-15T21:31:14+08:00,61.0,live,溫和偏多,mild_bull,16.90821256038647,2026/09/15,21:32:11,45625.0,45628.0,45633.0,7.0,33.0,0.07,10634,115,18797,2026/09/15,WTXOU6,175,,,44850.0,828.0,44022.0,45678.0,44800.0,9.219119864118879,1134,4,44700.0,4.799901750827284,886,0,,,,,,,,,,,,,,,,
2026-09-15T21:33:14+08:00,2026-09-15T21:32:15+08:00,59.0,live,強勢偏多,strong_bull,54.486230381995846,2026/09/15,21:33:11,45648.0,45642.0,45647.0,23.0,56.0,0.12,10683,49,18797,2026/09/15,WTXOU6,175,,,44850.0,844.25,44005.75,45694.25,44800.0,8.460020175288195,1134,2,44700.0,6.160418348848355,886,3,,,,,,,,,,,,,,,,
2026-09-15T21:34:14+08:00,2026-09-15T21:33:14+08:00,60.0,live,強勢偏空,strong_bear,-80.34083992696289,2026/09/15,21:34:10,45615.0,45615.0,45620.0,-33.0,23.0,0.05,10775,92,18797,2026/09/15,WTXOU6,175,,,44850.0,821.5,44028.5,45671.5,44800.0,9.743484034261469,1134,4,44700.0,5.854270612871813,886,1,,,,,,,,,,,,,,,,
2026-09-15T21:35:14+08:00,2026-09-15T21:34:14+08:00,60.0,live,震盪,neutral,-4.884004884004884,2026/09/15,21:35:11,45613.0,45611.0,45616.0,-2.0,21.0,0.05,10821,46,18797,2026/09/15,WTXOU6,175,,,44850.0,819.0,44031.0,45669.0,44800.0,9.799320466613896,1134,7,44700.0,4.967323497769737,886,0,,,,,,,,,,,,,,,,
2026-09-15T21:36:13+08:00,2026-09-15T21:35:14+08:00,59.0,live,強勢偏空,strong_bear,-55.00000000000001,2026/09/15,21:36:10,45591.0,45592.0,45596.0,-22.0,1.0,0.0,10987,166,18797,2026/09/15,WTXOU6,175,,,44850.0,800.0,44050.0,45650.0,44800.0,9.770742834913294,1134,5,44700.0,5.943052301536322,886,1,44600.0,4.830041161877755,592,9,,,,,,,,,,,,
2026-09-15T21:37:14+08:00,2026-09-15T21:36:13+08:00,61.0,live,震盪,neutral,14.90220428438373,2026/09/15,21:37:11,45597.0,45593.0,45598.0,6.0,5.0,0.01,11077,90,18797,2026/09/15,WTXOU6,175,,,44850.0,805.25,44044.75,45655.25,44800.0,10.257686519060172,1134,24,44700.0,5.755978679677696,886,2,44600.0,3.595378330452656,592,1,,,,,,,,,,,,
2026-09-15T21:38:14+08:00,2026-09-15T21:37:14+08:00,60.0,live,溫和偏空,mild_bear,-40.44233807266983,2026/09/15,21:38:11,45581.0,45581.0,45585.0,-16.0,11.0,0.02,11123,46,18797,2026/09/15,WTXOU6,175,,,44850.0,791.25,44058.75,45641.25,44800.0,10.737492776340138,1134,2,44700.0,6.869295605966952,886,1,44600.0,4.526031707614578,592,1,,,,,,,,,,,,
2026-09-15T21:39:14+08:00,2026-09-15T21:38:14+08:00,60.0,live,強勢偏多,strong_bull,83.33333333333333,2026/09/15,21:39:11,45615.0,45611.0,45616.0,34.0,23.0,0.05,11206,83,18797,2026/09/15,WTXOU6,175,,,44850.0,816.0,44034.0,45666.0,44800.0,9.393568334806083,1134,11,44700.0,5.884286776961756,886,4,,,,,,,,,,,,,,,,
2026-09-15T21:40:14+08:00,2026-09-15T21:39:14+08:00,60.0,live,強勢偏空,strong_bear,-87.9396984924623,2026/09/15,21:40:11,45580.0,45581.0,45586.0,-35.0,12.0,0.03,11320,114,18797,2026/09/15,WTXOU6,175,,,44850.0,796.0,44054.0,45646.0,44800.0,10.768215195400163,1134,5,44700.0,7.267902659494443,886,4,44600.0,4.425493039583555,592,2,,,,,,,,,,,,
2026-09-15T21:41:14+08:00,2026-09-15T21:40:14+08:00,60.0,live,強勢偏多,strong_bull,73.98273736128236,2026/09/15,21:41:07,45610.0,45609.0,45613.0,30.0,18.0,0.04,11382,62,18797,2026/09/15,WTXOU6,175,,,44850.0,811.0,44039.0,45661.0,44800.0,9.883675647787383,1134,1,44700.0,5.010083551900967,886,0,,,,,,,,,,,,,,,,
2026-09-15T21:42:14+08:00,2026-09-15T21:41:14+08:00,60.0,live,溫和偏多,mild_bull,17.10445937690898,2026/09/15,21:42:12,45617.0,45612.0,45617.0,7.0,25.0,0.05,11447,65,18797,2026/09/15,WTXOU6,175,,,44850.0,818.5,44031.5,45668.5,44800.0,9.24352204727302,1134,2,44700.0,6.730948821415214,886,3,,,,,,,,,,,,,,,,
2026-09-15T21:43:14+08:00,2026-09-15T21:42:14+08:00,60.0,live,溫和偏空,mild_bear,-29.64793082149475,2026/09/15,21:43:07,45605.0,45602.0,45607.0,-12.0,13.0,0.03,11500,53,18797,2026/09/15,WTXOU6,175,,,44850.0,809.5,44040.5,45659.5,44800.0,9.565938356896192,1134,2,44700.0,5.082169850248752,886,0,,,,,,,,,,,,,,,,
2026-09-15T21:44:14+08:00,2026-09-15T21:43:14+08:00,60.0,live,溫和偏多,mild_bull,24.509803921568622,2026/09/15,21:44:11,45615.0,45612.0,45617.0,10.0,23.0,0.05,11526,26,18797,2026/09/15,WTXOU6,175,,,44850.0,816.0,44034.0,45666.0,44800.0,7.307613025696101,1134,0,44700.0,4.939019736973179,886,0,,,,,,,,,,,,,,,,
2026-09-15T21:45:14+08:00,2026-09-15T21:44:14+08:00,60.0,live,溫和偏多,mild_bull,33.84708371109096,2026/09/15,21:45:11,45629.0,45626.0,45630.0,14.0,37.0,0.08,11592,66,18797,2026/09/15,WTXOU6,175,,,44850.0,827.25,44022.75,45677.25,44800.0,7.02107742050077,1134,0,44700.0,4.745358003048716,886,0,,,,,,,,,,,,,,,,
2026-09-15T21:46:14+08:00,2026-09-15T21:45:14+08:00,60.0,live,溫和偏多,mild_bull,31.109781633263534,2026/09/15,21:46:06,45642.0,45636.0,45641.0,13.0,50.0,0.11,11646,54,18797,2026/09/15,WTXOU6,175,,,44850.0,835.75,44014.25,45685.75,44800.0,9.020104327720782,1134,4,44700.0,4.572335023849295,886,0,,,,,,,,,,,,,,,,
2026-09-15T21:47:14+08:00,2026-09-15T21:46:14+08:00,60.0,live,震盪,neutral,-14.449127031908487,2026/09/15,21:47:11,45636.0,45633.0,45637.0,-6.0,44.0,0.1,11675,29,18797,2026/09/15,WTXOU6,175,,,44850.0,830.5,44019.5,45680.5,44800.0,9.176067697011824,1134,5,44700.0,4.6513936189539455,886,0,,,,,,,,,,,,,,,,
2026-09-15T21:48:14+08:00,2026-09-15T21:47:14+08:00,60.0,live,震盪,neutral,-14.492753623188403,2026/09/15,21:48:09,45630.0,45627.0,45630.0,-6.0,38.0,0.08,11695,20,18797,2026/09/15,WTXOU6,175,,,44850.0,828.0,44022.0,45678.0,44800.0,7.001045829484863,1134,0,44700.0,4.731819187700581,886,0,,,,,,,,,,,,,,,,
2026-09-15T21:49:14+08:00,2026-09-15T21:48:14+08:00,60.0,live,溫和偏空,mild_bear,-24.42002442002442,2026/09/15,21:49:07,45620.0,45620.0,45625.0,-10.0,28.0,0.06,11721,26,18797,2026/09/15,WTXOU6,175,,,44850.0,819.0,44031.0,45669.0,44800.0,7.203960690512008,1134,0,44700.0,6.673501528774945,886,1,,,,,,,,,,,,,,,,
2026-09-15T21:49:44+08:00,,,warming_up,資料累積中,warming_up,,2026/09/15,21:49:40,45615.0,45612.0,45616.0,,23.0,0.05,11746,,18797,2026/09/15,WTXOU6,175,,,44850.0,812.0,44038.0,45662.0,44800.0,9.743484034261469,1134,822,44700.0,6.53644815673439,886,626,,,,,,,,,,,,,,,,
2026-09-15T21:50:44+08:00,2026-09-15T21:49:44+08:00,60.0,live,震盪,neutral,-12.349490583513429,2026/09/15,21:50:41,45610.0,45608.0,45612.0,-5.0,18.0,0.04,11778,32,18797,2026/09/15,WTXOU6,175,,,44850.0,809.75,44040.25,45659.75,44800.0,8.51778526664113,1134,1,44700.0,6.184451937540752,886,2,,,,,,,,,,,,,,,,
2026-09-15T21:51:44+08:00,2026-09-15T21:50:44+08:00,60.0,live,溫和偏多,mild_bull,22.099447513812155,2026/09/15,21:51:40,45619.0,45615.0,45619.0,9.0,27.0,0.06,11815,37,18797,2026/09/15,WTXOU6,175,,,44850.0,814.5,44035.5,45664.5,44800.0,9.632763823049304,1134,6,44700.0,5.927726376049224,886,2,,,,,,,,,,,,,,,,
2026-09-15T21:52:44+08:00,2026-09-15T21:51:44+08:00,60.0,live,強勢偏多,strong_bull,77.73851590106007,2026/09/15,21:52:40,45652.0,45653.0,45657.0,33.0,60.0,0.13,11893,78,18797,2026/09/15,WTXOU6,175,,,44850.0,849.0,44001.0,45699.0,44800.0,8.766033921906324,1134,9,44700.0,5.219886917906588,886,2,,,,,,,,,,,,,,,,
2026-09-15T21:53:44+08:00,2026-09-15T21:52:44+08:00,60.0,live,溫和偏多,mild_bull,28.037383177570092,2026/09/15,21:53:42,45664.0,45663.0,45666.0,12.0,72.0,0.16,11927,34,18797,2026/09/15,WTXOU6,175,,,44850.0,856.0,43994.0,45706.0,44800.0,8.470578086661991,1134,8,44700.0,5.089458369553324,886,2,,,,,,,,,,,,,,,,
2026-09-15T21:54:44+08:00,2026-09-15T21:53:44+08:00,60.0,live,震盪,neutral,-14.218009478672986,2026/09/15,21:54:14,45658.0,45651.0,45656.0,-6.0,66.0,0.14,11951,24,18797,2026/09/15,WTXOU6,175,,,44850.0,844.0,44006.0,45694.0,44800.0,8.617039795999283,1134,12,44700.0,5.028923585644021,886,2,,,,,,,,,,,,,,,,
2026-09-15T21:55:44+08:00,2026-09-15T21:54:44+08:00,60.0,live,震盪,neutral,-4.752004752004751,2026/09/15,21:55:38,45656.0,45650.0,45654.0,-2.0,64.0,0.14,11970,19,18797,2026/09/15,WTXOU6,175,,,44850.0,841.75,44008.25,45691.75,44800.0,8.666420978126293,1134,3,44700.0,5.3330667253630875,886,1,,,,,,,,,,,,,,,,
2026-09-15T21:56:44+08:00,2026-09-15T21:55:44+08:00,60.0,live,溫和偏空,mild_bear,-40.73075771188979,2026/09/15,21:56:39,45639.0,45639.0,45644.0,-17.0,47.0,0.1,12000,30,18797,2026/09/15,WTXOU6,175,,,44850.0,834.75,44015.25,45684.75,44850.0,7.313631391086082,536,7,44700.0,4.6116949111636,886,0,,,,,,,,,,,,,,,,
2026-09-15T21:57:44+08:00,2026-09-15T21:56:44+08:00,60.0,live,強勢偏多,strong_bull,58.41121495327102,2026/09/15,21:57:39,45664.0,45661.0,45664.0,25.0,72.0,0.16,12029,29,18797,2026/09/15,WTXOU6,175,,,44850.0,856.0,43994.0,45706.0,44800.0,8.470578086661991,1134,3,44700.0,4.2937774831348765,886,0,,,,,,,,,,,,,,,,
2026-09-15T21:58:44+08:00,2026-09-15T21:57:44+08:00,60.0,live,震盪,neutral,-11.816838995568686,2026/09/15,21:58:37,45659.0,45652.0,45657.0,-5.0,67.0,0.15,12040,11,18797,2026/09/15,WTXOU6,175,,,44850.0,846.25,44003.75,45696.25,44800.0,7.963286882949492,1134,1,44700.0,5.497010649674384,886,1,,,,,,,,,,,,,,,,
2026-09-15T21:59:44+08:00,2026-09-15T21:58:44+08:00,60.0,live,強勢偏空,strong_bear,-57.657657657657666,2026/09/15,21:59:27,45635.0,45637.0,45642.0,-24.0,43.0,0.09,12055,15,18797,2026/09/15,WTXOU6,175,,,44850.0,832.5,44017.5,45682.5,44800.0,8.780158110758917,1134,2,44700.0,4.664702318382319,886,0,,,,,,,,,,,,,,,,
2026-09-15T22:00:44+08:00,2026-09-15T21:59:44+08:00,60.0,live,強勢偏多,strong_bull,81.30081300813008,2026/09/15,22:00:41,45670.0,45670.0,45674.0,35.0,78.0,0.17,12104,49,18797,2026/09/15,WTXOU6,175,,,44850.0,861.0,43989.0,45711.0,44800.0,8.32660575103189,1134,4,44700.0,5.002954095457731,886,1,,,,,,,,,,,,,,,,
2026-09-15T22:01:44+08:00,2026-09-15T22:00:44+08:00,60.0,live,溫和偏空,mild_bear,-42.5280567040756,2026/09/15,22:01:30,45652.0,45654.0,45659.0,-18.0,60.0,0.13,12140,36,18797,2026/09/15,WTXOU6,175,,,44850.0,846.5,44003.5,45696.5,44800.0,8.009204512561398,1134,3,44700.0,6.090414352501527,886,7,,,,,,,,,,,,,,,,
2026-09-15T22:02:44+08:00,2026-09-15T22:01:44+08:00,60.0,live,溫和偏空,mild_bear,-16.726403823178014,2026/09/15,22:02:42,45645.0,45642.0,45645.0,-7.0,53.0,0.12,12154,14,18797,2026/09/15,WTXOU6,175,,,44850.0,837.0,44013.0,45687.0,44800.0,7.947527208233029,1134,4,44700.0,6.213448883740244,886,13,,,,,,,,,,,,,,,,
2026-09-15T22:03:44+08:00,2026-09-15T22:02:44+08:00,60.0,live,強勢偏空,strong_bear,-68.58542559706062,2026/09/15,22:03:42,45617.0,45618.0,45621.0,-28.0,25.0,0.05,12197,43,18797,2026/09/15,WTXOU6,175,,,44850.0,816.5,44033.5,45666.5,44800.0,9.687965757355482,1134,1,44700.0,6.730948821415214,886,1,,,,,,,,,,,,,,,,
2026-09-15T22:04:44+08:00,2026-09-15T22:03:44+08:00,60.0,live,震盪,neutral,-4.926108374384236,2026/09/15,22:04:37,45615.0,45610.0,45614.0,-2.0,23.0,0.05,12226,29,18797,2026/09/15,WTXOU6,175,,,44850.0,812.0,44038.0,45662.0,44850.0,7.832731888243366,536,2,44700.0,6.233379938642882,886,1,,,,,,,,,,,,,,,,
2026-09-15T22:05:44+08:00,2026-09-15T22:04:44+08:00,60.0,live,溫和偏多,mild_bull,19.595835884874464,2026/09/15,22:05:34,45623.0,45617.0,45621.0,8.0,31.0,0.07,12250,24,18797,2026/09/15,WTXOU6,175,,,44850.0,816.5,44033.5,45666.5,44800.0,9.523301782438919,1134,1,44700.0,4.827408276056448,886,0,,,,,,,,,,,,,,,,
2026-09-15T22:06:44+08:00,2026-09-15T22:05:44+08:00,60.0,live,溫和偏多,mild_bull,38.44998498047462,2026/09/15,22:06:40,45639.0,45636.0,45640.0,16.0,47.0,0.1,12282,32,18797,2026/09/15,WTXOU6,175,,,44850.0,832.25,44017.75,45682.25,44800.0,9.097751807192546,1134,2,44700.0,4.6116949111636,886,0,,,,,,,,,,,,,,,,
2026-09-15T22:07:44+08:00,2026-09-15T22:06:44+08:00,60.0,live,強勢偏空,strong_bear,-64.23718344657196,2026/09/15,22:07:41,45613.0,45611.0,45616.0,-26.0,21.0,0.05,12313,31,18797,2026/09/15,WTXOU6,175,,,44850.0,809.5,44040.5,45659.5,44800.0,7.349490349960422,1134,0,44700.0,4.967323497769737,886,0,,,,,,,,,,,,,,,,
2026-09-15T22:08:44+08:00,2026-09-15T22:07:44+08:00,60.0,live,震盪,neutral,14.571948998178504,2026/09/15,22:08:31,45619.0,45627.0,45630.0,6.0,27.0,0.06,12327,14,18797,2026/09/15,WTXOU6,175,,,44850.0,823.5,44026.5,45673.5,44800.0,8.301548603263928,1134,2,44700.0,6.6925959407420015,886,10,,,,,,,,,,,,,,,,
2026-09-15T22:09:44+08:00,2026-09-15T22:08:44+08:00,60.0,live,震盪,neutral,-14.823965410747375,2026/09/15,22:09:41,45613.0,45611.0,45616.0,-6.0,21.0,0.05,12342,15,18797,2026/09/15,WTXOU6,175,,,44850.0,809.5,44040.5,45659.5,44800.0,7.349490349960422,1134,0,44700.0,6.808315202326802,886,1,,,,,,,,,,,,,,,,
2026-09-15T22:10:44+08:00,2026-09-15T22:09:44+08:00,60.0,live,強勢偏空,strong_bear,-58.15423514538558,2026/09/15,22:10:41,45590.0,45588.0,45593.0,-23.0,2.0,0.0,12394,52,18797,2026/09/15,WTXOU6,175,,,44850.0,791.0,44059.0,45641.0,44800.0,10.464905532319577,1134,12,44700.0,6.573781779682559,886,5,44600.0,3.3664305629259004,592,0,,,,,,,,,,,,
2026-09-15T22:11:44+08:00,2026-09-15T22:10:44+08:00,60.0,live,強勢偏空,strong_bear,-78.8436268068331,2026/09/15,22:11:40,45560.0,45556.0,45560.0,-30.0,32.0,0.07,12500,106,18797,2026/09/15,WTXOU6,175,,,44850.0,761.0,44089.0,45611.0,44800.0,11.401462248184759,1134,7,44700.0,7.589764740617933,886,5,44600.0,5.157958446449485,592,6,,,,,,,,,,,,
2026-09-15T22:12:44+08:00,2026-09-15T22:11:44+08:00,60.0,live,震盪,neutral,7.858546168958743,2026/09/15,22:12:41,45563.0,45560.0,45563.0,3.0,29.0,0.06,12553,53,18797,2026/09/15,WTXOU6,175,,,44850.0,763.5,44086.5,45613.5,44850.0,9.087344923333719,536,2,44700.0,5.730130505347095,886,0,44600.0,3.636406104695968,592,0,,,,,,,,,,,,
2026-09-15T22:13:44+08:00,2026-09-15T22:12:44+08:00,60.0,live,溫和偏空,mild_bear,-26.298487836949374,2026/09/15,22:13:40,45553.0,45554.0,45559.0,-10.0,39.0,0.09,12627,74,18797,2026/09/15,WTXOU6,175,,,44850.0,760.5,44089.5,45610.5,44800.0,11.631787063862559,1134,2,44700.0,7.441419093980418,886,1,44600.0,3.7418019066010286,592,0,,,,,,,,,,,,
2026-09-15T22:14:44+08:00,2026-09-15T22:13:44+08:00,60.0,live,震盪,neutral,-5.305039787798409,2026/09/15,22:14:37,45551.0,45546.0,45551.0,-2.0,41.0,0.09,12669,42,18797,2026/09/15,WTXOU6,175,,,44850.0,754.0,44096.0,45604.0,44850.0,9.404313736678896,536,1,44700.0,5.929998858745809,886,0,44600.0,5.414825767536607,592,1,,,,,,,,,,,,
2026-09-15T22:15:44+08:00,2026-09-15T22:14:44+08:00,60.0,live,溫和偏多,mild_bull,36.6852276449394,2026/09/15,22:15:40,45565.0,45557.0,45562.0,14.0,27.0,0.06,12717,48,18797,2026/09/15,WTXOU6,175,,,44850.0,763.25,44086.75,45613.25,44800.0,11.239742110243398,1134,12,44700.0,5.697480277668302,886,0,44600.0,4.073761812369023,592,1,,,,,,,,,,,,
2026-09-15T22:16:44+08:00,2026-09-15T22:15:44+08:00,60.0,live,震盪,neutral,10.420058612829697,2026/09/15,22:16:37,45569.0,45561.0,45566.0,4.0,23.0,0.05,12778,61,18797,2026/09/15,WTXOU6,175,,,44850.0,767.75,44082.25,45617.75,44850.0,8.932889553239344,536,4,44700.0,5.632736884288442,886,0,44600.0,3.5745990031219885,592,0,,,,,,,,,,,,
2026-09-15T22:17:44+08:00,2026-09-15T22:16:44+08:00,60.0,live,溫和偏空,mild_bear,-28.76757110166721,2026/09/15,22:17:32,45558.0,45561.0,45564.0,-11.0,34.0,0.07,12798,20,18797,2026/09/15,WTXOU6,175,,,44850.0,764.75,44085.25,45614.75,44800.0,11.466799962425467,1134,6,44700.0,5.812577014053216,886,0,44600.0,3.688727598471727,592,0,,,,,,,,,,,,
2026-09-15T22:18:44+08:00,2026-09-15T22:17:44+08:00,60.0,live,溫和偏多,mild_bull,28.62719583604424,2026/09/15,22:18:36,45569.0,45567.0,45572.0,11.0,23.0,0.05,12846,48,18797,2026/09/15,WTXOU6,175,,,44850.0,768.5,44081.5,45618.5,44800.0,8.334014362771235,1134,0,44700.0,5.632736884288442,886,0,44600.0,5.143388649698609,592,1,,,,,,,,,,,,
2026-09-15T22:19:44+08:00,2026-09-15T22:18:44+08:00,60.0,live,溫和偏多,mild_bull,28.223220012828744,2026/09/15,22:19:41,45580.0,45580.0,45582.0,11.0,12.0,0.03,12874,28,18797,2026/09/15,WTXOU6,175,,,44850.0,779.5,44070.5,45629.5,44800.0,10.40754837470866,1134,3,44700.0,6.888950229504279,886,2,44600.0,4.98425309244817,592,4,,,,,,,,,,,,
2026-09-15T22:20:44+08:00,2026-09-15T22:19:44+08:00,60.0,live,震盪,neutral,0.0,2026/09/15,22:20:34,45580.0,45573.0,45578.0,0.0,12.0,0.03,12917,43,18797,2026/09/15,WTXOU6,175,,,44850.0,774.75,44075.25,45624.75,44800.0,10.274214118984677,1134,2,44700.0,5.458460977104393,886,0,44600.0,4.98425309244817,592,3,,,,,,,,,,,,
2026-09-15T22:21:44+08:00,2026-09-15T22:20:44+08:00,60.0,live,溫和偏空,mild_bear,-41.925974451359316,2026/09/15,22:21:41,45564.0,45560.0,45565.0,-16.0,28.0,0.06,12941,24,18797,2026/09/15,WTXOU6,175,,,44850.0,763.25,44086.75,45613.25,44800.0,10.080885037292875,1134,1,44700.0,7.831426591597864,886,3,44600.0,3.6260312013165623,592,0,,,,,,,,,,,,
2026-09-15T22:22:44+08:00,2026-09-15T22:21:44+08:00,60.0,live,強勢偏空,strong_bear,-47.87234042553191,2026/09/15,22:22:41,45546.0,45547.0,45551.0,-18.0,46.0,0.1,13016,75,18797,2026/09/15,WTXOU6,175,,,44850.0,752.0,44098.0,45602.0,44800.0,11.866764749458467,1134,4,44700.0,7.130021653274415,886,1,44600.0,3.817391319229039,592,0,,,,,,,,,,,,
2026-09-15T22:23:44+08:00,2026-09-15T22:22:44+08:00,60.0,live,溫和偏空,mild_bear,-43.61158432708688,2026/09/15,22:23:39,45530.0,45526.0,45529.0,-16.0,62.0,0.14,13059,43,18797,2026/09/15,WTXOU6,175,,,44850.0,733.75,44116.25,45583.75,44800.0,11.218074588334204,1134,6,44700.0,8.630371452350195,886,16,44600.0,4.6159806629679405,592,2,,,,,,,,,,,,
2026-09-15T22:24:43+08:00,2026-09-15T22:23:44+08:00,59.0,live,強勢偏多,strong_bull,100.0,2026/09/15,22:24:39,45570.0,45569.0,45573.0,40.0,22.0,0.05,13113,54,18797,2026/09/15,WTXOU6,175,,,44850.0,765.0,44085.0,45615.0,44800.0,11.080315836233387,1134,9,44700.0,7.004433944387771,886,4,44600.0,3.564400439427574,592,0,,,,,,,,,,,,
2026-09-15T22:25:44+08:00,2026-09-15T22:24:43+08:00,61.0,live,溫和偏空,mild_bear,-18.360655737704917,2026/09/15,22:25:37,45563.0,45562.0,45566.0,-7.0,29.0,0.06,13149,36,18797,2026/09/15,WTXOU6,175,,,44850.0,762.5,44087.5,45612.5,44800.0,10.476425619822962,1134,1,44700.0,7.853834091616402,886,2,44600.0,3.636406104695968,592,0,,,,,,,,,,,,
2026-09-15T22:26:43+08:00,2026-09-15T22:25:44+08:00,59.0,live,震盪,neutral,-5.263157894736842,2026/09/15,22:26:40,45561.0,45559.0,45564.0,-2.0,31.0,0.07,13167,18,18797,2026/09/15,WTXOU6,175,,,44850.0,760.0,44090.0,45610.0,44800.0,10.536462279026134,1134,1,44700.0,7.8988416140202675,886,2,44600.0,3.6572450512942116,592,0,,,,,,,,,,,,
2026-09-15T22:27:44+08:00,2026-09-15T22:26:43+08:00,61.0,live,震盪,neutral,0.0,2026/09/15,22:27:40,45561.0,45558.0,45562.0,0.0,31.0,0.07,13177,10,18797,2026/09/15,WTXOU6,175,,,44850.0,760.5,44089.5,45610.5,44800.0,11.368933134053062,1134,12,44700.0,5.762967839837237,886,0,44600.0,4.120586148206501,592,1,,,,,,,,,,,,
2026-09-15T22:28:44+08:00,2026-09-15T22:27:44+08:00,60.0,live,震盪,neutral,-2.6385224274406336,2026/09/15,22:28:34,45560.0,45556.0,45560.0,-1.0,32.0,0.07,13184,7,18797,2026/09/15,WTXOU6,175,,,44850.0,758.0,44092.0,45608.0,44800.0,8.55109668613857,1134,0,44700.0,5.779457006972703,886,0,44600.0,5.277362351861331,592,1,,,,,,,,,,,,
2026-09-15T22:29:44+08:00,2026-09-15T22:28:44+08:00,60.0,live,震盪,neutral,7.889546351084814,2026/09/15,22:29:37,45563.0,45559.0,45564.0,3.0,29.0,0.06,13205,21,18797,2026/09/15,WTXOU6,175,,,44850.0,760.5,44089.5,45610.5,44850.0,9.087344923333719,536,2,44700.0,5.730130505347095,886,0,44600.0,3.636406104695968,592,0,,,,,,,,,,,,
2026-09-15T22:30:44+08:00,2026-09-15T22:29:44+08:00,60.0,live,溫和偏空,mild_bear,-37.28362183754993,2026/09/15,22:30:42,45549.0,45548.0,45550.0,-14.0,43.0,0.09,13237,32,18797,2026/09/15,WTXOU6,175,,,44850.0,751.0,44099.0,45601.0,44800.0,8.82411322663344,1134,0,44700.0,8.174355141273839,886,7,44600.0,3.784810653106537,592,0,,,,,,,,,,,,
2026-09-15T22:31:43+08:00,2026-09-15T22:30:44+08:00,59.0,live,強勢偏多,strong_bull,49.73821989528796,2026/09/15,22:31:40,45568.0,45567.0,45571.0,19.0,24.0,0.05,13265,28,18797,2026/09/15,WTXOU6,175,,,44850.0,764.0,44086.0,45614.0,44800.0,9.966330765267605,1134,1,44700.0,7.742434070722856,886,3,44600.0,3.5848267472362823,592,0,,,,,,,,,,,,
2026-09-15T22:32:43+08:00,2026-09-15T22:31:43+08:00,60.0,live,溫和偏空,mild_bear,-29.2358803986711,2026/09/15,22:32:32,45557.0,45551.0,45555.0,-11.0,35.0,0.08,13300,35,18797,2026/09/15,WTXOU6,175,,,44850.0,752.5,44097.5,45602.5,44800.0,8.62470682192796,1134,0,44700.0,7.98963190306931,886,3,44600.0,5.024871775474815,592,2,,,,,,,,,,,,
2026-09-15T22:33:44+08:00,2026-09-15T22:32:43+08:00,61.0,live,強勢偏空,strong_bear,-45.89942625717178,2026/09/15,22:33:41,45540.0,45537.0,45541.0,-17.0,52.0,0.11,13327,27,18797,2026/09/15,WTXOU6,175,,,44850.0,740.75,44109.25,45590.75,44800.0,10.562955109847014,1134,1,44700.0,8.387278701140055,886,4,44600.0,3.883396455136353,592,0,,,,,,,,,,,,
2026-09-15T22:34:44+08:00,2026-09-15T22:33:44+08:00,60.0,live,震盪,neutral,10.865874363327674,2026/09/15,22:34:31,45544.0,45536.0,45540.0,4.0,48.0,0.11,13363,36,18797,2026/09/15,WTXOU6,175,,,44850.0,736.25,44113.75,45586.25,44800.0,11.934768946401299,1134,5,44700.0,7.786575591244325,886,3,44600.0,3.839267427550187,592,0,,,,,,,,,,,,
2026-09-15T22:35:44+08:00,2026-09-15T22:34:44+08:00,60.0,live,震盪,neutral,2.6827632461435282,2026/09/15,22:35:38,45545.0,45539.0,45544.0,1.0,47.0,0.1,13378,15,18797,2026/09/15,WTXOU6,175,,,44850.0,745.5,44104.5,45595.5,44800.0,11.354762650384076,1134,2,44700.0,8.268312217808766,886,3,44600.0,3.828313747608584,592,0,,,,,,,,,,,,
2026-09-15T22:36:43+08:00,2026-09-15T22:35:44+08:00,59.0,live,震盪,neutral,-2.7008777852802166,2026/09/15,22:36:41,45544.0,45540.0,45545.0,-1.0,48.0,0.11,13426,48,18797,2026/09/15,WTXOU6,175,,,44850.0,740.5,44109.5,45590.5,44800.0,11.2065360374577,1134,4,44700.0,8.291969747379765,886,7,44600.0,3.839267427550187,592,0,,,,,,,,,,,,
2026-09-15T22:37:44+08:00,2026-09-15T22:36:43+08:00,61.0,live,強勢偏空,strong_bear,-60.48109965635739,2026/09/15,22:37:39,45522.0,45520.0,45523.0,-22.0,70.0,0.15,13469,43,18797,2026/09/15,WTXOU6,175,,,44850.0,727.5,44122.5,45577.5,44800.0,11.778436106497821,1134,3,44700.0,8.829908825401589,886,6,44600.0,4.088338763213007,592,0,,,,,,,,,,,,
2026-09-15T22:38:43+08:00,2026-09-15T22:37:44+08:00,59.0,live,強勢偏空,strong_bear,-62.0592383638928,2026/09/15,22:38:40,45500.0,45498.0,45502.0,-22.0,92.0,0.2,13528,59,18797,2026/09/15,WTXOU6,175,,,44850.0,709.0,44141.0,45559.0,44800.0,12.223434897275705,1134,4,44700.0,8.200239140147426,886,3,44500.0,5.743261926761735,1335,6,,,,,,,,,,,,
2026-09-15T22:39:43+08:00,2026-09-15T22:38:43+08:00,60.0,live,震盪,neutral,0.0,2026/09/15,22:39:40,45500.0,45498.0,45502.0,0.0,92.0,0.2,13593,65,18797,2026/09/15,WTXOU6,175,,,44850.0,708.5,44141.5,45558.5,44800.0,11.853327408996488,1134,4,44700.0,8.944930343892294,886,8,44500.0,5.550899127362208,1335,6,,,,,,,,,,,,
2026-09-15T22:40:44+08:00,2026-09-15T22:39:43+08:00,61.0,live,強勢偏空,strong_bear,-58.0130529369108,2026/09/15,22:40:41,45480.0,45477.0,45480.0,-20.0,112.0,0.25,13675,82,18797,2026/09/15,WTXOU6,175,,,44850.0,689.5,44160.5,45539.5,44800.0,10.017283570721181,1134,0,44700.0,9.470955379132384,886,14,44500.0,4.560754696891348,1335,0,,,,,,,,,,,,
2026-09-15T22:41:43+08:00,2026-09-15T22:40:44+08:00,59.0,live,震盪,neutral,0.0,2026/09/15,22:41:37,45480.0,45477.0,45480.0,0.0,112.0,0.25,13732,57,18797,2026/09/15,WTXOU6,175,,,44850.0,690.0,44160.0,45540.0,44800.0,13.333894118519499,1134,18,44700.0,7.609687419163817,886,2,44500.0,5.22424687545103,1335,4,,,,,,,,,,,,
2026-09-15T22:42:44+08:00,2026-09-15T22:41:43+08:00,61.0,live,強勢偏多,strong_bull,45.47069271758437,2026/09/15,22:42:36,45496.0,45493.0,45497.0,16.0,96.0,0.21,13762,30,18797,2026/09/15,WTXOU6,175,,,44850.0,703.75,44146.25,45553.75,44800.0,12.991931059607445,1134,14,44700.0,8.42005257371509,886,8,44500.0,5.454806697729259,1335,8,,,,,,,,,,,,
2026-09-15T22:43:43+08:00,2026-09-15T22:42:44+08:00,59.0,live,溫和偏空,mild_bear,-23.02986685858222,2026/09/15,22:43:41,45488.0,45484.0,45488.0,-8.0,104.0,0.23,13816,54,18797,2026/09/15,WTXOU6,175,,,44850.0,694.75,44155.25,45544.75,44800.0,13.292309300429629,1134,5,44700.0,8.289841698430422,886,2,44500.0,5.786717979064067,1335,4,,,,,,,,,,,,
2026-09-15T22:44:44+08:00,2026-09-15T22:43:43+08:00,61.0,live,溫和偏多,mild_bull,28.42928216062544,2026/09/15,22:44:41,45498.0,45495.0,45499.0,10.0,94.0,0.21,13855,39,18797,2026/09/15,WTXOU6,175,,,44850.0,703.5,44146.5,45553.5,44800.0,11.216517644731761,1134,2,44700.0,8.99619054981942,886,8,44500.0,5.473747610989384,1335,5,,,,,,,,,,,,
2026-09-15T22:45:43+08:00,2026-09-15T22:44:44+08:00,59.0,live,震盪,neutral,-2.8429282160625444,2026/09/15,22:45:40,45497.0,45495.0,45499.0,-1.0,95.0,0.21,13910,55,18797,2026/09/15,WTXOU6,175,,,44850.0,703.5,44146.5,45553.5,44800.0,12.95486423440296,1134,4,44700.0,8.270828999994318,886,2,44500.0,5.368540722600445,1335,2,,,,,,,,,,,,
2026-09-15T22:46:43+08:00,2026-09-15T22:45:43+08:00,60.0,live,溫和偏多,mild_bull,44.63040446304045,2026/09/15,22:46:40,45513.0,45510.0,45514.0,16.0,79.0,0.17,13944,34,18797,2026/09/15,WTXOU6,175,,,44850.0,717.0,44133.0,45567.0,44800.0,11.56564229817163,1134,3,44700.0,6.610077967149022,886,0,44600.0,5.203183474365932,592,3,,,,,,,,,,,,
2026-09-15T22:47:43+08:00,2026-09-15T22:46:43+08:00,60.0,live,強勢偏空,strong_bear,-48.32977967306326,2026/09/15,22:47:38,45496.0,45493.0,45497.0,-17.0,96.0,0.21,13981,37,18797,2026/09/15,WTXOU6,175,,,44850.0,703.5,44146.5,45553.5,44800.0,12.991931059607445,1134,4,44700.0,7.7618649968516795,886,1,44500.0,5.6147018671665805,1335,3,,,,,,,,,,,,
2026-09-15T22:48:43+08:00,2026-09-15T22:47:43+08:00,60.0,live,溫和偏空,mild_bear,-22.95552367288379,2026/09/15,22:48:41,45488.0,45488.0,45490.0,-8.0,104.0,0.23,14000,19,18797,2026/09/15,WTXOU6,175,,,44850.0,697.0,44153.0,45547.0,44800.0,9.790914025085279,1134,0,44700.0,9.25693170187736,886,4,44500.0,5.744515846463623,1335,3,,,,,,,,,,,,
2026-09-15T22:49:43+08:00,2026-09-15T22:48:43+08:00,60.0,live,強勢偏空,strong_bear,-100.0,2026/09/15,22:49:40,45437.0,45437.0,45441.0,-51.0,155.0,0.34,14342,342,18797,2026/09/15,WTXOU6,175,,,44850.0,659.5,44190.5,45509.5,44800.0,14.274047962618257,1134,9,44700.0,10.427413977737908,886,14,44500.0,6.875932899675571,1335,17,,,,,,,,,,,,
2026-09-15T22:50:43+08:00,2026-09-15T22:49:43+08:00,60.0,live,強勢偏空,strong_bear,-68.50914752822109,2026/09/15,22:50:41,45415.0,45415.0,45420.0,-22.0,177.0,0.39,14452,110,18797,2026/09/15,WTXOU6,175,,,44850.0,642.25,44207.75,45492.25,44800.0,15.471656978772275,1134,10,44700.0,10.724913441362823,886,10,44500.0,7.322007007189075,1335,16,,,,,,,,,,,,
2026-09-15T22:51:43+08:00,2026-09-15T22:50:43+08:00,60.0,live,溫和偏空,mild_bear,-31.36025088200705,2026/09/15,22:51:41,45405.0,45399.0,45404.0,-10.0,187.0,0.41,14733,281,18797,2026/09/15,WTXOU6,175,,,44850.0,637.75,44212.25,45487.75,44800.0,15.892983699650639,1134,32,44700.0,10.001170739329474,886,12,44500.0,7.534224448767067,1335,52,,,,,,,,,,,,
2026-09-15T22:52:43+08:00,2026-09-15T22:51:43+08:00,60.0,live,溫和偏空,mild_bear,-41.05803395183577,2026/09/15,22:52:39,45392.0,45393.0,45397.0,-13.0,200.0,0.44,14838,105,18797,2026/09/15,WTXOU6,175,,,44850.0,633.25,44216.75,45483.25,44800.0,16.138053438156707,1134,19,44700.0,10.579165628080506,886,11,44500.0,6.916250512315901,1335,11,,,,,,,,,,,,
2026-09-15T22:53:44+08:00,2026-09-15T22:52:43+08:00,61.0,live,強勢偏空,strong_bear,-68.15415821501014,2026/09/15,22:53:40,45371.0,45372.0,45377.0,-21.0,221.0,0.48,14956,118,18797,2026/09/15,WTXOU6,175,,,44850.0,616.25,44233.75,45466.25,44800.0,18.56858796880548,1134,46,44700.0,11.209754106185374,886,13,44600.0,7.175130123059933,592,10,,,,,,,,,,,,
2026-09-15T22:54:44+08:00,2026-09-15T22:53:44+08:00,60.0,live,強勢偏多,strong_bull,82.24594701463029,2026/09/15,22:54:39,45397.0,45395.0,45399.0,26.0,195.0,0.43,15020,64,18797,2026/09/15,WTXOU6,175,,,44850.0,632.25,44217.75,45482.25,44800.0,14.634447545063612,1134,4,44700.0,10.21993504002412,886,5,44500.0,7.708418498558192,1335,22,,,,,,,,,,,,
2026-09-15T22:55:43+08:00,2026-09-15T22:54:44+08:00,59.0,live,溫和偏空,mild_bear,-44.90777866880513,2026/09/15,22:55:35,45383.0,45384.0,45389.0,-14.0,209.0,0.46,15082,62,18797,2026/09/15,WTXOU6,175,,,44850.0,623.5,44226.5,45473.5,44800.0,17.942740782209352,1134,9,44700.0,8.943776588375293,886,0,44600.0,8.205261770188853,592,8,,,,,,,,,,,,
2026-09-15T22:56:43+08:00,2026-09-15T22:55:43+08:00,60.0,live,強勢偏空,strong_bear,-56.10561056105611,2026/09/15,22:56:41,45366.0,45363.0,45367.0,-17.0,226.0,0.5,15141,59,18797,2026/09/15,WTXOU6,175,,,44850.0,606.0,44244.0,45456.0,44800.0,14.712801419006123,1134,1,44700.0,11.171498044334406,886,8,44500.0,7.442213502975817,1335,10,,,,,,,,,,,,
2026-09-15T22:57:43+08:00,2026-09-15T22:56:43+08:00,60.0,live,強勢偏多,strong_bull,100.0,2026/09/15,22:57:41,45398.0,45395.0,45400.0,32.0,194.0,0.43,15190,49,18797,2026/09/15,WTXOU6,175,,,44850.0,629.0,44221.0,45479.0,44800.0,15.52572991938173,1134,4,44700.0,11.971340495205284,886,10,44600.0,8.007279928494938,592,10,,,,,,,,,,,,
2026-09-15T22:58:44+08:00,2026-09-15T22:57:43+08:00,61.0,live,溫和偏空,mild_bear,-25.723472668810288,2026/09/15,22:58:36,45390.0,45389.0,45394.0,-8.0,202.0,0.44,15308,118,18797,2026/09/15,WTXOU6,175,,,44850.0,622.0,44228.0,45472.0,44800.0,14.292024536886286,1134,1,44700.0,11.013940616963342,886,5,44500.0,7.8641388817161,1335,12,,,,,,,,,,,,
2026-09-15T22:59:44+08:00,2026-09-15T22:58:44+08:00,60.0,live,溫和偏空,mild_bear,-39.08794788273615,2026/09/15,22:59:39,45378.0,45373.0,45377.0,-12.0,214.0,0.47,15351,43,18797,2026/09/15,WTXOU6,175,,,44850.0,614.0,44236.0,45464.0,44800.0,18.20090529220291,1134,16,44700.0,11.086531842068936,886,5,44600.0,7.428670236513108,592,6,,,,,,,,,,,,
2026-09-15T23:00:44+08:00,2026-09-15T22:59:44+08:00,60.0,live,溫和偏空,mild_bear,-16.339869281045754,2026/09/15,23:00:41,45373.0,45371.0,45374.0,-5.0,219.0,0.48,15754,403,18797,2026/09/15,WTXOU6,175,,,44850.0,612.0,44238.0,45462.0,44800.0,17.511506253612787,1134,11,44700.0,12.51960030140525,886,14,44500.0,8.25553984784781,1335,17,,,,,,,,,,,,
2026-09-15T23:01:43+08:00,2026-09-15T23:00:44+08:00,59.0,live,溫和偏空,mild_bear,-39.603960396039604,2026/09/15,23:01:36,45361.0,45361.0,45366.0,-12.0,231.0,0.51,15817,63,18797,2026/09/15,WTXOU6,175,,,44850.0,606.0,44244.0,45456.0,44800.0,16.70216339461991,1134,6,44700.0,12.317337201748618,886,12,44600.0,7.875790972209968,592,9,,,,,,,,,,,,
2026-09-15T23:02:44+08:00,2026-09-15T23:01:43+08:00,61.0,live,溫和偏多,mild_bull,23.169218038891184,2026/09/15,23:02:39,45368.0,45360.0,45364.0,7.0,224.0,0.49,15884,67,18797,2026/09/15,WTXOU6,175,,,44850.0,604.25,44245.75,45454.25,44800.0,18.36247579732912,1134,6,44700.0,12.468655661688489,886,5,44500.0,8.374322559219596,1335,7,,,,,,,,,,,,
2026-09-15T23:03:44+08:00,2026-09-15T23:02:44+08:00,60.0,live,震盪,neutral,9.860312243221037,2026/09/15,23:03:41,45371.0,45368.0,45373.0,3.0,221.0,0.48,15921,37,18797,2026/09/15,WTXOU6,175,,,44850.0,608.5,44241.5,45458.5,44800.0,17.323061265631747,1134,5,44700.0,11.706178338603765,886,4,44500.0,8.302849402687357,1335,9,,,,,,,,,,,,
2026-09-15T23:04:43+08:00,2026-09-15T23:03:44+08:00,59.0,live,強勢偏多,strong_bull,92.87429943955163,2026/09/15,23:04:39,45400.0,45399.0,45402.0,29.0,192.0,0.42,15976,55,18797,2026/09/15,WTXOU6,175,,,44850.0,624.5,44225.5,45474.5,44800.0,17.092062788202888,1134,14,44700.0,10.085947400879917,886,3,44500.0,7.642628699076807,1335,14,,,,,,,,,,,,
2026-09-15T23:05:44+08:00,2026-09-15T23:04:43+08:00,61.0,live,溫和偏多,mild_bull,31.43418467583497,2026/09/15,23:05:41,45410.0,45409.0,45413.0,10.0,182.0,0.4,16145,169,18797,2026/09/15,WTXOU6,175,,,44850.0,636.25,44213.75,45486.25,44800.0,16.167465841333303,1134,21,44700.0,11.567851022484193,886,26,44600.0,7.32240750368954,592,18,,,,,,,,,,,,
2026-09-15T23:06:44+08:00,2026-09-15T23:05:44+08:00,60.0,live,溫和偏多,mild_bull,18.88276947285602,2026/09/15,23:06:41,45416.0,45414.0,45417.0,6.0,176.0,0.39,16267,122,18797,2026/09/15,WTXOU6,175,,,44850.0,635.5,44214.5,45485.5,44800.0,14.326226348728444,1134,2,44700.0,11.371235099357227,886,7,44600.0,6.475278702236506,592,2,,,,,,,,,,,,
2026-09-15T23:07:10+08:00,,,warming_up,資料累積中,warming_up,,2026/09/15,23:07:07,45428.0,45425.0,45429.0,,164.0,0.36,16301,,18797,2026/09/15,WTXOU6,175,,,44850.0,644.0,44206.0,45494.0,44800.0,15.777962553256824,1134,1255,44700.0,10.614775849531014,886,973,44500.0,7.013077540315577,1335,1196,,,,,,,,,,,,
2026-09-15T23:08:10+08:00,2026-09-15T23:07:10+08:00,60.0,live,震盪,neutral,12.446518864255154,2026/09/15,23:08:08,45432.0,45429.0,45432.0,4.0,160.0,0.35,16427,126,18797,2026/09/15,WTXOU6,175,,,44850.0,642.75,44207.25,45492.75,44800.0,15.598669464639714,1134,26,44700.0,9.258659751571916,886,6,44600.0,6.454911694358583,592,11,,,,,,,,,,,,
2026-09-15T23:09:10+08:00,2026-09-15T23:08:10+08:00,60.0,live,震盪,neutral,-6.17283950617284,2026/09/15,23:09:05,45430.0,45430.0,45434.0,-2.0,162.0,0.36,16480,53,18797,2026/09/15,WTXOU6,175,,,44850.0,648.0,44202.0,45498.0,44800.0,12.701729242775903,1134,1,44700.0,10.925362593580642,886,13,44600.0,5.889319290630094,592,2,,,,,,,,,,,,
2026-09-15T23:10:10+08:00,2026-09-15T23:09:10+08:00,60.0,live,震盪,neutral,3.08641975308642,2026/09/15,23:10:07,45431.0,45430.0,45433.0,1.0,161.0,0.35,16646,166,18797,2026/09/15,WTXOU6,175,,,44850.0,648.0,44202.0,45498.0,44800.0,14.128766949522625,1134,2,44700.0,10.894191822761899,886,5,44600.0,6.431521925860655,592,2,,,,,,,,,,,,
2026-09-15T23:11:10+08:00,2026-09-15T23:10:10+08:00,60.0,live,溫和偏空,mild_bear,-40.816326530612244,2026/09/15,23:11:04,45418.0,45417.0,45421.0,-13.0,174.0,0.38,16722,76,18797,2026/09/15,WTXOU6,175,,,44850.0,637.0,44213.0,45487.0,44800.0,13.101622523001053,1134,1,44700.0,11.30644191277332,886,14,44500.0,6.7279494619957,1335,7,,,,,,,,,,,,
2026-09-15T23:12:10+08:00,2026-09-15T23:11:10+08:00,60.0,live,強勢偏多,strong_bull,58.64197530864198,2026/09/15,23:12:07,45437.0,45432.0,45437.0,19.0,155.0,0.34,16826,104,18797,2026/09/15,WTXOU6,175,,,44850.0,648.0,44202.0,45498.0,44800.0,13.978540519465547,1134,3,44700.0,10.709025919622995,886,7,44600.0,6.098187826839781,592,2,,,,,,,,,,,,
2026-09-15T23:13:10+08:00,2026-09-15T23:12:10+08:00,60.0,live,震盪,neutral,-3.08641975308642,2026/09/15,23:13:05,45436.0,45432.0,45436.0,-1.0,156.0,0.34,16887,61,18797,2026/09/15,WTXOU6,175,,,44850.0,648.0,44202.0,45498.0,44800.0,12.89456016335248,1134,2,44700.0,7.686990586250637,886,0,44600.0,7.183449434880574,592,14,,,,,,,,,,,,
2026-09-15T23:14:10+08:00,2026-09-15T23:13:10+08:00,60.0,live,溫和偏空,mild_bear,-43.64770070148091,2026/09/15,23:14:06,45422.0,45422.0,45427.0,-14.0,170.0,0.37,16950,63,18797,2026/09/15,WTXOU6,175,,,44850.0,641.5,44208.5,45491.5,44800.0,13.548837626008128,1134,1,44700.0,10.247363573259522,886,3,44600.0,7.4766115676899245,592,6,,,,,,,,,,,,
2026-09-15T23:15:10+08:00,2026-09-15T23:14:10+08:00,60.0,live,溫和偏多,mild_bull,37.022753567296576,2026/09/15,23:15:06,45434.0,45431.0,45434.0,12.0,158.0,0.35,16971,21,18797,2026/09/15,WTXOU6,175,,,44850.0,648.25,44201.75,45498.25,44800.0,11.424275595982337,1134,0,44700.0,9.901980086204597,886,2,44600.0,7.224615221884218,592,4,,,,,,,,,,,,
2026-09-15T23:16:10+08:00,2026-09-15T23:15:10+08:00,60.0,live,溫和偏多,mild_bull,24.558710667689947,2026/09/15,23:16:04,45442.0,45437.0,45440.0,8.0,150.0,0.33,17118,147,18797,2026/09/15,WTXOU6,175,,,44850.0,651.5,44198.5,45501.5,44800.0,13.300560186642283,1134,2,44700.0,10.092467733401719,886,5,44500.0,6.778403583452286,1335,7,,,,,,,,,,,,
2026-09-15T23:17:10+08:00,2026-09-15T23:16:10+08:00,60.0,live,強勢偏多,strong_bull,62.82722513089005,2026/09/15,23:17:05,45463.0,45461.0,45465.0,21.0,129.0,0.28,17218,100,18797,2026/09/15,WTXOU6,175,,,44850.0,668.5,44181.5,45518.5,44800.0,14.27649089855696,1134,12,44700.0,8.940489759783885,886,5,44500.0,5.817903784136036,1335,5,,,,,,,,,,,,
2026-09-15T23:18:10+08:00,2026-09-15T23:17:10+08:00,60.0,live,震盪,neutral,11.887072808320951,2026/09/15,23:18:06,45467.0,45466.0,45469.0,4.0,125.0,0.27,17280,62,18797,2026/09/15,WTXOU6,175,,,44850.0,673.0,44177.0,45523.0,44800.0,14.114259803180959,1134,10,44700.0,9.011026837594889,886,5,44500.0,5.232277249705597,1335,1,,,,,,,,,,,,
2026-09-15T23:19:10+08:00,2026-09-15T23:18:10+08:00,60.0,live,震盪,neutral,0.0,2026/09/15,23:18:59,45467.0,45467.0,45471.0,0.0,125.0,0.27,17308,28,18797,2026/09/15,WTXOU6,175,,,44850.0,672.5,44177.5,45522.5,44800.0,11.390003437457446,1134,1,44700.0,9.829348389927715,886,14,44500.0,6.3111192823647935,1335,14,,,,,,,,,,,,
2026-09-15T23:20:10+08:00,2026-09-15T23:19:10+08:00,60.0,live,溫和偏空,mild_bear,-20.911127707244216,2026/09/15,23:20:07,45460.0,45458.0,45461.0,-7.0,132.0,0.29,17373,65,18797,2026/09/15,WTXOU6,175,,,44850.0,669.5,44180.5,45519.5,44800.0,10.606370544092256,1134,0,44700.0,9.726993299931769,886,8,44600.0,6.707378987665642,592,10,,,,,,,,,,,,
2026-09-15T23:21:10+08:00,2026-09-15T23:20:10+08:00,60.0,live,震盪,neutral,-5.974607916355489,2026/09/15,23:20:58,45458.0,45459.0,45464.0,-2.0,134.0,0.29,17394,21,18797,2026/09/15,WTXOU6,175,,,44850.0,669.5,44180.5,45519.5,44800.0,14.481904515238531,1134,4,44700.0,9.701315826622738,886,3,44500.0,6.2586212895355935,1335,3,,,,,,,,,,,,
2026-09-15T23:22:10+08:00,2026-09-15T23:21:10+08:00,60.0,live,溫和偏多,mild_bull,29.67359050445104,2026/09/15,23:22:06,45468.0,45466.0,45471.0,10.0,124.0,0.27,17449,55,18797,2026/09/15,WTXOU6,175,,,44850.0,674.0,44176.0,45524.0,44800.0,14.07399090099737,1134,1,44700.0,7.015351325264355,886,0,44500.0,4.719834936106232,1335,0,,,,,,,,,,,,
2026-09-15T23:23:10+08:00,2026-09-15T23:22:10+08:00,60.0,live,溫和偏多,mild_bull,35.13909224011713,2026/09/15,23:23:07,45480.0,45476.0,45480.0,12.0,112.0,0.25,17501,52,18797,2026/09/15,WTXOU6,175,,,44850.0,683.0,44167.0,45533.0,44800.0,13.221433768623257,1134,4,44700.0,8.481505897897325,886,2,44500.0,6.0810062625217975,1335,5,,,,,,,,,,,,
2026-09-15T23:24:10+08:00,2026-09-15T23:23:10+08:00,60.0,live,震盪,neutral,-2.917578409919767,2026/09/15,23:24:03,45479.0,45479.0,45482.0,-1.0,113.0,0.25,17537,36,18797,2026/09/15,WTXOU6,175,,,44850.0,685.5,44164.5,45535.5,44800.0,11.129154584727932,1134,1,44700.0,7.612304741907386,886,1,44500.0,6.098405410218128,1335,11,,,,,,,,,,,,
2026-09-15T23:25:10+08:00,2026-09-15T23:24:10+08:00,60.0,live,溫和偏多,mild_bull,20.51282051282051,2026/09/15,23:24:48,45486.0,45476.0,45481.0,7.0,106.0,0.23,17554,17,18797,2026/09/15,WTXOU6,175,,,44850.0,682.5,44167.5,45532.5,44800.0,12.337070877313488,1134,2,44700.0,8.534897248019568,886,2,44500.0,5.977648892382549,1335,4,,,,,,,,,,,,
2026-09-15T23:26:10+08:00,2026-09-15T23:25:10+08:00,60.0,live,溫和偏空,mild_bear,-17.51824817518248,2026/09/15,23:26:08,45480.0,45479.0,45483.0,-6.0,112.0,0.25,17574,20,18797,2026/09/15,WTXOU6,175,,,44850.0,685.0,44165.0,45535.0,44800.0,10.017283570721181,1134,0,44700.0,9.470955379132384,886,2,44600.0,5.742317321015235,592,1,,,,,,,,,,,,
2026-09-15T23:27:10+08:00,2026-09-15T23:26:10+08:00,60.0,live,溫和偏多,mild_bull,26.020961329960247,2026/09/15,23:27:06,45489.0,45486.0,45489.0,9.0,103.0,0.23,17602,28,18797,2026/09/15,WTXOU6,175,,,44850.0,691.75,44158.25,45541.75,44800.0,13.254385476546748,1134,2,44700.0,9.230521073022482,886,2,44500.0,5.492663365388367,1335,1,,,,,,,,,,,,
2026-09-15T23:28:10+08:00,2026-09-15T23:27:10+08:00,60.0,live,溫和偏多,mild_bull,31.40613847251963,2026/09/15,23:28:06,45500.0,45499.0,45503.0,11.0,92.0,0.2,17668,66,18797,2026/09/15,WTXOU6,175,,,44850.0,700.5,44149.5,45550.5,44800.0,11.600753710294718,1134,4,44700.0,7.794999203654306,886,3,44500.0,5.743261926761735,1335,10,,,,,,,,,,,,
2026-09-15T23:29:10+08:00,2026-09-15T23:28:10+08:00,60.0,live,溫和偏空,mild_bear,-17.241379310344826,2026/09/15,23:29:07,45494.0,45493.0,45498.0,-6.0,98.0,0.21,17697,29,18797,2026/09/15,WTXOU6,175,,,44850.0,696.0,44154.0,45546.0,44800.0,9.624500263742984,1134,0,44700.0,9.099593906953283,886,6,44500.0,5.414754562308527,1335,3,,,,,,,,,,,,
2026-09-15T23:30:10+08:00,2026-09-15T23:29:10+08:00,60.0,live,溫和偏多,mild_bull,17.130620985010708,2026/09/15,23:30:08,45500.0,45496.0,45500.0,6.0,92.0,0.2,17738,41,18797,2026/09/15,WTXOU6,175,,,44850.0,700.5,44149.5,45550.5,44800.0,12.27605905251919,1134,9,44700.0,8.944930343892294,886,13,44500.0,5.361046963521963,1335,7,,,,,,,,,,,,
2026-09-15T23:31:10+08:00,2026-09-15T23:30:10+08:00,60.0,live,強勢偏空,strong_bear,-61.58357771260998,2026/09/15,23:31:03,45479.0,45478.0,45482.0,-21.0,113.0,0.25,17770,32,18797,2026/09/15,WTXOU6,175,,,44850.0,682.0,44168.0,45532.0,44800.0,10.045945306762665,1134,0,44700.0,9.49805394544739,886,13,44600.0,4.886854630127993,592,1,,,,,,,,,,,,
2026-09-15T23:32:10+08:00,2026-09-15T23:31:10+08:00,60.0,live,震盪,neutral,0.0,2026/09/15,23:32:00,45479.0,45479.0,45483.0,0.0,113.0,0.25,17799,29,18797,2026/09/15,WTXOU6,175,,,44850.0,682.0,44168.0,45532.0,44800.0,12.468074886151465,1134,5,44700.0,9.49805394544739,886,11,44600.0,4.935873102648199,592,1,,,,,,,,,,,,
2026-09-15T23:33:10+08:00,2026-09-15T23:32:10+08:00,60.0,live,溫和偏空,mild_bear,-29.49852507374632,2026/09/15,23:33:01,45469.0,45470.0,45474.0,-10.0,123.0,0.27,17962,163,18797,2026/09/15,WTXOU6,175,,,44850.0,678.0,44172.0,45528.0,44800.0,13.06732427835926,1134,6,44700.0,8.179881292678163,886,2,44600.0,5.339653502327864,592,2,,,,,,,,,,,,
2026-09-15T23:34:10+08:00,2026-09-15T23:33:10+08:00,60.0,live,溫和偏空,mild_bear,-17.83060921248143,2026/09/15,23:34:07,45463.0,45464.0,45468.0,-6.0,129.0,0.28,18053,91,18797,2026/09/15,WTXOU6,175,,,44850.0,673.0,44177.0,45523.0,44800.0,11.649724013133284,1134,1,44700.0,8.321316668640074,886,2,44500.0,6.383660089215742,1335,11,,,,,,,,,,,,
2026-09-15T23:35:10+08:00,2026-09-15T23:34:10+08:00,60.0,live,強勢偏多,strong_bull,100.0,2026/09/15,23:35:07,45499.0,45498.0,45502.0,36.0,93.0,0.2,18140,87,18797,2026/09/15,WTXOU6,175,,,44850.0,700.0,44150.0,45550.0,44800.0,10.873196885412845,1134,2,44700.0,7.156780875893841,886,1,44600.0,6.000121328134882,592,12,,,,,,,,,,,,
2026-09-15T23:36:10+08:00,2026-09-15T23:35:10+08:00,60.0,live,震盪,neutral,5.71632725973562,2026/09/15,23:36:08,45501.0,45501.0,45503.0,2.0,91.0,0.2,18197,57,18797,2026/09/15,WTXOU6,175,,,44850.0,699.75,44150.25,45549.75,44800.0,12.506773919028817,1134,1,44700.0,9.375919893474817,886,2,44600.0,4.341147513437625,592,0,,,,,,,,,,,,
2026-09-15T23:37:10+08:00,2026-09-15T23:36:10+08:00,60.0,live,震盪,neutral,11.43674052894925,2026/09/15,23:37:05,45505.0,45500.0,45505.0,4.0,87.0,0.19,18252,55,18797,2026/09/15,WTXOU6,175,,,44850.0,699.5,44150.5,45549.5,44800.0,10.006174968292695,1134,0,44700.0,8.535248115983109,886,3,44600.0,6.175372937766524,592,6,,,,,,,,,,,,
2026-09-15T23:38:10+08:00,2026-09-15T23:37:10+08:00,60.0,live,震盪,neutral,-11.43674052894925,2026/09/15,23:38:06,45501.0,45501.0,45505.0,-4.0,91.0,0.2,18306,54,18797,2026/09/15,WTXOU6,175,,,44850.0,699.5,44150.5,45549.5,44800.0,12.329811335314046,1134,3,44700.0,9.375919893474817,886,7,44600.0,5.061247674583167,592,1,,,,,,,,,,,,
2026-09-15T23:39:10+08:00,2026-09-15T23:38:10+08:00,60.0,live,溫和偏多,mild_bull,28.409090909090907,2026/09/15,23:39:07,45511.0,45506.0,45511.0,10.0,81.0,0.18,18324,18,18797,2026/09/15,WTXOU6,175,,,44850.0,704.0,44146.0,45554.0,44800.0,9.836102469560055,1134,0,44700.0,6.647957966742512,886,0,44600.0,6.070411640421644,592,1,,,,,,,,,,,,
2026-09-15T23:40:10+08:00,2026-09-15T23:39:10+08:00,60.0,live,溫和偏空,mild_bear,-19.943019943019948,2026/09/15,23:40:06,45504.0,45503.0,45505.0,-7.0,88.0,0.19,18335,11,18797,2026/09/15,WTXOU6,175,,,44850.0,702.0,44148.0,45552.0,44800.0,12.400031122377882,1134,1,44700.0,8.559669410121561,886,1,44600.0,4.304096693677182,592,0,,,,,,,,,,,,
2026-09-15T23:41:10+08:00,2026-09-15T23:40:10+08:00,60.0,live,強勢偏多,strong_bull,55.71030640668524,2026/09/15,23:41:07,45524.0,45522.0,45526.0,20.0,68.0,0.15,18381,46,18797,2026/09/15,WTXOU6,175,,,44850.0,718.0,44132.0,45568.0,44800.0,12.636617592981295,1134,3,44700.0,8.779596091116863,886,3,44600.0,5.095054653555146,592,1,,,,,,,,,,,,
2026-09-15T23:42:10+08:00,2026-09-15T23:41:10+08:00,60.0,live,震盪,neutral,11.080332409972298,2026/09/15,23:42:04,45528.0,45526.0,45529.0,4.0,64.0,0.14,18455,74,18797,2026/09/15,WTXOU6,175,,,44850.0,722.0,44128.0,45572.0,44800.0,12.49302121985824,1134,11,44700.0,8.205076129484953,886,7,44600.0,4.770919582505779,592,2,,,,,,,,,,,,
2026-09-15T23:43:10+08:00,2026-09-15T23:42:10+08:00,60.0,live,震盪,neutral,8.310249307479225,2026/09/15,23:42:57,45531.0,45528.0,45532.0,3.0,61.0,0.13,18467,12,18797,2026/09/15,WTXOU6,175,,,44850.0,722.0,44128.0,45572.0,44800.0,12.386395799725067,1134,3,44700.0,7.622232459445178,886,1,44600.0,5.412362292911992,592,2,,,,,,,,,,,,
2026-09-15T23:44:10+08:00,2026-09-15T23:43:10+08:00,60.0,live,溫和偏多,mild_bull,38.0693405846363,2026/09/15,23:44:07,45545.0,45544.0,45548.0,14.0,47.0,0.1,18527,60,18797,2026/09/15,WTXOU6,175,,,44850.0,735.5,44114.5,45585.5,44800.0,11.900718273536539,1134,3,44700.0,7.323360449798966,886,1,44600.0,4.798341769391618,592,1,,,,,,,,,,,,
2026-09-15T23:45:10+08:00,2026-09-15T23:44:10+08:00,60.0,live,震盪,neutral,-8.213552361396307,2026/09/15,23:45:03,45542.0,45536.0,45540.0,-3.0,50.0,0.11,18557,30,18797,2026/09/15,WTXOU6,175,,,44850.0,730.5,44119.5,45580.5,44800.0,12.003162851145673,1134,9,44700.0,6.836137347695375,886,1,44600.0,4.426135865334521,592,1,,,,,,,,,,,,
2026-09-15T23:46:10+08:00,2026-09-15T23:45:10+08:00,60.0,live,溫和偏空,mild_bear,-41.58004158004158,2026/09/15,23:45:57,45527.0,45526.0,45529.0,-15.0,65.0,0.14,18579,22,18797,2026/09/15,WTXOU6,175,,,44850.0,721.5,44128.5,45571.5,44800.0,11.611368911921126,1134,1,44700.0,6.350893102810239,886,0,44600.0,5.79915450898428,592,2,,,,,,,,,,,,
2026-09-15T23:47:10+08:00,2026-09-15T23:46:10+08:00,60.0,live,溫和偏空,mild_bear,-30.877192982456148,2026/09/15,23:46:57,45516.0,45513.0,45518.0,-11.0,76.0,0.17,18608,29,18797,2026/09/15,WTXOU6,175,,,44850.0,712.5,44137.5,45562.5,44800.0,12.92878085532522,1134,3,44700.0,8.536868227849501,886,2,44600.0,5.212854197495614,592,1,,,,,,,,,,,,
2026-09-15T23:48:10+08:00,2026-09-15T23:47:10+08:00,60.0,live,強勢偏空,strong_bear,-51.63140910720689,2026/09/15,23:48:01,45498.0,45497.0,45501.0,-18.0,94.0,0.21,18637,29,18797,2026/09/15,WTXOU6,175,,,44850.0,697.25,44152.75,45547.25,44800.0,12.917903163264159,1134,2,44700.0,6.439085381930984,886,0,44600.0,5.454463541365981,592,1,,,,,,,,,,,,
2026-09-15T23:49:10+08:00,2026-09-15T23:48:10+08:00,60.0,live,震盪,neutral,14.15929203539823,2026/09/15,23:49:04,45503.0,45501.0,45505.0,5.0,89.0,0.2,18677,40,18797,2026/09/15,WTXOU6,175,,,44850.0,706.25,44143.75,45556.25,44800.0,10.063516788709194,1134,0,44700.0,6.80166120838904,886,0,44600.0,6.210761797857857,592,1,,,,,,,,,,,,
2026-09-15T23:50:10+08:00,2026-09-15T23:49:10+08:00,60.0,live,震盪,neutral,2.8429282160625444,2026/09/15,23:50:06,45504.0,45499.0,45503.0,1.0,88.0,0.19,18786,109,18797,2026/09/15,WTXOU6,175,,,44850.0,703.5,44146.5,45553.5,44800.0,12.400031122377882,1134,2,44700.0,6.782255626112256,886,0,44600.0,5.24856939187468,592,1,,,,,,,,,,,,
2026-09-15T23:51:10+08:00,2026-09-15T23:50:10+08:00,60.0,live,溫和偏多,mild_bull,33.63700070077084,2026/09/15,23:51:07,45516.0,45512.0,45516.0,12.0,76.0,0.17,18989,203,18797,2026/09/15,WTXOU6,175,,,44850.0,713.5,44136.5,45563.5,44800.0,11.982092795312735,1134,1,44700.0,8.982583592888494,886,2,44600.0,4.159028753610824,592,0,,,,,,,,,,,,
2026-09-15T23:52:10+08:00,2026-09-15T23:51:10+08:00,60.0,live,強勢偏空,strong_bear,-45.714285714285715,2026/09/15,23:52:06,45500.0,45498.0,45502.0,-16.0,92.0,0.2,19035,46,18797,2026/09/15,WTXOU6,175,,,44850.0,700.0,44150.0,45550.0,44800.0,12.844297077151532,1134,3,44700.0,6.4023955362866225,886,0,44500.0,4.307446445071301,1335,0,,,,,,,,,,,,
2026-09-15T23:53:10+08:00,2026-09-15T23:52:10+08:00,60.0,live,震盪,neutral,-14.378145219266717,2026/09/15,23:53:03,45495.0,45495.0,45499.0,-5.0,97.0,0.21,19084,49,18797,2026/09/15,WTXOU6,175,,,44850.0,695.5,44154.5,45545.5,44800.0,13.029103941464166,1134,6,44700.0,7.547435033283582,886,1,44500.0,5.210318884382225,1335,2,,,,,,,,,,,,
2026-09-15T23:54:10+08:00,2026-09-15T23:53:10+08:00,60.0,live,震盪,neutral,-2.8745957599712537,2026/09/15,23:54:06,45494.0,45494.0,45496.0,-1.0,98.0,0.21,19110,26,18797,2026/09/15,WTXOU6,175,,,44850.0,695.75,44154.25,45545.75,44800.0,9.624500263742984,1134,0,44700.0,6.51309704738827,886,0,44500.0,5.842566596450083,1335,33,,,,,,,,,,,,
2026-09-15T23:55:10+08:00,2026-09-15T23:54:10+08:00,60.0,live,震盪,neutral,-2.891217925551139,2026/09/15,23:54:52,45493.0,45491.0,45495.0,-1.0,99.0,0.22,19156,46,18797,2026/09/15,WTXOU6,175,,,44850.0,691.75,44158.25,45541.75,44800.0,11.061201409484951,1134,1,44700.0,6.5317325055009325,886,0,44500.0,5.859283513806969,1335,6,,,,,,,,,,,,
2026-09-15T23:56:10+08:00,2026-09-15T23:55:10+08:00,60.0,live,溫和偏多,mild_bull,36.84024087849805,2026/09/15,23:56:03,45506.0,45502.0,45505.0,13.0,86.0,0.19,19310,154,18797,2026/09/15,WTXOU6,175,,,44850.0,705.75,44144.25,45555.75,44800.0,9.97762669961627,1134,0,44700.0,7.7020558553999585,886,5,44600.0,6.157754196702819,592,34,,,,,,,,,,,,
2026-09-15T23:57:10+08:00,2026-09-15T23:56:10+08:00,60.0,live,溫和偏空,mild_bear,-34.48275862068965,2026/09/15,23:57:01,45494.0,45493.0,45498.0,-12.0,98.0,0.21,19335,25,18797,2026/09/15,WTXOU6,175,,,44850.0,696.0,44154.0,45546.0,44800.0,13.066383183425412,1134,1,44700.0,6.51309704738827,886,0,44600.0,6.086452530339828,592,1,,,,,,,,,,,,
2026-09-15T23:58:10+08:00,2026-09-15T23:57:10+08:00,60.0,live,震盪,neutral,-11.58161418747738,2026/09/15,23:58:05,45490.0,45490.0,45495.0,-4.0,102.0,0.22,19344,9,18797,2026/09/15,WTXOU6,175,,,44850.0,690.75,44159.25,45540.75,44800.0,13.21656985180259,1134,1,44700.0,9.204185795411304,886,1,44600.0,6.156410988999384,592,1,,,,,,,,,,,,
2026-09-15T23:59:10+08:00,2026-09-15T23:58:10+08:00,60.0,live,溫和偏空,mild_bear,-44.03669724770643,2026/09/15,23:59:06,45475.0,45477.0,45482.0,-15.0,117.0,0.26,19402,58,18797,2026/09/15,WTXOU6,175,,,44850.0,681.25,44168.75,45531.25,44850.0,11.097973900298067,536,2,44700.0,9.607225784211684,886,2,44500.0,6.1685012567976045,1335,2,,,,,,,,,,,,
2026-09-16T00:00:10+08:00,2026-09-15T23:59:10+08:00,60.0,live,強勢偏空,strong_bear,-69.43396226415095,2026/09/15,00:00:03,45452.0,45459.0,45462.0,-23.0,140.0,0.31,19447,45,18797,2026/09/15,WTXOU6,175,,,44850.0,662.5,44187.5,45512.5,44800.0,10.851593745395087,1134,0,44700.0,9.027203990417831,886,1,44600.0,6.862456065245481,592,3,,,,,,,,,,,,
2026-09-16T00:01:10+08:00,2026-09-16T00:00:10+08:00,60.0,live,震盪,neutral,-6.037735849056604,2026/09/15,00:00:59,45450.0,45450.0,45455.0,-2.0,142.0,0.31,19498,51,18797,2026/09/15,WTXOU6,175,,,44850.0,662.5,44187.5,45512.5,44800.0,12.753649167811474,1134,2,44700.0,8.76819900593953,886,2,44600.0,6.775729636184583,592,8,,,,,,,,,,,,
2026-09-16T00:02:10+08:00,2026-09-16T00:01:10+08:00,60.0,live,溫和偏多,mild_bull,29.951329090228384,2026/09/15,00:02:05,45460.0,45461.0,45464.0,10.0,132.0,0.29,19509,11,18797,2026/09/15,WTXOU6,175,,,44850.0,667.75,44182.25,45517.75,44800.0,10.606370544092256,1134,0,44700.0,10.027914398994088,886,3,44500.0,4.828959261702945,1335,0,,,,,,,,,,,,
2026-09-16T00:03:10+08:00,2026-09-16T00:02:10+08:00,60.0,live,震盪,neutral,8.951883625512867,2026/09/15,00:03:08,45463.0,45461.0,45464.0,3.0,129.0,0.28,19531,22,18797,2026/09/15,WTXOU6,175,,,44850.0,670.25,44179.75,45520.25,44800.0,10.515847307522836,1134,0,44700.0,9.942328169127391,886,2,44600.0,6.02811447962159,592,1,,,,,,,,,,,,
2026-09-16T00:04:10+08:00,2026-09-16T00:03:10+08:00,60.0,live,溫和偏空,mild_bear,-33.09514855208725,2026/09/15,00:03:49,45452.0,45453.0,45457.0,-11.0,140.0,0.31,19544,13,18797,2026/09/15,WTXOU6,175,,,44850.0,664.75,44185.25,45514.75,44800.0,10.851593745395087,1134,0,44700.0,8.647690694886562,886,1,44600.0,6.631092359014063,592,4,,,,,,,,,,,,
2026-09-16T00:05:10+08:00,2026-09-16T00:04:10+08:00,60.0,live,震盪,neutral,6.035458317615994,2026/09/15,00:05:04,45454.0,45451.0,45455.0,2.0,138.0,0.3,19556,12,18797,2026/09/15,WTXOU6,175,,,44850.0,662.75,44187.25,45512.75,44800.0,10.78976147017303,1134,0,44700.0,8.485430483013932,886,1,44600.0,6.82335385758077,592,6,,,,,,,,,,,,
2026-09-16T00:06:10+08:00,2026-09-16T00:05:10+08:00,60.0,live,溫和偏空,mild_bear,-42.78074866310161,2026/09/15,00:06:06,45440.0,45442.0,45446.0,-14.0,152.0,0.33,19605,49,18797,2026/09/15,WTXOU6,175,,,44850.0,654.5,44195.5,45504.5,44800.0,13.281324675876913,1134,6,44700.0,8.689608247574359,886,3,44500.0,6.817248197125796,1335,23,,,,,,,,,,,,
2026-09-16T00:07:10+08:00,2026-09-16T00:06:10+08:00,60.0,live,震盪,neutral,0.0,2026/09/15,00:07:07,45440.0,45441.0,45443.0,0.0,152.0,0.33,19621,16,18797,2026/09/15,WTXOU6,175,,,44850.0,652.25,44197.75,45502.25,44800.0,15.246172333625488,1134,15,44700.0,7.599639365855258,886,0,44600.0,5.419453249348476,592,1,,,,,,,,,,,,
2026-09-16T00:08:10+08:00,2026-09-16T00:07:10+08:00,60.0,live,震盪,neutral,0.0,2026/09/15,00:08:04,45440.0,45437.0,45440.0,0.0,152.0,0.33,19633,12,18797,2026/09/15,WTXOU6,175,,,44850.0,649.75,44200.25,45499.75,44800.0,15.246172333625488,1134,8,44700.0,9.10863295297626,886,2,44500.0,5.965092172485072,1335,2,,,,,,,,,,,,
2026-09-16T00:09:10+08:00,2026-09-16T00:08:10+08:00,60.0,live,溫和偏空,mild_bear,-21.883548261039472,2026/09/15,00:09:01,45433.0,45431.0,45434.0,-7.0,159.0,0.35,19656,23,18797,2026/09/15,WTXOU6,175,,,44850.0,639.75,44210.25,45489.75,44800.0,15.554165445043576,1134,10,44700.0,9.1301126036314,886,2,44500.0,5.766062629647557,1335,1,,,,,,,,,,,,
2026-09-16T00:10:10+08:00,2026-09-16T00:09:10+08:00,60.0,live,溫和偏空,mild_bear,-18.816150529204233,2026/09/15,00:10:07,45427.0,45425.0,45430.0,-6.0,165.0,0.36,19701,45,18797,2026/09/15,WTXOU6,175,,,44850.0,637.75,44212.25,45487.75,44800.0,15.823106907490311,1134,4,44700.0,7.887219395984921,886,0,44500.0,5.3064161619163865,1335,0,,,,,,,,,,,,
2026-09-16T00:11:10+08:00,2026-09-16T00:10:10+08:00,60.0,live,震盪,neutral,-12.58356272119544,2026/09/15,00:11:05,45423.0,45421.0,45424.0,-4.0,169.0,0.37,19712,11,18797,2026/09/15,WTXOU6,175,,,44850.0,635.75,44214.25,45485.75,44800.0,13.990736030467307,1134,3,44700.0,8.933122367930823,886,1,44600.0,5.792300743793739,592,1,,,,,,,,,,,,
2026-09-16T00:12:10+08:00,2026-09-16T00:11:10+08:00,60.0,live,震盪,neutral,-3.14589068029886,2026/09/15,00:12:03,45422.0,45420.0,45425.0,-1.0,170.0,0.37,19735,23,18797,2026/09/15,WTXOU6,175,,,44850.0,635.75,44214.25,45485.75,44850.0,12.91243927440522,536,2,44700.0,10.247363573259522,886,1,44600.0,7.4766115676899245,592,2,,,,,,,,,,,,
2026-09-16T00:13:10+08:00,2026-09-16T00:12:10+08:00,60.0,live,震盪,neutral,0.0,2026/09/15,00:13:07,45422.0,45418.0,45422.0,0.0,170.0,0.37,19750,15,18797,2026/09/15,WTXOU6,175,,,44850.0,633.75,44216.25,45483.75,44800.0,16.050773610751065,1134,10,44700.0,9.005439944592528,886,1,44500.0,6.517552912191767,1335,4,,,,,,,,,,,,
2026-09-16T00:14:10+08:00,2026-09-16T00:13:10+08:00,60.0,live,強勢偏多,strong_bull,58.823529411764696,2026/09/15,00:14:07,45441.0,45438.0,45442.0,19.0,151.0,0.33,19777,27,18797,2026/09/15,WTXOU6,175,,,44850.0,646.0,44204.0,45496.0,44800.0,15.202674011294864,1134,14,44700.0,8.38224684356329,886,1,44500.0,6.006742595254926,1335,4,,,,,,,,,,,,
2026-09-16T00:15:10+08:00,2026-09-16T00:14:10+08:00,60.0,live,震盪,neutral,6.1585835257890675,2026/09/15,00:15:05,45443.0,45444.0,45448.0,2.0,149.0,0.33,19830,53,18797,2026/09/15,WTXOU6,175,,,44850.0,649.5,44200.5,45499.5,44800.0,13.788783997914415,1134,4,44700.0,8.945328375480779,886,2,44500.0,6.759064356693726,1335,9,,,,,,,,,,,,
2026-09-16T00:16:10+08:00,2026-09-16T00:15:10+08:00,60.0,live,強勢偏多,strong_bull,66.66666666666667,2026/09/15,00:16:06,45465.0,45462.0,45466.0,22.0,127.0,0.28,19874,44,18797,2026/09/15,WTXOU6,175,,,44850.0,660.0,44190.0,45510.0,44850.0,11.41963210487342,536,4,44700.0,8.480709116501739,886,1,44500.0,6.34728605634818,1335,4,,,,,,,,,,,,
2026-09-16T00:17:10+08:00,2026-09-16T00:16:10+08:00,60.0,live,溫和偏多,mild_bull,23.83612662942272,2026/09/15,00:17:07,45473.0,45473.0,45476.0,8.0,119.0,0.26,19899,25,18797,2026/09/15,WTXOU6,175,,,44850.0,671.25,44178.75,45521.25,44800.0,12.329698008214542,1134,1,44700.0,6.915844476113539,886,0,44500.0,6.203850737735832,1335,3,,,,,,,,,,,,
2026-09-16T00:18:10+08:00,2026-09-16T00:17:10+08:00,60.0,live,溫和偏多,mild_bull,23.538065465244575,2026/09/15,00:18:03,45481.0,45476.0,45480.0,8.0,111.0,0.24,19922,23,18797,2026/09/15,WTXOU6,175,,,44850.0,679.75,44170.25,45529.75,44800.0,12.514579647933159,1134,1,44700.0,6.759560932706405,886,0,44600.0,5.72593411582193,592,1,,,,,,,,,,,,
2026-09-16T00:19:10+08:00,2026-09-16T00:18:10+08:00,60.0,live,震盪,neutral,0.0,2026/09/15,00:19:00,45481.0,45475.0,45479.0,0.0,111.0,0.24,19941,19,18797,2026/09/15,WTXOU6,175,,,44850.0,677.75,44172.25,45527.75,44800.0,9.988703608478755,1134,0,44700.0,6.759560932706405,886,0,44500.0,6.063656755726682,1335,5,,,,,,,,,,,,
2026-09-16T00:20:10+08:00,2026-09-16T00:19:10+08:00,60.0,live,震盪,neutral,-8.918617614269788,2026/09/15,00:19:36,45478.0,45472.0,45475.0,-3.0,114.0,0.25,19946,5,18797,2026/09/15,WTXOU6,175,,,44850.0,672.75,44177.25,45522.75,44800.0,10.074689050576728,1134,0,44700.0,7.923073537165,886,1,44500.0,6.1158543408496335,1335,6,,,,,,,,,,,,
2026-09-16T00:21:10+08:00,2026-09-16T00:20:10+08:00,60.0,live,震盪,neutral,0.0,2026/09/15,00:20:58,45478.0,45473.0,45478.0,0.0,114.0,0.25,19953,7,18797,2026/09/15,WTXOU6,175,,,44850.0,675.25,44174.75,45525.25,44800.0,10.074689050576728,1134,0,44700.0,9.525230046949385,886,3,44500.0,4.586890755637225,1335,0,,,,,,,,,,,,
2026-09-16T00:22:10+08:00,2026-09-16T00:21:10+08:00,60.0,live,震盪,neutral,0.0,2026/09/15,00:21:37,45478.0,45483.0,45484.0,0.0,114.0,0.25,19954,1,18797,2026/09/15,WTXOU6,175,,,44850.0,682.0,44168.0,45532.0,44800.0,10.074689050576728,1134,0,44700.0,6.8177490477980935,886,0,44500.0,4.586890755637225,1335,0,,,,,,,,,,,,
2026-09-16T00:23:10+08:00,2026-09-16T00:22:10+08:00,60.0,live,強勢偏多,strong_bull,52.06073752711497,2026/09/15,00:22:54,45496.0,45494.0,45497.0,18.0,96.0,0.21,20013,59,18797,2026/09/15,WTXOU6,175,,,44850.0,691.5,44158.5,45541.5,44800.0,11.35688275090041,1134,6,44700.0,7.572587217147436,886,4,44500.0,4.356956781766386,1335,0,,,,,,,,,,,,
2026-09-16T00:24:10+08:00,2026-09-16T00:23:10+08:00,60.0,live,強勢偏多,strong_bull,76.19047619047619,2026/09/15,00:24:05,45523.0,45519.0,45523.0,27.0,69.0,0.15,20081,68,18797,2026/09/15,WTXOU6,175,,,44850.0,708.75,44141.25,45558.75,44800.0,11.333737728642461,1134,2,44700.0,8.597277411744496,886,5,44600.0,5.709924947672584,592,5,,,,,,,,,,,,
2026-09-16T00:25:10+08:00,2026-09-16T00:24:10+08:00,60.0,live,溫和偏空,mild_bear,-19.73220577871741,2026/09/15,00:24:56,45516.0,45516.0,45521.0,-7.0,76.0,0.17,20093,12,18797,2026/09/15,WTXOU6,175,,,44850.0,709.5,44140.5,45559.5,44800.0,12.92878085532522,1134,2,44700.0,8.271169012163616,886,1,44600.0,5.984307964728106,592,2,,,,,,,,,,,,
2026-09-16T00:26:10+08:00,2026-09-16T00:25:10+08:00,60.0,live,震盪,neutral,5.649717514124294,2026/09/15,00:26:05,45518.0,45514.0,45519.0,2.0,74.0,0.16,20114,21,18797,2026/09/15,WTXOU6,175,,,44850.0,708.0,44142.0,45558.0,44800.0,11.9138189475408,1134,2,44700.0,6.5163195792000845,886,0,44600.0,4.135330648375468,592,0,,,,,,,,,,,,
2026-09-16T00:27:10+08:00,2026-09-16T00:26:10+08:00,60.0,live,溫和偏空,mild_bear,-37.142857142857146,2026/09/15,00:26:57,45505.0,45504.0,45506.0,-13.0,87.0,0.19,20127,13,18797,2026/09/15,WTXOU6,175,,,44850.0,700.0,44150.0,45550.0,44800.0,12.189701359205726,1134,3,44700.0,8.102670563528198,886,2,44600.0,5.298619917086976,592,2,,,,,,,,,,,,
2026-09-16T00:28:10+08:00,2026-09-16T00:27:10+08:00,60.0,live,溫和偏多,mild_bull,28.278543655001766,2026/09/15,00:28:00,45515.0,45512.0,45516.0,10.0,77.0,0.17,20140,13,18797,2026/09/15,WTXOU6,175,,,44850.0,707.25,44142.75,45557.25,44800.0,12.965773050025254,1134,10,44700.0,8.459231377360037,886,6,44600.0,5.173535785725324,592,3,,,,,,,,,,,,
2026-09-16T00:29:10+08:00,2026-09-16T00:28:10+08:00,60.0,live,震盪,neutral,0.0,2026/09/15,00:28:58,45515.0,45508.0,45512.0,0.0,77.0,0.17,20151,11,18797,2026/09/15,WTXOU6,175,,,44850.0,702.75,44147.25,45552.75,44800.0,12.235140942191578,1134,3,44700.0,9.008284815988779,886,5,44600.0,4.170928684713238,592,0,,,,,,,,,,,,
2026-09-16T00:30:10+08:00,2026-09-16T00:29:10+08:00,60.0,live,溫和偏空,mild_bear,-25.686764181234388,2026/09/15,00:29:49,45506.0,45503.0,45508.0,-9.0,86.0,0.19,20166,15,18797,2026/09/15,WTXOU6,175,,,44850.0,700.75,44149.25,45550.75,44800.0,13.303502266155027,1134,4,44700.0,6.743610399766768,886,0,44600.0,5.906125494307052,592,3,,,,,,,,,,,,
2026-09-16T00:31:10+08:00,2026-09-16T00:30:10+08:00,60.0,live,強勢偏空,strong_bear,-82.29243203526819,2026/09/15,00:31:00,45478.0,45477.0,45482.0,-28.0,114.0,0.25,20191,25,18797,2026/09/15,WTXOU6,175,,,44850.0,680.5,44169.5,45530.5,44800.0,12.622308509042265,1134,3,44700.0,8.732227222231701,886,3,44500.0,6.1158543408496335,1335,6,,,,,,,,,,,,
2026-09-16T00:32:10+08:00,2026-09-16T00:31:10+08:00,60.0,live,強勢偏多,strong_bull,49.400653832183075,2026/09/15,00:32:06,45495.0,45489.0,45493.0,17.0,97.0,0.21,20207,16,18797,2026/09/15,WTXOU6,175,,,44850.0,688.25,44161.75,45538.25,44850.0,10.481582852267106,536,1,44700.0,9.07363217307143,886,1,44500.0,4.369423030160126,1335,0,,,,,,,,,,,,
2026-09-16T00:33:10+08:00,2026-09-16T00:32:10+08:00,60.0,live,溫和偏多,mild_bull,34.33476394849786,2026/09/15,00:33:02,45507.0,45503.0,45506.0,12.0,85.0,0.19,20213,6,18797,2026/09/15,WTXOU6,175,,,44850.0,699.0,44151.0,45549.0,44850.0,10.664098055984356,536,1,44700.0,6.724370440226611,886,0,44600.0,6.140185723054505,592,1,,,,,,,,,,,,
2026-09-16T00:34:10+08:00,2026-09-16T00:33:10+08:00,60.0,live,震盪,neutral,0.0,2026/09/15,00:33:48,45507.0,45503.0,45508.0,0.0,85.0,0.19,20217,4,18797,2026/09/15,WTXOU6,175,,,44850.0,695.5,44154.5,45545.5,44800.0,13.265546508012172,1134,3,44700.0,8.759234437999167,886,2,44600.0,4.2673620952017,592,0,,,,,,,,,,,,
2026-09-16T00:35:10+08:00,2026-09-16T00:34:10+08:00,60.0,live,震盪,neutral,-11.498383039885015,2026/09/15,00:34:59,45503.0,45503.0,45507.0,-4.0,89.0,0.2,20255,38,18797,2026/09/15,WTXOU6,175,,,44850.0,695.75,44154.25,45545.75,44800.0,13.41802238494559,1134,3,44700.0,8.257065850129251,886,1,44600.0,4.3164116972867195,592,0,,,,,,,,,,,,
2026-09-16T00:36:10+08:00,2026-09-16T00:35:10+08:00,60.0,live,震盪,neutral,-2.883922134102379,2026/09/15,00:36:00,45502.0,45500.0,45504.0,-1.0,90.0,0.2,20270,15,18797,2026/09/15,WTXOU6,175,,,44850.0,693.5,44156.5,45543.5,44800.0,10.092310808546076,1134,0,44700.0,9.349169783562116,886,1,44600.0,4.328761936934085,592,0,,,,,,,,,,,,
2026-09-16T00:37:10+08:00,2026-09-16T00:36:10+08:00,60.0,live,震盪,neutral,11.449016100178891,2026/09/15,00:37:04,45506.0,45503.0,45508.0,4.0,86.0,0.19,20275,5,18797,2026/09/15,WTXOU6,175,,,44850.0,698.75,44151.25,45548.75,44850.0,10.69461047598757,536,2,44700.0,6.743610399766768,886,0,44600.0,5.607647365464704,592,1,,,,,,,,,,,,
2026-09-16T00:38:10+08:00,2026-09-16T00:37:10+08:00,60.0,live,震盪,neutral,0.0,2026/09/15,00:37:57,45506.0,45502.0,45506.0,0.0,86.0,0.19,20281,6,18797,2026/09/15,WTXOU6,175,,,44850.0,696.25,44153.75,45546.25,44800.0,9.97762669961627,1134,0,44700.0,6.743610399766768,886,0,44600.0,4.27957199273556,592,0,,,,,,,,,,,,
2026-09-16T00:39:10+08:00,2026-09-16T00:38:10+08:00,60.0,live,溫和偏空,mild_bear,-31.988367866230462,2026/09/15,00:39:07,45495.0,45489.0,45493.0,-11.0,97.0,0.21,20354,73,18797,2026/09/15,WTXOU6,175,,,44850.0,687.75,44162.25,45537.75,44800.0,13.029103941464166,1134,1,44700.0,9.07363217307143,886,1,44500.0,4.369423030160126,1335,0,,,,,,,,,,,,
2026-09-16T00:40:10+08:00,2026-09-16T00:39:10+08:00,60.0,live,溫和偏多,mild_bull,40.18658055256549,2026/09/15,00:40:04,45509.0,45504.0,45508.0,14.0,83.0,0.18,20371,17,18797,2026/09/15,WTXOU6,175,,,44850.0,696.75,44153.25,45546.75,44800.0,9.892469665136291,1134,0,44700.0,6.686055043105192,886,0,44600.0,4.831910968540154,592,1,,,,,,,,,,,,
2026-09-16T00:41:10+08:00,2026-09-16T00:40:10+08:00,60.0,live,溫和偏空,mild_bear,-20.216606498194945,2026/09/15,00:41:03,45502.0,45498.0,45502.0,-7.0,90.0,0.2,20381,10,18797,2026/09/15,WTXOU6,175,,,44850.0,692.5,44157.5,45542.5,44800.0,10.092310808546076,1134,0,44700.0,6.821122314468565,886,0,44600.0,4.328761936934085,592,0,,,,,,,,,,,,
2026-09-16T00:42:10+08:00,2026-09-16T00:41:10+08:00,60.0,live,溫和偏多,mild_bull,33.970276008492576,2026/09/15,00:42:01,45514.0,45513.0,45517.0,12.0,78.0,0.17,20389,8,18797,2026/09/15,WTXOU6,175,,,44850.0,706.5,44143.5,45556.5,44800.0,13.00287108784259,1134,2,44700.0,6.5912189843332865,886,0,44600.0,5.480926326048705,592,1,,,,,,,,,,,,
2026-09-16T00:43:10+08:00,2026-09-16T00:42:10+08:00,60.0,live,震盪,neutral,0.0,2026/09/15,00:42:01,45514.0,45509.0,45514.0,0.0,78.0,0.17,20389,0,18797,2026/09/15,WTXOU6,175,,,44850.0,704.25,44145.75,45554.25,44800.0,9.752153315881943,1134,0,44700.0,9.034059576157999,886,1,44600.0,4.182862664236244,592,0,,,,,,,,,,,,
2026-09-16T00:44:10+08:00,2026-09-16T00:43:10+08:00,60.0,live,溫和偏空,mild_bear,-17.216642754662843,2026/09/15,00:44:05,45508.0,45506.0,45509.0,-6.0,84.0,0.18,20409,20,18797,2026/09/15,WTXOU6,175,,,44850.0,697.0,44153.0,45547.0,44800.0,9.92077428008892,1134,0,44700.0,6.705185373543716,886,0,44600.0,6.122667373405378,592,2,,,,,,,,,,,,
2026-09-16T00:45:10+08:00,2026-09-16T00:44:10+08:00,60.0,live,溫和偏空,mild_bear,-34.6820809248555,2026/09/15,00:44:31,45496.0,45499.0,45504.0,-12.0,96.0,0.21,20423,14,18797,2026/09/15,WTXOU6,175,,,44850.0,692.0,44158.0,45542.0,44800.0,12.991931059607445,1134,2,44700.0,6.475985483996674,886,0,44500.0,5.383901343674295,1335,1,,,,,,,,,,,,
2026-09-16T00:46:10+08:00,2026-09-16T00:45:10+08:00,60.0,live,溫和偏多,mild_bull,37.316110513096525,2026/09/15,00:45:48,45509.0,45502.0,45506.0,13.0,83.0,0.18,20434,11,18797,2026/09/15,WTXOU6,175,,,44850.0,696.75,44153.25,45546.75,44800.0,9.892469665136291,1134,0,44700.0,6.686055043105192,886,0,44600.0,4.24304670764357,592,0,,,,,,,,,,,,
2026-09-16T00:47:10+08:00,2026-09-16T00:46:10+08:00,60.0,live,震盪,neutral,-11.279520620373635,2026/09/15,00:46:46,45505.0,45501.0,45505.0,-4.0,87.0,0.19,20438,4,18797,2026/09/15,WTXOU6,175,,,44850.0,709.25,44140.75,45559.25,44800.0,10.006174968292695,1134,0,44700.0,6.762905409225188,886,0,44600.0,6.175372937766524,592,2,,,,,,,,,,,,
2026-09-16T00:48:10+08:00,2026-09-16T00:47:10+08:00,60.0,live,溫和偏空,mild_bear,-36.7621067515023,2026/09/15,00:48:02,45492.0,45492.0,45497.0,-13.0,100.0,0.22,20473,35,18797,2026/09/15,WTXOU6,175,,,44850.0,707.25,44142.75,45557.25,44800.0,9.679654842537667,1134,0,44700.0,6.550421283915216,886,0,44600.0,6.121331819286325,592,26,,,,,,,,,,,,
2026-09-16T00:49:10+08:00,2026-09-16T00:48:10+08:00,60.0,live,溫和偏空,mild_bear,-34.883720930232556,2026/09/15,00:49:06,45480.0,45480.0,45484.0,-12.0,112.0,0.25,20486,13,18797,2026/09/15,WTXOU6,175,,,44850.0,688.0,44162.0,45538.0,44800.0,10.764254937188142,1134,1,44700.0,7.340233600759682,886,1,44600.0,6.334845370188217,592,23,,,,,,,,,,,,
2026-09-16T00:50:10+08:00,2026-09-16T00:49:10+08:00,60.0,live,震盪,neutral,11.556518598772119,2026/09/15,00:49:50,45484.0,45487.0,45490.0,4.0,108.0,0.24,20498,12,18797,2026/09/15,WTXOU6,175,,,44850.0,692.25,44157.75,45542.25,44800.0,13.44509279229927,1134,2,44700.0,6.701869441458475,886,0,44500.0,4.5089284998604855,1335,0,,,,,,,,,,,,
2026-09-16T00:51:10+08:00,2026-09-16T00:50:10+08:00,60.0,live,溫和偏多,mild_bull,26.21041135784492,2026/09/15,00:50:56,45493.0,45493.0,45497.0,9.0,99.0,0.22,20506,8,18797,2026/09/15,WTXOU6,175,,,44850.0,686.75,44163.25,45536.75,44800.0,9.652038157039415,1134,0,44700.0,6.5317325055009325,886,0,44500.0,4.394462635355227,1335,0,,,,,,,,,,,,
2026-09-16T00:52:10+08:00,2026-09-16T00:51:10+08:00,60.0,live,震盪,neutral,8.550053437833988,2026/09/15,00:51:39,45496.0,45493.0,45497.0,3.0,96.0,0.21,20507,1,18797,2026/09/15,WTXOU6,175,,,44850.0,701.75,44148.25,45551.75,44800.0,9.569659955199823,1134,0,44700.0,6.475985483996674,886,0,44500.0,4.356956781766386,1335,0,,,,,,,,,,,,
2026-09-16T00:53:10+08:00,2026-09-16T00:52:10+08:00,60.0,live,強勢偏多,strong_bull,74.6629796059454,2026/09/15,00:52:55,45523.0,45515.0,45520.0,27.0,69.0,0.15,20525,18,18797,2026/09/15,WTXOU6,175,,,44850.0,723.25,44126.75,45573.25,44800.0,9.504580381397668,1134,0,44700.0,6.4238910750065985,886,0,44600.0,5.865810727685539,592,2,,,,,,,,,,,,
2026-09-16T00:54:10+08:00,2026-09-16T00:53:10+08:00,60.0,live,震盪,neutral,-8.468595624558926,2026/09/15,00:53:59,45520.0,45516.0,45519.0,-3.0,72.0,0.16,20542,17,18797,2026/09/15,WTXOU6,175,,,44850.0,708.5,44141.5,45558.5,44800.0,12.781864481060753,1134,2,44700.0,6.479189653853687,886,0,44600.0,4.111767574712389,592,0,,,,,,,,,,,,
2026-09-16T00:55:10+08:00,2026-09-16T00:54:10+08:00,60.0,live,震盪,neutral,2.8169014084507045,2026/09/15,00:55:00,45521.0,45520.0,45525.0,1.0,71.0,0.16,20552,10,18797,2026/09/15,WTXOU6,175,,,44850.0,710.0,44140.0,45560.0,44800.0,9.559047742111556,1134,0,44700.0,6.460704103917787,886,0,44600.0,4.100036434108725,592,0,,,,,,,,,,,,
2026-09-16T00:56:10+08:00,2026-09-16T00:55:10+08:00,60.0,live,震盪,neutral,-5.553627212773342,2026/09/15,00:55:59,45519.0,45513.0,45518.0,-2.0,73.0,0.16,20564,12,18797,2026/09/15,WTXOU6,175,,,44850.0,720.25,44129.75,45570.25,44800.0,9.613827235845955,1134,0,44700.0,6.497728095169681,886,0,44600.0,4.123532280788474,592,0,,,,,,,,,,,,
2026-09-16T00:57:10+08:00,2026-09-16T00:56:10+08:00,60.0,live,溫和偏空,mild_bear,-31.172511512575273,2026/09/15,00:56:53,45508.0,45500.0,45505.0,-11.0,84.0,0.18,20570,6,18797,2026/09/15,WTXOU6,175,,,44850.0,705.75,44144.25,45555.75,44800.0,9.92077428008892,1134,0,44700.0,6.705185373543716,886,0,44600.0,4.25518703330048,592,0,,,,,,,,,,,,
2026-09-16T00:58:10+08:00,2026-09-16T00:57:10+08:00,60.0,live,溫和偏空,mild_bear,-16.991150442477874,2026/09/15,00:57:55,45502.0,45495.0,45499.0,-6.0,90.0,0.2,20573,3,18797,2026/09/15,WTXOU6,175,,,44850.0,706.25,44143.75,45556.25,44800.0,10.092310808546076,1134,0,44700.0,6.821122314468565,886,0,44600.0,4.328761936934085,592,0,,,,,,,,,,,,
2026-09-16T00:59:10+08:00,2026-09-16T00:58:10+08:00,60.0,live,震盪,neutral,-8.471584892340275,2026/09/15,00:59:05,45499.0,45497.0,45500.0,-3.0,93.0,0.2,20587,14,18797,2026/09/15,WTXOU6,175,,,44850.0,708.25,44141.75,45558.25,44800.0,9.487984834722731,1134,0,44700.0,8.970523832447958,886,1,44500.0,4.319771033084595,1335,0,,,,,,,,,,,,
2026-09-16T01:00:10+08:00,2026-09-16T00:59:10+08:00,60.0,live,震盪,neutral,-2.831858407079646,2026/09/15,00:59:49,45498.0,45497.0,45501.0,-1.0,94.0,0.21,20591,4,18797,2026/09/15,WTXOU6,175,,,44850.0,706.25,44143.75,45556.25,44800.0,9.515132126199363,1134,0,44700.0,6.439085381930984,886,0,44500.0,5.7761745127451745,1335,7,,,,,,,,,,,,
2026-09-16T01:01:10+08:00,2026-09-16T01:00:10+08:00,60.0,live,震盪,neutral,-14.270424545130217,2026/09/15,01:00:52,45493.0,45494.0,45499.0,-5.0,99.0,0.22,20649,58,18797,2026/09/15,WTXOU6,175,,,44850.0,700.75,44149.25,45550.75,44800.0,13.103769089811736,1134,1,44700.0,6.5317325055009325,886,0,44500.0,4.394462635355227,1335,0,,,,,,,,,,,,
2026-09-16T01:02:10+08:00,2026-09-16T01:01:10+08:00,60.0,live,震盪,neutral,8.171603677221656,2026/09/15,01:02:06,45496.0,45498.0,45503.0,3.0,96.0,0.21,20700,51,18797,2026/09/15,WTXOU6,175,,,44800.0,734.25,44065.75,45534.25,44800.0,9.569659955199823,1134,0,44700.0,9.047744509706684,886,1,44500.0,4.356956781766386,1335,0,,,,,,,,,,,,
2026-09-16T01:03:10+08:00,2026-09-16T01:02:10+08:00,60.0,live,溫和偏多,mild_bull,23.38326635001827,2026/09/15,01:02:50,45504.0,45494.0,45497.0,8.0,88.0,0.19,20774,74,18797,2026/09/15,WTXOU6,175,,,44850.0,684.25,44165.75,45534.25,44800.0,10.03480492008565,1134,0,44700.0,9.295898305407098,886,3,44600.0,4.304096693677182,592,0,,,,,,,,,,,,
2026-09-16T01:04:10+08:00,2026-09-16T01:03:10+08:00,60.0,live,震盪,neutral,-14.15929203539823,2026/09/15,01:04:07,45499.0,45497.0,45500.0,-5.0,93.0,0.2,20811,37,18797,2026/09/15,WTXOU6,175,,,44850.0,706.25,44143.75,45556.25,44800.0,9.487984834722731,1134,0,44700.0,6.420714252094027,886,0,44500.0,4.319771033084595,1335,0,,,,,,,,,,,,
2026-09-16T01:05:10+08:00,2026-09-16T01:04:10+08:00,60.0,live,強勢偏空,strong_bear,-54.735325891249566,2026/09/15,01:04:59,45480.0,45482.0,45486.0,-19.0,112.0,0.25,20884,73,18797,2026/09/15,WTXOU6,175,,,44850.0,694.25,44155.75,45544.25,44800.0,10.017283570721181,1134,0,44700.0,6.778901580282343,886,0,44500.0,4.560754696891348,1335,0,,,,,,,,,,,,
2026-09-16T01:06:10+08:00,2026-09-16T01:05:10+08:00,60.0,live,震盪,neutral,14.409221902017292,2026/09/15,01:05:45,45485.0,45482.0,45486.0,5.0,107.0,0.23,20896,12,18797,2026/09/15,WTXOU6,175,,,44850.0,694.0,44156.0,45544.0,44800.0,9.875196841353404,1134,0,44700.0,6.682748571590086,886,0,44500.0,4.496064233278629,1335,0,,,,,,,,,,,,
2026-09-16T01:07:10+08:00,2026-09-16T01:06:10+08:00,60.0,live,溫和偏多,mild_bull,28.66356144750985,2026/09/15,01:06:47,45495.0,45494.0,45498.0,10.0,97.0,0.21,20908,12,18797,2026/09/15,WTXOU6,175,,,44850.0,697.75,44152.25,45547.75,44800.0,9.597040937849092,1134,0,44700.0,6.494514757450941,886,0,44500.0,4.369423030160126,1335,0,,,,,,,,,,,,
2026-09-16T01:08:10+08:00,2026-09-16T01:07:10+08:00,60.0,live,溫和偏多,mild_bull,36.56821378340366,2026/09/15,01:07:34,45508.0,45499.0,45504.0,13.0,84.0,0.18,20914,6,18797,2026/09/15,WTXOU6,175,,,44850.0,711.0,44139.0,45561.0,44800.0,13.22769904011856,1134,2,44700.0,6.705185373543716,886,0,44600.0,4.25518703330048,592,0,,,,,,,,,,,,
2026-09-16T01:09:10+08:00,2026-09-16T01:08:10+08:00,60.0,live,溫和偏空,mild_bear,-17.00921332388377,2026/09/15,01:08:49,45502.0,45500.0,45502.0,-6.0,90.0,0.2,20919,5,18797,2026/09/15,WTXOU6,175,,,44850.0,705.5,44144.5,45555.5,44800.0,10.092310808546076,1134,0,44700.0,9.349169783562116,886,4,44600.0,4.328761936934085,592,0,,,,,,,,,,,,
2026-09-16T01:10:10+08:00,2026-09-16T01:09:10+08:00,60.0,live,溫和偏空,mild_bear,-25.6045519203414,2026/09/15,01:09:58,45493.0,45493.0,45497.0,-9.0,99.0,0.22,20929,10,18797,2026/09/15,WTXOU6,175,,,44850.0,703.0,44147.0,45553.0,44800.0,9.652038157039415,1134,0,44700.0,9.125629923284908,886,2,44500.0,5.430247411732089,1335,1,,,,,,,,,,,,
2026-09-16T01:11:10+08:00,2026-09-16T01:10:10+08:00,60.0,live,溫和偏多,mild_bull,36.7621067515023,2026/09/15,01:11:02,45506.0,45504.0,45508.0,13.0,86.0,0.19,20934,5,18797,2026/09/15,WTXOU6,175,,,44850.0,707.25,44142.75,45557.25,44800.0,9.97762669961627,1134,0,44700.0,6.743610399766768,886,0,44600.0,4.27957199273556,592,0,,,,,,,,,,,,
2026-09-16T01:12:10+08:00,2026-09-16T01:11:10+08:00,60.0,live,震盪,neutral,-11.383849163998576,2026/09/15,01:12:05,45502.0,45498.0,45503.0,-4.0,90.0,0.2,20938,4,18797,2026/09/15,WTXOU6,175,,,44850.0,702.75,44147.25,45552.75,44800.0,13.456414411394768,1134,1,44700.0,6.821122314468565,886,0,44600.0,4.328761936934085,592,0,,,,,,,,,,,,
2026-09-16T01:13:10+08:00,2026-09-16T01:12:10+08:00,60.0,live,震盪,neutral,-14.224751066856332,2026/09/15,01:13:04,45497.0,45496.0,45500.0,-5.0,95.0,0.21,20941,3,18797,2026/09/15,WTXOU6,175,,,44850.0,703.0,44147.0,45553.0,44800.0,10.832163555890741,1134,1,44700.0,9.021930705531041,886,7,44500.0,4.3445261003909765,1335,0,,,,,,,,,,,,
2026-09-16T01:14:10+08:00,2026-09-16T01:13:10+08:00,60.0,live,震盪,neutral,-5.956813104988831,2026/09/15,01:14:02,45495.0,45495.0,45500.0,-2.0,97.0,0.21,21068,127,18797,2026/09/15,WTXOU6,175,,,44850.0,671.5,44178.5,45521.5,44800.0,12.399308645829342,1134,2,44700.0,9.07363217307143,886,3,44500.0,4.369423030160126,1335,0,,,,,,,,,,,,
2026-09-16T01:15:10+08:00,2026-09-16T01:14:10+08:00,60.0,live,溫和偏空,mild_bear,-28.510334996436203,2026/09/15,01:14:53,45485.0,45484.0,45489.0,-10.0,107.0,0.23,21069,1,18797,2026/09/15,WTXOU6,175,,,44850.0,701.5,44148.5,45551.5,44800.0,9.875196841353404,1134,0,44700.0,9.33661785496143,886,5,44500.0,4.496064233278629,1335,0,,,,,,,,,,,,
2026-09-16T01:16:10+08:00,2026-09-16T01:15:10+08:00,60.0,live,震盪,neutral,0.0,2026/09/15,01:15:53,45485.0,45484.0,45489.0,0.0,107.0,0.23,21070,1,18797,2026/09/15,WTXOU6,175,,,44850.0,698.75,44151.25,45548.75,44800.0,9.875196841353404,1134,0,44700.0,9.33661785496143,886,2,44500.0,4.496064233278629,1335,0,,,,,,,,,,,,
2026-09-16T01:17:10+08:00,2026-09-16T01:16:10+08:00,60.0,live,震盪,neutral,14.260249554367205,2026/09/15,01:17:04,45490.0,45490.0,45493.0,5.0,102.0,0.22,21084,14,18797,2026/09/15,WTXOU6,175,,,44850.0,701.25,44148.75,45551.25,44800.0,9.73512549255461,1134,0,44700.0,9.204185795411304,886,1,44500.0,4.4322913494000895,1335,0,,,,,,,,,,,,
2026-09-16T01:18:10+08:00,2026-09-16T01:17:10+08:00,60.0,live,震盪,neutral,0.0,2026/09/15,01:17:18,45490.0,45484.0,45488.0,0.0,102.0,0.22,21085,1,18797,2026/09/15,WTXOU6,175,,,44850.0,698.75,44151.25,45548.75,44850.0,10.632394410760746,536,1,44700.0,9.204185795411304,886,1,44600.0,6.156410988999384,592,1,,,,,,,,,,,,
2026-09-16T01:19:10+08:00,2026-09-16T01:18:10+08:00,60.0,live,震盪,neutral,-11.457214464733262,2026/09/15,01:18:32,45486.0,45486.0,45491.0,-4.0,106.0,0.23,21091,6,18797,2026/09/15,WTXOU6,175,,,44850.0,698.25,44151.75,45548.25,44800.0,9.847022261800989,1134,0,44700.0,6.663682254808371,886,0,44500.0,4.483236669286912,1335,0,,,,,,,,,,,,
2026-09-16T01:20:10+08:00,2026-09-16T01:19:10+08:00,60.0,live,震盪,neutral,11.424491253123884,2026/09/15,01:20:08,45490.0,45488.0,45493.0,4.0,102.0,0.22,21099,8,18797,2026/09/15,WTXOU6,175,,,44850.0,700.25,44149.75,45550.25,44800.0,9.73512549255461,1134,0,44700.0,9.204185795411304,886,5,44500.0,5.093018332956281,1335,1,,,,,,,,,,,,
2026-09-16T01:21:10+08:00,2026-09-16T01:20:10+08:00,60.0,live,震盪,neutral,-2.856122813280971,2026/09/15,01:20:17,45489.0,45488.0,45493.0,-1.0,103.0,0.23,21100,1,18797,2026/09/15,WTXOU6,175,,,44850.0,700.25,44149.75,45550.25,44800.0,9.762979909895245,1134,0,44700.0,6.606809068767226,886,0,44500.0,4.444973147196729,1335,0,,,,,,,,,,,,
2026-09-16T01:22:10+08:00,2026-09-16T01:21:10+08:00,60.0,live,震盪,neutral,-5.77408877661494,2026/09/15,01:21:28,45487.0,45483.0,45487.0,-2.0,105.0,0.23,21103,3,18797,2026/09/15,WTXOU6,175,,,44850.0,692.75,44157.25,45542.75,44800.0,9.818928066158458,1134,0,44700.0,6.644670335469819,886,0,44500.0,4.470445703170453,1335,0,,,,,,,,,,,,
2026-09-16T01:23:10+08:00,2026-09-16T01:22:10+08:00,60.0,live,震盪,neutral,-14.435221941537351,2026/09/15,01:22:58,45482.0,45482.0,45484.0,-5.0,110.0,0.24,21115,12,18797,2026/09/15,WTXOU6,175,,,44850.0,692.75,44157.25,45542.75,44800.0,9.960205186729423,1134,0,44700.0,6.740275465257247,886,0,44500.0,4.534767561153048,1335,0,,,,,,,,,,,,
2026-09-16T01:24:10+08:00,2026-09-16T01:23:10+08:00,60.0,live,震盪,neutral,14.440433212996389,2026/09/15,01:23:47,45487.0,45485.0,45490.0,5.0,105.0,0.23,21129,14,18797,2026/09/15,WTXOU6,175,,,44850.0,692.5,44157.5,45542.5,44800.0,9.818928066158458,1134,0,44700.0,6.644670335469819,886,0,44500.0,4.470445703170453,1335,0,,,,,,,,,,,,
2026-09-16T01:25:10+08:00,2026-09-16T01:24:10+08:00,60.0,live,強勢偏空,strong_bear,-49.743964886613014,2026/09/15,01:25:04,45470.0,45471.0,45474.0,-17.0,122.0,0.27,21186,57,18797,2026/09/15,WTXOU6,175,,,44850.0,683.5,44166.5,45533.5,44800.0,13.993797438241499,1134,3,44700.0,9.74545688095905,886,3,44500.0,4.6929413627179155,1335,0,,,,,,,,,,,,
2026-09-16T01:26:10+08:00,2026-09-16T01:25:10+08:00,60.0,live,溫和偏多,mild_bull,44.83586869495596,2026/09/15,01:25:48,45484.0,45479.0,45484.0,14.0,108.0,0.24,21259,73,18797,2026/09/15,WTXOU6,175,,,44800.0,624.5,44175.5,45424.5,44800.0,9.903452034812425,1134,0,44700.0,6.701869441458475,886,0,44500.0,4.5089284998604855,1335,0,,,,,,,,,,,,
2026-09-16T01:27:10+08:00,2026-09-16T01:26:10+08:00,60.0,live,溫和偏多,mild_bull,17.435524881946964,2026/09/15,01:26:38,45490.0,45486.0,45488.0,6.0,102.0,0.22,21261,2,18797,2026/09/15,WTXOU6,175,,,44850.0,688.25,44161.75,45538.25,44800.0,9.73512549255461,1134,0,44700.0,9.204185795411304,886,2,44500.0,4.4322913494000895,1335,0,,,,,,,,,,,,
2026-09-16T01:28:10+08:00,2026-09-16T01:27:10+08:00,60.0,live,震盪,neutral,-2.906976744186047,2026/09/15,01:28:02,45489.0,45485.0,45489.0,-1.0,103.0,0.23,21269,8,18797,2026/09/15,WTXOU6,175,,,44850.0,688.0,44162.0,45538.0,44800.0,12.78662582552985,1134,3,44700.0,7.918665070894854,886,1,44600.0,6.174025886839088,592,4,,,,,,,,,,,,
2026-09-16T01:29:09+08:00,2026-09-16T01:28:10+08:00,59.0,live,震盪,neutral,2.895403546869345,2026/09/15,01:28:39,45490.0,45486.0,45491.0,1.0,102.0,0.22,21277,8,18797,2026/09/15,WTXOU6,175,,,44850.0,690.75,44159.25,45540.75,44800.0,13.21656985180259,1134,2,44700.0,6.58795941233141,886,0,44600.0,5.580572751433921,592,1,,,,,,,,,,,,
2026-09-16T01:30:10+08:00,2026-09-16T01:29:09+08:00,61.0,live,震盪,neutral,11.387900355871885,2026/09/15,01:29:55,45494.0,45494.0,45497.0,4.0,98.0,0.21,21290,13,18797,2026/09/15,WTXOU6,175,,,44850.0,702.5,44147.5,45552.5,44800.0,9.624500263742984,1134,0,44700.0,6.51309704738827,886,0,44500.0,4.381924947337562,1335,0,,,,,,,,,,,,
2026-09-16T01:31:10+08:00,2026-09-16T01:30:10+08:00,60.0,live,強勢偏多,strong_bull,45.632798573975045,2026/09/15,01:31:07,45510.0,45505.0,45510.0,16.0,82.0,0.18,21309,19,18797,2026/09/15,WTXOU6,175,,,44850.0,701.25,44148.75,45551.25,44800.0,13.152327740124015,1134,2,44700.0,6.666979292744959,886,0,44600.0,4.2309410191262025,592,0,,,,,,,,,,,,
2026-09-16T01:32:10+08:00,2026-09-16T01:31:10+08:00,60.0,live,震盪,neutral,-8.492569002123144,2026/09/15,01:32:06,45507.0,45506.0,45510.0,-3.0,85.0,0.19,21336,27,18797,2026/09/15,WTXOU6,175,,,44850.0,706.5,44143.5,45556.5,44800.0,13.265546508012172,1134,2,44700.0,8.486614355544006,886,1,44600.0,4.2673620952017,592,0,,,,,,,,,,,,
2026-09-16T01:33:10+08:00,2026-09-16T01:32:10+08:00,60.0,live,震盪,neutral,2.892263195950832,2026/09/15,01:32:55,45508.0,45510.0,45513.0,1.0,84.0,0.18,21351,15,18797,2026/09/15,WTXOU6,175,,,44850.0,691.5,44158.5,45541.5,44800.0,9.92077428008892,1134,0,44700.0,6.705185373543716,886,0,44600.0,4.25518703330048,592,0,,,,,,,,,,,,
2026-09-16T01:34:09+08:00,2026-09-16T01:33:10+08:00,59.0,live,溫和偏多,mild_bull,22.401120056002803,2026/09/15,01:33:59,45516.0,45513.0,45518.0,8.0,76.0,0.17,21372,21,18797,2026/09/15,WTXOU6,175,,,44850.0,714.25,44135.75,45564.25,44800.0,12.92878085532522,1134,2,44700.0,6.553662282907649,886,0,44600.0,5.984307964728106,592,2,,,,,,,,,,,,
2026-09-16T01:35:10+08:00,2026-09-16T01:34:09+08:00,61.0,live,溫和偏空,mild_bear,-19.676739283204498,2026/09/15,01:34:50,45509.0,45503.0,45507.0,-7.0,83.0,0.18,21379,7,18797,2026/09/15,WTXOU6,175,,,44850.0,711.5,44138.5,45561.5,44800.0,12.224147126102986,1134,1,44700.0,6.686055043105192,886,0,44600.0,6.1051990047484015,592,2,,,,,,,,,,,,
2026-09-16T01:36:10+08:00,2026-09-16T01:35:10+08:00,60.0,live,震盪,neutral,14.255167498218102,2026/09/15,01:35:50,45514.0,45508.0,45512.0,5.0,78.0,0.17,21386,7,18797,2026/09/15,WTXOU6,175,,,44850.0,701.5,44148.5,45551.5,44800.0,9.752153315881943,1134,0,44700.0,6.5912189843332865,886,0,44600.0,4.182862664236244,592,0,,,,,,,,,,,,
2026-09-16T01:37:10+08:00,2026-09-16T01:36:10+08:00,60.0,live,溫和偏空,mild_bear,-22.487702037947997,2026/09/15,01:36:43,45506.0,45502.0,45507.0,-8.0,86.0,0.19,21389,3,18797,2026/09/15,WTXOU6,175,,,44850.0,711.5,44138.5,45561.5,44800.0,9.97762669961627,1134,0,44700.0,6.743610399766768,886,0,44600.0,4.27957199273556,592,0,,,,,,,,,,,,
2026-09-16T01:38:10+08:00,2026-09-16T01:37:10+08:00,60.0,live,震盪,neutral,0.0,2026/09/15,01:36:43,45506.0,45501.0,45505.0,0.0,86.0,0.19,21389,0,18797,2026/09/15,WTXOU6,175,,,44850.0,709.0,44141.0,45559.0,44800.0,9.97762669961627,1134,0,44700.0,6.743610399766768,886,0,44600.0,4.27957199273556,592,0,,,,,,,,,,,,
2026-09-16T01:39:10+08:00,2026-09-16T01:38:10+08:00,60.0,live,震盪,neutral,0.0,2026/09/15,01:36:43,45506.0,45498.0,45502.0,0.0,86.0,0.19,21389,0,18797,2026/09/15,WTXOU6,175,,,44850.0,706.5,44143.5,45556.5,44800.0,9.97762669961627,1134,0,44700.0,9.242930367614546,886,4,44600.0,4.27957199273556,592,0,,,,,,,,,,,,
2026-09-16T01:40:10+08:00,2026-09-16T01:39:10+08:00,60.0,live,震盪,neutral,0.0,2026/09/15,01:36:43,45506.0,45497.0,45500.0,0.0,86.0,0.19,21389,0,18797,2026/09/15,WTXOU6,175,,,44850.0,706.25,44143.75,45556.25,44800.0,9.97762669961627,1134,0,44700.0,6.743610399766768,886,0,44600.0,4.27957199273556,592,0,,,,,,,,,,,,
2026-09-16T01:41:10+08:00,2026-09-16T01:40:10+08:00,60.0,live,溫和偏空,mild_bear,-40.11461318051577,2026/09/15,01:41:08,45492.0,45490.0,45494.0,-14.0,100.0,0.22,21394,5,18797,2026/09/15,WTXOU6,175,,,44850.0,698.0,44152.0,45548.0,44800.0,13.141261965814419,1134,2,44700.0,6.550421283915216,886,0,44500.0,4.407036196561668,1335,0,,,,,,,,,,,,
2026-09-16T01:42:10+08:00,2026-09-16T01:41:10+08:00,60.0,live,震盪,neutral,11.461318051575933,2026/09/15,01:41:24,45496.0,45491.0,45495.0,4.0,96.0,0.21,21403,9,18797,2026/09/15,WTXOU6,175,,,44850.0,698.0,44152.0,45548.0,44800.0,9.569659955199823,1134,0,44700.0,6.475985483996674,886,0,44500.0,4.356956781766386,1335,0,,,,,,,,,,,,
2026-09-16T01:43:10+08:00,2026-09-16T01:42:10+08:00,60.0,live,溫和偏空,mild_bear,-23.071377072819033,2026/09/15,01:42:27,45488.0,45486.0,45491.0,-8.0,104.0,0.23,21440,37,18797,2026/09/15,WTXOU6,175,,,44850.0,693.5,44156.5,45543.5,44800.0,9.790914025085279,1134,0,44700.0,6.625712658374991,886,0,44500.0,4.457691230513128,1335,0,,,,,,,,,,,,
2026-09-16T01:44:10+08:00,2026-09-16T01:43:10+08:00,60.0,live,震盪,neutral,5.747126436781609,2026/09/15,01:43:55,45490.0,45495.0,45499.0,2.0,102.0,0.22,21450,10,18797,2026/09/15,WTXOU6,175,,,44850.0,696.0,44154.0,45546.0,44800.0,9.73512549255461,1134,0,44700.0,6.58795941233141,886,0,44500.0,4.4322913494000895,1335,0,,,,,,,,,,,,
2026-09-16T01:45:09+08:00,2026-09-16T01:44:10+08:00,59.0,live,溫和偏多,mild_bull,17.17352415026834,2026/09/15,01:45:02,45496.0,45494.0,45498.0,6.0,96.0,0.21,21455,5,18797,2026/09/15,WTXOU6,175,,,44850.0,698.75,44151.25,45548.75,44800.0,9.569659955199823,1134,0,44700.0,6.475985483996674,886,0,44500.0,4.356956781766386,1335,0,,,,,,,,,,,,
2026-09-16T01:46:10+08:00,2026-09-16T01:45:09+08:00,61.0,live,溫和偏多,mild_bull,20.057306590257884,2026/09/15,01:46:03,45503.0,45502.0,45506.0,7.0,89.0,0.2,21457,2,18797,2026/09/15,WTXOU6,175,,,44850.0,698.0,44152.0,45548.0,44800.0,10.063516788709194,1134,0,44700.0,6.80166120838904,886,0,44600.0,4.3164116972867195,592,0,,,,,,,,,,,,
2026-09-16T01:47:09+08:00,2026-09-16T01:46:10+08:00,59.0,live,溫和偏空,mild_bear,-20.107719928186718,2026/09/15,01:46:41,45496.0,45493.0,45495.0,-7.0,96.0,0.21,21460,3,18797,2026/09/15,WTXOU6,175,,,44850.0,696.25,44153.75,45546.25,44800.0,9.569659955199823,1134,0,44700.0,9.047744509706684,886,1,44500.0,4.356956781766386,1335,0,,,,,,,,,,,,
2026-09-16T01:48:10+08:00,2026-09-16T01:47:09+08:00,61.0,live,震盪,neutral,-5.747126436781609,2026/09/15,01:47:36,45494.0,45492.0,45497.0,-2.0,98.0,0.21,21462,2,18797,2026/09/15,WTXOU6,175,,,44850.0,696.0,44154.0,45546.0,44800.0,9.624500263742984,1134,0,44700.0,9.099593906953283,886,1,44500.0,4.381924947337562,1335,0,,,,,,,,,,,,
2026-09-16T01:49:10+08:00,2026-09-16T01:48:10+08:00,60.0,live,震盪,neutral,-8.623787279913762,2026/09/15,01:48:15,45491.0,45488.0,45493.0,-3.0,101.0,0.22,21463,1,18797,2026/09/15,WTXOU6,175,,,44850.0,695.75,44154.25,45545.75,44800.0,9.707350545680224,1134,0,44700.0,9.17792565406181,886,2,44500.0,5.892860978131021,1335,2,,,,,,,,,,,,
2026-09-16T01:50:09+08:00,2026-09-16T01:49:10+08:00,59.0,live,震盪,neutral,0.0,2026/09/15,01:48:15,45491.0,45489.0,45492.0,0.0,101.0,0.22,21463,0,18797,2026/09/15,WTXOU6,175,,,44850.0,696.0,44154.0,45546.0,44800.0,13.178862117497962,1134,1,44700.0,6.5691635351926845,886,0,44600.0,6.1388463476101025,592,1,,,,,,,,,,,,
2026-09-16T01:51:09+08:00,2026-09-16T01:50:09+08:00,60.0,live,震盪,neutral,5.7533261416756565,2026/09/15,01:51:00,45493.0,45495.0,45499.0,2.0,99.0,0.22,21466,3,18797,2026/09/15,WTXOU6,175,,,44850.0,695.25,44154.75,45545.25,44800.0,9.652038157039415,1134,0,44700.0,6.5317325055009325,886,0,44600.0,6.103867261052203,592,1,,,,,,,,,,,,
2026-09-16T01:52:10+08:00,2026-09-16T01:51:09+08:00,61.0,live,震盪,neutral,8.629989212513484,2026/09/15,01:51:50,45496.0,45494.0,45498.0,3.0,96.0,0.21,21469,3,18797,2026/09/15,WTXOU6,175,,,44850.0,695.25,44154.75,45545.25,44800.0,12.991931059607445,1134,1,44700.0,6.475985483996674,886,0,44500.0,4.356956781766386,1335,0,,,,,,,,,,,,
2026-09-16T01:53:09+08:00,2026-09-16T01:52:10+08:00,59.0,live,震盪,neutral,0.0,2026/09/15,01:51:50,45496.0,45496.0,45500.0,0.0,96.0,0.21,21469,0,18797,2026/09/15,WTXOU6,175,,,44850.0,688.0,44162.0,45538.0,44800.0,9.569659955199823,1134,0,44700.0,6.475985483996674,886,0,44500.0,5.809275709021848,1335,2,,,,,,,,,,,,
2026-09-16T01:54:09+08:00,2026-09-16T01:53:09+08:00,60.0,live,溫和偏多,mild_bull,28.64303616183315,2026/09/15,01:53:53,45506.0,45501.0,45505.0,10.0,86.0,0.19,21472,3,18797,2026/09/15,WTXOU6,175,,,44850.0,698.25,44151.75,45548.25,44800.0,9.97762669961627,1134,0,44700.0,6.743610399766768,886,0,44600.0,6.157754196702819,592,1,,,,,,,,,,,,
2026-09-16T01:55:09+08:00,2026-09-16T01:54:09+08:00,60.0,live,震盪,neutral,14.179369018078694,2026/09/15,01:55:03,45511.0,45508.0,45513.0,5.0,81.0,0.18,21478,6,18797,2026/09/15,WTXOU6,175,,,44850.0,705.25,44144.75,45555.25,44800.0,9.836102469560055,1134,0,44700.0,6.647957966742512,886,0,44600.0,4.218869868926364,592,0,,,,,,,,,,,,
2026-09-16T01:56:10+08:00,2026-09-16T01:55:09+08:00,61.0,live,震盪,neutral,0.0,2026/09/15,01:55:53,45511.0,45510.0,45514.0,0.0,81.0,0.18,21480,2,18797,2026/09/15,WTXOU6,175,,,44850.0,709.5,44140.5,45559.5,44800.0,12.154494055117276,1134,2,44700.0,9.111827186154553,886,4,44600.0,4.218869868926364,592,0,,,,,,,,,,,,
2026-09-16T01:57:10+08:00,2026-09-16T01:56:10+08:00,60.0,live,溫和偏多,mild_bull,36.3001745200698,2026/09/15,01:56:55,45524.0,45520.0,45525.0,13.0,68.0,0.15,21505,25,18797,2026/09/15,WTXOU6,175,,,44850.0,716.25,44133.75,45566.25,44800.0,12.636617592981295,1134,5,44700.0,6.405563295516584,886,0,44600.0,4.065043448852823,592,0,,,,,,,,,,,,
2026-09-16T01:58:10+08:00,2026-09-16T01:57:10+08:00,60.0,live,震盪,neutral,-14.059753954305801,2026/09/15,01:57:51,45519.0,45514.0,45518.0,-5.0,73.0,0.16,21515,10,18797,2026/09/15,WTXOU6,175,,,44850.0,711.25,44138.75,45561.25,44800.0,9.613827235845955,1134,0,44700.0,6.497728095169681,886,0,44600.0,5.933233101433132,592,3,,,,,,,,,,,,
2026-09-16T01:59:10+08:00,2026-09-16T01:58:10+08:00,60.0,live,溫和偏多,mild_bull,16.70146137787056,2026/09/15,01:59:06,45525.0,45525.0,45529.0,6.0,67.0,0.15,21523,8,18797,2026/09/15,WTXOU6,175,,,44850.0,718.5,44131.5,45568.5,44800.0,9.450423375173386,1134,0,44700.0,8.754547331838324,886,1,44600.0,4.053445615222397,592,0,,,,,,,,,,,,
2026-09-16T02:00:09+08:00,2026-09-16T01:59:10+08:00,59.0,live,溫和偏多,mild_bull,27.826086956521745,2026/09/15,02:00:04,45535.0,45528.0,45532.0,10.0,57.0,0.13,21528,5,18797,2026/09/15,WTXOU6,175,,,44850.0,718.75,44131.25,45568.75,44800.0,9.184232118973643,1134,0,44700.0,6.207376272532284,886,0,44600.0,3.9392717060314135,592,0,,,,,,,,,,,,
2026-09-16T02:01:09+08:00,2026-09-16T02:00:09+08:00,60.0,live,強勢偏空,strong_bear,-61.366806136680616,2026/09/15,02:00:41,45513.0,45516.0,45520.0,-22.0,79.0,0.17,21541,13,18797,2026/09/15,WTXOU6,175,,,44850.0,717.0,44133.0,45567.0,44800.0,13.040075271618573,1134,1,44700.0,6.610077967149022,886,0,44600.0,4.194830789600142,592,0,,,,,,,,,,,,
2026-09-16T02:02:10+08:00,2026-09-16T02:01:09+08:00,61.0,live,溫和偏多,mild_bull,19.464720194647207,2026/09/15,02:01:53,45520.0,45519.0,45523.0,7.0,72.0,0.16,21546,5,18797,2026/09/15,WTXOU6,175,,,44850.0,719.25,44130.75,45569.25,44800.0,9.586398360795565,1134,0,44700.0,6.479189653853687,886,0,44600.0,5.916305201087966,592,1,,,,,,,,,,,,
2026-09-16T02:03:10+08:00,2026-09-16T02:02:10+08:00,60.0,live,震盪,neutral,8.336227856894753,2026/09/15,02:03:00,45523.0,45518.0,45523.0,3.0,69.0,0.15,21550,4,18797,2026/09/15,WTXOU6,175,,,44850.0,719.75,44130.25,45569.75,44800.0,12.672773841863558,1134,1,44700.0,6.4238910750065985,886,0,44600.0,4.076674466533977,592,0,,,,,,,,,,,,
2026-09-16T02:04:09+08:00,2026-09-16T02:03:10+08:00,59.0,live,震盪,neutral,-8.459640465280227,2026/09/15,02:03:16,45520.0,45514.0,45519.0,-3.0,72.0,0.16,21552,2,18797,2026/09/15,WTXOU6,175,,,44850.0,709.25,44140.75,45559.25,44800.0,9.586398360795565,1134,0,44700.0,6.479189653853687,886,0,44600.0,5.916305201087966,592,7,,,,,,,,,,,,
2026-09-16T02:05:10+08:00,2026-09-16T02:04:09+08:00,61.0,live,震盪,neutral,2.7748872702046476,2026/09/15,02:04:58,45521.0,45520.0,45522.0,1.0,71.0,0.16,21554,2,18797,2026/09/15,WTXOU6,175,,,44850.0,720.75,44129.25,45570.75,44800.0,9.559047742111556,1134,0,44700.0,7.7592873030651095,886,5,44600.0,5.899425597144642,592,17,,,,,,,,,,,,
2026-09-16T02:06:10+08:00,2026-09-16T02:05:10+08:00,60.0,live,溫和偏多,mild_bull,16.64932362122789,2026/09/15,02:05:54,45527.0,45523.0,45528.0,6.0,65.0,0.14,21575,21,18797,2026/09/15,WTXOU6,175,,,44850.0,720.75,44129.25,45570.75,44800.0,11.611368911921126,1134,1,44700.0,6.350893102810239,886,0,44600.0,4.030349121678818,592,0,,,,,,,,,,,,
2026-09-16T02:07:10+08:00,2026-09-16T02:06:10+08:00,60.0,live,震盪,neutral,5.553627212773342,2026/09/15,02:06:30,45529.0,45527.0,45532.0,2.0,63.0,0.14,21579,4,18797,2026/09/15,WTXOU6,175,,,44850.0,720.25,44129.75,45570.25,44800.0,12.45737781691007,1134,1,44700.0,6.314705775911325,886,0,44600.0,4.0073842317299695,592,0,,,,,,,,,,,,
2026-09-16T02:08:09+08:00,2026-09-16T02:07:10+08:00,59.0,live,溫和偏多,mild_bull,27.68166089965398,2026/09/15,02:07:58,45539.0,45537.0,45542.0,10.0,53.0,0.12,21586,7,18797,2026/09/15,WTXOU6,175,,,44850.0,722.5,44127.5,45572.5,44800.0,11.22001214433795,1134,1,44700.0,7.745109168295779,886,1,44600.0,3.8945077392839704,592,0,,,,,,,,,,,,
2026-09-16T02:09:10+08:00,2026-09-16T02:08:09+08:00,61.0,live,震盪,neutral,0.0,2026/09/15,02:07:58,45539.0,45535.0,45540.0,0.0,53.0,0.12,21586,0,18797,2026/09/15,WTXOU6,175,,,44850.0,722.5,44127.5,45572.5,44800.0,9.079866974384847,1134,0,44700.0,6.136838669191275,886,0,44600.0,5.603696214568932,592,21,,,,,,,,,,,,
2026-09-16T02:10:09+08:00,2026-09-16T02:09:10+08:00,59.0,live,震盪,neutral,5.538248528902734,2026/09/15,02:10:04,45541.0,45539.0,45543.0,2.0,51.0,0.11,21587,1,18797,2026/09/15,WTXOU6,175,,,44850.0,722.25,44127.75,45572.25,44800.0,12.037506641343255,1134,12,44700.0,7.232610135641956,886,3,44600.0,3.8723168722058494,592,0,,,,,,,,,,,,
2026-09-16T02:11:09+08:00,2026-09-16T02:10:09+08:00,60.0,live,震盪,neutral,-13.610071452875125,2026/09/15,02:10:39,45536.0,45533.0,45536.0,-5.0,56.0,0.12,21589,2,18797,2026/09/15,WTXOU6,175,,,44850.0,734.75,44115.25,45584.75,44800.0,9.15802890676219,1134,0,44700.0,8.48368314812374,886,2,44600.0,3.928032707372127,592,0,,,,,,,,,,,,
2026-09-16T02:12:10+08:00,2026-09-16T02:11:09+08:00,61.0,live,溫和偏多,mild_bull,29.6196566812521,2026/09/15,02:12:03,45547.0,45545.0,45550.0,11.0,45.0,0.1,21609,20,18797,2026/09/15,WTXOU6,175,,,44850.0,742.75,44107.25,45592.75,44850.0,9.51240811357404,536,4,44700.0,5.99815901902683,886,0,44600.0,3.8065000532488096,592,0,,,,,,,,,,,,
2026-09-16T02:13:09+08:00,2026-09-16T02:12:10+08:00,59.0,live,震盪,neutral,0.0,2026/09/15,02:12:40,45547.0,45545.0,45550.0,0.0,45.0,0.1,21621,12,18797,2026/09/15,WTXOU6,175,,,44850.0,742.5,44107.5,45592.5,44800.0,8.874681072746446,1134,0,44700.0,8.221199455511488,886,1,44600.0,3.8065000532488096,592,0,,,,,,,,,,,,
2026-09-16T02:14:10+08:00,2026-09-16T02:13:09+08:00,61.0,live,震盪,neutral,0.0,2026/09/15,02:14:08,45547.0,45543.0,45548.0,0.0,45.0,0.1,21624,3,18797,2026/09/15,WTXOU6,175,,,44850.0,722.0,44128.0,45572.0,44800.0,8.874681072746446,1134,0,44700.0,5.99815901902683,886,0,44600.0,3.8065000532488096,592,0,,,,,,,,,,,,
2026-09-16T02:15:09+08:00,2026-09-16T02:14:10+08:00,59.0,live,震盪,neutral,13.472549680026944,2026/09/15,02:14:51,45552.0,45546.0,45550.0,5.0,40.0,0.09,21630,6,18797,2026/09/15,WTXOU6,175,,,44850.0,742.25,44107.75,45592.25,44800.0,8.74880119733848,1134,0,44700.0,5.913080185905607,886,0,44600.0,3.752508056407946,592,0,,,,,,,,,,,,
2026-09-16T02:16:10+08:00,2026-09-16T02:15:09+08:00,61.0,live,溫和偏空,mild_bear,-27.192386131883072,2026/09/15,02:15:45,45542.0,45537.0,45542.0,-10.0,50.0,0.11,21634,4,18797,2026/09/15,WTXOU6,175,,,44850.0,735.5,44114.5,45585.5,44800.0,12.003162851145673,1134,3,44700.0,6.084461987051975,886,0,44600.0,4.839647183442356,592,1,,,,,,,,,,,,
2026-09-16T02:17:10+08:00,2026-09-16T02:16:10+08:00,60.0,live,溫和偏空,mild_bear,-32.910524511484404,2026/09/15,02:16:45,45530.0,45523.0,45528.0,-12.0,62.0,0.14,21643,9,18797,2026/09/15,WTXOU6,175,,,44850.0,729.25,44120.75,45579.25,44800.0,11.851973757717802,1134,2,44700.0,8.630371452350195,886,3,44600.0,5.008455260794645,592,1,,,,,,,,,,,,
2026-09-16T02:18:10+08:00,2026-09-16T02:17:10+08:00,60.0,live,震盪,neutral,-2.742543709290367,2026/09/15,02:17:47,45529.0,45528.0,45531.0,-1.0,63.0,0.14,21653,10,18797,2026/09/15,WTXOU6,175,,,44850.0,729.25,44120.75,45579.25,44800.0,9.343033362682553,1134,0,44700.0,6.314705775911325,886,0,44600.0,5.766110983206612,592,1,,,,,,,,,,,,
2026-09-16T02:19:09+08:00,2026-09-16T02:18:10+08:00,59.0,live,震盪,neutral,5.466347796378546,2026/09/15,02:18:23,45531.0,45530.0,45532.0,2.0,61.0,0.13,21654,1,18797,2026/09/15,WTXOU6,175,,,44850.0,731.75,44118.25,45581.75,44800.0,9.2897968497938,1134,0,44700.0,6.278724644047803,886,0,44600.0,3.9845501954998537,592,0,,,,,,,,,,,,
2026-09-16T02:20:10+08:00,2026-09-16T02:19:09+08:00,61.0,live,震盪,neutral,0.0,2026/09/15,02:19:17,45531.0,45534.0,45539.0,0.0,61.0,0.13,21656,2,18797,2026/09/15,WTXOU6,175,,,44850.0,731.5,44118.5,45581.5,44800.0,12.386395799725067,1134,1,44700.0,6.278724644047803,886,0,44600.0,3.9845501954998537,592,0,,,,,,,,,,,,
2026-09-16T02:21:09+08:00,2026-09-16T02:20:10+08:00,59.0,live,溫和偏多,mild_bull,32.7309921581998,2026/09/15,02:20:56,45543.0,45539.0,45543.0,12.0,49.0,0.11,21664,8,18797,2026/09/15,WTXOU6,175,,,44850.0,733.25,44116.75,45583.25,44800.0,8.976687784513214,1134,0,44700.0,6.06710262084978,886,0,44600.0,3.8502524484717013,592,0,,,,,,,,,,,,
2026-09-16T02:22:09+08:00,2026-09-16T02:21:09+08:00,60.0,live,震盪,neutral,0.0,2026/09/15,02:20:56,45543.0,45539.0,45544.0,0.0,49.0,0.11,21664,0,18797,2026/09/15,WTXOU6,175,,,44850.0,733.0,44117.0,45583.0,44800.0,11.96891704601762,1134,1,44700.0,6.06710262084978,886,0,44600.0,3.8502524484717013,592,0,,,,,,,,,,,,
2026-09-16T02:23:09+08:00,2026-09-16T02:22:09+08:00,60.0,live,震盪,neutral,2.7285129604365626,2026/09/15,02:23:00,45544.0,45536.0,45541.0,1.0,48.0,0.11,21666,2,18797,2026/09/15,WTXOU6,175,,,44850.0,733.0,44117.0,45583.0,44800.0,11.934768946401299,1134,1,44700.0,6.049792782049607,886,0,44600.0,3.839267427550187,592,0,,,,,,,,,,,,
2026-09-16T02:24:10+08:00,2026-09-16T02:23:09+08:00,61.0,live,溫和偏空,mild_bear,-21.902806297056813,2026/09/15,02:23:28,45536.0,45541.0,45545.0,-8.0,56.0,0.12,21668,2,18797,2026/09/15,WTXOU6,175,,,44850.0,730.5,44119.5,45580.5,44800.0,9.15802890676219,1134,0,44700.0,8.48368314812374,886,4,44600.0,3.928032707372127,592,0,,,,,,,,,,,,
2026-09-16T02:25:09+08:00,2026-09-16T02:24:10+08:00,59.0,live,震盪,neutral,0.0,2026/09/15,02:23:28,45536.0,45539.0,45544.0,0.0,56.0,0.12,21668,0,18797,2026/09/15,WTXOU6,175,,,44850.0,735.25,44114.75,45585.25,44800.0,9.15802890676219,1134,0,44700.0,6.189666223870784,886,0,44600.0,3.928032707372127,592,0,,,,,,,,,,,,
2026-09-16T02:26:09+08:00,2026-09-16T02:25:09+08:00,60.0,live,溫和偏多,mild_bull,32.64195851751105,2026/09/15,02:26:06,45548.0,45543.0,45548.0,12.0,44.0,0.1,21671,3,18797,2026/09/15,WTXOU6,175,,,44850.0,735.25,44114.75,45585.25,44800.0,8.849361029824436,1134,0,44700.0,5.9810458808115055,886,0,44600.0,3.7956398607595387,592,0,,,,,,,,,,,,
2026-09-16T02:27:10+08:00,2026-09-16T02:26:09+08:00,61.0,live,震盪,neutral,0.0,2026/09/15,02:26:06,45548.0,45543.0,45547.0,0.0,44.0,0.1,21671,0,18797,2026/09/15,WTXOU6,175,,,44850.0,735.25,44114.75,45585.25,44800.0,8.849361029824436,1134,0,44700.0,8.197743838190968,886,1,44600.0,3.7956398607595387,592,0,,,,,,,,,,,,
2026-09-16T02:28:10+08:00,2026-09-16T02:27:10+08:00,60.0,live,震盪,neutral,-2.720163209792587,2026/09/15,02:28:06,45547.0,45544.0,45549.0,-1.0,45.0,0.1,21673,2,18797,2026/09/15,WTXOU6,175,,,44850.0,735.25,44114.75,45585.25,44800.0,11.832908096995261,1134,1,44700.0,5.99815901902683,886,0,44600.0,3.8065000532488096,592,0,,,,,,,,,,,,
2026-09-16T02:29:09+08:00,2026-09-16T02:28:10+08:00,59.0,live,震盪,neutral,10.695187165775403,2026/09/15,02:29:02,45551.0,45548.0,45552.0,4.0,41.0,0.09,21677,4,18797,2026/09/15,WTXOU6,175,,,44850.0,748.0,44102.0,45598.0,44800.0,8.773833515613912,1134,0,44700.0,5.929998858745809,886,0,44600.0,3.7632448389545323,592,0,,,,,,,,,,,,
2026-09-16T02:30:09+08:00,2026-09-16T02:29:09+08:00,60.0,live,震盪,neutral,0.0,2026/09/15,02:29:02,45551.0,45542.0,45547.0,0.0,41.0,0.09,21677,0,18797,2026/09/15,WTXOU6,175,,,44850.0,745.5,44104.5,45595.5,44800.0,8.773833515613912,1134,0,44700.0,5.929998858745809,886,0,44600.0,3.7632448389545323,592,0,,,,,,,,,,,,
2026-09-16T02:31:09+08:00,2026-09-16T02:30:09+08:00,60.0,live,強勢偏空,strong_bear,-52.197802197802204,2026/09/15,02:30:58,45532.0,45532.0,45536.0,-19.0,60.0,0.13,21683,6,18797,2026/09/15,WTXOU6,175,,,44850.0,728.0,44122.0,45578.0,44800.0,9.263292454532102,1134,0,44700.0,6.260811033836952,886,0,44600.0,3.973182014362078,592,0,,,,,,,,,,,,
2026-09-16T02:32:10+08:00,2026-09-16T02:31:09+08:00,61.0,live,震盪,neutral,-5.4945054945054945,2026/09/15,02:32:00,45530.0,45529.0,45534.0,-2.0,62.0,0.14,21686,3,18797,2026/09/15,WTXOU6,175,,,44850.0,728.0,44122.0,45578.0,44800.0,9.316377080183408,1134,0,44700.0,6.296689509188573,886,0,44600.0,3.995950903600129,592,0,,,,,,,,,,,,
2026-09-16T02:33:09+08:00,2026-09-16T02:32:10+08:00,59.0,live,溫和偏空,mild_bear,-19.566736547868622,2026/09/15,02:33:00,45523.0,45520.0,45524.0,-7.0,69.0,0.15,21695,9,18797,2026/09/15,WTXOU6,175,,,44850.0,715.5,44134.5,45565.5,44800.0,9.504580381397668,1134,0,44700.0,6.4238910750065985,886,0,44600.0,4.076674466533977,592,0,,,,,,,,,,,,
2026-09-16T02:34:09+08:00,2026-09-16T02:33:09+08:00,60.0,live,震盪,neutral,-5.5096418732782375,2026/09/15,02:33:30,45521.0,45522.0,45526.0,-2.0,71.0,0.16,21696,1,18797,2026/09/15,WTXOU6,175,,,44850.0,726.0,44124.0,45576.0,44800.0,9.559047742111556,1134,0,44700.0,6.460704103917787,886,0,44600.0,4.100036434108725,592,0,,,,,,,,,,,,
2026-09-16T02:35:09+08:00,2026-09-16T02:34:09+08:00,60.0,live,震盪,neutral,5.547850208044383,2026/09/15,02:35:02,45523.0,45522.0,45526.0,2.0,69.0,0.15,21701,5,18797,2026/09/15,WTXOU6,175,,,44850.0,721.0,44129.0,45571.0,44800.0,9.504580381397668,1134,0,44700.0,6.4238910750065985,886,0,44600.0,4.076674466533977,592,0,,,,,,,,,,,,
2026-09-16T02:36:09+08:00,2026-09-16T02:35:09+08:00,60.0,live,震盪,neutral,-2.7835768963117604,2026/09/15,02:35:46,45522.0,45519.0,45524.0,-1.0,70.0,0.15,21704,3,18797,2026/09/15,WTXOU6,175,,,44850.0,718.5,44131.5,45568.5,44800.0,9.531775156523429,1134,0,44700.0,6.442271294459428,886,0,44600.0,4.088338763213007,592,0,,,,,,,,,,,,
2026-09-16T02:37:09+08:00,2026-09-16T02:36:09+08:00,60.0,live,溫和偏空,mild_bear,-28.03083391730904,2026/09/15,02:37:04,45512.0,45510.0,45513.0,-10.0,80.0,0.18,21709,5,18797,2026/09/15,WTXOU6,175,,,44850.0,713.5,44136.5,45563.5,44800.0,9.808039428795764,1134,0,44700.0,9.085830549930646,886,2,44600.0,4.206833158503986,592,0,,,,,,,,,,,,
2026-09-16T02:38:09+08:00,2026-09-16T02:37:09+08:00,60.0,live,溫和偏空,mild_bear,-19.81599433828733,2026/09/15,02:37:45,45505.0,45507.0,45512.0,-7.0,87.0,0.19,21718,9,18797,2026/09/15,WTXOU6,175,,,44850.0,706.5,44143.5,45556.5,44800.0,10.006174968292695,1134,0,44700.0,9.269376502295282,886,2,44600.0,4.291816825574757,592,0,,,,,,,,,,,,
2026-09-16T02:39:09+08:00,2026-09-16T02:38:09+08:00,60.0,live,震盪,neutral,8.492569002123144,2026/09/15,02:38:56,45508.0,45508.0,45512.0,3.0,84.0,0.18,21722,4,18797,2026/09/15,WTXOU6,175,,,44850.0,706.5,44143.5,45556.5,44800.0,9.92077428008892,1134,0,44700.0,6.705185373543716,886,0,44600.0,4.25518703330048,592,0,,,,,,,,,,,,
2026-09-16T02:40:09+08:00,2026-09-16T02:39:09+08:00,60.0,live,震盪,neutral,11.275546159267089,2026/09/15,02:39:50,45512.0,45507.0,45512.0,4.0,80.0,0.18,21728,6,18797,2026/09/15,WTXOU6,175,,,44850.0,709.5,44140.5,45559.5,44800.0,13.07738590506102,1134,1,44700.0,9.085830549930646,886,1,44600.0,4.206833158503986,592,0,,,,,,,,,,,,
2026-09-16T02:41:09+08:00,2026-09-16T02:40:09+08:00,60.0,live,震盪,neutral,0.0,2026/09/15,02:39:50,45512.0,45506.0,45511.0,0.0,80.0,0.18,21728,0,18797,2026/09/15,WTXOU6,175,,,44850.0,707.0,44143.0,45557.0,44800.0,9.808039428795764,1134,0,44700.0,6.628990909821608,886,0,44600.0,4.206833158503986,592,0,,,,,,,,,,,,
2026-09-16T02:42:09+08:00,2026-09-16T02:41:09+08:00,60.0,live,震盪,neutral,8.061807188444744,2026/09/15,02:42:05,45515.0,45514.0,45519.0,3.0,77.0,0.17,21829,101,18797,2026/09/15,WTXOU6,175,,,44800.0,744.25,44055.75,45544.25,44800.0,9.72432978751894,1134,0,44700.0,9.008284815988779,886,2,44600.0,4.170928684713238,592,0,,,,,,,,,,,,
2026-09-16T02:43:09+08:00,2026-09-16T02:42:09+08:00,60.0,live,強勢偏空,strong_bear,-46.07631389488841,2026/09/15,02:43:05,45499.0,45495.0,45500.0,-16.0,93.0,0.2,21850,21,18797,2026/09/15,WTXOU6,175,,,44850.0,694.5,44155.5,45544.5,44800.0,9.487984834722731,1134,0,44700.0,6.420714252094027,886,0,44500.0,4.319771033084595,1335,0,,,,,,,,,,,,
2026-09-16T02:44:09+08:00,2026-09-16T02:43:09+08:00,60.0,live,震盪,neutral,-11.477761836441895,2026/09/15,02:44:01,45495.0,45496.0,45501.0,-4.0,97.0,0.21,21853,3,18797,2026/09/15,WTXOU6,175,,,44850.0,697.0,44153.0,45547.0,44800.0,9.597040937849092,1134,0,44700.0,6.494514757450941,886,0,44500.0,4.369423030160126,1335,0,,,,,,,,,,,,
2026-09-16T02:45:10+08:00,2026-09-16T02:44:09+08:00,61.0,live,震盪,neutral,14.34720229555237,2026/09/15,02:44:40,45500.0,45497.0,45502.0,5.0,92.0,0.2,21855,2,18797,2026/09/15,WTXOU6,175,,,44850.0,697.0,44153.0,45547.0,44800.0,9.460914996236214,1134,0,44700.0,6.4023955362866225,886,0,44500.0,4.307446445071301,1335,0,,,,,,,,,,,,
2026-09-16T02:46:09+08:00,2026-09-16T02:45:10+08:00,59.0,live,溫和偏空,mild_bear,-25.908600215904997,2026/09/15,02:45:39,45491.0,45490.0,45495.0,-9.0,101.0,0.22,21884,29,18797,2026/09/15,WTXOU6,175,,,44850.0,694.75,44155.25,45544.75,44800.0,9.707350545680224,1134,0,44700.0,6.5691635351926845,886,0,44500.0,4.419645733598266,1335,0,,,,,,,,,,,,
2026-09-16T02:47:09+08:00,2026-09-16T02:46:09+08:00,60.0,live,震盪,neutral,0.0,2026/09/15,02:46:52,45491.0,45486.0,45490.0,0.0,101.0,0.22,21888,4,18797,2026/09/15,WTXOU6,175,,,44850.0,687.25,44162.75,45537.25,44800.0,9.707350545680224,1134,0,44700.0,6.5691635351926845,886,0,44500.0,4.419645733598266,1335,0,,,,,,,,,,,,
2026-09-16T02:48:09+08:00,2026-09-16T02:47:09+08:00,60.0,live,震盪,neutral,-14.529604068289142,2026/09/15,02:47:58,45486.0,45481.0,45486.0,-5.0,106.0,0.23,21894,6,18797,2026/09/15,WTXOU6,175,,,44850.0,688.25,44161.75,45538.25,44800.0,9.847022261800989,1134,0,44700.0,6.663682254808371,886,0,44500.0,5.977648892382549,1335,1,,,,,,,,,,,,
2026-09-16T02:49:09+08:00,2026-09-16T02:48:09+08:00,60.0,live,溫和偏空,mild_bear,-32.28173147468819,2026/09/15,02:49:05,45475.0,45474.0,45478.0,-11.0,117.0,0.26,21906,12,18797,2026/09/15,WTXOU6,175,,,44850.0,681.5,44168.5,45531.5,44800.0,10.161414678442801,1134,0,44700.0,6.876438061804908,886,0,44500.0,4.626375942598203,1335,0,,,,,,,,,,,,
2026-09-16T02:50:09+08:00,2026-09-16T02:49:09+08:00,60.0,live,溫和偏空,mild_bear,-17.738359201773836,2026/09/15,02:50:00,45469.0,45470.0,45473.0,-6.0,123.0,0.27,21933,27,18797,2026/09/15,WTXOU6,175,,,44850.0,676.5,44173.5,45526.5,44800.0,10.33711203319988,1134,0,44700.0,6.99533607117098,886,0,44500.0,4.706368939729863,1335,0,,,,,,,,,,,,
2026-09-16T02:51:09+08:00,2026-09-16T02:50:09+08:00,60.0,live,溫和偏多,mild_bull,17.66654398233346,2026/09/15,02:51:06,45475.0,45475.0,45478.0,6.0,117.0,0.26,21949,16,18797,2026/09/15,WTXOU6,175,,,44850.0,679.25,44170.75,45529.25,44800.0,10.161414678442801,1134,0,44700.0,6.876438061804908,886,0,44500.0,4.626375942598203,1335,0,,,,,,,,,,,,
2026-09-16T02:52:09+08:00,2026-09-16T02:51:09+08:00,60.0,live,震盪,neutral,5.89101620029455,2026/09/15,02:51:47,45477.0,45476.0,45481.0,2.0,115.0,0.25,21959,10,18797,2026/09/15,WTXOU6,175,,,44850.0,679.0,44171.0,45529.0,44800.0,10.103515036806336,1134,0,44700.0,6.837256184860301,886,0,44500.0,4.600014897642497,1335,0,,,,,,,,,,,,
2026-09-16T02:53:09+08:00,2026-09-16T02:52:09+08:00,60.0,live,震盪,neutral,14.678899082568808,2026/09/15,02:53:04,45482.0,45481.0,45486.0,5.0,110.0,0.24,21961,2,18797,2026/09/15,WTXOU6,175,,,44850.0,681.25,44168.75,45531.25,44800.0,9.960205186729423,1134,0,44700.0,6.740275465257247,886,0,44500.0,6.046356748204064,1335,1,,,,,,,,,,,,
2026-09-16T02:54:09+08:00,2026-09-16T02:53:09+08:00,60.0,live,震盪,neutral,8.64864864864865,2026/09/15,02:53:08,45485.0,45489.0,45493.0,3.0,107.0,0.23,21966,5,18797,2026/09/15,WTXOU6,175,,,44850.0,693.75,44156.25,45543.75,44800.0,9.875196841353404,1134,0,44700.0,6.682748571590086,886,0,44500.0,4.496064233278629,1335,0,,,,,,,,,,,,
2026-09-16T02:55:09+08:00,2026-09-16T02:54:09+08:00,60.0,live,溫和偏多,mild_bull,34.47037701974865,2026/09/15,02:54:20,45497.0,45493.0,45496.0,12.0,95.0,0.21,21969,3,18797,2026/09/15,WTXOU6,175,,,44850.0,696.25,44153.75,45546.25,44800.0,9.542357092276804,1134,0,44700.0,6.457509075765999,886,0,44500.0,4.3445261003909765,1335,0,,,,,,,,,,,,
2026-09-16T02:56:09+08:00,2026-09-16T02:55:09+08:00,60.0,live,震盪,neutral,8.589835361488904,2026/09/15,02:56:01,45500.0,45498.0,45501.0,3.0,92.0,0.2,21972,3,18797,2026/09/15,WTXOU6,175,,,44850.0,698.5,44151.5,45548.5,44800.0,9.460914996236214,1134,0,44700.0,6.4023955362866225,886,0,44500.0,4.307446445071301,1335,0,,,,,,,,,,,,
2026-09-16T02:57:09+08:00,2026-09-16T02:56:09+08:00,60.0,live,震盪,neutral,5.708169818052087,2026/09/15,02:56:52,45502.0,45499.0,45503.0,2.0,90.0,0.2,21979,7,18797,2026/09/15,WTXOU6,175,,,44850.0,700.75,44149.25,45550.75,44800.0,10.092310808546076,1134,0,44700.0,6.821122314468565,886,0,44600.0,4.328761936934085,592,0,,,,,,,,,,,,
2026-09-16T02:58:09+08:00,2026-09-16T02:57:09+08:00,60.0,live,震盪,neutral,0.0,2026/09/15,02:57:50,45502.0,45493.0,45498.0,0.0,90.0,0.2,21984,5,18797,2026/09/15,WTXOU6,175,,,44850.0,698.25,44151.75,45548.25,44800.0,13.456414411394768,1134,2,44700.0,6.821122314468565,886,0,44600.0,4.328761936934085,592,0,,,,,,,,,,,,
2026-09-16T02:59:09+08:00,2026-09-16T02:58:09+08:00,60.0,live,震盪,neutral,-5.728607232366631,2026/09/15,02:58:34,45500.0,45498.0,45503.0,-2.0,92.0,0.2,21986,2,18797,2026/09/15,WTXOU6,175,,,44850.0,698.25,44151.75,45548.25,44800.0,12.844297077151532,1134,3,44700.0,6.4023955362866225,886,0,44500.0,4.307446445071301,1335,0,,,,,,,,,,,,
2026-09-16T03:00:09+08:00,2026-09-16T02:59:09+08:00,60.0,live,溫和偏多,mild_bull,31.428571428571427,2026/09/15,02:59:43,45511.0,45507.0,45511.0,11.0,81.0,0.18,22007,21,18797,2026/09/15,WTXOU6,175,,,44850.0,700.0,44150.0,45550.0,44800.0,13.11480329274674,1134,1,44700.0,6.647957966742512,886,0,44600.0,4.218869868926364,592,0,,,,,,,,,,,,
2026-09-16T03:01:09+08:00,2026-09-16T03:00:09+08:00,60.0,live,震盪,neutral,-11.383849163998576,2026/09/15,03:00:49,45507.0,45509.0,45511.0,-4.0,85.0,0.19,22041,34,18797,2026/09/15,WTXOU6,175,,,44850.0,702.75,44147.25,45552.75,44800.0,13.265546508012172,1134,1,44700.0,6.724370440226611,886,0,44600.0,4.2673620952017,592,0,,,,,,,,,,,,
2026-09-16T03:02:09+08:00,2026-09-16T03:01:09+08:00,60.0,live,震盪,neutral,-14.29081814933905,2026/09/15,03:02:00,45502.0,45500.0,45503.0,-5.0,90.0,0.2,22049,8,18797,2026/09/15,WTXOU6,175,,,44850.0,699.75,44150.25,45549.75,44800.0,10.092310808546076,1134,0,44700.0,6.821122314468565,886,0,44600.0,4.328761936934085,592,0,,,,,,,,,,,,
2026-09-16T03:03:09+08:00,2026-09-16T03:02:09+08:00,60.0,live,震盪,neutral,-8.60215053763441,2026/09/15,03:02:36,45499.0,45501.0,45505.0,-3.0,93.0,0.2,22063,14,18797,2026/09/15,WTXOU6,175,,,44850.0,697.5,44152.5,45547.5,44800.0,12.881047544467817,1134,1,44700.0,6.420714252094027,886,0,44500.0,4.319771033084595,1335,0,,,,,,,,,,,,
2026-09-16T03:04:09+08:00,2026-09-16T03:03:09+08:00,60.0,live,震盪,neutral,11.428571428571429,2026/09/15,03:03:49,45503.0,45505.0,45509.0,4.0,89.0,0.2,22065,2,18797,2026/09/15,WTXOU6,175,,,44850.0,700.0,44150.0,45550.0,44800.0,10.063516788709194,1134,0,44700.0,6.80166120838904,886,0,44600.0,4.3164116972867195,592,0,,,,,,,,,,,,
2026-09-16T03:05:09+08:00,2026-09-16T03:04:09+08:00,60.0,live,震盪,neutral,0.0,2026/09/15,03:04:54,45503.0,45501.0,45504.0,0.0,89.0,0.2,22089,24,18797,2026/09/15,WTXOU6,175,,,44850.0,697.5,44152.5,45547.5,44800.0,10.063516788709194,1134,0,44700.0,6.80166120838904,886,0,44600.0,4.3164116972867195,592,0,,,,,,,,,,,,
2026-09-16T03:06:09+08:00,2026-09-16T03:05:09+08:00,60.0,live,震盪,neutral,-5.73271228950197,2026/09/15,03:05:50,45501.0,45496.0,45500.0,-2.0,91.0,0.2,22093,4,18797,2026/09/15,WTXOU6,175,,,44850.0,697.75,44152.25,45547.75,44800.0,13.494916286199587,1134,2,44700.0,6.840639103217104,886,0,44600.0,4.341147513437625,592,0,,,,,,,,,,,,
2026-09-16T03:07:09+08:00,2026-09-16T03:06:09+08:00,60.0,live,震盪,neutral,-14.378145219266717,2026/09/15,03:07:02,45496.0,45492.0,45496.0,-5.0,96.0,0.21,22095,2,18797,2026/09/15,WTXOU6,175,,,44850.0,695.5,44154.5,45545.5,44800.0,9.569659955199823,1134,0,44700.0,9.047744509706684,886,1,44500.0,5.809275709021848,1335,1,,,,,,,,,,,,
2026-09-16T03:08:09+08:00,2026-09-16T03:07:09+08:00,60.0,live,震盪,neutral,2.8653295128939833,2026/09/15,03:07:25,45497.0,45497.0,45500.0,1.0,95.0,0.21,22098,3,18797,2026/09/15,WTXOU6,175,,,44850.0,698.0,44152.0,45548.0,44800.0,9.542357092276804,1134,0,44700.0,6.457509075765999,886,0,44500.0,4.3445261003909765,1335,0,,,,,,,,,,,,
2026-09-16T03:09:09+08:00,2026-09-16T03:08:09+08:00,60.0,live,震盪,neutral,14.582573824279985,2026/09/15,03:09:07,45502.0,45499.0,45504.0,5.0,90.0,0.2,22125,27,18797,2026/09/15,WTXOU6,175,,,44850.0,685.75,44164.25,45535.75,44800.0,10.092310808546076,1134,0,44700.0,6.821122314468565,886,0,44600.0,4.328761936934085,592,0,,,,,,,,,,,,
2026-09-16T03:10:09+08:00,2026-09-16T03:09:09+08:00,60.0,live,震盪,neutral,11.623683254631311,2026/09/15,03:10:00,45506.0,45503.0,45507.0,4.0,86.0,0.19,22127,2,18797,2026/09/15,WTXOU6,175,,,44850.0,688.25,44161.75,45538.25,44800.0,9.97762669961627,1134,0,44700.0,6.743610399766768,886,0,44600.0,4.27957199273556,592,0,,,,,,,,,,,,
2026-09-16T03:11:09+08:00,2026-09-16T03:10:09+08:00,60.0,live,震盪,neutral,0.0,2026/09/15,03:10:00,45506.0,45503.0,45508.0,0.0,86.0,0.19,22127,0,18797,2026/09/15,WTXOU6,175,,,44850.0,688.25,44161.75,45538.25,44800.0,9.97762669961627,1134,0,44700.0,6.743610399766768,886,0,44600.0,4.27957199273556,592,0,,,,,,,,,,,,
2026-09-16T03:12:09+08:00,2026-09-16T03:11:09+08:00,60.0,live,震盪,neutral,-8.592910848549947,2026/09/15,03:11:59,45503.0,45501.0,45505.0,-3.0,89.0,0.2,22143,16,18797,2026/09/15,WTXOU6,175,,,44850.0,698.25,44151.75,45548.25,44800.0,10.063516788709194,1134,0,44700.0,6.80166120838904,886,0,44600.0,4.3164116972867195,592,0,,,,,,,,,,,,
2026-09-16T03:13:09+08:00,2026-09-16T03:12:09+08:00,60.0,live,震盪,neutral,0.0,2026/09/15,03:11:59,45503.0,45494.0,45498.0,0.0,89.0,0.2,22143,0,18797,2026/09/15,WTXOU6,175,,,44850.0,695.75,44154.25,45545.75,44800.0,13.41802238494559,1134,1,44700.0,6.80166120838904,886,0,44600.0,4.3164116972867195,592,0,,,,,,,,,,,,
2026-09-16T03:14:09+08:00,2026-09-16T03:13:09+08:00,60.0,live,溫和偏空,mild_bear,-28.756290438533433,2026/09/15,03:13:39,45493.0,45492.0,45496.0,-10.0,99.0,0.22,22146,3,18797,2026/09/15,WTXOU6,175,,,44850.0,695.5,44154.5,45545.5,44800.0,9.652038157039415,1134,0,44700.0,6.5317325055009325,886,0,44500.0,4.394462635355227,1335,0,,,,,,,,,,,,
2026-09-16T03:15:09+08:00,2026-09-16T03:14:09+08:00,60.0,live,震盪,neutral,5.7512580877066855,2026/09/15,03:14:44,45495.0,45493.0,45498.0,2.0,97.0,0.21,22147,1,18797,2026/09/15,WTXOU6,175,,,44850.0,695.5,44154.5,45545.5,44800.0,9.597040937849092,1134,0,44700.0,6.494514757450941,886,0,44500.0,4.369423030160126,1335,0,,,,,,,,,,,,
2026-09-16T03:16:09+08:00,2026-09-16T03:15:09+08:00,60.0,live,震盪,neutral,-5.7512580877066855,2026/09/15,03:15:36,45493.0,45490.0,45494.0,-2.0,99.0,0.22,22153,6,18797,2026/09/15,WTXOU6,175,,,44850.0,695.5,44154.5,45545.5,44800.0,9.652038157039415,1134,0,44700.0,6.5317325055009325,886,0,44500.0,4.394462635355227,1335,0,,,,,,,,,,,,
2026-09-16T03:17:09+08:00,2026-09-16T03:16:09+08:00,60.0,live,溫和偏多,mild_bull,20.202020202020204,2026/09/15,03:16:57,45500.0,45493.0,45497.0,7.0,92.0,0.2,22178,25,18797,2026/09/15,WTXOU6,175,,,44850.0,693.0,44157.0,45543.0,44800.0,9.460914996236214,1134,0,44700.0,6.4023955362866225,886,0,44500.0,4.307446445071301,1335,0,,,,,,,,,,,,
2026-09-16T03:18:09+08:00,2026-09-16T03:17:09+08:00,60.0,live,震盪,neutral,0.0,2026/09/15,03:16:57,45500.0,45493.0,45497.0,0.0,92.0,0.2,22178,0,18797,2026/09/15,WTXOU6,175,,,44850.0,690.5,44159.5,45540.5,44800.0,9.460914996236214,1134,0,44700.0,6.4023955362866225,886,0,44500.0,4.307446445071301,1335,0,,,,,,,,,,,,
2026-09-16T03:19:09+08:00,2026-09-16T03:18:09+08:00,60.0,live,震盪,neutral,-2.8860028860028866,2026/09/15,03:18:54,45499.0,45501.0,45505.0,-1.0,93.0,0.2,22179,1,18797,2026/09/15,WTXOU6,175,,,44850.0,693.0,44157.0,45543.0,44800.0,9.487984834722731,1134,0,44700.0,6.420714252094027,886,0,44500.0,4.319771033084595,1335,0,,,,,,,,,,,,
2026-09-16T03:20:09+08:00,2026-09-16T03:19:09+08:00,60.0,live,震盪,neutral,14.378145219266717,2026/09/15,03:19:21,45504.0,45500.0,45504.0,5.0,88.0,0.19,22180,1,18797,2026/09/15,WTXOU6,175,,,44850.0,695.5,44154.5,45545.5,44800.0,10.03480492008565,1134,0,44700.0,6.782255626112256,886,0,44600.0,4.304096693677182,592,0,,,,,,,,,,,,
2026-09-16T03:21:09+08:00,2026-09-16T03:20:09+08:00,60.0,live,震盪,neutral,0.0,2026/09/15,03:19:21,45504.0,45496.0,45499.0,0.0,88.0,0.19,22180,0,18797,2026/09/15,WTXOU6,175,,,44850.0,695.5,44154.5,45545.5,44800.0,10.03480492008565,1134,0,44700.0,6.782255626112256,886,0,44600.0,4.304096693677182,592,0,,,,,,,,,,,,
2026-09-16T03:22:09+08:00,2026-09-16T03:21:09+08:00,60.0,live,震盪,neutral,-5.7512580877066855,2026/09/15,03:21:49,45502.0,45500.0,45504.0,-2.0,90.0,0.2,22189,9,18797,2026/09/15,WTXOU6,175,,,44850.0,695.5,44154.5,45545.5,44800.0,10.092310808546076,1134,0,44700.0,6.821122314468565,886,0,44600.0,4.328761936934085,592,0,,,,,,,,,,,,
2026-09-16T03:23:09+08:00,2026-09-16T03:22:09+08:00,60.0,live,震盪,neutral,0.0,2026/09/15,03:21:49,45502.0,45500.0,45504.0,0.0,90.0,0.2,22189,0,18797,2026/09/15,WTXOU6,175,,,44850.0,687.5,44162.5,45537.5,44800.0,13.456414411394768,1134,7,44700.0,6.821122314468565,886,0,44600.0,4.328761936934085,592,0,,,,,,,,,,,,
2026-09-16T03:24:09+08:00,2026-09-16T03:23:09+08:00,60.0,live,震盪,neutral,8.64864864864865,2026/09/15,03:23:50,45505.0,45501.0,45506.0,3.0,87.0,0.19,22190,1,18797,2026/09/15,WTXOU6,175,,,44850.0,693.75,44156.25,45543.75,44800.0,13.34156662439026,1134,5,44700.0,6.762905409225188,886,0,44600.0,4.291816825574757,592,0,,,,,,,,,,,,
2026-09-16T03:25:09+08:00,2026-09-16T03:24:09+08:00,60.0,live,溫和偏空,mild_bear,-17.2972972972973,2026/09/15,03:24:46,45499.0,45495.0,45499.0,-6.0,93.0,0.2,22192,2,18797,2026/09/15,WTXOU6,175,,,44850.0,693.75,44156.25,45543.75,44800.0,9.487984834722731,1134,0,44700.0,6.420714252094027,886,0,44500.0,4.319771033084595,1335,0,,,,,,,,,,,,
2026-09-16T03:26:09+08:00,2026-09-16T03:25:09+08:00,60.0,live,震盪,neutral,0.0,2026/09/15,03:24:46,45499.0,45493.0,45498.0,0.0,93.0,0.2,22192,0,18797,2026/09/15,WTXOU6,175,,,44850.0,691.25,44158.75,45541.25,44800.0,9.487984834722731,1134,0,44700.0,6.420714252094027,886,0,44500.0,4.319771033084595,1335,0,,,,,,,,,,,,
2026-09-16T03:27:09+08:00,2026-09-16T03:26:09+08:00,60.0,live,震盪,neutral,14.414414414414416,2026/09/15,03:26:44,45504.0,45502.0,45506.0,5.0,88.0,0.19,22193,1,18797,2026/09/15,WTXOU6,175,,,44850.0,693.75,44156.25,45543.75,44800.0,10.03480492008565,1134,0,44700.0,6.782255626112256,886,0,44600.0,4.304096693677182,592,0,,,,,,,,,,,,
2026-09-16T03:28:09+08:00,2026-09-16T03:27:09+08:00,60.0,live,震盪,neutral,0.0,2026/09/15,03:26:44,45504.0,45505.0,45508.0,0.0,88.0,0.19,22193,0,18797,2026/09/15,WTXOU6,175,,,44850.0,696.0,44154.0,45546.0,44800.0,10.03480492008565,1134,0,44700.0,6.782255626112256,886,0,44600.0,4.304096693677182,592,0,,,,,,,,,,,,
2026-09-16T03:29:09+08:00,2026-09-16T03:28:09+08:00,60.0,live,溫和偏多,mild_bull,17.17352415026834,2026/09/15,03:28:38,45510.0,45504.0,45508.0,6.0,82.0,0.18,22209,16,18797,2026/09/15,WTXOU6,175,,,44850.0,698.75,44151.25,45548.75,44800.0,9.864245805093011,1134,0,44700.0,6.666979292744959,886,0,44600.0,4.2309410191262025,592,0,,,,,,,,,,,,
2026-09-16T03:30:09+08:00,2026-09-16T03:29:09+08:00,60.0,live,震盪,neutral,0.0,2026/09/15,03:28:38,45510.0,45495.0,45499.0,0.0,82.0,0.18,22209,0,18797,2026/09/15,WTXOU6,175,,,44850.0,688.5,44161.5,45538.5,44800.0,9.864245805093011,1134,0,44700.0,6.666979292744959,886,0,44600.0,4.2309410191262025,592,0,,,,,,,,,,,,
2026-09-16T03:31:09+08:00,2026-09-16T03:30:09+08:00,60.0,live,震盪,neutral,0.0,2026/09/15,03:28:38,45510.0,45495.0,45499.0,0.0,82.0,0.18,22209,0,18797,2026/09/15,WTXOU6,175,,,44850.0,693.5,44156.5,45543.5,44800.0,9.864245805093011,1134,0,44700.0,6.666979292744959,886,0,44600.0,4.2309410191262025,592,0,,,,,,,,,,,,
2026-09-16T03:32:09+08:00,2026-09-16T03:31:09+08:00,60.0,live,震盪,neutral,0.0,2026/09/15,03:28:38,45510.0,45496.0,45500.0,0.0,82.0,0.18,22209,0,18797,2026/09/15,WTXOU6,175,,,44850.0,696.0,44154.0,45546.0,44800.0,9.864245805093011,1134,0,44700.0,6.666979292744959,886,0,44600.0,4.2309410191262025,592,0,,,,,,,,,,,,
2026-09-16T03:33:09+08:00,2026-09-16T03:32:09+08:00,60.0,live,溫和偏空,mild_bear,-28.735632183908045,2026/09/15,03:32:48,45500.0,45500.0,45505.0,-10.0,92.0,0.2,22212,3,18797,2026/09/15,WTXOU6,175,,,44850.0,696.0,44154.0,45546.0,44800.0,9.460914996236214,1134,0,44700.0,6.4023955362866225,886,0,44500.0,4.307446445071301,1335,0,,,,,,,,,,,,
2026-09-16T03:34:09+08:00,2026-09-16T03:33:09+08:00,60.0,live,震盪,neutral,0.0,2026/09/15,03:32:48,45500.0,45500.0,45504.0,0.0,92.0,0.2,22212,0,18797,2026/09/15,WTXOU6,175,,,44850.0,698.5,44151.5,45548.5,44800.0,9.460914996236214,1134,0,44700.0,6.4023955362866225,886,0,44500.0,4.307446445071301,1335,0,,,,,,,,,,,,
2026-09-16T03:35:09+08:00,2026-09-16T03:34:09+08:00,60.0,live,震盪,neutral,0.0,2026/09/15,03:35:06,45500.0,45498.0,45502.0,0.0,92.0,0.2,22215,3,18797,2026/09/15,WTXOU6,175,,,44850.0,696.0,44154.0,45546.0,44800.0,9.460914996236214,1134,0,44700.0,6.4023955362866225,886,0,44500.0,4.307446445071301,1335,0,,,,,,,,,,,,
2026-09-16T03:36:09+08:00,2026-09-16T03:35:09+08:00,60.0,live,震盪,neutral,-5.745062836624776,2026/09/15,03:35:43,45498.0,45497.0,45502.0,-2.0,94.0,0.21,22217,2,18797,2026/09/15,WTXOU6,175,,,44850.0,696.25,44153.75,45546.25,44800.0,9.515132126199363,1134,0,44700.0,6.439085381930984,886,0,44600.0,6.017289045561444,592,1,,,,,,,,,,,,
2026-09-16T03:37:09+08:00,2026-09-16T03:36:09+08:00,60.0,live,震盪,neutral,-2.872531418312388,2026/09/15,03:37:06,45497.0,45498.0,45503.0,-1.0,95.0,0.21,22223,6,18797,2026/09/15,WTXOU6,175,,,44850.0,696.25,44153.75,45546.25,44800.0,12.95486423440296,1134,1,44700.0,6.457509075765999,886,0,44500.0,4.3445261003909765,1335,0,,,,,,,,,,,,
2026-09-16T03:38:09+08:00,2026-09-16T03:37:09+08:00,60.0,live,溫和偏多,mild_bull,20.107719928186718,2026/09/15,03:38:03,45504.0,45497.0,45502.0,7.0,88.0,0.19,22226,3,18797,2026/09/15,WTXOU6,175,,,44850.0,696.25,44153.75,45546.25,44800.0,13.379739893447534,1134,1,44700.0,6.782255626112256,886,0,44600.0,4.304096693677182,592,0,,,,,,,,,,,,
2026-09-16T03:39:09+08:00,2026-09-16T03:38:09+08:00,60.0,live,震盪,neutral,-14.362657091561942,2026/09/15,03:39:02,45499.0,45497.0,45499.0,-5.0,93.0,0.2,22234,8,18797,2026/09/15,WTXOU6,175,,,44850.0,696.25,44153.75,45546.25,44800.0,9.487984834722731,1134,0,44700.0,6.420714252094027,886,0,44500.0,4.319771033084595,1335,0,,,,,,,,,,,,
2026-09-16T03:40:09+08:00,2026-09-16T03:39:09+08:00,60.0,live,震盪,neutral,-14.550745725718444,2026/09/15,03:39:27,45494.0,45492.0,45496.0,-5.0,98.0,0.21,22240,6,18797,2026/09/15,WTXOU6,175,,,44850.0,687.25,44162.75,45537.25,44850.0,10.51157305458969,536,1,44700.0,6.51309704738827,886,0,44500.0,4.381924947337562,1335,0,,,,,,,,,,,,
2026-09-16T03:41:09+08:00,2026-09-16T03:40:09+08:00,60.0,live,震盪,neutral,11.469534050179211,2026/09/15,03:41:00,45498.0,45497.0,45502.0,4.0,94.0,0.21,22252,12,18797,2026/09/15,WTXOU6,175,,,44850.0,697.5,44152.5,45547.5,44800.0,9.515132126199363,1134,0,44700.0,8.99619054981942,886,1,44500.0,4.332130884558881,1335,0,,,,,,,,,,,,
2026-09-16T03:42:09+08:00,2026-09-16T03:41:09+08:00,60.0,live,溫和偏多,mild_bull,17.20430107526882,2026/09/15,03:41:31,45504.0,45499.0,45504.0,6.0,88.0,0.19,22254,2,18797,2026/09/15,WTXOU6,175,,,44850.0,697.5,44152.5,45547.5,44800.0,10.03480492008565,1134,0,44700.0,6.782255626112256,886,0,44600.0,4.304096693677182,592,0,,,,,,,,,,,,
2026-09-16T03:43:09+08:00,2026-09-16T03:42:09+08:00,60.0,live,震盪,neutral,0.0,2026/09/15,03:42:25,45504.0,45497.0,45502.0,0.0,88.0,0.19,22255,1,18797,2026/09/15,WTXOU6,175,,,44850.0,697.5,44152.5,45547.5,44800.0,10.03480492008565,1134,0,44700.0,6.782255626112256,886,0,44600.0,4.304096693677182,592,0,,,,,,,,,,,,
2026-09-16T03:44:09+08:00,2026-09-16T03:43:09+08:00,60.0,live,震盪,neutral,5.714285714285714,2026/09/15,03:43:48,45506.0,45505.0,45509.0,2.0,86.0,0.19,22275,20,18797,2026/09/15,WTXOU6,175,,,44850.0,700.0,44150.0,45550.0,44800.0,9.97762669961627,1134,0,44700.0,6.743610399766768,886,0,44600.0,4.27957199273556,592,0,,,,,,,,,,,,
2026-09-16T03:45:09+08:00,2026-09-16T03:44:09+08:00,60.0,live,震盪,neutral,-2.85816362986781,2026/09/15,03:45:06,45505.0,45502.0,45506.0,-1.0,87.0,0.19,22280,5,18797,2026/09/15,WTXOU6,175,,,44850.0,699.75,44150.25,45549.75,44800.0,10.006174968292695,1134,0,44700.0,6.762905409225188,886,0,44600.0,4.291816825574757,592,0,,,,,,,,,,,,
2026-09-16T03:46:09+08:00,2026-09-16T03:45:09+08:00,60.0,live,震盪,neutral,0.0,2026/09/15,03:45:20,45505.0,45503.0,45508.0,0.0,87.0,0.19,22282,2,18797,2026/09/15,WTXOU6,175,,,44850.0,699.5,44150.5,45549.5,44850.0,10.725210198992835,536,1,44750.0,7.055861447395933,348,1,44600.0,4.291816825574757,592,0,,,,,,,,,,,,
2026-09-16T03:47:09+08:00,2026-09-16T03:46:09+08:00,60.0,live,溫和偏多,mild_bull,28.188865398167724,2026/09/15,03:47:01,45515.0,45512.0,45516.0,10.0,77.0,0.17,22289,7,18797,2026/09/15,WTXOU6,175,,,44850.0,709.5,44140.5,45559.5,44800.0,9.72432978751894,1134,0,44700.0,6.572413807423412,886,0,44600.0,6.001430436510507,592,2,,,,,,,,,,,,
2026-09-16T03:48:09+08:00,2026-09-16T03:47:09+08:00,60.0,live,震盪,neutral,-8.432888264230499,2026/09/15,03:47:53,45512.0,45510.0,45515.0,-3.0,80.0,0.18,22303,14,18797,2026/09/15,WTXOU6,175,,,44850.0,711.5,44138.5,45561.5,44800.0,9.808039428795764,1134,0,44700.0,6.628990909821608,886,0,44600.0,4.206833158503986,592,0,,,,,,,,,,,,
2026-09-16T03:49:09+08:00,2026-09-16T03:48:09+08:00,60.0,live,震盪,neutral,0.0,2026/09/15,03:47:53,45512.0,45503.0,45508.0,0.0,80.0,0.18,22303,0,18797,2026/09/15,WTXOU6,175,,,44850.0,709.25,44140.75,45559.25,44800.0,13.07738590506102,1134,1,44700.0,6.628990909821608,886,0,44600.0,4.206833158503986,592,0,,,,,,,,,,,,
2026-09-16T03:50:09+08:00,2026-09-16T03:49:09+08:00,60.0,live,溫和偏空,mild_bear,-16.919280930560454,2026/09/15,03:50:00,45506.0,45502.0,45507.0,-6.0,86.0,0.19,22307,4,18797,2026/09/15,WTXOU6,175,,,44850.0,709.25,44140.75,45559.25,44800.0,9.97762669961627,1134,0,44700.0,6.743610399766768,886,0,44600.0,4.27957199273556,592,0,,,,,,,,,,,,
2026-09-16T03:51:09+08:00,2026-09-16T03:50:09+08:00,60.0,live,溫和偏多,mild_bull,33.874382498235704,2026/09/15,03:51:01,45518.0,45512.0,45517.0,12.0,74.0,0.16,22324,17,18797,2026/09/15,WTXOU6,175,,,44850.0,708.5,44141.5,45558.5,44800.0,9.641334591172068,1134,0,44700.0,6.5163195792000845,886,0,44600.0,4.135330648375468,592,0,,,,,,,,,,,,
2026-09-16T03:52:09+08:00,2026-09-16T03:51:09+08:00,60.0,live,溫和偏空,mild_bear,-25.405786873676778,2026/09/15,03:51:40,45509.0,45503.0,45507.0,-9.0,83.0,0.18,22329,5,18797,2026/09/15,WTXOU6,175,,,44850.0,708.5,44141.5,45558.5,44800.0,9.892469665136291,1134,0,44700.0,6.686055043105192,886,0,44600.0,4.24304670764357,592,0,,,,,,,,,,,,
2026-09-16T03:53:09+08:00,2026-09-16T03:52:09+08:00,60.0,live,溫和偏空,mild_bear,-25.659301496792587,2026/09/15,03:52:30,45500.0,45501.0,45506.0,-9.0,92.0,0.2,22337,8,18797,2026/09/15,WTXOU6,175,,,44850.0,701.5,44148.5,45551.5,44800.0,9.460914996236214,1134,0,44700.0,6.4023955362866225,886,0,44500.0,4.307446445071301,1335,0,,,,,,,,,,,,
2026-09-16T03:54:09+08:00,2026-09-16T03:53:09+08:00,60.0,live,溫和偏多,mild_bull,17.100106875667976,2026/09/15,03:54:03,45506.0,45504.0,45509.0,6.0,86.0,0.19,22346,9,18797,2026/09/15,WTXOU6,175,,,44850.0,701.75,44148.25,45551.75,44800.0,9.97762669961627,1134,0,44700.0,6.743610399766768,886,0,44600.0,4.27957199273556,592,0,,,,,,,,,,,,
2026-09-16T03:55:09+08:00,2026-09-16T03:54:09+08:00,60.0,live,溫和偏多,mild_bull,28.298549699327914,2026/09/15,03:55:00,45516.0,45511.0,45516.0,10.0,76.0,0.17,22349,3,18797,2026/09/15,WTXOU6,175,,,44850.0,706.75,44143.25,45556.75,44800.0,9.696585641493915,1134,0,44700.0,8.982583592888494,886,1,44600.0,4.159028753610824,592,0,,,,,,,,,,,,
2026-09-16T03:56:09+08:00,2026-09-16T03:55:09+08:00,60.0,live,震盪,neutral,0.0,2026/09/15,03:55:00,45516.0,45503.0,45508.0,0.0,76.0,0.17,22349,0,18797,2026/09/15,WTXOU6,175,,,44850.0,704.25,44145.75,45554.25,44800.0,9.696585641493915,1134,0,44700.0,6.553662282907649,886,0,44600.0,5.984307964728106,592,3,,,,,,,,,,,,
2026-09-16T03:57:09+08:00,2026-09-16T03:56:09+08:00,60.0,live,震盪,neutral,-14.250089063056649,2026/09/15,03:56:32,45511.0,45504.0,45509.0,-5.0,81.0,0.18,22351,2,18797,2026/09/15,WTXOU6,175,,,44850.0,701.75,44148.25,45551.75,44800.0,9.836102469560055,1134,0,44700.0,6.647957966742512,886,0,44600.0,6.070411640421644,592,1,,,,,,,,,,,,
2026-09-16T03:58:09+08:00,2026-09-16T03:57:09+08:00,60.0,live,溫和偏空,mild_bear,-17.033356990773598,2026/09/15,03:58:01,45505.0,45500.0,45505.0,-6.0,87.0,0.19,22355,4,18797,2026/09/15,WTXOU6,175,,,44850.0,704.5,44145.5,45554.5,44800.0,10.006174968292695,1134,0,44700.0,6.762905409225188,886,0,44600.0,4.291816825574757,592,0,,,,,,,,,,,,
2026-09-16T03:59:09+08:00,2026-09-16T03:58:09+08:00,60.0,live,溫和偏多,mild_bull,16.913319238900637,2026/09/15,03:58:54,45511.0,45512.0,45516.0,6.0,81.0,0.18,22363,8,18797,2026/09/15,WTXOU6,175,,,44850.0,709.5,44140.5,45559.5,44800.0,9.836102469560055,1134,0,44700.0,6.647957966742512,886,0,44600.0,4.218869868926364,592,0,,,,,,,,,,,,
2026-09-16T04:00:09+08:00,2026-09-16T03:59:09+08:00,60.0,live,溫和偏多,mild_bull,33.719704952581665,2026/09/15,04:00:07,45523.0,45520.0,45523.0,12.0,69.0,0.15,22380,17,18797,2026/09/15,WTXOU6,175,,,44850.0,711.75,44138.25,45561.75,44800.0,12.672773841863558,1134,1,44700.0,6.4238910750065985,886,0,44600.0,4.076674466533977,592,0,,,,,,,,,,,,
2026-09-16T04:01:09+08:00,2026-09-16T04:00:09+08:00,60.0,live,震盪,neutral,2.780674313521029,2026/09/15,04:00:10,45524.0,45525.0,45529.0,1.0,68.0,0.15,22383,3,18797,2026/09/15,WTXOU6,175,,,44850.0,719.25,44130.75,45569.25,44800.0,9.477463194735972,1134,0,44700.0,6.405563295516584,886,0,44600.0,5.849075187762474,592,1,,,,,,,,,,,,
2026-09-16T04:02:09+08:00,2026-09-16T04:01:09+08:00,60.0,live,震盪,neutral,2.7614773904038663,2026/09/15,04:01:31,45525.0,45522.0,45527.0,1.0,67.0,0.15,22387,4,18797,2026/09/15,WTXOU6,175,,,44850.0,724.25,44125.75,45574.25,44800.0,9.450423375173386,1134,0,44700.0,6.387287806374757,886,0,44600.0,4.053445615222397,592,0,,,,,,,,,,,,
2026-09-16T04:03:09+08:00,2026-09-16T04:02:09+08:00,60.0,live,震盪,neutral,-13.951866062085806,2026/09/15,04:02:58,45520.0,45521.0,45526.0,-5.0,72.0,0.16,22393,6,18797,2026/09/15,WTXOU6,175,,,44850.0,716.75,44133.25,45566.75,44800.0,9.586398360795565,1134,0,44700.0,8.880509884024356,886,1,44600.0,4.111767574712389,592,0,,,,,,,,,,,,
2026-09-16T04:04:10+08:00,2026-09-16T04:03:09+08:00,61.0,live,震盪,neutral,13.956734124214934,2026/09/15,04:04:00,45525.0,45519.0,45524.0,5.0,67.0,0.15,22400,7,18797,2026/09/15,WTXOU6,175,,,44850.0,716.5,44133.5,45566.5,44800.0,9.450423375173386,1134,0,44700.0,6.387287806374757,886,0,44600.0,4.053445615222397,592,0,,,,,,,,,,,,
2026-09-16T04:05:09+08:00,2026-09-16T04:04:10+08:00,59.0,live,震盪,neutral,0.0,2026/09/15,04:04:00,45525.0,45521.0,45525.0,0.0,67.0,0.15,22400,0,18797,2026/09/15,WTXOU6,175,,,44850.0,721.5,44128.5,45571.5,44800.0,9.450423375173386,1134,0,44700.0,6.387287806374757,886,0,44600.0,4.053445615222397,592,0,,,,,,,,,,,,
2026-09-16T04:06:09+08:00,2026-09-16T04:05:09+08:00,60.0,live,震盪,neutral,0.0,2026/09/15,04:04:00,45525.0,45520.0,45524.0,0.0,67.0,0.15,22400,0,18797,2026/09/15,WTXOU6,175,,,44850.0,721.5,44128.5,45571.5,44800.0,12.600564500231181,1134,5,44700.0,6.387287806374757,886,0,44600.0,4.053445615222397,592,0,,,,,,,,,,,,
2026-09-16T04:07:09+08:00,2026-09-16T04:06:09+08:00,60.0,live,震盪,neutral,0.0,2026/09/15,04:04:00,45525.0,45519.0,45524.0,0.0,67.0,0.15,22400,0,18797,2026/09/15,WTXOU6,175,,,44850.0,721.0,44129.0,45571.0,44800.0,12.600564500231181,1134,3,44700.0,6.387287806374757,886,0,44600.0,4.053445615222397,592,0,,,,,,,,,,,,
2026-09-16T04:08:09+08:00,2026-09-16T04:07:09+08:00,60.0,live,震盪,neutral,0.0,2026/09/15,04:04:00,45525.0,45520.0,45525.0,0.0,67.0,0.15,22400,0,18797,2026/09/15,WTXOU6,175,,,44850.0,723.0,44127.0,45573.0,44800.0,12.600564500231181,1134,1,44700.0,6.387287806374757,886,0,44600.0,4.053445615222397,592,0,,,,,,,,,,,,
2026-09-16T04:09:09+08:00,2026-09-16T04:08:09+08:00,60.0,live,震盪,neutral,0.0,2026/09/15,04:08:39,45525.0,45521.0,45526.0,0.0,67.0,0.15,22401,1,18797,2026/09/15,WTXOU6,175,,,44850.0,723.0,44127.0,45573.0,44800.0,9.450423375173386,1134,0,44700.0,6.387287806374757,886,0,44600.0,4.053445615222397,592,0,,,,,,,,,,,,
2026-09-16T04:10:09+08:00,2026-09-16T04:09:09+08:00,60.0,live,震盪,neutral,0.0,2026/09/15,04:08:39,45525.0,45522.0,45526.0,0.0,67.0,0.15,22401,0,18797,2026/09/15,WTXOU6,175,,,44850.0,723.0,44127.0,45573.0,44800.0,9.450423375173386,1134,0,44700.0,6.387287806374757,886,0,44600.0,4.053445615222397,592,0,,,,,,,,,,,,
2026-09-16T04:11:09+08:00,2026-09-16T04:10:09+08:00,60.0,live,溫和偏多,mild_bull,27.758501040943788,2026/09/15,04:10:23,45535.0,45527.0,45531.0,10.0,57.0,0.13,22416,15,18797,2026/09/15,WTXOU6,175,,,44850.0,720.5,44129.5,45570.5,44800.0,12.24564282529819,1134,1,44700.0,6.207376272532284,886,0,44600.0,3.9392717060314135,592,0,,,,,,,,,,,,
2026-09-16T04:12:09+08:00,2026-09-16T04:11:09+08:00,60.0,live,震盪,neutral,0.0,2026/09/15,04:11:49,45535.0,45532.0,45537.0,0.0,57.0,0.13,22420,4,18797,2026/09/15,WTXOU6,175,,,44850.0,726.5,44123.5,45576.5,44800.0,9.184232118973643,1134,0,44700.0,6.207376272532284,886,0,44600.0,3.9392717060314135,592,0,,,,,,,,,,,,
2026-09-16T04:13:09+08:00,2026-09-16T04:12:09+08:00,60.0,live,震盪,neutral,0.0,2026/09/15,04:12:48,45535.0,45532.0,45537.0,0.0,57.0,0.13,22421,1,18797,2026/09/15,WTXOU6,175,,,44850.0,726.5,44123.5,45576.5,44800.0,9.184232118973643,1134,0,44700.0,6.207376272532284,886,0,44600.0,5.6681058108014595,592,1,,,,,,,,,,,,
2026-09-16T04:14:09+08:00,2026-09-16T04:13:09+08:00,60.0,live,震盪,neutral,0.0,2026/09/15,04:13:50,45535.0,45532.0,45537.0,0.0,57.0,0.13,22422,1,18797,2026/09/15,WTXOU6,175,,,44850.0,726.0,44124.0,45576.0,44800.0,9.184232118973643,1134,0,44700.0,6.207376272532284,886,0,44600.0,5.6681058108014595,592,1,,,,,,,,,,,,
2026-09-16T04:15:09+08:00,2026-09-16T04:14:09+08:00,60.0,live,震盪,neutral,0.0,2026/09/15,04:13:50,45535.0,45531.0,45536.0,0.0,57.0,0.13,22422,0,18797,2026/09/15,WTXOU6,175,,,44850.0,725.75,44124.25,45575.75,44800.0,9.184232118973643,1134,0,44700.0,6.207376272532284,886,0,44600.0,3.9392717060314135,592,0,,,,,,,,,,,,
2026-09-16T04:16:09+08:00,2026-09-16T04:15:09+08:00,60.0,live,震盪,neutral,0.0,2026/09/15,04:13:50,45535.0,45531.0,45534.0,0.0,57.0,0.13,22422,0,18797,2026/09/15,WTXOU6,175,,,44850.0,728.0,44122.0,45578.0,44800.0,9.184232118973643,1134,0,44700.0,8.507956903112754,886,2,44600.0,3.9392717060314135,592,0,,,,,,,,,,,,
2026-09-16T04:17:09+08:00,2026-09-16T04:16:09+08:00,60.0,live,震盪,neutral,-11.065006915629324,2026/09/15,04:16:40,45531.0,45531.0,45536.0,-4.0,61.0,0.13,22426,4,18797,2026/09/15,WTXOU6,175,,,44850.0,723.0,44127.0,45573.0,44800.0,9.2897968497938,1134,0,44700.0,6.278724644047803,886,0,44600.0,3.9845501954998537,592,0,,,,,,,,,,,,
2026-09-16T04:18:09+08:00,2026-09-16T04:17:09+08:00,60.0,live,震盪,neutral,2.7952480782669467,2026/09/15,04:17:41,45532.0,45532.0,45536.0,1.0,60.0,0.13,22429,3,18797,2026/09/15,WTXOU6,175,,,44850.0,715.5,44134.5,45565.5,44800.0,9.263292454532102,1134,0,44700.0,8.58119568006912,886,4,44600.0,3.973182014362078,592,0,,,,,,,,,,,,
2026-09-16T04:19:09+08:00,2026-09-16T04:18:09+08:00,60.0,live,震盪,neutral,13.831258644536653,2026/09/15,04:18:41,45537.0,45533.0,45538.0,5.0,55.0,0.12,22438,9,18797,2026/09/15,WTXOU6,175,,,44850.0,723.0,44127.0,45573.0,44800.0,12.175867272028318,1134,1,44700.0,6.172006703131204,886,0,44600.0,3.916825774307776,592,0,,,,,,,,,,,,
2026-09-16T04:20:09+08:00,2026-09-16T04:19:09+08:00,60.0,live,震盪,neutral,-5.610098176718094,2026/09/15,04:19:41,45535.0,45532.0,45537.0,-2.0,57.0,0.13,22440,2,18797,2026/09/15,WTXOU6,175,,,44850.0,713.0,44137.0,45563.0,44800.0,9.184232118973643,1134,0,44700.0,6.207376272532284,886,0,44600.0,3.9392717060314135,592,0,,,,,,,,,,,,
2026-09-16T04:21:09+08:00,2026-09-16T04:20:09+08:00,60.0,live,震盪,neutral,0.0,2026/09/15,04:19:41,45535.0,45532.0,45535.0,0.0,57.0,0.13,22440,0,18797,2026/09/15,WTXOU6,175,,,44850.0,713.0,44137.0,45563.0,44800.0,9.184232118973643,1134,0,44700.0,6.207376272532284,886,0,44600.0,3.9392717060314135,592,0,,,,,,,,,,,,
2026-09-16T04:22:09+08:00,2026-09-16T04:21:09+08:00,60.0,live,震盪,neutral,5.513439007580979,2026/09/15,04:21:18,45537.0,45534.0,45539.0,2.0,55.0,0.12,22450,10,18797,2026/09/15,WTXOU6,175,,,44850.0,725.5,44124.5,45575.5,44800.0,9.131900454021238,1134,0,44700.0,6.172006703131204,886,0,44600.0,5.6358089992266684,592,1,,,,,,,,,,,,
2026-09-16T04:23:09+08:00,2026-09-16T04:22:09+08:00,60.0,live,震盪,neutral,0.0,2026/09/15,04:21:18,45537.0,45534.0,45538.0,0.0,55.0,0.12,22450,0,18797,2026/09/15,WTXOU6,175,,,44850.0,720.25,44129.75,45570.25,44800.0,12.175867272028318,1134,1,44700.0,6.172006703131204,886,0,44600.0,3.916825774307776,592,0,,,,,,,,,,,,
2026-09-16T04:24:09+08:00,2026-09-16T04:23:09+08:00,60.0,live,震盪,neutral,2.767208578346593,2026/09/15,04:23:15,45538.0,45534.0,45538.0,1.0,54.0,0.12,22451,1,18797,2026/09/15,WTXOU6,175,,,44850.0,722.75,44127.25,45572.75,44800.0,9.105846547457157,1134,0,44700.0,6.1543975661540875,886,0,44600.0,3.905650815353129,592,0,,,,,,,,,,,,
2026-09-16T04:25:09+08:00,2026-09-16T04:24:09+08:00,60.0,live,震盪,neutral,-8.275862068965518,2026/09/15,04:24:54,45535.0,45533.0,45538.0,-3.0,57.0,0.13,22456,5,18797,2026/09/15,WTXOU6,175,,,44850.0,725.0,44125.0,45575.0,44800.0,10.714937472135917,1134,1,44700.0,6.207376272532284,886,0,44600.0,3.9392717060314135,592,0,,,,,,,,,,,,
2026-09-16T04:26:09+08:00,2026-09-16T04:25:09+08:00,60.0,live,震盪,neutral,0.0,2026/09/15,04:24:54,45535.0,45535.0,45539.0,0.0,57.0,0.13,22456,0,18797,2026/09/15,WTXOU6,175,,,44850.0,725.0,44125.0,45575.0,44800.0,9.184232118973643,1134,0,44700.0,6.207376272532284,886,0,44600.0,3.9392717060314135,592,0,,,,,,,,,,,,
2026-09-16T04:27:09+08:00,2026-09-16T04:26:09+08:00,60.0,live,震盪,neutral,-11.076497057805469,2026/09/15,04:27:07,45531.0,45530.0,45535.0,-4.0,61.0,0.13,22464,8,18797,2026/09/15,WTXOU6,175,,,44850.0,722.25,44127.75,45572.25,44800.0,12.386395799725067,1134,1,44700.0,6.278724644047803,886,0,44600.0,3.9845501954998537,592,0,,,,,,,,,,,,
2026-09-16T04:28:09+08:00,2026-09-16T04:27:09+08:00,60.0,live,震盪,neutral,2.769124264451367,2026/09/15,04:27:13,45532.0,45533.0,45537.0,1.0,60.0,0.13,22466,2,18797,2026/09/15,WTXOU6,175,,,44850.0,722.25,44127.75,45572.25,44800.0,9.263292454532102,1134,0,44700.0,6.260811033836952,886,0,44600.0,3.973182014362078,592,0,,,,,,,,,,,,
2026-09-16T04:29:09+08:00,2026-09-16T04:28:09+08:00,60.0,live,溫和偏多,mild_bull,16.614745586708203,2026/09/15,04:28:46,45538.0,45533.0,45538.0,6.0,54.0,0.12,22469,3,18797,2026/09/15,WTXOU6,175,,,44850.0,722.25,44127.75,45572.25,44800.0,12.141128729942876,1134,1,44700.0,6.1543975661540875,886,0,44600.0,3.905650815353129,592,0,,,,,,,,,,,,
2026-09-16T04:30:09+08:00,2026-09-16T04:29:09+08:00,60.0,live,震盪,neutral,-11.038289065194894,2026/09/15,04:30:02,45534.0,45533.0,45539.0,-4.0,58.0,0.13,22475,6,18797,2026/09/15,WTXOU6,175,,,44850.0,724.75,44125.25,45574.75,44800.0,9.21051030455952,1134,0,44700.0,8.532300110858422,886,2,44600.0,3.9505428620326235,592,0,,,,,,,,,,,,
2026-09-16T04:31:09+08:00,2026-09-16T04:30:09+08:00,60.0,live,震盪,neutral,2.7710426047800487,2026/09/15,04:30:20,45535.0,45534.0,45538.0,1.0,57.0,0.13,22476,1,18797,2026/09/15,WTXOU6,175,,,44850.0,721.75,44128.25,45571.75,44800.0,9.184232118973643,1134,0,44700.0,8.507956903112754,886,1,44600.0,3.9392717060314135,592,0,,,,,,,,,,,,
2026-09-16T04:32:09+08:00,2026-09-16T04:31:09+08:00,60.0,live,震盪,neutral,0.0,2026/09/15,04:30:20,45535.0,45535.0,45540.0,0.0,57.0,0.13,22476,0,18797,2026/09/15,WTXOU6,175,,,44850.0,722.0,44128.0,45572.0,44800.0,9.184232118973643,1134,0,44700.0,6.207376272532284,886,0,44600.0,3.9392717060314135,592,0,,,,,,,,,,,,
2026-09-16T04:33:09+08:00,2026-09-16T04:32:09+08:00,60.0,live,溫和偏多,mild_bull,24.44821731748727,2026/09/15,04:32:18,45544.0,45535.0,45540.0,9.0,48.0,0.11,22484,8,18797,2026/09/15,WTXOU6,175,,,44850.0,736.25,44113.75,45586.25,44800.0,8.951076709800974,1134,0,44700.0,6.049792782049607,886,0,44600.0,3.839267427550187,592,0,,,,,,,,,,,,
2026-09-16T04:34:09+08:00,2026-09-16T04:33:09+08:00,60.0,live,震盪,neutral,0.0,2026/09/15,04:32:18,45544.0,45534.0,45539.0,0.0,48.0,0.11,22484,0,18797,2026/09/15,WTXOU6,175,,,44850.0,735.75,44114.25,45585.75,44800.0,8.951076709800974,1134,0,44700.0,6.049792782049607,886,0,44600.0,3.839267427550187,592,0,,,,,,,,,,,,
2026-09-16T04:35:09+08:00,2026-09-16T04:34:09+08:00,60.0,live,震盪,neutral,0.0,2026/09/15,04:32:18,45544.0,45535.0,45538.0,0.0,48.0,0.11,22484,0,18797,2026/09/15,WTXOU6,175,,,44850.0,733.25,44116.75,45583.25,44800.0,8.951076709800974,1134,0,44700.0,6.049792782049607,886,0,44600.0,3.839267427550187,592,0,,,,,,,,,,,,
2026-09-16T04:36:09+08:00,2026-09-16T04:35:09+08:00,60.0,live,震盪,neutral,2.7369141293191928,2026/09/15,04:36:06,45545.0,45538.0,45544.0,1.0,47.0,0.1,22500,16,18797,2026/09/15,WTXOU6,175,,,44850.0,730.75,44119.25,45580.75,44800.0,8.925538705152404,1134,0,44700.0,6.032532329346559,886,0,44600.0,3.828313747608584,592,0,,,,,,,,,,,,
2026-09-16T04:37:09+08:00,2026-09-16T04:36:09+08:00,60.0,live,震盪,neutral,0.0,2026/09/15,04:36:06,45545.0,45536.0,45542.0,0.0,47.0,0.1,22500,0,18797,2026/09/15,WTXOU6,175,,,44850.0,731.25,44118.75,45581.25,44800.0,8.925538705152404,1134,0,44700.0,6.032532329346559,886,0,44600.0,3.828313747608584,592,0,,,,,,,,,,,,
2026-09-16T04:38:09+08:00,2026-09-16T04:37:09+08:00,60.0,live,溫和偏空,mild_bear,-16.27670396744659,2026/09/15,04:37:27,45539.0,45535.0,45539.0,-6.0,53.0,0.12,22504,4,18797,2026/09/15,WTXOU6,175,,,44850.0,737.25,44112.75,45587.25,44800.0,9.079866974384847,1134,0,44700.0,6.136838669191275,886,0,44600.0,3.8945077392839704,592,0,,,,,,,,,,,,
2026-09-16T04:39:09+08:00,2026-09-16T04:38:09+08:00,60.0,live,溫和偏空,mild_bear,-24.9221183800623,2026/09/15,04:38:41,45530.0,45523.0,45529.0,-9.0,62.0,0.14,22510,6,18797,2026/09/15,WTXOU6,175,,,44850.0,722.25,44127.75,45572.25,44800.0,9.316377080183408,1134,0,44700.0,6.296689509188573,886,0,44600.0,5.749659893145898,592,1,,,,,,,,,,,,
2026-09-16T04:40:09+08:00,2026-09-16T04:39:09+08:00,60.0,live,震盪,neutral,-2.7826086956521743,2026/09/15,04:39:58,45529.0,45526.0,45531.0,-1.0,63.0,0.14,22517,7,18797,2026/09/15,WTXOU6,175,,,44850.0,718.75,44131.25,45568.75,44800.0,12.45737781691007,1134,10,44700.0,6.314705775911325,886,0,44600.0,4.0073842317299695,592,0,,,,,,,,,,,,
2026-09-16T04:41:09+08:00,2026-09-16T04:40:09+08:00,60.0,live,震盪,neutral,-8.347826086956523,2026/09/15,04:40:40,45526.0,45524.0,45529.0,-3.0,66.0,0.14,22518,1,18797,2026/09/15,WTXOU6,175,,,44850.0,718.75,44131.25,45568.75,44800.0,9.423460701976555,1134,0,44700.0,6.369064458393351,886,0,44600.0,5.815747214444481,592,1,,,,,,,,,,,,
2026-09-16T04:42:09+08:00,2026-09-16T04:41:09+08:00,60.0,live,震盪,neutral,0.0,2026/09/15,04:40:40,45526.0,45526.0,45531.0,0.0,66.0,0.14,22518,0,18797,2026/09/15,WTXOU6,175,,,44850.0,718.75,44131.25,45568.75,44800.0,9.423460701976555,1134,0,44700.0,6.369064458393351,886,0,44600.0,4.041880870966441,592,0,,,,,,,,,,,,
2026-09-16T04:43:09+08:00,2026-09-16T04:42:09+08:00,60.0,live,震盪,neutral,0.0,2026/09/15,04:40:40,45526.0,45525.0,45531.0,0.0,66.0,0.14,22518,0,18797,2026/09/15,WTXOU6,175,,,44850.0,718.75,44131.25,45568.75,44800.0,9.423460701976555,1134,0,44700.0,6.369064458393351,886,0,44600.0,4.041880870966441,592,0,,,,,,,,,,,,
2026-09-16T04:44:09+08:00,2026-09-16T04:43:09+08:00,60.0,live,震盪,neutral,-11.130434782608697,2026/09/15,04:43:31,45522.0,45520.0,45526.0,-4.0,70.0,0.15,22521,3,18797,2026/09/15,WTXOU6,175,,,44850.0,718.75,44131.25,45568.75,44800.0,9.531775156523429,1134,0,44700.0,6.442271294459428,886,0,44600.0,5.882594151810381,592,1,,,,,,,,,,,,
2026-09-16T04:45:09+08:00,2026-09-16T04:44:09+08:00,60.0,live,震盪,neutral,0.0,2026/09/15,04:43:31,45522.0,45517.0,45522.0,0.0,70.0,0.15,22521,0,18797,2026/09/15,WTXOU6,175,,,44850.0,716.25,44133.75,45566.25,44800.0,9.531775156523429,1134,0,44700.0,6.442271294459428,886,0,44600.0,4.088338763213007,592,0,,,,,,,,,,,,
2026-09-16T04:46:09+08:00,2026-09-16T04:45:09+08:00,60.0,live,震盪,neutral,5.584642233856894,2026/09/15,04:45:52,45524.0,45518.0,45523.0,2.0,68.0,0.15,22527,6,18797,2026/09/15,WTXOU6,175,,,44850.0,716.25,44133.75,45566.25,44800.0,9.477463194735972,1134,0,44700.0,8.779596091116863,886,1,44600.0,4.065043448852823,592,0,,,,,,,,,,,,
2026-09-16T04:47:09+08:00,2026-09-16T04:46:09+08:00,60.0,live,震盪,neutral,-5.584642233856894,2026/09/15,04:46:53,45522.0,45517.0,45520.0,-2.0,70.0,0.15,22528,1,18797,2026/09/15,WTXOU6,175,,,44850.0,716.25,44133.75,45566.25,44800.0,12.709033542031237,1134,1,44700.0,8.829908825401589,886,1,44600.0,4.088338763213007,592,0,,,,,,,,,,,,
2026-09-16T04:48:09+08:00,2026-09-16T04:47:09+08:00,60.0,live,震盪,neutral,-13.990905911157746,2026/09/15,04:47:54,45517.0,45517.0,45522.0,-5.0,75.0,0.16,22533,5,18797,2026/09/15,WTXOU6,175,,,44850.0,714.75,44135.25,45564.75,44800.0,12.891894201765194,1134,1,44700.0,6.534964257712221,886,0,44600.0,4.147162773786635,592,0,,,,,,,,,,,,
2026-09-16T04:49:09+08:00,2026-09-16T04:48:09+08:00,60.0,live,溫和偏多,mild_bull,22.276366167768884,2026/09/15,04:49:05,45525.0,45522.0,45527.0,8.0,67.0,0.15,22539,6,18797,2026/09/15,WTXOU6,175,,,44850.0,718.25,44131.75,45568.25,44800.0,12.600564500231181,1134,2,44700.0,6.387287806374757,886,0,44600.0,4.053445615222397,592,0,,,,,,,,,,,,
2026-09-16T04:50:09+08:00,2026-09-16T04:49:09+08:00,60.0,live,溫和偏空,mild_bear,-22.284122562674096,2026/09/15,04:49:46,45517.0,45514.0,45520.0,-8.0,75.0,0.16,22558,19,18797,2026/09/15,WTXOU6,175,,,44850.0,718.0,44132.0,45568.0,44800.0,9.668920651323894,1134,0,44700.0,6.534964257712221,886,0,44600.0,4.147162773786635,592,0,,,,,,,,,,,,
2026-09-16T04:51:09+08:00,2026-09-16T04:50:09+08:00,60.0,live,溫和偏多,mild_bull,19.424210891432537,2026/09/15,04:50:30,45524.0,45522.0,45527.0,7.0,68.0,0.15,22565,7,18797,2026/09/15,WTXOU6,175,,,44850.0,720.75,44129.25,45570.75,44800.0,9.477463194735972,1134,0,44700.0,6.405563295516584,886,0,44600.0,4.065043448852823,592,0,,,,,,,,,,,,
2026-09-16T04:52:09+08:00,2026-09-16T04:51:09+08:00,60.0,live,溫和偏空,mild_bear,-19.69750263805839,2026/09/15,04:51:32,45517.0,45518.0,45524.0,-7.0,75.0,0.16,22568,3,18797,2026/09/15,WTXOU6,175,,,44850.0,710.75,44139.25,45560.75,44800.0,9.668920651323894,1134,0,44700.0,6.534964257712221,886,0,44600.0,4.147162773786635,592,0,,,,,,,,,,,,
2026-09-16T04:53:09+08:00,2026-09-16T04:52:09+08:00,60.0,live,溫和偏多,mild_bull,22.50351617440225,2026/09/15,04:53:02,45525.0,45522.0,45527.0,8.0,67.0,0.15,22570,2,18797,2026/09/15,WTXOU6,175,,,44850.0,711.0,44139.0,45561.0,44800.0,12.600564500231181,1134,1,44700.0,8.754547331838324,886,1,44600.0,4.053445615222397,592,0,,,,,,,,,,,,
2026-09-16T04:54:09+08:00,2026-09-16T04:53:09+08:00,60.0,live,震盪,neutral,2.794271742927,2026/09/15,04:53:27,45526.0,45522.0,45527.0,1.0,66.0,0.14,22571,1,18797,2026/09/15,WTXOU6,175,,,44850.0,715.75,44134.25,45565.75,44800.0,12.564614269302075,1134,6,44700.0,6.369064458393351,886,0,44600.0,4.041880870966441,592,0,,,,,,,,,,,,
2026-09-16T04:55:09+08:00,2026-09-16T04:54:09+08:00,60.0,live,震盪,neutral,-13.40931947703654,2026/09/15,04:55:02,45521.0,45517.0,45522.0,-5.0,71.0,0.16,22574,3,18797,2026/09/15,WTXOU6,175,,,44850.0,745.75,44104.25,45595.75,44800.0,9.559047742111556,1134,0,44700.0,6.460704103917787,886,0,44600.0,4.100036434108725,592,0,,,,,,,,,,,,
2026-09-16T04:56:09+08:00,2026-09-16T04:55:09+08:00,60.0,live,震盪,neutral,2.2365110427732735,2026/09/15,04:55:38,45522.0,45518.0,45526.0,1.0,70.0,0.15,22575,1,18797,2026/09/15,WTXOU6,175,,,44650.0,894.25,43755.75,45544.25,44800.0,9.531775156523429,1134,0,44700.0,6.442271294459428,886,0,44600.0,4.088338763213007,592,0,,,,,,,,,,,,
2026-09-16T04:57:09+08:00,2026-09-16T04:56:09+08:00,60.0,live,震盪,neutral,6.672597864768683,2026/09/15,04:56:50,45525.0,45518.0,45526.0,3.0,67.0,0.15,22585,10,18797,2026/09/15,WTXOU6,175,,,44650.0,899.2,43750.8,45549.2,44800.0,9.450423375173386,1134,0,44700.0,6.387287806374757,886,0,44600.0,4.053445615222397,592,0,,,,,,,,,,,,
2026-09-16T04:58:09+08:00,2026-09-16T04:57:09+08:00,60.0,live,溫和偏空,mild_bear,-18.198362147406733,2026/09/15,04:58:00,45517.0,45514.0,45523.0,-8.0,75.0,0.16,22593,8,18797,2026/09/15,WTXOU6,175,,,44650.0,879.2,43770.8,45529.2,44800.0,9.668920651323894,1134,0,44700.0,6.534964257712221,886,0,44600.0,4.147162773786635,592,0,,,,,,,,,,,,
2026-09-16T04:59:09+08:00,2026-09-16T04:58:09+08:00,60.0,live,溫和偏空,mild_bear,-34.25574051276562,2026/09/15,04:59:00,45501.0,45504.0,45518.0,-16.0,91.0,0.2,22603,10,18797,2026/09/15,WTXOU6,175,,,44650.0,934.15,43715.85,45584.15,44800.0,13.494916286199587,1134,1,44700.0,6.840639103217104,886,0,44600.0,4.341147513437625,592,0,,,,,,,,,,,,
