datetime,timestamp,open,high,low,close,volume
2026-04-24 15:00:00,1777014000,39258.0,39275.0,39212.0,39239.0,2010.0
2026-04-24 15:03:00,1777014180,39237.0,39245.0,39204.0,39226.0,653.0
2026-04-24 15:06:00,1777014360,39232.0,39310.0,39220.0,39302.0,1277.0
2026-04-24 15:09:00,1777014540,39302.0,39333.0,39290.0,39329.0,1285.0
2026-04-24 15:12:00,1777014720,39329.0,39331.0,39292.0,39309.0,486.0
2026-04-24 15:15:00,1777014900,39305.0,39345.0,39287.0,39332.0,599.0
2026-04-24 15:18:00,1777015080,39330.0,39348.0,39318.0,39342.0,852.0
2026-04-24 15:21:00,1777015260,39340.0,39349.0,39323.0,39340.0,468.0
2026-04-24 15:24:00,1777015440,39339.0,39341.0,39310.0,39318.0,501.0
2026-04-24 15:27:00,1777015620,39316.0,39325.0,39275.0,39301.0,709.0
2026-04-24 15:30:00,1777015800,39297.0,39301.0,39260.0,39273.0,557.0
2026-04-24 15:33:00,1777015980,39272.0,39296.0,39271.0,39272.0,305.0
2026-04-24 15:36:00,1777016160,39274.0,39274.0,39216.0,39246.0,1007.0
2026-04-24 15:39:00,1777016340,39249.0,39251.0,39220.0,39239.0,510.0
2026-04-24 15:42:00,1777016520,39239.0,39240.0,39185.0,39225.0,1139.0
2026-04-24 15:45:00,1777016700,39224.0,39261.0,39217.0,39241.0,726.0
2026-04-24 15:48:00,1777016880,39240.0,39267.0,39236.0,39255.0,357.0
2026-04-24 15:51:00,1777017060,39254.0,39279.0,39249.0,39261.0,312.0
2026-04-24 15:54:00,1777017240,39260.0,39276.0,39244.0,39270.0,308.0
2026-04-24 15:57:00,1777017420,39270.0,39293.0,39265.0,39289.0,358.0
2026-04-24 16:00:00,1777017600,39286.0,39295.0,39191.0,39243.0,1155.0
2026-04-24 16:03:00,1777017780,39242.0,39244.0,39187.0,39223.0,880.0
2026-04-24 16:06:00,1777017960,39223.0,39228.0,39190.0,39199.0,461.0
2026-04-24 16:09:00,1777018140,39201.0,39230.0,39181.0,39206.0,547.0
2026-04-24 16:12:00,1777018320,39205.0,39232.0,39204.0,39222.0,181.0
2026-04-24 16:15:00,1777018500,39228.0,39315.0,39228.0,39282.0,1174.0
2026-04-24 16:18:00,1777018680,39279.0,39367.0,39273.0,39356.0,1516.0
2026-04-24 16:21:00,1777018860,39356.0,39374.0,39306.0,39337.0,970.0
2026-04-24 16:24:00,1777019040,39336.0,39355.0,39294.0,39321.0,669.0
2026-04-24 16:27:00,1777019220,39321.0,39325.0,39265.0,39281.0,550.0
2026-04-24 16:30:00,1777019400,39279.0,39284.0,39245.0,39259.0,522.0
2026-04-24 16:33:00,1777019580,39258.0,39261.0,39206.0,39237.0,713.0
2026-04-24 16:36:00,1777019760,39233.0,39243.0,39218.0,39243.0,363.0
2026-04-24 16:39:00,1777019940,39243.0,39261.0,39240.0,39241.0,461.0
2026-04-24 16:42:00,1777020120,39246.0,39246.0,39195.0,39208.0,680.0
2026-04-24 16:45:00,1777020300,39207.0,39240.0,39205.0,39232.0,250.0
2026-04-24 16:48:00,1777020480,39230.0,39266.0,39207.0,39210.0,516.0
2026-04-24 16:51:00,1777020660,39210.0,39235.0,39202.0,39214.0,314.0
2026-04-24 16:54:00,1777020840,39214.0,39220.0,39197.0,39211.0,308.0
2026-04-24 16:57:00,1777021020,39209.0,39228.0,39203.0,39222.0,158.0
2026-04-24 17:00:00,1777021200,39226.0,39243.0,39194.0,39198.0,517.0
2026-04-24 17:03:00,1777021380,39198.0,39220.0,39194.0,39220.0,247.0
2026-04-24 17:06:00,1777021560,39219.0,39227.0,39197.0,39211.0,244.0
2026-04-24 17:09:00,1777021740,39214.0,39231.0,39212.0,39228.0,164.0
2026-04-24 17:12:00,1777021920,39230.0,39239.0,39219.0,39221.0,211.0
2026-04-24 17:15:00,1777022100,39222.0,39240.0,39206.0,39209.0,271.0
2026-04-24 17:18:00,1777022280,39209.0,39225.0,39200.0,39217.0,215.0
2026-04-24 17:21:00,1777022460,39217.0,39221.0,39141.0,39188.0,1465.0
2026-04-24 17:24:00,1777022640,39185.0,39190.0,39163.0,39166.0,477.0
2026-04-24 17:27:00,1777022820,39169.0,39174.0,39128.0,39152.0,999.0
2026-04-24 17:30:00,1777023000,39153.0,39193.0,39144.0,39191.0,683.0
2026-04-24 17:33:00,1777023180,39189.0,39214.0,39173.0,39196.0,475.0
2026-04-24 17:36:00,1777023360,39197.0,39231.0,39195.0,39225.0,429.0
2026-04-24 17:39:00,1777023540,39222.0,39233.0,39216.0,39224.0,281.0
2026-04-24 17:42:00,1777023720,39224.0,39225.0,39197.0,39220.0,233.0
2026-04-24 17:45:00,1777023900,39217.0,39239.0,39215.0,39235.0,313.0
2026-04-24 17:48:00,1777024080,39234.0,39235.0,39210.0,39214.0,219.0
2026-04-24 17:51:00,1777024260,39214.0,39219.0,39197.0,39199.0,243.0
2026-04-24 17:54:00,1777024440,39203.0,39209.0,39192.0,39203.0,214.0
2026-04-24 17:57:00,1777024620,39201.0,39208.0,39192.0,39205.0,148.0
2026-04-24 18:00:00,1777024800,39205.0,39230.0,39205.0,39227.0,272.0
2026-04-24 18:03:00,1777024980,39227.0,39258.0,39221.0,39230.0,618.0
2026-04-24 18:06:00,1777025160,39228.0,39241.0,39227.0,39234.0,140.0
2026-04-24 18:09:00,1777025340,39235.0,39252.0,39230.0,39252.0,192.0
2026-04-24 18:12:00,1777025520,39252.0,39268.0,39242.0,39255.0,440.0
2026-04-24 18:15:00,1777025700,39254.0,39282.0,39253.0,39280.0,547.0
2026-04-24 18:18:00,1777025880,39277.0,39283.0,39266.0,39276.0,301.0
2026-04-24 18:21:00,1777026060,39276.0,39292.0,39262.0,39291.0,405.0
2026-04-24 18:24:00,1777026240,39291.0,39306.0,39289.0,39298.0,444.0
2026-04-24 18:27:00,1777026420,39298.0,39321.0,39295.0,39311.0,378.0
2026-04-24 18:30:00,1777026600,39311.0,39314.0,39285.0,39290.0,362.0
2026-04-24 18:33:00,1777026780,39290.0,39297.0,39276.0,39294.0,245.0
2026-04-24 18:36:00,1777026960,39293.0,39300.0,39281.0,39285.0,168.0
2026-04-24 18:39:00,1777027140,39282.0,39299.0,39277.0,39291.0,168.0
2026-04-24 18:42:00,1777027320,39291.0,39299.0,39285.0,39297.0,114.0
2026-04-24 18:45:00,1777027500,39297.0,39303.0,39287.0,39295.0,169.0
2026-04-24 18:48:00,1777027680,39296.0,39302.0,39285.0,39290.0,125.0
2026-04-24 18:51:00,1777027860,39289.0,39295.0,39284.0,39286.0,95.0
2026-04-24 18:54:00,1777028040,39285.0,39296.0,39281.0,39293.0,102.0
2026-04-24 18:57:00,1777028220,39297.0,39301.0,39276.0,39276.0,142.0
2026-04-24 19:00:00,1777028400,39276.0,39292.0,39270.0,39285.0,159.0
2026-04-24 19:03:00,1777028580,39287.0,39398.0,39287.0,39361.0,1835.0
2026-04-24 19:06:00,1777028760,39362.0,39481.0,39330.0,39435.0,2575.0
2026-04-24 19:09:00,1777028940,39438.0,39505.0,39428.0,39490.0,1524.0
2026-04-24 19:12:00,1777029120,39487.0,39517.0,39481.0,39487.0,1005.0
2026-04-24 19:15:00,1777029300,39486.0,39521.0,39460.0,39511.0,1156.0
2026-04-24 19:18:00,1777029480,39510.0,39515.0,39484.0,39488.0,741.0
2026-04-24 19:21:00,1777029660,39489.0,39596.0,39489.0,39585.0,2256.0
2026-04-24 19:24:00,1777029840,39586.0,39619.0,39571.0,39603.0,1626.0
2026-04-24 19:27:00,1777030020,39606.0,39638.0,39591.0,39636.0,974.0
2026-04-24 19:30:00,1777030200,39633.0,39684.0,39631.0,39641.0,2067.0
2026-04-24 19:33:00,1777030380,39641.0,39652.0,39620.0,39628.0,1050.0
2026-04-24 19:36:00,1777030560,39631.0,39656.0,39593.0,39611.0,1038.0
2026-04-24 19:39:00,1777030740,39610.0,39614.0,39581.0,39592.0,958.0
2026-04-24 19:42:00,1777030920,39592.0,39601.0,39573.0,39583.0,657.0
2026-04-24 19:45:00,1777031100,39585.0,39585.0,39531.0,39546.0,1174.0
2026-04-24 19:48:00,1777031280,39545.0,39565.0,39544.0,39552.0,499.0
2026-04-24 19:51:00,1777031460,39551.0,39568.0,39515.0,39523.0,788.0
2026-04-24 19:54:00,1777031640,39526.0,39528.0,39488.0,39525.0,893.0
2026-04-24 19:57:00,1777031820,39526.0,39537.0,39516.0,39525.0,417.0
2026-04-24 20:00:00,1777032000,39530.0,39568.0,39524.0,39561.0,893.0
2026-04-24 20:03:00,1777032180,39560.0,39567.0,39534.0,39556.0,541.0
2026-04-24 20:06:00,1777032360,39556.0,39570.0,39529.0,39553.0,443.0
2026-04-24 20:09:00,1777032540,39556.0,39584.0,39554.0,39571.0,511.0
2026-04-24 20:12:00,1777032720,39570.0,39596.0,39570.0,39585.0,490.0
2026-04-24 20:15:00,1777032900,39586.0,39612.0,39574.0,39608.0,481.0
2026-04-24 20:18:00,1777033080,39609.0,39610.0,39536.0,39560.0,1137.0
2026-04-24 20:21:00,1777033260,39567.0,39576.0,39522.0,39572.0,695.0
2026-04-24 20:24:00,1777033440,39571.0,39590.0,39565.0,39585.0,431.0
2026-04-24 20:27:00,1777033620,39586.0,39587.0,39561.0,39581.0,211.0
2026-04-24 20:30:00,1777033800,39580.0,39588.0,39556.0,39565.0,294.0
2026-04-24 20:33:00,1777033980,39562.0,39572.0,39516.0,39533.0,508.0
2026-04-24 20:36:00,1777034160,39536.0,39545.0,39494.0,39531.0,730.0
2026-04-24 20:39:00,1777034340,39534.0,39555.0,39525.0,39537.0,331.0
2026-04-24 20:42:00,1777034520,39540.0,39548.0,39501.0,39512.0,320.0
2026-04-24 20:45:00,1777034700,39511.0,39530.0,39507.0,39528.0,228.0
2026-04-24 20:48:00,1777034880,39528.0,39528.0,39421.0,39468.0,1780.0
2026-04-24 20:51:00,1777035060,39468.0,39472.0,39443.0,39444.0,571.0
2026-04-24 20:54:00,1777035240,39443.0,39488.0,39438.0,39481.0,521.0
2026-04-24 20:57:00,1777035420,39481.0,39520.0,39481.0,39512.0,570.0
2026-04-24 21:00:00,1777035600,39513.0,39540.0,39513.0,39525.0,671.0
2026-04-24 21:03:00,1777035780,39524.0,39539.0,39521.0,39536.0,225.0
2026-04-24 21:06:00,1777035960,39535.0,39550.0,39528.0,39531.0,326.0
2026-04-24 21:09:00,1777036140,39533.0,39563.0,39520.0,39537.0,552.0
2026-04-24 21:12:00,1777036320,39537.0,39553.0,39527.0,39527.0,238.0
2026-04-24 21:15:00,1777036500,39533.0,39542.0,39517.0,39531.0,225.0
2026-04-24 21:18:00,1777036680,39530.0,39548.0,39520.0,39540.0,240.0
2026-04-24 21:21:00,1777036860,39541.0,39541.0,39516.0,39522.0,222.0
2026-04-24 21:24:00,1777037040,39522.0,39522.0,39469.0,39471.0,620.0
2026-04-24 21:27:00,1777037220,39470.0,39495.0,39465.0,39473.0,450.0
2026-04-24 21:30:00,1777037400,39475.0,39489.0,39405.0,39477.0,2153.0
2026-04-24 21:33:00,1777037580,39475.0,39547.0,39460.0,39471.0,1672.0
2026-04-24 21:36:00,1777037760,39468.0,39550.0,39462.0,39550.0,1084.0
2026-04-24 21:39:00,1777037940,39550.0,39594.0,39544.0,39571.0,1790.0
2026-04-24 21:42:00,1777038120,39576.0,39631.0,39538.0,39558.0,2181.0
2026-04-24 21:45:00,1777038300,39560.0,39590.0,39540.0,39554.0,1083.0
2026-04-24 21:48:00,1777038480,39559.0,39599.0,39536.0,39538.0,945.0
2026-04-24 21:51:00,1777038660,39536.0,39536.0,39471.0,39490.0,1525.0
2026-04-24 21:54:00,1777038840,39491.0,39497.0,39366.0,39410.0,2530.0
2026-04-24 21:57:00,1777039020,39413.0,39492.0,39413.0,39477.0,1487.0
2026-04-24 22:00:00,1777039200,39477.0,39554.0,39445.0,39505.0,1686.0
2026-04-24 22:03:00,1777039380,39509.0,39543.0,39443.0,39505.0,1363.0
2026-04-24 22:06:00,1777039560,39507.0,39526.0,39468.0,39522.0,711.0
2026-04-24 22:09:00,1777039740,39523.0,39563.0,39521.0,39550.0,1136.0
2026-04-24 22:12:00,1777039920,39554.0,39590.0,39536.0,39543.0,1173.0
2026-04-24 22:15:00,1777040100,39543.0,39585.0,39529.0,39554.0,712.0
2026-04-24 22:18:00,1777040280,39554.0,39563.0,39540.0,39552.0,505.0
2026-04-24 22:21:00,1777040460,39550.0,39553.0,39502.0,39538.0,810.0
2026-04-24 22:24:00,1777040640,39532.0,39540.0,39470.0,39495.0,733.0
2026-04-24 22:27:00,1777040820,39498.0,39524.0,39476.0,39510.0,583.0
2026-04-24 22:30:00,1777041000,39511.0,39528.0,39463.0,39488.0,671.0
2026-04-24 22:33:00,1777041180,39485.0,39536.0,39467.0,39523.0,693.0
2026-04-24 22:36:00,1777041360,39526.0,39566.0,39497.0,39548.0,829.0
2026-04-24 22:39:00,1777041540,39549.0,39572.0,39534.0,39543.0,754.0
2026-04-24 22:42:00,1777041720,39543.0,39577.0,39538.0,39562.0,528.0
2026-04-24 22:45:00,1777041900,39560.0,39607.0,39558.0,39569.0,1144.0
2026-04-24 22:48:00,1777042080,39568.0,39582.0,39532.0,39567.0,669.0
2026-04-24 22:51:00,1777042260,39566.0,39591.0,39549.0,39580.0,435.0
2026-04-24 22:54:00,1777042440,39580.0,39608.0,39574.0,39606.0,495.0
2026-04-24 22:57:00,1777042620,39606.0,39635.0,39605.0,39632.0,1165.0
2026-04-24 23:00:00,1777042800,39632.0,39656.0,39622.0,39649.0,1299.0
2026-04-24 23:03:00,1777042980,39651.0,39681.0,39645.0,39654.0,1103.0
2026-04-24 23:06:00,1777043160,39656.0,39668.0,39637.0,39658.0,700.0
2026-04-24 23:09:00,1777043340,39653.0,39674.0,39645.0,39653.0,494.0
2026-04-24 23:12:00,1777043520,39655.0,39661.0,39632.0,39641.0,483.0
2026-04-24 23:15:00,1777043700,39641.0,39650.0,39595.0,39620.0,917.0
2026-04-24 23:18:00,1777043880,39619.0,39620.0,39575.0,39598.0,748.0
2026-04-24 23:21:00,1777044060,39600.0,39635.0,39600.0,39624.0,526.0
2026-04-24 23:24:00,1777044240,39624.0,39630.0,39584.0,39591.0,447.0
2026-04-24 23:27:00,1777044420,39590.0,39628.0,39589.0,39622.0,298.0
2026-04-24 23:30:00,1777044600,39623.0,39660.0,39616.0,39631.0,663.0
2026-04-24 23:33:00,1777044780,39630.0,39656.0,39624.0,39632.0,337.0
2026-04-24 23:36:00,1777044960,39631.0,39632.0,39598.0,39613.0,499.0
2026-04-24 23:39:00,1777045140,39614.0,39639.0,39592.0,39635.0,441.0
2026-04-24 23:42:00,1777045320,39635.0,39758.0,39616.0,39739.0,2391.0
2026-04-24 23:45:00,1777045500,39738.0,39818.0,39685.0,39737.0,3565.0
2026-04-24 23:48:00,1777045680,39739.0,39817.0,39726.0,39800.0,1538.0
2026-04-24 23:51:00,1777045860,39798.0,39825.0,39785.0,39805.0,1040.0
2026-04-24 23:54:00,1777046040,39803.0,39813.0,39786.0,39796.0,691.0
2026-04-24 23:57:00,1777046220,39795.0,39815.0,39793.0,39815.0,399.0
2026-04-25 00:00:00,1777046400,39813.0,39849.0,39802.0,39824.0,1561.0
2026-04-25 00:03:00,1777046580,39824.0,39856.0,39791.0,39843.0,1142.0
2026-04-25 00:06:00,1777046760,39844.0,39853.0,39778.0,39788.0,1095.0
2026-04-25 00:09:00,1777046940,39787.0,39820.0,39749.0,39815.0,1206.0
2026-04-25 00:12:00,1777047120,39815.0,39833.0,39801.0,39811.0,567.0
2026-04-25 00:15:00,1777047300,39812.0,39815.0,39785.0,39812.0,399.0
2026-04-25 00:18:00,1777047480,39808.0,39850.0,39806.0,39844.0,621.0
2026-04-25 00:21:00,1777047660,39846.0,39848.0,39823.0,39838.0,387.0
2026-04-25 00:24:00,1777047840,39840.0,39849.0,39817.0,39832.0,418.0
2026-04-25 00:27:00,1777048020,39832.0,39840.0,39812.0,39817.0,274.0
2026-04-25 00:30:00,1777048200,39820.0,39875.0,39820.0,39863.0,983.0
2026-04-25 00:33:00,1777048380,39861.0,39874.0,39852.0,39858.0,498.0
2026-04-25 00:36:00,1777048560,39860.0,39872.0,39848.0,39850.0,368.0
2026-04-25 00:39:00,1777048740,39850.0,39857.0,39820.0,39820.0,498.0
2026-04-25 00:42:00,1777048920,39822.0,39822.0,39755.0,39790.0,1091.0
2026-04-25 00:45:00,1777049100,39791.0,39810.0,39778.0,39780.0,358.0
2026-04-25 00:48:00,1777049280,39784.0,39794.0,39757.0,39778.0,431.0
2026-04-25 00:51:00,1777049460,39778.0,39805.0,39777.0,39799.0,330.0
2026-04-25 00:54:00,1777049640,39798.0,39816.0,39788.0,39797.0,311.0
2026-04-25 00:57:00,1777049820,39799.0,39823.0,39789.0,39801.0,649.0
2026-04-25 01:00:00,1777050000,39806.0,39826.0,39795.0,39800.0,451.0
2026-04-25 01:03:00,1777050180,39803.0,39820.0,39788.0,39792.0,314.0
2026-04-25 01:06:00,1777050360,39794.0,39803.0,39765.0,39772.0,525.0
2026-04-25 01:09:00,1777050540,39774.0,39804.0,39764.0,39788.0,337.0
2026-04-25 01:12:00,1777050720,39787.0,39787.0,39761.0,39770.0,245.0
2026-04-25 01:15:00,1777050900,39771.0,39774.0,39718.0,39744.0,912.0
2026-04-25 01:18:00,1777051080,39745.0,39750.0,39708.0,39716.0,494.0
2026-04-25 01:21:00,1777051260,39716.0,39723.0,39683.0,39717.0,818.0
2026-04-25 01:24:00,1777051440,39717.0,39769.0,39717.0,39758.0,697.0
2026-04-25 01:27:00,1777051620,39759.0,39777.0,39748.0,39756.0,341.0
2026-04-25 01:30:00,1777051800,39754.0,39768.0,39733.0,39752.0,650.0
2026-04-25 01:33:00,1777051980,39752.0,39784.0,39743.0,39774.0,415.0
2026-04-25 01:36:00,1777052160,39776.0,39809.0,39773.0,39776.0,491.0
2026-04-25 01:39:00,1777052340,39776.0,39805.0,39761.0,39797.0,229.0
2026-04-25 01:42:00,1777052520,39794.0,39800.0,39784.0,39795.0,138.0
2026-04-25 01:45:00,1777052700,39794.0,39802.0,39786.0,39801.0,131.0
2026-04-25 01:48:00,1777052880,39799.0,39804.0,39790.0,39801.0,160.0
2026-04-25 01:51:00,1777053060,39801.0,39807.0,39790.0,39805.0,124.0
2026-04-25 01:54:00,1777053240,39805.0,39855.0,39805.0,39827.0,725.0
2026-04-25 01:57:00,1777053420,39824.0,39826.0,39812.0,39820.0,157.0
2026-04-25 02:00:00,1777053600,39818.0,39838.0,39806.0,39823.0,271.0
2026-04-25 02:03:00,1777053780,39821.0,39824.0,39731.0,39741.0,722.0
2026-04-25 02:06:00,1777053960,39740.0,39777.0,39740.0,39772.0,288.0
2026-04-25 02:09:00,1777054140,39771.0,39783.0,39756.0,39759.0,159.0
2026-04-25 02:12:00,1777054320,39758.0,39761.0,39744.0,39760.0,161.0
2026-04-25 02:15:00,1777054500,39763.0,39766.0,39729.0,39735.0,197.0
2026-04-25 02:18:00,1777054680,39734.0,39750.0,39728.0,39736.0,153.0
2026-04-25 02:21:00,1777054860,39740.0,39748.0,39731.0,39747.0,121.0
2026-04-25 02:24:00,1777055040,39747.0,39773.0,39745.0,39767.0,213.0
2026-04-25 02:27:00,1777055220,39768.0,39768.0,39744.0,39746.0,128.0
2026-04-25 02:30:00,1777055400,39748.0,39789.0,39747.0,39777.0,224.0
2026-04-25 02:33:00,1777055580,39779.0,39790.0,39773.0,39785.0,104.0
2026-04-25 02:36:00,1777055760,39785.0,39797.0,39777.0,39785.0,165.0
2026-04-25 02:39:00,1777055940,39787.0,39799.0,39781.0,39795.0,149.0
2026-04-25 02:42:00,1777056120,39792.0,39797.0,39779.0,39786.0,76.0
2026-04-25 02:45:00,1777056300,39786.0,39794.0,39773.0,39792.0,109.0
2026-04-25 02:48:00,1777056480,39793.0,39797.0,39772.0,39780.0,111.0
2026-04-25 02:51:00,1777056660,39779.0,39799.0,39779.0,39794.0,87.0
2026-04-25 02:54:00,1777056840,39793.0,39806.0,39792.0,39801.0,157.0
2026-04-25 02:57:00,1777057020,39795.0,39802.0,39793.0,39798.0,41.0
2026-04-25 03:00:00,1777057200,39798.0,39826.0,39798.0,39819.0,243.0
2026-04-25 03:03:00,1777057380,39820.0,39820.0,39783.0,39785.0,178.0
2026-04-25 03:06:00,1777057560,39787.0,39802.0,39782.0,39793.0,140.0
2026-04-25 03:09:00,1777057740,39792.0,39800.0,39784.0,39789.0,66.0
2026-04-25 03:12:00,1777057920,39790.0,39801.0,39785.0,39788.0,79.0
2026-04-25 03:15:00,1777058100,39788.0,39801.0,39785.0,39800.0,125.0
2026-04-25 03:18:00,1777058280,39798.0,39798.0,39773.0,39780.0,154.0
2026-04-25 03:21:00,1777058460,39782.0,39783.0,39756.0,39763.0,200.0
2026-04-25 03:24:00,1777058640,39765.0,39765.0,39738.0,39745.0,209.0
2026-04-25 03:27:00,1777058820,39746.0,39761.0,39742.0,39755.0,101.0
2026-04-25 03:30:00,1777059000,39755.0,39773.0,39744.0,39758.0,165.0
2026-04-25 03:33:00,1777059180,39757.0,39761.0,39739.0,39739.0,82.0
2026-04-25 03:36:00,1777059360,39745.0,39748.0,39731.0,39743.0,121.0
2026-04-25 03:39:00,1777059540,39743.0,39756.0,39729.0,39746.0,167.0
2026-04-25 03:42:00,1777059720,39745.0,39754.0,39741.0,39741.0,60.0
2026-04-25 03:45:00,1777059900,39741.0,39743.0,39728.0,39737.0,124.0
2026-04-25 03:48:00,1777060080,39740.0,39741.0,39718.0,39728.0,207.0
2026-04-25 03:51:00,1777060260,39725.0,39731.0,39711.0,39719.0,127.0
2026-04-25 03:54:00,1777060440,39721.0,39755.0,39713.0,39753.0,191.0
2026-04-25 03:57:00,1777060620,39754.0,39764.0,39742.0,39742.0,184.0
2026-04-25 04:00:00,1777060800,39742.0,39764.0,39721.0,39743.0,334.0
2026-04-25 04:03:00,1777060980,39746.0,39749.0,39736.0,39749.0,70.0
2026-04-25 04:06:00,1777061160,39748.0,39750.0,39725.0,39737.0,154.0
2026-04-25 04:09:00,1777061340,39738.0,39743.0,39733.0,39734.0,46.0
2026-04-25 04:12:00,1777061520,39733.0,39748.0,39733.0,39746.0,43.0
2026-04-25 04:15:00,1777061700,39745.0,39759.0,39745.0,39753.0,66.0
2026-04-25 04:18:00,1777061880,39749.0,39751.0,39741.0,39750.0,78.0
2026-04-25 04:21:00,1777062060,39752.0,39762.0,39750.0,39758.0,49.0
2026-04-25 04:24:00,1777062240,39758.0,39758.0,39739.0,39741.0,120.0
2026-04-25 04:27:00,1777062420,39743.0,39745.0,39737.0,39738.0,43.0
2026-04-25 04:30:00,1777062600,39739.0,39756.0,39732.0,39748.0,106.0
2026-04-25 04:33:00,1777062780,39750.0,39752.0,39746.0,39750.0,29.0
2026-04-25 04:36:00,1777062960,39750.0,39755.0,39749.0,39750.0,49.0
2026-04-25 04:39:00,1777063140,39753.0,39763.0,39748.0,39763.0,107.0
2026-04-25 04:42:00,1777063320,39760.0,39760.0,39752.0,39756.0,47.0
2026-04-25 04:45:00,1777063500,39752.0,39752.0,39732.0,39747.0,174.0
2026-04-25 04:48:00,1777063680,39747.0,39750.0,39742.0,39748.0,118.0
2026-04-25 04:51:00,1777063860,39745.0,39755.0,39745.0,39755.0,73.0
2026-04-25 04:54:00,1777064040,39755.0,39763.0,39753.0,39755.0,137.0
2026-04-25 04:57:00,1777064220,39755.0,39775.0,39755.0,39775.0,227.0
2026-04-27 08:45:00,1777250700,39978.0,40000.0,39908.0,39975.0,6639.0
2026-04-27 08:48:00,1777250880,39978.0,40038.0,39969.0,40034.0,2841.0
2026-04-27 08:51:00,1777251060,40033.0,40058.0,39950.0,39994.0,3234.0
2026-04-27 08:54:00,1777251240,39991.0,39999.0,39911.0,39930.0,2053.0
2026-04-27 08:57:00,1777251420,39931.0,40007.0,39900.0,40007.0,2639.0
2026-04-27 09:00:00,1777251600,40004.0,40132.0,39906.0,40103.0,7745.0
2026-04-27 09:03:00,1777251780,40107.0,40338.0,40056.0,40313.0,6523.0
2026-04-27 09:06:00,1777251960,40314.0,40321.0,40059.0,40123.0,5188.0
2026-04-27 09:09:00,1777252140,40123.0,40218.0,40084.0,40183.0,3025.0
2026-04-27 09:12:00,1777252320,40181.0,40247.0,40127.0,40168.0,2346.0
2026-04-27 09:15:00,1777252500,40169.0,40178.0,40011.0,40065.0,4030.0
2026-04-27 09:18:00,1777252680,40060.0,40412.0,40056.0,40400.0,5885.0
2026-04-27 09:21:00,1777252860,40400.0,40431.0,40280.0,40384.0,3857.0
2026-04-27 09:24:00,1777253040,40383.0,40449.0,40346.0,40379.0,3072.0
2026-04-27 09:27:00,1777253220,40382.0,40395.0,40154.0,40326.0,4343.0
2026-04-27 09:30:00,1777253400,40320.0,40419.0,40306.0,40376.0,1960.0
2026-04-27 09:33:00,1777253580,40379.0,40440.0,40360.0,40398.0,1677.0
2026-04-27 09:36:00,1777253760,40395.0,40412.0,40336.0,40350.0,1497.0
2026-04-27 09:39:00,1777253940,40352.0,40413.0,40273.0,40338.0,2291.0
2026-04-27 09:42:00,1777254120,40343.0,40347.0,40209.0,40265.0,2020.0
2026-04-27 09:45:00,1777254300,40263.0,40275.0,40119.0,40146.0,3353.0
2026-04-27 09:48:00,1777254480,40147.0,40250.0,40085.0,40167.0,2889.0
2026-04-27 09:51:00,1777254660,40162.0,40220.0,40124.0,40179.0,1848.0
2026-04-27 09:54:00,1777254840,40173.0,40194.0,40010.0,40014.0,3041.0
2026-04-27 09:57:00,1777255020,40013.0,40150.0,39964.0,40150.0,3327.0
2026-04-27 10:00:00,1777255200,40150.0,40219.0,40124.0,40189.0,2384.0
2026-04-27 10:03:00,1777255380,40191.0,40266.0,40175.0,40191.0,1807.0
2026-04-27 10:06:00,1777255560,40190.0,40318.0,40150.0,40294.0,2104.0
2026-04-27 10:09:00,1777255740,40294.0,40340.0,40248.0,40296.0,1672.0
2026-04-27 10:12:00,1777255920,40300.0,40328.0,40249.0,40249.0,993.0
2026-04-27 10:15:00,1777256100,40248.0,40380.0,40247.0,40358.0,1895.0
2026-04-27 10:18:00,1777256280,40361.0,40383.0,40292.0,40354.0,1268.0
2026-04-27 10:21:00,1777256460,40352.0,40363.0,40295.0,40302.0,996.0
2026-04-27 10:24:00,1777256640,40304.0,40322.0,40241.0,40244.0,1156.0
2026-04-27 10:27:00,1777256820,40241.0,40298.0,40200.0,40273.0,1623.0
2026-04-27 10:30:00,1777257000,40270.0,40286.0,40247.0,40251.0,638.0
2026-04-27 10:33:00,1777257180,40250.0,40275.0,40184.0,40222.0,1134.0
2026-04-27 10:36:00,1777257360,40221.0,40247.0,40170.0,40235.0,972.0
2026-04-27 10:39:00,1777257540,40232.0,40232.0,40107.0,40154.0,1721.0
2026-04-27 10:42:00,1777257720,40149.0,40208.0,40110.0,40130.0,1226.0
2026-04-27 10:45:00,1777257900,40132.0,40210.0,40130.0,40170.0,1083.0
2026-04-27 10:48:00,1777258080,40168.0,40195.0,40152.0,40179.0,624.0
2026-04-27 10:51:00,1777258260,40175.0,40183.0,40111.0,40124.0,868.0
2026-04-27 10:54:00,1777258440,40121.0,40150.0,40068.0,40088.0,1643.0
2026-04-27 10:57:00,1777258620,40088.0,40176.0,40066.0,40111.0,1165.0
2026-04-27 11:00:00,1777258800,40114.0,40116.0,40024.0,40101.0,2034.0
2026-04-27 11:03:00,1777258980,40098.0,40157.0,40081.0,40092.0,1118.0
2026-04-27 11:06:00,1777259160,40098.0,40157.0,40067.0,40100.0,943.0
2026-04-27 11:09:00,1777259340,40102.0,40120.0,40068.0,40071.0,522.0
2026-04-27 11:12:00,1777259520,40073.0,40130.0,40061.0,40083.0,739.0
2026-04-27 11:15:00,1777259700,40083.0,40175.0,40077.0,40153.0,980.0
2026-04-27 11:18:00,1777259880,40152.0,40188.0,40144.0,40182.0,898.0
2026-04-27 11:21:00,1777260060,40179.0,40204.0,40135.0,40162.0,967.0
2026-04-27 11:24:00,1777260240,40163.0,40165.0,40110.0,40160.0,629.0
2026-04-27 11:27:00,1777260420,40162.0,40165.0,40107.0,40148.0,501.0
2026-04-27 11:30:00,1777260600,40150.0,40183.0,40133.0,40150.0,963.0
2026-04-27 11:33:00,1777260780,40156.0,40210.0,40156.0,40174.0,698.0
2026-04-27 11:36:00,1777260960,40177.0,40220.0,40152.0,40209.0,746.0
2026-04-27 11:39:00,1777261140,40212.0,40213.0,40186.0,40211.0,457.0
2026-04-27 11:42:00,1777261320,40209.0,40241.0,40198.0,40239.0,576.0
2026-04-27 11:45:00,1777261500,40240.0,40293.0,40233.0,40251.0,1583.0
2026-04-27 11:48:00,1777261680,40252.0,40261.0,40210.0,40250.0,730.0
2026-04-27 11:51:00,1777261860,40255.0,40281.0,40252.0,40261.0,448.0
2026-04-27 11:54:00,1777262040,40260.0,40274.0,40254.0,40270.0,277.0
2026-04-27 11:57:00,1777262220,40270.0,40313.0,40262.0,40301.0,831.0
2026-04-27 12:00:00,1777262400,40295.0,40318.0,40200.0,40233.0,1350.0
2026-04-27 12:03:00,1777262580,40231.0,40270.0,40216.0,40265.0,570.0
2026-04-27 12:06:00,1777262760,40264.0,40270.0,40201.0,40236.0,743.0
2026-04-27 12:09:00,1777262940,40231.0,40249.0,40203.0,40212.0,418.0
2026-04-27 12:12:00,1777263120,40212.0,40222.0,40178.0,40182.0,711.0
2026-04-27 12:15:00,1777263300,40182.0,40220.0,40177.0,40217.0,472.0
2026-04-27 12:18:00,1777263480,40217.0,40219.0,40165.0,40192.0,597.0
2026-04-27 12:21:00,1777263660,40194.0,40214.0,40178.0,40195.0,423.0
2026-04-27 12:24:00,1777263840,40195.0,40228.0,40193.0,40217.0,404.0
2026-04-27 12:27:00,1777264020,40216.0,40240.0,40210.0,40227.0,387.0
2026-04-27 12:30:00,1777264200,40230.0,40262.0,40209.0,40243.0,705.0
2026-04-27 12:33:00,1777264380,40240.0,40241.0,40181.0,40193.0,678.0
2026-04-27 12:36:00,1777264560,40194.0,40254.0,40187.0,40252.0,488.0
2026-04-27 12:39:00,1777264740,40250.0,40257.0,40201.0,40212.0,404.0
2026-04-27 12:42:00,1777264920,40218.0,40233.0,40208.0,40210.0,316.0
2026-04-27 12:45:00,1777265100,40208.0,40228.0,40201.0,40215.0,349.0
2026-04-27 12:48:00,1777265280,40217.0,40243.0,40192.0,40198.0,532.0
2026-04-27 12:51:00,1777265460,40202.0,40221.0,40168.0,40176.0,742.0
2026-04-27 12:54:00,1777265640,40178.0,40189.0,40113.0,40122.0,1303.0
2026-04-27 12:57:00,1777265820,40123.0,40175.0,40116.0,40152.0,706.0
2026-04-27 13:00:00,1777266000,40161.0,40172.0,40084.0,40104.0,1258.0
2026-04-27 13:03:00,1777266180,40105.0,40110.0,40008.0,40008.0,1922.0
2026-04-27 13:06:00,1777266360,40010.0,40129.0,40006.0,40095.0,1530.0
2026-04-27 13:09:00,1777266540,40098.0,40167.0,40096.0,40155.0,1200.0
2026-04-27 13:12:00,1777266720,40155.0,40165.0,40082.0,40088.0,797.0
2026-04-27 13:15:00,1777266900,40084.0,40100.0,40059.0,40072.0,850.0
2026-04-27 13:18:00,1777267080,40071.0,40108.0,40032.0,40052.0,1155.0
2026-04-27 13:21:00,1777267260,40053.0,40063.0,40022.0,40032.0,871.0
2026-04-27 13:24:00,1777267440,40031.0,40080.0,39989.0,39998.0,1822.0
2026-04-27 13:27:00,1777267620,39996.0,40011.0,39953.0,39959.0,1472.0
2026-04-27 13:30:00,1777267800,39960.0,39975.0,39861.0,39894.0,3126.0
2026-04-27 13:33:00,1777267980,39891.0,39912.0,39833.0,39871.0,1553.0
2026-04-27 13:36:00,1777268160,39870.0,39905.0,39864.0,39876.0,917.0
2026-04-27 13:39:00,1777268340,39876.0,39921.0,39873.0,39920.0,987.0
2026-04-27 13:42:00,1777268520,39921.0,39984.0,39877.0,39885.0,2016.0
2026-04-27 15:00:00,1777273200,39863.0,39867.0,39808.0,39855.0,1896.0
2026-04-27 15:03:00,1777273380,39854.0,39889.0,39838.0,39838.0,798.0
2026-04-27 15:06:00,1777273560,39840.0,39898.0,39823.0,39858.0,721.0
2026-04-27 15:09:00,1777273740,39858.0,39858.0,39800.0,39822.0,938.0
2026-04-27 15:12:00,1777273920,39824.0,39853.0,39817.0,39837.0,408.0
2026-04-27 15:15:00,1777274100,39837.0,39843.0,39791.0,39791.0,774.0
2026-04-27 15:18:00,1777274280,39792.0,39834.0,39786.0,39821.0,465.0
2026-04-27 15:21:00,1777274460,39819.0,39857.0,39809.0,39846.0,376.0
2026-04-27 15:24:00,1777274640,39844.0,39857.0,39824.0,39824.0,328.0
2026-04-27 15:27:00,1777274820,39825.0,39829.0,39788.0,39806.0,577.0
2026-04-27 15:30:00,1777275000,39807.0,39827.0,39772.0,39821.0,639.0
2026-04-27 15:33:00,1777275180,39822.0,39842.0,39811.0,39816.0,298.0
2026-04-27 15:36:00,1777275360,39819.0,39831.0,39806.0,39828.0,196.0
2026-04-27 15:39:00,1777275540,39826.0,39879.0,39826.0,39870.0,768.0
2026-04-27 15:42:00,1777275720,39870.0,39879.0,39855.0,39858.0,340.0
2026-04-27 15:45:00,1777275900,39858.0,39883.0,39855.0,39859.0,320.0
2026-04-27 15:48:00,1777276080,39861.0,39866.0,39836.0,39849.0,303.0
2026-04-27 15:51:00,1777276260,39849.0,39881.0,39846.0,39867.0,182.0
2026-04-27 15:54:00,1777276440,39867.0,39870.0,39831.0,39835.0,246.0
2026-04-27 15:57:00,1777276620,39835.0,39850.0,39803.0,39804.0,356.0
2026-04-27 16:00:00,1777276800,39805.0,39834.0,39746.0,39776.0,1465.0
2026-04-27 16:03:00,1777276980,39780.0,39799.0,39763.0,39786.0,481.0
2026-04-27 16:06:00,1777277160,39787.0,39796.0,39770.0,39780.0,302.0
2026-04-27 16:09:00,1777277340,39782.0,39782.0,39730.0,39756.0,938.0
2026-04-27 16:12:00,1777277520,39758.0,39767.0,39733.0,39738.0,433.0
2026-04-27 16:15:00,1777277700,39738.0,39767.0,39730.0,39767.0,456.0
2026-04-27 16:18:00,1777277880,39767.0,39800.0,39765.0,39799.0,478.0
2026-04-27 16:21:00,1777278060,39798.0,39810.0,39772.0,39794.0,291.0
2026-04-27 16:24:00,1777278240,39796.0,39816.0,39784.0,39788.0,330.0
2026-04-27 16:27:00,1777278420,39786.0,39814.0,39785.0,39811.0,188.0
2026-04-27 16:30:00,1777278600,39808.0,39835.0,39801.0,39820.0,390.0
2026-04-27 16:33:00,1777278780,39820.0,39824.0,39803.0,39817.0,186.0
2026-04-27 16:36:00,1777278960,39817.0,39859.0,39810.0,39858.0,442.0
2026-04-27 16:39:00,1777279140,39857.0,39859.0,39833.0,39849.0,219.0
2026-04-27 16:42:00,1777279320,39849.0,39855.0,39838.0,39850.0,176.0
2026-04-27 16:45:00,1777279500,39851.0,39855.0,39827.0,39844.0,269.0
2026-04-27 16:48:00,1777279680,39843.0,39937.0,39843.0,39918.0,1241.0
2026-04-27 16:51:00,1777279860,39920.0,39922.0,39883.0,39895.0,527.0
2026-04-27 16:54:00,1777280040,39899.0,39900.0,39879.0,39887.0,190.0
2026-04-27 16:57:00,1777280220,39886.0,39912.0,39872.0,39881.0,352.0
2026-04-27 17:00:00,1777280400,39880.0,39913.0,39880.0,39890.0,411.0
2026-04-27 17:03:00,1777280580,39889.0,39900.0,39889.0,39893.0,88.0
2026-04-27 17:06:00,1777280760,39893.0,39915.0,39879.0,39905.0,217.0
2026-04-27 17:09:00,1777280940,39905.0,39908.0,39890.0,39900.0,123.0
2026-04-27 17:12:00,1777281120,39898.0,39918.0,39889.0,39889.0,161.0
2026-04-27 17:15:00,1777281300,39889.0,39889.0,39858.0,39871.0,384.0
2026-04-27 17:18:00,1777281480,39870.0,39871.0,39834.0,39847.0,455.0
2026-04-27 17:21:00,1777281660,39848.0,39876.0,39840.0,39874.0,248.0
2026-04-27 17:24:00,1777281840,39874.0,39907.0,39864.0,39902.0,281.0
2026-04-27 17:27:00,1777282020,39902.0,39934.0,39901.0,39921.0,498.0
2026-04-27 17:30:00,1777282200,39919.0,39968.0,39918.0,39953.0,831.0
2026-04-27 17:33:00,1777282380,39954.0,39983.0,39949.0,39967.0,764.0
2026-04-27 17:36:00,1777282560,39967.0,39973.0,39940.0,39945.0,388.0
2026-04-27 17:39:00,1777282740,39945.0,39965.0,39925.0,39943.0,204.0
2026-04-27 17:42:00,1777282920,39942.0,39946.0,39921.0,39936.0,195.0
2026-04-27 17:45:00,1777283100,39935.0,39950.0,39926.0,39928.0,176.0
2026-04-27 17:48:00,1777283280,39930.0,39942.0,39919.0,39941.0,150.0
2026-04-27 17:51:00,1777283460,39940.0,39960.0,39938.0,39954.0,225.0
2026-04-27 17:54:00,1777283640,39952.0,39957.0,39940.0,39948.0,176.0
2026-04-27 17:57:00,1777283820,39948.0,39952.0,39915.0,39930.0,236.0
2026-04-27 18:00:00,1777284000,39930.0,39935.0,39917.0,39931.0,152.0
2026-04-27 18:03:00,1777284180,39928.0,39930.0,39910.0,39923.0,178.0
2026-04-27 18:06:00,1777284360,39923.0,39939.0,39908.0,39918.0,196.0
2026-04-27 18:09:00,1777284540,39915.0,39925.0,39914.0,39918.0,80.0
2026-04-27 18:12:00,1777284720,39920.0,39926.0,39908.0,39925.0,98.0
2026-04-27 18:15:00,1777284900,39926.0,39957.0,39924.0,39953.0,230.0
2026-04-27 18:18:00,1777285080,39953.0,39959.0,39941.0,39957.0,184.0
2026-04-27 18:21:00,1777285260,39958.0,39964.0,39950.0,39960.0,195.0
2026-04-27 18:24:00,1777285440,39957.0,39957.0,39940.0,39949.0,89.0
2026-04-27 18:27:00,1777285620,39948.0,39965.0,39932.0,39943.0,169.0
2026-04-27 18:30:00,1777285800,39943.0,39963.0,39933.0,39959.0,157.0
2026-04-27 18:33:00,1777285980,39959.0,39963.0,39951.0,39954.0,99.0
2026-04-27 18:36:00,1777286160,39955.0,39982.0,39954.0,39973.0,363.0
2026-04-27 18:39:00,1777286340,39971.0,39998.0,39970.0,39988.0,518.0
2026-04-27 18:42:00,1777286520,39987.0,40002.0,39981.0,39998.0,318.0
2026-04-27 18:45:00,1777286700,39998.0,40007.0,39971.0,40002.0,395.0
2026-04-27 18:48:00,1777286880,40002.0,40005.0,39987.0,39991.0,199.0
2026-04-27 18:51:00,1777287060,39988.0,40033.0,39988.0,40025.0,642.0
2026-04-27 18:54:00,1777287240,40025.0,40049.0,40015.0,40043.0,515.0
2026-04-27 18:57:00,1777287420,40040.0,40040.0,40016.0,40017.0,327.0
2026-04-27 19:00:00,1777287600,40019.0,40035.0,40011.0,40027.0,323.0
2026-04-27 19:03:00,1777287780,40025.0,40030.0,40006.0,40027.0,238.0
2026-04-27 19:06:00,1777287960,40028.0,40033.0,40018.0,40025.0,158.0
2026-04-27 19:09:00,1777288140,40023.0,40026.0,40004.0,40008.0,186.0
2026-04-27 19:12:00,1777288320,40008.0,40023.0,40008.0,40011.0,117.0
2026-04-27 19:15:00,1777288500,40011.0,40015.0,39984.0,39999.0,357.0
2026-04-27 19:18:00,1777288680,39998.0,40017.0,39997.0,40012.0,178.0
2026-04-27 19:21:00,1777288860,40008.0,40033.0,40008.0,40033.0,207.0
2026-04-27 19:24:00,1777289040,40033.0,40034.0,40016.0,40020.0,139.0
2026-04-27 19:27:00,1777289220,40022.0,40053.0,40019.0,40034.0,347.0
2026-04-27 19:30:00,1777289400,40035.0,40044.0,40028.0,40033.0,159.0
2026-04-27 19:33:00,1777289580,40032.0,40036.0,40015.0,40034.0,165.0
2026-04-27 19:36:00,1777289760,40034.0,40036.0,40011.0,40034.0,145.0
2026-04-27 19:39:00,1777289940,40037.0,40043.0,40022.0,40025.0,88.0
2026-04-27 19:42:00,1777290120,40027.0,40033.0,40023.0,40028.0,93.0
2026-04-27 19:45:00,1777290300,40026.0,40038.0,40026.0,40037.0,67.0
2026-04-27 19:48:00,1777290480,40035.0,40039.0,40011.0,40018.0,148.0
2026-04-27 19:51:00,1777290660,40016.0,40026.0,40008.0,40013.0,174.0
2026-04-27 19:54:00,1777290840,40012.0,40016.0,40001.0,40007.0,135.0
2026-04-27 19:57:00,1777291020,40006.0,40016.0,40004.0,40006.0,126.0
2026-04-27 20:00:00,1777291200,40005.0,40016.0,39993.0,40001.0,303.0
2026-04-27 20:03:00,1777291380,40001.0,40003.0,39977.0,39991.0,426.0
2026-04-27 20:06:00,1777291560,39986.0,39988.0,39975.0,39982.0,261.0
2026-04-27 20:09:00,1777291740,39983.0,40006.0,39978.0,40006.0,236.0
2026-04-27 20:12:00,1777291920,40006.0,40019.0,39990.0,40003.0,217.0
2026-04-27 20:15:00,1777292100,40003.0,40013.0,39999.0,40009.0,104.0
2026-04-27 20:18:00,1777292280,40003.0,40006.0,39965.0,39970.0,347.0
2026-04-27 20:21:00,1777292460,39970.0,39982.0,39966.0,39967.0,190.0
2026-04-27 20:24:00,1777292640,39966.0,39974.0,39930.0,39944.0,720.0
2026-04-27 20:27:00,1777292820,39940.0,39950.0,39912.0,39950.0,808.0
2026-04-27 20:30:00,1777293000,39949.0,39965.0,39935.0,39955.0,380.0
2026-04-27 20:33:00,1777293180,39955.0,39961.0,39942.0,39947.0,203.0
2026-04-27 20:36:00,1777293360,39947.0,39957.0,39913.0,39921.0,350.0
2026-04-27 20:39:00,1777293540,39920.0,39931.0,39880.0,39894.0,858.0
2026-04-27 20:42:00,1777293720,39891.0,39925.0,39887.0,39915.0,355.0
2026-04-27 20:45:00,1777293900,39920.0,39928.0,39904.0,39928.0,240.0
2026-04-27 20:48:00,1777294080,39929.0,39960.0,39929.0,39957.0,487.0
2026-04-27 20:51:00,1777294260,39960.0,39961.0,39933.0,39936.0,260.0
2026-04-27 20:54:00,1777294440,39935.0,39940.0,39904.0,39912.0,313.0
2026-04-27 20:57:00,1777294620,39913.0,39923.0,39875.0,39885.0,535.0
2026-04-27 21:00:00,1777294800,39889.0,39893.0,39835.0,39846.0,1199.0
2026-04-27 21:03:00,1777294980,39849.0,39878.0,39833.0,39845.0,510.0
2026-04-27 21:06:00,1777295160,39846.0,39890.0,39842.0,39885.0,333.0
2026-04-27 21:09:00,1777295340,39884.0,39905.0,39876.0,39894.0,527.0
2026-04-27 21:12:00,1777295520,39888.0,39902.0,39876.0,39879.0,265.0
2026-04-27 21:15:00,1777295700,39881.0,39905.0,39879.0,39892.0,238.0
2026-04-27 21:18:00,1777295880,39894.0,39912.0,39876.0,39906.0,255.0
2026-04-27 21:21:00,1777296060,39905.0,39917.0,39885.0,39885.0,288.0
2026-04-27 21:24:00,1777296240,39887.0,39887.0,39844.0,39856.0,518.0
2026-04-27 21:27:00,1777296420,39855.0,39893.0,39842.0,39892.0,344.0
2026-04-27 21:30:00,1777296600,39890.0,39906.0,39780.0,39816.0,2554.0
2026-04-27 21:33:00,1777296780,39821.0,39870.0,39782.0,39844.0,1525.0
2026-04-27 21:36:00,1777296960,39842.0,39896.0,39807.0,39849.0,1243.0
2026-04-27 21:39:00,1777297140,39845.0,39850.0,39700.0,39726.0,3335.0
2026-04-27 21:42:00,1777297320,39730.0,39733.0,39662.0,39701.0,2864.0
2026-04-27 21:45:00,1777297500,39701.0,39710.0,39549.0,39595.0,3912.0
2026-04-27 21:48:00,1777297680,39597.0,39633.0,39520.0,39547.0,2291.0
2026-04-27 21:51:00,1777297860,39547.0,39595.0,39500.0,39576.0,2933.0
2026-04-27 21:54:00,1777298040,39579.0,39708.0,39570.0,39690.0,3143.0
2026-04-27 21:57:00,1777298220,39693.0,39767.0,39690.0,39737.0,2169.0
2026-04-27 22:00:00,1777298400,39735.0,39744.0,39691.0,39715.0,1764.0
2026-04-27 22:03:00,1777298580,39715.0,39764.0,39705.0,39720.0,1090.0
2026-04-27 22:06:00,1777298760,39717.0,39780.0,39708.0,39717.0,1154.0
2026-04-27 22:09:00,1777298940,39717.0,39734.0,39675.0,39729.0,1488.0
2026-04-27 22:12:00,1777299120,39729.0,39754.0,39706.0,39719.0,709.0
2026-04-27 22:15:00,1777299300,39719.0,39728.0,39652.0,39661.0,961.0
2026-04-27 22:18:00,1777299480,39660.0,39693.0,39653.0,39680.0,665.0
2026-04-27 22:21:00,1777299660,39682.0,39700.0,39666.0,39673.0,533.0
2026-04-27 22:24:00,1777299840,39667.0,39680.0,39606.0,39619.0,1404.0
2026-04-27 22:27:00,1777300020,39619.0,39626.0,39585.0,39588.0,1052.0
2026-04-27 22:30:00,1777300200,39590.0,39594.0,39487.0,39499.0,2714.0
2026-04-27 22:33:00,1777300380,39500.0,39640.0,39496.0,39636.0,2685.0
2026-04-27 22:36:00,1777300560,39639.0,39678.0,39601.0,39604.0,1815.0
2026-04-27 22:39:00,1777300740,39608.0,39635.0,39583.0,39588.0,954.0
2026-04-27 22:42:00,1777300920,39587.0,39644.0,39583.0,39625.0,724.0
2026-04-27 22:45:00,1777301100,39625.0,39633.0,39576.0,39610.0,661.0
2026-04-27 22:48:00,1777301280,39609.0,39640.0,39605.0,39622.0,612.0
2026-04-27 22:51:00,1777301460,39623.0,39657.0,39570.0,39577.0,988.0
2026-04-27 22:54:00,1777301640,39574.0,39588.0,39542.0,39570.0,944.0
2026-04-27 22:57:00,1777301820,39573.0,39601.0,39568.0,39583.0,523.0
2026-04-27 23:00:00,1777302000,39588.0,39604.0,39535.0,39546.0,925.0
2026-04-27 23:03:00,1777302180,39545.0,39558.0,39505.0,39552.0,908.0
2026-04-27 23:06:00,1777302360,39552.0,39604.0,39548.0,39602.0,918.0
2026-04-27 23:09:00,1777302540,39602.0,39616.0,39584.0,39603.0,748.0
2026-04-27 23:12:00,1777302720,39602.0,39612.0,39555.0,39556.0,596.0
2026-04-27 23:15:00,1777302900,39555.0,39603.0,39546.0,39581.0,663.0
2026-04-27 23:18:00,1777303080,39587.0,39598.0,39554.0,39571.0,261.0
2026-04-27 23:21:00,1777303260,39572.0,39580.0,39508.0,39548.0,978.0
2026-04-27 23:24:00,1777303440,39550.0,39573.0,39520.0,39571.0,554.0
2026-04-27 23:27:00,1777303620,39573.0,39592.0,39568.0,39592.0,470.0
2026-04-27 23:30:00,1777303800,39593.0,39621.0,39565.0,39574.0,946.0
2026-04-27 23:33:00,1777303980,39577.0,39611.0,39568.0,39589.0,318.0
2026-04-27 23:36:00,1777304160,39586.0,39605.0,39579.0,39595.0,239.0
2026-04-27 23:39:00,1777304340,39598.0,39649.0,39598.0,39638.0,837.0
2026-04-27 23:42:00,1777304520,39641.0,39668.0,39634.0,39634.0,658.0
2026-04-27 23:45:00,1777304700,39633.0,39651.0,39615.0,39645.0,534.0
2026-04-27 23:48:00,1777304880,39647.0,39660.0,39617.0,39632.0,438.0
2026-04-27 23:51:00,1777305060,39630.0,39643.0,39613.0,39620.0,293.0
2026-04-27 23:54:00,1777305240,39618.0,39618.0,39586.0,39586.0,591.0
2026-04-27 23:57:00,1777305420,39585.0,39615.0,39580.0,39600.0,339.0
2026-04-28 00:00:00,1777305600,39604.0,39616.0,39555.0,39569.0,668.0
2026-04-28 00:03:00,1777305780,39567.0,39596.0,39561.0,39583.0,396.0
2026-04-28 00:06:00,1777305960,39588.0,39605.0,39581.0,39595.0,266.0
2026-04-28 00:09:00,1777306140,39594.0,39613.0,39586.0,39606.0,248.0
2026-04-28 00:12:00,1777306320,39606.0,39616.0,39586.0,39603.0,353.0
2026-04-28 00:15:00,1777306500,39603.0,39635.0,39597.0,39635.0,385.0
2026-04-28 00:18:00,1777306680,39632.0,39645.0,39612.0,39618.0,312.0
2026-04-28 00:21:00,1777306860,39618.0,39618.0,39583.0,39585.0,324.0
2026-04-28 00:24:00,1777307040,39585.0,39597.0,39581.0,39585.0,198.0
2026-04-28 00:27:00,1777307220,39583.0,39587.0,39573.0,39583.0,189.0
2026-04-28 00:30:00,1777307400,39584.0,39609.0,39584.0,39606.0,215.0
2026-04-28 00:33:00,1777307580,39606.0,39629.0,39605.0,39613.0,250.0
2026-04-28 00:36:00,1777307760,39610.0,39615.0,39592.0,39609.0,157.0
2026-04-28 00:39:00,1777307940,39609.0,39618.0,39597.0,39599.0,121.0
2026-04-28 00:42:00,1777308120,39602.0,39625.0,39602.0,39606.0,160.0
2026-04-28 00:45:00,1777308300,39609.0,39622.0,39593.0,39602.0,139.0
2026-04-28 00:48:00,1777308480,39603.0,39605.0,39585.0,39586.0,163.0
2026-04-28 00:51:00,1777308660,39587.0,39591.0,39567.0,39580.0,305.0
2026-04-28 00:54:00,1777308840,39578.0,39578.0,39544.0,39545.0,358.0
2026-04-28 00:57:00,1777309020,39545.0,39566.0,39536.0,39555.0,218.0
2026-04-28 01:00:00,1777309200,39553.0,39574.0,39551.0,39571.0,235.0
2026-04-28 01:03:00,1777309380,39571.0,39575.0,39555.0,39572.0,129.0
2026-04-28 01:06:00,1777309560,39571.0,39584.0,39558.0,39558.0,174.0
2026-04-28 01:09:00,1777309740,39558.0,39581.0,39555.0,39570.0,179.0
2026-04-28 01:12:00,1777309920,39570.0,39596.0,39564.0,39587.0,205.0
2026-04-28 01:15:00,1777310100,39588.0,39593.0,39535.0,39538.0,373.0
2026-04-28 01:18:00,1777310280,39536.0,39542.0,39514.0,39522.0,445.0
2026-04-28 01:21:00,1777310460,39526.0,39573.0,39508.0,39568.0,688.0
2026-04-28 01:24:00,1777310640,39566.0,39594.0,39555.0,39582.0,309.0
2026-04-28 01:27:00,1777310820,39580.0,39599.0,39577.0,39594.0,197.0
2026-04-28 01:30:00,1777311000,39594.0,39635.0,39590.0,39634.0,463.0
2026-04-28 01:33:00,1777311180,39631.0,39662.0,39631.0,39641.0,464.0
2026-04-28 01:36:00,1777311360,39643.0,39643.0,39625.0,39630.0,169.0
2026-04-28 01:39:00,1777311540,39630.0,39630.0,39609.0,39613.0,187.0
2026-04-28 01:42:00,1777311720,39618.0,39623.0,39609.0,39620.0,100.0
2026-04-28 01:45:00,1777311900,39619.0,39634.0,39615.0,39630.0,111.0
2026-04-28 01:48:00,1777312080,39628.0,39630.0,39616.0,39624.0,74.0
2026-04-28 01:51:00,1777312260,39621.0,39621.0,39593.0,39597.0,124.0
2026-04-28 01:54:00,1777312440,39596.0,39605.0,39587.0,39601.0,110.0
2026-04-28 01:57:00,1777312620,39600.0,39610.0,39597.0,39602.0,55.0
2026-04-28 02:00:00,1777312800,39600.0,39613.0,39595.0,39606.0,91.0
2026-04-28 02:03:00,1777312980,39601.0,39607.0,39597.0,39604.0,44.0
2026-04-28 02:06:00,1777313160,39602.0,39619.0,39601.0,39614.0,81.0
2026-04-28 02:09:00,1777313340,39614.0,39627.0,39609.0,39620.0,82.0
2026-04-28 02:12:00,1777313520,39619.0,39623.0,39610.0,39614.0,54.0
2026-04-28 02:15:00,1777313700,39618.0,39619.0,39602.0,39612.0,46.0
2026-04-28 02:18:00,1777313880,39609.0,39615.0,39593.0,39597.0,85.0
2026-04-28 02:21:00,1777314060,39595.0,39625.0,39595.0,39617.0,60.0
2026-04-28 02:24:00,1777314240,39617.0,39624.0,39613.0,39621.0,45.0
2026-04-28 02:27:00,1777314420,39624.0,39632.0,39612.0,39615.0,79.0
2026-04-28 02:30:00,1777314600,39615.0,39638.0,39615.0,39638.0,101.0
2026-04-28 02:33:00,1777314780,39635.0,39639.0,39624.0,39627.0,45.0
2026-04-28 02:36:00,1777314960,39628.0,39640.0,39626.0,39635.0,54.0
2026-04-28 02:39:00,1777315140,39639.0,39639.0,39616.0,39621.0,52.0
2026-04-28 02:42:00,1777315320,39621.0,39622.0,39596.0,39606.0,104.0
2026-04-28 02:45:00,1777315500,39605.0,39610.0,39583.0,39608.0,144.0
2026-04-28 02:48:00,1777315680,39610.0,39621.0,39608.0,39620.0,63.0
2026-04-28 02:51:00,1777315860,39621.0,39621.0,39590.0,39594.0,50.0
2026-04-28 02:54:00,1777316040,39589.0,39603.0,39580.0,39596.0,73.0
2026-04-28 02:57:00,1777316220,39594.0,39601.0,39589.0,39595.0,21.0
2026-04-28 03:00:00,1777316400,39591.0,39614.0,39586.0,39601.0,78.0
2026-04-28 03:03:00,1777316580,39598.0,39622.0,39598.0,39617.0,63.0
2026-04-28 03:06:00,1777316760,39617.0,39628.0,39602.0,39628.0,47.0
2026-04-28 03:09:00,1777316940,39626.0,39626.0,39620.0,39623.0,32.0
2026-04-28 03:12:00,1777317120,39623.0,39677.0,39623.0,39672.0,378.0
2026-04-28 03:15:00,1777317300,39671.0,39680.0,39661.0,39675.0,199.0
2026-04-28 03:18:00,1777317480,39677.0,39704.0,39670.0,39693.0,353.0
2026-04-28 03:21:00,1777317660,39699.0,39702.0,39681.0,39686.0,132.0
2026-04-28 03:24:00,1777317840,39686.0,39687.0,39671.0,39683.0,119.0
2026-04-28 03:27:00,1777318020,39685.0,39692.0,39680.0,39686.0,57.0
2026-04-28 03:30:00,1777318200,39686.0,39713.0,39677.0,39708.0,247.0
2026-04-28 03:33:00,1777318380,39708.0,39713.0,39700.0,39709.0,120.0
2026-04-28 03:36:00,1777318560,39707.0,39707.0,39669.0,39686.0,130.0
2026-04-28 03:39:00,1777318740,39686.0,39689.0,39666.0,39672.0,71.0
2026-04-28 03:42:00,1777318920,39672.0,39686.0,39661.0,39686.0,61.0
2026-04-28 03:45:00,1777319100,39687.0,39711.0,39686.0,39701.0,127.0
2026-04-28 03:48:00,1777319280,39702.0,39726.0,39701.0,39715.0,235.0
2026-04-28 03:51:00,1777319460,39719.0,39728.0,39711.0,39711.0,120.0
2026-04-28 03:54:00,1777319640,39710.0,39719.0,39690.0,39694.0,110.0
2026-04-28 03:57:00,1777319820,39694.0,39706.0,39689.0,39698.0,42.0
2026-04-28 04:00:00,1777320000,39696.0,39721.0,39685.0,39717.0,172.0
2026-04-28 04:03:00,1777320180,39717.0,39718.0,39705.0,39705.0,27.0
2026-04-28 04:06:00,1777320360,39703.0,39707.0,39697.0,39701.0,25.0
2026-04-28 04:09:00,1777320540,39702.0,39718.0,39702.0,39718.0,42.0
2026-04-28 04:12:00,1777320720,39720.0,39745.0,39719.0,39736.0,155.0
2026-04-28 04:15:00,1777320900,39735.0,39747.0,39732.0,39734.0,95.0
2026-04-28 04:18:00,1777321080,39738.0,39738.0,39723.0,39735.0,43.0
2026-04-28 04:21:00,1777321260,39735.0,39736.0,39711.0,39711.0,49.0
2026-04-28 04:24:00,1777321440,39711.0,39732.0,39708.0,39731.0,60.0
2026-04-28 04:27:00,1777321620,39730.0,39731.0,39725.0,39728.0,22.0
2026-04-28 04:30:00,1777321800,39728.0,39739.0,39728.0,39730.0,58.0
2026-04-28 04:33:00,1777321980,39728.0,39737.0,39727.0,39736.0,45.0
2026-04-28 04:36:00,1777322160,39740.0,39740.0,39729.0,39737.0,37.0
2026-04-28 04:39:00,1777322340,39738.0,39748.0,39736.0,39748.0,135.0
2026-04-28 04:42:00,1777322520,39745.0,39749.0,39735.0,39744.0,48.0
2026-04-28 04:45:00,1777322700,39741.0,39748.0,39721.0,39724.0,107.0
2026-04-28 04:48:00,1777322880,39725.0,39744.0,39720.0,39723.0,171.0
2026-04-28 04:51:00,1777323060,39723.0,39738.0,39708.0,39710.0,151.0
2026-04-28 04:54:00,1777323240,39717.0,39718.0,39705.0,39709.0,90.0
2026-04-28 04:57:00,1777323420,39710.0,39730.0,39706.0,39721.0,161.0
2026-04-28 08:45:00,1777337100,39791.0,39899.0,39791.0,39857.0,5060.0
2026-04-28 08:48:00,1777337280,39856.0,39955.0,39856.0,39916.0,2658.0
2026-04-28 08:51:00,1777337460,39918.0,39940.0,39890.0,39904.0,1187.0
2026-04-28 08:54:00,1777337640,39902.0,39952.0,39899.0,39944.0,955.0
2026-04-28 08:57:00,1777337820,39945.0,39956.0,39882.0,39895.0,1277.0
2026-04-28 09:00:00,1777338000,39898.0,39993.0,39828.0,39864.0,4431.0
2026-04-28 09:03:00,1777338180,39867.0,40009.0,39855.0,39981.0,3729.0
2026-04-28 09:06:00,1777338360,39986.0,39993.0,39923.0,39939.0,1919.0
2026-04-28 09:09:00,1777338540,39937.0,39985.0,39882.0,39980.0,2083.0
2026-04-28 09:12:00,1777338720,39981.0,40018.0,39938.0,39999.0,1801.0
2026-04-28 09:15:00,1777338900,39997.0,40178.0,39995.0,40144.0,5092.0
2026-04-28 09:18:00,1777339080,40147.0,40156.0,40084.0,40126.0,1942.0
2026-04-28 09:21:00,1777339260,40121.0,40166.0,40105.0,40157.0,1440.0
2026-04-28 09:24:00,1777339440,40158.0,40204.0,40124.0,40190.0,2367.0
2026-04-28 09:27:00,1777339620,40192.0,40248.0,40190.0,40222.0,2210.0
2026-04-28 09:30:00,1777339800,40224.0,40264.0,40197.0,40242.0,2271.0
2026-04-28 09:33:00,1777339980,40240.0,40288.0,40210.0,40270.0,2181.0
2026-04-28 09:36:00,1777340160,40268.0,40311.0,40197.0,40284.0,2640.0
2026-04-28 09:39:00,1777340340,40284.0,40343.0,40252.0,40340.0,2297.0
2026-04-28 09:42:00,1777340520,40341.0,40346.0,40232.0,40237.0,1948.0
2026-04-28 09:45:00,1777340700,40237.0,40294.0,40237.0,40273.0,1295.0
2026-04-28 09:48:00,1777340880,40273.0,40276.0,40157.0,40179.0,3002.0
2026-04-28 09:51:00,1777341060,40179.0,40215.0,40103.0,40110.0,2709.0
2026-04-28 09:54:00,1777341240,40107.0,40144.0,40055.0,40116.0,3106.0
2026-04-28 09:57:00,1777341420,40120.0,40142.0,39968.0,39985.0,3423.0
2026-04-28 10:00:00,1777341600,39990.0,40007.0,39893.0,39957.0,4206.0
2026-04-28 10:03:00,1777341780,39951.0,40075.0,39926.0,40030.0,3062.0
2026-04-28 10:06:00,1777341960,40032.0,40088.0,40015.0,40050.0,1421.0
2026-04-28 10:09:00,1777342140,40045.0,40112.0,40038.0,40093.0,1398.0
2026-04-28 10:12:00,1777342320,40091.0,40100.0,40019.0,40064.0,1207.0
2026-04-28 10:15:00,1777342500,40066.0,40090.0,40040.0,40058.0,875.0
2026-04-28 10:18:00,1777342680,40058.0,40106.0,40047.0,40085.0,868.0
2026-04-28 10:21:00,1777342860,40084.0,40107.0,40048.0,40065.0,805.0
2026-04-28 10:24:00,1777343040,40060.0,40064.0,39941.0,39997.0,2443.0
2026-04-28 10:27:00,1777343220,39994.0,40050.0,39971.0,40000.0,1075.0
2026-04-28 10:30:00,1777343400,40000.0,40003.0,39929.0,39992.0,1324.0
2026-04-28 10:33:00,1777343580,39988.0,40055.0,39968.0,40029.0,1029.0
2026-04-28 10:36:00,1777343760,40028.0,40077.0,40021.0,40070.0,1054.0
2026-04-28 10:39:00,1777343940,40066.0,40079.0,40024.0,40049.0,919.0
2026-04-28 10:42:00,1777344120,40051.0,40061.0,40023.0,40038.0,410.0
2026-04-28 10:45:00,1777344300,40040.0,40089.0,40025.0,40042.0,896.0
2026-04-28 10:48:00,1777344480,40048.0,40079.0,40013.0,40060.0,653.0
2026-04-28 10:51:00,1777344660,40059.0,40095.0,40050.0,40053.0,699.0
2026-04-28 10:54:00,1777344840,40051.0,40051.0,39967.0,39978.0,1210.0
2026-04-28 10:57:00,1777345020,39978.0,40003.0,39957.0,39974.0,820.0
2026-04-28 11:00:00,1777345200,39976.0,40018.0,39953.0,40007.0,875.0
2026-04-28 11:03:00,1777345380,40007.0,40011.0,39933.0,39998.0,1319.0
2026-04-28 11:06:00,1777345560,39998.0,40013.0,39942.0,39981.0,820.0
2026-04-28 11:09:00,1777345740,39980.0,40085.0,39968.0,40039.0,1590.0
2026-04-28 11:12:00,1777345920,40037.0,40059.0,40008.0,40031.0,734.0
2026-04-28 11:15:00,1777346100,40033.0,40038.0,39972.0,39990.0,624.0
2026-04-28 11:18:00,1777346280,39994.0,40045.0,39994.0,40023.0,543.0
2026-04-28 11:21:00,1777346460,40025.0,40038.0,39960.0,39983.0,702.0
2026-04-28 11:24:00,1777346640,39985.0,40002.0,39949.0,39970.0,625.0
2026-04-28 11:27:00,1777346820,39975.0,40015.0,39972.0,39998.0,370.0
2026-04-28 11:30:00,1777347000,39997.0,40004.0,39961.0,39970.0,359.0
2026-04-28 11:33:00,1777347180,39966.0,39982.0,39955.0,39964.0,371.0
2026-04-28 11:36:00,1777347360,39964.0,39987.0,39936.0,39984.0,900.0
2026-04-28 11:39:00,1777347540,39987.0,39993.0,39926.0,39991.0,742.0
2026-04-28 11:42:00,1777347720,39987.0,39989.0,39924.0,39927.0,579.0
2026-04-28 11:45:00,1777347900,39931.0,39948.0,39912.0,39934.0,901.0
2026-04-28 11:48:00,1777348080,39934.0,39957.0,39920.0,39925.0,395.0
2026-04-28 11:51:00,1777348260,39924.0,39937.0,39900.0,39906.0,731.0
2026-04-28 11:54:00,1777348440,39908.0,39927.0,39879.0,39920.0,1074.0
2026-04-28 11:57:00,1777348620,39918.0,39948.0,39908.0,39946.0,617.0
2026-04-28 12:00:00,1777348800,39948.0,39971.0,39909.0,39942.0,966.0
2026-04-28 12:03:00,1777348980,39943.0,39944.0,39887.0,39887.0,601.0
2026-04-28 12:06:00,1777349160,39887.0,39946.0,39880.0,39924.0,674.0
2026-04-28 12:09:00,1777349340,39924.0,39990.0,39924.0,39972.0,1004.0
2026-04-28 12:12:00,1777349520,39971.0,39983.0,39959.0,39964.0,472.0
2026-04-28 12:15:00,1777349700,39965.0,40005.0,39960.0,39999.0,764.0
2026-04-28 12:18:00,1777349880,39996.0,40044.0,39988.0,40023.0,1089.0
2026-04-28 12:21:00,1777350060,40027.0,40053.0,40011.0,40030.0,752.0
2026-04-28 12:24:00,1777350240,40028.0,40031.0,40001.0,40011.0,404.0
2026-04-28 12:27:00,1777350420,40014.0,40020.0,39986.0,40012.0,386.0
2026-04-28 12:30:00,1777350600,40010.0,40056.0,40010.0,40049.0,682.0
2026-04-28 12:33:00,1777350780,40050.0,40072.0,40041.0,40063.0,619.0
2026-04-28 12:36:00,1777350960,40064.0,40084.0,40051.0,40072.0,616.0
2026-04-28 12:39:00,1777351140,40075.0,40077.0,40045.0,40055.0,389.0
2026-04-28 12:42:00,1777351320,40057.0,40058.0,40035.0,40048.0,338.0
2026-04-28 12:45:00,1777351500,40049.0,40057.0,40008.0,40017.0,659.0
2026-04-28 12:48:00,1777351680,40014.0,40014.0,39982.0,40002.0,988.0
2026-04-28 12:51:00,1777351860,40004.0,40013.0,39957.0,39962.0,632.0
2026-04-28 12:54:00,1777352040,39959.0,39980.0,39957.0,39963.0,383.0
2026-04-28 12:57:00,1777352220,39964.0,39978.0,39958.0,39967.0,308.0
2026-04-28 13:00:00,1777352400,39967.0,39970.0,39942.0,39955.0,592.0
2026-04-28 13:03:00,1777352580,39957.0,39965.0,39935.0,39941.0,411.0
2026-04-28 13:06:00,1777352760,39943.0,39950.0,39895.0,39898.0,960.0
2026-04-28 13:09:00,1777352940,39898.0,39900.0,39814.0,39823.0,2136.0
2026-04-28 13:12:00,1777353120,39823.0,39830.0,39775.0,39779.0,1900.0
2026-04-28 13:15:00,1777353300,39783.0,39792.0,39755.0,39761.0,1280.0
2026-04-28 13:18:00,1777353480,39757.0,39775.0,39736.0,39758.0,1200.0
2026-04-28 13:21:00,1777353660,39763.0,39794.0,39756.0,39787.0,825.0
2026-04-28 13:24:00,1777353840,39787.0,39805.0,39759.0,39774.0,1083.0
2026-04-28 13:27:00,1777354020,39776.0,39805.0,39752.0,39754.0,765.0
2026-04-28 13:30:00,1777354200,39757.0,39778.0,39729.0,39778.0,1761.0
2026-04-28 13:33:00,1777354380,39777.0,39784.0,39739.0,39749.0,693.0
2026-04-28 13:36:00,1777354560,39753.0,39756.0,39660.0,39710.0,1996.0
2026-04-28 13:39:00,1777354740,39713.0,39782.0,39711.0,39743.0,1278.0
2026-04-28 13:42:00,1777354920,39743.0,39758.0,39714.0,39745.0,706.0
2026-04-28 13:45:00,1777355100,39739.0,39739.0,39739.0,39739.0,1.0
2026-04-28 15:00:00,1777359600,39680.0,39698.0,39624.0,39683.0,1805.0
2026-04-28 15:03:00,1777359780,39685.0,39710.0,39650.0,39707.0,651.0
2026-04-28 15:06:00,1777359960,39706.0,39725.0,39683.0,39691.0,528.0
2026-04-28 15:09:00,1777360140,39690.0,39691.0,39645.0,39660.0,702.0
2026-04-28 15:12:00,1777360320,39659.0,39670.0,39612.0,39667.0,818.0
2026-04-28 15:15:00,1777360500,39671.0,39693.0,39656.0,39691.0,527.0
2026-04-28 15:18:00,1777360680,39693.0,39707.0,39661.0,39689.0,411.0
2026-04-28 15:21:00,1777360860,39693.0,39698.0,39666.0,39672.0,194.0
2026-04-28 15:24:00,1777361040,39677.0,39702.0,39674.0,39682.0,227.0
2026-04-28 15:27:00,1777361220,39685.0,39704.0,39685.0,39697.0,210.0
2026-04-28 15:30:00,1777361400,39701.0,39758.0,39695.0,39753.0,730.0
2026-04-28 15:33:00,1777361580,39754.0,39778.0,39731.0,39763.0,740.0
2026-04-28 15:36:00,1777361760,39764.0,39773.0,39754.0,39760.0,277.0
2026-04-28 15:39:00,1777361940,39760.0,39791.0,39757.0,39762.0,575.0
2026-04-28 15:42:00,1777362120,39763.0,39774.0,39743.0,39749.0,296.0
2026-04-28 15:45:00,1777362300,39750.0,39763.0,39745.0,39754.0,178.0
2026-04-28 15:48:00,1777362480,39753.0,39766.0,39743.0,39743.0,165.0
2026-04-28 15:51:00,1777362660,39743.0,39756.0,39728.0,39745.0,293.0
2026-04-28 15:54:00,1777362840,39749.0,39774.0,39748.0,39773.0,286.0
2026-04-28 15:57:00,1777363020,39774.0,39794.0,39762.0,39784.0,471.0
2026-04-28 16:00:00,1777363200,39783.0,39790.0,39703.0,39718.0,821.0
2026-04-28 16:03:00,1777363380,39722.0,39729.0,39693.0,39708.0,522.0
2026-04-28 16:06:00,1777363560,39712.0,39733.0,39699.0,39708.0,351.0
2026-04-28 16:09:00,1777363740,39711.0,39728.0,39673.0,39684.0,551.0
2026-04-28 16:12:00,1777363920,39687.0,39718.0,39670.0,39705.0,439.0
2026-04-28 16:15:00,1777364100,39705.0,39750.0,39705.0,39744.0,449.0
2026-04-28 16:18:00,1777364280,39745.0,39764.0,39741.0,39756.0,344.0
2026-04-28 16:21:00,1777364460,39756.0,39756.0,39740.0,39751.0,164.0
2026-04-28 16:24:00,1777364640,39752.0,39761.0,39737.0,39758.0,154.0
2026-04-28 16:27:00,1777364820,39758.0,39808.0,39749.0,39808.0,557.0
2026-04-28 16:30:00,1777365000,39808.0,39837.0,39804.0,39826.0,964.0
2026-04-28 16:33:00,1777365180,39823.0,39835.0,39814.0,39827.0,304.0
2026-04-28 16:36:00,1777365360,39827.0,39855.0,39821.0,39843.0,605.0
2026-04-28 16:39:00,1777365540,39841.0,39842.0,39811.0,39819.0,347.0
2026-04-28 16:42:00,1777365720,39818.0,39826.0,39816.0,39818.0,209.0
2026-04-28 16:45:00,1777365900,39817.0,39825.0,39800.0,39812.0,303.0
2026-04-28 16:48:00,1777366080,39811.0,39813.0,39785.0,39788.0,311.0
2026-04-28 16:51:00,1777366260,39788.0,39818.0,39786.0,39808.0,237.0
2026-04-28 16:54:00,1777366440,39809.0,39813.0,39795.0,39800.0,136.0
2026-04-28 16:57:00,1777366620,39802.0,39832.0,39796.0,39827.0,156.0
2026-04-28 17:00:00,1777366800,39825.0,39828.0,39786.0,39806.0,269.0
2026-04-28 17:03:00,1777366980,39805.0,39812.0,39788.0,39795.0,141.0
2026-04-28 17:06:00,1777367160,39800.0,39800.0,39778.0,39789.0,190.0
2026-04-28 17:09:00,1777367340,39789.0,39810.0,39780.0,39784.0,180.0
2026-04-28 17:12:00,1777367520,39783.0,39798.0,39780.0,39782.0,104.0
2026-04-28 17:15:00,1777367700,39784.0,39785.0,39747.0,39764.0,486.0
2026-04-28 17:18:00,1777367880,39765.0,39786.0,39756.0,39762.0,241.0
2026-04-28 17:21:00,1777368060,39760.0,39763.0,39732.0,39733.0,262.0
2026-04-28 17:24:00,1777368240,39733.0,39733.0,39682.0,39695.0,1039.0
2026-04-28 17:27:00,1777368420,39695.0,39700.0,39661.0,39679.0,650.0
2026-04-28 17:30:00,1777368600,39680.0,39692.0,39654.0,39680.0,699.0
2026-04-28 17:33:00,1777368780,39678.0,39679.0,39640.0,39677.0,689.0
2026-04-28 17:36:00,1777368960,39677.0,39685.0,39643.0,39643.0,443.0
2026-04-28 17:39:00,1777369140,39642.0,39648.0,39588.0,39612.0,1811.0
2026-04-28 17:42:00,1777369320,39610.0,39644.0,39610.0,39629.0,522.0
2026-04-28 17:45:00,1777369500,39631.0,39634.0,39606.0,39607.0,429.0
2026-04-28 17:48:00,1777369680,39606.0,39640.0,39601.0,39617.0,439.0
2026-04-28 17:51:00,1777369860,39618.0,39630.0,39611.0,39630.0,253.0
2026-04-28 17:54:00,1777370040,39629.0,39668.0,39627.0,39647.0,721.0
2026-04-28 17:57:00,1777370220,39649.0,39655.0,39631.0,39632.0,196.0
2026-04-28 18:00:00,1777370400,39633.0,39673.0,39626.0,39668.0,520.0
2026-04-28 18:03:00,1777370580,39667.0,39670.0,39642.0,39658.0,264.0
2026-04-28 18:06:00,1777370760,39655.0,39655.0,39635.0,39645.0,255.0
2026-04-28 18:09:00,1777370940,39645.0,39651.0,39629.0,39649.0,249.0
2026-04-28 18:12:00,1777371120,39648.0,39661.0,39642.0,39650.0,153.0
2026-04-28 18:15:00,1777371300,39649.0,39663.0,39641.0,39663.0,172.0
2026-04-28 18:18:00,1777371480,39664.0,39694.0,39664.0,39690.0,605.0
2026-04-28 18:21:00,1777371660,39690.0,39697.0,39670.0,39675.0,290.0
2026-04-28 18:24:00,1777371840,39678.0,39682.0,39656.0,39665.0,189.0
2026-04-28 18:27:00,1777372020,39665.0,39670.0,39653.0,39655.0,198.0
2026-04-28 18:30:00,1777372200,39653.0,39690.0,39652.0,39680.0,262.0
2026-04-28 18:33:00,1777372380,39681.0,39689.0,39660.0,39673.0,152.0
2026-04-28 18:36:00,1777372560,39673.0,39680.0,39648.0,39648.0,176.0
2026-04-28 18:39:00,1777372740,39649.0,39661.0,39633.0,39642.0,281.0
2026-04-28 18:42:00,1777372920,39641.0,39651.0,39611.0,39617.0,314.0
2026-04-28 18:45:00,1777373100,39621.0,39628.0,39603.0,39605.0,433.0
2026-04-28 18:48:00,1777373280,39607.0,39617.0,39573.0,39586.0,975.0
2026-04-28 18:51:00,1777373460,39587.0,39604.0,39582.0,39602.0,365.0
2026-04-28 18:54:00,1777373640,39601.0,39617.0,39579.0,39617.0,331.0
2026-04-28 18:57:00,1777373820,39615.0,39644.0,39611.0,39638.0,441.0
2026-04-28 19:00:00,1777374000,39635.0,39668.0,39632.0,39651.0,523.0
2026-04-28 19:03:00,1777374180,39650.0,39650.0,39596.0,39605.0,408.0
2026-04-28 19:06:00,1777374360,39602.0,39603.0,39556.0,39566.0,860.0
2026-04-28 19:09:00,1777374540,39565.0,39566.0,39529.0,39536.0,1017.0
2026-04-28 19:12:00,1777374720,39533.0,39549.0,39516.0,39544.0,696.0
2026-04-28 19:15:00,1777374900,39544.0,39545.0,39500.0,39505.0,894.0
2026-04-28 19:18:00,1777375080,39503.0,39511.0,39441.0,39455.0,2298.0
2026-04-28 19:21:00,1777375260,39451.0,39467.0,39422.0,39441.0,1011.0
2026-04-28 19:24:00,1777375440,39440.0,39459.0,39405.0,39405.0,1094.0
2026-04-28 19:27:00,1777375620,39406.0,39409.0,39371.0,39383.0,1274.0
2026-04-28 19:30:00,1777375800,39384.0,39386.0,39326.0,39351.0,1819.0
2026-04-28 19:33:00,1777375980,39356.0,39408.0,39350.0,39389.0,1292.0
2026-04-28 19:36:00,1777376160,39390.0,39392.0,39368.0,39388.0,489.0
2026-04-28 19:39:00,1777376340,39389.0,39392.0,39343.0,39354.0,896.0
2026-04-28 19:42:00,1777376520,39360.0,39413.0,39356.0,39393.0,911.0
2026-04-28 19:45:00,1777376700,39391.0,39408.0,39348.0,39351.0,739.0
2026-04-28 19:48:00,1777376880,39349.0,39349.0,39292.0,39300.0,1840.0
2026-04-28 19:51:00,1777377060,39304.0,39304.0,39260.0,39300.0,1653.0
2026-04-28 19:54:00,1777377240,39300.0,39324.0,39285.0,39309.0,793.0
2026-04-28 19:57:00,1777377420,39310.0,39321.0,39295.0,39296.0,461.0
2026-04-28 20:00:00,1777377600,39297.0,39350.0,39281.0,39341.0,885.0
2026-04-28 20:03:00,1777377780,39343.0,39345.0,39295.0,39345.0,650.0
2026-04-28 20:06:00,1777377960,39339.0,39343.0,39297.0,39306.0,418.0
2026-04-28 20:09:00,1777378140,39306.0,39308.0,39274.0,39291.0,578.0
2026-04-28 20:12:00,1777378320,39291.0,39350.0,39280.0,39339.0,817.0
2026-04-28 20:15:00,1777378500,39340.0,39346.0,39294.0,39326.0,440.0
2026-04-28 20:18:00,1777378680,39327.0,39404.0,39253.0,39345.0,2957.0
2026-04-28 20:21:00,1777378860,39341.0,39341.0,39230.0,39291.0,2072.0
2026-04-28 20:24:00,1777379040,39293.0,39307.0,39251.0,39291.0,695.0
2026-04-28 20:27:00,1777379220,39291.0,39294.0,39269.0,39287.0,360.0
2026-04-28 20:30:00,1777379400,39286.0,39286.0,39231.0,39260.0,938.0
2026-04-28 20:33:00,1777379580,39257.0,39318.0,39257.0,39300.0,697.0
2026-04-28 20:36:00,1777379760,39303.0,39309.0,39282.0,39284.0,355.0
2026-04-28 20:39:00,1777379940,39283.0,39324.0,39275.0,39287.0,618.0
2026-04-28 20:42:00,1777380120,39292.0,39325.0,39283.0,39293.0,334.0
2026-04-28 20:45:00,1777380300,39293.0,39329.0,39291.0,39327.0,371.0
2026-04-28 20:48:00,1777380480,39324.0,39339.0,39323.0,39325.0,543.0
2026-04-28 20:51:00,1777380660,39329.0,39352.0,39326.0,39328.0,523.0
2026-04-28 20:54:00,1777380840,39330.0,39375.0,39330.0,39374.0,495.0
2026-04-28 20:57:00,1777381020,39370.0,39384.0,39356.0,39376.0,497.0
2026-04-28 21:00:00,1777381200,39373.0,39390.0,39359.0,39362.0,551.0
2026-04-28 21:03:00,1777381380,39362.0,39366.0,39327.0,39332.0,523.0
2026-04-28 21:06:00,1777381560,39331.0,39333.0,39303.0,39313.0,512.0
2026-04-28 21:09:00,1777381740,39313.0,39329.0,39305.0,39319.0,288.0
2026-04-28 21:12:00,1777381920,39316.0,39343.0,39302.0,39302.0,345.0
2026-04-28 21:15:00,1777382100,39302.0,39311.0,39290.0,39300.0,407.0
2026-04-28 21:18:00,1777382280,39302.0,39323.0,39293.0,39317.0,282.0
2026-04-28 21:21:00,1777382460,39316.0,39328.0,39305.0,39325.0,252.0
2026-04-28 21:24:00,1777382640,39325.0,39339.0,39319.0,39329.0,276.0
2026-04-28 21:27:00,1777382820,39331.0,39362.0,39276.0,39319.0,1256.0
2026-04-28 21:30:00,1777383000,39314.0,39315.0,39215.0,39300.0,3206.0
2026-04-28 21:33:00,1777383180,39299.0,39429.0,39296.0,39415.0,2645.0
2026-04-28 21:36:00,1777383360,39414.0,39423.0,39382.0,39407.0,1380.0
2026-04-28 21:39:00,1777383540,39406.0,39465.0,39396.0,39461.0,1624.0
2026-04-28 21:42:00,1777383720,39461.0,39507.0,39460.0,39470.0,2247.0
2026-04-28 21:45:00,1777383900,39471.0,39474.0,39416.0,39468.0,1565.0
2026-04-28 21:48:00,1777384080,39464.0,39496.0,39435.0,39437.0,1196.0
2026-04-28 21:51:00,1777384260,39437.0,39464.0,39376.0,39390.0,1432.0
2026-04-28 21:54:00,1777384440,39393.0,39408.0,39351.0,39387.0,1300.0
2026-04-28 21:57:00,1777384620,39386.0,39463.0,39386.0,39445.0,1278.0
2026-04-28 22:00:00,1777384800,39440.0,39446.0,39383.0,39410.0,931.0
2026-04-28 22:03:00,1777384980,39410.0,39444.0,39398.0,39420.0,625.0
2026-04-28 22:06:00,1777385160,39419.0,39492.0,39417.0,39487.0,1435.0
2026-04-28 22:09:00,1777385340,39490.0,39526.0,39468.0,39521.0,1348.0
2026-04-28 22:12:00,1777385520,39518.0,39526.0,39477.0,39485.0,1106.0
2026-04-28 22:15:00,1777385700,39487.0,39498.0,39439.0,39495.0,1109.0
2026-04-28 22:18:00,1777385880,39493.0,39516.0,39453.0,39481.0,1051.0
2026-04-28 22:21:00,1777386060,39482.0,39484.0,39422.0,39430.0,838.0
2026-04-28 22:24:00,1777386240,39427.0,39441.0,39375.0,39380.0,1423.0
2026-04-28 22:27:00,1777386420,39384.0,39432.0,39376.0,39399.0,774.0
2026-04-28 22:30:00,1777386600,39395.0,39412.0,39355.0,39385.0,962.0
2026-04-28 22:33:00,1777386780,39382.0,39384.0,39283.0,39293.0,1918.0
2026-04-28 22:36:00,1777386960,39295.0,39326.0,39238.0,39248.0,1751.0
2026-04-28 22:39:00,1777387140,39249.0,39274.0,39206.0,39270.0,2871.0
2026-04-28 22:42:00,1777387320,39272.0,39317.0,39261.0,39313.0,1573.0
2026-04-28 22:45:00,1777387500,39308.0,39335.0,39248.0,39315.0,1420.0
2026-04-28 22:48:00,1777387680,39311.0,39320.0,39194.0,39207.0,1821.0
2026-04-28 22:51:00,1777387860,39210.0,39278.0,39185.0,39245.0,1750.0
2026-04-28 22:54:00,1777388040,39245.0,39305.0,39200.0,39282.0,2411.0
2026-04-28 22:57:00,1777388220,39281.0,39337.0,39265.0,39331.0,1520.0
2026-04-28 23:00:00,1777388400,39335.0,39376.0,39315.0,39331.0,1599.0
2026-04-28 23:03:00,1777388580,39333.0,39348.0,39290.0,39307.0,794.0
2026-04-28 23:06:00,1777388760,39304.0,39309.0,39246.0,39270.0,974.0
2026-04-28 23:09:00,1777388940,39267.0,39278.0,39227.0,39249.0,797.0
2026-04-28 23:12:00,1777389120,39248.0,39288.0,39248.0,39270.0,834.0
2026-04-28 23:15:00,1777389300,39273.0,39293.0,39238.0,39274.0,597.0
2026-04-28 23:18:00,1777389480,39270.0,39288.0,39262.0,39278.0,257.0
2026-04-28 23:21:00,1777389660,39275.0,39282.0,39245.0,39261.0,567.0
2026-04-28 23:24:00,1777389840,39261.0,39277.0,39231.0,39274.0,469.0
2026-04-28 23:27:00,1777390020,39272.0,39274.0,39242.0,39261.0,328.0
2026-04-28 23:30:00,1777390200,39262.0,39264.0,39206.0,39232.0,897.0
2026-04-28 23:33:00,1777390380,39231.0,39249.0,39214.0,39239.0,489.0
2026-04-28 23:36:00,1777390560,39237.0,39293.0,39231.0,39254.0,738.0
2026-04-28 23:39:00,1777390740,39254.0,39286.0,39249.0,39269.0,294.0
2026-04-28 23:42:00,1777390920,39266.0,39278.0,39240.0,39251.0,374.0
2026-04-28 23:45:00,1777391100,39252.0,39259.0,39234.0,39234.0,382.0
2026-04-28 23:48:00,1777391280,39236.0,39246.0,39219.0,39239.0,647.0
2026-04-28 23:51:00,1777391460,39242.0,39264.0,39235.0,39255.0,342.0
2026-04-28 23:54:00,1777391640,39252.0,39267.0,39241.0,39265.0,253.0
2026-04-28 23:57:00,1777391820,39267.0,39284.0,39262.0,39281.0,367.0
2026-04-29 00:00:00,1777392000,39280.0,39310.0,39268.0,39282.0,709.0
2026-04-29 00:03:00,1777392180,39280.0,39339.0,39278.0,39320.0,965.0
2026-04-29 00:06:00,1777392360,39324.0,39346.0,39308.0,39320.0,819.0
2026-04-29 00:09:00,1777392540,39317.0,39335.0,39295.0,39332.0,632.0
2026-04-29 00:12:00,1777392720,39332.0,39340.0,39319.0,39333.0,267.0
2026-04-29 00:15:00,1777392900,39330.0,39335.0,39307.0,39323.0,256.0
2026-04-29 00:18:00,1777393080,39324.0,39359.0,39323.0,39347.0,441.0
2026-04-29 00:21:00,1777393260,39347.0,39360.0,39338.0,39348.0,240.0
2026-04-29 00:24:00,1777393440,39350.0,39352.0,39323.0,39340.0,291.0
2026-04-29 00:27:00,1777393620,39341.0,39342.0,39316.0,39319.0,241.0
2026-04-29 00:30:00,1777393800,39318.0,39325.0,39283.0,39292.0,490.0
2026-04-29 00:33:00,1777393980,39293.0,39304.0,39249.0,39272.0,558.0
2026-04-29 00:36:00,1777394160,39273.0,39300.0,39273.0,39286.0,269.0
2026-04-29 00:39:00,1777394340,39285.0,39292.0,39271.0,39281.0,177.0
2026-04-29 00:42:00,1777394520,39280.0,39287.0,39272.0,39287.0,127.0
2026-04-29 00:45:00,1777394700,39287.0,39320.0,39284.0,39300.0,314.0
2026-04-29 00:48:00,1777394880,39301.0,39335.0,39282.0,39299.0,522.0
2026-04-29 00:51:00,1777395060,39295.0,39349.0,39286.0,39337.0,493.0
2026-04-29 00:54:00,1777395240,39336.0,39360.0,39336.0,39337.0,341.0
2026-04-29 00:57:00,1777395420,39336.0,39346.0,39326.0,39338.0,127.0
2026-04-29 01:00:00,1777395600,39340.0,39352.0,39313.0,39323.0,273.0
2026-04-29 01:03:00,1777395780,39320.0,39320.0,39288.0,39290.0,275.0
2026-04-29 01:06:00,1777395960,39290.0,39307.0,39274.0,39295.0,551.0
2026-04-29 01:09:00,1777396140,39300.0,39310.0,39271.0,39288.0,221.0
2026-04-29 01:12:00,1777396320,39291.0,39312.0,39291.0,39304.0,146.0
2026-04-29 01:15:00,1777396500,39312.0,39318.0,39292.0,39305.0,158.0
2026-04-29 01:18:00,1777396680,39304.0,39307.0,39288.0,39300.0,101.0
2026-04-29 01:21:00,1777396860,39300.0,39303.0,39295.0,39300.0,37.0
2026-04-29 01:24:00,1777397040,39303.0,39330.0,39303.0,39326.0,135.0
2026-04-29 01:27:00,1777397220,39327.0,39368.0,39327.0,39357.0,367.0
2026-04-29 01:30:00,1777397400,39355.0,39392.0,39350.0,39388.0,445.0
2026-04-29 01:33:00,1777397580,39392.0,39448.0,39392.0,39441.0,773.0
2026-04-29 01:36:00,1777397760,39443.0,39452.0,39434.0,39436.0,363.0
2026-04-29 01:39:00,1777397940,39431.0,39471.0,39428.0,39467.0,435.0
2026-04-29 01:42:00,1777398120,39466.0,39473.0,39441.0,39448.0,256.0
2026-04-29 01:45:00,1777398300,39448.0,39461.0,39442.0,39447.0,229.0
2026-04-29 01:48:00,1777398480,39445.0,39448.0,39426.0,39444.0,251.0
2026-04-29 01:51:00,1777398660,39443.0,39449.0,39438.0,39442.0,102.0
2026-04-29 01:54:00,1777398840,39444.0,39447.0,39434.0,39442.0,74.0
2026-04-29 01:57:00,1777399020,39444.0,39452.0,39438.0,39441.0,78.0
2026-04-29 02:00:00,1777399200,39440.0,39448.0,39429.0,39436.0,135.0
2026-04-29 02:03:00,1777399380,39433.0,39433.0,39382.0,39392.0,470.0
2026-04-29 02:06:00,1777399560,39390.0,39402.0,39373.0,39401.0,154.0
2026-04-29 02:09:00,1777399740,39402.0,39422.0,39402.0,39408.0,166.0
2026-04-29 02:12:00,1777399920,39411.0,39422.0,39410.0,39422.0,61.0
2026-04-29 02:15:00,1777400100,39423.0,39445.0,39423.0,39445.0,175.0
2026-04-29 02:18:00,1777400280,39445.0,39455.0,39440.0,39453.0,121.0
2026-04-29 02:21:00,1777400460,39452.0,39494.0,39449.0,39480.0,897.0
2026-04-29 02:24:00,1777400640,39478.0,39506.0,39471.0,39501.0,547.0
2026-04-29 02:27:00,1777400820,39496.0,39506.0,39470.0,39478.0,311.0
2026-04-29 02:30:00,1777401000,39478.0,39487.0,39452.0,39458.0,252.0
2026-04-29 02:33:00,1777401180,39455.0,39464.0,39451.0,39451.0,87.0
2026-04-29 02:36:00,1777401360,39450.0,39484.0,39448.0,39472.0,110.0
2026-04-29 02:39:00,1777401540,39475.0,39498.0,39472.0,39494.0,136.0
2026-04-29 02:42:00,1777401720,39493.0,39503.0,39481.0,39503.0,113.0
2026-04-29 02:45:00,1777401900,39503.0,39507.0,39481.0,39492.0,152.0
2026-04-29 02:48:00,1777402080,39490.0,39496.0,39473.0,39473.0,76.0
2026-04-29 02:51:00,1777402260,39476.0,39485.0,39472.0,39484.0,94.0
2026-04-29 02:54:00,1777402440,39485.0,39494.0,39461.0,39469.0,108.0
2026-04-29 02:57:00,1777402620,39470.0,39484.0,39466.0,39481.0,52.0
2026-04-29 03:00:00,1777402800,39482.0,39504.0,39470.0,39495.0,187.0
2026-04-29 03:03:00,1777402980,39490.0,39506.0,39483.0,39501.0,75.0
2026-04-29 03:06:00,1777403160,39499.0,39520.0,39490.0,39490.0,341.0
2026-04-29 03:09:00,1777403340,39489.0,39505.0,39480.0,39497.0,87.0
2026-04-29 03:12:00,1777403520,39504.0,39504.0,39474.0,39474.0,69.0
2026-04-29 03:15:00,1777403700,39471.0,39471.0,39454.0,39459.0,126.0
2026-04-29 03:18:00,1777403880,39463.0,39469.0,39448.0,39456.0,108.0
2026-04-29 03:21:00,1777404060,39456.0,39477.0,39456.0,39477.0,66.0
2026-04-29 03:24:00,1777404240,39478.0,39480.0,39462.0,39467.0,52.0
2026-04-29 03:27:00,1777404420,39467.0,39478.0,39466.0,39469.0,28.0
2026-04-29 03:30:00,1777404600,39467.0,39470.0,39457.0,39463.0,53.0
2026-04-29 03:33:00,1777404780,39466.0,39467.0,39444.0,39450.0,69.0
2026-04-29 03:36:00,1777404960,39449.0,39462.0,39439.0,39446.0,59.0
2026-04-29 03:39:00,1777405140,39448.0,39468.0,39448.0,39463.0,59.0
2026-04-29 03:42:00,1777405320,39463.0,39463.0,39450.0,39455.0,34.0
2026-04-29 03:45:00,1777405500,39451.0,39457.0,39448.0,39455.0,41.0
2026-04-29 03:48:00,1777405680,39450.0,39471.0,39444.0,39464.0,83.0
2026-04-29 03:51:00,1777405860,39461.0,39475.0,39457.0,39459.0,40.0
2026-04-29 03:54:00,1777406040,39456.0,39461.0,39436.0,39458.0,71.0
2026-04-29 03:57:00,1777406220,39457.0,39466.0,39437.0,39446.0,107.0
2026-04-29 04:00:00,1777406400,39449.0,39454.0,39424.0,39440.0,159.0
2026-04-29 04:03:00,1777406580,39440.0,39454.0,39438.0,39453.0,54.0
2026-04-29 04:06:00,1777406760,39452.0,39468.0,39449.0,39468.0,53.0
2026-04-29 04:09:00,1777406940,39468.0,39483.0,39465.0,39477.0,75.0
2026-04-29 04:12:00,1777407120,39482.0,39486.0,39470.0,39475.0,49.0
2026-04-29 04:15:00,1777407300,39473.0,39491.0,39472.0,39481.0,37.0
2026-04-29 04:18:00,1777407480,39483.0,39489.0,39480.0,39488.0,65.0
2026-04-29 04:21:00,1777407660,39488.0,39490.0,39479.0,39479.0,65.0
2026-04-29 04:24:00,1777407840,39478.0,39488.0,39478.0,39486.0,44.0
2026-04-29 04:27:00,1777408020,39488.0,39494.0,39487.0,39491.0,47.0
2026-04-29 04:30:00,1777408200,39490.0,39493.0,39487.0,39487.0,66.0
2026-04-29 04:33:00,1777408380,39486.0,39487.0,39480.0,39485.0,52.0
2026-04-29 04:36:00,1777408560,39486.0,39500.0,39486.0,39494.0,88.0
2026-04-29 04:39:00,1777408740,39492.0,39493.0,39485.0,39489.0,45.0
2026-04-29 04:42:00,1777408920,39489.0,39490.0,39481.0,39487.0,52.0
2026-04-29 04:45:00,1777409100,39489.0,39490.0,39477.0,39483.0,108.0
2026-04-29 04:48:00,1777409280,39483.0,39486.0,39466.0,39467.0,79.0
2026-04-29 04:51:00,1777409460,39469.0,39470.0,39466.0,39469.0,37.0
2026-04-29 04:54:00,1777409640,39467.0,39467.0,39446.0,39451.0,126.0
2026-04-29 04:57:00,1777409820,39453.0,39471.0,39453.0,39464.0,147.0
2026-04-29 08:45:00,1777423500,39691.0,39787.0,39410.0,39497.0,8680.0
2026-04-29 08:48:00,1777423680,39501.0,39581.0,39481.0,39488.0,2422.0
2026-04-29 08:51:00,1777423860,39486.0,39510.0,39441.0,39485.0,1806.0
2026-04-29 08:54:00,1777424040,39489.0,39505.0,39436.0,39454.0,1571.0
2026-04-29 08:57:00,1777424220,39454.0,39466.0,39333.0,39344.0,2629.0
2026-04-29 09:00:00,1777424400,39346.0,39433.0,39306.0,39406.0,4066.0
2026-04-29 09:03:00,1777424580,39409.0,39418.0,39286.0,39292.0,2980.0
2026-04-29 09:06:00,1777424760,39291.0,39361.0,39120.0,39154.0,7371.0
2026-04-29 09:09:00,1777424940,39155.0,39309.0,39150.0,39268.0,3802.0
2026-04-29 09:12:00,1777425120,39272.0,39347.0,39233.0,39285.0,2433.0
2026-04-29 09:15:00,1777425300,39287.0,39365.0,39278.0,39333.0,2347.0
2026-04-29 09:18:00,1777425480,39333.0,39405.0,39323.0,39385.0,2123.0
2026-04-29 09:21:00,1777425660,39384.0,39397.0,39322.0,39335.0,1666.0
2026-04-29 09:24:00,1777425840,39330.0,39356.0,39251.0,39336.0,2333.0
2026-04-29 09:27:00,1777426020,39337.0,39362.0,39310.0,39347.0,1051.0
2026-04-29 09:30:00,1777426200,39344.0,39447.0,39316.0,39434.0,2557.0
2026-04-29 09:33:00,1777426380,39433.0,39467.0,39393.0,39446.0,2129.0
2026-04-29 09:36:00,1777426560,39444.0,39473.0,39401.0,39425.0,1598.0
2026-04-29 09:39:00,1777426740,39425.0,39495.0,39391.0,39483.0,1819.0
2026-04-29 09:42:00,1777426920,39483.0,39499.0,39370.0,39378.0,1885.0
2026-04-29 09:45:00,1777427100,39376.0,39418.0,39345.0,39412.0,1690.0
2026-04-29 09:48:00,1777427280,39412.0,39420.0,39350.0,39376.0,1085.0
2026-04-29 09:51:00,1777427460,39372.0,39409.0,39368.0,39398.0,665.0
2026-04-29 09:54:00,1777427640,39401.0,39450.0,39395.0,39435.0,1164.0
2026-04-29 09:57:00,1777427820,39439.0,39473.0,39403.0,39468.0,986.0
2026-04-29 10:00:00,1777428000,39466.0,39534.0,39439.0,39460.0,2845.0
2026-04-29 10:03:00,1777428180,39458.0,39495.0,39403.0,39416.0,1430.0
2026-04-29 10:06:00,1777428360,39417.0,39506.0,39411.0,39416.0,1293.0
2026-04-29 10:09:00,1777428540,39420.0,39444.0,39378.0,39381.0,1214.0
2026-04-29 10:12:00,1777428720,39383.0,39410.0,39353.0,39358.0,1223.0
2026-04-29 10:15:00,1777428900,39363.0,39424.0,39348.0,39415.0,1400.0
2026-04-29 10:18:00,1777429080,39416.0,39494.0,39360.0,39395.0,1910.0
2026-04-29 10:21:00,1777429260,39395.0,39398.0,39331.0,39347.0,1106.0
2026-04-29 10:24:00,1777429440,39348.0,39412.0,39309.0,39384.0,1671.0
2026-04-29 10:27:00,1777429620,39382.0,39385.0,39313.0,39325.0,778.0
2026-04-29 10:30:00,1777429800,39325.0,39374.0,39305.0,39364.0,892.0
2026-04-29 10:33:00,1777429980,39362.0,39375.0,39299.0,39309.0,922.0
2026-04-29 10:36:00,1777430160,39308.0,39343.0,39299.0,39335.0,647.0
2026-04-29 10:39:00,1777430340,39332.0,39339.0,39276.0,39327.0,1128.0
2026-04-29 10:42:00,1777430520,39328.0,39329.0,39267.0,39289.0,732.0
2026-04-29 10:45:00,1777430700,39287.0,39365.0,39277.0,39363.0,1313.0
2026-04-29 10:48:00,1777430880,39360.0,39383.0,39340.0,39370.0,743.0
2026-04-29 10:51:00,1777431060,39368.0,39430.0,39368.0,39375.0,1348.0
2026-04-29 10:54:00,1777431240,39375.0,39388.0,39325.0,39384.0,767.0
2026-04-29 10:57:00,1777431420,39384.0,39443.0,39384.0,39413.0,1155.0
2026-04-29 11:00:00,1777431600,39408.0,39430.0,39400.0,39418.0,455.0
2026-04-29 11:03:00,1777431780,39418.0,39468.0,39414.0,39447.0,898.0
2026-04-29 11:06:00,1777431960,39445.0,39500.0,39443.0,39464.0,1343.0
2026-04-29 11:09:00,1777432140,39466.0,39504.0,39456.0,39500.0,1073.0
2026-04-29 11:12:00,1777432320,39497.0,39550.0,39490.0,39509.0,2197.0
2026-04-29 11:15:00,1777432500,39506.0,39528.0,39489.0,39491.0,810.0
2026-04-29 11:18:00,1777432680,39492.0,39523.0,39475.0,39513.0,622.0
2026-04-29 11:21:00,1777432860,39515.0,39520.0,39488.0,39497.0,435.0
2026-04-29 11:24:00,1777433040,39498.0,39512.0,39486.0,39504.0,469.0
2026-04-29 11:27:00,1777433220,39501.0,39518.0,39498.0,39510.0,414.0
2026-04-29 11:30:00,1777433400,39510.0,39521.0,39499.0,39509.0,408.0
2026-04-29 11:33:00,1777433580,39511.0,39520.0,39492.0,39518.0,483.0
2026-04-29 11:36:00,1777433760,39515.0,39583.0,39510.0,39565.0,1242.0
2026-04-29 11:39:00,1777433940,39566.0,39588.0,39548.0,39572.0,1091.0
2026-04-29 11:42:00,1777434120,39573.0,39586.0,39524.0,39570.0,970.0
2026-04-29 11:45:00,1777434300,39567.0,39606.0,39565.0,39585.0,1132.0
2026-04-29 11:48:00,1777434480,39585.0,39609.0,39578.0,39591.0,546.0
2026-04-29 11:51:00,1777434660,39595.0,39626.0,39574.0,39605.0,802.0
2026-04-29 11:54:00,1777434840,39602.0,39630.0,39593.0,39623.0,872.0
2026-04-29 11:57:00,1777435020,39625.0,39657.0,39613.0,39654.0,967.0
2026-04-29 12:00:00,1777435200,39655.0,39714.0,39646.0,39707.0,1933.0
2026-04-29 12:03:00,1777435380,39708.0,39714.0,39606.0,39637.0,1697.0
2026-04-29 12:06:00,1777435560,39637.0,39700.0,39637.0,39675.0,830.0
2026-04-29 12:09:00,1777435740,39672.0,39711.0,39670.0,39677.0,691.0
2026-04-29 12:12:00,1777435920,39677.0,39712.0,39676.0,39696.0,460.0
2026-04-29 12:15:00,1777436100,39697.0,39711.0,39666.0,39669.0,647.0
2026-04-29 12:18:00,1777436280,39668.0,39671.0,39630.0,39638.0,935.0
2026-04-29 12:21:00,1777436460,39640.0,39666.0,39630.0,39634.0,610.0
2026-04-29 12:24:00,1777436640,39634.0,39650.0,39625.0,39645.0,439.0
2026-04-29 12:27:00,1777436820,39644.0,39660.0,39636.0,39657.0,310.0
2026-04-29 12:30:00,1777437000,39653.0,39688.0,39653.0,39670.0,790.0
2026-04-29 12:33:00,1777437180,39670.0,39684.0,39654.0,39669.0,380.0
2026-04-29 12:36:00,1777437360,39675.0,39692.0,39657.0,39666.0,373.0
2026-04-29 12:39:00,1777437540,39669.0,39679.0,39650.0,39653.0,301.0
2026-04-29 12:42:00,1777437720,39653.0,39668.0,39612.0,39620.0,932.0
2026-04-29 12:45:00,1777437900,39619.0,39632.0,39593.0,39609.0,1171.0
2026-04-29 12:48:00,1777438080,39609.0,39625.0,39594.0,39596.0,559.0
2026-04-29 12:51:00,1777438260,39598.0,39609.0,39583.0,39585.0,723.0
2026-04-29 12:54:00,1777438440,39586.0,39606.0,39575.0,39578.0,489.0
2026-04-29 12:57:00,1777438620,39579.0,39583.0,39530.0,39545.0,1319.0
2026-04-29 13:00:00,1777438800,39547.0,39580.0,39525.0,39531.0,1022.0
2026-04-29 13:03:00,1777438980,39533.0,39572.0,39513.0,39568.0,1245.0
2026-04-29 13:06:00,1777439160,39569.0,39574.0,39511.0,39520.0,875.0
2026-04-29 13:09:00,1777439340,39525.0,39529.0,39505.0,39515.0,537.0
2026-04-29 13:12:00,1777439520,39518.0,39526.0,39494.0,39506.0,832.0
2026-04-29 13:15:00,1777439700,39503.0,39510.0,39470.0,39477.0,963.0
2026-04-29 13:18:00,1777439880,39478.0,39480.0,39425.0,39434.0,1157.0
2026-04-29 13:21:00,1777440060,39432.0,39434.0,39384.0,39406.0,1283.0
2026-04-29 13:24:00,1777440240,39407.0,39434.0,39385.0,39432.0,1486.0
2026-04-29 13:27:00,1777440420,39430.0,39490.0,39417.0,39457.0,1141.0
2026-04-29 13:30:00,1777440600,39459.0,39498.0,39444.0,39485.0,1370.0
2026-04-29 13:33:00,1777440780,39484.0,39513.0,39484.0,39502.0,793.0
2026-04-29 13:36:00,1777440960,39503.0,39514.0,39496.0,39509.0,417.0
2026-04-29 13:39:00,1777441140,39505.0,39509.0,39474.0,39476.0,532.0
2026-04-29 13:42:00,1777441320,39479.0,39493.0,39463.0,39486.0,823.0
2026-04-29 15:00:00,1777446000,39479.0,39517.0,39468.0,39500.0,1073.0
2026-04-29 15:03:00,1777446180,39499.0,39538.0,39493.0,39534.0,497.0
2026-04-29 15:06:00,1777446360,39535.0,39563.0,39523.0,39545.0,667.0
2026-04-29 15:09:00,1777446540,39548.0,39548.0,39495.0,39516.0,500.0
2026-04-29 15:12:00,1777446720,39517.0,39523.0,39491.0,39495.0,360.0
2026-04-29 15:15:00,1777446900,39495.0,39503.0,39484.0,39498.0,442.0
2026-04-29 15:18:00,1777447080,39498.0,39498.0,39469.0,39484.0,486.0
2026-04-29 15:21:00,1777447260,39484.0,39494.0,39476.0,39483.0,196.0
2026-04-29 15:24:00,1777447440,39482.0,39510.0,39467.0,39472.0,393.0
2026-04-29 15:27:00,1777447620,39470.0,39515.0,39469.0,39509.0,308.0
2026-04-29 15:30:00,1777447800,39510.0,39555.0,39508.0,39534.0,725.0
2026-04-29 15:33:00,1777447980,39534.0,39545.0,39520.0,39525.0,291.0
2026-04-29 15:36:00,1777448160,39525.0,39544.0,39506.0,39531.0,289.0
2026-04-29 15:39:00,1777448340,39530.0,39533.0,39474.0,39479.0,449.0
2026-04-29 15:42:00,1777448520,39480.0,39492.0,39464.0,39472.0,368.0
2026-04-29 15:45:00,1777448700,39475.0,39482.0,39432.0,39455.0,907.0
2026-04-29 15:48:00,1777448880,39455.0,39476.0,39450.0,39467.0,351.0
2026-04-29 15:51:00,1777449060,39462.0,39467.0,39435.0,39450.0,369.0
2026-04-29 15:54:00,1777449240,39452.0,39468.0,39440.0,39461.0,201.0
2026-04-29 15:57:00,1777449420,39460.0,39478.0,39458.0,39468.0,231.0
2026-04-29 16:00:00,1777449600,39471.0,39528.0,39471.0,39496.0,1082.0
2026-04-29 16:03:00,1777449780,39497.0,39505.0,39445.0,39447.0,525.0
2026-04-29 16:06:00,1777449960,39445.0,39463.0,39423.0,39439.0,673.0
2026-04-29 16:09:00,1777450140,39441.0,39453.0,39422.0,39428.0,336.0
2026-04-29 16:12:00,1777450320,39428.0,39438.0,39410.0,39415.0,493.0
2026-04-29 16:15:00,1777450500,39414.0,39428.0,39397.0,39421.0,745.0
2026-04-29 16:18:00,1777450680,39420.0,39448.0,39394.0,39437.0,543.0
2026-04-29 16:21:00,1777450860,39441.0,39454.0,39432.0,39445.0,289.0
2026-04-29 16:24:00,1777451040,39443.0,39470.0,39439.0,39460.0,324.0
2026-04-29 16:27:00,1777451220,39461.0,39483.0,39456.0,39472.0,413.0
2026-04-29 16:30:00,1777451400,39471.0,39482.0,39433.0,39448.0,369.0
2026-04-29 16:33:00,1777451580,39440.0,39440.0,39390.0,39396.0,661.0
2026-04-29 16:36:00,1777451760,39400.0,39404.0,39380.0,39395.0,524.0
2026-04-29 16:39:00,1777451940,39394.0,39410.0,39386.0,39406.0,320.0
2026-04-29 16:42:00,1777452120,39404.0,39438.0,39397.0,39432.0,431.0
2026-04-29 16:45:00,1777452300,39432.0,39446.0,39418.0,39419.0,323.0
2026-04-29 16:48:00,1777452480,39419.0,39424.0,39403.0,39415.0,226.0
2026-04-29 16:51:00,1777452660,39416.0,39438.0,39415.0,39425.0,204.0
2026-04-29 16:54:00,1777452840,39425.0,39441.0,39424.0,39433.0,174.0
2026-04-29 16:57:00,1777453020,39435.0,39438.0,39417.0,39421.0,163.0
2026-04-29 17:00:00,1777453200,39422.0,39443.0,39395.0,39423.0,448.0
2026-04-29 17:03:00,1777453380,39426.0,39430.0,39404.0,39425.0,203.0
2026-04-29 17:06:00,1777453560,39428.0,39441.0,39424.0,39430.0,172.0
2026-04-29 17:09:00,1777453740,39432.0,39453.0,39421.0,39435.0,241.0
2026-04-29 17:12:00,1777453920,39438.0,39454.0,39418.0,39426.0,236.0
2026-04-29 17:15:00,1777454100,39420.0,39444.0,39412.0,39441.0,129.0
2026-04-29 17:18:00,1777454280,39442.0,39455.0,39430.0,39431.0,264.0
2026-04-29 17:21:00,1777454460,39430.0,39430.0,39384.0,39400.0,482.0
2026-04-29 17:24:00,1777454640,39400.0,39405.0,39344.0,39366.0,968.0
2026-04-29 17:27:00,1777454820,39366.0,39380.0,39355.0,39355.0,345.0
2026-04-29 17:30:00,1777455000,39356.0,39384.0,39348.0,39377.0,343.0
2026-04-29 17:33:00,1777455180,39377.0,39411.0,39377.0,39404.0,483.0
2026-04-29 17:36:00,1777455360,39403.0,39410.0,39368.0,39371.0,236.0
2026-04-29 17:39:00,1777455540,39370.0,39372.0,39305.0,39330.0,1138.0
2026-04-29 17:42:00,1777455720,39332.0,39345.0,39323.0,39325.0,281.0
2026-04-29 17:45:00,1777455900,39327.0,39346.0,39316.0,39338.0,277.0
2026-04-29 17:48:00,1777456080,39337.0,39351.0,39325.0,39349.0,260.0
2026-04-29 17:51:00,1777456260,39348.0,39367.0,39344.0,39356.0,263.0
2026-04-29 17:54:00,1777456440,39358.0,39360.0,39295.0,39310.0,579.0
2026-04-29 17:57:00,1777456620,39309.0,39327.0,39301.0,39316.0,281.0
2026-04-29 18:00:00,1777456800,39314.0,39320.0,39298.0,39311.0,416.0
2026-04-29 18:03:00,1777456980,39309.0,39355.0,39309.0,39339.0,486.0
2026-04-29 18:06:00,1777457160,39337.0,39347.0,39330.0,39342.0,172.0
2026-04-29 18:09:00,1777457340,39343.0,39365.0,39342.0,39360.0,301.0
2026-04-29 18:12:00,1777457520,39362.0,39382.0,39355.0,39377.0,375.0
2026-04-29 18:15:00,1777457700,39377.0,39440.0,39375.0,39427.0,1037.0
2026-04-29 18:18:00,1777457880,39426.0,39478.0,39423.0,39465.0,1049.0
2026-04-29 18:21:00,1777458060,39466.0,39517.0,39459.0,39515.0,1159.0
2026-04-29 18:24:00,1777458240,39515.0,39536.0,39491.0,39527.0,948.0
2026-04-29 18:27:00,1777458420,39526.0,39533.0,39505.0,39514.0,452.0
2026-04-29 18:30:00,1777458600,39515.0,39526.0,39506.0,39513.0,486.0
2026-04-29 18:33:00,1777458780,39512.0,39516.0,39493.0,39504.0,365.0
2026-04-29 18:36:00,1777458960,39504.0,39510.0,39491.0,39492.0,300.0
2026-04-29 18:39:00,1777459140,39492.0,39500.0,39486.0,39494.0,243.0
2026-04-29 18:42:00,1777459320,39492.0,39492.0,39467.0,39476.0,418.0
2026-04-29 18:45:00,1777459500,39474.0,39508.0,39472.0,39501.0,443.0
2026-04-29 18:48:00,1777459680,39500.0,39506.0,39478.0,39503.0,222.0
2026-04-29 18:51:00,1777459860,39502.0,39515.0,39496.0,39513.0,184.0
2026-04-29 18:54:00,1777460040,39514.0,39515.0,39492.0,39496.0,170.0
2026-04-29 18:57:00,1777460220,39498.0,39513.0,39494.0,39512.0,130.0
2026-04-29 19:00:00,1777460400,39511.0,39539.0,39509.0,39538.0,629.0
2026-04-29 19:03:00,1777460580,39537.0,39549.0,39508.0,39520.0,526.0
2026-04-29 19:06:00,1777460760,39515.0,39523.0,39497.0,39517.0,349.0
2026-04-29 19:09:00,1777460940,39515.0,39519.0,39497.0,39518.0,190.0
2026-04-29 19:12:00,1777461120,39519.0,39530.0,39516.0,39523.0,145.0
2026-04-29 19:15:00,1777461300,39525.0,39535.0,39515.0,39529.0,206.0
2026-04-29 19:18:00,1777461480,39530.0,39540.0,39512.0,39527.0,207.0
2026-04-29 19:21:00,1777461660,39528.0,39544.0,39524.0,39533.0,232.0
2026-04-29 19:24:00,1777461840,39534.0,39547.0,39521.0,39546.0,208.0
2026-04-29 19:27:00,1777462020,39547.0,39574.0,39543.0,39544.0,858.0
2026-04-29 19:30:00,1777462200,39544.0,39554.0,39533.0,39546.0,314.0
2026-04-29 19:33:00,1777462380,39547.0,39588.0,39537.0,39580.0,522.0
2026-04-29 19:36:00,1777462560,39578.0,39649.0,39577.0,39606.0,1587.0
2026-04-29 19:39:00,1777462740,39607.0,39607.0,39568.0,39577.0,731.0
2026-04-29 19:42:00,1777462920,39579.0,39579.0,39546.0,39554.0,623.0
2026-04-29 19:45:00,1777463100,39553.0,39571.0,39548.0,39555.0,332.0
2026-04-29 19:48:00,1777463280,39555.0,39578.0,39547.0,39565.0,271.0
2026-04-29 19:51:00,1777463460,39563.0,39584.0,39563.0,39584.0,200.0
2026-04-29 19:54:00,1777463640,39583.0,39595.0,39573.0,39592.0,346.0
2026-04-29 19:57:00,1777463820,39590.0,39604.0,39583.0,39592.0,265.0
2026-04-29 20:00:00,1777464000,39586.0,39594.0,39577.0,39587.0,299.0
2026-04-29 20:03:00,1777464180,39588.0,39590.0,39554.0,39566.0,426.0
2026-04-29 20:06:00,1777464360,39564.0,39584.0,39559.0,39561.0,200.0
2026-04-29 20:09:00,1777464540,39562.0,39562.0,39548.0,39555.0,334.0
2026-04-29 20:12:00,1777464720,39559.0,39573.0,39531.0,39536.0,430.0
2026-04-29 20:15:00,1777464900,39536.0,39542.0,39515.0,39520.0,666.0
2026-04-29 20:18:00,1777465080,39521.0,39530.0,39476.0,39501.0,1082.0
2026-04-29 20:21:00,1777465260,39503.0,39522.0,39477.0,39501.0,585.0
2026-04-29 20:24:00,1777465440,39502.0,39515.0,39492.0,39494.0,271.0
2026-04-29 20:27:00,1777465620,39496.0,39516.0,39483.0,39484.0,323.0
2026-04-29 20:30:00,1777465800,39484.0,39485.0,39423.0,39426.0,1293.0
2026-04-29 20:33:00,1777465980,39426.0,39426.0,39369.0,39405.0,1507.0
2026-04-29 20:36:00,1777466160,39408.0,39415.0,39370.0,39376.0,841.0
2026-04-29 20:39:00,1777466340,39377.0,39410.0,39368.0,39394.0,844.0
2026-04-29 20:42:00,1777466520,39396.0,39434.0,39396.0,39416.0,499.0
2026-04-29 20:45:00,1777466700,39415.0,39420.0,39397.0,39400.0,373.0
2026-04-29 20:48:00,1777466880,39400.0,39400.0,39385.0,39392.0,354.0
2026-04-29 20:51:00,1777467060,39390.0,39405.0,39377.0,39402.0,353.0
2026-04-29 20:54:00,1777467240,39405.0,39415.0,39380.0,39385.0,317.0
2026-04-29 20:57:00,1777467420,39385.0,39403.0,39385.0,39386.0,194.0
2026-04-29 21:00:00,1777467600,39389.0,39444.0,39389.0,39437.0,813.0
2026-04-29 21:03:00,1777467780,39435.0,39438.0,39415.0,39427.0,347.0
2026-04-29 21:06:00,1777467960,39426.0,39444.0,39419.0,39442.0,287.0
2026-04-29 21:09:00,1777468140,39442.0,39451.0,39431.0,39446.0,288.0
2026-04-29 21:12:00,1777468320,39447.0,39464.0,39438.0,39448.0,415.0
2026-04-29 21:15:00,1777468500,39444.0,39454.0,39432.0,39448.0,233.0
2026-04-29 21:18:00,1777468680,39448.0,39468.0,39379.0,39416.0,1027.0
2026-04-29 21:21:00,1777468860,39416.0,39434.0,39349.0,39356.0,1072.0
2026-04-29 21:24:00,1777469040,39361.0,39392.0,39350.0,39371.0,535.0
2026-04-29 21:27:00,1777469220,39373.0,39395.0,39366.0,39382.0,358.0
2026-04-29 21:30:00,1777469400,39384.0,39409.0,39262.0,39278.0,3754.0
2026-04-29 21:33:00,1777469580,39280.0,39323.0,39256.0,39321.0,1937.0
2026-04-29 21:36:00,1777469760,39323.0,39374.0,39312.0,39315.0,1613.0
2026-04-29 21:39:00,1777469940,39314.0,39361.0,39303.0,39325.0,937.0
2026-04-29 21:42:00,1777470120,39327.0,39365.0,39317.0,39331.0,700.0
2026-04-29 21:45:00,1777470300,39327.0,39344.0,39288.0,39323.0,1071.0
2026-04-29 21:48:00,1777470480,39320.0,39400.0,39305.0,39389.0,1415.0
2026-04-29 21:51:00,1777470660,39388.0,39389.0,39344.0,39381.0,829.0
2026-04-29 21:54:00,1777470840,39379.0,39421.0,39371.0,39401.0,1262.0
2026-04-29 21:57:00,1777471020,39400.0,39414.0,39377.0,39383.0,708.0
2026-04-29 22:00:00,1777471200,39384.0,39389.0,39327.0,39369.0,1179.0
2026-04-29 22:03:00,1777471380,39368.0,39377.0,39333.0,39377.0,539.0
2026-04-29 22:06:00,1777471560,39373.0,39381.0,39326.0,39342.0,648.0
2026-04-29 22:09:00,1777471740,39342.0,39375.0,39339.0,39370.0,425.0
2026-04-29 22:12:00,1777471920,39363.0,39415.0,39362.0,39409.0,973.0
2026-04-29 22:15:00,1777472100,39409.0,39440.0,39392.0,39436.0,962.0
2026-04-29 22:18:00,1777472280,39436.0,39479.0,39425.0,39473.0,1445.0
2026-04-29 22:21:00,1777472460,39471.0,39493.0,39444.0,39488.0,990.0
2026-04-29 22:24:00,1777472640,39489.0,39524.0,39475.0,39498.0,1428.0
2026-04-29 22:27:00,1777472820,39500.0,39554.0,39495.0,39531.0,1124.0
2026-04-29 22:30:00,1777473000,39531.0,39532.0,39490.0,39500.0,1101.0
2026-04-29 22:33:00,1777473180,39499.0,39543.0,39498.0,39534.0,565.0
2026-04-29 22:36:00,1777473360,39537.0,39570.0,39537.0,39555.0,925.0
2026-04-29 22:39:00,1777473540,39551.0,39562.0,39522.0,39523.0,661.0
2026-04-29 22:42:00,1777473720,39521.0,39542.0,39516.0,39529.0,465.0
2026-04-29 22:45:00,1777473900,39531.0,39546.0,39500.0,39508.0,697.0
2026-04-29 22:48:00,1777474080,39510.0,39533.0,39495.0,39515.0,638.0
2026-04-29 22:51:00,1777474260,39512.0,39537.0,39503.0,39532.0,444.0
2026-04-29 22:54:00,1777474440,39534.0,39544.0,39517.0,39520.0,441.0
2026-04-29 22:57:00,1777474620,39519.0,39548.0,39515.0,39535.0,351.0
2026-04-29 23:00:00,1777474800,39534.0,39552.0,39497.0,39516.0,767.0
2026-04-29 23:03:00,1777474980,39514.0,39522.0,39489.0,39511.0,581.0
2026-04-29 23:06:00,1777475160,39512.0,39517.0,39467.0,39475.0,725.0
2026-04-29 23:09:00,1777475340,39474.0,39476.0,39425.0,39433.0,1008.0
2026-04-29 23:12:00,1777475520,39434.0,39444.0,39413.0,39437.0,874.0
2026-04-29 23:15:00,1777475700,39438.0,39474.0,39418.0,39464.0,794.0
2026-04-29 23:18:00,1777475880,39465.0,39480.0,39447.0,39470.0,537.0
2026-04-29 23:21:00,1777476060,39470.0,39475.0,39448.0,39459.0,357.0
2026-04-29 23:24:00,1777476240,39461.0,39475.0,39451.0,39472.0,373.0
2026-04-29 23:27:00,1777476420,39473.0,39480.0,39431.0,39452.0,839.0
2026-04-29 23:30:00,1777476600,39453.0,39490.0,39422.0,39451.0,1227.0
2026-04-29 23:33:00,1777476780,39452.0,39466.0,39433.0,39455.0,386.0
2026-04-29 23:36:00,1777476960,39454.0,39458.0,39401.0,39419.0,727.0
2026-04-29 23:39:00,1777477140,39417.0,39438.0,39410.0,39420.0,281.0
2026-04-29 23:42:00,1777477320,39420.0,39453.0,39414.0,39438.0,324.0
2026-04-29 23:45:00,1777477500,39437.0,39480.0,39432.0,39466.0,504.0
2026-04-29 23:48:00,1777477680,39462.0,39465.0,39435.0,39458.0,243.0
2026-04-29 23:51:00,1777477860,39450.0,39455.0,39282.0,39292.0,2724.0
2026-04-29 23:54:00,1777478040,39290.0,39314.0,39237.0,39287.0,2547.0
2026-04-29 23:57:00,1777478220,39289.0,39335.0,39274.0,39319.0,983.0
2026-04-30 00:00:00,1777478400,39318.0,39366.0,39311.0,39364.0,1004.0
2026-04-30 00:03:00,1777478580,39363.0,39374.0,39340.0,39367.0,441.0
2026-04-30 00:06:00,1777478760,39362.0,39403.0,39348.0,39397.0,869.0
2026-04-30 00:09:00,1777478940,39397.0,39404.0,39370.0,39381.0,429.0
2026-04-30 00:12:00,1777479120,39382.0,39384.0,39360.0,39365.0,289.0
2026-04-30 00:15:00,1777479300,39366.0,39383.0,39350.0,39354.0,329.0
2026-04-30 00:18:00,1777479480,39355.0,39360.0,39324.0,39338.0,546.0
2026-04-30 00:21:00,1777479660,39340.0,39358.0,39337.0,39356.0,219.0
2026-04-30 00:24:00,1777479840,39355.0,39364.0,39335.0,39346.0,240.0
2026-04-30 00:27:00,1777480020,39349.0,39357.0,39327.0,39331.0,229.0
2026-04-30 00:30:00,1777480200,39330.0,39330.0,39281.0,39308.0,872.0
2026-04-30 00:33:00,1777480380,39306.0,39316.0,39266.0,39284.0,552.0
2026-04-30 00:36:00,1777480560,39284.0,39307.0,39273.0,39305.0,437.0
2026-04-30 00:39:00,1777480740,39307.0,39352.0,39307.0,39328.0,647.0
2026-04-30 00:42:00,1777480920,39330.0,39338.0,39319.0,39336.0,164.0
2026-04-30 00:45:00,1777481100,39334.0,39349.0,39325.0,39338.0,211.0
2026-04-30 00:48:00,1777481280,39339.0,39343.0,39325.0,39337.0,174.0
2026-04-30 00:51:00,1777481460,39337.0,39354.0,39314.0,39318.0,272.0
2026-04-30 00:54:00,1777481640,39319.0,39337.0,39310.0,39317.0,207.0
2026-04-30 00:57:00,1777481820,39315.0,39342.0,39303.0,39342.0,219.0
2026-04-30 01:00:00,1777482000,39343.0,39348.0,39312.0,39324.0,298.0
2026-04-30 01:03:00,1777482180,39325.0,39330.0,39300.0,39327.0,246.0
2026-04-30 01:06:00,1777482360,39327.0,39365.0,39327.0,39351.0,379.0
2026-04-30 01:09:00,1777482540,39350.0,39372.0,39345.0,39363.0,283.0
2026-04-30 01:12:00,1777482720,39361.0,39373.0,39354.0,39367.0,163.0
2026-04-30 01:15:00,1777482900,39370.0,39394.0,39346.0,39389.0,274.0
2026-04-30 01:18:00,1777483080,39387.0,39420.0,39365.0,39387.0,664.0
2026-04-30 01:21:00,1777483260,39381.0,39403.0,39371.0,39399.0,258.0
2026-04-30 01:24:00,1777483440,39394.0,39398.0,39355.0,39356.0,300.0
2026-04-30 01:27:00,1777483620,39357.0,39372.0,39345.0,39370.0,171.0
2026-04-30 01:30:00,1777483800,39373.0,39408.0,39359.0,39394.0,256.0
2026-04-30 01:33:00,1777483980,39392.0,39413.0,39381.0,39382.0,234.0
2026-04-30 01:36:00,1777484160,39384.0,39390.0,39368.0,39378.0,132.0
2026-04-30 01:39:00,1777484340,39380.0,39389.0,39358.0,39366.0,102.0
2026-04-30 01:42:00,1777484520,39370.0,39388.0,39368.0,39385.0,82.0
2026-04-30 01:45:00,1777484700,39382.0,39399.0,39380.0,39386.0,97.0
2026-04-30 01:48:00,1777484880,39388.0,39449.0,39388.0,39432.0,938.0
2026-04-30 01:51:00,1777485060,39436.0,39459.0,39426.0,39432.0,371.0
2026-04-30 01:54:00,1777485240,39432.0,39456.0,39421.0,39444.0,229.0
2026-04-30 01:57:00,1777485420,39443.0,39460.0,39441.0,39455.0,155.0
2026-04-30 02:00:00,1777485600,39456.0,39476.0,39395.0,39395.0,795.0
2026-04-30 02:03:00,1777485780,39393.0,39393.0,39346.0,39365.0,625.0
2026-04-30 02:06:00,1777485960,39367.0,39388.0,39307.0,39321.0,594.0
2026-04-30 02:09:00,1777486140,39322.0,39333.0,39290.0,39320.0,466.0
2026-04-30 02:12:00,1777486320,39321.0,39339.0,39316.0,39324.0,241.0
2026-04-30 02:15:00,1777486500,39322.0,39368.0,39318.0,39350.0,438.0
2026-04-30 02:18:00,1777486680,39350.0,39371.0,39336.0,39353.0,253.0
2026-04-30 02:21:00,1777486860,39360.0,39360.0,39327.0,39343.0,142.0
2026-04-30 02:24:00,1777487040,39342.0,39343.0,39316.0,39320.0,152.0
2026-04-30 02:27:00,1777487220,39324.0,39337.0,39313.0,39320.0,93.0
2026-04-30 02:30:00,1777487400,39320.0,39320.0,39252.0,39289.0,904.0
2026-04-30 02:33:00,1777487580,39290.0,39368.0,39277.0,39329.0,541.0
2026-04-30 02:36:00,1777487760,39333.0,39425.0,39295.0,39334.0,1106.0
2026-04-30 02:39:00,1777487940,39337.0,39345.0,39302.0,39314.0,215.0
2026-04-30 02:42:00,1777488120,39314.0,39325.0,39250.0,39267.0,418.0
2026-04-30 02:45:00,1777488300,39266.0,39333.0,39201.0,39309.0,1694.0
2026-04-30 02:48:00,1777488480,39311.0,39360.0,39301.0,39348.0,359.0
2026-04-30 02:51:00,1777488660,39345.0,39362.0,39336.0,39353.0,249.0
2026-04-30 02:54:00,1777488840,39351.0,39396.0,39337.0,39376.0,450.0
2026-04-30 02:57:00,1777489020,39372.0,39429.0,39372.0,39423.0,417.0
2026-04-30 03:00:00,1777489200,39424.0,39455.0,39375.0,39388.0,828.0
2026-04-30 03:03:00,1777489380,39392.0,39426.0,39376.0,39382.0,236.0
2026-04-30 03:06:00,1777489560,39381.0,39411.0,39378.0,39404.0,210.0
2026-04-30 03:09:00,1777489740,39403.0,39420.0,39390.0,39415.0,135.0
2026-04-30 03:12:00,1777489920,39415.0,39475.0,39404.0,39465.0,455.0
2026-04-30 03:15:00,1777490100,39467.0,39500.0,39465.0,39472.0,748.0
2026-04-30 03:18:00,1777490280,39471.0,39497.0,39465.0,39465.0,244.0
2026-04-30 03:21:00,1777490460,39468.0,39484.0,39457.0,39475.0,212.0
2026-04-30 03:24:00,1777490640,39478.0,39492.0,39474.0,39483.0,166.0
2026-04-30 03:27:00,1777490820,39484.0,39490.0,39463.0,39464.0,127.0
2026-04-30 03:30:00,1777491000,39462.0,39462.0,39406.0,39411.0,329.0
2026-04-30 03:33:00,1777491180,39407.0,39408.0,39384.0,39394.0,253.0
2026-04-30 03:36:00,1777491360,39398.0,39424.0,39398.0,39413.0,136.0
2026-04-30 03:39:00,1777491540,39412.0,39421.0,39398.0,39404.0,92.0
2026-04-30 03:42:00,1777491720,39404.0,39410.0,39396.0,39403.0,74.0
2026-04-30 03:45:00,1777491900,39409.0,39418.0,39398.0,39401.0,79.0
2026-04-30 03:48:00,1777492080,39400.0,39405.0,39379.0,39402.0,185.0
2026-04-30 03:51:00,1777492260,39400.0,39428.0,39390.0,39420.0,222.0
2026-04-30 03:54:00,1777492440,39417.0,39427.0,39403.0,39412.0,136.0
2026-04-30 03:57:00,1777492620,39415.0,39428.0,39391.0,39424.0,117.0
2026-04-30 04:00:00,1777492800,39428.0,39488.0,39335.0,39488.0,1597.0
2026-04-30 04:03:00,1777492980,39485.0,39519.0,39380.0,39412.0,911.0
2026-04-30 04:06:00,1777493160,39411.0,39431.0,39400.0,39407.0,154.0
2026-04-30 04:09:00,1777493340,39408.0,39408.0,39363.0,39372.0,193.0
2026-04-30 04:12:00,1777493520,39371.0,39372.0,39252.0,39262.0,761.0
2026-04-30 04:15:00,1777493700,39263.0,39279.0,39230.0,39237.0,610.0
2026-04-30 04:18:00,1777493880,39232.0,39258.0,39169.0,39257.0,1481.0
2026-04-30 04:21:00,1777494060,39255.0,39325.0,39251.0,39319.0,545.0
2026-04-30 04:24:00,1777494240,39319.0,39356.0,39310.0,39343.0,337.0
2026-04-30 04:27:00,1777494420,39342.0,39366.0,39331.0,39361.0,244.0
2026-04-30 04:30:00,1777494600,39361.0,39375.0,39345.0,39345.0,232.0
2026-04-30 04:33:00,1777494780,39347.0,39388.0,39347.0,39380.0,132.0
2026-04-30 04:36:00,1777494960,39380.0,39389.0,39371.0,39372.0,90.0
2026-04-30 04:39:00,1777495140,39376.0,39404.0,39371.0,39387.0,199.0
2026-04-30 04:42:00,1777495320,39386.0,39396.0,39375.0,39384.0,149.0
2026-04-30 04:45:00,1777495500,39383.0,39402.0,39368.0,39381.0,310.0
2026-04-30 04:48:00,1777495680,39381.0,39384.0,39355.0,39362.0,147.0
2026-04-30 04:51:00,1777495860,39359.0,39374.0,39355.0,39368.0,95.0
2026-04-30 04:54:00,1777496040,39368.0,39369.0,39350.0,39351.0,124.0
2026-04-30 04:57:00,1777496220,39355.0,39355.0,39331.0,39343.0,201.0
2026-04-30 08:45:00,1777509900,39648.0,39937.0,39644.0,39889.0,8892.0
2026-04-30 08:48:00,1777510080,39891.0,39899.0,39778.0,39783.0,3004.0
2026-04-30 08:51:00,1777510260,39783.0,39798.0,39726.0,39741.0,2167.0
2026-04-30 08:54:00,1777510440,39740.0,39758.0,39687.0,39694.0,2038.0
2026-04-30 08:57:00,1777510620,39698.0,39767.0,39653.0,39758.0,2372.0
2026-04-30 09:00:00,1777510800,39757.0,39923.0,39734.0,39784.0,6427.0
2026-04-30 09:03:00,1777510980,39786.0,39842.0,39762.0,39783.0,2772.0
2026-04-30 09:06:00,1777511160,39779.0,39811.0,39667.0,39674.0,3325.0
2026-04-30 09:09:00,1777511340,39675.0,39714.0,39598.0,39654.0,4199.0
2026-04-30 09:12:00,1777511520,39654.0,39694.0,39581.0,39608.0,2292.0
2026-04-30 09:15:00,1777511700,39610.0,39642.0,39587.0,39617.0,1924.0
2026-04-30 09:18:00,1777511880,39615.0,39637.0,39574.0,39622.0,1734.0
2026-04-30 09:21:00,1777512060,39623.0,39645.0,39589.0,39633.0,1472.0
2026-04-30 09:24:00,1777512240,39636.0,39684.0,39591.0,39617.0,2492.0
2026-04-30 09:27:00,1777512420,39618.0,39675.0,39602.0,39625.0,1213.0
2026-04-30 09:30:00,1777512600,39626.0,39726.0,39626.0,39719.0,2728.0
2026-04-30 09:33:00,1777512780,39716.0,39772.0,39551.0,39564.0,3741.0
2026-04-30 09:36:00,1777512960,39561.0,39592.0,39458.0,39497.0,4817.0
2026-04-30 09:39:00,1777513140,39498.0,39652.0,39495.0,39638.0,2918.0
2026-04-30 09:42:00,1777513320,39635.0,39660.0,39572.0,39609.0,1491.0
2026-04-30 09:45:00,1777513500,39609.0,39650.0,39582.0,39619.0,1359.0
2026-04-30 09:48:00,1777513680,39622.0,39647.0,39590.0,39613.0,819.0
2026-04-30 09:51:00,1777513860,39615.0,39749.0,39614.0,39746.0,2621.0
2026-04-30 09:54:00,1777514040,39749.0,39775.0,39696.0,39740.0,2079.0
2026-04-30 09:57:00,1777514220,39743.0,39832.0,39737.0,39805.0,2632.0
2026-04-30 10:00:00,1777514400,39808.0,39852.0,39763.0,39776.0,2219.0
2026-04-30 10:03:00,1777514580,39779.0,39804.0,39716.0,39765.0,1605.0
2026-04-30 10:06:00,1777514760,39760.0,39764.0,39719.0,39748.0,913.0
2026-04-30 10:09:00,1777514940,39748.0,39792.0,39730.0,39755.0,870.0
2026-04-30 10:12:00,1777515120,39758.0,39786.0,39745.0,39777.0,591.0
2026-04-30 10:15:00,1777515300,39772.0,39785.0,39740.0,39757.0,785.0
2026-04-30 10:18:00,1777515480,39756.0,39758.0,39625.0,39627.0,2293.0
2026-04-30 10:21:00,1777515660,39625.0,39658.0,39560.0,39608.0,2554.0
2026-04-30 10:24:00,1777515840,39605.0,39637.0,39587.0,39597.0,1109.0
2026-04-30 10:27:00,1777516020,39596.0,39636.0,39570.0,39590.0,1255.0
2026-04-30 10:30:00,1777516200,39588.0,39592.0,39425.0,39545.0,5621.0
2026-04-30 10:33:00,1777516380,39545.0,39608.0,39538.0,39579.0,1622.0
2026-04-30 10:36:00,1777516560,39579.0,39644.0,39545.0,39545.0,1646.0
2026-04-30 10:39:00,1777516740,39549.0,39631.0,39541.0,39622.0,1256.0
2026-04-30 10:42:00,1777516920,39624.0,39624.0,39545.0,39550.0,874.0
2026-04-30 10:45:00,1777517100,39550.0,39572.0,39526.0,39528.0,1186.0
2026-04-30 10:48:00,1777517280,39526.0,39531.0,39486.0,39513.0,1459.0
2026-04-30 10:51:00,1777517460,39517.0,39529.0,39471.0,39515.0,1206.0
2026-04-30 10:54:00,1777517640,39519.0,39530.0,39463.0,39467.0,1060.0
2026-04-30 10:57:00,1777517820,39471.0,39556.0,39464.0,39496.0,1242.0
2026-04-30 11:00:00,1777518000,39492.0,39542.0,39481.0,39540.0,793.0
2026-04-30 11:03:00,1777518180,39539.0,39586.0,39532.0,39580.0,1197.0
2026-04-30 11:06:00,1777518360,39572.0,39578.0,39488.0,39513.0,1115.0
2026-04-30 11:09:00,1777518540,39512.0,39569.0,39510.0,39552.0,752.0
2026-04-30 11:12:00,1777518720,39550.0,39565.0,39508.0,39529.0,565.0
2026-04-30 11:15:00,1777518900,39533.0,39539.0,39504.0,39521.0,496.0
2026-04-30 11:18:00,1777519080,39519.0,39536.0,39495.0,39517.0,748.0
2026-04-30 11:21:00,1777519260,39520.0,39550.0,39516.0,39533.0,547.0
2026-04-30 11:24:00,1777519440,39533.0,39559.0,39525.0,39551.0,506.0
2026-04-30 11:27:00,1777519620,39552.0,39570.0,39540.0,39556.0,496.0
2026-04-30 11:30:00,1777519800,39557.0,39569.0,39517.0,39556.0,604.0
2026-04-30 11:33:00,1777519980,39559.0,39587.0,39543.0,39572.0,704.0
2026-04-30 11:36:00,1777520160,39571.0,39619.0,39557.0,39609.0,979.0
2026-04-30 11:39:00,1777520340,39610.0,39616.0,39523.0,39579.0,1026.0
2026-04-30 11:42:00,1777520520,39577.0,39619.0,39560.0,39582.0,782.0
2026-04-30 11:45:00,1777520700,39582.0,39613.0,39564.0,39597.0,591.0
2026-04-30 11:48:00,1777520880,39598.0,39614.0,39585.0,39604.0,364.0
2026-04-30 11:51:00,1777521060,39605.0,39614.0,39583.0,39600.0,433.0
2026-04-30 11:54:00,1777521240,39595.0,39603.0,39557.0,39579.0,566.0
2026-04-30 11:57:00,1777521420,39579.0,39603.0,39565.0,39579.0,439.0
2026-04-30 12:00:00,1777521600,39577.0,39608.0,39561.0,39572.0,624.0
2026-04-30 12:03:00,1777521780,39580.0,39587.0,39544.0,39551.0,677.0
2026-04-30 12:06:00,1777521960,39549.0,39602.0,39531.0,39599.0,1017.0
2026-04-30 12:09:00,1777522140,39598.0,39633.0,39574.0,39580.0,1067.0
2026-04-30 12:12:00,1777522320,39580.0,39581.0,39545.0,39566.0,747.0
2026-04-30 12:15:00,1777522500,39560.0,39580.0,39475.0,39494.0,1571.0
2026-04-30 12:18:00,1777522680,39496.0,39507.0,39451.0,39462.0,1717.0
2026-04-30 12:21:00,1777522860,39464.0,39480.0,39437.0,39450.0,1141.0
2026-04-30 12:24:00,1777523040,39454.0,39497.0,39442.0,39459.0,878.0
2026-04-30 12:27:00,1777523220,39460.0,39462.0,39410.0,39417.0,1379.0
2026-04-30 12:30:00,1777523400,39417.0,39419.0,39327.0,39333.0,2557.0
2026-04-30 12:33:00,1777523580,39330.0,39356.0,39310.0,39338.0,1457.0
2026-04-30 12:36:00,1777523760,39335.0,39370.0,39303.0,39315.0,1340.0
2026-04-30 12:39:00,1777523940,39314.0,39314.0,39275.0,39289.0,1736.0
2026-04-30 12:42:00,1777524120,39290.0,39347.0,39266.0,39336.0,1662.0
2026-04-30 12:45:00,1777524300,39334.0,39366.0,39302.0,39336.0,1428.0
2026-04-30 12:48:00,1777524480,39335.0,39372.0,39327.0,39340.0,903.0
2026-04-30 12:51:00,1777524660,39337.0,39377.0,39323.0,39367.0,706.0
2026-04-30 12:54:00,1777524840,39362.0,39368.0,39338.0,39353.0,526.0
2026-04-30 12:57:00,1777525020,39348.0,39366.0,39325.0,39335.0,607.0
2026-04-30 13:00:00,1777525200,39337.0,39392.0,39320.0,39361.0,1371.0
2026-04-30 13:03:00,1777525380,39364.0,39374.0,39307.0,39345.0,889.0
2026-04-30 13:06:00,1777525560,39344.0,39436.0,39337.0,39424.0,1546.0
2026-04-30 13:09:00,1777525740,39423.0,39458.0,39412.0,39454.0,1383.0
2026-04-30 13:12:00,1777525920,39456.0,39500.0,39441.0,39494.0,1885.0
2026-04-30 13:15:00,1777526100,39492.0,39501.0,39438.0,39443.0,1130.0
2026-04-30 13:18:00,1777526280,39442.0,39443.0,39405.0,39434.0,994.0
2026-04-30 13:21:00,1777526460,39436.0,39455.0,39420.0,39437.0,551.0
2026-04-30 13:24:00,1777526640,39436.0,39457.0,39333.0,39338.0,1848.0
2026-04-30 13:27:00,1777526820,39336.0,39351.0,39284.0,39284.0,1353.0
2026-04-30 13:30:00,1777527000,39286.0,39365.0,39268.0,39337.0,2454.0
2026-04-30 13:33:00,1777527180,39336.0,39370.0,39333.0,39364.0,1039.0
2026-04-30 13:36:00,1777527360,39364.0,39365.0,39338.0,39351.0,577.0
2026-04-30 13:39:00,1777527540,39354.0,39363.0,39342.0,39355.0,543.0
2026-04-30 13:42:00,1777527720,39353.0,39377.0,39327.0,39360.0,1305.0
2026-04-30 15:00:00,1777532400,39385.0,39448.0,39373.0,39424.0,2005.0
2026-04-30 15:03:00,1777532580,39424.0,39452.0,39412.0,39421.0,885.0
2026-04-30 15:06:00,1777532760,39421.0,39447.0,39421.0,39431.0,372.0
2026-04-30 15:09:00,1777532940,39430.0,39529.0,39429.0,39512.0,1589.0
2026-04-30 15:12:00,1777533120,39510.0,39519.0,39479.0,39486.0,683.0
2026-04-30 15:15:00,1777533300,39486.0,39494.0,39452.0,39468.0,514.0
2026-04-30 15:18:00,1777533480,39465.0,39492.0,39465.0,39481.0,353.0
2026-04-30 15:21:00,1777533660,39476.0,39507.0,39476.0,39503.0,363.0
2026-04-30 15:24:00,1777533840,39502.0,39515.0,39488.0,39509.0,353.0
2026-04-30 15:27:00,1777534020,39508.0,39545.0,39505.0,39532.0,793.0
2026-04-30 15:30:00,1777534200,39530.0,39545.0,39517.0,39527.0,615.0
2026-04-30 15:33:00,1777534380,39525.0,39565.0,39523.0,39538.0,700.0
2026-04-30 15:36:00,1777534560,39538.0,39552.0,39525.0,39535.0,294.0
2026-04-30 15:39:00,1777534740,39536.0,39547.0,39527.0,39530.0,191.0
2026-04-30 15:42:00,1777534920,39531.0,39543.0,39512.0,39529.0,495.0
2026-04-30 15:45:00,1777535100,39530.0,39553.0,39529.0,39547.0,315.0
2026-04-30 15:48:00,1777535280,39546.0,39553.0,39510.0,39514.0,406.0
2026-04-30 15:51:00,1777535460,39513.0,39546.0,39509.0,39546.0,298.0
2026-04-30 15:54:00,1777535640,39544.0,39552.0,39527.0,39549.0,259.0
2026-04-30 15:57:00,1777535820,39551.0,39582.0,39546.0,39558.0,711.0
2026-04-30 16:00:00,1777536000,39562.0,39601.0,39555.0,39575.0,993.0
2026-04-30 16:03:00,1777536180,39575.0,39685.0,39573.0,39641.0,1597.0
2026-04-30 16:06:00,1777536360,39640.0,39659.0,39613.0,39626.0,791.0
2026-04-30 16:09:00,1777536540,39623.0,39627.0,39609.0,39613.0,397.0
2026-04-30 16:12:00,1777536720,39616.0,39649.0,39615.0,39636.0,443.0
2026-04-30 16:15:00,1777536900,39636.0,39644.0,39615.0,39641.0,370.0
2026-04-30 16:18:00,1777537080,39635.0,39646.0,39604.0,39606.0,305.0
2026-04-30 16:21:00,1777537260,39605.0,39609.0,39577.0,39588.0,667.0
2026-04-30 16:24:00,1777537440,39591.0,39639.0,39588.0,39621.0,571.0
2026-04-30 16:27:00,1777537620,39625.0,39653.0,39620.0,39645.0,383.0
2026-04-30 16:30:00,1777537800,39648.0,39702.0,39648.0,39669.0,1088.0
2026-04-30 16:33:00,1777537980,39672.0,39710.0,39668.0,39679.0,696.0
2026-04-30 16:36:00,1777538160,39681.0,39722.0,39669.0,39708.0,564.0
2026-04-30 16:39:00,1777538340,39708.0,39742.0,39700.0,39724.0,802.0
2026-04-30 16:42:00,1777538520,39724.0,39731.0,39688.0,39702.0,551.0
2026-04-30 16:45:00,1777538700,39705.0,39710.0,39680.0,39689.0,327.0
2026-04-30 16:48:00,1777538880,39690.0,39693.0,39666.0,39674.0,331.0
2026-04-30 16:51:00,1777539060,39672.0,39682.0,39644.0,39657.0,423.0
2026-04-30 16:54:00,1777539240,39663.0,39674.0,39621.0,39638.0,566.0
2026-04-30 16:57:00,1777539420,39640.0,39642.0,39625.0,39636.0,215.0
2026-04-30 17:00:00,1777539600,39638.0,39647.0,39621.0,39628.0,320.0
2026-04-30 17:03:00,1777539780,39624.0,39656.0,39624.0,39650.0,309.0
2026-04-30 17:06:00,1777539960,39652.0,39665.0,39605.0,39614.0,512.0
2026-04-30 17:09:00,1777540140,39612.0,39638.0,39592.0,39596.0,688.0
2026-04-30 17:12:00,1777540320,39599.0,39612.0,39584.0,39600.0,462.0
2026-04-30 17:15:00,1777540500,39600.0,39624.0,39586.0,39592.0,441.0
2026-04-30 17:18:00,1777540680,39593.0,39605.0,39551.0,39555.0,729.0
2026-04-30 17:21:00,1777540860,39558.0,39598.0,39555.0,39586.0,380.0
2026-04-30 17:24:00,1777541040,39588.0,39627.0,39580.0,39619.0,422.0
2026-04-30 17:27:00,1777541220,39621.0,39673.0,39610.0,39664.0,819.0
2026-04-30 17:30:00,1777541400,39664.0,39766.0,39664.0,39709.0,1890.0
2026-04-30 17:33:00,1777541580,39706.0,39728.0,39700.0,39725.0,542.0
2026-04-30 17:36:00,1777541760,39725.0,39737.0,39714.0,39733.0,431.0
2026-04-30 17:39:00,1777541940,39731.0,39742.0,39702.0,39702.0,426.0
2026-04-30 17:42:00,1777542120,39703.0,39707.0,39672.0,39680.0,597.0
2026-04-30 17:45:00,1777542300,39682.0,39705.0,39678.0,39694.0,361.0
2026-04-30 17:48:00,1777542480,39697.0,39718.0,39693.0,39714.0,277.0
2026-04-30 17:51:00,1777542660,39713.0,39713.0,39686.0,39703.0,320.0
2026-04-30 17:54:00,1777542840,39706.0,39718.0,39698.0,39698.0,169.0
2026-04-30 17:57:00,1777543020,39697.0,39720.0,39691.0,39707.0,240.0
2026-04-30 18:00:00,1777543200,39708.0,39748.0,39708.0,39732.0,689.0
2026-04-30 18:03:00,1777543380,39731.0,39776.0,39730.0,39746.0,1007.0
2026-04-30 18:06:00,1777543560,39746.0,39754.0,39733.0,39748.0,248.0
2026-04-30 18:09:00,1777543740,39749.0,39751.0,39733.0,39736.0,179.0
2026-04-30 18:12:00,1777543920,39735.0,39749.0,39711.0,39720.0,449.0
2026-04-30 18:15:00,1777544100,39719.0,39761.0,39711.0,39749.0,615.0
2026-04-30 18:18:00,1777544280,39749.0,39751.0,39731.0,39733.0,310.0
2026-04-30 18:21:00,1777544460,39737.0,39767.0,39733.0,39760.0,330.0
2026-04-30 18:24:00,1777544640,39756.0,39759.0,39737.0,39756.0,208.0
2026-04-30 18:27:00,1777544820,39756.0,39784.0,39749.0,39783.0,620.0
2026-04-30 18:30:00,1777545000,39784.0,39798.0,39761.0,39778.0,1038.0
2026-04-30 18:33:00,1777545180,39778.0,39787.0,39748.0,39761.0,405.0
2026-04-30 18:36:00,1777545360,39760.0,39762.0,39708.0,39726.0,755.0
2026-04-30 18:39:00,1777545540,39726.0,39735.0,39708.0,39722.0,500.0
2026-04-30 18:42:00,1777545720,39727.0,39732.0,39715.0,39720.0,209.0
2026-04-30 18:45:00,1777545900,39722.0,39737.0,39708.0,39712.0,351.0
2026-04-30 18:48:00,1777546080,39712.0,39737.0,39673.0,39685.0,603.0
2026-04-30 18:51:00,1777546260,39683.0,39705.0,39676.0,39691.0,367.0
2026-04-30 18:54:00,1777546440,39692.0,39704.0,39686.0,39700.0,232.0
2026-04-30 18:57:00,1777546620,39702.0,39728.0,39702.0,39715.0,366.0
2026-04-30 19:00:00,1777546800,39720.0,39755.0,39719.0,39739.0,402.0
2026-04-30 19:03:00,1777546980,39737.0,39756.0,39719.0,39746.0,320.0
2026-04-30 19:06:00,1777547160,39746.0,39756.0,39725.0,39746.0,440.0
2026-04-30 19:09:00,1777547340,39747.0,39780.0,39747.0,39763.0,639.0
2026-04-30 19:12:00,1777547520,39762.0,39774.0,39751.0,39753.0,329.0
2026-04-30 19:15:00,1777547700,39756.0,39786.0,39748.0,39778.0,389.0
2026-04-30 19:18:00,1777547880,39774.0,39810.0,39774.0,39800.0,946.0
2026-04-30 19:21:00,1777548060,39804.0,39810.0,39793.0,39793.0,347.0
2026-04-30 19:24:00,1777548240,39792.0,39832.0,39790.0,39829.0,717.0
2026-04-30 19:27:00,1777548420,39829.0,39845.0,39815.0,39843.0,600.0
2026-04-30 19:30:00,1777548600,39841.0,39855.0,39812.0,39812.0,921.0
2026-04-30 19:33:00,1777548780,39814.0,39827.0,39810.0,39815.0,258.0
2026-04-30 19:36:00,1777548960,39811.0,39832.0,39807.0,39817.0,277.0
2026-04-30 19:39:00,1777549140,39815.0,39815.0,39786.0,39802.0,512.0
2026-04-30 19:42:00,1777549320,39803.0,39813.0,39793.0,39800.0,316.0
2026-04-30 19:45:00,1777549500,39799.0,39815.0,39793.0,39811.0,225.0
2026-04-30 19:48:00,1777549680,39810.0,39830.0,39806.0,39807.0,291.0
2026-04-30 19:51:00,1777549860,39809.0,39818.0,39796.0,39803.0,203.0
2026-04-30 19:54:00,1777550040,39803.0,39813.0,39799.0,39809.0,151.0
2026-04-30 19:57:00,1777550220,39807.0,39814.0,39800.0,39801.0,89.0
2026-04-30 20:00:00,1777550400,39801.0,39822.0,39796.0,39800.0,357.0
2026-04-30 20:03:00,1777550580,39806.0,39810.0,39788.0,39797.0,254.0
2026-04-30 20:06:00,1777550760,39796.0,39833.0,39796.0,39828.0,313.0
2026-04-30 20:09:00,1777550940,39833.0,39866.0,39827.0,39855.0,803.0
2026-04-30 20:12:00,1777551120,39857.0,39859.0,39848.0,39856.0,229.0
2026-04-30 20:15:00,1777551300,39854.0,39887.0,39852.0,39880.0,885.0
2026-04-30 20:18:00,1777551480,39881.0,39888.0,39873.0,39884.0,397.0
2026-04-30 20:21:00,1777551660,39884.0,39895.0,39867.0,39870.0,601.0
2026-04-30 20:24:00,1777551840,39871.0,39887.0,39871.0,39887.0,204.0
2026-04-30 20:27:00,1777552020,39887.0,39895.0,39873.0,39880.0,285.0
2026-04-30 20:30:00,1777552200,39880.0,39889.0,39844.0,39856.0,534.0
2026-04-30 20:33:00,1777552380,39855.0,39866.0,39843.0,39856.0,343.0
2026-04-30 20:36:00,1777552560,39855.0,39866.0,39845.0,39862.0,182.0
2026-04-30 20:39:00,1777552740,39864.0,39866.0,39842.0,39850.0,283.0
2026-04-30 20:42:00,1777552920,39851.0,39863.0,39812.0,39824.0,557.0
2026-04-30 20:45:00,1777553100,39823.0,39862.0,39819.0,39855.0,338.0
2026-04-30 20:48:00,1777553280,39859.0,39870.0,39855.0,39859.0,302.0
2026-04-30 20:51:00,1777553460,39864.0,39903.0,39863.0,39886.0,749.0
2026-04-30 20:54:00,1777553640,39886.0,39897.0,39877.0,39893.0,229.0
2026-04-30 20:57:00,1777553820,39893.0,39894.0,39875.0,39889.0,168.0
2026-04-30 21:00:00,1777554000,39889.0,39908.0,39886.0,39898.0,511.0
2026-04-30 21:03:00,1777554180,39898.0,39910.0,39885.0,39890.0,282.0
2026-04-30 21:06:00,1777554360,39890.0,39896.0,39878.0,39885.0,216.0
2026-04-30 21:09:00,1777554540,39886.0,39895.0,39846.0,39864.0,514.0
2026-04-30 21:12:00,1777554720,39860.0,39860.0,39850.0,39854.0,161.0
2026-04-30 21:15:00,1777554900,39854.0,39872.0,39852.0,39856.0,198.0
2026-04-30 21:18:00,1777555080,39856.0,39869.0,39855.0,39861.0,147.0
2026-04-30 21:21:00,1777555260,39863.0,39865.0,39847.0,39848.0,219.0
2026-04-30 21:24:00,1777555440,39849.0,39853.0,39824.0,39833.0,492.0
2026-04-30 21:27:00,1777555620,39831.0,39844.0,39821.0,39833.0,274.0
2026-04-30 21:30:00,1777555800,39833.0,39833.0,39781.0,39810.0,1725.0
2026-04-30 21:33:00,1777555980,39809.0,39818.0,39707.0,39720.0,2444.0
2026-04-30 21:36:00,1777556160,39722.0,39767.0,39649.0,39680.0,2790.0
2026-04-30 21:39:00,1777556340,39678.0,39696.0,39630.0,39649.0,2038.0
2026-04-30 21:42:00,1777556520,39647.0,39719.0,39642.0,39716.0,1745.0
2026-04-30 21:45:00,1777556700,39714.0,39720.0,39651.0,39696.0,1367.0
2026-04-30 21:48:00,1777556880,39698.0,39700.0,39666.0,39681.0,652.0
2026-04-30 21:51:00,1777557060,39678.0,39678.0,39600.0,39615.0,2254.0
2026-04-30 21:54:00,1777557240,39614.0,39623.0,39588.0,39603.0,1701.0
2026-04-30 21:57:00,1777557420,39608.0,39622.0,39535.0,39581.0,2602.0
2026-04-30 22:00:00,1777557600,39580.0,39666.0,39570.0,39658.0,1997.0
2026-04-30 22:03:00,1777557780,39656.0,39662.0,39625.0,39629.0,943.0
2026-04-30 22:06:00,1777557960,39627.0,39652.0,39544.0,39545.0,1521.0
2026-04-30 22:09:00,1777558140,39549.0,39575.0,39508.0,39535.0,2289.0
2026-04-30 22:12:00,1777558320,39536.0,39618.0,39533.0,39600.0,1588.0
2026-04-30 22:15:00,1777558500,39599.0,39601.0,39497.0,39523.0,1853.0
2026-04-30 22:18:00,1777558680,39526.0,39597.0,39515.0,39578.0,1384.0
2026-04-30 22:21:00,1777558860,39581.0,39644.0,39570.0,39613.0,1255.0
2026-04-30 22:24:00,1777559040,39618.0,39630.0,39583.0,39585.0,841.0
2026-04-30 22:27:00,1777559220,39584.0,39620.0,39580.0,39603.0,768.0
2026-04-30 22:30:00,1777559400,39602.0,39676.0,39587.0,39660.0,1692.0
2026-04-30 22:33:00,1777559580,39661.0,39670.0,39603.0,39634.0,967.0
2026-04-30 22:36:00,1777559760,39633.0,39638.0,39569.0,39588.0,1212.0
2026-04-30 22:39:00,1777559940,39585.0,39617.0,39550.0,39612.0,1173.0
2026-04-30 22:42:00,1777560120,39615.0,39637.0,39596.0,39623.0,648.0
2026-04-30 22:45:00,1777560300,39621.0,39692.0,39618.0,39682.0,1729.0
2026-04-30 22:48:00,1777560480,39682.0,39707.0,39670.0,39698.0,1075.0
2026-04-30 22:51:00,1777560660,39695.0,39746.0,39691.0,39731.0,1412.0
2026-04-30 22:54:00,1777560840,39728.0,39763.0,39723.0,39745.0,1267.0
2026-04-30 22:57:00,1777561020,39742.0,39794.0,39741.0,39778.0,1332.0
2026-04-30 23:00:00,1777561200,39780.0,39845.0,39779.0,39794.0,2210.0
2026-04-30 23:03:00,1777561380,39793.0,39803.0,39775.0,39794.0,1034.0
2026-04-30 23:06:00,1777561560,39797.0,39848.0,39788.0,39838.0,1205.0
2026-04-30 23:09:00,1777561740,39839.0,39880.0,39826.0,39869.0,1240.0
2026-04-30 23:12:00,1777561920,39870.0,39875.0,39823.0,39860.0,897.0
2026-04-30 23:15:00,1777562100,39861.0,39886.0,39846.0,39862.0,981.0
2026-04-30 23:18:00,1777562280,39863.0,39872.0,39852.0,39862.0,466.0
2026-04-30 23:21:00,1777562460,39860.0,39862.0,39817.0,39845.0,1028.0
2026-04-30 23:24:00,1777562640,39843.0,39850.0,39826.0,39833.0,462.0
2026-04-30 23:27:00,1777562820,39830.0,39865.0,39820.0,39848.0,512.0
2026-04-30 23:30:00,1777563000,39849.0,39905.0,39847.0,39863.0,1723.0
2026-04-30 23:33:00,1777563180,39863.0,39882.0,39852.0,39858.0,434.0
2026-04-30 23:36:00,1777563360,39855.0,39866.0,39817.0,39842.0,825.0
2026-04-30 23:39:00,1777563540,39840.0,39845.0,39809.0,39836.0,700.0
2026-04-30 23:42:00,1777563720,39839.0,39845.0,39820.0,39840.0,365.0
2026-04-30 23:45:00,1777563900,39841.0,39842.0,39782.0,39796.0,900.0
2026-04-30 23:48:00,1777564080,39792.0,39838.0,39782.0,39837.0,588.0
2026-04-30 23:51:00,1777564260,39834.0,39848.0,39820.0,39840.0,469.0
2026-04-30 23:54:00,1777564440,39840.0,39865.0,39840.0,39854.0,613.0
2026-04-30 23:57:00,1777564620,39854.0,39857.0,39835.0,39836.0,278.0
2026-05-01 00:00:00,1777564800,39838.0,39844.0,39795.0,39805.0,644.0
2026-05-01 00:03:00,1777564980,39805.0,39844.0,39805.0,39844.0,328.0
2026-05-01 00:06:00,1777565160,39841.0,39859.0,39831.0,39849.0,358.0
2026-05-01 00:09:00,1777565340,39848.0,39849.0,39834.0,39849.0,152.0
2026-05-01 00:12:00,1777565520,39848.0,39880.0,39848.0,39874.0,769.0
2026-05-01 00:15:00,1777565700,39874.0,39880.0,39844.0,39858.0,395.0
2026-05-01 00:18:00,1777565880,39856.0,39871.0,39850.0,39865.0,205.0
2026-05-01 00:21:00,1777566060,39869.0,39877.0,39858.0,39860.0,173.0
2026-05-01 00:24:00,1777566240,39859.0,39865.0,39840.0,39854.0,270.0
2026-05-01 00:27:00,1777566420,39852.0,39870.0,39847.0,39864.0,171.0
2026-05-01 00:30:00,1777566600,39868.0,39873.0,39851.0,39863.0,193.0
2026-05-01 00:33:00,1777566780,39863.0,39863.0,39848.0,39857.0,151.0
2026-05-01 00:36:00,1777566960,39858.0,39862.0,39847.0,39861.0,174.0
2026-05-01 00:39:00,1777567140,39858.0,39867.0,39853.0,39856.0,141.0
2026-05-01 00:42:00,1777567320,39855.0,39862.0,39839.0,39843.0,175.0
2026-05-01 00:45:00,1777567500,39840.0,39841.0,39810.0,39827.0,528.0
2026-05-01 00:48:00,1777567680,39823.0,39838.0,39815.0,39827.0,218.0
2026-05-01 00:51:00,1777567860,39828.0,39828.0,39786.0,39797.0,577.0
2026-05-01 00:54:00,1777568040,39794.0,39801.0,39778.0,39792.0,379.0
2026-05-01 00:57:00,1777568220,39792.0,39814.0,39778.0,39804.0,476.0
2026-05-01 01:00:00,1777568400,39808.0,39856.0,39805.0,39834.0,698.0
2026-05-01 01:03:00,1777568580,39833.0,39855.0,39833.0,39845.0,214.0
2026-05-01 01:06:00,1777568760,39844.0,39855.0,39827.0,39851.0,188.0
2026-05-01 01:09:00,1777568940,39847.0,39863.0,39840.0,39856.0,235.0
2026-05-01 01:12:00,1777569120,39855.0,39864.0,39849.0,39854.0,138.0
2026-05-01 01:15:00,1777569300,39852.0,39855.0,39810.0,39815.0,261.0
2026-05-01 01:18:00,1777569480,39812.0,39834.0,39810.0,39832.0,186.0
2026-05-01 01:21:00,1777569660,39833.0,39833.0,39805.0,39819.0,248.0
2026-05-01 01:24:00,1777569840,39818.0,39845.0,39811.0,39830.0,238.0
2026-05-01 01:27:00,1777570020,39830.0,39862.0,39830.0,39862.0,212.0
2026-05-01 01:30:00,1777570200,39861.0,39955.0,39859.0,39945.0,2803.0
2026-05-01 01:33:00,1777570380,39944.0,39959.0,39935.0,39949.0,503.0
2026-05-01 01:36:00,1777570560,39946.0,39965.0,39944.0,39957.0,252.0
2026-05-01 01:39:00,1777570740,39957.0,39960.0,39942.0,39946.0,243.0
2026-05-01 01:42:00,1777570920,39946.0,39957.0,39939.0,39952.0,169.0
2026-05-01 01:45:00,1777571100,39951.0,39978.0,39948.0,39950.0,424.0
2026-05-01 01:48:00,1777571280,39948.0,39958.0,39933.0,39940.0,197.0
2026-05-01 01:51:00,1777571460,39940.0,39965.0,39927.0,39957.0,285.0
2026-05-01 01:54:00,1777571640,39955.0,39975.0,39950.0,39970.0,236.0
2026-05-01 01:57:00,1777571820,39969.0,39985.0,39969.0,39977.0,359.0
2026-05-01 02:00:00,1777572000,39980.0,40048.0,39979.0,40035.0,1679.0
2026-05-01 02:03:00,1777572180,40035.0,40047.0,40021.0,40030.0,297.0
2026-05-01 02:06:00,1777572360,40033.0,40046.0,40015.0,40022.0,251.0
2026-05-01 02:09:00,1777572540,40021.0,40026.0,40010.0,40018.0,179.0
2026-05-01 02:12:00,1777572720,40019.0,40034.0,40018.0,40034.0,115.0
2026-05-01 02:15:00,1777572900,40034.0,40060.0,40032.0,40052.0,400.0
2026-05-01 02:18:00,1777573080,40055.0,40064.0,40040.0,40044.0,251.0
2026-05-01 02:21:00,1777573260,40044.0,40058.0,40038.0,40050.0,146.0
2026-05-01 02:24:00,1777573440,40048.0,40049.0,40022.0,40029.0,183.0
2026-05-01 02:27:00,1777573620,40028.0,40041.0,40028.0,40036.0,85.0
2026-05-01 02:30:00,1777573800,40034.0,40066.0,40034.0,40054.0,257.0
2026-05-01 02:33:00,1777573980,40053.0,40061.0,40050.0,40059.0,96.0
2026-05-01 02:36:00,1777574160,40057.0,40073.0,40050.0,40065.0,276.0
2026-05-01 02:39:00,1777574340,40063.0,40065.0,40053.0,40054.0,119.0
2026-05-01 02:42:00,1777574520,40055.0,40064.0,40044.0,40060.0,119.0
2026-05-01 02:45:00,1777574700,40058.0,40075.0,40056.0,40071.0,149.0
2026-05-01 02:48:00,1777574880,40068.0,40073.0,40059.0,40073.0,126.0
2026-05-01 02:51:00,1777575060,40075.0,40083.0,40069.0,40076.0,188.0
2026-05-01 02:54:00,1777575240,40076.0,40077.0,40054.0,40054.0,150.0
2026-05-01 02:57:00,1777575420,40053.0,40066.0,40053.0,40060.0,95.0
2026-05-01 03:00:00,1777575600,40061.0,40114.0,40053.0,40110.0,609.0
2026-05-01 03:03:00,1777575780,40111.0,40129.0,40104.0,40120.0,361.0
2026-05-01 03:06:00,1777575960,40118.0,40153.0,40117.0,40136.0,448.0
2026-05-01 03:09:00,1777576140,40135.0,40160.0,40135.0,40143.0,256.0
2026-05-01 03:12:00,1777576320,40142.0,40166.0,40139.0,40152.0,215.0
2026-05-01 03:15:00,1777576500,40153.0,40153.0,40122.0,40134.0,310.0
2026-05-01 03:18:00,1777576680,40132.0,40146.0,40122.0,40125.0,186.0
2026-05-01 03:21:00,1777576860,40122.0,40130.0,40108.0,40125.0,228.0
2026-05-01 03:24:00,1777577040,40125.0,40145.0,40122.0,40138.0,169.0
2026-05-01 03:27:00,1777577220,40138.0,40139.0,40121.0,40132.0,85.0
2026-05-01 03:30:00,1777577400,40128.0,40155.0,40125.0,40152.0,202.0
2026-05-01 03:33:00,1777577580,40153.0,40184.0,40153.0,40171.0,340.0
2026-05-01 03:36:00,1777577760,40170.0,40182.0,40161.0,40175.0,225.0
2026-05-01 03:39:00,1777577940,40175.0,40194.0,40157.0,40169.0,350.0
2026-05-01 03:42:00,1777578120,40169.0,40173.0,40161.0,40171.0,99.0
2026-05-01 03:45:00,1777578300,40174.0,40202.0,40170.0,40195.0,347.0
2026-05-01 03:48:00,1777578480,40194.0,40223.0,40189.0,40195.0,377.0
2026-05-01 03:51:00,1777578660,40194.0,40220.0,40192.0,40215.0,269.0
2026-05-01 03:54:00,1777578840,40214.0,40232.0,40206.0,40209.0,381.0
2026-05-01 03:57:00,1777579020,40210.0,40234.0,40118.0,40118.0,449.0
2026-05-01 04:00:00,1777579200,40117.0,40177.0,40053.0,40108.0,2113.0
2026-05-01 04:03:00,1777579380,40111.0,40146.0,40100.0,40125.0,277.0
2026-05-01 04:06:00,1777579560,40128.0,40138.0,40106.0,40126.0,199.0
2026-05-01 04:09:00,1777579740,40126.0,40137.0,40123.0,40130.0,118.0
2026-05-01 04:12:00,1777579920,40131.0,40132.0,40117.0,40121.0,88.0
2026-05-01 04:15:00,1777580100,40128.0,40131.0,40109.0,40121.0,147.0
2026-05-01 04:18:00,1777580280,40121.0,40128.0,40112.0,40120.0,137.0
2026-05-01 04:21:00,1777580460,40124.0,40152.0,40124.0,40144.0,119.0
2026-05-01 04:24:00,1777580640,40145.0,40152.0,40123.0,40134.0,107.0
2026-05-01 04:27:00,1777580820,40130.0,40134.0,40123.0,40124.0,71.0
2026-05-01 04:30:00,1777581000,40122.0,40122.0,40085.0,40105.0,444.0
2026-05-01 04:33:00,1777581180,40106.0,40125.0,40095.0,40097.0,96.0
2026-05-01 04:36:00,1777581360,40096.0,40101.0,40091.0,40092.0,78.0
2026-05-01 04:39:00,1777581540,40091.0,40096.0,40062.0,40062.0,253.0
2026-05-01 04:42:00,1777581720,40062.0,40062.0,40020.0,40030.0,387.0
2026-05-01 04:45:00,1777581900,40034.0,40039.0,39968.0,40039.0,1067.0
2026-05-01 04:48:00,1777582080,40040.0,40044.0,40007.0,40014.0,202.0
2026-05-01 04:51:00,1777582260,40020.0,40026.0,40013.0,40018.0,86.0
2026-05-01 04:54:00,1777582440,40017.0,40055.0,40017.0,40055.0,205.0
2026-05-01 04:57:00,1777582620,40047.0,40099.0,40046.0,40094.0,376.0
2026-05-04 08:45:00,1777855500,40423.0,40448.0,40230.0,40257.0,6931.0
2026-05-04 08:48:00,1777855680,40262.0,40306.0,40243.0,40264.0,1783.0
2026-05-04 08:51:00,1777855860,40261.0,40330.0,40250.0,40324.0,1493.0
2026-05-04 08:54:00,1777856040,40324.0,40353.0,40290.0,40310.0,1660.0
2026-05-04 08:57:00,1777856220,40314.0,40364.0,40277.0,40279.0,1642.0
2026-05-04 09:00:00,1777856400,40277.0,40320.0,40164.0,40224.0,5352.0
2026-05-04 09:03:00,1777856580,40223.0,40279.0,40186.0,40279.0,2796.0
2026-05-04 09:06:00,1777856760,40277.0,40337.0,40242.0,40309.0,2710.0
2026-05-04 09:09:00,1777856940,40303.0,40492.0,40303.0,40489.0,4834.0
2026-05-04 09:12:00,1777857120,40488.0,40540.0,40452.0,40513.0,4165.0
2026-05-04 09:15:00,1777857300,40516.0,40565.0,40507.0,40531.0,3219.0
2026-05-04 09:18:00,1777857480,40530.0,40542.0,40406.0,40418.0,2901.0
2026-05-04 09:21:00,1777857660,40414.0,40486.0,40388.0,40425.0,2208.0
2026-05-04 09:24:00,1777857840,40428.0,40483.0,40412.0,40428.0,1331.0
2026-05-04 09:27:00,1777858020,40426.0,40452.0,40306.0,40338.0,3025.0
2026-05-04 09:30:00,1777858200,40339.0,40425.0,40287.0,40373.0,2390.0
2026-05-04 09:33:00,1777858380,40372.0,40389.0,40335.0,40381.0,1006.0
2026-05-04 09:36:00,1777858560,40382.0,40437.0,40375.0,40418.0,1325.0
2026-05-04 09:39:00,1777858740,40419.0,40535.0,40409.0,40534.0,2523.0
2026-05-04 09:42:00,1777858920,40535.0,40598.0,40509.0,40591.0,4022.0
2026-05-04 09:45:00,1777859100,40593.0,40637.0,40514.0,40565.0,3729.0
2026-05-04 09:48:00,1777859280,40566.0,40597.0,40536.0,40576.0,1134.0
2026-05-04 09:51:00,1777859460,40578.0,40629.0,40566.0,40605.0,1371.0
2026-05-04 09:54:00,1777859640,40600.0,40656.0,40582.0,40646.0,1701.0
2026-05-04 09:57:00,1777859820,40646.0,40660.0,40627.0,40636.0,931.0
2026-05-04 10:00:00,1777860000,40635.0,40649.0,40536.0,40608.0,2213.0
2026-05-04 10:03:00,1777860180,40605.0,40655.0,40583.0,40610.0,1196.0
2026-05-04 10:06:00,1777860360,40611.0,40668.0,40600.0,40600.0,1378.0
2026-05-04 10:09:00,1777860540,40601.0,40655.0,40580.0,40646.0,1190.0
2026-05-04 10:12:00,1777860720,40643.0,40695.0,40631.0,40689.0,1700.0
2026-05-04 10:15:00,1777860900,40690.0,40696.0,40622.0,40681.0,1694.0
2026-05-04 10:18:00,1777861080,40681.0,40703.0,40654.0,40693.0,1148.0
2026-05-04 10:21:00,1777861260,40694.0,40718.0,40655.0,40659.0,1082.0
2026-05-04 10:24:00,1777861440,40656.0,40730.0,40644.0,40724.0,1339.0
2026-05-04 10:27:00,1777861620,40725.0,40725.0,40684.0,40695.0,830.0
2026-05-04 10:30:00,1777861800,40696.0,40754.0,40688.0,40749.0,1367.0
2026-05-04 10:33:00,1777861980,40746.0,40793.0,40746.0,40789.0,1904.0
2026-05-04 10:36:00,1777862160,40789.0,40860.0,40764.0,40848.0,2408.0
2026-05-04 10:39:00,1777862340,40847.0,40905.0,40837.0,40885.0,1999.0
2026-05-04 10:42:00,1777862520,40886.0,40895.0,40846.0,40854.0,1202.0
2026-05-04 10:45:00,1777862700,40853.0,40930.0,40838.0,40886.0,2297.0
2026-05-04 10:48:00,1777862880,40887.0,40900.0,40850.0,40880.0,877.0
2026-05-04 10:51:00,1777863060,40882.0,40936.0,40881.0,40912.0,1137.0
2026-05-04 10:54:00,1777863240,40911.0,40951.0,40911.0,40932.0,1336.0
2026-05-04 10:57:00,1777863420,40932.0,40968.0,40921.0,40925.0,1119.0
2026-05-04 11:00:00,1777863600,40924.0,40939.0,40895.0,40926.0,1106.0
2026-05-04 11:03:00,1777863780,40925.0,40978.0,40922.0,40961.0,1114.0
2026-05-04 11:06:00,1777863960,40963.0,40990.0,40950.0,40984.0,975.0
2026-05-04 11:09:00,1777864140,40988.0,40991.0,40921.0,40928.0,913.0
2026-05-04 11:12:00,1777864320,40927.0,40953.0,40912.0,40937.0,547.0
2026-05-04 11:15:00,1777864500,40937.0,40941.0,40897.0,40910.0,805.0
2026-05-04 11:18:00,1777864680,40911.0,40919.0,40863.0,40891.0,951.0
2026-05-04 11:21:00,1777864860,40891.0,40913.0,40872.0,40898.0,724.0
2026-05-04 11:24:00,1777865040,40896.0,40908.0,40871.0,40895.0,445.0
2026-05-04 11:27:00,1777865220,40898.0,40914.0,40869.0,40884.0,440.0
2026-05-04 11:30:00,1777865400,40883.0,40909.0,40869.0,40891.0,585.0
2026-05-04 11:33:00,1777865580,40889.0,40905.0,40879.0,40896.0,323.0
2026-05-04 11:36:00,1777865760,40895.0,40909.0,40881.0,40903.0,279.0
2026-05-04 11:39:00,1777865940,40900.0,40925.0,40885.0,40903.0,561.0
2026-05-04 11:42:00,1777866120,40905.0,40950.0,40903.0,40942.0,714.0
2026-05-04 11:45:00,1777866300,40946.0,40959.0,40928.0,40936.0,710.0
2026-05-04 11:48:00,1777866480,40937.0,40965.0,40937.0,40956.0,558.0
2026-05-04 11:51:00,1777866660,40954.0,40979.0,40949.0,40969.0,689.0
2026-05-04 11:54:00,1777866840,40968.0,40974.0,40940.0,40951.0,511.0
2026-05-04 11:57:00,1777867020,40952.0,40993.0,40923.0,40949.0,1323.0
2026-05-04 12:00:00,1777867200,40950.0,40980.0,40937.0,40951.0,701.0
2026-05-04 12:03:00,1777867380,40949.0,40951.0,40920.0,40927.0,526.0
2026-05-04 12:06:00,1777867560,40927.0,40957.0,40911.0,40951.0,688.0
2026-05-04 12:09:00,1777867740,40953.0,40976.0,40943.0,40968.0,413.0
2026-05-04 12:12:00,1777867920,40968.0,40997.0,40956.0,40975.0,869.0
2026-05-04 12:15:00,1777868100,40974.0,40990.0,40969.0,40980.0,367.0
2026-05-04 12:18:00,1777868280,40978.0,40988.0,40959.0,40985.0,345.0
2026-05-04 12:21:00,1777868460,40983.0,40989.0,40963.0,40964.0,247.0
2026-05-04 12:24:00,1777868640,40963.0,40999.0,40955.0,40998.0,533.0
2026-05-04 12:27:00,1777868820,40998.0,40999.0,40964.0,40982.0,514.0
2026-05-04 12:30:00,1777869000,40980.0,40998.0,40966.0,40973.0,618.0
2026-05-04 12:33:00,1777869180,40975.0,41027.0,40971.0,41018.0,1153.0
2026-05-04 12:36:00,1777869360,41018.0,41024.0,40984.0,41012.0,720.0
2026-05-04 12:39:00,1777869540,41011.0,41025.0,41006.0,41013.0,467.0
2026-05-04 12:42:00,1777869720,41014.0,41024.0,41004.0,41017.0,312.0
2026-05-04 12:45:00,1777869900,41018.0,41021.0,41008.0,41008.0,323.0
2026-05-04 12:48:00,1777870080,41007.0,41008.0,40966.0,40985.0,905.0
2026-05-04 12:51:00,1777870260,40986.0,41006.0,40977.0,40995.0,375.0
2026-05-04 12:54:00,1777870440,40994.0,41003.0,40967.0,40991.0,489.0
2026-05-04 12:57:00,1777870620,40991.0,41006.0,40985.0,40994.0,296.0
2026-05-04 13:00:00,1777870800,40991.0,40997.0,40966.0,40985.0,611.0
2026-05-04 13:03:00,1777870980,40987.0,40987.0,40964.0,40984.0,370.0
2026-05-04 13:06:00,1777871160,40984.0,41015.0,40980.0,41010.0,575.0
2026-05-04 13:09:00,1777871340,41011.0,41017.0,40985.0,40986.0,409.0
2026-05-04 13:12:00,1777871520,40985.0,40996.0,40967.0,40979.0,450.0
2026-05-04 13:15:00,1777871700,40978.0,40990.0,40965.0,40978.0,449.0
2026-05-04 13:18:00,1777871880,40978.0,41021.0,40977.0,40995.0,649.0
2026-05-04 13:21:00,1777872060,40991.0,41000.0,40975.0,40988.0,536.0
2026-05-04 13:24:00,1777872240,40990.0,40999.0,40967.0,40981.0,1017.0
2026-05-04 13:27:00,1777872420,40980.0,40995.0,40971.0,40995.0,483.0
2026-05-04 13:30:00,1777872600,40993.0,41016.0,40984.0,40988.0,1415.0
2026-05-04 13:33:00,1777872780,40990.0,41002.0,40979.0,41001.0,512.0
2026-05-04 13:36:00,1777872960,40998.0,41000.0,40982.0,40984.0,520.0
2026-05-04 13:39:00,1777873140,40983.0,41038.0,40970.0,41032.0,1345.0
2026-05-04 13:42:00,1777873320,41037.0,41074.0,41027.0,41041.0,2079.0
2026-05-04 13:45:00,1777873500,41042.0,41042.0,41042.0,41042.0,3.0
2026-05-04 15:00:00,1777878000,40999.0,40999.0,40896.0,40971.0,2219.0
2026-05-04 15:03:00,1777878180,40970.0,41027.0,40956.0,41025.0,857.0
2026-05-04 15:06:00,1777878360,41022.0,41045.0,40996.0,41033.0,591.0
2026-05-04 15:09:00,1777878540,41029.0,41063.0,41021.0,41054.0,621.0
2026-05-04 15:12:00,1777878720,41055.0,41065.0,41047.0,41051.0,406.0
2026-05-04 15:15:00,1777878900,41048.0,41132.0,41047.0,41118.0,1540.0
2026-05-04 15:18:00,1777879080,41114.0,41166.0,41107.0,41138.0,1093.0
2026-05-04 15:21:00,1777879260,41142.0,41184.0,41138.0,41168.0,687.0
2026-05-04 15:24:00,1777879440,41168.0,41168.0,41132.0,41133.0,544.0
2026-05-04 15:27:00,1777879620,41135.0,41147.0,41110.0,41143.0,471.0
2026-05-04 15:30:00,1777879800,41144.0,41150.0,41079.0,41099.0,747.0
2026-05-04 15:33:00,1777879980,41095.0,41106.0,41085.0,41098.0,274.0
2026-05-04 15:36:00,1777880160,41098.0,41100.0,41078.0,41096.0,278.0
2026-05-04 15:39:00,1777880340,41096.0,41112.0,41088.0,41094.0,230.0
2026-05-04 15:42:00,1777880520,41094.0,41103.0,41078.0,41101.0,214.0
2026-05-04 15:45:00,1777880700,41097.0,41145.0,41097.0,41126.0,404.0
2026-05-04 15:48:00,1777880880,41124.0,41132.0,41102.0,41104.0,201.0
2026-05-04 15:51:00,1777881060,41104.0,41132.0,41093.0,41105.0,272.0
2026-05-04 15:54:00,1777881240,41100.0,41114.0,41083.0,41092.0,207.0
2026-05-04 15:57:00,1777881420,41094.0,41115.0,41078.0,41081.0,288.0
2026-05-04 16:00:00,1777881600,41082.0,41091.0,41055.0,41068.0,722.0
2026-05-04 16:03:00,1777881780,41069.0,41075.0,41016.0,41040.0,796.0
2026-05-04 16:06:00,1777881960,41039.0,41044.0,41009.0,41031.0,558.0
2026-05-04 16:09:00,1777882140,41033.0,41058.0,41020.0,41049.0,398.0
2026-05-04 16:12:00,1777882320,41050.0,41079.0,41044.0,41075.0,338.0
2026-05-04 16:15:00,1777882500,41075.0,41080.0,41045.0,41045.0,268.0
2026-05-04 16:18:00,1777882680,41045.0,41055.0,41041.0,41055.0,171.0
2026-05-04 16:21:00,1777882860,41055.0,41063.0,41044.0,41054.0,162.0
2026-05-04 16:24:00,1777883040,41056.0,41082.0,41054.0,41074.0,243.0
2026-05-04 16:27:00,1777883220,41074.0,41095.0,41070.0,41085.0,272.0
2026-05-04 16:30:00,1777883400,41084.0,41103.0,41083.0,41095.0,306.0
2026-05-04 16:33:00,1777883580,41096.0,41104.0,41084.0,41104.0,185.0
2026-05-04 16:36:00,1777883760,41103.0,41113.0,41092.0,41105.0,208.0
2026-05-04 16:39:00,1777883940,41106.0,41119.0,41105.0,41110.0,229.0
2026-05-04 16:42:00,1777884120,41110.0,41114.0,41094.0,41095.0,156.0
2026-05-04 16:45:00,1777884300,41095.0,41106.0,41094.0,41095.0,110.0
2026-05-04 16:48:00,1777884480,41095.0,41104.0,41090.0,41101.0,111.0
2026-05-04 16:51:00,1777884660,41100.0,41100.0,41079.0,41089.0,132.0
2026-05-04 16:54:00,1777884840,41091.0,41103.0,41083.0,41099.0,84.0
2026-05-04 16:57:00,1777885020,41099.0,41101.0,41083.0,41083.0,82.0
2026-05-04 17:00:00,1777885200,41082.0,41095.0,41069.0,41088.0,192.0
2026-05-04 17:03:00,1777885380,41090.0,41102.0,41084.0,41096.0,97.0
2026-05-04 17:06:00,1777885560,41096.0,41100.0,41085.0,41091.0,96.0
2026-05-04 17:09:00,1777885740,41091.0,41097.0,41084.0,41093.0,64.0
2026-05-04 17:12:00,1777885920,41094.0,41110.0,41092.0,41106.0,160.0
2026-05-04 17:15:00,1777886100,41103.0,41113.0,41093.0,41098.0,119.0
2026-05-04 17:18:00,1777886280,41098.0,41098.0,41085.0,41093.0,99.0
2026-05-04 17:21:00,1777886460,41093.0,41094.0,41058.0,41066.0,221.0
2026-05-04 17:24:00,1777886640,41066.0,41070.0,41044.0,41060.0,250.0
2026-05-04 17:27:00,1777886820,41060.0,41074.0,41052.0,41065.0,149.0
2026-05-04 17:30:00,1777887000,41063.0,41073.0,41054.0,41063.0,119.0
2026-05-04 17:33:00,1777887180,41059.0,41087.0,41048.0,41087.0,224.0
2026-05-04 17:36:00,1777887360,41087.0,41090.0,41076.0,41086.0,160.0
2026-05-04 17:39:00,1777887540,41086.0,41092.0,41066.0,41066.0,89.0
2026-05-04 17:42:00,1777887720,41065.0,41066.0,41057.0,41061.0,110.0
2026-05-04 17:45:00,1777887900,41058.0,41060.0,41049.0,41049.0,149.0
2026-05-04 17:48:00,1777888080,41049.0,41077.0,41046.0,41074.0,177.0
2026-05-04 17:51:00,1777888260,41075.0,41083.0,41065.0,41083.0,106.0
2026-05-04 17:54:00,1777888440,41084.0,41094.0,41076.0,41077.0,155.0
2026-05-04 17:57:00,1777888620,41076.0,41082.0,41040.0,41042.0,345.0
2026-05-04 18:00:00,1777888800,41047.0,41051.0,40928.0,40965.0,1925.0
2026-05-04 18:03:00,1777888980,40966.0,40966.0,40656.0,40685.0,6481.0
2026-05-04 18:06:00,1777889160,40686.0,40687.0,40600.0,40644.0,3330.0
2026-05-04 18:09:00,1777889340,40641.0,40685.0,40577.0,40651.0,2821.0
2026-05-04 18:12:00,1777889520,40652.0,40669.0,40600.0,40669.0,1300.0
2026-05-04 18:15:00,1777889700,40667.0,40689.0,40599.0,40622.0,1471.0
2026-05-04 18:18:00,1777889880,40627.0,40709.0,40559.0,40608.0,2609.0
2026-05-04 18:21:00,1777890060,40612.0,40630.0,40546.0,40629.0,1641.0
2026-05-04 18:24:00,1777890240,40630.0,40766.0,40630.0,40750.0,2107.0
2026-05-04 18:27:00,1777890420,40751.0,40763.0,40713.0,40749.0,898.0
2026-05-04 18:30:00,1777890600,40748.0,40895.0,40737.0,40802.0,2620.0
2026-05-04 18:33:00,1777890780,40798.0,40936.0,40796.0,40891.0,1831.0
2026-05-04 18:36:00,1777890960,40889.0,40915.0,40863.0,40865.0,966.0
2026-05-04 18:39:00,1777891140,40867.0,40895.0,40864.0,40877.0,583.0
2026-05-04 18:42:00,1777891320,40876.0,40885.0,40857.0,40869.0,362.0
2026-05-04 18:45:00,1777891500,40873.0,40882.0,40861.0,40864.0,326.0
2026-05-04 18:48:00,1777891680,40863.0,40939.0,40860.0,40931.0,994.0
2026-05-04 18:51:00,1777891860,40931.0,40961.0,40888.0,40904.0,876.0
2026-05-04 18:54:00,1777892040,40905.0,40929.0,40897.0,40899.0,380.0
2026-05-04 18:57:00,1777892220,40897.0,40913.0,40890.0,40902.0,351.0
2026-05-04 19:00:00,1777892400,40905.0,40975.0,40905.0,40931.0,1211.0
2026-05-04 19:03:00,1777892580,40931.0,40931.0,40888.0,40921.0,551.0
2026-05-04 19:06:00,1777892760,40917.0,40927.0,40891.0,40917.0,336.0
2026-05-04 19:09:00,1777892940,40914.0,40955.0,40908.0,40930.0,436.0
2026-05-04 19:12:00,1777893120,40930.0,40975.0,40929.0,40951.0,548.0
2026-05-04 19:15:00,1777893300,40952.0,40985.0,40951.0,40977.0,446.0
2026-05-04 19:18:00,1777893480,40975.0,40988.0,40955.0,40970.0,340.0
2026-05-04 19:21:00,1777893660,40969.0,40970.0,40950.0,40954.0,243.0
2026-05-04 19:24:00,1777893840,40955.0,40959.0,40934.0,40941.0,259.0
2026-05-04 19:27:00,1777894020,40942.0,40944.0,40932.0,40934.0,148.0
2026-05-04 19:30:00,1777894200,40934.0,40941.0,40915.0,40937.0,315.0
2026-05-04 19:33:00,1777894380,40937.0,40937.0,40896.0,40900.0,426.0
2026-05-04 19:36:00,1777894560,40900.0,40917.0,40885.0,40913.0,562.0
2026-05-04 19:39:00,1777894740,40911.0,40911.0,40826.0,40895.0,1674.0
2026-05-04 19:42:00,1777894920,40895.0,40917.0,40890.0,40897.0,348.0
2026-05-04 19:45:00,1777895100,40899.0,40899.0,40875.0,40889.0,316.0
2026-05-04 19:48:00,1777895280,40890.0,40903.0,40870.0,40903.0,231.0
2026-05-04 19:51:00,1777895460,40905.0,40937.0,40901.0,40925.0,460.0
2026-05-04 19:54:00,1777895640,40926.0,40954.0,40926.0,40944.0,496.0
2026-05-04 19:57:00,1777895820,40943.0,40958.0,40933.0,40935.0,238.0
2026-05-04 20:00:00,1777896000,40937.0,40981.0,40937.0,40966.0,610.0
2026-05-04 20:03:00,1777896180,40965.0,40973.0,40941.0,40952.0,232.0
2026-05-04 20:06:00,1777896360,40953.0,40963.0,40943.0,40949.0,184.0
2026-05-04 20:09:00,1777896540,40949.0,40962.0,40949.0,40962.0,107.0
2026-05-04 20:12:00,1777896720,40959.0,40967.0,40944.0,40947.0,189.0
2026-05-04 20:15:00,1777896900,40945.0,40998.0,40931.0,40985.0,1113.0
2026-05-04 20:18:00,1777897080,40985.0,41031.0,40985.0,41027.0,1055.0
2026-05-04 20:21:00,1777897260,41027.0,41044.0,41001.0,41010.0,572.0
2026-05-04 20:24:00,1777897440,41012.0,41037.0,41010.0,41010.0,328.0
2026-05-04 20:27:00,1777897620,41012.0,41029.0,41010.0,41011.0,158.0
2026-05-04 20:30:00,1777897800,41010.0,41015.0,40979.0,40979.0,400.0
2026-05-04 20:33:00,1777897980,40980.0,40984.0,40960.0,40964.0,351.0
2026-05-04 20:36:00,1777898160,40962.0,41003.0,40950.0,40992.0,433.0
2026-05-04 20:39:00,1777898340,40991.0,40995.0,40975.0,40982.0,184.0
2026-05-04 20:42:00,1777898520,40981.0,40988.0,40946.0,40964.0,270.0
2026-05-04 20:45:00,1777898700,40961.0,40964.0,40933.0,40934.0,325.0
2026-05-04 20:48:00,1777898880,40933.0,40953.0,40930.0,40944.0,272.0
2026-05-04 20:51:00,1777899060,40944.0,40949.0,40926.0,40926.0,139.0
2026-05-04 20:54:00,1777899240,40928.0,40943.0,40918.0,40940.0,276.0
2026-05-04 20:57:00,1777899420,40940.0,40966.0,40890.0,40911.0,732.0
2026-05-04 21:00:00,1777899600,40911.0,40911.0,40805.0,40859.0,2401.0
2026-05-04 21:03:00,1777899780,40860.0,40893.0,40834.0,40892.0,854.0
2026-05-04 21:06:00,1777899960,40890.0,40927.0,40890.0,40910.0,593.0
2026-05-04 21:09:00,1777900140,40916.0,40988.0,40900.0,40911.0,1507.0
2026-05-04 21:12:00,1777900320,40909.0,40917.0,40890.0,40897.0,263.0
2026-05-04 21:15:00,1777900500,40893.0,40914.0,40886.0,40912.0,245.0
2026-05-04 21:18:00,1777900680,40910.0,40912.0,40880.0,40887.0,179.0
2026-05-04 21:21:00,1777900860,40887.0,40891.0,40861.0,40886.0,376.0
2026-05-04 21:24:00,1777901040,40885.0,40898.0,40873.0,40880.0,213.0
2026-05-04 21:27:00,1777901220,40878.0,40926.0,40877.0,40926.0,254.0
2026-05-04 21:30:00,1777901400,40926.0,40957.0,40863.0,40889.0,1547.0
2026-05-04 21:33:00,1777901580,40888.0,40985.0,40888.0,40963.0,1272.0
2026-05-04 21:36:00,1777901760,40961.0,41010.0,40936.0,40955.0,1389.0
2026-05-04 21:39:00,1777901940,40958.0,41033.0,40947.0,41017.0,1046.0
2026-05-04 21:42:00,1777902120,41016.0,41048.0,40982.0,41015.0,1332.0
2026-05-04 21:45:00,1777902300,41011.0,41030.0,40990.0,40994.0,809.0
2026-05-04 21:48:00,1777902480,40992.0,41026.0,40954.0,40993.0,1057.0
2026-05-04 21:51:00,1777902660,40994.0,41012.0,40938.0,40997.0,857.0
2026-05-04 21:54:00,1777902840,40996.0,41008.0,40949.0,40999.0,755.0
2026-05-04 21:57:00,1777903020,40998.0,41023.0,40981.0,41022.0,683.0
2026-05-04 22:00:00,1777903200,41017.0,41050.0,41004.0,41038.0,1193.0
2026-05-04 22:03:00,1777903380,41040.0,41050.0,41012.0,41039.0,631.0
2026-05-04 22:06:00,1777903560,41039.0,41042.0,40962.0,41012.0,1203.0
2026-05-04 22:09:00,1777903740,41015.0,41047.0,40964.0,41043.0,978.0
2026-05-04 22:12:00,1777903920,41043.0,41085.0,41038.0,41042.0,1565.0
2026-05-04 22:15:00,1777904100,41041.0,41065.0,41021.0,41027.0,680.0
2026-05-04 22:18:00,1777904280,41029.0,41080.0,41013.0,41066.0,843.0
2026-05-04 22:21:00,1777904460,41069.0,41107.0,41069.0,41082.0,1160.0
2026-05-04 22:24:00,1777904640,41081.0,41087.0,41053.0,41066.0,580.0
2026-05-04 22:27:00,1777904820,41068.0,41076.0,40988.0,40996.0,1076.0
2026-05-04 22:30:00,1777905000,40994.0,41027.0,40975.0,41021.0,718.0
2026-05-04 22:33:00,1777905180,41019.0,41019.0,40979.0,41009.0,584.0
2026-05-04 22:36:00,1777905360,41003.0,41008.0,40978.0,41008.0,434.0
2026-05-04 22:39:00,1777905540,41007.0,41012.0,40976.0,41002.0,412.0
2026-05-04 22:42:00,1777905720,41002.0,41031.0,41001.0,41012.0,423.0
2026-05-04 22:45:00,1777905900,41018.0,41035.0,41008.0,41020.0,379.0
2026-05-04 22:48:00,1777906080,41018.0,41022.0,40975.0,40978.0,555.0
2026-05-04 22:51:00,1777906260,40977.0,40996.0,40951.0,40960.0,532.0
2026-05-04 22:54:00,1777906440,40961.0,40964.0,40905.0,40924.0,1340.0
2026-05-04 22:57:00,1777906620,40923.0,40933.0,40860.0,40877.0,1815.0
2026-05-04 23:00:00,1777906800,40877.0,40930.0,40821.0,40893.0,2207.0
2026-05-04 23:03:00,1777906980,40897.0,40900.0,40864.0,40899.0,670.0
2026-05-04 23:06:00,1777907160,40897.0,40907.0,40865.0,40871.0,532.0
2026-05-04 23:09:00,1777907340,40875.0,40903.0,40861.0,40889.0,435.0
2026-05-04 23:12:00,1777907520,40885.0,40893.0,40815.0,40838.0,982.0
2026-05-04 23:15:00,1777907700,40836.0,40872.0,40817.0,40830.0,903.0
2026-05-04 23:18:00,1777907880,40830.0,40830.0,40712.0,40736.0,2904.0
2026-05-04 23:21:00,1777908060,40734.0,40740.0,40644.0,40708.0,2885.0
2026-05-04 23:24:00,1777908240,40710.0,40776.0,40670.0,40763.0,1400.0
2026-05-04 23:27:00,1777908420,40764.0,40788.0,40750.0,40756.0,949.0
2026-05-04 23:30:00,1777908600,40760.0,40761.0,40681.0,40696.0,953.0
2026-05-04 23:33:00,1777908780,40695.0,40744.0,40683.0,40702.0,851.0
2026-05-04 23:36:00,1777908960,40701.0,40758.0,40683.0,40723.0,904.0
2026-05-04 23:39:00,1777909140,40733.0,40751.0,40669.0,40721.0,955.0
2026-05-04 23:42:00,1777909320,40723.0,40753.0,40711.0,40742.0,599.0
2026-05-04 23:45:00,1777909500,40739.0,40768.0,40734.0,40743.0,696.0
2026-05-04 23:48:00,1777909680,40735.0,40748.0,40698.0,40705.0,623.0
2026-05-04 23:51:00,1777909860,40704.0,40752.0,40659.0,40726.0,1594.0
2026-05-04 23:54:00,1777910040,40724.0,40753.0,40719.0,40732.0,578.0
2026-05-04 23:57:00,1777910220,40732.0,40745.0,40701.0,40704.0,413.0
2026-05-05 00:00:00,1777910400,40707.0,40721.0,40675.0,40709.0,887.0
2026-05-05 00:03:00,1777910580,40706.0,40711.0,40672.0,40697.0,413.0
2026-05-05 00:06:00,1777910760,40700.0,40707.0,40595.0,40634.0,2239.0
2026-05-05 00:09:00,1777910940,40636.0,40651.0,40593.0,40645.0,1234.0
2026-05-05 00:12:00,1777911120,40646.0,40649.0,40606.0,40611.0,551.0
2026-05-05 00:15:00,1777911300,40608.0,40675.0,40582.0,40645.0,1396.0
2026-05-05 00:18:00,1777911480,40650.0,40764.0,40650.0,40721.0,2079.0
2026-05-05 00:21:00,1777911660,40723.0,40743.0,40709.0,40718.0,653.0
2026-05-05 00:24:00,1777911840,40717.0,40755.0,40716.0,40735.0,568.0
2026-05-05 00:27:00,1777912020,40735.0,40737.0,40697.0,40715.0,416.0
2026-05-05 00:30:00,1777912200,40714.0,40733.0,40705.0,40718.0,275.0
2026-05-05 00:33:00,1777912380,40715.0,40757.0,40715.0,40722.0,531.0
2026-05-05 00:36:00,1777912560,40723.0,40734.0,40670.0,40700.0,599.0
2026-05-05 00:39:00,1777912740,40700.0,40700.0,40670.0,40685.0,364.0
2026-05-05 00:42:00,1777912920,40687.0,40704.0,40674.0,40680.0,265.0
2026-05-05 00:45:00,1777913100,40677.0,40696.0,40667.0,40683.0,234.0
2026-05-05 00:48:00,1777913280,40683.0,40702.0,40677.0,40696.0,207.0
2026-05-05 00:51:00,1777913460,40697.0,40697.0,40660.0,40676.0,344.0
2026-05-05 00:54:00,1777913640,40675.0,40698.0,40671.0,40684.0,159.0
2026-05-05 00:57:00,1777913820,40680.0,40693.0,40671.0,40685.0,100.0
2026-05-05 01:00:00,1777914000,40691.0,40748.0,40681.0,40735.0,784.0
2026-05-05 01:03:00,1777914180,40733.0,40788.0,40731.0,40768.0,865.0
2026-05-05 01:06:00,1777914360,40768.0,40785.0,40752.0,40758.0,298.0
2026-05-05 01:09:00,1777914540,40759.0,40766.0,40738.0,40749.0,305.0
2026-05-05 01:12:00,1777914720,40745.0,40751.0,40725.0,40749.0,174.0
2026-05-05 01:15:00,1777914900,40746.0,40809.0,40738.0,40776.0,666.0
2026-05-05 01:18:00,1777915080,40779.0,40842.0,40779.0,40815.0,877.0
2026-05-05 01:21:00,1777915260,40811.0,40835.0,40808.0,40822.0,237.0
2026-05-05 01:24:00,1777915440,40824.0,40835.0,40808.0,40810.0,201.0
2026-05-05 01:27:00,1777915620,40811.0,40845.0,40809.0,40831.0,220.0
2026-05-05 01:30:00,1777915800,40831.0,40846.0,40815.0,40815.0,273.0
2026-05-05 01:33:00,1777915980,40817.0,40829.0,40780.0,40782.0,344.0
2026-05-05 01:36:00,1777916160,40783.0,40790.0,40764.0,40773.0,169.0
2026-05-05 01:39:00,1777916340,40780.0,40790.0,40767.0,40767.0,144.0
2026-05-05 01:42:00,1777916520,40772.0,40799.0,40772.0,40791.0,111.0
2026-05-05 01:45:00,1777916700,40793.0,40796.0,40777.0,40783.0,94.0
2026-05-05 01:48:00,1777916880,40783.0,40795.0,40777.0,40790.0,74.0
2026-05-05 01:51:00,1777917060,40793.0,40806.0,40782.0,40784.0,129.0
2026-05-05 01:54:00,1777917240,40785.0,40792.0,40780.0,40784.0,71.0
2026-05-05 01:57:00,1777917420,40787.0,40794.0,40777.0,40777.0,104.0
2026-05-05 02:00:00,1777917600,40775.0,40784.0,40772.0,40780.0,146.0
2026-05-05 02:03:00,1777917780,40785.0,40799.0,40784.0,40792.0,77.0
2026-05-05 02:06:00,1777917960,40791.0,40794.0,40763.0,40777.0,139.0
2026-05-05 02:09:00,1777918140,40774.0,40776.0,40753.0,40768.0,160.0
2026-05-05 02:12:00,1777918320,40772.0,40778.0,40760.0,40764.0,64.0
2026-05-05 02:15:00,1777918500,40758.0,40764.0,40734.0,40758.0,269.0
2026-05-05 02:18:00,1777918680,40758.0,40758.0,40743.0,40752.0,74.0
2026-05-05 02:21:00,1777918860,40755.0,40755.0,40711.0,40721.0,190.0
2026-05-05 02:24:00,1777919040,40724.0,40730.0,40708.0,40711.0,162.0
2026-05-05 02:27:00,1777919220,40709.0,40744.0,40696.0,40738.0,251.0
2026-05-05 02:30:00,1777919400,40743.0,40745.0,40727.0,40738.0,85.0
2026-05-05 02:33:00,1777919580,40739.0,40754.0,40739.0,40742.0,109.0
2026-05-05 02:36:00,1777919760,40741.0,40747.0,40729.0,40731.0,79.0
2026-05-05 02:39:00,1777919940,40728.0,40746.0,40727.0,40731.0,59.0
2026-05-05 02:42:00,1777920120,40729.0,40730.0,40701.0,40704.0,93.0
2026-05-05 02:45:00,1777920300,40704.0,40716.0,40688.0,40716.0,156.0
2026-05-05 02:48:00,1777920480,40716.0,40732.0,40714.0,40718.0,73.0
2026-05-05 02:51:00,1777920660,40716.0,40730.0,40685.0,40699.0,194.0
2026-05-05 02:54:00,1777920840,40702.0,40729.0,40698.0,40728.0,70.0
2026-05-05 02:57:00,1777921020,40727.0,40749.0,40723.0,40741.0,105.0
2026-05-05 03:00:00,1777921200,40750.0,40757.0,40732.0,40737.0,113.0
2026-05-05 03:03:00,1777921380,40736.0,40772.0,40731.0,40769.0,92.0
2026-05-05 03:06:00,1777921560,40772.0,40803.0,40752.0,40769.0,334.0
2026-05-05 03:09:00,1777921740,40773.0,40786.0,40769.0,40772.0,112.0
2026-05-05 03:12:00,1777921920,40772.0,40782.0,40767.0,40779.0,44.0
2026-05-05 03:15:00,1777922100,40781.0,40792.0,40780.0,40787.0,104.0
2026-05-05 03:18:00,1777922280,40788.0,40789.0,40768.0,40776.0,43.0
2026-05-05 03:21:00,1777922460,40774.0,40780.0,40766.0,40774.0,32.0
2026-05-05 03:24:00,1777922640,40780.0,40786.0,40740.0,40760.0,108.0
2026-05-05 03:27:00,1777922820,40762.0,40782.0,40762.0,40774.0,29.0
2026-05-05 03:30:00,1777923000,40774.0,40813.0,40774.0,40807.0,178.0
2026-05-05 03:33:00,1777923180,40804.0,40808.0,40793.0,40806.0,71.0
2026-05-05 03:36:00,1777923360,40806.0,40809.0,40800.0,40800.0,52.0
2026-05-05 03:39:00,1777923540,40795.0,40800.0,40788.0,40788.0,42.0
2026-05-05 03:42:00,1777923720,40788.0,40800.0,40785.0,40796.0,55.0
2026-05-05 03:45:00,1777923900,40790.0,40797.0,40775.0,40797.0,97.0
2026-05-05 03:48:00,1777924080,40799.0,40816.0,40785.0,40790.0,152.0
2026-05-05 03:51:00,1777924260,40783.0,40789.0,40775.0,40780.0,91.0
2026-05-05 03:54:00,1777924440,40777.0,40780.0,40760.0,40776.0,76.0
2026-05-05 03:57:00,1777924620,40777.0,40808.0,40777.0,40788.0,97.0
2026-05-05 04:00:00,1777924800,40786.0,40786.0,40724.0,40740.0,417.0
2026-05-05 04:03:00,1777924980,40736.0,40745.0,40722.0,40739.0,193.0
2026-05-05 04:06:00,1777925160,40735.0,40744.0,40734.0,40740.0,36.0
2026-05-05 04:09:00,1777925340,40744.0,40744.0,40720.0,40721.0,48.0
2026-05-05 04:12:00,1777925520,40725.0,40746.0,40713.0,40741.0,62.0
2026-05-05 04:15:00,1777925700,40737.0,40753.0,40734.0,40743.0,35.0
2026-05-05 04:18:00,1777925880,40743.0,40743.0,40730.0,40735.0,39.0
2026-05-05 04:21:00,1777926060,40735.0,40740.0,40733.0,40734.0,40.0
2026-05-05 04:24:00,1777926240,40732.0,40733.0,40727.0,40729.0,17.0
2026-05-05 04:27:00,1777926420,40741.0,40746.0,40736.0,40742.0,27.0
2026-05-05 04:30:00,1777926600,40745.0,40753.0,40740.0,40753.0,51.0
2026-05-05 04:33:00,1777926780,40754.0,40760.0,40745.0,40748.0,69.0
2026-05-05 04:36:00,1777926960,40746.0,40753.0,40746.0,40750.0,30.0
2026-05-05 04:39:00,1777927140,40749.0,40756.0,40745.0,40745.0,53.0
2026-05-05 04:42:00,1777927320,40744.0,40755.0,40743.0,40752.0,39.0
2026-05-05 04:45:00,1777927500,40752.0,40760.0,40745.0,40750.0,73.0
2026-05-05 04:48:00,1777927680,40751.0,40752.0,40740.0,40741.0,57.0
2026-05-05 04:51:00,1777927860,40741.0,40759.0,40740.0,40756.0,113.0
2026-05-05 04:54:00,1777928040,40754.0,40761.0,40751.0,40758.0,58.0
2026-05-05 04:57:00,1777928220,40760.0,40800.0,40760.0,40799.0,167.0
2026-05-05 08:45:00,1777941900,40943.0,40949.0,40855.0,40863.0,4079.0
2026-05-05 08:48:00,1777942080,40865.0,40898.0,40843.0,40880.0,1350.0
2026-05-05 08:51:00,1777942260,40881.0,40908.0,40873.0,40898.0,811.0
2026-05-05 08:54:00,1777942440,40897.0,40916.0,40856.0,40860.0,945.0
2026-05-05 08:57:00,1777942620,40858.0,40928.0,40858.0,40902.0,1011.0
2026-05-05 09:00:00,1777942800,40899.0,41032.0,40889.0,41004.0,4721.0
2026-05-05 09:03:00,1777942980,41006.0,41091.0,40998.0,41014.0,3508.0
2026-05-05 09:06:00,1777943160,41014.0,41062.0,40974.0,41002.0,2120.0
2026-05-05 09:09:00,1777943340,41002.0,41024.0,40957.0,40996.0,1936.0
2026-05-05 09:12:00,1777943520,40998.0,41062.0,40988.0,40999.0,1756.0
2026-05-05 09:15:00,1777943700,40996.0,41068.0,40992.0,41024.0,1572.0
2026-05-05 09:18:00,1777943880,41024.0,41072.0,40985.0,41020.0,1361.0
2026-05-05 09:21:00,1777944060,41015.0,41039.0,40977.0,41004.0,1139.0
2026-05-05 09:24:00,1777944240,41002.0,41028.0,40966.0,40968.0,1282.0
2026-05-05 09:27:00,1777944420,40968.0,40978.0,40858.0,40867.0,3417.0
2026-05-05 09:30:00,1777944600,40866.0,40890.0,40806.0,40883.0,3831.0
2026-05-05 09:33:00,1777944780,40887.0,40948.0,40869.0,40930.0,2438.0
2026-05-05 09:36:00,1777944960,40931.0,40985.0,40925.0,40956.0,1686.0
2026-05-05 09:39:00,1777945140,40960.0,40967.0,40860.0,40890.0,1769.0
2026-05-05 09:42:00,1777945320,40892.0,40892.0,40826.0,40838.0,1376.0
2026-05-05 09:45:00,1777945500,40844.0,40864.0,40802.0,40855.0,1967.0
2026-05-05 09:48:00,1777945680,40853.0,40860.0,40803.0,40855.0,1016.0
2026-05-05 09:51:00,1777945860,40857.0,40902.0,40834.0,40900.0,1609.0
2026-05-05 09:54:00,1777946040,40898.0,40905.0,40807.0,40811.0,1597.0
2026-05-05 09:57:00,1777946220,40813.0,40853.0,40810.0,40839.0,763.0
2026-05-05 10:00:00,1777946400,40844.0,40854.0,40799.0,40832.0,1257.0
2026-05-05 10:03:00,1777946580,40828.0,40871.0,40817.0,40856.0,1134.0
2026-05-05 10:06:00,1777946760,40857.0,40868.0,40830.0,40844.0,519.0
2026-05-05 10:09:00,1777946940,40844.0,40894.0,40838.0,40875.0,916.0
2026-05-05 10:12:00,1777947120,40874.0,40898.0,40858.0,40872.0,683.0
2026-05-05 10:15:00,1777947300,40876.0,40911.0,40863.0,40899.0,956.0
2026-05-05 10:18:00,1777947480,40900.0,40920.0,40852.0,40875.0,1072.0
2026-05-05 10:21:00,1777947660,40876.0,40949.0,40863.0,40917.0,1106.0
2026-05-05 10:24:00,1777947840,40918.0,40943.0,40907.0,40943.0,793.0
2026-05-05 10:27:00,1777948020,40943.0,40961.0,40915.0,40924.0,937.0
2026-05-05 10:30:00,1777948200,40928.0,40946.0,40914.0,40934.0,548.0
2026-05-05 10:33:00,1777948380,40935.0,40938.0,40891.0,40910.0,777.0
2026-05-05 10:36:00,1777948560,40910.0,40935.0,40880.0,40929.0,722.0
2026-05-05 10:39:00,1777948740,40930.0,40935.0,40908.0,40915.0,330.0
2026-05-05 10:42:00,1777948920,40915.0,40923.0,40875.0,40884.0,602.0
2026-05-05 10:45:00,1777949100,40884.0,40891.0,40825.0,40851.0,1329.0
2026-05-05 10:48:00,1777949280,40850.0,40868.0,40816.0,40850.0,907.0
2026-05-05 10:51:00,1777949460,40851.0,40874.0,40819.0,40826.0,757.0
2026-05-05 10:54:00,1777949640,40826.0,40836.0,40806.0,40823.0,739.0
2026-05-05 10:57:00,1777949820,40828.0,40838.0,40796.0,40825.0,930.0
2026-05-05 11:00:00,1777950000,40827.0,40849.0,40808.0,40847.0,755.0
2026-05-05 11:03:00,1777950180,40843.0,40853.0,40826.0,40838.0,383.0
2026-05-05 11:06:00,1777950360,40839.0,40866.0,40827.0,40858.0,498.0
2026-05-05 11:09:00,1777950540,40860.0,40874.0,40853.0,40868.0,414.0
2026-05-05 11:12:00,1777950720,40870.0,40895.0,40863.0,40891.0,633.0
2026-05-05 11:15:00,1777950900,40891.0,40904.0,40878.0,40903.0,613.0
2026-05-05 11:18:00,1777951080,40901.0,40941.0,40897.0,40941.0,1045.0
2026-05-05 11:21:00,1777951260,40941.0,40946.0,40916.0,40927.0,651.0
2026-05-05 11:24:00,1777951440,40935.0,40982.0,40929.0,40971.0,986.0
2026-05-05 11:27:00,1777951620,40970.0,41011.0,40965.0,41011.0,1345.0
2026-05-05 11:30:00,1777951800,41008.0,41030.0,40997.0,41027.0,962.0
2026-05-05 11:33:00,1777951980,41027.0,41065.0,40980.0,40983.0,1814.0
2026-05-05 11:36:00,1777952160,40985.0,41037.0,40982.0,41028.0,828.0
2026-05-05 11:39:00,1777952340,41028.0,41035.0,41001.0,41007.0,567.0
2026-05-05 11:42:00,1777952520,41011.0,41014.0,40952.0,40959.0,1020.0
2026-05-05 11:45:00,1777952700,40959.0,40992.0,40921.0,40990.0,1109.0
2026-05-05 11:48:00,1777952880,40989.0,41008.0,40982.0,40982.0,388.0
2026-05-05 11:51:00,1777953060,40982.0,40997.0,40974.0,40993.0,243.0
2026-05-05 11:54:00,1777953240,40993.0,41005.0,40992.0,40995.0,253.0
2026-05-05 11:57:00,1777953420,40996.0,41003.0,40972.0,40985.0,361.0
2026-05-05 12:00:00,1777953600,40984.0,41022.0,40982.0,41018.0,601.0
2026-05-05 12:03:00,1777953780,41018.0,41033.0,41003.0,41008.0,511.0
2026-05-05 12:06:00,1777953960,41008.0,41022.0,40993.0,40998.0,258.0
2026-05-05 12:09:00,1777954140,41001.0,41003.0,40985.0,40994.0,195.0
2026-05-05 12:12:00,1777954320,40994.0,41000.0,40968.0,40979.0,318.0
2026-05-05 12:15:00,1777954500,40976.0,41005.0,40965.0,40999.0,666.0
2026-05-05 12:18:00,1777954680,40999.0,41048.0,40998.0,41038.0,797.0
2026-05-05 12:21:00,1777954860,41040.0,41052.0,41023.0,41045.0,609.0
2026-05-05 12:24:00,1777955040,41044.0,41073.0,41040.0,41045.0,895.0
2026-05-05 12:27:00,1777955220,41048.0,41060.0,41037.0,41057.0,386.0
2026-05-05 12:30:00,1777955400,41054.0,41065.0,41030.0,41033.0,579.0
2026-05-05 12:33:00,1777955580,41033.0,41060.0,41031.0,41032.0,320.0
2026-05-05 12:36:00,1777955760,41031.0,41075.0,41028.0,41070.0,583.0
2026-05-05 12:39:00,1777955940,41071.0,41072.0,41050.0,41055.0,274.0
2026-05-05 12:42:00,1777956120,41053.0,41057.0,41011.0,41024.0,545.0
2026-05-05 12:45:00,1777956300,41024.0,41047.0,41009.0,41045.0,468.0
2026-05-05 12:48:00,1777956480,41045.0,41064.0,41042.0,41053.0,510.0
2026-05-05 12:51:00,1777956660,41052.0,41060.0,41044.0,41052.0,200.0
2026-05-05 12:54:00,1777956840,41051.0,41056.0,41003.0,41019.0,609.0
2026-05-05 12:57:00,1777957020,41015.0,41023.0,40986.0,40991.0,663.0
2026-05-05 13:00:00,1777957200,40993.0,41034.0,40981.0,41028.0,668.0
2026-05-05 13:03:00,1777957380,41031.0,41044.0,41020.0,41022.0,375.0
2026-05-05 13:06:00,1777957560,41023.0,41043.0,41001.0,41040.0,541.0
2026-05-05 13:09:00,1777957740,41041.0,41058.0,41033.0,41043.0,426.0
2026-05-05 13:12:00,1777957920,41043.0,41063.0,41043.0,41050.0,381.0
2026-05-05 13:15:00,1777958100,41052.0,41056.0,41032.0,41037.0,405.0
2026-05-05 13:18:00,1777958280,41036.0,41044.0,41017.0,41033.0,484.0
2026-05-05 13:21:00,1777958460,41034.0,41045.0,41028.0,41035.0,222.0
2026-05-05 13:24:00,1777958640,41038.0,41060.0,41016.0,41017.0,698.0
2026-05-05 13:27:00,1777958820,41017.0,41021.0,40992.0,40997.0,802.0
2026-05-05 13:30:00,1777959000,40998.0,41007.0,40961.0,40964.0,1224.0
2026-05-05 13:33:00,1777959180,40964.0,40995.0,40961.0,40992.0,596.0
2026-05-05 13:36:00,1777959360,40987.0,40994.0,40968.0,40977.0,341.0
2026-05-05 13:39:00,1777959540,40979.0,41019.0,40963.0,41019.0,766.0
2026-05-05 13:42:00,1777959720,41018.0,41049.0,41010.0,41036.0,1056.0
2026-05-05 15:00:00,1777964400,41075.0,41180.0,41071.0,41156.0,3099.0
2026-05-05 15:03:00,1777964580,41155.0,41175.0,41127.0,41147.0,855.0
2026-05-05 15:06:00,1777964760,41146.0,41153.0,41115.0,41131.0,542.0
2026-05-05 15:09:00,1777964940,41128.0,41145.0,41099.0,41110.0,571.0
2026-05-05 15:12:00,1777965120,41112.0,41140.0,41110.0,41124.0,273.0
2026-05-05 15:15:00,1777965300,41123.0,41137.0,41114.0,41128.0,271.0
2026-05-05 15:18:00,1777965480,41127.0,41145.0,41117.0,41136.0,308.0
2026-05-05 15:21:00,1777965660,41135.0,41138.0,41112.0,41113.0,216.0
2026-05-05 15:24:00,1777965840,41113.0,41114.0,41088.0,41112.0,477.0
2026-05-05 15:27:00,1777966020,41113.0,41114.0,41085.0,41093.0,269.0
2026-05-05 15:30:00,1777966200,41093.0,41104.0,41072.0,41103.0,470.0
2026-05-05 15:33:00,1777966380,41104.0,41112.0,41087.0,41108.0,205.0
2026-05-05 15:36:00,1777966560,41110.0,41146.0,41109.0,41143.0,696.0
2026-05-05 15:39:00,1777966740,41145.0,41194.0,41144.0,41171.0,1590.0
2026-05-05 15:42:00,1777966920,41168.0,41183.0,41130.0,41132.0,582.0
2026-05-05 15:45:00,1777967100,41130.0,41132.0,41095.0,41108.0,714.0
2026-05-05 15:48:00,1777967280,41111.0,41111.0,41068.0,41075.0,680.0
2026-05-05 15:51:00,1777967460,41075.0,41088.0,41072.0,41086.0,358.0
2026-05-05 15:54:00,1777967640,41085.0,41085.0,41014.0,41034.0,1257.0
2026-05-05 15:57:00,1777967820,41031.0,41047.0,41028.0,41042.0,336.0
2026-05-05 16:00:00,1777968000,41043.0,41062.0,41027.0,41058.0,573.0
2026-05-05 16:03:00,1777968180,41059.0,41094.0,41059.0,41084.0,518.0
2026-05-05 16:06:00,1777968360,41089.0,41104.0,41075.0,41102.0,290.0
2026-05-05 16:09:00,1777968540,41101.0,41117.0,41090.0,41110.0,381.0
2026-05-05 16:12:00,1777968720,41108.0,41142.0,41108.0,41131.0,527.0
2026-05-05 16:15:00,1777968900,41130.0,41147.0,41127.0,41137.0,493.0
2026-05-05 16:18:00,1777969080,41137.0,41156.0,41133.0,41151.0,400.0
2026-05-05 16:21:00,1777969260,41149.0,41168.0,41138.0,41138.0,468.0
2026-05-05 16:24:00,1777969440,41138.0,41165.0,41132.0,41143.0,340.0
2026-05-05 16:27:00,1777969620,41144.0,41153.0,41133.0,41138.0,265.0
2026-05-05 16:30:00,1777969800,41134.0,41140.0,41121.0,41138.0,366.0
2026-05-05 16:33:00,1777969980,41135.0,41155.0,41132.0,41151.0,206.0
2026-05-05 16:36:00,1777970160,41152.0,41158.0,41137.0,41139.0,185.0
2026-05-05 16:39:00,1777970340,41139.0,41145.0,41121.0,41136.0,192.0
2026-05-05 16:42:00,1777970520,41135.0,41138.0,41115.0,41129.0,192.0
2026-05-05 16:45:00,1777970700,41125.0,41143.0,41121.0,41138.0,281.0
2026-05-05 16:48:00,1777970880,41135.0,41142.0,41128.0,41130.0,86.0
2026-05-05 16:51:00,1777971060,41132.0,41155.0,41131.0,41148.0,185.0
2026-05-05 16:54:00,1777971240,41148.0,41150.0,41136.0,41139.0,110.0
2026-05-05 16:57:00,1777971420,41140.0,41158.0,41137.0,41152.0,165.0
2026-05-05 17:00:00,1777971600,41152.0,41164.0,41125.0,41126.0,409.0
2026-05-05 17:03:00,1777971780,41125.0,41133.0,41114.0,41117.0,296.0
2026-05-05 17:06:00,1777971960,41115.0,41138.0,41104.0,41134.0,290.0
2026-05-05 17:09:00,1777972140,41133.0,41140.0,41114.0,41116.0,159.0
2026-05-05 17:12:00,1777972320,41116.0,41129.0,41106.0,41109.0,186.0
2026-05-05 17:15:00,1777972500,41109.0,41121.0,41093.0,41110.0,322.0
2026-05-05 17:18:00,1777972680,41106.0,41106.0,41089.0,41101.0,215.0
2026-05-05 17:21:00,1777972860,41100.0,41114.0,41095.0,41107.0,140.0
2026-05-05 17:24:00,1777973040,41107.0,41117.0,41106.0,41108.0,104.0
2026-05-05 17:27:00,1777973220,41111.0,41112.0,41080.0,41080.0,291.0
2026-05-05 17:30:00,1777973400,41080.0,41116.0,41075.0,41105.0,338.0
2026-05-05 17:33:00,1777973580,41105.0,41105.0,41081.0,41085.0,177.0
2026-05-05 17:36:00,1777973760,41086.0,41098.0,41077.0,41097.0,185.0
2026-05-05 17:39:00,1777973940,41098.0,41119.0,41098.0,41115.0,244.0
2026-05-05 17:42:00,1777974120,41114.0,41119.0,41101.0,41102.0,107.0
2026-05-05 17:45:00,1777974300,41104.0,41134.0,41103.0,41131.0,277.0
2026-05-05 17:48:00,1777974480,41133.0,41134.0,41103.0,41105.0,183.0
2026-05-05 17:51:00,1777974660,41102.0,41106.0,41090.0,41094.0,153.0
2026-05-05 17:54:00,1777974840,41093.0,41099.0,41091.0,41095.0,81.0
2026-05-05 17:57:00,1777975020,41096.0,41096.0,41077.0,41088.0,210.0
2026-05-05 18:00:00,1777975200,41088.0,41098.0,41085.0,41091.0,127.0
2026-05-05 18:03:00,1777975380,41090.0,41091.0,41080.0,41080.0,120.0
2026-05-05 18:06:00,1777975560,41079.0,41095.0,41076.0,41086.0,176.0
2026-05-05 18:09:00,1777975740,41086.0,41100.0,41082.0,41098.0,114.0
2026-05-05 18:12:00,1777975920,41099.0,41116.0,41097.0,41098.0,173.0
2026-05-05 18:15:00,1777976100,41097.0,41107.0,41094.0,41098.0,68.0
2026-05-05 18:18:00,1777976280,41095.0,41096.0,41084.0,41091.0,112.0
2026-05-05 18:21:00,1777976460,41092.0,41102.0,41089.0,41090.0,45.0
2026-05-05 18:24:00,1777976640,41090.0,41100.0,41083.0,41098.0,73.0
2026-05-05 18:27:00,1777976820,41099.0,41107.0,41096.0,41099.0,73.0
2026-05-05 18:30:00,1777977000,41099.0,41105.0,41089.0,41089.0,97.0
2026-05-05 18:33:00,1777977180,41088.0,41150.0,41087.0,41134.0,718.0
2026-05-05 18:36:00,1777977360,41133.0,41160.0,41126.0,41147.0,441.0
2026-05-05 18:39:00,1777977540,41145.0,41150.0,41121.0,41122.0,224.0
2026-05-05 18:42:00,1777977720,41120.0,41127.0,41092.0,41097.0,309.0
2026-05-05 18:45:00,1777977900,41097.0,41100.0,41077.0,41084.0,388.0
2026-05-05 18:48:00,1777978080,41084.0,41087.0,41061.0,41070.0,485.0
2026-05-05 18:51:00,1777978260,41070.0,41083.0,41062.0,41083.0,180.0
2026-05-05 18:54:00,1777978440,41080.0,41087.0,41077.0,41086.0,110.0
2026-05-05 18:57:00,1777978620,41087.0,41089.0,41066.0,41069.0,173.0
2026-05-05 19:00:00,1777978800,41070.0,41084.0,41007.0,41036.0,1483.0
2026-05-05 19:03:00,1777978980,41035.0,41035.0,40982.0,41018.0,1178.0
2026-05-05 19:06:00,1777979160,41017.0,41040.0,41004.0,41033.0,449.0
2026-05-05 19:09:00,1777979340,41031.0,41044.0,41027.0,41039.0,248.0
2026-05-05 19:12:00,1777979520,41040.0,41042.0,41011.0,41016.0,240.0
2026-05-05 19:15:00,1777979700,41015.0,41031.0,40974.0,40981.0,630.0
2026-05-05 19:18:00,1777979880,40983.0,40983.0,40960.0,40969.0,777.0
2026-05-05 19:21:00,1777980060,40967.0,40993.0,40966.0,40986.0,283.0
2026-05-05 19:24:00,1777980240,40988.0,41001.0,40979.0,40997.0,298.0
2026-05-05 19:27:00,1777980420,40997.0,41039.0,40994.0,41023.0,694.0
2026-05-05 19:30:00,1777980600,41020.0,41049.0,41017.0,41048.0,353.0
2026-05-05 19:33:00,1777980780,41048.0,41060.0,41026.0,41058.0,388.0
2026-05-05 19:36:00,1777980960,41058.0,41060.0,41042.0,41048.0,241.0
2026-05-05 19:39:00,1777981140,41048.0,41056.0,41040.0,41049.0,187.0
2026-05-05 19:42:00,1777981320,41051.0,41060.0,41042.0,41042.0,129.0
2026-05-05 19:45:00,1777981500,41043.0,41065.0,41043.0,41059.0,299.0
2026-05-05 19:48:00,1777981680,41060.0,41063.0,41045.0,41045.0,161.0
2026-05-05 19:51:00,1777981860,41045.0,41065.0,41045.0,41060.0,232.0
2026-05-05 19:54:00,1777982040,41060.0,41078.0,41058.0,41075.0,240.0
2026-05-05 19:57:00,1777982220,41076.0,41091.0,41074.0,41087.0,334.0
2026-05-05 20:00:00,1777982400,41086.0,41087.0,41051.0,41063.0,395.0
2026-05-05 20:03:00,1777982580,41063.0,41069.0,41048.0,41067.0,206.0
2026-05-05 20:06:00,1777982760,41067.0,41125.0,41067.0,41107.0,890.0
2026-05-05 20:09:00,1777982940,41106.0,41168.0,41104.0,41149.0,1066.0
2026-05-05 20:12:00,1777983120,41153.0,41170.0,41138.0,41159.0,910.0
2026-05-05 20:15:00,1777983300,41158.0,41238.0,41158.0,41203.0,2918.0
2026-05-05 20:18:00,1777983480,41201.0,41220.0,41200.0,41207.0,635.0
2026-05-05 20:21:00,1777983660,41207.0,41264.0,41205.0,41255.0,1714.0
2026-05-05 20:24:00,1777983840,41255.0,41279.0,41252.0,41276.0,984.0
2026-05-05 20:27:00,1777984020,41275.0,41281.0,41259.0,41265.0,635.0
2026-05-05 20:30:00,1777984200,41266.0,41283.0,41251.0,41251.0,839.0
2026-05-05 20:33:00,1777984380,41251.0,41268.0,41242.0,41242.0,432.0
2026-05-05 20:36:00,1777984560,41244.0,41248.0,41225.0,41228.0,548.0
2026-05-05 20:39:00,1777984740,41229.0,41241.0,41224.0,41237.0,384.0
2026-05-05 20:42:00,1777984920,41238.0,41252.0,41235.0,41238.0,315.0
2026-05-05 20:45:00,1777985100,41235.0,41239.0,41218.0,41232.0,373.0
2026-05-05 20:48:00,1777985280,41232.0,41235.0,41219.0,41226.0,230.0
2026-05-05 20:51:00,1777985460,41229.0,41238.0,41223.0,41238.0,168.0
2026-05-05 20:54:00,1777985640,41238.0,41249.0,41237.0,41249.0,276.0
2026-05-05 20:57:00,1777985820,41247.0,41250.0,41240.0,41241.0,174.0
2026-05-05 21:00:00,1777986000,41240.0,41269.0,41236.0,41268.0,635.0
2026-05-05 21:03:00,1777986180,41269.0,41311.0,41263.0,41308.0,1228.0
2026-05-05 21:06:00,1777986360,41309.0,41344.0,41305.0,41340.0,867.0
2026-05-05 21:09:00,1777986540,41341.0,41348.0,41330.0,41331.0,756.0
2026-05-05 21:12:00,1777986720,41333.0,41337.0,41322.0,41325.0,460.0
2026-05-05 21:15:00,1777986900,41326.0,41330.0,41317.0,41322.0,311.0
2026-05-05 21:18:00,1777987080,41322.0,41329.0,41308.0,41325.0,368.0
2026-05-05 21:21:00,1777987260,41323.0,41325.0,41296.0,41296.0,418.0
2026-05-05 21:24:00,1777987440,41296.0,41312.0,41289.0,41305.0,343.0
2026-05-05 21:27:00,1777987620,41305.0,41327.0,41305.0,41327.0,316.0
2026-05-05 21:30:00,1777987800,41328.0,41363.0,41266.0,41287.0,2455.0
2026-05-05 21:33:00,1777987980,41290.0,41323.0,41286.0,41309.0,908.0
2026-05-05 21:36:00,1777988160,41310.0,41374.0,41304.0,41344.0,1831.0
2026-05-05 21:39:00,1777988340,41342.0,41358.0,41324.0,41336.0,857.0
2026-05-05 21:42:00,1777988520,41338.0,41365.0,41320.0,41362.0,759.0
2026-05-05 21:45:00,1777988700,41364.0,41393.0,41359.0,41385.0,1512.0
2026-05-05 21:48:00,1777988880,41386.0,41411.0,41354.0,41401.0,1526.0
2026-05-05 21:51:00,1777989060,41400.0,41475.0,41398.0,41461.0,2383.0
2026-05-05 21:54:00,1777989240,41460.0,41470.0,41433.0,41464.0,1140.0
2026-05-05 21:57:00,1777989420,41461.0,41477.0,41448.0,41451.0,699.0
2026-05-05 22:00:00,1777989600,41453.0,41488.0,41416.0,41451.0,2028.0
2026-05-05 22:03:00,1777989780,41449.0,41463.0,41426.0,41427.0,809.0
2026-05-05 22:06:00,1777989960,41427.0,41466.0,41425.0,41439.0,733.0
2026-05-05 22:09:00,1777990140,41438.0,41454.0,41406.0,41418.0,833.0
2026-05-05 22:12:00,1777990320,41420.0,41442.0,41348.0,41368.0,2483.0
2026-05-05 22:15:00,1777990500,41369.0,41369.0,41275.0,41345.0,3747.0
2026-05-05 22:18:00,1777990680,41345.0,41348.0,41251.0,41307.0,2350.0
2026-05-05 22:21:00,1777990860,41306.0,41382.0,41296.0,41366.0,1647.0
2026-05-05 22:24:00,1777991040,41365.0,41420.0,41361.0,41405.0,1333.0
2026-05-05 22:27:00,1777991220,41405.0,41449.0,41400.0,41414.0,1012.0
2026-05-05 22:30:00,1777991400,41417.0,41438.0,41396.0,41425.0,941.0
2026-05-05 22:33:00,1777991580,41428.0,41430.0,41400.0,41411.0,431.0
2026-05-05 22:36:00,1777991760,41410.0,41423.0,41348.0,41357.0,1083.0
2026-05-05 22:39:00,1777991940,41358.0,41372.0,41338.0,41364.0,728.0
2026-05-05 22:42:00,1777992120,41364.0,41379.0,41322.0,41328.0,807.0
2026-05-05 22:45:00,1777992300,41326.0,41359.0,41297.0,41306.0,957.0
2026-05-05 22:48:00,1777992480,41305.0,41348.0,41294.0,41335.0,830.0
2026-05-05 22:51:00,1777992660,41333.0,41364.0,41329.0,41359.0,536.0
2026-05-05 22:54:00,1777992840,41361.0,41388.0,41361.0,41385.0,721.0
2026-05-05 22:57:00,1777993020,41385.0,41397.0,41371.0,41380.0,467.0
2026-05-05 23:00:00,1777993200,41381.0,41407.0,41374.0,41404.0,687.0
2026-05-05 23:03:00,1777993380,41405.0,41455.0,41403.0,41444.0,1249.0
2026-05-05 23:06:00,1777993560,41445.0,41468.0,41415.0,41421.0,1074.0
2026-05-05 23:09:00,1777993740,41421.0,41436.0,41407.0,41434.0,494.0
2026-05-05 23:12:00,1777993920,41433.0,41438.0,41411.0,41428.0,335.0
2026-05-05 23:15:00,1777994100,41424.0,41449.0,41424.0,41445.0,400.0
2026-05-05 23:18:00,1777994280,41445.0,41446.0,41419.0,41419.0,328.0
2026-05-05 23:21:00,1777994460,41420.0,41442.0,41420.0,41441.0,284.0
2026-05-05 23:24:00,1777994640,41442.0,41463.0,41423.0,41455.0,443.0
2026-05-05 23:27:00,1777994820,41455.0,41465.0,41435.0,41447.0,469.0
2026-05-05 23:30:00,1777995000,41448.0,41462.0,41439.0,41445.0,371.0
2026-05-05 23:33:00,1777995180,41441.0,41450.0,41411.0,41431.0,609.0
2026-05-05 23:36:00,1777995360,41432.0,41448.0,41429.0,41444.0,238.0
2026-05-05 23:39:00,1777995540,41444.0,41482.0,41441.0,41451.0,967.0
2026-05-05 23:42:00,1777995720,41453.0,41470.0,41451.0,41459.0,296.0
2026-05-05 23:45:00,1777995900,41463.0,41505.0,41461.0,41495.0,1639.0
2026-05-05 23:48:00,1777996080,41494.0,41511.0,41484.0,41500.0,648.0
2026-05-05 23:51:00,1777996260,41500.0,41518.0,41497.0,41507.0,451.0
2026-05-05 23:54:00,1777996440,41509.0,41546.0,41506.0,41540.0,1079.0
2026-05-05 23:57:00,1777996620,41538.0,41543.0,41506.0,41507.0,615.0
2026-05-06 00:00:00,1777996800,41510.0,41538.0,41502.0,41533.0,693.0
2026-05-06 00:03:00,1777996980,41534.0,41564.0,41521.0,41554.0,934.0
2026-05-06 00:06:00,1777997160,41554.0,41569.0,41513.0,41517.0,769.0
2026-05-06 00:09:00,1777997340,41514.0,41534.0,41494.0,41495.0,520.0
2026-05-06 00:12:00,1777997520,41496.0,41530.0,41494.0,41517.0,411.0
2026-05-06 00:15:00,1777997700,41519.0,41523.0,41487.0,41487.0,370.0
2026-05-06 00:18:00,1777997880,41487.0,41516.0,41485.0,41501.0,339.0
2026-05-06 00:21:00,1777998060,41503.0,41510.0,41499.0,41502.0,131.0
2026-05-06 00:24:00,1777998240,41502.0,41505.0,41475.0,41485.0,378.0
2026-05-06 00:27:00,1777998420,41484.0,41484.0,41419.0,41479.0,1231.0
2026-05-06 00:30:00,1777998600,41478.0,41483.0,41432.0,41453.0,542.0
2026-05-06 00:33:00,1777998780,41454.0,41484.0,41440.0,41477.0,312.0
2026-05-06 00:36:00,1777998960,41481.0,41482.0,41461.0,41464.0,186.0
2026-05-06 00:39:00,1777999140,41465.0,41465.0,41412.0,41441.0,691.0
2026-05-06 00:42:00,1777999320,41441.0,41456.0,41426.0,41451.0,290.0
2026-05-06 00:45:00,1777999500,41450.0,41482.0,41444.0,41480.0,382.0
2026-05-06 00:48:00,1777999680,41480.0,41483.0,41467.0,41480.0,221.0
2026-05-06 00:51:00,1777999860,41479.0,41482.0,41465.0,41470.0,161.0
2026-05-06 00:54:00,1778000040,41470.0,41495.0,41470.0,41481.0,345.0
2026-05-06 00:57:00,1778000220,41480.0,41485.0,41470.0,41478.0,116.0
2026-05-06 01:00:00,1778000400,41478.0,41488.0,41468.0,41484.0,182.0
2026-05-06 01:03:00,1778000580,41482.0,41505.0,41482.0,41499.0,342.0
2026-05-06 01:06:00,1778000760,41499.0,41500.0,41483.0,41489.0,166.0
2026-05-06 01:09:00,1778000940,41488.0,41489.0,41464.0,41480.0,232.0
2026-05-06 01:12:00,1778001120,41480.0,41486.0,41470.0,41474.0,100.0
2026-05-06 01:15:00,1778001300,41476.0,41497.0,41475.0,41492.0,128.0
2026-05-06 01:18:00,1778001480,41492.0,41525.0,41492.0,41517.0,448.0
2026-05-06 01:21:00,1778001660,41515.0,41521.0,41493.0,41493.0,161.0
2026-05-06 01:24:00,1778001840,41499.0,41513.0,41487.0,41511.0,170.0
2026-05-06 01:27:00,1778002020,41513.0,41520.0,41503.0,41504.0,89.0
2026-05-06 01:30:00,1778002200,41504.0,41507.0,41489.0,41504.0,189.0
2026-05-06 01:33:00,1778002380,41503.0,41514.0,41500.0,41503.0,92.0
2026-05-06 01:36:00,1778002560,41507.0,41525.0,41502.0,41507.0,196.0
2026-05-06 01:39:00,1778002740,41502.0,41503.0,41492.0,41503.0,91.0
2026-05-06 01:42:00,1778002920,41507.0,41507.0,41496.0,41496.0,40.0
2026-05-06 01:45:00,1778003100,41497.0,41501.0,41490.0,41495.0,58.0
2026-05-06 01:48:00,1778003280,41495.0,41499.0,41489.0,41493.0,72.0
2026-05-06 01:51:00,1778003460,41493.0,41507.0,41493.0,41502.0,49.0
2026-05-06 01:54:00,1778003640,41501.0,41501.0,41488.0,41494.0,48.0
2026-05-06 01:57:00,1778003820,41494.0,41508.0,41493.0,41504.0,61.0
2026-05-06 02:00:00,1778004000,41503.0,41514.0,41501.0,41509.0,135.0
2026-05-06 02:03:00,1778004180,41511.0,41527.0,41504.0,41521.0,127.0
2026-05-06 02:06:00,1778004360,41522.0,41524.0,41507.0,41507.0,76.0
2026-05-06 02:09:00,1778004540,41508.0,41510.0,41493.0,41493.0,57.0
2026-05-06 02:12:00,1778004720,41498.0,41513.0,41496.0,41513.0,38.0
2026-05-06 02:15:00,1778004900,41507.0,41515.0,41501.0,41505.0,93.0
2026-05-06 02:18:00,1778005080,41504.0,41509.0,41500.0,41509.0,53.0
2026-05-06 02:21:00,1778005260,41510.0,41523.0,41510.0,41518.0,63.0
2026-05-06 02:24:00,1778005440,41520.0,41520.0,41506.0,41519.0,78.0
2026-05-06 02:27:00,1778005620,41519.0,41534.0,41518.0,41523.0,233.0
2026-05-06 02:30:00,1778005800,41524.0,41536.0,41524.0,41527.0,67.0
2026-05-06 02:33:00,1778005980,41528.0,41540.0,41525.0,41537.0,145.0
2026-05-06 02:36:00,1778006160,41539.0,41543.0,41533.0,41538.0,125.0
2026-05-06 02:39:00,1778006340,41539.0,41539.0,41524.0,41525.0,53.0
2026-05-06 02:42:00,1778006520,41524.0,41527.0,41519.0,41521.0,54.0
2026-05-06 02:45:00,1778006700,41518.0,41528.0,41512.0,41522.0,83.0
2026-05-06 02:48:00,1778006880,41524.0,41524.0,41505.0,41512.0,63.0
2026-05-06 02:51:00,1778007060,41515.0,41515.0,41494.0,41497.0,120.0
2026-05-06 02:54:00,1778007240,41495.0,41509.0,41490.0,41509.0,91.0
2026-05-06 02:57:00,1778007420,41512.0,41516.0,41505.0,41505.0,42.0
2026-05-06 03:00:00,1778007600,41505.0,41514.0,41496.0,41497.0,59.0
2026-05-06 03:03:00,1778007780,41498.0,41502.0,41490.0,41493.0,56.0
2026-05-06 03:06:00,1778007960,41491.0,41507.0,41485.0,41487.0,150.0
2026-05-06 03:09:00,1778008140,41489.0,41509.0,41489.0,41495.0,64.0
2026-05-06 03:12:00,1778008320,41495.0,41495.0,41474.0,41475.0,100.0
2026-05-06 03:15:00,1778008500,41472.0,41477.0,41460.0,41470.0,241.0
2026-05-06 03:18:00,1778008680,41466.0,41470.0,41441.0,41441.0,197.0
2026-05-06 03:21:00,1778008860,41440.0,41460.0,41432.0,41456.0,191.0
2026-05-06 03:24:00,1778009040,41457.0,41460.0,41444.0,41447.0,82.0
2026-05-06 03:27:00,1778009220,41445.0,41458.0,41437.0,41437.0,87.0
2026-05-06 03:30:00,1778009400,41436.0,41455.0,41432.0,41445.0,168.0
2026-05-06 03:33:00,1778009580,41447.0,41455.0,41440.0,41440.0,67.0
2026-05-06 03:36:00,1778009760,41440.0,41463.0,41440.0,41459.0,76.0
2026-05-06 03:39:00,1778009940,41459.0,41474.0,41455.0,41464.0,106.0
2026-05-06 03:42:00,1778010120,41461.0,41465.0,41452.0,41465.0,54.0
2026-05-06 03:45:00,1778010300,41465.0,41474.0,41460.0,41465.0,60.0
2026-05-06 03:48:00,1778010480,41466.0,41480.0,41441.0,41452.0,152.0
2026-05-06 03:51:00,1778010660,41450.0,41453.0,41423.0,41434.0,212.0
2026-05-06 03:54:00,1778010840,41434.0,41442.0,41418.0,41442.0,216.0
2026-05-06 03:57:00,1778011020,41439.0,41463.0,41439.0,41443.0,110.0
2026-05-06 04:00:00,1778011200,41444.0,41464.0,41440.0,41451.0,313.0
2026-05-06 04:03:00,1778011380,41454.0,41470.0,41454.0,41469.0,53.0
2026-05-06 04:06:00,1778011560,41469.0,41475.0,41463.0,41473.0,31.0
2026-05-06 04:09:00,1778011740,41475.0,41482.0,41473.0,41482.0,42.0
2026-05-06 04:12:00,1778011920,41483.0,41492.0,41480.0,41486.0,89.0
2026-05-06 04:15:00,1778012100,41488.0,41492.0,41451.0,41485.0,256.0
2026-05-06 04:18:00,1778012280,41490.0,41509.0,41490.0,41499.0,170.0
2026-05-06 04:21:00,1778012460,41498.0,41506.0,41490.0,41503.0,78.0
2026-05-06 04:24:00,1778012640,41499.0,41534.0,41499.0,41522.0,180.0
2026-05-06 04:27:00,1778012820,41522.0,41562.0,41520.0,41550.0,456.0
2026-05-06 04:30:00,1778013000,41550.0,41561.0,41545.0,41550.0,194.0
2026-05-06 04:33:00,1778013180,41550.0,41554.0,41535.0,41536.0,128.0
2026-05-06 04:36:00,1778013360,41536.0,41552.0,41535.0,41551.0,57.0
2026-05-06 04:39:00,1778013540,41551.0,41551.0,41525.0,41530.0,140.0
2026-05-06 04:42:00,1778013720,41536.0,41544.0,41524.0,41524.0,52.0
2026-05-06 04:45:00,1778013900,41523.0,41526.0,41515.0,41522.0,108.0
2026-05-06 04:48:00,1778014080,41524.0,41537.0,41523.0,41537.0,74.0
2026-05-06 04:51:00,1778014260,41537.0,41549.0,41531.0,41544.0,108.0
2026-05-06 04:54:00,1778014440,41544.0,41553.0,41543.0,41550.0,67.0
2026-05-06 04:57:00,1778014620,41551.0,41560.0,41545.0,41560.0,185.0
2026-05-06 08:45:00,1778028300,41671.0,41705.0,41617.0,41691.0,5100.0
2026-05-06 08:48:00,1778028480,41688.0,41695.0,41645.0,41680.0,1679.0
2026-05-06 08:51:00,1778028660,41683.0,41696.0,41645.0,41660.0,1072.0
2026-05-06 08:54:00,1778028840,41660.0,41744.0,41658.0,41715.0,2203.0
2026-05-06 08:57:00,1778029020,41714.0,41720.0,41640.0,41644.0,2060.0
2026-05-06 09:00:00,1778029200,41643.0,41795.0,41636.0,41755.0,4850.0
2026-05-06 09:03:00,1778029380,41758.0,41846.0,41732.0,41834.0,3647.0
2026-05-06 09:06:00,1778029560,41830.0,41859.0,41746.0,41830.0,3063.0
2026-05-06 09:09:00,1778029740,41827.0,41881.0,41810.0,41875.0,2651.0
2026-05-06 09:12:00,1778029920,41874.0,41955.0,41870.0,41942.0,3364.0
2026-05-06 09:15:00,1778030100,41942.0,41983.0,41915.0,41970.0,2798.0
2026-05-06 09:18:00,1778030280,41968.0,42002.0,41943.0,41944.0,2287.0
2026-05-06 09:21:00,1778030460,41944.0,41956.0,41883.0,41928.0,2991.0
2026-05-06 09:24:00,1778030640,41927.0,41930.0,41782.0,41827.0,4223.0
2026-05-06 09:27:00,1778030820,41826.0,41853.0,41756.0,41785.0,2978.0
2026-05-06 09:30:00,1778031000,41788.0,41909.0,41776.0,41873.0,3045.0
2026-05-06 09:33:00,1778031180,41873.0,41934.0,41852.0,41885.0,1784.0
2026-05-06 09:36:00,1778031360,41888.0,41889.0,41788.0,41802.0,1851.0
2026-05-06 09:39:00,1778031540,41805.0,41813.0,41768.0,41775.0,1652.0
2026-05-06 09:42:00,1778031720,41777.0,41800.0,41707.0,41712.0,3072.0
2026-05-06 09:45:00,1778031900,41710.0,41716.0,41452.0,41550.0,8632.0
2026-05-06 09:48:00,1778032080,41552.0,41606.0,41490.0,41541.0,3954.0
2026-05-06 09:51:00,1778032260,41538.0,41549.0,41311.0,41325.0,6677.0
2026-05-06 09:54:00,1778032440,41322.0,41445.0,41233.0,41410.0,6612.0
2026-05-06 09:57:00,1778032620,41408.0,41467.0,41329.0,41402.0,2937.0
2026-05-06 10:00:00,1778032800,41401.0,41407.0,41239.0,41331.0,3975.0
2026-05-06 10:03:00,1778032980,41331.0,41332.0,41186.0,41190.0,3880.0
2026-05-06 10:06:00,1778033160,41186.0,41293.0,41041.0,41274.0,7645.0
2026-05-06 10:09:00,1778033340,41266.0,41410.0,41250.0,41399.0,4144.0
2026-05-06 10:12:00,1778033520,41401.0,41422.0,41314.0,41345.0,2515.0
2026-05-06 10:15:00,1778033700,41344.0,41430.0,41326.0,41417.0,2073.0
2026-05-06 10:18:00,1778033880,41417.0,41425.0,41361.0,41398.0,1378.0
2026-05-06 10:21:00,1778034060,41397.0,41414.0,41315.0,41382.0,1705.0
2026-05-06 10:24:00,1778034240,41381.0,41381.0,41247.0,41278.0,2088.0
2026-05-06 10:27:00,1778034420,41277.0,41356.0,41222.0,41298.0,2194.0
2026-05-06 10:30:00,1778034600,41297.0,41348.0,41201.0,41266.0,2073.0
2026-05-06 10:33:00,1778034780,41266.0,41336.0,41243.0,41290.0,1187.0
2026-05-06 10:36:00,1778034960,41292.0,41343.0,41227.0,41278.0,1323.0
2026-05-06 10:39:00,1778035140,41275.0,41281.0,41164.0,41206.0,2051.0
2026-05-06 10:42:00,1778035320,41204.0,41215.0,41113.0,41184.0,2072.0
2026-05-06 10:45:00,1778035500,41185.0,41261.0,41156.0,41259.0,1869.0
2026-05-06 10:48:00,1778035680,41259.0,41297.0,41205.0,41233.0,1309.0
2026-05-06 10:51:00,1778035860,41228.0,41255.0,41198.0,41219.0,767.0
2026-05-06 10:54:00,1778036040,41213.0,41230.0,41147.0,41193.0,1216.0
2026-05-06 10:57:00,1778036220,41189.0,41196.0,41113.0,41137.0,1244.0
2026-05-06 11:00:00,1778036400,41141.0,41182.0,41098.0,41134.0,1700.0
2026-05-06 11:03:00,1778036580,41136.0,41193.0,41050.0,41167.0,2480.0
2026-05-06 11:06:00,1778036760,41171.0,41217.0,41134.0,41164.0,1354.0
2026-05-06 11:09:00,1778036940,41163.0,41263.0,41161.0,41233.0,1647.0
2026-05-06 11:12:00,1778037120,41238.0,41318.0,41228.0,41299.0,1698.0
2026-05-06 11:15:00,1778037300,41296.0,41325.0,41249.0,41264.0,1463.0
2026-05-06 11:18:00,1778037480,41265.0,41298.0,41235.0,41281.0,781.0
2026-05-06 11:21:00,1778037660,41279.0,41284.0,41230.0,41256.0,593.0
2026-05-06 11:24:00,1778037840,41262.0,41318.0,41255.0,41311.0,863.0
2026-05-06 11:27:00,1778038020,41308.0,41366.0,41290.0,41351.0,1291.0
2026-05-06 11:30:00,1778038200,41353.0,41382.0,41327.0,41364.0,1243.0
2026-05-06 11:33:00,1778038380,41366.0,41369.0,41306.0,41345.0,794.0
2026-05-06 11:36:00,1778038560,41345.0,41359.0,41315.0,41343.0,485.0
2026-05-06 11:39:00,1778038740,41343.0,41351.0,41288.0,41300.0,717.0
2026-05-06 11:42:00,1778038920,41300.0,41322.0,41279.0,41322.0,662.0
2026-05-06 11:45:00,1778039100,41320.0,41342.0,41298.0,41307.0,746.0
2026-05-06 11:48:00,1778039280,41301.0,41325.0,41287.0,41310.0,474.0
2026-05-06 11:51:00,1778039460,41308.0,41327.0,41290.0,41325.0,342.0
2026-05-06 11:54:00,1778039640,41325.0,41358.0,41284.0,41321.0,726.0
2026-05-06 11:57:00,1778039820,41322.0,41353.0,41317.0,41335.0,412.0
2026-05-06 12:00:00,1778040000,41330.0,41362.0,41307.0,41339.0,576.0
2026-05-06 12:03:00,1778040180,41341.0,41359.0,41317.0,41338.0,444.0
2026-05-06 12:06:00,1778040360,41335.0,41367.0,41322.0,41344.0,498.0
2026-05-06 12:09:00,1778040540,41343.0,41350.0,41312.0,41315.0,320.0
2026-05-06 12:12:00,1778040720,41317.0,41354.0,41316.0,41354.0,306.0
2026-05-06 12:15:00,1778040900,41353.0,41365.0,41297.0,41304.0,642.0
2026-05-06 12:18:00,1778041080,41304.0,41318.0,41288.0,41311.0,522.0
2026-05-06 12:21:00,1778041260,41315.0,41340.0,41278.0,41285.0,504.0
2026-05-06 12:24:00,1778041440,41284.0,41333.0,41272.0,41330.0,751.0
2026-05-06 12:27:00,1778041620,41326.0,41342.0,41315.0,41333.0,437.0
2026-05-06 12:30:00,1778041800,41332.0,41421.0,41328.0,41404.0,1700.0
2026-05-06 12:33:00,1778041980,41405.0,41423.0,41356.0,41364.0,1194.0
2026-05-06 12:36:00,1778042160,41366.0,41379.0,41336.0,41379.0,711.0
2026-05-06 12:39:00,1778042340,41380.0,41441.0,41375.0,41380.0,1397.0
2026-05-06 12:42:00,1778042520,41379.0,41414.0,41371.0,41405.0,506.0
2026-05-06 12:45:00,1778042700,41406.0,41450.0,41400.0,41439.0,805.0
2026-05-06 12:48:00,1778042880,41435.0,41456.0,41427.0,41429.0,836.0
2026-05-06 12:51:00,1778043060,41428.0,41452.0,41413.0,41452.0,626.0
2026-05-06 12:54:00,1778043240,41453.0,41464.0,41438.0,41457.0,616.0
2026-05-06 12:57:00,1778043420,41460.0,41475.0,41415.0,41416.0,805.0
2026-05-06 13:00:00,1778043600,41416.0,41426.0,41381.0,41398.0,916.0
2026-05-06 13:03:00,1778043780,41398.0,41420.0,41383.0,41414.0,539.0
2026-05-06 13:06:00,1778043960,41418.0,41434.0,41408.0,41431.0,402.0
2026-05-06 13:09:00,1778044140,41427.0,41452.0,41427.0,41439.0,401.0
2026-05-06 13:12:00,1778044320,41438.0,41498.0,41429.0,41492.0,1184.0
2026-05-06 13:15:00,1778044500,41490.0,41546.0,41481.0,41538.0,1709.0
2026-05-06 13:18:00,1778044680,41538.0,41552.0,41525.0,41525.0,1085.0
2026-05-06 13:21:00,1778044860,41525.0,41537.0,41485.0,41486.0,844.0
2026-05-06 13:24:00,1778045040,41486.0,41497.0,41450.0,41469.0,1016.0
2026-05-06 13:27:00,1778045220,41470.0,41494.0,41453.0,41474.0,775.0
2026-05-06 13:30:00,1778045400,41473.0,41511.0,41461.0,41470.0,1288.0
2026-05-06 13:33:00,1778045580,41468.0,41488.0,41444.0,41460.0,711.0
2026-05-06 13:36:00,1778045760,41461.0,41461.0,41432.0,41442.0,648.0
2026-05-06 13:39:00,1778045940,41443.0,41494.0,41441.0,41492.0,832.0
2026-05-06 13:42:00,1778046120,41488.0,41540.0,41487.0,41511.0,1405.0
2026-05-06 15:00:00,1778050800,41436.0,41490.0,41413.0,41455.0,1636.0
2026-05-06 15:03:00,1778050980,41456.0,41503.0,41451.0,41473.0,603.0
2026-05-06 15:06:00,1778051160,41473.0,41505.0,41473.0,41498.0,399.0
2026-05-06 15:09:00,1778051340,41496.0,41510.0,41480.0,41480.0,375.0
2026-05-06 15:12:00,1778051520,41478.0,41478.0,41437.0,41443.0,514.0
2026-05-06 15:15:00,1778051700,41441.0,41462.0,41430.0,41435.0,363.0
2026-05-06 15:18:00,1778051880,41435.0,41449.0,41430.0,41430.0,266.0
2026-05-06 15:21:00,1778052060,41430.0,41461.0,41421.0,41445.0,402.0
2026-05-06 15:24:00,1778052240,41445.0,41455.0,41438.0,41448.0,136.0
2026-05-06 15:27:00,1778052420,41448.0,41448.0,41420.0,41443.0,231.0
2026-05-06 15:30:00,1778052600,41445.0,41456.0,41425.0,41453.0,260.0
2026-05-06 15:33:00,1778052780,41450.0,41472.0,41448.0,41466.0,293.0
2026-05-06 15:36:00,1778052960,41465.0,41482.0,41465.0,41482.0,264.0
2026-05-06 15:39:00,1778053140,41483.0,41496.0,41479.0,41493.0,333.0
2026-05-06 15:42:00,1778053320,41494.0,41505.0,41485.0,41496.0,307.0
2026-05-06 15:45:00,1778053500,41498.0,41533.0,41498.0,41523.0,661.0
2026-05-06 15:48:00,1778053680,41523.0,41543.0,41520.0,41527.0,430.0
2026-05-06 15:51:00,1778053860,41527.0,41550.0,41527.0,41536.0,418.0
2026-05-06 15:54:00,1778054040,41536.0,41549.0,41526.0,41540.0,259.0
2026-05-06 15:57:00,1778054220,41540.0,41588.0,41539.0,41586.0,909.0
2026-05-06 16:00:00,1778054400,41586.0,41614.0,41578.0,41602.0,1146.0
2026-05-06 16:03:00,1778054580,41603.0,41618.0,41574.0,41575.0,620.0
2026-05-06 16:06:00,1778054760,41577.0,41612.0,41570.0,41598.0,473.0
2026-05-06 16:09:00,1778054940,41601.0,41620.0,41585.0,41596.0,464.0
2026-05-06 16:12:00,1778055120,41599.0,41604.0,41584.0,41591.0,214.0
2026-05-06 16:15:00,1778055300,41585.0,41590.0,41553.0,41562.0,647.0
2026-05-06 16:18:00,1778055480,41562.0,41562.0,41519.0,41532.0,602.0
2026-05-06 16:21:00,1778055660,41533.0,41548.0,41530.0,41538.0,243.0
2026-05-06 16:24:00,1778055840,41539.0,41546.0,41526.0,41543.0,234.0
2026-05-06 16:27:00,1778056020,41540.0,41550.0,41531.0,41537.0,235.0
2026-05-06 16:30:00,1778056200,41537.0,41562.0,41533.0,41553.0,325.0
2026-05-06 16:33:00,1778056380,41555.0,41571.0,41553.0,41555.0,236.0
2026-05-06 16:36:00,1778056560,41555.0,41570.0,41547.0,41558.0,148.0
2026-05-06 16:39:00,1778056740,41555.0,41576.0,41553.0,41573.0,154.0
2026-05-06 16:42:00,1778056920,41576.0,41580.0,41558.0,41558.0,174.0
2026-05-06 16:45:00,1778057100,41558.0,41579.0,41531.0,41533.0,333.0
2026-05-06 16:48:00,1778057280,41532.0,41654.0,41508.0,41639.0,2081.0
2026-05-06 16:51:00,1778057460,41639.0,41873.0,41629.0,41812.0,4514.0
2026-05-06 16:54:00,1778057640,41815.0,41883.0,41808.0,41814.0,2159.0
2026-05-06 16:57:00,1778057820,41814.0,41856.0,41807.0,41808.0,920.0
2026-05-06 17:00:00,1778058000,41808.0,41853.0,41754.0,41765.0,1551.0
2026-05-06 17:03:00,1778058180,41765.0,41768.0,41719.0,41731.0,1146.0
2026-05-06 17:06:00,1778058360,41734.0,41780.0,41730.0,41752.0,606.0
2026-05-06 17:09:00,1778058540,41753.0,41761.0,41720.0,41753.0,543.0
2026-05-06 17:12:00,1778058720,41752.0,41783.0,41750.0,41761.0,444.0
2026-05-06 17:15:00,1778058900,41765.0,41800.0,41759.0,41783.0,664.0
2026-05-06 17:18:00,1778059080,41781.0,41790.0,41760.0,41768.0,341.0
2026-05-06 17:21:00,1778059260,41768.0,41776.0,41708.0,41743.0,830.0
2026-05-06 17:24:00,1778059440,41740.0,41758.0,41722.0,41754.0,363.0
2026-05-06 17:27:00,1778059620,41753.0,41775.0,41749.0,41762.0,307.0
2026-05-06 17:30:00,1778059800,41765.0,41805.0,41745.0,41796.0,729.0
2026-05-06 17:33:00,1778059980,41795.0,41835.0,41795.0,41815.0,732.0
2026-05-06 17:36:00,1778060160,41814.0,41842.0,41801.0,41801.0,427.0
2026-05-06 17:39:00,1778060340,41805.0,41844.0,41805.0,41827.0,476.0
2026-05-06 17:42:00,1778060520,41828.0,41834.0,41806.0,41806.0,295.0
2026-05-06 17:45:00,1778060700,41807.0,41808.0,41776.0,41786.0,464.0
2026-05-06 17:48:00,1778060880,41785.0,41809.0,41779.0,41784.0,288.0
2026-05-06 17:51:00,1778061060,41783.0,41813.0,41783.0,41806.0,184.0
2026-05-06 17:54:00,1778061240,41807.0,41838.0,41803.0,41828.0,305.0
2026-05-06 17:57:00,1778061420,41832.0,41838.0,41814.0,41836.0,235.0
2026-05-06 18:00:00,1778061600,41836.0,41874.0,41836.0,41852.0,1169.0
2026-05-06 18:03:00,1778061780,41850.0,41860.0,41836.0,41838.0,360.0
2026-05-06 18:06:00,1778061960,41840.0,41847.0,41821.0,41821.0,219.0
2026-05-06 18:09:00,1778062140,41826.0,41843.0,41822.0,41835.0,164.0
2026-05-06 18:12:00,1778062320,41835.0,41848.0,41833.0,41836.0,137.0
2026-05-06 18:15:00,1778062500,41836.0,41858.0,41830.0,41857.0,239.0
2026-05-06 18:18:00,1778062680,41858.0,41898.0,41858.0,41892.0,893.0
2026-05-06 18:21:00,1778062860,41892.0,41897.0,41869.0,41870.0,306.0
2026-05-06 18:24:00,1778063040,41869.0,41880.0,41865.0,41876.0,215.0
2026-05-06 18:27:00,1778063220,41877.0,41890.0,41866.0,41887.0,270.0
2026-05-06 18:30:00,1778063400,41885.0,41904.0,41885.0,41891.0,478.0
2026-05-06 18:33:00,1778063580,41891.0,41911.0,41891.0,41899.0,365.0
2026-05-06 18:36:00,1778063760,41900.0,41905.0,41883.0,41899.0,238.0
2026-05-06 18:39:00,1778063940,41896.0,41941.0,41896.0,41927.0,881.0
2026-05-06 18:42:00,1778064120,41927.0,41967.0,41924.0,41946.0,840.0
2026-05-06 18:45:00,1778064300,41950.0,41967.0,41949.0,41950.0,418.0
2026-05-06 18:48:00,1778064480,41950.0,41964.0,41895.0,41926.0,1029.0
2026-05-06 18:51:00,1778064660,41928.0,41969.0,41907.0,41955.0,767.0
2026-05-06 18:54:00,1778064840,41958.0,41985.0,41935.0,41935.0,869.0
2026-05-06 18:57:00,1778065020,41934.0,41956.0,41928.0,41948.0,361.0
2026-05-06 19:00:00,1778065200,41946.0,41984.0,41931.0,41957.0,660.0
2026-05-06 19:03:00,1778065380,41957.0,41978.0,41942.0,41976.0,282.0
2026-05-06 19:06:00,1778065560,41975.0,41994.0,41966.0,41978.0,650.0
2026-05-06 19:09:00,1778065740,41977.0,41993.0,41968.0,41979.0,329.0
2026-05-06 19:12:00,1778065920,41980.0,41985.0,41945.0,41983.0,761.0
2026-05-06 19:15:00,1778066100,41982.0,42000.0,41978.0,41990.0,574.0
2026-05-06 19:18:00,1778066280,41989.0,41995.0,41972.0,41973.0,245.0
2026-05-06 19:21:00,1778066460,41976.0,41978.0,41952.0,41958.0,390.0
2026-05-06 19:24:00,1778066640,41955.0,41958.0,41935.0,41945.0,414.0
2026-05-06 19:27:00,1778066820,41942.0,41953.0,41927.0,41940.0,417.0
2026-05-06 19:30:00,1778067000,41938.0,41943.0,41906.0,41910.0,586.0
2026-05-06 19:33:00,1778067180,41910.0,41948.0,41906.0,41942.0,393.0
2026-05-06 19:36:00,1778067360,41943.0,41953.0,41934.0,41946.0,253.0
2026-05-06 19:39:00,1778067540,41947.0,41962.0,41885.0,41925.0,885.0
2026-05-06 19:42:00,1778067720,41915.0,41920.0,41836.0,41838.0,1732.0
2026-05-06 19:45:00,1778067900,41836.0,41855.0,41798.0,41851.0,1680.0
2026-05-06 19:48:00,1778068080,41851.0,41851.0,41807.0,41835.0,583.0
2026-05-06 19:51:00,1778068260,41839.0,41877.0,41833.0,41876.0,673.0
2026-05-06 19:54:00,1778068440,41874.0,41878.0,41841.0,41845.0,411.0
2026-05-06 19:57:00,1778068620,41845.0,41857.0,41820.0,41850.0,501.0
2026-05-06 20:00:00,1778068800,41848.0,41850.0,41816.0,41843.0,517.0
2026-05-06 20:03:00,1778068980,41841.0,41843.0,41806.0,41832.0,466.0
2026-05-06 20:06:00,1778069160,41828.0,41831.0,41775.0,41830.0,1196.0
2026-05-06 20:09:00,1778069340,41831.0,41834.0,41812.0,41834.0,420.0
2026-05-06 20:12:00,1778069520,41831.0,41843.0,41744.0,41766.0,1619.0
2026-05-06 20:15:00,1778069700,41759.0,41809.0,41720.0,41777.0,1642.0
2026-05-06 20:18:00,1778069880,41777.0,41777.0,41722.0,41760.0,916.0
2026-05-06 20:21:00,1778070060,41760.0,41793.0,41754.0,41793.0,552.0
2026-05-06 20:24:00,1778070240,41794.0,41815.0,41782.0,41801.0,616.0
2026-05-06 20:27:00,1778070420,41805.0,41809.0,41785.0,41803.0,276.0
2026-05-06 20:30:00,1778070600,41804.0,41812.0,41787.0,41792.0,380.0
2026-05-06 20:33:00,1778070780,41792.0,41794.0,41774.0,41785.0,273.0
2026-05-06 20:36:00,1778070960,41784.0,41807.0,41775.0,41785.0,247.0
2026-05-06 20:39:00,1778071140,41784.0,41794.0,41755.0,41767.0,347.0
2026-05-06 20:42:00,1778071320,41764.0,41781.0,41757.0,41769.0,208.0
2026-05-06 20:45:00,1778071500,41769.0,41814.0,41763.0,41814.0,434.0
2026-05-06 20:48:00,1778071680,41814.0,41818.0,41784.0,41794.0,374.0
2026-05-06 20:51:00,1778071860,41790.0,41811.0,41790.0,41797.0,296.0
2026-05-06 20:54:00,1778072040,41797.0,41797.0,41742.0,41767.0,658.0
2026-05-06 20:57:00,1778072220,41766.0,41777.0,41748.0,41759.0,348.0
2026-05-06 21:00:00,1778072400,41758.0,41763.0,41696.0,41760.0,1283.0
2026-05-06 21:03:00,1778072580,41763.0,41782.0,41707.0,41758.0,1071.0
2026-05-06 21:06:00,1778072760,41758.0,41758.0,41659.0,41685.0,1540.0
2026-05-06 21:09:00,1778072940,41684.0,41718.0,41658.0,41718.0,820.0
2026-05-06 21:12:00,1778073120,41718.0,41733.0,41702.0,41732.0,423.0
2026-05-06 21:15:00,1778073300,41731.0,41778.0,41729.0,41769.0,815.0
2026-05-06 21:18:00,1778073480,41769.0,41770.0,41721.0,41740.0,472.0
2026-05-06 21:21:00,1778073660,41741.0,41748.0,41723.0,41748.0,283.0
2026-05-06 21:24:00,1778073840,41748.0,41750.0,41715.0,41738.0,365.0
2026-05-06 21:27:00,1778074020,41744.0,41753.0,41728.0,41745.0,247.0
2026-05-06 21:30:00,1778074200,41743.0,41802.0,41674.0,41802.0,2541.0
2026-05-06 21:33:00,1778074380,41803.0,41863.0,41799.0,41817.0,2447.0
2026-05-06 21:36:00,1778074560,41818.0,41873.0,41811.0,41845.0,1381.0
2026-05-06 21:39:00,1778074740,41846.0,41901.0,41835.0,41887.0,1694.0
2026-05-06 21:42:00,1778074920,41885.0,41902.0,41850.0,41879.0,1205.0
2026-05-06 21:45:00,1778075100,41882.0,41917.0,41874.0,41896.0,1280.0
2026-05-06 21:48:00,1778075280,41894.0,41930.0,41817.0,41818.0,1786.0
2026-05-06 21:51:00,1778075460,41819.0,41892.0,41799.0,41866.0,1246.0
2026-05-06 21:54:00,1778075640,41865.0,41915.0,41865.0,41880.0,1029.0
2026-05-06 21:57:00,1778075820,41875.0,41914.0,41872.0,41898.0,676.0
2026-05-06 22:00:00,1778076000,41900.0,41905.0,41841.0,41848.0,1016.0
2026-05-06 22:03:00,1778076180,41845.0,41849.0,41774.0,41803.0,1465.0
2026-05-06 22:06:00,1778076360,41804.0,41814.0,41700.0,41788.0,2495.0
2026-05-06 22:09:00,1778076540,41792.0,41825.0,41776.0,41815.0,1125.0
2026-05-06 22:12:00,1778076720,41815.0,41830.0,41775.0,41782.0,980.0
2026-05-06 22:15:00,1778076900,41782.0,41796.0,41723.0,41747.0,1325.0
2026-05-06 22:18:00,1778077080,41749.0,41754.0,41688.0,41709.0,1619.0
2026-05-06 22:21:00,1778077260,41707.0,41730.0,41666.0,41715.0,1347.0
2026-05-06 22:24:00,1778077440,41715.0,41773.0,41702.0,41743.0,1348.0
2026-05-06 22:27:00,1778077620,41741.0,41768.0,41693.0,41715.0,957.0
2026-05-06 22:30:00,1778077800,41718.0,41777.0,41707.0,41774.0,986.0
2026-05-06 22:33:00,1778077980,41775.0,41830.0,41773.0,41825.0,1170.0
2026-05-06 22:36:00,1778078160,41823.0,41842.0,41815.0,41838.0,809.0
2026-05-06 22:39:00,1778078340,41837.0,41885.0,41830.0,41862.0,1190.0
2026-05-06 22:42:00,1778078520,41861.0,41914.0,41861.0,41889.0,1629.0
2026-05-06 22:45:00,1778078700,41890.0,41922.0,41886.0,41915.0,1224.0
2026-05-06 22:48:00,1778078880,41917.0,41920.0,41892.0,41894.0,630.0
2026-05-06 22:51:00,1778079060,41895.0,41925.0,41880.0,41920.0,848.0
2026-05-06 22:54:00,1778079240,41918.0,41926.0,41894.0,41901.0,625.0
2026-05-06 22:57:00,1778079420,41900.0,41905.0,41862.0,41892.0,772.0
2026-05-06 23:00:00,1778079600,41889.0,41903.0,41878.0,41880.0,431.0
2026-05-06 23:03:00,1778079780,41884.0,41912.0,41863.0,41903.0,516.0
2026-05-06 23:06:00,1778079960,41904.0,41950.0,41902.0,41911.0,1259.0
2026-05-06 23:09:00,1778080140,41911.0,41942.0,41901.0,41938.0,536.0
2026-05-06 23:12:00,1778080320,41940.0,41941.0,41884.0,41910.0,681.0
2026-05-06 23:15:00,1778080500,41912.0,41943.0,41902.0,41943.0,517.0
2026-05-06 23:18:00,1778080680,41944.0,41989.0,41940.0,41980.0,1508.0
2026-05-06 23:21:00,1778080860,41978.0,41989.0,41962.0,41972.0,562.0
2026-05-06 23:24:00,1778081040,41972.0,42038.0,41971.0,42019.0,2597.0
2026-05-06 23:27:00,1778081220,42019.0,42025.0,42008.0,42014.0,667.0
2026-05-06 23:30:00,1778081400,42014.0,42033.0,42009.0,42020.0,613.0
2026-05-06 23:33:00,1778081580,42023.0,42040.0,42008.0,42026.0,586.0
2026-05-06 23:36:00,1778081760,42025.0,42028.0,41966.0,41971.0,938.0
2026-05-06 23:39:00,1778081940,41970.0,41990.0,41954.0,41962.0,770.0
2026-05-06 23:42:00,1778082120,41962.0,41967.0,41894.0,41945.0,1505.0
2026-05-06 23:45:00,1778082300,41948.0,41994.0,41944.0,41970.0,808.0
2026-05-06 23:48:00,1778082480,41967.0,41974.0,41938.0,41941.0,454.0
2026-05-06 23:51:00,1778082660,41942.0,41969.0,41920.0,41963.0,480.0
2026-05-06 23:54:00,1778082840,41962.0,41970.0,41948.0,41949.0,286.0
2026-05-06 23:57:00,1778083020,41951.0,41962.0,41927.0,41939.0,270.0
2026-05-07 00:00:00,1778083200,41936.0,41985.0,41933.0,41980.0,693.0
2026-05-07 00:03:00,1778083380,41981.0,42006.0,41978.0,41999.0,554.0
2026-05-07 00:06:00,1778083560,42000.0,42012.0,41986.0,41992.0,437.0
2026-05-07 00:09:00,1778083740,41991.0,42067.0,41991.0,42045.0,1426.0
2026-05-07 00:12:00,1778083920,42044.0,42070.0,42043.0,42053.0,638.0
2026-05-07 00:15:00,1778084100,42052.0,42063.0,42003.0,42016.0,824.0
2026-05-07 00:18:00,1778084280,42015.0,42029.0,41999.0,42008.0,419.0
2026-05-07 00:21:00,1778084460,42006.0,42023.0,42003.0,42015.0,220.0
2026-05-07 00:24:00,1778084640,42015.0,42040.0,42015.0,42024.0,353.0
2026-05-07 00:27:00,1778084820,42025.0,42027.0,42002.0,42008.0,246.0
2026-05-07 00:30:00,1778085000,42009.0,42023.0,42007.0,42020.0,218.0
2026-05-07 00:33:00,1778085180,42023.0,42030.0,42001.0,42001.0,208.0
2026-05-07 00:36:00,1778085360,42003.0,42015.0,41992.0,42009.0,314.0
2026-05-07 00:39:00,1778085540,42012.0,42018.0,42001.0,42013.0,133.0
2026-05-07 00:42:00,1778085720,42010.0,42023.0,41991.0,41992.0,199.0
2026-05-07 00:45:00,1778085900,41991.0,41993.0,41941.0,41949.0,753.0
2026-05-07 00:48:00,1778086080,41947.0,41974.0,41941.0,41968.0,316.0
2026-05-07 00:51:00,1778086260,41969.0,41969.0,41913.0,41944.0,613.0
2026-05-07 00:54:00,1778086440,41946.0,41956.0,41918.0,41956.0,312.0
2026-05-07 00:57:00,1778086620,41956.0,41978.0,41886.0,41958.0,1246.0
2026-05-07 01:00:00,1778086800,41957.0,41972.0,41942.0,41972.0,383.0
2026-05-07 01:03:00,1778086980,41972.0,42002.0,41968.0,42002.0,390.0
2026-05-07 01:06:00,1778087160,42002.0,42029.0,41999.0,42012.0,362.0
2026-05-07 01:09:00,1778087340,42012.0,42037.0,42007.0,42012.0,351.0
2026-05-07 01:12:00,1778087520,42012.0,42019.0,42000.0,42005.0,166.0
2026-05-07 01:15:00,1778087700,42005.0,42018.0,41996.0,42010.0,262.0
2026-05-07 01:18:00,1778087880,42011.0,42017.0,42004.0,42015.0,101.0
2026-05-07 01:21:00,1778088060,42016.0,42027.0,42016.0,42025.0,116.0
2026-05-07 01:24:00,1778088240,42023.0,42023.0,41995.0,41997.0,174.0
2026-05-07 01:27:00,1778088420,41995.0,42015.0,41995.0,42009.0,90.0
2026-05-07 01:30:00,1778088600,42008.0,42025.0,42008.0,42018.0,180.0
2026-05-07 01:33:00,1778088780,42020.0,42022.0,42000.0,42016.0,111.0
2026-05-07 01:36:00,1778088960,42015.0,42033.0,42014.0,42027.0,204.0
2026-05-07 01:39:00,1778089140,42027.0,42028.0,42008.0,42016.0,93.0
2026-05-07 01:42:00,1778089320,42017.0,42041.0,42012.0,42037.0,191.0
2026-05-07 01:45:00,1778089500,42039.0,42046.0,42015.0,42016.0,194.0
2026-05-07 01:48:00,1778089680,42013.0,42021.0,41990.0,41993.0,205.0
2026-05-07 01:51:00,1778089860,41990.0,42008.0,41985.0,41994.0,134.0
2026-05-07 01:54:00,1778090040,41994.0,42011.0,41993.0,42010.0,65.0
2026-05-07 01:57:00,1778090220,42012.0,42016.0,42009.0,42012.0,74.0
2026-05-07 02:00:00,1778090400,42015.0,42044.0,42015.0,42029.0,306.0
2026-05-07 02:03:00,1778090580,42031.0,42049.0,42031.0,42045.0,112.0
2026-05-07 02:06:00,1778090760,42047.0,42052.0,42043.0,42045.0,129.0
2026-05-07 02:09:00,1778090940,42046.0,42056.0,42045.0,42052.0,151.0
2026-05-07 02:12:00,1778091120,42050.0,42051.0,42031.0,42043.0,164.0
2026-05-07 02:15:00,1778091300,42042.0,42112.0,42042.0,42095.0,1379.0
2026-05-07 02:18:00,1778091480,42096.0,42106.0,42080.0,42080.0,237.0
2026-05-07 02:21:00,1778091660,42080.0,42117.0,42079.0,42110.0,228.0
2026-05-07 02:24:00,1778091840,42110.0,42112.0,42083.0,42085.0,191.0
2026-05-07 02:27:00,1778092020,42087.0,42107.0,42084.0,42105.0,76.0
2026-05-07 02:30:00,1778092200,42102.0,42120.0,42095.0,42111.0,250.0
2026-05-07 02:33:00,1778092380,42110.0,42142.0,42110.0,42138.0,323.0
2026-05-07 02:36:00,1778092560,42139.0,42148.0,42128.0,42130.0,217.0
2026-05-07 02:39:00,1778092740,42132.0,42132.0,42114.0,42118.0,163.0
2026-05-07 02:42:00,1778092920,42116.0,42127.0,42111.0,42120.0,114.0
2026-05-07 02:45:00,1778093100,42120.0,42132.0,42115.0,42115.0,90.0
2026-05-07 02:48:00,1778093280,42117.0,42118.0,42104.0,42111.0,133.0
2026-05-07 02:51:00,1778093460,42111.0,42124.0,42101.0,42117.0,102.0
2026-05-07 02:54:00,1778093640,42122.0,42136.0,42117.0,42134.0,130.0
2026-05-07 02:57:00,1778093820,42133.0,42139.0,42122.0,42130.0,79.0
2026-05-07 03:00:00,1778094000,42128.0,42157.0,42125.0,42152.0,413.0
2026-05-07 03:03:00,1778094180,42153.0,42175.0,42143.0,42145.0,331.0
2026-05-07 03:06:00,1778094360,42145.0,42169.0,42139.0,42169.0,218.0
2026-05-07 03:09:00,1778094540,42170.0,42180.0,42164.0,42164.0,178.0
2026-05-07 03:12:00,1778094720,42161.0,42184.0,42160.0,42176.0,196.0
2026-05-07 03:15:00,1778094900,42180.0,42193.0,42176.0,42186.0,276.0
2026-05-07 03:18:00,1778095080,42186.0,42195.0,42176.0,42192.0,128.0
2026-05-07 03:21:00,1778095260,42191.0,42205.0,42191.0,42192.0,331.0
2026-05-07 03:24:00,1778095440,42193.0,42206.0,42193.0,42199.0,109.0
2026-05-07 03:27:00,1778095620,42198.0,42206.0,42185.0,42194.0,140.0
2026-05-07 03:30:00,1778095800,42191.0,42196.0,42177.0,42187.0,142.0
2026-05-07 03:33:00,1778095980,42186.0,42189.0,42175.0,42189.0,100.0
2026-05-07 03:36:00,1778096160,42190.0,42198.0,42181.0,42191.0,141.0
2026-05-07 03:39:00,1778096340,42191.0,42205.0,42181.0,42182.0,132.0
2026-05-07 03:42:00,1778096520,42181.0,42189.0,42175.0,42176.0,101.0
2026-05-07 03:45:00,1778096700,42176.0,42195.0,42172.0,42195.0,94.0
2026-05-07 03:48:00,1778096880,42194.0,42214.0,42177.0,42203.0,217.0
2026-05-07 03:51:00,1778097060,42206.0,42219.0,42196.0,42216.0,127.0
2026-05-07 03:54:00,1778097240,42216.0,42239.0,42212.0,42218.0,374.0
2026-05-07 03:57:00,1778097420,42220.0,42230.0,42188.0,42189.0,212.0
2026-05-07 04:00:00,1778097600,42188.0,42198.0,42163.0,42193.0,505.0
2026-05-07 04:03:00,1778097780,42194.0,42220.0,42194.0,42219.0,114.0
2026-05-07 04:06:00,1778097960,42221.0,42238.0,42210.0,42228.0,113.0
2026-05-07 04:09:00,1778098140,42231.0,42238.0,42227.0,42229.0,116.0
2026-05-07 04:12:00,1778098320,42233.0,42265.0,42228.0,42255.0,328.0
2026-05-07 04:15:00,1778098500,42261.0,42263.0,42254.0,42260.0,89.0
2026-05-07 04:18:00,1778098680,42260.0,42274.0,42260.0,42274.0,120.0
2026-05-07 04:21:00,1778098860,42274.0,42278.0,42266.0,42271.0,159.0
2026-05-07 04:24:00,1778099040,42271.0,42278.0,42265.0,42278.0,110.0
2026-05-07 04:27:00,1778099220,42278.0,42286.0,42276.0,42285.0,177.0
2026-05-07 04:30:00,1778099400,42285.0,42292.0,42282.0,42288.0,182.0
2026-05-07 04:33:00,1778099580,42287.0,42287.0,42264.0,42274.0,191.0
2026-05-07 04:36:00,1778099760,42270.0,42276.0,42269.0,42272.0,58.0
2026-05-07 04:39:00,1778099940,42272.0,42285.0,42272.0,42284.0,71.0
2026-05-07 04:42:00,1778100120,42284.0,42292.0,42284.0,42291.0,110.0
2026-05-07 04:45:00,1778100300,42289.0,42291.0,42273.0,42282.0,153.0
2026-05-07 04:48:00,1778100480,42283.0,42295.0,42278.0,42291.0,140.0
2026-05-07 04:51:00,1778100660,42292.0,42299.0,42291.0,42296.0,164.0
2026-05-07 04:54:00,1778100840,42296.0,42309.0,42292.0,42306.0,184.0
2026-05-07 04:57:00,1778101020,42308.0,42329.0,42306.0,42329.0,297.0
2026-05-07 08:45:00,1778114700,42331.0,42341.0,42105.0,42188.0,6519.0
2026-05-07 08:48:00,1778114880,42188.0,42192.0,42092.0,42104.0,2543.0
2026-05-07 08:51:00,1778115060,42103.0,42138.0,42075.0,42106.0,2193.0
2026-05-07 08:54:00,1778115240,42105.0,42117.0,42041.0,42117.0,2594.0
2026-05-07 08:57:00,1778115420,42111.0,42164.0,42097.0,42153.0,1840.0
2026-05-07 09:00:00,1778115600,42148.0,42175.0,42016.0,42044.0,4135.0
2026-05-07 09:03:00,1778115780,42043.0,42117.0,42017.0,42082.0,2784.0
2026-05-07 09:06:00,1778115960,42081.0,42120.0,42002.0,42058.0,3252.0
2026-05-07 09:09:00,1778116140,42056.0,42125.0,42044.0,42109.0,1800.0
2026-05-07 09:12:00,1778116320,42105.0,42185.0,42088.0,42132.0,2705.0
2026-05-07 09:15:00,1778116500,42127.0,42223.0,42098.0,42216.0,2687.0
2026-05-07 09:18:00,1778116680,42215.0,42274.0,42208.0,42246.0,2772.0
2026-05-07 09:21:00,1778116860,42245.0,42258.0,42175.0,42188.0,2071.0
2026-05-07 09:24:00,1778117040,42185.0,42212.0,42142.0,42150.0,1916.0
2026-05-07 09:27:00,1778117220,42151.0,42187.0,42079.0,42156.0,2556.0
2026-05-07 09:30:00,1778117400,42160.0,42165.0,42066.0,42149.0,1825.0
2026-05-07 09:33:00,1778117580,42154.0,42158.0,42093.0,42125.0,1205.0
2026-05-07 09:36:00,1778117760,42128.0,42292.0,42119.0,42245.0,3501.0
2026-05-07 09:39:00,1778117940,42248.0,42312.0,42230.0,42273.0,2560.0
2026-05-07 09:42:00,1778118120,42272.0,42381.0,42262.0,42362.0,3717.0
2026-05-07 09:45:00,1778118300,42363.0,42437.0,42358.0,42417.0,3835.0
2026-05-07 09:48:00,1778118480,42421.0,42444.0,42366.0,42372.0,2411.0
2026-05-07 09:51:00,1778118660,42373.0,42440.0,42368.0,42388.0,1416.0
2026-05-07 09:54:00,1778118840,42389.0,42425.0,42364.0,42373.0,1302.0
2026-05-07 09:57:00,1778119020,42373.0,42385.0,42285.0,42329.0,2891.0
2026-05-07 10:00:00,1778119200,42332.0,42404.0,42308.0,42370.0,1650.0
2026-05-07 10:03:00,1778119380,42373.0,42375.0,42320.0,42342.0,848.0
2026-05-07 10:06:00,1778119560,42341.0,42396.0,42339.0,42343.0,816.0
2026-05-07 10:09:00,1778119740,42344.0,42357.0,42268.0,42322.0,1435.0
2026-05-07 10:12:00,1778119920,42323.0,42332.0,42228.0,42254.0,1890.0
2026-05-07 10:15:00,1778120100,42259.0,42313.0,42251.0,42287.0,1150.0
2026-05-07 10:18:00,1778120280,42289.0,42312.0,42259.0,42300.0,781.0
2026-05-07 10:21:00,1778120460,42302.0,42315.0,42241.0,42263.0,1051.0
2026-05-07 10:24:00,1778120640,42267.0,42393.0,42263.0,42390.0,2010.0
2026-05-07 10:27:00,1778120820,42385.0,42429.0,42369.0,42427.0,1554.0
2026-05-07 10:30:00,1778121000,42427.0,42468.0,42347.0,42379.0,3025.0
2026-05-07 10:33:00,1778121180,42379.0,42444.0,42379.0,42396.0,1238.0
2026-05-07 10:36:00,1778121360,42398.0,42401.0,42343.0,42359.0,1032.0
2026-05-07 10:39:00,1778121540,42357.0,42362.0,42308.0,42334.0,1157.0
2026-05-07 10:42:00,1778121720,42336.0,42346.0,42296.0,42333.0,1015.0
2026-05-07 10:45:00,1778121900,42331.0,42343.0,42282.0,42295.0,1065.0
2026-05-07 10:48:00,1778122080,42295.0,42338.0,42286.0,42322.0,655.0
2026-05-07 10:51:00,1778122260,42321.0,42321.0,42261.0,42310.0,1075.0
2026-05-07 10:54:00,1778122440,42311.0,42366.0,42302.0,42358.0,1112.0
2026-05-07 10:57:00,1778122620,42360.0,42408.0,42360.0,42385.0,1171.0
2026-05-07 11:00:00,1778122800,42386.0,42392.0,42315.0,42316.0,915.0
2026-05-07 11:03:00,1778122980,42318.0,42323.0,42285.0,42297.0,862.0
2026-05-07 11:06:00,1778123160,42299.0,42303.0,42237.0,42297.0,1602.0
2026-05-07 11:09:00,1778123340,42297.0,42306.0,42257.0,42303.0,843.0
2026-05-07 11:12:00,1778123520,42301.0,42309.0,42282.0,42297.0,450.0
2026-05-07 11:15:00,1778123700,42298.0,42374.0,42286.0,42348.0,1170.0
2026-05-07 11:18:00,1778123880,42347.0,42371.0,42337.0,42344.0,555.0
2026-05-07 11:21:00,1778124060,42341.0,42355.0,42301.0,42320.0,671.0
2026-05-07 11:24:00,1778124240,42319.0,42336.0,42303.0,42317.0,447.0
2026-05-07 11:27:00,1778124420,42316.0,42340.0,42300.0,42327.0,331.0
2026-05-07 11:30:00,1778124600,42325.0,42387.0,42323.0,42347.0,913.0
2026-05-07 11:33:00,1778124780,42350.0,42366.0,42338.0,42338.0,361.0
2026-05-07 11:36:00,1778124960,42338.0,42374.0,42338.0,42362.0,503.0
2026-05-07 11:39:00,1778125140,42359.0,42397.0,42359.0,42387.0,812.0
2026-05-07 11:42:00,1778125320,42388.0,42419.0,42375.0,42414.0,803.0
2026-05-07 11:45:00,1778125500,42410.0,42433.0,42391.0,42409.0,904.0
2026-05-07 11:48:00,1778125680,42416.0,42420.0,42384.0,42395.0,504.0
2026-05-07 11:51:00,1778125860,42392.0,42396.0,42364.0,42373.0,487.0
2026-05-07 11:54:00,1778126040,42374.0,42403.0,42370.0,42378.0,315.0
2026-05-07 11:57:00,1778126220,42377.0,42396.0,42355.0,42369.0,345.0
2026-05-07 12:00:00,1778126400,42365.0,42372.0,42333.0,42364.0,729.0
2026-05-07 12:03:00,1778126580,42359.0,42367.0,42338.0,42367.0,343.0
2026-05-07 12:06:00,1778126760,42368.0,42384.0,42340.0,42355.0,419.0
2026-05-07 12:09:00,1778126940,42353.0,42372.0,42345.0,42348.0,250.0
2026-05-07 12:12:00,1778127120,42348.0,42366.0,42330.0,42344.0,436.0
2026-05-07 12:15:00,1778127300,42345.0,42350.0,42300.0,42326.0,971.0
2026-05-07 12:18:00,1778127480,42320.0,42355.0,42307.0,42354.0,506.0
2026-05-07 12:21:00,1778127660,42353.0,42370.0,42321.0,42325.0,418.0
2026-05-07 12:24:00,1778127840,42325.0,42348.0,42325.0,42343.0,173.0
2026-05-07 12:27:00,1778128020,42339.0,42341.0,42294.0,42309.0,827.0
2026-05-07 12:30:00,1778128200,42309.0,42358.0,42305.0,42338.0,554.0
2026-05-07 12:33:00,1778128380,42339.0,42342.0,42281.0,42291.0,769.0
2026-05-07 12:36:00,1778128560,42292.0,42331.0,42290.0,42313.0,414.0
2026-05-07 12:39:00,1778128740,42314.0,42330.0,42278.0,42287.0,746.0
2026-05-07 12:42:00,1778128920,42288.0,42307.0,42288.0,42300.0,267.0
2026-05-07 12:45:00,1778129100,42300.0,42357.0,42288.0,42342.0,772.0
2026-05-07 12:48:00,1778129280,42346.0,42358.0,42310.0,42319.0,587.0
2026-05-07 12:51:00,1778129460,42320.0,42328.0,42304.0,42314.0,230.0
2026-05-07 12:54:00,1778129640,42315.0,42345.0,42313.0,42315.0,343.0
2026-05-07 12:57:00,1778129820,42315.0,42320.0,42293.0,42299.0,435.0
2026-05-07 13:00:00,1778130000,42300.0,42336.0,42292.0,42329.0,465.0
2026-05-07 13:03:00,1778130180,42329.0,42372.0,42327.0,42336.0,955.0
2026-05-07 13:06:00,1778130360,42340.0,42377.0,42322.0,42356.0,767.0
2026-05-07 13:09:00,1778130540,42355.0,42376.0,42342.0,42370.0,409.0
2026-05-07 13:12:00,1778130720,42373.0,42388.0,42372.0,42386.0,484.0
2026-05-07 13:15:00,1778130900,42385.0,42388.0,42346.0,42353.0,604.0
2026-05-07 13:18:00,1778131080,42354.0,42360.0,42299.0,42309.0,780.0
2026-05-07 13:21:00,1778131260,42311.0,42323.0,42281.0,42294.0,755.0
2026-05-07 13:24:00,1778131440,42295.0,42315.0,42266.0,42270.0,1133.0
2026-05-07 13:27:00,1778131620,42271.0,42319.0,42257.0,42307.0,871.0
2026-05-07 13:30:00,1778131800,42309.0,42365.0,42303.0,42352.0,1460.0
2026-05-07 13:33:00,1778131980,42351.0,42362.0,42344.0,42360.0,476.0
2026-05-07 13:36:00,1778132160,42361.0,42363.0,42345.0,42356.0,517.0
2026-05-07 13:39:00,1778132340,42360.0,42375.0,42344.0,42374.0,718.0
2026-05-07 13:42:00,1778132520,42371.0,42394.0,42340.0,42355.0,1613.0
2026-05-07 15:00:00,1778137200,42425.0,42429.0,42374.0,42393.0,1252.0
2026-05-07 15:03:00,1778137380,42391.0,42406.0,42370.0,42400.0,545.0
2026-05-07 15:06:00,1778137560,42401.0,42505.0,42386.0,42482.0,2116.0
2026-05-07 15:09:00,1778137740,42478.0,42530.0,42475.0,42514.0,1555.0
2026-05-07 15:12:00,1778137920,42515.0,42554.0,42511.0,42542.0,1339.0
2026-05-07 15:15:00,1778138100,42543.0,42549.0,42505.0,42518.0,1177.0
2026-05-07 15:18:00,1778138280,42517.0,42525.0,42457.0,42495.0,1349.0
2026-05-07 15:21:00,1778138460,42498.0,42500.0,42471.0,42471.0,422.0
2026-05-07 15:24:00,1778138640,42470.0,42471.0,42410.0,42421.0,1337.0
2026-05-07 15:27:00,1778138820,42423.0,42448.0,42418.0,42425.0,531.0
2026-05-07 15:30:00,1778139000,42427.0,42440.0,42402.0,42438.0,741.0
2026-05-07 15:33:00,1778139180,42436.0,42454.0,42434.0,42448.0,382.0
2026-05-07 15:36:00,1778139360,42449.0,42465.0,42447.0,42451.0,404.0
2026-05-07 15:39:00,1778139540,42448.0,42473.0,42448.0,42470.0,300.0
2026-05-07 15:42:00,1778139720,42469.0,42476.0,42453.0,42466.0,278.0
2026-05-07 15:45:00,1778139900,42467.0,42473.0,42437.0,42437.0,336.0
2026-05-07 15:48:00,1778140080,42435.0,42435.0,42415.0,42424.0,447.0
2026-05-07 15:51:00,1778140260,42425.0,42437.0,42390.0,42404.0,615.0
2026-05-07 15:54:00,1778140440,42405.0,42410.0,42383.0,42407.0,573.0
2026-05-07 15:57:00,1778140620,42408.0,42414.0,42392.0,42398.0,307.0
2026-05-07 16:00:00,1778140800,42400.0,42430.0,42377.0,42426.0,826.0
2026-05-07 16:03:00,1778140980,42428.0,42454.0,42428.0,42453.0,541.0
2026-05-07 16:06:00,1778141160,42455.0,42465.0,42418.0,42424.0,451.0
2026-05-07 16:09:00,1778141340,42421.0,42428.0,42386.0,42386.0,531.0
2026-05-07 16:12:00,1778141520,42387.0,42403.0,42378.0,42400.0,353.0
2026-05-07 16:15:00,1778141700,42401.0,42406.0,42366.0,42383.0,683.0
2026-05-07 16:18:00,1778141880,42386.0,42395.0,42344.0,42384.0,971.0
2026-05-07 16:21:00,1778142060,42383.0,42385.0,42349.0,42369.0,335.0
2026-05-07 16:24:00,1778142240,42371.0,42385.0,42326.0,42345.0,936.0
2026-05-07 16:27:00,1778142420,42345.0,42358.0,42328.0,42348.0,372.0
2026-05-07 16:30:00,1778142600,42348.0,42389.0,42344.0,42382.0,480.0
2026-05-07 16:33:00,1778142780,42383.0,42384.0,42349.0,42378.0,316.0
2026-05-07 16:36:00,1778142960,42382.0,42385.0,42350.0,42363.0,351.0
2026-05-07 16:39:00,1778143140,42357.0,42365.0,42343.0,42350.0,763.0
2026-05-07 16:42:00,1778143320,42350.0,42362.0,42342.0,42344.0,196.0
2026-05-07 16:45:00,1778143500,42345.0,42350.0,42325.0,42335.0,531.0
2026-05-07 16:48:00,1778143680,42337.0,42344.0,42325.0,42328.0,742.0
2026-05-07 16:51:00,1778143860,42326.0,42351.0,42319.0,42348.0,367.0
2026-05-07 16:54:00,1778144040,42347.0,42349.0,42306.0,42317.0,507.0
2026-05-07 16:57:00,1778144220,42317.0,42330.0,42305.0,42322.0,325.0
2026-05-07 17:00:00,1778144400,42322.0,42329.0,42309.0,42310.0,313.0
2026-05-07 17:03:00,1778144580,42310.0,42316.0,42287.0,42293.0,637.0
2026-05-07 17:06:00,1778144760,42295.0,42295.0,42242.0,42260.0,1518.0
2026-05-07 17:09:00,1778144940,42260.0,42285.0,42250.0,42271.0,580.0
2026-05-07 17:12:00,1778145120,42270.0,42292.0,42250.0,42250.0,637.0
2026-05-07 17:15:00,1778145300,42250.0,42261.0,42210.0,42246.0,1697.0
2026-05-07 17:18:00,1778145480,42243.0,42267.0,42234.0,42257.0,740.0
2026-05-07 17:21:00,1778145660,42256.0,42289.0,42234.0,42288.0,815.0
2026-05-07 17:24:00,1778145840,42287.0,42288.0,42257.0,42260.0,351.0
2026-05-07 17:27:00,1778146020,42262.0,42278.0,42252.0,42273.0,252.0
2026-05-07 17:30:00,1778146200,42272.0,42296.0,42261.0,42286.0,470.0
2026-05-07 17:33:00,1778146380,42283.0,42338.0,42276.0,42327.0,1345.0
2026-05-07 17:36:00,1778146560,42326.0,42331.0,42303.0,42311.0,395.0
2026-05-07 17:39:00,1778146740,42308.0,42319.0,42302.0,42310.0,215.0
2026-05-07 17:42:00,1778146920,42310.0,42328.0,42293.0,42315.0,269.0
2026-05-07 17:45:00,1778147100,42315.0,42328.0,42311.0,42324.0,193.0
2026-05-07 17:48:00,1778147280,42325.0,42338.0,42284.0,42284.0,553.0
2026-05-07 17:51:00,1778147460,42284.0,42285.0,42232.0,42255.0,1483.0
2026-05-07 17:54:00,1778147640,42254.0,42255.0,42222.0,42239.0,808.0
2026-05-07 17:57:00,1778147820,42242.0,42261.0,42225.0,42255.0,590.0
2026-05-07 18:00:00,1778148000,42256.0,42274.0,42238.0,42269.0,686.0
2026-05-07 18:03:00,1778148180,42269.0,42273.0,42225.0,42250.0,785.0
2026-05-07 18:06:00,1778148360,42252.0,42252.0,42222.0,42248.0,473.0
2026-05-07 18:09:00,1778148540,42248.0,42252.0,42209.0,42244.0,726.0
2026-05-07 18:12:00,1778148720,42243.0,42274.0,42239.0,42260.0,416.0
2026-05-07 18:15:00,1778148900,42258.0,42263.0,42236.0,42252.0,257.0
2026-05-07 18:18:00,1778149080,42254.0,42272.0,42248.0,42270.0,235.0
2026-05-07 18:21:00,1778149260,42271.0,42295.0,42266.0,42279.0,342.0
2026-05-07 18:24:00,1778149440,42278.0,42292.0,42272.0,42276.0,198.0
2026-05-07 18:27:00,1778149620,42278.0,42278.0,42246.0,42259.0,246.0
2026-05-07 18:30:00,1778149800,42257.0,42265.0,42236.0,42261.0,374.0
2026-05-07 18:33:00,1778149980,42260.0,42262.0,42239.0,42248.0,166.0
2026-05-07 18:36:00,1778150160,42245.0,42285.0,42245.0,42284.0,723.0
2026-05-07 18:39:00,1778150340,42282.0,42297.0,42272.0,42283.0,604.0
2026-05-07 18:42:00,1778150520,42283.0,42304.0,42272.0,42303.0,412.0
2026-05-07 18:45:00,1778150700,42304.0,42313.0,42275.0,42284.0,364.0
2026-05-07 18:48:00,1778150880,42283.0,42290.0,42268.0,42288.0,188.0
2026-05-07 18:51:00,1778151060,42290.0,42296.0,42278.0,42280.0,130.0
2026-05-07 18:54:00,1778151240,42280.0,42286.0,42261.0,42283.0,417.0
2026-05-07 18:57:00,1778151420,42280.0,42290.0,42270.0,42270.0,329.0
2026-05-07 19:00:00,1778151600,42273.0,42294.0,42266.0,42288.0,245.0
2026-05-07 19:03:00,1778151780,42288.0,42291.0,42274.0,42279.0,94.0
2026-05-07 19:06:00,1778151960,42281.0,42284.0,42258.0,42268.0,154.0
2026-05-07 19:09:00,1778152140,42268.0,42273.0,42254.0,42254.0,114.0
2026-05-07 19:12:00,1778152320,42254.0,42257.0,42242.0,42242.0,207.0
2026-05-07 19:15:00,1778152500,42242.0,42267.0,42226.0,42245.0,519.0
2026-05-07 19:18:00,1778152680,42250.0,42274.0,42249.0,42265.0,172.0
2026-05-07 19:21:00,1778152860,42263.0,42278.0,42258.0,42272.0,137.0
2026-05-07 19:24:00,1778153040,42271.0,42280.0,42265.0,42269.0,131.0
2026-05-07 19:27:00,1778153220,42271.0,42288.0,42261.0,42261.0,156.0
2026-05-07 19:30:00,1778153400,42263.0,42270.0,42250.0,42262.0,162.0
2026-05-07 19:33:00,1778153580,42259.0,42269.0,42245.0,42269.0,140.0
2026-05-07 19:36:00,1778153760,42269.0,42302.0,42269.0,42291.0,404.0
2026-05-07 19:39:00,1778153940,42290.0,42295.0,42262.0,42272.0,404.0
2026-05-07 19:42:00,1778154120,42269.0,42276.0,42264.0,42266.0,179.0
2026-05-07 19:45:00,1778154300,42268.0,42269.0,42257.0,42260.0,176.0
2026-05-07 19:48:00,1778154480,42261.0,42261.0,42220.0,42233.0,708.0
2026-05-07 19:51:00,1778154660,42232.0,42246.0,42216.0,42236.0,382.0
2026-05-07 19:54:00,1778154840,42236.0,42255.0,42233.0,42253.0,182.0
2026-05-07 19:57:00,1778155020,42248.0,42259.0,42237.0,42244.0,231.0
2026-05-07 20:00:00,1778155200,42241.0,42242.0,42224.0,42227.0,188.0
2026-05-07 20:03:00,1778155380,42226.0,42256.0,42222.0,42250.0,254.0
2026-05-07 20:06:00,1778155560,42253.0,42253.0,42232.0,42240.0,281.0
2026-05-07 20:09:00,1778155740,42240.0,42276.0,42240.0,42276.0,257.0
2026-05-07 20:12:00,1778155920,42277.0,42281.0,42264.0,42270.0,239.0
2026-05-07 20:15:00,1778156100,42270.0,42285.0,42256.0,42260.0,203.0
2026-05-07 20:18:00,1778156280,42260.0,42278.0,42250.0,42278.0,189.0
2026-05-07 20:21:00,1778156460,42276.0,42283.0,42257.0,42271.0,188.0
2026-05-07 20:24:00,1778156640,42266.0,42295.0,42261.0,42295.0,228.0
2026-05-07 20:27:00,1778156820,42292.0,42306.0,42288.0,42295.0,307.0
2026-05-07 20:30:00,1778157000,42294.0,42296.0,42270.0,42275.0,225.0
2026-05-07 20:33:00,1778157180,42275.0,42310.0,42275.0,42308.0,252.0
2026-05-07 20:36:00,1778157360,42309.0,42327.0,42305.0,42322.0,517.0
2026-05-07 20:39:00,1778157540,42323.0,42331.0,42308.0,42324.0,393.0
2026-05-07 20:42:00,1778157720,42319.0,42346.0,42319.0,42321.0,525.0
2026-05-07 20:45:00,1778157900,42321.0,42335.0,42313.0,42319.0,209.0
2026-05-07 20:48:00,1778158080,42317.0,42343.0,42310.0,42312.0,242.0
2026-05-07 20:51:00,1778158260,42310.0,42318.0,42297.0,42302.0,318.0
2026-05-07 20:54:00,1778158440,42302.0,42303.0,42276.0,42276.0,355.0
2026-05-07 20:57:00,1778158620,42275.0,42283.0,42272.0,42278.0,197.0
2026-05-07 21:00:00,1778158800,42280.0,42280.0,42231.0,42247.0,775.0
2026-05-07 21:03:00,1778158980,42245.0,42247.0,42223.0,42244.0,444.0
2026-05-07 21:06:00,1778159160,42244.0,42248.0,42229.0,42246.0,226.0
2026-05-07 21:09:00,1778159340,42242.0,42248.0,42218.0,42242.0,313.0
2026-05-07 21:12:00,1778159520,42243.0,42253.0,42237.0,42253.0,197.0
2026-05-07 21:15:00,1778159700,42253.0,42275.0,42251.0,42268.0,320.0
2026-05-07 21:18:00,1778159880,42270.0,42276.0,42262.0,42266.0,150.0
2026-05-07 21:21:00,1778160060,42267.0,42274.0,42253.0,42272.0,162.0
2026-05-07 21:24:00,1778160240,42272.0,42284.0,42261.0,42272.0,189.0
2026-05-07 21:27:00,1778160420,42270.0,42280.0,42252.0,42262.0,176.0
2026-05-07 21:30:00,1778160600,42260.0,42265.0,42136.0,42183.0,3816.0
2026-05-07 21:33:00,1778160780,42184.0,42228.0,42161.0,42205.0,1741.0
2026-05-07 21:36:00,1778160960,42207.0,42207.0,42169.0,42200.0,935.0
2026-05-07 21:39:00,1778161140,42200.0,42200.0,42128.0,42136.0,1248.0
2026-05-07 21:42:00,1778161320,42134.0,42135.0,42056.0,42068.0,2791.0
2026-05-07 21:45:00,1778161500,42068.0,42079.0,42006.0,42035.0,3397.0
2026-05-07 21:48:00,1778161680,42039.0,42124.0,42023.0,42122.0,2097.0
2026-05-07 21:51:00,1778161860,42124.0,42128.0,42047.0,42067.0,1446.0
2026-05-07 21:54:00,1778162040,42072.0,42139.0,42068.0,42104.0,1489.0
2026-05-07 21:57:00,1778162220,42104.0,42123.0,42066.0,42086.0,1010.0
2026-05-07 22:00:00,1778162400,42093.0,42103.0,42054.0,42059.0,1001.0
2026-05-07 22:03:00,1778162580,42056.0,42078.0,42037.0,42066.0,903.0
2026-05-07 22:06:00,1778162760,42067.0,42119.0,42064.0,42107.0,1091.0
2026-05-07 22:09:00,1778162940,42110.0,42154.0,42105.0,42133.0,1259.0
2026-05-07 22:12:00,1778163120,42136.0,42169.0,42124.0,42125.0,1154.0
2026-05-07 22:15:00,1778163300,42124.0,42163.0,42087.0,42144.0,1474.0
2026-05-07 22:18:00,1778163480,42145.0,42164.0,42103.0,42162.0,759.0
2026-05-07 22:21:00,1778163660,42160.0,42194.0,42149.0,42162.0,1328.0
2026-05-07 22:24:00,1778163840,42161.0,42203.0,42152.0,42187.0,957.0
2026-05-07 22:27:00,1778164020,42189.0,42224.0,42179.0,42183.0,1132.0
2026-05-07 22:30:00,1778164200,42182.0,42222.0,42180.0,42208.0,686.0
2026-05-07 22:33:00,1778164380,42206.0,42218.0,42160.0,42160.0,809.0
2026-05-07 22:36:00,1778164560,42164.0,42205.0,42160.0,42201.0,496.0
2026-05-07 22:39:00,1778164740,42202.0,42228.0,42180.0,42182.0,930.0
2026-05-07 22:42:00,1778164920,42185.0,42202.0,42167.0,42173.0,404.0
2026-05-07 22:45:00,1778165100,42172.0,42196.0,42160.0,42168.0,467.0
2026-05-07 22:48:00,1778165280,42166.0,42170.0,42140.0,42168.0,706.0
2026-05-07 22:51:00,1778165460,42168.0,42192.0,42157.0,42192.0,383.0
2026-05-07 22:54:00,1778165640,42192.0,42235.0,42189.0,42215.0,912.0
2026-05-07 22:57:00,1778165820,42216.0,42238.0,42215.0,42229.0,487.0
2026-05-07 23:00:00,1778166000,42232.0,42239.0,42195.0,42200.0,841.0
2026-05-07 23:03:00,1778166180,42201.0,42215.0,42171.0,42171.0,493.0
2026-05-07 23:06:00,1778166360,42170.0,42191.0,42157.0,42187.0,571.0
2026-05-07 23:09:00,1778166540,42188.0,42197.0,42161.0,42161.0,466.0
2026-05-07 23:12:00,1778166720,42161.0,42172.0,42147.0,42158.0,675.0
2026-05-07 23:15:00,1778166900,42160.0,42189.0,42159.0,42182.0,434.0
2026-05-07 23:18:00,1778167080,42182.0,42186.0,42156.0,42162.0,292.0
2026-05-07 23:21:00,1778167260,42161.0,42176.0,42134.0,42175.0,907.0
2026-05-07 23:24:00,1778167440,42172.0,42174.0,42081.0,42121.0,1317.0
2026-05-07 23:27:00,1778167620,42118.0,42147.0,42095.0,42144.0,1228.0
2026-05-07 23:30:00,1778167800,42145.0,42173.0,42137.0,42168.0,1123.0
2026-05-07 23:33:00,1778167980,42168.0,42178.0,42158.0,42165.0,442.0
2026-05-07 23:36:00,1778168160,42164.0,42215.0,42159.0,42196.0,746.0
2026-05-07 23:39:00,1778168340,42197.0,42208.0,42179.0,42188.0,403.0
2026-05-07 23:42:00,1778168520,42191.0,42216.0,42187.0,42201.0,330.0
2026-05-07 23:45:00,1778168700,42200.0,42206.0,42158.0,42158.0,470.0
2026-05-07 23:48:00,1778168880,42160.0,42172.0,42133.0,42146.0,580.0
2026-05-07 23:51:00,1778169060,42147.0,42147.0,42098.0,42125.0,1324.0
2026-05-07 23:54:00,1778169240,42123.0,42133.0,42062.0,42066.0,1408.0
2026-05-07 23:57:00,1778169420,42070.0,42078.0,42008.0,42032.0,1630.0
2026-05-08 00:00:00,1778169600,42034.0,42041.0,41978.0,42033.0,2893.0
2026-05-08 00:03:00,1778169780,42033.0,42038.0,41963.0,42005.0,1477.0
2026-05-08 00:06:00,1778169960,42005.0,42005.0,41951.0,41980.0,1455.0
2026-05-08 00:09:00,1778170140,41978.0,42015.0,41963.0,41970.0,892.0
2026-05-08 00:12:00,1778170320,41967.0,41975.0,41931.0,41960.0,1153.0
2026-05-08 00:15:00,1778170500,41960.0,41960.0,41858.0,41927.0,2700.0
2026-05-08 00:18:00,1778170680,41923.0,41932.0,41856.0,41895.0,1135.0
2026-05-08 00:21:00,1778170860,41895.0,41923.0,41860.0,41922.0,1299.0
2026-05-08 00:24:00,1778171040,41922.0,41969.0,41899.0,41954.0,1274.0
2026-05-08 00:27:00,1778171220,41953.0,41982.0,41946.0,41953.0,880.0
2026-05-08 00:30:00,1778171400,41950.0,41992.0,41946.0,41992.0,684.0
2026-05-08 00:33:00,1778171580,41991.0,42012.0,41976.0,41987.0,978.0
2026-05-08 00:36:00,1778171760,41985.0,41987.0,41930.0,41938.0,585.0
2026-05-08 00:39:00,1778171940,41939.0,41960.0,41919.0,41956.0,641.0
2026-05-08 00:42:00,1778172120,41955.0,41960.0,41917.0,41941.0,346.0
2026-05-08 00:45:00,1778172300,41940.0,41959.0,41928.0,41941.0,331.0
2026-05-08 00:48:00,1778172480,41945.0,41950.0,41923.0,41943.0,253.0
2026-05-08 00:51:00,1778172660,41945.0,41962.0,41916.0,41962.0,421.0
2026-05-08 00:54:00,1778172840,41962.0,41972.0,41935.0,41942.0,376.0
2026-05-08 00:57:00,1778173020,41938.0,41948.0,41907.0,41943.0,413.0
2026-05-08 01:00:00,1778173200,41945.0,41955.0,41911.0,41944.0,449.0
2026-05-08 01:03:00,1778173380,41946.0,41948.0,41921.0,41933.0,211.0
2026-05-08 01:06:00,1778173560,41933.0,41954.0,41929.0,41950.0,200.0
2026-05-08 01:09:00,1778173740,41950.0,41963.0,41888.0,41901.0,669.0
2026-05-08 01:12:00,1778173920,41903.0,41922.0,41888.0,41915.0,375.0
2026-05-08 01:15:00,1778174100,41913.0,41914.0,41879.0,41890.0,428.0
2026-05-08 01:18:00,1778174280,41891.0,41891.0,41840.0,41856.0,1133.0
2026-05-08 01:21:00,1778174460,41852.0,41923.0,41847.0,41906.0,609.0
2026-05-08 01:24:00,1778174640,41907.0,41957.0,41783.0,41793.0,2288.0
2026-05-08 01:27:00,1778174820,41796.0,41856.0,41751.0,41807.0,1813.0
2026-05-08 01:30:00,1778175000,41808.0,41870.0,41785.0,41856.0,884.0
2026-05-08 01:33:00,1778175180,41855.0,41888.0,41814.0,41885.0,619.0
2026-05-08 01:36:00,1778175360,41883.0,41933.0,41875.0,41910.0,700.0
2026-05-08 01:39:00,1778175540,41910.0,41948.0,41910.0,41927.0,450.0
2026-05-08 01:42:00,1778175720,41930.0,41935.0,41895.0,41904.0,304.0
2026-05-08 01:45:00,1778175900,41906.0,41925.0,41897.0,41919.0,217.0
2026-05-08 01:48:00,1778176080,41918.0,41926.0,41877.0,41902.0,274.0
2026-05-08 01:51:00,1778176260,41908.0,41910.0,41864.0,41880.0,275.0
2026-05-08 01:54:00,1778176440,41880.0,41974.0,41875.0,41920.0,978.0
2026-05-08 01:57:00,1778176620,41922.0,41990.0,41922.0,41982.0,712.0
2026-05-08 02:00:00,1778176800,41984.0,42002.0,41961.0,41999.0,842.0
2026-05-08 02:03:00,1778176980,42001.0,42002.0,41962.0,41983.0,257.0
2026-05-08 02:06:00,1778177160,41982.0,42019.0,41982.0,41994.0,486.0
2026-05-08 02:09:00,1778177340,41993.0,41996.0,41931.0,41949.0,475.0
2026-05-08 02:12:00,1778177520,41950.0,41956.0,41935.0,41944.0,213.0
2026-05-08 02:15:00,1778177700,41947.0,41969.0,41940.0,41967.0,110.0
2026-05-08 02:18:00,1778177880,41968.0,41986.0,41948.0,41951.0,202.0
2026-05-08 02:21:00,1778178060,41953.0,41956.0,41933.0,41935.0,204.0
2026-05-08 02:24:00,1778178240,41932.0,41938.0,41904.0,41915.0,225.0
2026-05-08 02:27:00,1778178420,41911.0,41924.0,41898.0,41913.0,141.0
2026-05-08 02:30:00,1778178600,41914.0,41935.0,41901.0,41931.0,215.0
2026-05-08 02:33:00,1778178780,41930.0,41940.0,41915.0,41923.0,144.0
2026-05-08 02:36:00,1778178960,41918.0,41923.0,41862.0,41895.0,374.0
2026-05-08 02:39:00,1778179140,41890.0,41928.0,41882.0,41903.0,215.0
2026-05-08 02:42:00,1778179320,41899.0,41932.0,41829.0,41883.0,613.0
2026-05-08 02:45:00,1778179500,41885.0,41921.0,41830.0,41892.0,581.0
2026-05-08 02:48:00,1778179680,41888.0,41909.0,41848.0,41862.0,321.0
2026-05-08 02:51:00,1778179860,41864.0,41889.0,41851.0,41876.0,165.0
2026-05-08 02:54:00,1778180040,41877.0,41938.0,41861.0,41921.0,482.0
2026-05-08 02:57:00,1778180220,41923.0,41960.0,41923.0,41947.0,451.0
2026-05-08 03:00:00,1778180400,41952.0,41963.0,41927.0,41929.0,240.0
2026-05-08 03:03:00,1778180580,41925.0,41952.0,41924.0,41950.0,112.0
2026-05-08 03:06:00,1778180760,41950.0,41970.0,41921.0,41947.0,208.0
2026-05-08 03:09:00,1778180940,41957.0,41972.0,41947.0,41969.0,105.0
2026-05-08 03:12:00,1778181120,41968.0,41991.0,41967.0,41982.0,237.0
2026-05-08 03:15:00,1778181300,41984.0,41988.0,41913.0,41921.0,356.0
2026-05-08 03:18:00,1778181480,41921.0,41943.0,41890.0,41921.0,472.0
2026-05-08 03:21:00,1778181660,41915.0,41927.0,41900.0,41904.0,141.0
2026-05-08 03:24:00,1778181840,41904.0,41905.0,41860.0,41901.0,391.0
2026-05-08 03:27:00,1778182020,41904.0,41931.0,41899.0,41920.0,141.0
2026-05-08 03:30:00,1778182200,41923.0,41963.0,41923.0,41955.0,160.0
2026-05-08 03:33:00,1778182380,41955.0,41968.0,41952.0,41960.0,85.0
2026-05-08 03:36:00,1778182560,41958.0,41984.0,41952.0,41984.0,135.0
2026-05-08 03:39:00,1778182740,41985.0,41996.0,41965.0,41965.0,208.0
2026-05-08 03:42:00,1778182920,41966.0,41979.0,41964.0,41979.0,78.0
2026-05-08 03:45:00,1778183100,41980.0,41982.0,41964.0,41967.0,63.0
2026-05-08 03:48:00,1778183280,41965.0,42032.0,41958.0,42008.0,783.0
2026-05-08 03:51:00,1778183460,42010.0,42031.0,41929.0,41960.0,775.0
2026-05-08 03:54:00,1778183640,41961.0,41970.0,41921.0,41921.0,189.0
2026-05-08 03:57:00,1778183820,41920.0,41953.0,41916.0,41925.0,226.0
2026-05-08 04:00:00,1778184000,41922.0,42014.0,41916.0,41964.0,655.0
2026-05-08 04:03:00,1778184180,41967.0,42030.0,41967.0,42015.0,372.0
2026-05-08 04:06:00,1778184360,42016.0,42021.0,41992.0,41994.0,112.0
2026-05-08 04:09:00,1778184540,41995.0,42006.0,41988.0,41991.0,67.0
2026-05-08 04:12:00,1778184720,41988.0,41995.0,41987.0,41994.0,48.0
2026-05-08 04:15:00,1778184900,41995.0,42010.0,41991.0,42002.0,214.0
2026-05-08 04:18:00,1778185080,42002.0,42010.0,41997.0,42002.0,84.0
2026-05-08 04:21:00,1778185260,42005.0,42007.0,42003.0,42004.0,23.0
2026-05-08 04:24:00,1778185440,42004.0,42005.0,41988.0,41990.0,63.0
2026-05-08 04:27:00,1778185620,41990.0,42000.0,41989.0,41993.0,52.0
2026-05-08 04:30:00,1778185800,41993.0,42004.0,41978.0,42002.0,145.0
2026-05-08 04:33:00,1778185980,42001.0,42010.0,41995.0,42010.0,71.0
2026-05-08 04:36:00,1778186160,42012.0,42013.0,41924.0,41960.0,481.0
2026-05-08 04:39:00,1778186340,41944.0,41957.0,41924.0,41948.0,315.0
2026-05-08 04:42:00,1778186520,41944.0,41955.0,41938.0,41954.0,71.0
2026-05-08 04:45:00,1778186700,41954.0,41977.0,41940.0,41942.0,180.0
2026-05-08 04:48:00,1778186880,41945.0,41984.0,41943.0,41980.0,121.0
2026-05-08 04:51:00,1778187060,41976.0,41978.0,41965.0,41970.0,65.0
2026-05-08 04:54:00,1778187240,41971.0,41971.0,41950.0,41956.0,53.0
2026-05-08 04:57:00,1778187420,41955.0,41967.0,41941.0,41967.0,254.0
2026-05-08 08:45:00,1778201100,42064.0,42151.0,42052.0,42123.0,4615.0
2026-05-08 08:48:00,1778201280,42121.0,42148.0,42093.0,42134.0,1662.0
2026-05-08 08:51:00,1778201460,42134.0,42158.0,42127.0,42146.0,945.0
2026-05-08 08:54:00,1778201640,42148.0,42153.0,42117.0,42119.0,747.0
2026-05-08 08:57:00,1778201820,42120.0,42144.0,42100.0,42115.0,962.0
2026-05-08 09:00:00,1778202000,42111.0,42175.0,42063.0,42107.0,3139.0
2026-05-08 09:03:00,1778202180,42109.0,42183.0,42100.0,42171.0,2032.0
2026-05-08 09:06:00,1778202360,42175.0,42199.0,42150.0,42183.0,2219.0
2026-05-08 09:09:00,1778202540,42182.0,42197.0,42134.0,42147.0,1462.0
2026-05-08 09:12:00,1778202720,42146.0,42262.0,42139.0,42254.0,3062.0
2026-05-08 09:15:00,1778202900,42256.0,42283.0,42211.0,42226.0,3075.0
2026-05-08 09:18:00,1778203080,42228.0,42257.0,42191.0,42255.0,1592.0
2026-05-08 09:21:00,1778203260,42256.0,42276.0,42230.0,42249.0,1385.0
2026-05-08 09:24:00,1778203440,42249.0,42259.0,42163.0,42230.0,1920.0
2026-05-08 09:27:00,1778203620,42229.0,42295.0,42225.0,42264.0,1898.0
2026-05-08 09:30:00,1778203800,42265.0,42299.0,42236.0,42274.0,1616.0
2026-05-08 09:33:00,1778203980,42275.0,42326.0,42263.0,42266.0,2461.0
2026-05-08 09:36:00,1778204160,42267.0,42269.0,42182.0,42191.0,1899.0
2026-05-08 09:39:00,1778204340,42193.0,42254.0,42169.0,42171.0,1702.0
2026-05-08 09:42:00,1778204520,42174.0,42199.0,42142.0,42179.0,1973.0
2026-05-08 09:45:00,1778204700,42179.0,42262.0,42162.0,42238.0,2021.0
2026-05-08 09:48:00,1778204880,42239.0,42295.0,42206.0,42291.0,1497.0
2026-05-08 09:51:00,1778205060,42295.0,42342.0,42265.0,42283.0,2869.0
2026-05-08 09:54:00,1778205240,42283.0,42297.0,42206.0,42215.0,1678.0
2026-05-08 09:57:00,1778205420,42219.0,42227.0,42173.0,42174.0,1563.0
2026-05-08 10:00:00,1778205600,42176.0,42200.0,42112.0,42115.0,2470.0
2026-05-08 10:03:00,1778205780,42113.0,42156.0,42057.0,42060.0,2902.0
2026-05-08 10:06:00,1778205960,42063.0,42063.0,41960.0,42006.0,5358.0
2026-05-08 10:09:00,1778206140,42006.0,42038.0,41946.0,41960.0,2665.0
2026-05-08 10:12:00,1778206320,41960.0,41965.0,41890.0,41932.0,2847.0
2026-05-08 10:15:00,1778206500,41936.0,41939.0,41787.0,41797.0,4166.0
2026-05-08 10:18:00,1778206680,41801.0,41828.0,41670.0,41740.0,5440.0
2026-05-08 10:21:00,1778206860,41740.0,41783.0,41541.0,41628.0,5914.0
2026-05-08 10:24:00,1778207040,41626.0,41809.0,41600.0,41747.0,5395.0
2026-05-08 10:27:00,1778207220,41747.0,41747.0,41661.0,41681.0,2139.0
2026-05-08 10:30:00,1778207400,41684.0,41759.0,41660.0,41757.0,2009.0
2026-05-08 10:33:00,1778207580,41755.0,41833.0,41731.0,41796.0,2945.0
2026-05-08 10:36:00,1778207760,41796.0,41800.0,41719.0,41781.0,1752.0
2026-05-08 10:39:00,1778207940,41782.0,41860.0,41747.0,41856.0,1981.0
2026-05-08 10:42:00,1778208120,41854.0,41897.0,41816.0,41860.0,2134.0
2026-05-08 10:45:00,1778208300,41860.0,41925.0,41848.0,41923.0,2040.0
2026-05-08 10:48:00,1778208480,41921.0,41978.0,41886.0,41944.0,2401.0
2026-05-08 10:51:00,1778208660,41946.0,41976.0,41905.0,41934.0,1338.0
2026-05-08 10:54:00,1778208840,41937.0,41988.0,41914.0,41961.0,1226.0
2026-05-08 10:57:00,1778209020,41962.0,41976.0,41916.0,41923.0,1074.0
2026-05-08 11:00:00,1778209200,41925.0,41992.0,41908.0,41973.0,1336.0
2026-05-08 11:03:00,1778209380,41975.0,41994.0,41927.0,41947.0,825.0
2026-05-08 11:06:00,1778209560,41947.0,41962.0,41920.0,41955.0,552.0
2026-05-08 11:09:00,1778209740,41957.0,41971.0,41912.0,41949.0,749.0
2026-05-08 11:12:00,1778209920,41949.0,41996.0,41939.0,41974.0,699.0
2026-05-08 11:15:00,1778210100,41973.0,41994.0,41946.0,41955.0,915.0
2026-05-08 11:18:00,1778210280,41956.0,41958.0,41924.0,41938.0,762.0
2026-05-08 11:21:00,1778210460,41938.0,41966.0,41923.0,41936.0,601.0
2026-05-08 11:24:00,1778210640,41938.0,41942.0,41908.0,41922.0,514.0
2026-05-08 11:27:00,1778210820,41922.0,41949.0,41906.0,41926.0,512.0
2026-05-08 11:30:00,1778211000,41921.0,42026.0,41918.0,42000.0,1798.0
2026-05-08 11:33:00,1778211180,41999.0,42010.0,41969.0,41988.0,653.0
2026-05-08 11:36:00,1778211360,41988.0,42027.0,41969.0,41980.0,749.0
2026-05-08 11:39:00,1778211540,41976.0,41981.0,41932.0,41944.0,795.0
2026-05-08 11:42:00,1778211720,41950.0,41960.0,41914.0,41938.0,570.0
2026-05-08 11:45:00,1778211900,41933.0,41933.0,41883.0,41898.0,1306.0
2026-05-08 11:48:00,1778212080,41898.0,41912.0,41852.0,41858.0,1197.0
2026-05-08 11:51:00,1778212260,41856.0,41918.0,41846.0,41894.0,943.0
2026-05-08 11:54:00,1778212440,41894.0,41928.0,41884.0,41912.0,543.0
2026-05-08 11:57:00,1778212620,41911.0,41968.0,41908.0,41955.0,906.0
2026-05-08 12:00:00,1778212800,41956.0,41960.0,41906.0,41909.0,633.0
2026-05-08 12:03:00,1778212980,41909.0,41934.0,41895.0,41905.0,475.0
2026-05-08 12:06:00,1778213160,41902.0,41932.0,41889.0,41930.0,408.0
2026-05-08 12:09:00,1778213340,41927.0,41965.0,41911.0,41944.0,608.0
2026-05-08 12:12:00,1778213520,41944.0,41944.0,41893.0,41908.0,532.0
2026-05-08 12:15:00,1778213700,41905.0,41958.0,41866.0,41945.0,1040.0
2026-05-08 12:18:00,1778213880,41945.0,41970.0,41930.0,41964.0,679.0
2026-05-08 12:21:00,1778214060,41963.0,41967.0,41942.0,41950.0,359.0
2026-05-08 12:24:00,1778214240,41948.0,41950.0,41918.0,41931.0,337.0
2026-05-08 12:27:00,1778214420,41930.0,41967.0,41920.0,41944.0,425.0
2026-05-08 12:30:00,1778214600,41946.0,41983.0,41910.0,41922.0,655.0
2026-05-08 12:33:00,1778214780,41922.0,41922.0,41890.0,41903.0,473.0
2026-05-08 12:36:00,1778214960,41903.0,41916.0,41890.0,41898.0,334.0
2026-05-08 12:39:00,1778215140,41898.0,41901.0,41855.0,41865.0,658.0
2026-05-08 12:42:00,1778215320,41862.0,41867.0,41815.0,41821.0,1249.0
2026-05-08 12:45:00,1778215500,41818.0,41869.0,41814.0,41834.0,870.0
2026-05-08 12:48:00,1778215680,41833.0,41883.0,41826.0,41864.0,690.0
2026-05-08 12:51:00,1778215860,41868.0,41925.0,41861.0,41919.0,890.0
2026-05-08 12:54:00,1778216040,41915.0,41929.0,41901.0,41901.0,544.0
2026-05-08 12:57:00,1778216220,41901.0,41936.0,41897.0,41931.0,438.0
2026-05-08 13:00:00,1778216400,41932.0,41972.0,41921.0,41929.0,1236.0
2026-05-08 13:03:00,1778216580,41925.0,41930.0,41900.0,41919.0,393.0
2026-05-08 13:06:00,1778216760,41915.0,41937.0,41906.0,41924.0,311.0
2026-05-08 13:09:00,1778216940,41927.0,41960.0,41923.0,41936.0,703.0
2026-05-08 13:12:00,1778217120,41940.0,41971.0,41940.0,41962.0,482.0
2026-05-08 13:15:00,1778217300,41959.0,41968.0,41947.0,41962.0,264.0
2026-05-08 13:18:00,1778217480,41960.0,41965.0,41943.0,41952.0,358.0
2026-05-08 13:21:00,1778217660,41955.0,41958.0,41934.0,41937.0,273.0
2026-05-08 13:24:00,1778217840,41934.0,41955.0,41917.0,41930.0,602.0
2026-05-08 13:27:00,1778218020,41931.0,41942.0,41924.0,41936.0,306.0
2026-05-08 13:30:00,1778218200,41934.0,41966.0,41919.0,41961.0,1203.0
2026-05-08 13:33:00,1778218380,41962.0,41969.0,41927.0,41942.0,614.0
2026-05-08 13:36:00,1778218560,41940.0,41963.0,41938.0,41943.0,382.0
2026-05-08 13:39:00,1778218740,41942.0,41954.0,41923.0,41951.0,572.0
2026-05-08 13:42:00,1778218920,41946.0,41963.0,41911.0,41936.0,1032.0
2026-05-08 15:00:00,1778223600,41999.0,42044.0,41933.0,41938.0,1592.0
2026-05-08 15:03:00,1778223780,41939.0,41963.0,41928.0,41937.0,521.0
2026-05-08 15:06:00,1778223960,41935.0,41948.0,41907.0,41914.0,410.0
2026-05-08 15:09:00,1778224140,41915.0,41924.0,41870.0,41873.0,600.0
2026-05-08 15:12:00,1778224320,41876.0,41908.0,41860.0,41869.0,581.0
2026-05-08 15:15:00,1778224500,41867.0,41875.0,41800.0,41834.0,1034.0
2026-05-08 15:18:00,1778224680,41835.0,41853.0,41819.0,41842.0,543.0
2026-05-08 15:21:00,1778224860,41843.0,41847.0,41804.0,41823.0,462.0
2026-05-08 15:24:00,1778225040,41822.0,41826.0,41802.0,41805.0,388.0
2026-05-08 15:27:00,1778225220,41804.0,41846.0,41802.0,41843.0,517.0
2026-05-08 15:30:00,1778225400,41845.0,41852.0,41820.0,41839.0,352.0
2026-05-08 15:33:00,1778225580,41842.0,41854.0,41825.0,41836.0,349.0
2026-05-08 15:36:00,1778225760,41840.0,41846.0,41831.0,41844.0,112.0
2026-05-08 15:39:00,1778225940,41844.0,41845.0,41822.0,41833.0,159.0
2026-05-08 15:42:00,1778226120,41832.0,41842.0,41818.0,41832.0,164.0
2026-05-08 15:45:00,1778226300,41833.0,41840.0,41757.0,41765.0,1002.0
2026-05-08 15:48:00,1778226480,41762.0,41798.0,41754.0,41783.0,553.0
2026-05-08 15:51:00,1778226660,41786.0,41787.0,41749.0,41762.0,531.0
2026-05-08 15:54:00,1778226840,41762.0,41764.0,41741.0,41759.0,419.0
2026-05-08 15:57:00,1778227020,41759.0,41762.0,41745.0,41759.0,264.0
2026-05-08 16:00:00,1778227200,41760.0,41762.0,41713.0,41721.0,888.0
2026-05-08 16:03:00,1778227380,41720.0,41754.0,41719.0,41736.0,501.0
2026-05-08 16:06:00,1778227560,41737.0,41745.0,41726.0,41745.0,371.0
2026-05-08 16:09:00,1778227740,41745.0,41780.0,41743.0,41780.0,532.0
2026-05-08 16:12:00,1778227920,41778.0,41794.0,41760.0,41761.0,438.0
2026-05-08 16:15:00,1778228100,41763.0,41794.0,41759.0,41778.0,303.0
2026-05-08 16:18:00,1778228280,41781.0,41804.0,41778.0,41795.0,395.0
2026-05-08 16:21:00,1778228460,41796.0,41824.0,41796.0,41810.0,467.0
2026-05-08 16:24:00,1778228640,41812.0,41817.0,41798.0,41805.0,256.0
2026-05-08 16:27:00,1778228820,41804.0,41812.0,41796.0,41804.0,154.0
2026-05-08 16:30:00,1778229000,41806.0,41816.0,41797.0,41805.0,197.0
2026-05-08 16:33:00,1778229180,41807.0,41825.0,41807.0,41811.0,282.0
2026-05-08 16:36:00,1778229360,41811.0,41820.0,41806.0,41806.0,140.0
2026-05-08 16:39:00,1778229540,41808.0,41813.0,41803.0,41811.0,87.0
2026-05-08 16:42:00,1778229720,41808.0,41808.0,41778.0,41787.0,362.0
2026-05-08 16:45:00,1778229900,41788.0,41805.0,41786.0,41805.0,140.0
2026-05-08 16:48:00,1778230080,41804.0,41829.0,41801.0,41815.0,314.0
2026-05-08 16:51:00,1778230260,41816.0,41816.0,41800.0,41811.0,146.0
2026-05-08 16:54:00,1778230440,41810.0,41811.0,41795.0,41800.0,79.0
2026-05-08 16:57:00,1778230620,41801.0,41812.0,41795.0,41807.0,114.0
2026-05-08 17:00:00,1778230800,41809.0,41855.0,41801.0,41843.0,528.0
2026-05-08 17:03:00,1778230980,41847.0,41867.0,41839.0,41863.0,430.0
2026-05-08 17:06:00,1778231160,41863.0,41900.0,41862.0,41900.0,585.0
2026-05-08 17:09:00,1778231340,41900.0,41900.0,41875.0,41883.0,337.0
2026-05-08 17:12:00,1778231520,41882.0,41882.0,41861.0,41861.0,225.0
2026-05-08 17:15:00,1778231700,41861.0,41863.0,41852.0,41856.0,218.0
2026-05-08 17:18:00,1778231880,41856.0,41871.0,41856.0,41861.0,180.0
2026-05-08 17:21:00,1778232060,41868.0,41884.0,41868.0,41873.0,192.0
2026-05-08 17:24:00,1778232240,41877.0,41881.0,41872.0,41874.0,132.0
2026-05-08 17:27:00,1778232420,41875.0,41888.0,41864.0,41866.0,186.0
2026-05-08 17:30:00,1778232600,41866.0,41866.0,41806.0,41811.0,651.0
2026-05-08 17:33:00,1778232780,41808.0,41829.0,41800.0,41811.0,382.0
2026-05-08 17:36:00,1778232960,41815.0,41822.0,41800.0,41806.0,199.0
2026-05-08 17:39:00,1778233140,41808.0,41814.0,41777.0,41789.0,356.0
2026-05-08 17:42:00,1778233320,41789.0,41800.0,41783.0,41795.0,149.0
2026-05-08 17:45:00,1778233500,41791.0,41797.0,41762.0,41767.0,311.0
2026-05-08 17:48:00,1778233680,41766.0,41766.0,41731.0,41737.0,625.0
2026-05-08 17:51:00,1778233860,41734.0,41749.0,41672.0,41676.0,1311.0
2026-05-08 17:54:00,1778234040,41676.0,41705.0,41669.0,41687.0,742.0
2026-05-08 17:57:00,1778234220,41684.0,41723.0,41682.0,41717.0,630.0
2026-05-08 18:00:00,1778234400,41714.0,41736.0,41711.0,41726.0,454.0
2026-05-08 18:03:00,1778234580,41726.0,41737.0,41723.0,41736.0,206.0
2026-05-08 18:06:00,1778234760,41737.0,41745.0,41727.0,41729.0,211.0
2026-05-08 18:09:00,1778234940,41726.0,41747.0,41720.0,41740.0,213.0
2026-05-08 18:12:00,1778235120,41740.0,41740.0,41728.0,41738.0,120.0
2026-05-08 18:15:00,1778235300,41738.0,41759.0,41738.0,41759.0,201.0
2026-05-08 18:18:00,1778235480,41757.0,41765.0,41736.0,41740.0,274.0
2026-05-08 18:21:00,1778235660,41740.0,41750.0,41720.0,41750.0,210.0
2026-05-08 18:24:00,1778235840,41748.0,41778.0,41748.0,41763.0,295.0
2026-05-08 18:27:00,1778236020,41765.0,41781.0,41763.0,41765.0,228.0
2026-05-08 18:30:00,1778236200,41767.0,41783.0,41766.0,41775.0,220.0
2026-05-08 18:33:00,1778236380,41772.0,41795.0,41769.0,41782.0,272.0
2026-05-08 18:36:00,1778236560,41780.0,41807.0,41780.0,41792.0,311.0
2026-05-08 18:39:00,1778236740,41791.0,41796.0,41785.0,41792.0,115.0
2026-05-08 18:42:00,1778236920,41791.0,41794.0,41767.0,41767.0,226.0
2026-05-08 18:45:00,1778237100,41769.0,41769.0,41753.0,41753.0,258.0
2026-05-08 18:48:00,1778237280,41753.0,41753.0,41737.0,41739.0,253.0
2026-05-08 18:51:00,1778237460,41737.0,41752.0,41730.0,41738.0,200.0
2026-05-08 18:54:00,1778237640,41737.0,41751.0,41672.0,41690.0,896.0
2026-05-08 18:57:00,1778237820,41690.0,41741.0,41682.0,41728.0,416.0
2026-05-08 19:00:00,1778238000,41729.0,41764.0,41729.0,41752.0,345.0
2026-05-08 19:03:00,1778238180,41751.0,41788.0,41745.0,41779.0,323.0
2026-05-08 19:06:00,1778238360,41777.0,41784.0,41768.0,41769.0,230.0
2026-05-08 19:09:00,1778238540,41767.0,41778.0,41748.0,41757.0,254.0
2026-05-08 19:12:00,1778238720,41757.0,41774.0,41756.0,41774.0,134.0
2026-05-08 19:15:00,1778238900,41774.0,41785.0,41767.0,41767.0,144.0
2026-05-08 19:18:00,1778239080,41767.0,41775.0,41760.0,41773.0,103.0
2026-05-08 19:21:00,1778239260,41773.0,41773.0,41754.0,41756.0,105.0
2026-05-08 19:24:00,1778239440,41757.0,41788.0,41755.0,41778.0,195.0
2026-05-08 19:27:00,1778239620,41780.0,41791.0,41780.0,41790.0,117.0
2026-05-08 19:30:00,1778239800,41790.0,41791.0,41771.0,41780.0,123.0
2026-05-08 19:33:00,1778239980,41780.0,41781.0,41759.0,41772.0,142.0
2026-05-08 19:36:00,1778240160,41769.0,41776.0,41764.0,41773.0,71.0
2026-05-08 19:39:00,1778240340,41773.0,41773.0,41757.0,41757.0,134.0
2026-05-08 19:42:00,1778240520,41758.0,41772.0,41758.0,41758.0,119.0
2026-05-08 19:45:00,1778240700,41758.0,41763.0,41751.0,41760.0,123.0
2026-05-08 19:48:00,1778240880,41762.0,41780.0,41762.0,41776.0,126.0
2026-05-08 19:51:00,1778241060,41776.0,41785.0,41765.0,41769.0,148.0
2026-05-08 19:54:00,1778241240,41769.0,41777.0,41768.0,41768.0,67.0
2026-05-08 19:57:00,1778241420,41767.0,41770.0,41757.0,41760.0,74.0
2026-05-08 20:00:00,1778241600,41758.0,41774.0,41747.0,41765.0,248.0
2026-05-08 20:03:00,1778241780,41765.0,41778.0,41754.0,41759.0,92.0
2026-05-08 20:06:00,1778241960,41759.0,41785.0,41758.0,41776.0,177.0
2026-05-08 20:09:00,1778242140,41774.0,41780.0,41755.0,41764.0,113.0
2026-05-08 20:12:00,1778242320,41764.0,41768.0,41748.0,41754.0,104.0
2026-05-08 20:15:00,1778242500,41756.0,41768.0,41752.0,41761.0,138.0
2026-05-08 20:18:00,1778242680,41765.0,41776.0,41762.0,41768.0,87.0
2026-05-08 20:21:00,1778242860,41768.0,41772.0,41762.0,41764.0,56.0
2026-05-08 20:24:00,1778243040,41762.0,41772.0,41753.0,41770.0,126.0
2026-05-08 20:27:00,1778243220,41772.0,41778.0,41760.0,41777.0,109.0
2026-05-08 20:30:00,1778243400,41778.0,41868.0,41775.0,41818.0,1590.0
2026-05-08 20:33:00,1778243580,41820.0,41930.0,41819.0,41911.0,1669.0
2026-05-08 20:36:00,1778243760,41912.0,41948.0,41899.0,41900.0,1081.0
2026-05-08 20:39:00,1778243940,41901.0,41918.0,41880.0,41900.0,767.0
2026-05-08 20:42:00,1778244120,41897.0,41908.0,41885.0,41885.0,294.0
2026-05-08 20:45:00,1778244300,41885.0,41897.0,41864.0,41895.0,597.0
2026-05-08 20:48:00,1778244480,41896.0,41896.0,41839.0,41843.0,526.0
2026-05-08 20:51:00,1778244660,41841.0,41857.0,41830.0,41852.0,558.0
2026-05-08 20:54:00,1778244840,41852.0,41876.0,41845.0,41875.0,290.0
2026-05-08 20:57:00,1778245020,41875.0,41885.0,41792.0,41829.0,845.0
2026-05-08 21:00:00,1778245200,41829.0,41866.0,41821.0,41853.0,500.0
2026-05-08 21:03:00,1778245380,41851.0,41875.0,41824.0,41824.0,413.0
2026-05-08 21:06:00,1778245560,41822.0,41826.0,41788.0,41817.0,705.0
2026-05-08 21:09:00,1778245740,41818.0,41837.0,41810.0,41819.0,328.0
2026-05-08 21:12:00,1778245920,41817.0,41833.0,41793.0,41815.0,333.0
2026-05-08 21:15:00,1778246100,41812.0,41852.0,41798.0,41852.0,362.0
2026-05-08 21:18:00,1778246280,41850.0,41856.0,41831.0,41854.0,306.0
2026-05-08 21:21:00,1778246460,41853.0,41867.0,41834.0,41860.0,304.0
2026-05-08 21:24:00,1778246640,41860.0,41872.0,41851.0,41854.0,290.0
2026-05-08 21:27:00,1778246820,41855.0,41888.0,41852.0,41884.0,297.0
2026-05-08 21:30:00,1778247000,41886.0,41917.0,41828.0,41905.0,1668.0
2026-05-08 21:33:00,1778247180,41906.0,41983.0,41899.0,41967.0,2395.0
2026-05-08 21:36:00,1778247360,41968.0,42039.0,41964.0,42000.0,2643.0
2026-05-08 21:39:00,1778247540,41999.0,42063.0,41988.0,42046.0,2163.0
2026-05-08 21:42:00,1778247720,42045.0,42095.0,42045.0,42090.0,1611.0
2026-05-08 21:45:00,1778247900,42091.0,42144.0,42091.0,42132.0,2088.0
2026-05-08 21:48:00,1778248080,42131.0,42149.0,42102.0,42111.0,1363.0
2026-05-08 21:51:00,1778248260,42108.0,42132.0,42082.0,42102.0,1344.0
2026-05-08 21:54:00,1778248440,42102.0,42125.0,42090.0,42101.0,638.0
2026-05-08 21:57:00,1778248620,42102.0,42175.0,42098.0,42175.0,1237.0
2026-05-08 22:00:00,1778248800,42175.0,42204.0,42152.0,42184.0,2204.0
2026-05-08 22:03:00,1778248980,42183.0,42183.0,42153.0,42172.0,911.0
2026-05-08 22:06:00,1778249160,42173.0,42173.0,42123.0,42163.0,1060.0
2026-05-08 22:09:00,1778249340,42161.0,42164.0,42105.0,42116.0,965.0
2026-05-08 22:12:00,1778249520,42117.0,42126.0,42087.0,42094.0,986.0
2026-05-08 22:15:00,1778249700,42094.0,42138.0,42091.0,42108.0,792.0
2026-05-08 22:18:00,1778249880,42107.0,42133.0,42106.0,42118.0,375.0
2026-05-08 22:21:00,1778250060,42120.0,42148.0,42115.0,42130.0,594.0
2026-05-08 22:24:00,1778250240,42129.0,42160.0,42129.0,42147.0,508.0
2026-05-08 22:27:00,1778250420,42144.0,42145.0,42047.0,42059.0,1403.0
2026-05-08 22:30:00,1778250600,42058.0,42095.0,42015.0,42084.0,2074.0
2026-05-08 22:33:00,1778250780,42083.0,42108.0,42038.0,42038.0,1038.0
2026-05-08 22:36:00,1778250960,42038.0,42080.0,42022.0,42078.0,917.0
2026-05-08 22:39:00,1778251140,42080.0,42105.0,42075.0,42088.0,718.0
2026-05-08 22:42:00,1778251320,42083.0,42127.0,42081.0,42120.0,865.0
2026-05-08 22:45:00,1778251500,42118.0,42140.0,42103.0,42131.0,734.0
2026-05-08 22:48:00,1778251680,42130.0,42134.0,42109.0,42125.0,489.0
2026-05-08 22:51:00,1778251860,42125.0,42149.0,42120.0,42146.0,475.0
2026-05-08 22:54:00,1778252040,42145.0,42155.0,42134.0,42142.0,563.0
2026-05-08 22:57:00,1778252220,42141.0,42171.0,42136.0,42157.0,741.0
2026-05-08 23:00:00,1778252400,42158.0,42183.0,42146.0,42150.0,906.0
2026-05-08 23:03:00,1778252580,42147.0,42186.0,42146.0,42186.0,585.0
2026-05-08 23:06:00,1778252760,42185.0,42232.0,42183.0,42221.0,1938.0
2026-05-08 23:09:00,1778252940,42220.0,42231.0,42189.0,42216.0,994.0
2026-05-08 23:12:00,1778253120,42214.0,42215.0,42151.0,42168.0,981.0
2026-05-08 23:15:00,1778253300,42166.0,42170.0,42119.0,42133.0,992.0
2026-05-08 23:18:00,1778253480,42135.0,42165.0,42102.0,42163.0,876.0
2026-05-08 23:21:00,1778253660,42163.0,42188.0,42162.0,42176.0,549.0
2026-05-08 23:24:00,1778253840,42174.0,42185.0,42147.0,42165.0,470.0
2026-05-08 23:27:00,1778254020,42166.0,42182.0,42162.0,42182.0,327.0
2026-05-08 23:30:00,1778254200,42180.0,42185.0,42126.0,42170.0,597.0
2026-05-08 23:33:00,1778254380,42168.0,42197.0,42158.0,42195.0,500.0
2026-05-08 23:36:00,1778254560,42192.0,42224.0,42192.0,42197.0,803.0
2026-05-08 23:39:00,1778254740,42199.0,42208.0,42177.0,42178.0,528.0
2026-05-08 23:42:00,1778254920,42179.0,42180.0,42124.0,42153.0,820.0
2026-05-08 23:45:00,1778255100,42153.0,42205.0,42148.0,42203.0,588.0
2026-05-08 23:48:00,1778255280,42202.0,42204.0,42190.0,42192.0,305.0
2026-05-08 23:51:00,1778255460,42190.0,42204.0,42179.0,42202.0,285.0
2026-05-08 23:54:00,1778255640,42204.0,42216.0,42192.0,42206.0,387.0
2026-05-08 23:57:00,1778255820,42208.0,42210.0,42184.0,42187.0,273.0
2026-05-09 00:00:00,1778256000,42190.0,42245.0,42190.0,42221.0,1476.0
2026-05-09 00:03:00,1778256180,42220.0,42225.0,42191.0,42216.0,494.0
2026-05-09 00:06:00,1778256360,42217.0,42219.0,42190.0,42191.0,250.0
2026-05-09 00:09:00,1778256540,42192.0,42209.0,42185.0,42190.0,356.0
2026-05-09 00:12:00,1778256720,42188.0,42212.0,42183.0,42205.0,250.0
2026-05-09 00:15:00,1778256900,42201.0,42212.0,42200.0,42206.0,162.0
2026-05-09 00:18:00,1778257080,42204.0,42236.0,42204.0,42212.0,431.0
2026-05-09 00:21:00,1778257260,42211.0,42233.0,42211.0,42226.0,208.0
2026-05-09 00:24:00,1778257440,42226.0,42253.0,42226.0,42249.0,657.0
2026-05-09 00:27:00,1778257620,42250.0,42258.0,42240.0,42256.0,341.0
2026-05-09 00:30:00,1778257800,42255.0,42262.0,42236.0,42248.0,480.0
2026-05-09 00:33:00,1778257980,42245.0,42258.0,42218.0,42220.0,393.0
2026-05-09 00:36:00,1778258160,42219.0,42250.0,42218.0,42247.0,281.0
2026-05-09 00:39:00,1778258340,42246.0,42260.0,42223.0,42228.0,331.0
2026-05-09 00:42:00,1778258520,42230.0,42238.0,42224.0,42228.0,230.0
2026-05-09 00:45:00,1778258700,42230.0,42249.0,42224.0,42237.0,240.0
2026-05-09 00:48:00,1778258880,42237.0,42249.0,42164.0,42167.0,1273.0
2026-05-09 00:51:00,1778259060,42166.0,42219.0,42141.0,42216.0,1291.0
2026-05-09 00:54:00,1778259240,42219.0,42225.0,42150.0,42155.0,652.0
2026-05-09 00:57:00,1778259420,42157.0,42176.0,42152.0,42165.0,530.0
2026-05-09 01:00:00,1778259600,42165.0,42180.0,42154.0,42172.0,435.0
2026-05-09 01:03:00,1778259780,42170.0,42170.0,42116.0,42119.0,880.0
2026-05-09 01:06:00,1778259960,42118.0,42132.0,42056.0,42105.0,1425.0
2026-05-09 01:09:00,1778260140,42103.0,42163.0,42102.0,42134.0,789.0
2026-05-09 01:12:00,1778260320,42133.0,42148.0,42114.0,42145.0,404.0
2026-05-09 01:15:00,1778260500,42143.0,42179.0,42140.0,42144.0,596.0
2026-05-09 01:18:00,1778260680,42142.0,42159.0,42132.0,42136.0,249.0
2026-05-09 01:21:00,1778260860,42138.0,42194.0,42138.0,42194.0,575.0
2026-05-09 01:24:00,1778261040,42192.0,42216.0,42188.0,42189.0,544.0
2026-05-09 01:27:00,1778261220,42189.0,42220.0,42186.0,42214.0,450.0
2026-05-09 01:30:00,1778261400,42215.0,42225.0,42206.0,42211.0,397.0
2026-05-09 01:33:00,1778261580,42211.0,42218.0,42196.0,42214.0,261.0
2026-05-09 01:36:00,1778261760,42216.0,42225.0,42200.0,42207.0,187.0
2026-05-09 01:39:00,1778261940,42209.0,42209.0,42182.0,42189.0,275.0
2026-05-09 01:42:00,1778262120,42186.0,42210.0,42185.0,42205.0,262.0
2026-05-09 01:45:00,1778262300,42205.0,42233.0,42197.0,42197.0,409.0
2026-05-09 01:48:00,1778262480,42199.0,42210.0,42185.0,42197.0,175.0
2026-05-09 01:51:00,1778262660,42193.0,42194.0,42164.0,42191.0,327.0
2026-05-09 01:54:00,1778262840,42195.0,42202.0,42190.0,42202.0,148.0
2026-05-09 01:57:00,1778263020,42202.0,42203.0,42181.0,42181.0,119.0
2026-05-09 02:00:00,1778263200,42183.0,42232.0,42171.0,42218.0,695.0
2026-05-09 02:03:00,1778263380,42215.0,42229.0,42205.0,42229.0,136.0
2026-05-09 02:06:00,1778263560,42228.0,42238.0,42222.0,42227.0,215.0
2026-05-09 02:09:00,1778263740,42227.0,42237.0,42218.0,42228.0,203.0
2026-05-09 02:12:00,1778263920,42226.0,42244.0,42224.0,42238.0,145.0
2026-05-09 02:15:00,1778264100,42238.0,42243.0,42222.0,42228.0,138.0
2026-05-09 02:18:00,1778264280,42223.0,42234.0,42217.0,42234.0,112.0
2026-05-09 02:21:00,1778264460,42235.0,42237.0,42228.0,42228.0,60.0
2026-05-09 02:24:00,1778264640,42228.0,42236.0,42226.0,42228.0,53.0
2026-05-09 02:27:00,1778264820,42228.0,42237.0,42221.0,42232.0,81.0
2026-05-09 02:30:00,1778265000,42231.0,42239.0,42227.0,42228.0,75.0
2026-05-09 02:33:00,1778265180,42230.0,42234.0,42215.0,42225.0,135.0
2026-05-09 02:36:00,1778265360,42228.0,42228.0,42202.0,42214.0,147.0
2026-05-09 02:39:00,1778265540,42213.0,42213.0,42193.0,42197.0,147.0
2026-05-09 02:42:00,1778265720,42197.0,42215.0,42192.0,42195.0,83.0
2026-05-09 02:45:00,1778265900,42195.0,42203.0,42188.0,42200.0,96.0
2026-05-09 02:48:00,1778266080,42198.0,42204.0,42184.0,42196.0,115.0
2026-05-09 02:51:00,1778266260,42195.0,42210.0,42195.0,42205.0,74.0
2026-05-09 02:54:00,1778266440,42202.0,42208.0,42155.0,42188.0,321.0
2026-05-09 02:57:00,1778266620,42187.0,42200.0,42174.0,42174.0,138.0
2026-05-09 03:00:00,1778266800,42170.0,42207.0,42168.0,42207.0,153.0
2026-05-09 03:03:00,1778266980,42208.0,42211.0,42200.0,42203.0,74.0
2026-05-09 03:06:00,1778267160,42203.0,42242.0,42203.0,42237.0,285.0
2026-05-09 03:09:00,1778267340,42234.0,42246.0,42227.0,42239.0,197.0
2026-05-09 03:12:00,1778267520,42241.0,42255.0,42221.0,42224.0,289.0
2026-05-09 03:15:00,1778267700,42224.0,42243.0,42224.0,42232.0,61.0
2026-05-09 03:18:00,1778267880,42231.0,42239.0,42222.0,42230.0,99.0
2026-05-09 03:21:00,1778268060,42229.0,42240.0,42224.0,42226.0,90.0
2026-05-09 03:24:00,1778268240,42226.0,42226.0,42215.0,42217.0,95.0
2026-05-09 03:27:00,1778268420,42217.0,42218.0,42192.0,42192.0,122.0
2026-05-09 03:30:00,1778268600,42193.0,42213.0,42186.0,42193.0,133.0
2026-05-09 03:33:00,1778268780,42200.0,42215.0,42196.0,42213.0,47.0
2026-05-09 03:36:00,1778268960,42213.0,42230.0,42213.0,42230.0,54.0
2026-05-09 03:39:00,1778269140,42230.0,42242.0,42211.0,42233.0,248.0
2026-05-09 03:42:00,1778269320,42233.0,42233.0,42225.0,42227.0,36.0
2026-05-09 03:45:00,1778269500,42225.0,42232.0,42217.0,42221.0,51.0
2026-05-09 03:48:00,1778269680,42222.0,42223.0,42187.0,42206.0,128.0
2026-05-09 03:51:00,1778269860,42203.0,42204.0,42184.0,42189.0,113.0
2026-05-09 03:54:00,1778270040,42195.0,42232.0,42195.0,42220.0,103.0
2026-05-09 03:57:00,1778270220,42224.0,42239.0,42218.0,42237.0,115.0
2026-05-09 04:00:00,1778270400,42236.0,42258.0,42217.0,42255.0,407.0
2026-05-09 04:03:00,1778270580,42255.0,42257.0,42244.0,42250.0,127.0
2026-05-09 04:06:00,1778270760,42252.0,42253.0,42246.0,42247.0,39.0
2026-05-09 04:09:00,1778270940,42246.0,42249.0,42240.0,42240.0,65.0
2026-05-09 04:12:00,1778271120,42240.0,42249.0,42240.0,42246.0,31.0
2026-05-09 04:15:00,1778271300,42246.0,42250.0,42240.0,42244.0,60.0
2026-05-09 04:18:00,1778271480,42246.0,42248.0,42236.0,42238.0,60.0
2026-05-09 04:21:00,1778271660,42238.0,42247.0,42236.0,42247.0,57.0
2026-05-09 04:24:00,1778271840,42246.0,42247.0,42240.0,42245.0,46.0
2026-05-09 04:27:00,1778272020,42245.0,42255.0,42245.0,42253.0,110.0
2026-05-09 04:30:00,1778272200,42254.0,42256.0,42244.0,42256.0,83.0
2026-05-09 04:33:00,1778272380,42255.0,42258.0,42252.0,42252.0,50.0
2026-05-09 04:36:00,1778272560,42254.0,42258.0,42254.0,42257.0,40.0
2026-05-09 04:39:00,1778272740,42258.0,42259.0,42256.0,42259.0,55.0
2026-05-09 04:42:00,1778272920,42259.0,42288.0,42259.0,42286.0,767.0
2026-05-09 04:45:00,1778273100,42283.0,42286.0,42276.0,42284.0,162.0
2026-05-09 04:48:00,1778273280,42284.0,42285.0,42275.0,42280.0,122.0
2026-05-09 04:51:00,1778273460,42280.0,42288.0,42277.0,42285.0,85.0
2026-05-09 04:54:00,1778273640,42285.0,42300.0,42285.0,42300.0,271.0
2026-05-09 04:57:00,1778273820,42300.0,42300.0,42285.0,42291.0,233.0
2026-05-11 08:45:00,1778460300,42216.0,42255.0,42157.0,42219.0,4657.0
2026-05-11 08:48:00,1778460480,42211.0,42219.0,42152.0,42165.0,1682.0
2026-05-11 08:51:00,1778460660,42165.0,42167.0,41974.0,41998.0,5233.0
2026-05-11 08:54:00,1778460840,41993.0,42016.0,41887.0,41887.0,3818.0
2026-05-11 08:57:00,1778461020,41890.0,41948.0,41808.0,41941.0,3424.0
2026-05-11 09:00:00,1778461200,41941.0,41945.0,41803.0,41894.0,3825.0
2026-05-11 09:03:00,1778461380,41891.0,41989.0,41889.0,41977.0,3198.0
2026-05-11 09:06:00,1778461560,41977.0,41998.0,41866.0,41946.0,2878.0
2026-05-11 09:09:00,1778461740,41947.0,42006.0,41903.0,41994.0,1906.0
2026-05-11 09:12:00,1778461920,41998.0,42066.0,41946.0,41987.0,3180.0
2026-05-11 09:15:00,1778462100,41990.0,42080.0,41962.0,42061.0,2350.0
2026-05-11 09:18:00,1778462280,42059.0,42109.0,42034.0,42102.0,2269.0
2026-05-11 09:21:00,1778462460,42099.0,42108.0,42045.0,42070.0,1569.0
2026-05-11 09:24:00,1778462640,42070.0,42131.0,42058.0,42100.0,1426.0
2026-05-11 09:27:00,1778462820,42096.0,42105.0,42065.0,42090.0,852.0
2026-05-11 09:30:00,1778463000,42087.0,42142.0,42048.0,42086.0,2117.0
2026-05-11 09:33:00,1778463180,42089.0,42128.0,42064.0,42077.0,954.0
2026-05-11 09:36:00,1778463360,42078.0,42145.0,42044.0,42142.0,1550.0
2026-05-11 09:39:00,1778463540,42140.0,42149.0,42095.0,42105.0,1254.0
2026-05-11 09:42:00,1778463720,42104.0,42123.0,42010.0,42039.0,1494.0
2026-05-11 09:45:00,1778463900,42039.0,42090.0,41980.0,42040.0,2334.0
2026-05-11 09:48:00,1778464080,42040.0,42070.0,41998.0,42015.0,1121.0
2026-05-11 09:51:00,1778464260,42015.0,42073.0,41986.0,42068.0,1268.0
2026-05-11 09:54:00,1778464440,42068.0,42114.0,42068.0,42074.0,1184.0
2026-05-11 09:57:00,1778464620,42076.0,42107.0,42040.0,42087.0,844.0
2026-05-11 10:00:00,1778464800,42091.0,42134.0,42053.0,42067.0,1383.0
2026-05-11 10:03:00,1778464980,42070.0,42081.0,42038.0,42063.0,726.0
2026-05-11 10:06:00,1778465160,42064.0,42073.0,42017.0,42043.0,1062.0
2026-05-11 10:09:00,1778465340,42037.0,42093.0,42030.0,42073.0,791.0
2026-05-11 10:12:00,1778465520,42078.0,42096.0,42035.0,42052.0,668.0
2026-05-11 10:15:00,1778465700,42057.0,42084.0,42008.0,42026.0,943.0
2026-05-11 10:18:00,1778465880,42024.0,42028.0,41947.0,41956.0,2069.0
2026-05-11 10:21:00,1778466060,41952.0,41995.0,41931.0,41973.0,1472.0
2026-05-11 10:24:00,1778466240,41974.0,41993.0,41947.0,41954.0,839.0
2026-05-11 10:27:00,1778466420,41951.0,42012.0,41946.0,41977.0,809.0
2026-05-11 10:30:00,1778466600,41978.0,42019.0,41951.0,41976.0,923.0
2026-05-11 10:33:00,1778466780,41973.0,41977.0,41917.0,41958.0,1181.0
2026-05-11 10:36:00,1778466960,41961.0,41970.0,41895.0,41914.0,1211.0
2026-05-11 10:39:00,1778467140,41917.0,41981.0,41917.0,41967.0,1022.0
2026-05-11 10:42:00,1778467320,41966.0,42000.0,41965.0,42000.0,669.0
2026-05-11 10:45:00,1778467500,41999.0,42049.0,41996.0,42025.0,1595.0
2026-05-11 10:48:00,1778467680,42025.0,42025.0,41941.0,41961.0,1048.0
2026-05-11 10:51:00,1778467860,41956.0,42057.0,41954.0,42030.0,1227.0
2026-05-11 10:54:00,1778468040,42030.0,42087.0,42029.0,42080.0,1399.0
2026-05-11 10:57:00,1778468220,42078.0,42108.0,42073.0,42093.0,1093.0
2026-05-11 11:00:00,1778468400,42088.0,42116.0,42060.0,42062.0,967.0
2026-05-11 11:03:00,1778468580,42061.0,42087.0,42036.0,42057.0,664.0
2026-05-11 11:06:00,1778468760,42057.0,42077.0,42015.0,42048.0,808.0
2026-05-11 11:09:00,1778468940,42046.0,42062.0,42035.0,42037.0,392.0
2026-05-11 11:12:00,1778469120,42040.0,42064.0,42012.0,42035.0,574.0
2026-05-11 11:15:00,1778469300,42036.0,42055.0,42014.0,42019.0,498.0
2026-05-11 11:18:00,1778469480,42020.0,42075.0,42015.0,42058.0,614.0
2026-05-11 11:21:00,1778469660,42057.0,42068.0,42047.0,42053.0,240.0
2026-05-11 11:24:00,1778469840,42053.0,42093.0,42050.0,42086.0,510.0
2026-05-11 11:27:00,1778470020,42087.0,42117.0,42081.0,42113.0,779.0
2026-05-11 11:30:00,1778470200,42111.0,42140.0,42092.0,42100.0,1343.0
2026-05-11 11:33:00,1778470380,42103.0,42118.0,42072.0,42080.0,571.0
2026-05-11 11:36:00,1778470560,42081.0,42109.0,42072.0,42104.0,443.0
2026-05-11 11:39:00,1778470740,42105.0,42143.0,42102.0,42142.0,647.0
2026-05-11 11:42:00,1778470920,42140.0,42148.0,42118.0,42136.0,735.0
2026-05-11 11:45:00,1778471100,42138.0,42149.0,42119.0,42122.0,461.0
2026-05-11 11:48:00,1778471280,42122.0,42123.0,42087.0,42096.0,530.0
2026-05-11 11:51:00,1778471460,42100.0,42111.0,42082.0,42101.0,310.0
2026-05-11 11:54:00,1778471640,42103.0,42107.0,42095.0,42097.0,169.0
2026-05-11 11:57:00,1778471820,42095.0,42104.0,42085.0,42097.0,236.0
2026-05-11 12:00:00,1778472000,42093.0,42120.0,42080.0,42105.0,511.0
2026-05-11 12:03:00,1778472180,42102.0,42102.0,42084.0,42084.0,157.0
2026-05-11 12:06:00,1778472360,42082.0,42101.0,42077.0,42096.0,208.0
2026-05-11 12:09:00,1778472540,42099.0,42102.0,42074.0,42096.0,409.0
2026-05-11 12:12:00,1778472720,42097.0,42097.0,42057.0,42095.0,570.0
2026-05-11 12:15:00,1778472900,42095.0,42137.0,42092.0,42126.0,791.0
2026-05-11 12:18:00,1778473080,42126.0,42140.0,42108.0,42129.0,414.0
2026-05-11 12:21:00,1778473260,42130.0,42163.0,42126.0,42146.0,958.0
2026-05-11 12:24:00,1778473440,42145.0,42190.0,42142.0,42176.0,1058.0
2026-05-11 12:27:00,1778473620,42177.0,42189.0,42169.0,42180.0,423.0
2026-05-11 12:30:00,1778473800,42181.0,42200.0,42165.0,42165.0,869.0
2026-05-11 12:33:00,1778473980,42165.0,42172.0,42152.0,42160.0,509.0
2026-05-11 12:36:00,1778474160,42162.0,42176.0,42155.0,42163.0,256.0
2026-05-11 12:39:00,1778474340,42161.0,42163.0,42145.0,42153.0,298.0
2026-05-11 12:42:00,1778474520,42155.0,42164.0,42137.0,42147.0,361.0
2026-05-11 12:45:00,1778474700,42148.0,42166.0,42120.0,42133.0,604.0
2026-05-11 12:48:00,1778474880,42134.0,42146.0,42123.0,42146.0,375.0
2026-05-11 12:51:00,1778475060,42145.0,42159.0,42137.0,42148.0,266.0
2026-05-11 12:54:00,1778475240,42147.0,42174.0,42144.0,42158.0,342.0
2026-05-11 12:57:00,1778475420,42159.0,42164.0,42138.0,42145.0,256.0
2026-05-11 13:00:00,1778475600,42146.0,42159.0,42133.0,42159.0,330.0
2026-05-11 13:03:00,1778475780,42158.0,42158.0,42141.0,42154.0,170.0
2026-05-11 13:06:00,1778475960,42156.0,42156.0,42114.0,42115.0,568.0
2026-05-11 13:09:00,1778476140,42116.0,42125.0,42100.0,42114.0,584.0
2026-05-11 13:12:00,1778476320,42113.0,42113.0,42083.0,42099.0,794.0
2026-05-11 13:15:00,1778476500,42099.0,42119.0,42085.0,42114.0,560.0
2026-05-11 13:18:00,1778476680,42111.0,42111.0,42082.0,42086.0,467.0
2026-05-11 13:21:00,1778476860,42084.0,42103.0,42071.0,42093.0,729.0
2026-05-11 13:24:00,1778477040,42094.0,42094.0,42040.0,42067.0,897.0
2026-05-11 13:27:00,1778477220,42068.0,42073.0,42040.0,42041.0,537.0
2026-05-11 13:30:00,1778477400,42040.0,42054.0,42033.0,42043.0,1023.0
2026-05-11 13:33:00,1778477580,42041.0,42075.0,42038.0,42067.0,711.0
2026-05-11 13:36:00,1778477760,42065.0,42065.0,42013.0,42025.0,700.0
2026-05-11 13:39:00,1778477940,42024.0,42026.0,41988.0,42006.0,1111.0
2026-05-11 13:42:00,1778478120,42005.0,42007.0,41950.0,41953.0,1426.0
2026-05-11 15:00:00,1778482800,41982.0,41986.0,41908.0,41930.0,1709.0
2026-05-11 15:03:00,1778482980,41927.0,41933.0,41892.0,41910.0,754.0
2026-05-11 15:06:00,1778483160,41913.0,41940.0,41874.0,41882.0,816.0
2026-05-11 15:09:00,1778483340,41878.0,41917.0,41874.0,41901.0,571.0
2026-05-11 15:12:00,1778483520,41902.0,41920.0,41884.0,41887.0,460.0
2026-05-11 15:15:00,1778483700,41891.0,41923.0,41883.0,41902.0,335.0
2026-05-11 15:18:00,1778483880,41902.0,41912.0,41893.0,41907.0,176.0
2026-05-11 15:21:00,1778484060,41908.0,41930.0,41890.0,41907.0,487.0
2026-05-11 15:24:00,1778484240,41907.0,41910.0,41884.0,41910.0,367.0
2026-05-11 15:27:00,1778484420,41910.0,41920.0,41865.0,41898.0,703.0
2026-05-11 15:30:00,1778484600,41899.0,41918.0,41890.0,41916.0,405.0
2026-05-11 15:33:00,1778484780,41914.0,41914.0,41882.0,41890.0,298.0
2026-05-11 15:36:00,1778484960,41893.0,41933.0,41880.0,41922.0,438.0
2026-05-11 15:39:00,1778485140,41922.0,41957.0,41918.0,41952.0,632.0
2026-05-11 15:42:00,1778485320,41952.0,41959.0,41940.0,41943.0,319.0
2026-05-11 15:45:00,1778485500,41945.0,41956.0,41933.0,41940.0,342.0
2026-05-11 15:48:00,1778485680,41941.0,41951.0,41932.0,41944.0,133.0
2026-05-11 15:51:00,1778485860,41944.0,41956.0,41934.0,41942.0,134.0
2026-05-11 15:54:00,1778486040,41944.0,41948.0,41930.0,41935.0,141.0
2026-05-11 15:57:00,1778486220,41935.0,41961.0,41931.0,41961.0,235.0
2026-05-11 16:00:00,1778486400,41962.0,41968.0,41903.0,41911.0,592.0
2026-05-11 16:03:00,1778486580,41906.0,41944.0,41897.0,41935.0,403.0
2026-05-11 16:06:00,1778486760,41936.0,41937.0,41844.0,41863.0,993.0
2026-05-11 16:09:00,1778486940,41864.0,41866.0,41746.0,41784.0,2564.0
2026-05-11 16:12:00,1778487120,41784.0,41811.0,41768.0,41792.0,793.0
2026-05-11 16:15:00,1778487300,41792.0,41845.0,41790.0,41831.0,698.0
2026-05-11 16:18:00,1778487480,41832.0,41855.0,41830.0,41843.0,341.0
2026-05-11 16:21:00,1778487660,41843.0,41877.0,41842.0,41870.0,474.0
2026-05-11 16:24:00,1778487840,41873.0,41880.0,41845.0,41853.0,337.0
2026-05-11 16:27:00,1778488020,41852.0,41852.0,41795.0,41796.0,562.0
2026-05-11 16:30:00,1778488200,41795.0,41839.0,41784.0,41837.0,510.0
2026-05-11 16:33:00,1778488380,41837.0,41842.0,41817.0,41827.0,284.0
2026-05-11 16:36:00,1778488560,41829.0,41846.0,41828.0,41846.0,165.0
2026-05-11 16:39:00,1778488740,41840.0,41845.0,41820.0,41844.0,156.0
2026-05-11 16:42:00,1778488920,41844.0,41854.0,41838.0,41848.0,135.0
2026-05-11 16:45:00,1778489100,41843.0,41857.0,41838.0,41844.0,185.0
2026-05-11 16:48:00,1778489280,41843.0,41859.0,41839.0,41845.0,161.0
2026-05-11 16:51:00,1778489460,41845.0,41846.0,41835.0,41846.0,114.0
2026-05-11 16:54:00,1778489640,41850.0,41855.0,41835.0,41853.0,141.0
2026-05-11 16:57:00,1778489820,41853.0,41853.0,41825.0,41829.0,147.0
2026-05-11 17:00:00,1778490000,41826.0,41843.0,41815.0,41841.0,314.0
2026-05-11 17:03:00,1778490180,41841.0,41859.0,41841.0,41857.0,253.0
2026-05-11 17:06:00,1778490360,41857.0,41862.0,41816.0,41816.0,289.0
2026-05-11 17:09:00,1778490540,41817.0,41827.0,41795.0,41810.0,379.0
2026-05-11 17:12:00,1778490720,41806.0,41808.0,41794.0,41797.0,255.0
2026-05-11 17:15:00,1778490900,41798.0,41805.0,41786.0,41797.0,272.0
2026-05-11 17:18:00,1778491080,41797.0,41810.0,41779.0,41805.0,350.0
2026-05-11 17:21:00,1778491260,41805.0,41815.0,41800.0,41808.0,200.0
2026-05-11 17:24:00,1778491440,41812.0,41822.0,41804.0,41812.0,230.0
2026-05-11 17:27:00,1778491620,41815.0,41821.0,41797.0,41820.0,183.0
2026-05-11 17:30:00,1778491800,41822.0,41846.0,41810.0,41837.0,357.0
2026-05-11 17:33:00,1778491980,41837.0,41846.0,41831.0,41846.0,184.0
2026-05-11 17:36:00,1778492160,41847.0,41878.0,41838.0,41875.0,421.0
2026-05-11 17:39:00,1778492340,41875.0,41908.0,41865.0,41901.0,689.0
2026-05-11 17:42:00,1778492520,41901.0,41908.0,41895.0,41902.0,388.0
2026-05-11 17:45:00,1778492700,41903.0,41938.0,41897.0,41930.0,605.0
2026-05-11 17:48:00,1778492880,41931.0,41953.0,41912.0,41914.0,620.0
2026-05-11 17:51:00,1778493060,41915.0,41938.0,41908.0,41932.0,284.0
2026-05-11 17:54:00,1778493240,41928.0,41934.0,41902.0,41908.0,258.0
2026-05-11 17:57:00,1778493420,41910.0,41912.0,41880.0,41883.0,335.0
2026-05-11 18:00:00,1778493600,41883.0,41898.0,41870.0,41888.0,348.0
2026-05-11 18:03:00,1778493780,41883.0,41884.0,41856.0,41860.0,338.0
2026-05-11 18:06:00,1778493960,41863.0,41872.0,41852.0,41869.0,248.0
2026-05-11 18:09:00,1778494140,41872.0,41876.0,41863.0,41874.0,182.0
2026-05-11 18:12:00,1778494320,41873.0,41877.0,41836.0,41836.0,362.0
2026-05-11 18:15:00,1778494500,41836.0,41840.0,41825.0,41835.0,276.0
2026-05-11 18:18:00,1778494680,41836.0,41839.0,41795.0,41810.0,535.0
2026-05-11 18:21:00,1778494860,41809.0,41830.0,41804.0,41829.0,361.0
2026-05-11 18:24:00,1778495040,41829.0,41837.0,41825.0,41836.0,149.0
2026-05-11 18:27:00,1778495220,41835.0,41844.0,41820.0,41840.0,204.0
2026-05-11 18:30:00,1778495400,41838.0,41850.0,41827.0,41840.0,201.0
2026-05-11 18:33:00,1778495580,41842.0,41850.0,41832.0,41833.0,126.0
2026-05-11 18:36:00,1778495760,41832.0,41836.0,41818.0,41819.0,207.0
2026-05-11 18:39:00,1778495940,41819.0,41820.0,41791.0,41798.0,428.0
2026-05-11 18:42:00,1778496120,41796.0,41811.0,41788.0,41811.0,271.0
2026-05-11 18:45:00,1778496300,41811.0,41818.0,41794.0,41816.0,357.0
2026-05-11 18:48:00,1778496480,41813.0,41839.0,41811.0,41835.0,213.0
2026-05-11 18:51:00,1778496660,41833.0,41847.0,41830.0,41836.0,181.0
2026-05-11 18:54:00,1778496840,41835.0,41836.0,41810.0,41813.0,207.0
2026-05-11 18:57:00,1778497020,41814.0,41815.0,41801.0,41803.0,164.0
2026-05-11 19:00:00,1778497200,41804.0,41845.0,41804.0,41836.0,300.0
2026-05-11 19:03:00,1778497380,41839.0,41846.0,41821.0,41840.0,185.0
2026-05-11 19:06:00,1778497560,41837.0,41852.0,41829.0,41832.0,206.0
2026-05-11 19:09:00,1778497740,41836.0,41854.0,41833.0,41843.0,143.0
2026-05-11 19:12:00,1778497920,41841.0,41861.0,41836.0,41860.0,142.0
2026-05-11 19:15:00,1778498100,41858.0,41860.0,41846.0,41852.0,141.0
2026-05-11 19:18:00,1778498280,41855.0,41875.0,41855.0,41866.0,222.0
2026-05-11 19:21:00,1778498460,41869.0,41877.0,41860.0,41862.0,218.0
2026-05-11 19:24:00,1778498640,41863.0,41873.0,41863.0,41872.0,129.0
2026-05-11 19:27:00,1778498820,41872.0,41903.0,41872.0,41891.0,461.0
2026-05-11 19:30:00,1778499000,41891.0,41925.0,41889.0,41900.0,557.0
2026-05-11 19:33:00,1778499180,41902.0,41907.0,41890.0,41903.0,241.0
2026-05-11 19:36:00,1778499360,41904.0,41911.0,41885.0,41895.0,261.0
2026-05-11 19:39:00,1778499540,41897.0,41897.0,41880.0,41886.0,153.0
2026-05-11 19:42:00,1778499720,41886.0,41891.0,41876.0,41881.0,164.0
2026-05-11 19:45:00,1778499900,41882.0,41888.0,41872.0,41886.0,193.0
2026-05-11 19:48:00,1778500080,41886.0,41897.0,41861.0,41864.0,251.0
2026-05-11 19:51:00,1778500260,41864.0,41879.0,41864.0,41878.0,201.0
2026-05-11 19:54:00,1778500440,41878.0,41899.0,41868.0,41895.0,211.0
2026-05-11 19:57:00,1778500620,41896.0,41915.0,41894.0,41914.0,234.0
2026-05-11 20:00:00,1778500800,41911.0,41929.0,41900.0,41902.0,453.0
2026-05-11 20:03:00,1778500980,41900.0,41901.0,41872.0,41878.0,301.0
2026-05-11 20:06:00,1778501160,41874.0,41881.0,41856.0,41873.0,328.0
2026-05-11 20:09:00,1778501340,41872.0,41873.0,41856.0,41860.0,217.0
2026-05-11 20:12:00,1778501520,41860.0,41874.0,41848.0,41870.0,243.0
2026-05-11 20:15:00,1778501700,41870.0,41883.0,41865.0,41878.0,108.0
2026-05-11 20:18:00,1778501880,41879.0,41900.0,41859.0,41873.0,295.0
2026-05-11 20:21:00,1778502060,41878.0,41904.0,41874.0,41903.0,160.0
2026-05-11 20:24:00,1778502240,41902.0,41909.0,41883.0,41889.0,222.0
2026-05-11 20:27:00,1778502420,41886.0,41922.0,41886.0,41913.0,297.0
2026-05-11 20:30:00,1778502600,41910.0,41938.0,41909.0,41931.0,515.0
2026-05-11 20:33:00,1778502780,41932.0,41952.0,41923.0,41943.0,531.0
2026-05-11 20:36:00,1778502960,41945.0,41948.0,41920.0,41920.0,287.0
2026-05-11 20:39:00,1778503140,41920.0,41930.0,41915.0,41917.0,218.0
2026-05-11 20:42:00,1778503320,41917.0,41921.0,41893.0,41895.0,308.0
2026-05-11 20:45:00,1778503500,41892.0,41918.0,41858.0,41869.0,675.0
2026-05-11 20:48:00,1778503680,41866.0,41886.0,41834.0,41874.0,960.0
2026-05-11 20:51:00,1778503860,41872.0,41887.0,41862.0,41875.0,239.0
2026-05-11 20:54:00,1778504040,41875.0,41894.0,41864.0,41889.0,211.0
2026-05-11 20:57:00,1778504220,41888.0,41919.0,41885.0,41918.0,318.0
2026-05-11 21:00:00,1778504400,41916.0,41936.0,41910.0,41924.0,432.0
2026-05-11 21:03:00,1778504580,41923.0,41945.0,41916.0,41937.0,388.0
2026-05-11 21:06:00,1778504760,41936.0,41965.0,41932.0,41964.0,576.0
2026-05-11 21:09:00,1778504940,41963.0,41980.0,41960.0,41967.0,694.0
2026-05-11 21:12:00,1778505120,41965.0,41990.0,41965.0,41988.0,804.0
2026-05-11 21:15:00,1778505300,41988.0,42014.0,41985.0,41995.0,900.0
2026-05-11 21:18:00,1778505480,41996.0,41998.0,41981.0,41993.0,312.0
2026-05-11 21:21:00,1778505660,41990.0,42003.0,41982.0,42001.0,286.0
2026-05-11 21:24:00,1778505840,42000.0,42028.0,41987.0,42025.0,720.0
2026-05-11 21:27:00,1778506020,42027.0,42041.0,42011.0,42040.0,618.0
2026-05-11 21:30:00,1778506200,42040.0,42142.0,42037.0,42137.0,3732.0
2026-05-11 21:33:00,1778506380,42137.0,42147.0,42035.0,42039.0,2192.0
2026-05-11 21:36:00,1778506560,42039.0,42040.0,41939.0,42002.0,3079.0
2026-05-11 21:39:00,1778506740,42001.0,42024.0,41966.0,41983.0,1295.0
2026-05-11 21:42:00,1778506920,41984.0,42012.0,41979.0,41999.0,785.0
2026-05-11 21:45:00,1778507100,42000.0,42021.0,41958.0,42016.0,1236.0
2026-05-11 21:48:00,1778507280,42015.0,42044.0,41963.0,41965.0,1256.0
2026-05-11 21:51:00,1778507460,41964.0,41982.0,41926.0,41935.0,1415.0
2026-05-11 21:54:00,1778507640,41935.0,41950.0,41904.0,41914.0,1390.0
2026-05-11 21:57:00,1778507820,41916.0,41916.0,41839.0,41852.0,2180.0
2026-05-11 22:00:00,1778508000,41849.0,41944.0,41842.0,41927.0,1885.0
2026-05-11 22:03:00,1778508180,41929.0,41995.0,41926.0,41987.0,1604.0
2026-05-11 22:06:00,1778508360,41985.0,42014.0,41972.0,41994.0,1122.0
2026-05-11 22:09:00,1778508540,41993.0,42021.0,41962.0,41995.0,1039.0
2026-05-11 22:12:00,1778508720,41993.0,42050.0,41980.0,42025.0,1268.0
2026-05-11 22:15:00,1778508900,42027.0,42041.0,42004.0,42014.0,694.0
2026-05-11 22:18:00,1778509080,42018.0,42056.0,42007.0,42046.0,911.0
2026-05-11 22:21:00,1778509260,42048.0,42073.0,42032.0,42047.0,897.0
2026-05-11 22:24:00,1778509440,42045.0,42074.0,42000.0,42009.0,1072.0
2026-05-11 22:27:00,1778509620,42006.0,42007.0,41924.0,41937.0,1587.0
2026-05-11 22:30:00,1778509800,41938.0,41991.0,41887.0,41957.0,2415.0
2026-05-11 22:33:00,1778509980,41952.0,42017.0,41938.0,42014.0,1087.0
2026-05-11 22:36:00,1778510160,42015.0,42037.0,41971.0,42027.0,1027.0
2026-05-11 22:39:00,1778510340,42023.0,42092.0,42023.0,42090.0,1448.0
2026-05-11 22:42:00,1778510520,42093.0,42113.0,42072.0,42100.0,1579.0
2026-05-11 22:45:00,1778510700,42101.0,42138.0,42094.0,42101.0,1619.0
2026-05-11 22:48:00,1778510880,42100.0,42125.0,42077.0,42120.0,1005.0
2026-05-11 22:51:00,1778511060,42122.0,42193.0,42110.0,42181.0,2504.0
2026-05-11 22:54:00,1778511240,42184.0,42217.0,42165.0,42170.0,1619.0
2026-05-11 22:57:00,1778511420,42172.0,42181.0,42145.0,42159.0,861.0
2026-05-11 23:00:00,1778511600,42158.0,42206.0,42158.0,42203.0,1219.0
2026-05-11 23:03:00,1778511780,42204.0,42235.0,42193.0,42210.0,1590.0
2026-05-11 23:06:00,1778511960,42208.0,42212.0,42174.0,42198.0,775.0
2026-05-11 23:09:00,1778512140,42195.0,42215.0,42193.0,42200.0,408.0
2026-05-11 23:12:00,1778512320,42199.0,42218.0,42162.0,42171.0,736.0
2026-05-11 23:15:00,1778512500,42169.0,42197.0,42145.0,42196.0,905.0
2026-05-11 23:18:00,1778512680,42197.0,42198.0,42172.0,42186.0,342.0
2026-05-11 23:21:00,1778512860,42190.0,42222.0,42186.0,42221.0,669.0
2026-05-11 23:24:00,1778513040,42222.0,42256.0,42221.0,42231.0,1510.0
2026-05-11 23:27:00,1778513220,42230.0,42275.0,42230.0,42273.0,768.0
2026-05-11 23:30:00,1778513400,42272.0,42287.0,42244.0,42253.0,1225.0
2026-05-11 23:33:00,1778513580,42253.0,42270.0,42232.0,42239.0,574.0
2026-05-11 23:36:00,1778513760,42237.0,42269.0,42232.0,42259.0,501.0
2026-05-11 23:39:00,1778513940,42261.0,42265.0,42236.0,42244.0,351.0
2026-05-11 23:42:00,1778514120,42247.0,42259.0,42209.0,42224.0,685.0
2026-05-11 23:45:00,1778514300,42220.0,42251.0,42212.0,42244.0,521.0
2026-05-11 23:48:00,1778514480,42244.0,42260.0,42240.0,42246.0,261.0
2026-05-11 23:51:00,1778514660,42245.0,42281.0,42242.0,42273.0,460.0
2026-05-11 23:54:00,1778514840,42273.0,42297.0,42273.0,42276.0,825.0
2026-05-11 23:57:00,1778515020,42276.0,42280.0,42251.0,42257.0,376.0
2026-05-12 00:00:00,1778515200,42259.0,42287.0,42259.0,42282.0,568.0
2026-05-12 00:03:00,1778515380,42285.0,42336.0,42271.0,42322.0,1600.0
2026-05-12 00:06:00,1778515560,42323.0,42335.0,42306.0,42320.0,853.0
2026-05-12 00:09:00,1778515740,42322.0,42352.0,42315.0,42327.0,957.0
2026-05-12 00:12:00,1778515920,42328.0,42365.0,42328.0,42364.0,740.0
2026-05-12 00:15:00,1778516100,42361.0,42364.0,42322.0,42326.0,562.0
2026-05-12 00:18:00,1778516280,42325.0,42328.0,42292.0,42297.0,663.0
2026-05-12 00:21:00,1778516460,42298.0,42305.0,42286.0,42302.0,420.0
2026-05-12 00:24:00,1778516640,42300.0,42310.0,42285.0,42287.0,310.0
2026-05-12 00:27:00,1778516820,42290.0,42298.0,42271.0,42280.0,378.0
2026-05-12 00:30:00,1778517000,42279.0,42305.0,42274.0,42295.0,320.0
2026-05-12 00:33:00,1778517180,42295.0,42295.0,42276.0,42284.0,185.0
2026-05-12 00:36:00,1778517360,42280.0,42288.0,42263.0,42268.0,223.0
2026-05-12 00:39:00,1778517540,42269.0,42271.0,42216.0,42216.0,1181.0
2026-05-12 00:42:00,1778517720,42215.0,42223.0,42163.0,42222.0,1929.0
2026-05-12 00:45:00,1778517900,42223.0,42245.0,42194.0,42244.0,569.0
2026-05-12 00:48:00,1778518080,42244.0,42245.0,42213.0,42239.0,418.0
2026-05-12 00:51:00,1778518260,42237.0,42239.0,42200.0,42219.0,253.0
2026-05-12 00:54:00,1778518440,42219.0,42225.0,42210.0,42220.0,238.0
2026-05-12 00:57:00,1778518620,42219.0,42241.0,42211.0,42228.0,244.0
2026-05-12 01:00:00,1778518800,42229.0,42265.0,42228.0,42241.0,695.0
2026-05-12 01:03:00,1778518980,42237.0,42255.0,42230.0,42244.0,237.0
2026-05-12 01:06:00,1778519160,42245.0,42249.0,42220.0,42245.0,180.0
2026-05-12 01:09:00,1778519340,42245.0,42250.0,42229.0,42230.0,130.0
2026-05-12 01:12:00,1778519520,42229.0,42229.0,42208.0,42221.0,276.0
2026-05-12 01:15:00,1778519700,42220.0,42238.0,42207.0,42214.0,209.0
2026-05-12 01:18:00,1778519880,42212.0,42228.0,42201.0,42228.0,251.0
2026-05-12 01:21:00,1778520060,42228.0,42260.0,42224.0,42254.0,261.0
2026-05-12 01:24:00,1778520240,42253.0,42279.0,42248.0,42270.0,361.0
2026-05-12 01:27:00,1778520420,42274.0,42290.0,42273.0,42283.0,268.0
2026-05-12 01:30:00,1778520600,42282.0,42305.0,42270.0,42274.0,516.0
2026-05-12 01:33:00,1778520780,42274.0,42295.0,42274.0,42295.0,153.0
2026-05-12 01:36:00,1778520960,42294.0,42330.0,42293.0,42313.0,449.0
2026-05-12 01:39:00,1778521140,42315.0,42320.0,42305.0,42319.0,160.0
2026-05-12 01:42:00,1778521320,42316.0,42321.0,42305.0,42306.0,115.0
2026-05-12 01:45:00,1778521500,42306.0,42319.0,42302.0,42317.0,126.0
2026-05-12 01:48:00,1778521680,42312.0,42319.0,42301.0,42312.0,120.0
2026-05-12 01:51:00,1778521860,42312.0,42315.0,42295.0,42298.0,86.0
2026-05-12 01:54:00,1778522040,42298.0,42302.0,42283.0,42288.0,183.0
2026-05-12 01:57:00,1778522220,42289.0,42300.0,42272.0,42275.0,116.0
2026-05-12 02:00:00,1778522400,42275.0,42302.0,42275.0,42291.0,269.0
2026-05-12 02:03:00,1778522580,42292.0,42322.0,42291.0,42319.0,169.0
2026-05-12 02:06:00,1778522760,42320.0,42331.0,42312.0,42319.0,150.0
2026-05-12 02:09:00,1778522940,42316.0,42347.0,42315.0,42335.0,327.0
2026-05-12 02:12:00,1778523120,42334.0,42347.0,42325.0,42329.0,115.0
2026-05-12 02:15:00,1778523300,42326.0,42332.0,42322.0,42324.0,47.0
2026-05-12 02:18:00,1778523480,42322.0,42327.0,42295.0,42303.0,215.0
2026-05-12 02:21:00,1778523660,42306.0,42324.0,42306.0,42309.0,68.0
2026-05-12 02:24:00,1778523840,42307.0,42329.0,42305.0,42328.0,70.0
2026-05-12 02:27:00,1778524020,42328.0,42333.0,42322.0,42327.0,57.0
2026-05-12 02:30:00,1778524200,42326.0,42333.0,42315.0,42318.0,60.0
2026-05-12 02:33:00,1778524380,42320.0,42330.0,42316.0,42327.0,57.0
2026-05-12 02:36:00,1778524560,42327.0,42328.0,42313.0,42325.0,41.0
2026-05-12 02:39:00,1778524740,42322.0,42322.0,42285.0,42293.0,161.0
2026-05-12 02:42:00,1778524920,42293.0,42304.0,42288.0,42297.0,61.0
2026-05-12 02:45:00,1778525100,42293.0,42300.0,42281.0,42290.0,75.0
2026-05-12 02:48:00,1778525280,42293.0,42303.0,42289.0,42301.0,47.0
2026-05-12 02:51:00,1778525460,42300.0,42310.0,42295.0,42300.0,49.0
2026-05-12 02:54:00,1778525640,42295.0,42303.0,42288.0,42303.0,53.0
2026-05-12 02:57:00,1778525820,42303.0,42303.0,42252.0,42254.0,216.0
2026-05-12 03:00:00,1778526000,42253.0,42280.0,42249.0,42280.0,198.0
2026-05-12 03:03:00,1778526180,42285.0,42286.0,42259.0,42283.0,99.0
2026-05-12 03:06:00,1778526360,42286.0,42311.0,42283.0,42300.0,98.0
2026-05-12 03:09:00,1778526540,42298.0,42313.0,42294.0,42294.0,62.0
2026-05-12 03:12:00,1778526720,42295.0,42301.0,42275.0,42279.0,84.0
2026-05-12 03:15:00,1778526900,42280.0,42280.0,42257.0,42275.0,134.0
2026-05-12 03:18:00,1778527080,42269.0,42272.0,42257.0,42259.0,54.0
2026-05-12 03:21:00,1778527260,42256.0,42268.0,42245.0,42268.0,85.0
2026-05-12 03:24:00,1778527440,42269.0,42274.0,42243.0,42250.0,102.0
2026-05-12 03:27:00,1778527620,42245.0,42250.0,42226.0,42236.0,180.0
2026-05-12 03:30:00,1778527800,42234.0,42268.0,42229.0,42263.0,129.0
2026-05-12 03:33:00,1778527980,42262.0,42264.0,42240.0,42240.0,49.0
2026-05-12 03:36:00,1778528160,42240.0,42255.0,42232.0,42255.0,71.0
2026-05-12 03:39:00,1778528340,42255.0,42266.0,42253.0,42257.0,58.0
2026-05-12 03:42:00,1778528520,42257.0,42270.0,42244.0,42270.0,41.0
2026-05-12 03:45:00,1778528700,42268.0,42282.0,42262.0,42278.0,110.0
2026-05-12 03:48:00,1778528880,42280.0,42301.0,42279.0,42297.0,85.0
2026-05-12 03:51:00,1778529060,42296.0,42309.0,42277.0,42277.0,108.0
2026-05-12 03:54:00,1778529240,42278.0,42294.0,42265.0,42274.0,134.0
2026-05-12 03:57:00,1778529420,42275.0,42287.0,42270.0,42283.0,53.0
2026-05-12 04:00:00,1778529600,42282.0,42283.0,42241.0,42261.0,363.0
2026-05-12 04:03:00,1778529780,42265.0,42271.0,42261.0,42264.0,54.0
2026-05-12 04:06:00,1778529960,42266.0,42274.0,42265.0,42274.0,28.0
2026-05-12 04:09:00,1778530140,42272.0,42274.0,42193.0,42227.0,677.0
2026-05-12 04:12:00,1778530320,42229.0,42285.0,42202.0,42272.0,380.0
2026-05-12 04:15:00,1778530500,42270.0,42280.0,42266.0,42271.0,69.0
2026-05-12 04:18:00,1778530680,42274.0,42277.0,42272.0,42274.0,23.0
2026-05-12 04:21:00,1778530860,42274.0,42274.0,42252.0,42252.0,42.0
2026-05-12 04:24:00,1778531040,42256.0,42263.0,42254.0,42261.0,37.0
2026-05-12 04:27:00,1778531220,42258.0,42272.0,42258.0,42272.0,33.0
2026-05-12 04:30:00,1778531400,42270.0,42276.0,42262.0,42268.0,30.0
2026-05-12 04:33:00,1778531580,42269.0,42271.0,42262.0,42266.0,48.0
2026-05-12 04:36:00,1778531760,42264.0,42268.0,42262.0,42266.0,18.0
2026-05-12 04:39:00,1778531940,42266.0,42275.0,42264.0,42268.0,62.0
2026-05-12 04:42:00,1778532120,42271.0,42275.0,42269.0,42274.0,26.0
2026-05-12 04:45:00,1778532300,42272.0,42274.0,42264.0,42266.0,50.0
2026-05-12 04:48:00,1778532480,42266.0,42274.0,42264.0,42264.0,40.0
2026-05-12 04:51:00,1778532660,42262.0,42275.0,42262.0,42275.0,77.0
2026-05-12 04:54:00,1778532840,42276.0,42277.0,42269.0,42269.0,81.0
2026-05-12 04:57:00,1778533020,42270.0,42275.0,42262.0,42270.0,141.0
2026-05-12 08:45:00,1778546700,42240.0,42240.0,42174.0,42220.0,3341.0
2026-05-12 08:48:00,1778546880,42220.0,42228.0,42190.0,42210.0,1115.0
2026-05-12 08:51:00,1778547060,42208.0,42248.0,42200.0,42213.0,1197.0
2026-05-12 08:54:00,1778547240,42215.0,42217.0,42184.0,42194.0,1258.0
2026-05-12 08:57:00,1778547420,42193.0,42208.0,42190.0,42195.0,612.0
2026-05-12 09:00:00,1778547600,42195.0,42365.0,42191.0,42308.0,4760.0
2026-05-12 09:03:00,1778547780,42306.0,42332.0,42240.0,42296.0,2658.0
2026-05-12 09:06:00,1778547960,42304.0,42320.0,42273.0,42307.0,1369.0
2026-05-12 09:09:00,1778548140,42308.0,42316.0,42254.0,42275.0,1446.0
2026-05-12 09:12:00,1778548320,42273.0,42305.0,42244.0,42249.0,1281.0
2026-05-12 09:15:00,1778548500,42245.0,42251.0,42010.0,42069.0,7722.0
2026-05-12 09:18:00,1778548680,42068.0,42173.0,42064.0,42130.0,2746.0
2026-05-12 09:21:00,1778548860,42130.0,42145.0,42079.0,42092.0,1833.0
2026-05-12 09:24:00,1778549040,42091.0,42121.0,41973.0,41986.0,3247.0
2026-05-12 09:27:00,1778549220,41986.0,42045.0,41915.0,42005.0,4568.0
2026-05-12 09:30:00,1778549400,42004.0,42015.0,41904.0,41934.0,3187.0
2026-05-12 09:33:00,1778549580,41935.0,41935.0,41765.0,41824.0,5750.0
2026-05-12 09:36:00,1778549760,41827.0,41846.0,41701.0,41727.0,5262.0
2026-05-12 09:39:00,1778549940,41725.0,41735.0,41605.0,41669.0,5274.0
2026-05-12 09:42:00,1778550120,41675.0,41841.0,41673.0,41811.0,4908.0
2026-05-12 09:45:00,1778550300,41812.0,41885.0,41808.0,41842.0,3685.0
2026-05-12 09:48:00,1778550480,41844.0,41870.0,41793.0,41851.0,1876.0
2026-05-12 09:51:00,1778550660,41852.0,41873.0,41803.0,41825.0,1265.0
2026-05-12 09:54:00,1778550840,41827.0,41842.0,41756.0,41815.0,1763.0
2026-05-12 09:57:00,1778551020,41813.0,41839.0,41760.0,41816.0,1370.0
2026-05-12 10:00:00,1778551200,41817.0,41843.0,41766.0,41769.0,1329.0
2026-05-12 10:03:00,1778551380,41769.0,41863.0,41742.0,41840.0,2139.0
2026-05-12 10:06:00,1778551560,41840.0,41860.0,41801.0,41844.0,1021.0
2026-05-12 10:09:00,1778551740,41849.0,41965.0,41845.0,41948.0,3363.0
2026-05-12 10:12:00,1778551920,41946.0,41996.0,41941.0,41976.0,2321.0
2026-05-12 10:15:00,1778552100,41978.0,41988.0,41886.0,41906.0,1757.0
2026-05-12 10:18:00,1778552280,41904.0,41911.0,41870.0,41906.0,1041.0
2026-05-12 10:21:00,1778552460,41906.0,41939.0,41902.0,41933.0,758.0
2026-05-12 10:24:00,1778552640,41928.0,41961.0,41923.0,41956.0,819.0
2026-05-12 10:27:00,1778552820,41958.0,41969.0,41927.0,41956.0,622.0
2026-05-12 10:30:00,1778553000,41950.0,41957.0,41901.0,41924.0,693.0
2026-05-12 10:33:00,1778553180,41920.0,41921.0,41876.0,41897.0,827.0
2026-05-12 10:36:00,1778553360,41894.0,41911.0,41874.0,41896.0,493.0
2026-05-12 10:39:00,1778553540,41896.0,41904.0,41858.0,41885.0,701.0
2026-05-12 10:42:00,1778553720,41881.0,41949.0,41876.0,41921.0,904.0
2026-05-12 10:45:00,1778553900,41920.0,41992.0,41920.0,41956.0,1455.0
2026-05-12 10:48:00,1778554080,41956.0,42026.0,41929.0,42010.0,1757.0
2026-05-12 10:51:00,1778554260,42011.0,42096.0,41997.0,42066.0,2174.0
2026-05-12 10:54:00,1778554440,42068.0,42068.0,42020.0,42036.0,1083.0
2026-05-12 10:57:00,1778554620,42038.0,42061.0,42022.0,42052.0,697.0
2026-05-12 11:00:00,1778554800,42053.0,42107.0,42030.0,42037.0,1568.0
2026-05-12 11:03:00,1778554980,42035.0,42044.0,41997.0,42019.0,1000.0
2026-05-12 11:06:00,1778555160,42018.0,42106.0,42009.0,42085.0,1232.0
2026-05-12 11:09:00,1778555340,42088.0,42149.0,42087.0,42120.0,1995.0
2026-05-12 11:12:00,1778555520,42119.0,42134.0,42091.0,42108.0,716.0
2026-05-12 11:15:00,1778555700,42111.0,42114.0,42056.0,42072.0,913.0
2026-05-12 11:18:00,1778555880,42069.0,42081.0,42056.0,42071.0,442.0
2026-05-12 11:21:00,1778556060,42072.0,42104.0,42065.0,42065.0,496.0
2026-05-12 11:24:00,1778556240,42065.0,42091.0,42058.0,42081.0,376.0
2026-05-12 11:27:00,1778556420,42082.0,42094.0,42068.0,42080.0,287.0
2026-05-12 11:30:00,1778556600,42083.0,42125.0,42082.0,42112.0,767.0
2026-05-12 11:33:00,1778556780,42110.0,42118.0,42081.0,42097.0,400.0
2026-05-12 11:36:00,1778556960,42101.0,42137.0,42089.0,42131.0,523.0
2026-05-12 11:39:00,1778557140,42132.0,42143.0,42115.0,42140.0,485.0
2026-05-12 11:42:00,1778557320,42140.0,42163.0,42118.0,42129.0,1112.0
2026-05-12 11:45:00,1778557500,42129.0,42145.0,42091.0,42100.0,805.0
2026-05-12 11:48:00,1778557680,42102.0,42111.0,42085.0,42105.0,459.0
2026-05-12 11:51:00,1778557860,42104.0,42105.0,42086.0,42094.0,387.0
2026-05-12 11:54:00,1778558040,42092.0,42116.0,42084.0,42088.0,432.0
2026-05-12 11:57:00,1778558220,42093.0,42120.0,42084.0,42117.0,339.0
2026-05-12 12:00:00,1778558400,42118.0,42185.0,42117.0,42164.0,1443.0
2026-05-12 12:03:00,1778558580,42165.0,42223.0,42152.0,42218.0,1634.0
2026-05-12 12:06:00,1778558760,42217.0,42231.0,42202.0,42225.0,770.0
2026-05-12 12:09:00,1778558940,42224.0,42229.0,42130.0,42135.0,1115.0
2026-05-12 12:12:00,1778559120,42133.0,42164.0,42124.0,42161.0,721.0
2026-05-12 12:15:00,1778559300,42162.0,42198.0,42149.0,42183.0,662.0
2026-05-12 12:18:00,1778559480,42183.0,42218.0,42171.0,42208.0,537.0
2026-05-12 12:21:00,1778559660,42207.0,42223.0,42193.0,42204.0,455.0
2026-05-12 12:24:00,1778559840,42204.0,42214.0,42190.0,42203.0,396.0
2026-05-12 12:27:00,1778560020,42209.0,42214.0,42168.0,42188.0,604.0
2026-05-12 12:30:00,1778560200,42186.0,42220.0,42180.0,42215.0,545.0
2026-05-12 12:33:00,1778560380,42216.0,42224.0,42197.0,42205.0,513.0
2026-05-12 12:36:00,1778560560,42205.0,42222.0,42195.0,42198.0,530.0
2026-05-12 12:39:00,1778560740,42201.0,42230.0,42192.0,42213.0,642.0
2026-05-12 12:42:00,1778560920,42216.0,42239.0,42213.0,42231.0,807.0
2026-05-12 12:45:00,1778561100,42232.0,42250.0,42214.0,42214.0,859.0
2026-05-12 12:48:00,1778561280,42217.0,42221.0,42157.0,42159.0,890.0
2026-05-12 12:51:00,1778561460,42161.0,42170.0,42115.0,42145.0,1318.0
2026-05-12 12:54:00,1778561640,42144.0,42145.0,42081.0,42086.0,1117.0
2026-05-12 12:57:00,1778561820,42084.0,42096.0,42050.0,42051.0,1360.0
2026-05-12 13:00:00,1778562000,42050.0,42073.0,42005.0,42058.0,1797.0
2026-05-12 13:03:00,1778562180,42056.0,42128.0,42055.0,42119.0,1057.0
2026-05-12 13:06:00,1778562360,42117.0,42128.0,42086.0,42098.0,610.0
2026-05-12 13:09:00,1778562540,42098.0,42104.0,42080.0,42081.0,509.0
2026-05-12 13:12:00,1778562720,42082.0,42085.0,42034.0,42036.0,802.0
2026-05-12 13:15:00,1778562900,42037.0,42046.0,41973.0,42006.0,1699.0
2026-05-12 13:18:00,1778563080,42007.0,42034.0,41995.0,42020.0,676.0
2026-05-12 13:21:00,1778563260,42020.0,42028.0,41972.0,42009.0,897.0
2026-05-12 13:24:00,1778563440,42012.0,42014.0,41940.0,41979.0,1456.0
2026-05-12 13:27:00,1778563620,41977.0,41988.0,41912.0,41921.0,1045.0
2026-05-12 13:30:00,1778563800,41920.0,41927.0,41818.0,41835.0,2959.0
2026-05-12 13:33:00,1778563980,41835.0,41836.0,41773.0,41830.0,2396.0
2026-05-12 13:36:00,1778564160,41831.0,41835.0,41760.0,41796.0,1267.0
2026-05-12 13:39:00,1778564340,41795.0,41800.0,41754.0,41763.0,1035.0
2026-05-12 13:42:00,1778564520,41764.0,41773.0,41686.0,41697.0,1862.0
2026-05-12 13:45:00,1778564700,41699.0,41699.0,41699.0,41699.0,1.0
2026-05-12 15:00:00,1778569200,41620.0,41620.0,41504.0,41572.0,4616.0
2026-05-12 15:03:00,1778569380,41572.0,41572.0,41511.0,41541.0,1273.0
2026-05-12 15:06:00,1778569560,41543.0,41548.0,41486.0,41540.0,1754.0
2026-05-12 15:09:00,1778569740,41538.0,41588.0,41507.0,41583.0,1175.0
2026-05-12 15:12:00,1778569920,41582.0,41606.0,41580.0,41598.0,933.0
2026-05-12 15:15:00,1778570100,41596.0,41636.0,41592.0,41619.0,1029.0
2026-05-12 15:18:00,1778570280,41618.0,41684.0,41618.0,41673.0,1159.0
2026-05-12 15:21:00,1778570460,41670.0,41690.0,41667.0,41675.0,716.0
2026-05-12 15:24:00,1778570640,41675.0,41676.0,41617.0,41628.0,768.0
2026-05-12 15:27:00,1778570820,41627.0,41642.0,41618.0,41639.0,353.0
2026-05-12 15:30:00,1778571000,41640.0,41645.0,41625.0,41641.0,358.0
2026-05-12 15:33:00,1778571180,41642.0,41667.0,41639.0,41643.0,497.0
2026-05-12 15:36:00,1778571360,41645.0,41665.0,41642.0,41654.0,195.0
2026-05-12 15:39:00,1778571540,41650.0,41655.0,41634.0,41642.0,183.0
2026-05-12 15:42:00,1778571720,41644.0,41648.0,41615.0,41620.0,367.0
2026-05-12 15:45:00,1778571900,41620.0,41625.0,41600.0,41606.0,607.0
2026-05-12 15:48:00,1778572080,41606.0,41637.0,41606.0,41634.0,322.0
2026-05-12 15:51:00,1778572260,41635.0,41639.0,41590.0,41590.0,433.0
2026-05-12 15:54:00,1778572440,41591.0,41610.0,41571.0,41609.0,618.0
2026-05-12 15:57:00,1778572620,41610.0,41626.0,41605.0,41623.0,276.0
2026-05-12 16:00:00,1778572800,41625.0,41636.0,41573.0,41583.0,556.0
2026-05-12 16:03:00,1778572980,41583.0,41585.0,41555.0,41576.0,618.0
2026-05-12 16:06:00,1778573160,41577.0,41577.0,41556.0,41564.0,379.0
2026-05-12 16:09:00,1778573340,41561.0,41585.0,41547.0,41550.0,484.0
2026-05-12 16:12:00,1778573520,41555.0,41572.0,41535.0,41555.0,525.0
2026-05-12 16:15:00,1778573700,41556.0,41595.0,41530.0,41574.0,741.0
2026-05-12 16:18:00,1778573880,41574.0,41612.0,41574.0,41600.0,468.0
2026-05-12 16:21:00,1778574060,41599.0,41619.0,41595.0,41618.0,314.0
2026-05-12 16:24:00,1778574240,41615.0,41619.0,41582.0,41608.0,350.0
2026-05-12 16:27:00,1778574420,41607.0,41628.0,41606.0,41617.0,397.0
2026-05-12 16:30:00,1778574600,41618.0,41625.0,41601.0,41620.0,274.0
2026-05-12 16:33:00,1778574780,41616.0,41626.0,41590.0,41611.0,267.0
2026-05-12 16:36:00,1778574960,41611.0,41614.0,41580.0,41605.0,221.0
2026-05-12 16:39:00,1778575140,41603.0,41614.0,41576.0,41580.0,236.0
2026-05-12 16:42:00,1778575320,41583.0,41592.0,41566.0,41585.0,304.0
2026-05-12 16:45:00,1778575500,41582.0,41605.0,41560.0,41564.0,392.0
2026-05-12 16:48:00,1778575680,41568.0,41581.0,41559.0,41572.0,183.0
2026-05-12 16:51:00,1778575860,41571.0,41579.0,41548.0,41564.0,333.0
2026-05-12 16:54:00,1778576040,41565.0,41575.0,41547.0,41555.0,272.0
2026-05-12 16:57:00,1778576220,41557.0,41575.0,41555.0,41568.0,196.0
2026-05-12 17:00:00,1778576400,41565.0,41567.0,41526.0,41567.0,656.0
2026-05-12 17:03:00,1778576580,41567.0,41570.0,41515.0,41520.0,472.0
2026-05-12 17:06:00,1778576760,41519.0,41528.0,41500.0,41510.0,688.0
2026-05-12 17:09:00,1778576940,41514.0,41541.0,41497.0,41535.0,578.0
2026-05-12 17:12:00,1778577120,41535.0,41570.0,41532.0,41567.0,401.0
2026-05-12 17:15:00,1778577300,41567.0,41573.0,41540.0,41551.0,353.0
2026-05-12 17:18:00,1778577480,41552.0,41561.0,41526.0,41538.0,196.0
2026-05-12 17:21:00,1778577660,41532.0,41557.0,41523.0,41557.0,198.0
2026-05-12 17:24:00,1778577840,41557.0,41575.0,41547.0,41550.0,253.0
2026-05-12 17:27:00,1778578020,41554.0,41557.0,41524.0,41536.0,261.0
2026-05-12 17:30:00,1778578200,41537.0,41619.0,41533.0,41576.0,1094.0
2026-05-12 17:33:00,1778578380,41579.0,41630.0,41571.0,41595.0,526.0
2026-05-12 17:36:00,1778578560,41595.0,41603.0,41581.0,41582.0,273.0
2026-05-12 17:39:00,1778578740,41581.0,41613.0,41579.0,41603.0,290.0
2026-05-12 17:42:00,1778578920,41606.0,41610.0,41591.0,41593.0,149.0
2026-05-12 17:45:00,1778579100,41592.0,41601.0,41572.0,41583.0,160.0
2026-05-12 17:48:00,1778579280,41582.0,41597.0,41582.0,41588.0,97.0
2026-05-12 17:51:00,1778579460,41587.0,41594.0,41565.0,41565.0,191.0
2026-05-12 17:54:00,1778579640,41566.0,41573.0,41556.0,41565.0,230.0
2026-05-12 17:57:00,1778579820,41567.0,41569.0,41550.0,41564.0,150.0
2026-05-12 18:00:00,1778580000,41565.0,41575.0,41553.0,41572.0,116.0
2026-05-12 18:03:00,1778580180,41573.0,41584.0,41570.0,41573.0,135.0
2026-05-12 18:06:00,1778580360,41574.0,41590.0,41556.0,41584.0,164.0
2026-05-12 18:09:00,1778580540,41587.0,41603.0,41583.0,41596.0,226.0
2026-05-12 18:12:00,1778580720,41597.0,41601.0,41587.0,41592.0,184.0
2026-05-12 18:15:00,1778580900,41591.0,41592.0,41568.0,41569.0,122.0
2026-05-12 18:18:00,1778581080,41569.0,41576.0,41560.0,41560.0,118.0
2026-05-12 18:21:00,1778581260,41560.0,41570.0,41556.0,41559.0,108.0
2026-05-12 18:24:00,1778581440,41558.0,41560.0,41545.0,41546.0,241.0
2026-05-12 18:27:00,1778581620,41546.0,41546.0,41528.0,41542.0,323.0
2026-05-12 18:30:00,1778581800,41543.0,41548.0,41518.0,41529.0,341.0
2026-05-12 18:33:00,1778581980,41527.0,41540.0,41520.0,41540.0,171.0
2026-05-12 18:36:00,1778582160,41540.0,41561.0,41537.0,41550.0,253.0
2026-05-12 18:39:00,1778582340,41549.0,41549.0,41515.0,41517.0,354.0
2026-05-12 18:42:00,1778582520,41517.0,41524.0,41488.0,41520.0,926.0
2026-05-12 18:45:00,1778582700,41518.0,41528.0,41498.0,41500.0,312.0
2026-05-12 18:48:00,1778582880,41501.0,41534.0,41491.0,41531.0,388.0
2026-05-12 18:51:00,1778583060,41530.0,41539.0,41520.0,41528.0,245.0
2026-05-12 18:54:00,1778583240,41524.0,41542.0,41513.0,41537.0,161.0
2026-05-12 18:57:00,1778583420,41541.0,41549.0,41528.0,41533.0,167.0
2026-05-12 19:00:00,1778583600,41534.0,41548.0,41490.0,41501.0,517.0
2026-05-12 19:03:00,1778583780,41500.0,41505.0,41422.0,41430.0,2309.0
2026-05-12 19:06:00,1778583960,41430.0,41454.0,41406.0,41450.0,1141.0
2026-05-12 19:09:00,1778584140,41448.0,41545.0,41446.0,41470.0,1584.0
2026-05-12 19:12:00,1778584320,41470.0,41485.0,41450.0,41453.0,452.0
2026-05-12 19:15:00,1778584500,41453.0,41460.0,41418.0,41420.0,521.0
2026-05-12 19:18:00,1778584680,41422.0,41422.0,41389.0,41394.0,1314.0
2026-05-12 19:21:00,1778584860,41400.0,41420.0,41387.0,41417.0,665.0
2026-05-12 19:24:00,1778585040,41418.0,41443.0,41395.0,41434.0,549.0
2026-05-12 19:27:00,1778585220,41433.0,41441.0,41421.0,41431.0,303.0
2026-05-12 19:30:00,1778585400,41431.0,41438.0,41414.0,41414.0,339.0
2026-05-12 19:33:00,1778585580,41414.0,41424.0,41402.0,41414.0,298.0
2026-05-12 19:36:00,1778585760,41413.0,41431.0,41402.0,41431.0,202.0
2026-05-12 19:39:00,1778585940,41432.0,41448.0,41421.0,41437.0,371.0
2026-05-12 19:42:00,1778586120,41437.0,41445.0,41419.0,41433.0,210.0
2026-05-12 19:45:00,1778586300,41434.0,41443.0,41410.0,41420.0,274.0
2026-05-12 19:48:00,1778586480,41419.0,41427.0,41408.0,41410.0,159.0
2026-05-12 19:51:00,1778586660,41410.0,41420.0,41375.0,41390.0,633.0
2026-05-12 19:54:00,1778586840,41388.0,41394.0,41347.0,41389.0,1099.0
2026-05-12 19:57:00,1778587020,41387.0,41394.0,41363.0,41369.0,351.0
2026-05-12 20:00:00,1778587200,41370.0,41370.0,41336.0,41352.0,1021.0
2026-05-12 20:03:00,1778587380,41350.0,41350.0,41310.0,41319.0,957.0
2026-05-12 20:06:00,1778587560,41319.0,41319.0,41261.0,41275.0,1478.0
2026-05-12 20:09:00,1778587740,41275.0,41313.0,41272.0,41309.0,822.0
2026-05-12 20:12:00,1778587920,41310.0,41334.0,41307.0,41333.0,534.0
2026-05-12 20:15:00,1778588100,41332.0,41344.0,41304.0,41310.0,559.0
2026-05-12 20:18:00,1778588280,41309.0,41317.0,41290.0,41291.0,401.0
2026-05-12 20:21:00,1778588460,41290.0,41298.0,41255.0,41258.0,749.0
2026-05-12 20:24:00,1778588640,41258.0,41294.0,41239.0,41294.0,1049.0
2026-05-12 20:27:00,1778588820,41292.0,41320.0,41268.0,41310.0,575.0
2026-05-12 20:30:00,1778589000,41314.0,41352.0,41251.0,41273.0,1702.0
2026-05-12 20:33:00,1778589180,41277.0,41365.0,41276.0,41362.0,1651.0
2026-05-12 20:36:00,1778589360,41361.0,41454.0,41360.0,41440.0,2549.0
2026-05-12 20:39:00,1778589540,41440.0,41491.0,41387.0,41398.0,2285.0
2026-05-12 20:42:00,1778589720,41396.0,41433.0,41394.0,41406.0,831.0
2026-05-12 20:45:00,1778589900,41406.0,41437.0,41406.0,41422.0,532.0
2026-05-12 20:48:00,1778590080,41422.0,41441.0,41422.0,41433.0,274.0
2026-05-12 20:51:00,1778590260,41434.0,41457.0,41426.0,41430.0,528.0
2026-05-12 20:54:00,1778590440,41432.0,41457.0,41409.0,41412.0,466.0
2026-05-12 20:57:00,1778590620,41416.0,41421.0,41403.0,41412.0,291.0
2026-05-12 21:00:00,1778590800,41411.0,41435.0,41408.0,41428.0,345.0
2026-05-12 21:03:00,1778590980,41427.0,41435.0,41382.0,41393.0,698.0
2026-05-12 21:06:00,1778591160,41392.0,41392.0,41360.0,41372.0,743.0
2026-05-12 21:09:00,1778591340,41372.0,41403.0,41370.0,41403.0,486.0
2026-05-12 21:12:00,1778591520,41402.0,41409.0,41375.0,41377.0,257.0
2026-05-12 21:15:00,1778591700,41375.0,41378.0,41318.0,41318.0,760.0
2026-05-12 21:18:00,1778591880,41322.0,41354.0,41318.0,41329.0,531.0
2026-05-12 21:21:00,1778592060,41330.0,41359.0,41323.0,41355.0,351.0
2026-05-12 21:24:00,1778592240,41355.0,41369.0,41334.0,41339.0,334.0
2026-05-12 21:27:00,1778592420,41340.0,41370.0,41323.0,41361.0,441.0
2026-05-12 21:30:00,1778592600,41362.0,41402.0,41307.0,41388.0,1939.0
2026-05-12 21:33:00,1778592780,41388.0,41440.0,41378.0,41402.0,1810.0
2026-05-12 21:36:00,1778592960,41398.0,41468.0,41395.0,41461.0,1743.0
2026-05-12 21:39:00,1778593140,41463.0,41513.0,41451.0,41475.0,2451.0
2026-05-12 21:42:00,1778593320,41475.0,41555.0,41470.0,41553.0,2291.0
2026-05-12 21:45:00,1778593500,41550.0,41563.0,41466.0,41475.0,2057.0
2026-05-12 21:48:00,1778593680,41470.0,41472.0,41413.0,41425.0,1848.0
2026-05-12 21:51:00,1778593860,41426.0,41476.0,41410.0,41467.0,1212.0
2026-05-12 21:54:00,1778594040,41465.0,41470.0,41330.0,41335.0,2144.0
2026-05-12 21:57:00,1778594220,41335.0,41337.0,41251.0,41295.0,2589.0
2026-05-12 22:00:00,1778594400,41295.0,41358.0,41262.0,41310.0,2496.0
2026-05-12 22:03:00,1778594580,41313.0,41324.0,41268.0,41315.0,1489.0
2026-05-12 22:06:00,1778594760,41314.0,41340.0,41285.0,41321.0,980.0
2026-05-12 22:09:00,1778594940,41322.0,41355.0,41291.0,41319.0,1122.0
2026-05-12 22:12:00,1778595120,41317.0,41383.0,41314.0,41366.0,1385.0
2026-05-12 22:15:00,1778595300,41365.0,41383.0,41304.0,41314.0,1084.0
2026-05-12 22:18:00,1778595480,41313.0,41362.0,41294.0,41329.0,992.0
2026-05-12 22:21:00,1778595660,41329.0,41335.0,41276.0,41280.0,1111.0
2026-05-12 22:24:00,1778595840,41281.0,41308.0,41206.0,41239.0,2850.0
2026-05-12 22:27:00,1778596020,41238.0,41242.0,41157.0,41196.0,2763.0
2026-05-12 22:30:00,1778596200,41196.0,41197.0,41110.0,41115.0,2946.0
2026-05-12 22:33:00,1778596380,41114.0,41143.0,41074.0,41103.0,2937.0
2026-05-12 22:36:00,1778596560,41103.0,41206.0,41089.0,41183.0,2557.0
2026-05-12 22:39:00,1778596740,41184.0,41217.0,41164.0,41202.0,1594.0
2026-05-12 22:42:00,1778596920,41204.0,41256.0,41185.0,41185.0,1879.0
2026-05-12 22:45:00,1778597100,41186.0,41194.0,41133.0,41149.0,1551.0
2026-05-12 22:48:00,1778597280,41148.0,41148.0,41058.0,41058.0,2136.0
2026-05-12 22:51:00,1778597460,41058.0,41140.0,41035.0,41122.0,2447.0
2026-05-12 22:54:00,1778597640,41119.0,41120.0,41056.0,41066.0,1135.0
2026-05-12 22:57:00,1778597820,41064.0,41077.0,41021.0,41045.0,1794.0
2026-05-12 23:00:00,1778598000,41044.0,41082.0,41012.0,41042.0,1874.0
2026-05-12 23:03:00,1778598180,41041.0,41079.0,41010.0,41045.0,1436.0
2026-05-12 23:06:00,1778598360,41045.0,41080.0,41030.0,41051.0,1117.0
2026-05-12 23:09:00,1778598540,41056.0,41058.0,41008.0,41012.0,863.0
2026-05-12 23:12:00,1778598720,41011.0,41031.0,40973.0,40976.0,2163.0
2026-05-12 23:15:00,1778598900,40975.0,40989.0,40907.0,40937.0,2984.0
2026-05-12 23:18:00,1778599080,40937.0,40945.0,40893.0,40933.0,2084.0
2026-05-12 23:21:00,1778599260,40931.0,40940.0,40842.0,40845.0,2036.0
2026-05-12 23:24:00,1778599440,40845.0,40876.0,40820.0,40865.0,2370.0
2026-05-12 23:27:00,1778599620,40868.0,40886.0,40816.0,40864.0,1327.0
2026-05-12 23:30:00,1778599800,40865.0,40927.0,40862.0,40915.0,1885.0
2026-05-12 23:33:00,1778599980,40916.0,40946.0,40892.0,40912.0,1577.0
2026-05-12 23:36:00,1778600160,40914.0,40964.0,40894.0,40963.0,1160.0
2026-05-12 23:39:00,1778600340,40964.0,40966.0,40909.0,40917.0,903.0
2026-05-12 23:42:00,1778600520,40914.0,40945.0,40889.0,40927.0,855.0
2026-05-12 23:45:00,1778600700,40928.0,40958.0,40891.0,40898.0,848.0
2026-05-12 23:48:00,1778600880,40898.0,40910.0,40882.0,40900.0,622.0
2026-05-12 23:51:00,1778601060,40901.0,40923.0,40882.0,40884.0,562.0
2026-05-12 23:54:00,1778601240,40887.0,40887.0,40844.0,40871.0,1041.0
2026-05-12 23:57:00,1778601420,40870.0,40877.0,40805.0,40831.0,1246.0
2026-05-13 00:00:00,1778601600,40828.0,40900.0,40782.0,40893.0,2397.0
2026-05-13 00:03:00,1778601780,40894.0,40933.0,40886.0,40912.0,1183.0
2026-05-13 00:06:00,1778601960,40910.0,40927.0,40875.0,40884.0,614.0
2026-05-13 00:09:00,1778602140,40881.0,40905.0,40868.0,40894.0,528.0
2026-05-13 00:12:00,1778602320,40891.0,40960.0,40888.0,40947.0,1037.0
2026-05-13 00:15:00,1778602500,40946.0,40955.0,40905.0,40920.0,599.0
2026-05-13 00:18:00,1778602680,40922.0,40933.0,40882.0,40917.0,648.0
2026-05-13 00:21:00,1778602860,40918.0,40922.0,40861.0,40863.0,600.0
2026-05-13 00:24:00,1778603040,40867.0,40877.0,40826.0,40849.0,824.0
2026-05-13 00:27:00,1778603220,40853.0,40858.0,40817.0,40839.0,517.0
2026-05-13 00:30:00,1778603400,40831.0,40847.0,40794.0,40822.0,858.0
2026-05-13 00:33:00,1778603580,40823.0,40827.0,40797.0,40818.0,516.0
2026-05-13 00:36:00,1778603760,40819.0,40864.0,40803.0,40803.0,761.0
2026-05-13 00:39:00,1778603940,40803.0,40832.0,40764.0,40768.0,1244.0
2026-05-13 00:42:00,1778604120,40771.0,40800.0,40756.0,40800.0,929.0
2026-05-13 00:45:00,1778604300,40799.0,40820.0,40759.0,40760.0,582.0
2026-05-13 00:48:00,1778604480,40758.0,40784.0,40752.0,40762.0,510.0
2026-05-13 00:51:00,1778604660,40764.0,40796.0,40745.0,40756.0,665.0
2026-05-13 00:54:00,1778604840,40751.0,40779.0,40738.0,40762.0,555.0
2026-05-13 00:57:00,1778605020,40765.0,40765.0,40738.0,40753.0,299.0
2026-05-13 01:00:00,1778605200,40756.0,40796.0,40756.0,40787.0,732.0
2026-05-13 01:03:00,1778605380,40787.0,40854.0,40782.0,40851.0,911.0
2026-05-13 01:06:00,1778605560,40852.0,40886.0,40838.0,40845.0,818.0
2026-05-13 01:09:00,1778605740,40844.0,40892.0,40827.0,40873.0,663.0
2026-05-13 01:12:00,1778605920,40874.0,40926.0,40860.0,40906.0,645.0
2026-05-13 01:15:00,1778606100,40908.0,40935.0,40904.0,40925.0,612.0
2026-05-13 01:18:00,1778606280,40923.0,40966.0,40909.0,40917.0,1175.0
2026-05-13 01:21:00,1778606460,40917.0,40945.0,40897.0,40928.0,690.0
2026-05-13 01:24:00,1778606640,40926.0,40947.0,40851.0,40870.0,778.0
2026-05-13 01:27:00,1778606820,40868.0,40874.0,40821.0,40847.0,557.0
2026-05-13 01:30:00,1778607000,40846.0,40863.0,40833.0,40850.0,347.0
2026-05-13 01:33:00,1778607180,40849.0,40896.0,40847.0,40850.0,403.0
2026-05-13 01:36:00,1778607360,40853.0,40862.0,40831.0,40846.0,258.0
2026-05-13 01:39:00,1778607540,40844.0,40884.0,40842.0,40871.0,204.0
2026-05-13 01:42:00,1778607720,40871.0,40894.0,40868.0,40871.0,166.0
2026-05-13 01:45:00,1778607900,40873.0,40898.0,40869.0,40883.0,167.0
2026-05-13 01:48:00,1778608080,40883.0,40888.0,40858.0,40865.0,182.0
2026-05-13 01:51:00,1778608260,40862.0,40888.0,40850.0,40880.0,244.0
2026-05-13 01:54:00,1778608440,40879.0,40907.0,40872.0,40890.0,243.0
2026-05-13 01:57:00,1778608620,40888.0,40908.0,40878.0,40906.0,117.0
2026-05-13 02:00:00,1778608800,40905.0,40943.0,40891.0,40919.0,591.0
2026-05-13 02:03:00,1778608980,40914.0,40942.0,40914.0,40922.0,247.0
2026-05-13 02:06:00,1778609160,40916.0,40921.0,40887.0,40915.0,201.0
2026-05-13 02:09:00,1778609340,40910.0,40922.0,40891.0,40906.0,118.0
2026-05-13 02:12:00,1778609520,40906.0,40934.0,40895.0,40931.0,165.0
2026-05-13 02:15:00,1778609700,40932.0,40942.0,40925.0,40928.0,182.0
2026-05-13 02:18:00,1778609880,40925.0,40939.0,40917.0,40930.0,134.0
2026-05-13 02:21:00,1778610060,40928.0,40939.0,40920.0,40931.0,88.0
2026-05-13 02:24:00,1778610240,40929.0,40964.0,40926.0,40951.0,220.0
2026-05-13 02:27:00,1778610420,40953.0,41020.0,40953.0,41002.0,1018.0
2026-05-13 02:30:00,1778610600,41002.0,41020.0,40990.0,41001.0,380.0
2026-05-13 02:33:00,1778610780,41000.0,41015.0,40984.0,41002.0,203.0
2026-05-13 02:36:00,1778610960,41008.0,41035.0,41006.0,41023.0,331.0
2026-05-13 02:39:00,1778611140,41027.0,41035.0,41007.0,41022.0,178.0
2026-05-13 02:42:00,1778611320,41024.0,41049.0,41021.0,41029.0,319.0
2026-05-13 02:45:00,1778611500,41027.0,41029.0,40991.0,41007.0,294.0
2026-05-13 02:48:00,1778611680,41013.0,41028.0,41006.0,41010.0,160.0
2026-05-13 02:51:00,1778611860,41015.0,41040.0,41015.0,41031.0,157.0
2026-05-13 02:54:00,1778612040,41031.0,41061.0,41025.0,41059.0,329.0
2026-05-13 02:57:00,1778612220,41060.0,41080.0,40995.0,41011.0,518.0
2026-05-13 03:00:00,1778612400,41011.0,41035.0,41011.0,41035.0,229.0
2026-05-13 03:03:00,1778612580,41035.0,41046.0,41030.0,41030.0,85.0
2026-05-13 03:06:00,1778612760,41026.0,41068.0,41022.0,41054.0,166.0
2026-05-13 03:09:00,1778612940,41060.0,41092.0,41042.0,41080.0,335.0
2026-05-13 03:12:00,1778613120,41086.0,41118.0,41085.0,41099.0,523.0
2026-05-13 03:15:00,1778613300,41104.0,41120.0,41097.0,41113.0,226.0
2026-05-13 03:18:00,1778613480,41114.0,41121.0,41082.0,41082.0,213.0
2026-05-13 03:21:00,1778613660,41081.0,41088.0,41065.0,41086.0,199.0
2026-05-13 03:24:00,1778613840,41085.0,41108.0,41081.0,41106.0,114.0
2026-05-13 03:27:00,1778614020,41102.0,41102.0,41088.0,41096.0,109.0
2026-05-13 03:30:00,1778614200,41098.0,41139.0,41095.0,41133.0,342.0
2026-05-13 03:33:00,1778614380,41138.0,41158.0,41134.0,41136.0,402.0
2026-05-13 03:36:00,1778614560,41142.0,41155.0,41132.0,41138.0,147.0
2026-05-13 03:39:00,1778614740,41140.0,41153.0,41135.0,41151.0,149.0
2026-05-13 03:42:00,1778614920,41147.0,41166.0,41144.0,41159.0,196.0
2026-05-13 03:45:00,1778615100,41160.0,41162.0,41128.0,41151.0,200.0
2026-05-13 03:48:00,1778615280,41154.0,41168.0,41144.0,41163.0,232.0
2026-05-13 03:51:00,1778615460,41163.0,41184.0,41161.0,41176.0,301.0
2026-05-13 03:54:00,1778615640,41172.0,41173.0,41149.0,41154.0,217.0
2026-05-13 03:57:00,1778615820,41161.0,41170.0,41145.0,41169.0,148.0
2026-05-13 04:00:00,1778616000,41164.0,41169.0,41136.0,41142.0,398.0
2026-05-13 04:03:00,1778616180,41142.0,41148.0,41088.0,41089.0,338.0
2026-05-13 04:06:00,1778616360,41089.0,41099.0,41067.0,41084.0,274.0
2026-05-13 04:09:00,1778616540,41083.0,41132.0,41083.0,41127.0,191.0
2026-05-13 04:12:00,1778616720,41120.0,41128.0,41115.0,41126.0,83.0
2026-05-13 04:15:00,1778616900,41128.0,41146.0,41125.0,41128.0,130.0
2026-05-13 04:18:00,1778617080,41130.0,41138.0,41114.0,41121.0,96.0
2026-05-13 04:21:00,1778617260,41119.0,41124.0,41108.0,41124.0,62.0
2026-05-13 04:24:00,1778617440,41125.0,41129.0,41108.0,41113.0,94.0
2026-05-13 04:27:00,1778617620,41113.0,41127.0,41113.0,41127.0,74.0
2026-05-13 04:30:00,1778617800,41125.0,41127.0,41116.0,41123.0,61.0
2026-05-13 04:33:00,1778617980,41126.0,41127.0,41120.0,41125.0,69.0
2026-05-13 04:36:00,1778618160,41129.0,41163.0,41127.0,41154.0,162.0
2026-05-13 04:39:00,1778618340,41154.0,41160.0,41153.0,41153.0,90.0
2026-05-13 04:42:00,1778618520,41152.0,41164.0,41152.0,41160.0,84.0
2026-05-13 04:45:00,1778618700,41160.0,41172.0,41143.0,41148.0,218.0
2026-05-13 04:48:00,1778618880,41147.0,41160.0,41144.0,41154.0,145.0
2026-05-13 04:51:00,1778619060,41160.0,41160.0,41150.0,41152.0,63.0
2026-05-13 04:54:00,1778619240,41153.0,41155.0,41142.0,41142.0,85.0
2026-05-13 04:57:00,1778619420,41143.0,41149.0,41134.0,41136.0,149.0
2026-05-13 08:45:00,1778633100,41213.0,41268.0,41047.0,41053.0,5824.0
2026-05-13 08:48:00,1778633280,41055.0,41085.0,40980.0,40999.0,2826.0
2026-05-13 08:51:00,1778633460,41000.0,41120.0,40997.0,41098.0,2048.0
2026-05-13 08:54:00,1778633640,41098.0,41221.0,41095.0,41218.0,3125.0
2026-05-13 08:57:00,1778633820,41221.0,41245.0,41175.0,41216.0,1809.0
2026-05-13 09:00:00,1778634000,41217.0,41299.0,41164.0,41243.0,4597.0
2026-05-13 09:03:00,1778634180,41248.0,41345.0,41229.0,41273.0,4061.0
2026-05-13 09:06:00,1778634360,41273.0,41317.0,41216.0,41308.0,2757.0
2026-05-13 09:09:00,1778634540,41306.0,41363.0,41283.0,41335.0,2429.0
2026-05-13 09:12:00,1778634720,41335.0,41374.0,41301.0,41326.0,2074.0
2026-05-13 09:15:00,1778634900,41327.0,41343.0,41197.0,41231.0,3451.0
2026-05-13 09:18:00,1778635080,41230.0,41295.0,41224.0,41259.0,2072.0
2026-05-13 09:21:00,1778635260,41256.0,41270.0,41208.0,41235.0,1464.0
2026-05-13 09:24:00,1778635440,41230.0,41233.0,41154.0,41168.0,3182.0
2026-05-13 09:27:00,1778635620,41168.0,41340.0,41141.0,41340.0,3294.0
2026-05-13 09:30:00,1778635800,41337.0,41429.0,41332.0,41428.0,4030.0
2026-05-13 09:33:00,1778635980,41428.0,41449.0,41381.0,41415.0,2700.0
2026-05-13 09:36:00,1778636160,41416.0,41428.0,41356.0,41412.0,1565.0
2026-05-13 09:39:00,1778636340,41409.0,41420.0,41337.0,41365.0,1567.0
2026-05-13 09:42:00,1778636520,41366.0,41428.0,41314.0,41356.0,2235.0
2026-05-13 09:45:00,1778636700,41354.0,41402.0,41344.0,41387.0,1388.0
2026-05-13 09:48:00,1778636880,41391.0,41528.0,41390.0,41509.0,4022.0
2026-05-13 09:51:00,1778637060,41511.0,41539.0,41486.0,41488.0,1838.0
2026-05-13 09:54:00,1778637240,41488.0,41496.0,41384.0,41396.0,2392.0
2026-05-13 09:57:00,1778637420,41394.0,41478.0,41355.0,41473.0,1895.0
2026-05-13 10:00:00,1778637600,41471.0,41516.0,41468.0,41503.0,1606.0
2026-05-13 10:03:00,1778637780,41500.0,41506.0,41395.0,41397.0,1768.0
2026-05-13 10:06:00,1778637960,41394.0,41419.0,41335.0,41353.0,1589.0
2026-05-13 10:09:00,1778638140,41350.0,41358.0,41268.0,41304.0,2423.0
2026-05-13 10:12:00,1778638320,41303.0,41344.0,41287.0,41300.0,1490.0
2026-05-13 10:15:00,1778638500,41300.0,41355.0,41280.0,41319.0,1338.0
2026-05-13 10:18:00,1778638680,41316.0,41325.0,41275.0,41299.0,1043.0
2026-05-13 10:21:00,1778638860,41298.0,41345.0,41290.0,41308.0,1028.0
2026-05-13 10:24:00,1778639040,41303.0,41338.0,41256.0,41328.0,1288.0
2026-05-13 10:27:00,1778639220,41331.0,41393.0,41312.0,41389.0,1431.0
2026-05-13 10:30:00,1778639400,41390.0,41412.0,41368.0,41399.0,1316.0
2026-05-13 10:33:00,1778639580,41400.0,41405.0,41330.0,41345.0,880.0
2026-05-13 10:36:00,1778639760,41344.0,41362.0,41307.0,41323.0,1000.0
2026-05-13 10:39:00,1778639940,41323.0,41328.0,41229.0,41253.0,1799.0
2026-05-13 10:42:00,1778640120,41254.0,41275.0,41195.0,41215.0,1818.0
2026-05-13 10:45:00,1778640300,41220.0,41257.0,41188.0,41236.0,2056.0
2026-05-13 10:48:00,1778640480,41239.0,41256.0,41190.0,41204.0,949.0
2026-05-13 10:51:00,1778640660,41205.0,41235.0,41179.0,41197.0,911.0
2026-05-13 10:54:00,1778640840,41195.0,41260.0,41194.0,41238.0,1148.0
2026-05-13 10:57:00,1778641020,41243.0,41270.0,41195.0,41195.0,997.0
2026-05-13 11:00:00,1778641200,41195.0,41230.0,41170.0,41186.0,1044.0
2026-05-13 11:03:00,1778641380,41184.0,41219.0,41168.0,41178.0,828.0
2026-05-13 11:06:00,1778641560,41178.0,41203.0,41166.0,41185.0,681.0
2026-05-13 11:09:00,1778641740,41186.0,41236.0,41181.0,41200.0,861.0
2026-05-13 11:12:00,1778641920,41200.0,41226.0,41170.0,41223.0,631.0
2026-05-13 11:15:00,1778642100,41225.0,41324.0,41216.0,41314.0,2007.0
2026-05-13 11:18:00,1778642280,41312.0,41342.0,41295.0,41335.0,1223.0
2026-05-13 11:21:00,1778642460,41338.0,41355.0,41320.0,41338.0,723.0
2026-05-13 11:24:00,1778642640,41334.0,41399.0,41326.0,41397.0,1027.0
2026-05-13 11:27:00,1778642820,41399.0,41400.0,41363.0,41388.0,717.0
2026-05-13 11:30:00,1778643000,41385.0,41423.0,41371.0,41409.0,1202.0
2026-05-13 11:33:00,1778643180,41412.0,41462.0,41406.0,41450.0,1261.0
2026-05-13 11:36:00,1778643360,41451.0,41480.0,41445.0,41479.0,1115.0
2026-05-13 11:39:00,1778643540,41477.0,41511.0,41470.0,41489.0,1619.0
2026-05-13 11:42:00,1778643720,41490.0,41556.0,41488.0,41552.0,2563.0
2026-05-13 11:45:00,1778643900,41554.0,41562.0,41503.0,41527.0,1803.0
2026-05-13 11:48:00,1778644080,41527.0,41530.0,41453.0,41474.0,1599.0
2026-05-13 11:51:00,1778644260,41470.0,41489.0,41455.0,41482.0,597.0
2026-05-13 11:54:00,1778644440,41480.0,41483.0,41422.0,41428.0,1172.0
2026-05-13 11:57:00,1778644620,41428.0,41439.0,41406.0,41416.0,881.0
2026-05-13 12:00:00,1778644800,41413.0,41438.0,41396.0,41433.0,947.0
2026-05-13 12:03:00,1778644980,41433.0,41454.0,41406.0,41419.0,679.0
2026-05-13 12:06:00,1778645160,41417.0,41454.0,41417.0,41436.0,456.0
2026-05-13 12:09:00,1778645340,41436.0,41454.0,41425.0,41437.0,334.0
2026-05-13 12:12:00,1778645520,41439.0,41460.0,41414.0,41425.0,484.0
2026-05-13 12:15:00,1778645700,41428.0,41444.0,41390.0,41390.0,616.0
2026-05-13 12:18:00,1778645880,41394.0,41406.0,41358.0,41384.0,948.0
2026-05-13 12:21:00,1778646060,41385.0,41406.0,41375.0,41376.0,513.0
2026-05-13 12:24:00,1778646240,41379.0,41442.0,41373.0,41429.0,699.0
2026-05-13 12:27:00,1778646420,41432.0,41444.0,41422.0,41432.0,366.0
2026-05-13 12:30:00,1778646600,41430.0,41477.0,41428.0,41452.0,903.0
2026-05-13 12:33:00,1778646780,41450.0,41453.0,41390.0,41392.0,649.0
2026-05-13 12:36:00,1778646960,41393.0,41424.0,41387.0,41392.0,483.0
2026-05-13 12:39:00,1778647140,41393.0,41416.0,41387.0,41415.0,348.0
2026-05-13 12:42:00,1778647320,41416.0,41419.0,41376.0,41390.0,461.0
2026-05-13 12:45:00,1778647500,41390.0,41422.0,41387.0,41393.0,462.0
2026-05-13 12:48:00,1778647680,41395.0,41435.0,41395.0,41407.0,546.0
2026-05-13 12:51:00,1778647860,41405.0,41439.0,41403.0,41439.0,304.0
2026-05-13 12:54:00,1778648040,41439.0,41463.0,41434.0,41456.0,837.0
2026-05-13 12:57:00,1778648220,41457.0,41473.0,41445.0,41445.0,557.0
2026-05-13 13:00:00,1778648400,41445.0,41450.0,41381.0,41421.0,959.0
2026-05-13 13:03:00,1778648580,41421.0,41536.0,41421.0,41531.0,1758.0
2026-05-13 13:06:00,1778648760,41534.0,41545.0,41505.0,41505.0,1054.0
2026-05-13 13:09:00,1778648940,41507.0,41533.0,41497.0,41526.0,719.0
2026-05-13 13:12:00,1778649120,41529.0,41582.0,41528.0,41578.0,1892.0
2026-05-13 13:15:00,1778649300,41576.0,41596.0,41563.0,41585.0,1275.0
2026-05-13 13:18:00,1778649480,41585.0,41604.0,41560.0,41561.0,1173.0
2026-05-13 13:21:00,1778649660,41564.0,41595.0,41560.0,41576.0,701.0
2026-05-13 13:24:00,1778649840,41575.0,41583.0,41474.0,41478.0,1929.0
2026-05-13 13:27:00,1778650020,41477.0,41515.0,41459.0,41472.0,2110.0
2026-05-13 13:30:00,1778650200,41473.0,41486.0,41421.0,41469.0,2214.0
2026-05-13 13:33:00,1778650380,41473.0,41491.0,41454.0,41479.0,671.0
2026-05-13 13:36:00,1778650560,41479.0,41513.0,41476.0,41508.0,528.0
2026-05-13 13:39:00,1778650740,41508.0,41520.0,41501.0,41503.0,556.0
2026-05-13 13:42:00,1778650920,41500.0,41504.0,41433.0,41483.0,1163.0
2026-05-13 15:00:00,1778655600,41510.0,41512.0,41460.0,41509.0,1333.0
2026-05-13 15:03:00,1778655780,41508.0,41514.0,41465.0,41488.0,547.0
2026-05-13 15:06:00,1778655960,41484.0,41496.0,41477.0,41481.0,260.0
2026-05-13 15:09:00,1778656140,41481.0,41481.0,41391.0,41400.0,1164.0
2026-05-13 15:12:00,1778656320,41401.0,41425.0,41378.0,41424.0,721.0
2026-05-13 15:15:00,1778656500,41422.0,41440.0,41416.0,41418.0,438.0
2026-05-13 15:18:00,1778656680,41418.0,41429.0,41394.0,41424.0,336.0
2026-05-13 15:21:00,1778656860,41427.0,41429.0,41408.0,41422.0,166.0
2026-05-13 15:24:00,1778657040,41421.0,41424.0,41404.0,41407.0,191.0
2026-05-13 15:27:00,1778657220,41409.0,41433.0,41406.0,41424.0,242.0
2026-05-13 15:30:00,1778657400,41422.0,41445.0,41419.0,41439.0,320.0
2026-05-13 15:33:00,1778657580,41440.0,41442.0,41423.0,41440.0,177.0
2026-05-13 15:36:00,1778657760,41441.0,41457.0,41436.0,41445.0,374.0
2026-05-13 15:39:00,1778657940,41442.0,41475.0,41437.0,41474.0,359.0
2026-05-13 15:42:00,1778658120,41469.0,41504.0,41469.0,41490.0,592.0
2026-05-13 15:45:00,1778658300,41490.0,41506.0,41485.0,41492.0,345.0
2026-05-13 15:48:00,1778658480,41490.0,41497.0,41473.0,41492.0,276.0
2026-05-13 15:51:00,1778658660,41492.0,41524.0,41488.0,41510.0,540.0
2026-05-13 15:54:00,1778658840,41509.0,41524.0,41498.0,41516.0,322.0
2026-05-13 15:57:00,1778659020,41515.0,41533.0,41515.0,41532.0,495.0
2026-05-13 16:00:00,1778659200,41530.0,41557.0,41527.0,41557.0,767.0
2026-05-13 16:03:00,1778659380,41557.0,41566.0,41533.0,41552.0,590.0
2026-05-13 16:06:00,1778659560,41554.0,41591.0,41554.0,41584.0,689.0
2026-05-13 16:09:00,1778659740,41587.0,41650.0,41584.0,41625.0,1827.0
2026-05-13 16:12:00,1778659920,41624.0,41628.0,41608.0,41620.0,550.0
2026-05-13 16:15:00,1778660100,41620.0,41638.0,41614.0,41633.0,527.0
2026-05-13 16:18:00,1778660280,41634.0,41642.0,41603.0,41619.0,507.0
2026-05-13 16:21:00,1778660460,41618.0,41627.0,41616.0,41625.0,202.0
2026-05-13 16:24:00,1778660640,41625.0,41626.0,41594.0,41602.0,484.0
2026-05-13 16:27:00,1778660820,41602.0,41605.0,41583.0,41590.0,422.0
2026-05-13 16:30:00,1778661000,41590.0,41595.0,41565.0,41568.0,472.0
2026-05-13 16:33:00,1778661180,41566.0,41584.0,41566.0,41575.0,251.0
2026-05-13 16:36:00,1778661360,41575.0,41596.0,41570.0,41595.0,261.0
2026-05-13 16:39:00,1778661540,41595.0,41602.0,41586.0,41588.0,267.0
2026-05-13 16:42:00,1778661720,41587.0,41590.0,41571.0,41572.0,269.0
2026-05-13 16:45:00,1778661900,41571.0,41584.0,41544.0,41544.0,490.0
2026-05-13 16:48:00,1778662080,41545.0,41545.0,41514.0,41517.0,826.0
2026-05-13 16:51:00,1778662260,41517.0,41533.0,41482.0,41496.0,929.0
2026-05-13 16:54:00,1778662440,41497.0,41520.0,41490.0,41508.0,494.0
2026-05-13 16:57:00,1778662620,41509.0,41513.0,41496.0,41512.0,265.0
2026-05-13 17:00:00,1778662800,41509.0,41532.0,41507.0,41521.0,400.0
2026-05-13 17:03:00,1778662980,41520.0,41545.0,41515.0,41519.0,407.0
2026-05-13 17:06:00,1778663160,41520.0,41526.0,41475.0,41475.0,575.0
2026-05-13 17:09:00,1778663340,41475.0,41482.0,41450.0,41467.0,802.0
2026-05-13 17:12:00,1778663520,41467.0,41488.0,41463.0,41477.0,336.0
2026-05-13 17:15:00,1778663700,41476.0,41508.0,41472.0,41480.0,486.0
2026-05-13 17:18:00,1778663880,41480.0,41484.0,41444.0,41462.0,650.0
2026-05-13 17:21:00,1778664060,41461.0,41469.0,41432.0,41469.0,551.0
2026-05-13 17:24:00,1778664240,41467.0,41474.0,41453.0,41466.0,409.0
2026-05-13 17:27:00,1778664420,41466.0,41485.0,41448.0,41455.0,336.0
2026-05-13 17:30:00,1778664600,41454.0,41472.0,41422.0,41467.0,688.0
2026-05-13 17:33:00,1778664780,41470.0,41477.0,41448.0,41472.0,346.0
2026-05-13 17:36:00,1778664960,41474.0,41480.0,41453.0,41465.0,330.0
2026-05-13 17:39:00,1778665140,41470.0,41489.0,41465.0,41472.0,302.0
2026-05-13 17:42:00,1778665320,41474.0,41486.0,41462.0,41485.0,205.0
2026-05-13 17:45:00,1778665500,41482.0,41492.0,41466.0,41471.0,302.0
2026-05-13 17:48:00,1778665680,41470.0,41485.0,41462.0,41480.0,143.0
2026-05-13 17:51:00,1778665860,41475.0,41479.0,41466.0,41477.0,86.0
2026-05-13 17:54:00,1778666040,41475.0,41519.0,41466.0,41509.0,506.0
2026-05-13 17:57:00,1778666220,41510.0,41521.0,41508.0,41513.0,310.0
2026-05-13 18:00:00,1778666400,41511.0,41519.0,41502.0,41519.0,169.0
2026-05-13 18:03:00,1778666580,41519.0,41530.0,41509.0,41519.0,203.0
2026-05-13 18:06:00,1778666760,41517.0,41536.0,41517.0,41535.0,245.0
2026-05-13 18:09:00,1778666940,41535.0,41562.0,41535.0,41539.0,636.0
2026-05-13 18:12:00,1778667120,41541.0,41545.0,41484.0,41497.0,614.0
2026-05-13 18:15:00,1778667300,41497.0,41499.0,41476.0,41494.0,420.0
2026-05-13 18:18:00,1778667480,41496.0,41496.0,41470.0,41474.0,251.0
2026-05-13 18:21:00,1778667660,41476.0,41497.0,41470.0,41481.0,222.0
2026-05-13 18:24:00,1778667840,41482.0,41482.0,41440.0,41440.0,510.0
2026-05-13 18:27:00,1778668020,41440.0,41463.0,41431.0,41461.0,363.0
2026-05-13 18:30:00,1778668200,41461.0,41486.0,41453.0,41477.0,270.0
2026-05-13 18:33:00,1778668380,41477.0,41477.0,41452.0,41463.0,239.0
2026-05-13 18:36:00,1778668560,41466.0,41476.0,41456.0,41473.0,153.0
2026-05-13 18:39:00,1778668740,41475.0,41490.0,41470.0,41489.0,264.0
2026-05-13 18:42:00,1778668920,41489.0,41506.0,41488.0,41503.0,258.0
2026-05-13 18:45:00,1778669100,41502.0,41509.0,41494.0,41508.0,198.0
2026-05-13 18:48:00,1778669280,41508.0,41514.0,41502.0,41507.0,148.0
2026-05-13 18:51:00,1778669460,41506.0,41514.0,41497.0,41511.0,155.0
2026-05-13 18:54:00,1778669640,41511.0,41524.0,41503.0,41506.0,192.0
2026-05-13 18:57:00,1778669820,41510.0,41510.0,41484.0,41492.0,242.0
2026-05-13 19:00:00,1778670000,41489.0,41495.0,41474.0,41481.0,222.0
2026-05-13 19:03:00,1778670180,41481.0,41481.0,41445.0,41452.0,413.0
2026-05-13 19:06:00,1778670360,41449.0,41463.0,41445.0,41461.0,239.0
2026-05-13 19:09:00,1778670540,41459.0,41473.0,41446.0,41448.0,252.0
2026-05-13 19:12:00,1778670720,41450.0,41479.0,41446.0,41474.0,177.0
2026-05-13 19:15:00,1778670900,41472.0,41484.0,41467.0,41482.0,142.0
2026-05-13 19:18:00,1778671080,41481.0,41481.0,41453.0,41460.0,134.0
2026-05-13 19:21:00,1778671260,41460.0,41461.0,41442.0,41442.0,159.0
2026-05-13 19:24:00,1778671440,41442.0,41442.0,41405.0,41428.0,966.0
2026-05-13 19:27:00,1778671620,41426.0,41445.0,41412.0,41445.0,292.0
2026-05-13 19:30:00,1778671800,41445.0,41473.0,41435.0,41465.0,400.0
2026-05-13 19:33:00,1778671980,41465.0,41498.0,41464.0,41475.0,423.0
2026-05-13 19:36:00,1778672160,41475.0,41490.0,41467.0,41478.0,188.0
2026-05-13 19:39:00,1778672340,41477.0,41486.0,41470.0,41485.0,117.0
2026-05-13 19:42:00,1778672520,41485.0,41498.0,41479.0,41495.0,202.0
2026-05-13 19:45:00,1778672700,41495.0,41512.0,41490.0,41503.0,368.0
2026-05-13 19:48:00,1778672880,41504.0,41509.0,41486.0,41489.0,243.0
2026-05-13 19:51:00,1778673060,41489.0,41490.0,41469.0,41488.0,266.0
2026-05-13 19:54:00,1778673240,41490.0,41517.0,41490.0,41508.0,328.0
2026-05-13 19:57:00,1778673420,41506.0,41508.0,41484.0,41504.0,215.0
2026-05-13 20:00:00,1778673600,41501.0,41525.0,41495.0,41513.0,348.0
2026-05-13 20:03:00,1778673780,41515.0,41544.0,41515.0,41535.0,545.0
2026-05-13 20:06:00,1778673960,41535.0,41538.0,41520.0,41523.0,267.0
2026-05-13 20:09:00,1778674140,41521.0,41532.0,41511.0,41521.0,216.0
2026-05-13 20:12:00,1778674320,41522.0,41551.0,41521.0,41542.0,358.0
2026-05-13 20:15:00,1778674500,41538.0,41550.0,41525.0,41525.0,186.0
2026-05-13 20:18:00,1778674680,41525.0,41525.0,41475.0,41479.0,617.0
2026-05-13 20:21:00,1778674860,41479.0,41489.0,41461.0,41488.0,504.0
2026-05-13 20:24:00,1778675040,41486.0,41510.0,41472.0,41506.0,288.0
2026-05-13 20:27:00,1778675220,41506.0,41512.0,41492.0,41496.0,168.0
2026-05-13 20:30:00,1778675400,41496.0,41496.0,41333.0,41356.0,3601.0
2026-05-13 20:33:00,1778675580,41350.0,41387.0,41306.0,41363.0,1910.0
2026-05-13 20:36:00,1778675760,41365.0,41365.0,41273.0,41288.0,1903.0
2026-05-13 20:39:00,1778675940,41287.0,41288.0,41208.0,41279.0,2518.0
2026-05-13 20:42:00,1778676120,41277.0,41297.0,41261.0,41295.0,1004.0
2026-05-13 20:45:00,1778676300,41296.0,41324.0,41288.0,41317.0,1003.0
2026-05-13 20:48:00,1778676480,41314.0,41326.0,41281.0,41300.0,684.0
2026-05-13 20:51:00,1778676660,41304.0,41308.0,41263.0,41266.0,696.0
2026-05-13 20:54:00,1778676840,41263.0,41270.0,41246.0,41269.0,656.0
2026-05-13 20:57:00,1778677020,41269.0,41323.0,41261.0,41293.0,888.0
2026-05-13 21:00:00,1778677200,41295.0,41365.0,41291.0,41360.0,1130.0
2026-05-13 21:03:00,1778677380,41363.0,41381.0,41351.0,41372.0,925.0
2026-05-13 21:06:00,1778677560,41374.0,41386.0,41354.0,41358.0,563.0
2026-05-13 21:09:00,1778677740,41361.0,41395.0,41360.0,41392.0,533.0
2026-05-13 21:12:00,1778677920,41394.0,41403.0,41383.0,41398.0,543.0
2026-05-13 21:15:00,1778678100,41399.0,41404.0,41384.0,41384.0,281.0
2026-05-13 21:18:00,1778678280,41384.0,41412.0,41380.0,41407.0,452.0
2026-05-13 21:21:00,1778678460,41407.0,41416.0,41393.0,41411.0,329.0
2026-05-13 21:24:00,1778678640,41411.0,41434.0,41408.0,41414.0,622.0
2026-05-13 21:27:00,1778678820,41414.0,41425.0,41401.0,41416.0,406.0
2026-05-13 21:30:00,1778679000,41416.0,41444.0,41348.0,41405.0,2494.0
2026-05-13 21:33:00,1778679180,41406.0,41443.0,41355.0,41358.0,1605.0
2026-05-13 21:36:00,1778679360,41358.0,41365.0,41298.0,41321.0,2179.0
2026-05-13 21:39:00,1778679540,41324.0,41460.0,41320.0,41441.0,2183.0
2026-05-13 21:42:00,1778679720,41437.0,41492.0,41407.0,41439.0,2126.0
2026-05-13 21:45:00,1778679900,41437.0,41441.0,41323.0,41323.0,2298.0
2026-05-13 21:48:00,1778680080,41323.0,41370.0,41266.0,41306.0,2890.0
2026-05-13 21:51:00,1778680260,41304.0,41454.0,41304.0,41451.0,1889.0
2026-05-13 21:54:00,1778680440,41455.0,41511.0,41412.0,41418.0,2642.0
2026-05-13 21:57:00,1778680620,41416.0,41495.0,41414.0,41458.0,1516.0
2026-05-13 22:00:00,1778680800,41458.0,41479.0,41433.0,41449.0,1029.0
2026-05-13 22:03:00,1778680980,41446.0,41483.0,41430.0,41464.0,1014.0
2026-05-13 22:06:00,1778681160,41461.0,41476.0,41404.0,41416.0,1285.0
2026-05-13 22:09:00,1778681340,41413.0,41488.0,41401.0,41435.0,1391.0
2026-05-13 22:12:00,1778681520,41434.0,41484.0,41430.0,41459.0,877.0
2026-05-13 22:15:00,1778681700,41458.0,41508.0,41431.0,41450.0,1723.0
2026-05-13 22:18:00,1778681880,41452.0,41495.0,41434.0,41473.0,907.0
2026-05-13 22:21:00,1778682060,41476.0,41586.0,41476.0,41581.0,2586.0
2026-05-13 22:24:00,1778682240,41581.0,41617.0,41569.0,41588.0,1934.0
2026-05-13 22:27:00,1778682420,41588.0,41604.0,41541.0,41556.0,1255.0
2026-05-13 22:30:00,1778682600,41552.0,41600.0,41546.0,41554.0,1189.0
2026-05-13 22:33:00,1778682780,41556.0,41613.0,41554.0,41610.0,929.0
2026-05-13 22:36:00,1778682960,41610.0,41620.0,41545.0,41555.0,1187.0
2026-05-13 22:39:00,1778683140,41556.0,41575.0,41524.0,41560.0,952.0
2026-05-13 22:42:00,1778683320,41561.0,41595.0,41555.0,41568.0,600.0
2026-05-13 22:45:00,1778683500,41567.0,41582.0,41511.0,41543.0,1032.0
2026-05-13 22:48:00,1778683680,41543.0,41555.0,41529.0,41551.0,499.0
2026-05-13 22:51:00,1778683860,41555.0,41584.0,41532.0,41582.0,651.0
2026-05-13 22:54:00,1778684040,41582.0,41601.0,41571.0,41572.0,760.0
2026-05-13 22:57:00,1778684220,41575.0,41592.0,41555.0,41563.0,492.0
2026-05-13 23:00:00,1778684400,41564.0,41584.0,41560.0,41566.0,345.0
2026-05-13 23:03:00,1778684580,41567.0,41572.0,41523.0,41525.0,640.0
2026-05-13 23:06:00,1778684760,41525.0,41541.0,41516.0,41530.0,455.0
2026-05-13 23:09:00,1778684940,41534.0,41554.0,41527.0,41527.0,365.0
2026-05-13 23:12:00,1778685120,41525.0,41528.0,41480.0,41506.0,1224.0
2026-05-13 23:15:00,1778685300,41507.0,41537.0,41504.0,41526.0,526.0
2026-05-13 23:18:00,1778685480,41525.0,41526.0,41479.0,41511.0,703.0
2026-05-13 23:21:00,1778685660,41512.0,41531.0,41505.0,41527.0,364.0
2026-05-13 23:24:00,1778685840,41528.0,41533.0,41491.0,41520.0,447.0
2026-05-13 23:27:00,1778686020,41522.0,41529.0,41481.0,41521.0,506.0
2026-05-13 23:30:00,1778686200,41520.0,41528.0,41479.0,41519.0,635.0
2026-05-13 23:33:00,1778686380,41517.0,41552.0,41507.0,41550.0,626.0
2026-05-13 23:36:00,1778686560,41552.0,41584.0,41548.0,41549.0,804.0
2026-05-13 23:39:00,1778686740,41547.0,41600.0,41547.0,41597.0,717.0
2026-05-13 23:42:00,1778686920,41600.0,41640.0,41594.0,41623.0,1355.0
2026-05-13 23:45:00,1778687100,41623.0,41624.0,41594.0,41603.0,627.0
2026-05-13 23:48:00,1778687280,41607.0,41619.0,41562.0,41577.0,694.0
2026-05-13 23:51:00,1778687460,41571.0,41576.0,41545.0,41555.0,645.0
2026-05-13 23:54:00,1778687640,41555.0,41568.0,41535.0,41548.0,495.0
2026-05-13 23:57:00,1778687820,41545.0,41547.0,41497.0,41528.0,930.0
2026-05-14 00:00:00,1778688000,41527.0,41574.0,41525.0,41571.0,803.0
2026-05-14 00:03:00,1778688180,41571.0,41614.0,41570.0,41591.0,858.0
2026-05-14 00:06:00,1778688360,41588.0,41601.0,41577.0,41597.0,380.0
2026-05-14 00:09:00,1778688540,41597.0,41612.0,41590.0,41593.0,414.0
2026-05-14 00:12:00,1778688720,41593.0,41622.0,41593.0,41616.0,438.0
2026-05-14 00:15:00,1778688900,41619.0,41627.0,41586.0,41593.0,458.0
2026-05-14 00:18:00,1778689080,41596.0,41603.0,41585.0,41591.0,223.0
2026-05-14 00:21:00,1778689260,41590.0,41633.0,41590.0,41620.0,421.0
2026-05-14 00:24:00,1778689440,41623.0,41708.0,41623.0,41661.0,3327.0
2026-05-14 00:27:00,1778689620,41658.0,41698.0,41650.0,41698.0,652.0
2026-05-14 00:30:00,1778689800,41698.0,41722.0,41654.0,41692.0,1203.0
2026-05-14 00:33:00,1778689980,41692.0,41700.0,41679.0,41685.0,387.0
2026-05-14 00:36:00,1778690160,41686.0,41711.0,41679.0,41694.0,363.0
2026-05-14 00:39:00,1778690340,41694.0,41698.0,41683.0,41688.0,186.0
2026-05-14 00:42:00,1778690520,41688.0,41706.0,41688.0,41690.0,206.0
2026-05-14 00:45:00,1778690700,41690.0,41699.0,41666.0,41679.0,406.0
2026-05-14 00:48:00,1778690880,41679.0,41684.0,41663.0,41676.0,230.0
2026-05-14 00:51:00,1778691060,41676.0,41705.0,41668.0,41697.0,274.0
2026-05-14 00:54:00,1778691240,41697.0,41716.0,41694.0,41711.0,318.0
2026-05-14 00:57:00,1778691420,41710.0,41728.0,41696.0,41705.0,619.0
2026-05-14 01:00:00,1778691600,41708.0,41750.0,41708.0,41747.0,980.0
2026-05-14 01:03:00,1778691780,41745.0,41773.0,41742.0,41770.0,573.0
2026-05-14 01:06:00,1778691960,41771.0,41781.0,41763.0,41770.0,420.0
2026-05-14 01:09:00,1778692140,41767.0,41793.0,41763.0,41763.0,500.0
2026-05-14 01:12:00,1778692320,41763.0,41783.0,41763.0,41781.0,162.0
2026-05-14 01:15:00,1778692500,41773.0,41798.0,41767.0,41798.0,485.0
2026-05-14 01:18:00,1778692680,41798.0,41804.0,41786.0,41790.0,443.0
2026-05-14 01:21:00,1778692860,41789.0,41812.0,41789.0,41797.0,371.0
2026-05-14 01:24:00,1778693040,41798.0,41828.0,41788.0,41810.0,404.0
2026-05-14 01:27:00,1778693220,41812.0,41825.0,41812.0,41823.0,184.0
2026-05-14 01:30:00,1778693400,41824.0,41838.0,41801.0,41801.0,524.0
2026-05-14 01:33:00,1778693580,41801.0,41810.0,41789.0,41793.0,287.0
2026-05-14 01:36:00,1778693760,41793.0,41802.0,41785.0,41794.0,159.0
2026-05-14 01:39:00,1778693940,41794.0,41796.0,41779.0,41790.0,153.0
2026-05-14 01:42:00,1778694120,41793.0,41806.0,41787.0,41798.0,134.0
2026-05-14 01:45:00,1778694300,41798.0,41803.0,41794.0,41799.0,125.0
2026-05-14 01:48:00,1778694480,41798.0,41798.0,41768.0,41785.0,279.0
2026-05-14 01:51:00,1778694660,41781.0,41783.0,41768.0,41777.0,141.0
2026-05-14 01:54:00,1778694840,41775.0,41776.0,41759.0,41765.0,193.0
2026-05-14 01:57:00,1778695020,41760.0,41770.0,41714.0,41716.0,574.0
2026-05-14 02:00:00,1778695200,41720.0,41739.0,41706.0,41731.0,482.0
2026-05-14 02:03:00,1778695380,41729.0,41770.0,41726.0,41764.0,319.0
2026-05-14 02:06:00,1778695560,41763.0,41786.0,41762.0,41783.0,236.0
2026-05-14 02:09:00,1778695740,41782.0,41793.0,41774.0,41786.0,169.0
2026-05-14 02:12:00,1778695920,41784.0,41799.0,41780.0,41799.0,112.0
2026-05-14 02:15:00,1778696100,41798.0,41822.0,41791.0,41794.0,263.0
2026-05-14 02:18:00,1778696280,41793.0,41828.0,41793.0,41817.0,161.0
2026-05-14 02:21:00,1778696460,41818.0,41822.0,41798.0,41805.0,79.0
2026-05-14 02:24:00,1778696640,41803.0,41805.0,41795.0,41795.0,91.0
2026-05-14 02:27:00,1778696820,41796.0,41809.0,41789.0,41792.0,100.0
2026-05-14 02:30:00,1778697000,41790.0,41797.0,41773.0,41781.0,199.0
2026-05-14 02:33:00,1778697180,41781.0,41783.0,41767.0,41767.0,87.0
2026-05-14 02:36:00,1778697360,41766.0,41772.0,41749.0,41762.0,155.0
2026-05-14 02:39:00,1778697540,41760.0,41778.0,41759.0,41773.0,108.0
2026-05-14 02:42:00,1778697720,41775.0,41777.0,41741.0,41744.0,114.0
2026-05-14 02:45:00,1778697900,41743.0,41751.0,41718.0,41719.0,177.0
2026-05-14 02:48:00,1778698080,41725.0,41741.0,41719.0,41737.0,139.0
2026-05-14 02:51:00,1778698260,41737.0,41744.0,41723.0,41737.0,171.0
2026-05-14 02:54:00,1778698440,41740.0,41754.0,41722.0,41749.0,295.0
2026-05-14 02:57:00,1778698620,41749.0,41760.0,41710.0,41715.0,190.0
2026-05-14 03:00:00,1778698800,41715.0,41752.0,41715.0,41744.0,146.0
2026-05-14 03:03:00,1778698980,41748.0,41755.0,41744.0,41744.0,41.0
2026-05-14 03:06:00,1778699160,41742.0,41748.0,41734.0,41743.0,43.0
2026-05-14 03:09:00,1778699340,41745.0,41762.0,41743.0,41743.0,91.0
2026-05-14 03:12:00,1778699520,41744.0,41757.0,41738.0,41754.0,60.0
2026-05-14 03:15:00,1778699700,41755.0,41763.0,41742.0,41763.0,115.0
2026-05-14 03:18:00,1778699880,41764.0,41777.0,41756.0,41756.0,105.0
2026-05-14 03:21:00,1778700060,41755.0,41758.0,41732.0,41732.0,68.0
2026-05-14 03:24:00,1778700240,41733.0,41736.0,41717.0,41728.0,125.0
2026-05-14 03:27:00,1778700420,41733.0,41734.0,41716.0,41727.0,82.0
2026-05-14 03:30:00,1778700600,41728.0,41740.0,41724.0,41725.0,92.0
2026-05-14 03:33:00,1778700780,41725.0,41726.0,41713.0,41720.0,75.0
2026-05-14 03:36:00,1778700960,41720.0,41731.0,41715.0,41726.0,33.0
2026-05-14 03:39:00,1778701140,41730.0,41744.0,41730.0,41733.0,57.0
2026-05-14 03:42:00,1778701320,41728.0,41744.0,41724.0,41744.0,40.0
2026-05-14 03:45:00,1778701500,41740.0,41756.0,41733.0,41755.0,55.0
2026-05-14 03:48:00,1778701680,41757.0,41759.0,41701.0,41711.0,227.0
2026-05-14 03:51:00,1778701860,41711.0,41721.0,41683.0,41718.0,363.0
2026-05-14 03:54:00,1778702040,41710.0,41720.0,41694.0,41719.0,148.0
2026-05-14 03:57:00,1778702220,41716.0,41723.0,41708.0,41708.0,105.0
2026-05-14 04:00:00,1778702400,41707.0,41720.0,41688.0,41704.0,385.0
2026-05-14 04:03:00,1778702580,41705.0,41721.0,41698.0,41721.0,50.0
2026-05-14 04:06:00,1778702760,41716.0,41739.0,41710.0,41737.0,50.0
2026-05-14 04:09:00,1778702940,41737.0,41738.0,41727.0,41733.0,37.0
2026-05-14 04:12:00,1778703120,41736.0,41742.0,41733.0,41737.0,33.0
2026-05-14 04:15:00,1778703300,41733.0,41734.0,41728.0,41733.0,25.0
2026-05-14 04:18:00,1778703480,41730.0,41732.0,41725.0,41731.0,46.0
2026-05-14 04:21:00,1778703660,41730.0,41738.0,41729.0,41738.0,64.0
2026-05-14 04:24:00,1778703840,41739.0,41748.0,41738.0,41744.0,57.0
2026-05-14 04:27:00,1778704020,41746.0,41753.0,41735.0,41738.0,54.0
2026-05-14 04:30:00,1778704200,41736.0,41750.0,41736.0,41750.0,28.0
2026-05-14 04:33:00,1778704380,41750.0,41760.0,41750.0,41760.0,60.0
2026-05-14 04:36:00,1778704560,41754.0,41764.0,41750.0,41764.0,36.0
2026-05-14 04:39:00,1778704740,41762.0,41771.0,41759.0,41759.0,68.0
2026-05-14 04:42:00,1778704920,41761.0,41761.0,41748.0,41756.0,45.0
2026-05-14 04:45:00,1778705100,41755.0,41758.0,41746.0,41756.0,60.0
2026-05-14 04:48:00,1778705280,41759.0,41764.0,41753.0,41756.0,43.0
2026-05-14 04:51:00,1778705460,41756.0,41762.0,41756.0,41759.0,41.0
2026-05-14 04:54:00,1778705640,41760.0,41763.0,41752.0,41758.0,83.0
2026-05-14 04:57:00,1778705820,41759.0,41761.0,41745.0,41755.0,161.0
2026-05-14 08:45:00,1778719500,41930.0,41963.0,41870.0,41922.0,4741.0
2026-05-14 08:48:00,1778719680,41920.0,41965.0,41890.0,41926.0,1844.0
2026-05-14 08:51:00,1778719860,41927.0,41977.0,41921.0,41935.0,1301.0
2026-05-14 08:54:00,1778720040,41936.0,41992.0,41932.0,41985.0,1434.0
2026-05-14 08:57:00,1778720220,41983.0,41997.0,41951.0,41997.0,1163.0
2026-05-14 09:00:00,1778720400,41996.0,42145.0,41993.0,42132.0,5631.0
2026-05-14 09:03:00,1778720580,42136.0,42218.0,42128.0,42176.0,3963.0
2026-05-14 09:06:00,1778720760,42176.0,42239.0,42131.0,42161.0,3368.0
2026-05-14 09:09:00,1778720940,42166.0,42202.0,42153.0,42183.0,1560.0
2026-05-14 09:12:00,1778721120,42189.0,42214.0,42113.0,42128.0,2210.0
2026-05-14 09:15:00,1778721300,42128.0,42131.0,41877.0,41915.0,6688.0
2026-05-14 09:18:00,1778721480,41918.0,41944.0,41824.0,41885.0,4958.0
2026-05-14 09:21:00,1778721660,41881.0,41925.0,41862.0,41921.0,1857.0
2026-05-14 09:24:00,1778721840,41923.0,41962.0,41883.0,41927.0,2242.0
2026-05-14 09:27:00,1778722020,41930.0,41974.0,41917.0,41962.0,1259.0
2026-05-14 09:30:00,1778722200,41961.0,41987.0,41923.0,41945.0,1526.0
2026-05-14 09:33:00,1778722380,41947.0,41950.0,41866.0,41905.0,1837.0
2026-05-14 09:36:00,1778722560,41902.0,41914.0,41810.0,41877.0,2557.0
2026-05-14 09:39:00,1778722740,41879.0,41903.0,41860.0,41869.0,1322.0
2026-05-14 09:42:00,1778722920,41869.0,41887.0,41760.0,41788.0,3091.0
2026-05-14 09:45:00,1778723100,41788.0,41795.0,41659.0,41664.0,4968.0
2026-05-14 09:48:00,1778723280,41662.0,41847.0,41650.0,41812.0,3947.0
2026-05-14 09:51:00,1778723460,41808.0,41813.0,41704.0,41766.0,1990.0
2026-05-14 09:54:00,1778723640,41765.0,41792.0,41732.0,41738.0,1221.0
2026-05-14 09:57:00,1778723820,41737.0,41737.0,41660.0,41700.0,1945.0
2026-05-14 10:00:00,1778724000,41696.0,41743.0,41612.0,41725.0,3389.0
2026-05-14 10:03:00,1778724180,41722.0,41806.0,41720.0,41798.0,2112.0
2026-05-14 10:06:00,1778724360,41796.0,41806.0,41737.0,41792.0,1215.0
2026-05-14 10:09:00,1778724540,41788.0,41808.0,41756.0,41773.0,1119.0
2026-05-14 10:12:00,1778724720,41775.0,41777.0,41726.0,41759.0,770.0
2026-05-14 10:15:00,1778724900,41763.0,41817.0,41742.0,41812.0,1319.0
2026-05-14 10:18:00,1778725080,41810.0,41842.0,41765.0,41819.0,1640.0
2026-05-14 10:21:00,1778725260,41820.0,41871.0,41802.0,41834.0,1568.0
2026-05-14 10:24:00,1778725440,41834.0,41855.0,41795.0,41836.0,940.0
2026-05-14 10:27:00,1778725620,41835.0,41844.0,41730.0,41738.0,1322.0
2026-05-14 10:30:00,1778725800,41732.0,41823.0,41722.0,41820.0,1154.0
2026-05-14 10:33:00,1778725980,41819.0,41833.0,41794.0,41804.0,652.0
2026-05-14 10:36:00,1778726160,41803.0,41803.0,41730.0,41740.0,805.0
2026-05-14 10:39:00,1778726340,41739.0,41757.0,41702.0,41710.0,881.0
2026-05-14 10:42:00,1778726520,41707.0,41724.0,41655.0,41702.0,1435.0
2026-05-14 10:45:00,1778726700,41700.0,41718.0,41641.0,41658.0,1607.0
2026-05-14 10:48:00,1778726880,41656.0,41679.0,41540.0,41584.0,3391.0
2026-05-14 10:51:00,1778727060,41585.0,41668.0,41572.0,41654.0,1855.0
2026-05-14 10:54:00,1778727240,41656.0,41665.0,41578.0,41588.0,1327.0
2026-05-14 10:57:00,1778727420,41587.0,41622.0,41578.0,41598.0,928.0
2026-05-14 11:00:00,1778727600,41599.0,41642.0,41558.0,41635.0,1509.0
2026-05-14 11:03:00,1778727780,41635.0,41647.0,41607.0,41624.0,569.0
2026-05-14 11:06:00,1778727960,41628.0,41629.0,41559.0,41604.0,1313.0
2026-05-14 11:09:00,1778728140,41606.0,41662.0,41601.0,41626.0,1118.0
2026-05-14 11:12:00,1778728320,41627.0,41677.0,41612.0,41672.0,970.0
2026-05-14 11:15:00,1778728500,41671.0,41673.0,41549.0,41613.0,2095.0
2026-05-14 11:18:00,1778728680,41615.0,41632.0,41527.0,41569.0,1771.0
2026-05-14 11:21:00,1778728860,41567.0,41616.0,41554.0,41616.0,978.0
2026-05-14 11:24:00,1778729040,41618.0,41693.0,41605.0,41689.0,1095.0
2026-05-14 11:27:00,1778729220,41692.0,41719.0,41669.0,41670.0,1467.0
2026-05-14 11:30:00,1778729400,41674.0,41678.0,41571.0,41600.0,1423.0
2026-05-14 11:33:00,1778729580,41601.0,41618.0,41567.0,41576.0,702.0
2026-05-14 11:36:00,1778729760,41580.0,41660.0,41575.0,41621.0,795.0
2026-05-14 11:39:00,1778729940,41623.0,41645.0,41610.0,41633.0,406.0
2026-05-14 11:42:00,1778730120,41634.0,41660.0,41631.0,41655.0,352.0
2026-05-14 11:45:00,1778730300,41655.0,41693.0,41648.0,41650.0,964.0
2026-05-14 11:48:00,1778730480,41649.0,41664.0,41623.0,41657.0,579.0
2026-05-14 11:51:00,1778730660,41657.0,41683.0,41657.0,41670.0,461.0
2026-05-14 11:54:00,1778730840,41672.0,41684.0,41648.0,41670.0,398.0
2026-05-14 11:57:00,1778731020,41670.0,41670.0,41642.0,41659.0,296.0
2026-05-14 12:00:00,1778731200,41660.0,41671.0,41555.0,41599.0,1561.0
2026-05-14 12:03:00,1778731380,41600.0,41614.0,41575.0,41608.0,596.0
2026-05-14 12:06:00,1778731560,41607.0,41674.0,41607.0,41670.0,758.0
2026-05-14 12:09:00,1778731740,41668.0,41714.0,41662.0,41709.0,1161.0
2026-05-14 12:12:00,1778731920,41708.0,41740.0,41704.0,41736.0,995.0
2026-05-14 12:15:00,1778732100,41735.0,41745.0,41704.0,41734.0,600.0
2026-05-14 12:18:00,1778732280,41735.0,41738.0,41699.0,41732.0,477.0
2026-05-14 12:21:00,1778732460,41736.0,41769.0,41733.0,41761.0,850.0
2026-05-14 12:24:00,1778732640,41762.0,41795.0,41756.0,41765.0,761.0
2026-05-14 12:27:00,1778732820,41768.0,41788.0,41746.0,41786.0,514.0
2026-05-14 12:30:00,1778733000,41787.0,41810.0,41782.0,41786.0,1058.0
2026-05-14 12:33:00,1778733180,41789.0,41838.0,41789.0,41820.0,1091.0
2026-05-14 12:36:00,1778733360,41818.0,41847.0,41797.0,41832.0,1084.0
2026-05-14 12:39:00,1778733540,41832.0,41846.0,41806.0,41816.0,628.0
2026-05-14 12:42:00,1778733720,41816.0,41818.0,41788.0,41818.0,591.0
2026-05-14 12:45:00,1778733900,41816.0,41820.0,41800.0,41808.0,402.0
2026-05-14 12:48:00,1778734080,41807.0,41840.0,41805.0,41811.0,649.0
2026-05-14 12:51:00,1778734260,41812.0,41815.0,41765.0,41788.0,936.0
2026-05-14 12:54:00,1778734440,41790.0,41803.0,41777.0,41777.0,417.0
2026-05-14 12:57:00,1778734620,41779.0,41785.0,41738.0,41748.0,1025.0
2026-05-14 13:00:00,1778734800,41750.0,41752.0,41708.0,41714.0,974.0
2026-05-14 13:03:00,1778734980,41711.0,41732.0,41676.0,41680.0,1294.0
2026-05-14 13:06:00,1778735160,41680.0,41689.0,41637.0,41651.0,1301.0
2026-05-14 13:09:00,1778735340,41652.0,41658.0,41627.0,41653.0,887.0
2026-05-14 13:12:00,1778735520,41653.0,41653.0,41607.0,41614.0,859.0
2026-05-14 13:15:00,1778735700,41612.0,41615.0,41563.0,41576.0,1505.0
2026-05-14 13:18:00,1778735880,41575.0,41580.0,41496.0,41572.0,3282.0
2026-05-14 13:21:00,1778736060,41575.0,41627.0,41574.0,41625.0,1358.0
2026-05-14 13:24:00,1778736240,41624.0,41640.0,41576.0,41623.0,1213.0
2026-05-14 13:27:00,1778736420,41623.0,41711.0,41617.0,41710.0,1611.0
2026-05-14 13:30:00,1778736600,41712.0,41767.0,41689.0,41698.0,2061.0
2026-05-14 13:33:00,1778736780,41696.0,41715.0,41683.0,41691.0,786.0
2026-05-14 13:36:00,1778736960,41690.0,41694.0,41655.0,41669.0,599.0
2026-05-14 13:39:00,1778737140,41669.0,41704.0,41664.0,41697.0,771.0
2026-05-14 13:42:00,1778737320,41695.0,41699.0,41620.0,41620.0,1303.0
2026-05-14 13:45:00,1778737500,41620.0,41620.0,41620.0,41620.0,1.0
2026-05-14 15:00:00,1778742000,41768.0,41814.0,41727.0,41800.0,2409.0
2026-05-14 15:03:00,1778742180,41798.0,41800.0,41763.0,41769.0,699.0
2026-05-14 15:06:00,1778742360,41767.0,41797.0,41758.0,41785.0,569.0
2026-05-14 15:09:00,1778742540,41785.0,41787.0,41740.0,41761.0,511.0
2026-05-14 15:12:00,1778742720,41761.0,41777.0,41742.0,41768.0,331.0
2026-05-14 15:15:00,1778742900,41768.0,41830.0,41760.0,41817.0,916.0
2026-05-14 15:18:00,1778743080,41821.0,41833.0,41791.0,41795.0,631.0
2026-05-14 15:21:00,1778743260,41795.0,41810.0,41774.0,41780.0,320.0
2026-05-14 15:24:00,1778743440,41781.0,41810.0,41772.0,41810.0,274.0
2026-05-14 15:27:00,1778743620,41810.0,41824.0,41806.0,41816.0,372.0
2026-05-14 15:30:00,1778743800,41817.0,41839.0,41808.0,41830.0,588.0
2026-05-14 15:33:00,1778743980,41834.0,41887.0,41833.0,41880.0,1373.0
2026-05-14 15:36:00,1778744160,41883.0,41907.0,41879.0,41906.0,878.0
2026-05-14 15:39:00,1778744340,41906.0,41912.0,41887.0,41888.0,612.0
2026-05-14 15:42:00,1778744520,41890.0,41905.0,41861.0,41864.0,479.0
2026-05-14 15:45:00,1778744700,41865.0,41889.0,41850.0,41850.0,413.0
2026-05-14 15:48:00,1778744880,41852.0,41863.0,41846.0,41851.0,327.0
2026-05-14 15:51:00,1778745060,41849.0,41881.0,41848.0,41874.0,368.0
2026-05-14 15:54:00,1778745240,41872.0,41874.0,41825.0,41829.0,518.0
2026-05-14 15:57:00,1778745420,41829.0,41830.0,41765.0,41782.0,1028.0
2026-05-14 16:00:00,1778745600,41778.0,41793.0,41759.0,41787.0,732.0
2026-05-14 16:03:00,1778745780,41787.0,41789.0,41756.0,41772.0,468.0
2026-05-14 16:06:00,1778745960,41772.0,41809.0,41761.0,41809.0,491.0
2026-05-14 16:09:00,1778746140,41809.0,41820.0,41788.0,41811.0,433.0
2026-05-14 16:12:00,1778746320,41809.0,41848.0,41808.0,41848.0,460.0
2026-05-14 16:15:00,1778746500,41848.0,41874.0,41848.0,41863.0,572.0
2026-05-14 16:18:00,1778746680,41863.0,41883.0,41850.0,41883.0,430.0
2026-05-14 16:21:00,1778746860,41880.0,41884.0,41857.0,41858.0,251.0
2026-05-14 16:24:00,1778747040,41856.0,41870.0,41849.0,41864.0,252.0
2026-05-14 16:27:00,1778747220,41861.0,41893.0,41860.0,41884.0,366.0
2026-05-14 16:30:00,1778747400,41887.0,41919.0,41885.0,41896.0,1159.0
2026-05-14 16:33:00,1778747580,41899.0,41906.0,41889.0,41901.0,223.0
2026-05-14 16:36:00,1778747760,41901.0,41905.0,41884.0,41884.0,302.0
2026-05-14 16:39:00,1778747940,41882.0,41885.0,41852.0,41857.0,467.0
2026-05-14 16:42:00,1778748120,41857.0,41868.0,41840.0,41841.0,378.0
2026-05-14 16:45:00,1778748300,41841.0,41862.0,41825.0,41859.0,440.0
2026-05-14 16:48:00,1778748480,41859.0,41859.0,41833.0,41849.0,256.0
2026-05-14 16:51:00,1778748660,41849.0,41877.0,41847.0,41871.0,336.0
2026-05-14 16:54:00,1778748840,41870.0,41880.0,41868.0,41876.0,173.0
2026-05-14 16:57:00,1778749020,41876.0,41892.0,41871.0,41889.0,203.0
2026-05-14 17:00:00,1778749200,41890.0,41904.0,41885.0,41892.0,388.0
2026-05-14 17:03:00,1778749380,41890.0,41891.0,41865.0,41865.0,375.0
2026-05-14 17:06:00,1778749560,41865.0,41885.0,41858.0,41885.0,192.0
2026-05-14 17:09:00,1778749740,41885.0,41897.0,41833.0,41840.0,535.0
2026-05-14 17:12:00,1778749920,41839.0,41851.0,41831.0,41842.0,195.0
2026-05-14 17:15:00,1778750100,41843.0,41848.0,41828.0,41840.0,210.0
2026-05-14 17:18:00,1778750280,41839.0,41845.0,41831.0,41841.0,168.0
2026-05-14 17:21:00,1778750460,41844.0,41844.0,41826.0,41830.0,166.0
2026-05-14 17:24:00,1778750640,41832.0,41838.0,41820.0,41835.0,229.0
2026-05-14 17:27:00,1778750820,41833.0,41833.0,41792.0,41803.0,575.0
2026-05-14 17:30:00,1778751000,41805.0,41836.0,41792.0,41828.0,345.0
2026-05-14 17:33:00,1778751180,41827.0,41827.0,41786.0,41791.0,271.0
2026-05-14 17:36:00,1778751360,41785.0,41793.0,41715.0,41726.0,1590.0
2026-05-14 17:39:00,1778751540,41726.0,41772.0,41715.0,41765.0,658.0
2026-05-14 17:42:00,1778751720,41763.0,41779.0,41752.0,41765.0,388.0
2026-05-14 17:45:00,1778751900,41765.0,41805.0,41764.0,41805.0,429.0
2026-05-14 17:48:00,1778752080,41805.0,41838.0,41804.0,41826.0,484.0
2026-05-14 17:51:00,1778752260,41825.0,41843.0,41817.0,41824.0,390.0
2026-05-14 17:54:00,1778752440,41824.0,41838.0,41824.0,41836.0,179.0
2026-05-14 17:57:00,1778752620,41836.0,41854.0,41833.0,41835.0,356.0
2026-05-14 18:00:00,1778752800,41833.0,41871.0,41832.0,41865.0,409.0
2026-05-14 18:03:00,1778752980,41867.0,41872.0,41855.0,41855.0,184.0
2026-05-14 18:06:00,1778753160,41854.0,41866.0,41844.0,41861.0,236.0
2026-05-14 18:09:00,1778753340,41858.0,41912.0,41837.0,41905.0,1103.0
2026-05-14 18:12:00,1778753520,41907.0,41956.0,41862.0,41888.0,1607.0
2026-05-14 18:15:00,1778753700,41888.0,41912.0,41887.0,41912.0,483.0
2026-05-14 18:18:00,1778753880,41911.0,41930.0,41903.0,41906.0,500.0
2026-05-14 18:21:00,1778754060,41906.0,41910.0,41875.0,41880.0,449.0
2026-05-14 18:24:00,1778754240,41878.0,41902.0,41863.0,41900.0,388.0
2026-05-14 18:27:00,1778754420,41900.0,41908.0,41870.0,41876.0,234.0
2026-05-14 18:30:00,1778754600,41876.0,41893.0,41855.0,41863.0,386.0
2026-05-14 18:33:00,1778754780,41862.0,41885.0,41862.0,41885.0,131.0
2026-05-14 18:36:00,1778754960,41884.0,41893.0,41871.0,41874.0,128.0
2026-05-14 18:39:00,1778755140,41876.0,41877.0,41857.0,41871.0,204.0
2026-05-14 18:42:00,1778755320,41874.0,41875.0,41846.0,41861.0,249.0
2026-05-14 18:45:00,1778755500,41863.0,41878.0,41853.0,41875.0,178.0
2026-05-14 18:48:00,1778755680,41875.0,41896.0,41866.0,41896.0,249.0
2026-05-14 18:51:00,1778755860,41895.0,41909.0,41871.0,41903.0,258.0
2026-05-14 18:54:00,1778756040,41902.0,41926.0,41897.0,41904.0,462.0
2026-05-14 18:57:00,1778756220,41907.0,41908.0,41888.0,41896.0,181.0
2026-05-14 19:00:00,1778756400,41896.0,41911.0,41896.0,41903.0,209.0
2026-05-14 19:03:00,1778756580,41904.0,41904.0,41879.0,41889.0,223.0
2026-05-14 19:06:00,1778756760,41887.0,41895.0,41870.0,41888.0,205.0
2026-05-14 19:09:00,1778756940,41888.0,41914.0,41888.0,41898.0,264.0
2026-05-14 19:12:00,1778757120,41899.0,41915.0,41896.0,41898.0,169.0
2026-05-14 19:15:00,1778757300,41898.0,41903.0,41894.0,41896.0,73.0
2026-05-14 19:18:00,1778757480,41899.0,41911.0,41895.0,41902.0,149.0
2026-05-14 19:21:00,1778757660,41908.0,41909.0,41866.0,41869.0,245.0
2026-05-14 19:24:00,1778757840,41868.0,41876.0,41854.0,41866.0,350.0
2026-05-14 19:27:00,1778758020,41865.0,41884.0,41859.0,41877.0,179.0
2026-05-14 19:30:00,1778758200,41877.0,41889.0,41874.0,41882.0,140.0
2026-05-14 19:33:00,1778758380,41882.0,41889.0,41873.0,41879.0,104.0
2026-05-14 19:36:00,1778758560,41880.0,41886.0,41879.0,41881.0,66.0
2026-05-14 19:39:00,1778758740,41883.0,41895.0,41882.0,41890.0,145.0
2026-05-14 19:42:00,1778758920,41892.0,41898.0,41888.0,41890.0,155.0
2026-05-14 19:45:00,1778759100,41892.0,41907.0,41888.0,41899.0,155.0
2026-05-14 19:48:00,1778759280,41900.0,41917.0,41900.0,41912.0,234.0
2026-05-14 19:51:00,1778759460,41912.0,41937.0,41911.0,41916.0,419.0
2026-05-14 19:54:00,1778759640,41915.0,41942.0,41915.0,41929.0,383.0
2026-05-14 19:57:00,1778759820,41930.0,41938.0,41905.0,41907.0,291.0
2026-05-14 20:00:00,1778760000,41907.0,41931.0,41902.0,41931.0,273.0
2026-05-14 20:03:00,1778760180,41931.0,41966.0,41928.0,41950.0,976.0
2026-05-14 20:06:00,1778760360,41951.0,41960.0,41936.0,41950.0,376.0
2026-05-14 20:09:00,1778760540,41950.0,41952.0,41937.0,41938.0,177.0
2026-05-14 20:12:00,1778760720,41938.0,41950.0,41929.0,41942.0,220.0
2026-05-14 20:15:00,1778760900,41941.0,41964.0,41941.0,41947.0,307.0
2026-05-14 20:18:00,1778761080,41950.0,41950.0,41931.0,41940.0,208.0
2026-05-14 20:21:00,1778761260,41940.0,41949.0,41924.0,41933.0,227.0
2026-05-14 20:24:00,1778761440,41935.0,41939.0,41915.0,41920.0,259.0
2026-05-14 20:27:00,1778761620,41920.0,41921.0,41913.0,41917.0,146.0
2026-05-14 20:30:00,1778761800,41917.0,41920.0,41877.0,41879.0,721.0
2026-05-14 20:33:00,1778761980,41877.0,41901.0,41871.0,41895.0,473.0
2026-05-14 20:36:00,1778762160,41894.0,41894.0,41860.0,41882.0,466.0
2026-05-14 20:39:00,1778762340,41885.0,41901.0,41878.0,41895.0,259.0
2026-05-14 20:42:00,1778762520,41894.0,41896.0,41870.0,41871.0,239.0
2026-05-14 20:45:00,1778762700,41871.0,41896.0,41856.0,41884.0,441.0
2026-05-14 20:48:00,1778762880,41885.0,41892.0,41877.0,41891.0,152.0
2026-05-14 20:51:00,1778763060,41887.0,41890.0,41856.0,41867.0,309.0
2026-05-14 20:54:00,1778763240,41867.0,41867.0,41811.0,41843.0,1115.0
2026-05-14 20:57:00,1778763420,41840.0,41850.0,41832.0,41841.0,376.0
2026-05-14 21:00:00,1778763600,41841.0,41858.0,41827.0,41857.0,382.0
2026-05-14 21:03:00,1778763780,41858.0,41860.0,41832.0,41841.0,313.0
2026-05-14 21:06:00,1778763960,41838.0,41843.0,41820.0,41836.0,349.0
2026-05-14 21:09:00,1778764140,41835.0,41847.0,41816.0,41840.0,343.0
2026-05-14 21:12:00,1778764320,41840.0,41848.0,41824.0,41844.0,246.0
2026-05-14 21:15:00,1778764500,41841.0,41856.0,41837.0,41842.0,274.0
2026-05-14 21:18:00,1778764680,41839.0,41841.0,41802.0,41818.0,572.0
2026-05-14 21:21:00,1778764860,41817.0,41838.0,41814.0,41837.0,246.0
2026-05-14 21:24:00,1778765040,41836.0,41836.0,41792.0,41793.0,449.0
2026-05-14 21:27:00,1778765220,41791.0,41801.0,41773.0,41783.0,797.0
2026-05-14 21:30:00,1778765400,41783.0,41805.0,41735.0,41776.0,2601.0
2026-05-14 21:33:00,1778765580,41776.0,41847.0,41748.0,41841.0,1732.0
2026-05-14 21:36:00,1778765760,41838.0,41897.0,41827.0,41882.0,1761.0
2026-05-14 21:39:00,1778765940,41883.0,41961.0,41883.0,41943.0,2156.0
2026-05-14 21:42:00,1778766120,41941.0,41988.0,41916.0,41953.0,2411.0
2026-05-14 21:45:00,1778766300,41952.0,41993.0,41920.0,41990.0,2075.0
2026-05-14 21:48:00,1778766480,41991.0,42045.0,41961.0,41999.0,3071.0
2026-05-14 21:51:00,1778766660,41997.0,42041.0,41985.0,42032.0,1689.0
2026-05-14 21:54:00,1778766840,42034.0,42042.0,41984.0,42029.0,1546.0
2026-05-14 21:57:00,1778767020,42031.0,42043.0,41922.0,41956.0,1933.0
2026-05-14 22:00:00,1778767200,41954.0,42034.0,41934.0,42005.0,2100.0
2026-05-14 22:03:00,1778767380,42005.0,42045.0,41983.0,42028.0,1275.0
2026-05-14 22:06:00,1778767560,42029.0,42035.0,41967.0,41992.0,1191.0
2026-05-14 22:09:00,1778767740,41991.0,42039.0,41976.0,42039.0,1116.0
2026-05-14 22:12:00,1778767920,42037.0,42086.0,42037.0,42072.0,2522.0
2026-05-14 22:15:00,1778768100,42072.0,42133.0,42069.0,42125.0,2201.0
2026-05-14 22:18:00,1778768280,42125.0,42184.0,42122.0,42159.0,2027.0
2026-05-14 22:21:00,1778768460,42158.0,42193.0,42153.0,42173.0,1377.0
2026-05-14 22:24:00,1778768640,42173.0,42177.0,42113.0,42142.0,1758.0
2026-05-14 22:27:00,1778768820,42143.0,42164.0,42123.0,42164.0,768.0
2026-05-14 22:30:00,1778769000,42164.0,42204.0,42162.0,42180.0,1935.0
2026-05-14 22:33:00,1778769180,42176.0,42257.0,42173.0,42252.0,2478.0
2026-05-14 22:36:00,1778769360,42251.0,42295.0,42248.0,42289.0,1987.0
2026-05-14 22:39:00,1778769540,42286.0,42327.0,42278.0,42283.0,2271.0
2026-05-14 22:42:00,1778769720,42286.0,42305.0,42262.0,42296.0,1042.0
2026-05-14 22:45:00,1778769900,42295.0,42305.0,42266.0,42292.0,843.0
2026-05-14 22:48:00,1778770080,42291.0,42314.0,42276.0,42310.0,771.0
2026-05-14 22:51:00,1778770260,42310.0,42322.0,42254.0,42257.0,1091.0
2026-05-14 22:54:00,1778770440,42257.0,42289.0,42253.0,42271.0,809.0
2026-05-14 22:57:00,1778770620,42272.0,42276.0,42210.0,42239.0,1398.0
2026-05-14 23:00:00,1778770800,42240.0,42268.0,42217.0,42240.0,1049.0
2026-05-14 23:03:00,1778770980,42240.0,42253.0,42206.0,42224.0,822.0
2026-05-14 23:06:00,1778771160,42224.0,42261.0,42220.0,42241.0,614.0
2026-05-14 23:09:00,1778771340,42241.0,42260.0,42227.0,42238.0,368.0
2026-05-14 23:12:00,1778771520,42237.0,42260.0,42227.0,42259.0,369.0
2026-05-14 23:15:00,1778771700,42260.0,42275.0,42247.0,42261.0,690.0
2026-05-14 23:18:00,1778771880,42263.0,42287.0,42261.0,42285.0,452.0
2026-05-14 23:21:00,1778772060,42285.0,42288.0,42242.0,42250.0,469.0
2026-05-14 23:24:00,1778772240,42250.0,42277.0,42248.0,42268.0,334.0
2026-05-14 23:27:00,1778772420,42269.0,42285.0,42256.0,42256.0,325.0
2026-05-14 23:30:00,1778772600,42255.0,42292.0,42255.0,42286.0,372.0
2026-05-14 23:33:00,1778772780,42287.0,42295.0,42269.0,42269.0,275.0
2026-05-14 23:36:00,1778772960,42270.0,42283.0,42256.0,42260.0,331.0
2026-05-14 23:39:00,1778773140,42259.0,42283.0,42253.0,42276.0,268.0
2026-05-14 23:42:00,1778773320,42273.0,42277.0,42227.0,42246.0,519.0
2026-05-14 23:45:00,1778773500,42248.0,42253.0,42226.0,42238.0,337.0
2026-05-14 23:48:00,1778773680,42238.0,42259.0,42226.0,42258.0,386.0
2026-05-14 23:51:00,1778773860,42258.0,42264.0,42245.0,42251.0,231.0
2026-05-14 23:54:00,1778774040,42255.0,42285.0,42255.0,42281.0,380.0
2026-05-14 23:57:00,1778774220,42279.0,42291.0,42272.0,42277.0,378.0
2026-05-15 00:00:00,1778774400,42278.0,42303.0,42277.0,42283.0,684.0
2026-05-15 00:03:00,1778774580,42282.0,42312.0,42278.0,42302.0,386.0
2026-05-15 00:06:00,1778774760,42304.0,42312.0,42284.0,42312.0,272.0
2026-05-15 00:09:00,1778774940,42312.0,42344.0,42299.0,42329.0,1548.0
2026-05-15 00:12:00,1778775120,42328.0,42347.0,42308.0,42314.0,451.0
2026-05-15 00:15:00,1778775300,42314.0,42342.0,42308.0,42333.0,448.0
2026-05-15 00:18:00,1778775480,42335.0,42341.0,42300.0,42312.0,404.0
2026-05-15 00:21:00,1778775660,42310.0,42332.0,42307.0,42324.0,254.0
2026-05-15 00:24:00,1778775840,42322.0,42329.0,42293.0,42295.0,483.0
2026-05-15 00:27:00,1778776020,42295.0,42317.0,42269.0,42283.0,539.0
2026-05-15 00:30:00,1778776200,42284.0,42300.0,42276.0,42285.0,277.0
2026-05-15 00:33:00,1778776380,42285.0,42293.0,42261.0,42289.0,382.0
2026-05-15 00:36:00,1778776560,42288.0,42298.0,42279.0,42296.0,194.0
2026-05-15 00:39:00,1778776740,42299.0,42312.0,42285.0,42311.0,310.0
2026-05-15 00:42:00,1778776920,42312.0,42312.0,42271.0,42277.0,206.0
2026-05-15 00:45:00,1778777100,42276.0,42300.0,42248.0,42300.0,679.0
2026-05-15 00:48:00,1778777280,42299.0,42307.0,42292.0,42298.0,187.0
2026-05-15 00:51:00,1778777460,42296.0,42310.0,42283.0,42306.0,126.0
2026-05-15 00:54:00,1778777640,42301.0,42315.0,42277.0,42301.0,270.0
2026-05-15 00:57:00,1778777820,42296.0,42314.0,42292.0,42313.0,126.0
2026-05-15 01:00:00,1778778000,42315.0,42344.0,42315.0,42335.0,530.0
2026-05-15 01:03:00,1778778180,42335.0,42377.0,42331.0,42347.0,1064.0
2026-05-15 01:06:00,1778778360,42346.0,42350.0,42301.0,42310.0,464.0
2026-05-15 01:09:00,1778778540,42309.0,42328.0,42289.0,42328.0,348.0
2026-05-15 01:12:00,1778778720,42323.0,42325.0,42262.0,42269.0,427.0
2026-05-15 01:15:00,1778778900,42269.0,42277.0,42228.0,42263.0,1068.0
2026-05-15 01:18:00,1778779080,42262.0,42263.0,42202.0,42254.0,906.0
2026-05-15 01:21:00,1778779260,42255.0,42271.0,42233.0,42256.0,384.0
2026-05-15 01:24:00,1778779440,42254.0,42254.0,42191.0,42225.0,792.0
2026-05-15 01:27:00,1778779620,42222.0,42251.0,42217.0,42248.0,364.0
2026-05-15 01:30:00,1778779800,42249.0,42271.0,42237.0,42269.0,367.0
2026-05-15 01:33:00,1778779980,42271.0,42289.0,42252.0,42283.0,348.0
2026-05-15 01:36:00,1778780160,42286.0,42299.0,42282.0,42297.0,217.0
2026-05-15 01:39:00,1778780340,42299.0,42307.0,42289.0,42296.0,205.0
2026-05-15 01:42:00,1778780520,42296.0,42309.0,42285.0,42298.0,226.0
2026-05-15 01:45:00,1778780700,42301.0,42332.0,42301.0,42312.0,342.0
2026-05-15 01:48:00,1778780880,42316.0,42340.0,42314.0,42334.0,246.0
2026-05-15 01:51:00,1778781060,42336.0,42340.0,42306.0,42335.0,292.0
2026-05-15 01:54:00,1778781240,42333.0,42336.0,42325.0,42325.0,124.0
2026-05-15 01:57:00,1778781420,42321.0,42332.0,42315.0,42316.0,108.0
2026-05-15 02:00:00,1778781600,42316.0,42319.0,42263.0,42285.0,394.0
2026-05-15 02:03:00,1778781780,42283.0,42294.0,42259.0,42290.0,243.0
2026-05-15 02:06:00,1778781960,42290.0,42299.0,42284.0,42291.0,111.0
2026-05-15 02:09:00,1778782140,42293.0,42322.0,42288.0,42291.0,230.0
2026-05-15 02:12:00,1778782320,42290.0,42295.0,42268.0,42294.0,171.0
2026-05-15 02:15:00,1778782500,42292.0,42312.0,42290.0,42305.0,110.0
2026-05-15 02:18:00,1778782680,42306.0,42324.0,42301.0,42320.0,93.0
2026-05-15 02:21:00,1778782860,42321.0,42322.0,42286.0,42287.0,183.0
2026-05-15 02:24:00,1778783040,42285.0,42295.0,42278.0,42281.0,118.0
2026-05-15 02:27:00,1778783220,42281.0,42298.0,42278.0,42293.0,96.0
2026-05-15 02:30:00,1778783400,42293.0,42331.0,42292.0,42325.0,234.0
2026-05-15 02:33:00,1778783580,42327.0,42333.0,42321.0,42326.0,80.0
2026-05-15 02:36:00,1778783760,42325.0,42327.0,42309.0,42325.0,80.0
2026-05-15 02:39:00,1778783940,42322.0,42327.0,42294.0,42313.0,57.0
2026-05-15 02:42:00,1778784120,42316.0,42322.0,42315.0,42316.0,43.0
2026-05-15 02:45:00,1778784300,42315.0,42335.0,42306.0,42335.0,107.0
2026-05-15 02:48:00,1778784480,42335.0,42350.0,42330.0,42349.0,222.0
2026-05-15 02:51:00,1778784660,42346.0,42347.0,42337.0,42343.0,89.0
2026-05-15 02:54:00,1778784840,42337.0,42361.0,42337.0,42355.0,137.0
2026-05-15 02:57:00,1778785020,42355.0,42358.0,42339.0,42346.0,53.0
2026-05-15 03:00:00,1778785200,42346.0,42364.0,42343.0,42350.0,141.0
2026-05-15 03:03:00,1778785380,42350.0,42361.0,42347.0,42360.0,52.0
2026-05-15 03:06:00,1778785560,42354.0,42359.0,42347.0,42355.0,40.0
2026-05-15 03:09:00,1778785740,42357.0,42363.0,42355.0,42357.0,77.0
2026-05-15 03:12:00,1778785920,42353.0,42356.0,42339.0,42345.0,90.0
2026-05-15 03:15:00,1778786100,42346.0,42358.0,42342.0,42347.0,53.0
2026-05-15 03:18:00,1778786280,42350.0,42352.0,42342.0,42348.0,47.0
2026-05-15 03:21:00,1778786460,42351.0,42370.0,42348.0,42358.0,129.0
2026-05-15 03:24:00,1778786640,42357.0,42358.0,42350.0,42355.0,51.0
2026-05-15 03:27:00,1778786820,42355.0,42356.0,42332.0,42340.0,120.0
2026-05-15 03:30:00,1778787000,42335.0,42364.0,42334.0,42360.0,62.0
2026-05-15 03:33:00,1778787180,42361.0,42370.0,42343.0,42345.0,90.0
2026-05-15 03:36:00,1778787360,42347.0,42353.0,42342.0,42346.0,27.0
2026-05-15 03:39:00,1778787540,42348.0,42363.0,42345.0,42358.0,44.0
2026-05-15 03:42:00,1778787720,42354.0,42363.0,42343.0,42351.0,70.0
2026-05-15 03:45:00,1778787900,42346.0,42351.0,42342.0,42346.0,66.0
2026-05-15 03:48:00,1778788080,42352.0,42361.0,42334.0,42341.0,105.0
2026-05-15 03:51:00,1778788260,42333.0,42348.0,42323.0,42346.0,119.0
2026-05-15 03:54:00,1778788440,42337.0,42340.0,42313.0,42319.0,134.0
2026-05-15 03:57:00,1778788620,42320.0,42331.0,42317.0,42329.0,91.0
2026-05-15 04:00:00,1778788800,42327.0,42344.0,42312.0,42344.0,344.0
2026-05-15 04:03:00,1778788980,42342.0,42346.0,42333.0,42346.0,43.0
2026-05-15 04:06:00,1778789160,42342.0,42346.0,42337.0,42342.0,26.0
2026-05-15 04:09:00,1778789340,42340.0,42346.0,42339.0,42339.0,36.0
2026-05-15 04:12:00,1778789520,42338.0,42341.0,42336.0,42340.0,31.0
2026-05-15 04:15:00,1778789700,42338.0,42341.0,42325.0,42335.0,64.0
2026-05-15 04:18:00,1778789880,42336.0,42337.0,42324.0,42337.0,74.0
2026-05-15 04:21:00,1778790060,42332.0,42333.0,42319.0,42326.0,43.0
2026-05-15 04:24:00,1778790240,42325.0,42330.0,42324.0,42329.0,27.0
2026-05-15 04:27:00,1778790420,42330.0,42330.0,42321.0,42325.0,23.0
2026-05-15 04:30:00,1778790600,42322.0,42332.0,42319.0,42325.0,43.0
2026-05-15 04:33:00,1778790780,42328.0,42333.0,42325.0,42330.0,55.0
2026-05-15 04:36:00,1778790960,42328.0,42329.0,42325.0,42327.0,42.0
2026-05-15 04:39:00,1778791140,42327.0,42340.0,42327.0,42340.0,44.0
2026-05-15 04:42:00,1778791320,42341.0,42345.0,42339.0,42339.0,56.0
2026-05-15 04:45:00,1778791500,42340.0,42340.0,42323.0,42328.0,100.0
2026-05-15 04:48:00,1778791680,42327.0,42336.0,42306.0,42310.0,305.0
2026-05-15 04:51:00,1778791860,42310.0,42320.0,42305.0,42314.0,94.0
2026-05-15 04:54:00,1778792040,42313.0,42334.0,42313.0,42334.0,87.0
2026-05-15 04:57:00,1778792220,42334.0,42365.0,42334.0,42362.0,217.0
2026-05-15 08:45:00,1778805900,42291.0,42342.0,42232.0,42327.0,4560.0
2026-05-15 08:48:00,1778806080,42325.0,42364.0,42309.0,42311.0,1678.0
2026-05-15 08:51:00,1778806260,42310.0,42345.0,42281.0,42342.0,1422.0
2026-05-15 08:54:00,1778806440,42342.0,42353.0,42311.0,42320.0,1115.0
2026-05-15 08:57:00,1778806620,42319.0,42334.0,42290.0,42296.0,1003.0
2026-05-15 09:00:00,1778806800,42297.0,42453.0,42290.0,42373.0,5909.0
2026-05-15 09:03:00,1778806980,42370.0,42424.0,42282.0,42385.0,3280.0
2026-05-15 09:06:00,1778807160,42384.0,42397.0,42260.0,42336.0,3213.0
2026-05-15 09:09:00,1778807340,42343.0,42347.0,42287.0,42311.0,1443.0
2026-05-15 09:12:00,1778807520,42310.0,42330.0,42248.0,42318.0,2600.0
2026-05-15 09:15:00,1778807700,42314.0,42341.0,42271.0,42299.0,1720.0
2026-05-15 09:18:00,1778807880,42296.0,42304.0,42238.0,42241.0,2415.0
2026-05-15 09:21:00,1778808060,42240.0,42243.0,42085.0,42203.0,6803.0
2026-05-15 09:24:00,1778808240,42201.0,42245.0,42140.0,42174.0,2479.0
2026-05-15 09:27:00,1778808420,42175.0,42175.0,42045.0,42082.0,3272.0
2026-05-15 09:30:00,1778808600,42078.0,42083.0,41950.0,41966.0,5058.0
2026-05-15 09:33:00,1778808780,41966.0,42061.0,41951.0,42036.0,3803.0
2026-05-15 09:36:00,1778808960,42037.0,42128.0,42033.0,42104.0,2763.0
2026-05-15 09:39:00,1778809140,42102.0,42135.0,42074.0,42082.0,1633.0
2026-05-15 09:42:00,1778809320,42080.0,42113.0,42036.0,42102.0,1750.0
2026-05-15 09:45:00,1778809500,42103.0,42121.0,41910.0,41950.0,4122.0
2026-05-15 09:48:00,1778809680,41954.0,41965.0,41869.0,41924.0,3689.0
2026-05-15 09:51:00,1778809860,41920.0,41956.0,41785.0,41841.0,4075.0
2026-05-15 09:54:00,1778810040,41841.0,41875.0,41750.0,41781.0,3329.0
2026-05-15 09:57:00,1778810220,41777.0,41779.0,41642.0,41696.0,4692.0
2026-05-15 10:00:00,1778810400,41699.0,41770.0,41651.0,41728.0,3722.0
2026-05-15 10:03:00,1778810580,41728.0,41765.0,41673.0,41716.0,1898.0
2026-05-15 10:06:00,1778810760,41720.0,41728.0,41607.0,41616.0,3532.0
2026-05-15 10:09:00,1778810940,41617.0,41750.0,41604.0,41737.0,3159.0
2026-05-15 10:12:00,1778811120,41735.0,41735.0,41645.0,41690.0,1694.0
2026-05-15 10:15:00,1778811300,41687.0,41759.0,41663.0,41682.0,2199.0
2026-05-15 10:18:00,1778811480,41681.0,41760.0,41675.0,41713.0,1585.0
2026-05-15 10:21:00,1778811660,41713.0,41785.0,41706.0,41774.0,1727.0
2026-05-15 10:24:00,1778811840,41774.0,41847.0,41761.0,41815.0,2403.0
2026-05-15 10:27:00,1778812020,41819.0,41819.0,41661.0,41689.0,2104.0
2026-05-15 10:30:00,1778812200,41691.0,41730.0,41660.0,41680.0,1532.0
2026-05-15 10:33:00,1778812380,41676.0,41734.0,41651.0,41707.0,1286.0
2026-05-15 10:36:00,1778812560,41708.0,41725.0,41663.0,41678.0,810.0
2026-05-15 10:39:00,1778812740,41680.0,41707.0,41630.0,41698.0,1580.0
2026-05-15 10:42:00,1778812920,41698.0,41833.0,41677.0,41795.0,2307.0
2026-05-15 10:45:00,1778813100,41793.0,41840.0,41780.0,41785.0,1631.0
2026-05-15 10:48:00,1778813280,41784.0,41790.0,41681.0,41740.0,1676.0
2026-05-15 10:51:00,1778813460,41739.0,41820.0,41724.0,41760.0,1208.0
2026-05-15 10:54:00,1778813640,41761.0,41810.0,41728.0,41756.0,817.0
2026-05-15 10:57:00,1778813820,41760.0,41782.0,41718.0,41764.0,749.0
2026-05-15 11:00:00,1778814000,41770.0,41795.0,41723.0,41736.0,660.0
2026-05-15 11:03:00,1778814180,41732.0,41780.0,41732.0,41743.0,441.0
2026-05-15 11:06:00,1778814360,41739.0,41739.0,41683.0,41700.0,1264.0
2026-05-15 11:09:00,1778814540,41698.0,41717.0,41663.0,41711.0,1065.0
2026-05-15 11:12:00,1778814720,41707.0,41718.0,41646.0,41660.0,998.0
2026-05-15 11:15:00,1778814900,41660.0,41674.0,41628.0,41666.0,1205.0
2026-05-15 11:18:00,1778815080,41664.0,41690.0,41585.0,41585.0,2596.0
2026-05-15 11:21:00,1778815260,41584.0,41612.0,41548.0,41606.0,1896.0
2026-05-15 11:24:00,1778815440,41610.0,41679.0,41590.0,41632.0,1625.0
2026-05-15 11:27:00,1778815620,41632.0,41640.0,41596.0,41627.0,773.0
2026-05-15 11:30:00,1778815800,41623.0,41634.0,41529.0,41537.0,1652.0
2026-05-15 11:33:00,1778815980,41536.0,41539.0,41457.0,41463.0,2882.0
2026-05-15 11:36:00,1778816160,41462.0,41626.0,41420.0,41596.0,4530.0
2026-05-15 11:39:00,1778816340,41595.0,41683.0,41577.0,41630.0,2446.0
2026-05-15 11:42:00,1778816520,41626.0,41659.0,41586.0,41629.0,1126.0
2026-05-15 11:45:00,1778816700,41634.0,41661.0,41624.0,41647.0,966.0
2026-05-15 11:48:00,1778816880,41645.0,41698.0,41645.0,41655.0,1424.0
2026-05-15 11:51:00,1778817060,41657.0,41670.0,41606.0,41629.0,907.0
2026-05-15 11:54:00,1778817240,41632.0,41642.0,41608.0,41635.0,564.0
2026-05-15 11:57:00,1778817420,41636.0,41653.0,41624.0,41630.0,444.0
2026-05-15 12:00:00,1778817600,41630.0,41632.0,41576.0,41587.0,851.0
2026-05-15 12:03:00,1778817780,41587.0,41644.0,41579.0,41643.0,723.0
2026-05-15 12:06:00,1778817960,41645.0,41655.0,41619.0,41630.0,706.0
2026-05-15 12:09:00,1778818140,41629.0,41629.0,41556.0,41572.0,1115.0
2026-05-15 12:12:00,1778818320,41572.0,41606.0,41508.0,41595.0,1371.0
2026-05-15 12:15:00,1778818500,41594.0,41623.0,41550.0,41560.0,823.0
2026-05-15 12:18:00,1778818680,41560.0,41560.0,41522.0,41543.0,820.0
2026-05-15 12:21:00,1778818860,41544.0,41544.0,41507.0,41533.0,722.0
2026-05-15 12:24:00,1778819040,41533.0,41560.0,41480.0,41506.0,1223.0
2026-05-15 12:27:00,1778819220,41505.0,41514.0,41456.0,41465.0,1344.0
2026-05-15 12:30:00,1778819400,41464.0,41475.0,41403.0,41444.0,2294.0
2026-05-15 12:33:00,1778819580,41441.0,41547.0,41438.0,41492.0,2075.0
2026-05-15 12:36:00,1778819760,41493.0,41505.0,41431.0,41455.0,1093.0
2026-05-15 12:39:00,1778819940,41456.0,41525.0,41441.0,41474.0,1103.0
2026-05-15 12:42:00,1778820120,41470.0,41484.0,41400.0,41402.0,1443.0
2026-05-15 12:45:00,1778820300,41401.0,41411.0,41321.0,41330.0,3072.0
2026-05-15 12:48:00,1778820480,41327.0,41363.0,41308.0,41330.0,1848.0
2026-05-15 12:51:00,1778820660,41329.0,41345.0,41291.0,41307.0,1595.0
2026-05-15 12:54:00,1778820840,41307.0,41331.0,41254.0,41271.0,1778.0
2026-05-15 12:57:00,1778821020,41272.0,41281.0,41195.0,41218.0,2303.0
2026-05-15 13:00:00,1778821200,41219.0,41228.0,41117.0,41187.0,3712.0
2026-05-15 13:03:00,1778821380,41185.0,41212.0,41119.0,41175.0,2139.0
2026-05-15 13:06:00,1778821560,41173.0,41176.0,41077.0,41145.0,2410.0
2026-05-15 13:09:00,1778821740,41144.0,41206.0,41138.0,41177.0,2005.0
2026-05-15 13:12:00,1778821920,41181.0,41193.0,41130.0,41182.0,1346.0
2026-05-15 13:15:00,1778822100,41183.0,41200.0,41135.0,41152.0,1373.0
2026-05-15 13:18:00,1778822280,41150.0,41188.0,41125.0,41184.0,957.0
2026-05-15 13:21:00,1778822460,41188.0,41195.0,41138.0,41142.0,1062.0
2026-05-15 13:24:00,1778822640,41144.0,41172.0,41106.0,41155.0,1252.0
2026-05-15 13:27:00,1778822820,41156.0,41210.0,41147.0,41200.0,1488.0
2026-05-15 13:30:00,1778823000,41199.0,41205.0,41092.0,41130.0,2538.0
2026-05-15 13:33:00,1778823180,41129.0,41189.0,41092.0,41113.0,1444.0
2026-05-15 13:36:00,1778823360,41114.0,41114.0,41029.0,41063.0,1797.0
2026-05-15 13:39:00,1778823540,41063.0,41075.0,41032.0,41037.0,1053.0
2026-05-15 13:42:00,1778823720,41037.0,41049.0,40977.0,41003.0,2078.0
2026-05-15 13:45:00,1778823900,41001.0,41001.0,41001.0,41001.0,1.0
2026-05-15 15:00:00,1778828400,41150.0,41207.0,41140.0,41173.0,2507.0
2026-05-15 15:03:00,1778828580,41171.0,41176.0,41104.0,41175.0,972.0
2026-05-15 15:06:00,1778828760,41174.0,41176.0,41136.0,41139.0,532.0
2026-05-15 15:09:00,1778828940,41140.0,41185.0,41140.0,41174.0,415.0
2026-05-15 15:12:00,1778829120,41177.0,41197.0,41163.0,41195.0,493.0
2026-05-15 15:15:00,1778829300,41196.0,41220.0,41191.0,41191.0,912.0
2026-05-15 15:18:00,1778829480,41190.0,41223.0,41183.0,41204.0,507.0
2026-05-15 15:21:00,1778829660,41204.0,41211.0,41166.0,41172.0,450.0
2026-05-15 15:24:00,1778829840,41173.0,41173.0,41125.0,41129.0,666.0
2026-05-15 15:27:00,1778830020,41133.0,41158.0,41132.0,41153.0,306.0
2026-05-15 15:30:00,1778830200,41154.0,41160.0,41117.0,41118.0,396.0
2026-05-15 15:33:00,1778830380,41117.0,41120.0,41056.0,41063.0,941.0
2026-05-15 15:36:00,1778830560,41061.0,41062.0,41023.0,41042.0,675.0
2026-05-15 15:39:00,1778830740,41042.0,41042.0,40991.0,41008.0,866.0
2026-05-15 15:42:00,1778830920,41007.0,41023.0,40986.0,41004.0,636.0
2026-05-15 15:45:00,1778831100,41001.0,41014.0,40983.0,41009.0,569.0
2026-05-15 15:48:00,1778831280,41010.0,41010.0,40983.0,40990.0,320.0
2026-05-15 15:51:00,1778831460,40987.0,40987.0,40913.0,40952.0,1722.0
2026-05-15 15:54:00,1778831640,40955.0,40956.0,40930.0,40938.0,361.0
2026-05-15 15:57:00,1778831820,40939.0,40944.0,40839.0,40861.0,1319.0
2026-05-15 16:00:00,1778832000,40862.0,40874.0,40779.0,40784.0,2113.0
2026-05-15 16:03:00,1778832180,40783.0,40819.0,40770.0,40819.0,1162.0
2026-05-15 16:06:00,1778832360,40815.0,40865.0,40808.0,40824.0,1213.0
2026-05-15 16:09:00,1778832540,40822.0,40867.0,40818.0,40848.0,602.0
2026-05-15 16:12:00,1778832720,40848.0,40852.0,40821.0,40842.0,378.0
2026-05-15 16:15:00,1778832900,40839.0,40839.0,40712.0,40742.0,1833.0
2026-05-15 16:18:00,1778833080,40743.0,40758.0,40712.0,40748.0,1258.0
2026-05-15 16:21:00,1778833260,40746.0,40758.0,40731.0,40739.0,507.0
2026-05-15 16:24:00,1778833440,40741.0,40775.0,40710.0,40710.0,768.0
2026-05-15 16:27:00,1778833620,40712.0,40717.0,40640.0,40650.0,1902.0
2026-05-15 16:30:00,1778833800,40648.0,40656.0,40602.0,40628.0,1680.0
2026-05-15 16:33:00,1778833980,40627.0,40651.0,40602.0,40634.0,958.0
2026-05-15 16:36:00,1778834160,40637.0,40682.0,40620.0,40676.0,854.0
2026-05-15 16:39:00,1778834340,40676.0,40752.0,40676.0,40749.0,1182.0
2026-05-15 16:42:00,1778834520,40749.0,40788.0,40737.0,40781.0,929.0
2026-05-15 16:45:00,1778834700,40784.0,40810.0,40762.0,40800.0,1251.0
2026-05-15 16:48:00,1778834880,40801.0,40824.0,40757.0,40761.0,706.0
2026-05-15 16:51:00,1778835060,40762.0,40765.0,40700.0,40714.0,902.0
2026-05-15 16:54:00,1778835240,40714.0,40738.0,40687.0,40732.0,646.0
2026-05-15 16:57:00,1778835420,40733.0,40744.0,40708.0,40725.0,411.0
2026-05-15 17:00:00,1778835600,40727.0,40741.0,40669.0,40682.0,725.0
2026-05-15 17:03:00,1778835780,40686.0,40748.0,40681.0,40740.0,498.0
2026-05-15 17:06:00,1778835960,40741.0,40743.0,40692.0,40726.0,404.0
2026-05-15 17:09:00,1778836140,40727.0,40741.0,40705.0,40727.0,313.0
2026-05-15 17:12:00,1778836320,40725.0,40726.0,40683.0,40701.0,364.0
2026-05-15 17:15:00,1778836500,40701.0,40703.0,40638.0,40650.0,791.0
2026-05-15 17:18:00,1778836680,40647.0,40656.0,40615.0,40627.0,650.0
2026-05-15 17:21:00,1778836860,40630.0,40658.0,40577.0,40650.0,1457.0
2026-05-15 17:24:00,1778837040,40648.0,40667.0,40588.0,40625.0,737.0
2026-05-15 17:27:00,1778837220,40623.0,40695.0,40611.0,40693.0,763.0
2026-05-15 17:30:00,1778837400,40689.0,40716.0,40675.0,40701.0,691.0
2026-05-15 17:33:00,1778837580,40702.0,40712.0,40673.0,40704.0,495.0
2026-05-15 17:36:00,1778837760,40707.0,40745.0,40707.0,40729.0,660.0
2026-05-15 17:39:00,1778837940,40729.0,40750.0,40706.0,40712.0,476.0
2026-05-15 17:42:00,1778838120,40711.0,40718.0,40661.0,40685.0,499.0
2026-05-15 17:45:00,1778838300,40681.0,40682.0,40638.0,40653.0,557.0
2026-05-15 17:48:00,1778838480,40655.0,40669.0,40615.0,40634.0,532.0
2026-05-15 17:51:00,1778838660,40635.0,40635.0,40596.0,40627.0,673.0
2026-05-15 17:54:00,1778838840,40629.0,40696.0,40618.0,40683.0,782.0
2026-05-15 17:57:00,1778839020,40680.0,40692.0,40634.0,40641.0,329.0
2026-05-15 18:00:00,1778839200,40643.0,40674.0,40641.0,40661.0,345.0
2026-05-15 18:03:00,1778839380,40660.0,40666.0,40610.0,40661.0,450.0
2026-05-15 18:06:00,1778839560,40660.0,40716.0,40658.0,40710.0,684.0
2026-05-15 18:09:00,1778839740,40710.0,40787.0,40694.0,40765.0,1133.0
2026-05-15 18:12:00,1778839920,40764.0,40815.0,40764.0,40797.0,842.0
2026-05-15 18:15:00,1778840100,40797.0,40828.0,40781.0,40823.0,824.0
2026-05-15 18:18:00,1778840280,40822.0,40827.0,40790.0,40816.0,514.0
2026-05-15 18:21:00,1778840460,40820.0,40866.0,40808.0,40866.0,854.0
2026-05-15 18:24:00,1778840640,40862.0,40881.0,40831.0,40836.0,916.0
2026-05-15 18:27:00,1778840820,40835.0,40837.0,40796.0,40802.0,560.0
2026-05-15 18:30:00,1778841000,40803.0,40847.0,40795.0,40845.0,495.0
2026-05-15 18:33:00,1778841180,40846.0,40890.0,40846.0,40863.0,693.0
2026-05-15 18:36:00,1778841360,40866.0,40869.0,40805.0,40808.0,643.0
2026-05-15 18:39:00,1778841540,40808.0,40813.0,40746.0,40762.0,893.0
2026-05-15 18:42:00,1778841720,40764.0,40815.0,40761.0,40815.0,580.0
2026-05-15 18:45:00,1778841900,40813.0,40910.0,40806.0,40899.0,1444.0
2026-05-15 18:48:00,1778842080,40903.0,40928.0,40860.0,40894.0,1286.0
2026-05-15 18:51:00,1778842260,40896.0,40973.0,40892.0,40943.0,1469.0
2026-05-15 18:54:00,1778842440,40941.0,40973.0,40936.0,40946.0,761.0
2026-05-15 18:57:00,1778842620,40945.0,40970.0,40929.0,40933.0,619.0
2026-05-15 19:00:00,1778842800,40933.0,40977.0,40918.0,40943.0,771.0
2026-05-15 19:03:00,1778842980,40940.0,40940.0,40892.0,40923.0,622.0
2026-05-15 19:06:00,1778843160,40926.0,40943.0,40897.0,40908.0,429.0
2026-05-15 19:09:00,1778843340,40911.0,40924.0,40882.0,40924.0,385.0
2026-05-15 19:12:00,1778843520,40924.0,40933.0,40890.0,40920.0,407.0
2026-05-15 19:15:00,1778843700,40918.0,40932.0,40891.0,40894.0,347.0
2026-05-15 19:18:00,1778843880,40897.0,40899.0,40880.0,40888.0,348.0
2026-05-15 19:21:00,1778844060,40886.0,40890.0,40837.0,40839.0,827.0
2026-05-15 19:24:00,1778844240,40836.0,40847.0,40796.0,40822.0,740.0
2026-05-15 19:27:00,1778844420,40821.0,40844.0,40809.0,40827.0,489.0
2026-05-15 19:30:00,1778844600,40827.0,40837.0,40791.0,40797.0,463.0
2026-05-15 19:33:00,1778844780,40796.0,40806.0,40756.0,40795.0,813.0
2026-05-15 19:36:00,1778844960,40792.0,40794.0,40757.0,40764.0,342.0
2026-05-15 19:39:00,1778845140,40764.0,40764.0,40704.0,40708.0,867.0
2026-05-15 19:42:00,1778845320,40706.0,40732.0,40690.0,40712.0,648.0
2026-05-15 19:45:00,1778845500,40712.0,40766.0,40712.0,40762.0,573.0
2026-05-15 19:48:00,1778845680,40763.0,40789.0,40761.0,40786.0,502.0
2026-05-15 19:51:00,1778845860,40785.0,40800.0,40768.0,40779.0,396.0
2026-05-15 19:54:00,1778846040,40778.0,40788.0,40739.0,40754.0,409.0
2026-05-15 19:57:00,1778846220,40753.0,40753.0,40710.0,40711.0,474.0
2026-05-15 20:00:00,1778846400,40711.0,40711.0,40645.0,40669.0,1204.0
2026-05-15 20:03:00,1778846580,40669.0,40714.0,40661.0,40701.0,586.0
2026-05-15 20:06:00,1778846760,40700.0,40701.0,40648.0,40665.0,527.0
2026-05-15 20:09:00,1778846940,40669.0,40701.0,40655.0,40677.0,364.0
2026-05-15 20:12:00,1778847120,40677.0,40679.0,40617.0,40630.0,832.0
2026-05-15 20:15:00,1778847300,40630.0,40689.0,40616.0,40684.0,661.0
2026-05-15 20:18:00,1778847480,40680.0,40695.0,40662.0,40692.0,482.0
2026-05-15 20:21:00,1778847660,40690.0,40707.0,40681.0,40690.0,516.0
2026-05-15 20:24:00,1778847840,40689.0,40689.0,40642.0,40660.0,389.0
2026-05-15 20:27:00,1778848020,40661.0,40662.0,40615.0,40646.0,500.0
2026-05-15 20:30:00,1778848200,40643.0,40646.0,40606.0,40622.0,211.0
