datetime,timestamp,open,high,low,close,volume
2026-04-10 15:00:00,1775804400,35510.0,35537.0,35498.0,35522.0,1954.0
2026-04-10 15:05:00,1775804700,35521.0,35569.0,35512.0,35560.0,1113.0
2026-04-10 15:10:00,1775805000,35560.0,35595.0,35503.0,35512.0,1777.0
2026-04-10 15:15:00,1775805300,35515.0,35519.0,35472.0,35492.0,1560.0
2026-04-10 15:20:00,1775805600,35492.0,35526.0,35480.0,35514.0,668.0
2026-04-10 15:25:00,1775805900,35514.0,35524.0,35508.0,35519.0,350.0
2026-04-10 15:30:00,1775806200,35520.0,35535.0,35512.0,35530.0,502.0
2026-04-10 15:35:00,1775806500,35530.0,35548.0,35518.0,35539.0,461.0
2026-04-10 15:40:00,1775806800,35538.0,35542.0,35508.0,35516.0,490.0
2026-04-10 15:45:00,1775807100,35513.0,35520.0,35499.0,35513.0,314.0
2026-04-10 15:50:00,1775807400,35515.0,35535.0,35509.0,35524.0,321.0
2026-04-10 15:55:00,1775807700,35523.0,35548.0,35520.0,35540.0,296.0
2026-04-10 16:00:00,1775808000,35541.0,35555.0,35521.0,35527.0,605.0
2026-04-10 16:05:00,1775808300,35527.0,35585.0,35511.0,35577.0,909.0
2026-04-10 16:10:00,1775808600,35575.0,35578.0,35544.0,35549.0,563.0
2026-04-10 16:15:00,1775808900,35548.0,35553.0,35532.0,35543.0,370.0
2026-04-10 16:20:00,1775809200,35544.0,35564.0,35541.0,35555.0,296.0
2026-04-10 16:25:00,1775809500,35557.0,35582.0,35551.0,35580.0,482.0
2026-04-10 16:30:00,1775809800,35577.0,35594.0,35563.0,35568.0,783.0
2026-04-10 16:35:00,1775810100,35566.0,35568.0,35554.0,35562.0,316.0
2026-04-10 16:40:00,1775810400,35562.0,35581.0,35554.0,35558.0,296.0
2026-04-10 16:45:00,1775810700,35559.0,35560.0,35512.0,35525.0,740.0
2026-04-10 16:50:00,1775811000,35523.0,35529.0,35490.0,35502.0,808.0
2026-04-10 16:55:00,1775811300,35503.0,35515.0,35500.0,35505.0,407.0
2026-04-10 17:00:00,1775811600,35505.0,35532.0,35504.0,35528.0,413.0
2026-04-10 17:05:00,1775811900,35526.0,35528.0,35513.0,35514.0,248.0
2026-04-10 17:10:00,1775812200,35515.0,35526.0,35514.0,35521.0,124.0
2026-04-10 17:15:00,1775812500,35520.0,35661.0,35519.0,35643.0,2307.0
2026-04-10 17:20:00,1775812800,35641.0,35651.0,35593.0,35599.0,1328.0
2026-04-10 17:25:00,1775813100,35600.0,35607.0,35581.0,35598.0,623.0
2026-04-10 17:30:00,1775813400,35596.0,35612.0,35573.0,35588.0,792.0
2026-04-10 17:35:00,1775813700,35590.0,35611.0,35585.0,35586.0,321.0
2026-04-10 17:40:00,1775814000,35586.0,35604.0,35584.0,35598.0,216.0
2026-04-10 17:45:00,1775814300,35595.0,35610.0,35580.0,35596.0,263.0
2026-04-10 17:50:00,1775814600,35592.0,35619.0,35588.0,35613.0,398.0
2026-04-10 17:55:00,1775814900,35613.0,35617.0,35601.0,35609.0,305.0
2026-04-10 18:00:00,1775815200,35611.0,35638.0,35606.0,35607.0,549.0
2026-04-10 18:05:00,1775815500,35607.0,35610.0,35586.0,35598.0,370.0
2026-04-10 18:10:00,1775815800,35598.0,35598.0,35576.0,35584.0,335.0
2026-04-10 18:15:00,1775816100,35584.0,35611.0,35582.0,35609.0,270.0
2026-04-10 18:20:00,1775816400,35609.0,35621.0,35601.0,35610.0,254.0
2026-04-10 18:25:00,1775816700,35610.0,35645.0,35610.0,35624.0,529.0
2026-04-10 18:30:00,1775817000,35624.0,35629.0,35607.0,35623.0,322.0
2026-04-10 18:35:00,1775817300,35622.0,35622.0,35605.0,35616.0,183.0
2026-04-10 18:40:00,1775817600,35615.0,35637.0,35615.0,35620.0,325.0
2026-04-10 18:45:00,1775817900,35620.0,35623.0,35613.0,35619.0,182.0
2026-04-10 18:50:00,1775818200,35618.0,35619.0,35602.0,35606.0,189.0
2026-04-10 18:55:00,1775818500,35605.0,35615.0,35602.0,35605.0,151.0
2026-04-10 19:00:00,1775818800,35606.0,35637.0,35603.0,35637.0,324.0
2026-04-10 19:05:00,1775819100,35632.0,35635.0,35614.0,35614.0,228.0
2026-04-10 19:10:00,1775819400,35615.0,35622.0,35607.0,35617.0,168.0
2026-04-10 19:15:00,1775819700,35617.0,35624.0,35612.0,35622.0,126.0
2026-04-10 19:20:00,1775820000,35624.0,35634.0,35622.0,35624.0,187.0
2026-04-10 19:25:00,1775820300,35621.0,35626.0,35616.0,35624.0,127.0
2026-04-10 19:30:00,1775820600,35625.0,35640.0,35623.0,35627.0,246.0
2026-04-10 19:35:00,1775820900,35627.0,35633.0,35618.0,35620.0,103.0
2026-04-10 19:40:00,1775821200,35620.0,35625.0,35608.0,35610.0,255.0
2026-04-10 19:45:00,1775821500,35610.0,35617.0,35601.0,35601.0,222.0
2026-04-10 19:50:00,1775821800,35602.0,35606.0,35546.0,35555.0,1287.0
2026-04-10 19:55:00,1775822100,35555.0,35560.0,35512.0,35531.0,1124.0
2026-04-10 20:00:00,1775822400,35535.0,35562.0,35526.0,35545.0,728.0
2026-04-10 20:05:00,1775822700,35544.0,35564.0,35518.0,35548.0,578.0
2026-04-10 20:10:00,1775823000,35549.0,35571.0,35548.0,35567.0,396.0
2026-04-10 20:15:00,1775823300,35567.0,35604.0,35553.0,35588.0,778.0
2026-04-10 20:20:00,1775823600,35587.0,35589.0,35562.0,35563.0,426.0
2026-04-10 20:25:00,1775823900,35563.0,35615.0,35562.0,35598.0,489.0
2026-04-10 20:30:00,1775824200,35585.0,35677.0,35583.0,35635.0,2764.0
2026-04-10 20:35:00,1775824500,35632.0,35668.0,35621.0,35668.0,1059.0
2026-04-10 20:40:00,1775824800,35668.0,35676.0,35640.0,35660.0,947.0
2026-04-10 20:45:00,1775825100,35662.0,35669.0,35642.0,35653.0,554.0
2026-04-10 20:50:00,1775825400,35654.0,35657.0,35608.0,35611.0,697.0
2026-04-10 20:55:00,1775825700,35613.0,35633.0,35606.0,35615.0,592.0
2026-04-10 21:00:00,1775826000,35613.0,35624.0,35591.0,35613.0,721.0
2026-04-10 21:05:00,1775826300,35608.0,35641.0,35608.0,35632.0,470.0
2026-04-10 21:10:00,1775826600,35633.0,35641.0,35622.0,35634.0,262.0
2026-04-10 21:15:00,1775826900,35634.0,35640.0,35618.0,35633.0,271.0
2026-04-10 21:20:00,1775827200,35634.0,35637.0,35622.0,35628.0,216.0
2026-04-10 21:25:00,1775827500,35628.0,35636.0,35614.0,35632.0,402.0
2026-04-10 21:30:00,1775827800,35633.0,35645.0,35586.0,35593.0,1957.0
2026-04-10 21:35:00,1775828100,35591.0,35643.0,35545.0,35588.0,2475.0
2026-04-10 21:40:00,1775828400,35587.0,35611.0,35562.0,35596.0,1157.0
2026-04-10 21:45:00,1775828700,35597.0,35688.0,35596.0,35654.0,2590.0
2026-04-10 21:50:00,1775829000,35652.0,35712.0,35636.0,35712.0,2472.0
2026-04-10 21:55:00,1775829300,35706.0,35714.0,35671.0,35690.0,1370.0
2026-04-10 22:00:00,1775829600,35683.0,35710.0,35644.0,35682.0,2094.0
2026-04-10 22:05:00,1775829900,35682.0,35707.0,35656.0,35672.0,1157.0
2026-04-10 22:10:00,1775830200,35675.0,35718.0,35634.0,35714.0,2116.0
2026-04-10 22:15:00,1775830500,35712.0,35732.0,35698.0,35729.0,1658.0
2026-04-10 22:20:00,1775830800,35729.0,35744.0,35720.0,35740.0,1085.0
2026-04-10 22:25:00,1775831100,35741.0,35743.0,35716.0,35727.0,824.0
2026-04-10 22:30:00,1775831400,35726.0,35747.0,35709.0,35710.0,1243.0
2026-04-10 22:35:00,1775831700,35711.0,35713.0,35692.0,35700.0,1084.0
2026-04-10 22:40:00,1775832000,35703.0,35705.0,35590.0,35614.0,3295.0
2026-04-10 22:45:00,1775832300,35615.0,35650.0,35596.0,35604.0,2164.0
2026-04-10 22:50:00,1775832600,35605.0,35653.0,35605.0,35617.0,1188.0
2026-04-10 22:55:00,1775832900,35617.0,35653.0,35597.0,35648.0,1041.0
2026-04-10 23:00:00,1775833200,35646.0,35655.0,35636.0,35637.0,665.0
2026-04-10 23:05:00,1775833500,35638.0,35671.0,35633.0,35666.0,845.0
2026-04-10 23:10:00,1775833800,35665.0,35673.0,35654.0,35671.0,601.0
2026-04-10 23:15:00,1775834100,35669.0,35686.0,35668.0,35680.0,768.0
2026-04-10 23:20:00,1775834400,35680.0,35720.0,35677.0,35711.0,982.0
2026-04-10 23:25:00,1775834700,35710.0,35710.0,35642.0,35650.0,1357.0
2026-04-10 23:30:00,1775835000,35650.0,35667.0,35625.0,35634.0,1072.0
2026-04-10 23:35:00,1775835300,35636.0,35637.0,35564.0,35574.0,1868.0
2026-04-10 23:40:00,1775835600,35575.0,35591.0,35552.0,35587.0,1403.0
2026-04-10 23:45:00,1775835900,35584.0,35602.0,35565.0,35577.0,1163.0
2026-04-10 23:50:00,1775836200,35578.0,35585.0,35565.0,35570.0,466.0
2026-04-10 23:55:00,1775836500,35569.0,35571.0,35524.0,35549.0,1659.0
2026-04-11 00:00:00,1775836800,35550.0,35580.0,35543.0,35564.0,1009.0
2026-04-11 00:05:00,1775837100,35564.0,35590.0,35556.0,35584.0,848.0
2026-04-11 00:10:00,1775837400,35584.0,35630.0,35584.0,35611.0,1219.0
2026-04-11 00:15:00,1775837700,35611.0,35614.0,35595.0,35603.0,531.0
2026-04-11 00:20:00,1775838000,35603.0,35612.0,35578.0,35612.0,590.0
2026-04-11 00:25:00,1775838300,35611.0,35612.0,35577.0,35584.0,597.0
2026-04-11 00:30:00,1775838600,35583.0,35603.0,35557.0,35573.0,553.0
2026-04-11 00:35:00,1775838900,35574.0,35577.0,35558.0,35565.0,286.0
2026-04-11 00:40:00,1775839200,35565.0,35571.0,35530.0,35541.0,777.0
2026-04-11 00:45:00,1775839500,35541.0,35580.0,35540.0,35577.0,513.0
2026-04-11 00:50:00,1775839800,35575.0,35595.0,35561.0,35587.0,572.0
2026-04-11 00:55:00,1775840100,35587.0,35589.0,35576.0,35587.0,223.0
2026-04-11 01:00:00,1775840400,35587.0,35588.0,35553.0,35563.0,374.0
2026-04-11 01:05:00,1775840700,35563.0,35580.0,35557.0,35572.0,260.0
2026-04-11 01:10:00,1775841000,35572.0,35575.0,35551.0,35570.0,283.0
2026-04-11 01:15:00,1775841300,35569.0,35575.0,35558.0,35563.0,174.0
2026-04-11 01:20:00,1775841600,35567.0,35570.0,35539.0,35551.0,376.0
2026-04-11 01:25:00,1775841900,35554.0,35574.0,35546.0,35551.0,234.0
2026-04-11 01:30:00,1775842200,35547.0,35577.0,35537.0,35577.0,370.0
2026-04-11 01:35:00,1775842500,35576.0,35589.0,35567.0,35585.0,361.0
2026-04-11 01:40:00,1775842800,35588.0,35599.0,35577.0,35587.0,282.0
2026-04-11 01:45:00,1775843100,35587.0,35590.0,35572.0,35580.0,181.0
2026-04-11 01:50:00,1775843400,35584.0,35598.0,35583.0,35591.0,198.0
2026-04-11 01:55:00,1775843700,35593.0,35595.0,35584.0,35588.0,103.0
2026-04-11 02:00:00,1775844000,35586.0,35590.0,35548.0,35555.0,344.0
2026-04-11 02:05:00,1775844300,35555.0,35568.0,35546.0,35563.0,233.0
2026-04-11 02:10:00,1775844600,35562.0,35574.0,35556.0,35572.0,147.0
2026-04-11 02:15:00,1775844900,35571.0,35606.0,35571.0,35600.0,317.0
2026-04-11 02:20:00,1775845200,35603.0,35615.0,35593.0,35605.0,315.0
2026-04-11 02:25:00,1775845500,35604.0,35604.0,35595.0,35597.0,73.0
2026-04-11 02:30:00,1775845800,35598.0,35610.0,35597.0,35602.0,192.0
2026-04-11 02:35:00,1775846100,35601.0,35609.0,35592.0,35597.0,114.0
2026-04-11 02:40:00,1775846400,35602.0,35602.0,35582.0,35589.0,127.0
2026-04-11 02:45:00,1775846700,35586.0,35594.0,35583.0,35588.0,80.0
2026-04-11 02:50:00,1775847000,35589.0,35600.0,35586.0,35595.0,128.0
2026-04-11 02:55:00,1775847300,35594.0,35594.0,35584.0,35589.0,89.0
2026-04-11 03:00:00,1775847600,35588.0,35601.0,35588.0,35595.0,119.0
2026-04-11 03:05:00,1775847900,35595.0,35600.0,35588.0,35590.0,65.0
2026-04-11 03:10:00,1775848200,35592.0,35605.0,35592.0,35602.0,95.0
2026-04-11 03:15:00,1775848500,35601.0,35601.0,35584.0,35592.0,129.0
2026-04-11 03:20:00,1775848800,35591.0,35601.0,35578.0,35586.0,176.0
2026-04-11 03:25:00,1775849100,35585.0,35586.0,35569.0,35570.0,152.0
2026-04-11 03:30:00,1775849400,35568.0,35570.0,35556.0,35561.0,213.0
2026-04-11 03:35:00,1775849700,35566.0,35568.0,35543.0,35549.0,198.0
2026-04-11 03:40:00,1775850000,35550.0,35562.0,35536.0,35555.0,216.0
2026-04-11 03:45:00,1775850300,35563.0,35571.0,35556.0,35563.0,132.0
2026-04-11 03:50:00,1775850600,35561.0,35594.0,35559.0,35588.0,209.0
2026-04-11 03:55:00,1775850900,35587.0,35598.0,35571.0,35584.0,176.0
2026-04-11 04:00:00,1775851200,35579.0,35579.0,35562.0,35571.0,310.0
2026-04-11 04:05:00,1775851500,35575.0,35579.0,35567.0,35578.0,59.0
2026-04-11 04:10:00,1775851800,35578.0,35584.0,35573.0,35582.0,100.0
2026-04-11 04:15:00,1775852100,35579.0,35592.0,35577.0,35588.0,113.0
2026-04-11 04:20:00,1775852400,35589.0,35589.0,35578.0,35580.0,105.0
2026-04-11 04:25:00,1775852700,35581.0,35584.0,35578.0,35583.0,96.0
2026-04-11 04:30:00,1775853000,35582.0,35582.0,35571.0,35580.0,98.0
2026-04-11 04:35:00,1775853300,35580.0,35580.0,35568.0,35579.0,104.0
2026-04-11 04:40:00,1775853600,35580.0,35591.0,35576.0,35590.0,65.0
2026-04-11 04:45:00,1775853900,35588.0,35590.0,35579.0,35587.0,137.0
2026-04-11 04:50:00,1775854200,35585.0,35589.0,35580.0,35586.0,113.0
2026-04-11 04:55:00,1775854500,35585.0,35588.0,35580.0,35587.0,200.0
2026-04-13 08:45:00,1776041100,35281.0,35385.0,35205.0,35377.0,8316.0
2026-04-13 08:50:00,1776041400,35377.0,35492.0,35369.0,35482.0,3662.0
2026-04-13 08:55:00,1776041700,35480.0,35506.0,35452.0,35463.0,2475.0
2026-04-13 09:00:00,1776042000,35459.0,35480.0,35406.0,35452.0,3595.0
2026-04-13 09:05:00,1776042300,35448.0,35492.0,35384.0,35410.0,3074.0
2026-04-13 09:10:00,1776042600,35410.0,35554.0,35401.0,35546.0,3607.0
2026-04-13 09:15:00,1776042900,35548.0,35552.0,35457.0,35504.0,2796.0
2026-04-13 09:20:00,1776043200,35506.0,35581.0,35505.0,35558.0,2680.0
2026-04-13 09:25:00,1776043500,35562.0,35576.0,35530.0,35572.0,1411.0
2026-04-13 09:30:00,1776043800,35574.0,35589.0,35533.0,35587.0,2157.0
2026-04-13 09:35:00,1776044100,35588.0,35589.0,35498.0,35503.0,2075.0
2026-04-13 09:40:00,1776044400,35504.0,35548.0,35461.0,35528.0,2632.0
2026-04-13 09:45:00,1776044700,35529.0,35578.0,35526.0,35562.0,1847.0
2026-04-13 09:50:00,1776045000,35559.0,35616.0,35558.0,35588.0,2706.0
2026-04-13 09:55:00,1776045300,35586.0,35610.0,35575.0,35590.0,982.0
2026-04-13 10:00:00,1776045600,35590.0,35611.0,35552.0,35563.0,1426.0
2026-04-13 10:05:00,1776045900,35560.0,35565.0,35508.0,35514.0,1779.0
2026-04-13 10:10:00,1776046200,35515.0,35538.0,35495.0,35520.0,1223.0
2026-04-13 10:15:00,1776046500,35519.0,35547.0,35506.0,35528.0,900.0
2026-04-13 10:20:00,1776046800,35527.0,35548.0,35511.0,35525.0,664.0
2026-04-13 10:25:00,1776047100,35527.0,35535.0,35480.0,35485.0,1187.0
2026-04-13 10:30:00,1776047400,35489.0,35530.0,35475.0,35490.0,1141.0
2026-04-13 10:35:00,1776047700,35488.0,35521.0,35483.0,35502.0,588.0
2026-04-13 10:40:00,1776048000,35504.0,35598.0,35504.0,35598.0,2040.0
2026-04-13 10:45:00,1776048300,35595.0,35613.0,35546.0,35552.0,1748.0
2026-04-13 10:50:00,1776048600,35554.0,35588.0,35547.0,35588.0,714.0
2026-04-13 10:55:00,1776048900,35588.0,35651.0,35586.0,35640.0,2686.0
2026-04-13 11:00:00,1776049200,35642.0,35651.0,35567.0,35570.0,1654.0
2026-04-13 11:05:00,1776049500,35572.0,35589.0,35531.0,35536.0,1504.0
2026-04-13 11:10:00,1776049800,35534.0,35538.0,35480.0,35480.0,1431.0
2026-04-13 11:15:00,1776050100,35482.0,35517.0,35478.0,35498.0,1184.0
2026-04-13 11:20:00,1776050400,35499.0,35519.0,35487.0,35509.0,606.0
2026-04-13 11:25:00,1776050700,35507.0,35535.0,35500.0,35519.0,677.0
2026-04-13 11:30:00,1776051000,35517.0,35527.0,35468.0,35471.0,1395.0
2026-04-13 11:35:00,1776051300,35471.0,35502.0,35406.0,35414.0,2598.0
2026-04-13 11:40:00,1776051600,35411.0,35513.0,35410.0,35492.0,1747.0
2026-04-13 11:45:00,1776051900,35492.0,35495.0,35462.0,35486.0,715.0
2026-04-13 11:50:00,1776052200,35485.0,35490.0,35462.0,35488.0,465.0
2026-04-13 11:55:00,1776052500,35488.0,35504.0,35475.0,35487.0,547.0
2026-04-13 12:00:00,1776052800,35490.0,35497.0,35456.0,35465.0,551.0
2026-04-13 12:05:00,1776053100,35465.0,35483.0,35459.0,35465.0,322.0
2026-04-13 12:10:00,1776053400,35463.0,35502.0,35446.0,35498.0,718.0
2026-04-13 12:15:00,1776053700,35498.0,35501.0,35483.0,35491.0,333.0
2026-04-13 12:20:00,1776054000,35491.0,35491.0,35474.0,35476.0,251.0
2026-04-13 12:25:00,1776054300,35480.0,35501.0,35476.0,35482.0,487.0
2026-04-13 12:30:00,1776054600,35479.0,35483.0,35438.0,35456.0,717.0
2026-04-13 12:35:00,1776054900,35457.0,35458.0,35428.0,35435.0,643.0
2026-04-13 12:40:00,1776055200,35434.0,35464.0,35424.0,35425.0,571.0
2026-04-13 12:45:00,1776055500,35426.0,35443.0,35418.0,35435.0,524.0
2026-04-13 12:50:00,1776055800,35432.0,35455.0,35412.0,35451.0,862.0
2026-04-13 12:55:00,1776056100,35450.0,35484.0,35450.0,35472.0,1041.0
2026-04-13 13:00:00,1776056400,35475.0,35505.0,35463.0,35504.0,1079.0
2026-04-13 13:05:00,1776056700,35504.0,35519.0,35483.0,35484.0,947.0
2026-04-13 13:10:00,1776057000,35486.0,35499.0,35473.0,35481.0,544.0
2026-04-13 13:15:00,1776057300,35482.0,35493.0,35453.0,35458.0,653.0
2026-04-13 13:20:00,1776057600,35457.0,35504.0,35455.0,35492.0,744.0
2026-04-13 13:25:00,1776057900,35491.0,35535.0,35485.0,35504.0,1324.0
2026-04-13 13:30:00,1776058200,35502.0,35508.0,35461.0,35475.0,1564.0
2026-04-13 13:35:00,1776058500,35476.0,35480.0,35431.0,35447.0,1158.0
2026-04-13 13:40:00,1776058800,35449.0,35489.0,35432.0,35450.0,2098.0
2026-04-13 15:00:00,1776063600,35512.0,35544.0,35498.0,35528.0,1350.0
2026-04-13 15:05:00,1776063900,35527.0,35543.0,35503.0,35507.0,574.0
2026-04-13 15:10:00,1776064200,35507.0,35528.0,35507.0,35522.0,277.0
2026-04-13 15:15:00,1776064500,35520.0,35529.0,35508.0,35524.0,285.0
2026-04-13 15:20:00,1776064800,35526.0,35528.0,35483.0,35490.0,472.0
2026-04-13 15:25:00,1776065100,35490.0,35514.0,35483.0,35511.0,371.0
2026-04-13 15:30:00,1776065400,35510.0,35522.0,35494.0,35500.0,296.0
2026-04-13 15:35:00,1776065700,35501.0,35513.0,35496.0,35503.0,137.0
2026-04-13 15:40:00,1776066000,35501.0,35507.0,35490.0,35503.0,178.0
2026-04-13 15:45:00,1776066300,35500.0,35502.0,35470.0,35487.0,418.0
2026-04-13 15:50:00,1776066600,35486.0,35490.0,35471.0,35478.0,201.0
2026-04-13 15:55:00,1776066900,35477.0,35488.0,35473.0,35481.0,151.0
2026-04-13 16:00:00,1776067200,35480.0,35535.0,35477.0,35524.0,703.0
2026-04-13 16:05:00,1776067500,35524.0,35526.0,35486.0,35492.0,350.0
2026-04-13 16:10:00,1776067800,35493.0,35505.0,35490.0,35497.0,148.0
2026-04-13 16:15:00,1776068100,35496.0,35511.0,35487.0,35503.0,173.0
2026-04-13 16:20:00,1776068400,35505.0,35523.0,35494.0,35518.0,234.0
2026-04-13 16:25:00,1776068700,35520.0,35534.0,35518.0,35521.0,315.0
2026-04-13 16:30:00,1776069000,35520.0,35555.0,35518.0,35530.0,803.0
2026-04-13 16:35:00,1776069300,35529.0,35540.0,35489.0,35499.0,487.0
2026-04-13 16:40:00,1776069600,35498.0,35500.0,35466.0,35485.0,568.0
2026-04-13 16:45:00,1776069900,35483.0,35488.0,35473.0,35479.0,252.0
2026-04-13 16:50:00,1776070200,35477.0,35478.0,35456.0,35472.0,404.0
2026-04-13 16:55:00,1776070500,35473.0,35480.0,35464.0,35467.0,198.0
2026-04-13 17:00:00,1776070800,35469.0,35516.0,35468.0,35499.0,631.0
2026-04-13 17:05:00,1776071100,35496.0,35511.0,35492.0,35498.0,242.0
2026-04-13 17:10:00,1776071400,35499.0,35500.0,35483.0,35489.0,175.0
2026-04-13 17:15:00,1776071700,35486.0,35511.0,35483.0,35510.0,229.0
2026-04-13 17:20:00,1776072000,35510.0,35514.0,35497.0,35502.0,136.0
2026-04-13 17:25:00,1776072300,35503.0,35513.0,35503.0,35504.0,128.0
2026-04-13 17:30:00,1776072600,35502.0,35513.0,35500.0,35512.0,105.0
2026-04-13 17:35:00,1776072900,35513.0,35523.0,35496.0,35501.0,213.0
2026-04-13 17:40:00,1776073200,35501.0,35504.0,35492.0,35500.0,91.0
2026-04-13 17:45:00,1776073500,35500.0,35505.0,35494.0,35498.0,95.0
2026-04-13 17:50:00,1776073800,35497.0,35497.0,35485.0,35489.0,126.0
2026-04-13 17:55:00,1776074100,35488.0,35498.0,35482.0,35487.0,115.0
2026-04-13 18:00:00,1776074400,35490.0,35499.0,35490.0,35497.0,99.0
2026-04-13 18:05:00,1776074700,35496.0,35501.0,35485.0,35501.0,76.0
2026-04-13 18:10:00,1776075000,35502.0,35508.0,35495.0,35506.0,104.0
2026-04-13 18:15:00,1776075300,35505.0,35505.0,35483.0,35501.0,85.0
2026-04-13 18:20:00,1776075600,35500.0,35505.0,35487.0,35494.0,130.0
2026-04-13 18:25:00,1776075900,35494.0,35501.0,35494.0,35500.0,56.0
2026-04-13 18:30:00,1776076200,35501.0,35518.0,35501.0,35511.0,209.0
2026-04-13 18:35:00,1776076500,35511.0,35514.0,35504.0,35509.0,85.0
2026-04-13 18:40:00,1776076800,35508.0,35514.0,35498.0,35505.0,88.0
2026-04-13 18:45:00,1776077100,35504.0,35529.0,35502.0,35523.0,333.0
2026-04-13 18:50:00,1776077400,35522.0,35528.0,35513.0,35520.0,180.0
2026-04-13 18:55:00,1776077700,35521.0,35582.0,35521.0,35577.0,1307.0
2026-04-13 19:00:00,1776078000,35577.0,35617.0,35570.0,35577.0,1502.0
2026-04-13 19:05:00,1776078300,35576.0,35598.0,35562.0,35565.0,540.0
2026-04-13 19:10:00,1776078600,35564.0,35572.0,35556.0,35570.0,372.0
2026-04-13 19:15:00,1776078900,35570.0,35578.0,35565.0,35570.0,248.0
2026-04-13 19:20:00,1776079200,35569.0,35581.0,35545.0,35565.0,431.0
2026-04-13 19:25:00,1776079500,35562.0,35568.0,35541.0,35550.0,360.0
2026-04-13 19:30:00,1776079800,35547.0,35557.0,35523.0,35530.0,551.0
2026-04-13 19:35:00,1776080100,35529.0,35531.0,35486.0,35522.0,1028.0
2026-04-13 19:40:00,1776080400,35525.0,35539.0,35507.0,35531.0,494.0
2026-04-13 19:45:00,1776080700,35530.0,35543.0,35514.0,35517.0,471.0
2026-04-13 19:50:00,1776081000,35515.0,35517.0,35492.0,35500.0,470.0
2026-04-13 19:55:00,1776081300,35500.0,35501.0,35481.0,35486.0,458.0
2026-04-13 20:00:00,1776081600,35488.0,35511.0,35462.0,35490.0,923.0
2026-04-13 20:05:00,1776081900,35490.0,35518.0,35490.0,35518.0,427.0
2026-04-13 20:10:00,1776082200,35515.0,35523.0,35514.0,35520.0,223.0
2026-04-13 20:15:00,1776082500,35518.0,35521.0,35510.0,35515.0,199.0
2026-04-13 20:20:00,1776082800,35515.0,35523.0,35509.0,35515.0,153.0
2026-04-13 20:25:00,1776083100,35520.0,35523.0,35514.0,35518.0,110.0
2026-04-13 20:30:00,1776083400,35519.0,35552.0,35516.0,35543.0,457.0
2026-04-13 20:35:00,1776083700,35542.0,35551.0,35530.0,35534.0,278.0
2026-04-13 20:40:00,1776084000,35535.0,35545.0,35535.0,35544.0,189.0
2026-04-13 20:45:00,1776084300,35545.0,35575.0,35544.0,35553.0,553.0
2026-04-13 20:50:00,1776084600,35552.0,35565.0,35550.0,35564.0,200.0
2026-04-13 20:55:00,1776084900,35564.0,35567.0,35550.0,35551.0,230.0
2026-04-13 21:00:00,1776085200,35555.0,35572.0,35555.0,35567.0,328.0
2026-04-13 21:05:00,1776085500,35563.0,35566.0,35541.0,35544.0,290.0
2026-04-13 21:10:00,1776085800,35544.0,35558.0,35543.0,35554.0,160.0
2026-04-13 21:15:00,1776086100,35551.0,35562.0,35539.0,35559.0,257.0
2026-04-13 21:20:00,1776086400,35557.0,35585.0,35557.0,35583.0,419.0
2026-04-13 21:25:00,1776086700,35581.0,35602.0,35575.0,35597.0,598.0
2026-04-13 21:30:00,1776087000,35597.0,35633.0,35594.0,35622.0,2297.0
2026-04-13 21:35:00,1776087300,35620.0,35638.0,35599.0,35612.0,1249.0
2026-04-13 21:40:00,1776087600,35611.0,35634.0,35577.0,35580.0,1325.0
2026-04-13 21:45:00,1776087900,35577.0,35707.0,35544.0,35694.0,4617.0
2026-04-13 21:50:00,1776088200,35693.0,35777.0,35644.0,35688.0,5151.0
2026-04-13 21:55:00,1776088500,35688.0,35743.0,35668.0,35742.0,1566.0
2026-04-13 22:00:00,1776088800,35740.0,35790.0,35712.0,35749.0,3460.0
2026-04-13 22:05:00,1776089100,35748.0,35751.0,35713.0,35724.0,983.0
2026-04-13 22:10:00,1776089400,35720.0,35721.0,35681.0,35704.0,1284.0
2026-04-13 22:15:00,1776089700,35707.0,35707.0,35672.0,35702.0,919.0
2026-04-13 22:20:00,1776090000,35700.0,35735.0,35645.0,35714.0,1965.0
2026-04-13 22:25:00,1776090300,35716.0,35721.0,35692.0,35720.0,624.0
2026-04-13 22:30:00,1776090600,35719.0,35755.0,35707.0,35749.0,1208.0
2026-04-13 22:35:00,1776090900,35747.0,35752.0,35722.0,35734.0,745.0
2026-04-13 22:40:00,1776091200,35734.0,35800.0,35734.0,35791.0,1703.0
2026-04-13 22:45:00,1776091500,35792.0,35796.0,35744.0,35750.0,1130.0
2026-04-13 22:50:00,1776091800,35751.0,35785.0,35734.0,35778.0,1040.0
2026-04-13 22:55:00,1776092100,35779.0,35807.0,35770.0,35796.0,1197.0
2026-04-13 23:00:00,1776092400,35793.0,35798.0,35718.0,35736.0,1878.0
2026-04-13 23:05:00,1776092700,35740.0,35765.0,35731.0,35755.0,747.0
2026-04-13 23:10:00,1776093000,35755.0,35799.0,35746.0,35775.0,821.0
2026-04-13 23:15:00,1776093300,35777.0,35788.0,35751.0,35755.0,453.0
2026-04-13 23:20:00,1776093600,35754.0,35778.0,35753.0,35757.0,329.0
2026-04-13 23:25:00,1776093900,35757.0,35766.0,35740.0,35740.0,505.0
2026-04-13 23:30:00,1776094200,35740.0,35747.0,35718.0,35738.0,829.0
2026-04-13 23:35:00,1776094500,35740.0,35784.0,35739.0,35779.0,729.0
2026-04-13 23:40:00,1776094800,35780.0,35783.0,35753.0,35760.0,436.0
2026-04-13 23:45:00,1776095100,35758.0,35764.0,35749.0,35758.0,227.0
2026-04-13 23:50:00,1776095400,35759.0,35764.0,35735.0,35738.0,253.0
2026-04-13 23:55:00,1776095700,35738.0,35746.0,35722.0,35740.0,395.0
2026-04-14 00:00:00,1776096000,35740.0,35755.0,35695.0,35722.0,1058.0
2026-04-14 00:05:00,1776096300,35721.0,35796.0,35707.0,35745.0,1375.0
2026-04-14 00:10:00,1776096600,35745.0,35781.0,35744.0,35764.0,489.0
2026-04-14 00:15:00,1776096900,35763.0,35789.0,35756.0,35777.0,506.0
2026-04-14 00:20:00,1776097200,35777.0,35826.0,35776.0,35811.0,2333.0
2026-04-14 00:25:00,1776097500,35812.0,35860.0,35811.0,35836.0,1361.0
2026-04-14 00:30:00,1776097800,35839.0,35873.0,35825.0,35829.0,1250.0
2026-04-14 00:35:00,1776098100,35828.0,35861.0,35820.0,35830.0,728.0
2026-04-14 00:40:00,1776098400,35830.0,35864.0,35796.0,35844.0,1195.0
2026-04-14 00:45:00,1776098700,35842.0,35882.0,35838.0,35873.0,966.0
2026-04-14 00:50:00,1776099000,35874.0,35907.0,35861.0,35870.0,1437.0
2026-04-14 00:55:00,1776099300,35870.0,35888.0,35861.0,35884.0,288.0
2026-04-14 01:00:00,1776099600,35887.0,35921.0,35885.0,35911.0,910.0
2026-04-14 01:05:00,1776099900,35911.0,35914.0,35888.0,35895.0,330.0
2026-04-14 01:10:00,1776100200,35895.0,35913.0,35891.0,35911.0,207.0
2026-04-14 01:15:00,1776100500,35911.0,35945.0,35906.0,35940.0,696.0
2026-04-14 01:20:00,1776100800,35940.0,35944.0,35922.0,35925.0,401.0
2026-04-14 01:25:00,1776101100,35925.0,35942.0,35923.0,35936.0,175.0
2026-04-14 01:30:00,1776101400,35934.0,35945.0,35925.0,35925.0,227.0
2026-04-14 01:35:00,1776101700,35926.0,35936.0,35918.0,35928.0,170.0
2026-04-14 01:40:00,1776102000,35930.0,35933.0,35925.0,35927.0,86.0
2026-04-14 01:45:00,1776102300,35925.0,35928.0,35919.0,35921.0,112.0
2026-04-14 01:50:00,1776102600,35921.0,35922.0,35898.0,35904.0,335.0
2026-04-14 01:55:00,1776102900,35905.0,35916.0,35896.0,35900.0,147.0
2026-04-14 02:00:00,1776103200,35903.0,35949.0,35900.0,35944.0,414.0
2026-04-14 02:05:00,1776103500,35944.0,35955.0,35940.0,35947.0,329.0
2026-04-14 02:10:00,1776103800,35949.0,35951.0,35943.0,35945.0,96.0
2026-04-14 02:15:00,1776104100,35943.0,35943.0,35930.0,35933.0,131.0
2026-04-14 02:20:00,1776104400,35934.0,35945.0,35925.0,35927.0,101.0
2026-04-14 02:25:00,1776104700,35927.0,35930.0,35915.0,35919.0,141.0
2026-04-14 02:30:00,1776105000,35918.0,35945.0,35917.0,35942.0,133.0
2026-04-14 02:35:00,1776105300,35942.0,35949.0,35939.0,35942.0,123.0
2026-04-14 02:40:00,1776105600,35944.0,35957.0,35936.0,35956.0,148.0
2026-04-14 02:45:00,1776105900,35955.0,35974.0,35955.0,35969.0,518.0
2026-04-14 02:50:00,1776106200,35967.0,35993.0,35964.0,35987.0,499.0
2026-04-14 02:55:00,1776106500,35987.0,35994.0,35980.0,35992.0,159.0
2026-04-14 03:00:00,1776106800,35990.0,35995.0,35986.0,35990.0,152.0
2026-04-14 03:05:00,1776107100,35988.0,35996.0,35982.0,35992.0,155.0
2026-04-14 03:10:00,1776107400,35992.0,35992.0,35977.0,35985.0,85.0
2026-04-14 03:15:00,1776107700,35986.0,35996.0,35981.0,35996.0,154.0
2026-04-14 03:20:00,1776108000,35996.0,35998.0,35991.0,35994.0,140.0
2026-04-14 03:25:00,1776108300,35992.0,36009.0,35990.0,35997.0,339.0
2026-04-14 03:30:00,1776108600,35996.0,36013.0,35991.0,36001.0,244.0
2026-04-14 03:35:00,1776108900,36000.0,36012.0,35987.0,35987.0,156.0
2026-04-14 03:40:00,1776109200,35986.0,35990.0,35961.0,35963.0,245.0
2026-04-14 03:45:00,1776109500,35965.0,35974.0,35954.0,35974.0,174.0
2026-04-14 03:50:00,1776109800,35975.0,36010.0,35975.0,36005.0,233.0
2026-04-14 03:55:00,1776110100,36007.0,36008.0,35982.0,35982.0,156.0
2026-04-14 04:00:00,1776110400,35984.0,35998.0,35976.0,35995.0,171.0
2026-04-14 04:05:00,1776110700,35996.0,36006.0,35996.0,36000.0,61.0
2026-04-14 04:10:00,1776111000,36001.0,36021.0,36000.0,36010.0,193.0
2026-04-14 04:15:00,1776111300,36007.0,36012.0,36003.0,36011.0,49.0
2026-04-14 04:20:00,1776111600,36012.0,36027.0,36011.0,36019.0,174.0
2026-04-14 04:25:00,1776111900,36018.0,36021.0,36016.0,36019.0,96.0
2026-04-14 04:30:00,1776112200,36018.0,36036.0,36016.0,36036.0,168.0
2026-04-14 04:35:00,1776112500,36035.0,36036.0,36018.0,36018.0,123.0
2026-04-14 04:40:00,1776112800,36019.0,36025.0,36014.0,36023.0,86.0
2026-04-14 04:45:00,1776113100,36021.0,36025.0,36008.0,36014.0,144.0
2026-04-14 04:50:00,1776113400,36014.0,36022.0,36005.0,36022.0,191.0
2026-04-14 04:55:00,1776113700,36019.0,36026.0,36010.0,36021.0,261.0
2026-04-14 08:45:00,1776127500,36068.0,36088.0,36011.0,36048.0,4868.0
2026-04-14 08:50:00,1776127800,36046.0,36096.0,36039.0,36092.0,1732.0
2026-04-14 08:55:00,1776128100,36090.0,36107.0,36040.0,36044.0,2663.0
2026-04-14 09:00:00,1776128400,36045.0,36151.0,36017.0,36143.0,5709.0
2026-04-14 09:05:00,1776128700,36142.0,36205.0,36131.0,36195.0,4170.0
2026-04-14 09:10:00,1776129000,36196.0,36208.0,36134.0,36157.0,2951.0
2026-04-14 09:15:00,1776129300,36157.0,36195.0,36122.0,36193.0,2659.0
2026-04-14 09:20:00,1776129600,36194.0,36277.0,36192.0,36245.0,4645.0
2026-04-14 09:25:00,1776129900,36243.0,36258.0,36193.0,36193.0,2104.0
2026-04-14 09:30:00,1776130200,36194.0,36203.0,36037.0,36100.0,7073.0
2026-04-14 09:35:00,1776130500,36104.0,36129.0,36068.0,36116.0,1974.0
2026-04-14 09:40:00,1776130800,36116.0,36135.0,36105.0,36124.0,1070.0
2026-04-14 09:45:00,1776131100,36123.0,36125.0,36048.0,36084.0,2455.0
2026-04-14 09:50:00,1776131400,36084.0,36084.0,36011.0,36036.0,3159.0
2026-04-14 09:55:00,1776131700,36032.0,36054.0,35988.0,36030.0,3175.0
2026-04-14 10:00:00,1776132000,36028.0,36057.0,35996.0,36035.0,2069.0
2026-04-14 10:05:00,1776132300,36034.0,36119.0,36031.0,36113.0,2271.0
2026-04-14 10:10:00,1776132600,36115.0,36183.0,36101.0,36178.0,2374.0
2026-04-14 10:15:00,1776132900,36176.0,36210.0,36163.0,36163.0,2642.0
2026-04-14 10:20:00,1776133200,36165.0,36171.0,36111.0,36159.0,1574.0
2026-04-14 10:25:00,1776133500,36156.0,36156.0,36120.0,36136.0,819.0
2026-04-14 10:30:00,1776133800,36138.0,36146.0,36115.0,36141.0,695.0
2026-04-14 10:35:00,1776134100,36137.0,36250.0,36135.0,36248.0,2639.0
2026-04-14 10:40:00,1776134400,36248.0,36312.0,36236.0,36274.0,3521.0
2026-04-14 10:45:00,1776134700,36277.0,36301.0,36257.0,36283.0,1832.0
2026-04-14 10:50:00,1776135000,36286.0,36325.0,36269.0,36289.0,1378.0
2026-04-14 10:55:00,1776135300,36291.0,36327.0,36276.0,36323.0,997.0
2026-04-14 11:00:00,1776135600,36321.0,36326.0,36294.0,36319.0,742.0
2026-04-14 11:05:00,1776135900,36319.0,36320.0,36286.0,36313.0,634.0
2026-04-14 11:10:00,1776136200,36313.0,36335.0,36305.0,36334.0,944.0
2026-04-14 11:15:00,1776136500,36335.0,36351.0,36327.0,36338.0,1078.0
2026-04-14 11:20:00,1776136800,36340.0,36347.0,36322.0,36347.0,618.0
2026-04-14 11:25:00,1776137100,36347.0,36394.0,36345.0,36372.0,2021.0
2026-04-14 11:30:00,1776137400,36375.0,36396.0,36352.0,36381.0,1036.0
2026-04-14 11:35:00,1776137700,36381.0,36385.0,36356.0,36359.0,557.0
2026-04-14 11:40:00,1776138000,36361.0,36375.0,36352.0,36357.0,577.0
2026-04-14 11:45:00,1776138300,36357.0,36383.0,36351.0,36377.0,459.0
2026-04-14 11:50:00,1776138600,36378.0,36380.0,36356.0,36366.0,348.0
2026-04-14 11:55:00,1776138900,36368.0,36399.0,36367.0,36397.0,674.0
2026-04-14 12:00:00,1776139200,36398.0,36400.0,36350.0,36355.0,854.0
2026-04-14 12:05:00,1776139500,36353.0,36371.0,36343.0,36368.0,535.0
2026-04-14 12:10:00,1776139800,36372.0,36381.0,36354.0,36378.0,327.0
2026-04-14 12:15:00,1776140100,36377.0,36394.0,36366.0,36388.0,386.0
2026-04-14 12:20:00,1776140400,36390.0,36411.0,36390.0,36407.0,831.0
2026-04-14 12:25:00,1776140700,36406.0,36430.0,36395.0,36417.0,1079.0
2026-04-14 12:30:00,1776141000,36417.0,36423.0,36382.0,36387.0,625.0
2026-04-14 12:35:00,1776141300,36388.0,36399.0,36374.0,36390.0,468.0
2026-04-14 12:40:00,1776141600,36390.0,36396.0,36374.0,36393.0,355.0
2026-04-14 12:45:00,1776141900,36395.0,36430.0,36390.0,36423.0,949.0
2026-04-14 12:50:00,1776142200,36421.0,36430.0,36411.0,36424.0,402.0
2026-04-14 12:55:00,1776142500,36423.0,36426.0,36410.0,36415.0,302.0
2026-04-14 13:00:00,1776142800,36412.0,36414.0,36371.0,36379.0,846.0
2026-04-14 13:05:00,1776143100,36381.0,36409.0,36375.0,36404.0,557.0
2026-04-14 13:10:00,1776143400,36402.0,36409.0,36383.0,36390.0,496.0
2026-04-14 13:15:00,1776143700,36390.0,36395.0,36377.0,36378.0,512.0
2026-04-14 13:20:00,1776144000,36380.0,36401.0,36378.0,36383.0,509.0
2026-04-14 13:25:00,1776144300,36382.0,36386.0,36356.0,36364.0,1365.0
2026-04-14 13:30:00,1776144600,36363.0,36393.0,36360.0,36363.0,1430.0
2026-04-14 13:35:00,1776144900,36362.0,36372.0,36353.0,36367.0,733.0
2026-04-14 13:40:00,1776145200,36367.0,36395.0,36361.0,36368.0,1422.0
2026-04-14 13:45:00,1776145500,36374.0,36374.0,36374.0,36374.0,1.0
2026-04-14 15:00:00,1776150000,36650.0,36716.0,36622.0,36708.0,439.0
2026-04-14 15:05:00,1776150300,36692.0,36765.0,36692.0,36765.0,441.0
2026-04-14 15:10:00,1776150600,36756.0,36764.0,36715.0,36741.0,277.0
2026-04-14 15:15:00,1776150900,36741.0,36748.0,36730.0,36730.0,118.0
2026-04-14 15:20:00,1776151200,36729.0,36780.0,36726.0,36748.0,199.0
2026-04-14 15:25:00,1776151500,36745.0,36754.0,36738.0,36752.0,111.0
2026-04-14 15:30:00,1776151800,36752.0,36788.0,36751.0,36770.0,217.0
2026-04-14 15:35:00,1776152100,36770.0,36797.0,36758.0,36797.0,166.0
2026-04-14 15:40:00,1776152400,36789.0,36798.0,36753.0,36764.0,181.0
2026-04-14 15:45:00,1776152700,36763.0,36787.0,36759.0,36769.0,82.0
2026-04-14 15:50:00,1776153000,36765.0,36775.0,36755.0,36772.0,79.0
2026-04-14 15:55:00,1776153300,36772.0,36787.0,36770.0,36781.0,65.0
2026-04-14 16:00:00,1776153600,36770.0,36786.0,36752.0,36784.0,100.0
2026-04-14 16:05:00,1776153900,36786.0,36788.0,36755.0,36761.0,66.0
2026-04-14 16:10:00,1776154200,36761.0,36773.0,36755.0,36771.0,45.0
2026-04-14 16:15:00,1776154500,36770.0,36773.0,36742.0,36755.0,89.0
2026-04-14 16:20:00,1776154800,36755.0,36761.0,36747.0,36747.0,31.0
2026-04-14 16:25:00,1776155100,36750.0,36777.0,36750.0,36773.0,79.0
2026-04-14 16:30:00,1776155400,36770.0,36799.0,36762.0,36762.0,151.0
2026-04-14 16:35:00,1776155700,36765.0,36774.0,36752.0,36772.0,67.0
2026-04-14 16:40:00,1776156000,36772.0,36773.0,36753.0,36770.0,68.0
2026-04-14 16:45:00,1776156300,36770.0,36770.0,36760.0,36765.0,25.0
2026-04-14 16:50:00,1776156600,36765.0,36780.0,36762.0,36777.0,63.0
2026-04-14 16:55:00,1776156900,36774.0,36783.0,36767.0,36783.0,32.0
2026-04-14 17:00:00,1776157200,36786.0,36819.0,36786.0,36816.0,307.0
2026-04-14 17:05:00,1776157500,36815.0,36815.0,36786.0,36813.0,108.0
2026-04-14 17:10:00,1776157800,36813.0,36815.0,36788.0,36795.0,89.0
2026-04-14 17:15:00,1776158100,36797.0,36800.0,36788.0,36791.0,52.0
2026-04-14 17:20:00,1776158400,36789.0,36795.0,36778.0,36790.0,76.0
2026-04-14 17:25:00,1776158700,36785.0,36785.0,36743.0,36743.0,172.0
2026-04-14 17:30:00,1776159000,36745.0,36760.0,36728.0,36747.0,175.0
2026-04-14 17:35:00,1776159300,36747.0,36760.0,36738.0,36760.0,53.0
2026-04-14 17:40:00,1776159600,36760.0,36767.0,36745.0,36750.0,66.0
2026-04-14 17:45:00,1776159900,36750.0,36757.0,36722.0,36728.0,105.0
2026-04-14 17:50:00,1776160200,36732.0,36742.0,36690.0,36695.0,226.0
2026-04-14 17:55:00,1776160500,36697.0,36712.0,36689.0,36697.0,125.0
2026-04-14 18:00:00,1776160800,36696.0,36702.0,36666.0,36680.0,174.0
2026-04-14 18:05:00,1776161100,36682.0,36720.0,36680.0,36716.0,130.0
2026-04-14 18:10:00,1776161400,36718.0,36721.0,36704.0,36712.0,74.0
2026-04-14 18:15:00,1776161700,36714.0,36716.0,36700.0,36713.0,61.0
2026-04-14 18:20:00,1776162000,36714.0,36719.0,36708.0,36719.0,29.0
2026-04-14 18:25:00,1776162300,36720.0,36720.0,36691.0,36702.0,73.0
2026-04-14 18:30:00,1776162600,36698.0,36706.0,36683.0,36686.0,54.0
2026-04-14 18:35:00,1776162900,36694.0,36699.0,36663.0,36665.0,124.0
2026-04-14 18:40:00,1776163200,36671.0,36684.0,36656.0,36664.0,115.0
2026-04-14 18:45:00,1776163500,36662.0,36693.0,36660.0,36688.0,60.0
2026-04-14 18:50:00,1776163800,36689.0,36692.0,36680.0,36680.0,27.0
2026-04-14 18:55:00,1776164100,36684.0,36691.0,36672.0,36672.0,31.0
2026-04-14 19:00:00,1776164400,36670.0,36694.0,36663.0,36690.0,57.0
2026-04-14 19:05:00,1776164700,36690.0,36700.0,36675.0,36680.0,78.0
2026-04-14 19:10:00,1776165000,36690.0,36698.0,36687.0,36690.0,48.0
2026-04-14 19:15:00,1776165300,36690.0,36714.0,36689.0,36714.0,66.0
2026-04-14 19:20:00,1776165600,36710.0,36728.0,36703.0,36723.0,84.0
2026-04-14 19:25:00,1776165900,36725.0,36737.0,36720.0,36721.0,89.0
2026-04-14 19:30:00,1776166200,36720.0,36734.0,36715.0,36727.0,67.0
2026-04-14 19:35:00,1776166500,36730.0,36735.0,36724.0,36735.0,29.0
2026-04-14 19:40:00,1776166800,36734.0,36757.0,36734.0,36746.0,161.0
2026-04-14 19:45:00,1776167100,36746.0,36750.0,36737.0,36747.0,42.0
2026-04-14 19:50:00,1776167400,36747.0,36756.0,36745.0,36745.0,43.0
2026-04-14 19:55:00,1776167700,36745.0,36797.0,36729.0,36773.0,356.0
2026-04-14 20:00:00,1776168000,36770.0,36777.0,36750.0,36755.0,97.0
2026-04-14 20:05:00,1776168300,36751.0,36766.0,36750.0,36763.0,44.0
2026-04-14 20:10:00,1776168600,36763.0,36775.0,36742.0,36753.0,103.0
2026-04-14 20:15:00,1776168900,36751.0,36757.0,36743.0,36750.0,46.0
2026-04-14 20:20:00,1776169200,36743.0,36745.0,36719.0,36725.0,95.0
2026-04-14 20:25:00,1776169500,36729.0,36763.0,36729.0,36761.0,64.0
2026-04-14 20:30:00,1776169800,36763.0,36788.0,36730.0,36738.0,124.0
2026-04-14 20:35:00,1776170100,36738.0,36749.0,36733.0,36748.0,36.0
2026-04-14 20:40:00,1776170400,36745.0,36753.0,36726.0,36729.0,46.0
2026-04-14 20:45:00,1776170700,36740.0,36740.0,36716.0,36734.0,67.0
2026-04-14 20:50:00,1776171000,36737.0,36739.0,36701.0,36714.0,83.0
2026-04-14 20:55:00,1776171300,36719.0,36723.0,36711.0,36718.0,50.0
2026-04-14 21:00:00,1776171600,36716.0,36732.0,36708.0,36732.0,67.0
2026-04-14 21:05:00,1776171900,36727.0,36745.0,36720.0,36744.0,59.0
2026-04-14 21:10:00,1776172200,36744.0,36744.0,36734.0,36738.0,24.0
2026-04-14 21:15:00,1776172500,36741.0,36760.0,36741.0,36751.0,82.0
2026-04-14 21:20:00,1776172800,36750.0,36751.0,36723.0,36739.0,60.0
2026-04-14 21:25:00,1776173100,36736.0,36738.0,36715.0,36725.0,84.0
2026-04-14 21:30:00,1776173400,36723.0,36745.0,36697.0,36717.0,269.0
2026-04-14 21:35:00,1776173700,36710.0,36745.0,36685.0,36692.0,303.0
2026-04-14 21:40:00,1776174000,36697.0,36744.0,36688.0,36743.0,187.0
2026-04-14 21:45:00,1776174300,36739.0,36754.0,36708.0,36723.0,160.0
2026-04-14 21:50:00,1776174600,36718.0,36770.0,36717.0,36759.0,248.0
2026-04-14 21:55:00,1776174900,36760.0,36777.0,36749.0,36758.0,207.0
2026-04-14 22:00:00,1776175200,36758.0,36760.0,36735.0,36742.0,139.0
2026-04-14 22:05:00,1776175500,36743.0,36799.0,36743.0,36795.0,284.0
2026-04-14 22:10:00,1776175800,36797.0,36809.0,36784.0,36808.0,389.0
2026-04-14 22:15:00,1776176100,36804.0,36833.0,36800.0,36820.0,398.0
2026-04-14 22:20:00,1776176400,36817.0,36832.0,36806.0,36820.0,216.0
2026-04-14 22:25:00,1776176700,36820.0,36835.0,36810.0,36825.0,149.0
2026-04-14 22:30:00,1776177000,36828.0,36830.0,36815.0,36820.0,106.0
2026-04-14 22:35:00,1776177300,36820.0,36848.0,36811.0,36811.0,425.0
2026-04-14 22:40:00,1776177600,36812.0,36818.0,36805.0,36813.0,148.0
2026-04-14 22:45:00,1776177900,36813.0,36845.0,36805.0,36840.0,143.0
2026-04-14 22:50:00,1776178200,36843.0,36849.0,36827.0,36842.0,240.0
2026-04-14 22:55:00,1776178500,36844.0,36845.0,36824.0,36824.0,102.0
2026-04-14 23:00:00,1776178800,36823.0,36823.0,36786.0,36789.0,271.0
2026-04-14 23:05:00,1776179100,36786.0,36789.0,36753.0,36753.0,312.0
2026-04-14 23:10:00,1776179400,36757.0,36773.0,36742.0,36760.0,197.0
2026-04-14 23:15:00,1776179700,36760.0,36794.0,36760.0,36788.0,76.0
2026-04-14 23:20:00,1776180000,36788.0,36813.0,36788.0,36802.0,154.0
2026-04-14 23:25:00,1776180300,36801.0,36816.0,36801.0,36807.0,99.0
2026-04-14 23:30:00,1776180600,36806.0,36829.0,36806.0,36825.0,149.0
2026-04-14 23:35:00,1776180900,36820.0,36831.0,36818.0,36830.0,97.0
2026-04-14 23:40:00,1776181200,36830.0,36841.0,36813.0,36823.0,160.0
2026-04-14 23:45:00,1776181500,36820.0,36831.0,36813.0,36818.0,132.0
2026-04-14 23:50:00,1776181800,36821.0,36846.0,36818.0,36841.0,124.0
2026-04-14 23:55:00,1776182100,36841.0,36844.0,36824.0,36824.0,63.0
2026-04-15 00:00:00,1776182400,36824.0,36848.0,36823.0,36847.0,145.0
2026-04-15 00:05:00,1776182700,36845.0,36856.0,36840.0,36852.0,156.0
2026-04-15 00:10:00,1776183000,36855.0,36855.0,36838.0,36842.0,55.0
2026-04-15 00:15:00,1776183300,36842.0,36852.0,36836.0,36852.0,82.0
2026-04-15 00:20:00,1776183600,36849.0,36869.0,36849.0,36866.0,153.0
2026-04-15 00:25:00,1776183900,36867.0,36879.0,36866.0,36875.0,148.0
2026-04-15 00:30:00,1776184200,36875.0,36875.0,36847.0,36848.0,124.0
2026-04-15 00:35:00,1776184500,36849.0,36850.0,36835.0,36846.0,79.0
2026-04-15 00:40:00,1776184800,36846.0,36858.0,36846.0,36854.0,28.0
2026-04-15 00:45:00,1776185100,36855.0,36860.0,36838.0,36841.0,68.0
2026-04-15 00:50:00,1776185400,36842.0,36845.0,36836.0,36838.0,20.0
2026-04-15 00:55:00,1776185700,36840.0,36840.0,36827.0,36832.0,98.0
2026-04-15 01:00:00,1776186000,36833.0,36847.0,36833.0,36841.0,45.0
2026-04-15 01:05:00,1776186300,36844.0,36866.0,36844.0,36856.0,125.0
2026-04-15 01:10:00,1776186600,36864.0,36872.0,36863.0,36870.0,55.0
2026-04-15 01:15:00,1776186900,36868.0,36891.0,36863.0,36891.0,170.0
2026-04-15 01:20:00,1776187200,36891.0,36899.0,36887.0,36899.0,114.0
2026-04-15 01:25:00,1776187500,36899.0,36918.0,36895.0,36905.0,158.0
2026-04-15 01:30:00,1776187800,36905.0,36924.0,36905.0,36921.0,87.0
2026-04-15 01:35:00,1776188100,36920.0,36930.0,36911.0,36925.0,99.0
2026-04-15 01:40:00,1776188400,36927.0,36927.0,36916.0,36921.0,27.0
2026-04-15 01:45:00,1776188700,36923.0,36930.0,36918.0,36925.0,46.0
2026-04-15 01:50:00,1776189000,36928.0,36934.0,36919.0,36919.0,57.0
2026-04-15 01:55:00,1776189300,36921.0,36932.0,36921.0,36931.0,65.0
2026-04-15 02:00:00,1776189600,36932.0,36948.0,36932.0,36939.0,143.0
2026-04-15 02:05:00,1776189900,36943.0,36972.0,36943.0,36970.0,185.0
2026-04-15 02:10:00,1776190200,36970.0,36970.0,36948.0,36951.0,89.0
2026-04-15 02:15:00,1776190500,36951.0,36952.0,36909.0,36914.0,117.0
2026-04-15 02:20:00,1776190800,36918.0,36920.0,36875.0,36877.0,187.0
2026-04-15 02:25:00,1776191100,36879.0,36905.0,36864.0,36903.0,100.0
2026-04-15 02:30:00,1776191400,36904.0,36929.0,36900.0,36921.0,74.0
2026-04-15 02:35:00,1776191700,36920.0,36935.0,36920.0,36928.0,42.0
2026-04-15 02:40:00,1776192000,36937.0,36940.0,36912.0,36912.0,70.0
2026-04-15 02:45:00,1776192300,36912.0,36919.0,36905.0,36916.0,69.0
2026-04-15 02:50:00,1776192600,36916.0,36928.0,36911.0,36925.0,22.0
2026-04-15 02:55:00,1776192900,36925.0,36930.0,36920.0,36920.0,26.0
2026-04-15 03:00:00,1776193200,36923.0,36948.0,36923.0,36948.0,80.0
2026-04-15 03:05:00,1776193500,36948.0,36958.0,36947.0,36955.0,66.0
2026-04-15 03:10:00,1776193800,36952.0,36983.0,36948.0,36965.0,151.0
2026-04-15 03:15:00,1776194100,36965.0,36990.0,36965.0,36981.0,77.0
2026-04-15 03:20:00,1776194400,36990.0,36993.0,36981.0,36982.0,62.0
2026-04-15 03:25:00,1776194700,36981.0,36993.0,36981.0,36984.0,35.0
2026-04-15 03:30:00,1776195000,36983.0,36990.0,36973.0,36973.0,56.0
2026-04-15 03:35:00,1776195300,36971.0,36982.0,36969.0,36979.0,48.0
2026-04-15 03:40:00,1776195600,36980.0,36982.0,36956.0,36956.0,62.0
2026-04-15 03:45:00,1776195900,36958.0,36965.0,36957.0,36960.0,25.0
2026-04-15 03:50:00,1776196200,36962.0,36973.0,36956.0,36968.0,40.0
2026-04-15 03:55:00,1776196500,36967.0,36992.0,36966.0,36990.0,61.0
2026-04-15 04:00:00,1776196800,36986.0,36988.0,36962.0,36972.0,90.0
2026-04-15 04:05:00,1776197100,36975.0,36985.0,36975.0,36985.0,34.0
2026-04-15 04:10:00,1776197400,36981.0,36986.0,36980.0,36986.0,24.0
2026-04-15 04:15:00,1776197700,36986.0,36986.0,36980.0,36981.0,20.0
2026-04-15 04:20:00,1776198000,36983.0,36985.0,36980.0,36980.0,36.0
2026-04-15 04:25:00,1776198300,36980.0,36982.0,36976.0,36982.0,17.0
2026-04-15 04:30:00,1776198600,36984.0,36984.0,36978.0,36981.0,18.0
2026-04-15 04:35:00,1776198900,36979.0,36982.0,36975.0,36981.0,25.0
2026-04-15 04:40:00,1776199200,36982.0,36986.0,36979.0,36986.0,27.0
2026-04-15 04:45:00,1776199500,36987.0,36987.0,36976.0,36983.0,40.0
2026-04-15 04:50:00,1776199800,36981.0,36983.0,36976.0,36980.0,27.0
2026-04-15 04:55:00,1776200100,36983.0,36992.0,36979.0,36985.0,86.0
2026-04-15 08:45:00,1776213900,36996.0,37009.0,36967.0,36971.0,1331.0
2026-04-15 08:50:00,1776214200,36970.0,36978.0,36943.0,36953.0,701.0
2026-04-15 08:55:00,1776214500,36954.0,36990.0,36946.0,36989.0,428.0
2026-04-15 09:00:00,1776214800,36989.0,37017.0,36905.0,36919.0,1953.0
2026-04-15 09:05:00,1776215100,36919.0,36982.0,36910.0,36979.0,1064.0
2026-04-15 09:10:00,1776215400,36977.0,37080.0,36965.0,37078.0,1831.0
2026-04-15 09:15:00,1776215700,37078.0,37138.0,37078.0,37131.0,1763.0
2026-04-15 09:20:00,1776216000,37133.0,37188.0,37130.0,37171.0,1709.0
2026-04-15 09:25:00,1776216300,37168.0,37239.0,37155.0,37224.0,1573.0
2026-04-15 09:30:00,1776216600,37222.0,37226.0,37144.0,37162.0,1315.0
2026-04-15 09:35:00,1776216900,37165.0,37260.0,37159.0,37256.0,1165.0
2026-04-15 09:40:00,1776217200,37257.0,37273.0,37229.0,37269.0,892.0
2026-04-15 09:45:00,1776217500,37272.0,37342.0,37258.0,37335.0,1649.0
2026-04-15 09:50:00,1776217800,37334.0,37339.0,37275.0,37318.0,1090.0
2026-04-15 09:55:00,1776218100,37316.0,37341.0,37295.0,37333.0,921.0
2026-04-15 10:00:00,1776218400,37334.0,37359.0,37311.0,37314.0,774.0
2026-04-15 10:05:00,1776218700,37311.0,37342.0,37284.0,37288.0,1084.0
2026-04-15 10:10:00,1776219000,37289.0,37299.0,37240.0,37296.0,1326.0
2026-04-15 10:15:00,1776219300,37294.0,37334.0,37277.0,37315.0,728.0
2026-04-15 10:20:00,1776219600,37313.0,37335.0,37243.0,37251.0,807.0
2026-04-15 10:25:00,1776219900,37257.0,37277.0,37231.0,37256.0,663.0
2026-04-15 10:30:00,1776220200,37256.0,37277.0,37243.0,37251.0,429.0
2026-04-15 10:35:00,1776220500,37255.0,37263.0,37224.0,37242.0,507.0
2026-04-15 10:40:00,1776220800,37244.0,37255.0,37204.0,37227.0,741.0
2026-04-15 10:45:00,1776221100,37226.0,37263.0,37207.0,37241.0,609.0
2026-04-15 10:50:00,1776221400,37241.0,37270.0,37237.0,37256.0,498.0
2026-04-15 10:55:00,1776221700,37256.0,37280.0,37225.0,37230.0,525.0
2026-04-15 11:00:00,1776222000,37230.0,37241.0,37193.0,37209.0,729.0
2026-04-15 11:05:00,1776222300,37210.0,37213.0,37113.0,37137.0,1614.0
2026-04-15 11:10:00,1776222600,37137.0,37187.0,37135.0,37161.0,489.0
2026-04-15 11:15:00,1776222900,37160.0,37171.0,37140.0,37143.0,461.0
2026-04-15 11:20:00,1776223200,37143.0,37155.0,37125.0,37130.0,456.0
2026-04-15 11:25:00,1776223500,37128.0,37140.0,37107.0,37108.0,515.0
2026-04-15 11:30:00,1776223800,37110.0,37175.0,37103.0,37155.0,751.0
2026-04-15 11:35:00,1776224100,37159.0,37193.0,37142.0,37144.0,630.0
2026-04-15 11:40:00,1776224400,37141.0,37151.0,37106.0,37110.0,415.0
2026-04-15 11:45:00,1776224700,37111.0,37147.0,37090.0,37144.0,743.0
2026-04-15 11:50:00,1776225000,37144.0,37179.0,37140.0,37174.0,527.0
2026-04-15 11:55:00,1776225300,37175.0,37198.0,37174.0,37178.0,622.0
2026-04-15 12:00:00,1776225600,37173.0,37194.0,37160.0,37168.0,437.0
2026-04-15 12:05:00,1776225900,37166.0,37168.0,37152.0,37161.0,307.0
2026-04-15 12:10:00,1776226200,37163.0,37188.0,37158.0,37184.0,344.0
2026-04-15 12:15:00,1776226500,37187.0,37189.0,37163.0,37164.0,294.0
2026-04-15 12:20:00,1776226800,37161.0,37163.0,37118.0,37131.0,617.0
2026-04-15 12:25:00,1776227100,37131.0,37136.0,37112.0,37112.0,376.0
2026-04-15 12:30:00,1776227400,37116.0,37121.0,37021.0,37035.0,1663.0
2026-04-15 12:35:00,1776227700,37039.0,37067.0,37025.0,37031.0,842.0
2026-04-15 12:40:00,1776228000,37029.0,37043.0,37012.0,37022.0,667.0
2026-04-15 12:45:00,1776228300,37021.0,37030.0,37000.0,37022.0,852.0
2026-04-15 12:50:00,1776228600,37022.0,37026.0,36957.0,36988.0,1570.0
2026-04-15 12:55:00,1776228900,36989.0,37058.0,36977.0,37054.0,1390.0
2026-04-15 13:00:00,1776229200,37051.0,37085.0,36993.0,37004.0,1471.0
2026-04-15 13:05:00,1776229500,37003.0,37014.0,36945.0,36980.0,1530.0
2026-04-15 13:10:00,1776229800,36979.0,37020.0,36976.0,37014.0,851.0
2026-04-15 13:15:00,1776230100,37017.0,37035.0,36992.0,37033.0,986.0
2026-04-15 13:20:00,1776230400,37033.0,37045.0,36958.0,36961.0,1590.0
2026-04-15 13:25:00,1776230700,36961.0,37020.0,36961.0,36981.0,1473.0
2026-04-15 13:30:00,1776231000,36983.0,37003.0,36960.0,37001.0,1163.0
2026-04-15 13:35:00,1776231300,37001.0,37008.0,36990.0,37001.0,536.0
2026-04-15 13:40:00,1776231600,37002.0,37018.0,36950.0,36964.0,1437.0
2026-04-15 13:45:00,1776231900,36964.0,36964.0,36964.0,36964.0,1.0
2026-04-15 15:00:00,1776236400,37009.0,37150.0,37006.0,37058.0,3315.0
2026-04-15 15:05:00,1776236700,37062.0,37093.0,37048.0,37085.0,1231.0
2026-04-15 15:10:00,1776237000,37086.0,37100.0,37074.0,37081.0,802.0
2026-04-15 15:15:00,1776237300,37081.0,37095.0,37055.0,37068.0,878.0
2026-04-15 15:20:00,1776237600,37069.0,37120.0,37066.0,37101.0,1251.0
2026-04-15 15:25:00,1776237900,37104.0,37105.0,37072.0,37084.0,528.0
2026-04-15 15:30:00,1776238200,37081.0,37109.0,37081.0,37086.0,702.0
2026-04-15 15:35:00,1776238500,37083.0,37090.0,37064.0,37082.0,477.0
2026-04-15 15:40:00,1776238800,37083.0,37086.0,37069.0,37079.0,249.0
2026-04-15 15:45:00,1776239100,37076.0,37097.0,37055.0,37097.0,556.0
2026-04-15 15:50:00,1776239400,37097.0,37102.0,37072.0,37085.0,311.0
2026-04-15 15:55:00,1776239700,37086.0,37095.0,37072.0,37088.0,182.0
2026-04-15 16:00:00,1776240000,37088.0,37105.0,37074.0,37087.0,483.0
2026-04-15 16:05:00,1776240300,37092.0,37107.0,37076.0,37078.0,365.0
2026-04-15 16:10:00,1776240600,37078.0,37100.0,37066.0,37096.0,404.0
2026-04-15 16:15:00,1776240900,37095.0,37104.0,37075.0,37090.0,346.0
2026-04-15 16:20:00,1776241200,37092.0,37115.0,37092.0,37110.0,520.0
2026-04-15 16:25:00,1776241500,37110.0,37165.0,37110.0,37158.0,1816.0
2026-04-15 16:30:00,1776241800,37157.0,37184.0,37152.0,37178.0,907.0
2026-04-15 16:35:00,1776242100,37176.0,37176.0,37153.0,37163.0,567.0
2026-04-15 16:40:00,1776242400,37161.0,37167.0,37156.0,37165.0,273.0
2026-04-15 16:45:00,1776242700,37163.0,37184.0,37156.0,37172.0,422.0
2026-04-15 16:50:00,1776243000,37170.0,37195.0,37163.0,37192.0,498.0
2026-04-15 16:55:00,1776243300,37194.0,37196.0,37188.0,37192.0,410.0
2026-04-15 17:00:00,1776243600,37192.0,37201.0,37136.0,37139.0,1404.0
2026-04-15 17:05:00,1776243900,37136.0,37138.0,37081.0,37097.0,1593.0
2026-04-15 17:10:00,1776244200,37097.0,37114.0,37052.0,37085.0,1486.0
2026-04-15 17:15:00,1776244500,37085.0,37094.0,37076.0,37094.0,423.0
2026-04-15 17:20:00,1776244800,37093.0,37116.0,37082.0,37108.0,591.0
2026-04-15 17:25:00,1776245100,37105.0,37111.0,37067.0,37077.0,692.0
2026-04-15 17:30:00,1776245400,37079.0,37099.0,37076.0,37083.0,363.0
2026-04-15 17:35:00,1776245700,37083.0,37087.0,37052.0,37055.0,437.0
2026-04-15 17:40:00,1776246000,37057.0,37087.0,37056.0,37075.0,340.0
2026-04-15 17:45:00,1776246300,37075.0,37090.0,37063.0,37074.0,337.0
2026-04-15 17:50:00,1776246600,37078.0,37093.0,37077.0,37092.0,216.0
2026-04-15 17:55:00,1776246900,37094.0,37094.0,37080.0,37082.0,146.0
2026-04-15 18:00:00,1776247200,37083.0,37105.0,37078.0,37091.0,360.0
2026-04-15 18:05:00,1776247500,37090.0,37129.0,37088.0,37121.0,639.0
2026-04-15 18:10:00,1776247800,37122.0,37128.0,37103.0,37106.0,321.0
2026-04-15 18:15:00,1776248100,37104.0,37107.0,37055.0,37080.0,956.0
2026-04-15 18:20:00,1776248400,37080.0,37097.0,37032.0,37040.0,1100.0
2026-04-15 18:25:00,1776248700,37040.0,37050.0,37001.0,37014.0,1217.0
2026-04-15 18:30:00,1776249000,37016.0,37039.0,37004.0,37015.0,765.0
2026-04-15 18:35:00,1776249300,37015.0,37055.0,37012.0,37052.0,601.0
2026-04-15 18:40:00,1776249600,37054.0,37106.0,37052.0,37101.0,1177.0
2026-04-15 18:45:00,1776249900,37102.0,37105.0,37088.0,37090.0,461.0
2026-04-15 18:50:00,1776250200,37093.0,37113.0,37082.0,37111.0,476.0
2026-04-15 18:55:00,1776250500,37108.0,37114.0,37095.0,37107.0,350.0
2026-04-15 19:00:00,1776250800,37109.0,37113.0,37098.0,37107.0,244.0
2026-04-15 19:05:00,1776251100,37107.0,37114.0,37097.0,37112.0,219.0
2026-04-15 19:10:00,1776251400,37114.0,37140.0,37113.0,37133.0,757.0
2026-04-15 19:15:00,1776251700,37130.0,37133.0,37101.0,37103.0,394.0
2026-04-15 19:20:00,1776252000,37103.0,37114.0,37091.0,37114.0,303.0
2026-04-15 19:25:00,1776252300,37112.0,37113.0,37090.0,37091.0,152.0
2026-04-15 19:30:00,1776252600,37092.0,37132.0,37090.0,37109.0,425.0
2026-04-15 19:35:00,1776252900,37108.0,37136.0,37104.0,37131.0,278.0
2026-04-15 19:40:00,1776253200,37131.0,37133.0,37118.0,37124.0,154.0
2026-04-15 19:45:00,1776253500,37121.0,37172.0,37092.0,37138.0,1148.0
2026-04-15 19:50:00,1776253800,37136.0,37156.0,37130.0,37143.0,434.0
2026-04-15 19:55:00,1776254100,37143.0,37149.0,37121.0,37133.0,277.0
2026-04-15 20:00:00,1776254400,37135.0,37139.0,37106.0,37113.0,470.0
2026-04-15 20:05:00,1776254700,37110.0,37117.0,37075.0,37108.0,850.0
2026-04-15 20:10:00,1776255000,37110.0,37112.0,37082.0,37092.0,420.0
2026-04-15 20:15:00,1776255300,37092.0,37105.0,37086.0,37098.0,250.0
2026-04-15 20:20:00,1776255600,37098.0,37103.0,37086.0,37101.0,253.0
2026-04-15 20:25:00,1776255900,37100.0,37112.0,37092.0,37096.0,209.0
2026-04-15 20:30:00,1776256200,37095.0,37125.0,37092.0,37120.0,348.0
2026-04-15 20:35:00,1776256500,37117.0,37128.0,37111.0,37126.0,230.0
2026-04-15 20:40:00,1776256800,37124.0,37130.0,37115.0,37128.0,247.0
2026-04-15 20:45:00,1776257100,37127.0,37127.0,37103.0,37121.0,203.0
2026-04-15 20:50:00,1776257400,37118.0,37122.0,37111.0,37118.0,142.0
2026-04-15 20:55:00,1776257700,37118.0,37135.0,37118.0,37121.0,296.0
2026-04-15 21:00:00,1776258000,37121.0,37128.0,37108.0,37128.0,269.0
2026-04-15 21:05:00,1776258300,37128.0,37132.0,37117.0,37131.0,202.0
2026-04-15 21:10:00,1776258600,37131.0,37146.0,37126.0,37146.0,386.0
2026-04-15 21:15:00,1776258900,37145.0,37155.0,37131.0,37140.0,427.0
2026-04-15 21:20:00,1776259200,37138.0,37142.0,37134.0,37134.0,140.0
2026-04-15 21:25:00,1776259500,37138.0,37176.0,37138.0,37160.0,764.0
2026-04-15 21:30:00,1776259800,37161.0,37172.0,37111.0,37130.0,1874.0
2026-04-15 21:35:00,1776260100,37130.0,37147.0,37102.0,37145.0,1557.0
2026-04-15 21:40:00,1776260400,37144.0,37145.0,37064.0,37068.0,1852.0
2026-04-15 21:45:00,1776260700,37069.0,37117.0,37060.0,37100.0,1756.0
2026-04-15 21:50:00,1776261000,37100.0,37110.0,37068.0,37094.0,1153.0
2026-04-15 21:55:00,1776261300,37094.0,37144.0,37094.0,37136.0,1130.0
2026-04-15 22:00:00,1776261600,37137.0,37151.0,37110.0,37148.0,1199.0
2026-04-15 22:05:00,1776261900,37149.0,37152.0,37116.0,37124.0,902.0
2026-04-15 22:10:00,1776262200,37125.0,37140.0,37117.0,37131.0,523.0
2026-04-15 22:15:00,1776262500,37130.0,37139.0,37091.0,37100.0,916.0
2026-04-15 22:20:00,1776262800,37103.0,37155.0,37093.0,37146.0,1242.0
2026-04-15 22:25:00,1776263100,37145.0,37187.0,37142.0,37178.0,1993.0
2026-04-15 22:30:00,1776263400,37179.0,37195.0,37162.0,37182.0,1293.0
2026-04-15 22:35:00,1776263700,37184.0,37245.0,37168.0,37184.0,3463.0
2026-04-15 22:40:00,1776264000,37184.0,37244.0,37184.0,37239.0,1391.0
2026-04-15 22:45:00,1776264300,37241.0,37255.0,37232.0,37244.0,1415.0
2026-04-15 22:50:00,1776264600,37248.0,37265.0,37219.0,37222.0,1404.0
2026-04-15 22:55:00,1776264900,37223.0,37236.0,37220.0,37222.0,721.0
2026-04-15 23:00:00,1776265200,37224.0,37236.0,37201.0,37228.0,901.0
2026-04-15 23:05:00,1776265500,37229.0,37231.0,37195.0,37215.0,813.0
2026-04-15 23:10:00,1776265800,37214.0,37255.0,37213.0,37249.0,1050.0
2026-04-15 23:15:00,1776266100,37251.0,37255.0,37233.0,37250.0,556.0
2026-04-15 23:20:00,1776266400,37248.0,37279.0,37246.0,37258.0,1306.0
2026-04-15 23:25:00,1776266700,37256.0,37290.0,37255.0,37279.0,815.0
2026-04-15 23:30:00,1776267000,37278.0,37280.0,37240.0,37244.0,909.0
2026-04-15 23:35:00,1776267300,37244.0,37260.0,37243.0,37247.0,390.0
2026-04-15 23:40:00,1776267600,37249.0,37282.0,37247.0,37271.0,598.0
2026-04-15 23:45:00,1776267900,37272.0,37285.0,37268.0,37270.0,501.0
2026-04-15 23:50:00,1776268200,37269.0,37274.0,37235.0,37235.0,593.0
2026-04-15 23:55:00,1776268500,37236.0,37243.0,37213.0,37226.0,931.0
2026-04-16 00:00:00,1776268800,37224.0,37236.0,37204.0,37230.0,880.0
2026-04-16 00:05:00,1776269100,37229.0,37269.0,37228.0,37260.0,694.0
2026-04-16 00:10:00,1776269400,37260.0,37267.0,37248.0,37256.0,326.0
2026-04-16 00:15:00,1776269700,37256.0,37262.0,37246.0,37259.0,244.0
2026-04-16 00:20:00,1776270000,37261.0,37275.0,37260.0,37265.0,460.0
2026-04-16 00:25:00,1776270300,37262.0,37262.0,37227.0,37229.0,430.0
2026-04-16 00:30:00,1776270600,37231.0,37236.0,37185.0,37196.0,1007.0
2026-04-16 00:35:00,1776270900,37196.0,37213.0,37182.0,37185.0,640.0
2026-04-16 00:40:00,1776271200,37182.0,37185.0,37133.0,37139.0,1802.0
2026-04-16 00:45:00,1776271500,37138.0,37142.0,37100.0,37137.0,1441.0
2026-04-16 00:50:00,1776271800,37137.0,37153.0,37080.0,37092.0,1403.0
2026-04-16 00:55:00,1776272100,37092.0,37134.0,37070.0,37128.0,1090.0
2026-04-16 01:00:00,1776272400,37128.0,37164.0,37122.0,37149.0,850.0
2026-04-16 01:05:00,1776272700,37151.0,37164.0,37146.0,37149.0,377.0
2026-04-16 01:10:00,1776273000,37149.0,37157.0,37136.0,37146.0,283.0
2026-04-16 01:15:00,1776273300,37144.0,37167.0,37144.0,37150.0,277.0
2026-04-16 01:20:00,1776273600,37150.0,37162.0,37142.0,37158.0,186.0
2026-04-16 01:25:00,1776273900,37159.0,37179.0,37156.0,37156.0,364.0
2026-04-16 01:30:00,1776274200,37158.0,37182.0,37154.0,37179.0,193.0
2026-04-16 01:35:00,1776274500,37180.0,37189.0,37169.0,37170.0,268.0
2026-04-16 01:40:00,1776274800,37169.0,37169.0,37142.0,37147.0,337.0
2026-04-16 01:45:00,1776275100,37149.0,37154.0,37142.0,37144.0,225.0
2026-04-16 01:50:00,1776275400,37146.0,37164.0,37145.0,37155.0,155.0
2026-04-16 01:55:00,1776275700,37155.0,37157.0,37141.0,37145.0,108.0
2026-04-16 02:00:00,1776276000,37145.0,37218.0,37127.0,37163.0,1065.0
2026-04-16 02:05:00,1776276300,37164.0,37189.0,37163.0,37183.0,225.0
2026-04-16 02:10:00,1776276600,37181.0,37210.0,37170.0,37204.0,251.0
2026-04-16 02:15:00,1776276900,37204.0,37220.0,37199.0,37201.0,273.0
2026-04-16 02:20:00,1776277200,37199.0,37212.0,37193.0,37209.0,142.0
2026-04-16 02:25:00,1776277500,37204.0,37210.0,37196.0,37201.0,87.0
2026-04-16 02:30:00,1776277800,37202.0,37212.0,37199.0,37210.0,123.0
2026-04-16 02:35:00,1776278100,37210.0,37223.0,37210.0,37215.0,133.0
2026-04-16 02:40:00,1776278400,37217.0,37218.0,37200.0,37204.0,121.0
2026-04-16 02:45:00,1776278700,37204.0,37220.0,37202.0,37220.0,68.0
2026-04-16 02:50:00,1776279000,37220.0,37232.0,37220.0,37227.0,160.0
2026-04-16 02:55:00,1776279300,37227.0,37237.0,37217.0,37227.0,228.0
2026-04-16 03:00:00,1776279600,37225.0,37235.0,37217.0,37231.0,160.0
2026-04-16 03:05:00,1776279900,37231.0,37243.0,37231.0,37237.0,89.0
2026-04-16 03:10:00,1776280200,37238.0,37250.0,37228.0,37230.0,269.0
2026-04-16 03:15:00,1776280500,37230.0,37234.0,37222.0,37234.0,50.0
2026-04-16 03:20:00,1776280800,37233.0,37240.0,37229.0,37231.0,51.0
2026-04-16 03:25:00,1776281100,37230.0,37250.0,37230.0,37249.0,99.0
2026-04-16 03:30:00,1776281400,37246.0,37255.0,37242.0,37255.0,131.0
2026-04-16 03:35:00,1776281700,37255.0,37258.0,37240.0,37240.0,146.0
2026-04-16 03:40:00,1776282000,37239.0,37240.0,37224.0,37235.0,121.0
2026-04-16 03:45:00,1776282300,37229.0,37247.0,37225.0,37242.0,108.0
2026-04-16 03:50:00,1776282600,37242.0,37263.0,37240.0,37247.0,164.0
2026-04-16 03:55:00,1776282900,37250.0,37256.0,37215.0,37215.0,146.0
2026-04-16 04:00:00,1776283200,37220.0,37225.0,37184.0,37198.0,474.0
2026-04-16 04:05:00,1776283500,37200.0,37215.0,37198.0,37214.0,68.0
2026-04-16 04:10:00,1776283800,37212.0,37214.0,37203.0,37210.0,60.0
2026-04-16 04:15:00,1776284100,37210.0,37216.0,37202.0,37206.0,69.0
2026-04-16 04:20:00,1776284400,37208.0,37216.0,37206.0,37212.0,63.0
2026-04-16 04:25:00,1776284700,37212.0,37212.0,37205.0,37205.0,43.0
2026-04-16 04:30:00,1776285000,37205.0,37215.0,37202.0,37210.0,53.0
2026-04-16 04:35:00,1776285300,37211.0,37212.0,37204.0,37204.0,46.0
2026-04-16 04:40:00,1776285600,37204.0,37208.0,37202.0,37208.0,25.0
2026-04-16 04:45:00,1776285900,37208.0,37208.0,37190.0,37192.0,99.0
2026-04-16 04:50:00,1776286200,37191.0,37203.0,37190.0,37199.0,98.0
2026-04-16 04:55:00,1776286500,37198.0,37220.0,37197.0,37216.0,176.0
2026-04-16 08:45:00,1776300300,37306.0,37393.0,37306.0,37389.0,5896.0
2026-04-16 08:50:00,1776300600,37389.0,37412.0,37373.0,37397.0,2094.0
2026-04-16 08:55:00,1776300900,37398.0,37415.0,37353.0,37353.0,1802.0
2026-04-16 09:00:00,1776301200,37355.0,37370.0,37165.0,37177.0,8383.0
2026-04-16 09:05:00,1776301500,37179.0,37222.0,37102.0,37189.0,6019.0
2026-04-16 09:10:00,1776301800,37188.0,37277.0,37167.0,37233.0,4003.0
2026-04-16 09:15:00,1776302100,37231.0,37281.0,37226.0,37277.0,2547.0
2026-04-16 09:20:00,1776302400,37278.0,37339.0,37269.0,37312.0,3095.0
2026-04-16 09:25:00,1776302700,37309.0,37315.0,37220.0,37277.0,3460.0
2026-04-16 09:30:00,1776303000,37276.0,37283.0,37221.0,37241.0,1786.0
2026-04-16 09:35:00,1776303300,37242.0,37289.0,37187.0,37281.0,2947.0
2026-04-16 09:40:00,1776303600,37281.0,37317.0,37268.0,37279.0,2072.0
2026-04-16 09:45:00,1776303900,37280.0,37284.0,37225.0,37246.0,2232.0
2026-04-16 09:50:00,1776304200,37248.0,37304.0,37240.0,37302.0,1474.0
2026-04-16 09:55:00,1776304500,37302.0,37303.0,37236.0,37237.0,1264.0
2026-04-16 10:00:00,1776304800,37236.0,37310.0,37236.0,37265.0,1719.0
2026-04-16 10:05:00,1776305100,37264.0,37315.0,37259.0,37287.0,1271.0
2026-04-16 10:10:00,1776305400,37286.0,37313.0,37254.0,37256.0,908.0
2026-04-16 10:15:00,1776305700,37254.0,37264.0,37212.0,37217.0,1670.0
2026-04-16 10:20:00,1776306000,37215.0,37246.0,37204.0,37226.0,1388.0
2026-04-16 10:25:00,1776306300,37223.0,37240.0,37203.0,37215.0,896.0
2026-04-16 10:30:00,1776306600,37216.0,37247.0,37155.0,37169.0,2463.0
2026-04-16 10:35:00,1776306900,37169.0,37198.0,37145.0,37172.0,1971.0
2026-04-16 10:40:00,1776307200,37174.0,37176.0,37114.0,37119.0,1919.0
2026-04-16 10:45:00,1776307500,37119.0,37184.0,37103.0,37179.0,2409.0
2026-04-16 10:50:00,1776307800,37179.0,37205.0,37144.0,37153.0,1513.0
2026-04-16 10:55:00,1776308100,37154.0,37215.0,37154.0,37206.0,1371.0
2026-04-16 11:00:00,1776308400,37207.0,37263.0,37204.0,37258.0,1806.0
2026-04-16 11:05:00,1776308700,37257.0,37304.0,37251.0,37286.0,2212.0
2026-04-16 11:10:00,1776309000,37285.0,37293.0,37272.0,37289.0,881.0
2026-04-16 11:15:00,1776309300,37289.0,37310.0,37245.0,37252.0,1646.0
2026-04-16 11:20:00,1776309600,37252.0,37264.0,37231.0,37248.0,939.0
2026-04-16 11:25:00,1776309900,37250.0,37251.0,37223.0,37244.0,792.0
2026-04-16 11:30:00,1776310200,37245.0,37308.0,37245.0,37270.0,1496.0
2026-04-16 11:35:00,1776310500,37268.0,37282.0,37260.0,37281.0,439.0
2026-04-16 11:40:00,1776310800,37280.0,37290.0,37264.0,37272.0,411.0
2026-04-16 11:45:00,1776311100,37272.0,37287.0,37258.0,37265.0,434.0
2026-04-16 11:50:00,1776311400,37266.0,37271.0,37252.0,37264.0,353.0
2026-04-16 11:55:00,1776311700,37262.0,37290.0,37262.0,37278.0,386.0
2026-04-16 12:00:00,1776312000,37279.0,37281.0,37241.0,37258.0,830.0
2026-04-16 12:05:00,1776312300,37258.0,37289.0,37257.0,37276.0,387.0
2026-04-16 12:10:00,1776312600,37273.0,37330.0,37268.0,37330.0,1550.0
2026-04-16 12:15:00,1776312900,37330.0,37463.0,37320.0,37448.0,5794.0
2026-04-16 12:20:00,1776313200,37449.0,37490.0,37412.0,37441.0,3214.0
2026-04-16 12:25:00,1776313500,37440.0,37460.0,37288.0,37331.0,4138.0
2026-04-16 12:30:00,1776313800,37332.0,37344.0,37308.0,37320.0,1399.0
2026-04-16 12:35:00,1776314100,37321.0,37333.0,37295.0,37307.0,1145.0
2026-04-16 12:40:00,1776314400,37306.0,37347.0,37302.0,37339.0,1048.0
2026-04-16 12:45:00,1776314700,37339.0,37385.0,37332.0,37383.0,1174.0
2026-04-16 12:50:00,1776315000,37381.0,37408.0,37365.0,37403.0,1074.0
2026-04-16 12:55:00,1776315300,37403.0,37403.0,37362.0,37376.0,693.0
2026-04-16 13:00:00,1776315600,37377.0,37380.0,37342.0,37365.0,745.0
2026-04-16 13:05:00,1776315900,37365.0,37388.0,37345.0,37350.0,745.0
2026-04-16 13:10:00,1776316200,37349.0,37362.0,37340.0,37348.0,520.0
2026-04-16 13:15:00,1776316500,37347.0,37372.0,37344.0,37352.0,663.0
2026-04-16 13:20:00,1776316800,37350.0,37393.0,37346.0,37381.0,815.0
2026-04-16 13:25:00,1776317100,37380.0,37463.0,37378.0,37458.0,2164.0
2026-04-16 13:30:00,1776317400,37461.0,37585.0,37443.0,37569.0,5621.0
2026-04-16 13:35:00,1776317700,37569.0,37625.0,37560.0,37624.0,2618.0
2026-04-16 13:40:00,1776318000,37624.0,37666.0,37619.0,37643.0,2771.0
2026-04-16 15:00:00,1776322800,37565.0,37566.0,37411.0,37431.0,6461.0
2026-04-16 15:05:00,1776323100,37432.0,37442.0,37312.0,37382.0,4401.0
2026-04-16 15:10:00,1776323400,37383.0,37416.0,37363.0,37396.0,1816.0
2026-04-16 15:15:00,1776323700,37400.0,37442.0,37395.0,37425.0,1289.0
2026-04-16 15:20:00,1776324000,37427.0,37457.0,37412.0,37432.0,1040.0
2026-04-16 15:25:00,1776324300,37433.0,37437.0,37371.0,37398.0,1396.0
2026-04-16 15:30:00,1776324600,37398.0,37413.0,37372.0,37413.0,672.0
2026-04-16 15:35:00,1776324900,37414.0,37426.0,37407.0,37411.0,562.0
2026-04-16 15:40:00,1776325200,37410.0,37433.0,37402.0,37410.0,460.0
2026-04-16 15:45:00,1776325500,37410.0,37410.0,37373.0,37383.0,667.0
2026-04-16 15:50:00,1776325800,37384.0,37388.0,37338.0,37341.0,1112.0
2026-04-16 15:55:00,1776326100,37340.0,37372.0,37338.0,37362.0,608.0
2026-04-16 16:00:00,1776326400,37363.0,37382.0,37327.0,37330.0,950.0
2026-04-16 16:05:00,1776326700,37330.0,37341.0,37304.0,37328.0,1177.0
2026-04-16 16:10:00,1776327000,37326.0,37332.0,37242.0,37266.0,2345.0
2026-04-16 16:15:00,1776327300,37266.0,37285.0,37249.0,37252.0,1154.0
2026-04-16 16:20:00,1776327600,37251.0,37296.0,37247.0,37264.0,1045.0
2026-04-16 16:25:00,1776327900,37265.0,37274.0,37232.0,37274.0,1148.0
2026-04-16 16:30:00,1776328200,37274.0,37276.0,37253.0,37253.0,554.0
2026-04-16 16:35:00,1776328500,37252.0,37288.0,37245.0,37283.0,813.0
2026-04-16 16:40:00,1776328800,37280.0,37320.0,37271.0,37318.0,1306.0
2026-04-16 16:45:00,1776329100,37316.0,37331.0,37305.0,37314.0,664.0
2026-04-16 16:50:00,1776329400,37314.0,37325.0,37297.0,37320.0,527.0
2026-04-16 16:55:00,1776329700,37320.0,37328.0,37317.0,37321.0,304.0
2026-04-16 17:00:00,1776330000,37320.0,37355.0,37298.0,37346.0,974.0
2026-04-16 17:05:00,1776330300,37346.0,37355.0,37333.0,37353.0,447.0
2026-04-16 17:10:00,1776330600,37355.0,37356.0,37341.0,37342.0,355.0
2026-04-16 17:15:00,1776330900,37343.0,37344.0,37317.0,37323.0,476.0
2026-04-16 17:20:00,1776331200,37323.0,37327.0,37292.0,37307.0,527.0
2026-04-16 17:25:00,1776331500,37308.0,37308.0,37265.0,37280.0,1070.0
2026-04-16 17:30:00,1776331800,37280.0,37291.0,37254.0,37263.0,667.0
2026-04-16 17:35:00,1776332100,37266.0,37276.0,37241.0,37255.0,662.0
2026-04-16 17:40:00,1776332400,37256.0,37267.0,37209.0,37227.0,1699.0
2026-04-16 17:45:00,1776332700,37230.0,37238.0,37204.0,37236.0,898.0
2026-04-16 17:50:00,1776333000,37234.0,37246.0,37223.0,37227.0,520.0
2026-04-16 17:55:00,1776333300,37228.0,37235.0,37201.0,37232.0,792.0
2026-04-16 18:00:00,1776333600,37233.0,37252.0,37228.0,37235.0,621.0
2026-04-16 18:05:00,1776333900,37236.0,37250.0,37227.0,37245.0,396.0
2026-04-16 18:10:00,1776334200,37244.0,37244.0,37191.0,37200.0,1145.0
2026-04-16 18:15:00,1776334500,37199.0,37209.0,37166.0,37169.0,1302.0
2026-04-16 18:20:00,1776334800,37169.0,37188.0,37155.0,37168.0,975.0
2026-04-16 18:25:00,1776335100,37166.0,37168.0,37118.0,37130.0,1966.0
2026-04-16 18:30:00,1776335400,37131.0,37132.0,37039.0,37069.0,3354.0
2026-04-16 18:35:00,1776335700,37069.0,37080.0,37036.0,37056.0,1901.0
2026-04-16 18:40:00,1776336000,37057.0,37102.0,37050.0,37055.0,1556.0
2026-04-16 18:45:00,1776336300,37053.0,37057.0,36973.0,37034.0,3376.0
2026-04-16 18:50:00,1776336600,37031.0,37121.0,37025.0,37111.0,2282.0
2026-04-16 18:55:00,1776336900,37111.0,37142.0,37103.0,37139.0,1393.0
2026-04-16 19:00:00,1776337200,37142.0,37168.0,37132.0,37160.0,1751.0
2026-04-16 19:05:00,1776337500,37158.0,37165.0,37138.0,37146.0,689.0
2026-04-16 19:10:00,1776337800,37150.0,37170.0,37140.0,37161.0,719.0
2026-04-16 19:15:00,1776338100,37162.0,37186.0,37143.0,37145.0,1132.0
2026-04-16 19:20:00,1776338400,37144.0,37156.0,37132.0,37143.0,634.0
2026-04-16 19:25:00,1776338700,37143.0,37166.0,37135.0,37164.0,410.0
2026-04-16 19:30:00,1776339000,37164.0,37193.0,37163.0,37189.0,1009.0
2026-04-16 19:35:00,1776339300,37188.0,37193.0,37156.0,37158.0,492.0
2026-04-16 19:40:00,1776339600,37157.0,37172.0,37145.0,37162.0,462.0
2026-04-16 19:45:00,1776339900,37163.0,37170.0,37142.0,37160.0,381.0
2026-04-16 19:50:00,1776340200,37162.0,37190.0,37162.0,37189.0,567.0
2026-04-16 19:55:00,1776340500,37188.0,37208.0,37177.0,37195.0,797.0
2026-04-16 20:00:00,1776340800,37194.0,37226.0,37190.0,37194.0,1095.0
2026-04-16 20:05:00,1776341100,37195.0,37195.0,37148.0,37176.0,806.0
2026-04-16 20:10:00,1776341400,37173.0,37179.0,37160.0,37165.0,320.0
2026-04-16 20:15:00,1776341700,37166.0,37166.0,37125.0,37143.0,749.0
2026-04-16 20:20:00,1776342000,37143.0,37170.0,37143.0,37169.0,464.0
2026-04-16 20:25:00,1776342300,37168.0,37179.0,37150.0,37178.0,550.0
2026-04-16 20:30:00,1776342600,37178.0,37182.0,37141.0,37178.0,532.0
2026-04-16 20:35:00,1776342900,37178.0,37182.0,37123.0,37132.0,750.0
2026-04-16 20:40:00,1776343200,37131.0,37154.0,37130.0,37145.0,471.0
2026-04-16 20:45:00,1776343500,37143.0,37143.0,37106.0,37118.0,873.0
2026-04-16 20:50:00,1776343800,37118.0,37128.0,37097.0,37105.0,666.0
2026-04-16 20:55:00,1776344100,37103.0,37141.0,37103.0,37126.0,527.0
2026-04-16 21:00:00,1776344400,37127.0,37162.0,37118.0,37150.0,775.0
2026-04-16 21:05:00,1776344700,37150.0,37173.0,37145.0,37164.0,502.0
2026-04-16 21:10:00,1776345000,37162.0,37189.0,37161.0,37188.0,473.0
2026-04-16 21:15:00,1776345300,37188.0,37195.0,37180.0,37188.0,551.0
2026-04-16 21:20:00,1776345600,37190.0,37213.0,37179.0,37197.0,771.0
2026-04-16 21:25:00,1776345900,37195.0,37203.0,37164.0,37185.0,730.0
2026-04-16 21:30:00,1776346200,37184.0,37195.0,37058.0,37125.0,4326.0
2026-04-16 21:35:00,1776346500,37122.0,37138.0,37082.0,37100.0,1901.0
2026-04-16 21:40:00,1776346800,37099.0,37139.0,37045.0,37074.0,2493.0
2026-04-16 21:45:00,1776347100,37074.0,37084.0,37033.0,37080.0,1953.0
2026-04-16 21:50:00,1776347400,37080.0,37080.0,36942.0,36951.0,4354.0
2026-04-16 21:55:00,1776347700,36949.0,37025.0,36928.0,37022.0,3157.0
2026-04-16 22:00:00,1776348000,37022.0,37105.0,36996.0,37096.0,3615.0
2026-04-16 22:05:00,1776348300,37095.0,37133.0,37077.0,37113.0,2158.0
2026-04-16 22:10:00,1776348600,37115.0,37165.0,37112.0,37131.0,2054.0
2026-04-16 22:15:00,1776348900,37131.0,37136.0,37061.0,37068.0,1918.0
2026-04-16 22:20:00,1776349200,37070.0,37084.0,37050.0,37080.0,1263.0
2026-04-16 22:25:00,1776349500,37080.0,37108.0,37065.0,37087.0,1196.0
2026-04-16 22:30:00,1776349800,37088.0,37098.0,37054.0,37095.0,1293.0
2026-04-16 22:35:00,1776350100,37095.0,37108.0,37066.0,37068.0,925.0
2026-04-16 22:40:00,1776350400,37070.0,37103.0,37056.0,37096.0,984.0
2026-04-16 22:45:00,1776350700,37095.0,37126.0,37092.0,37121.0,1099.0
2026-04-16 22:50:00,1776351000,37121.0,37152.0,37106.0,37132.0,1579.0
2026-04-16 22:55:00,1776351300,37132.0,37134.0,37084.0,37111.0,957.0
2026-04-16 23:00:00,1776351600,37114.0,37193.0,37112.0,37183.0,1960.0
2026-04-16 23:05:00,1776351900,37186.0,37281.0,37174.0,37262.0,4112.0
2026-04-16 23:10:00,1776352200,37261.0,37287.0,37207.0,37218.0,2408.0
2026-04-16 23:15:00,1776352500,37217.0,37245.0,37182.0,37188.0,1466.0
2026-04-16 23:20:00,1776352800,37187.0,37240.0,37187.0,37216.0,1099.0
2026-04-16 23:25:00,1776353100,37212.0,37224.0,37171.0,37179.0,1047.0
2026-04-16 23:30:00,1776353400,37178.0,37211.0,37155.0,37208.0,959.0
2026-04-16 23:35:00,1776353700,37208.0,37277.0,37203.0,37232.0,1913.0
2026-04-16 23:40:00,1776354000,37230.0,37245.0,37198.0,37234.0,847.0
2026-04-16 23:45:00,1776354300,37237.0,37243.0,37188.0,37203.0,752.0
2026-04-16 23:50:00,1776354600,37201.0,37220.0,37194.0,37207.0,573.0
2026-04-16 23:55:00,1776354900,37204.0,37253.0,37204.0,37240.0,740.0
2026-04-17 00:00:00,1776355200,37239.0,37251.0,37207.0,37221.0,709.0
2026-04-17 00:05:00,1776355500,37221.0,37233.0,37216.0,37233.0,306.0
2026-04-17 00:10:00,1776355800,37234.0,37257.0,37229.0,37255.0,666.0
2026-04-17 00:15:00,1776356100,37256.0,37259.0,37240.0,37244.0,467.0
2026-04-17 00:20:00,1776356400,37246.0,37248.0,37201.0,37207.0,610.0
2026-04-17 00:25:00,1776356700,37208.0,37219.0,37192.0,37196.0,430.0
2026-04-17 00:30:00,1776357000,37198.0,37199.0,37088.0,37135.0,2261.0
2026-04-17 00:35:00,1776357300,37137.0,37184.0,37130.0,37178.0,1021.0
2026-04-17 00:40:00,1776357600,37175.0,37180.0,37132.0,37149.0,588.0
2026-04-17 00:45:00,1776357900,37149.0,37168.0,37145.0,37155.0,346.0
2026-04-17 00:50:00,1776358200,37155.0,37180.0,37137.0,37143.0,460.0
2026-04-17 00:55:00,1776358500,37145.0,37155.0,37126.0,37126.0,329.0
2026-04-17 01:00:00,1776358800,37130.0,37140.0,37117.0,37129.0,513.0
2026-04-17 01:05:00,1776359100,37131.0,37146.0,37104.0,37140.0,588.0
2026-04-17 01:10:00,1776359400,37143.0,37162.0,37113.0,37115.0,375.0
2026-04-17 01:15:00,1776359700,37117.0,37133.0,37109.0,37124.0,269.0
2026-04-17 01:20:00,1776360000,37125.0,37174.0,37121.0,37169.0,404.0
2026-04-17 01:25:00,1776360300,37170.0,37175.0,37150.0,37155.0,236.0
2026-04-17 01:30:00,1776360600,37155.0,37172.0,37142.0,37142.0,314.0
2026-04-17 01:35:00,1776360900,37141.0,37144.0,37127.0,37140.0,165.0
2026-04-17 01:40:00,1776361200,37138.0,37157.0,37138.0,37147.0,141.0
2026-04-17 01:45:00,1776361500,37147.0,37150.0,37136.0,37144.0,119.0
2026-04-17 01:50:00,1776361800,37144.0,37144.0,37115.0,37128.0,274.0
2026-04-17 01:55:00,1776362100,37125.0,37130.0,37093.0,37122.0,609.0
2026-04-17 02:00:00,1776362400,37122.0,37159.0,37117.0,37127.0,471.0
2026-04-17 02:05:00,1776362700,37127.0,37131.0,37077.0,37089.0,580.0
2026-04-17 02:10:00,1776363000,37092.0,37107.0,37070.0,37093.0,503.0
2026-04-17 02:15:00,1776363300,37096.0,37113.0,37090.0,37101.0,211.0
2026-04-17 02:20:00,1776363600,37100.0,37110.0,37069.0,37078.0,281.0
2026-04-17 02:25:00,1776363900,37077.0,37084.0,37057.0,37070.0,330.0
2026-04-17 02:30:00,1776364200,37072.0,37097.0,37066.0,37097.0,250.0
2026-04-17 02:35:00,1776364500,37094.0,37137.0,37094.0,37123.0,292.0
2026-04-17 02:40:00,1776364800,37129.0,37138.0,37118.0,37126.0,149.0
2026-04-17 02:45:00,1776365100,37126.0,37155.0,37126.0,37140.0,280.0
2026-04-17 02:50:00,1776365400,37137.0,37146.0,37130.0,37135.0,148.0
2026-04-17 02:55:00,1776365700,37133.0,37133.0,37117.0,37130.0,136.0
2026-04-17 03:00:00,1776366000,37131.0,37149.0,37129.0,37140.0,172.0
2026-04-17 03:05:00,1776366300,37138.0,37139.0,37121.0,37128.0,100.0
2026-04-17 03:10:00,1776366600,37131.0,37133.0,37118.0,37127.0,75.0
2026-04-17 03:15:00,1776366900,37128.0,37138.0,37120.0,37133.0,84.0
2026-04-17 03:20:00,1776367200,37132.0,37144.0,37129.0,37140.0,62.0
2026-04-17 03:25:00,1776367500,37138.0,37140.0,37132.0,37132.0,43.0
2026-04-17 03:30:00,1776367800,37133.0,37153.0,37128.0,37148.0,149.0
2026-04-17 03:35:00,1776368100,37145.0,37166.0,37142.0,37146.0,187.0
2026-04-17 03:40:00,1776368400,37151.0,37152.0,37125.0,37125.0,109.0
2026-04-17 03:45:00,1776368700,37127.0,37148.0,37120.0,37147.0,131.0
2026-04-17 03:50:00,1776369000,37148.0,37170.0,37130.0,37169.0,202.0
2026-04-17 03:55:00,1776369300,37169.0,37210.0,37159.0,37181.0,611.0
2026-04-17 04:00:00,1776369600,37181.0,37190.0,37138.0,37148.0,327.0
2026-04-17 04:05:00,1776369900,37147.0,37152.0,37138.0,37152.0,75.0
2026-04-17 04:10:00,1776370200,37155.0,37177.0,37155.0,37161.0,95.0
2026-04-17 04:15:00,1776370500,37160.0,37163.0,37144.0,37148.0,60.0
2026-04-17 04:20:00,1776370800,37148.0,37151.0,37140.0,37140.0,93.0
2026-04-17 04:25:00,1776371100,37140.0,37148.0,37140.0,37145.0,24.0
2026-04-17 04:30:00,1776371400,37148.0,37149.0,37146.0,37148.0,28.0
2026-04-17 04:35:00,1776371700,37149.0,37168.0,37149.0,37164.0,86.0
2026-04-17 04:40:00,1776372000,37161.0,37170.0,37154.0,37168.0,95.0
2026-04-17 04:45:00,1776372300,37168.0,37173.0,37164.0,37168.0,90.0
2026-04-17 04:50:00,1776372600,37167.0,37169.0,37141.0,37148.0,131.0
2026-04-17 04:55:00,1776372900,37148.0,37150.0,37128.0,37141.0,247.0
2026-04-17 08:45:00,1776386700,37150.0,37265.0,37144.0,37250.0,5335.0
2026-04-17 08:50:00,1776387000,37248.0,37279.0,37234.0,37272.0,2120.0
2026-04-17 08:55:00,1776387300,37272.0,37308.0,37243.0,37262.0,2961.0
2026-04-17 09:00:00,1776387600,37263.0,37303.0,37236.0,37259.0,3620.0
2026-04-17 09:05:00,1776387900,37256.0,37344.0,37221.0,37287.0,5309.0
2026-04-17 09:10:00,1776388200,37285.0,37299.0,37207.0,37275.0,3676.0
2026-04-17 09:15:00,1776388500,37274.0,37333.0,37270.0,37325.0,3009.0
2026-04-17 09:20:00,1776388800,37323.0,37355.0,37250.0,37270.0,3938.0
2026-04-17 09:25:00,1776389100,37266.0,37270.0,37208.0,37247.0,2879.0
2026-04-17 09:30:00,1776389400,37243.0,37299.0,37219.0,37292.0,2318.0
2026-04-17 09:35:00,1776389700,37296.0,37316.0,37227.0,37238.0,2481.0
2026-04-17 09:40:00,1776390000,37240.0,37250.0,37188.0,37191.0,2522.0
2026-04-17 09:45:00,1776390300,37191.0,37278.0,37183.0,37277.0,2704.0
2026-04-17 09:50:00,1776390600,37276.0,37306.0,37255.0,37306.0,2125.0
2026-04-17 09:55:00,1776390900,37306.0,37313.0,37267.0,37287.0,1822.0
2026-04-17 10:00:00,1776391200,37287.0,37305.0,37268.0,37286.0,1075.0
2026-04-17 10:05:00,1776391500,37286.0,37296.0,37243.0,37251.0,1222.0
2026-04-17 10:10:00,1776391800,37252.0,37348.0,37250.0,37346.0,2515.0
2026-04-17 10:15:00,1776392100,37346.0,37380.0,37320.0,37365.0,3428.0
2026-04-17 10:20:00,1776392400,37365.0,37390.0,37290.0,37298.0,2867.0
2026-04-17 10:25:00,1776392700,37297.0,37325.0,37287.0,37287.0,1289.0
2026-04-17 10:30:00,1776393000,37290.0,37299.0,37229.0,37251.0,2300.0
2026-04-17 10:35:00,1776393300,37250.0,37272.0,37214.0,37267.0,1676.0
2026-04-17 10:40:00,1776393600,37268.0,37269.0,37223.0,37236.0,869.0
2026-04-17 10:45:00,1776393900,37234.0,37250.0,37228.0,37228.0,797.0
2026-04-17 10:50:00,1776394200,37231.0,37263.0,37218.0,37257.0,1084.0
2026-04-17 10:55:00,1776394500,37257.0,37260.0,37210.0,37223.0,1134.0
2026-04-17 11:00:00,1776394800,37227.0,37252.0,37203.0,37232.0,1261.0
2026-04-17 11:05:00,1776395100,37231.0,37233.0,37202.0,37215.0,705.0
2026-04-17 11:10:00,1776395400,37218.0,37238.0,37187.0,37200.0,1320.0
2026-04-17 11:15:00,1776395700,37198.0,37235.0,37174.0,37230.0,1604.0
2026-04-17 11:20:00,1776396000,37231.0,37233.0,37145.0,37172.0,2025.0
2026-04-17 11:25:00,1776396300,37175.0,37212.0,37155.0,37165.0,1431.0
2026-04-17 11:30:00,1776396600,37166.0,37188.0,37130.0,37157.0,2181.0
2026-04-17 11:35:00,1776396900,37158.0,37171.0,37112.0,37140.0,1737.0
2026-04-17 11:40:00,1776397200,37140.0,37183.0,37111.0,37160.0,1464.0
2026-04-17 11:45:00,1776397500,37162.0,37181.0,37137.0,37151.0,932.0
2026-04-17 11:50:00,1776397800,37151.0,37160.0,37136.0,37149.0,442.0
2026-04-17 11:55:00,1776398100,37149.0,37164.0,37113.0,37125.0,879.0
2026-04-17 12:00:00,1776398400,37126.0,37168.0,37121.0,37155.0,968.0
2026-04-17 12:05:00,1776398700,37157.0,37173.0,37145.0,37165.0,760.0
2026-04-17 12:10:00,1776399000,37163.0,37167.0,37141.0,37162.0,425.0
2026-04-17 12:15:00,1776399300,37165.0,37178.0,37150.0,37178.0,676.0
2026-04-17 12:20:00,1776399600,37177.0,37182.0,37151.0,37156.0,525.0
2026-04-17 12:25:00,1776399900,37158.0,37184.0,37157.0,37179.0,531.0
2026-04-17 12:30:00,1776400200,37181.0,37181.0,37142.0,37173.0,890.0
2026-04-17 12:35:00,1776400500,37172.0,37172.0,37134.0,37138.0,579.0
2026-04-17 12:40:00,1776400800,37138.0,37148.0,37127.0,37142.0,480.0
2026-04-17 12:45:00,1776401100,37141.0,37225.0,37138.0,37210.0,1712.0
2026-04-17 12:50:00,1776401400,37210.0,37232.0,37158.0,37172.0,1590.0
2026-04-17 12:55:00,1776401700,37170.0,37174.0,37130.0,37141.0,852.0
2026-04-17 13:00:00,1776402000,37139.0,37145.0,37085.0,37129.0,2104.0
2026-04-17 13:05:00,1776402300,37130.0,37183.0,37116.0,37173.0,1502.0
2026-04-17 13:10:00,1776402600,37172.0,37198.0,37160.0,37184.0,1115.0
2026-04-17 13:15:00,1776402900,37185.0,37206.0,37166.0,37170.0,968.0
2026-04-17 13:20:00,1776403200,37170.0,37181.0,37158.0,37164.0,601.0
2026-04-17 13:25:00,1776403500,37165.0,37173.0,37126.0,37129.0,898.0
2026-04-17 13:30:00,1776403800,37125.0,37133.0,37033.0,37051.0,3369.0
2026-04-17 13:35:00,1776404100,37050.0,37098.0,37047.0,37067.0,1262.0
2026-04-17 13:40:00,1776404400,37069.0,37087.0,37056.0,37083.0,1401.0
2026-04-17 15:00:00,1776409200,37031.0,37130.0,37031.0,37127.0,2019.0
2026-04-17 15:05:00,1776409500,37125.0,37154.0,37114.0,37120.0,1130.0
2026-04-17 15:10:00,1776409800,37119.0,37143.0,37115.0,37130.0,431.0
2026-04-17 15:15:00,1776410100,37130.0,37157.0,37128.0,37152.0,700.0
2026-04-17 15:20:00,1776410400,37154.0,37155.0,37120.0,37148.0,465.0
2026-04-17 15:25:00,1776410700,37147.0,37173.0,37141.0,37162.0,570.0
2026-04-17 15:30:00,1776411000,37160.0,37184.0,37155.0,37181.0,629.0
2026-04-17 15:35:00,1776411300,37180.0,37183.0,37153.0,37161.0,423.0
2026-04-17 15:40:00,1776411600,37159.0,37194.0,37156.0,37190.0,608.0
2026-04-17 15:45:00,1776411900,37188.0,37193.0,37176.0,37180.0,382.0
2026-04-17 15:50:00,1776412200,37180.0,37197.0,37175.0,37192.0,383.0
2026-04-17 15:55:00,1776412500,37190.0,37219.0,37189.0,37218.0,899.0
2026-04-17 16:00:00,1776412800,37218.0,37226.0,37206.0,37219.0,756.0
2026-04-17 16:05:00,1776413100,37216.0,37218.0,37187.0,37191.0,554.0
2026-04-17 16:10:00,1776413400,37193.0,37195.0,37167.0,37185.0,680.0
2026-04-17 16:15:00,1776413700,37187.0,37200.0,37181.0,37189.0,261.0
2026-04-17 16:20:00,1776414000,37188.0,37210.0,37182.0,37197.0,333.0
2026-04-17 16:25:00,1776414300,37197.0,37208.0,37194.0,37199.0,240.0
2026-04-17 16:30:00,1776414600,37199.0,37208.0,37197.0,37203.0,240.0
2026-04-17 16:35:00,1776414900,37203.0,37205.0,37181.0,37193.0,300.0
2026-04-17 16:40:00,1776415200,37194.0,37256.0,37194.0,37253.0,1485.0
2026-04-17 16:45:00,1776415500,37251.0,37260.0,37242.0,37252.0,585.0
2026-04-17 16:50:00,1776415800,37254.0,37287.0,37253.0,37282.0,1218.0
2026-04-17 16:55:00,1776416100,37279.0,37280.0,37266.0,37271.0,386.0
2026-04-17 17:00:00,1776416400,37271.0,37281.0,37266.0,37277.0,437.0
2026-04-17 17:05:00,1776416700,37276.0,37289.0,37260.0,37260.0,492.0
2026-04-17 17:10:00,1776417000,37260.0,37266.0,37254.0,37258.0,302.0
2026-04-17 17:15:00,1776417300,37258.0,37259.0,37238.0,37245.0,441.0
2026-04-17 17:20:00,1776417600,37245.0,37259.0,37244.0,37255.0,215.0
2026-04-17 17:25:00,1776417900,37257.0,37293.0,37257.0,37281.0,541.0
2026-04-17 17:30:00,1776418200,37280.0,37284.0,37260.0,37280.0,309.0
2026-04-17 17:35:00,1776418500,37281.0,37282.0,37269.0,37271.0,131.0
2026-04-17 17:40:00,1776418800,37271.0,37276.0,37263.0,37270.0,145.0
2026-04-17 17:45:00,1776419100,37270.0,37277.0,37264.0,37271.0,170.0
2026-04-17 17:50:00,1776419400,37268.0,37283.0,37261.0,37280.0,242.0
2026-04-17 17:55:00,1776419700,37279.0,37283.0,37272.0,37275.0,159.0
2026-04-17 18:00:00,1776420000,37277.0,37283.0,37268.0,37274.0,231.0
2026-04-17 18:05:00,1776420300,37274.0,37282.0,37262.0,37275.0,162.0
2026-04-17 18:10:00,1776420600,37275.0,37276.0,37255.0,37262.0,279.0
2026-04-17 18:15:00,1776420900,37262.0,37263.0,37246.0,37248.0,231.0
2026-04-17 18:20:00,1776421200,37250.0,37267.0,37249.0,37262.0,201.0
2026-04-17 18:25:00,1776421500,37261.0,37263.0,37250.0,37258.0,99.0
2026-04-17 18:30:00,1776421800,37257.0,37262.0,37242.0,37248.0,277.0
2026-04-17 18:35:00,1776422100,37246.0,37256.0,37238.0,37240.0,198.0
2026-04-17 18:40:00,1776422400,37242.0,37244.0,37221.0,37223.0,485.0
2026-04-17 18:45:00,1776422700,37226.0,37243.0,37218.0,37243.0,299.0
2026-04-17 18:50:00,1776423000,37244.0,37253.0,37237.0,37248.0,194.0
2026-04-17 18:55:00,1776423300,37247.0,37260.0,37246.0,37254.0,183.0
2026-04-17 19:00:00,1776423600,37258.0,37273.0,37255.0,37257.0,290.0
2026-04-17 19:05:00,1776423900,37258.0,37266.0,37247.0,37263.0,139.0
2026-04-17 19:10:00,1776424200,37263.0,37272.0,37259.0,37259.0,126.0
2026-04-17 19:15:00,1776424500,37258.0,37272.0,37256.0,37269.0,158.0
2026-04-17 19:20:00,1776424800,37269.0,37273.0,37262.0,37262.0,154.0
2026-04-17 19:25:00,1776425100,37263.0,37267.0,37257.0,37265.0,116.0
2026-04-17 19:30:00,1776425400,37266.0,37293.0,37266.0,37292.0,602.0
2026-04-17 19:35:00,1776425700,37293.0,37312.0,37283.0,37284.0,1067.0
2026-04-17 19:40:00,1776426000,37284.0,37299.0,37278.0,37290.0,312.0
2026-04-17 19:45:00,1776426300,37287.0,37293.0,37280.0,37281.0,200.0
2026-04-17 19:50:00,1776426600,37280.0,37289.0,37276.0,37288.0,171.0
2026-04-17 19:55:00,1776426900,37288.0,37294.0,37284.0,37291.0,160.0
2026-04-17 20:00:00,1776427200,37290.0,37328.0,37284.0,37323.0,912.0
2026-04-17 20:05:00,1776427500,37323.0,37335.0,37316.0,37323.0,668.0
2026-04-17 20:10:00,1776427800,37323.0,37342.0,37316.0,37330.0,451.0
2026-04-17 20:15:00,1776428100,37330.0,37350.0,37328.0,37340.0,570.0
2026-04-17 20:20:00,1776428400,37340.0,37358.0,37320.0,37354.0,780.0
2026-04-17 20:25:00,1776428700,37355.0,37450.0,37348.0,37422.0,3430.0
2026-04-17 20:30:00,1776429000,37421.0,37480.0,37418.0,37460.0,2299.0
2026-04-17 20:35:00,1776429300,37463.0,37484.0,37443.0,37450.0,1129.0
2026-04-17 20:40:00,1776429600,37451.0,37464.0,37442.0,37463.0,650.0
2026-04-17 20:45:00,1776429900,37459.0,37654.0,37452.0,37648.0,5106.0
2026-04-17 20:50:00,1776430200,37647.0,37743.0,37647.0,37725.0,4972.0
2026-04-17 20:55:00,1776430500,37724.0,37762.0,37691.0,37761.0,2532.0
2026-04-17 21:00:00,1776430800,37761.0,37789.0,37697.0,37742.0,3095.0
2026-04-17 21:05:00,1776431100,37743.0,37838.0,37727.0,37821.0,3233.0
2026-04-17 21:10:00,1776431400,37819.0,37849.0,37805.0,37826.0,1855.0
2026-04-17 21:15:00,1776431700,37829.0,37832.0,37789.0,37815.0,1674.0
2026-04-17 21:20:00,1776432000,37812.0,37812.0,37722.0,37768.0,2388.0
2026-04-17 21:25:00,1776432300,37766.0,37766.0,37704.0,37728.0,2233.0
2026-04-17 21:30:00,1776432600,37730.0,37735.0,37668.0,37708.0,3804.0
2026-04-17 21:35:00,1776432900,37707.0,37783.0,37702.0,37750.0,2477.0
2026-04-17 21:40:00,1776433200,37750.0,37758.0,37693.0,37740.0,1939.0
2026-04-17 21:45:00,1776433500,37740.0,37771.0,37635.0,37704.0,3696.0
2026-04-17 21:50:00,1776433800,37706.0,37758.0,37678.0,37745.0,1786.0
2026-04-17 21:55:00,1776434100,37743.0,37776.0,37718.0,37766.0,1534.0
2026-04-17 22:00:00,1776434400,37770.0,37805.0,37766.0,37795.0,2059.0
2026-04-17 22:05:00,1776434700,37797.0,37845.0,37788.0,37840.0,1810.0
2026-04-17 22:10:00,1776435000,37841.0,37874.0,37834.0,37857.0,2833.0
2026-04-17 22:15:00,1776435300,37858.0,37883.0,37839.0,37850.0,1372.0
2026-04-17 22:20:00,1776435600,37847.0,37893.0,37823.0,37886.0,1887.0
2026-04-17 22:25:00,1776435900,37887.0,37904.0,37856.0,37861.0,1464.0
2026-04-17 22:30:00,1776436200,37859.0,37950.0,37856.0,37948.0,2421.0
2026-04-17 22:35:00,1776436500,37947.0,37947.0,37903.0,37935.0,1476.0
2026-04-17 22:40:00,1776436800,37933.0,37992.0,37930.0,37974.0,2308.0
2026-04-17 22:45:00,1776437100,37973.0,37977.0,37945.0,37975.0,1182.0
2026-04-17 22:50:00,1776437400,37972.0,37975.0,37907.0,37915.0,1423.0
2026-04-17 22:55:00,1776437700,37916.0,37918.0,37877.0,37895.0,1645.0
2026-04-17 23:00:00,1776438000,37891.0,37895.0,37781.0,37828.0,3586.0
2026-04-17 23:05:00,1776438300,37830.0,37859.0,37807.0,37858.0,1615.0
2026-04-17 23:10:00,1776438600,37856.0,37860.0,37814.0,37821.0,1098.0
2026-04-17 23:15:00,1776438900,37820.0,37856.0,37772.0,37806.0,1651.0
2026-04-17 23:20:00,1776439200,37804.0,37807.0,37757.0,37763.0,1516.0
2026-04-17 23:25:00,1776439500,37766.0,37777.0,37735.0,37758.0,1668.0
2026-04-17 23:30:00,1776439800,37758.0,37833.0,37755.0,37830.0,1889.0
2026-04-17 23:35:00,1776440100,37827.0,37840.0,37805.0,37834.0,988.0
2026-04-17 23:40:00,1776440400,37832.0,37835.0,37768.0,37774.0,1089.0
2026-04-17 23:45:00,1776440700,37776.0,37827.0,37775.0,37809.0,880.0
2026-04-17 23:50:00,1776441000,37808.0,37835.0,37802.0,37817.0,824.0
2026-04-17 23:55:00,1776441300,37816.0,37823.0,37751.0,37758.0,940.0
2026-04-18 00:00:00,1776441600,37758.0,37804.0,37716.0,37776.0,1974.0
2026-04-18 00:05:00,1776441900,37775.0,37824.0,37774.0,37796.0,756.0
2026-04-18 00:10:00,1776442200,37795.0,37821.0,37787.0,37813.0,464.0
2026-04-18 00:15:00,1776442500,37812.0,37823.0,37793.0,37810.0,532.0
2026-04-18 00:20:00,1776442800,37809.0,37828.0,37803.0,37809.0,382.0
2026-04-18 00:25:00,1776443100,37809.0,37822.0,37798.0,37804.0,312.0
2026-04-18 00:30:00,1776443400,37805.0,37864.0,37805.0,37836.0,1317.0
2026-04-18 00:35:00,1776443700,37837.0,37844.0,37816.0,37818.0,465.0
2026-04-18 00:40:00,1776444000,37816.0,37820.0,37789.0,37805.0,587.0
2026-04-18 00:45:00,1776444300,37804.0,37815.0,37790.0,37805.0,359.0
2026-04-18 00:50:00,1776444600,37802.0,37814.0,37777.0,37782.0,388.0
2026-04-18 00:55:00,1776444900,37782.0,37789.0,37772.0,37778.0,391.0
2026-04-18 01:00:00,1776445200,37779.0,37793.0,37766.0,37788.0,434.0
2026-04-18 01:05:00,1776445500,37788.0,37796.0,37704.0,37751.0,1156.0
2026-04-18 01:10:00,1776445800,37753.0,37759.0,37722.0,37743.0,560.0
2026-04-18 01:15:00,1776446100,37749.0,37769.0,37735.0,37739.0,414.0
2026-04-18 01:20:00,1776446400,37738.0,37740.0,37601.0,37616.0,2542.0
2026-04-18 01:25:00,1776446700,37617.0,37652.0,37600.0,37625.0,1511.0
2026-04-18 01:30:00,1776447000,37627.0,37660.0,37616.0,37621.0,921.0
2026-04-18 01:35:00,1776447300,37619.0,37621.0,37560.0,37583.0,1692.0
2026-04-18 01:40:00,1776447600,37585.0,37624.0,37571.0,37619.0,849.0
2026-04-18 01:45:00,1776447900,37617.0,37670.0,37614.0,37663.0,785.0
2026-04-18 01:50:00,1776448200,37660.0,37673.0,37645.0,37653.0,482.0
2026-04-18 01:55:00,1776448500,37657.0,37673.0,37637.0,37648.0,309.0
2026-04-18 02:00:00,1776448800,37648.0,37662.0,37617.0,37620.0,546.0
2026-04-18 02:05:00,1776449100,37618.0,37622.0,37597.0,37602.0,490.0
2026-04-18 02:10:00,1776449400,37603.0,37616.0,37566.0,37578.0,685.0
2026-04-18 02:15:00,1776449700,37580.0,37608.0,37566.0,37594.0,462.0
2026-04-18 02:20:00,1776450000,37594.0,37633.0,37562.0,37627.0,618.0
2026-04-18 02:25:00,1776450300,37626.0,37672.0,37623.0,37648.0,696.0
2026-04-18 02:30:00,1776450600,37650.0,37698.0,37649.0,37685.0,591.0
2026-04-18 02:35:00,1776450900,37685.0,37686.0,37664.0,37674.0,211.0
2026-04-18 02:40:00,1776451200,37672.0,37692.0,37661.0,37692.0,273.0
2026-04-18 02:45:00,1776451500,37694.0,37718.0,37687.0,37694.0,571.0
2026-04-18 02:50:00,1776451800,37694.0,37696.0,37641.0,37662.0,417.0
2026-04-18 02:55:00,1776452100,37662.0,37692.0,37658.0,37673.0,273.0
2026-04-18 03:00:00,1776452400,37675.0,37699.0,37674.0,37696.0,207.0
2026-04-18 03:05:00,1776452700,37696.0,37700.0,37675.0,37687.0,201.0
2026-04-18 03:10:00,1776453000,37691.0,37692.0,37661.0,37669.0,258.0
2026-04-18 03:15:00,1776453300,37675.0,37695.0,37669.0,37686.0,236.0
2026-04-18 03:20:00,1776453600,37689.0,37693.0,37666.0,37671.0,137.0
2026-04-18 03:25:00,1776453900,37673.0,37677.0,37662.0,37666.0,125.0
2026-04-18 03:30:00,1776454200,37668.0,37705.0,37668.0,37691.0,205.0
2026-04-18 03:35:00,1776454500,37690.0,37710.0,37679.0,37703.0,179.0
2026-04-18 03:40:00,1776454800,37702.0,37728.0,37689.0,37725.0,284.0
2026-04-18 03:45:00,1776455100,37723.0,37727.0,37711.0,37722.0,113.0
2026-04-18 03:50:00,1776455400,37724.0,37748.0,37714.0,37744.0,361.0
2026-04-18 03:55:00,1776455700,37745.0,37785.0,37743.0,37768.0,546.0
2026-04-18 04:00:00,1776456000,37768.0,37768.0,37740.0,37752.0,414.0
2026-04-18 04:05:00,1776456300,37751.0,37755.0,37740.0,37748.0,116.0
2026-04-18 04:10:00,1776456600,37748.0,37755.0,37739.0,37755.0,98.0
2026-04-18 04:15:00,1776456900,37754.0,37755.0,37710.0,37718.0,199.0
2026-04-18 04:20:00,1776457200,37720.0,37735.0,37713.0,37735.0,137.0
2026-04-18 04:25:00,1776457500,37734.0,37737.0,37726.0,37727.0,98.0
2026-04-18 04:30:00,1776457800,37726.0,37731.0,37712.0,37724.0,172.0
2026-04-18 04:35:00,1776458100,37723.0,37730.0,37718.0,37727.0,73.0
2026-04-18 04:40:00,1776458400,37727.0,37730.0,37722.0,37727.0,65.0
2026-04-18 04:45:00,1776458700,37726.0,37732.0,37716.0,37731.0,157.0
2026-04-18 04:50:00,1776459000,37725.0,37728.0,37717.0,37725.0,183.0
2026-04-18 04:55:00,1776459300,37727.0,37761.0,37721.0,37755.0,306.0
2026-04-20 08:45:00,1776645900,37337.0,37462.0,37250.0,37436.0,8656.0
2026-04-20 08:50:00,1776646200,37437.0,37437.0,37375.0,37405.0,2626.0
2026-04-20 08:55:00,1776646500,37404.0,37406.0,37340.0,37345.0,2032.0
2026-04-20 09:00:00,1776646800,37344.0,37497.0,37313.0,37479.0,6257.0
2026-04-20 09:05:00,1776647100,37481.0,37557.0,37442.0,37554.0,4460.0
2026-04-20 09:10:00,1776647400,37551.0,37617.0,37492.0,37519.0,4387.0
2026-04-20 09:15:00,1776647700,37520.0,37538.0,37461.0,37475.0,3021.0
2026-04-20 09:20:00,1776648000,37472.0,37545.0,37444.0,37535.0,2832.0
2026-04-20 09:25:00,1776648300,37535.0,37560.0,37459.0,37466.0,2162.0
2026-04-20 09:30:00,1776648600,37466.0,37575.0,37460.0,37567.0,2336.0
2026-04-20 09:35:00,1776648900,37565.0,37609.0,37536.0,37588.0,2460.0
2026-04-20 09:40:00,1776649200,37585.0,37646.0,37542.0,37620.0,2999.0
2026-04-20 09:45:00,1776649500,37620.0,37632.0,37560.0,37575.0,2233.0
2026-04-20 09:50:00,1776649800,37574.0,37681.0,37559.0,37679.0,2052.0
2026-04-20 09:55:00,1776650100,37680.0,37689.0,37607.0,37634.0,2560.0
2026-04-20 10:00:00,1776650400,37630.0,37646.0,37576.0,37589.0,1601.0
2026-04-20 10:05:00,1776650700,37590.0,37604.0,37523.0,37545.0,2340.0
2026-04-20 10:10:00,1776651000,37553.0,37568.0,37477.0,37502.0,2238.0
2026-04-20 10:15:00,1776651300,37505.0,37560.0,37500.0,37528.0,1293.0
2026-04-20 10:20:00,1776651600,37529.0,37582.0,37498.0,37577.0,1589.0
2026-04-20 10:25:00,1776651900,37576.0,37592.0,37546.0,37552.0,925.0
2026-04-20 10:30:00,1776652200,37554.0,37641.0,37553.0,37615.0,1694.0
2026-04-20 10:35:00,1776652500,37613.0,37618.0,37560.0,37571.0,985.0
2026-04-20 10:40:00,1776652800,37569.0,37598.0,37556.0,37597.0,588.0
2026-04-20 10:45:00,1776653100,37595.0,37610.0,37576.0,37588.0,745.0
2026-04-20 10:50:00,1776653400,37591.0,37603.0,37582.0,37593.0,357.0
2026-04-20 10:55:00,1776653700,37594.0,37660.0,37593.0,37653.0,1659.0
2026-04-20 11:00:00,1776654000,37650.0,37700.0,37630.0,37636.0,2558.0
2026-04-20 11:05:00,1776654300,37636.0,37664.0,37631.0,37657.0,876.0
2026-04-20 11:10:00,1776654600,37659.0,37673.0,37638.0,37654.0,643.0
2026-04-20 11:15:00,1776654900,37653.0,37661.0,37611.0,37636.0,1024.0
2026-04-20 11:20:00,1776655200,37638.0,37684.0,37638.0,37672.0,980.0
2026-04-20 11:25:00,1776655500,37670.0,37691.0,37661.0,37661.0,556.0
2026-04-20 11:30:00,1776655800,37664.0,37706.0,37652.0,37657.0,1332.0
2026-04-20 11:35:00,1776656100,37654.0,37661.0,37636.0,37654.0,598.0
2026-04-20 11:40:00,1776656400,37653.0,37660.0,37637.0,37653.0,425.0
2026-04-20 11:45:00,1776656700,37652.0,37659.0,37618.0,37632.0,782.0
2026-04-20 11:50:00,1776657000,37633.0,37657.0,37630.0,37649.0,457.0
2026-04-20 11:55:00,1776657300,37646.0,37654.0,37592.0,37613.0,1047.0
2026-04-20 12:00:00,1776657600,37612.0,37615.0,37546.0,37565.0,1743.0
2026-04-20 12:05:00,1776657900,37565.0,37591.0,37533.0,37590.0,1373.0
2026-04-20 12:10:00,1776658200,37590.0,37591.0,37526.0,37529.0,905.0
2026-04-20 12:15:00,1776658500,37532.0,37553.0,37511.0,37531.0,1043.0
2026-04-20 12:20:00,1776658800,37532.0,37544.0,37480.0,37544.0,1680.0
2026-04-20 12:25:00,1776659100,37544.0,37545.0,37502.0,37532.0,834.0
2026-04-20 12:30:00,1776659400,37530.0,37536.0,37488.0,37498.0,663.0
2026-04-20 12:35:00,1776659700,37500.0,37530.0,37484.0,37522.0,745.0
2026-04-20 12:40:00,1776660000,37524.0,37545.0,37497.0,37543.0,713.0
2026-04-20 12:45:00,1776660300,37544.0,37557.0,37538.0,37554.0,798.0
2026-04-20 12:50:00,1776660600,37552.0,37556.0,37507.0,37522.0,598.0
2026-04-20 12:55:00,1776660900,37522.0,37529.0,37508.0,37513.0,352.0
2026-04-20 13:00:00,1776661200,37511.0,37521.0,37485.0,37521.0,978.0
2026-04-20 13:05:00,1776661500,37519.0,37532.0,37505.0,37513.0,455.0
2026-04-20 13:10:00,1776661800,37512.0,37532.0,37496.0,37531.0,593.0
2026-04-20 13:15:00,1776662100,37532.0,37538.0,37496.0,37499.0,610.0
2026-04-20 13:20:00,1776662400,37500.0,37501.0,37461.0,37467.0,1789.0
2026-04-20 13:25:00,1776662700,37465.0,37472.0,37370.0,37373.0,3165.0
2026-04-20 13:30:00,1776663000,37375.0,37398.0,37296.0,37320.0,3812.0
2026-04-20 13:35:00,1776663300,37321.0,37335.0,37300.0,37316.0,1223.0
2026-04-20 13:40:00,1776663600,37318.0,37320.0,37210.0,37251.0,3908.0
2026-04-20 15:00:00,1776668400,37306.0,37422.0,37300.0,37364.0,3645.0
2026-04-20 15:05:00,1776668700,37365.0,37382.0,37332.0,37371.0,913.0
2026-04-20 15:10:00,1776669000,37374.0,37400.0,37358.0,37372.0,634.0
2026-04-20 15:15:00,1776669300,37370.0,37392.0,37355.0,37366.0,445.0
2026-04-20 15:20:00,1776669600,37367.0,37438.0,37357.0,37417.0,1565.0
2026-04-20 15:25:00,1776669900,37416.0,37428.0,37382.0,37392.0,550.0
2026-04-20 15:30:00,1776670200,37392.0,37401.0,37293.0,37333.0,2079.0
2026-04-20 15:35:00,1776670500,37334.0,37346.0,37287.0,37310.0,990.0
2026-04-20 15:40:00,1776670800,37312.0,37324.0,37301.0,37310.0,490.0
2026-04-20 15:45:00,1776671100,37312.0,37312.0,37268.0,37289.0,984.0
2026-04-20 15:50:00,1776671400,37287.0,37294.0,37263.0,37284.0,542.0
2026-04-20 15:55:00,1776671700,37282.0,37327.0,37267.0,37319.0,661.0
2026-04-20 16:00:00,1776672000,37318.0,37332.0,37258.0,37265.0,816.0
2026-04-20 16:05:00,1776672300,37268.0,37277.0,37217.0,37227.0,1286.0
2026-04-20 16:10:00,1776672600,37228.0,37284.0,37216.0,37274.0,910.0
2026-04-20 16:15:00,1776672900,37273.0,37287.0,37263.0,37282.0,500.0
2026-04-20 16:20:00,1776673200,37280.0,37326.0,37273.0,37320.0,934.0
2026-04-20 16:25:00,1776673500,37322.0,37355.0,37311.0,37347.0,1056.0
2026-04-20 16:30:00,1776673800,37346.0,37367.0,37331.0,37352.0,688.0
2026-04-20 16:35:00,1776674100,37349.0,37355.0,37328.0,37335.0,269.0
2026-04-20 16:40:00,1776674400,37338.0,37365.0,37338.0,37359.0,377.0
2026-04-20 16:45:00,1776674700,37359.0,37385.0,37354.0,37365.0,615.0
2026-04-20 16:50:00,1776675000,37366.0,37372.0,37347.0,37368.0,282.0
2026-04-20 16:55:00,1776675300,37367.0,37425.0,37362.0,37393.0,1335.0
2026-04-20 17:00:00,1776675600,37389.0,37415.0,37378.0,37402.0,544.0
2026-04-20 17:05:00,1776675900,37400.0,37425.0,37362.0,37379.0,721.0
2026-04-20 17:10:00,1776676200,37380.0,37384.0,37358.0,37365.0,357.0
2026-04-20 17:15:00,1776676500,37368.0,37383.0,37353.0,37372.0,340.0
2026-04-20 17:20:00,1776676800,37367.0,37383.0,37363.0,37363.0,315.0
2026-04-20 17:25:00,1776677100,37363.0,37374.0,37362.0,37368.0,152.0
2026-04-20 17:30:00,1776677400,37372.0,37404.0,37372.0,37402.0,482.0
2026-04-20 17:35:00,1776677700,37403.0,37416.0,37384.0,37402.0,399.0
2026-04-20 17:40:00,1776678000,37405.0,37423.0,37401.0,37423.0,336.0
2026-04-20 17:45:00,1776678300,37420.0,37422.0,37396.0,37403.0,281.0
2026-04-20 17:50:00,1776678600,37403.0,37403.0,37378.0,37386.0,304.0
2026-04-20 17:55:00,1776678900,37387.0,37394.0,37381.0,37387.0,129.0
2026-04-20 18:00:00,1776679200,37388.0,37433.0,37385.0,37415.0,603.0
2026-04-20 18:05:00,1776679500,37416.0,37456.0,37416.0,37452.0,1086.0
2026-04-20 18:10:00,1776679800,37450.0,37466.0,37440.0,37451.0,706.0
2026-04-20 18:15:00,1776680100,37450.0,37470.0,37441.0,37450.0,653.0
2026-04-20 18:20:00,1776680400,37450.0,37461.0,37433.0,37433.0,329.0
2026-04-20 18:25:00,1776680700,37433.0,37449.0,37428.0,37445.0,253.0
2026-04-20 18:30:00,1776681000,37448.0,37450.0,37416.0,37425.0,342.0
2026-04-20 18:35:00,1776681300,37423.0,37437.0,37422.0,37424.0,161.0
2026-04-20 18:40:00,1776681600,37428.0,37429.0,37407.0,37415.0,229.0
2026-04-20 18:45:00,1776681900,37417.0,37427.0,37415.0,37418.0,177.0
2026-04-20 18:50:00,1776682200,37416.0,37430.0,37412.0,37426.0,169.0
2026-04-20 18:55:00,1776682500,37426.0,37434.0,37408.0,37415.0,240.0
2026-04-20 19:00:00,1776682800,37416.0,37418.0,37358.0,37369.0,1147.0
2026-04-20 19:05:00,1776683100,37366.0,37406.0,37366.0,37398.0,387.0
2026-04-20 19:10:00,1776683400,37398.0,37405.0,37378.0,37400.0,236.0
2026-04-20 19:15:00,1776683700,37401.0,37420.0,37401.0,37408.0,265.0
2026-04-20 19:20:00,1776684000,37406.0,37407.0,37397.0,37403.0,125.0
2026-04-20 19:25:00,1776684300,37404.0,37415.0,37392.0,37392.0,176.0
2026-04-20 19:30:00,1776684600,37392.0,37445.0,37386.0,37429.0,813.0
2026-04-20 19:35:00,1776684900,37428.0,37443.0,37406.0,37433.0,394.0
2026-04-20 19:40:00,1776685200,37436.0,37448.0,37428.0,37440.0,246.0
2026-04-20 19:45:00,1776685500,37439.0,37488.0,37436.0,37470.0,1319.0
2026-04-20 19:50:00,1776685800,37469.0,37482.0,37464.0,37475.0,379.0
2026-04-20 19:55:00,1776686100,37471.0,37491.0,37470.0,37484.0,514.0
2026-04-20 20:00:00,1776686400,37482.0,37494.0,37440.0,37456.0,1148.0
2026-04-20 20:05:00,1776686700,37452.0,37465.0,37424.0,37442.0,784.0
2026-04-20 20:10:00,1776687000,37441.0,37450.0,37426.0,37443.0,385.0
2026-04-20 20:15:00,1776687300,37443.0,37460.0,37407.0,37455.0,619.0
2026-04-20 20:20:00,1776687600,37454.0,37469.0,37451.0,37468.0,335.0
2026-04-20 20:25:00,1776687900,37468.0,37468.0,37456.0,37460.0,119.0
2026-04-20 20:30:00,1776688200,37460.0,37475.0,37446.0,37461.0,437.0
2026-04-20 20:35:00,1776688500,37456.0,37461.0,37413.0,37432.0,369.0
2026-04-20 20:40:00,1776688800,37436.0,37461.0,37430.0,37452.0,249.0
2026-04-20 20:45:00,1776689100,37453.0,37479.0,37450.0,37470.0,415.0
2026-04-20 20:50:00,1776689400,37470.0,37496.0,37456.0,37471.0,724.0
2026-04-20 20:55:00,1776689700,37470.0,37470.0,37448.0,37457.0,259.0
2026-04-20 21:00:00,1776690000,37453.0,37456.0,37431.0,37447.0,366.0
2026-04-20 21:05:00,1776690300,37445.0,37520.0,37417.0,37479.0,1730.0
2026-04-20 21:10:00,1776690600,37477.0,37515.0,37474.0,37503.0,855.0
2026-04-20 21:15:00,1776690900,37503.0,37517.0,37492.0,37496.0,441.0
2026-04-20 21:20:00,1776691200,37495.0,37545.0,37494.0,37523.0,1443.0
2026-04-20 21:25:00,1776691500,37520.0,37570.0,37517.0,37565.0,1085.0
2026-04-20 21:30:00,1776691800,37566.0,37594.0,37491.0,37557.0,3531.0
2026-04-20 21:35:00,1776692100,37554.0,37563.0,37504.0,37520.0,1446.0
2026-04-20 21:40:00,1776692400,37520.0,37549.0,37490.0,37543.0,1341.0
2026-04-20 21:45:00,1776692700,37539.0,37575.0,37513.0,37527.0,1268.0
2026-04-20 21:50:00,1776693000,37525.0,37568.0,37516.0,37563.0,1033.0
2026-04-20 21:55:00,1776693300,37558.0,37625.0,37557.0,37617.0,2544.0
2026-04-20 22:00:00,1776693600,37616.0,37623.0,37536.0,37553.0,2092.0
2026-04-20 22:05:00,1776693900,37554.0,37594.0,37551.0,37589.0,1195.0
2026-04-20 22:10:00,1776694200,37590.0,37617.0,37553.0,37588.0,1527.0
2026-04-20 22:15:00,1776694500,37587.0,37587.0,37547.0,37564.0,1046.0
2026-04-20 22:20:00,1776694800,37560.0,37641.0,37560.0,37638.0,2231.0
2026-04-20 22:25:00,1776695100,37638.0,37662.0,37620.0,37638.0,1777.0
2026-04-20 22:30:00,1776695400,37637.0,37649.0,37595.0,37611.0,1300.0
2026-04-20 22:35:00,1776695700,37610.0,37625.0,37581.0,37610.0,939.0
2026-04-20 22:40:00,1776696000,37610.0,37613.0,37538.0,37572.0,1789.0
2026-04-20 22:45:00,1776696300,37574.0,37604.0,37563.0,37586.0,801.0
2026-04-20 22:50:00,1776696600,37588.0,37594.0,37433.0,37495.0,4149.0
2026-04-20 22:55:00,1776696900,37494.0,37497.0,37431.0,37447.0,1990.0
2026-04-20 23:00:00,1776697200,37448.0,37484.0,37396.0,37421.0,2760.0
2026-04-20 23:05:00,1776697500,37418.0,37446.0,37368.0,37419.0,2101.0
2026-04-20 23:10:00,1776697800,37418.0,37480.0,37411.0,37474.0,1701.0
2026-04-20 23:15:00,1776698100,37475.0,37528.0,37458.0,37497.0,1688.0
2026-04-20 23:20:00,1776698400,37499.0,37572.0,37488.0,37547.0,2540.0
2026-04-20 23:25:00,1776698700,37547.0,37578.0,37532.0,37571.0,1553.0
2026-04-20 23:30:00,1776699000,37572.0,37582.0,37535.0,37547.0,1279.0
2026-04-20 23:35:00,1776699300,37543.0,37555.0,37518.0,37540.0,725.0
2026-04-20 23:40:00,1776699600,37541.0,37566.0,37523.0,37534.0,606.0
2026-04-20 23:45:00,1776699900,37535.0,37553.0,37516.0,37528.0,498.0
2026-04-20 23:50:00,1776700200,37529.0,37539.0,37506.0,37532.0,662.0
2026-04-20 23:55:00,1776700500,37535.0,37549.0,37535.0,37543.0,290.0
2026-04-21 00:00:00,1776700800,37542.0,37564.0,37505.0,37511.0,828.0
2026-04-21 00:05:00,1776701100,37516.0,37562.0,37508.0,37551.0,591.0
2026-04-21 00:10:00,1776701400,37551.0,37563.0,37543.0,37546.0,338.0
2026-04-21 00:15:00,1776701700,37548.0,37571.0,37532.0,37569.0,468.0
2026-04-21 00:20:00,1776702000,37570.0,37594.0,37565.0,37572.0,707.0
2026-04-21 00:25:00,1776702300,37574.0,37578.0,37553.0,37569.0,208.0
2026-04-21 00:30:00,1776702600,37571.0,37586.0,37560.0,37572.0,282.0
2026-04-21 00:35:00,1776702900,37568.0,37571.0,37538.0,37554.0,380.0
2026-04-21 00:40:00,1776703200,37555.0,37594.0,37552.0,37574.0,407.0
2026-04-21 00:45:00,1776703500,37570.0,37603.0,37567.0,37589.0,586.0
2026-04-21 00:50:00,1776703800,37590.0,37602.0,37568.0,37598.0,337.0
2026-04-21 00:55:00,1776704100,37598.0,37598.0,37569.0,37590.0,264.0
2026-04-21 01:00:00,1776704400,37585.0,37610.0,37574.0,37590.0,623.0
2026-04-21 01:05:00,1776704700,37589.0,37606.0,37577.0,37592.0,237.0
2026-04-21 01:10:00,1776705000,37592.0,37596.0,37580.0,37591.0,141.0
2026-04-21 01:15:00,1776705300,37590.0,37622.0,37583.0,37610.0,413.0
2026-04-21 01:20:00,1776705600,37611.0,37619.0,37595.0,37609.0,320.0
2026-04-21 01:25:00,1776705900,37610.0,37616.0,37583.0,37585.0,210.0
2026-04-21 01:30:00,1776706200,37587.0,37606.0,37582.0,37598.0,227.0
2026-04-21 01:35:00,1776706500,37601.0,37642.0,37597.0,37635.0,631.0
2026-04-21 01:40:00,1776706800,37633.0,37656.0,37623.0,37637.0,451.0
2026-04-21 01:45:00,1776707100,37638.0,37693.0,37638.0,37685.0,1489.0
2026-04-21 01:50:00,1776707400,37686.0,37692.0,37675.0,37689.0,325.0
2026-04-21 01:55:00,1776707700,37688.0,37688.0,37642.0,37658.0,350.0
2026-04-21 02:00:00,1776708000,37658.0,37669.0,37646.0,37653.0,271.0
2026-04-21 02:05:00,1776708300,37653.0,37691.0,37652.0,37676.0,455.0
2026-04-21 02:10:00,1776708600,37674.0,37676.0,37608.0,37656.0,844.0
2026-04-21 02:15:00,1776708900,37659.0,37664.0,37640.0,37653.0,176.0
2026-04-21 02:20:00,1776709200,37655.0,37665.0,37643.0,37661.0,113.0
2026-04-21 02:25:00,1776709500,37655.0,37668.0,37640.0,37645.0,408.0
2026-04-21 02:30:00,1776709800,37649.0,37660.0,37623.0,37635.0,257.0
2026-04-21 02:35:00,1776710100,37636.0,37640.0,37603.0,37605.0,285.0
2026-04-21 02:40:00,1776710400,37609.0,37633.0,37593.0,37616.0,265.0
2026-04-21 02:45:00,1776710700,37617.0,37643.0,37616.0,37638.0,70.0
2026-04-21 02:50:00,1776711000,37644.0,37653.0,37641.0,37651.0,122.0
2026-04-21 02:55:00,1776711300,37653.0,37667.0,37642.0,37648.0,120.0
2026-04-21 03:00:00,1776711600,37649.0,37675.0,37649.0,37661.0,215.0
2026-04-21 03:05:00,1776711900,37663.0,37683.0,37663.0,37678.0,142.0
2026-04-21 03:10:00,1776712200,37674.0,37674.0,37658.0,37660.0,99.0
2026-04-21 03:15:00,1776712500,37661.0,37661.0,37633.0,37643.0,146.0
2026-04-21 03:20:00,1776712800,37644.0,37645.0,37635.0,37641.0,115.0
2026-04-21 03:25:00,1776713100,37645.0,37645.0,37623.0,37627.0,94.0
2026-04-21 03:30:00,1776713400,37630.0,37634.0,37615.0,37615.0,96.0
2026-04-21 03:35:00,1776713700,37610.0,37630.0,37606.0,37624.0,81.0
2026-04-21 03:40:00,1776714000,37628.0,37649.0,37623.0,37638.0,59.0
2026-04-21 03:45:00,1776714300,37638.0,37640.0,37625.0,37630.0,45.0
2026-04-21 03:50:00,1776714600,37633.0,37647.0,37615.0,37640.0,108.0
2026-04-21 03:55:00,1776714900,37639.0,37649.0,37630.0,37646.0,105.0
2026-04-21 04:00:00,1776715200,37643.0,37646.0,37602.0,37627.0,397.0
2026-04-21 04:05:00,1776715500,37628.0,37635.0,37627.0,37629.0,47.0
2026-04-21 04:10:00,1776715800,37628.0,37631.0,37615.0,37617.0,57.0
2026-04-21 04:15:00,1776716100,37618.0,37623.0,37616.0,37621.0,35.0
2026-04-21 04:20:00,1776716400,37623.0,37626.0,37616.0,37621.0,44.0
2026-04-21 04:25:00,1776716700,37622.0,37623.0,37615.0,37615.0,40.0
2026-04-21 04:30:00,1776717000,37616.0,37639.0,37610.0,37638.0,118.0
2026-04-21 04:35:00,1776717300,37640.0,37654.0,37636.0,37642.0,119.0
2026-04-21 04:40:00,1776717600,37642.0,37650.0,37640.0,37644.0,55.0
2026-04-21 04:45:00,1776717900,37644.0,37644.0,37621.0,37625.0,113.0
2026-04-21 04:50:00,1776718200,37626.0,37628.0,37619.0,37622.0,95.0
2026-04-21 04:55:00,1776718500,37623.0,37623.0,37598.0,37615.0,241.0
2026-04-21 08:45:00,1776732300,37710.0,37794.0,37703.0,37768.0,5312.0
2026-04-21 08:50:00,1776732600,37770.0,37781.0,37742.0,37757.0,1630.0
2026-04-21 08:55:00,1776732900,37756.0,37802.0,37750.0,37778.0,2227.0
2026-04-21 09:00:00,1776733200,37780.0,38008.0,37780.0,37991.0,8843.0
2026-04-21 09:05:00,1776733500,37992.0,38072.0,37987.0,38003.0,5165.0
2026-04-21 09:10:00,1776733800,38006.0,38027.0,37793.0,37838.0,8327.0
2026-04-21 09:15:00,1776734100,37840.0,37863.0,37723.0,37840.0,6738.0
2026-04-21 09:20:00,1776734400,37835.0,37835.0,37743.0,37762.0,3369.0
2026-04-21 09:25:00,1776734700,37759.0,37797.0,37728.0,37738.0,2907.0
2026-04-21 09:30:00,1776735000,37740.0,37833.0,37710.0,37800.0,4203.0
2026-04-21 09:35:00,1776735300,37798.0,37827.0,37755.0,37817.0,2013.0
2026-04-21 09:40:00,1776735600,37818.0,37863.0,37799.0,37836.0,3121.0
2026-04-21 09:45:00,1776735900,37834.0,37841.0,37730.0,37742.0,2850.0
2026-04-21 09:50:00,1776736200,37742.0,37783.0,37717.0,37718.0,2093.0
2026-04-21 09:55:00,1776736500,37721.0,37822.0,37649.0,37808.0,5755.0
2026-04-21 10:00:00,1776736800,37807.0,37927.0,37795.0,37885.0,4889.0
2026-04-21 10:05:00,1776737100,37886.0,37962.0,37881.0,37946.0,3402.0
2026-04-21 10:10:00,1776737400,37950.0,38017.0,37935.0,38004.0,2974.0
2026-04-21 10:15:00,1776737700,38004.0,38116.0,37971.0,38100.0,5353.0
2026-04-21 10:20:00,1776738000,38100.0,38109.0,37983.0,38036.0,4027.0
2026-04-21 10:25:00,1776738300,38035.0,38087.0,38028.0,38083.0,1392.0
2026-04-21 10:30:00,1776738600,38080.0,38093.0,37990.0,38039.0,2313.0
2026-04-21 10:35:00,1776738900,38039.0,38091.0,38015.0,38074.0,1390.0
2026-04-21 10:40:00,1776739200,38074.0,38100.0,38057.0,38069.0,1556.0
2026-04-21 10:45:00,1776739500,38071.0,38084.0,38041.0,38048.0,1121.0
2026-04-21 10:50:00,1776739800,38047.0,38084.0,38010.0,38056.0,1769.0
2026-04-21 10:55:00,1776740100,38055.0,38060.0,38035.0,38045.0,544.0
2026-04-21 11:00:00,1776740400,38046.0,38057.0,38022.0,38052.0,649.0
2026-04-21 11:05:00,1776740700,38052.0,38054.0,38003.0,38036.0,919.0
2026-04-21 11:10:00,1776741000,38036.0,38053.0,38024.0,38038.0,637.0
2026-04-21 11:15:00,1776741300,38039.0,38042.0,37977.0,37981.0,1346.0
2026-04-21 11:20:00,1776741600,37980.0,37993.0,37923.0,37987.0,2432.0
2026-04-21 11:25:00,1776741900,37990.0,38017.0,37947.0,38008.0,961.0
2026-04-21 11:30:00,1776742200,38003.0,38027.0,37986.0,37988.0,933.0
2026-04-21 11:35:00,1776742500,37989.0,37999.0,37955.0,37958.0,642.0
2026-04-21 11:40:00,1776742800,37962.0,37975.0,37948.0,37975.0,758.0
2026-04-21 11:45:00,1776743100,37973.0,38007.0,37970.0,38002.0,691.0
2026-04-21 11:50:00,1776743400,38002.0,38019.0,37990.0,37991.0,528.0
2026-04-21 11:55:00,1776743700,37990.0,38011.0,37981.0,38006.0,492.0
2026-04-21 12:00:00,1776744000,38007.0,38036.0,38002.0,38009.0,834.0
2026-04-21 12:05:00,1776744300,38010.0,38045.0,37993.0,38003.0,847.0
2026-04-21 12:10:00,1776744600,38005.0,38036.0,38001.0,38035.0,438.0
2026-04-21 12:15:00,1776744900,38033.0,38065.0,38031.0,38040.0,1214.0
2026-04-21 12:20:00,1776745200,38040.0,38068.0,38031.0,38058.0,648.0
2026-04-21 12:25:00,1776745500,38056.0,38077.0,38023.0,38030.0,920.0
2026-04-21 12:30:00,1776745800,38027.0,38030.0,38008.0,38016.0,673.0
2026-04-21 12:35:00,1776746100,38014.0,38020.0,37985.0,38005.0,826.0
2026-04-21 12:40:00,1776746400,38008.0,38024.0,37981.0,37983.0,515.0
2026-04-21 12:45:00,1776746700,37985.0,38030.0,37971.0,38030.0,1167.0
2026-04-21 12:50:00,1776747000,38030.0,38045.0,38022.0,38025.0,661.0
2026-04-21 12:55:00,1776747300,38025.0,38049.0,38018.0,38036.0,624.0
2026-04-21 13:00:00,1776747600,38035.0,38091.0,38025.0,38090.0,1408.0
2026-04-21 13:05:00,1776747900,38088.0,38146.0,38083.0,38116.0,3284.0
2026-04-21 13:10:00,1776748200,38118.0,38160.0,38113.0,38154.0,1316.0
2026-04-21 13:15:00,1776748500,38155.0,38158.0,38120.0,38124.0,1055.0
2026-04-21 13:20:00,1776748800,38125.0,38125.0,38082.0,38097.0,1339.0
2026-04-21 13:25:00,1776749100,38094.0,38105.0,38026.0,38026.0,2349.0
2026-04-21 13:30:00,1776749400,38026.0,38044.0,37992.0,38008.0,2610.0
2026-04-21 13:35:00,1776749700,38009.0,38034.0,37998.0,38023.0,973.0
2026-04-21 13:40:00,1776750000,38021.0,38055.0,38020.0,38047.0,1603.0
2026-04-21 15:00:00,1776754800,38131.0,38131.0,38047.0,38056.0,2248.0
2026-04-21 15:05:00,1776755100,38057.0,38068.0,38026.0,38059.0,970.0
2026-04-21 15:10:00,1776755400,38059.0,38094.0,38055.0,38071.0,772.0
2026-04-21 15:15:00,1776755700,38071.0,38092.0,38062.0,38091.0,535.0
2026-04-21 15:20:00,1776756000,38089.0,38104.0,38065.0,38066.0,540.0
2026-04-21 15:25:00,1776756300,38065.0,38085.0,38057.0,38065.0,402.0
2026-04-21 15:30:00,1776756600,38068.0,38084.0,38022.0,38025.0,652.0
2026-04-21 15:35:00,1776756900,38024.0,38053.0,38020.0,38052.0,471.0
2026-04-21 15:40:00,1776757200,38051.0,38070.0,38051.0,38060.0,302.0
2026-04-21 15:45:00,1776757500,38058.0,38075.0,38055.0,38073.0,216.0
2026-04-21 15:50:00,1776757800,38074.0,38102.0,38039.0,38046.0,840.0
2026-04-21 15:55:00,1776758100,38048.0,38054.0,38018.0,38018.0,599.0
2026-04-21 16:00:00,1776758400,38019.0,38051.0,38017.0,38040.0,442.0
2026-04-21 16:05:00,1776758700,38042.0,38043.0,38004.0,38031.0,720.0
2026-04-21 16:10:00,1776759000,38031.0,38033.0,38009.0,38010.0,365.0
2026-04-21 16:15:00,1776759300,38009.0,38042.0,38009.0,38034.0,313.0
2026-04-21 16:20:00,1776759600,38037.0,38065.0,38036.0,38060.0,508.0
2026-04-21 16:25:00,1776759900,38062.0,38085.0,38061.0,38080.0,525.0
2026-04-21 16:30:00,1776760200,38080.0,38081.0,38058.0,38060.0,294.0
2026-04-21 16:35:00,1776760500,38058.0,38067.0,38050.0,38065.0,227.0
2026-04-21 16:40:00,1776760800,38064.0,38110.0,38056.0,38101.0,786.0
2026-04-21 16:45:00,1776761100,38100.0,38109.0,38088.0,38098.0,541.0
2026-04-21 16:50:00,1776761400,38099.0,38100.0,38087.0,38091.0,275.0
2026-04-21 16:55:00,1776761700,38091.0,38091.0,38065.0,38069.0,317.0
2026-04-21 17:00:00,1776762000,38065.0,38073.0,38036.0,38047.0,608.0
2026-04-21 17:05:00,1776762300,38044.0,38056.0,38029.0,38043.0,440.0
2026-04-21 17:10:00,1776762600,38043.0,38061.0,38042.0,38048.0,279.0
2026-04-21 17:15:00,1776762900,38050.0,38070.0,38050.0,38068.0,177.0
2026-04-21 17:20:00,1776763200,38069.0,38072.0,38051.0,38056.0,206.0
2026-04-21 17:25:00,1776763500,38055.0,38063.0,38043.0,38049.0,176.0
2026-04-21 17:30:00,1776763800,38050.0,38060.0,38042.0,38042.0,221.0
2026-04-21 17:35:00,1776764100,38042.0,38052.0,38035.0,38050.0,207.0
2026-04-21 17:40:00,1776764400,38049.0,38057.0,38043.0,38044.0,194.0
2026-04-21 17:45:00,1776764700,38044.0,38049.0,38040.0,38046.0,122.0
2026-04-21 17:50:00,1776765000,38048.0,38060.0,38043.0,38047.0,163.0
2026-04-21 17:55:00,1776765300,38048.0,38074.0,38048.0,38066.0,404.0
2026-04-21 18:00:00,1776765600,38068.0,38084.0,38061.0,38069.0,353.0
2026-04-21 18:05:00,1776765900,38067.0,38091.0,38062.0,38085.0,274.0
2026-04-21 18:10:00,1776766200,38084.0,38086.0,38062.0,38065.0,220.0
2026-04-21 18:15:00,1776766500,38065.0,38073.0,38056.0,38061.0,220.0
2026-04-21 18:20:00,1776766800,38061.0,38066.0,38056.0,38060.0,127.0
2026-04-21 18:25:00,1776767100,38062.0,38065.0,38052.0,38054.0,173.0
2026-04-21 18:30:00,1776767400,38056.0,38073.0,38055.0,38065.0,167.0
2026-04-21 18:35:00,1776767700,38063.0,38076.0,38061.0,38071.0,114.0
2026-04-21 18:40:00,1776768000,38071.0,38071.0,38057.0,38065.0,116.0
2026-04-21 18:45:00,1776768300,38067.0,38074.0,38061.0,38065.0,118.0
2026-04-21 18:50:00,1776768600,38065.0,38092.0,38065.0,38087.0,319.0
2026-04-21 18:55:00,1776768900,38086.0,38097.0,38082.0,38086.0,368.0
2026-04-21 19:00:00,1776769200,38086.0,38093.0,38076.0,38087.0,395.0
2026-04-21 19:05:00,1776769500,38088.0,38102.0,37999.0,38030.0,1871.0
2026-04-21 19:10:00,1776769800,38034.0,38042.0,37925.0,37947.0,3206.0
2026-04-21 19:15:00,1776770100,37948.0,37960.0,37900.0,37948.0,2214.0
2026-04-21 19:20:00,1776770400,37949.0,37989.0,37946.0,37980.0,1061.0
2026-04-21 19:25:00,1776770700,37978.0,38015.0,37946.0,38011.0,1333.0
2026-04-21 19:30:00,1776771000,38010.0,38060.0,38007.0,38023.0,1339.0
2026-04-21 19:35:00,1776771300,38023.0,38043.0,38021.0,38039.0,412.0
2026-04-21 19:40:00,1776771600,38040.0,38055.0,38008.0,38016.0,671.0
2026-04-21 19:45:00,1776771900,38018.0,38022.0,38009.0,38013.0,329.0
2026-04-21 19:50:00,1776772200,38014.0,38022.0,37975.0,37978.0,655.0
2026-04-21 19:55:00,1776772500,37976.0,37984.0,37960.0,37964.0,545.0
2026-04-21 20:00:00,1776772800,37964.0,37971.0,37938.0,37941.0,868.0
2026-04-21 20:05:00,1776773100,37941.0,37992.0,37941.0,37988.0,826.0
2026-04-21 20:10:00,1776773400,37986.0,37991.0,37970.0,37980.0,506.0
2026-04-21 20:15:00,1776773700,37979.0,37983.0,37928.0,37937.0,940.0
2026-04-21 20:20:00,1776774000,37939.0,37974.0,37931.0,37967.0,564.0
2026-04-21 20:25:00,1776774300,37966.0,37977.0,37951.0,37968.0,305.0
2026-04-21 20:30:00,1776774600,37967.0,37991.0,37946.0,37980.0,731.0
2026-04-21 20:35:00,1776774900,37980.0,37983.0,37920.0,37922.0,883.0
2026-04-21 20:40:00,1776775200,37924.0,37926.0,37838.0,37865.0,3834.0
2026-04-21 20:45:00,1776775500,37868.0,37891.0,37847.0,37848.0,1182.0
2026-04-21 20:50:00,1776775800,37850.0,37867.0,37835.0,37867.0,1038.0
2026-04-21 20:55:00,1776776100,37865.0,37884.0,37842.0,37882.0,896.0
2026-04-21 21:00:00,1776776400,37882.0,37905.0,37878.0,37885.0,1001.0
2026-04-21 21:05:00,1776776700,37887.0,37913.0,37881.0,37887.0,620.0
2026-04-21 21:10:00,1776777000,37888.0,37912.0,37887.0,37889.0,433.0
2026-04-21 21:15:00,1776777300,37888.0,37915.0,37888.0,37906.0,406.0
2026-04-21 21:20:00,1776777600,37908.0,37911.0,37878.0,37889.0,599.0
2026-04-21 21:25:00,1776777900,37893.0,37897.0,37867.0,37883.0,699.0
2026-04-21 21:30:00,1776778200,37878.0,37933.0,37856.0,37931.0,3020.0
2026-04-21 21:35:00,1776778500,37933.0,37961.0,37888.0,37945.0,2383.0
2026-04-21 21:40:00,1776778800,37950.0,37955.0,37914.0,37946.0,1195.0
2026-04-21 21:45:00,1776779100,37948.0,37974.0,37927.0,37956.0,1517.0
2026-04-21 21:50:00,1776779400,37957.0,38013.0,37938.0,37988.0,2136.0
2026-04-21 21:55:00,1776779700,37988.0,37994.0,37960.0,37984.0,930.0
2026-04-21 22:00:00,1776780000,37985.0,37999.0,37950.0,37978.0,1133.0
2026-04-21 22:05:00,1776780300,37976.0,38058.0,37975.0,38045.0,2462.0
2026-04-21 22:10:00,1776780600,38045.0,38046.0,38007.0,38023.0,1154.0
2026-04-21 22:15:00,1776780900,38027.0,38054.0,38021.0,38036.0,971.0
2026-04-21 22:20:00,1776781200,38035.0,38036.0,37964.0,37983.0,1489.0
2026-04-21 22:25:00,1776781500,37983.0,37996.0,37952.0,37966.0,1026.0
2026-04-21 22:30:00,1776781800,37967.0,37999.0,37939.0,37966.0,1237.0
2026-04-21 22:35:00,1776782100,37966.0,37982.0,37960.0,37972.0,515.0
2026-04-21 22:40:00,1776782400,37973.0,38008.0,37923.0,37929.0,1626.0
2026-04-21 22:45:00,1776782700,37928.0,37938.0,37883.0,37910.0,2117.0
2026-04-21 22:50:00,1776783000,37907.0,37919.0,37878.0,37894.0,1038.0
2026-04-21 22:55:00,1776783300,37890.0,37890.0,37723.0,37737.0,5078.0
2026-04-21 23:00:00,1776783600,37740.0,37764.0,37675.0,37707.0,5082.0
2026-04-21 23:05:00,1776783900,37708.0,37819.0,37682.0,37805.0,3608.0
2026-04-21 23:10:00,1776784200,37806.0,37845.0,37801.0,37817.0,2157.0
2026-04-21 23:15:00,1776784500,37817.0,37858.0,37791.0,37848.0,1835.0
2026-04-21 23:20:00,1776784800,37847.0,37865.0,37822.0,37833.0,1433.0
2026-04-21 23:25:00,1776785100,37834.0,37836.0,37766.0,37789.0,1718.0
2026-04-21 23:30:00,1776785400,37792.0,37823.0,37789.0,37796.0,937.0
2026-04-21 23:35:00,1776785700,37795.0,37798.0,37725.0,37794.0,1588.0
2026-04-21 23:40:00,1776786000,37794.0,37826.0,37775.0,37818.0,1067.0
2026-04-21 23:45:00,1776786300,37819.0,37844.0,37790.0,37824.0,1031.0
2026-04-21 23:50:00,1776786600,37822.0,37824.0,37792.0,37797.0,507.0
2026-04-21 23:55:00,1776786900,37796.0,37822.0,37796.0,37806.0,384.0
2026-04-22 00:00:00,1776787200,37809.0,37875.0,37808.0,37836.0,1680.0
2026-04-22 00:05:00,1776787500,37835.0,37850.0,37819.0,37842.0,476.0
2026-04-22 00:10:00,1776787800,37841.0,37842.0,37800.0,37820.0,504.0
2026-04-22 00:15:00,1776788100,37820.0,37831.0,37800.0,37826.0,350.0
2026-04-22 00:20:00,1776788400,37823.0,37823.0,37776.0,37785.0,754.0
2026-04-22 00:25:00,1776788700,37788.0,37803.0,37772.0,37778.0,385.0
2026-04-22 00:30:00,1776789000,37777.0,37825.0,37777.0,37817.0,405.0
2026-04-22 00:35:00,1776789300,37817.0,37835.0,37788.0,37803.0,379.0
2026-04-22 00:40:00,1776789600,37803.0,37807.0,37747.0,37762.0,637.0
2026-04-22 00:45:00,1776789900,37763.0,37812.0,37763.0,37808.0,386.0
2026-04-22 00:50:00,1776790200,37808.0,37809.0,37776.0,37776.0,250.0
2026-04-22 00:55:00,1776790500,37783.0,37787.0,37765.0,37770.0,276.0
2026-04-22 01:00:00,1776790800,37772.0,37809.0,37771.0,37792.0,300.0
2026-04-22 01:05:00,1776791100,37792.0,37792.0,37714.0,37741.0,1726.0
2026-04-22 01:10:00,1776791400,37744.0,37750.0,37655.0,37675.0,2147.0
2026-04-22 01:15:00,1776791700,37679.0,37697.0,37621.0,37625.0,1683.0
2026-04-22 01:20:00,1776792000,37625.0,37667.0,37613.0,37656.0,1208.0
2026-04-22 01:25:00,1776792300,37655.0,37694.0,37652.0,37682.0,753.0
2026-04-22 01:30:00,1776792600,37683.0,37746.0,37675.0,37732.0,1075.0
2026-04-22 01:35:00,1776792900,37732.0,37837.0,37723.0,37804.0,1541.0
2026-04-22 01:40:00,1776793200,37805.0,37858.0,37791.0,37810.0,1555.0
2026-04-22 01:45:00,1776793500,37810.0,37815.0,37785.0,37810.0,565.0
2026-04-22 01:50:00,1776793800,37806.0,37840.0,37798.0,37826.0,431.0
2026-04-22 01:55:00,1776794100,37826.0,37826.0,37786.0,37819.0,289.0
2026-04-22 02:00:00,1776794400,37819.0,37856.0,37817.0,37844.0,531.0
2026-04-22 02:05:00,1776794700,37844.0,37862.0,37824.0,37833.0,439.0
2026-04-22 02:10:00,1776795000,37832.0,37843.0,37807.0,37839.0,256.0
2026-04-22 02:15:00,1776795300,37840.0,37857.0,37772.0,37796.0,1155.0
2026-04-22 02:20:00,1776795600,37796.0,37804.0,37760.0,37771.0,343.0
2026-04-22 02:25:00,1776795900,37767.0,37783.0,37756.0,37772.0,266.0
2026-04-22 02:30:00,1776796200,37772.0,37818.0,37772.0,37816.0,349.0
2026-04-22 02:35:00,1776796500,37816.0,37818.0,37786.0,37790.0,251.0
2026-04-22 02:40:00,1776796800,37791.0,37791.0,37776.0,37780.0,132.0
2026-04-22 02:45:00,1776797100,37778.0,37780.0,37760.0,37762.0,180.0
2026-04-22 02:50:00,1776797400,37759.0,37899.0,37744.0,37867.0,1204.0
2026-04-22 02:55:00,1776797700,37860.0,37890.0,37779.0,37814.0,1155.0
2026-04-22 03:00:00,1776798000,37817.0,37854.0,37813.0,37843.0,355.0
2026-04-22 03:05:00,1776798300,37840.0,37856.0,37837.0,37842.0,215.0
2026-04-22 03:10:00,1776798600,37842.0,37888.0,37800.0,37837.0,651.0
2026-04-22 03:15:00,1776798900,37843.0,37863.0,37819.0,37844.0,430.0
2026-04-22 03:20:00,1776799200,37844.0,37903.0,37842.0,37900.0,631.0
2026-04-22 03:25:00,1776799500,37898.0,37942.0,37898.0,37941.0,721.0
2026-04-22 03:30:00,1776799800,37942.0,37950.0,37905.0,37911.0,495.0
2026-04-22 03:35:00,1776800100,37910.0,37910.0,37784.0,37832.0,920.0
2026-04-22 03:40:00,1776800400,37832.0,37838.0,37572.0,37585.0,3377.0
2026-04-22 03:45:00,1776800700,37586.0,37691.0,37543.0,37646.0,2189.0
2026-04-22 03:50:00,1776801000,37647.0,37700.0,37617.0,37623.0,601.0
2026-04-22 03:55:00,1776801300,37623.0,37714.0,37601.0,37684.0,781.0
2026-04-22 04:00:00,1776801600,37695.0,37705.0,37626.0,37655.0,724.0
2026-04-22 04:05:00,1776801900,37659.0,37900.0,37648.0,37886.0,1387.0
2026-04-22 04:10:00,1776802200,37892.0,37999.0,37809.0,37888.0,1934.0
2026-04-22 04:15:00,1776802500,37902.0,37920.0,37865.0,37875.0,514.0
2026-04-22 04:20:00,1776802800,37879.0,37932.0,37878.0,37920.0,395.0
2026-04-22 04:25:00,1776803100,37924.0,37924.0,37889.0,37893.0,159.0
2026-04-22 04:30:00,1776803400,37895.0,37911.0,37881.0,37909.0,207.0
2026-04-22 04:35:00,1776803700,37908.0,37914.0,37888.0,37907.0,173.0
2026-04-22 04:40:00,1776804000,37904.0,37904.0,37875.0,37887.0,121.0
2026-04-22 04:45:00,1776804300,37886.0,37898.0,37875.0,37892.0,151.0
2026-04-22 04:50:00,1776804600,37896.0,37907.0,37891.0,37902.0,121.0
2026-04-22 04:55:00,1776804900,37900.0,37912.0,37888.0,37904.0,255.0
2026-04-22 08:45:00,1776818700,38130.0,38181.0,38008.0,38008.0,7254.0
2026-04-22 08:50:00,1776819000,38011.0,38020.0,37943.0,38018.0,3528.0
2026-04-22 08:55:00,1776819300,38018.0,38018.0,37945.0,37958.0,2046.0
2026-04-22 09:00:00,1776819600,37957.0,38092.0,37923.0,38087.0,6145.0
2026-04-22 09:05:00,1776819900,38087.0,38088.0,37993.0,38066.0,4046.0
2026-04-22 09:10:00,1776820200,38068.0,38099.0,38045.0,38062.0,2815.0
2026-04-22 09:15:00,1776820500,38065.0,38105.0,38055.0,38083.0,2233.0
2026-04-22 09:20:00,1776820800,38082.0,38166.0,38052.0,38112.0,4137.0
2026-04-22 09:25:00,1776821100,38114.0,38194.0,38112.0,38162.0,4179.0
2026-04-22 09:30:00,1776821400,38165.0,38209.0,38154.0,38191.0,3339.0
2026-04-22 09:35:00,1776821700,38193.0,38274.0,38167.0,38247.0,4449.0
2026-04-22 09:40:00,1776822000,38243.0,38260.0,38153.0,38183.0,3828.0
2026-04-22 09:45:00,1776822300,38183.0,38235.0,38128.0,38233.0,3457.0
2026-04-22 09:50:00,1776822600,38233.0,38253.0,38199.0,38216.0,1858.0
2026-04-22 09:55:00,1776822900,38218.0,38232.0,38172.0,38182.0,1456.0
2026-04-22 10:00:00,1776823200,38184.0,38216.0,38170.0,38191.0,1371.0
2026-04-22 10:05:00,1776823500,38192.0,38225.0,38173.0,38212.0,1188.0
2026-04-22 10:10:00,1776823800,38212.0,38270.0,38202.0,38269.0,2372.0
2026-04-22 10:15:00,1776824100,38270.0,38294.0,38233.0,38264.0,3153.0
2026-04-22 10:20:00,1776824400,38263.0,38327.0,38258.0,38297.0,3838.0
2026-04-22 10:25:00,1776824700,38298.0,38312.0,38227.0,38309.0,2335.0
2026-04-22 10:30:00,1776825000,38307.0,38322.0,38257.0,38279.0,1600.0
2026-04-22 10:35:00,1776825300,38278.0,38297.0,38251.0,38279.0,881.0
2026-04-22 10:40:00,1776825600,38280.0,38306.0,38276.0,38298.0,867.0
2026-04-22 10:45:00,1776825900,38300.0,38344.0,38300.0,38309.0,2476.0
2026-04-22 10:50:00,1776826200,38308.0,38340.0,38300.0,38330.0,849.0
2026-04-22 10:55:00,1776826500,38330.0,38344.0,38288.0,38293.0,1457.0
2026-04-22 11:00:00,1776826800,38295.0,38303.0,38260.0,38301.0,1323.0
2026-04-22 11:05:00,1776827100,38302.0,38331.0,38302.0,38329.0,997.0
2026-04-22 11:10:00,1776827400,38328.0,38337.0,38290.0,38292.0,806.0
2026-04-22 11:15:00,1776827700,38292.0,38317.0,38276.0,38298.0,923.0
2026-04-22 11:20:00,1776828000,38298.0,38298.0,38264.0,38265.0,840.0
2026-04-22 11:25:00,1776828300,38265.0,38285.0,38238.0,38284.0,1630.0
2026-04-22 11:30:00,1776828600,38285.0,38360.0,38281.0,38358.0,3105.0
2026-04-22 11:35:00,1776828900,38358.0,38369.0,38295.0,38303.0,2030.0
2026-04-22 11:40:00,1776829200,38301.0,38302.0,38262.0,38296.0,1392.0
2026-04-22 11:45:00,1776829500,38297.0,38321.0,38291.0,38293.0,839.0
2026-04-22 11:50:00,1776829800,38291.0,38310.0,38222.0,38237.0,2107.0
2026-04-22 11:55:00,1776830100,38235.0,38248.0,38201.0,38206.0,1948.0
2026-04-22 12:00:00,1776830400,38207.0,38266.0,38180.0,38258.0,2437.0
2026-04-22 12:05:00,1776830700,38260.0,38264.0,38226.0,38242.0,721.0
2026-04-22 12:10:00,1776831000,38241.0,38265.0,38227.0,38260.0,727.0
2026-04-22 12:15:00,1776831300,38261.0,38265.0,38192.0,38192.0,873.0
2026-04-22 12:20:00,1776831600,38194.0,38204.0,38168.0,38181.0,1574.0
2026-04-22 12:25:00,1776831900,38182.0,38205.0,38165.0,38165.0,863.0
2026-04-22 12:30:00,1776832200,38165.0,38192.0,38144.0,38178.0,1810.0
2026-04-22 12:35:00,1776832500,38178.0,38218.0,38172.0,38204.0,1215.0
2026-04-22 12:40:00,1776832800,38207.0,38216.0,38191.0,38208.0,522.0
2026-04-22 12:45:00,1776833100,38206.0,38235.0,38206.0,38228.0,896.0
2026-04-22 12:50:00,1776833400,38230.0,38233.0,38169.0,38172.0,1092.0
2026-04-22 12:55:00,1776833700,38174.0,38184.0,38153.0,38161.0,991.0
2026-04-22 13:00:00,1776834000,38166.0,38187.0,38151.0,38165.0,662.0
2026-04-22 13:05:00,1776834300,38165.0,38205.0,38165.0,38197.0,865.0
2026-04-22 13:10:00,1776834600,38196.0,38204.0,38177.0,38194.0,518.0
2026-04-22 13:15:00,1776834900,38197.0,38245.0,38173.0,38221.0,2211.0
2026-04-22 13:20:00,1776835200,38219.0,38258.0,38207.0,38249.0,1718.0
2026-04-22 13:25:00,1776835500,38247.0,38277.0,38191.0,38199.0,1946.0
2026-04-22 13:30:00,1776835800,38201.0,38223.0,38186.0,38196.0,1374.0
2026-04-22 13:35:00,1776836100,38194.0,38199.0,38168.0,38169.0,982.0
2026-04-22 13:40:00,1776836400,38168.0,38230.0,38161.0,38213.0,2169.0
2026-04-22 13:45:00,1776836700,38213.0,38216.0,38213.0,38216.0,4.0
2026-04-22 15:00:00,1776841200,38248.0,38262.0,38235.0,38243.0,1780.0
2026-04-22 15:05:00,1776841500,38243.0,38260.0,38236.0,38255.0,350.0
2026-04-22 15:10:00,1776841800,38254.0,38269.0,38223.0,38261.0,635.0
2026-04-22 15:15:00,1776842100,38257.0,38259.0,38218.0,38219.0,536.0
2026-04-22 15:20:00,1776842400,38217.0,38249.0,38205.0,38234.0,513.0
2026-04-22 15:25:00,1776842700,38233.0,38256.0,38231.0,38253.0,324.0
2026-04-22 15:30:00,1776843000,38253.0,38265.0,38244.0,38247.0,387.0
2026-04-22 15:35:00,1776843300,38249.0,38256.0,38239.0,38241.0,185.0
2026-04-22 15:40:00,1776843600,38239.0,38239.0,38206.0,38238.0,574.0
2026-04-22 15:45:00,1776843900,38234.0,38240.0,38191.0,38205.0,476.0
2026-04-22 15:50:00,1776844200,38203.0,38220.0,38203.0,38215.0,315.0
2026-04-22 15:55:00,1776844500,38218.0,38242.0,38213.0,38215.0,283.0
2026-04-22 16:00:00,1776844800,38213.0,38222.0,38186.0,38200.0,552.0
2026-04-22 16:05:00,1776845100,38200.0,38233.0,38200.0,38213.0,360.0
2026-04-22 16:10:00,1776845400,38213.0,38235.0,38211.0,38225.0,234.0
2026-04-22 16:15:00,1776845700,38221.0,38225.0,38207.0,38208.0,229.0
2026-04-22 16:20:00,1776846000,38210.0,38214.0,38076.0,38117.0,2560.0
2026-04-22 16:25:00,1776846300,38119.0,38141.0,38097.0,38101.0,1039.0
2026-04-22 16:30:00,1776846600,38104.0,38124.0,38056.0,38067.0,1699.0
2026-04-22 16:35:00,1776846900,38068.0,38081.0,38025.0,38069.0,1524.0
2026-04-22 16:40:00,1776847200,38068.0,38114.0,38055.0,38106.0,893.0
2026-04-22 16:45:00,1776847500,38105.0,38110.0,38088.0,38103.0,483.0
2026-04-22 16:50:00,1776847800,38102.0,38142.0,38089.0,38138.0,820.0
2026-04-22 16:55:00,1776848100,38137.0,38163.0,38125.0,38158.0,604.0
2026-04-22 17:00:00,1776848400,38157.0,38179.0,38144.0,38156.0,933.0
2026-04-22 17:05:00,1776848700,38157.0,38192.0,38156.0,38170.0,777.0
2026-04-22 17:10:00,1776849000,38170.0,38179.0,38163.0,38167.0,315.0
2026-04-22 17:15:00,1776849300,38168.0,38173.0,38147.0,38157.0,385.0
2026-04-22 17:20:00,1776849600,38156.0,38195.0,38150.0,38184.0,556.0
2026-04-22 17:25:00,1776849900,38183.0,38210.0,38182.0,38191.0,668.0
2026-04-22 17:30:00,1776850200,38191.0,38199.0,38175.0,38184.0,357.0
2026-04-22 17:35:00,1776850500,38184.0,38196.0,38179.0,38188.0,195.0
2026-04-22 17:40:00,1776850800,38187.0,38214.0,38187.0,38208.0,429.0
2026-04-22 17:45:00,1776851100,38208.0,38208.0,38185.0,38189.0,192.0
2026-04-22 17:50:00,1776851400,38187.0,38191.0,38123.0,38138.0,798.0
2026-04-22 17:55:00,1776851700,38137.0,38151.0,38095.0,38138.0,1013.0
2026-04-22 18:00:00,1776852000,38138.0,38159.0,38102.0,38120.0,637.0
2026-04-22 18:05:00,1776852300,38122.0,38136.0,38090.0,38100.0,535.0
2026-04-22 18:10:00,1776852600,38099.0,38124.0,38088.0,38107.0,537.0
2026-04-22 18:15:00,1776852900,38107.0,38135.0,38106.0,38130.0,404.0
2026-04-22 18:20:00,1776853200,38130.0,38160.0,38127.0,38139.0,416.0
2026-04-22 18:25:00,1776853500,38140.0,38163.0,38135.0,38160.0,306.0
2026-04-22 18:30:00,1776853800,38158.0,38166.0,38153.0,38164.0,200.0
2026-04-22 18:35:00,1776854100,38165.0,38176.0,38133.0,38140.0,412.0
2026-04-22 18:40:00,1776854400,38139.0,38145.0,38114.0,38130.0,298.0
2026-04-22 18:45:00,1776854700,38132.0,38137.0,38118.0,38134.0,219.0
2026-04-22 18:50:00,1776855000,38134.0,38147.0,38134.0,38142.0,137.0
2026-04-22 18:55:00,1776855300,38139.0,38157.0,38131.0,38152.0,193.0
2026-04-22 19:00:00,1776855600,38152.0,38157.0,38128.0,38140.0,200.0
2026-04-22 19:05:00,1776855900,38144.0,38152.0,38114.0,38117.0,338.0
2026-04-22 19:10:00,1776856200,38120.0,38131.0,38117.0,38121.0,180.0
2026-04-22 19:15:00,1776856500,38120.0,38143.0,38116.0,38137.0,229.0
2026-04-22 19:20:00,1776856800,38137.0,38143.0,38111.0,38112.0,183.0
2026-04-22 19:25:00,1776857100,38112.0,38121.0,38096.0,38111.0,482.0
2026-04-22 19:30:00,1776857400,38115.0,38132.0,38110.0,38127.0,233.0
2026-04-22 19:35:00,1776857700,38128.0,38142.0,38114.0,38139.0,242.0
2026-04-22 19:40:00,1776858000,38138.0,38142.0,38118.0,38127.0,200.0
2026-04-22 19:45:00,1776858300,38120.0,38164.0,38120.0,38159.0,377.0
2026-04-22 19:50:00,1776858600,38159.0,38163.0,38150.0,38158.0,223.0
2026-04-22 19:55:00,1776858900,38155.0,38155.0,38136.0,38147.0,222.0
2026-04-22 20:00:00,1776859200,38147.0,38195.0,38144.0,38186.0,733.0
2026-04-22 20:05:00,1776859500,38186.0,38233.0,38182.0,38215.0,1283.0
2026-04-22 20:10:00,1776859800,38215.0,38253.0,38210.0,38243.0,1004.0
2026-04-22 20:15:00,1776860100,38244.0,38244.0,38214.0,38230.0,541.0
2026-04-22 20:20:00,1776860400,38229.0,38234.0,38222.0,38234.0,291.0
2026-04-22 20:25:00,1776860700,38234.0,38247.0,38191.0,38198.0,928.0
2026-04-22 20:30:00,1776861000,38195.0,38215.0,38174.0,38212.0,750.0
2026-04-22 20:35:00,1776861300,38209.0,38210.0,38165.0,38183.0,613.0
2026-04-22 20:40:00,1776861600,38183.0,38200.0,38158.0,38177.0,605.0
2026-04-22 20:45:00,1776861900,38180.0,38201.0,38147.0,38163.0,631.0
2026-04-22 20:50:00,1776862200,38161.0,38183.0,38159.0,38178.0,384.0
2026-04-22 20:55:00,1776862500,38180.0,38188.0,38166.0,38168.0,252.0
2026-04-22 21:00:00,1776862800,38171.0,38174.0,38123.0,38156.0,848.0
2026-04-22 21:05:00,1776863100,38155.0,38221.0,38141.0,38188.0,938.0
2026-04-22 21:10:00,1776863400,38188.0,38193.0,38170.0,38185.0,515.0
2026-04-22 21:15:00,1776863700,38185.0,38238.0,38145.0,38217.0,1297.0
2026-04-22 21:20:00,1776864000,38220.0,38243.0,38181.0,38210.0,1059.0
2026-04-22 21:25:00,1776864300,38212.0,38220.0,38193.0,38218.0,471.0
2026-04-22 21:30:00,1776864600,38220.0,38227.0,38168.0,38186.0,1648.0
2026-04-22 21:35:00,1776864900,38184.0,38224.0,38182.0,38197.0,939.0
2026-04-22 21:40:00,1776865200,38199.0,38248.0,38195.0,38244.0,1373.0
2026-04-22 21:45:00,1776865500,38243.0,38306.0,38211.0,38224.0,3904.0
2026-04-22 21:50:00,1776865800,38226.0,38252.0,38188.0,38238.0,1672.0
2026-04-22 21:55:00,1776866100,38237.0,38240.0,38205.0,38223.0,740.0
2026-04-22 22:00:00,1776866400,38222.0,38259.0,38222.0,38249.0,1255.0
2026-04-22 22:05:00,1776866700,38248.0,38270.0,38225.0,38255.0,982.0
2026-04-22 22:10:00,1776867000,38257.0,38303.0,38253.0,38298.0,1169.0
2026-04-22 22:15:00,1776867300,38300.0,38332.0,38297.0,38326.0,2120.0
2026-04-22 22:20:00,1776867600,38330.0,38416.0,38326.0,38400.0,4228.0
2026-04-22 22:25:00,1776867900,38400.0,38450.0,38396.0,38438.0,2641.0
2026-04-22 22:30:00,1776868200,38440.0,38464.0,38371.0,38418.0,2855.0
2026-04-22 22:35:00,1776868500,38416.0,38472.0,38392.0,38453.0,1851.0
2026-04-22 22:40:00,1776868800,38455.0,38472.0,38400.0,38411.0,1527.0
2026-04-22 22:45:00,1776869100,38413.0,38443.0,38411.0,38421.0,777.0
2026-04-22 22:50:00,1776869400,38421.0,38428.0,38363.0,38391.0,1668.0
2026-04-22 22:55:00,1776869700,38391.0,38403.0,38377.0,38397.0,774.0
2026-04-22 23:00:00,1776870000,38397.0,38418.0,38378.0,38390.0,967.0
2026-04-22 23:05:00,1776870300,38392.0,38445.0,38381.0,38418.0,1217.0
2026-04-22 23:10:00,1776870600,38418.0,38435.0,38407.0,38417.0,514.0
2026-04-22 23:15:00,1776870900,38419.0,38423.0,38398.0,38413.0,440.0
2026-04-22 23:20:00,1776871200,38412.0,38445.0,38409.0,38433.0,593.0
2026-04-22 23:25:00,1776871500,38430.0,38464.0,38426.0,38454.0,1013.0
2026-04-22 23:30:00,1776871800,38453.0,38495.0,38451.0,38488.0,1917.0
2026-04-22 23:35:00,1776872100,38490.0,38497.0,38470.0,38489.0,830.0
2026-04-22 23:40:00,1776872400,38488.0,38492.0,38445.0,38450.0,918.0
2026-04-22 23:45:00,1776872700,38449.0,38481.0,38433.0,38481.0,764.0
2026-04-22 23:50:00,1776873000,38480.0,38484.0,38454.0,38468.0,410.0
2026-04-22 23:55:00,1776873300,38469.0,38490.0,38465.0,38468.0,455.0
2026-04-23 00:00:00,1776873600,38470.0,38522.0,38468.0,38513.0,2100.0
2026-04-23 00:05:00,1776873900,38513.0,38528.0,38498.0,38506.0,961.0
2026-04-23 00:10:00,1776874200,38509.0,38533.0,38494.0,38522.0,807.0
2026-04-23 00:15:00,1776874500,38523.0,38534.0,38493.0,38498.0,739.0
2026-04-23 00:20:00,1776874800,38498.0,38531.0,38498.0,38515.0,477.0
2026-04-23 00:25:00,1776875100,38514.0,38524.0,38502.0,38505.0,294.0
2026-04-23 00:30:00,1776875400,38507.0,38509.0,38475.0,38498.0,697.0
2026-04-23 00:35:00,1776875700,38498.0,38510.0,38490.0,38503.0,265.0
2026-04-23 00:40:00,1776876000,38502.0,38509.0,38453.0,38469.0,803.0
2026-04-23 00:45:00,1776876300,38472.0,38489.0,38462.0,38487.0,412.0
2026-04-23 00:50:00,1776876600,38482.0,38497.0,38465.0,38485.0,346.0
2026-04-23 00:55:00,1776876900,38489.0,38489.0,38466.0,38476.0,256.0
2026-04-23 01:00:00,1776877200,38480.0,38548.0,38475.0,38521.0,1203.0
2026-04-23 01:05:00,1776877500,38522.0,38554.0,38512.0,38535.0,754.0
2026-04-23 01:10:00,1776877800,38540.0,38577.0,38527.0,38540.0,1099.0
2026-04-23 01:15:00,1776878100,38540.0,38549.0,38517.0,38520.0,394.0
2026-04-23 01:20:00,1776878400,38522.0,38570.0,38521.0,38553.0,466.0
2026-04-23 01:25:00,1776878700,38555.0,38566.0,38547.0,38552.0,254.0
2026-04-23 01:30:00,1776879000,38553.0,38583.0,38552.0,38568.0,475.0
2026-04-23 01:35:00,1776879300,38567.0,38580.0,38566.0,38573.0,237.0
2026-04-23 01:40:00,1776879600,38572.0,38586.0,38568.0,38581.0,251.0
2026-04-23 01:45:00,1776879900,38581.0,38584.0,38547.0,38569.0,487.0
2026-04-23 01:50:00,1776880200,38568.0,38591.0,38566.0,38575.0,385.0
2026-04-23 01:55:00,1776880500,38575.0,38580.0,38565.0,38566.0,126.0
2026-04-23 02:00:00,1776880800,38564.0,38567.0,38554.0,38559.0,241.0
2026-04-23 02:05:00,1776881100,38560.0,38563.0,38549.0,38556.0,121.0
2026-04-23 02:10:00,1776881400,38555.0,38583.0,38555.0,38571.0,163.0
2026-04-23 02:15:00,1776881700,38569.0,38570.0,38531.0,38551.0,246.0
2026-04-23 02:20:00,1776882000,38550.0,38550.0,38485.0,38511.0,854.0
2026-04-23 02:25:00,1776882300,38512.0,38524.0,38510.0,38513.0,257.0
2026-04-23 02:30:00,1776882600,38516.0,38545.0,38514.0,38538.0,231.0
2026-04-23 02:35:00,1776882900,38538.0,38548.0,38532.0,38548.0,107.0
2026-04-23 02:40:00,1776883200,38549.0,38568.0,38548.0,38568.0,184.0
2026-04-23 02:45:00,1776883500,38566.0,38578.0,38559.0,38577.0,217.0
2026-04-23 02:50:00,1776883800,38576.0,38592.0,38571.0,38580.0,368.0
2026-04-23 02:55:00,1776884100,38579.0,38585.0,38568.0,38572.0,170.0
2026-04-23 03:00:00,1776884400,38573.0,38575.0,38422.0,38506.0,2004.0
2026-04-23 03:05:00,1776884700,38507.0,38609.0,38494.0,38602.0,1327.0
2026-04-23 03:10:00,1776885000,38601.0,38618.0,38570.0,38614.0,439.0
2026-04-23 03:15:00,1776885300,38614.0,38635.0,38602.0,38628.0,555.0
2026-04-23 03:20:00,1776885600,38627.0,38640.0,38612.0,38621.0,411.0
2026-04-23 03:25:00,1776885900,38620.0,38650.0,38612.0,38615.0,306.0
2026-04-23 03:30:00,1776886200,38612.0,38630.0,38606.0,38625.0,190.0
2026-04-23 03:35:00,1776886500,38623.0,38642.0,38620.0,38630.0,177.0
2026-04-23 03:40:00,1776886800,38633.0,38648.0,38630.0,38645.0,197.0
2026-04-23 03:45:00,1776887100,38642.0,38658.0,38639.0,38654.0,352.0
2026-04-23 03:50:00,1776887400,38654.0,38674.0,38633.0,38659.0,594.0
2026-04-23 03:55:00,1776887700,38662.0,38679.0,38648.0,38673.0,286.0
2026-04-23 04:00:00,1776888000,38670.0,38674.0,38603.0,38664.0,798.0
2026-04-23 04:05:00,1776888300,38664.0,38674.0,38660.0,38666.0,137.0
2026-04-23 04:10:00,1776888600,38666.0,38684.0,38664.0,38676.0,264.0
2026-04-23 04:15:00,1776888900,38675.0,38683.0,38670.0,38680.0,160.0
2026-04-23 04:20:00,1776889200,38678.0,38711.0,38673.0,38709.0,511.0
2026-04-23 04:25:00,1776889500,38709.0,38709.0,38688.0,38700.0,243.0
2026-04-23 04:30:00,1776889800,38699.0,38708.0,38695.0,38708.0,102.0
2026-04-23 04:35:00,1776890100,38708.0,38714.0,38682.0,38704.0,271.0
2026-04-23 04:40:00,1776890400,38705.0,38709.0,38688.0,38703.0,117.0
2026-04-23 04:45:00,1776890700,38702.0,38718.0,38692.0,38715.0,217.0
2026-04-23 04:50:00,1776891000,38715.0,38729.0,38710.0,38718.0,340.0
2026-04-23 04:55:00,1776891300,38718.0,38758.0,38713.0,38753.0,460.0
2026-04-23 08:45:00,1776905100,38709.0,38725.0,38590.0,38614.0,6637.0
2026-04-23 08:50:00,1776905400,38614.0,38637.0,38585.0,38593.0,3044.0
2026-04-23 08:55:00,1776905700,38596.0,38632.0,38558.0,38632.0,3530.0
2026-04-23 09:00:00,1776906000,38633.0,38873.0,38606.0,38844.0,10399.0
2026-04-23 09:05:00,1776906300,38845.0,38934.0,38781.0,38920.0,7252.0
2026-04-23 09:10:00,1776906600,38924.0,38944.0,38870.0,38939.0,3722.0
2026-04-23 09:15:00,1776906900,38940.0,39004.0,38927.0,38976.0,5326.0
2026-04-23 09:20:00,1776907200,38976.0,39077.0,38945.0,39052.0,4969.0
2026-04-23 09:25:00,1776907500,39051.0,39085.0,38868.0,38878.0,6023.0
2026-04-23 09:30:00,1776907800,38878.0,38960.0,38812.0,38860.0,6011.0
2026-04-23 09:35:00,1776908100,38861.0,38927.0,38766.0,38828.0,5202.0
2026-04-23 09:40:00,1776908400,38829.0,38862.0,38712.0,38731.0,4746.0
2026-04-23 09:45:00,1776908700,38728.0,38733.0,38516.0,38544.0,9694.0
2026-04-23 09:50:00,1776909000,38548.0,38603.0,38459.0,38537.0,6505.0
2026-04-23 09:55:00,1776909300,38539.0,38632.0,38473.0,38520.0,5528.0
2026-04-23 10:00:00,1776909600,38520.0,38531.0,38382.0,38401.0,5789.0
2026-04-23 10:05:00,1776909900,38398.0,38399.0,38205.0,38219.0,8989.0
2026-04-23 10:10:00,1776910200,38217.0,38244.0,37744.0,37750.0,14258.0
2026-04-23 10:15:00,1776910500,37754.0,38089.0,37628.0,38036.0,14974.0
2026-04-23 10:20:00,1776910800,38034.0,38134.0,37995.0,38016.0,6534.0
2026-04-23 10:25:00,1776911100,38020.0,38094.0,37835.0,37835.0,5059.0
2026-04-23 10:30:00,1776911400,37839.0,37870.0,37718.0,37734.0,5638.0
2026-04-23 10:35:00,1776911700,37734.0,37815.0,37570.0,37686.0,7465.0
2026-04-23 10:40:00,1776912000,37688.0,37792.0,37586.0,37600.0,4969.0
2026-04-23 10:45:00,1776912300,37602.0,37760.0,37555.0,37727.0,5876.0
2026-04-23 10:50:00,1776912600,37727.0,37894.0,37701.0,37799.0,4967.0
2026-04-23 10:55:00,1776912900,37801.0,37806.0,37615.0,37645.0,3907.0
2026-04-23 11:00:00,1776913200,37650.0,37732.0,37604.0,37684.0,2779.0
2026-04-23 11:05:00,1776913500,37680.0,37711.0,37575.0,37587.0,3097.0
2026-04-23 11:10:00,1776913800,37586.0,37640.0,37486.0,37507.0,5396.0
2026-04-23 11:15:00,1776914100,37505.0,37572.0,37505.0,37538.0,2267.0
2026-04-23 11:20:00,1776914400,37543.0,37625.0,37517.0,37526.0,3081.0
2026-04-23 11:25:00,1776914700,37524.0,37654.0,37480.0,37615.0,3081.0
2026-04-23 11:30:00,1776915000,37612.0,37633.0,37499.0,37530.0,3143.0
2026-04-23 11:35:00,1776915300,37530.0,37550.0,37408.0,37419.0,3539.0
2026-04-23 11:40:00,1776915600,37417.0,37492.0,37412.0,37460.0,2394.0
2026-04-23 11:45:00,1776915900,37464.0,37582.0,37455.0,37564.0,3199.0
2026-04-23 11:50:00,1776916200,37561.0,37666.0,37553.0,37647.0,2988.0
2026-04-23 11:55:00,1776916500,37644.0,37708.0,37595.0,37691.0,2912.0
2026-04-23 12:00:00,1776916800,37689.0,37694.0,37614.0,37629.0,1772.0
2026-04-23 12:05:00,1776917100,37627.0,37728.0,37610.0,37668.0,1867.0
2026-04-23 12:10:00,1776917400,37664.0,37740.0,37664.0,37733.0,1966.0
2026-04-23 12:15:00,1776917700,37735.0,37768.0,37696.0,37721.0,1990.0
2026-04-23 12:20:00,1776918000,37723.0,37777.0,37693.0,37713.0,1927.0
2026-04-23 12:25:00,1776918300,37712.0,37792.0,37711.0,37760.0,1854.0
2026-04-23 12:30:00,1776918600,37761.0,37832.0,37743.0,37823.0,2201.0
2026-04-23 12:35:00,1776918900,37823.0,37909.0,37823.0,37875.0,3271.0
2026-04-23 12:40:00,1776919200,37876.0,37903.0,37810.0,37900.0,2451.0
2026-04-23 12:45:00,1776919500,37898.0,37945.0,37881.0,37921.0,2747.0
2026-04-23 12:50:00,1776919800,37925.0,37937.0,37880.0,37899.0,1499.0
2026-04-23 12:55:00,1776920100,37898.0,37998.0,37868.0,37991.0,2920.0
2026-04-23 13:00:00,1776920400,37994.0,38038.0,37990.0,38036.0,2553.0
2026-04-23 13:05:00,1776920700,38035.0,38038.0,37982.0,38010.0,1500.0
2026-04-23 13:10:00,1776921000,38015.0,38018.0,37958.0,37974.0,1252.0
2026-04-23 13:15:00,1776921300,37976.0,37979.0,37910.0,37928.0,2103.0
2026-04-23 13:20:00,1776921600,37928.0,37952.0,37910.0,37930.0,1091.0
2026-04-23 13:25:00,1776921900,37930.0,37933.0,37851.0,37910.0,2332.0
2026-04-23 13:30:00,1776922200,37913.0,37923.0,37873.0,37900.0,1610.0
2026-04-23 13:35:00,1776922500,37896.0,37915.0,37884.0,37888.0,816.0
2026-04-23 13:40:00,1776922800,37888.0,37891.0,37825.0,37886.0,1979.0
2026-04-23 15:00:00,1776927600,37930.0,37950.0,37892.0,37930.0,1862.0
2026-04-23 15:05:00,1776927900,37928.0,37978.0,37912.0,37956.0,1589.0
2026-04-23 15:10:00,1776928200,37959.0,37984.0,37949.0,37966.0,655.0
2026-04-23 15:15:00,1776928500,37967.0,37985.0,37940.0,37947.0,599.0
2026-04-23 15:20:00,1776928800,37949.0,37949.0,37889.0,37903.0,1079.0
2026-04-23 15:25:00,1776929100,37901.0,37928.0,37896.0,37900.0,443.0
2026-04-23 15:30:00,1776929400,37899.0,37901.0,37840.0,37871.0,1330.0
2026-04-23 15:35:00,1776929700,37871.0,37888.0,37816.0,37855.0,1211.0
2026-04-23 15:40:00,1776930000,37853.0,37908.0,37830.0,37905.0,824.0
2026-04-23 15:45:00,1776930300,37906.0,37952.0,37893.0,37950.0,1177.0
2026-04-23 15:50:00,1776930600,37952.0,37953.0,37892.0,37903.0,569.0
2026-04-23 15:55:00,1776930900,37901.0,37920.0,37878.0,37914.0,573.0
2026-04-23 16:00:00,1776931200,37914.0,37924.0,37870.0,37878.0,654.0
2026-04-23 16:05:00,1776931500,37875.0,37879.0,37822.0,37841.0,848.0
2026-04-23 16:10:00,1776931800,37843.0,37872.0,37832.0,37858.0,651.0
2026-04-23 16:15:00,1776932100,37860.0,37894.0,37847.0,37893.0,607.0
2026-04-23 16:20:00,1776932400,37894.0,37910.0,37882.0,37906.0,576.0
2026-04-23 16:25:00,1776932700,37906.0,37947.0,37898.0,37915.0,930.0
2026-04-23 16:30:00,1776933000,37916.0,37916.0,37863.0,37885.0,760.0
2026-04-23 16:35:00,1776933300,37886.0,37909.0,37852.0,37860.0,423.0
2026-04-23 16:40:00,1776933600,37860.0,37871.0,37837.0,37849.0,698.0
2026-04-23 16:45:00,1776933900,37847.0,37864.0,37837.0,37857.0,386.0
2026-04-23 16:50:00,1776934200,37856.0,37868.0,37833.0,37863.0,440.0
2026-04-23 16:55:00,1776934500,37863.0,37885.0,37858.0,37872.0,305.0
2026-04-23 17:00:00,1776934800,37870.0,37870.0,37756.0,37760.0,1992.0
2026-04-23 17:05:00,1776935100,37761.0,37780.0,37724.0,37763.0,1403.0
2026-04-23 17:10:00,1776935400,37760.0,37809.0,37759.0,37804.0,922.0
2026-04-23 17:15:00,1776935700,37805.0,37895.0,37795.0,37860.0,1535.0
2026-04-23 17:20:00,1776936000,37859.0,37871.0,37837.0,37869.0,760.0
2026-04-23 17:25:00,1776936300,37867.0,37883.0,37840.0,37860.0,603.0
2026-04-23 17:30:00,1776936600,37862.0,37923.0,37860.0,37902.0,1107.0
2026-04-23 17:35:00,1776936900,37903.0,37904.0,37881.0,37903.0,420.0
2026-04-23 17:40:00,1776937200,37903.0,37925.0,37892.0,37906.0,616.0
2026-04-23 17:45:00,1776937500,37902.0,37905.0,37869.0,37896.0,464.0
2026-04-23 17:50:00,1776937800,37898.0,37898.0,37861.0,37865.0,311.0
2026-04-23 17:55:00,1776938100,37871.0,37885.0,37868.0,37874.0,217.0
2026-04-23 18:00:00,1776938400,37875.0,37884.0,37837.0,37843.0,668.0
2026-04-23 18:05:00,1776938700,37844.0,37854.0,37812.0,37828.0,482.0
2026-04-23 18:10:00,1776939000,37830.0,37844.0,37796.0,37817.0,624.0
2026-04-23 18:15:00,1776939300,37819.0,37846.0,37819.0,37836.0,383.0
2026-04-23 18:20:00,1776939600,37837.0,37856.0,37837.0,37851.0,316.0
2026-04-23 18:25:00,1776939900,37850.0,37860.0,37837.0,37837.0,257.0
2026-04-23 18:30:00,1776940200,37839.0,37884.0,37832.0,37883.0,536.0
2026-04-23 18:35:00,1776940500,37884.0,37884.0,37855.0,37862.0,292.0
2026-04-23 18:40:00,1776940800,37862.0,37865.0,37844.0,37850.0,202.0
2026-04-23 18:45:00,1776941100,37850.0,37870.0,37828.0,37833.0,319.0
2026-04-23 18:50:00,1776941400,37833.0,37861.0,37830.0,37855.0,254.0
2026-04-23 18:55:00,1776941700,37860.0,37895.0,37859.0,37886.0,493.0
2026-04-23 19:00:00,1776942000,37888.0,37919.0,37888.0,37901.0,812.0
2026-04-23 19:05:00,1776942300,37901.0,37922.0,37888.0,37914.0,455.0
2026-04-23 19:10:00,1776942600,37914.0,37938.0,37894.0,37907.0,766.0
2026-04-23 19:15:00,1776942900,37909.0,37918.0,37889.0,37903.0,378.0
2026-04-23 19:20:00,1776943200,37903.0,37911.0,37889.0,37896.0,220.0
2026-04-23 19:25:00,1776943500,37899.0,37912.0,37873.0,37898.0,337.0
2026-04-23 19:30:00,1776943800,37899.0,37905.0,37861.0,37868.0,528.0
2026-04-23 19:35:00,1776944100,37870.0,37934.0,37867.0,37924.0,856.0
2026-04-23 19:40:00,1776944400,37923.0,37975.0,37918.0,37972.0,1279.0
2026-04-23 19:45:00,1776944700,37974.0,38119.0,37972.0,38086.0,4248.0
2026-04-23 19:50:00,1776945000,38081.0,38145.0,38067.0,38134.0,1969.0
2026-04-23 19:55:00,1776945300,38132.0,38139.0,38089.0,38103.0,1192.0
2026-04-23 20:00:00,1776945600,38102.0,38142.0,38092.0,38116.0,1092.0
2026-04-23 20:05:00,1776945900,38115.0,38185.0,38113.0,38156.0,2281.0
2026-04-23 20:10:00,1776946200,38158.0,38183.0,38147.0,38161.0,1053.0
2026-04-23 20:15:00,1776946500,38160.0,38165.0,38124.0,38135.0,843.0
2026-04-23 20:20:00,1776946800,38138.0,38142.0,38092.0,38108.0,982.0
2026-04-23 20:25:00,1776947100,38108.0,38124.0,38092.0,38115.0,583.0
2026-04-23 20:30:00,1776947400,38112.0,38129.0,38080.0,38096.0,825.0
2026-04-23 20:35:00,1776947700,38096.0,38115.0,38093.0,38107.0,298.0
2026-04-23 20:40:00,1776948000,38109.0,38130.0,38080.0,38081.0,715.0
2026-04-23 20:45:00,1776948300,38082.0,38091.0,37966.0,38000.0,3915.0
2026-04-23 20:50:00,1776948600,38001.0,38046.0,37977.0,37994.0,1193.0
2026-04-23 20:55:00,1776948900,37995.0,38036.0,37992.0,38036.0,640.0
2026-04-23 21:00:00,1776949200,38037.0,38077.0,38035.0,38062.0,1193.0
2026-04-23 21:05:00,1776949500,38065.0,38076.0,38040.0,38063.0,501.0
2026-04-23 21:10:00,1776949800,38060.0,38063.0,38010.0,38026.0,578.0
2026-04-23 21:15:00,1776950100,38034.0,38056.0,38029.0,38048.0,438.0
2026-04-23 21:20:00,1776950400,38050.0,38085.0,38050.0,38076.0,546.0
2026-04-23 21:25:00,1776950700,38075.0,38103.0,38049.0,38098.0,757.0
2026-04-23 21:30:00,1776951000,38094.0,38134.0,38072.0,38094.0,2240.0
2026-04-23 21:35:00,1776951300,38097.0,38164.0,38089.0,38161.0,1864.0
2026-04-23 21:40:00,1776951600,38160.0,38226.0,38132.0,38207.0,3568.0
2026-04-23 21:45:00,1776951900,38204.0,38250.0,38175.0,38227.0,2457.0
2026-04-23 21:50:00,1776952200,38226.0,38243.0,38172.0,38215.0,2110.0
2026-04-23 21:55:00,1776952500,38217.0,38217.0,38133.0,38157.0,2215.0
2026-04-23 22:00:00,1776952800,38156.0,38175.0,38083.0,38164.0,2850.0
2026-04-23 22:05:00,1776953100,38164.0,38184.0,38122.0,38177.0,1396.0
2026-04-23 22:10:00,1776953400,38176.0,38180.0,38106.0,38121.0,1115.0
2026-04-23 22:15:00,1776953700,38120.0,38177.0,38119.0,38139.0,1198.0
2026-04-23 22:20:00,1776954000,38134.0,38207.0,38126.0,38194.0,1217.0
2026-04-23 22:25:00,1776954300,38192.0,38229.0,38165.0,38199.0,1397.0
2026-04-23 22:30:00,1776954600,38199.0,38269.0,38199.0,38236.0,2520.0
2026-04-23 22:35:00,1776954900,38235.0,38285.0,38226.0,38244.0,1770.0
2026-04-23 22:40:00,1776955200,38241.0,38269.0,38218.0,38267.0,1054.0
2026-04-23 22:45:00,1776955500,38267.0,38287.0,38256.0,38273.0,998.0
2026-04-23 22:50:00,1776955800,38271.0,38308.0,38259.0,38308.0,1287.0
2026-04-23 22:55:00,1776956100,38306.0,38333.0,38302.0,38332.0,1610.0
2026-04-23 23:00:00,1776956400,38330.0,38356.0,38329.0,38341.0,1730.0
2026-04-23 23:05:00,1776956700,38341.0,38342.0,38297.0,38320.0,1306.0
2026-04-23 23:10:00,1776957000,38320.0,38337.0,38319.0,38329.0,710.0
2026-04-23 23:15:00,1776957300,38327.0,38373.0,38310.0,38368.0,1322.0
2026-04-23 23:20:00,1776957600,38368.0,38376.0,38338.0,38347.0,936.0
2026-04-23 23:25:00,1776957900,38349.0,38358.0,38312.0,38315.0,711.0
2026-04-23 23:30:00,1776958200,38314.0,38363.0,38282.0,38335.0,1425.0
2026-04-23 23:35:00,1776958500,38333.0,38333.0,38313.0,38329.0,439.0
2026-04-23 23:40:00,1776958800,38326.0,38343.0,38303.0,38311.0,541.0
2026-04-23 23:45:00,1776959100,38314.0,38318.0,38264.0,38291.0,1473.0
2026-04-23 23:50:00,1776959400,38295.0,38295.0,38255.0,38265.0,816.0
2026-04-23 23:55:00,1776959700,38261.0,38326.0,38259.0,38314.0,963.0
2026-04-24 00:00:00,1776960000,38317.0,38345.0,38267.0,38269.0,1199.0
2026-04-24 00:05:00,1776960300,38268.0,38300.0,38258.0,38285.0,672.0
2026-04-24 00:10:00,1776960600,38286.0,38318.0,38283.0,38305.0,619.0
2026-04-24 00:15:00,1776960900,38304.0,38335.0,38304.0,38329.0,512.0
2026-04-24 00:20:00,1776961200,38325.0,38337.0,38298.0,38334.0,348.0
2026-04-24 00:25:00,1776961500,38335.0,38352.0,38331.0,38339.0,494.0
2026-04-24 00:30:00,1776961800,38338.0,38413.0,38335.0,38405.0,1661.0
2026-04-24 00:35:00,1776962100,38405.0,38416.0,38383.0,38395.0,732.0
2026-04-24 00:40:00,1776962400,38394.0,38423.0,38385.0,38419.0,487.0
2026-04-24 00:45:00,1776962700,38418.0,38434.0,38394.0,38398.0,586.0
2026-04-24 00:50:00,1776963000,38399.0,38416.0,38384.0,38386.0,429.0
2026-04-24 00:55:00,1776963300,38385.0,38400.0,38357.0,38375.0,601.0
2026-04-24 01:00:00,1776963600,38378.0,38400.0,38201.0,38230.0,4152.0
2026-04-24 01:05:00,1776963900,38232.0,38239.0,38066.0,38076.0,3337.0
2026-04-24 01:10:00,1776964200,38079.0,38109.0,38032.0,38074.0,2520.0
2026-04-24 01:15:00,1776964500,38070.0,38073.0,37960.0,37990.0,2767.0
2026-04-24 01:20:00,1776964800,37993.0,38021.0,37893.0,37918.0,2931.0
2026-04-24 01:25:00,1776965100,37924.0,38030.0,37898.0,37917.0,2191.0
2026-04-24 01:30:00,1776965400,37923.0,38022.0,37881.0,38018.0,2290.0
2026-04-24 01:35:00,1776965700,38020.0,38044.0,37904.0,37919.0,1915.0
2026-04-24 01:40:00,1776966000,37917.0,37917.0,37683.0,37719.0,5577.0
2026-04-24 01:45:00,1776966300,37719.0,37805.0,37648.0,37755.0,4103.0
2026-04-24 01:50:00,1776966600,37753.0,37956.0,37709.0,37864.0,4401.0
2026-04-24 01:55:00,1776966900,37861.0,37960.0,37833.0,37944.0,2284.0
2026-04-24 02:00:00,1776967200,37941.0,38023.0,37895.0,37984.0,2745.0
2026-04-24 02:05:00,1776967500,37976.0,38023.0,37953.0,37987.0,1115.0
2026-04-24 02:10:00,1776967800,37990.0,38032.0,37968.0,38002.0,1512.0
2026-04-24 02:15:00,1776968100,38005.0,38035.0,37986.0,38005.0,884.0
2026-04-24 02:20:00,1776968400,38010.0,38027.0,37954.0,38013.0,970.0
2026-04-24 02:25:00,1776968700,38010.0,38063.0,38003.0,38056.0,952.0
2026-04-24 02:30:00,1776969000,38055.0,38089.0,38053.0,38066.0,1061.0
2026-04-24 02:35:00,1776969300,38067.0,38106.0,38051.0,38060.0,739.0
2026-04-24 02:40:00,1776969600,38063.0,38065.0,38019.0,38055.0,616.0
2026-04-24 02:45:00,1776969900,38054.0,38056.0,38005.0,38013.0,321.0
2026-04-24 02:50:00,1776970200,38013.0,38030.0,37973.0,38018.0,601.0
2026-04-24 02:55:00,1776970500,38015.0,38018.0,37922.0,37960.0,786.0
2026-04-24 03:00:00,1776970800,37963.0,37983.0,37927.0,37938.0,860.0
2026-04-24 03:05:00,1776971100,37940.0,38012.0,37940.0,38002.0,463.0
2026-04-24 03:10:00,1776971400,38003.0,38003.0,37973.0,37995.0,312.0
2026-04-24 03:15:00,1776971700,38000.0,38035.0,37998.0,38027.0,410.0
2026-04-24 03:20:00,1776972000,38024.0,38024.0,38004.0,38004.0,215.0
2026-04-24 03:25:00,1776972300,38005.0,38020.0,38000.0,38003.0,127.0
2026-04-24 03:30:00,1776972600,38002.0,38039.0,37978.0,37985.0,377.0
2026-04-24 03:35:00,1776972900,37983.0,37983.0,37932.0,37947.0,592.0
2026-04-24 03:40:00,1776973200,37952.0,37980.0,37947.0,37957.0,180.0
2026-04-24 03:45:00,1776973500,37955.0,38011.0,37952.0,38008.0,222.0
2026-04-24 03:50:00,1776973800,38007.0,38038.0,37946.0,38031.0,659.0
2026-04-24 03:55:00,1776974100,38030.0,38067.0,38013.0,38046.0,400.0
2026-04-24 04:00:00,1776974400,38042.0,38078.0,38004.0,38070.0,714.0
2026-04-24 04:05:00,1776974700,38069.0,38072.0,38034.0,38052.0,156.0
2026-04-24 04:10:00,1776975000,38052.0,38057.0,38017.0,38020.0,118.0
2026-04-24 04:15:00,1776975300,38018.0,38020.0,37976.0,37992.0,227.0
2026-04-24 04:20:00,1776975600,37996.0,38023.0,37993.0,38023.0,101.0
2026-04-24 04:25:00,1776975900,38024.0,38024.0,38005.0,38024.0,58.0
2026-04-24 04:30:00,1776976200,38022.0,38026.0,38010.0,38016.0,70.0
2026-04-24 04:35:00,1776976500,38016.0,38044.0,38006.0,38044.0,118.0
2026-04-24 04:40:00,1776976800,38042.0,38046.0,38027.0,38040.0,114.0
2026-04-24 04:45:00,1776977100,38038.0,38055.0,38031.0,38036.0,131.0
2026-04-24 04:50:00,1776977400,38036.0,38044.0,38026.0,38026.0,166.0
2026-04-24 04:55:00,1776977700,38027.0,38051.0,38009.0,38045.0,231.0
2026-04-24 08:45:00,1776991500,38288.0,38425.0,38268.0,38373.0,7520.0
2026-04-24 08:50:00,1776991800,38374.0,38390.0,38331.0,38363.0,2144.0
2026-04-24 08:55:00,1776992100,38365.0,38471.0,38365.0,38418.0,4178.0
2026-04-24 09:00:00,1776992400,38420.0,38549.0,38418.0,38518.0,6076.0
2026-04-24 09:05:00,1776992700,38519.0,38636.0,38505.0,38615.0,5898.0
2026-04-24 09:10:00,1776993000,38617.0,38619.0,38518.0,38608.0,3836.0
2026-04-24 09:15:00,1776993300,38611.0,38653.0,38568.0,38614.0,4208.0
2026-04-24 09:20:00,1776993600,38610.0,38674.0,38580.0,38668.0,3650.0
2026-04-24 09:25:00,1776993900,38670.0,38783.0,38640.0,38750.0,5159.0
2026-04-24 09:30:00,1776994200,38747.0,38819.0,38680.0,38763.0,5059.0
2026-04-24 09:35:00,1776994500,38766.0,38784.0,38691.0,38726.0,3523.0
2026-04-24 09:40:00,1776994800,38729.0,38754.0,38637.0,38675.0,3595.0
2026-04-24 09:45:00,1776995100,38673.0,38984.0,38638.0,38977.0,8383.0
2026-04-24 09:50:00,1776995400,38978.0,39042.0,38949.0,39042.0,5624.0
2026-04-24 09:55:00,1776995700,39042.0,39077.0,38960.0,39052.0,4191.0
2026-04-24 10:00:00,1776996000,39050.0,39068.0,38897.0,38960.0,4712.0
2026-04-24 10:05:00,1776996300,38958.0,39015.0,38896.0,38901.0,3059.0
2026-04-24 10:10:00,1776996600,38900.0,38968.0,38780.0,38852.0,5701.0
2026-04-24 10:15:00,1776996900,38849.0,38869.0,38776.0,38830.0,3313.0
2026-04-24 10:20:00,1776997200,38828.0,38843.0,38558.0,38560.0,7246.0
2026-04-24 10:25:00,1776997500,38560.0,38588.0,38396.0,38476.0,9042.0
2026-04-24 10:30:00,1776997800,38481.0,38685.0,38480.0,38627.0,5855.0
2026-04-24 10:35:00,1776998100,38626.0,38655.0,38525.0,38528.0,2944.0
2026-04-24 10:40:00,1776998400,38527.0,38722.0,38524.0,38698.0,4446.0
2026-04-24 10:45:00,1776998700,38699.0,38724.0,38583.0,38604.0,2968.0
2026-04-24 10:50:00,1776999000,38608.0,38673.0,38555.0,38657.0,2362.0
2026-04-24 10:55:00,1776999300,38659.0,38699.0,38614.0,38693.0,1443.0
2026-04-24 11:00:00,1776999600,38693.0,38736.0,38652.0,38722.0,2349.0
2026-04-24 11:05:00,1776999900,38725.0,38751.0,38688.0,38700.0,2041.0
2026-04-24 11:10:00,1777000200,38700.0,38773.0,38686.0,38734.0,1853.0
2026-04-24 11:15:00,1777000500,38737.0,38808.0,38723.0,38793.0,2208.0
2026-04-24 11:20:00,1777000800,38792.0,38819.0,38768.0,38803.0,1998.0
2026-04-24 11:25:00,1777001100,38808.0,38845.0,38783.0,38787.0,1846.0
2026-04-24 11:30:00,1777001400,38788.0,38812.0,38737.0,38770.0,2224.0
2026-04-24 11:35:00,1777001700,38771.0,38824.0,38760.0,38808.0,1027.0
2026-04-24 11:40:00,1777002000,38805.0,38812.0,38769.0,38781.0,864.0
2026-04-24 11:45:00,1777002300,38784.0,38867.0,38766.0,38862.0,2009.0
2026-04-24 11:50:00,1777002600,38863.0,38888.0,38841.0,38865.0,1669.0
2026-04-24 11:55:00,1777002900,38862.0,38864.0,38758.0,38771.0,1964.0
2026-04-24 12:00:00,1777003200,38769.0,38838.0,38737.0,38812.0,1839.0
2026-04-24 12:05:00,1777003500,38811.0,38878.0,38807.0,38877.0,1210.0
2026-04-24 12:10:00,1777003800,38875.0,38954.0,38857.0,38927.0,2655.0
2026-04-24 12:15:00,1777004100,38929.0,38958.0,38903.0,38938.0,1718.0
2026-04-24 12:20:00,1777004400,38936.0,38936.0,38890.0,38903.0,891.0
2026-04-24 12:25:00,1777004700,38906.0,38920.0,38882.0,38911.0,1252.0
2026-04-24 12:30:00,1777005000,38913.0,38970.0,38908.0,38945.0,1519.0
2026-04-24 12:35:00,1777005300,38949.0,39024.0,38943.0,38985.0,2069.0
2026-04-24 12:40:00,1777005600,38986.0,39028.0,38962.0,39028.0,1244.0
2026-04-24 12:45:00,1777005900,39030.0,39128.0,39009.0,39109.0,4913.0
2026-04-24 12:50:00,1777006200,39109.0,39123.0,39058.0,39073.0,1903.0
2026-04-24 12:55:00,1777006500,39072.0,39103.0,39066.0,39094.0,1029.0
2026-04-24 13:00:00,1777006800,39094.0,39128.0,39063.0,39121.0,1571.0
2026-04-24 13:05:00,1777007100,39124.0,39141.0,39067.0,39075.0,1644.0
2026-04-24 13:10:00,1777007400,39074.0,39128.0,39072.0,39121.0,1066.0
2026-04-24 13:15:00,1777007700,39123.0,39194.0,39114.0,39185.0,2772.0
2026-04-24 13:20:00,1777008000,39186.0,39228.0,39178.0,39202.0,2433.0
2026-04-24 13:25:00,1777008300,39201.0,39230.0,39177.0,39185.0,1710.0
2026-04-24 13:30:00,1777008600,39185.0,39219.0,39177.0,39215.0,1730.0
2026-04-24 13:35:00,1777008900,39216.0,39235.0,39201.0,39212.0,1215.0
2026-04-24 13:40:00,1777009200,39211.0,39242.0,39206.0,39218.0,1666.0
2026-04-24 15:00:00,1777014000,39258.0,39275.0,39204.0,39224.0,2497.0
2026-04-24 15:05:00,1777014300,39220.0,39333.0,39220.0,39323.0,1965.0
2026-04-24 15:10:00,1777014600,39325.0,39332.0,39290.0,39309.0,1249.0
2026-04-24 15:15:00,1777014900,39305.0,39346.0,39287.0,39330.0,1213.0
2026-04-24 15:20:00,1777015200,39332.0,39349.0,39322.0,39328.0,902.0
2026-04-24 15:25:00,1777015500,39330.0,39341.0,39275.0,39301.0,1014.0
2026-04-24 15:30:00,1777015800,39297.0,39301.0,39260.0,39295.0,752.0
2026-04-24 15:35:00,1777016100,39296.0,39296.0,39216.0,39239.0,1257.0
2026-04-24 15:40:00,1777016400,39238.0,39243.0,39185.0,39225.0,1509.0
2026-04-24 15:45:00,1777016700,39224.0,39266.0,39217.0,39263.0,974.0
2026-04-24 15:50:00,1777017000,39262.0,39279.0,39246.0,39251.0,502.0
2026-04-24 15:55:00,1777017300,39250.0,39293.0,39244.0,39289.0,585.0
2026-04-24 16:00:00,1777017600,39286.0,39295.0,39187.0,39228.0,1829.0
2026-04-24 16:05:00,1777017900,39228.0,39237.0,39181.0,39211.0,952.0
2026-04-24 16:10:00,1777018200,39209.0,39232.0,39201.0,39222.0,443.0
2026-04-24 16:15:00,1777018500,39228.0,39322.0,39228.0,39316.0,1720.0
2026-04-24 16:20:00,1777018800,39316.0,39374.0,39306.0,39338.0,2157.0
2026-04-24 16:25:00,1777019100,39338.0,39338.0,39265.0,39281.0,1002.0
2026-04-24 16:30:00,1777019400,39279.0,39284.0,39206.0,39222.0,1069.0
2026-04-24 16:35:00,1777019700,39224.0,39259.0,39218.0,39248.0,752.0
2026-04-24 16:40:00,1777020000,39250.0,39261.0,39195.0,39208.0,918.0
2026-04-24 16:45:00,1777020300,39207.0,39266.0,39205.0,39251.0,599.0
2026-04-24 16:50:00,1777020600,39250.0,39250.0,39202.0,39209.0,551.0
2026-04-24 16:55:00,1777020900,39211.0,39228.0,39197.0,39222.0,396.0
2026-04-24 17:00:00,1777021200,39226.0,39243.0,39194.0,39207.0,687.0
2026-04-24 17:05:00,1777021500,39207.0,39227.0,39197.0,39218.0,377.0
2026-04-24 17:10:00,1777021800,39220.0,39239.0,39212.0,39221.0,319.0
2026-04-24 17:15:00,1777022100,39222.0,39240.0,39200.0,39219.0,426.0
2026-04-24 17:20:00,1777022400,39216.0,39225.0,39141.0,39183.0,1654.0
2026-04-24 17:25:00,1777022700,39185.0,39187.0,39128.0,39152.0,1347.0
2026-04-24 17:30:00,1777023000,39153.0,39214.0,39144.0,39195.0,1054.0
2026-04-24 17:35:00,1777023300,39200.0,39231.0,39192.0,39219.0,626.0
2026-04-24 17:40:00,1777023600,39219.0,39233.0,39197.0,39220.0,421.0
2026-04-24 17:45:00,1777023900,39217.0,39239.0,39215.0,39233.0,429.0
2026-04-24 17:50:00,1777024200,39234.0,39235.0,39192.0,39198.0,430.0
2026-04-24 17:55:00,1777024500,39197.0,39209.0,39192.0,39205.0,278.0
2026-04-24 18:00:00,1777024800,39205.0,39258.0,39205.0,39250.0,737.0
2026-04-24 18:05:00,1777025100,39247.0,39254.0,39221.0,39245.0,363.0
2026-04-24 18:10:00,1777025400,39245.0,39268.0,39239.0,39255.0,562.0
2026-04-24 18:15:00,1777025700,39254.0,39283.0,39253.0,39268.0,752.0
2026-04-24 18:20:00,1777026000,39266.0,39303.0,39262.0,39301.0,702.0
2026-04-24 18:25:00,1777026300,39299.0,39321.0,39293.0,39311.0,621.0
2026-04-24 18:30:00,1777026600,39311.0,39314.0,39276.0,39284.0,517.0
2026-04-24 18:35:00,1777026900,39282.0,39300.0,39277.0,39286.0,312.0
2026-04-24 18:40:00,1777027200,39288.0,39299.0,39285.0,39297.0,228.0
2026-04-24 18:45:00,1777027500,39297.0,39303.0,39287.0,39290.0,254.0
2026-04-24 18:50:00,1777027800,39292.0,39295.0,39281.0,39286.0,181.0
2026-04-24 18:55:00,1777028100,39285.0,39301.0,39276.0,39276.0,198.0
2026-04-24 19:00:00,1777028400,39276.0,39360.0,39270.0,39335.0,966.0
2026-04-24 19:05:00,1777028700,39332.0,39488.0,39319.0,39456.0,4249.0
2026-04-24 19:10:00,1777029000,39460.0,39517.0,39455.0,39487.0,1883.0
2026-04-24 19:15:00,1777029300,39486.0,39521.0,39460.0,39502.0,1660.0
2026-04-24 19:20:00,1777029600,39503.0,39605.0,39484.0,39588.0,3155.0
2026-04-24 19:25:00,1777029900,39585.0,39638.0,39582.0,39636.0,1938.0
2026-04-24 19:30:00,1777030200,39633.0,39684.0,39623.0,39638.0,2838.0
2026-04-24 19:35:00,1777030500,39637.0,39656.0,39593.0,39598.0,1533.0
2026-04-24 19:40:00,1777030800,39597.0,39603.0,39573.0,39583.0,1399.0
2026-04-24 19:45:00,1777031100,39585.0,39585.0,39531.0,39555.0,1526.0
2026-04-24 19:50:00,1777031400,39558.0,39568.0,39509.0,39514.0,1152.0
2026-04-24 19:55:00,1777031700,39512.0,39537.0,39488.0,39525.0,1093.0
2026-04-24 20:00:00,1777032000,39530.0,39568.0,39524.0,39553.0,1253.0
2026-04-24 20:05:00,1777032300,39551.0,39570.0,39529.0,39566.0,728.0
2026-04-24 20:10:00,1777032600,39565.0,39596.0,39564.0,39585.0,897.0
2026-04-24 20:15:00,1777032900,39586.0,39612.0,39536.0,39582.0,1408.0
2026-04-24 20:20:00,1777033200,39583.0,39586.0,39522.0,39575.0,1094.0
2026-04-24 20:25:00,1777033500,39575.0,39590.0,39561.0,39581.0,453.0
2026-04-24 20:30:00,1777033800,39580.0,39588.0,39532.0,39537.0,534.0
2026-04-24 20:35:00,1777034100,39537.0,39545.0,39494.0,39536.0,1100.0
2026-04-24 20:40:00,1777034400,39536.0,39555.0,39501.0,39512.0,549.0
2026-04-24 20:45:00,1777034700,39511.0,39530.0,39426.0,39448.0,1558.0
2026-04-24 20:50:00,1777035000,39450.0,39472.0,39421.0,39465.0,1162.0
2026-04-24 20:55:00,1777035300,39467.0,39520.0,39467.0,39512.0,950.0
2026-04-24 21:00:00,1777035600,39513.0,39540.0,39513.0,39534.0,842.0
2026-04-24 21:05:00,1777035900,39537.0,39550.0,39520.0,39533.0,501.0
2026-04-24 21:10:00,1777036200,39532.0,39563.0,39523.0,39527.0,669.0
2026-04-24 21:15:00,1777036500,39533.0,39542.0,39517.0,39539.0,335.0
2026-04-24 21:20:00,1777036800,39541.0,39548.0,39508.0,39515.0,475.0
2026-04-24 21:25:00,1777037100,39513.0,39513.0,39465.0,39473.0,947.0
2026-04-24 21:30:00,1777037400,39475.0,39547.0,39405.0,39509.0,3328.0
2026-04-24 21:35:00,1777037700,39508.0,39594.0,39460.0,39584.0,2570.0
2026-04-24 21:40:00,1777038000,39586.0,39631.0,39538.0,39558.0,2982.0
2026-04-24 21:45:00,1777038300,39560.0,39599.0,39540.0,39560.0,1754.0
2026-04-24 21:50:00,1777038600,39565.0,39581.0,39432.0,39446.0,2506.0
2026-04-24 21:55:00,1777038900,39449.0,39492.0,39366.0,39477.0,3310.0
2026-04-24 22:00:00,1777039200,39477.0,39554.0,39443.0,39505.0,2572.0
2026-04-24 22:05:00,1777039500,39506.0,39556.0,39468.0,39535.0,1715.0
2026-04-24 22:10:00,1777039800,39534.0,39590.0,39521.0,39543.0,1782.0
2026-04-24 22:15:00,1777040100,39543.0,39585.0,39529.0,39550.0,1016.0
2026-04-24 22:20:00,1777040400,39548.0,39563.0,39502.0,39528.0,1107.0
2026-04-24 22:25:00,1777040700,39530.0,39531.0,39470.0,39510.0,1220.0
2026-04-24 22:30:00,1777041000,39511.0,39536.0,39463.0,39516.0,1182.0
2026-04-24 22:35:00,1777041300,39515.0,39572.0,39497.0,39549.0,1397.0
2026-04-24 22:40:00,1777041600,39549.0,39577.0,39534.0,39562.0,896.0
2026-04-24 22:45:00,1777041900,39560.0,39607.0,39532.0,39568.0,1625.0
2026-04-24 22:50:00,1777042200,39567.0,39591.0,39549.0,39576.0,712.0
2026-04-24 22:55:00,1777042500,39575.0,39635.0,39574.0,39632.0,1571.0
2026-04-24 23:00:00,1777042800,39632.0,39670.0,39622.0,39659.0,1979.0
2026-04-24 23:05:00,1777043100,39660.0,39681.0,39637.0,39664.0,1331.0
2026-04-24 23:10:00,1777043400,39660.0,39670.0,39632.0,39641.0,769.0
2026-04-24 23:15:00,1777043700,39641.0,39650.0,39590.0,39596.0,1306.0
2026-04-24 23:20:00,1777044000,39597.0,39635.0,39575.0,39627.0,986.0
2026-04-24 23:25:00,1777044300,39625.0,39630.0,39584.0,39622.0,644.0
2026-04-24 23:30:00,1777044600,39623.0,39660.0,39616.0,39639.0,877.0
2026-04-24 23:35:00,1777044900,39637.0,39642.0,39593.0,39604.0,758.0
2026-04-24 23:40:00,1777045200,39604.0,39758.0,39592.0,39739.0,2696.0
2026-04-24 23:45:00,1777045500,39738.0,39818.0,39685.0,39748.0,4263.0
2026-04-24 23:50:00,1777045800,39744.0,39825.0,39740.0,39805.0,2111.0
2026-04-24 23:55:00,1777046100,39808.0,39815.0,39786.0,39815.0,859.0
2026-04-25 00:00:00,1777046400,39813.0,39849.0,39791.0,39843.0,2203.0
2026-04-25 00:05:00,1777046700,39841.0,39856.0,39749.0,39777.0,2168.0
2026-04-25 00:10:00,1777047000,39779.0,39833.0,39767.0,39811.0,1200.0
2026-04-25 00:15:00,1777047300,39812.0,39830.0,39785.0,39826.0,679.0
2026-04-25 00:20:00,1777047600,39825.0,39850.0,39822.0,39838.0,777.0
2026-04-25 00:25:00,1777047900,39838.0,39849.0,39812.0,39817.0,643.0
2026-04-25 00:30:00,1777048200,39820.0,39875.0,39820.0,39873.0,1266.0
2026-04-25 00:35:00,1777048500,39871.0,39874.0,39831.0,39841.0,782.0
2026-04-25 00:40:00,1777048800,39843.0,39843.0,39755.0,39790.0,1390.0
2026-04-25 00:45:00,1777049100,39791.0,39810.0,39757.0,39772.0,662.0
2026-04-25 00:50:00,1777049400,39774.0,39805.0,39772.0,39801.0,562.0
2026-04-25 00:55:00,1777049700,39801.0,39823.0,39789.0,39801.0,855.0
2026-04-25 01:00:00,1777050000,39806.0,39826.0,39788.0,39800.0,671.0
2026-04-25 01:05:00,1777050300,39800.0,39807.0,39765.0,39777.0,689.0
2026-04-25 01:10:00,1777050600,39779.0,39804.0,39761.0,39770.0,512.0
2026-04-25 01:15:00,1777050900,39771.0,39774.0,39718.0,39731.0,1134.0
2026-04-25 01:20:00,1777051200,39731.0,39750.0,39683.0,39746.0,1389.0
2026-04-25 01:25:00,1777051500,39747.0,39777.0,39747.0,39756.0,739.0
2026-04-25 01:30:00,1777051800,39754.0,39769.0,39733.0,39757.0,839.0
2026-04-25 01:35:00,1777052100,39759.0,39809.0,39759.0,39768.0,768.0
2026-04-25 01:40:00,1777052400,39768.0,39805.0,39768.0,39795.0,316.0
2026-04-25 01:45:00,1777052700,39794.0,39804.0,39786.0,39793.0,225.0
2026-04-25 01:50:00,1777053000,39794.0,39855.0,39790.0,39820.0,722.0
2026-04-25 01:55:00,1777053300,39818.0,39836.0,39812.0,39820.0,350.0
2026-04-25 02:00:00,1777053600,39818.0,39838.0,39806.0,39807.0,355.0
2026-04-25 02:05:00,1777053900,39807.0,39807.0,39731.0,39768.0,963.0
2026-04-25 02:10:00,1777054200,39770.0,39783.0,39744.0,39760.0,283.0
2026-04-25 02:15:00,1777054500,39763.0,39766.0,39728.0,39744.0,312.0
2026-04-25 02:20:00,1777054800,39742.0,39759.0,39729.0,39756.0,217.0
2026-04-25 02:25:00,1777055100,39759.0,39773.0,39744.0,39746.0,283.0
2026-04-25 02:30:00,1777055400,39748.0,39790.0,39747.0,39787.0,300.0
2026-04-25 02:35:00,1777055700,39784.0,39797.0,39777.0,39788.0,222.0
2026-04-25 02:40:00,1777056000,39790.0,39799.0,39779.0,39786.0,196.0
2026-04-25 02:45:00,1777056300,39786.0,39797.0,39773.0,39783.0,166.0
2026-04-25 02:50:00,1777056600,39781.0,39799.0,39772.0,39793.0,164.0
2026-04-25 02:55:00,1777056900,39795.0,39806.0,39793.0,39798.0,175.0
2026-04-25 03:00:00,1777057200,39798.0,39826.0,39794.0,39796.0,341.0
2026-04-25 03:05:00,1777057500,39797.0,39802.0,39782.0,39798.0,239.0
2026-04-25 03:10:00,1777057800,39799.0,39801.0,39784.0,39788.0,126.0
2026-04-25 03:15:00,1777058100,39788.0,39801.0,39777.0,39781.0,227.0
2026-04-25 03:20:00,1777058400,39780.0,39783.0,39754.0,39754.0,317.0
2026-04-25 03:25:00,1777058700,39755.0,39761.0,39738.0,39755.0,245.0
2026-04-25 03:30:00,1777059000,39755.0,39773.0,39744.0,39754.0,198.0
2026-04-25 03:35:00,1777059300,39752.0,39752.0,39731.0,39747.0,195.0
2026-04-25 03:40:00,1777059600,39745.0,39756.0,39729.0,39741.0,202.0
2026-04-25 03:45:00,1777059900,39741.0,39743.0,39719.0,39724.0,240.0
2026-04-25 03:50:00,1777060200,39726.0,39741.0,39711.0,39728.0,255.0
2026-04-25 03:55:00,1777060500,39732.0,39764.0,39722.0,39742.0,338.0
2026-04-25 04:00:00,1777060800,39742.0,39764.0,39721.0,39739.0,378.0
2026-04-25 04:05:00,1777061100,39744.0,39750.0,39725.0,39741.0,191.0
2026-04-25 04:10:00,1777061400,39741.0,39748.0,39733.0,39746.0,78.0
2026-04-25 04:15:00,1777061700,39745.0,39759.0,39744.0,39746.0,109.0
2026-04-25 04:20:00,1777062000,39746.0,39762.0,39741.0,39748.0,126.0
2026-04-25 04:25:00,1777062300,39747.0,39748.0,39737.0,39738.0,121.0
2026-04-25 04:30:00,1777062600,39739.0,39756.0,39732.0,39750.0,123.0
2026-04-25 04:35:00,1777062900,39748.0,39755.0,39748.0,39752.0,96.0
2026-04-25 04:40:00,1777063200,39753.0,39763.0,39751.0,39756.0,119.0
2026-04-25 04:45:00,1777063500,39752.0,39752.0,39732.0,39748.0,225.0
2026-04-25 04:50:00,1777063800,39744.0,39763.0,39742.0,39759.0,192.0
2026-04-25 04:55:00,1777064100,39761.0,39775.0,39753.0,39775.0,312.0
2026-04-27 08:45:00,1777250700,39978.0,40000.0,39908.0,39988.0,7898.0
2026-04-27 08:50:00,1777251000,39990.0,40058.0,39950.0,39964.0,5276.0
2026-04-27 08:55:00,1777251300,39965.0,40007.0,39900.0,40007.0,4232.0
2026-04-27 09:00:00,1777251600,40004.0,40232.0,39906.0,40230.0,11633.0
2026-04-27 09:05:00,1777251900,40228.0,40338.0,40059.0,40111.0,8904.0
2026-04-27 09:10:00,1777252200,40107.0,40247.0,40092.0,40168.0,4290.0
2026-04-27 09:15:00,1777252500,40169.0,40280.0,40011.0,40273.0,7021.0
2026-04-27 09:20:00,1777252800,40272.0,40449.0,40272.0,40426.0,8022.0
2026-04-27 09:25:00,1777253100,40425.0,40446.0,40154.0,40326.0,6144.0
2026-04-27 09:30:00,1777253400,40320.0,40424.0,40306.0,40405.0,2881.0
2026-04-27 09:35:00,1777253700,40406.0,40440.0,40336.0,40352.0,2777.0
2026-04-27 09:40:00,1777254000,40352.0,40371.0,40209.0,40265.0,3787.0
2026-04-27 09:45:00,1777254300,40263.0,40275.0,40119.0,40222.0,4984.0
2026-04-27 09:50:00,1777254600,40216.0,40229.0,40085.0,40168.0,3426.0
2026-04-27 09:55:00,1777254900,40168.0,40186.0,39964.0,40150.0,6048.0
2026-04-27 10:00:00,1777255200,40150.0,40266.0,40124.0,40228.0,3693.0
2026-04-27 10:05:00,1777255500,40228.0,40340.0,40150.0,40329.0,3255.0
2026-04-27 10:10:00,1777255800,40325.0,40328.0,40248.0,40249.0,2012.0
2026-04-27 10:15:00,1777256100,40248.0,40383.0,40247.0,40335.0,2726.0
2026-04-27 10:20:00,1777256400,40334.0,40364.0,40275.0,40297.0,1746.0
2026-04-27 10:25:00,1777256700,40299.0,40322.0,40200.0,40273.0,2466.0
2026-04-27 10:30:00,1777257000,40270.0,40286.0,40184.0,40192.0,1435.0
2026-04-27 10:35:00,1777257300,40196.0,40247.0,40158.0,40187.0,1726.0
2026-04-27 10:40:00,1777257600,40187.0,40208.0,40107.0,40130.0,2530.0
2026-04-27 10:45:00,1777257900,40132.0,40210.0,40130.0,40173.0,1546.0
2026-04-27 10:50:00,1777258200,40172.0,40185.0,40068.0,40096.0,1826.0
2026-04-27 10:55:00,1777258500,40088.0,40176.0,40066.0,40111.0,2011.0
2026-04-27 11:00:00,1777258800,40114.0,40157.0,40024.0,40125.0,2880.0
2026-04-27 11:05:00,1777259100,40129.0,40157.0,40067.0,40103.0,1371.0
2026-04-27 11:10:00,1777259400,40108.0,40130.0,40061.0,40083.0,1105.0
2026-04-27 11:15:00,1777259700,40083.0,40188.0,40077.0,40162.0,1591.0
2026-04-27 11:20:00,1777260000,40163.0,40204.0,40110.0,40138.0,1520.0
2026-04-27 11:25:00,1777260300,40139.0,40165.0,40107.0,40148.0,864.0
2026-04-27 11:30:00,1777260600,40150.0,40210.0,40133.0,40194.0,1479.0
2026-04-27 11:35:00,1777260900,40196.0,40220.0,40152.0,40193.0,1068.0
2026-04-27 11:40:00,1777261200,40197.0,40241.0,40186.0,40239.0,893.0
2026-04-27 11:45:00,1777261500,40240.0,40293.0,40210.0,40233.0,2160.0
2026-04-27 11:50:00,1777261800,40235.0,40281.0,40222.0,40258.0,693.0
2026-04-27 11:55:00,1777262100,40258.0,40313.0,40255.0,40301.0,1016.0
2026-04-27 12:00:00,1777262400,40295.0,40318.0,40200.0,40259.0,1750.0
2026-04-27 12:05:00,1777262700,40258.0,40270.0,40201.0,40226.0,1068.0
2026-04-27 12:10:00,1777263000,40226.0,40226.0,40178.0,40182.0,974.0
2026-04-27 12:15:00,1777263300,40182.0,40220.0,40165.0,40173.0,903.0
2026-04-27 12:20:00,1777263600,40172.0,40214.0,40171.0,40198.0,650.0
2026-04-27 12:25:00,1777263900,40201.0,40240.0,40198.0,40227.0,730.0
2026-04-27 12:30:00,1777264200,40230.0,40262.0,40209.0,40222.0,1085.0
2026-04-27 12:35:00,1777264500,40221.0,40257.0,40181.0,40221.0,970.0
2026-04-27 12:40:00,1777264800,40218.0,40233.0,40201.0,40210.0,536.0
2026-04-27 12:45:00,1777265100,40208.0,40243.0,40201.0,40220.0,645.0
2026-04-27 12:50:00,1777265400,40221.0,40221.0,40165.0,40183.0,1169.0
2026-04-27 12:55:00,1777265700,40184.0,40187.0,40113.0,40152.0,1818.0
2026-04-27 13:00:00,1777266000,40161.0,40172.0,40071.0,40088.0,1967.0
2026-04-27 13:05:00,1777266300,40090.0,40129.0,40006.0,40110.0,3064.0
2026-04-27 13:10:00,1777266600,40113.0,40167.0,40082.0,40088.0,1676.0
2026-04-27 13:15:00,1777266900,40084.0,40108.0,40054.0,40057.0,1514.0
2026-04-27 13:20:00,1777267200,40058.0,40080.0,40022.0,40065.0,1773.0
2026-04-27 13:25:00,1777267500,40065.0,40077.0,39953.0,39959.0,2883.0
2026-04-27 13:30:00,1777267800,39960.0,39975.0,39861.0,39906.0,3830.0
2026-04-27 13:35:00,1777268100,39909.0,39910.0,39833.0,39890.0,2083.0
2026-04-27 13:40:00,1777268400,39892.0,39984.0,39877.0,39885.0,2686.0
2026-04-27 15:00:00,1777273200,39863.0,39889.0,39808.0,39877.0,2405.0
2026-04-27 15:05:00,1777273500,39875.0,39898.0,39804.0,39829.0,1393.0
2026-04-27 15:10:00,1777273800,39831.0,39853.0,39800.0,39837.0,963.0
2026-04-27 15:15:00,1777274100,39837.0,39843.0,39786.0,39826.0,1124.0
2026-04-27 15:20:00,1777274400,39826.0,39857.0,39809.0,39854.0,633.0
2026-04-27 15:25:00,1777274700,39852.0,39852.0,39788.0,39806.0,763.0
2026-04-27 15:30:00,1777275000,39807.0,39842.0,39772.0,39824.0,845.0
2026-04-27 15:35:00,1777275300,39825.0,39873.0,39806.0,39863.0,725.0
2026-04-27 15:40:00,1777275600,39864.0,39879.0,39852.0,39858.0,671.0
2026-04-27 15:45:00,1777275900,39858.0,39883.0,39844.0,39853.0,518.0
2026-04-27 15:50:00,1777276200,39851.0,39881.0,39836.0,39849.0,379.0
2026-04-27 15:55:00,1777276500,39850.0,39851.0,39803.0,39804.0,510.0
2026-04-27 16:00:00,1777276800,39805.0,39834.0,39746.0,39789.0,1801.0
2026-04-27 16:05:00,1777277100,39792.0,39799.0,39748.0,39760.0,713.0
2026-04-27 16:10:00,1777277400,39766.0,39768.0,39730.0,39738.0,1105.0
2026-04-27 16:15:00,1777277700,39738.0,39783.0,39730.0,39775.0,720.0
2026-04-27 16:20:00,1777278000,39775.0,39810.0,39772.0,39808.0,648.0
2026-04-27 16:25:00,1777278300,39810.0,39816.0,39784.0,39811.0,375.0
2026-04-27 16:30:00,1777278600,39808.0,39835.0,39801.0,39822.0,542.0
2026-04-27 16:35:00,1777278900,39822.0,39859.0,39810.0,39844.0,553.0
2026-04-27 16:40:00,1777279200,39843.0,39855.0,39833.0,39850.0,318.0
2026-04-27 16:45:00,1777279500,39851.0,39888.0,39827.0,39883.0,785.0
2026-04-27 16:50:00,1777279800,39886.0,39937.0,39879.0,39887.0,1314.0
2026-04-27 16:55:00,1777280100,39887.0,39912.0,39872.0,39881.0,480.0
2026-04-27 17:00:00,1777280400,39880.0,39913.0,39880.0,39895.0,455.0
2026-04-27 17:05:00,1777280700,39896.0,39915.0,39879.0,39892.0,317.0
2026-04-27 17:10:00,1777281000,39895.0,39918.0,39889.0,39889.0,228.0
2026-04-27 17:15:00,1777281300,39889.0,39889.0,39834.0,39849.0,781.0
2026-04-27 17:20:00,1777281600,39846.0,39876.0,39840.0,39869.0,339.0
2026-04-27 17:25:00,1777281900,39870.0,39934.0,39870.0,39921.0,746.0
2026-04-27 17:30:00,1777282200,39919.0,39983.0,39918.0,39980.0,1357.0
2026-04-27 17:35:00,1777282500,39980.0,39983.0,39940.0,39960.0,683.0
2026-04-27 17:40:00,1777282800,39958.0,39961.0,39921.0,39936.0,342.0
2026-04-27 17:45:00,1777283100,39935.0,39950.0,39919.0,39930.0,280.0
2026-04-27 17:50:00,1777283400,39930.0,39960.0,39930.0,39947.0,341.0
2026-04-27 17:55:00,1777283700,39947.0,39957.0,39915.0,39930.0,342.0
2026-04-27 18:00:00,1777284000,39930.0,39935.0,39910.0,39910.0,264.0
2026-04-27 18:05:00,1777284300,39910.0,39939.0,39908.0,39922.0,282.0
2026-04-27 18:10:00,1777284600,39922.0,39926.0,39908.0,39925.0,158.0
2026-04-27 18:15:00,1777284900,39926.0,39957.0,39924.0,39942.0,315.0
2026-04-27 18:20:00,1777285200,39943.0,39964.0,39943.0,39952.0,321.0
2026-04-27 18:25:00,1777285500,39952.0,39965.0,39932.0,39943.0,231.0
2026-04-27 18:30:00,1777285800,39943.0,39963.0,39933.0,39957.0,235.0
2026-04-27 18:35:00,1777286100,39952.0,39982.0,39951.0,39975.0,420.0
2026-04-27 18:40:00,1777286400,39972.0,40002.0,39972.0,39998.0,800.0
2026-04-27 18:45:00,1777286700,39998.0,40007.0,39971.0,39990.0,501.0
2026-04-27 18:50:00,1777287000,39989.0,40033.0,39987.0,40027.0,863.0
2026-04-27 18:55:00,1777287300,40027.0,40049.0,40016.0,40017.0,714.0
2026-04-27 19:00:00,1777287600,40019.0,40035.0,40006.0,40015.0,490.0
2026-04-27 19:05:00,1777287900,40015.0,40033.0,40015.0,40022.0,258.0
2026-04-27 19:10:00,1777288200,40020.0,40023.0,40004.0,40011.0,274.0
2026-04-27 19:15:00,1777288500,40011.0,40016.0,39984.0,40015.0,484.0
2026-04-27 19:20:00,1777288800,40014.0,40034.0,40008.0,40024.0,315.0
2026-04-27 19:25:00,1777289100,40022.0,40053.0,40016.0,40034.0,429.0
2026-04-27 19:30:00,1777289400,40035.0,40044.0,40015.0,40030.0,297.0
2026-04-27 19:35:00,1777289700,40029.0,40043.0,40011.0,40031.0,217.0
2026-04-27 19:40:00,1777290000,40032.0,40034.0,40022.0,40028.0,136.0
2026-04-27 19:45:00,1777290300,40026.0,40039.0,40026.0,40029.0,121.0
2026-04-27 19:50:00,1777290600,40026.0,40026.0,40008.0,40013.0,291.0
2026-04-27 19:55:00,1777290900,40012.0,40016.0,40001.0,40006.0,238.0
2026-04-27 20:00:00,1777291200,40005.0,40016.0,39977.0,40003.0,661.0
2026-04-27 20:05:00,1777291500,40001.0,40002.0,39975.0,39983.0,376.0
2026-04-27 20:10:00,1777291800,39984.0,40019.0,39978.0,40003.0,406.0
2026-04-27 20:15:00,1777292100,40003.0,40013.0,39980.0,39980.0,253.0
2026-04-27 20:20:00,1777292400,39984.0,39988.0,39951.0,39957.0,610.0
2026-04-27 20:25:00,1777292700,39958.0,39971.0,39912.0,39950.0,1306.0
2026-04-27 20:30:00,1777293000,39949.0,39965.0,39935.0,39950.0,532.0
2026-04-27 20:35:00,1777293300,39950.0,39957.0,39906.0,39925.0,599.0
2026-04-27 20:40:00,1777293600,39923.0,39931.0,39880.0,39915.0,1015.0
2026-04-27 20:45:00,1777293900,39920.0,39958.0,39904.0,39953.0,607.0
2026-04-27 20:50:00,1777294200,39954.0,39961.0,39929.0,39937.0,464.0
2026-04-27 20:55:00,1777294500,39940.0,39940.0,39875.0,39885.0,764.0
2026-04-27 21:00:00,1777294800,39889.0,39893.0,39833.0,39875.0,1519.0
2026-04-27 21:05:00,1777295100,39875.0,39893.0,39842.0,39883.0,663.0
2026-04-27 21:10:00,1777295400,39882.0,39905.0,39876.0,39879.0,652.0
2026-04-27 21:15:00,1777295700,39881.0,39905.0,39876.0,39894.0,334.0
2026-04-27 21:20:00,1777296000,39892.0,39917.0,39868.0,39870.0,627.0
2026-04-27 21:25:00,1777296300,39869.0,39893.0,39842.0,39892.0,682.0
2026-04-27 21:30:00,1777296600,39890.0,39906.0,39780.0,39842.0,3550.0
2026-04-27 21:35:00,1777296900,39840.0,39896.0,39805.0,39807.0,2223.0
2026-04-27 21:40:00,1777297200,39812.0,39813.0,39662.0,39701.0,5748.0
2026-04-27 21:45:00,1777297500,39701.0,39710.0,39549.0,39581.0,5054.0
2026-04-27 21:50:00,1777297800,39581.0,39652.0,39500.0,39648.0,5267.0
2026-04-27 21:55:00,1777298100,39647.0,39767.0,39643.0,39737.0,4127.0
2026-04-27 22:00:00,1777298400,39735.0,39764.0,39691.0,39736.0,2537.0
2026-04-27 22:05:00,1777298700,39738.0,39780.0,39691.0,39702.0,1951.0
2026-04-27 22:10:00,1777299000,39700.0,39754.0,39675.0,39719.0,1717.0
2026-04-27 22:15:00,1777299300,39719.0,39728.0,39652.0,39680.0,1456.0
2026-04-27 22:20:00,1777299600,39681.0,39700.0,39626.0,39660.0,1342.0
2026-04-27 22:25:00,1777299900,39658.0,39680.0,39585.0,39588.0,1817.0
2026-04-27 22:30:00,1777300200,39590.0,39604.0,39487.0,39595.0,4519.0
2026-04-27 22:35:00,1777300500,39595.0,39678.0,39583.0,39621.0,3032.0
2026-04-27 22:40:00,1777300800,39625.0,39644.0,39583.0,39625.0,1341.0
2026-04-27 22:45:00,1777301100,39625.0,39633.0,39576.0,39625.0,1054.0
2026-04-27 22:50:00,1777301400,39624.0,39657.0,39558.0,39583.0,1542.0
2026-04-27 22:55:00,1777301700,39583.0,39601.0,39542.0,39583.0,1132.0
2026-04-27 23:00:00,1777302000,39588.0,39604.0,39505.0,39540.0,1623.0
2026-04-27 23:05:00,1777302300,39541.0,39615.0,39528.0,39598.0,1442.0
2026-04-27 23:10:00,1777302600,39596.0,39616.0,39555.0,39556.0,1030.0
2026-04-27 23:15:00,1777302900,39555.0,39603.0,39546.0,39571.0,841.0
2026-04-27 23:20:00,1777303200,39575.0,39584.0,39508.0,39539.0,1218.0
2026-04-27 23:25:00,1777303500,39538.0,39592.0,39520.0,39592.0,867.0
2026-04-27 23:30:00,1777303800,39593.0,39621.0,39565.0,39600.0,1188.0
2026-04-27 23:35:00,1777304100,39599.0,39618.0,39579.0,39614.0,494.0
2026-04-27 23:40:00,1777304400,39615.0,39668.0,39610.0,39634.0,1316.0
2026-04-27 23:45:00,1777304700,39633.0,39660.0,39615.0,39626.0,876.0
2026-04-27 23:50:00,1777305000,39625.0,39643.0,39591.0,39605.0,696.0
2026-04-27 23:55:00,1777305300,39605.0,39615.0,39580.0,39600.0,623.0
2026-04-28 00:00:00,1777305600,39604.0,39616.0,39555.0,39588.0,967.0
2026-04-28 00:05:00,1777305900,39588.0,39605.0,39581.0,39590.0,423.0
2026-04-28 00:10:00,1777306200,39590.0,39616.0,39586.0,39603.0,541.0
2026-04-28 00:15:00,1777306500,39603.0,39645.0,39597.0,39633.0,590.0
2026-04-28 00:20:00,1777306800,39633.0,39634.0,39582.0,39582.0,497.0
2026-04-28 00:25:00,1777307100,39582.0,39597.0,39573.0,39583.0,321.0
2026-04-28 00:30:00,1777307400,39584.0,39622.0,39584.0,39616.0,373.0
2026-04-28 00:35:00,1777307700,39617.0,39629.0,39592.0,39612.0,285.0
2026-04-28 00:40:00,1777308000,39614.0,39625.0,39597.0,39606.0,245.0
2026-04-28 00:45:00,1777308300,39609.0,39622.0,39586.0,39598.0,262.0
2026-04-28 00:50:00,1777308600,39600.0,39600.0,39553.0,39557.0,496.0
2026-04-28 00:55:00,1777308900,39560.0,39566.0,39536.0,39555.0,425.0
2026-04-28 01:00:00,1777309200,39553.0,39575.0,39551.0,39559.0,313.0
2026-04-28 01:05:00,1777309500,39560.0,39584.0,39555.0,39566.0,280.0
2026-04-28 01:10:00,1777309800,39569.0,39596.0,39556.0,39587.0,329.0
2026-04-28 01:15:00,1777310100,39588.0,39593.0,39514.0,39538.0,710.0
2026-04-28 01:20:00,1777310400,39536.0,39573.0,39508.0,39556.0,866.0
2026-04-28 01:25:00,1777310700,39556.0,39599.0,39555.0,39594.0,436.0
2026-04-28 01:30:00,1777311000,39594.0,39662.0,39590.0,39652.0,821.0
2026-04-28 01:35:00,1777311300,39652.0,39658.0,39612.0,39612.0,366.0
2026-04-28 01:40:00,1777311600,39613.0,39623.0,39609.0,39620.0,196.0
2026-04-28 01:45:00,1777311900,39619.0,39634.0,39615.0,39630.0,165.0
2026-04-28 01:50:00,1777312200,39627.0,39630.0,39587.0,39595.0,207.0
2026-04-28 01:55:00,1777312500,39595.0,39610.0,39595.0,39602.0,102.0
2026-04-28 02:00:00,1777312800,39600.0,39613.0,39595.0,39602.0,117.0
2026-04-28 02:05:00,1777313100,39597.0,39623.0,39597.0,39623.0,137.0
2026-04-28 02:10:00,1777313400,39622.0,39627.0,39610.0,39614.0,98.0
2026-04-28 02:15:00,1777313700,39618.0,39619.0,39598.0,39601.0,102.0
2026-04-28 02:20:00,1777314000,39597.0,39625.0,39593.0,39621.0,98.0
2026-04-28 02:25:00,1777314300,39615.0,39632.0,39612.0,39615.0,115.0
2026-04-28 02:30:00,1777314600,39615.0,39639.0,39615.0,39627.0,126.0
2026-04-28 02:35:00,1777314900,39627.0,39640.0,39624.0,39633.0,76.0
2026-04-28 02:40:00,1777315200,39631.0,39632.0,39596.0,39606.0,154.0
2026-04-28 02:45:00,1777315500,39605.0,39619.0,39583.0,39611.0,191.0
2026-04-28 02:50:00,1777315800,39611.0,39621.0,39580.0,39586.0,113.0
2026-04-28 02:55:00,1777316100,39584.0,39603.0,39582.0,39595.0,47.0
2026-04-28 03:00:00,1777316400,39591.0,39615.0,39586.0,39614.0,102.0
2026-04-28 03:05:00,1777316700,39614.0,39628.0,39602.0,39620.0,96.0
2026-04-28 03:10:00,1777317000,39621.0,39677.0,39620.0,39672.0,400.0
2026-04-28 03:15:00,1777317300,39671.0,39697.0,39661.0,39694.0,363.0
2026-04-28 03:20:00,1777317600,39695.0,39704.0,39678.0,39679.0,343.0
2026-04-28 03:25:00,1777317900,39680.0,39692.0,39671.0,39686.0,154.0
2026-04-28 03:30:00,1777318200,39686.0,39713.0,39677.0,39703.0,312.0
2026-04-28 03:35:00,1777318500,39704.0,39713.0,39669.0,39687.0,196.0
2026-04-28 03:40:00,1777318800,39686.0,39687.0,39661.0,39686.0,121.0
2026-04-28 03:45:00,1777319100,39687.0,39715.0,39686.0,39715.0,197.0
2026-04-28 03:50:00,1777319400,39716.0,39728.0,39704.0,39713.0,319.0
2026-04-28 03:55:00,1777319700,39708.0,39709.0,39689.0,39698.0,118.0
2026-04-28 04:00:00,1777320000,39696.0,39721.0,39685.0,39706.0,194.0
2026-04-28 04:05:00,1777320300,39706.0,39709.0,39697.0,39705.0,36.0
2026-04-28 04:10:00,1777320600,39705.0,39745.0,39705.0,39736.0,191.0
2026-04-28 04:15:00,1777320900,39735.0,39747.0,39723.0,39723.0,122.0
2026-04-28 04:20:00,1777321200,39723.0,39736.0,39708.0,39710.0,90.0
2026-04-28 04:25:00,1777321500,39710.0,39732.0,39710.0,39728.0,57.0
2026-04-28 04:30:00,1777321800,39728.0,39739.0,39727.0,39728.0,73.0
2026-04-28 04:35:00,1777322100,39728.0,39743.0,39728.0,39742.0,87.0
2026-04-28 04:40:00,1777322400,39740.0,39749.0,39735.0,39744.0,163.0
2026-04-28 04:45:00,1777322700,39741.0,39748.0,39721.0,39725.0,236.0
2026-04-28 04:50:00,1777323000,39729.0,39738.0,39708.0,39716.0,214.0
2026-04-28 04:55:00,1777323300,39714.0,39730.0,39705.0,39721.0,230.0
2026-04-28 08:45:00,1777337100,39791.0,39955.0,39791.0,39941.0,7095.0
2026-04-28 08:50:00,1777337400,39943.0,39949.0,39890.0,39928.0,2133.0
2026-04-28 08:55:00,1777337700,39926.0,39956.0,39882.0,39895.0,1909.0
2026-04-28 09:00:00,1777338000,39898.0,39993.0,39828.0,39957.0,6445.0
2026-04-28 09:05:00,1777338300,39960.0,40009.0,39882.0,39913.0,4498.0
2026-04-28 09:10:00,1777338600,39909.0,40018.0,39909.0,39999.0,3020.0
2026-04-28 09:15:00,1777338900,39997.0,40178.0,39995.0,40126.0,6445.0
2026-04-28 09:20:00,1777339200,40130.0,40166.0,40084.0,40152.0,2438.0
2026-04-28 09:25:00,1777339500,40150.0,40248.0,40150.0,40222.0,4168.0
2026-04-28 09:30:00,1777339800,40224.0,40288.0,40197.0,40228.0,3783.0
2026-04-28 09:35:00,1777340100,40224.0,40320.0,40197.0,40307.0,4002.0
2026-04-28 09:40:00,1777340400,40308.0,40346.0,40232.0,40237.0,3552.0
2026-04-28 09:45:00,1777340700,40237.0,40294.0,40176.0,40213.0,3081.0
2026-04-28 09:50:00,1777341000,40215.0,40237.0,40081.0,40103.0,5232.0
2026-04-28 09:55:00,1777341300,40104.0,40142.0,39968.0,39985.0,5222.0
2026-04-28 10:00:00,1777341600,39990.0,40038.0,39893.0,40016.0,6209.0
2026-04-28 10:05:00,1777341900,40016.0,40088.0,39988.0,40082.0,2824.0
2026-04-28 10:10:00,1777342200,40081.0,40112.0,40019.0,40064.0,2261.0
2026-04-28 10:15:00,1777342500,40066.0,40090.0,40040.0,40073.0,1278.0
2026-04-28 10:20:00,1777342800,40073.0,40107.0,39988.0,39996.0,2106.0
2026-04-28 10:25:00,1777343100,39995.0,40050.0,39941.0,40000.0,2682.0
2026-04-28 10:30:00,1777343400,40000.0,40055.0,39929.0,40026.0,2115.0
2026-04-28 10:35:00,1777343700,40029.0,40079.0,40006.0,40048.0,1614.0
2026-04-28 10:40:00,1777344000,40040.0,40077.0,40023.0,40038.0,1007.0
2026-04-28 10:45:00,1777344300,40040.0,40089.0,40013.0,40036.0,1369.0
2026-04-28 10:50:00,1777344600,40040.0,40095.0,40008.0,40018.0,1231.0
2026-04-28 10:55:00,1777344900,40019.0,40025.0,39957.0,39974.0,1678.0
2026-04-28 11:00:00,1777345200,39976.0,40018.0,39933.0,39954.0,1870.0
2026-04-28 11:05:00,1777345500,39956.0,40013.0,39941.0,39992.0,1316.0
2026-04-28 11:10:00,1777345800,39993.0,40085.0,39989.0,40031.0,2152.0
2026-04-28 11:15:00,1777346100,40033.0,40044.0,39972.0,40044.0,1019.0
2026-04-28 11:20:00,1777346400,40043.0,40045.0,39951.0,39952.0,1036.0
2026-04-28 11:25:00,1777346700,39951.0,40015.0,39949.0,39998.0,809.0
2026-04-28 11:30:00,1777347000,39997.0,40004.0,39955.0,39976.0,655.0
2026-04-28 11:35:00,1777347300,39977.0,39989.0,39936.0,39962.0,1077.0
2026-04-28 11:40:00,1777347600,39962.0,39993.0,39924.0,39927.0,1219.0
2026-04-28 11:45:00,1777347900,39931.0,39957.0,39912.0,39941.0,1169.0
2026-04-28 11:50:00,1777348200,39942.0,39946.0,39879.0,39891.0,1452.0
2026-04-28 11:55:00,1777348500,39889.0,39948.0,39886.0,39946.0,1097.0
2026-04-28 12:00:00,1777348800,39948.0,39971.0,39901.0,39910.0,1303.0
2026-04-28 12:05:00,1777349100,39907.0,39957.0,39880.0,39942.0,1204.0
2026-04-28 12:10:00,1777349400,39940.0,39990.0,39936.0,39964.0,1210.0
2026-04-28 12:15:00,1777349700,39965.0,40021.0,39960.0,40009.0,1362.0
2026-04-28 12:20:00,1777350000,40010.0,40053.0,40000.0,40024.0,1356.0
2026-04-28 12:25:00,1777350300,40024.0,40029.0,39986.0,40012.0,677.0
2026-04-28 12:30:00,1777350600,40010.0,40065.0,40010.0,40065.0,1115.0
2026-04-28 12:35:00,1777350900,40065.0,40084.0,40048.0,40053.0,949.0
2026-04-28 12:40:00,1777351200,40052.0,40062.0,40035.0,40048.0,580.0
2026-04-28 12:45:00,1777351500,40049.0,40057.0,39982.0,39998.0,1491.0
2026-04-28 12:50:00,1777351800,39997.0,40013.0,39957.0,39967.0,926.0
2026-04-28 12:55:00,1777352100,39968.0,39980.0,39958.0,39967.0,553.0
2026-04-28 13:00:00,1777352400,39967.0,39970.0,39935.0,39952.0,891.0
2026-04-28 13:05:00,1777352700,39954.0,39954.0,39852.0,39865.0,1806.0
2026-04-28 13:10:00,1777353000,39862.0,39874.0,39775.0,39779.0,3302.0
2026-04-28 13:15:00,1777353300,39783.0,39792.0,39736.0,39762.0,2130.0
2026-04-28 13:20:00,1777353600,39762.0,39804.0,39756.0,39802.0,1450.0
2026-04-28 13:25:00,1777353900,39802.0,39805.0,39752.0,39754.0,1573.0
2026-04-28 13:30:00,1777354200,39757.0,39784.0,39729.0,39760.0,2143.0
2026-04-28 13:35:00,1777354500,39762.0,39763.0,39660.0,39722.0,2745.0
2026-04-28 13:40:00,1777354800,39722.0,39782.0,39711.0,39745.0,1546.0
2026-04-28 13:45:00,1777355100,39739.0,39739.0,39739.0,39739.0,1.0
2026-04-28 15:00:00,1777359600,39680.0,39698.0,39624.0,39678.0,2195.0
2026-04-28 15:05:00,1777359900,39677.0,39725.0,39667.0,39674.0,977.0
2026-04-28 15:10:00,1777360200,39675.0,39685.0,39612.0,39667.0,1332.0
2026-04-28 15:15:00,1777360500,39671.0,39707.0,39656.0,39684.0,837.0
2026-04-28 15:20:00,1777360800,39685.0,39699.0,39666.0,39690.0,339.0
2026-04-28 15:25:00,1777361100,39692.0,39704.0,39680.0,39697.0,393.0
2026-04-28 15:30:00,1777361400,39701.0,39778.0,39695.0,39740.0,1288.0
2026-04-28 15:35:00,1777361700,39739.0,39787.0,39734.0,39775.0,730.0
2026-04-28 15:40:00,1777362000,39777.0,39791.0,39743.0,39749.0,600.0
2026-04-28 15:45:00,1777362300,39750.0,39763.0,39745.0,39760.0,261.0
2026-04-28 15:50:00,1777362600,39761.0,39766.0,39728.0,39759.0,500.0
2026-04-28 15:55:00,1777362900,39760.0,39794.0,39748.0,39784.0,632.0
2026-04-28 16:00:00,1777363200,39783.0,39790.0,39693.0,39711.0,1228.0
2026-04-28 16:05:00,1777363500,39710.0,39733.0,39699.0,39717.0,552.0
2026-04-28 16:10:00,1777363800,39720.0,39721.0,39670.0,39705.0,904.0
2026-04-28 16:15:00,1777364100,39705.0,39764.0,39705.0,39742.0,682.0
2026-04-28 16:20:00,1777364400,39741.0,39764.0,39737.0,39743.0,333.0
2026-04-28 16:25:00,1777364700,39741.0,39808.0,39739.0,39808.0,653.0
2026-04-28 16:30:00,1777365000,39808.0,39837.0,39804.0,39832.0,1183.0
2026-04-28 16:35:00,1777365300,39832.0,39855.0,39818.0,39835.0,812.0
2026-04-28 16:40:00,1777365600,39837.0,39842.0,39811.0,39818.0,434.0
2026-04-28 16:45:00,1777365900,39817.0,39825.0,39790.0,39791.0,497.0
2026-04-28 16:50:00,1777366200,39791.0,39818.0,39785.0,39802.0,406.0
2026-04-28 16:55:00,1777366500,39800.0,39832.0,39795.0,39827.0,240.0
2026-04-28 17:00:00,1777366800,39825.0,39828.0,39786.0,39793.0,364.0
2026-04-28 17:05:00,1777367100,39798.0,39810.0,39778.0,39805.0,291.0
2026-04-28 17:10:00,1777367400,39805.0,39807.0,39780.0,39782.0,229.0
2026-04-28 17:15:00,1777367700,39784.0,39786.0,39747.0,39762.0,660.0
2026-04-28 17:20:00,1777368000,39759.0,39766.0,39703.0,39708.0,767.0
2026-04-28 17:25:00,1777368300,39710.0,39717.0,39661.0,39679.0,1251.0
2026-04-28 17:30:00,1777368600,39680.0,39692.0,39640.0,39657.0,1206.0
2026-04-28 17:35:00,1777368900,39655.0,39685.0,39635.0,39641.0,806.0
2026-04-28 17:40:00,1777369200,39642.0,39648.0,39588.0,39629.0,2152.0
2026-04-28 17:45:00,1777369500,39631.0,39640.0,39601.0,39616.0,795.0
2026-04-28 17:50:00,1777369800,39610.0,39655.0,39606.0,39650.0,591.0
2026-04-28 17:55:00,1777370100,39650.0,39668.0,39631.0,39632.0,652.0
2026-04-28 18:00:00,1777370400,39633.0,39673.0,39626.0,39657.0,668.0
2026-04-28 18:05:00,1777370700,39657.0,39661.0,39635.0,39641.0,442.0
2026-04-28 18:10:00,1777371000,39640.0,39661.0,39629.0,39650.0,331.0
2026-04-28 18:15:00,1777371300,39649.0,39694.0,39641.0,39680.0,655.0
2026-04-28 18:20:00,1777371600,39683.0,39697.0,39667.0,39667.0,462.0
2026-04-28 18:25:00,1777371900,39669.0,39670.0,39653.0,39655.0,337.0
2026-04-28 18:30:00,1777372200,39653.0,39690.0,39652.0,39670.0,369.0
2026-04-28 18:35:00,1777372500,39670.0,39680.0,39646.0,39658.0,297.0
2026-04-28 18:40:00,1777372800,39654.0,39661.0,39611.0,39617.0,519.0
2026-04-28 18:45:00,1777373100,39621.0,39628.0,39573.0,39599.0,1221.0
2026-04-28 18:50:00,1777373400,39597.0,39604.0,39580.0,39585.0,664.0
2026-04-28 18:55:00,1777373700,39587.0,39644.0,39579.0,39638.0,660.0
2026-04-28 19:00:00,1777374000,39635.0,39668.0,39597.0,39601.0,815.0
2026-04-28 19:05:00,1777374300,39601.0,39605.0,39542.0,39542.0,1344.0
2026-04-28 19:10:00,1777374600,39542.0,39552.0,39516.0,39544.0,1345.0
2026-04-28 19:15:00,1777374900,39544.0,39545.0,39453.0,39462.0,2487.0
2026-04-28 19:20:00,1777375200,39460.0,39467.0,39422.0,39446.0,2013.0
2026-04-28 19:25:00,1777375500,39450.0,39457.0,39371.0,39383.0,2071.0
2026-04-28 19:30:00,1777375800,39384.0,39390.0,39326.0,39387.0,2472.0
2026-04-28 19:35:00,1777376100,39392.0,39408.0,39360.0,39381.0,1387.0
2026-04-28 19:40:00,1777376400,39376.0,39413.0,39343.0,39393.0,1548.0
2026-04-28 19:45:00,1777376700,39391.0,39408.0,39292.0,39296.0,2105.0
2026-04-28 19:50:00,1777377000,39298.0,39325.0,39260.0,39311.0,2450.0
2026-04-28 19:55:00,1777377300,39309.0,39321.0,39291.0,39296.0,931.0
2026-04-28 20:00:00,1777377600,39297.0,39350.0,39281.0,39320.0,1220.0
2026-04-28 20:05:00,1777377900,39320.0,39345.0,39294.0,39300.0,858.0
2026-04-28 20:10:00,1777378200,39294.0,39350.0,39274.0,39339.0,1270.0
2026-04-28 20:15:00,1777378500,39340.0,39346.0,39276.0,39276.0,837.0
2026-04-28 20:20:00,1777378800,39280.0,39404.0,39230.0,39271.0,4907.0
2026-04-28 20:25:00,1777379100,39274.0,39294.0,39251.0,39287.0,780.0
2026-04-28 20:30:00,1777379400,39286.0,39299.0,39231.0,39294.0,1327.0
2026-04-28 20:35:00,1777379700,39293.0,39318.0,39275.0,39310.0,800.0
2026-04-28 20:40:00,1777380000,39312.0,39325.0,39283.0,39293.0,815.0
2026-04-28 20:45:00,1777380300,39293.0,39339.0,39291.0,39330.0,782.0
2026-04-28 20:50:00,1777380600,39329.0,39352.0,39325.0,39337.0,741.0
2026-04-28 20:55:00,1777380900,39339.0,39384.0,39339.0,39376.0,906.0
2026-04-28 21:00:00,1777381200,39373.0,39390.0,39336.0,39338.0,900.0
2026-04-28 21:05:00,1777381500,39337.0,39340.0,39303.0,39323.0,807.0
2026-04-28 21:10:00,1777381800,39325.0,39343.0,39302.0,39302.0,512.0
2026-04-28 21:15:00,1777382100,39302.0,39320.0,39290.0,39308.0,628.0
2026-04-28 21:20:00,1777382400,39306.0,39335.0,39305.0,39327.0,435.0
2026-04-28 21:25:00,1777382700,39325.0,39362.0,39276.0,39319.0,1410.0
2026-04-28 21:30:00,1777383000,39314.0,39385.0,39215.0,39352.0,4707.0
2026-04-28 21:35:00,1777383300,39354.0,39429.0,39348.0,39414.0,2854.0
2026-04-28 21:40:00,1777383600,39412.0,39507.0,39396.0,39470.0,3541.0
2026-04-28 21:45:00,1777383900,39471.0,39496.0,39416.0,39454.0,2432.0
2026-04-28 21:50:00,1777384200,39456.0,39464.0,39371.0,39389.0,2199.0
2026-04-28 21:55:00,1777384500,39391.0,39463.0,39351.0,39445.0,2140.0
2026-04-28 22:00:00,1777384800,39440.0,39446.0,39383.0,39403.0,1399.0
2026-04-28 22:05:00,1777385100,39402.0,39492.0,39400.0,39488.0,1813.0
2026-04-28 22:10:00,1777385400,39489.0,39526.0,39468.0,39485.0,2233.0
2026-04-28 22:15:00,1777385700,39487.0,39516.0,39439.0,39466.0,1882.0
2026-04-28 22:20:00,1777386000,39465.0,39485.0,39406.0,39412.0,1472.0
2026-04-28 22:25:00,1777386300,39412.0,39441.0,39375.0,39399.0,1841.0
2026-04-28 22:30:00,1777386600,39395.0,39412.0,39307.0,39331.0,2245.0
2026-04-28 22:35:00,1777386900,39333.0,39336.0,39221.0,39272.0,3180.0
2026-04-28 22:40:00,1777387200,39273.0,39317.0,39206.0,39313.0,3650.0
2026-04-28 22:45:00,1777387500,39308.0,39335.0,39248.0,39270.0,2103.0
2026-04-28 22:50:00,1777387800,39269.0,39278.0,39185.0,39222.0,3294.0
2026-04-28 22:55:00,1777388100,39225.0,39337.0,39200.0,39331.0,3525.0
2026-04-28 23:00:00,1777388400,39335.0,39376.0,39306.0,39314.0,2076.0
2026-04-28 23:05:00,1777388700,39316.0,39326.0,39246.0,39255.0,1527.0
2026-04-28 23:10:00,1777389000,39258.0,39288.0,39227.0,39270.0,1395.0
2026-04-28 23:15:00,1777389300,39273.0,39293.0,39238.0,39282.0,768.0
2026-04-28 23:20:00,1777389600,39282.0,39288.0,39245.0,39268.0,725.0
2026-04-28 23:25:00,1777389900,39269.0,39277.0,39231.0,39261.0,725.0
2026-04-28 23:30:00,1777390200,39262.0,39264.0,39206.0,39238.0,1270.0
2026-04-28 23:35:00,1777390500,39233.0,39293.0,39214.0,39267.0,950.0
2026-04-28 23:40:00,1777390800,39265.0,39286.0,39240.0,39251.0,572.0
2026-04-28 23:45:00,1777391100,39252.0,39259.0,39219.0,39237.0,946.0
2026-04-28 23:50:00,1777391400,39240.0,39264.0,39228.0,39254.0,498.0
2026-04-28 23:55:00,1777391700,39253.0,39284.0,39241.0,39281.0,547.0
2026-04-29 00:00:00,1777392000,39280.0,39320.0,39268.0,39310.0,1178.0
2026-04-29 00:05:00,1777392300,39307.0,39346.0,39298.0,39317.0,1451.0
2026-04-29 00:10:00,1777392600,39318.0,39340.0,39295.0,39333.0,763.0
2026-04-29 00:15:00,1777392900,39330.0,39340.0,39307.0,39338.0,423.0
2026-04-29 00:20:00,1777393200,39340.0,39360.0,39335.0,39341.0,591.0
2026-04-29 00:25:00,1777393500,39341.0,39350.0,39316.0,39319.0,455.0
2026-04-29 00:30:00,1777393800,39318.0,39325.0,39267.0,39268.0,788.0
2026-04-29 00:35:00,1777394100,39268.0,39300.0,39249.0,39279.0,599.0
2026-04-29 00:40:00,1777394400,39281.0,39292.0,39272.0,39287.0,234.0
2026-04-29 00:45:00,1777394700,39287.0,39324.0,39284.0,39317.0,447.0
2026-04-29 00:50:00,1777395000,39317.0,39360.0,39282.0,39354.0,1115.0
2026-04-29 00:55:00,1777395300,39351.0,39354.0,39326.0,39338.0,235.0
2026-04-29 01:00:00,1777395600,39340.0,39352.0,39288.0,39293.0,487.0
2026-04-29 01:05:00,1777395900,39296.0,39310.0,39274.0,39305.0,651.0
2026-04-29 01:10:00,1777396200,39305.0,39312.0,39271.0,39304.0,328.0
2026-04-29 01:15:00,1777396500,39312.0,39318.0,39288.0,39291.0,218.0
2026-04-29 01:20:00,1777396800,39295.0,39330.0,39295.0,39327.0,166.0
2026-04-29 01:25:00,1777397100,39325.0,39368.0,39321.0,39357.0,414.0
2026-04-29 01:30:00,1777397400,39355.0,39431.0,39350.0,39431.0,1001.0
2026-04-29 01:35:00,1777397700,39431.0,39452.0,39428.0,39440.0,673.0
2026-04-29 01:40:00,1777398000,39441.0,39473.0,39441.0,39448.0,598.0
2026-04-29 01:45:00,1777398300,39448.0,39461.0,39428.0,39432.0,383.0
2026-04-29 01:50:00,1777398600,39431.0,39449.0,39426.0,39443.0,211.0
2026-04-29 01:55:00,1777398900,39440.0,39452.0,39434.0,39441.0,140.0
2026-04-29 02:00:00,1777399200,39440.0,39448.0,39388.0,39391.0,506.0
2026-04-29 02:05:00,1777399500,39393.0,39422.0,39373.0,39418.0,341.0
2026-04-29 02:10:00,1777399800,39417.0,39422.0,39403.0,39422.0,139.0
2026-04-29 02:15:00,1777400100,39423.0,39455.0,39423.0,39448.0,265.0
2026-04-29 02:20:00,1777400400,39448.0,39494.0,39448.0,39480.0,1024.0
2026-04-29 02:25:00,1777400700,39484.0,39506.0,39470.0,39478.0,762.0
2026-04-29 02:30:00,1777401000,39478.0,39487.0,39451.0,39460.0,322.0
2026-04-29 02:35:00,1777401300,39460.0,39484.0,39448.0,39477.0,139.0
2026-04-29 02:40:00,1777401600,39476.0,39503.0,39476.0,39503.0,237.0
2026-04-29 02:45:00,1777401900,39503.0,39507.0,39481.0,39488.0,190.0
2026-04-29 02:50:00,1777402200,39486.0,39494.0,39472.0,39492.0,158.0
2026-04-29 02:55:00,1777402500,39490.0,39490.0,39461.0,39481.0,134.0
2026-04-29 03:00:00,1777402800,39482.0,39504.0,39470.0,39495.0,221.0
2026-04-29 03:05:00,1777403100,39495.0,39520.0,39485.0,39487.0,413.0
2026-04-29 03:10:00,1777403400,39484.0,39505.0,39474.0,39474.0,125.0
2026-04-29 03:15:00,1777403700,39471.0,39471.0,39454.0,39458.0,178.0
2026-04-29 03:20:00,1777404000,39457.0,39480.0,39448.0,39468.0,148.0
2026-04-29 03:25:00,1777404300,39468.0,39478.0,39462.0,39469.0,54.0
2026-04-29 03:30:00,1777404600,39467.0,39470.0,39455.0,39457.0,85.0
2026-04-29 03:35:00,1777404900,39453.0,39462.0,39439.0,39455.0,113.0
2026-04-29 03:40:00,1777405200,39456.0,39468.0,39450.0,39455.0,76.0
2026-04-29 03:45:00,1777405500,39451.0,39457.0,39444.0,39457.0,74.0
2026-04-29 03:50:00,1777405800,39457.0,39475.0,39436.0,39457.0,140.0
2026-04-29 03:55:00,1777406100,39461.0,39466.0,39437.0,39446.0,128.0
2026-04-29 04:00:00,1777406400,39449.0,39454.0,39424.0,39439.0,186.0
2026-04-29 04:05:00,1777406700,39444.0,39473.0,39444.0,39465.0,102.0
2026-04-29 04:10:00,1777407000,39472.0,39486.0,39467.0,39475.0,102.0
2026-04-29 04:15:00,1777407300,39473.0,39491.0,39472.0,39483.0,66.0
2026-04-29 04:20:00,1777407600,39481.0,39490.0,39478.0,39483.0,110.0
2026-04-29 04:25:00,1777407900,39484.0,39494.0,39483.0,39491.0,82.0
2026-04-29 04:30:00,1777408200,39490.0,39493.0,39484.0,39484.0,77.0
2026-04-29 04:35:00,1777408500,39483.0,39500.0,39480.0,39486.0,141.0
2026-04-29 04:40:00,1777408800,39486.0,39493.0,39481.0,39487.0,85.0
2026-04-29 04:45:00,1777409100,39489.0,39490.0,39466.0,39473.0,165.0
2026-04-29 04:50:00,1777409400,39472.0,39473.0,39450.0,39450.0,117.0
2026-04-29 04:55:00,1777409700,39449.0,39471.0,39446.0,39464.0,215.0
2026-04-29 08:45:00,1777423500,39691.0,39787.0,39410.0,39527.0,10186.0
2026-04-29 08:50:00,1777423800,39529.0,39532.0,39441.0,39459.0,3192.0
2026-04-29 08:55:00,1777424100,39460.0,39482.0,39333.0,39344.0,3730.0
2026-04-29 09:00:00,1777424400,39346.0,39433.0,39306.0,39344.0,5284.0
2026-04-29 09:05:00,1777424700,39349.0,39379.0,39120.0,39166.0,10173.0
2026-04-29 09:10:00,1777425000,39168.0,39347.0,39155.0,39285.0,5195.0
2026-04-29 09:15:00,1777425300,39287.0,39372.0,39278.0,39361.0,3467.0
2026-04-29 09:20:00,1777425600,39363.0,39405.0,39251.0,39268.0,3784.0
2026-04-29 09:25:00,1777425900,39270.0,39362.0,39259.0,39347.0,2269.0
2026-04-29 09:30:00,1777426200,39344.0,39455.0,39316.0,39436.0,3963.0
2026-04-29 09:35:00,1777426500,39440.0,39480.0,39391.0,39464.0,3138.0
2026-04-29 09:40:00,1777426800,39467.0,39499.0,39370.0,39378.0,2887.0
2026-04-29 09:45:00,1777427100,39376.0,39420.0,39345.0,39390.0,2424.0
2026-04-29 09:50:00,1777427400,39393.0,39440.0,39351.0,39417.0,1560.0
2026-04-29 09:55:00,1777427700,39414.0,39473.0,39395.0,39468.0,1606.0
2026-04-29 10:00:00,1777428000,39466.0,39534.0,39417.0,39433.0,3848.0
2026-04-29 10:05:00,1777428300,39429.0,39506.0,39403.0,39439.0,2046.0
2026-04-29 10:10:00,1777428600,39438.0,39438.0,39353.0,39358.0,2111.0
2026-04-29 10:15:00,1777428900,39363.0,39494.0,39348.0,39399.0,2766.0
2026-04-29 10:20:00,1777429200,39401.0,39402.0,39309.0,39322.0,2269.0
2026-04-29 10:25:00,1777429500,39320.0,39412.0,39313.0,39325.0,1830.0
2026-04-29 10:30:00,1777429800,39325.0,39375.0,39305.0,39358.0,1176.0
2026-04-29 10:35:00,1777430100,39358.0,39358.0,39299.0,39327.0,1379.0
2026-04-29 10:40:00,1777430400,39324.0,39332.0,39267.0,39289.0,1766.0
2026-04-29 10:45:00,1777430700,39287.0,39383.0,39277.0,39361.0,1872.0
2026-04-29 10:50:00,1777431000,39359.0,39430.0,39339.0,39342.0,1841.0
2026-04-29 10:55:00,1777431300,39339.0,39443.0,39325.0,39413.0,1613.0
2026-04-29 11:00:00,1777431600,39408.0,39455.0,39400.0,39446.0,935.0
2026-04-29 11:05:00,1777431900,39448.0,39500.0,39438.0,39484.0,2146.0
2026-04-29 11:10:00,1777432200,39485.0,39550.0,39456.0,39509.0,2885.0
2026-04-29 11:15:00,1777432500,39506.0,39528.0,39475.0,39505.0,1218.0
2026-04-29 11:20:00,1777432800,39502.0,39523.0,39486.0,39503.0,791.0
2026-04-29 11:25:00,1777433100,39501.0,39518.0,39487.0,39510.0,741.0
2026-04-29 11:30:00,1777433400,39510.0,39521.0,39492.0,39500.0,746.0
2026-04-29 11:35:00,1777433700,39501.0,39583.0,39500.0,39567.0,1783.0
2026-04-29 11:40:00,1777434000,39569.0,39588.0,39524.0,39570.0,1665.0
2026-04-29 11:45:00,1777434300,39567.0,39609.0,39565.0,39590.0,1500.0
2026-04-29 11:50:00,1777434600,39587.0,39626.0,39574.0,39616.0,1270.0
2026-04-29 11:55:00,1777434900,39620.0,39657.0,39605.0,39654.0,1549.0
2026-04-29 12:00:00,1777435200,39655.0,39714.0,39641.0,39650.0,3040.0
2026-04-29 12:05:00,1777435500,39652.0,39700.0,39606.0,39691.0,1583.0
2026-04-29 12:10:00,1777435800,39690.0,39712.0,39675.0,39696.0,988.0
2026-04-29 12:15:00,1777436100,39697.0,39711.0,39637.0,39657.0,1247.0
2026-04-29 12:20:00,1777436400,39660.0,39666.0,39628.0,39632.0,1097.0
2026-04-29 12:25:00,1777436700,39631.0,39660.0,39625.0,39657.0,597.0
2026-04-29 12:30:00,1777437000,39653.0,39688.0,39653.0,39670.0,1016.0
2026-04-29 12:35:00,1777437300,39669.0,39692.0,39657.0,39676.0,605.0
2026-04-29 12:40:00,1777437600,39674.0,39678.0,39612.0,39620.0,1155.0
2026-04-29 12:45:00,1777437900,39619.0,39632.0,39593.0,39614.0,1547.0
2026-04-29 12:50:00,1777438200,39614.0,39625.0,39583.0,39596.0,1044.0
2026-04-29 12:55:00,1777438500,39595.0,39604.0,39530.0,39545.0,1670.0
2026-04-29 13:00:00,1777438800,39547.0,39580.0,39513.0,39532.0,1850.0
2026-04-29 13:05:00,1777439100,39538.0,39574.0,39508.0,39513.0,1460.0
2026-04-29 13:10:00,1777439400,39512.0,39529.0,39494.0,39506.0,1201.0
2026-04-29 13:15:00,1777439700,39503.0,39510.0,39447.0,39451.0,1732.0
2026-04-29 13:20:00,1777440000,39450.0,39460.0,39384.0,39422.0,2158.0
2026-04-29 13:25:00,1777440300,39422.0,39490.0,39385.0,39457.0,2140.0
2026-04-29 13:30:00,1777440600,39459.0,39513.0,39444.0,39502.0,1969.0
2026-04-29 13:35:00,1777440900,39501.0,39514.0,39486.0,39491.0,796.0
2026-04-29 13:40:00,1777441200,39492.0,39498.0,39463.0,39486.0,1170.0
2026-04-29 15:00:00,1777446000,39479.0,39523.0,39468.0,39520.0,1359.0
2026-04-29 15:05:00,1777446300,39523.0,39563.0,39517.0,39528.0,1018.0
2026-04-29 15:10:00,1777446600,39525.0,39526.0,39491.0,39495.0,720.0
2026-04-29 15:15:00,1777446900,39495.0,39503.0,39469.0,39477.0,813.0
2026-04-29 15:20:00,1777447200,39476.0,39494.0,39469.0,39492.0,407.0
2026-04-29 15:25:00,1777447500,39490.0,39515.0,39467.0,39509.0,605.0
2026-04-29 15:30:00,1777447800,39510.0,39555.0,39508.0,39540.0,934.0
2026-04-29 15:35:00,1777448100,39541.0,39544.0,39485.0,39494.0,560.0
2026-04-29 15:40:00,1777448400,39496.0,39500.0,39464.0,39472.0,628.0
2026-04-29 15:45:00,1777448700,39475.0,39482.0,39432.0,39462.0,1161.0
2026-04-29 15:50:00,1777449000,39465.0,39475.0,39435.0,39445.0,522.0
2026-04-29 15:55:00,1777449300,39447.0,39478.0,39444.0,39468.0,376.0
2026-04-29 16:00:00,1777449600,39471.0,39528.0,39463.0,39476.0,1340.0
2026-04-29 16:05:00,1777449900,39479.0,39482.0,39423.0,39448.0,1068.0
2026-04-29 16:10:00,1777450200,39447.0,39453.0,39410.0,39415.0,701.0
2026-04-29 16:15:00,1777450500,39414.0,39428.0,39394.0,39419.0,1032.0
2026-04-29 16:20:00,1777450800,39420.0,39454.0,39420.0,39444.0,614.0
2026-04-29 16:25:00,1777451100,39442.0,39483.0,39442.0,39472.0,668.0
2026-04-29 16:30:00,1777451400,39471.0,39482.0,39393.0,39408.0,830.0
2026-04-29 16:35:00,1777451700,39406.0,39416.0,39380.0,39403.0,841.0
2026-04-29 16:40:00,1777452000,39402.0,39438.0,39387.0,39432.0,634.0
2026-04-29 16:45:00,1777452300,39432.0,39446.0,39407.0,39408.0,476.0
2026-04-29 16:50:00,1777452600,39407.0,39438.0,39403.0,39432.0,312.0
2026-04-29 16:55:00,1777452900,39433.0,39441.0,39417.0,39421.0,302.0
2026-04-29 17:00:00,1777453200,39422.0,39443.0,39395.0,39420.0,587.0
2026-04-29 17:05:00,1777453500,39416.0,39441.0,39408.0,39435.0,258.0
2026-04-29 17:10:00,1777453800,39435.0,39454.0,39418.0,39426.0,455.0
2026-04-29 17:15:00,1777454100,39420.0,39455.0,39412.0,39452.0,297.0
2026-04-29 17:20:00,1777454400,39451.0,39454.0,39384.0,39401.0,656.0
2026-04-29 17:25:00,1777454700,39398.0,39398.0,39344.0,39355.0,1235.0
2026-04-29 17:30:00,1777455000,39356.0,39396.0,39348.0,39384.0,573.0
2026-04-29 17:35:00,1777455300,39384.0,39411.0,39332.0,39349.0,874.0
2026-04-29 17:40:00,1777455600,39349.0,39353.0,39305.0,39325.0,1034.0
2026-04-29 17:45:00,1777455900,39327.0,39351.0,39316.0,39347.0,473.0
2026-04-29 17:50:00,1777456200,39348.0,39367.0,39338.0,39343.0,438.0
2026-04-29 17:55:00,1777456500,39341.0,39344.0,39295.0,39316.0,749.0
2026-04-29 18:00:00,1777456800,39314.0,39346.0,39298.0,39336.0,721.0
2026-04-29 18:05:00,1777457100,39336.0,39363.0,39330.0,39362.0,469.0
2026-04-29 18:10:00,1777457400,39360.0,39382.0,39355.0,39377.0,560.0
2026-04-29 18:15:00,1777457700,39377.0,39472.0,39375.0,39464.0,1803.0
2026-04-29 18:20:00,1777458000,39464.0,39517.0,39459.0,39501.0,1684.0
2026-04-29 18:25:00,1777458300,39500.0,39536.0,39491.0,39514.0,1158.0
2026-04-29 18:30:00,1777458600,39515.0,39526.0,39493.0,39503.0,778.0
2026-04-29 18:35:00,1777458900,39501.0,39510.0,39491.0,39493.0,420.0
2026-04-29 18:40:00,1777459200,39495.0,39495.0,39467.0,39476.0,614.0
2026-04-29 18:45:00,1777459500,39474.0,39508.0,39472.0,39498.0,589.0
2026-04-29 18:50:00,1777459800,39500.0,39515.0,39495.0,39505.0,330.0
2026-04-29 18:55:00,1777460100,39504.0,39513.0,39492.0,39512.0,230.0
2026-04-29 19:00:00,1777460400,39511.0,39549.0,39509.0,39532.0,998.0
2026-04-29 19:05:00,1777460700,39532.0,39532.0,39497.0,39508.0,614.0
2026-04-29 19:10:00,1777461000,39509.0,39530.0,39505.0,39523.0,227.0
2026-04-29 19:15:00,1777461300,39525.0,39540.0,39512.0,39520.0,380.0
2026-04-29 19:20:00,1777461600,39520.0,39544.0,39516.0,39528.0,292.0
2026-04-29 19:25:00,1777461900,39526.0,39574.0,39521.0,39544.0,1039.0
2026-04-29 19:30:00,1777462200,39544.0,39554.0,39533.0,39544.0,419.0
2026-04-29 19:35:00,1777462500,39544.0,39649.0,39544.0,39568.0,2332.0
2026-04-29 19:40:00,1777462800,39572.0,39592.0,39546.0,39554.0,1026.0
2026-04-29 19:45:00,1777463100,39553.0,39571.0,39547.0,39566.0,494.0
2026-04-29 19:50:00,1777463400,39565.0,39584.0,39561.0,39579.0,388.0
2026-04-29 19:55:00,1777463700,39577.0,39604.0,39573.0,39592.0,532.0
2026-04-29 20:00:00,1777464000,39586.0,39594.0,39554.0,39561.0,611.0
2026-04-29 20:05:00,1777464300,39561.0,39584.0,39554.0,39554.0,425.0
2026-04-29 20:10:00,1777464600,39557.0,39573.0,39531.0,39536.0,653.0
2026-04-29 20:15:00,1777464900,39536.0,39542.0,39483.0,39490.0,1365.0
2026-04-29 20:20:00,1777465200,39490.0,39522.0,39476.0,39504.0,1045.0
2026-04-29 20:25:00,1777465500,39502.0,39516.0,39483.0,39484.0,517.0
2026-04-29 20:30:00,1777465800,39484.0,39485.0,39369.0,39385.0,2473.0
2026-04-29 20:35:00,1777466100,39383.0,39415.0,39368.0,39393.0,1400.0
2026-04-29 20:40:00,1777466400,39390.0,39434.0,39380.0,39416.0,1111.0
2026-04-29 20:45:00,1777466700,39415.0,39420.0,39386.0,39392.0,617.0
2026-04-29 20:50:00,1777467000,39392.0,39415.0,39377.0,39386.0,651.0
2026-04-29 20:55:00,1777467300,39385.0,39403.0,39380.0,39386.0,323.0
2026-04-29 21:00:00,1777467600,39389.0,39444.0,39389.0,39423.0,1032.0
2026-04-29 21:05:00,1777467900,39420.0,39444.0,39416.0,39438.0,490.0
2026-04-29 21:10:00,1777468200,39436.0,39464.0,39435.0,39448.0,628.0
2026-04-29 21:15:00,1777468500,39444.0,39468.0,39407.0,39408.0,714.0
2026-04-29 21:20:00,1777468800,39409.0,39434.0,39349.0,39388.0,1875.0
2026-04-29 21:25:00,1777469100,39391.0,39395.0,39360.0,39382.0,636.0
2026-04-29 21:30:00,1777469400,39384.0,39409.0,39256.0,39305.0,5128.0
2026-04-29 21:35:00,1777469700,39305.0,39374.0,39277.0,39336.0,2475.0
2026-04-29 21:40:00,1777470000,39337.0,39365.0,39311.0,39331.0,1338.0
2026-04-29 21:45:00,1777470300,39327.0,39361.0,39288.0,39317.0,1792.0
2026-04-29 21:50:00,1777470600,39319.0,39400.0,39311.0,39387.0,1893.0
2026-04-29 21:55:00,1777470900,39389.0,39421.0,39377.0,39383.0,1600.0
2026-04-29 22:00:00,1777471200,39384.0,39389.0,39327.0,39370.0,1588.0
2026-04-29 22:05:00,1777471500,39366.0,39381.0,39326.0,39351.0,881.0
2026-04-29 22:10:00,1777471800,39352.0,39415.0,39345.0,39409.0,1295.0
2026-04-29 22:15:00,1777472100,39409.0,39459.0,39392.0,39455.0,1760.0
2026-04-29 22:20:00,1777472400,39455.0,39521.0,39444.0,39506.0,2326.0
2026-04-29 22:25:00,1777472700,39504.0,39554.0,39495.0,39531.0,1863.0
2026-04-29 22:30:00,1777473000,39531.0,39532.0,39490.0,39522.0,1400.0
2026-04-29 22:35:00,1777473300,39518.0,39570.0,39510.0,39549.0,1357.0
2026-04-29 22:40:00,1777473600,39546.0,39546.0,39516.0,39529.0,960.0
2026-04-29 22:45:00,1777473900,39531.0,39546.0,39499.0,39500.0,1081.0
2026-04-29 22:50:00,1777474200,39499.0,39543.0,39495.0,39539.0,886.0
2026-04-29 22:55:00,1777474500,39538.0,39548.0,39515.0,39535.0,604.0
2026-04-29 23:00:00,1777474800,39534.0,39552.0,39493.0,39495.0,1106.0
2026-04-29 23:05:00,1777475100,39494.0,39517.0,39458.0,39465.0,1287.0
2026-04-29 23:10:00,1777475400,39464.0,39470.0,39413.0,39437.0,1562.0
2026-04-29 23:15:00,1777475700,39438.0,39479.0,39418.0,39470.0,1154.0
2026-04-29 23:20:00,1777476000,39474.0,39480.0,39448.0,39453.0,687.0
2026-04-29 23:25:00,1777476300,39453.0,39480.0,39431.0,39452.0,1059.0
2026-04-29 23:30:00,1777476600,39453.0,39490.0,39422.0,39457.0,1502.0
2026-04-29 23:35:00,1777476900,39458.0,39466.0,39401.0,39426.0,956.0
2026-04-29 23:40:00,1777477200,39426.0,39453.0,39414.0,39438.0,487.0
2026-04-29 23:45:00,1777477500,39437.0,39480.0,39432.0,39451.0,700.0
2026-04-29 23:50:00,1777477800,39453.0,39460.0,39237.0,39278.0,4247.0
2026-04-29 23:55:00,1777478100,39279.0,39335.0,39258.0,39319.0,2054.0
2026-04-30 00:00:00,1777478400,39318.0,39366.0,39311.0,39359.0,1283.0
2026-04-30 00:05:00,1777478700,39358.0,39403.0,39346.0,39381.0,1186.0
2026-04-30 00:10:00,1777479000,39380.0,39404.0,39360.0,39365.0,563.0
2026-04-30 00:15:00,1777479300,39366.0,39383.0,39326.0,39335.0,690.0
2026-04-30 00:20:00,1777479600,39334.0,39364.0,39324.0,39353.0,481.0
2026-04-30 00:25:00,1777479900,39355.0,39362.0,39327.0,39331.0,392.0
2026-04-30 00:30:00,1777480200,39330.0,39330.0,39266.0,39283.0,1290.0
2026-04-30 00:35:00,1777480500,39284.0,39326.0,39272.0,39325.0,818.0
2026-04-30 00:40:00,1777480800,39326.0,39352.0,39318.0,39336.0,564.0
2026-04-30 00:45:00,1777481100,39334.0,39349.0,39325.0,39334.0,336.0
2026-04-30 00:50:00,1777481400,39332.0,39354.0,39310.0,39330.0,438.0
2026-04-30 00:55:00,1777481700,39328.0,39342.0,39303.0,39342.0,309.0
2026-04-30 01:00:00,1777482000,39343.0,39348.0,39300.0,39316.0,486.0
2026-04-30 01:05:00,1777482300,39320.0,39365.0,39311.0,39351.0,495.0
2026-04-30 01:10:00,1777482600,39355.0,39373.0,39353.0,39367.0,388.0
2026-04-30 01:15:00,1777482900,39370.0,39394.0,39346.0,39374.0,436.0
2026-04-30 01:20:00,1777483200,39375.0,39420.0,39370.0,39377.0,872.0
2026-04-30 01:25:00,1777483500,39379.0,39382.0,39345.0,39370.0,359.0
2026-04-30 01:30:00,1777483800,39373.0,39413.0,39359.0,39390.0,432.0
2026-04-30 01:35:00,1777484100,39391.0,39391.0,39368.0,39382.0,216.0
2026-04-30 01:40:00,1777484400,39383.0,39389.0,39358.0,39385.0,158.0
2026-04-30 01:45:00,1777484700,39382.0,39449.0,39380.0,39420.0,944.0
2026-04-30 01:50:00,1777485000,39422.0,39459.0,39417.0,39430.0,534.0
2026-04-30 01:55:00,1777485300,39434.0,39460.0,39430.0,39455.0,312.0
2026-04-30 02:00:00,1777485600,39456.0,39476.0,39346.0,39366.0,1289.0
2026-04-30 02:05:00,1777485900,39370.0,39388.0,39307.0,39326.0,828.0
2026-04-30 02:10:00,1777486200,39328.0,39339.0,39290.0,39324.0,604.0
2026-04-30 02:15:00,1777486500,39322.0,39371.0,39318.0,39346.0,590.0
2026-04-30 02:20:00,1777486800,39344.0,39360.0,39327.0,39337.0,289.0
2026-04-30 02:25:00,1777487100,39335.0,39337.0,39313.0,39320.0,199.0
2026-04-30 02:30:00,1777487400,39320.0,39320.0,39252.0,39290.0,1050.0
2026-04-30 02:35:00,1777487700,39287.0,39425.0,39287.0,39335.0,1542.0
2026-04-30 02:40:00,1777488000,39334.0,39334.0,39250.0,39267.0,592.0
2026-04-30 02:45:00,1777488300,39266.0,39333.0,39201.0,39324.0,1828.0
2026-04-30 02:50:00,1777488600,39327.0,39362.0,39327.0,39339.0,522.0
2026-04-30 02:55:00,1777488900,39337.0,39429.0,39337.0,39423.0,819.0
2026-04-30 03:00:00,1777489200,39424.0,39455.0,39375.0,39408.0,971.0
2026-04-30 03:05:00,1777489500,39400.0,39411.0,39376.0,39398.0,332.0
2026-04-30 03:10:00,1777489800,39397.0,39475.0,39390.0,39465.0,561.0
2026-04-30 03:15:00,1777490100,39467.0,39500.0,39465.0,39486.0,884.0
2026-04-30 03:20:00,1777490400,39488.0,39489.0,39457.0,39486.0,409.0
2026-04-30 03:25:00,1777490700,39487.0,39492.0,39463.0,39464.0,204.0
2026-04-30 03:30:00,1777491000,39462.0,39462.0,39384.0,39402.0,521.0
2026-04-30 03:35:00,1777491300,39404.0,39424.0,39389.0,39412.0,204.0
2026-04-30 03:40:00,1777491600,39415.0,39419.0,39396.0,39403.0,159.0
2026-04-30 03:45:00,1777491900,39409.0,39418.0,39390.0,39391.0,164.0
2026-04-30 03:50:00,1777492200,39391.0,39428.0,39379.0,39423.0,359.0
2026-04-30 03:55:00,1777492500,39418.0,39428.0,39391.0,39424.0,216.0
2026-04-30 04:00:00,1777492800,39428.0,39519.0,39335.0,39436.0,2295.0
2026-04-30 04:05:00,1777493100,39438.0,39450.0,39380.0,39392.0,400.0
2026-04-30 04:10:00,1777493400,39390.0,39396.0,39252.0,39262.0,921.0
2026-04-30 04:15:00,1777493700,39263.0,39279.0,39169.0,39241.0,1875.0
2026-04-30 04:20:00,1777494000,39245.0,39356.0,39222.0,39339.0,980.0
2026-04-30 04:25:00,1777494300,39338.0,39366.0,39311.0,39361.0,362.0
2026-04-30 04:30:00,1777494600,39361.0,39378.0,39345.0,39378.0,304.0
2026-04-30 04:35:00,1777494900,39380.0,39404.0,39371.0,39399.0,246.0
2026-04-30 04:40:00,1777495200,39391.0,39400.0,39374.0,39384.0,252.0
2026-04-30 04:45:00,1777495500,39383.0,39402.0,39364.0,39364.0,389.0
2026-04-30 04:50:00,1777495800,39364.0,39374.0,39355.0,39355.0,203.0
2026-04-30 04:55:00,1777496100,39358.0,39366.0,39331.0,39343.0,285.0
2026-04-30 08:45:00,1777509900,39648.0,39937.0,39644.0,39793.0,11005.0
2026-04-30 08:50:00,1777510200,39793.0,39813.0,39701.0,39736.0,3896.0
2026-04-30 08:55:00,1777510500,39735.0,39767.0,39653.0,39758.0,3572.0
2026-04-30 09:00:00,1777510800,39757.0,39923.0,39734.0,39809.0,8239.0
2026-04-30 09:05:00,1777511100,39810.0,39842.0,39606.0,39641.0,6070.0
2026-04-30 09:10:00,1777511400,39644.0,39696.0,39581.0,39608.0,4706.0
2026-04-30 09:15:00,1777511700,39610.0,39642.0,39587.0,39610.0,2816.0
2026-04-30 09:20:00,1777512000,39607.0,39678.0,39574.0,39657.0,3412.0
2026-04-30 09:25:00,1777512300,39654.0,39684.0,39591.0,39625.0,2607.0
2026-04-30 09:30:00,1777512600,39626.0,39772.0,39626.0,39664.0,4823.0
2026-04-30 09:35:00,1777512900,39667.0,39680.0,39458.0,39560.0,7562.0
2026-04-30 09:40:00,1777513200,39557.0,39660.0,39545.0,39609.0,3310.0
2026-04-30 09:45:00,1777513500,39609.0,39650.0,39582.0,39611.0,1920.0
2026-04-30 09:50:00,1777513800,39613.0,39775.0,39590.0,39731.0,3990.0
2026-04-30 09:55:00,1777514100,39731.0,39832.0,39696.0,39805.0,3600.0
2026-04-30 10:00:00,1777514400,39808.0,39852.0,39716.0,39780.0,3398.0
2026-04-30 10:05:00,1777514700,39780.0,39804.0,39719.0,39782.0,1675.0
2026-04-30 10:10:00,1777515000,39784.0,39786.0,39730.0,39777.0,1125.0
2026-04-30 10:15:00,1777515300,39772.0,39785.0,39688.0,39697.0,1805.0
2026-04-30 10:20:00,1777515600,39699.0,39714.0,39560.0,39622.0,4335.0
2026-04-30 10:25:00,1777515900,39619.0,39637.0,39570.0,39590.0,1856.0
2026-04-30 10:30:00,1777516200,39588.0,39592.0,39425.0,39582.0,6607.0
2026-04-30 10:35:00,1777516500,39582.0,39644.0,39541.0,39596.0,2796.0
2026-04-30 10:40:00,1777516800,39594.0,39631.0,39545.0,39550.0,1616.0
2026-04-30 10:45:00,1777517100,39550.0,39572.0,39486.0,39492.0,2298.0
2026-04-30 10:50:00,1777517400,39490.0,39529.0,39471.0,39507.0,1762.0
2026-04-30 10:55:00,1777517700,39509.0,39556.0,39463.0,39496.0,2093.0
2026-04-30 11:00:00,1777518000,39492.0,39581.0,39481.0,39577.0,1610.0
2026-04-30 11:05:00,1777518300,39579.0,39586.0,39488.0,39554.0,1861.0
2026-04-30 11:10:00,1777518600,39551.0,39569.0,39508.0,39529.0,951.0
2026-04-30 11:15:00,1777518900,39533.0,39539.0,39495.0,39508.0,1056.0
2026-04-30 11:20:00,1777519200,39509.0,39550.0,39495.0,39547.0,843.0
2026-04-30 11:25:00,1777519500,39546.0,39570.0,39528.0,39556.0,894.0
2026-04-30 11:30:00,1777519800,39557.0,39587.0,39517.0,39555.0,1105.0
2026-04-30 11:35:00,1777520100,39559.0,39619.0,39552.0,39600.0,1452.0
2026-04-30 11:40:00,1777520400,39597.0,39619.0,39523.0,39582.0,1538.0
2026-04-30 11:45:00,1777520700,39582.0,39614.0,39564.0,39603.0,855.0
2026-04-30 11:50:00,1777521000,39605.0,39614.0,39583.0,39594.0,601.0
2026-04-30 11:55:00,1777521300,39593.0,39603.0,39557.0,39579.0,937.0
2026-04-30 12:00:00,1777521600,39577.0,39608.0,39550.0,39577.0,1045.0
2026-04-30 12:05:00,1777521900,39577.0,39633.0,39531.0,39598.0,1954.0
2026-04-30 12:10:00,1777522200,39598.0,39604.0,39545.0,39566.0,1133.0
2026-04-30 12:15:00,1777522500,39560.0,39580.0,39452.0,39464.0,2812.0
2026-04-30 12:20:00,1777522800,39467.0,39486.0,39437.0,39465.0,1920.0
2026-04-30 12:25:00,1777523100,39465.0,39497.0,39410.0,39417.0,1954.0
2026-04-30 12:30:00,1777523400,39417.0,39419.0,39310.0,39319.0,3497.0
2026-04-30 12:35:00,1777523700,39318.0,39370.0,39284.0,39292.0,2596.0
2026-04-30 12:40:00,1777524000,39293.0,39347.0,39266.0,39336.0,2659.0
2026-04-30 12:45:00,1777524300,39334.0,39372.0,39302.0,39339.0,2144.0
2026-04-30 12:50:00,1777524600,39338.0,39377.0,39323.0,39354.0,1036.0
2026-04-30 12:55:00,1777524900,39355.0,39368.0,39325.0,39335.0,990.0
2026-04-30 13:00:00,1777525200,39337.0,39392.0,39307.0,39322.0,1997.0
2026-04-30 13:05:00,1777525500,39321.0,39449.0,39313.0,39425.0,2410.0
2026-04-30 13:10:00,1777525800,39425.0,39500.0,39419.0,39494.0,2667.0
2026-04-30 13:15:00,1777526100,39492.0,39501.0,39412.0,39426.0,1813.0
2026-04-30 13:20:00,1777526400,39429.0,39455.0,39405.0,39451.0,1128.0
2026-04-30 13:25:00,1777526700,39454.0,39457.0,39284.0,39284.0,2935.0
2026-04-30 13:30:00,1777527000,39286.0,39369.0,39268.0,39366.0,3266.0
2026-04-30 13:35:00,1777527300,39368.0,39370.0,39338.0,39347.0,975.0
2026-04-30 13:40:00,1777527600,39350.0,39377.0,39327.0,39360.0,1677.0
2026-04-30 15:00:00,1777532400,39385.0,39452.0,39373.0,39438.0,2660.0
2026-04-30 15:05:00,1777532700,39439.0,39477.0,39421.0,39474.0,1055.0
2026-04-30 15:10:00,1777533000,39473.0,39529.0,39466.0,39486.0,1819.0
2026-04-30 15:15:00,1777533300,39486.0,39494.0,39452.0,39472.0,741.0
2026-04-30 15:20:00,1777533600,39475.0,39507.0,39466.0,39496.0,586.0
2026-04-30 15:25:00,1777533900,39492.0,39545.0,39488.0,39532.0,1049.0
2026-04-30 15:30:00,1777534200,39530.0,39565.0,39517.0,39541.0,1195.0
2026-04-30 15:35:00,1777534500,39540.0,39552.0,39525.0,39540.0,475.0
2026-04-30 15:40:00,1777534800,39540.0,39547.0,39512.0,39529.0,625.0
2026-04-30 15:45:00,1777535100,39530.0,39553.0,39529.0,39543.0,560.0
2026-04-30 15:50:00,1777535400,39542.0,39546.0,39509.0,39533.0,520.0
2026-04-30 15:55:00,1777535700,39533.0,39582.0,39527.0,39558.0,909.0
2026-04-30 16:00:00,1777536000,39562.0,39624.0,39555.0,39619.0,1552.0
2026-04-30 16:05:00,1777536300,39619.0,39685.0,39610.0,39619.0,1992.0
2026-04-30 16:10:00,1777536600,39617.0,39649.0,39609.0,39636.0,677.0
2026-04-30 16:15:00,1777536900,39636.0,39646.0,39615.0,39628.0,515.0
2026-04-30 16:20:00,1777537200,39629.0,39634.0,39577.0,39610.0,965.0
2026-04-30 16:25:00,1777537500,39612.0,39653.0,39612.0,39645.0,816.0
2026-04-30 16:30:00,1777537800,39648.0,39703.0,39648.0,39700.0,1523.0
2026-04-30 16:35:00,1777538100,39703.0,39725.0,39669.0,39718.0,1066.0
2026-04-30 16:40:00,1777538400,39717.0,39742.0,39688.0,39702.0,1112.0
2026-04-30 16:45:00,1777538700,39705.0,39710.0,39668.0,39685.0,565.0
2026-04-30 16:50:00,1777539000,39684.0,39684.0,39644.0,39657.0,627.0
2026-04-30 16:55:00,1777539300,39657.0,39659.0,39621.0,39636.0,670.0
2026-04-30 17:00:00,1777539600,39638.0,39647.0,39621.0,39639.0,450.0
2026-04-30 17:05:00,1777539900,39640.0,39665.0,39605.0,39633.0,820.0
2026-04-30 17:10:00,1777540200,39632.0,39632.0,39584.0,39600.0,1021.0
2026-04-30 17:15:00,1777540500,39600.0,39624.0,39581.0,39585.0,677.0
2026-04-30 17:20:00,1777540800,39582.0,39598.0,39551.0,39584.0,946.0
2026-04-30 17:25:00,1777541100,39580.0,39673.0,39580.0,39664.0,1168.0
2026-04-30 17:30:00,1777541400,39664.0,39766.0,39664.0,39709.0,2249.0
2026-04-30 17:35:00,1777541700,39708.0,39740.0,39700.0,39737.0,762.0
2026-04-30 17:40:00,1777542000,39734.0,39742.0,39672.0,39680.0,875.0
2026-04-30 17:45:00,1777542300,39682.0,39718.0,39678.0,39706.0,568.0
2026-04-30 17:50:00,1777542600,39707.0,39717.0,39686.0,39710.0,456.0
2026-04-30 17:55:00,1777542900,39712.0,39720.0,39691.0,39707.0,343.0
2026-04-30 18:00:00,1777543200,39708.0,39776.0,39708.0,39749.0,1525.0
2026-04-30 18:05:00,1777543500,39746.0,39754.0,39733.0,39740.0,471.0
2026-04-30 18:10:00,1777543800,39744.0,39749.0,39711.0,39720.0,576.0
2026-04-30 18:15:00,1777544100,39719.0,39761.0,39711.0,39733.0,859.0
2026-04-30 18:20:00,1777544400,39732.0,39767.0,39731.0,39745.0,471.0
2026-04-30 18:25:00,1777544700,39743.0,39784.0,39737.0,39783.0,753.0
2026-04-30 18:30:00,1777545000,39784.0,39798.0,39752.0,39755.0,1245.0
2026-04-30 18:35:00,1777545300,39758.0,39778.0,39708.0,39715.0,1097.0
2026-04-30 18:40:00,1777545600,39717.0,39735.0,39710.0,39720.0,565.0
2026-04-30 18:45:00,1777545900,39722.0,39737.0,39704.0,39709.0,565.0
2026-04-30 18:50:00,1777546200,39709.0,39710.0,39673.0,39691.0,873.0
2026-04-30 18:55:00,1777546500,39697.0,39728.0,39693.0,39715.0,481.0
2026-04-30 19:00:00,1777546800,39720.0,39756.0,39719.0,39755.0,651.0
2026-04-30 19:05:00,1777547100,39755.0,39780.0,39725.0,39767.0,889.0
2026-04-30 19:10:00,1777547400,39766.0,39780.0,39751.0,39753.0,590.0
2026-04-30 19:15:00,1777547700,39756.0,39810.0,39748.0,39800.0,1156.0
2026-04-30 19:20:00,1777548000,39800.0,39810.0,39791.0,39792.0,624.0
2026-04-30 19:25:00,1777548300,39791.0,39845.0,39790.0,39843.0,1219.0
2026-04-30 19:30:00,1777548600,39841.0,39855.0,39811.0,39823.0,1074.0
2026-04-30 19:35:00,1777548900,39821.0,39832.0,39795.0,39799.0,596.0
2026-04-30 19:40:00,1777549200,39799.0,39813.0,39786.0,39800.0,614.0
2026-04-30 19:45:00,1777549500,39799.0,39828.0,39793.0,39819.0,419.0
2026-04-30 19:50:00,1777549800,39820.0,39830.0,39796.0,39805.0,353.0
2026-04-30 19:55:00,1777550100,39808.0,39814.0,39800.0,39801.0,187.0
2026-04-30 20:00:00,1777550400,39801.0,39822.0,39788.0,39810.0,562.0
2026-04-30 20:05:00,1777550700,39810.0,39846.0,39793.0,39839.0,551.0
2026-04-30 20:10:00,1777551000,39840.0,39866.0,39827.0,39856.0,843.0
2026-04-30 20:15:00,1777551300,39854.0,39888.0,39852.0,39879.0,1133.0
2026-04-30 20:20:00,1777551600,39876.0,39895.0,39867.0,39879.0,854.0
2026-04-30 20:25:00,1777551900,39880.0,39895.0,39873.0,39880.0,385.0
2026-04-30 20:30:00,1777552200,39880.0,39889.0,39844.0,39850.0,745.0
2026-04-30 20:35:00,1777552500,39848.0,39866.0,39843.0,39856.0,363.0
2026-04-30 20:40:00,1777552800,39855.0,39863.0,39812.0,39824.0,791.0
2026-04-30 20:45:00,1777553100,39823.0,39870.0,39819.0,39864.0,581.0
2026-04-30 20:50:00,1777553400,39862.0,39903.0,39856.0,39890.0,874.0
2026-04-30 20:55:00,1777553700,39886.0,39897.0,39875.0,39889.0,331.0
2026-04-30 21:00:00,1777554000,39889.0,39910.0,39886.0,39897.0,705.0
2026-04-30 21:05:00,1777554300,39900.0,39900.0,39878.0,39889.0,375.0
2026-04-30 21:10:00,1777554600,39888.0,39890.0,39846.0,39854.0,604.0
2026-04-30 21:15:00,1777554900,39854.0,39872.0,39852.0,39863.0,298.0
2026-04-30 21:20:00,1777555200,39861.0,39866.0,39836.0,39839.0,425.0
2026-04-30 21:25:00,1777555500,39837.0,39848.0,39821.0,39833.0,607.0
2026-04-30 21:30:00,1777555800,39833.0,39833.0,39738.0,39762.0,3235.0
2026-04-30 21:35:00,1777556100,39760.0,39767.0,39649.0,39680.0,4285.0
2026-04-30 21:40:00,1777556400,39681.0,39719.0,39630.0,39716.0,3222.0
2026-04-30 21:45:00,1777556700,39714.0,39720.0,39651.0,39683.0,1784.0
2026-04-30 21:50:00,1777557000,39684.0,39699.0,39588.0,39597.0,3362.0
2026-04-30 21:55:00,1777557300,39597.0,39623.0,39535.0,39581.0,3430.0
2026-04-30 22:00:00,1777557600,39580.0,39666.0,39570.0,39644.0,2679.0
2026-04-30 22:05:00,1777557900,39642.0,39652.0,39541.0,39566.0,2396.0
2026-04-30 22:10:00,1777558200,39565.0,39618.0,39508.0,39600.0,3263.0
2026-04-30 22:15:00,1777558500,39599.0,39601.0,39497.0,39573.0,2744.0
2026-04-30 22:20:00,1777558800,39570.0,39644.0,39564.0,39621.0,2077.0
2026-04-30 22:25:00,1777559100,39619.0,39627.0,39580.0,39603.0,1280.0
2026-04-30 22:30:00,1777559400,39602.0,39676.0,39587.0,39626.0,2452.0
2026-04-30 22:35:00,1777559700,39625.0,39638.0,39550.0,39553.0,1907.0
2026-04-30 22:40:00,1777560000,39555.0,39637.0,39554.0,39623.0,1333.0
2026-04-30 22:45:00,1777560300,39621.0,39696.0,39618.0,39676.0,2286.0
2026-04-30 22:50:00,1777560600,39675.0,39748.0,39670.0,39732.0,2274.0
2026-04-30 22:55:00,1777560900,39732.0,39794.0,39729.0,39778.0,2255.0
2026-04-30 23:00:00,1777561200,39780.0,39845.0,39775.0,39803.0,3047.0
2026-04-30 23:05:00,1777561500,39801.0,39862.0,39787.0,39860.0,1933.0
2026-04-30 23:10:00,1777561800,39861.0,39880.0,39823.0,39860.0,1606.0
2026-04-30 23:15:00,1777562100,39861.0,39886.0,39846.0,39863.0,1276.0
2026-04-30 23:20:00,1777562400,39866.0,39866.0,39817.0,39844.0,1382.0
2026-04-30 23:25:00,1777562700,39841.0,39865.0,39820.0,39848.0,791.0
2026-04-30 23:30:00,1777563000,39849.0,39905.0,39847.0,39873.0,1965.0
2026-04-30 23:35:00,1777563300,39868.0,39868.0,39817.0,39834.0,1153.0
2026-04-30 23:40:00,1777563600,39832.0,39845.0,39809.0,39840.0,929.0
2026-04-30 23:45:00,1777563900,39841.0,39842.0,39782.0,39823.0,1269.0
2026-04-30 23:50:00,1777564200,39824.0,39861.0,39820.0,39856.0,1020.0
2026-04-30 23:55:00,1777564500,39855.0,39865.0,39835.0,39836.0,559.0
2026-05-01 00:00:00,1777564800,39838.0,39844.0,39795.0,39826.0,847.0
2026-05-01 00:05:00,1777565100,39823.0,39859.0,39823.0,39837.0,544.0
2026-05-01 00:10:00,1777565400,39836.0,39880.0,39834.0,39874.0,860.0
2026-05-01 00:15:00,1777565700,39874.0,39880.0,39844.0,39863.0,529.0
2026-05-01 00:20:00,1777566000,39867.0,39877.0,39856.0,39858.0,304.0
2026-05-01 00:25:00,1777566300,39857.0,39870.0,39840.0,39864.0,381.0
2026-05-01 00:30:00,1777566600,39868.0,39873.0,39848.0,39855.0,309.0
2026-05-01 00:35:00,1777566900,39855.0,39865.0,39847.0,39865.0,254.0
2026-05-01 00:40:00,1777567200,39865.0,39867.0,39839.0,39843.0,271.0
2026-05-01 00:45:00,1777567500,39840.0,39841.0,39810.0,39832.0,691.0
2026-05-01 00:50:00,1777567800,39831.0,39835.0,39778.0,39796.0,810.0
2026-05-01 00:55:00,1777568100,39796.0,39814.0,39778.0,39804.0,677.0
2026-05-01 01:00:00,1777568400,39808.0,39856.0,39805.0,39852.0,829.0
2026-05-01 01:05:00,1777568700,39853.0,39855.0,39827.0,39847.0,317.0
2026-05-01 01:10:00,1777569000,39845.0,39864.0,39841.0,39854.0,327.0
2026-05-01 01:15:00,1777569300,39852.0,39855.0,39810.0,39825.0,414.0
2026-05-01 01:20:00,1777569600,39828.0,39842.0,39805.0,39836.0,419.0
2026-05-01 01:25:00,1777569900,39834.0,39862.0,39825.0,39862.0,312.0
2026-05-01 01:30:00,1777570200,39861.0,39959.0,39859.0,39938.0,3150.0
2026-05-01 01:35:00,1777570500,39943.0,39965.0,39939.0,39955.0,486.0
2026-05-01 01:40:00,1777570800,39956.0,39960.0,39939.0,39952.0,334.0
2026-05-01 01:45:00,1777571100,39951.0,39978.0,39941.0,39943.0,531.0
2026-05-01 01:50:00,1777571400,39941.0,39965.0,39927.0,39956.0,437.0
2026-05-01 01:55:00,1777571700,39959.0,39985.0,39951.0,39977.0,533.0
2026-05-01 02:00:00,1777572000,39980.0,40048.0,39979.0,40034.0,1923.0
2026-05-01 02:05:00,1777572300,40035.0,40046.0,40015.0,40020.0,367.0
2026-05-01 02:10:00,1777572600,40018.0,40034.0,40010.0,40034.0,231.0
2026-05-01 02:15:00,1777572900,40034.0,40064.0,40032.0,40046.0,565.0
2026-05-01 02:20:00,1777573200,40047.0,40058.0,40034.0,40037.0,277.0
2026-05-01 02:25:00,1777573500,40036.0,40041.0,40022.0,40036.0,223.0
2026-05-01 02:30:00,1777573800,40034.0,40066.0,40034.0,40055.0,305.0
2026-05-01 02:35:00,1777574100,40055.0,40073.0,40050.0,40063.0,368.0
2026-05-01 02:40:00,1777574400,40060.0,40065.0,40044.0,40060.0,194.0
2026-05-01 02:45:00,1777574700,40058.0,40075.0,40056.0,40063.0,204.0
2026-05-01 02:50:00,1777575000,40062.0,40083.0,40059.0,40073.0,283.0
2026-05-01 02:55:00,1777575300,40072.0,40077.0,40053.0,40060.0,221.0
2026-05-01 03:00:00,1777575600,40061.0,40121.0,40053.0,40113.0,839.0
2026-05-01 03:05:00,1777575900,40115.0,40153.0,40114.0,40142.0,626.0
2026-05-01 03:10:00,1777576200,40145.0,40166.0,40139.0,40152.0,424.0
2026-05-01 03:15:00,1777576500,40153.0,40153.0,40122.0,40136.0,397.0
2026-05-01 03:20:00,1777576800,40137.0,40138.0,40108.0,40127.0,341.0
2026-05-01 03:25:00,1777577100,40125.0,40145.0,40121.0,40132.0,240.0
2026-05-01 03:30:00,1777577400,40128.0,40178.0,40125.0,40174.0,464.0
2026-05-01 03:35:00,1777577700,40177.0,40194.0,40161.0,40194.0,451.0
2026-05-01 03:40:00,1777578000,40192.0,40193.0,40157.0,40171.0,301.0
2026-05-01 03:45:00,1777578300,40174.0,40220.0,40170.0,40220.0,529.0
2026-05-01 03:50:00,1777578600,40220.0,40230.0,40189.0,40230.0,595.0
2026-05-01 03:55:00,1777578900,40227.0,40234.0,40118.0,40118.0,699.0
2026-05-01 04:00:00,1777579200,40117.0,40177.0,40053.0,40117.0,2330.0
2026-05-01 04:05:00,1777579500,40125.0,40138.0,40106.0,40131.0,317.0
2026-05-01 04:10:00,1777579800,40130.0,40135.0,40117.0,40121.0,148.0
2026-05-01 04:15:00,1777580100,40128.0,40131.0,40109.0,40117.0,223.0
2026-05-01 04:20:00,1777580400,40119.0,40152.0,40112.0,40143.0,208.0
2026-05-01 04:25:00,1777580700,40142.0,40142.0,40123.0,40124.0,150.0
2026-05-01 04:30:00,1777581000,40122.0,40125.0,40085.0,40105.0,514.0
2026-05-01 04:35:00,1777581300,40103.0,40103.0,40088.0,40093.0,145.0
2026-05-01 04:40:00,1777581600,40090.0,40090.0,40020.0,40030.0,599.0
2026-05-01 04:45:00,1777581900,40034.0,40044.0,39968.0,40022.0,1187.0
2026-05-01 04:50:00,1777582200,40020.0,40026.0,40007.0,40020.0,199.0
2026-05-01 04:55:00,1777582500,40020.0,40099.0,40017.0,40094.0,550.0
2026-05-04 08:45:00,1777855500,40423.0,40448.0,40230.0,40266.0,8137.0
2026-05-04 08:50:00,1777855800,40264.0,40330.0,40243.0,40324.0,2543.0
2026-05-04 08:55:00,1777856100,40323.0,40364.0,40277.0,40279.0,2829.0
2026-05-04 09:00:00,1777856400,40277.0,40320.0,40164.0,40242.0,6807.0
2026-05-04 09:05:00,1777856700,40237.0,40358.0,40186.0,40352.0,5042.0
2026-05-04 09:10:00,1777857000,40351.0,40540.0,40311.0,40513.0,8008.0
2026-05-04 09:15:00,1777857300,40516.0,40565.0,40460.0,40478.0,4765.0
2026-05-04 09:20:00,1777857600,40474.0,40517.0,40388.0,40448.0,4040.0
2026-05-04 09:25:00,1777857900,40446.0,40483.0,40306.0,40338.0,3879.0
2026-05-04 09:30:00,1777858200,40339.0,40425.0,40287.0,40377.0,3007.0
2026-05-04 09:35:00,1777858500,40372.0,40444.0,40335.0,40429.0,2089.0
2026-05-04 09:40:00,1777858800,40432.0,40598.0,40424.0,40591.0,6170.0
2026-05-04 09:45:00,1777859100,40593.0,40637.0,40514.0,40574.0,4378.0
2026-05-04 09:50:00,1777859400,40575.0,40629.0,40536.0,40604.0,2095.0
2026-05-04 09:55:00,1777859700,40607.0,40660.0,40604.0,40636.0,2393.0
2026-05-04 10:00:00,1777860000,40635.0,40655.0,40536.0,40648.0,3019.0
2026-05-04 10:05:00,1777860300,40649.0,40668.0,40598.0,40621.0,2070.0
2026-05-04 10:10:00,1777860600,40622.0,40695.0,40580.0,40689.0,2588.0
2026-05-04 10:15:00,1777860900,40690.0,40700.0,40622.0,40689.0,2408.0
2026-05-04 10:20:00,1777861200,40692.0,40718.0,40644.0,40694.0,1898.0
2026-05-04 10:25:00,1777861500,40694.0,40730.0,40684.0,40695.0,1787.0
2026-05-04 10:30:00,1777861800,40696.0,40788.0,40688.0,40779.0,2760.0
2026-05-04 10:35:00,1777862100,40780.0,40874.0,40764.0,40872.0,3463.0
2026-05-04 10:40:00,1777862400,40870.0,40905.0,40846.0,40854.0,2657.0
2026-05-04 10:45:00,1777862700,40853.0,40930.0,40838.0,40892.0,3020.0
2026-05-04 10:50:00,1777863000,40893.0,40940.0,40870.0,40925.0,1626.0
2026-05-04 10:55:00,1777863300,40927.0,40968.0,40921.0,40925.0,2120.0
2026-05-04 11:00:00,1777863600,40924.0,40970.0,40895.0,40964.0,1720.0
2026-05-04 11:05:00,1777863900,40964.0,40991.0,40931.0,40939.0,1886.0
2026-05-04 11:10:00,1777864200,40938.0,40955.0,40912.0,40937.0,1049.0
2026-05-04 11:15:00,1777864500,40937.0,40941.0,40897.0,40908.0,1085.0
2026-05-04 11:20:00,1777864800,40909.0,40914.0,40863.0,40896.0,1583.0
2026-05-04 11:25:00,1777865100,40893.0,40914.0,40869.0,40884.0,697.0
2026-05-04 11:30:00,1777865400,40883.0,40909.0,40869.0,40888.0,764.0
2026-05-04 11:35:00,1777865700,40889.0,40909.0,40881.0,40895.0,536.0
2026-05-04 11:40:00,1777866000,40896.0,40950.0,40885.0,40942.0,1162.0
2026-05-04 11:45:00,1777866300,40946.0,40965.0,40928.0,40945.0,1054.0
2026-05-04 11:50:00,1777866600,40945.0,40979.0,40938.0,40955.0,1045.0
2026-05-04 11:55:00,1777866900,40955.0,40993.0,40923.0,40949.0,1692.0
2026-05-04 12:00:00,1777867200,40950.0,40980.0,40920.0,40933.0,1065.0
2026-05-04 12:05:00,1777867500,40935.0,40960.0,40911.0,40954.0,958.0
2026-05-04 12:10:00,1777867800,40953.0,40997.0,40948.0,40975.0,1174.0
2026-05-04 12:15:00,1777868100,40974.0,40990.0,40964.0,40965.0,514.0
2026-05-04 12:20:00,1777868400,40964.0,40989.0,40955.0,40963.0,546.0
2026-05-04 12:25:00,1777868700,40962.0,40999.0,40962.0,40982.0,946.0
2026-05-04 12:30:00,1777869000,40980.0,41012.0,40966.0,41003.0,1311.0
2026-05-04 12:35:00,1777869300,41002.0,41027.0,40984.0,41017.0,1351.0
2026-05-04 12:40:00,1777869600,41020.0,41025.0,41004.0,41017.0,608.0
2026-05-04 12:45:00,1777869900,41018.0,41021.0,40976.0,40976.0,907.0
2026-05-04 12:50:00,1777870200,40976.0,41006.0,40966.0,40976.0,878.0
2026-05-04 12:55:00,1777870500,40975.0,41006.0,40967.0,40994.0,603.0
2026-05-04 13:00:00,1777870800,40991.0,40997.0,40964.0,40976.0,872.0
2026-05-04 13:05:00,1777871100,40977.0,41017.0,40971.0,41015.0,805.0
2026-05-04 13:10:00,1777871400,41012.0,41013.0,40967.0,40979.0,738.0
2026-05-04 13:15:00,1777871700,40978.0,41021.0,40965.0,40998.0,969.0
2026-05-04 13:20:00,1777872000,40997.0,41002.0,40975.0,40991.0,882.0
2026-05-04 13:25:00,1777872300,40989.0,40995.0,40967.0,40995.0,1283.0
2026-05-04 13:30:00,1777872600,40993.0,41016.0,40979.0,40999.0,1782.0
2026-05-04 13:35:00,1777872900,40996.0,41002.0,40970.0,40990.0,1052.0
2026-05-04 13:40:00,1777873200,40992.0,41074.0,40988.0,41041.0,3037.0
2026-05-04 13:45:00,1777873500,41042.0,41042.0,41042.0,41042.0,3.0
2026-05-04 15:00:00,1777878000,40999.0,40999.0,40896.0,40972.0,2699.0
2026-05-04 15:05:00,1777878300,40976.0,41045.0,40971.0,41034.0,1075.0
2026-05-04 15:10:00,1777878600,41035.0,41065.0,41021.0,41051.0,920.0
2026-05-04 15:15:00,1777878900,41048.0,41166.0,41047.0,41158.0,2405.0
2026-05-04 15:20:00,1777879200,41155.0,41184.0,41132.0,41142.0,1197.0
2026-05-04 15:25:00,1777879500,41141.0,41150.0,41110.0,41143.0,733.0
2026-05-04 15:30:00,1777879800,41144.0,41150.0,41079.0,41101.0,908.0
2026-05-04 15:35:00,1777880100,41100.0,41106.0,41078.0,41095.0,433.0
2026-05-04 15:40:00,1777880400,41096.0,41112.0,41078.0,41101.0,402.0
2026-05-04 15:45:00,1777880700,41097.0,41145.0,41097.0,41117.0,494.0
2026-05-04 15:50:00,1777881000,41117.0,41132.0,41093.0,41114.0,416.0
2026-05-04 15:55:00,1777881300,41112.0,41115.0,41078.0,41081.0,462.0
2026-05-04 16:00:00,1777881600,41082.0,41091.0,41040.0,41046.0,1124.0
2026-05-04 16:05:00,1777881900,41044.0,41055.0,41009.0,41054.0,1093.0
2026-05-04 16:10:00,1777882200,41050.0,41079.0,41038.0,41075.0,595.0
2026-05-04 16:15:00,1777882500,41075.0,41080.0,41041.0,41051.0,387.0
2026-05-04 16:20:00,1777882800,41049.0,41064.0,41041.0,41056.0,278.0
2026-05-04 16:25:00,1777883100,41057.0,41095.0,41057.0,41085.0,451.0
2026-05-04 16:30:00,1777883400,41084.0,41103.0,41083.0,41100.0,423.0
2026-05-04 16:35:00,1777883700,41100.0,41116.0,41092.0,41110.0,377.0
2026-05-04 16:40:00,1777884000,41110.0,41119.0,41094.0,41095.0,284.0
2026-05-04 16:45:00,1777884300,41095.0,41106.0,41090.0,41100.0,195.0
2026-05-04 16:50:00,1777884600,41097.0,41101.0,41079.0,41087.0,187.0
2026-05-04 16:55:00,1777884900,41087.0,41103.0,41083.0,41083.0,137.0
2026-05-04 17:00:00,1777885200,41082.0,41102.0,41069.0,41099.0,263.0
2026-05-04 17:05:00,1777885500,41101.0,41102.0,41084.0,41084.0,142.0
2026-05-04 17:10:00,1777885800,41087.0,41110.0,41085.0,41106.0,204.0
2026-05-04 17:15:00,1777886100,41103.0,41113.0,41085.0,41088.0,190.0
2026-05-04 17:20:00,1777886400,41088.0,41094.0,41058.0,41062.0,301.0
2026-05-04 17:25:00,1777886700,41065.0,41074.0,41044.0,41065.0,347.0
2026-05-04 17:30:00,1777887000,41063.0,41075.0,41048.0,41073.0,219.0
2026-05-04 17:35:00,1777887300,41073.0,41092.0,41073.0,41075.0,325.0
2026-05-04 17:40:00,1777887600,41076.0,41076.0,41057.0,41061.0,158.0
2026-05-04 17:45:00,1777887900,41058.0,41069.0,41046.0,41069.0,272.0
2026-05-04 17:50:00,1777888200,41068.0,41088.0,41065.0,41086.0,203.0
2026-05-04 17:55:00,1777888500,41087.0,41094.0,41040.0,41042.0,457.0
2026-05-04 18:00:00,1777888800,41047.0,41051.0,40764.0,40814.0,6223.0
2026-05-04 18:05:00,1777889100,40814.0,40836.0,40600.0,40655.0,6103.0
2026-05-04 18:10:00,1777889400,40657.0,40685.0,40577.0,40669.0,3531.0
2026-05-04 18:15:00,1777889700,40667.0,40709.0,40559.0,40606.0,3601.0
2026-05-04 18:20:00,1777890000,40605.0,40664.0,40546.0,40654.0,2697.0
2026-05-04 18:25:00,1777890300,40655.0,40766.0,40654.0,40749.0,2428.0
2026-05-04 18:30:00,1777890600,40748.0,40895.0,40737.0,40870.0,3557.0
2026-05-04 18:35:00,1777890900,40871.0,40936.0,40863.0,40872.0,2087.0
2026-05-04 18:40:00,1777891200,40868.0,40894.0,40857.0,40869.0,718.0
2026-05-04 18:45:00,1777891500,40873.0,40926.0,40860.0,40918.0,949.0
2026-05-04 18:50:00,1777891800,40918.0,40961.0,40888.0,40922.0,1422.0
2026-05-04 18:55:00,1777892100,40924.0,40928.0,40890.0,40902.0,556.0
2026-05-04 19:00:00,1777892400,40905.0,40975.0,40888.0,40917.0,1655.0
2026-05-04 19:05:00,1777892700,40910.0,40940.0,40891.0,40940.0,618.0
2026-05-04 19:10:00,1777893000,40940.0,40975.0,40922.0,40951.0,809.0
2026-05-04 19:15:00,1777893300,40952.0,40988.0,40951.0,40955.0,719.0
2026-05-04 19:20:00,1777893600,40957.0,40976.0,40950.0,40952.0,369.0
2026-05-04 19:25:00,1777893900,40951.0,40951.0,40932.0,40934.0,348.0
2026-05-04 19:30:00,1777894200,40934.0,40941.0,40905.0,40915.0,505.0
2026-05-04 19:35:00,1777894500,40917.0,40923.0,40826.0,40884.0,1812.0
2026-05-04 19:40:00,1777894800,40881.0,40917.0,40861.0,40897.0,1008.0
2026-05-04 19:45:00,1777895100,40899.0,40900.0,40875.0,40883.0,452.0
2026-05-04 19:50:00,1777895400,40882.0,40953.0,40870.0,40948.0,787.0
2026-05-04 19:55:00,1777895700,40950.0,40958.0,40926.0,40935.0,502.0
2026-05-04 20:00:00,1777896000,40937.0,40981.0,40937.0,40962.0,803.0
2026-05-04 20:05:00,1777896300,40961.0,40967.0,40943.0,40955.0,254.0
2026-05-04 20:10:00,1777896600,40954.0,40967.0,40944.0,40947.0,265.0
2026-05-04 20:15:00,1777896900,40945.0,41028.0,40931.0,41017.0,1987.0
2026-05-04 20:20:00,1777897200,41017.0,41044.0,41001.0,41030.0,903.0
2026-05-04 20:25:00,1777897500,41030.0,41037.0,41010.0,41011.0,336.0
2026-05-04 20:30:00,1777897800,41010.0,41015.0,40969.0,40972.0,631.0
2026-05-04 20:35:00,1777898100,40970.0,41003.0,40950.0,40981.0,627.0
2026-05-04 20:40:00,1777898400,40982.0,40995.0,40946.0,40964.0,380.0
2026-05-04 20:45:00,1777898700,40961.0,40964.0,40930.0,40939.0,512.0
2026-05-04 20:50:00,1777899000,40936.0,40949.0,40918.0,40934.0,387.0
2026-05-04 20:55:00,1777899300,40930.0,40966.0,40890.0,40911.0,845.0
2026-05-04 21:00:00,1777899600,40911.0,40911.0,40805.0,40878.0,3060.0
2026-05-04 21:05:00,1777899900,40881.0,40940.0,40875.0,40940.0,1067.0
2026-05-04 21:10:00,1777900200,40937.0,40988.0,40890.0,40897.0,1491.0
2026-05-04 21:15:00,1777900500,40893.0,40914.0,40880.0,40883.0,368.0
2026-05-04 21:20:00,1777900800,40885.0,40895.0,40861.0,40886.0,494.0
2026-05-04 21:25:00,1777901100,40887.0,40926.0,40873.0,40926.0,405.0
2026-05-04 21:30:00,1777901400,40926.0,40964.0,40863.0,40952.0,2299.0
2026-05-04 21:35:00,1777901700,40955.0,41010.0,40936.0,40973.0,2132.0
2026-05-04 21:40:00,1777902000,40971.0,41048.0,40950.0,41015.0,2155.0
2026-05-04 21:45:00,1777902300,41011.0,41030.0,40970.0,40985.0,1437.0
2026-05-04 21:50:00,1777902600,40984.0,41012.0,40938.0,40982.0,1462.0
2026-05-04 21:55:00,1777902900,40985.0,41023.0,40949.0,41022.0,1262.0
2026-05-04 22:00:00,1777903200,41017.0,41050.0,41004.0,41028.0,1577.0
2026-05-04 22:05:00,1777903500,41024.0,41050.0,40962.0,40986.0,1782.0
2026-05-04 22:10:00,1777903800,40988.0,41085.0,40975.0,41042.0,2211.0
2026-05-04 22:15:00,1777904100,41041.0,41065.0,41013.0,41060.0,1145.0
2026-05-04 22:20:00,1777904400,41062.0,41107.0,41054.0,41080.0,1715.0
2026-05-04 22:25:00,1777904700,41077.0,41077.0,40988.0,40996.0,1479.0
2026-05-04 22:30:00,1777905000,40994.0,41027.0,40975.0,40993.0,1147.0
2026-05-04 22:35:00,1777905300,40990.0,41011.0,40976.0,40981.0,784.0
2026-05-04 22:40:00,1777905600,40981.0,41031.0,40980.0,41012.0,640.0
2026-05-04 22:45:00,1777905900,41018.0,41035.0,40987.0,40992.0,715.0
2026-05-04 22:50:00,1777906200,40990.0,40996.0,40930.0,40953.0,1284.0
2026-05-04 22:55:00,1777906500,40955.0,40964.0,40860.0,40877.0,2622.0
2026-05-04 23:00:00,1777906800,40877.0,40930.0,40821.0,40883.0,2684.0
2026-05-04 23:05:00,1777907100,40881.0,40907.0,40861.0,40886.0,929.0
2026-05-04 23:10:00,1777907400,40886.0,40903.0,40815.0,40838.0,1213.0
2026-05-04 23:15:00,1777907700,40836.0,40872.0,40737.0,40757.0,2706.0
2026-05-04 23:20:00,1777908000,40754.0,40770.0,40644.0,40692.0,4296.0
2026-05-04 23:25:00,1777908300,40692.0,40788.0,40685.0,40756.0,2039.0
2026-05-04 23:30:00,1777908600,40760.0,40761.0,40681.0,40726.0,1512.0
2026-05-04 23:35:00,1777908900,40729.0,40758.0,40683.0,40717.0,1467.0
2026-05-04 23:40:00,1777909200,40715.0,40753.0,40669.0,40742.0,1283.0
2026-05-04 23:45:00,1777909500,40739.0,40768.0,40704.0,40712.0,1104.0
2026-05-04 23:50:00,1777909800,40711.0,40752.0,40659.0,40730.0,2018.0
2026-05-04 23:55:00,1777910100,40733.0,40753.0,40701.0,40704.0,782.0
2026-05-05 00:00:00,1777910400,40707.0,40721.0,40675.0,40706.0,1094.0
2026-05-05 00:05:00,1777910700,40706.0,40711.0,40595.0,40650.0,2983.0
2026-05-05 00:10:00,1777911000,40647.0,40649.0,40593.0,40611.0,1247.0
2026-05-05 00:15:00,1777911300,40608.0,40764.0,40582.0,40710.0,3051.0
2026-05-05 00:20:00,1777911600,40712.0,40743.0,40709.0,40719.0,1208.0
2026-05-05 00:25:00,1777911900,40720.0,40755.0,40697.0,40715.0,853.0
2026-05-05 00:30:00,1777912200,40714.0,40755.0,40705.0,40749.0,620.0
2026-05-05 00:35:00,1777912500,40750.0,40757.0,40670.0,40673.0,935.0
2026-05-05 00:40:00,1777912800,40674.0,40704.0,40670.0,40680.0,479.0
2026-05-05 00:45:00,1777913100,40677.0,40700.0,40667.0,40700.0,362.0
2026-05-05 00:50:00,1777913400,40698.0,40702.0,40660.0,40685.0,460.0
2026-05-05 00:55:00,1777913700,40685.0,40698.0,40671.0,40685.0,222.0
2026-05-05 01:00:00,1777914000,40691.0,40769.0,40681.0,40768.0,1248.0
2026-05-05 01:05:00,1777914300,40768.0,40788.0,40752.0,40760.0,759.0
2026-05-05 01:10:00,1777914600,40765.0,40766.0,40725.0,40749.0,419.0
2026-05-05 01:15:00,1777914900,40746.0,40836.0,40738.0,40827.0,1311.0
2026-05-05 01:20:00,1777915200,40828.0,40842.0,40808.0,40816.0,555.0
2026-05-05 01:25:00,1777915500,40817.0,40845.0,40808.0,40831.0,335.0
2026-05-05 01:30:00,1777915800,40831.0,40846.0,40792.0,40792.0,478.0
2026-05-05 01:35:00,1777916100,40793.0,40796.0,40764.0,40788.0,362.0
2026-05-05 01:40:00,1777916400,40789.0,40799.0,40767.0,40791.0,201.0
2026-05-05 01:45:00,1777916700,40793.0,40796.0,40777.0,40789.0,140.0
2026-05-05 01:50:00,1777917000,40787.0,40806.0,40782.0,40782.0,176.0
2026-05-05 01:55:00,1777917300,40781.0,40794.0,40777.0,40777.0,156.0
2026-05-05 02:00:00,1777917600,40775.0,40799.0,40772.0,40787.0,217.0
2026-05-05 02:05:00,1777917900,40790.0,40794.0,40763.0,40766.0,192.0
2026-05-05 02:10:00,1777918200,40764.0,40778.0,40753.0,40764.0,177.0
2026-05-05 02:15:00,1777918500,40758.0,40764.0,40734.0,40755.0,325.0
2026-05-05 02:20:00,1777918800,40749.0,40758.0,40711.0,40728.0,274.0
2026-05-05 02:25:00,1777919100,40725.0,40744.0,40696.0,40738.0,347.0
2026-05-05 02:30:00,1777919400,40743.0,40754.0,40727.0,40749.0,172.0
2026-05-05 02:35:00,1777919700,40748.0,40750.0,40728.0,40740.0,122.0
2026-05-05 02:40:00,1777920000,40740.0,40746.0,40701.0,40704.0,131.0
2026-05-05 02:45:00,1777920300,40704.0,40726.0,40688.0,40722.0,202.0
2026-05-05 02:50:00,1777920600,40728.0,40732.0,40685.0,40703.0,236.0
2026-05-05 02:55:00,1777920900,40698.0,40749.0,40698.0,40741.0,160.0
2026-05-05 03:00:00,1777921200,40750.0,40757.0,40731.0,40743.0,138.0
2026-05-05 03:05:00,1777921500,40741.0,40803.0,40734.0,40777.0,422.0
2026-05-05 03:10:00,1777921800,40773.0,40786.0,40767.0,40779.0,135.0
2026-05-05 03:15:00,1777922100,40781.0,40792.0,40773.0,40773.0,124.0
2026-05-05 03:20:00,1777922400,40775.0,40782.0,40766.0,40782.0,63.0
2026-05-05 03:25:00,1777922700,40784.0,40786.0,40740.0,40774.0,129.0
2026-05-05 03:30:00,1777923000,40774.0,40813.0,40774.0,40796.0,236.0
2026-05-05 03:35:00,1777923300,40794.0,40809.0,40792.0,40793.0,75.0
2026-05-05 03:40:00,1777923600,40795.0,40800.0,40785.0,40796.0,87.0
2026-05-05 03:45:00,1777923900,40790.0,40816.0,40775.0,40808.0,181.0
2026-05-05 03:50:00,1777924200,40805.0,40805.0,40773.0,40775.0,184.0
2026-05-05 03:55:00,1777924500,40774.0,40808.0,40760.0,40788.0,148.0
2026-05-05 04:00:00,1777924800,40786.0,40786.0,40722.0,40733.0,583.0
2026-05-05 04:05:00,1777925100,40735.0,40745.0,40730.0,40733.0,73.0
2026-05-05 04:10:00,1777925400,40734.0,40746.0,40713.0,40741.0,100.0
2026-05-05 04:15:00,1777925700,40737.0,40753.0,40730.0,40739.0,66.0
2026-05-05 04:20:00,1777926000,40736.0,40740.0,40727.0,40729.0,61.0
2026-05-05 04:25:00,1777926300,40730.0,40746.0,40729.0,40742.0,31.0
2026-05-05 04:30:00,1777926600,40745.0,40760.0,40740.0,40750.0,105.0
2026-05-05 04:35:00,1777926900,40750.0,40754.0,40745.0,40754.0,53.0
2026-05-05 04:40:00,1777927200,40754.0,40756.0,40743.0,40752.0,84.0
2026-05-05 04:45:00,1777927500,40752.0,40760.0,40740.0,40743.0,115.0
2026-05-05 04:50:00,1777927800,40746.0,40759.0,40740.0,40756.0,140.0
2026-05-05 04:55:00,1777928100,40755.0,40800.0,40751.0,40799.0,213.0
2026-05-05 08:45:00,1777941900,40943.0,40949.0,40843.0,40852.0,4897.0
2026-05-05 08:50:00,1777942200,40854.0,40909.0,40845.0,40899.0,1572.0
2026-05-05 08:55:00,1777942500,40901.0,40928.0,40856.0,40902.0,1727.0
2026-05-05 09:00:00,1777942800,40899.0,41046.0,40889.0,41037.0,6515.0
2026-05-05 09:05:00,1777943100,41038.0,41091.0,40960.0,41000.0,4656.0
2026-05-05 09:10:00,1777943400,40998.0,41062.0,40957.0,40999.0,2870.0
2026-05-05 09:15:00,1777943700,40996.0,41072.0,40992.0,41017.0,2477.0
2026-05-05 09:20:00,1777944000,41016.0,41039.0,40977.0,41022.0,1934.0
2026-05-05 09:25:00,1777944300,41024.0,41028.0,40858.0,40867.0,4360.0
2026-05-05 09:30:00,1777944600,40866.0,40925.0,40806.0,40906.0,5653.0
2026-05-05 09:35:00,1777944900,40908.0,40985.0,40900.0,40906.0,2861.0
2026-05-05 09:40:00,1777945200,40907.0,40920.0,40826.0,40838.0,2586.0
2026-05-05 09:45:00,1777945500,40844.0,40864.0,40802.0,40831.0,2589.0
2026-05-05 09:50:00,1777945800,40829.0,40905.0,40817.0,40860.0,2504.0
2026-05-05 09:55:00,1777946100,40860.0,40879.0,40807.0,40839.0,1859.0
2026-05-05 10:00:00,1777946400,40844.0,40867.0,40799.0,40863.0,2075.0
2026-05-05 10:05:00,1777946700,40864.0,40871.0,40830.0,40846.0,964.0
2026-05-05 10:10:00,1777947000,40841.0,40898.0,40840.0,40872.0,1470.0
2026-05-05 10:15:00,1777947300,40876.0,40920.0,40852.0,40870.0,1845.0
2026-05-05 10:20:00,1777947600,40870.0,40949.0,40861.0,40909.0,1537.0
2026-05-05 10:25:00,1777947900,40913.0,40961.0,40909.0,40924.0,1482.0
2026-05-05 10:30:00,1777948200,40928.0,40946.0,40891.0,40903.0,1123.0
2026-05-05 10:35:00,1777948500,40905.0,40935.0,40880.0,40917.0,1029.0
2026-05-05 10:40:00,1777948800,40920.0,40934.0,40875.0,40884.0,827.0
2026-05-05 10:45:00,1777949100,40884.0,40891.0,40816.0,40851.0,2098.0
2026-05-05 10:50:00,1777949400,40852.0,40874.0,40813.0,40816.0,1154.0
2026-05-05 10:55:00,1777949700,40816.0,40838.0,40796.0,40825.0,1410.0
2026-05-05 11:00:00,1777950000,40827.0,40853.0,40808.0,40848.0,1051.0
2026-05-05 11:05:00,1777950300,40849.0,40869.0,40827.0,40858.0,745.0
2026-05-05 11:10:00,1777950600,40858.0,40895.0,40853.0,40891.0,887.0
2026-05-05 11:15:00,1777950900,40891.0,40935.0,40878.0,40928.0,1286.0
2026-05-05 11:20:00,1777951200,40931.0,40946.0,40916.0,40937.0,1132.0
2026-05-05 11:25:00,1777951500,40938.0,41011.0,40933.0,41011.0,2222.0
2026-05-05 11:30:00,1777951800,41008.0,41065.0,40993.0,40999.0,2302.0
2026-05-05 11:35:00,1777952100,40998.0,41037.0,40980.0,41019.0,1450.0
2026-05-05 11:40:00,1777952400,41019.0,41035.0,40952.0,40959.0,1439.0
2026-05-05 11:45:00,1777952700,40959.0,41003.0,40921.0,40999.0,1344.0
2026-05-05 11:50:00,1777953000,40999.0,41008.0,40974.0,41002.0,491.0
2026-05-05 11:55:00,1777953300,41001.0,41003.0,40972.0,40985.0,519.0
2026-05-05 12:00:00,1777953600,40984.0,41033.0,40982.0,41013.0,971.0
2026-05-05 12:05:00,1777953900,41013.0,41022.0,40989.0,40990.0,477.0
2026-05-05 12:10:00,1777954200,40989.0,41001.0,40968.0,40979.0,435.0
2026-05-05 12:15:00,1777954500,40976.0,41045.0,40965.0,41038.0,1195.0
2026-05-05 12:20:00,1777954800,41040.0,41052.0,41023.0,41045.0,1012.0
2026-05-05 12:25:00,1777955100,41048.0,41073.0,41037.0,41057.0,1146.0
2026-05-05 12:30:00,1777955400,41054.0,41065.0,41030.0,41046.0,788.0
2026-05-05 12:35:00,1777955700,41047.0,41075.0,41028.0,41055.0,824.0
2026-05-05 12:40:00,1777956000,41058.0,41061.0,41011.0,41024.0,689.0
2026-05-05 12:45:00,1777956300,41024.0,41064.0,41009.0,41051.0,851.0
2026-05-05 12:50:00,1777956600,41054.0,41062.0,41011.0,41016.0,611.0
2026-05-05 12:55:00,1777956900,41013.0,41023.0,40986.0,40991.0,988.0
2026-05-05 13:00:00,1777957200,40993.0,41044.0,40981.0,41029.0,966.0
2026-05-05 13:05:00,1777957500,41030.0,41045.0,41001.0,41039.0,704.0
2026-05-05 13:10:00,1777957800,41042.0,41063.0,41033.0,41050.0,721.0
2026-05-05 13:15:00,1777958100,41052.0,41056.0,41025.0,41039.0,631.0
2026-05-05 13:20:00,1777958400,41039.0,41055.0,41017.0,41050.0,666.0
2026-05-05 13:25:00,1777958700,41050.0,41060.0,40992.0,40997.0,1314.0
2026-05-05 13:30:00,1777959000,40998.0,41007.0,40961.0,40985.0,1636.0
2026-05-05 13:35:00,1777959300,40985.0,40995.0,40963.0,40965.0,726.0
2026-05-05 13:40:00,1777959600,40967.0,41049.0,40966.0,41036.0,1621.0
2026-05-05 15:00:00,1777964400,41075.0,41180.0,41071.0,41151.0,3596.0
2026-05-05 15:05:00,1777964700,41153.0,41155.0,41115.0,41123.0,1008.0
2026-05-05 15:10:00,1777965000,41123.0,41140.0,41099.0,41124.0,736.0
2026-05-05 15:15:00,1777965300,41123.0,41137.0,41114.0,41131.0,445.0
2026-05-05 15:20:00,1777965600,41130.0,41145.0,41101.0,41104.0,505.0
2026-05-05 15:25:00,1777965900,41103.0,41114.0,41085.0,41093.0,591.0
2026-05-05 15:30:00,1777966200,41093.0,41105.0,41072.0,41097.0,585.0
2026-05-05 15:35:00,1777966500,41098.0,41158.0,41096.0,41148.0,1080.0
2026-05-05 15:40:00,1777966800,41146.0,41194.0,41130.0,41132.0,1878.0
2026-05-05 15:45:00,1777967100,41130.0,41132.0,41087.0,41094.0,1020.0
2026-05-05 15:50:00,1777967400,41095.0,41097.0,41041.0,41046.0,1256.0
2026-05-05 15:55:00,1777967700,41048.0,41055.0,41014.0,41042.0,1069.0
2026-05-05 16:00:00,1777968000,41043.0,41085.0,41027.0,41081.0,914.0
2026-05-05 16:05:00,1777968300,41082.0,41105.0,41075.0,41100.0,595.0
2026-05-05 16:10:00,1777968600,41101.0,41142.0,41094.0,41131.0,780.0
2026-05-05 16:15:00,1777968900,41130.0,41154.0,41127.0,41141.0,777.0
2026-05-05 16:20:00,1777969200,41141.0,41168.0,41132.0,41135.0,677.0
2026-05-05 16:25:00,1777969500,41134.0,41165.0,41133.0,41138.0,512.0
2026-05-05 16:30:00,1777969800,41134.0,41145.0,41121.0,41144.0,478.0
2026-05-05 16:35:00,1777970100,41144.0,41158.0,41135.0,41142.0,323.0
2026-05-05 16:40:00,1777970400,41139.0,41139.0,41115.0,41129.0,340.0
2026-05-05 16:45:00,1777970700,41125.0,41143.0,41121.0,41138.0,347.0
2026-05-05 16:50:00,1777971000,41138.0,41155.0,41130.0,41149.0,244.0
2026-05-05 16:55:00,1777971300,41146.0,41158.0,41136.0,41152.0,236.0
2026-05-05 17:00:00,1777971600,41152.0,41164.0,41118.0,41123.0,559.0
2026-05-05 17:05:00,1777971900,41123.0,41140.0,41104.0,41132.0,487.0
2026-05-05 17:10:00,1777972200,41136.0,41139.0,41106.0,41109.0,294.0
2026-05-05 17:15:00,1777972500,41109.0,41121.0,41089.0,41100.0,494.0
2026-05-05 17:20:00,1777972800,41101.0,41114.0,41095.0,41108.0,209.0
2026-05-05 17:25:00,1777973100,41111.0,41117.0,41080.0,41080.0,369.0
2026-05-05 17:30:00,1777973400,41080.0,41116.0,41075.0,41095.0,427.0
2026-05-05 17:35:00,1777973700,41094.0,41111.0,41077.0,41105.0,386.0
2026-05-05 17:40:00,1777974000,41104.0,41119.0,41101.0,41102.0,238.0
2026-05-05 17:45:00,1777974300,41104.0,41134.0,41103.0,41115.0,406.0
2026-05-05 17:50:00,1777974600,41115.0,41116.0,41090.0,41096.0,225.0
2026-05-05 17:55:00,1777974900,41095.0,41099.0,41077.0,41088.0,273.0
2026-05-05 18:00:00,1777975200,41088.0,41098.0,41083.0,41089.0,182.0
2026-05-05 18:05:00,1777975500,41088.0,41095.0,41076.0,41086.0,264.0
2026-05-05 18:10:00,1777975800,41085.0,41116.0,41085.0,41098.0,264.0
2026-05-05 18:15:00,1777976100,41097.0,41107.0,41084.0,41088.0,157.0
2026-05-05 18:20:00,1777976400,41090.0,41102.0,41085.0,41085.0,95.0
2026-05-05 18:25:00,1777976700,41085.0,41107.0,41083.0,41099.0,119.0
2026-05-05 18:30:00,1777977000,41099.0,41150.0,41087.0,41139.0,667.0
2026-05-05 18:35:00,1777977300,41139.0,41160.0,41126.0,41138.0,673.0
2026-05-05 18:40:00,1777977600,41137.0,41139.0,41092.0,41097.0,449.0
2026-05-05 18:45:00,1777977900,41097.0,41100.0,41061.0,41063.0,771.0
2026-05-05 18:50:00,1777978200,41063.0,41084.0,41062.0,41083.0,322.0
2026-05-05 18:55:00,1777978500,41082.0,41089.0,41066.0,41069.0,243.0
2026-05-05 19:00:00,1777978800,41070.0,41084.0,40982.0,41007.0,2436.0
2026-05-05 19:05:00,1777979100,41010.0,41044.0,40994.0,41038.0,764.0
2026-05-05 19:10:00,1777979400,41040.0,41044.0,41011.0,41016.0,398.0
2026-05-05 19:15:00,1777979700,41015.0,41031.0,40960.0,40977.0,1232.0
2026-05-05 19:20:00,1777980000,40977.0,40995.0,40962.0,40994.0,560.0
2026-05-05 19:25:00,1777980300,40994.0,41039.0,40990.0,41023.0,890.0
2026-05-05 19:30:00,1777980600,41020.0,41049.0,41017.0,41041.0,564.0
2026-05-05 19:35:00,1777980900,41040.0,41060.0,41036.0,41044.0,456.0
2026-05-05 19:40:00,1777981200,41042.0,41060.0,41040.0,41042.0,278.0
2026-05-05 19:45:00,1777981500,41043.0,41065.0,41043.0,41059.0,405.0
2026-05-05 19:50:00,1777981800,41058.0,41067.0,41045.0,41066.0,334.0
2026-05-05 19:55:00,1777982100,41067.0,41091.0,41067.0,41087.0,527.0
2026-05-05 20:00:00,1777982400,41086.0,41087.0,41048.0,41058.0,553.0
2026-05-05 20:05:00,1777982700,41058.0,41125.0,41058.0,41108.0,1028.0
2026-05-05 20:10:00,1777983000,41106.0,41170.0,41106.0,41159.0,1886.0
2026-05-05 20:15:00,1777983300,41158.0,41238.0,41158.0,41207.0,3284.0
2026-05-05 20:20:00,1777983600,41206.0,41266.0,41204.0,41262.0,2308.0
2026-05-05 20:25:00,1777983900,41263.0,41281.0,41258.0,41265.0,1294.0
2026-05-05 20:30:00,1777984200,41266.0,41283.0,41251.0,41258.0,1061.0
2026-05-05 20:35:00,1777984500,41259.0,41263.0,41225.0,41234.0,943.0
2026-05-05 20:40:00,1777984800,41235.0,41252.0,41224.0,41238.0,514.0
2026-05-05 20:45:00,1777985100,41235.0,41239.0,41218.0,41226.0,488.0
2026-05-05 20:50:00,1777985400,41225.0,41241.0,41219.0,41238.0,374.0
2026-05-05 20:55:00,1777985700,41239.0,41250.0,41239.0,41241.0,359.0
2026-05-05 21:00:00,1777986000,41240.0,41294.0,41236.0,41281.0,1253.0
2026-05-05 21:05:00,1777986300,41281.0,41348.0,41279.0,41335.0,1827.0
2026-05-05 21:10:00,1777986600,41335.0,41343.0,41322.0,41325.0,866.0
2026-05-05 21:15:00,1777986900,41326.0,41330.0,41308.0,41316.0,541.0
2026-05-05 21:20:00,1777987200,41317.0,41329.0,41289.0,41293.0,701.0
2026-05-05 21:25:00,1777987500,41294.0,41327.0,41294.0,41327.0,514.0
2026-05-05 21:30:00,1777987800,41328.0,41363.0,41266.0,41305.0,2967.0
2026-05-05 21:35:00,1777988100,41306.0,41374.0,41291.0,41353.0,2477.0
2026-05-05 21:40:00,1777988400,41350.0,41365.0,41320.0,41362.0,1366.0
2026-05-05 21:45:00,1777988700,41364.0,41393.0,41356.0,41358.0,2022.0
2026-05-05 21:50:00,1777989000,41359.0,41475.0,41354.0,41438.0,3963.0
2026-05-05 21:55:00,1777989300,41436.0,41477.0,41433.0,41451.0,1275.0
2026-05-05 22:00:00,1777989600,41453.0,41488.0,41416.0,41441.0,2534.0
2026-05-05 22:05:00,1777989900,41440.0,41466.0,41425.0,41443.0,1194.0
2026-05-05 22:10:00,1777990200,41447.0,41452.0,41348.0,41368.0,3158.0
2026-05-05 22:15:00,1777990500,41369.0,41369.0,41251.0,41310.0,5620.0
2026-05-05 22:20:00,1777990800,41307.0,41400.0,41289.0,41394.0,2636.0
2026-05-05 22:25:00,1777991100,41394.0,41449.0,41393.0,41414.0,1833.0
2026-05-05 22:30:00,1777991400,41417.0,41438.0,41396.0,41409.0,1268.0
2026-05-05 22:35:00,1777991700,41410.0,41423.0,41346.0,41358.0,1385.0
2026-05-05 22:40:00,1777992000,41358.0,41379.0,41322.0,41328.0,1337.0
2026-05-05 22:45:00,1777992300,41326.0,41359.0,41294.0,41341.0,1628.0
2026-05-05 22:50:00,1777992600,41336.0,41380.0,41329.0,41378.0,989.0
2026-05-05 22:55:00,1777992900,41379.0,41397.0,41370.0,41380.0,894.0
2026-05-05 23:00:00,1777993200,41381.0,41452.0,41374.0,41449.0,1533.0
2026-05-05 23:05:00,1777993500,41447.0,41468.0,41411.0,41416.0,1622.0
2026-05-05 23:10:00,1777993800,41418.0,41438.0,41407.0,41428.0,684.0
2026-05-05 23:15:00,1777994100,41424.0,41449.0,41419.0,41425.0,601.0
2026-05-05 23:20:00,1777994400,41429.0,41449.0,41419.0,41435.0,561.0
2026-05-05 23:25:00,1777994700,41434.0,41465.0,41423.0,41447.0,762.0
2026-05-05 23:30:00,1777995000,41448.0,41462.0,41412.0,41413.0,780.0
2026-05-05 23:35:00,1777995300,41413.0,41462.0,41411.0,41453.0,676.0
2026-05-05 23:40:00,1777995600,41453.0,41482.0,41445.0,41459.0,1025.0
2026-05-05 23:45:00,1777995900,41463.0,41505.0,41461.0,41495.0,1971.0
2026-05-05 23:50:00,1777996200,41497.0,41536.0,41497.0,41535.0,1230.0
2026-05-05 23:55:00,1777996500,41537.0,41546.0,41506.0,41507.0,1231.0
2026-05-06 00:00:00,1777996800,41510.0,41538.0,41502.0,41537.0,884.0
2026-05-06 00:05:00,1777997100,41535.0,41569.0,41513.0,41523.0,1606.0
2026-05-06 00:10:00,1777997400,41520.0,41530.0,41494.0,41517.0,837.0
2026-05-06 00:15:00,1777997700,41519.0,41523.0,41485.0,41501.0,603.0
2026-05-06 00:20:00,1777998000,41504.0,41516.0,41496.0,41496.0,306.0
2026-05-06 00:25:00,1777998300,41495.0,41502.0,41419.0,41479.0,1540.0
2026-05-06 00:30:00,1777998600,41478.0,41483.0,41432.0,41473.0,751.0
2026-05-06 00:35:00,1777998900,41473.0,41484.0,41436.0,41442.0,444.0
2026-05-06 00:40:00,1777999200,41440.0,41456.0,41412.0,41451.0,826.0
2026-05-06 00:45:00,1777999500,41450.0,41483.0,41444.0,41475.0,550.0
2026-05-06 00:50:00,1777999800,41475.0,41482.0,41465.0,41479.0,255.0
2026-05-06 00:55:00,1778000100,41479.0,41495.0,41470.0,41478.0,420.0
2026-05-06 01:00:00,1778000400,41478.0,41505.0,41468.0,41498.0,404.0
2026-05-06 01:05:00,1778000700,41498.0,41505.0,41476.0,41480.0,365.0
2026-05-06 01:10:00,1778001000,41478.0,41486.0,41464.0,41474.0,253.0
2026-05-06 01:15:00,1778001300,41476.0,41516.0,41475.0,41513.0,447.0
2026-05-06 01:20:00,1778001600,41515.0,41525.0,41487.0,41493.0,393.0
2026-05-06 01:25:00,1778001900,41496.0,41520.0,41495.0,41504.0,156.0
2026-05-06 01:30:00,1778002200,41504.0,41514.0,41489.0,41508.0,252.0
2026-05-06 01:35:00,1778002500,41505.0,41525.0,41496.0,41496.0,267.0
2026-05-06 01:40:00,1778002800,41495.0,41507.0,41492.0,41496.0,89.0
2026-05-06 01:45:00,1778003100,41497.0,41501.0,41490.0,41496.0,78.0
2026-05-06 01:50:00,1778003400,41495.0,41507.0,41489.0,41491.0,124.0
2026-05-06 01:55:00,1778003700,41490.0,41508.0,41488.0,41504.0,86.0
2026-05-06 02:00:00,1778004000,41503.0,41519.0,41501.0,41519.0,168.0
2026-05-06 02:05:00,1778004300,41519.0,41527.0,41498.0,41500.0,191.0
2026-05-06 02:10:00,1778004600,41499.0,41513.0,41493.0,41513.0,74.0
2026-05-06 02:15:00,1778004900,41507.0,41515.0,41500.0,41505.0,136.0
2026-05-06 02:20:00,1778005200,41505.0,41523.0,41505.0,41514.0,78.0
2026-05-06 02:25:00,1778005500,41514.0,41534.0,41506.0,41523.0,306.0
2026-05-06 02:30:00,1778005800,41524.0,41540.0,41524.0,41536.0,124.0
2026-05-06 02:35:00,1778006100,41538.0,41543.0,41533.0,41537.0,221.0
2026-05-06 02:40:00,1778006400,41534.0,41538.0,41519.0,41521.0,99.0
2026-05-06 02:45:00,1778006700,41518.0,41528.0,41505.0,41507.0,133.0
2026-05-06 02:50:00,1778007000,41507.0,41515.0,41490.0,41505.0,198.0
2026-05-06 02:55:00,1778007300,41507.0,41516.0,41497.0,41505.0,68.0
2026-05-06 03:00:00,1778007600,41505.0,41514.0,41490.0,41491.0,94.0
2026-05-06 03:05:00,1778007900,41493.0,41507.0,41485.0,41499.0,192.0
2026-05-06 03:10:00,1778008200,41499.0,41509.0,41474.0,41475.0,143.0
2026-05-06 03:15:00,1778008500,41472.0,41477.0,41460.0,41462.0,276.0
2026-05-06 03:20:00,1778008800,41462.0,41462.0,41432.0,41452.0,377.0
2026-05-06 03:25:00,1778009100,41451.0,41460.0,41437.0,41437.0,145.0
2026-05-06 03:30:00,1778009400,41436.0,41455.0,41432.0,41450.0,204.0
2026-05-06 03:35:00,1778009700,41448.0,41463.0,41440.0,41462.0,129.0
2026-05-06 03:40:00,1778010000,41460.0,41474.0,41452.0,41465.0,138.0
2026-05-06 03:45:00,1778010300,41465.0,41480.0,41460.0,41465.0,102.0
2026-05-06 03:50:00,1778010600,41466.0,41466.0,41418.0,41427.0,435.0
2026-05-06 03:55:00,1778010900,41425.0,41463.0,41418.0,41443.0,213.0
2026-05-06 04:00:00,1778011200,41444.0,41464.0,41440.0,41458.0,335.0
2026-05-06 04:05:00,1778011500,41463.0,41476.0,41460.0,41476.0,73.0
2026-05-06 04:10:00,1778011800,41477.0,41492.0,41475.0,41486.0,120.0
2026-05-06 04:15:00,1778012100,41488.0,41509.0,41451.0,41504.0,377.0
2026-05-06 04:20:00,1778012400,41500.0,41510.0,41490.0,41506.0,148.0
2026-05-06 04:25:00,1778012700,41503.0,41562.0,41501.0,41550.0,615.0
2026-05-06 04:30:00,1778013000,41550.0,41561.0,41535.0,41541.0,282.0
2026-05-06 04:35:00,1778013300,41540.0,41552.0,41535.0,41547.0,106.0
2026-05-06 04:40:00,1778013600,41546.0,41546.0,41524.0,41524.0,183.0
2026-05-06 04:45:00,1778013900,41523.0,41530.0,41515.0,41530.0,135.0
2026-05-06 04:50:00,1778014200,41534.0,41549.0,41527.0,41546.0,170.0
2026-05-06 04:55:00,1778014500,41546.0,41560.0,41543.0,41560.0,237.0
2026-05-06 08:45:00,1778028300,41671.0,41705.0,41617.0,41657.0,6255.0
2026-05-06 08:50:00,1778028600,41660.0,41696.0,41645.0,41682.0,1839.0
2026-05-06 08:55:00,1778028900,41683.0,41744.0,41640.0,41644.0,4020.0
2026-05-06 09:00:00,1778029200,41643.0,41820.0,41636.0,41804.0,7066.0
2026-05-06 09:05:00,1778029500,41806.0,41867.0,41746.0,41835.0,5563.0
2026-05-06 09:10:00,1778029800,41833.0,41955.0,41816.0,41942.0,4946.0
2026-05-06 09:15:00,1778030100,41942.0,41992.0,41915.0,41980.0,3926.0
2026-05-06 09:20:00,1778030400,41980.0,42002.0,41842.0,41871.0,5413.0
2026-05-06 09:25:00,1778030700,41872.0,41886.0,41756.0,41785.0,5938.0
2026-05-06 09:30:00,1778031000,41788.0,41909.0,41776.0,41875.0,3853.0
2026-05-06 09:35:00,1778031300,41880.0,41934.0,41780.0,41793.0,3368.0
2026-05-06 09:40:00,1778031600,41792.0,41812.0,41707.0,41712.0,4183.0
2026-05-06 09:45:00,1778031900,41710.0,41716.0,41452.0,41508.0,11284.0
2026-05-06 09:50:00,1778032200,41510.0,41549.0,41233.0,41305.0,10848.0
2026-05-06 09:55:00,1778032500,41305.0,41467.0,41290.0,41402.0,6680.0
2026-05-06 10:00:00,1778032800,41401.0,41407.0,41219.0,41220.0,6251.0
2026-05-06 10:05:00,1778033100,41221.0,41338.0,41041.0,41306.0,10659.0
2026-05-06 10:10:00,1778033400,41307.0,41422.0,41306.0,41345.0,5249.0
2026-05-06 10:15:00,1778033700,41344.0,41430.0,41326.0,41383.0,3063.0
2026-05-06 10:20:00,1778034000,41384.0,41417.0,41315.0,41345.0,2644.0
2026-05-06 10:25:00,1778034300,41349.0,41380.0,41222.0,41298.0,3731.0
2026-05-06 10:30:00,1778034600,41297.0,41348.0,41201.0,41310.0,2796.0
2026-05-06 10:35:00,1778034900,41317.0,41343.0,41175.0,41208.0,2731.0
2026-05-06 10:40:00,1778035200,41205.0,41268.0,41113.0,41184.0,3179.0
2026-05-06 10:45:00,1778035500,41185.0,41297.0,41156.0,41253.0,2845.0
2026-05-06 10:50:00,1778035800,41247.0,41255.0,41187.0,41205.0,1416.0
2026-05-06 10:55:00,1778036100,41206.0,41215.0,41113.0,41137.0,2144.0
2026-05-06 11:00:00,1778036400,41141.0,41182.0,41050.0,41103.0,3299.0
2026-05-06 11:05:00,1778036700,41100.0,41227.0,41091.0,41226.0,2772.0
2026-05-06 11:10:00,1778037000,41226.0,41318.0,41223.0,41299.0,2808.0
2026-05-06 11:15:00,1778037300,41296.0,41325.0,41235.0,41255.0,1929.0
2026-05-06 11:20:00,1778037600,41254.0,41298.0,41230.0,41288.0,1141.0
2026-05-06 11:25:00,1778037900,41284.0,41366.0,41280.0,41351.0,1921.0
2026-05-06 11:30:00,1778038200,41353.0,41382.0,41327.0,41342.0,1642.0
2026-05-06 11:35:00,1778038500,41339.0,41359.0,41306.0,41333.0,1074.0
2026-05-06 11:40:00,1778038800,41332.0,41333.0,41279.0,41322.0,1185.0
2026-05-06 11:45:00,1778039100,41320.0,41342.0,41293.0,41295.0,1039.0
2026-05-06 11:50:00,1778039400,41299.0,41328.0,41284.0,41303.0,724.0
2026-05-06 11:55:00,1778039700,41300.0,41358.0,41295.0,41335.0,937.0
2026-05-06 12:00:00,1778040000,41330.0,41362.0,41307.0,41325.0,933.0
2026-05-06 12:05:00,1778040300,41322.0,41367.0,41320.0,41336.0,665.0
2026-05-06 12:10:00,1778040600,41343.0,41354.0,41312.0,41354.0,546.0
2026-05-06 12:15:00,1778040900,41353.0,41365.0,41288.0,41294.0,1024.0
2026-05-06 12:20:00,1778041200,41293.0,41340.0,41278.0,41293.0,831.0
2026-05-06 12:25:00,1778041500,41293.0,41342.0,41272.0,41333.0,1001.0
2026-05-06 12:30:00,1778041800,41332.0,41423.0,41328.0,41391.0,2532.0
2026-05-06 12:35:00,1778042100,41392.0,41421.0,41336.0,41413.0,1494.0
2026-05-06 12:40:00,1778042400,41411.0,41441.0,41371.0,41405.0,1482.0
2026-05-06 12:45:00,1778042700,41406.0,41456.0,41400.0,41446.0,1389.0
2026-05-06 12:50:00,1778043000,41446.0,41462.0,41413.0,41454.0,1195.0
2026-05-06 12:55:00,1778043300,41455.0,41475.0,41415.0,41416.0,1104.0
2026-05-06 13:00:00,1778043600,41416.0,41426.0,41381.0,41408.0,1298.0
2026-05-06 13:05:00,1778043900,41404.0,41438.0,41393.0,41435.0,662.0
2026-05-06 13:10:00,1778044200,41431.0,41498.0,41429.0,41492.0,1482.0
2026-05-06 13:15:00,1778044500,41490.0,41552.0,41481.0,41547.0,2404.0
2026-05-06 13:20:00,1778044800,41547.0,41551.0,41480.0,41487.0,1448.0
2026-05-06 13:25:00,1778045100,41489.0,41497.0,41450.0,41474.0,1577.0
2026-05-06 13:30:00,1778045400,41473.0,41511.0,41461.0,41466.0,1591.0
2026-05-06 13:35:00,1778045700,41465.0,41467.0,41432.0,41463.0,1340.0
2026-05-06 13:40:00,1778046000,41459.0,41540.0,41455.0,41511.0,1953.0
2026-05-06 15:00:00,1778050800,41436.0,41503.0,41413.0,41477.0,2084.0
2026-05-06 15:05:00,1778051100,41477.0,41510.0,41471.0,41493.0,709.0
2026-05-06 15:10:00,1778051400,41494.0,41499.0,41437.0,41443.0,734.0
2026-05-06 15:15:00,1778051700,41441.0,41462.0,41430.0,41443.0,522.0
2026-05-06 15:20:00,1778052000,41442.0,41461.0,41421.0,41450.0,560.0
2026-05-06 15:25:00,1778052300,41451.0,41451.0,41420.0,41443.0,316.0
2026-05-06 15:30:00,1778052600,41445.0,41466.0,41425.0,41462.0,439.0
2026-05-06 15:35:00,1778052900,41463.0,41496.0,41462.0,41489.0,552.0
2026-05-06 15:40:00,1778053200,41490.0,41505.0,41479.0,41496.0,466.0
2026-05-06 15:45:00,1778053500,41498.0,41543.0,41498.0,41537.0,972.0
2026-05-06 15:50:00,1778053800,41537.0,41550.0,41521.0,41529.0,640.0
2026-05-06 15:55:00,1778054100,41527.0,41588.0,41527.0,41586.0,1065.0
2026-05-06 16:00:00,1778054400,41586.0,41618.0,41574.0,41581.0,1663.0
2026-05-06 16:05:00,1778054700,41581.0,41614.0,41570.0,41593.0,701.0
2026-05-06 16:10:00,1778055000,41593.0,41620.0,41584.0,41591.0,553.0
2026-05-06 16:15:00,1778055300,41585.0,41590.0,41535.0,41540.0,976.0
2026-05-06 16:20:00,1778055600,41541.0,41548.0,41519.0,41544.0,562.0
2026-05-06 16:25:00,1778055900,41543.0,41550.0,41526.0,41537.0,423.0
2026-05-06 16:30:00,1778056200,41537.0,41571.0,41533.0,41562.0,507.0
2026-05-06 16:35:00,1778056500,41561.0,41570.0,41547.0,41563.0,237.0
2026-05-06 16:40:00,1778056800,41566.0,41580.0,41558.0,41558.0,293.0
2026-05-06 16:45:00,1778057100,41558.0,41579.0,41508.0,41515.0,761.0
2026-05-06 16:50:00,1778057400,41516.0,41883.0,41513.0,41843.0,7043.0
2026-05-06 16:55:00,1778057700,41841.0,41874.0,41807.0,41808.0,2203.0
2026-05-06 17:00:00,1778058000,41808.0,41853.0,41719.0,41749.0,2349.0
2026-05-06 17:05:00,1778058300,41749.0,41780.0,41726.0,41733.0,1141.0
2026-05-06 17:10:00,1778058600,41733.0,41783.0,41720.0,41761.0,800.0
2026-05-06 17:15:00,1778058900,41765.0,41800.0,41759.0,41782.0,841.0
2026-05-06 17:20:00,1778059200,41780.0,41790.0,41708.0,41727.0,1128.0
2026-05-06 17:25:00,1778059500,41728.0,41775.0,41722.0,41762.0,536.0
2026-05-06 17:30:00,1778059800,41765.0,41835.0,41745.0,41824.0,1286.0
2026-05-06 17:35:00,1778060100,41825.0,41842.0,41801.0,41836.0,804.0
2026-05-06 17:40:00,1778060400,41837.0,41844.0,41806.0,41806.0,569.0
2026-05-06 17:45:00,1778060700,41807.0,41808.0,41776.0,41805.0,639.0
2026-05-06 17:50:00,1778061000,41802.0,41819.0,41779.0,41815.0,384.0
2026-05-06 17:55:00,1778061300,41816.0,41838.0,41814.0,41836.0,453.0
2026-05-06 18:00:00,1778061600,41836.0,41874.0,41836.0,41850.0,1394.0
2026-05-06 18:05:00,1778061900,41846.0,41854.0,41821.0,41830.0,401.0
2026-05-06 18:10:00,1778062200,41830.0,41848.0,41826.0,41836.0,254.0
2026-05-06 18:15:00,1778062500,41836.0,41890.0,41830.0,41882.0,883.0
2026-05-06 18:20:00,1778062800,41881.0,41898.0,41867.0,41869.0,625.0
2026-05-06 18:25:00,1778063100,41869.0,41890.0,41865.0,41887.0,415.0
2026-05-06 18:30:00,1778063400,41885.0,41911.0,41885.0,41894.0,730.0
2026-05-06 18:35:00,1778063700,41895.0,41907.0,41883.0,41901.0,384.0
2026-05-06 18:40:00,1778064000,41902.0,41967.0,41897.0,41946.0,1688.0
2026-05-06 18:45:00,1778064300,41950.0,41967.0,41898.0,41922.0,1107.0
2026-05-06 18:50:00,1778064600,41919.0,41982.0,41895.0,41966.0,1455.0
2026-05-06 18:55:00,1778064900,41964.0,41985.0,41928.0,41948.0,882.0
2026-05-06 19:00:00,1778065200,41946.0,41984.0,41931.0,41955.0,803.0
2026-05-06 19:05:00,1778065500,41957.0,41994.0,41957.0,41976.0,919.0
2026-05-06 19:10:00,1778065800,41978.0,41993.0,41945.0,41983.0,960.0
2026-05-06 19:15:00,1778066100,41982.0,42000.0,41976.0,41980.0,709.0
2026-05-06 19:20:00,1778066400,41978.0,41982.0,41950.0,41957.0,566.0
2026-05-06 19:25:00,1778066700,41957.0,41957.0,41927.0,41940.0,765.0
2026-05-06 19:30:00,1778067000,41938.0,41945.0,41906.0,41942.0,852.0
2026-05-06 19:35:00,1778067300,41943.0,41955.0,41934.0,41948.0,442.0
2026-05-06 19:40:00,1778067600,41950.0,41962.0,41836.0,41838.0,2555.0
2026-05-06 19:45:00,1778067900,41836.0,41855.0,41798.0,41830.0,2102.0
2026-05-06 19:50:00,1778068200,41830.0,41878.0,41819.0,41877.0,952.0
2026-05-06 19:55:00,1778068500,41877.0,41878.0,41820.0,41850.0,794.0
2026-05-06 20:00:00,1778068800,41848.0,41850.0,41806.0,41822.0,847.0
2026-05-06 20:05:00,1778069100,41824.0,41832.0,41775.0,41825.0,1503.0
2026-05-06 20:10:00,1778069400,41822.0,41843.0,41744.0,41766.0,1868.0
2026-05-06 20:15:00,1778069700,41759.0,41809.0,41720.0,41770.0,2320.0
2026-05-06 20:20:00,1778070000,41771.0,41806.0,41754.0,41794.0,1066.0
2026-05-06 20:25:00,1778070300,41796.0,41815.0,41785.0,41803.0,616.0
2026-05-06 20:30:00,1778070600,41804.0,41812.0,41774.0,41788.0,606.0
2026-05-06 20:35:00,1778070900,41792.0,41807.0,41775.0,41793.0,333.0
2026-05-06 20:40:00,1778071200,41791.0,41794.0,41755.0,41769.0,516.0
2026-05-06 20:45:00,1778071500,41769.0,41818.0,41763.0,41795.0,744.0
2026-05-06 20:50:00,1778071800,41795.0,41811.0,41745.0,41753.0,740.0
2026-05-06 20:55:00,1778072100,41753.0,41777.0,41742.0,41759.0,626.0
2026-05-06 21:00:00,1778072400,41758.0,41782.0,41696.0,41734.0,1891.0
2026-05-06 21:05:00,1778072700,41733.0,41762.0,41658.0,41682.0,2315.0
2026-05-06 21:10:00,1778073000,41683.0,41733.0,41670.0,41732.0,931.0
2026-05-06 21:15:00,1778073300,41731.0,41778.0,41729.0,41750.0,1134.0
2026-05-06 21:20:00,1778073600,41745.0,41750.0,41715.0,41728.0,611.0
2026-05-06 21:25:00,1778073900,41729.0,41753.0,41728.0,41745.0,437.0
2026-05-06 21:30:00,1778074200,41743.0,41863.0,41674.0,41855.0,4306.0
2026-05-06 21:35:00,1778074500,41854.0,41873.0,41811.0,41852.0,2549.0
2026-05-06 21:40:00,1778074800,41857.0,41902.0,41847.0,41879.0,2413.0
2026-05-06 21:45:00,1778075100,41882.0,41930.0,41874.0,41893.0,2140.0
2026-05-06 21:50:00,1778075400,41897.0,41910.0,41799.0,41894.0,2647.0
2026-05-06 21:55:00,1778075700,41898.0,41915.0,41872.0,41898.0,1230.0
2026-05-06 22:00:00,1778076000,41900.0,41905.0,41779.0,41787.0,2044.0
2026-05-06 22:05:00,1778076300,41789.0,41814.0,41700.0,41803.0,3385.0
2026-05-06 22:10:00,1778076600,41802.0,41830.0,41775.0,41782.0,1652.0
2026-05-06 22:15:00,1778076900,41782.0,41796.0,41707.0,41717.0,2189.0
2026-05-06 22:20:00,1778077200,41717.0,41738.0,41666.0,41735.0,2490.0
2026-05-06 22:25:00,1778077500,41735.0,41773.0,41693.0,41715.0,1917.0
2026-05-06 22:30:00,1778077800,41718.0,41824.0,41707.0,41819.0,1841.0
2026-05-06 22:35:00,1778078100,41819.0,41852.0,41814.0,41848.0,1466.0
2026-05-06 22:40:00,1778078400,41849.0,41914.0,41847.0,41889.0,2477.0
2026-05-06 22:45:00,1778078700,41890.0,41922.0,41886.0,41905.0,1634.0
2026-05-06 22:50:00,1778079000,41906.0,41925.0,41880.0,41906.0,1216.0
2026-05-06 22:55:00,1778079300,41904.0,41926.0,41862.0,41892.0,1249.0
2026-05-06 23:00:00,1778079600,41889.0,41911.0,41863.0,41908.0,814.0
2026-05-06 23:05:00,1778079900,41910.0,41950.0,41901.0,41908.0,1576.0
2026-05-06 23:10:00,1778080200,41907.0,41942.0,41884.0,41910.0,1033.0
2026-05-06 23:15:00,1778080500,41912.0,41980.0,41902.0,41980.0,1556.0
2026-05-06 23:20:00,1778080800,41981.0,41989.0,41962.0,41975.0,1184.0
2026-05-06 23:25:00,1778081100,41980.0,42038.0,41975.0,42014.0,3111.0
2026-05-06 23:30:00,1778081400,42014.0,42038.0,42008.0,42027.0,1033.0
2026-05-06 23:35:00,1778081700,42029.0,42040.0,41961.0,41987.0,1406.0
2026-05-06 23:40:00,1778082000,41985.0,41990.0,41894.0,41945.0,1973.0
2026-05-06 23:45:00,1778082300,41948.0,41994.0,41943.0,41946.0,1114.0
2026-05-06 23:50:00,1778082600,41943.0,41970.0,41920.0,41957.0,750.0
2026-05-06 23:55:00,1778082900,41958.0,41969.0,41927.0,41939.0,434.0
2026-05-07 00:00:00,1778083200,41936.0,41996.0,41933.0,41985.0,1063.0
2026-05-07 00:05:00,1778083500,41990.0,42012.0,41986.0,41999.0,693.0
2026-05-07 00:10:00,1778083800,42000.0,42070.0,41996.0,42053.0,1992.0
2026-05-07 00:15:00,1778084100,42052.0,42063.0,42003.0,42007.0,1033.0
2026-05-07 00:20:00,1778084400,42007.0,42029.0,41999.0,42028.0,547.0
2026-05-07 00:25:00,1778084700,42028.0,42040.0,42002.0,42008.0,482.0
2026-05-07 00:30:00,1778085000,42009.0,42030.0,42007.0,42020.0,310.0
2026-05-07 00:35:00,1778085300,42020.0,42024.0,41992.0,42010.0,480.0
2026-05-07 00:40:00,1778085600,42010.0,42023.0,41991.0,41992.0,282.0
2026-05-07 00:45:00,1778085900,41991.0,41993.0,41941.0,41961.0,949.0
2026-05-07 00:50:00,1778086200,41957.0,41974.0,41913.0,41928.0,828.0
2026-05-07 00:55:00,1778086500,41926.0,41978.0,41886.0,41958.0,1463.0
2026-05-07 01:00:00,1778086800,41957.0,41995.0,41942.0,41986.0,645.0
2026-05-07 01:05:00,1778087100,41988.0,42029.0,41985.0,42010.0,593.0
2026-05-07 01:10:00,1778087400,42011.0,42037.0,42000.0,42005.0,414.0
2026-05-07 01:15:00,1778087700,42005.0,42018.0,41996.0,42009.0,329.0
2026-05-07 01:20:00,1778088000,42010.0,42027.0,42008.0,42009.0,201.0
2026-05-07 01:25:00,1778088300,42008.0,42015.0,41995.0,42009.0,213.0
2026-05-07 01:30:00,1778088600,42008.0,42025.0,42008.0,42012.0,227.0
2026-05-07 01:35:00,1778088900,42011.0,42033.0,42000.0,42011.0,323.0
2026-05-07 01:40:00,1778089200,42011.0,42041.0,42008.0,42037.0,229.0
2026-05-07 01:45:00,1778089500,42039.0,42046.0,42004.0,42004.0,306.0
2026-05-07 01:50:00,1778089800,42003.0,42008.0,41985.0,42001.0,248.0
2026-05-07 01:55:00,1778090100,42000.0,42016.0,41997.0,42012.0,118.0
2026-05-07 02:00:00,1778090400,42015.0,42044.0,42015.0,42032.0,342.0
2026-05-07 02:05:00,1778090700,42032.0,42052.0,42032.0,42049.0,246.0
2026-05-07 02:10:00,1778091000,42049.0,42056.0,42031.0,42043.0,274.0
2026-05-07 02:15:00,1778091300,42042.0,42112.0,42042.0,42087.0,1517.0
2026-05-07 02:20:00,1778091600,42086.0,42117.0,42079.0,42095.0,396.0
2026-05-07 02:25:00,1778091900,42095.0,42107.0,42083.0,42105.0,198.0
2026-05-07 02:30:00,1778092200,42102.0,42130.0,42095.0,42130.0,439.0
2026-05-07 02:35:00,1778092500,42130.0,42148.0,42118.0,42124.0,411.0
2026-05-07 02:40:00,1778092800,42122.0,42127.0,42111.0,42120.0,217.0
2026-05-07 02:45:00,1778093100,42120.0,42132.0,42104.0,42111.0,203.0
2026-05-07 02:50:00,1778093400,42109.0,42125.0,42101.0,42117.0,145.0
2026-05-07 02:55:00,1778093700,42121.0,42139.0,42121.0,42130.0,186.0
2026-05-07 03:00:00,1778094000,42128.0,42175.0,42125.0,42146.0,695.0
2026-05-07 03:05:00,1778094300,42146.0,42180.0,42139.0,42174.0,360.0
2026-05-07 03:10:00,1778094600,42174.0,42184.0,42160.0,42176.0,281.0
2026-05-07 03:15:00,1778094900,42180.0,42193.0,42176.0,42186.0,362.0
2026-05-07 03:20:00,1778095200,42185.0,42206.0,42184.0,42205.0,405.0
2026-05-07 03:25:00,1778095500,42200.0,42206.0,42185.0,42194.0,217.0
2026-05-07 03:30:00,1778095800,42191.0,42196.0,42175.0,42185.0,220.0
2026-05-07 03:35:00,1778096100,42182.0,42198.0,42181.0,42187.0,172.0
2026-05-07 03:40:00,1778096400,42189.0,42205.0,42175.0,42176.0,224.0
2026-05-07 03:45:00,1778096700,42176.0,42195.0,42172.0,42181.0,143.0
2026-05-07 03:50:00,1778097000,42182.0,42234.0,42177.0,42226.0,514.0
2026-05-07 03:55:00,1778097300,42230.0,42239.0,42188.0,42189.0,367.0
2026-05-07 04:00:00,1778097600,42188.0,42203.0,42163.0,42200.0,572.0
2026-05-07 04:05:00,1778097900,42202.0,42238.0,42202.0,42237.0,198.0
2026-05-07 04:10:00,1778098200,42237.0,42265.0,42227.0,42255.0,406.0
2026-05-07 04:15:00,1778098500,42261.0,42272.0,42254.0,42266.0,150.0
2026-05-07 04:20:00,1778098800,42266.0,42278.0,42265.0,42265.0,255.0
2026-05-07 04:25:00,1778099100,42267.0,42286.0,42265.0,42285.0,250.0
2026-05-07 04:30:00,1778099400,42285.0,42292.0,42272.0,42278.0,287.0
2026-05-07 04:35:00,1778099700,42282.0,42282.0,42264.0,42276.0,168.0
2026-05-07 04:40:00,1778100000,42274.0,42292.0,42272.0,42291.0,157.0
2026-05-07 04:45:00,1778100300,42289.0,42291.0,42273.0,42285.0,203.0
2026-05-07 04:50:00,1778100600,42285.0,42299.0,42280.0,42297.0,290.0
2026-05-07 04:55:00,1778100900,42294.0,42329.0,42292.0,42329.0,445.0
2026-05-07 08:45:00,1778114700,42331.0,42341.0,42105.0,42133.0,7783.0
2026-05-07 08:50:00,1778115000,42137.0,42155.0,42055.0,42086.0,4314.0
2026-05-07 08:55:00,1778115300,42084.0,42164.0,42041.0,42153.0,3592.0
2026-05-07 09:00:00,1778115600,42148.0,42175.0,42016.0,42086.0,6162.0
2026-05-07 09:05:00,1778115900,42086.0,42120.0,42002.0,42090.0,4527.0
2026-05-07 09:10:00,1778116200,42090.0,42185.0,42072.0,42132.0,3987.0
2026-05-07 09:15:00,1778116500,42127.0,42266.0,42098.0,42254.0,4780.0
2026-05-07 09:20:00,1778116800,42256.0,42274.0,42142.0,42162.0,3528.0
2026-05-07 09:25:00,1778117100,42165.0,42212.0,42079.0,42156.0,3694.0
2026-05-07 09:30:00,1778117400,42160.0,42165.0,42066.0,42113.0,2622.0
2026-05-07 09:35:00,1778117700,42112.0,42299.0,42110.0,42296.0,4696.0
2026-05-07 09:40:00,1778118000,42295.0,42381.0,42243.0,42362.0,5490.0
2026-05-07 09:45:00,1778118300,42363.0,42439.0,42358.0,42429.0,4987.0
2026-05-07 09:50:00,1778118600,42430.0,42444.0,42366.0,42401.0,3146.0
2026-05-07 09:55:00,1778118900,42397.0,42425.0,42285.0,42329.0,3722.0
2026-05-07 10:00:00,1778119200,42332.0,42404.0,42308.0,42333.0,2273.0
2026-05-07 10:05:00,1778119500,42335.0,42396.0,42320.0,42342.0,1274.0
2026-05-07 10:10:00,1778119800,42342.0,42355.0,42228.0,42254.0,3092.0
2026-05-07 10:15:00,1778120100,42259.0,42313.0,42251.0,42289.0,1611.0
2026-05-07 10:20:00,1778120400,42289.0,42339.0,42241.0,42326.0,1873.0
2026-05-07 10:25:00,1778120700,42327.0,42429.0,42327.0,42427.0,3062.0
2026-05-07 10:30:00,1778121000,42427.0,42468.0,42347.0,42439.0,3808.0
2026-05-07 10:35:00,1778121300,42437.0,42440.0,42335.0,42341.0,1799.0
2026-05-07 10:40:00,1778121600,42344.0,42346.0,42296.0,42333.0,1860.0
2026-05-07 10:45:00,1778121900,42331.0,42343.0,42282.0,42324.0,1528.0
2026-05-07 10:50:00,1778122200,42320.0,42346.0,42261.0,42341.0,1715.0
2026-05-07 10:55:00,1778122500,42342.0,42408.0,42325.0,42385.0,1835.0
2026-05-07 11:00:00,1778122800,42386.0,42392.0,42285.0,42313.0,1541.0
2026-05-07 11:05:00,1778123100,42316.0,42316.0,42237.0,42273.0,2022.0
2026-05-07 11:10:00,1778123400,42273.0,42309.0,42257.0,42297.0,1109.0
2026-05-07 11:15:00,1778123700,42298.0,42374.0,42286.0,42364.0,1543.0
2026-05-07 11:20:00,1778124000,42361.0,42365.0,42301.0,42314.0,1000.0
2026-05-07 11:25:00,1778124300,42314.0,42340.0,42300.0,42327.0,631.0
2026-05-07 11:30:00,1778124600,42325.0,42387.0,42323.0,42351.0,1155.0
2026-05-07 11:35:00,1778124900,42349.0,42385.0,42338.0,42384.0,846.0
2026-05-07 11:40:00,1778125200,42383.0,42419.0,42365.0,42414.0,1391.0
2026-05-07 11:45:00,1778125500,42410.0,42433.0,42384.0,42389.0,1278.0
2026-05-07 11:50:00,1778125800,42389.0,42403.0,42364.0,42394.0,725.0
2026-05-07 11:55:00,1778126100,42391.0,42403.0,42355.0,42369.0,552.0
2026-05-07 12:00:00,1778126400,42365.0,42372.0,42333.0,42349.0,954.0
2026-05-07 12:05:00,1778126700,42350.0,42384.0,42340.0,42357.0,621.0
2026-05-07 12:10:00,1778127000,42357.0,42372.0,42330.0,42344.0,602.0
2026-05-07 12:15:00,1778127300,42345.0,42350.0,42300.0,42336.0,1234.0
2026-05-07 12:20:00,1778127600,42332.0,42370.0,42321.0,42336.0,711.0
2026-05-07 12:25:00,1778127900,42340.0,42348.0,42294.0,42309.0,950.0
2026-05-07 12:30:00,1778128200,42309.0,42358.0,42293.0,42296.0,996.0
2026-05-07 12:35:00,1778128500,42296.0,42331.0,42281.0,42328.0,852.0
2026-05-07 12:40:00,1778128800,42328.0,42330.0,42278.0,42300.0,902.0
2026-05-07 12:45:00,1778129100,42300.0,42358.0,42288.0,42320.0,1209.0
2026-05-07 12:50:00,1778129400,42321.0,42328.0,42304.0,42320.0,444.0
2026-05-07 12:55:00,1778129700,42320.0,42345.0,42293.0,42299.0,714.0
2026-05-07 13:00:00,1778130000,42300.0,42372.0,42292.0,42362.0,1164.0
2026-05-07 13:05:00,1778130300,42361.0,42377.0,42322.0,42357.0,1141.0
2026-05-07 13:10:00,1778130600,42358.0,42388.0,42358.0,42386.0,775.0
2026-05-07 13:15:00,1778130900,42385.0,42388.0,42312.0,42312.0,1002.0
2026-05-07 13:20:00,1778131200,42317.0,42323.0,42281.0,42296.0,1288.0
2026-05-07 13:25:00,1778131500,42296.0,42319.0,42257.0,42307.0,1853.0
2026-05-07 13:30:00,1778131800,42309.0,42365.0,42303.0,42347.0,1767.0
2026-05-07 13:35:00,1778132100,42350.0,42363.0,42344.0,42357.0,994.0
2026-05-07 13:40:00,1778132400,42357.0,42394.0,42340.0,42355.0,2023.0
2026-05-07 15:00:00,1778137200,42425.0,42429.0,42370.0,42399.0,1684.0
2026-05-07 15:05:00,1778137500,42403.0,42505.0,42386.0,42496.0,2583.0
2026-05-07 15:10:00,1778137800,42494.0,42554.0,42485.0,42542.0,2540.0
2026-05-07 15:15:00,1778138100,42543.0,42549.0,42457.0,42483.0,2135.0
2026-05-07 15:20:00,1778138400,42482.0,42505.0,42456.0,42466.0,1056.0
2026-05-07 15:25:00,1778138700,42467.0,42467.0,42410.0,42425.0,1625.0
2026-05-07 15:30:00,1778139000,42427.0,42454.0,42402.0,42446.0,1017.0
2026-05-07 15:35:00,1778139300,42448.0,42465.0,42438.0,42462.0,588.0
2026-05-07 15:40:00,1778139600,42464.0,42476.0,42453.0,42466.0,500.0
2026-05-07 15:45:00,1778139900,42467.0,42473.0,42415.0,42430.0,707.0
2026-05-07 15:50:00,1778140200,42430.0,42437.0,42383.0,42393.0,990.0
2026-05-07 15:55:00,1778140500,42392.0,42414.0,42387.0,42398.0,581.0
2026-05-07 16:00:00,1778140800,42400.0,42454.0,42377.0,42448.0,1239.0
2026-05-07 16:05:00,1778141100,42444.0,42465.0,42409.0,42428.0,709.0
2026-05-07 16:10:00,1778141400,42425.0,42425.0,42378.0,42400.0,754.0
2026-05-07 16:15:00,1778141700,42401.0,42406.0,42344.0,42373.0,1520.0
2026-05-07 16:20:00,1778142000,42372.0,42386.0,42349.0,42379.0,581.0
2026-05-07 16:25:00,1778142300,42382.0,42385.0,42326.0,42348.0,1196.0
2026-05-07 16:30:00,1778142600,42348.0,42389.0,42344.0,42357.0,644.0
2026-05-07 16:35:00,1778142900,42357.0,42385.0,42349.0,42363.0,776.0
2026-05-07 16:40:00,1778143200,42361.0,42365.0,42342.0,42344.0,686.0
2026-05-07 16:45:00,1778143500,42345.0,42350.0,42325.0,42336.0,1205.0
2026-05-07 16:50:00,1778143800,42337.0,42351.0,42319.0,42329.0,528.0
2026-05-07 16:55:00,1778144100,42328.0,42330.0,42305.0,42322.0,739.0
2026-05-07 17:00:00,1778144400,42322.0,42329.0,42300.0,42311.0,634.0
2026-05-07 17:05:00,1778144700,42315.0,42315.0,42242.0,42264.0,1970.0
2026-05-07 17:10:00,1778145000,42263.0,42292.0,42250.0,42250.0,1081.0
2026-05-07 17:15:00,1778145300,42250.0,42266.0,42210.0,42265.0,2279.0
2026-05-07 17:20:00,1778145600,42267.0,42289.0,42234.0,42275.0,1148.0
2026-05-07 17:25:00,1778145900,42273.0,42280.0,42252.0,42273.0,428.0
2026-05-07 17:30:00,1778146200,42272.0,42303.0,42261.0,42302.0,992.0
2026-05-07 17:35:00,1778146500,42302.0,42338.0,42302.0,42306.0,1276.0
2026-05-07 17:40:00,1778146800,42306.0,42328.0,42293.0,42315.0,426.0
2026-05-07 17:45:00,1778147100,42315.0,42338.0,42311.0,42325.0,464.0
2026-05-07 17:50:00,1778147400,42327.0,42330.0,42232.0,42250.0,1878.0
2026-05-07 17:55:00,1778147700,42250.0,42261.0,42222.0,42255.0,1285.0
2026-05-07 18:00:00,1778148000,42256.0,42274.0,42225.0,42245.0,1271.0
2026-05-07 18:05:00,1778148300,42248.0,42252.0,42222.0,42245.0,746.0
2026-05-07 18:10:00,1778148600,42246.0,42274.0,42209.0,42260.0,1069.0
2026-05-07 18:15:00,1778148900,42258.0,42272.0,42236.0,42256.0,413.0
2026-05-07 18:20:00,1778149200,42254.0,42295.0,42248.0,42283.0,473.0
2026-05-07 18:25:00,1778149500,42282.0,42292.0,42246.0,42259.0,392.0
2026-05-07 18:30:00,1778149800,42257.0,42265.0,42236.0,42245.0,501.0
2026-05-07 18:35:00,1778150100,42243.0,42289.0,42239.0,42286.0,931.0
2026-05-07 18:40:00,1778150400,42288.0,42304.0,42272.0,42303.0,847.0
2026-05-07 18:45:00,1778150700,42304.0,42313.0,42272.0,42273.0,486.0
2026-05-07 18:50:00,1778151000,42275.0,42296.0,42268.0,42279.0,229.0
2026-05-07 18:55:00,1778151300,42277.0,42290.0,42261.0,42270.0,713.0
2026-05-07 19:00:00,1778151600,42273.0,42294.0,42266.0,42278.0,317.0
2026-05-07 19:05:00,1778151900,42282.0,42285.0,42255.0,42273.0,234.0
2026-05-07 19:10:00,1778152200,42268.0,42268.0,42242.0,42242.0,263.0
2026-05-07 19:15:00,1778152500,42242.0,42272.0,42226.0,42270.0,631.0
2026-05-07 19:20:00,1778152800,42271.0,42280.0,42258.0,42275.0,256.0
2026-05-07 19:25:00,1778153100,42278.0,42288.0,42261.0,42261.0,228.0
2026-05-07 19:30:00,1778153400,42263.0,42270.0,42245.0,42258.0,269.0
2026-05-07 19:35:00,1778153700,42259.0,42302.0,42258.0,42276.0,587.0
2026-05-07 19:40:00,1778154000,42276.0,42288.0,42262.0,42266.0,433.0
2026-05-07 19:45:00,1778154300,42268.0,42269.0,42232.0,42239.0,592.0
2026-05-07 19:50:00,1778154600,42241.0,42246.0,42216.0,42238.0,714.0
2026-05-07 19:55:00,1778154900,42238.0,42259.0,42237.0,42244.0,373.0
2026-05-07 20:00:00,1778155200,42241.0,42256.0,42222.0,42248.0,347.0
2026-05-07 20:05:00,1778155500,42250.0,42253.0,42232.0,42249.0,406.0
2026-05-07 20:10:00,1778155800,42250.0,42281.0,42250.0,42270.0,466.0
2026-05-07 20:15:00,1778156100,42270.0,42285.0,42255.0,42258.0,284.0
2026-05-07 20:20:00,1778156400,42258.0,42283.0,42250.0,42280.0,329.0
2026-05-07 20:25:00,1778156700,42279.0,42306.0,42272.0,42295.0,502.0
2026-05-07 20:30:00,1778157000,42294.0,42296.0,42270.0,42292.0,321.0
2026-05-07 20:35:00,1778157300,42292.0,42331.0,42292.0,42327.0,837.0
2026-05-07 20:40:00,1778157600,42325.0,42346.0,42308.0,42321.0,754.0
2026-05-07 20:45:00,1778157900,42321.0,42338.0,42313.0,42335.0,312.0
2026-05-07 20:50:00,1778158200,42336.0,42343.0,42282.0,42289.0,610.0
2026-05-07 20:55:00,1778158500,42288.0,42298.0,42272.0,42278.0,399.0
2026-05-07 21:00:00,1778158800,42280.0,42280.0,42225.0,42246.0,1070.0
2026-05-07 21:05:00,1778159100,42246.0,42248.0,42223.0,42246.0,441.0
2026-05-07 21:10:00,1778159400,42244.0,42253.0,42218.0,42253.0,444.0
2026-05-07 21:15:00,1778159700,42253.0,42276.0,42251.0,42272.0,412.0
2026-05-07 21:20:00,1778160000,42272.0,42284.0,42253.0,42279.0,309.0
2026-05-07 21:25:00,1778160300,42278.0,42280.0,42252.0,42262.0,276.0
2026-05-07 21:30:00,1778160600,42260.0,42265.0,42136.0,42215.0,4994.0
2026-05-07 21:35:00,1778160900,42217.0,42228.0,42168.0,42187.0,1789.0
2026-05-07 21:40:00,1778161200,42190.0,42192.0,42056.0,42068.0,3748.0
2026-05-07 21:45:00,1778161500,42068.0,42087.0,42006.0,42075.0,4577.0
2026-05-07 21:50:00,1778161800,42077.0,42128.0,42047.0,42113.0,2737.0
2026-05-07 21:55:00,1778162100,42115.0,42139.0,42066.0,42086.0,2125.0
2026-05-07 22:00:00,1778162400,42093.0,42103.0,42054.0,42070.0,1510.0
2026-05-07 22:05:00,1778162700,42072.0,42124.0,42037.0,42117.0,1811.0
2026-05-07 22:10:00,1778163000,42117.0,42169.0,42105.0,42125.0,2087.0
2026-05-07 22:15:00,1778163300,42124.0,42163.0,42087.0,42116.0,1877.0
2026-05-07 22:20:00,1778163600,42116.0,42194.0,42113.0,42163.0,1885.0
2026-05-07 22:25:00,1778163900,42164.0,42224.0,42164.0,42183.0,1888.0
2026-05-07 22:30:00,1778164200,42182.0,42222.0,42168.0,42173.0,1192.0
2026-05-07 22:35:00,1778164500,42176.0,42228.0,42160.0,42217.0,1189.0
2026-05-07 22:40:00,1778164800,42218.0,42228.0,42167.0,42173.0,944.0
2026-05-07 22:45:00,1778165100,42172.0,42196.0,42140.0,42161.0,1055.0
2026-05-07 22:50:00,1778165400,42165.0,42209.0,42155.0,42200.0,742.0
2026-05-07 22:55:00,1778165700,42204.0,42238.0,42203.0,42229.0,1158.0
2026-05-07 23:00:00,1778166000,42232.0,42239.0,42190.0,42191.0,1131.0
2026-05-07 23:05:00,1778166300,42190.0,42197.0,42157.0,42193.0,908.0
2026-05-07 23:10:00,1778166600,42193.0,42196.0,42147.0,42158.0,1007.0
2026-05-07 23:15:00,1778166900,42160.0,42189.0,42156.0,42168.0,627.0
2026-05-07 23:20:00,1778167200,42164.0,42176.0,42118.0,42138.0,1427.0
2026-05-07 23:25:00,1778167500,42132.0,42160.0,42081.0,42144.0,2124.0
2026-05-07 23:30:00,1778167800,42145.0,42178.0,42137.0,42174.0,1484.0
2026-05-07 23:35:00,1778168100,42172.0,42215.0,42159.0,42189.0,1022.0
2026-05-07 23:40:00,1778168400,42190.0,42216.0,42179.0,42201.0,538.0
2026-05-07 23:45:00,1778168700,42200.0,42206.0,42146.0,42148.0,846.0
2026-05-07 23:50:00,1778169000,42149.0,42149.0,42098.0,42123.0,1768.0
2026-05-07 23:55:00,1778169300,42121.0,42125.0,42008.0,42032.0,2798.0
2026-05-08 00:00:00,1778169600,42034.0,42041.0,41978.0,41999.0,3590.0
2026-05-08 00:05:00,1778169900,41998.0,42013.0,41951.0,42013.0,2572.0
2026-05-08 00:10:00,1778170200,42012.0,42015.0,41931.0,41960.0,1708.0
2026-05-08 00:15:00,1778170500,41960.0,41960.0,41858.0,41898.0,3320.0
2026-05-08 00:20:00,1778170800,41890.0,41935.0,41856.0,41932.0,2244.0
2026-05-08 00:25:00,1778171100,41934.0,41982.0,41933.0,41953.0,1724.0
2026-05-08 00:30:00,1778171400,41950.0,42012.0,41946.0,41996.0,1431.0
2026-05-08 00:35:00,1778171700,41994.0,41999.0,41922.0,41930.0,1050.0
2026-05-08 00:40:00,1778172000,41924.0,41960.0,41917.0,41941.0,753.0
2026-05-08 00:45:00,1778172300,41940.0,41959.0,41928.0,41948.0,476.0
2026-05-08 00:50:00,1778172600,41943.0,41972.0,41916.0,41963.0,667.0
2026-05-08 00:55:00,1778172900,41960.0,41972.0,41907.0,41943.0,651.0
2026-05-08 01:00:00,1778173200,41945.0,41955.0,41911.0,41927.0,567.0
2026-05-08 01:05:00,1778173500,41934.0,41963.0,41916.0,41925.0,503.0
2026-05-08 01:10:00,1778173800,41924.0,41927.0,41888.0,41915.0,834.0
2026-05-08 01:15:00,1778174100,41913.0,41914.0,41841.0,41863.0,1302.0
2026-05-08 01:20:00,1778174400,41860.0,41931.0,41840.0,41926.0,1071.0
2026-05-08 01:25:00,1778174700,41926.0,41957.0,41751.0,41807.0,3898.0
2026-05-08 01:30:00,1778175000,41808.0,41875.0,41785.0,41869.0,1285.0
2026-05-08 01:35:00,1778175300,41871.0,41933.0,41857.0,41918.0,1036.0
2026-05-08 01:40:00,1778175600,41921.0,41948.0,41895.0,41904.0,636.0
2026-05-08 01:45:00,1778175900,41906.0,41926.0,41897.0,41906.0,341.0
2026-05-08 01:50:00,1778176200,41907.0,41910.0,41864.0,41902.0,533.0
2026-05-08 01:55:00,1778176500,41904.0,41990.0,41890.0,41982.0,1582.0
2026-05-08 02:00:00,1778176800,41984.0,42002.0,41961.0,41974.0,1019.0
2026-05-08 02:05:00,1778177100,41976.0,42019.0,41940.0,41955.0,770.0
2026-05-08 02:10:00,1778177400,41950.0,41974.0,41931.0,41944.0,484.0
2026-05-08 02:15:00,1778177700,41947.0,41986.0,41940.0,41958.0,269.0
2026-05-08 02:20:00,1778178000,41963.0,41968.0,41919.0,41924.0,317.0
2026-05-08 02:25:00,1778178300,41920.0,41924.0,41898.0,41913.0,296.0
2026-05-08 02:30:00,1778178600,41914.0,41940.0,41901.0,41922.0,277.0
2026-05-08 02:35:00,1778178900,41926.0,41938.0,41862.0,41920.0,567.0
2026-05-08 02:40:00,1778179200,41922.0,41932.0,41829.0,41883.0,717.0
2026-05-08 02:45:00,1778179500,41885.0,41921.0,41830.0,41872.0,806.0
2026-05-08 02:50:00,1778179800,41866.0,41889.0,41848.0,41877.0,309.0
2026-05-08 02:55:00,1778180100,41878.0,41960.0,41861.0,41947.0,885.0
2026-05-08 03:00:00,1778180400,41952.0,41963.0,41924.0,41937.0,317.0
2026-05-08 03:05:00,1778180700,41937.0,41970.0,41921.0,41957.0,260.0
2026-05-08 03:10:00,1778181000,41953.0,41991.0,41951.0,41982.0,325.0
2026-05-08 03:15:00,1778181300,41984.0,41988.0,41897.0,41915.0,706.0
2026-05-08 03:20:00,1778181600,41906.0,41927.0,41882.0,41888.0,450.0
2026-05-08 03:25:00,1778181900,41889.0,41931.0,41860.0,41920.0,345.0
2026-05-08 03:30:00,1778182200,41923.0,41968.0,41923.0,41954.0,217.0
2026-05-08 03:35:00,1778182500,41953.0,41988.0,41952.0,41977.0,224.0
2026-05-08 03:40:00,1778182800,41980.0,41996.0,41964.0,41979.0,225.0
2026-05-08 03:45:00,1778183100,41980.0,41994.0,41958.0,41985.0,292.0
2026-05-08 03:50:00,1778183400,41994.0,42032.0,41929.0,41949.0,1371.0
2026-05-08 03:55:00,1778183700,41954.0,41964.0,41916.0,41925.0,373.0
2026-05-08 04:00:00,1778184000,41922.0,42030.0,41916.0,42007.0,949.0
2026-05-08 04:05:00,1778184300,42012.0,42024.0,41992.0,41999.0,209.0
2026-05-08 04:10:00,1778184600,41999.0,42006.0,41987.0,41994.0,96.0
2026-05-08 04:15:00,1778184900,41995.0,42010.0,41991.0,42001.0,259.0
2026-05-08 04:20:00,1778185200,42002.0,42010.0,41995.0,41995.0,88.0
2026-05-08 04:25:00,1778185500,41992.0,42000.0,41988.0,41993.0,89.0
2026-05-08 04:30:00,1778185800,41993.0,42006.0,41978.0,41995.0,181.0
2026-05-08 04:35:00,1778186100,41995.0,42013.0,41924.0,41940.0,541.0
2026-05-08 04:40:00,1778186400,41933.0,41957.0,41924.0,41954.0,361.0
2026-05-08 04:45:00,1778186700,41954.0,41977.0,41940.0,41965.0,233.0
2026-05-08 04:50:00,1778187000,41967.0,41984.0,41957.0,41961.0,147.0
2026-05-08 04:55:00,1778187300,41961.0,41967.0,41941.0,41967.0,293.0
2026-05-08 08:45:00,1778201100,42064.0,42151.0,42052.0,42136.0,5928.0
2026-05-08 08:50:00,1778201400,42136.0,42158.0,42118.0,42144.0,1502.0
2026-05-08 08:55:00,1778201700,42143.0,42148.0,42100.0,42115.0,1501.0
2026-05-08 09:00:00,1778202000,42111.0,42175.0,42063.0,42130.0,4305.0
2026-05-08 09:05:00,1778202300,42133.0,42199.0,42117.0,42174.0,3537.0
2026-05-08 09:10:00,1778202600,42175.0,42262.0,42134.0,42254.0,4072.0
2026-05-08 09:15:00,1778202900,42256.0,42283.0,42191.0,42230.0,4116.0
2026-05-08 09:20:00,1778203200,42230.0,42276.0,42168.0,42189.0,2736.0
2026-05-08 09:25:00,1778203500,42186.0,42295.0,42163.0,42264.0,3018.0
2026-05-08 09:30:00,1778203800,42265.0,42326.0,42236.0,42304.0,3336.0
2026-05-08 09:35:00,1778204100,42305.0,42311.0,42182.0,42236.0,3147.0
2026-05-08 09:40:00,1778204400,42237.0,42254.0,42142.0,42179.0,3168.0
2026-05-08 09:45:00,1778204700,42179.0,42268.0,42162.0,42251.0,2747.0
2026-05-08 09:50:00,1778205000,42252.0,42342.0,42244.0,42256.0,4154.0
2026-05-08 09:55:00,1778205300,42258.0,42267.0,42173.0,42174.0,2727.0
2026-05-08 10:00:00,1778205600,42176.0,42200.0,42086.0,42110.0,4259.0
2026-05-08 10:05:00,1778205900,42110.0,42112.0,41960.0,41999.0,7349.0
2026-05-08 10:10:00,1778206200,42002.0,42004.0,41890.0,41932.0,4634.0
2026-05-08 10:15:00,1778206500,41936.0,41939.0,41709.0,41726.0,7330.0
2026-05-08 10:20:00,1778206800,41724.0,41783.0,41541.0,41750.0,10500.0
2026-05-08 10:25:00,1778207100,41749.0,41809.0,41661.0,41681.0,5224.0
2026-05-08 10:30:00,1778207400,41684.0,41801.0,41660.0,41799.0,3786.0
2026-05-08 10:35:00,1778207700,41800.0,41833.0,41719.0,41795.0,3192.0
2026-05-08 10:40:00,1778208000,41795.0,41897.0,41769.0,41860.0,3843.0
2026-05-08 10:45:00,1778208300,41860.0,41978.0,41848.0,41964.0,3818.0
2026-05-08 10:50:00,1778208600,41963.0,41976.0,41905.0,41952.0,2241.0
2026-05-08 10:55:00,1778208900,41957.0,41988.0,41916.0,41923.0,2020.0
2026-05-08 11:00:00,1778209200,41925.0,41994.0,41908.0,41952.0,1959.0
2026-05-08 11:05:00,1778209500,41955.0,41964.0,41920.0,41941.0,986.0
2026-05-08 11:10:00,1778209800,41946.0,41996.0,41912.0,41974.0,1216.0
2026-05-08 11:15:00,1778210100,41973.0,41994.0,41924.0,41935.0,1509.0
2026-05-08 11:20:00,1778210400,41935.0,41966.0,41917.0,41929.0,974.0
2026-05-08 11:25:00,1778210700,41929.0,41949.0,41906.0,41926.0,821.0
2026-05-08 11:30:00,1778211000,41921.0,42026.0,41918.0,41987.0,2285.0
2026-05-08 11:35:00,1778211300,41988.0,42027.0,41933.0,41943.0,1315.0
2026-05-08 11:40:00,1778211600,41944.0,41962.0,41914.0,41938.0,965.0
2026-05-08 11:45:00,1778211900,41933.0,41933.0,41875.0,41881.0,2026.0
2026-05-08 11:50:00,1778212200,41881.0,41918.0,41846.0,41903.0,1536.0
2026-05-08 11:55:00,1778212500,41904.0,41968.0,41894.0,41955.0,1333.0
2026-05-08 12:00:00,1778212800,41956.0,41960.0,41901.0,41922.0,863.0
2026-05-08 12:05:00,1778213100,41928.0,41950.0,41889.0,41947.0,875.0
2026-05-08 12:10:00,1778213400,41949.0,41965.0,41893.0,41908.0,918.0
2026-05-08 12:15:00,1778213700,41905.0,41963.0,41866.0,41946.0,1433.0
2026-05-08 12:20:00,1778214000,41945.0,41970.0,41926.0,41927.0,778.0
2026-05-08 12:25:00,1778214300,41928.0,41967.0,41918.0,41944.0,629.0
2026-05-08 12:30:00,1778214600,41946.0,41983.0,41890.0,41909.0,1056.0
2026-05-08 12:35:00,1778214900,41907.0,41916.0,41884.0,41893.0,564.0
2026-05-08 12:40:00,1778215200,41894.0,41897.0,41815.0,41821.0,1749.0
2026-05-08 12:45:00,1778215500,41818.0,41875.0,41814.0,41872.0,1319.0
2026-05-08 12:50:00,1778215800,41872.0,41929.0,41861.0,41913.0,1370.0
2026-05-08 12:55:00,1778216100,41916.0,41936.0,41897.0,41931.0,743.0
2026-05-08 13:00:00,1778216400,41932.0,41972.0,41900.0,41912.0,1528.0
2026-05-08 13:05:00,1778216700,41912.0,41937.0,41906.0,41925.0,467.0
2026-05-08 13:10:00,1778217000,41925.0,41971.0,41923.0,41962.0,1130.0
2026-05-08 13:15:00,1778217300,41959.0,41968.0,41947.0,41954.0,461.0
2026-05-08 13:20:00,1778217600,41955.0,41958.0,41930.0,41942.0,540.0
2026-05-08 13:25:00,1778217900,41943.0,41955.0,41917.0,41936.0,802.0
2026-05-08 13:30:00,1778218200,41934.0,41969.0,41919.0,41936.0,1644.0
2026-05-08 13:35:00,1778218500,41932.0,41963.0,41927.0,41937.0,807.0
2026-05-08 13:40:00,1778218800,41937.0,41963.0,41911.0,41936.0,1352.0
2026-05-08 15:00:00,1778223600,41999.0,42044.0,41928.0,41946.0,1919.0
2026-05-08 15:05:00,1778223900,41946.0,41963.0,41907.0,41922.0,667.0
2026-05-08 15:10:00,1778224200,41921.0,41921.0,41860.0,41869.0,1118.0
2026-05-08 15:15:00,1778224500,41867.0,41875.0,41800.0,41824.0,1351.0
2026-05-08 15:20:00,1778224800,41823.0,41853.0,41802.0,41815.0,828.0
2026-05-08 15:25:00,1778225100,41815.0,41846.0,41802.0,41843.0,765.0
2026-05-08 15:30:00,1778225400,41845.0,41854.0,41820.0,41836.0,577.0
2026-05-08 15:35:00,1778225700,41833.0,41849.0,41825.0,41841.0,265.0
2026-05-08 15:40:00,1778226000,41842.0,41845.0,41818.0,41832.0,294.0
2026-05-08 15:45:00,1778226300,41833.0,41840.0,41754.0,41776.0,1402.0
2026-05-08 15:50:00,1778226600,41775.0,41798.0,41742.0,41742.0,869.0
2026-05-08 15:55:00,1778226900,41744.0,41764.0,41741.0,41759.0,498.0
2026-05-08 16:00:00,1778227200,41760.0,41762.0,41713.0,41747.0,1237.0
2026-05-08 16:05:00,1778227500,41747.0,41761.0,41726.0,41755.0,672.0
2026-05-08 16:10:00,1778227800,41755.0,41794.0,41753.0,41761.0,821.0
2026-05-08 16:15:00,1778228100,41763.0,41803.0,41759.0,41798.0,603.0
2026-05-08 16:20:00,1778228400,41799.0,41824.0,41795.0,41808.0,653.0
2026-05-08 16:25:00,1778228700,41809.0,41814.0,41796.0,41804.0,319.0
2026-05-08 16:30:00,1778229000,41806.0,41816.0,41797.0,41816.0,291.0
2026-05-08 16:35:00,1778229300,41817.0,41825.0,41806.0,41808.0,346.0
2026-05-08 16:40:00,1778229600,41808.0,41813.0,41778.0,41787.0,431.0
2026-05-08 16:45:00,1778229900,41788.0,41828.0,41786.0,41824.0,343.0
2026-05-08 16:50:00,1778230200,41823.0,41829.0,41797.0,41797.0,288.0
2026-05-08 16:55:00,1778230500,41796.0,41812.0,41795.0,41807.0,162.0
2026-05-08 17:00:00,1778230800,41809.0,41855.0,41801.0,41852.0,727.0
2026-05-08 17:05:00,1778231100,41852.0,41900.0,41852.0,41889.0,950.0
2026-05-08 17:10:00,1778231400,41889.0,41898.0,41861.0,41861.0,428.0
2026-05-08 17:15:00,1778231700,41861.0,41871.0,41852.0,41867.0,348.0
2026-05-08 17:20:00,1778232000,41866.0,41884.0,41858.0,41875.0,281.0
2026-05-08 17:25:00,1778232300,41877.0,41888.0,41864.0,41866.0,279.0
2026-05-08 17:30:00,1778232600,41866.0,41866.0,41800.0,41820.0,931.0
2026-05-08 17:35:00,1778232900,41818.0,41829.0,41800.0,41811.0,347.0
2026-05-08 17:40:00,1778233200,41812.0,41812.0,41777.0,41795.0,459.0
2026-05-08 17:45:00,1778233500,41791.0,41797.0,41742.0,41755.0,722.0
2026-05-08 17:50:00,1778233800,41755.0,41757.0,41672.0,41692.0,1768.0
2026-05-08 17:55:00,1778234100,41693.0,41723.0,41669.0,41717.0,1129.0
2026-05-08 18:00:00,1778234400,41714.0,41737.0,41711.0,41736.0,619.0
2026-05-08 18:05:00,1778234700,41735.0,41745.0,41720.0,41720.0,308.0
2026-05-08 18:10:00,1778235000,41722.0,41747.0,41720.0,41738.0,277.0
2026-05-08 18:15:00,1778235300,41738.0,41765.0,41736.0,41737.0,442.0
2026-05-08 18:20:00,1778235600,41739.0,41756.0,41720.0,41751.0,299.0
2026-05-08 18:25:00,1778235900,41752.0,41781.0,41751.0,41765.0,467.0
2026-05-08 18:30:00,1778236200,41767.0,41795.0,41766.0,41792.0,409.0
2026-05-08 18:35:00,1778236500,41792.0,41807.0,41779.0,41785.0,430.0
2026-05-08 18:40:00,1778236800,41788.0,41796.0,41767.0,41767.0,305.0
2026-05-08 18:45:00,1778237100,41769.0,41769.0,41737.0,41740.0,478.0
2026-05-08 18:50:00,1778237400,41739.0,41752.0,41730.0,41748.0,257.0
2026-05-08 18:55:00,1778237700,41751.0,41751.0,41672.0,41728.0,1288.0
2026-05-08 19:00:00,1778238000,41729.0,41775.0,41729.0,41775.0,535.0
2026-05-08 19:05:00,1778238300,41773.0,41788.0,41762.0,41771.0,422.0
2026-05-08 19:10:00,1778238600,41775.0,41778.0,41748.0,41774.0,329.0
2026-05-08 19:15:00,1778238900,41774.0,41785.0,41760.0,41768.0,221.0
2026-05-08 19:20:00,1778239200,41770.0,41773.0,41754.0,41769.0,170.0
2026-05-08 19:25:00,1778239500,41768.0,41791.0,41768.0,41790.0,273.0
2026-05-08 19:30:00,1778239800,41790.0,41791.0,41762.0,41764.0,220.0
2026-05-08 19:35:00,1778240100,41760.0,41776.0,41759.0,41768.0,144.0
2026-05-08 19:40:00,1778240400,41767.0,41772.0,41757.0,41758.0,225.0
2026-05-08 19:45:00,1778240700,41758.0,41777.0,41751.0,41777.0,201.0
2026-05-08 19:50:00,1778241000,41776.0,41785.0,41765.0,41774.0,211.0
2026-05-08 19:55:00,1778241300,41771.0,41777.0,41757.0,41760.0,126.0
2026-05-08 20:00:00,1778241600,41758.0,41778.0,41747.0,41755.0,322.0
2026-05-08 20:05:00,1778241900,41756.0,41785.0,41754.0,41775.0,213.0
2026-05-08 20:10:00,1778242200,41775.0,41780.0,41748.0,41754.0,199.0
2026-05-08 20:15:00,1778242500,41756.0,41776.0,41752.0,41771.0,197.0
2026-05-08 20:20:00,1778242800,41773.0,41774.0,41753.0,41759.0,142.0
2026-05-08 20:25:00,1778243100,41760.0,41778.0,41758.0,41777.0,177.0
2026-05-08 20:30:00,1778243400,41778.0,41872.0,41775.0,41871.0,2230.0
2026-05-08 20:35:00,1778243700,41868.0,41948.0,41868.0,41883.0,2357.0
2026-05-08 20:40:00,1778244000,41880.0,41918.0,41880.0,41885.0,814.0
2026-05-08 20:45:00,1778244300,41885.0,41897.0,41864.0,41874.0,780.0
2026-05-08 20:50:00,1778244600,41872.0,41876.0,41830.0,41855.0,975.0
2026-05-08 20:55:00,1778244900,41855.0,41885.0,41792.0,41829.0,1061.0
2026-05-08 21:00:00,1778245200,41829.0,41875.0,41821.0,41854.0,770.0
2026-05-08 21:05:00,1778245500,41850.0,41854.0,41788.0,41830.0,966.0
2026-05-08 21:10:00,1778245800,41829.0,41837.0,41793.0,41815.0,543.0
2026-05-08 21:15:00,1778246100,41812.0,41853.0,41798.0,41839.0,558.0
2026-05-08 21:20:00,1778246400,41840.0,41867.0,41834.0,41867.0,474.0
2026-05-08 21:25:00,1778246700,41866.0,41888.0,41851.0,41884.0,527.0
2026-05-08 21:30:00,1778247000,41886.0,41969.0,41828.0,41969.0,3316.0
2026-05-08 21:35:00,1778247300,41970.0,42039.0,41956.0,42000.0,3750.0
2026-05-08 21:40:00,1778247600,42000.0,42095.0,41997.0,42090.0,3414.0
2026-05-08 21:45:00,1778247900,42091.0,42149.0,42091.0,42130.0,2936.0
2026-05-08 21:50:00,1778248200,42131.0,42141.0,42082.0,42108.0,2101.0
2026-05-08 21:55:00,1778248500,42110.0,42175.0,42098.0,42175.0,1633.0
2026-05-08 22:00:00,1778248800,42175.0,42204.0,42152.0,42175.0,2915.0
2026-05-08 22:05:00,1778249100,42175.0,42177.0,42123.0,42152.0,1382.0
2026-05-08 22:10:00,1778249400,42152.0,42154.0,42087.0,42094.0,1829.0
2026-05-08 22:15:00,1778249700,42094.0,42138.0,42091.0,42114.0,1026.0
2026-05-08 22:20:00,1778250000,42114.0,42148.0,42111.0,42144.0,845.0
2026-05-08 22:25:00,1778250300,42145.0,42160.0,42047.0,42059.0,1801.0
2026-05-08 22:30:00,1778250600,42058.0,42108.0,42015.0,42099.0,2727.0
2026-05-08 22:35:00,1778250900,42099.0,42100.0,42022.0,42093.0,1558.0
2026-05-08 22:40:00,1778251200,42092.0,42127.0,42075.0,42120.0,1327.0
2026-05-08 22:45:00,1778251500,42118.0,42140.0,42103.0,42120.0,1077.0
2026-05-08 22:50:00,1778251800,42120.0,42155.0,42117.0,42154.0,882.0
2026-05-08 22:55:00,1778252100,42152.0,42171.0,42134.0,42157.0,1043.0
2026-05-08 23:00:00,1778252400,42158.0,42183.0,42146.0,42163.0,1142.0
2026-05-08 23:05:00,1778252700,42165.0,42232.0,42165.0,42208.0,2557.0
2026-05-08 23:10:00,1778253000,42206.0,42227.0,42151.0,42168.0,1705.0
2026-05-08 23:15:00,1778253300,42166.0,42170.0,42102.0,42138.0,1665.0
2026-05-08 23:20:00,1778253600,42141.0,42188.0,42138.0,42158.0,943.0
2026-05-08 23:25:00,1778253900,42158.0,42183.0,42147.0,42182.0,606.0
2026-05-08 23:30:00,1778254200,42180.0,42187.0,42126.0,42187.0,836.0
2026-05-08 23:35:00,1778254500,42187.0,42224.0,42185.0,42196.0,1189.0
2026-05-08 23:40:00,1778254800,42195.0,42208.0,42124.0,42153.0,1223.0
2026-05-08 23:45:00,1778255100,42153.0,42205.0,42148.0,42193.0,827.0
2026-05-08 23:50:00,1778255400,42193.0,42216.0,42179.0,42208.0,550.0
2026-05-08 23:55:00,1778255700,42208.0,42210.0,42184.0,42187.0,461.0
2026-05-09 00:00:00,1778256000,42190.0,42245.0,42190.0,42204.0,1704.0
2026-05-09 00:05:00,1778256300,42204.0,42225.0,42187.0,42198.0,629.0
2026-05-09 00:10:00,1778256600,42198.0,42212.0,42183.0,42205.0,493.0
2026-05-09 00:15:00,1778256900,42201.0,42236.0,42200.0,42215.0,511.0
2026-05-09 00:20:00,1778257200,42212.0,42233.0,42211.0,42232.0,337.0
2026-05-09 00:25:00,1778257500,42233.0,42258.0,42233.0,42256.0,951.0
2026-05-09 00:30:00,1778257800,42255.0,42262.0,42236.0,42244.0,631.0
2026-05-09 00:35:00,1778258100,42244.0,42260.0,42218.0,42258.0,621.0
2026-05-09 00:40:00,1778258400,42256.0,42257.0,42223.0,42228.0,463.0
2026-05-09 00:45:00,1778258700,42230.0,42249.0,42190.0,42196.0,917.0
2026-05-09 00:50:00,1778259000,42196.0,42225.0,42141.0,42200.0,2098.0
2026-05-09 00:55:00,1778259300,42203.0,42208.0,42150.0,42165.0,971.0
2026-05-09 01:00:00,1778259600,42165.0,42180.0,42136.0,42140.0,896.0
2026-05-09 01:05:00,1778259900,42140.0,42163.0,42056.0,42151.0,2311.0
2026-05-09 01:10:00,1778260200,42151.0,42157.0,42114.0,42145.0,726.0
2026-05-09 01:15:00,1778260500,42143.0,42179.0,42138.0,42145.0,744.0
2026-05-09 01:20:00,1778260800,42145.0,42207.0,42132.0,42194.0,881.0
2026-05-09 01:25:00,1778261100,42194.0,42220.0,42186.0,42214.0,789.0
2026-05-09 01:30:00,1778261400,42215.0,42225.0,42196.0,42213.0,588.0
2026-05-09 01:35:00,1778261700,42215.0,42225.0,42198.0,42200.0,296.0
2026-05-09 01:40:00,1778262000,42200.0,42210.0,42182.0,42205.0,498.0
2026-05-09 01:45:00,1778262300,42205.0,42233.0,42192.0,42192.0,493.0
2026-05-09 01:50:00,1778262600,42193.0,42200.0,42164.0,42192.0,497.0
2026-05-09 01:55:00,1778262900,42197.0,42203.0,42181.0,42181.0,188.0
2026-05-09 02:00:00,1778263200,42183.0,42232.0,42171.0,42220.0,787.0
2026-05-09 02:05:00,1778263500,42220.0,42238.0,42220.0,42233.0,325.0
2026-05-09 02:10:00,1778263800,42234.0,42244.0,42218.0,42238.0,282.0
2026-05-09 02:15:00,1778264100,42238.0,42243.0,42217.0,42219.0,214.0
2026-05-09 02:20:00,1778264400,42221.0,42237.0,42219.0,42233.0,119.0
2026-05-09 02:25:00,1778264700,42236.0,42237.0,42221.0,42232.0,111.0
2026-05-09 02:30:00,1778265000,42231.0,42239.0,42215.0,42218.0,170.0
2026-05-09 02:35:00,1778265300,42217.0,42229.0,42202.0,42209.0,212.0
2026-05-09 02:40:00,1778265600,42210.0,42215.0,42192.0,42195.0,205.0
2026-05-09 02:45:00,1778265900,42195.0,42203.0,42184.0,42195.0,189.0
2026-05-09 02:50:00,1778266200,42198.0,42210.0,42177.0,42186.0,186.0
2026-05-09 02:55:00,1778266500,42184.0,42200.0,42155.0,42174.0,369.0
2026-05-09 03:00:00,1778266800,42170.0,42211.0,42168.0,42208.0,206.0
2026-05-09 03:05:00,1778267100,42208.0,42242.0,42200.0,42229.0,346.0
2026-05-09 03:10:00,1778267400,42230.0,42255.0,42221.0,42224.0,446.0
2026-05-09 03:15:00,1778267700,42224.0,42243.0,42222.0,42231.0,101.0
2026-05-09 03:20:00,1778268000,42230.0,42240.0,42217.0,42222.0,199.0
2026-05-09 03:25:00,1778268300,42221.0,42221.0,42192.0,42192.0,167.0
2026-05-09 03:30:00,1778268600,42193.0,42213.0,42186.0,42212.0,163.0
2026-05-09 03:35:00,1778268900,42212.0,42232.0,42210.0,42225.0,103.0
2026-05-09 03:40:00,1778269200,42224.0,42242.0,42211.0,42227.0,252.0
2026-05-09 03:45:00,1778269500,42225.0,42232.0,42200.0,42200.0,103.0
2026-05-09 03:50:00,1778269800,42199.0,42221.0,42184.0,42219.0,220.0
2026-05-09 03:55:00,1778270100,42223.0,42239.0,42208.0,42237.0,187.0
2026-05-09 04:00:00,1778270400,42236.0,42258.0,42217.0,42245.0,488.0
2026-05-09 04:05:00,1778270700,42245.0,42253.0,42241.0,42245.0,95.0
2026-05-09 04:10:00,1778271000,42244.0,42249.0,42240.0,42246.0,86.0
2026-05-09 04:15:00,1778271300,42246.0,42250.0,42239.0,42239.0,86.0
2026-05-09 04:20:00,1778271600,42239.0,42247.0,42236.0,42241.0,109.0
2026-05-09 04:25:00,1778271900,42241.0,42255.0,42240.0,42253.0,138.0
2026-05-09 04:30:00,1778272200,42254.0,42258.0,42244.0,42255.0,113.0
2026-05-09 04:35:00,1778272500,42254.0,42259.0,42252.0,42258.0,75.0
2026-05-09 04:40:00,1778272800,42258.0,42288.0,42256.0,42286.0,807.0
2026-05-09 04:45:00,1778273100,42283.0,42286.0,42275.0,42276.0,242.0
2026-05-09 04:50:00,1778273400,42280.0,42290.0,42276.0,42290.0,178.0
2026-05-09 04:55:00,1778273700,42288.0,42300.0,42285.0,42291.0,453.0
2026-05-11 08:45:00,1778460300,42216.0,42255.0,42157.0,42173.0,5619.0
2026-05-11 08:50:00,1778460600,42173.0,42175.0,41960.0,41989.0,7005.0
2026-05-11 08:55:00,1778460900,41990.0,41992.0,41808.0,41941.0,6190.0
2026-05-11 09:00:00,1778461200,41941.0,41983.0,41803.0,41958.0,6116.0
2026-05-11 09:05:00,1778461500,41961.0,41998.0,41866.0,41926.0,4237.0
2026-05-11 09:10:00,1778461800,41924.0,42066.0,41914.0,41987.0,4634.0
2026-05-11 09:15:00,1778462100,41990.0,42092.0,41962.0,42067.0,3789.0
2026-05-11 09:20:00,1778462400,42069.0,42109.0,42045.0,42068.0,2700.0
2026-05-11 09:25:00,1778462700,42065.0,42131.0,42061.0,42090.0,1977.0
2026-05-11 09:30:00,1778463000,42087.0,42142.0,42048.0,42083.0,2750.0
2026-05-11 09:35:00,1778463300,42085.0,42146.0,42044.0,42143.0,2305.0
2026-05-11 09:40:00,1778463600,42146.0,42149.0,42010.0,42039.0,2314.0
2026-05-11 09:45:00,1778463900,42039.0,42090.0,41980.0,42038.0,3011.0
2026-05-11 09:50:00,1778464200,42040.0,42089.0,41986.0,42085.0,2080.0
2026-05-11 09:55:00,1778464500,42085.0,42114.0,42040.0,42087.0,1660.0
2026-05-11 10:00:00,1778464800,42091.0,42134.0,42038.0,42052.0,1921.0
2026-05-11 10:05:00,1778465100,42051.0,42073.0,42017.0,42044.0,1429.0
2026-05-11 10:10:00,1778465400,42039.0,42096.0,42035.0,42052.0,1280.0
2026-05-11 10:15:00,1778465700,42057.0,42084.0,41989.0,41989.0,1711.0
2026-05-11 10:20:00,1778466000,41992.0,41997.0,41931.0,41983.0,3057.0
2026-05-11 10:25:00,1778466300,41981.0,42012.0,41946.0,41977.0,1364.0
2026-05-11 10:30:00,1778466600,41978.0,42019.0,41917.0,41955.0,1816.0
2026-05-11 10:35:00,1778466900,41958.0,41970.0,41895.0,41959.0,1984.0
2026-05-11 10:40:00,1778467200,41961.0,42000.0,41948.0,42000.0,1206.0
2026-05-11 10:45:00,1778467500,41999.0,42049.0,41964.0,41969.0,2253.0
2026-05-11 10:50:00,1778467800,41969.0,42061.0,41941.0,42049.0,1917.0
2026-05-11 10:55:00,1778468100,42046.0,42108.0,42046.0,42093.0,2192.0
2026-05-11 11:00:00,1778468400,42088.0,42116.0,42055.0,42060.0,1272.0
2026-05-11 11:05:00,1778468700,42058.0,42077.0,42015.0,42061.0,1346.0
2026-05-11 11:10:00,1778469000,42057.0,42064.0,42012.0,42035.0,787.0
2026-05-11 11:15:00,1778469300,42036.0,42075.0,42014.0,42069.0,957.0
2026-05-11 11:20:00,1778469600,42070.0,42075.0,42047.0,42068.0,524.0
2026-05-11 11:25:00,1778469900,42065.0,42117.0,42060.0,42113.0,1160.0
2026-05-11 11:30:00,1778470200,42111.0,42140.0,42088.0,42097.0,1646.0
2026-05-11 11:35:00,1778470500,42096.0,42116.0,42072.0,42111.0,875.0
2026-05-11 11:40:00,1778470800,42111.0,42148.0,42106.0,42136.0,1218.0
2026-05-11 11:45:00,1778471100,42138.0,42149.0,42096.0,42098.0,822.0
2026-05-11 11:50:00,1778471400,42099.0,42111.0,42082.0,42104.0,544.0
2026-05-11 11:55:00,1778471700,42104.0,42107.0,42085.0,42097.0,340.0
2026-05-11 12:00:00,1778472000,42093.0,42120.0,42080.0,42101.0,579.0
2026-05-11 12:05:00,1778472300,42097.0,42102.0,42077.0,42087.0,381.0
2026-05-11 12:10:00,1778472600,42087.0,42100.0,42057.0,42095.0,895.0
2026-05-11 12:15:00,1778472900,42095.0,42140.0,42092.0,42116.0,1108.0
2026-05-11 12:20:00,1778473200,42115.0,42163.0,42114.0,42146.0,1180.0
2026-05-11 12:25:00,1778473500,42148.0,42190.0,42148.0,42180.0,1356.0
2026-05-11 12:30:00,1778473800,42181.0,42200.0,42156.0,42168.0,1233.0
2026-05-11 12:35:00,1778474100,42168.0,42176.0,42151.0,42154.0,510.0
2026-05-11 12:40:00,1778474400,42154.0,42164.0,42137.0,42147.0,550.0
2026-05-11 12:45:00,1778474700,42148.0,42166.0,42120.0,42128.0,863.0
2026-05-11 12:50:00,1778475000,42129.0,42159.0,42123.0,42155.0,455.0
2026-05-11 12:55:00,1778475300,42158.0,42174.0,42138.0,42145.0,525.0
2026-05-11 13:00:00,1778475600,42146.0,42159.0,42133.0,42148.0,446.0
2026-05-11 13:05:00,1778475900,42148.0,42157.0,42106.0,42120.0,844.0
2026-05-11 13:10:00,1778476200,42117.0,42125.0,42083.0,42099.0,1156.0
2026-05-11 13:15:00,1778476500,42099.0,42119.0,42085.0,42090.0,832.0
2026-05-11 13:20:00,1778476800,42092.0,42103.0,42071.0,42092.0,1070.0
2026-05-11 13:25:00,1778477100,42092.0,42092.0,42040.0,42041.0,1288.0
2026-05-11 13:30:00,1778477400,42040.0,42074.0,42033.0,42074.0,1585.0
2026-05-11 13:35:00,1778477700,42074.0,42075.0,41991.0,42002.0,1545.0
2026-05-11 13:40:00,1778478000,42001.0,42019.0,41950.0,41953.0,1841.0
2026-05-11 15:00:00,1778482800,41982.0,41986.0,41892.0,41916.0,2161.0
2026-05-11 15:05:00,1778483100,41911.0,41940.0,41874.0,41888.0,1329.0
2026-05-11 15:10:00,1778483400,41888.0,41920.0,41877.0,41887.0,820.0
2026-05-11 15:15:00,1778483700,41891.0,41923.0,41883.0,41903.0,448.0
2026-05-11 15:20:00,1778484000,41904.0,41930.0,41887.0,41891.0,771.0
2026-05-11 15:25:00,1778484300,41887.0,41920.0,41865.0,41898.0,849.0
2026-05-11 15:30:00,1778484600,41899.0,41918.0,41882.0,41904.0,624.0
2026-05-11 15:35:00,1778484900,41903.0,41934.0,41880.0,41933.0,632.0
2026-05-11 15:40:00,1778485200,41934.0,41959.0,41927.0,41943.0,836.0
2026-05-11 15:45:00,1778485500,41945.0,41956.0,41932.0,41939.0,451.0
2026-05-11 15:50:00,1778485800,41941.0,41956.0,41934.0,41942.0,191.0
2026-05-11 15:55:00,1778486100,41941.0,41961.0,41930.0,41961.0,343.0
2026-05-11 16:00:00,1778486400,41962.0,41968.0,41897.0,41928.0,844.0
2026-05-11 16:05:00,1778486700,41928.0,41944.0,41825.0,41830.0,1600.0
2026-05-11 16:10:00,1778487000,41830.0,41836.0,41746.0,41792.0,2901.0
2026-05-11 16:15:00,1778487300,41792.0,41847.0,41790.0,41846.0,851.0
2026-05-11 16:20:00,1778487600,41846.0,41880.0,41842.0,41857.0,775.0
2026-05-11 16:25:00,1778487900,41860.0,41878.0,41795.0,41796.0,786.0
2026-05-11 16:30:00,1778488200,41795.0,41842.0,41784.0,41841.0,671.0
2026-05-11 16:35:00,1778488500,41841.0,41846.0,41817.0,41825.0,368.0
2026-05-11 16:40:00,1778488800,41826.0,41854.0,41826.0,41848.0,211.0
2026-05-11 16:45:00,1778489100,41843.0,41857.0,41838.0,41856.0,294.0
2026-05-11 16:50:00,1778489400,41857.0,41859.0,41835.0,41844.0,204.0
2026-05-11 16:55:00,1778489700,41845.0,41855.0,41825.0,41829.0,250.0
2026-05-11 17:00:00,1778490000,41826.0,41858.0,41815.0,41849.0,464.0
2026-05-11 17:05:00,1778490300,41852.0,41862.0,41812.0,41820.0,501.0
2026-05-11 17:10:00,1778490600,41819.0,41819.0,41794.0,41797.0,525.0
2026-05-11 17:15:00,1778490900,41798.0,41810.0,41786.0,41790.0,453.0
2026-05-11 17:20:00,1778491200,41790.0,41822.0,41779.0,41810.0,460.0
2026-05-11 17:25:00,1778491500,41809.0,41822.0,41797.0,41820.0,322.0
2026-05-11 17:30:00,1778491800,41822.0,41846.0,41810.0,41834.0,483.0
2026-05-11 17:35:00,1778492100,41840.0,41886.0,41837.0,41884.0,727.0
2026-05-11 17:40:00,1778492400,41883.0,41908.0,41877.0,41902.0,829.0
2026-05-11 17:45:00,1778492700,41903.0,41953.0,41897.0,41921.0,1074.0
2026-05-11 17:50:00,1778493000,41921.0,41938.0,41908.0,41924.0,513.0
2026-05-11 17:55:00,1778493300,41923.0,41925.0,41880.0,41883.0,515.0
2026-05-11 18:00:00,1778493600,41883.0,41898.0,41861.0,41865.0,565.0
2026-05-11 18:05:00,1778493900,41867.0,41875.0,41852.0,41875.0,421.0
2026-05-11 18:10:00,1778494200,41872.0,41877.0,41836.0,41836.0,492.0
2026-05-11 18:15:00,1778494500,41836.0,41840.0,41809.0,41811.0,453.0
2026-05-11 18:20:00,1778494800,41810.0,41837.0,41795.0,41834.0,803.0
2026-05-11 18:25:00,1778495100,41833.0,41844.0,41820.0,41840.0,269.0
2026-05-11 18:30:00,1778495400,41838.0,41850.0,41827.0,41835.0,299.0
2026-05-11 18:35:00,1778495700,41834.0,41840.0,41791.0,41804.0,480.0
2026-05-11 18:40:00,1778496000,41806.0,41811.0,41788.0,41811.0,454.0
2026-05-11 18:45:00,1778496300,41811.0,41837.0,41794.0,41836.0,511.0
2026-05-11 18:50:00,1778496600,41835.0,41847.0,41826.0,41829.0,319.0
2026-05-11 18:55:00,1778496900,41833.0,41835.0,41801.0,41803.0,292.0
2026-05-11 19:00:00,1778497200,41804.0,41846.0,41804.0,41833.0,446.0
2026-05-11 19:05:00,1778497500,41833.0,41852.0,41829.0,41845.0,283.0
2026-05-11 19:10:00,1778497800,41847.0,41861.0,41833.0,41860.0,247.0
2026-05-11 19:15:00,1778498100,41858.0,41866.0,41846.0,41864.0,241.0
2026-05-11 19:20:00,1778498400,41865.0,41877.0,41860.0,41867.0,381.0
2026-05-11 19:25:00,1778498700,41870.0,41903.0,41863.0,41891.0,549.0
2026-05-11 19:30:00,1778499000,41891.0,41925.0,41889.0,41891.0,736.0
2026-05-11 19:35:00,1778499300,41893.0,41911.0,41885.0,41892.0,362.0
2026-05-11 19:40:00,1778499600,41888.0,41892.0,41876.0,41881.0,278.0
2026-05-11 19:45:00,1778499900,41882.0,41897.0,41872.0,41888.0,319.0
2026-05-11 19:50:00,1778500200,41890.0,41890.0,41861.0,41889.0,391.0
2026-05-11 19:55:00,1778500500,41889.0,41915.0,41884.0,41914.0,380.0
2026-05-11 20:00:00,1778500800,41911.0,41929.0,41877.0,41886.0,647.0
2026-05-11 20:05:00,1778501100,41886.0,41886.0,41856.0,41867.0,532.0
2026-05-11 20:10:00,1778501400,41864.0,41874.0,41848.0,41870.0,363.0
2026-05-11 20:15:00,1778501700,41870.0,41900.0,41865.0,41883.0,280.0
2026-05-11 20:20:00,1778502000,41881.0,41909.0,41859.0,41895.0,401.0
2026-05-11 20:25:00,1778502300,41894.0,41922.0,41883.0,41913.0,401.0
2026-05-11 20:30:00,1778502600,41910.0,41938.0,41909.0,41930.0,738.0
2026-05-11 20:35:00,1778502900,41933.0,41952.0,41915.0,41923.0,673.0
2026-05-11 20:40:00,1778503200,41925.0,41930.0,41893.0,41895.0,448.0
2026-05-11 20:45:00,1778503500,41892.0,41918.0,41834.0,41878.0,1492.0
2026-05-11 20:50:00,1778503800,41879.0,41887.0,41862.0,41885.0,450.0
2026-05-11 20:55:00,1778504100,41885.0,41919.0,41873.0,41918.0,461.0
2026-05-11 21:00:00,1778504400,41916.0,41945.0,41910.0,41937.0,751.0
2026-05-11 21:05:00,1778504700,41937.0,41978.0,41932.0,41963.0,985.0
2026-05-11 21:10:00,1778505000,41961.0,41990.0,41960.0,41988.0,1158.0
2026-05-11 21:15:00,1778505300,41988.0,42014.0,41981.0,41986.0,1113.0
2026-05-11 21:20:00,1778505600,41985.0,42003.0,41982.0,41988.0,475.0
2026-05-11 21:25:00,1778505900,41987.0,42041.0,41987.0,42040.0,1248.0
2026-05-11 21:30:00,1778506200,42040.0,42147.0,42037.0,42104.0,5011.0
2026-05-11 21:35:00,1778506500,42105.0,42106.0,41939.0,42004.0,4464.0
2026-05-11 21:40:00,1778506800,42007.0,42021.0,41966.0,41999.0,1608.0
2026-05-11 21:45:00,1778507100,42000.0,42044.0,41958.0,41995.0,2144.0
2026-05-11 21:50:00,1778507400,41992.0,42006.0,41918.0,41942.0,2224.0
2026-05-11 21:55:00,1778507700,41939.0,41950.0,41839.0,41852.0,3109.0
2026-05-11 22:00:00,1778508000,41849.0,41995.0,41842.0,41955.0,3160.0
2026-05-11 22:05:00,1778508300,41955.0,42014.0,41951.0,41995.0,1692.0
2026-05-11 22:10:00,1778508600,41997.0,42050.0,41962.0,42025.0,2066.0
2026-05-11 22:15:00,1778508900,42027.0,42052.0,42004.0,42049.0,1376.0
2026-05-11 22:20:00,1778509200,42048.0,42074.0,42032.0,42042.0,1481.0
2026-05-11 22:25:00,1778509500,42042.0,42051.0,41924.0,41937.0,2304.0
2026-05-11 22:30:00,1778509800,41938.0,41996.0,41887.0,41989.0,3086.0
2026-05-11 22:35:00,1778510100,41992.0,42043.0,41971.0,42040.0,1726.0
2026-05-11 22:40:00,1778510400,42042.0,42113.0,42026.0,42100.0,2744.0
2026-05-11 22:45:00,1778510700,42101.0,42138.0,42077.0,42109.0,2319.0
2026-05-11 22:50:00,1778511000,42113.0,42217.0,42103.0,42192.0,3608.0
2026-05-11 22:55:00,1778511300,42192.0,42204.0,42145.0,42159.0,1681.0
2026-05-11 23:00:00,1778511600,42158.0,42235.0,42158.0,42215.0,2535.0
2026-05-11 23:05:00,1778511900,42216.0,42220.0,42174.0,42213.0,1217.0
2026-05-11 23:10:00,1778512200,42211.0,42218.0,42162.0,42171.0,976.0
2026-05-11 23:15:00,1778512500,42169.0,42198.0,42145.0,42181.0,1126.0
2026-05-11 23:20:00,1778512800,42181.0,42244.0,42172.0,42237.0,1445.0
2026-05-11 23:25:00,1778513100,42241.0,42275.0,42230.0,42273.0,1623.0
2026-05-11 23:30:00,1778513400,42272.0,42287.0,42244.0,42261.0,1510.0
2026-05-11 23:35:00,1778513700,42261.0,42269.0,42232.0,42244.0,908.0
2026-05-11 23:40:00,1778514000,42244.0,42262.0,42209.0,42224.0,918.0
2026-05-11 23:45:00,1778514300,42220.0,42260.0,42212.0,42259.0,691.0
2026-05-11 23:50:00,1778514600,42257.0,42297.0,42242.0,42287.0,1113.0
2026-05-11 23:55:00,1778514900,42289.0,42293.0,42251.0,42257.0,639.0
2026-05-12 00:00:00,1778515200,42259.0,42291.0,42259.0,42291.0,824.0
2026-05-12 00:05:00,1778515500,42291.0,42336.0,42283.0,42317.0,2299.0
2026-05-12 00:10:00,1778515800,42318.0,42365.0,42318.0,42364.0,1595.0
2026-05-12 00:15:00,1778516100,42361.0,42364.0,42305.0,42313.0,922.0
2026-05-12 00:20:00,1778516400,42312.0,42316.0,42286.0,42293.0,825.0
2026-05-12 00:25:00,1778516700,42297.0,42310.0,42271.0,42280.0,586.0
2026-05-12 00:30:00,1778517000,42279.0,42305.0,42274.0,42287.0,432.0
2026-05-12 00:35:00,1778517300,42286.0,42293.0,42258.0,42262.0,573.0
2026-05-12 00:40:00,1778517600,42261.0,42261.0,42163.0,42222.0,2833.0
2026-05-12 00:45:00,1778517900,42223.0,42245.0,42194.0,42214.0,866.0
2026-05-12 00:50:00,1778518200,42213.0,42242.0,42200.0,42224.0,437.0
2026-05-12 00:55:00,1778518500,42222.0,42241.0,42210.0,42228.0,419.0
2026-05-12 01:00:00,1778518800,42229.0,42265.0,42228.0,42245.0,864.0
2026-05-12 01:05:00,1778519100,42250.0,42254.0,42220.0,42243.0,290.0
2026-05-12 01:10:00,1778519400,42242.0,42242.0,42208.0,42221.0,364.0
2026-05-12 01:15:00,1778519700,42220.0,42238.0,42201.0,42207.0,352.0
2026-05-12 01:20:00,1778520000,42205.0,42267.0,42202.0,42265.0,489.0
2026-05-12 01:25:00,1778520300,42264.0,42290.0,42264.0,42283.0,509.0
2026-05-12 01:30:00,1778520600,42282.0,42305.0,42270.0,42275.0,599.0
2026-05-12 01:35:00,1778520900,42274.0,42330.0,42274.0,42307.0,586.0
2026-05-12 01:40:00,1778521200,42310.0,42321.0,42305.0,42306.0,208.0
2026-05-12 01:45:00,1778521500,42306.0,42319.0,42302.0,42304.0,192.0
2026-05-12 01:50:00,1778521800,42304.0,42315.0,42285.0,42286.0,222.0
2026-05-12 01:55:00,1778522100,42286.0,42302.0,42272.0,42275.0,217.0
2026-05-12 02:00:00,1778522400,42275.0,42309.0,42275.0,42306.0,350.0
2026-05-12 02:05:00,1778522700,42308.0,42331.0,42307.0,42325.0,269.0
2026-05-12 02:10:00,1778523000,42328.0,42347.0,42325.0,42329.0,411.0
2026-05-12 02:15:00,1778523300,42326.0,42332.0,42316.0,42323.0,110.0
2026-05-12 02:20:00,1778523600,42319.0,42324.0,42295.0,42318.0,235.0
2026-05-12 02:25:00,1778523900,42318.0,42333.0,42317.0,42327.0,112.0
2026-05-12 02:30:00,1778524200,42326.0,42333.0,42315.0,42320.0,102.0
2026-05-12 02:35:00,1778524500,42322.0,42330.0,42298.0,42300.0,82.0
2026-05-12 02:40:00,1778524800,42301.0,42307.0,42285.0,42297.0,196.0
2026-05-12 02:45:00,1778525100,42293.0,42300.0,42281.0,42293.0,100.0
2026-05-12 02:50:00,1778525400,42292.0,42310.0,42289.0,42292.0,91.0
2026-05-12 02:55:00,1778525700,42292.0,42303.0,42252.0,42254.0,249.0
2026-05-12 03:00:00,1778526000,42253.0,42285.0,42249.0,42261.0,254.0
2026-05-12 03:05:00,1778526300,42263.0,42311.0,42259.0,42303.0,155.0
2026-05-12 03:10:00,1778526600,42303.0,42313.0,42275.0,42279.0,132.0
2026-05-12 03:15:00,1778526900,42280.0,42280.0,42257.0,42264.0,164.0
2026-05-12 03:20:00,1778527200,42263.0,42274.0,42245.0,42258.0,139.0
2026-05-12 03:25:00,1778527500,42259.0,42259.0,42226.0,42236.0,252.0
2026-05-12 03:30:00,1778527800,42234.0,42268.0,42229.0,42257.0,161.0
2026-05-12 03:35:00,1778528100,42248.0,42261.0,42232.0,42260.0,107.0
2026-05-12 03:40:00,1778528400,42262.0,42270.0,42244.0,42270.0,80.0
2026-05-12 03:45:00,1778528700,42268.0,42290.0,42262.0,42288.0,152.0
2026-05-12 03:50:00,1778529000,42286.0,42309.0,42277.0,42283.0,173.0
2026-05-12 03:55:00,1778529300,42290.0,42294.0,42265.0,42283.0,165.0
2026-05-12 04:00:00,1778529600,42282.0,42283.0,42241.0,42263.0,397.0
2026-05-12 04:05:00,1778529900,42262.0,42274.0,42261.0,42268.0,58.0
2026-05-12 04:10:00,1778530200,42269.0,42285.0,42193.0,42272.0,1047.0
2026-05-12 04:15:00,1778530500,42270.0,42280.0,42266.0,42277.0,84.0
2026-05-12 04:20:00,1778530800,42275.0,42276.0,42252.0,42263.0,67.0
2026-05-12 04:25:00,1778531100,42260.0,42272.0,42254.0,42272.0,53.0
2026-05-12 04:30:00,1778531400,42270.0,42276.0,42262.0,42266.0,63.0
2026-05-12 04:35:00,1778531700,42266.0,42268.0,42262.0,42266.0,42.0
2026-05-12 04:40:00,1778532000,42268.0,42275.0,42268.0,42274.0,79.0
2026-05-12 04:45:00,1778532300,42272.0,42274.0,42264.0,42271.0,71.0
2026-05-12 04:50:00,1778532600,42272.0,42277.0,42262.0,42272.0,124.0
2026-05-12 04:55:00,1778532900,42273.0,42277.0,42262.0,42270.0,194.0
2026-05-12 08:45:00,1778546700,42240.0,42240.0,42174.0,42214.0,4047.0
2026-05-12 08:50:00,1778547000,42213.0,42248.0,42196.0,42203.0,2025.0
2026-05-12 08:55:00,1778547300,42201.0,42208.0,42184.0,42195.0,1451.0
2026-05-12 09:00:00,1778547600,42195.0,42365.0,42191.0,42265.0,6626.0
2026-05-12 09:05:00,1778547900,42264.0,42320.0,42240.0,42274.0,2641.0
2026-05-12 09:10:00,1778548200,42274.0,42305.0,42244.0,42249.0,2247.0
2026-05-12 09:15:00,1778548500,42245.0,42251.0,42010.0,42131.0,9417.0
2026-05-12 09:20:00,1778548800,42134.0,42173.0,42070.0,42105.0,3450.0
2026-05-12 09:25:00,1778549100,42103.0,42118.0,41915.0,42005.0,7249.0
2026-05-12 09:30:00,1778549400,42004.0,42015.0,41813.0,41843.0,6683.0
2026-05-12 09:35:00,1778549700,41840.0,41846.0,41668.0,41683.0,9160.0
2026-05-12 09:40:00,1778550000,41677.0,41841.0,41605.0,41811.0,8538.0
2026-05-12 09:45:00,1778550300,41812.0,41885.0,41793.0,41832.0,4949.0
2026-05-12 09:50:00,1778550600,41831.0,41873.0,41775.0,41810.0,2627.0
2026-05-12 09:55:00,1778550900,41808.0,41839.0,41756.0,41816.0,2383.0
2026-05-12 10:00:00,1778551200,41817.0,41861.0,41742.0,41840.0,2915.0
2026-05-12 10:05:00,1778551500,41842.0,41903.0,41801.0,41895.0,2690.0
2026-05-12 10:10:00,1778551800,41895.0,41996.0,41888.0,41976.0,4568.0
2026-05-12 10:15:00,1778552100,41978.0,41988.0,41870.0,41877.0,2468.0
2026-05-12 10:20:00,1778552400,41873.0,41942.0,41872.0,41938.0,1276.0
2026-05-12 10:25:00,1778552700,41939.0,41969.0,41926.0,41956.0,1253.0
2026-05-12 10:30:00,1778553000,41950.0,41957.0,41877.0,41898.0,1332.0
2026-05-12 10:35:00,1778553300,41900.0,41911.0,41874.0,41893.0,810.0
2026-05-12 10:40:00,1778553600,41892.0,41949.0,41858.0,41921.0,1476.0
2026-05-12 10:45:00,1778553900,41920.0,42003.0,41920.0,42002.0,2428.0
2026-05-12 10:50:00,1778554200,42003.0,42096.0,41988.0,42044.0,3384.0
2026-05-12 10:55:00,1778554500,42038.0,42061.0,42020.0,42052.0,1354.0
2026-05-12 11:00:00,1778554800,42053.0,42107.0,41997.0,42013.0,2334.0
2026-05-12 11:05:00,1778555100,42010.0,42133.0,42008.0,42133.0,2424.0
2026-05-12 11:10:00,1778555400,42131.0,42149.0,42090.0,42108.0,1753.0
2026-05-12 11:15:00,1778555700,42111.0,42114.0,42056.0,42077.0,1191.0
2026-05-12 11:20:00,1778556000,42076.0,42104.0,42061.0,42075.0,781.0
2026-05-12 11:25:00,1778556300,42077.0,42094.0,42058.0,42080.0,542.0
2026-05-12 11:30:00,1778556600,42083.0,42125.0,42082.0,42095.0,1017.0
2026-05-12 11:35:00,1778556900,42092.0,42137.0,42081.0,42126.0,749.0
2026-05-12 11:40:00,1778557200,42126.0,42163.0,42115.0,42129.0,1521.0
2026-05-12 11:45:00,1778557500,42129.0,42145.0,42086.0,42103.0,1125.0
2026-05-12 11:50:00,1778557800,42102.0,42111.0,42084.0,42095.0,653.0
2026-05-12 11:55:00,1778558100,42094.0,42120.0,42084.0,42117.0,644.0
2026-05-12 12:00:00,1778558400,42118.0,42192.0,42117.0,42192.0,2119.0
2026-05-12 12:05:00,1778558700,42191.0,42231.0,42186.0,42193.0,1992.0
2026-05-12 12:10:00,1778559000,42192.0,42198.0,42124.0,42161.0,1572.0
2026-05-12 12:15:00,1778559300,42162.0,42198.0,42149.0,42193.0,862.0
2026-05-12 12:20:00,1778559600,42194.0,42223.0,42190.0,42196.0,888.0
2026-05-12 12:25:00,1778559900,42198.0,42214.0,42168.0,42188.0,904.0
2026-05-12 12:30:00,1778560200,42186.0,42224.0,42180.0,42202.0,965.0
2026-05-12 12:35:00,1778560500,42205.0,42222.0,42192.0,42215.0,781.0
2026-05-12 12:40:00,1778560800,42215.0,42239.0,42208.0,42231.0,1291.0
2026-05-12 12:45:00,1778561100,42232.0,42250.0,42188.0,42189.0,1349.0
2026-05-12 12:50:00,1778561400,42191.0,42199.0,42115.0,42139.0,1903.0
2026-05-12 12:55:00,1778561700,42140.0,42144.0,42050.0,42051.0,2292.0
2026-05-12 13:00:00,1778562000,42050.0,42116.0,42005.0,42116.0,2464.0
2026-05-12 13:05:00,1778562300,42117.0,42128.0,42082.0,42088.0,1188.0
2026-05-12 13:10:00,1778562600,42087.0,42100.0,42034.0,42036.0,1123.0
2026-05-12 13:15:00,1778562900,42037.0,42046.0,41973.0,42020.0,2167.0
2026-05-12 13:20:00,1778563200,42019.0,42034.0,41972.0,41988.0,1354.0
2026-05-12 13:25:00,1778563500,41989.0,41996.0,41912.0,41921.0,2252.0
2026-05-12 13:30:00,1778563800,41920.0,41927.0,41773.0,41780.0,4567.0
2026-05-12 13:35:00,1778564100,41781.0,41835.0,41760.0,41790.0,2277.0
2026-05-12 13:40:00,1778564400,41792.0,41799.0,41686.0,41697.0,2675.0
2026-05-12 13:45:00,1778564700,41699.0,41699.0,41699.0,41699.0,1.0
2026-05-12 15:00:00,1778569200,41620.0,41620.0,41504.0,41547.0,5570.0
2026-05-12 15:05:00,1778569500,41549.0,41559.0,41486.0,41519.0,2304.0
2026-05-12 15:10:00,1778569800,41517.0,41606.0,41509.0,41598.0,1877.0
2026-05-12 15:15:00,1778570100,41596.0,41675.0,41592.0,41670.0,1833.0
2026-05-12 15:20:00,1778570400,41673.0,41690.0,41646.0,41647.0,1360.0
2026-05-12 15:25:00,1778570700,41649.0,41660.0,41617.0,41639.0,832.0
2026-05-12 15:30:00,1778571000,41640.0,41667.0,41625.0,41658.0,739.0
2026-05-12 15:35:00,1778571300,41659.0,41665.0,41641.0,41653.0,390.0
2026-05-12 15:40:00,1778571600,41651.0,41655.0,41615.0,41620.0,471.0
2026-05-12 15:45:00,1778571900,41620.0,41628.0,41600.0,41628.0,817.0
2026-05-12 15:50:00,1778572200,41627.0,41639.0,41571.0,41591.0,896.0
2026-05-12 15:55:00,1778572500,41591.0,41626.0,41585.0,41623.0,543.0
2026-05-12 16:00:00,1778572800,41625.0,41636.0,41555.0,41570.0,1019.0
2026-05-12 16:05:00,1778573100,41569.0,41585.0,41556.0,41581.0,641.0
2026-05-12 16:10:00,1778573400,41579.0,41583.0,41535.0,41555.0,902.0
2026-05-12 16:15:00,1778573700,41556.0,41603.0,41530.0,41597.0,1056.0
2026-05-12 16:20:00,1778574000,41602.0,41619.0,41595.0,41598.0,602.0
2026-05-12 16:25:00,1778574300,41596.0,41628.0,41582.0,41617.0,612.0
2026-05-12 16:30:00,1778574600,41618.0,41626.0,41590.0,41604.0,495.0
2026-05-12 16:35:00,1778574900,41605.0,41614.0,41580.0,41606.0,334.0
2026-05-12 16:40:00,1778575200,41605.0,41609.0,41566.0,41585.0,473.0
2026-05-12 16:45:00,1778575500,41582.0,41605.0,41559.0,41573.0,510.0
2026-05-12 16:50:00,1778575800,41574.0,41579.0,41548.0,41570.0,472.0
2026-05-12 16:55:00,1778576100,41570.0,41575.0,41547.0,41568.0,394.0
2026-05-12 17:00:00,1778576400,41565.0,41570.0,41526.0,41544.0,825.0
2026-05-12 17:05:00,1778576700,41547.0,41555.0,41497.0,41528.0,1296.0
2026-05-12 17:10:00,1778577000,41528.0,41570.0,41516.0,41567.0,674.0
2026-05-12 17:15:00,1778577300,41567.0,41573.0,41537.0,41538.0,453.0
2026-05-12 17:20:00,1778577600,41539.0,41569.0,41523.0,41568.0,387.0
2026-05-12 17:25:00,1778577900,41567.0,41575.0,41524.0,41536.0,421.0
2026-05-12 17:30:00,1778578200,41537.0,41630.0,41533.0,41601.0,1538.0
2026-05-12 17:35:00,1778578500,41602.0,41606.0,41579.0,41596.0,425.0
2026-05-12 17:40:00,1778578800,41597.0,41613.0,41590.0,41593.0,369.0
2026-05-12 17:45:00,1778579100,41592.0,41601.0,41572.0,41593.0,212.0
2026-05-12 17:50:00,1778579400,41590.0,41597.0,41556.0,41562.0,350.0
2026-05-12 17:55:00,1778579700,41565.0,41573.0,41550.0,41564.0,266.0
2026-05-12 18:00:00,1778580000,41565.0,41584.0,41553.0,41570.0,216.0
2026-05-12 18:05:00,1778580300,41570.0,41590.0,41556.0,41583.0,237.0
2026-05-12 18:10:00,1778580600,41585.0,41603.0,41584.0,41592.0,372.0
2026-05-12 18:15:00,1778580900,41591.0,41592.0,41566.0,41572.0,183.0
2026-05-12 18:20:00,1778581200,41572.0,41572.0,41550.0,41558.0,248.0
2026-05-12 18:25:00,1778581500,41559.0,41559.0,41528.0,41542.0,481.0
2026-05-12 18:30:00,1778581800,41543.0,41548.0,41518.0,41537.0,454.0
2026-05-12 18:35:00,1778582100,41536.0,41561.0,41523.0,41525.0,426.0
2026-05-12 18:40:00,1778582400,41525.0,41529.0,41488.0,41520.0,1165.0
2026-05-12 18:45:00,1778582700,41518.0,41528.0,41491.0,41507.0,568.0
2026-05-12 18:50:00,1778583000,41507.0,41539.0,41506.0,41528.0,434.0
2026-05-12 18:55:00,1778583300,41525.0,41549.0,41519.0,41533.0,271.0
2026-05-12 19:00:00,1778583600,41534.0,41548.0,41454.0,41463.0,2024.0
2026-05-12 19:05:00,1778583900,41465.0,41468.0,41406.0,41468.0,2104.0
2026-05-12 19:10:00,1778584200,41468.0,41545.0,41450.0,41453.0,1875.0
2026-05-12 19:15:00,1778584500,41453.0,41460.0,41397.0,41411.0,1483.0
2026-05-12 19:20:00,1778584800,41415.0,41420.0,41387.0,41405.0,1117.0
2026-05-12 19:25:00,1778585100,41404.0,41443.0,41395.0,41431.0,752.0
2026-05-12 19:30:00,1778585400,41431.0,41438.0,41405.0,41423.0,532.0
2026-05-12 19:35:00,1778585700,41420.0,41443.0,41402.0,41439.0,456.0
2026-05-12 19:40:00,1778586000,41441.0,41448.0,41419.0,41433.0,432.0
2026-05-12 19:45:00,1778586300,41434.0,41443.0,41410.0,41413.0,370.0
2026-05-12 19:50:00,1778586600,41415.0,41420.0,41347.0,41364.0,1408.0
2026-05-12 19:55:00,1778586900,41364.0,41394.0,41359.0,41369.0,738.0
2026-05-12 20:00:00,1778587200,41370.0,41370.0,41318.0,41320.0,1661.0
2026-05-12 20:05:00,1778587500,41320.0,41328.0,41261.0,41290.0,2072.0
2026-05-12 20:10:00,1778587800,41294.0,41334.0,41294.0,41333.0,1079.0
2026-05-12 20:15:00,1778588100,41332.0,41344.0,41291.0,41301.0,861.0
2026-05-12 20:20:00,1778588400,41298.0,41299.0,41239.0,41257.0,1375.0
2026-05-12 20:25:00,1778588700,41258.0,41320.0,41251.0,41310.0,1097.0
2026-05-12 20:30:00,1778589000,41314.0,41365.0,41251.0,41357.0,2918.0
2026-05-12 20:35:00,1778589300,41355.0,41473.0,41342.0,41464.0,3596.0
2026-05-12 20:40:00,1778589600,41466.0,41491.0,41387.0,41406.0,2504.0
2026-05-12 20:45:00,1778589900,41406.0,41441.0,41406.0,41434.0,718.0
2026-05-12 20:50:00,1778590200,41434.0,41457.0,41426.0,41445.0,751.0
2026-05-12 20:55:00,1778590500,41447.0,41447.0,41403.0,41412.0,622.0
2026-05-12 21:00:00,1778590800,41411.0,41435.0,41392.0,41402.0,746.0
2026-05-12 21:05:00,1778591100,41401.0,41402.0,41360.0,41380.0,1190.0
2026-05-12 21:10:00,1778591400,41382.0,41409.0,41370.0,41377.0,593.0
2026-05-12 21:15:00,1778591700,41375.0,41378.0,41318.0,41350.0,1130.0
2026-05-12 21:20:00,1778592000,41350.0,41359.0,41323.0,41344.0,646.0
2026-05-12 21:25:00,1778592300,41341.0,41370.0,41323.0,41361.0,641.0
2026-05-12 21:30:00,1778592600,41362.0,41440.0,41307.0,41430.0,3230.0
2026-05-12 21:35:00,1778592900,41428.0,41513.0,41380.0,41491.0,3472.0
2026-05-12 21:40:00,1778593200,41495.0,41555.0,41451.0,41553.0,3532.0
2026-05-12 21:45:00,1778593500,41550.0,41563.0,41431.0,41456.0,3267.0
2026-05-12 21:50:00,1778593800,41455.0,41476.0,41410.0,41432.0,2226.0
2026-05-12 21:55:00,1778594100,41430.0,41433.0,41251.0,41295.0,4357.0
2026-05-12 22:00:00,1778594400,41295.0,41358.0,41262.0,41293.0,3552.0
2026-05-12 22:05:00,1778594700,41294.0,41343.0,41285.0,41333.0,1718.0
2026-05-12 22:10:00,1778595000,41337.0,41383.0,41291.0,41366.0,2202.0
2026-05-12 22:15:00,1778595300,41365.0,41383.0,41294.0,41342.0,1855.0
2026-05-12 22:20:00,1778595600,41342.0,41353.0,41265.0,41280.0,1758.0
2026-05-12 22:25:00,1778595900,41283.0,41308.0,41157.0,41196.0,5187.0
2026-05-12 22:30:00,1778596200,41196.0,41197.0,41074.0,41123.0,5068.0
2026-05-12 22:35:00,1778596500,41120.0,41217.0,41083.0,41204.0,4065.0
2026-05-12 22:40:00,1778596800,41205.0,41256.0,41164.0,41185.0,2780.0
2026-05-12 22:45:00,1778597100,41186.0,41194.0,41086.0,41101.0,2735.0
2026-05-12 22:50:00,1778597400,41095.0,41140.0,41035.0,41098.0,3835.0
2026-05-12 22:55:00,1778597700,41099.0,41110.0,41021.0,41045.0,2493.0
2026-05-12 23:00:00,1778598000,41044.0,41082.0,41012.0,41036.0,2672.0
2026-05-12 23:05:00,1778598300,41040.0,41080.0,41010.0,41053.0,1922.0
2026-05-12 23:10:00,1778598600,41055.0,41058.0,40973.0,40976.0,2859.0
2026-05-12 23:15:00,1778598900,40975.0,40989.0,40893.0,40943.0,4534.0
2026-05-12 23:20:00,1778599200,40943.0,40945.0,40820.0,40839.0,3611.0
2026-05-12 23:25:00,1778599500,40840.0,40886.0,40816.0,40864.0,2656.0
2026-05-12 23:30:00,1778599800,40865.0,40946.0,40862.0,40938.0,2911.0
2026-05-12 23:35:00,1778600100,40936.0,40966.0,40892.0,40937.0,2080.0
2026-05-12 23:40:00,1778600400,40940.0,40955.0,40889.0,40927.0,1389.0
2026-05-12 23:45:00,1778600700,40928.0,40958.0,40882.0,40899.0,1279.0
2026-05-12 23:50:00,1778601000,40898.0,40923.0,40860.0,40868.0,1108.0
2026-05-12 23:55:00,1778601300,40867.0,40887.0,40805.0,40831.0,1932.0
2026-05-13 00:00:00,1778601600,40828.0,40933.0,40782.0,40903.0,3343.0
2026-05-13 00:05:00,1778601900,40904.0,40927.0,40868.0,40890.0,1044.0
2026-05-13 00:10:00,1778602200,40887.0,40960.0,40877.0,40947.0,1372.0
2026-05-13 00:15:00,1778602500,40946.0,40955.0,40896.0,40899.0,988.0
2026-05-13 00:20:00,1778602800,40896.0,40922.0,40845.0,40877.0,1218.0
2026-05-13 00:25:00,1778603100,40875.0,40876.0,40817.0,40839.0,982.0
2026-05-13 00:30:00,1778603400,40831.0,40847.0,40794.0,40804.0,1211.0
2026-05-13 00:35:00,1778603700,40802.0,40864.0,40801.0,40821.0,1048.0
2026-05-13 00:40:00,1778604000,40820.0,40832.0,40756.0,40800.0,2049.0
2026-05-13 00:45:00,1778604300,40799.0,40820.0,40752.0,40779.0,958.0
2026-05-13 00:50:00,1778604600,40777.0,40796.0,40738.0,40757.0,1036.0
2026-05-13 00:55:00,1778604900,40756.0,40779.0,40738.0,40753.0,617.0
2026-05-13 01:00:00,1778605200,40756.0,40842.0,40756.0,40831.0,1401.0
2026-05-13 01:05:00,1778605500,40831.0,40886.0,40830.0,40835.0,1234.0
2026-05-13 01:10:00,1778605800,40834.0,40926.0,40827.0,40906.0,1134.0
2026-05-13 01:15:00,1778606100,40908.0,40966.0,40904.0,40934.0,1400.0
2026-05-13 01:20:00,1778606400,40938.0,40963.0,40885.0,40894.0,1344.0
2026-05-13 01:25:00,1778606700,40897.0,40902.0,40821.0,40847.0,1068.0
2026-05-13 01:30:00,1778607000,40846.0,40896.0,40833.0,40885.0,599.0
2026-05-13 01:35:00,1778607300,40885.0,40890.0,40831.0,40869.0,503.0
2026-05-13 01:40:00,1778607600,40870.0,40894.0,40868.0,40871.0,276.0
2026-05-13 01:45:00,1778607900,40873.0,40898.0,40858.0,40885.0,290.0
2026-05-13 01:50:00,1778608200,40888.0,40897.0,40850.0,40897.0,400.0
2026-05-13 01:55:00,1778608500,40898.0,40908.0,40872.0,40906.0,263.0
2026-05-13 02:00:00,1778608800,40905.0,40943.0,40891.0,40925.0,784.0
2026-05-13 02:05:00,1778609100,40928.0,40934.0,40887.0,40906.0,286.0
2026-05-13 02:10:00,1778609400,40912.0,40934.0,40891.0,40931.0,252.0
2026-05-13 02:15:00,1778609700,40932.0,40942.0,40917.0,40928.0,257.0
2026-05-13 02:20:00,1778610000,40927.0,40939.0,40920.0,40928.0,185.0
2026-05-13 02:25:00,1778610300,40935.0,41020.0,40935.0,41002.0,1200.0
2026-05-13 02:30:00,1778610600,41002.0,41020.0,40990.0,41000.0,500.0
2026-05-13 02:35:00,1778610900,40999.0,41035.0,40984.0,41013.0,496.0
2026-05-13 02:40:00,1778611200,41014.0,41049.0,41011.0,41029.0,415.0
2026-05-13 02:45:00,1778611500,41027.0,41029.0,40991.0,41020.0,396.0
2026-05-13 02:50:00,1778611800,41021.0,41040.0,41010.0,41030.0,248.0
2026-05-13 02:55:00,1778612100,41026.0,41080.0,40995.0,41011.0,814.0
2026-05-13 03:00:00,1778612400,41011.0,41042.0,41011.0,41040.0,286.0
2026-05-13 03:05:00,1778612700,41040.0,41068.0,41022.0,41048.0,228.0
2026-05-13 03:10:00,1778613000,41052.0,41118.0,41052.0,41099.0,824.0
2026-05-13 03:15:00,1778613300,41104.0,41121.0,41096.0,41100.0,367.0
2026-05-13 03:20:00,1778613600,41104.0,41107.0,41065.0,41091.0,308.0
2026-05-13 03:25:00,1778613900,41090.0,41108.0,41088.0,41096.0,186.0
2026-05-13 03:30:00,1778614200,41098.0,41158.0,41095.0,41149.0,680.0
2026-05-13 03:35:00,1778614500,41148.0,41157.0,41132.0,41141.0,246.0
2026-05-13 03:40:00,1778614800,41142.0,41166.0,41137.0,41159.0,310.0
2026-05-13 03:45:00,1778615100,41160.0,41163.0,41128.0,41148.0,362.0
2026-05-13 03:50:00,1778615400,41151.0,41184.0,41149.0,41155.0,441.0
2026-05-13 03:55:00,1778615700,41155.0,41171.0,41145.0,41169.0,295.0
2026-05-13 04:00:00,1778616000,41164.0,41169.0,41117.0,41121.0,576.0
2026-05-13 04:05:00,1778616300,41121.0,41123.0,41067.0,41096.0,467.0
2026-05-13 04:10:00,1778616600,41096.0,41132.0,41093.0,41126.0,241.0
2026-05-13 04:15:00,1778616900,41128.0,41146.0,41125.0,41132.0,169.0
2026-05-13 04:20:00,1778617200,41134.0,41136.0,41108.0,41126.0,145.0
2026-05-13 04:25:00,1778617500,41124.0,41127.0,41108.0,41127.0,142.0
2026-05-13 04:30:00,1778617800,41125.0,41127.0,41116.0,41122.0,91.0
2026-05-13 04:35:00,1778618100,41121.0,41163.0,41120.0,41155.0,223.0
2026-05-13 04:40:00,1778618400,41156.0,41164.0,41152.0,41160.0,152.0
2026-05-13 04:45:00,1778618700,41160.0,41172.0,41143.0,41145.0,302.0
2026-05-13 04:50:00,1778619000,41144.0,41160.0,41144.0,41152.0,150.0
2026-05-13 04:55:00,1778619300,41151.0,41154.0,41134.0,41136.0,208.0
2026-05-13 08:45:00,1778633100,41213.0,41268.0,41036.0,41057.0,7135.0
2026-05-13 08:50:00,1778633400,41057.0,41163.0,40980.0,41161.0,4365.0
2026-05-13 08:55:00,1778633700,41163.0,41245.0,41139.0,41216.0,4132.0
2026-05-13 09:00:00,1778634000,41217.0,41325.0,41164.0,41322.0,7162.0
2026-05-13 09:05:00,1778634300,41319.0,41345.0,41216.0,41315.0,4820.0
2026-05-13 09:10:00,1778634600,41312.0,41374.0,41290.0,41326.0,3936.0
2026-05-13 09:15:00,1778634900,41327.0,41343.0,41197.0,41259.0,4890.0
2026-05-13 09:20:00,1778635200,41255.0,41284.0,41155.0,41171.0,3533.0
2026-05-13 09:25:00,1778635500,41170.0,41340.0,41141.0,41340.0,5040.0
2026-05-13 09:30:00,1778635800,41337.0,41441.0,41332.0,41417.0,5489.0
2026-05-13 09:35:00,1778636100,41417.0,41449.0,41356.0,41382.0,3217.0
2026-05-13 09:40:00,1778636400,41382.0,41428.0,41314.0,41356.0,3391.0
2026-05-13 09:45:00,1778636700,41354.0,41495.0,41344.0,41488.0,3821.0
2026-05-13 09:50:00,1778637000,41490.0,41539.0,41431.0,41446.0,4348.0
2026-05-13 09:55:00,1778637300,41441.0,41478.0,41355.0,41473.0,3366.0
2026-05-13 10:00:00,1778637600,41471.0,41516.0,41432.0,41438.0,2661.0
2026-05-13 10:05:00,1778637900,41432.0,41432.0,41328.0,41335.0,2787.0
2026-05-13 10:10:00,1778638200,41334.0,41344.0,41268.0,41300.0,3428.0
2026-05-13 10:15:00,1778638500,41300.0,41355.0,41275.0,41313.0,2086.0
2026-05-13 10:20:00,1778638800,41315.0,41345.0,41256.0,41308.0,1980.0
2026-05-13 10:25:00,1778639100,41311.0,41393.0,41291.0,41389.0,2062.0
2026-05-13 10:30:00,1778639400,41390.0,41412.0,41360.0,41378.0,1799.0
2026-05-13 10:35:00,1778639700,41382.0,41392.0,41303.0,41308.0,1631.0
2026-05-13 10:40:00,1778640000,41304.0,41306.0,41195.0,41215.0,3383.0
2026-05-13 10:45:00,1778640300,41220.0,41257.0,41188.0,41222.0,2599.0
2026-05-13 10:50:00,1778640600,41225.0,41243.0,41179.0,41215.0,1663.0
2026-05-13 10:55:00,1778640900,41216.0,41270.0,41195.0,41195.0,1799.0
2026-05-13 11:00:00,1778641200,41195.0,41230.0,41170.0,41185.0,1526.0
2026-05-13 11:05:00,1778641500,41189.0,41203.0,41166.0,41198.0,1170.0
2026-05-13 11:10:00,1778641800,41197.0,41236.0,41170.0,41223.0,1349.0
2026-05-13 11:15:00,1778642100,41225.0,41332.0,41216.0,41315.0,2745.0
2026-05-13 11:20:00,1778642400,41312.0,41355.0,41310.0,41345.0,1362.0
2026-05-13 11:25:00,1778642700,41346.0,41400.0,41336.0,41388.0,1590.0
2026-05-13 11:30:00,1778643000,41385.0,41445.0,41371.0,41443.0,1941.0
2026-05-13 11:35:00,1778643300,41443.0,41494.0,41436.0,41481.0,2081.0
2026-05-13 11:40:00,1778643600,41483.0,41556.0,41470.0,41552.0,3738.0
2026-05-13 11:45:00,1778643900,41554.0,41562.0,41467.0,41475.0,2870.0
2026-05-13 11:50:00,1778644200,41477.0,41489.0,41438.0,41440.0,1472.0
2026-05-13 11:55:00,1778644500,41443.0,41463.0,41406.0,41416.0,1710.0
2026-05-13 12:00:00,1778644800,41413.0,41454.0,41396.0,41426.0,1420.0
2026-05-13 12:05:00,1778645100,41426.0,41454.0,41406.0,41444.0,784.0
2026-05-13 12:10:00,1778645400,41445.0,41460.0,41414.0,41425.0,696.0
2026-05-13 12:15:00,1778645700,41428.0,41444.0,41358.0,41377.0,1388.0
2026-05-13 12:20:00,1778646000,41375.0,41406.0,41373.0,41393.0,820.0
2026-05-13 12:25:00,1778646300,41394.0,41444.0,41393.0,41432.0,934.0
2026-05-13 12:30:00,1778646600,41430.0,41477.0,41428.0,41430.0,1212.0
2026-05-13 12:35:00,1778646900,41431.0,41434.0,41387.0,41405.0,970.0
2026-05-13 12:40:00,1778647200,41408.0,41419.0,41376.0,41390.0,662.0
2026-05-13 12:45:00,1778647500,41390.0,41432.0,41387.0,41429.0,769.0
2026-05-13 12:50:00,1778647800,41426.0,41458.0,41403.0,41457.0,880.0
2026-05-13 12:55:00,1778648100,41455.0,41473.0,41434.0,41445.0,1057.0
2026-05-13 13:00:00,1778648400,41445.0,41507.0,41381.0,41507.0,2047.0
2026-05-13 13:05:00,1778648700,41507.0,41545.0,41501.0,41506.0,1917.0
2026-05-13 13:10:00,1778649000,41506.0,41582.0,41497.0,41578.0,2418.0
2026-05-13 13:15:00,1778649300,41576.0,41604.0,41563.0,41575.0,2018.0
2026-05-13 13:20:00,1778649600,41572.0,41595.0,41560.0,41578.0,1338.0
2026-05-13 13:25:00,1778649900,41579.0,41583.0,41459.0,41472.0,3832.0
2026-05-13 13:30:00,1778650200,41473.0,41491.0,41421.0,41463.0,2650.0
2026-05-13 13:35:00,1778650500,41465.0,41517.0,41454.0,41510.0,938.0
2026-05-13 13:40:00,1778650800,41507.0,41520.0,41433.0,41483.0,1544.0
2026-05-13 15:00:00,1778655600,41510.0,41514.0,41460.0,41503.0,1625.0
2026-05-13 15:05:00,1778655900,41505.0,41506.0,41433.0,41439.0,904.0
2026-05-13 15:10:00,1778656200,41437.0,41437.0,41378.0,41424.0,1496.0
2026-05-13 15:15:00,1778656500,41422.0,41440.0,41394.0,41408.0,680.0
2026-05-13 15:20:00,1778656800,41408.0,41429.0,41408.0,41415.0,301.0
2026-05-13 15:25:00,1778657100,41417.0,41433.0,41404.0,41424.0,392.0
2026-05-13 15:30:00,1778657400,41422.0,41445.0,41419.0,41436.0,451.0
2026-05-13 15:35:00,1778657700,41435.0,41457.0,41431.0,41440.0,505.0
2026-05-13 15:40:00,1778658000,41440.0,41504.0,41440.0,41490.0,866.0
2026-05-13 15:45:00,1778658300,41490.0,41506.0,41473.0,41480.0,535.0
2026-05-13 15:50:00,1778658600,41481.0,41524.0,41480.0,41505.0,718.0
2026-05-13 15:55:00,1778658900,41508.0,41533.0,41498.0,41532.0,725.0
2026-05-13 16:00:00,1778659200,41530.0,41566.0,41527.0,41539.0,1276.0
2026-05-13 16:05:00,1778659500,41542.0,41630.0,41539.0,41623.0,1652.0
2026-05-13 16:10:00,1778659800,41619.0,41650.0,41608.0,41620.0,1495.0
2026-05-13 16:15:00,1778660100,41620.0,41642.0,41603.0,41613.0,923.0
2026-05-13 16:20:00,1778660400,41610.0,41627.0,41605.0,41608.0,427.0
2026-05-13 16:25:00,1778660700,41609.0,41613.0,41583.0,41590.0,792.0
2026-05-13 16:30:00,1778661000,41590.0,41595.0,41565.0,41581.0,649.0
2026-05-13 16:35:00,1778661300,41583.0,41596.0,41570.0,41590.0,403.0
2026-05-13 16:40:00,1778661600,41590.0,41602.0,41571.0,41572.0,468.0
2026-05-13 16:45:00,1778661900,41571.0,41584.0,41523.0,41544.0,1004.0
2026-05-13 16:50:00,1778662200,41543.0,41545.0,41482.0,41505.0,1398.0
2026-05-13 16:55:00,1778662500,41505.0,41520.0,41495.0,41512.0,602.0
2026-05-13 17:00:00,1778662800,41509.0,41545.0,41507.0,41536.0,672.0
2026-05-13 17:05:00,1778663100,41536.0,41538.0,41471.0,41477.0,981.0
2026-05-13 17:10:00,1778663400,41476.0,41488.0,41450.0,41477.0,867.0
2026-05-13 17:15:00,1778663700,41476.0,41508.0,41452.0,41459.0,824.0
2026-05-13 17:20:00,1778664000,41459.0,41470.0,41432.0,41458.0,998.0
2026-05-13 17:25:00,1778664300,41459.0,41485.0,41448.0,41455.0,610.0
2026-05-13 17:30:00,1778664600,41454.0,41475.0,41422.0,41459.0,902.0
2026-05-13 17:35:00,1778664900,41459.0,41485.0,41453.0,41481.0,581.0
2026-05-13 17:40:00,1778665200,41480.0,41489.0,41462.0,41485.0,388.0
2026-05-13 17:45:00,1778665500,41482.0,41492.0,41462.0,41480.0,395.0
2026-05-13 17:50:00,1778665800,41480.0,41514.0,41466.0,41512.0,390.0
2026-05-13 17:55:00,1778666100,41508.0,41521.0,41502.0,41513.0,562.0
2026-05-13 18:00:00,1778666400,41511.0,41530.0,41502.0,41524.0,314.0
2026-05-13 18:05:00,1778666700,41520.0,41555.0,41517.0,41555.0,594.0
2026-05-13 18:10:00,1778667000,41555.0,41562.0,41484.0,41497.0,959.0
2026-05-13 18:15:00,1778667300,41497.0,41499.0,41476.0,41482.0,538.0
2026-05-13 18:20:00,1778667600,41483.0,41497.0,41457.0,41463.0,531.0
2026-05-13 18:25:00,1778667900,41462.0,41464.0,41431.0,41461.0,697.0
2026-05-13 18:30:00,1778668200,41461.0,41486.0,41452.0,41463.0,430.0
2026-05-13 18:35:00,1778668500,41463.0,41487.0,41455.0,41484.0,349.0
2026-05-13 18:40:00,1778668800,41483.0,41506.0,41480.0,41503.0,405.0
2026-05-13 18:45:00,1778669100,41502.0,41514.0,41494.0,41505.0,323.0
2026-05-13 18:50:00,1778669400,41505.0,41514.0,41497.0,41505.0,215.0
2026-05-13 18:55:00,1778669700,41507.0,41524.0,41484.0,41492.0,397.0
2026-05-13 19:00:00,1778670000,41489.0,41495.0,41459.0,41461.0,436.0
2026-05-13 19:05:00,1778670300,41460.0,41472.0,41445.0,41470.0,518.0
2026-05-13 19:10:00,1778670600,41470.0,41479.0,41446.0,41474.0,349.0
2026-05-13 19:15:00,1778670900,41472.0,41484.0,41463.0,41465.0,227.0
2026-05-13 19:20:00,1778671200,41466.0,41466.0,41427.0,41436.0,487.0
2026-05-13 19:25:00,1778671500,41437.0,41445.0,41405.0,41445.0,979.0
2026-05-13 19:30:00,1778671800,41445.0,41498.0,41435.0,41474.0,763.0
2026-05-13 19:35:00,1778672100,41476.0,41490.0,41467.0,41473.0,290.0
2026-05-13 19:40:00,1778672400,41475.0,41498.0,41470.0,41495.0,277.0
2026-05-13 19:45:00,1778672700,41495.0,41512.0,41490.0,41499.0,476.0
2026-05-13 19:50:00,1778673000,41494.0,41500.0,41469.0,41497.0,463.0
2026-05-13 19:55:00,1778673300,41496.0,41517.0,41484.0,41504.0,481.0
2026-05-13 20:00:00,1778673600,41501.0,41544.0,41495.0,41541.0,702.0
2026-05-13 20:05:00,1778673900,41540.0,41542.0,41520.0,41529.0,531.0
2026-05-13 20:10:00,1778674200,41528.0,41551.0,41511.0,41542.0,501.0
2026-05-13 20:15:00,1778674500,41538.0,41550.0,41504.0,41507.0,491.0
2026-05-13 20:20:00,1778674800,41506.0,41506.0,41461.0,41484.0,912.0
2026-05-13 20:25:00,1778675100,41486.0,41512.0,41483.0,41496.0,360.0
2026-05-13 20:30:00,1778675400,41496.0,41496.0,41306.0,41358.0,5035.0
2026-05-13 20:35:00,1778675700,41362.0,41380.0,41226.0,41257.0,3403.0
2026-05-13 20:40:00,1778676000,41259.0,41297.0,41208.0,41295.0,2498.0
2026-05-13 20:45:00,1778676300,41296.0,41326.0,41281.0,41286.0,1506.0
2026-05-13 20:50:00,1778676600,41289.0,41312.0,41254.0,41259.0,1150.0
2026-05-13 20:55:00,1778676900,41254.0,41323.0,41246.0,41293.0,1271.0
2026-05-13 21:00:00,1778677200,41295.0,41372.0,41291.0,41371.0,1618.0
2026-05-13 21:05:00,1778677500,41372.0,41386.0,41354.0,41368.0,1148.0
2026-05-13 21:10:00,1778677800,41367.0,41403.0,41360.0,41398.0,928.0
2026-05-13 21:15:00,1778678100,41399.0,41404.0,41380.0,41392.0,506.0
2026-05-13 21:20:00,1778678400,41391.0,41420.0,41391.0,41420.0,714.0
2026-05-13 21:25:00,1778678700,41420.0,41434.0,41401.0,41416.0,870.0
2026-05-13 21:30:00,1778679000,41416.0,41444.0,41348.0,41412.0,3428.0
2026-05-13 21:35:00,1778679300,41410.0,41430.0,41298.0,41355.0,3340.0
2026-05-13 21:40:00,1778679600,41358.0,41492.0,41339.0,41439.0,3819.0
2026-05-13 21:45:00,1778679900,41437.0,41441.0,41266.0,41347.0,4492.0
2026-05-13 21:50:00,1778680200,41345.0,41484.0,41291.0,41470.0,3323.0
2026-05-13 21:55:00,1778680500,41472.0,41511.0,41412.0,41458.0,3420.0
2026-05-13 22:00:00,1778680800,41458.0,41481.0,41430.0,41454.0,1693.0
2026-05-13 22:05:00,1778681100,41452.0,41483.0,41401.0,41452.0,2068.0
2026-05-13 22:10:00,1778681400,41447.0,41488.0,41418.0,41459.0,1835.0
2026-05-13 22:15:00,1778681700,41458.0,41508.0,41431.0,41453.0,2319.0
2026-05-13 22:20:00,1778682000,41455.0,41615.0,41450.0,41577.0,3899.0
2026-05-13 22:25:00,1778682300,41578.0,41617.0,41541.0,41556.0,2187.0
2026-05-13 22:30:00,1778682600,41552.0,41609.0,41546.0,41608.0,1816.0
2026-05-13 22:35:00,1778682900,41608.0,41620.0,41524.0,41561.0,2030.0
2026-05-13 22:40:00,1778683200,41559.0,41595.0,41548.0,41568.0,1011.0
2026-05-13 22:45:00,1778683500,41567.0,41582.0,41511.0,41534.0,1314.0
2026-05-13 22:50:00,1778683800,41535.0,41601.0,41529.0,41592.0,1244.0
2026-05-13 22:55:00,1778684100,41592.0,41601.0,41555.0,41563.0,876.0
2026-05-13 23:00:00,1778684400,41564.0,41584.0,41543.0,41543.0,696.0
2026-05-13 23:05:00,1778684700,41545.0,41551.0,41516.0,41550.0,917.0
2026-05-13 23:10:00,1778685000,41551.0,41554.0,41480.0,41506.0,1416.0
2026-05-13 23:15:00,1778685300,41507.0,41537.0,41479.0,41502.0,1007.0
2026-05-13 23:20:00,1778685600,41502.0,41533.0,41490.0,41523.0,710.0
2026-05-13 23:25:00,1778685900,41523.0,41529.0,41481.0,41521.0,829.0
2026-05-13 23:30:00,1778686200,41520.0,41545.0,41479.0,41542.0,1006.0
2026-05-13 23:35:00,1778686500,41539.0,41584.0,41529.0,41571.0,1137.0
2026-05-13 23:40:00,1778686800,41572.0,41640.0,41572.0,41623.0,1994.0
2026-05-13 23:45:00,1778687100,41623.0,41624.0,41586.0,41588.0,1008.0
2026-05-13 23:50:00,1778687400,41586.0,41589.0,41545.0,41561.0,1078.0
2026-05-13 23:55:00,1778687700,41560.0,41561.0,41497.0,41528.0,1305.0
2026-05-14 00:00:00,1778688000,41527.0,41614.0,41525.0,41602.0,1515.0
2026-05-14 00:05:00,1778688300,41602.0,41608.0,41577.0,41599.0,734.0
2026-05-14 00:10:00,1778688600,41601.0,41622.0,41590.0,41616.0,644.0
2026-05-14 00:15:00,1778688900,41619.0,41627.0,41585.0,41598.0,616.0
2026-05-14 00:20:00,1778689200,41600.0,41708.0,41587.0,41665.0,2920.0
2026-05-14 00:25:00,1778689500,41664.0,41698.0,41650.0,41698.0,1545.0
2026-05-14 00:30:00,1778689800,41698.0,41722.0,41654.0,41685.0,1427.0
2026-05-14 00:35:00,1778690100,41688.0,41711.0,41679.0,41686.0,597.0
2026-05-14 00:40:00,1778690400,41685.0,41706.0,41683.0,41690.0,321.0
2026-05-14 00:45:00,1778690700,41690.0,41699.0,41663.0,41670.0,577.0
2026-05-14 00:50:00,1778691000,41671.0,41705.0,41668.0,41703.0,401.0
2026-05-14 00:55:00,1778691300,41702.0,41728.0,41696.0,41705.0,869.0
2026-05-14 01:00:00,1778691600,41708.0,41753.0,41708.0,41747.0,1187.0
2026-05-14 01:05:00,1778691900,41747.0,41781.0,41747.0,41769.0,887.0
2026-05-14 01:10:00,1778692200,41769.0,41793.0,41763.0,41781.0,561.0
2026-05-14 01:15:00,1778692500,41773.0,41804.0,41767.0,41794.0,838.0
2026-05-14 01:20:00,1778692800,41796.0,41812.0,41786.0,41789.0,542.0
2026-05-14 01:25:00,1778693100,41790.0,41828.0,41788.0,41823.0,507.0
2026-05-14 01:30:00,1778693400,41824.0,41838.0,41794.0,41797.0,690.0
2026-05-14 01:35:00,1778693700,41796.0,41802.0,41779.0,41783.0,355.0
2026-05-14 01:40:00,1778694000,41782.0,41806.0,41781.0,41798.0,212.0
2026-05-14 01:45:00,1778694300,41798.0,41803.0,41768.0,41773.0,351.0
2026-05-14 01:50:00,1778694600,41772.0,41786.0,41768.0,41771.0,219.0
2026-05-14 01:55:00,1778694900,41770.0,41776.0,41714.0,41716.0,742.0
2026-05-14 02:00:00,1778695200,41720.0,41765.0,41706.0,41754.0,714.0
2026-05-14 02:05:00,1778695500,41755.0,41787.0,41751.0,41779.0,367.0
2026-05-14 02:10:00,1778695800,41781.0,41799.0,41779.0,41799.0,237.0
2026-05-14 02:15:00,1778696100,41798.0,41822.0,41791.0,41794.0,324.0
2026-05-14 02:20:00,1778696400,41799.0,41828.0,41795.0,41795.0,212.0
2026-05-14 02:25:00,1778696700,41800.0,41809.0,41789.0,41792.0,158.0
2026-05-14 02:30:00,1778697000,41790.0,41797.0,41770.0,41776.0,254.0
2026-05-14 02:35:00,1778697300,41772.0,41774.0,41749.0,41772.0,232.0
2026-05-14 02:40:00,1778697600,41769.0,41778.0,41741.0,41744.0,177.0
2026-05-14 02:45:00,1778697900,41743.0,41751.0,41718.0,41733.0,274.0
2026-05-14 02:50:00,1778698200,41733.0,41754.0,41722.0,41751.0,457.0
2026-05-14 02:55:00,1778698500,41751.0,41760.0,41710.0,41715.0,241.0
2026-05-14 03:00:00,1778698800,41715.0,41755.0,41715.0,41745.0,173.0
2026-05-14 03:05:00,1778699100,41749.0,41762.0,41734.0,41755.0,103.0
2026-05-14 03:10:00,1778699400,41760.0,41762.0,41738.0,41754.0,105.0
2026-05-14 03:15:00,1778699700,41755.0,41777.0,41742.0,41769.0,194.0
2026-05-14 03:20:00,1778700000,41767.0,41771.0,41720.0,41723.0,151.0
2026-05-14 03:25:00,1778700300,41720.0,41734.0,41716.0,41727.0,150.0
2026-05-14 03:30:00,1778700600,41728.0,41740.0,41713.0,41722.0,154.0
2026-05-14 03:35:00,1778700900,41719.0,41739.0,41715.0,41739.0,63.0
2026-05-14 03:40:00,1778701200,41738.0,41744.0,41724.0,41744.0,80.0
2026-05-14 03:45:00,1778701500,41740.0,41759.0,41733.0,41740.0,113.0
2026-05-14 03:50:00,1778701800,41738.0,41738.0,41683.0,41703.0,569.0
2026-05-14 03:55:00,1778702100,41706.0,41723.0,41694.0,41708.0,216.0
2026-05-14 04:00:00,1778702400,41707.0,41720.0,41688.0,41706.0,409.0
2026-05-14 04:05:00,1778702700,41707.0,41739.0,41705.0,41735.0,85.0
2026-05-14 04:10:00,1778703000,41734.0,41742.0,41727.0,41737.0,61.0
2026-05-14 04:15:00,1778703300,41733.0,41734.0,41725.0,41726.0,48.0
2026-05-14 04:20:00,1778703600,41728.0,41742.0,41727.0,41741.0,123.0
2026-05-14 04:25:00,1778703900,41741.0,41753.0,41735.0,41738.0,75.0
2026-05-14 04:30:00,1778704200,41736.0,41754.0,41736.0,41753.0,58.0
2026-05-14 04:35:00,1778704500,41754.0,41764.0,41750.0,41759.0,83.0
2026-05-14 04:40:00,1778704800,41762.0,41771.0,41748.0,41756.0,96.0
2026-05-14 04:45:00,1778705100,41755.0,41764.0,41746.0,41760.0,91.0
2026-05-14 04:50:00,1778705400,41757.0,41763.0,41753.0,41759.0,69.0
2026-05-14 04:55:00,1778705700,41759.0,41761.0,41745.0,41755.0,228.0
2026-05-14 08:45:00,1778719500,41930.0,41963.0,41870.0,41920.0,5595.0
2026-05-14 08:50:00,1778719800,41919.0,41977.0,41916.0,41967.0,2620.0
2026-05-14 08:55:00,1778720100,41965.0,41997.0,41951.0,41997.0,2268.0
2026-05-14 09:00:00,1778720400,41996.0,42176.0,41993.0,42169.0,7901.0
2026-05-14 09:05:00,1778720700,42170.0,42239.0,42131.0,42193.0,5655.0
2026-05-14 09:10:00,1778721000,42189.0,42214.0,42113.0,42128.0,3176.0
2026-05-14 09:15:00,1778721300,42128.0,42131.0,41824.0,41915.0,10307.0
2026-05-14 09:20:00,1778721600,41913.0,41944.0,41862.0,41927.0,3830.0
2026-05-14 09:25:00,1778721900,41923.0,41974.0,41906.0,41962.0,2867.0
2026-05-14 09:30:00,1778722200,41961.0,41987.0,41866.0,41894.0,2766.0
2026-05-14 09:35:00,1778722500,41896.0,41918.0,41810.0,41871.0,3674.0
2026-05-14 09:40:00,1778722800,41872.0,41903.0,41760.0,41788.0,3893.0
2026-05-14 09:45:00,1778723100,41788.0,41795.0,41650.0,41782.0,7477.0
2026-05-14 09:50:00,1778723400,41780.0,41847.0,41704.0,41775.0,3916.0
2026-05-14 09:55:00,1778723700,41775.0,41787.0,41660.0,41700.0,2678.0
2026-05-14 10:00:00,1778724000,41696.0,41765.0,41612.0,41759.0,4520.0
2026-05-14 10:05:00,1778724300,41760.0,41806.0,41737.0,41795.0,2574.0
2026-05-14 10:10:00,1778724600,41793.0,41808.0,41726.0,41759.0,1511.0
2026-05-14 10:15:00,1778724900,41763.0,41842.0,41742.0,41773.0,2532.0
2026-05-14 10:20:00,1778725200,41775.0,41871.0,41765.0,41828.0,2241.0
2026-05-14 10:25:00,1778725500,41830.0,41855.0,41730.0,41738.0,2016.0
2026-05-14 10:30:00,1778725800,41732.0,41833.0,41722.0,41797.0,1644.0
2026-05-14 10:35:00,1778726100,41799.0,41813.0,41726.0,41732.0,1196.0
2026-05-14 10:40:00,1778726400,41735.0,41757.0,41655.0,41702.0,2087.0
2026-05-14 10:45:00,1778726700,41700.0,41718.0,41595.0,41611.0,3298.0
2026-05-14 10:50:00,1778727000,41611.0,41668.0,41540.0,41616.0,3948.0
2026-05-14 10:55:00,1778727300,41614.0,41622.0,41578.0,41598.0,1862.0
2026-05-14 11:00:00,1778727600,41599.0,41647.0,41558.0,41634.0,1937.0
2026-05-14 11:05:00,1778727900,41632.0,41636.0,41559.0,41633.0,1759.0
2026-05-14 11:10:00,1778728200,41631.0,41677.0,41612.0,41672.0,1783.0
2026-05-14 11:15:00,1778728500,41671.0,41673.0,41549.0,41567.0,2922.0
2026-05-14 11:20:00,1778728800,41562.0,41623.0,41527.0,41611.0,2100.0
2026-05-14 11:25:00,1778729100,41614.0,41719.0,41614.0,41670.0,2384.0
2026-05-14 11:30:00,1778729400,41674.0,41678.0,41571.0,41607.0,1724.0
2026-05-14 11:35:00,1778729700,41605.0,41660.0,41567.0,41629.0,1414.0
2026-05-14 11:40:00,1778730000,41631.0,41660.0,41619.0,41655.0,540.0
2026-05-14 11:45:00,1778730300,41655.0,41693.0,41623.0,41654.0,1426.0
2026-05-14 11:50:00,1778730600,41652.0,41683.0,41643.0,41682.0,683.0
2026-05-14 11:55:00,1778730900,41683.0,41684.0,41642.0,41659.0,589.0
2026-05-14 12:00:00,1778731200,41660.0,41671.0,41555.0,41580.0,1961.0
2026-05-14 12:05:00,1778731500,41582.0,41693.0,41580.0,41684.0,1335.0
2026-05-14 12:10:00,1778731800,41683.0,41740.0,41677.0,41736.0,1775.0
2026-05-14 12:15:00,1778732100,41735.0,41745.0,41699.0,41725.0,929.0
2026-05-14 12:20:00,1778732400,41724.0,41770.0,41718.0,41770.0,1140.0
2026-05-14 12:25:00,1778732700,41768.0,41795.0,41746.0,41786.0,1133.0
2026-05-14 12:30:00,1778733000,41787.0,41827.0,41782.0,41818.0,1743.0
2026-05-14 12:35:00,1778733300,41818.0,41847.0,41797.0,41825.0,1702.0
2026-05-14 12:40:00,1778733600,41825.0,41834.0,41788.0,41818.0,1007.0
2026-05-14 12:45:00,1778733900,41816.0,41840.0,41800.0,41831.0,860.0
2026-05-14 12:50:00,1778734200,41830.0,41838.0,41765.0,41794.0,1222.0
2026-05-14 12:55:00,1778734500,41796.0,41803.0,41738.0,41748.0,1347.0
2026-05-14 13:00:00,1778734800,41750.0,41752.0,41688.0,41727.0,1844.0
2026-05-14 13:05:00,1778735100,41728.0,41732.0,41627.0,41640.0,2112.0
2026-05-14 13:10:00,1778735400,41643.0,41658.0,41607.0,41614.0,1359.0
2026-05-14 13:15:00,1778735700,41612.0,41615.0,41496.0,41547.0,4169.0
2026-05-14 13:20:00,1778736000,41546.0,41632.0,41544.0,41597.0,2298.0
2026-05-14 13:25:00,1778736300,41596.0,41711.0,41576.0,41710.0,2502.0
2026-05-14 13:30:00,1778736600,41712.0,41767.0,41689.0,41704.0,2494.0
2026-05-14 13:35:00,1778736900,41700.0,41709.0,41655.0,41668.0,1227.0
2026-05-14 13:40:00,1778737200,41670.0,41704.0,41620.0,41620.0,1799.0
2026-05-14 13:45:00,1778737500,41620.0,41620.0,41620.0,41620.0,1.0
2026-05-14 15:00:00,1778742000,41768.0,41814.0,41727.0,41787.0,2823.0
2026-05-14 15:05:00,1778742300,41788.0,41797.0,41755.0,41762.0,1020.0
2026-05-14 15:10:00,1778742600,41762.0,41777.0,41740.0,41768.0,676.0
2026-05-14 15:15:00,1778742900,41768.0,41833.0,41760.0,41802.0,1386.0
2026-05-14 15:20:00,1778743200,41803.0,41815.0,41774.0,41785.0,521.0
2026-05-14 15:25:00,1778743500,41786.0,41824.0,41772.0,41816.0,606.0
2026-05-14 15:30:00,1778743800,41817.0,41877.0,41808.0,41868.0,1696.0
2026-05-14 15:35:00,1778744100,41868.0,41912.0,41868.0,41900.0,1459.0
2026-05-14 15:40:00,1778744400,41900.0,41908.0,41861.0,41864.0,775.0
2026-05-14 15:45:00,1778744700,41865.0,41889.0,41848.0,41848.0,647.0
2026-05-14 15:50:00,1778745000,41847.0,41881.0,41835.0,41837.0,700.0
2026-05-14 15:55:00,1778745300,41840.0,41848.0,41765.0,41782.0,1307.0
2026-05-14 16:00:00,1778745600,41778.0,41793.0,41759.0,41765.0,1007.0
2026-05-14 16:05:00,1778745900,41763.0,41814.0,41756.0,41795.0,920.0
2026-05-14 16:10:00,1778746200,41797.0,41848.0,41788.0,41848.0,657.0
2026-05-14 16:15:00,1778746500,41848.0,41874.0,41848.0,41852.0,796.0
2026-05-14 16:20:00,1778746800,41853.0,41884.0,41849.0,41854.0,569.0
2026-05-14 16:25:00,1778747100,41853.0,41893.0,41850.0,41884.0,506.0
2026-05-14 16:30:00,1778747400,41887.0,41919.0,41885.0,41892.0,1318.0
2026-05-14 16:35:00,1778747700,41892.0,41906.0,41868.0,41870.0,520.0
2026-05-14 16:40:00,1778748000,41869.0,41874.0,41840.0,41841.0,691.0
2026-05-14 16:45:00,1778748300,41841.0,41862.0,41825.0,41841.0,613.0
2026-05-14 16:50:00,1778748600,41843.0,41877.0,41833.0,41869.0,445.0
2026-05-14 16:55:00,1778748900,41868.0,41892.0,41868.0,41889.0,350.0
2026-05-14 17:00:00,1778749200,41890.0,41904.0,41869.0,41869.0,609.0
2026-05-14 17:05:00,1778749500,41868.0,41885.0,41858.0,41880.0,383.0
2026-05-14 17:10:00,1778749800,41880.0,41897.0,41831.0,41842.0,693.0
2026-05-14 17:15:00,1778750100,41843.0,41848.0,41828.0,41838.0,332.0
2026-05-14 17:20:00,1778750400,41839.0,41844.0,41825.0,41836.0,293.0
2026-05-14 17:25:00,1778750700,41833.0,41837.0,41792.0,41803.0,723.0
2026-05-14 17:30:00,1778751000,41805.0,41836.0,41792.0,41817.0,450.0
2026-05-14 17:35:00,1778751300,41815.0,41816.0,41715.0,41744.0,2076.0
2026-05-14 17:40:00,1778751600,41743.0,41779.0,41732.0,41765.0,726.0
2026-05-14 17:45:00,1778751900,41765.0,41834.0,41764.0,41833.0,766.0
2026-05-14 17:50:00,1778752200,41833.0,41843.0,41817.0,41834.0,611.0
2026-05-14 17:55:00,1778752500,41837.0,41854.0,41828.0,41835.0,461.0
2026-05-14 18:00:00,1778752800,41833.0,41871.0,41832.0,41868.0,520.0
2026-05-14 18:05:00,1778753100,41868.0,41872.0,41844.0,41852.0,344.0
2026-05-14 18:10:00,1778753400,41854.0,41956.0,41837.0,41888.0,2675.0
2026-05-14 18:15:00,1778753700,41888.0,41930.0,41887.0,41921.0,852.0
2026-05-14 18:20:00,1778754000,41921.0,41923.0,41863.0,41869.0,726.0
2026-05-14 18:25:00,1778754300,41869.0,41908.0,41865.0,41876.0,476.0
2026-05-14 18:30:00,1778754600,41876.0,41893.0,41855.0,41868.0,486.0
2026-05-14 18:35:00,1778754900,41871.0,41893.0,41867.0,41870.0,206.0
2026-05-14 18:40:00,1778755200,41870.0,41875.0,41846.0,41861.0,406.0
2026-05-14 18:45:00,1778755500,41863.0,41887.0,41853.0,41887.0,281.0
2026-05-14 18:50:00,1778755800,41886.0,41926.0,41871.0,41917.0,694.0
2026-05-14 18:55:00,1778756100,41920.0,41923.0,41888.0,41896.0,353.0
2026-05-14 19:00:00,1778756400,41896.0,41911.0,41879.0,41890.0,365.0
2026-05-14 19:05:00,1778756700,41890.0,41910.0,41870.0,41910.0,358.0
2026-05-14 19:10:00,1778757000,41908.0,41915.0,41896.0,41898.0,347.0
2026-05-14 19:15:00,1778757300,41898.0,41909.0,41894.0,41896.0,146.0
2026-05-14 19:20:00,1778757600,41896.0,41911.0,41866.0,41869.0,385.0
2026-05-14 19:25:00,1778757900,41874.0,41884.0,41854.0,41877.0,465.0
2026-05-14 19:30:00,1778758200,41877.0,41889.0,41873.0,41875.0,226.0
2026-05-14 19:35:00,1778758500,41875.0,41894.0,41875.0,41888.0,157.0
2026-05-14 19:40:00,1778758800,41885.0,41898.0,41882.0,41890.0,227.0
2026-05-14 19:45:00,1778759100,41892.0,41917.0,41888.0,41913.0,350.0
2026-05-14 19:50:00,1778759400,41913.0,41937.0,41910.0,41932.0,563.0
2026-05-14 19:55:00,1778759700,41930.0,41942.0,41905.0,41907.0,569.0
2026-05-14 20:00:00,1778760000,41907.0,41966.0,41902.0,41958.0,1102.0
2026-05-14 20:05:00,1778760300,41958.0,41960.0,41936.0,41943.0,581.0
2026-05-14 20:10:00,1778760600,41943.0,41950.0,41929.0,41942.0,339.0
2026-05-14 20:15:00,1778760900,41941.0,41964.0,41931.0,41934.0,466.0
2026-05-14 20:20:00,1778761200,41935.0,41949.0,41924.0,41930.0,330.0
2026-05-14 20:25:00,1778761500,41930.0,41933.0,41913.0,41917.0,351.0
2026-05-14 20:30:00,1778761800,41917.0,41920.0,41871.0,41895.0,1092.0
2026-05-14 20:35:00,1778762100,41893.0,41901.0,41860.0,41888.0,623.0
2026-05-14 20:40:00,1778762400,41888.0,41901.0,41870.0,41871.0,443.0
2026-05-14 20:45:00,1778762700,41871.0,41896.0,41856.0,41889.0,560.0
2026-05-14 20:50:00,1778763000,41887.0,41891.0,41816.0,41816.0,925.0
2026-05-14 20:55:00,1778763300,41819.0,41850.0,41811.0,41841.0,908.0
2026-05-14 21:00:00,1778763600,41841.0,41860.0,41827.0,41846.0,613.0
2026-05-14 21:05:00,1778763900,41848.0,41849.0,41816.0,41822.0,573.0
2026-05-14 21:10:00,1778764200,41823.0,41848.0,41820.0,41844.0,447.0
2026-05-14 21:15:00,1778764500,41841.0,41856.0,41816.0,41817.0,469.0
2026-05-14 21:20:00,1778764800,41816.0,41838.0,41802.0,41826.0,706.0
2026-05-14 21:25:00,1778765100,41829.0,41829.0,41773.0,41783.0,1163.0
2026-05-14 21:30:00,1778765400,41783.0,41823.0,41735.0,41816.0,3710.0
2026-05-14 21:35:00,1778765700,41815.0,41911.0,41804.0,41909.0,3030.0
2026-05-14 21:40:00,1778766000,41909.0,41988.0,41887.0,41953.0,3921.0
2026-05-14 21:45:00,1778766300,41952.0,42028.0,41920.0,42004.0,3828.0
2026-05-14 21:50:00,1778766600,42005.0,42045.0,41985.0,42009.0,3472.0
2026-05-14 21:55:00,1778766900,42006.0,42043.0,41922.0,41956.0,3014.0
2026-05-14 22:00:00,1778767200,41954.0,42034.0,41934.0,42020.0,2790.0
2026-05-14 22:05:00,1778767500,42023.0,42045.0,41967.0,41981.0,2041.0
2026-05-14 22:10:00,1778767800,41981.0,42086.0,41976.0,42072.0,3373.0
2026-05-14 22:15:00,1778768100,42072.0,42166.0,42069.0,42159.0,3492.0
2026-05-14 22:20:00,1778768400,42159.0,42193.0,42138.0,42138.0,2814.0
2026-05-14 22:25:00,1778768700,42140.0,42164.0,42113.0,42164.0,1825.0
2026-05-14 22:30:00,1778769000,42164.0,42211.0,42162.0,42209.0,2553.0
2026-05-14 22:35:00,1778769300,42211.0,42327.0,42210.0,42319.0,4858.0
2026-05-14 22:40:00,1778769600,42319.0,42322.0,42262.0,42296.0,2302.0
2026-05-14 22:45:00,1778769900,42295.0,42305.0,42266.0,42302.0,1270.0
2026-05-14 22:50:00,1778770200,42300.0,42322.0,42253.0,42277.0,1801.0
2026-05-14 22:55:00,1778770500,42279.0,42289.0,42210.0,42239.0,1841.0
2026-05-14 23:00:00,1778770800,42240.0,42268.0,42212.0,42213.0,1527.0
2026-05-14 23:05:00,1778771100,42212.0,42261.0,42206.0,42258.0,1081.0
2026-05-14 23:10:00,1778771400,42258.0,42260.0,42227.0,42259.0,614.0
2026-05-14 23:15:00,1778771700,42260.0,42278.0,42247.0,42270.0,954.0
2026-05-14 23:20:00,1778772000,42269.0,42288.0,42242.0,42259.0,732.0
2026-05-14 23:25:00,1778772300,42257.0,42285.0,42255.0,42256.0,584.0
2026-05-14 23:30:00,1778772600,42255.0,42295.0,42255.0,42280.0,578.0
2026-05-14 23:35:00,1778772900,42277.0,42283.0,42253.0,42264.0,506.0
2026-05-14 23:40:00,1778773200,42266.0,42283.0,42227.0,42246.0,681.0
2026-05-14 23:45:00,1778773500,42248.0,42253.0,42226.0,42251.0,602.0
2026-05-14 23:50:00,1778773800,42253.0,42264.0,42242.0,42257.0,420.0
2026-05-14 23:55:00,1778774100,42259.0,42291.0,42258.0,42277.0,690.0
2026-05-15 00:00:00,1778774400,42278.0,42312.0,42277.0,42299.0,1005.0
2026-05-15 00:05:00,1778774700,42294.0,42314.0,42284.0,42301.0,555.0
2026-05-15 00:10:00,1778775000,42307.0,42347.0,42303.0,42314.0,1781.0
2026-05-15 00:15:00,1778775300,42314.0,42342.0,42300.0,42308.0,714.0
2026-05-15 00:20:00,1778775600,42307.0,42332.0,42305.0,42313.0,488.0
2026-05-15 00:25:00,1778775900,42314.0,42328.0,42269.0,42283.0,926.0
2026-05-15 00:30:00,1778776200,42284.0,42300.0,42261.0,42274.0,546.0
2026-05-15 00:35:00,1778776500,42272.0,42305.0,42272.0,42294.0,412.0
2026-05-15 00:40:00,1778776800,42294.0,42312.0,42271.0,42277.0,411.0
2026-05-15 00:45:00,1778777100,42276.0,42305.0,42248.0,42299.0,809.0
2026-05-15 00:50:00,1778777400,42303.0,42314.0,42283.0,42314.0,259.0
2026-05-15 00:55:00,1778777700,42314.0,42315.0,42277.0,42313.0,320.0
2026-05-15 01:00:00,1778778000,42315.0,42377.0,42315.0,42357.0,1411.0
2026-05-15 01:05:00,1778778300,42358.0,42363.0,42297.0,42304.0,784.0
2026-05-15 01:10:00,1778778600,42303.0,42328.0,42262.0,42269.0,638.0
2026-05-15 01:15:00,1778778900,42269.0,42277.0,42202.0,42232.0,1754.0
2026-05-15 01:20:00,1778779200,42234.0,42271.0,42223.0,42235.0,751.0
2026-05-15 01:25:00,1778779500,42235.0,42251.0,42191.0,42248.0,1009.0
2026-05-15 01:30:00,1778779800,42249.0,42279.0,42237.0,42267.0,583.0
2026-05-15 01:35:00,1778780100,42269.0,42305.0,42267.0,42291.0,444.0
2026-05-15 01:40:00,1778780400,42290.0,42309.0,42285.0,42298.0,336.0
2026-05-15 01:45:00,1778780700,42301.0,42335.0,42301.0,42325.0,454.0
2026-05-15 01:50:00,1778781000,42327.0,42340.0,42306.0,42327.0,474.0
2026-05-15 01:55:00,1778781300,42325.0,42336.0,42315.0,42316.0,184.0
2026-05-15 02:00:00,1778781600,42316.0,42319.0,42259.0,42280.0,566.0
2026-05-15 02:05:00,1778781900,42280.0,42299.0,42273.0,42293.0,214.0
2026-05-15 02:10:00,1778782200,42297.0,42322.0,42268.0,42294.0,369.0
2026-05-15 02:15:00,1778782500,42292.0,42318.0,42290.0,42317.0,160.0
2026-05-15 02:20:00,1778782800,42319.0,42324.0,42280.0,42289.0,266.0
2026-05-15 02:25:00,1778783100,42287.0,42298.0,42278.0,42293.0,174.0
2026-05-15 02:30:00,1778783400,42293.0,42333.0,42292.0,42324.0,304.0
2026-05-15 02:35:00,1778783700,42321.0,42328.0,42309.0,42321.0,108.0
2026-05-15 02:40:00,1778784000,42322.0,42322.0,42294.0,42316.0,82.0
2026-05-15 02:45:00,1778784300,42315.0,42337.0,42306.0,42333.0,153.0
2026-05-15 02:50:00,1778784600,42334.0,42350.0,42333.0,42342.0,283.0
2026-05-15 02:55:00,1778784900,42339.0,42361.0,42338.0,42346.0,172.0
2026-05-15 03:00:00,1778785200,42346.0,42364.0,42343.0,42354.0,188.0
2026-05-15 03:05:00,1778785500,42357.0,42362.0,42347.0,42357.0,71.0
2026-05-15 03:10:00,1778785800,42359.0,42363.0,42339.0,42345.0,141.0
2026-05-15 03:15:00,1778786100,42346.0,42358.0,42342.0,42342.0,71.0
2026-05-15 03:20:00,1778786400,42344.0,42370.0,42344.0,42353.0,173.0
2026-05-15 03:25:00,1778786700,42358.0,42358.0,42332.0,42340.0,156.0
2026-05-15 03:30:00,1778787000,42335.0,42370.0,42334.0,42353.0,129.0
2026-05-15 03:35:00,1778787300,42351.0,42355.0,42342.0,42347.0,73.0
2026-05-15 03:40:00,1778787600,42345.0,42363.0,42343.0,42351.0,91.0
2026-05-15 03:45:00,1778787900,42346.0,42361.0,42342.0,42348.0,98.0
2026-05-15 03:50:00,1778788200,42345.0,42352.0,42323.0,42340.0,203.0
2026-05-15 03:55:00,1778788500,42340.0,42340.0,42313.0,42329.0,214.0
2026-05-15 04:00:00,1778788800,42327.0,42344.0,42312.0,42342.0,377.0
2026-05-15 04:05:00,1778789100,42337.0,42346.0,42337.0,42342.0,50.0
2026-05-15 04:10:00,1778789400,42344.0,42346.0,42336.0,42340.0,53.0
2026-05-15 04:15:00,1778789700,42338.0,42341.0,42324.0,42324.0,109.0
2026-05-15 04:20:00,1778790000,42326.0,42337.0,42319.0,42329.0,79.0
2026-05-15 04:25:00,1778790300,42327.0,42330.0,42321.0,42325.0,43.0
2026-05-15 04:30:00,1778790600,42322.0,42333.0,42319.0,42330.0,75.0
2026-05-15 04:35:00,1778790900,42331.0,42336.0,42325.0,42336.0,77.0
2026-05-15 04:40:00,1778791200,42331.0,42345.0,42330.0,42339.0,88.0
2026-05-15 04:45:00,1778791500,42340.0,42340.0,42306.0,42319.0,325.0
2026-05-15 04:50:00,1778791800,42321.0,42321.0,42305.0,42318.0,192.0
2026-05-15 04:55:00,1778792100,42316.0,42365.0,42316.0,42362.0,286.0
2026-05-15 08:45:00,1778805900,42291.0,42364.0,42232.0,42341.0,5729.0
2026-05-15 08:50:00,1778806200,42339.0,42353.0,42281.0,42330.0,2342.0
2026-05-15 08:55:00,1778806500,42331.0,42353.0,42290.0,42296.0,1707.0
2026-05-15 09:00:00,1778806800,42297.0,42453.0,42282.0,42371.0,8093.0
2026-05-15 09:05:00,1778807100,42374.0,42424.0,42260.0,42298.0,4837.0
2026-05-15 09:10:00,1778807400,42296.0,42342.0,42248.0,42318.0,3515.0
2026-05-15 09:15:00,1778807700,42314.0,42341.0,42238.0,42281.0,3426.0
2026-05-15 09:20:00,1778808000,42282.0,42283.0,42085.0,42197.0,8502.0
2026-05-15 09:25:00,1778808300,42200.0,42211.0,42045.0,42082.0,4761.0
2026-05-15 09:30:00,1778808600,42078.0,42083.0,41950.0,42032.0,7764.0
2026-05-15 09:35:00,1778808900,42031.0,42128.0,42007.0,42079.0,4340.0
2026-05-15 09:40:00,1778809200,42079.0,42135.0,42036.0,42102.0,2903.0
2026-05-15 09:45:00,1778809500,42103.0,42121.0,41893.0,41939.0,6271.0
2026-05-15 09:50:00,1778809800,41938.0,41956.0,41785.0,41842.0,6547.0
2026-05-15 09:55:00,1778810100,41840.0,41875.0,41642.0,41696.0,7089.0
2026-05-15 10:00:00,1778810400,41699.0,41770.0,41651.0,41743.0,4809.0
2026-05-15 10:05:00,1778810700,41744.0,41753.0,41604.0,41678.0,5327.0
2026-05-15 10:10:00,1778811000,41683.0,41750.0,41622.0,41690.0,3869.0
2026-05-15 10:15:00,1778811300,41687.0,41759.0,41663.0,41719.0,3128.0
2026-05-15 10:20:00,1778811600,41718.0,41835.0,41696.0,41813.0,3496.0
2026-05-15 10:25:00,1778811900,41816.0,41847.0,41661.0,41689.0,3394.0
2026-05-15 10:30:00,1778812200,41691.0,41730.0,41651.0,41701.0,2345.0
2026-05-15 10:35:00,1778812500,41707.0,41734.0,41635.0,41652.0,1890.0
2026-05-15 10:40:00,1778812800,41655.0,41833.0,41630.0,41795.0,3280.0
2026-05-15 10:45:00,1778813100,41793.0,41840.0,41681.0,41743.0,2961.0
2026-05-15 10:50:00,1778813400,41745.0,41820.0,41724.0,41788.0,1784.0
2026-05-15 10:55:00,1778813700,41791.0,41810.0,41718.0,41764.0,1336.0
2026-05-15 11:00:00,1778814000,41770.0,41795.0,41723.0,41760.0,953.0
2026-05-15 11:05:00,1778814300,41756.0,41767.0,41663.0,41684.0,1920.0
2026-05-15 11:10:00,1778814600,41684.0,41718.0,41646.0,41660.0,1555.0
2026-05-15 11:15:00,1778814900,41660.0,41690.0,41586.0,41647.0,3144.0
2026-05-15 11:20:00,1778815200,41648.0,41648.0,41548.0,41607.0,2970.0
2026-05-15 11:25:00,1778815500,41605.0,41679.0,41596.0,41627.0,1981.0
2026-05-15 11:30:00,1778815800,41623.0,41634.0,41505.0,41505.0,2990.0
2026-05-15 11:35:00,1778816100,41507.0,41626.0,41420.0,41591.0,6534.0
2026-05-15 11:40:00,1778816400,41595.0,41683.0,41586.0,41629.0,3112.0
2026-05-15 11:45:00,1778816700,41634.0,41698.0,41624.0,41695.0,1994.0
2026-05-15 11:50:00,1778817000,41696.0,41696.0,41606.0,41621.0,1473.0
2026-05-15 11:55:00,1778817300,41621.0,41653.0,41608.0,41630.0,838.0
2026-05-15 12:00:00,1778817600,41630.0,41634.0,41576.0,41629.0,1321.0
2026-05-15 12:05:00,1778817900,41629.0,41655.0,41571.0,41597.0,1439.0
2026-05-15 12:10:00,1778818200,41599.0,41606.0,41508.0,41595.0,2006.0
2026-05-15 12:15:00,1778818500,41594.0,41623.0,41525.0,41536.0,1313.0
2026-05-15 12:20:00,1778818800,41535.0,41546.0,41507.0,41544.0,1202.0
2026-05-15 12:25:00,1778819100,41541.0,41560.0,41456.0,41465.0,2417.0
2026-05-15 12:30:00,1778819400,41464.0,41519.0,41403.0,41516.0,3494.0
2026-05-15 12:35:00,1778819700,41516.0,41547.0,41431.0,41482.0,2359.0
2026-05-15 12:40:00,1778820000,41488.0,41525.0,41400.0,41402.0,2155.0
2026-05-15 12:45:00,1778820300,41401.0,41411.0,41308.0,41324.0,4312.0
2026-05-15 12:50:00,1778820600,41325.0,41345.0,41287.0,41329.0,2736.0
2026-05-15 12:55:00,1778820900,41326.0,41331.0,41195.0,41218.0,3548.0
2026-05-15 13:00:00,1778821200,41219.0,41228.0,41117.0,41185.0,5129.0
2026-05-15 13:05:00,1778821500,41186.0,41212.0,41077.0,41179.0,3842.0
2026-05-15 13:10:00,1778821800,41180.0,41206.0,41130.0,41182.0,2641.0
2026-05-15 13:15:00,1778822100,41183.0,41200.0,41125.0,41162.0,1940.0
2026-05-15 13:20:00,1778822400,41166.0,41195.0,41133.0,41139.0,1649.0
2026-05-15 13:25:00,1778822700,41142.0,41210.0,41106.0,41200.0,2543.0
2026-05-15 13:30:00,1778823000,41199.0,41205.0,41092.0,41116.0,3639.0
2026-05-15 13:35:00,1778823300,41113.0,41120.0,41029.0,41066.0,2477.0
2026-05-15 13:40:00,1778823600,41066.0,41070.0,40977.0,41003.0,2794.0
2026-05-15 13:45:00,1778823900,41001.0,41001.0,41001.0,41001.0,1.0
2026-05-15 15:00:00,1778828400,41150.0,41207.0,41104.0,41125.0,3145.0
2026-05-15 15:05:00,1778828700,41129.0,41176.0,41126.0,41156.0,968.0
2026-05-15 15:10:00,1778829000,41153.0,41197.0,41150.0,41195.0,806.0
2026-05-15 15:15:00,1778829300,41196.0,41220.0,41183.0,41197.0,1152.0
2026-05-15 15:20:00,1778829600,41199.0,41223.0,41151.0,41152.0,939.0
2026-05-15 15:25:00,1778829900,41153.0,41158.0,41125.0,41153.0,750.0
2026-05-15 15:30:00,1778830200,41154.0,41160.0,41056.0,41059.0,1166.0
2026-05-15 15:35:00,1778830500,41061.0,41074.0,41017.0,41030.0,1071.0
2026-05-15 15:40:00,1778830800,41027.0,41031.0,40986.0,41004.0,1277.0
2026-05-15 15:45:00,1778831100,41001.0,41014.0,40983.0,41008.0,729.0
2026-05-15 15:50:00,1778831400,41008.0,41009.0,40913.0,40944.0,1999.0
2026-05-15 15:55:00,1778831700,40945.0,40953.0,40839.0,40861.0,1563.0
2026-05-15 16:00:00,1778832000,40862.0,40874.0,40770.0,40794.0,3031.0
2026-05-15 16:05:00,1778832300,40789.0,40865.0,40777.0,40852.0,1711.0
2026-05-15 16:10:00,1778832600,40854.0,40867.0,40821.0,40842.0,726.0
2026-05-15 16:15:00,1778832900,40839.0,40839.0,40712.0,40740.0,2691.0
2026-05-15 16:20:00,1778833200,40736.0,40765.0,40721.0,40762.0,1081.0
2026-05-15 16:25:00,1778833500,40760.0,40775.0,40640.0,40650.0,2496.0
2026-05-15 16:30:00,1778833800,40648.0,40656.0,40602.0,40642.0,2372.0
2026-05-15 16:35:00,1778834100,40639.0,40718.0,40620.0,40715.0,1536.0
2026-05-15 16:40:00,1778834400,40714.0,40788.0,40713.0,40781.0,1695.0
2026-05-15 16:45:00,1778834700,40784.0,40824.0,40762.0,40770.0,1730.0
2026-05-15 16:50:00,1778835000,40773.0,40778.0,40700.0,40710.0,1263.0
2026-05-15 16:55:00,1778835300,40710.0,40744.0,40687.0,40725.0,923.0
2026-05-15 17:00:00,1778835600,40727.0,40741.0,40669.0,40715.0,990.0
2026-05-15 17:05:00,1778835900,40715.0,40748.0,40692.0,40731.0,739.0
2026-05-15 17:10:00,1778836200,40731.0,40741.0,40683.0,40701.0,575.0
2026-05-15 17:15:00,1778836500,40701.0,40703.0,40621.0,40630.0,1241.0
2026-05-15 17:20:00,1778836800,40630.0,40660.0,40577.0,40660.0,1864.0
2026-05-15 17:25:00,1778837100,40661.0,40695.0,40588.0,40693.0,1293.0
2026-05-15 17:30:00,1778837400,40689.0,40716.0,40673.0,40700.0,1042.0
2026-05-15 17:35:00,1778837700,40700.0,40750.0,40685.0,40732.0,1012.0
2026-05-15 17:40:00,1778838000,40734.0,40743.0,40661.0,40685.0,767.0
2026-05-15 17:45:00,1778838300,40681.0,40682.0,40629.0,40669.0,834.0
2026-05-15 17:50:00,1778838600,40668.0,40668.0,40596.0,40645.0,1098.0
2026-05-15 17:55:00,1778838900,40646.0,40696.0,40618.0,40641.0,941.0
2026-05-15 18:00:00,1778839200,40643.0,40674.0,40612.0,40624.0,659.0
2026-05-15 18:05:00,1778839500,40620.0,40716.0,40610.0,40714.0,928.0
2026-05-15 18:10:00,1778839800,40715.0,40815.0,40715.0,40797.0,1867.0
2026-05-15 18:15:00,1778840100,40797.0,40828.0,40781.0,40797.0,1154.0
2026-05-15 18:20:00,1778840400,40798.0,40870.0,40797.0,40857.0,1417.0
2026-05-15 18:25:00,1778840700,40857.0,40881.0,40796.0,40802.0,1097.0
2026-05-15 18:30:00,1778841000,40803.0,40879.0,40795.0,40867.0,886.0
2026-05-15 18:35:00,1778841300,40867.0,40890.0,40785.0,40789.0,1245.0
2026-05-15 18:40:00,1778841600,40788.0,40815.0,40746.0,40815.0,1173.0
2026-05-15 18:45:00,1778841900,40813.0,40928.0,40806.0,40880.0,2417.0
2026-05-15 18:50:00,1778842200,40878.0,40973.0,40860.0,40956.0,2060.0
2026-05-15 18:55:00,1778842500,40960.0,40973.0,40929.0,40933.0,1102.0
2026-05-15 19:00:00,1778842800,40933.0,40977.0,40895.0,40896.0,1244.0
2026-05-15 19:05:00,1778843100,40895.0,40943.0,40892.0,40899.0,655.0
2026-05-15 19:10:00,1778843400,40899.0,40933.0,40882.0,40920.0,715.0
2026-05-15 19:15:00,1778843700,40918.0,40932.0,40883.0,40884.0,583.0
2026-05-15 19:20:00,1778844000,40885.0,40895.0,40833.0,40838.0,1093.0
2026-05-15 19:25:00,1778844300,40833.0,40844.0,40796.0,40827.0,1075.0
2026-05-15 19:30:00,1778844600,40827.0,40837.0,40756.0,40772.0,1109.0
2026-05-15 19:35:00,1778844900,40773.0,40795.0,40730.0,40736.0,876.0
2026-05-15 19:40:00,1778845200,40738.0,40738.0,40690.0,40712.0,1148.0
2026-05-15 19:45:00,1778845500,40712.0,40789.0,40712.0,40770.0,985.0
2026-05-15 19:50:00,1778845800,40772.0,40800.0,40768.0,40782.0,539.0
2026-05-15 19:55:00,1778846100,40784.0,40784.0,40710.0,40711.0,830.0
2026-05-15 20:00:00,1778846400,40711.0,40714.0,40645.0,40702.0,1669.0
2026-05-15 20:05:00,1778846700,40703.0,40710.0,40648.0,40674.0,745.0
2026-05-15 20:10:00,1778847000,40675.0,40701.0,40617.0,40630.0,1099.0
2026-05-15 20:15:00,1778847300,40630.0,40689.0,40616.0,40674.0,860.0
2026-05-15 20:20:00,1778847600,40674.0,40707.0,40642.0,40671.0,1038.0
2026-05-15 20:25:00,1778847900,40670.0,40671.0,40615.0,40646.0,650.0
2026-05-15 20:30:00,1778848200,40643.0,40646.0,40606.0,40626.0,209.0
