datetime,timestamp,open,high,low,close,volume
2024-12-31 15:00:00,1735628400,23025.0,23041.0,22995.0,23013.0,6045.0
2024-12-31 16:00:00,1735632000,23016.0,23031.0,22991.0,23017.0,3402.0
2024-12-31 17:00:00,1735635600,23017.0,23095.0,23015.0,23078.0,5816.0
2024-12-31 18:00:00,1735639200,23077.0,23089.0,23066.0,23089.0,2388.0
2024-12-31 19:00:00,1735642800,23089.0,23138.0,23081.0,23135.0,5530.0
2024-12-31 20:00:00,1735646400,23133.0,23158.0,23105.0,23110.0,6162.0
2024-12-31 21:00:00,1735650000,23110.0,23152.0,23101.0,23137.0,5316.0
2024-12-31 22:00:00,1735653600,23137.0,23167.0,23083.0,23109.0,12577.0
2024-12-31 23:00:00,1735657200,23104.0,23130.0,23051.0,23077.0,11535.0
2025-01-01 00:00:00,1735660800,23077.0,23093.0,23033.0,23072.0,7910.0
2025-01-01 01:00:00,1735664400,23072.0,23087.0,22971.0,23042.0,9204.0
2025-01-01 02:00:00,1735668000,23041.0,23048.0,22946.0,22976.0,7115.0
2025-01-01 03:00:00,1735671600,22975.0,23004.0,22932.0,22988.0,5019.0
2025-01-01 04:00:00,1735675200,22986.0,23031.0,22964.0,22983.0,3924.0
2025-01-02 08:45:00,1735778700,22939.0,22993.0,22860.0,22901.0,46532.0
2025-01-02 09:45:00,1735782300,22902.0,22943.0,22826.0,22857.0,27226.0
2025-01-02 10:45:00,1735785900,22858.0,22871.0,22754.0,22757.0,20751.0
2025-01-02 11:45:00,1735789500,22756.0,22792.0,22708.0,22711.0,13068.0
2025-01-02 12:45:00,1735793100,22712.0,22875.0,22690.0,22846.0,29612.0
2025-01-02 15:00:00,1735801200,22850.0,22888.0,22811.0,22823.0,7935.0
2025-01-02 16:00:00,1735804800,22825.0,22878.0,22790.0,22833.0,9091.0
2025-01-02 17:00:00,1735808400,22833.0,22861.0,22825.0,22855.0,4438.0
2025-01-02 18:00:00,1735812000,22853.0,22865.0,22827.0,22837.0,3026.0
2025-01-02 19:00:00,1735815600,22836.0,22906.0,22822.0,22905.0,5875.0
2025-01-02 20:00:00,1735819200,22904.0,22925.0,22873.0,22883.0,6941.0
2025-01-02 21:00:00,1735822800,22883.0,22904.0,22866.0,22882.0,5234.0
2025-01-02 22:00:00,1735826400,22883.0,22988.0,22834.0,22976.0,27770.0
2025-01-02 23:00:00,1735830000,22974.0,22997.0,22908.0,22941.0,18938.0
2025-01-03 00:00:00,1735833600,22943.0,22987.0,22872.0,22953.0,12391.0
2025-01-03 01:00:00,1735837200,22953.0,22964.0,22731.0,22804.0,16497.0
2025-01-03 02:00:00,1735840800,22805.0,22807.0,22741.0,22776.0,7278.0
2025-01-03 03:00:00,1735844400,22774.0,22838.0,22758.0,22797.0,4330.0
2025-01-03 04:00:00,1735848000,22799.0,22868.0,22786.0,22852.0,3937.0
2025-01-03 08:45:00,1735865100,22919.0,23078.0,22913.0,22949.0,44648.0
2025-01-03 09:45:00,1735868700,22949.0,23019.0,22905.0,23012.0,25728.0
2025-01-03 10:45:00,1735872300,23013.0,23106.0,23003.0,23035.0,24628.0
2025-01-03 11:45:00,1735875900,23034.0,23065.0,22972.0,22983.0,12261.0
2025-01-03 12:45:00,1735879500,22984.0,22991.0,22952.0,22979.0,14031.0
2025-01-03 15:00:00,1735887600,22972.0,23011.0,22958.0,23009.0,5475.0
2025-01-03 16:00:00,1735891200,23009.0,23032.0,22939.0,22956.0,7923.0
2025-01-03 17:00:00,1735894800,22956.0,23009.0,22950.0,22985.0,4908.0
2025-01-03 18:00:00,1735898400,22986.0,22997.0,22967.0,22972.0,2828.0
2025-01-03 19:00:00,1735902000,22974.0,23010.0,22966.0,23009.0,3088.0
2025-01-03 20:00:00,1735905600,23005.0,23007.0,22988.0,22998.0,2101.0
2025-01-03 21:00:00,1735909200,22999.0,23039.0,22999.0,23017.0,5290.0
2025-01-03 22:00:00,1735912800,23017.0,23125.0,23013.0,23095.0,16995.0
2025-01-03 23:00:00,1735916400,23097.0,23143.0,23053.0,23126.0,19473.0
2025-01-04 00:00:00,1735920000,23126.0,23163.0,23120.0,23145.0,8865.0
2025-01-04 01:00:00,1735923600,23146.0,23165.0,23130.0,23162.0,3686.0
2025-01-04 02:00:00,1735927200,23162.0,23198.0,23153.0,23190.0,4060.0
2025-01-04 03:00:00,1735930800,23189.0,23246.0,23181.0,23225.0,4800.0
2025-01-04 04:00:00,1735934400,23224.0,23230.0,23203.0,23228.0,3197.0
2025-01-06 08:45:00,1736124300,23234.0,23415.0,23218.0,23415.0,47324.0
2025-01-06 09:45:00,1736127900,23412.0,23518.0,23406.0,23485.0,27543.0
2025-01-06 10:45:00,1736131500,23485.0,23597.0,23471.0,23587.0,18207.0
2025-01-06 11:45:00,1736135100,23587.0,23606.0,23555.0,23564.0,12638.0
2025-01-06 12:45:00,1736138700,23563.0,23620.0,23558.0,23607.0,18071.0
2025-01-06 15:00:00,1736146800,23646.0,23698.0,23617.0,23661.0,10198.0
2025-01-06 16:00:00,1736150400,23662.0,23737.0,23658.0,23732.0,7346.0
2025-01-06 17:00:00,1736154000,23731.0,23821.0,23726.0,23816.0,8515.0
2025-01-06 18:00:00,1736157600,23818.0,23825.0,23780.0,23794.0,5699.0
2025-01-06 19:00:00,1736161200,23794.0,23895.0,23774.0,23878.0,9740.0
2025-01-06 20:00:00,1736164800,23878.0,23937.0,23864.0,23925.0,7071.0
2025-01-06 21:00:00,1736168400,23925.0,23956.0,23911.0,23950.0,6086.0
2025-01-06 22:00:00,1736172000,23951.0,23952.0,23782.0,23848.0,27824.0
2025-01-06 23:00:00,1736175600,23850.0,23941.0,23826.0,23922.0,13467.0
2025-01-07 00:00:00,1736179200,23922.0,23932.0,23882.0,23896.0,5308.0
2025-01-07 01:00:00,1736182800,23896.0,23899.0,23851.0,23872.0,5089.0
2025-01-07 02:00:00,1736186400,23872.0,23902.0,23843.0,23850.0,3324.0
2025-01-07 03:00:00,1736190000,23853.0,23905.0,23836.0,23864.0,2829.0
2025-01-07 04:00:00,1736193600,23863.0,23893.0,23829.0,23870.0,3167.0
2025-01-07 08:45:00,1736210700,23976.0,23993.0,23831.0,23897.0,38442.0
2025-01-07 09:45:00,1736214300,23897.0,23939.0,23841.0,23859.0,17754.0
2025-01-07 10:45:00,1736217900,23858.0,23869.0,23760.0,23811.0,22567.0
2025-01-07 11:45:00,1736221500,23811.0,23838.0,23756.0,23785.0,13225.0
2025-01-07 12:45:00,1736225100,23785.0,23788.0,23728.0,23754.0,18161.0
2025-01-07 15:00:00,1736233200,23754.0,23828.0,23746.0,23814.0,7582.0
2025-01-07 16:00:00,1736236800,23815.0,23870.0,23796.0,23863.0,5995.0
2025-01-07 17:00:00,1736240400,23861.0,23869.0,23826.0,23833.0,3630.0
2025-01-07 18:00:00,1736244000,23833.0,23883.0,23828.0,23875.0,3922.0
2025-01-07 19:00:00,1736247600,23874.0,23876.0,23842.0,23851.0,2756.0
2025-01-07 20:00:00,1736251200,23852.0,23879.0,23842.0,23860.0,3138.0
2025-01-07 21:00:00,1736254800,23861.0,23894.0,23855.0,23877.0,4002.0
2025-01-07 22:00:00,1736258400,23877.0,23888.0,23710.0,23716.0,22954.0
2025-01-07 23:00:00,1736262000,23716.0,23719.0,23553.0,23635.0,36887.0
2025-01-08 00:00:00,1736265600,23633.0,23677.0,23590.0,23598.0,13032.0
2025-01-08 01:00:00,1736269200,23598.0,23623.0,23532.0,23560.0,8429.0
2025-01-08 02:00:00,1736272800,23562.0,23620.0,23556.0,23584.0,3463.0
2025-01-08 03:00:00,1736276400,23584.0,23601.0,23570.0,23575.0,1425.0
2025-01-08 04:00:00,1736280000,23574.0,23579.0,23478.0,23485.0,6610.0
2025-01-08 08:45:00,1736297100,23550.0,23650.0,23533.0,23582.0,37721.0
2025-01-08 09:45:00,1736300700,23583.0,23615.0,23557.0,23573.0,16369.0
2025-01-08 10:45:00,1736304300,23573.0,23591.0,23470.0,23491.0,21040.0
2025-01-08 11:45:00,1736307900,23492.0,23538.0,23448.0,23452.0,12340.0
2025-01-08 12:45:00,1736311500,23453.0,23505.0,23440.0,23451.0,16926.0
2025-01-08 15:00:00,1736319600,23411.0,23426.0,23350.0,23413.0,12157.0
2025-01-08 16:00:00,1736323200,23410.0,23445.0,23379.0,23431.0,6170.0
2025-01-08 17:00:00,1736326800,23430.0,23486.0,23421.0,23468.0,6247.0
2025-01-08 18:00:00,1736330400,23469.0,23476.0,23450.0,23471.0,2357.0
2025-01-08 19:00:00,1736334000,23471.0,23478.0,23290.0,23357.0,17962.0
2025-01-08 20:00:00,1736337600,23358.0,23372.0,23295.0,23301.0,10801.0
2025-01-08 21:00:00,1736341200,23302.0,23423.0,23298.0,23417.0,12130.0
2025-01-08 22:00:00,1736344800,23416.0,23428.0,23272.0,23355.0,25119.0
2025-01-08 23:00:00,1736348400,23356.0,23391.0,23293.0,23339.0,15920.0
2025-01-09 00:00:00,1736352000,23339.0,23388.0,23302.0,23366.0,6818.0
2025-01-09 01:00:00,1736355600,23366.0,23369.0,23253.0,23294.0,8790.0
2025-01-09 02:00:00,1736359200,23293.0,23361.0,23270.0,23296.0,4899.0
2025-01-09 03:00:00,1736362800,23295.0,23379.0,23279.0,23324.0,3864.0
2025-01-09 04:00:00,1736366400,23324.0,23369.0,23308.0,23355.0,2336.0
2025-01-09 08:45:00,1736383500,23272.0,23410.0,23250.0,23365.0,38273.0
2025-01-09 09:45:00,1736387100,23365.0,23386.0,23322.0,23329.0,15019.0
2025-01-09 10:45:00,1736390700,23329.0,23333.0,23256.0,23280.0,14904.0
2025-01-09 11:45:00,1736394300,23282.0,23285.0,23123.0,23134.0,26578.0
2025-01-09 12:45:00,1736397900,23135.0,23163.0,23083.0,23101.0,21345.0
2025-01-09 15:00:00,1736406000,23083.0,23127.0,23023.0,23032.0,10986.0
2025-01-09 16:00:00,1736409600,23032.0,23114.0,23006.0,23104.0,8848.0
2025-01-09 17:00:00,1736413200,23107.0,23124.0,23081.0,23114.0,4378.0
2025-01-09 18:00:00,1736416800,23115.0,23185.0,23109.0,23149.0,8348.0
2025-01-09 19:00:00,1736420400,23149.0,23158.0,23126.0,23149.0,3706.0
2025-01-09 20:00:00,1736424000,23148.0,23166.0,23104.0,23137.0,4732.0
2025-01-09 21:00:00,1736427600,23137.0,23196.0,23128.0,23172.0,7152.0
2025-01-09 22:00:00,1736431200,23171.0,23176.0,23133.0,23139.0,5979.0
2025-01-09 23:00:00,1736434800,23140.0,23167.0,23139.0,23154.0,2336.0
2025-01-10 00:00:00,1736438400,23153.0,23165.0,23144.0,23156.0,1308.0
2025-01-10 01:00:00,1736442000,23156.0,23170.0,23150.0,23159.0,856.0
2025-01-10 02:00:00,1736445600,23160.0,23172.0,23154.0,23156.0,594.0
2025-01-10 03:00:00,1736449200,23155.0,23161.0,23150.0,23156.0,382.0
2025-01-10 04:00:00,1736452800,23157.0,23167.0,23152.0,23154.0,900.0
2025-01-10 08:45:00,1736469900,23077.0,23141.0,23017.0,23109.0,36516.0
2025-01-10 09:45:00,1736473500,23109.0,23116.0,22976.0,23021.0,29506.0
2025-01-10 10:45:00,1736477100,23021.0,23067.0,22994.0,23008.0,13961.0
2025-01-10 11:45:00,1736480700,23008.0,23029.0,22956.0,22985.0,14519.0
2025-01-10 12:45:00,1736484300,22985.0,23124.0,22968.0,23049.0,25065.0
2025-01-10 15:00:00,1736492400,23029.0,23106.0,23002.0,23097.0,7768.0
2025-01-10 16:00:00,1736496000,23095.0,23149.0,23086.0,23116.0,7151.0
2025-01-10 17:00:00,1736499600,23116.0,23124.0,23062.0,23096.0,5359.0
2025-01-10 18:00:00,1736503200,23098.0,23132.0,23088.0,23127.0,2714.0
2025-01-10 19:00:00,1736506800,23127.0,23175.0,23113.0,23118.0,6600.0
2025-01-10 20:00:00,1736510400,23120.0,23126.0,23082.0,23111.0,5624.0
2025-01-10 21:00:00,1736514000,23113.0,23116.0,22876.0,22958.0,23962.0
2025-01-10 22:00:00,1736517600,22961.0,23006.0,22855.0,22911.0,26223.0
2025-01-10 23:00:00,1736521200,22909.0,23017.0,22800.0,22915.0,31759.0
2025-01-11 00:00:00,1736524800,22916.0,22932.0,22850.0,22861.0,14578.0
2025-01-11 01:00:00,1736528400,22862.0,22926.0,22855.0,22925.0,4913.0
2025-01-11 02:00:00,1736532000,22924.0,23000.0,22894.0,22996.0,5982.0
2025-01-11 03:00:00,1736535600,22997.0,23003.0,22928.0,22956.0,3562.0
2025-01-11 04:00:00,1736539200,22953.0,22958.0,22903.0,22930.0,3397.0
2025-01-13 08:45:00,1736729100,22978.0,23008.0,22510.0,22527.0,71509.0
2025-01-13 09:45:00,1736732700,22527.0,22664.0,22431.0,22639.0,46020.0
2025-01-13 10:45:00,1736736300,22637.0,22653.0,22471.0,22517.0,24402.0
2025-01-13 11:45:00,1736739900,22517.0,22584.0,22466.0,22521.0,18762.0
2025-01-13 12:45:00,1736743500,22522.0,22566.0,22493.0,22531.0,19466.0
2025-01-13 15:00:00,1736751600,22546.0,22594.0,22515.0,22562.0,7175.0
2025-01-13 16:00:00,1736755200,22560.0,22594.0,22494.0,22499.0,7067.0
2025-01-13 17:00:00,1736758800,22500.0,22506.0,22356.0,22364.0,12721.0
2025-01-13 18:00:00,1736762400,22362.0,22409.0,22341.0,22385.0,7661.0
2025-01-13 19:00:00,1736766000,22387.0,22433.0,22379.0,22398.0,5258.0
2025-01-13 20:00:00,1736769600,22399.0,22434.0,22329.0,22415.0,9207.0
2025-01-13 21:00:00,1736773200,22413.0,22455.0,22389.0,22397.0,6448.0
2025-01-13 22:00:00,1736776800,22397.0,22477.0,22316.0,22439.0,21115.0
2025-01-13 23:00:00,1736780400,22435.0,22487.0,22367.0,22418.0,15048.0
2025-01-14 00:00:00,1736784000,22420.0,22448.0,22362.0,22373.0,6832.0
2025-01-14 01:00:00,1736787600,22374.0,22466.0,22370.0,22466.0,3597.0
2025-01-14 02:00:00,1736791200,22464.0,22473.0,22422.0,22443.0,2022.0
2025-01-14 03:00:00,1736794800,22443.0,22479.0,22424.0,22467.0,1793.0
2025-01-14 04:00:00,1736798400,22468.0,22483.0,22447.0,22480.0,1740.0
2025-01-14 08:45:00,1736815500,22581.0,22687.0,22531.0,22670.0,51513.0
2025-01-14 09:45:00,1736819100,22671.0,22676.0,22611.0,22636.0,17378.0
2025-01-14 10:45:00,1736822700,22637.0,22758.0,22634.0,22722.0,20213.0
2025-01-14 11:45:00,1736826300,22722.0,22725.0,22671.0,22677.0,8141.0
2025-01-14 12:45:00,1736829900,22677.0,22767.0,22675.0,22752.0,12828.0
2025-01-14 15:00:00,1736838000,22820.0,22848.0,22791.0,22835.0,1215.0
2025-01-14 16:00:00,1736841600,22833.0,22878.0,22828.0,22875.0,1370.0
2025-01-14 17:00:00,1736845200,22875.0,22884.0,22830.0,22856.0,1088.0
2025-01-14 18:00:00,1736848800,22852.0,22874.0,22843.0,22865.0,482.0
2025-01-14 19:00:00,1736852400,22860.0,22862.0,22812.0,22822.0,1084.0
2025-01-14 20:00:00,1736856000,22826.0,22831.0,22750.0,22785.0,2110.0
2025-01-14 21:00:00,1736859600,22785.0,22868.0,22731.0,22819.0,3580.0
2025-01-14 22:00:00,1736863200,22822.0,22853.0,22721.0,22738.0,3445.0
2025-01-14 23:00:00,1736866800,22734.0,22830.0,22710.0,22711.0,4154.0
2025-01-15 00:00:00,1736870400,22710.0,22724.0,22650.0,22650.0,2750.0
2025-01-15 01:00:00,1736874000,22650.0,22693.0,22625.0,22677.0,1573.0
2025-01-15 02:00:00,1736877600,22671.0,22768.0,22668.0,22765.0,1127.0
2025-01-15 03:00:00,1736881200,22760.0,22773.0,22701.0,22706.0,643.0
2025-01-15 04:00:00,1736884800,22709.0,22758.0,22666.0,22758.0,756.0
2025-01-15 08:45:00,1736901900,22784.0,22818.0,22646.0,22703.0,12502.0
2025-01-15 09:45:00,1736905500,22703.0,22755.0,22673.0,22702.0,6745.0
2025-01-15 10:45:00,1736909100,22705.0,22722.0,22623.0,22623.0,5866.0
2025-01-15 11:45:00,1736912700,22623.0,22628.0,22558.0,22566.0,9185.0
2025-01-15 12:45:00,1736916300,22566.0,22596.0,22513.0,22516.0,11500.0
2025-01-15 15:00:00,1736924400,22525.0,22598.0,22512.0,22576.0,8991.0
2025-01-15 16:00:00,1736928000,22578.0,22581.0,22552.0,22560.0,4031.0
2025-01-15 17:00:00,1736931600,22559.0,22628.0,22546.0,22620.0,6576.0
2025-01-15 18:00:00,1736935200,22623.0,22648.0,22603.0,22641.0,4409.0
2025-01-15 19:00:00,1736938800,22643.0,22672.0,22637.0,22656.0,4629.0
2025-01-15 20:00:00,1736942400,22657.0,22681.0,22636.0,22644.0,5212.0
2025-01-15 21:00:00,1736946000,22641.0,22896.0,22633.0,22879.0,25210.0
2025-01-15 22:00:00,1736949600,22878.0,22924.0,22802.0,22898.0,29863.0
2025-01-15 23:00:00,1736953200,22899.0,22955.0,22880.0,22936.0,13979.0
2025-01-16 00:00:00,1736956800,22935.0,22984.0,22885.0,22910.0,11707.0
2025-01-16 01:00:00,1736960400,22911.0,22954.0,22904.0,22940.0,4020.0
2025-01-16 02:00:00,1736964000,22941.0,22976.0,22940.0,22965.0,2148.0
2025-01-16 03:00:00,1736967600,22966.0,23007.0,22964.0,22975.0,3197.0
2025-01-16 04:00:00,1736971200,22976.0,23000.0,22958.0,22978.0,2611.0
2025-01-16 08:45:00,1736988300,23033.0,23098.0,23001.0,23092.0,44061.0
2025-01-16 09:45:00,1736991900,23091.0,23100.0,23018.0,23090.0,20279.0
2025-01-16 10:45:00,1736995500,23090.0,23217.0,23062.0,23185.0,25361.0
2025-01-16 11:45:00,1736999100,23183.0,23190.0,23145.0,23179.0,9823.0
2025-01-16 12:45:00,1737002700,23178.0,23183.0,22990.0,23035.0,30188.0
2025-01-16 13:45:00,1737006300,23033.0,23033.0,23033.0,23033.0,1.0
2025-01-16 15:00:00,1737010800,23247.0,23529.0,23237.0,23517.0,30625.0
2025-01-16 16:00:00,1737014400,23515.0,23521.0,23471.0,23504.0,8267.0
2025-01-16 17:00:00,1737018000,23503.0,23515.0,23223.0,23349.0,26293.0
2025-01-16 18:00:00,1737021600,23350.0,23425.0,23313.0,23396.0,9231.0
2025-01-16 19:00:00,1737025200,23396.0,23414.0,23373.0,23393.0,5106.0
2025-01-16 20:00:00,1737028800,23391.0,23391.0,23327.0,23349.0,8796.0
2025-01-16 21:00:00,1737032400,23348.0,23421.0,23320.0,23393.0,10798.0
2025-01-16 22:00:00,1737036000,23394.0,23447.0,23291.0,23302.0,30951.0
2025-01-16 23:00:00,1737039600,23302.0,23362.0,23269.0,23344.0,20524.0
2025-01-17 00:00:00,1737043200,23345.0,23379.0,23299.0,23345.0,9312.0
2025-01-17 01:00:00,1737046800,23343.0,23376.0,23332.0,23344.0,4064.0
2025-01-17 02:00:00,1737050400,23343.0,23363.0,23278.0,23300.0,3464.0
2025-01-17 03:00:00,1737054000,23301.0,23340.0,23295.0,23333.0,1849.0
2025-01-17 04:00:00,1737057600,23332.0,23338.0,23275.0,23275.0,2558.0
2025-01-17 08:45:00,1737074700,23277.0,23304.0,22956.0,23025.0,61372.0
2025-01-17 09:45:00,1737078300,23027.0,23118.0,22991.0,23021.0,29420.0
2025-01-17 10:45:00,1737081900,23022.0,23115.0,23010.0,23104.0,13672.0
2025-01-17 11:45:00,1737085500,23104.0,23178.0,23097.0,23112.0,17529.0
2025-01-17 12:45:00,1737089100,23113.0,23205.0,23106.0,23194.0,15669.0
2025-01-17 15:00:00,1737097200,23213.0,23252.0,23192.0,23243.0,8775.0
2025-01-17 16:00:00,1737100800,23243.0,23318.0,23241.0,23316.0,7385.0
2025-01-17 17:00:00,1737104400,23314.0,23363.0,23310.0,23325.0,6897.0
2025-01-17 18:00:00,1737108000,23323.0,23353.0,23310.0,23339.0,3943.0
2025-01-17 19:00:00,1737111600,23340.0,23346.0,23272.0,23281.0,5235.0
2025-01-17 20:00:00,1737115200,23281.0,23333.0,23265.0,23331.0,6055.0
2025-01-17 21:00:00,1737118800,23329.0,23364.0,23295.0,23306.0,9792.0
2025-01-17 22:00:00,1737122400,23307.0,23360.0,23246.0,23332.0,20851.0
2025-01-17 23:00:00,1737126000,23330.0,23380.0,23276.0,23341.0,16008.0
2025-01-18 00:00:00,1737129600,23340.0,23346.0,23307.0,23325.0,4936.0
2025-01-18 01:00:00,1737133200,23326.0,23332.0,23297.0,23304.0,3518.0
2025-01-18 02:00:00,1737136800,23303.0,23325.0,23295.0,23313.0,1890.0
2025-01-18 03:00:00,1737140400,23314.0,23324.0,23283.0,23289.0,1594.0
2025-01-18 04:00:00,1737144000,23285.0,23298.0,23220.0,23251.0,3868.0
2025-01-20 08:45:00,1737333900,23260.0,23362.0,23222.0,23336.0,36694.0
2025-01-20 09:45:00,1737337500,23337.0,23370.0,23310.0,23367.0,16113.0
2025-01-20 10:45:00,1737341100,23367.0,23416.0,23333.0,23371.0,16307.0
2025-01-20 11:45:00,1737344700,23372.0,23376.0,23328.0,23353.0,8316.0
2025-01-20 12:45:00,1737348300,23353.0,23378.0,23325.0,23345.0,11680.0
2025-01-20 15:00:00,1737356400,23338.0,23368.0,23312.0,23360.0,4838.0
2025-01-20 16:00:00,1737360000,23359.0,23365.0,23327.0,23333.0,2777.0
2025-01-20 17:00:00,1737363600,23333.0,23347.0,23281.0,23293.0,5541.0
2025-01-20 18:00:00,1737367200,23293.0,23312.0,23285.0,23289.0,2917.0
2025-01-20 19:00:00,1737370800,23289.0,23301.0,23253.0,23275.0,4815.0
2025-01-20 20:00:00,1737374400,23275.0,23276.0,23218.0,23225.0,6203.0
2025-01-20 21:00:00,1737378000,23226.0,23353.0,23171.0,23350.0,19505.0
2025-01-20 22:00:00,1737381600,23350.0,23439.0,23330.0,23421.0,16931.0
2025-01-20 23:00:00,1737385200,23421.0,23435.0,23338.0,23364.0,10322.0
2025-01-21 00:00:00,1737388800,23365.0,23386.0,23314.0,23354.0,7630.0
2025-01-21 01:00:00,1737392400,23352.0,23358.0,23259.0,23316.0,8995.0
2025-01-21 02:00:00,1737396000,23317.0,23333.0,23303.0,23314.0,1339.0
2025-01-21 03:00:00,1737399600,23314.0,23343.0,23305.0,23341.0,753.0
2025-01-21 04:00:00,1737403200,23340.0,23395.0,23322.0,23350.0,2483.0
2025-01-21 08:45:00,1737420300,23422.0,23430.0,23221.0,23242.0,45224.0
2025-01-21 09:45:00,1737423900,23241.0,23343.0,23203.0,23318.0,20646.0
2025-01-21 10:45:00,1737427500,23319.0,23421.0,23301.0,23382.0,17026.0
2025-01-21 11:45:00,1737431100,23382.0,23403.0,23354.0,23367.0,8492.0
2025-01-21 12:45:00,1737434700,23366.0,23405.0,23338.0,23365.0,12729.0
2025-01-21 15:00:00,1737442800,23351.0,23397.0,23326.0,23394.0,6080.0
2025-01-21 16:00:00,1737446400,23394.0,23408.0,23366.0,23399.0,3839.0
2025-01-21 17:00:00,1737450000,23398.0,23414.0,23388.0,23411.0,2689.0
2025-01-21 18:00:00,1737453600,23412.0,23450.0,23405.0,23408.0,6749.0
2025-01-21 19:00:00,1737457200,23408.0,23427.0,23372.0,23381.0,4860.0
2025-01-21 20:00:00,1737460800,23383.0,23423.0,23363.0,23408.0,4879.0
2025-01-21 21:00:00,1737464400,23407.0,23443.0,23405.0,23433.0,4479.0
2025-01-21 22:00:00,1737468000,23433.0,23482.0,23392.0,23448.0,21474.0
2025-01-21 23:00:00,1737471600,23450.0,23476.0,23396.0,23465.0,12452.0
2025-01-22 00:00:00,1737475200,23466.0,23573.0,23450.0,23565.0,14446.0
2025-01-22 01:00:00,1737478800,23566.0,23617.0,23550.0,23606.0,7307.0
2025-01-22 02:00:00,1737482400,23605.0,23625.0,23590.0,23616.0,2724.0
2025-01-22 03:00:00,1737486000,23615.0,23630.0,23589.0,23606.0,2062.0
2025-01-22 04:00:00,1737489600,23607.0,23622.0,23570.0,23572.0,3019.0
2025-01-22 08:45:00,1737506700,23595.0,23650.0,23574.0,23649.0,30534.0
2025-01-22 09:45:00,1737510300,23648.0,23720.0,23635.0,23647.0,24427.0
2025-01-22 10:45:00,1737513900,23647.0,23662.0,23605.0,23648.0,12155.0
2025-01-22 11:45:00,1737517500,23647.0,23688.0,23621.0,23687.0,8581.0
2025-01-22 12:45:00,1737521100,23687.0,23706.0,23650.0,23700.0,14170.0
2025-01-22 15:00:00,1737529200,23661.0,23697.0,23657.0,23682.0,3337.0
2025-01-22 16:00:00,1737532800,23681.0,23745.0,23673.0,23743.0,3577.0
2025-01-22 17:00:00,1737536400,23742.0,23799.0,23734.0,23789.0,5661.0
2025-01-22 18:00:00,1737540000,23790.0,23820.0,23766.0,23781.0,4457.0
2025-01-22 19:00:00,1737543600,23781.0,23795.0,23754.0,23761.0,2570.0
2025-01-22 20:00:00,1737547200,23762.0,23799.0,23760.0,23797.0,2558.0
2025-01-22 21:00:00,1737550800,23797.0,23812.0,23781.0,23787.0,2372.0
2025-01-22 22:00:00,1737554400,23787.0,23799.0,23697.0,23731.0,16374.0
2025-01-22 23:00:00,1737558000,23732.0,23777.0,23706.0,23743.0,8379.0
2025-01-23 00:00:00,1737561600,23744.0,23805.0,23735.0,23802.0,5554.0
2025-01-23 01:00:00,1737565200,23802.0,23842.0,23772.0,23784.0,5100.0
2025-01-23 02:00:00,1737568800,23782.0,23805.0,23769.0,23776.0,2139.0
2025-01-23 03:00:00,1737572400,23775.0,23806.0,23761.0,23805.0,1702.0
2025-01-23 04:00:00,1737576000,23806.0,23810.0,23770.0,23806.0,3080.0
2025-02-03 08:45:00,1738543500,22714.0,22817.0,22550.0,22614.0,76808.0
2025-02-03 09:45:00,1738547100,22613.0,22670.0,22575.0,22587.0,23083.0
2025-02-03 10:45:00,1738550700,22588.0,22666.0,22578.0,22642.0,11317.0
2025-02-03 11:45:00,1738554300,22645.0,22657.0,22598.0,22628.0,8233.0
2025-02-03 12:45:00,1738557900,22625.0,22704.0,22588.0,22595.0,20352.0
2025-02-03 13:45:00,1738561500,22595.0,22595.0,22594.0,22594.0,4.0
2025-02-03 15:00:00,1738566000,22605.0,22654.0,22595.0,22628.0,6614.0
2025-02-03 16:00:00,1738569600,22632.0,22693.0,22628.0,22680.0,4943.0
2025-02-03 17:00:00,1738573200,22678.0,22696.0,22655.0,22668.0,3479.0
2025-02-03 18:00:00,1738576800,22670.0,22733.0,22663.0,22712.0,5334.0
2025-02-03 19:00:00,1738580400,22712.0,22726.0,22701.0,22718.0,2393.0
2025-02-03 20:00:00,1738584000,22719.0,22722.0,22631.0,22636.0,5742.0
2025-02-03 21:00:00,1738587600,22637.0,22688.0,22636.0,22652.0,5328.0
2025-02-03 22:00:00,1738591200,22651.0,22715.0,22590.0,22703.0,16097.0
2025-02-03 23:00:00,1738594800,22701.0,22936.0,22665.0,22901.0,27770.0
2025-02-04 00:00:00,1738598400,22901.0,22925.0,22852.0,22870.0,9624.0
2025-02-04 01:00:00,1738602000,22872.0,22904.0,22814.0,22853.0,5444.0
2025-02-04 02:00:00,1738605600,22849.0,22880.0,22822.0,22876.0,2537.0
2025-02-04 03:00:00,1738609200,22875.0,22934.0,22871.0,22885.0,2477.0
2025-02-04 04:00:00,1738612800,22888.0,22898.0,22790.0,22790.0,3067.0
2025-02-04 08:45:00,1738629900,22917.0,22947.0,22811.0,22830.0,34964.0
2025-02-04 09:45:00,1738633500,22829.0,22909.0,22795.0,22849.0,21127.0
2025-02-04 10:45:00,1738637100,22849.0,22869.0,22809.0,22822.0,9714.0
2025-02-04 11:45:00,1738640700,22822.0,22892.0,22808.0,22867.0,8214.0
2025-02-04 12:45:00,1738644300,22868.0,22876.0,22709.0,22823.0,26538.0
2025-02-04 15:00:00,1738652400,22835.0,22895.0,22833.0,22882.0,6852.0
2025-02-04 16:00:00,1738656000,22884.0,22896.0,22847.0,22873.0,4715.0
2025-02-04 17:00:00,1738659600,22873.0,22895.0,22871.0,22892.0,3160.0
2025-02-04 18:00:00,1738663200,22893.0,22918.0,22885.0,22905.0,3610.0
2025-02-04 19:00:00,1738666800,22903.0,22929.0,22888.0,22891.0,3282.0
2025-02-04 20:00:00,1738670400,22892.0,22928.0,22889.0,22917.0,3078.0
2025-02-04 21:00:00,1738674000,22916.0,22938.0,22893.0,22901.0,4084.0
2025-02-04 22:00:00,1738677600,22901.0,22969.0,22855.0,22963.0,14462.0
2025-02-04 23:00:00,1738681200,22964.0,23027.0,22961.0,23005.0,13133.0
2025-02-05 00:00:00,1738684800,23005.0,23078.0,23004.0,23065.0,6338.0
2025-02-05 01:00:00,1738688400,23064.0,23073.0,23024.0,23060.0,3842.0
2025-02-05 02:00:00,1738692000,23059.0,23098.0,23042.0,23066.0,2497.0
2025-02-05 03:00:00,1738695600,23066.0,23086.0,23041.0,23061.0,1365.0
2025-02-05 04:00:00,1738699200,23057.0,23085.0,23021.0,23077.0,2389.0
2025-02-05 08:45:00,1738716300,23067.0,23270.0,23063.0,23238.0,44122.0
2025-02-05 09:45:00,1738719900,23233.0,23282.0,23175.0,23235.0,19513.0
2025-02-05 10:45:00,1738723500,23237.0,23275.0,23227.0,23234.0,9219.0
2025-02-05 11:45:00,1738727100,23235.0,23262.0,23204.0,23260.0,8643.0
2025-02-05 12:45:00,1738730700,23261.0,23262.0,23108.0,23135.0,21094.0
2025-02-05 15:00:00,1738738800,23135.0,23175.0,23118.0,23158.0,5757.0
2025-02-05 16:00:00,1738742400,23157.0,23182.0,23119.0,23125.0,5500.0
2025-02-05 17:00:00,1738746000,23125.0,23145.0,23070.0,23077.0,8085.0
2025-02-05 18:00:00,1738749600,23076.0,23122.0,23050.0,23116.0,5464.0
2025-02-05 19:00:00,1738753200,23116.0,23148.0,23110.0,23146.0,3117.0
2025-02-05 20:00:00,1738756800,23146.0,23150.0,23121.0,23135.0,2778.0
2025-02-05 21:00:00,1738760400,23135.0,23180.0,23121.0,23167.0,5310.0
2025-02-05 22:00:00,1738764000,23167.0,23204.0,23157.0,23188.0,11582.0
2025-02-05 23:00:00,1738767600,23189.0,23262.0,23155.0,23260.0,15772.0
2025-02-06 00:00:00,1738771200,23259.0,23338.0,23253.0,23336.0,11532.0
2025-02-06 01:00:00,1738774800,23336.0,23361.0,23325.0,23341.0,4484.0
2025-02-06 02:00:00,1738778400,23343.0,23354.0,23311.0,23330.0,2088.0
2025-02-06 03:00:00,1738782000,23331.0,23344.0,23321.0,23326.0,938.0
2025-02-06 04:00:00,1738785600,23328.0,23349.0,23300.0,23317.0,2317.0
2025-02-06 08:45:00,1738802700,23360.0,23378.0,23288.0,23302.0,28514.0
2025-02-06 09:45:00,1738806300,23304.0,23332.0,23257.0,23263.0,16916.0
2025-02-06 10:45:00,1738809900,23263.0,23280.0,23234.0,23256.0,11055.0
2025-02-06 11:45:00,1738813500,23257.0,23328.0,23252.0,23287.0,9848.0
2025-02-06 12:45:00,1738817100,23286.0,23319.0,23256.0,23293.0,12442.0
2025-02-06 13:45:00,1738820700,23295.0,23295.0,23295.0,23295.0,1.0
2025-02-06 15:00:00,1738825200,23292.0,23314.0,23266.0,23266.0,3573.0
2025-02-06 16:00:00,1738828800,23266.0,23325.0,23252.0,23324.0,5338.0
2025-02-06 17:00:00,1738832400,23324.0,23354.0,23312.0,23330.0,5120.0
2025-02-06 18:00:00,1738836000,23330.0,23340.0,23305.0,23306.0,2224.0
2025-02-06 19:00:00,1738839600,23306.0,23309.0,23274.0,23283.0,4140.0
2025-02-06 20:00:00,1738843200,23283.0,23317.0,23272.0,23316.0,3602.0
2025-02-06 21:00:00,1738846800,23313.0,23319.0,23241.0,23279.0,6721.0
2025-02-06 22:00:00,1738850400,23277.0,23330.0,23268.0,23279.0,12909.0
2025-02-06 23:00:00,1738854000,23279.0,23322.0,23247.0,23278.0,10726.0
2025-02-07 00:00:00,1738857600,23278.0,23306.0,23269.0,23277.0,3694.0
2025-02-07 01:00:00,1738861200,23281.0,23311.0,23266.0,23304.0,2162.0
2025-02-07 02:00:00,1738864800,23306.0,23322.0,23286.0,23303.0,1917.0
2025-02-07 03:00:00,1738868400,23301.0,23312.0,23246.0,23273.0,2015.0
2025-02-07 04:00:00,1738872000,23268.0,23345.0,23266.0,23336.0,2673.0
2025-02-07 08:45:00,1738889100,23290.0,23361.0,23276.0,23313.0,23680.0
2025-02-07 09:45:00,1738892700,23314.0,23406.0,23314.0,23387.0,21196.0
2025-02-07 10:45:00,1738896300,23387.0,23430.0,23379.0,23400.0,12129.0
2025-02-07 11:45:00,1738899900,23401.0,23416.0,23385.0,23411.0,5825.0
2025-02-07 12:45:00,1738903500,23410.0,23465.0,23388.0,23429.0,14785.0
2025-02-07 15:00:00,1738911600,23431.0,23494.0,23426.0,23483.0,6072.0
2025-02-07 16:00:00,1738915200,23481.0,23502.0,23464.0,23481.0,3788.0
2025-02-07 17:00:00,1738918800,23480.0,23526.0,23473.0,23507.0,4163.0
2025-02-07 18:00:00,1738922400,23507.0,23518.0,23475.0,23484.0,3515.0
2025-02-07 19:00:00,1738926000,23483.0,23489.0,23455.0,23487.0,2930.0
2025-02-07 20:00:00,1738929600,23485.0,23493.0,23468.0,23469.0,2160.0
2025-02-07 21:00:00,1738933200,23472.0,23497.0,23412.0,23495.0,13070.0
2025-02-07 22:00:00,1738936800,23494.0,23517.0,23475.0,23484.0,10236.0
2025-02-07 23:00:00,1738940400,23484.0,23484.0,23270.0,23308.0,32806.0
2025-02-08 00:00:00,1738944000,23310.0,23325.0,23250.0,23268.0,15351.0
2025-02-08 01:00:00,1738947600,23266.0,23290.0,23232.0,23262.0,8211.0
2025-02-08 02:00:00,1738951200,23262.0,23323.0,23252.0,23258.0,4849.0
2025-02-08 03:00:00,1738954800,23258.0,23271.0,23222.0,23251.0,3897.0
2025-02-08 04:00:00,1738958400,23247.0,23258.0,23209.0,23240.0,3751.0
2025-02-10 08:45:00,1739148300,23319.0,23364.0,23258.0,23282.0,33739.0
2025-02-10 09:45:00,1739151900,23283.0,23287.0,23222.0,23238.0,17637.0
2025-02-10 10:45:00,1739155500,23238.0,23247.0,23168.0,23182.0,16492.0
2025-02-10 11:45:00,1739159100,23182.0,23224.0,23179.0,23201.0,8752.0
2025-02-10 12:45:00,1739162700,23203.0,23344.0,23178.0,23243.0,22424.0
2025-02-10 15:00:00,1739170800,23246.0,23284.0,23233.0,23268.0,4213.0
2025-02-10 16:00:00,1739174400,23265.0,23294.0,23262.0,23291.0,3204.0
2025-02-10 17:00:00,1739178000,23292.0,23316.0,23286.0,23290.0,3934.0
2025-02-10 18:00:00,1739181600,23291.0,23324.0,23290.0,23317.0,2581.0
2025-02-10 19:00:00,1739185200,23318.0,23392.0,23298.0,23374.0,9175.0
2025-02-10 20:00:00,1739188800,23373.0,23382.0,23355.0,23378.0,3214.0
2025-02-10 21:00:00,1739192400,23379.0,23416.0,23371.0,23385.0,6184.0
2025-02-10 22:00:00,1739196000,23384.0,23414.0,23363.0,23398.0,11321.0
2025-02-10 23:00:00,1739199600,23398.0,23428.0,23388.0,23408.0,8375.0
2025-02-11 00:00:00,1739203200,23408.0,23419.0,23360.0,23388.0,4535.0
2025-02-11 01:00:00,1739206800,23387.0,23403.0,23363.0,23400.0,1991.0
2025-02-11 02:00:00,1739210400,23400.0,23430.0,23394.0,23416.0,2013.0
2025-02-11 03:00:00,1739214000,23413.0,23426.0,23385.0,23403.0,1087.0
2025-02-11 04:00:00,1739217600,23403.0,23416.0,23382.0,23412.0,1686.0
2025-02-11 08:45:00,1739234700,23383.0,23503.0,23383.0,23432.0,33949.0
2025-02-11 09:45:00,1739238300,23432.0,23453.0,23345.0,23374.0,20728.0
2025-02-11 10:45:00,1739241900,23373.0,23385.0,23318.0,23338.0,13984.0
2025-02-11 11:45:00,1739245500,23339.0,23345.0,23303.0,23320.0,11598.0
2025-02-11 12:45:00,1739249100,23318.0,23373.0,23303.0,23340.0,13354.0
2025-02-11 15:00:00,1739257200,23333.0,23365.0,23308.0,23310.0,4957.0
2025-02-11 16:00:00,1739260800,23311.0,23337.0,23277.0,23328.0,6357.0
2025-02-11 17:00:00,1739264400,23327.0,23346.0,23288.0,23291.0,4501.0
2025-02-11 18:00:00,1739268000,23292.0,23308.0,23252.0,23258.0,5505.0
2025-02-11 19:00:00,1739271600,23257.0,23274.0,23245.0,23273.0,3793.0
2025-02-11 20:00:00,1739275200,23273.0,23286.0,23262.0,23284.0,2995.0
2025-02-11 21:00:00,1739278800,23284.0,23284.0,23220.0,23222.0,6609.0
2025-02-11 22:00:00,1739282400,23221.0,23337.0,23214.0,23324.0,15610.0
2025-02-11 23:00:00,1739286000,23324.0,23425.0,23310.0,23415.0,17432.0
2025-02-12 00:00:00,1739289600,23416.0,23442.0,23396.0,23409.0,7747.0
2025-02-12 01:00:00,1739293200,23406.0,23420.0,23358.0,23401.0,5842.0
2025-02-12 02:00:00,1739296800,23402.0,23450.0,23391.0,23422.0,3197.0
2025-02-12 03:00:00,1739300400,23420.0,23443.0,23409.0,23432.0,1172.0
2025-02-12 04:00:00,1739304000,23432.0,23442.0,23405.0,23409.0,1539.0
2025-02-12 08:45:00,1739321100,23425.0,23536.0,23422.0,23472.0,33165.0
2025-02-12 09:45:00,1739324700,23471.0,23496.0,23383.0,23387.0,19154.0
2025-02-12 10:45:00,1739328300,23389.0,23396.0,23334.0,23340.0,18109.0
2025-02-12 11:45:00,1739331900,23339.0,23361.0,23305.0,23339.0,12426.0
2025-02-12 12:45:00,1739335500,23340.0,23344.0,23294.0,23311.0,11010.0
2025-02-12 15:00:00,1739343600,23333.0,23386.0,23313.0,23386.0,7737.0
2025-02-12 16:00:00,1739347200,23384.0,23395.0,23363.0,23385.0,5945.0
2025-02-12 17:00:00,1739350800,23382.0,23384.0,23336.0,23372.0,4930.0
2025-02-12 18:00:00,1739354400,23371.0,23392.0,23364.0,23381.0,3140.0
2025-02-12 19:00:00,1739358000,23381.0,23384.0,23358.0,23369.0,2227.0
2025-02-12 20:00:00,1739361600,23369.0,23428.0,23365.0,23422.0,7175.0
2025-02-12 21:00:00,1739365200,23422.0,23436.0,23183.0,23222.0,27569.0
2025-02-12 22:00:00,1739368800,23224.0,23263.0,23150.0,23261.0,22822.0
2025-02-12 23:00:00,1739372400,23262.0,23322.0,23207.0,23299.0,16185.0
2025-02-13 00:00:00,1739376000,23298.0,23330.0,23245.0,23327.0,8319.0
2025-02-13 01:00:00,1739379600,23324.0,23396.0,23316.0,23392.0,7961.0
2025-02-13 02:00:00,1739383200,23390.0,23408.0,23374.0,23386.0,3510.0
2025-02-13 03:00:00,1739386800,23385.0,23402.0,23371.0,23395.0,1677.0
2025-02-13 04:00:00,1739390400,23393.0,23403.0,23371.0,23373.0,1707.0
2025-02-13 08:45:00,1739407500,23433.0,23455.0,23255.0,23325.0,41927.0
2025-02-13 09:45:00,1739411100,23325.0,23385.0,23315.0,23365.0,19441.0
2025-02-13 10:45:00,1739414700,23364.0,23421.0,23355.0,23421.0,12145.0
2025-02-13 11:45:00,1739418300,23420.0,23427.0,23384.0,23407.0,8426.0
2025-02-13 12:45:00,1739421900,23409.0,23431.0,23372.0,23401.0,11660.0
2025-02-13 15:00:00,1739430000,23395.0,23400.0,23347.0,23360.0,5559.0
2025-02-13 16:00:00,1739433600,23360.0,23370.0,23292.0,23294.0,10344.0
2025-02-13 17:00:00,1739437200,23294.0,23323.0,23282.0,23319.0,5361.0
2025-02-13 18:00:00,1739440800,23319.0,23333.0,23292.0,23323.0,3327.0
2025-02-13 19:00:00,1739444400,23324.0,23348.0,23270.0,23301.0,7541.0
2025-02-13 20:00:00,1739448000,23301.0,23304.0,23261.0,23284.0,6463.0
2025-02-13 21:00:00,1739451600,23283.0,23324.0,23248.0,23314.0,12326.0
2025-02-13 22:00:00,1739455200,23313.0,23315.0,23228.0,23284.0,17441.0
2025-02-13 23:00:00,1739458800,23285.0,23354.0,23268.0,23343.0,14481.0
2025-02-14 00:00:00,1739462400,23342.0,23365.0,23315.0,23329.0,6017.0
2025-02-14 01:00:00,1739466000,23328.0,23335.0,23284.0,23298.0,3193.0
2025-02-14 02:00:00,1739469600,23297.0,23342.0,23251.0,23340.0,5352.0
2025-02-14 03:00:00,1739473200,23339.0,23387.0,23315.0,23337.0,4921.0
2025-02-14 04:00:00,1739476800,23336.0,23378.0,23330.0,23373.0,2328.0
2025-02-14 08:45:00,1739493900,23336.0,23351.0,23155.0,23173.0,48668.0
2025-02-14 09:45:00,1739497500,23174.0,23254.0,23167.0,23230.0,20348.0
2025-02-14 10:45:00,1739501100,23229.0,23248.0,23160.0,23176.0,13327.0
2025-02-14 11:45:00,1739504700,23176.0,23184.0,23116.0,23137.0,15248.0
2025-02-14 12:45:00,1739508300,23137.0,23204.0,23135.0,23179.0,16810.0
2025-02-14 15:00:00,1739516400,23163.0,23222.0,23144.0,23145.0,8894.0
2025-02-14 16:00:00,1739520000,23145.0,23165.0,23084.0,23108.0,8256.0
2025-02-14 17:00:00,1739523600,23109.0,23125.0,23073.0,23090.0,5563.0
2025-02-14 18:00:00,1739527200,23090.0,23113.0,23083.0,23089.0,3025.0
2025-02-14 19:00:00,1739530800,23086.0,23100.0,23065.0,23099.0,3829.0
2025-02-14 20:00:00,1739534400,23100.0,23123.0,23088.0,23107.0,3386.0
2025-02-14 21:00:00,1739538000,23106.0,23159.0,23101.0,23144.0,6969.0
2025-02-14 22:00:00,1739541600,23143.0,23182.0,23122.0,23171.0,11590.0
2025-02-14 23:00:00,1739545200,23170.0,23213.0,23148.0,23201.0,11339.0
2025-02-15 00:00:00,1739548800,23200.0,23204.0,23153.0,23168.0,5555.0
2025-02-15 01:00:00,1739552400,23168.0,23183.0,23134.0,23179.0,3894.0
2025-02-15 02:00:00,1739556000,23177.0,23193.0,23160.0,23178.0,1890.0
2025-02-15 03:00:00,1739559600,23182.0,23348.0,23171.0,23281.0,13685.0
2025-02-15 04:00:00,1739563200,23282.0,23313.0,23270.0,23307.0,3743.0
2025-02-17 08:45:00,1739753100,23293.0,23455.0,23281.0,23441.0,41260.0
2025-02-17 09:45:00,1739756700,23440.0,23489.0,23419.0,23487.0,17031.0
2025-02-17 10:45:00,1739760300,23487.0,23530.0,23484.0,23528.0,11821.0
2025-02-17 11:45:00,1739763900,23527.0,23539.0,23492.0,23513.0,7300.0
2025-02-17 12:45:00,1739767500,23513.0,23536.0,23478.0,23502.0,13867.0
2025-02-17 15:00:00,1739775600,23531.0,23562.0,23507.0,23515.0,6180.0
2025-02-17 16:00:00,1739779200,23515.0,23525.0,23486.0,23505.0,3377.0
2025-02-17 17:00:00,1739782800,23505.0,23512.0,23463.0,23504.0,4514.0
2025-02-17 18:00:00,1739786400,23502.0,23527.0,23500.0,23523.0,2560.0
2025-02-17 19:00:00,1739790000,23523.0,23533.0,23512.0,23524.0,1656.0
2025-02-17 20:00:00,1739793600,23525.0,23532.0,23513.0,23518.0,1341.0
2025-02-17 21:00:00,1739797200,23518.0,23542.0,23516.0,23535.0,2057.0
2025-02-17 22:00:00,1739800800,23536.0,23540.0,23513.0,23522.0,2505.0
2025-02-17 23:00:00,1739804400,23522.0,23529.0,23504.0,23524.0,2102.0
2025-02-18 00:00:00,1739808000,23524.0,23530.0,23511.0,23513.0,1072.0
2025-02-18 01:00:00,1739811600,23513.0,23516.0,23493.0,23500.0,1327.0
2025-02-18 02:00:00,1739815200,23500.0,23522.0,23493.0,23522.0,499.0
2025-02-18 03:00:00,1739818800,23522.0,23525.0,23517.0,23519.0,285.0
2025-02-18 04:00:00,1739822400,23519.0,23524.0,23500.0,23522.0,1298.0
2025-02-18 08:45:00,1739839500,23555.0,23582.0,23466.0,23508.0,26595.0
2025-02-18 09:45:00,1739843100,23508.0,23573.0,23499.0,23554.0,14354.0
2025-02-18 10:45:00,1739846700,23556.0,23575.0,23539.0,23560.0,7313.0
2025-02-18 11:45:00,1739850300,23559.0,23597.0,23552.0,23597.0,8145.0
2025-02-18 12:45:00,1739853900,23596.0,23664.0,23593.0,23649.0,14143.0
2025-02-18 13:45:00,1739857500,23650.0,23650.0,23650.0,23650.0,1.0
2025-02-18 15:00:00,1739862000,23669.0,23702.0,23669.0,23694.0,1933.0
2025-02-18 16:00:00,1739865600,23695.0,23698.0,23662.0,23667.0,1179.0
2025-02-18 17:00:00,1739869200,23671.0,23676.0,23637.0,23643.0,1125.0
2025-02-18 18:00:00,1739872800,23642.0,23667.0,23637.0,23658.0,667.0
2025-02-18 19:00:00,1739876400,23661.0,23670.0,23623.0,23623.0,685.0
2025-02-18 20:00:00,1739880000,23626.0,23652.0,23612.0,23646.0,975.0
2025-02-18 21:00:00,1739883600,23645.0,23676.0,23632.0,23674.0,810.0
2025-02-18 22:00:00,1739887200,23676.0,23683.0,23616.0,23626.0,2736.0
2025-02-18 23:00:00,1739890800,23625.0,23626.0,23555.0,23573.0,4390.0
2025-02-19 00:00:00,1739894400,23572.0,23626.0,23566.0,23602.0,1749.0
2025-02-19 01:00:00,1739898000,23601.0,23603.0,23570.0,23580.0,744.0
2025-02-19 02:00:00,1739901600,23577.0,23592.0,23535.0,23549.0,1127.0
2025-02-19 03:00:00,1739905200,23547.0,23588.0,23522.0,23588.0,710.0
2025-02-19 04:00:00,1739908800,23582.0,23595.0,23568.0,23584.0,418.0
2025-02-19 08:45:00,1739925900,23570.0,23690.0,23566.0,23690.0,9796.0
2025-02-19 09:45:00,1739929500,23689.0,23695.0,23574.0,23595.0,7469.0
2025-02-19 10:45:00,1739933100,23596.0,23677.0,23595.0,23661.0,5921.0
2025-02-19 11:45:00,1739936700,23662.0,23668.0,23579.0,23592.0,5432.0
2025-02-19 12:45:00,1739940300,23593.0,23621.0,23571.0,23611.0,9928.0
2025-02-19 15:00:00,1739948400,23628.0,23678.0,23617.0,23646.0,7131.0
2025-02-19 16:00:00,1739952000,23645.0,23664.0,23633.0,23642.0,3758.0
2025-02-19 17:00:00,1739955600,23640.0,23645.0,23625.0,23636.0,2466.0
2025-02-19 18:00:00,1739959200,23636.0,23643.0,23605.0,23615.0,3432.0
2025-02-19 19:00:00,1739962800,23616.0,23619.0,23586.0,23610.0,4087.0
2025-02-19 20:00:00,1739966400,23610.0,23633.0,23607.0,23609.0,3660.0
2025-02-19 21:00:00,1739970000,23610.0,23613.0,23581.0,23598.0,4400.0
2025-02-19 22:00:00,1739973600,23597.0,23600.0,23548.0,23551.0,11228.0
2025-02-19 23:00:00,1739977200,23551.0,23596.0,23522.0,23570.0,12903.0
2025-02-20 00:00:00,1739980800,23571.0,23595.0,23566.0,23576.0,3477.0
2025-02-20 01:00:00,1739984400,23576.0,23585.0,23537.0,23580.0,3336.0
2025-02-20 02:00:00,1739988000,23579.0,23581.0,23547.0,23551.0,1504.0
2025-02-20 03:00:00,1739991600,23556.0,23599.0,23555.0,23590.0,1939.0
2025-02-20 04:00:00,1739995200,23588.0,23594.0,23550.0,23569.0,1679.0
2025-02-20 08:45:00,1740012300,23515.0,23564.0,23405.0,23420.0,45659.0
2025-02-20 09:45:00,1740015900,23420.0,23489.0,23372.0,23468.0,31182.0
2025-02-20 10:45:00,1740019500,23466.0,23563.0,23456.0,23547.0,19082.0
2025-02-20 11:45:00,1740023100,23548.0,23559.0,23521.0,23551.0,9451.0
2025-02-20 12:45:00,1740026700,23553.0,23557.0,23507.0,23534.0,12317.0
2025-02-20 15:00:00,1740034800,23538.0,23556.0,23522.0,23545.0,4044.0
2025-02-20 16:00:00,1740038400,23544.0,23618.0,23544.0,23603.0,10122.0
2025-02-20 17:00:00,1740042000,23604.0,23617.0,23586.0,23610.0,4094.0
2025-02-20 18:00:00,1740045600,23610.0,23635.0,23606.0,23625.0,4727.0
2025-02-20 19:00:00,1740049200,23625.0,23638.0,23601.0,23607.0,3686.0
2025-02-20 20:00:00,1740052800,23609.0,23633.0,23603.0,23632.0,2837.0
2025-02-20 21:00:00,1740056400,23630.0,23644.0,23604.0,23613.0,4779.0
2025-02-20 22:00:00,1740060000,23613.0,23625.0,23517.0,23520.0,18702.0
2025-02-20 23:00:00,1740063600,23522.0,23546.0,23473.0,23480.0,20393.0
2025-02-21 00:00:00,1740067200,23482.0,23518.0,23468.0,23493.0,7462.0
2025-02-21 01:00:00,1740070800,23493.0,23549.0,23488.0,23524.0,4528.0
2025-02-21 02:00:00,1740074400,23523.0,23531.0,23497.0,23517.0,1965.0
2025-02-21 03:00:00,1740078000,23514.0,23548.0,23510.0,23533.0,1582.0
2025-02-21 04:00:00,1740081600,23533.0,23546.0,23520.0,23541.0,1484.0
2025-02-21 08:45:00,1740098700,23530.0,23634.0,23474.0,23621.0,38930.0
2025-02-21 09:45:00,1740102300,23621.0,23707.0,23596.0,23701.0,28659.0
2025-02-21 10:45:00,1740105900,23701.0,23725.0,23686.0,23721.0,12687.0
2025-02-21 11:45:00,1740109500,23721.0,23734.0,23703.0,23703.0,8659.0
2025-02-21 12:45:00,1740113100,23704.0,23759.0,23702.0,23748.0,14552.0
2025-02-21 15:00:00,1740121200,23767.0,23783.0,23745.0,23755.0,5673.0
2025-02-21 16:00:00,1740124800,23758.0,23771.0,23706.0,23713.0,6658.0
2025-02-21 17:00:00,1740128400,23713.0,23753.0,23712.0,23744.0,3232.0
2025-02-21 18:00:00,1740132000,23742.0,23762.0,23727.0,23731.0,2412.0
2025-02-21 19:00:00,1740135600,23731.0,23756.0,23729.0,23737.0,1534.0
2025-02-21 20:00:00,1740139200,23738.0,23755.0,23718.0,23746.0,2560.0
2025-02-21 21:00:00,1740142800,23745.0,23765.0,23735.0,23746.0,2636.0
2025-02-21 22:00:00,1740146400,23745.0,23758.0,23704.0,23721.0,11529.0
2025-02-21 23:00:00,1740150000,23722.0,23750.0,23650.0,23671.0,16071.0
2025-02-22 00:00:00,1740153600,23672.0,23683.0,23644.0,23651.0,7341.0
2025-02-22 01:00:00,1740157200,23650.0,23652.0,23555.0,23557.0,12154.0
2025-02-22 02:00:00,1740160800,23559.0,23561.0,23507.0,23513.0,9724.0
2025-02-22 03:00:00,1740164400,23514.0,23525.0,23421.0,23458.0,10805.0
2025-02-22 04:00:00,1740168000,23457.0,23495.0,23454.0,23489.0,4471.0
2025-02-24 08:45:00,1740357900,23545.0,23550.0,23442.0,23481.0,41324.0
2025-02-24 09:45:00,1740361500,23483.0,23524.0,23453.0,23516.0,19154.0
2025-02-24 10:45:00,1740365100,23515.0,23551.0,23512.0,23540.0,12354.0
2025-02-24 11:45:00,1740368700,23539.0,23564.0,23520.0,23526.0,10345.0
2025-02-24 12:45:00,1740372300,23526.0,23559.0,23510.0,23555.0,11568.0
2025-02-24 15:00:00,1740380400,23543.0,23594.0,23528.0,23540.0,8968.0
2025-02-24 16:00:00,1740384000,23542.0,23544.0,23488.0,23522.0,7452.0
2025-02-24 17:00:00,1740387600,23522.0,23551.0,23520.0,23526.0,3992.0
2025-02-24 18:00:00,1740391200,23525.0,23531.0,23506.0,23515.0,2856.0
2025-02-24 19:00:00,1740394800,23516.0,23530.0,23496.0,23513.0,3518.0
2025-02-24 20:00:00,1740398400,23513.0,23513.0,23478.0,23497.0,5045.0
2025-02-24 21:00:00,1740402000,23497.0,23517.0,23489.0,23516.0,2681.0
2025-02-24 22:00:00,1740405600,23516.0,23524.0,23376.0,23377.0,20704.0
2025-02-24 23:00:00,1740409200,23380.0,23380.0,23264.0,23287.0,33402.0
2025-02-25 00:00:00,1740412800,23289.0,23382.0,23282.0,23350.0,11697.0
2025-02-25 01:00:00,1740416400,23350.0,23403.0,23346.0,23368.0,5146.0
2025-02-25 02:00:00,1740420000,23369.0,23390.0,23342.0,23348.0,2116.0
2025-02-25 03:00:00,1740423600,23346.0,23372.0,23305.0,23309.0,2402.0
2025-02-25 04:00:00,1740427200,23313.0,23317.0,23270.0,23273.0,3501.0
2025-02-25 08:45:00,1740444300,23221.0,23280.0,23138.0,23216.0,51888.0
2025-02-25 09:45:00,1740447900,23216.0,23323.0,23208.0,23311.0,24890.0
2025-02-25 10:45:00,1740451500,23310.0,23344.0,23288.0,23295.0,11387.0
2025-02-25 11:45:00,1740455100,23295.0,23330.0,23264.0,23270.0,10172.0
2025-02-25 12:45:00,1740458700,23270.0,23303.0,23246.0,23297.0,12874.0
2025-02-25 15:00:00,1740466800,23253.0,23283.0,23179.0,23180.0,11554.0
2025-02-25 16:00:00,1740470400,23181.0,23230.0,23164.0,23167.0,8083.0
2025-02-25 17:00:00,1740474000,23167.0,23210.0,23156.0,23160.0,5749.0
2025-02-25 18:00:00,1740477600,23159.0,23183.0,23150.0,23155.0,3929.0
2025-02-25 19:00:00,1740481200,23155.0,23242.0,23152.0,23242.0,6777.0
2025-02-25 20:00:00,1740484800,23241.0,23286.0,23231.0,23285.0,7530.0
2025-02-25 21:00:00,1740488400,23281.0,23316.0,23257.0,23262.0,9693.0
2025-02-25 22:00:00,1740492000,23261.0,23343.0,23227.0,23238.0,19299.0
2025-02-25 23:00:00,1740495600,23238.0,23240.0,23070.0,23133.0,33275.0
2025-02-26 00:00:00,1740499200,23134.0,23162.0,23050.0,23136.0,15426.0
2025-02-26 01:00:00,1740502800,23135.0,23183.0,23092.0,23179.0,6875.0
2025-02-26 02:00:00,1740506400,23179.0,23198.0,23138.0,23147.0,4370.0
2025-02-26 03:00:00,1740510000,23146.0,23155.0,23101.0,23114.0,2661.0
2025-02-26 04:00:00,1740513600,23114.0,23184.0,23107.0,23133.0,2761.0
2025-02-26 08:45:00,1740530700,23155.0,23254.0,23104.0,23249.0,40747.0
2025-02-26 09:45:00,1740534300,23249.0,23291.0,23225.0,23253.0,18884.0
2025-02-26 10:45:00,1740537900,23255.0,23343.0,23254.0,23308.0,15814.0
2025-02-26 11:45:00,1740541500,23308.0,23332.0,23275.0,23323.0,9721.0
2025-02-26 12:45:00,1740545100,23323.0,23420.0,23321.0,23416.0,23502.0
2025-02-26 13:45:00,1740548700,23419.0,23419.0,23419.0,23419.0,1.0
2025-02-26 15:00:00,1740553200,23432.0,23465.0,23410.0,23421.0,9160.0
2025-02-26 16:00:00,1740556800,23421.0,23436.0,23403.0,23436.0,4326.0
2025-02-26 17:00:00,1740560400,23434.0,23457.0,23426.0,23446.0,3757.0
2025-02-26 18:00:00,1740564000,23446.0,23487.0,23446.0,23463.0,4984.0
2025-02-26 19:00:00,1740567600,23464.0,23473.0,23431.0,23433.0,4054.0
2025-02-26 20:00:00,1740571200,23434.0,23479.0,23427.0,23462.0,4927.0
2025-02-26 21:00:00,1740574800,23460.0,23484.0,23395.0,23407.0,8423.0
2025-02-26 22:00:00,1740578400,23407.0,23510.0,23369.0,23499.0,24809.0
2025-02-26 23:00:00,1740582000,23499.0,23552.0,23477.0,23552.0,16623.0
2025-02-27 00:00:00,1740585600,23552.0,23590.0,23535.0,23539.0,10413.0
2025-02-27 01:00:00,1740589200,23540.0,23569.0,23470.0,23479.0,8075.0
2025-02-27 02:00:00,1740592800,23480.0,23494.0,23340.0,23348.0,11924.0
2025-02-27 03:00:00,1740596400,23349.0,23417.0,23310.0,23361.0,8919.0
2025-02-27 04:00:00,1740600000,23363.0,23455.0,23334.0,23413.0,5495.0
2025-02-27 08:45:00,1740617100,23390.0,23433.0,23357.0,23361.0,34308.0
2025-02-27 09:45:00,1740620700,23361.0,23369.0,23152.0,23186.0,45716.0
2025-02-27 10:45:00,1740624300,23189.0,23208.0,23135.0,23177.0,18829.0
2025-02-27 11:45:00,1740627900,23176.0,23200.0,23142.0,23163.0,10529.0
2025-02-27 12:45:00,1740631500,23161.0,23200.0,23127.0,23194.0,21966.0
2025-02-27 13:45:00,1740635100,23189.0,23189.0,23189.0,23189.0,2.0
2025-02-27 15:00:00,1740639600,23205.0,23240.0,23172.0,23172.0,8548.0
2025-02-27 16:00:00,1740643200,23172.0,23219.0,23146.0,23217.0,6528.0
2025-02-27 17:00:00,1740646800,23217.0,23229.0,23196.0,23225.0,3607.0
2025-02-27 18:00:00,1740650400,23226.0,23233.0,23203.0,23231.0,3189.0
2025-02-27 19:00:00,1740654000,23230.0,23274.0,23229.0,23259.0,6553.0
2025-02-27 20:00:00,1740657600,23259.0,23288.0,23257.0,23262.0,5191.0
2025-02-27 21:00:00,1740661200,23262.0,23309.0,23184.0,23206.0,14693.0
2025-02-27 22:00:00,1740664800,23207.0,23248.0,22973.0,22974.0,31897.0
2025-02-27 23:00:00,1740668400,22973.0,23058.0,22893.0,22941.0,32811.0
2025-02-28 00:00:00,1740672000,22941.0,23022.0,22936.0,22949.0,10942.0
2025-02-28 01:00:00,1740675600,22950.0,22986.0,22919.0,22957.0,6812.0
2025-02-28 02:00:00,1740679200,22955.0,23015.0,22952.0,22968.0,4509.0
2025-02-28 03:00:00,1740682800,22967.0,22972.0,22788.0,22813.0,10202.0
2025-02-28 04:00:00,1740686400,22812.0,22822.0,22602.0,22611.0,11315.0
2025-03-03 08:45:00,1740962700,22649.0,22798.0,22612.0,22634.0,58730.0
2025-03-03 09:45:00,1740966300,22635.0,22755.0,22627.0,22714.0,21996.0
2025-03-03 10:45:00,1740969900,22711.0,22733.0,22613.0,22682.0,16839.0
2025-03-03 11:45:00,1740973500,22682.0,22765.0,22676.0,22727.0,13516.0
2025-03-03 12:45:00,1740977100,22728.0,22748.0,22692.0,22723.0,14448.0
2025-03-03 15:00:00,1740985200,22732.0,22739.0,22621.0,22646.0,9776.0
2025-03-03 16:00:00,1740988800,22647.0,22681.0,22564.0,22616.0,12525.0
2025-03-03 17:00:00,1740992400,22621.0,22723.0,22610.0,22718.0,7965.0
2025-03-03 18:00:00,1740996000,22717.0,22727.0,22685.0,22723.0,4389.0
2025-03-03 19:00:00,1740999600,22720.0,22725.0,22681.0,22718.0,4125.0
2025-03-03 20:00:00,1741003200,22716.0,22758.0,22710.0,22743.0,7180.0
2025-03-03 21:00:00,1741006800,22743.0,22748.0,22658.0,22705.0,8859.0
2025-03-03 22:00:00,1741010400,22707.0,22740.0,22466.0,22508.0,32184.0
2025-03-03 23:00:00,1741014000,22508.0,22645.0,22417.0,22562.0,39489.0
2025-03-04 00:00:00,1741017600,22563.0,22632.0,22518.0,22576.0,12135.0
2025-03-04 01:00:00,1741021200,22576.0,22609.0,22505.0,22516.0,4960.0
2025-03-04 02:00:00,1741024800,22512.0,22519.0,22363.0,22402.0,13688.0
2025-03-04 03:00:00,1741028400,22399.0,22494.0,22320.0,22328.0,10186.0
2025-03-04 04:00:00,1741032000,22327.0,22332.0,22109.0,22191.0,14376.0
2025-03-04 08:45:00,1741049100,22249.0,22431.0,22193.0,22415.0,52205.0
2025-03-04 09:45:00,1741052700,22416.0,22596.0,22377.0,22572.0,30434.0
2025-03-04 10:45:00,1741056300,22573.0,22603.0,22537.0,22586.0,18763.0
2025-03-04 11:45:00,1741059900,22585.0,22668.0,22579.0,22598.0,17054.0
2025-03-04 12:45:00,1741063500,22598.0,22645.0,22545.0,22580.0,20751.0
2025-03-04 15:00:00,1741071600,22595.0,22615.0,22528.0,22571.0,10158.0
2025-03-04 16:00:00,1741075200,22572.0,22594.0,22531.0,22548.0,6942.0
2025-03-04 17:00:00,1741078800,22547.0,22583.0,22491.0,22493.0,8135.0
2025-03-04 18:00:00,1741082400,22494.0,22527.0,22455.0,22506.0,8268.0
2025-03-04 19:00:00,1741086000,22505.0,22549.0,22467.0,22538.0,6159.0
2025-03-04 20:00:00,1741089600,22540.0,22540.0,22413.0,22416.0,13715.0
2025-03-04 21:00:00,1741093200,22417.0,22445.0,22377.0,22409.0,11709.0
2025-03-04 22:00:00,1741096800,22409.0,22682.0,22402.0,22489.0,39589.0
2025-03-04 23:00:00,1741100400,22489.0,22514.0,22339.0,22457.0,35664.0
2025-03-05 00:00:00,1741104000,22455.0,22516.0,22369.0,22490.0,15757.0
2025-03-05 01:00:00,1741107600,22489.0,22604.0,22467.0,22547.0,11396.0
2025-03-05 02:00:00,1741111200,22548.0,22662.0,22534.0,22653.0,8516.0
2025-03-05 03:00:00,1741114800,22651.0,22775.0,22649.0,22770.0,9687.0
2025-03-05 04:00:00,1741118400,22770.0,22828.0,22518.0,22559.0,12820.0
2025-03-05 08:45:00,1741135500,22642.0,22883.0,22637.0,22872.0,58718.0
2025-03-05 09:45:00,1741139100,22872.0,22879.0,22774.0,22829.0,25659.0
2025-03-05 10:45:00,1741142700,22829.0,22899.0,22813.0,22877.0,17197.0
2025-03-05 11:45:00,1741146300,22876.0,22925.0,22867.0,22906.0,12343.0
2025-03-05 12:45:00,1741149900,22906.0,22926.0,22856.0,22894.0,13372.0
2025-03-05 15:00:00,1741158000,22899.0,22921.0,22866.0,22881.0,6021.0
2025-03-05 16:00:00,1741161600,22881.0,22951.0,22854.0,22905.0,9340.0
2025-03-05 17:00:00,1741165200,22908.0,22955.0,22891.0,22950.0,6693.0
2025-03-05 18:00:00,1741168800,22949.0,22962.0,22925.0,22933.0,4326.0
2025-03-05 19:00:00,1741172400,22932.0,22941.0,22878.0,22890.0,4705.0
2025-03-05 20:00:00,1741176000,22891.0,22909.0,22821.0,22863.0,11889.0
2025-03-05 21:00:00,1741179600,22863.0,22881.0,22804.0,22827.0,13236.0
2025-03-05 22:00:00,1741183200,22827.0,22875.0,22719.0,22738.0,32414.0
2025-03-05 23:00:00,1741186800,22741.0,22871.0,22725.0,22818.0,28105.0
2025-03-06 00:00:00,1741190400,22815.0,22833.0,22731.0,22800.0,14046.0
2025-03-06 01:00:00,1741194000,22797.0,22923.0,22795.0,22920.0,11036.0
2025-03-06 02:00:00,1741197600,22920.0,22955.0,22842.0,22954.0,9210.0
2025-03-06 03:00:00,1741201200,22952.0,23014.0,22938.0,22987.0,7990.0
2025-03-06 04:00:00,1741204800,22983.0,23030.0,22961.0,23005.0,5853.0
2025-03-06 08:45:00,1741221900,22991.0,23018.0,22770.0,22785.0,42387.0
2025-03-06 09:45:00,1741225500,22785.0,22850.0,22735.0,22737.0,24848.0
2025-03-06 10:45:00,1741229100,22737.0,22773.0,22705.0,22734.0,15852.0
2025-03-06 11:45:00,1741232700,22736.0,22810.0,22733.0,22801.0,14563.0
2025-03-06 12:45:00,1741236300,22801.0,22816.0,22732.0,22764.0,15026.0
2025-03-06 15:00:00,1741244400,22759.0,22808.0,22675.0,22676.0,12224.0
2025-03-06 16:00:00,1741248000,22676.0,22692.0,22612.0,22617.0,13659.0
2025-03-06 17:00:00,1741251600,22618.0,22665.0,22586.0,22614.0,11086.0
2025-03-06 18:00:00,1741255200,22615.0,22625.0,22562.0,22571.0,8913.0
2025-03-06 19:00:00,1741258800,22570.0,22647.0,22555.0,22640.0,8005.0
2025-03-06 20:00:00,1741262400,22640.0,22647.0,22584.0,22620.0,6641.0
2025-03-06 21:00:00,1741266000,22622.0,22640.0,22565.0,22594.0,10114.0
2025-03-06 22:00:00,1741269600,22597.0,22637.0,22483.0,22603.0,25580.0
2025-03-06 23:00:00,1741273200,22604.0,22710.0,22577.0,22653.0,25684.0
2025-03-07 00:00:00,1741276800,22652.0,22700.0,22533.0,22534.0,17153.0
2025-03-07 01:00:00,1741280400,22535.0,22554.0,22446.0,22514.0,15866.0
2025-03-07 02:00:00,1741284000,22513.0,22566.0,22461.0,22521.0,7007.0
2025-03-07 03:00:00,1741287600,22521.0,22535.0,22413.0,22429.0,7913.0
2025-03-07 04:00:00,1741291200,22428.0,22500.0,22406.0,22425.0,5626.0
2025-03-07 08:45:00,1741308300,22488.0,22684.0,22488.0,22627.0,39850.0
2025-03-07 09:45:00,1741311900,22628.0,22633.0,22480.0,22557.0,28500.0
2025-03-07 10:45:00,1741315500,22558.0,22568.0,22511.0,22528.0,9387.0
2025-03-07 11:45:00,1741319100,22529.0,22596.0,22521.0,22554.0,12424.0
2025-03-07 12:45:00,1741322700,22554.0,22566.0,22509.0,22523.0,13460.0
2025-03-07 15:00:00,1741330800,22456.0,22550.0,22430.0,22514.0,10282.0
2025-03-07 16:00:00,1741334400,22513.0,22539.0,22495.0,22508.0,4465.0
2025-03-07 17:00:00,1741338000,22507.0,22608.0,22492.0,22592.0,7945.0
2025-03-07 18:00:00,1741341600,22592.0,22599.0,22553.0,22575.0,3978.0
2025-03-07 19:00:00,1741345200,22574.0,22604.0,22552.0,22578.0,3799.0
2025-03-07 20:00:00,1741348800,22578.0,22581.0,22474.0,22510.0,9504.0
2025-03-07 21:00:00,1741352400,22509.0,22594.0,22380.0,22461.0,20522.0
2025-03-07 22:00:00,1741356000,22461.0,22629.0,22396.0,22570.0,33390.0
2025-03-07 23:00:00,1741359600,22570.0,22591.0,22367.0,22435.0,33608.0
2025-03-08 00:00:00,1741363200,22436.0,22457.0,22242.0,22284.0,24385.0
2025-03-08 01:00:00,1741366800,22287.0,22425.0,22251.0,22331.0,19084.0
2025-03-08 02:00:00,1741370400,22332.0,22491.0,22328.0,22484.0,12098.0
2025-03-08 03:00:00,1741374000,22485.0,22554.0,22442.0,22490.0,8391.0
2025-03-08 04:00:00,1741377600,22490.0,22578.0,22479.0,22578.0,5678.0
2025-03-10 08:45:00,1741567500,22456.0,22548.0,22341.0,22367.0,50819.0
2025-03-10 09:45:00,1741571100,22366.0,22534.0,22316.0,22505.0,30890.0
2025-03-10 10:45:00,1741574700,22504.0,22510.0,22412.0,22473.0,15579.0
2025-03-10 11:45:00,1741578300,22472.0,22485.0,22427.0,22442.0,9596.0
2025-03-10 12:45:00,1741581900,22440.0,22493.0,22429.0,22443.0,13751.0
2025-03-10 15:00:00,1741590000,22440.0,22484.0,22413.0,22442.0,7752.0
2025-03-10 16:00:00,1741593600,22443.0,22459.0,22338.0,22351.0,10844.0
2025-03-10 17:00:00,1741597200,22351.0,22404.0,22342.0,22366.0,6076.0
2025-03-10 18:00:00,1741600800,22370.0,22384.0,22312.0,22340.0,6359.0
2025-03-10 19:00:00,1741604400,22340.0,22370.0,22316.0,22324.0,5835.0
2025-03-10 20:00:00,1741608000,22325.0,22333.0,22272.0,22295.0,8927.0
2025-03-10 21:00:00,1741611600,22297.0,22338.0,22225.0,22260.0,21976.0
2025-03-10 22:00:00,1741615200,22258.0,22258.0,22099.0,22112.0,29352.0
2025-03-10 23:00:00,1741618800,22113.0,22193.0,22106.0,22120.0,18790.0
2025-03-11 00:00:00,1741622400,22120.0,22152.0,22061.0,22062.0,12477.0
2025-03-11 01:00:00,1741626000,22064.0,22072.0,21969.0,21977.0,12883.0
2025-03-11 02:00:00,1741629600,21974.0,22005.0,21824.0,21835.0,11960.0
2025-03-11 03:00:00,1741633200,21836.0,22043.0,21769.0,22033.0,17441.0
2025-03-11 04:00:00,1741636800,22032.0,22065.0,22012.0,22015.0,4514.0
2025-03-11 08:45:00,1741653900,21862.0,21947.0,21661.0,21891.0,74991.0
2025-03-11 09:45:00,1741657500,21890.0,22050.0,21854.0,21985.0,40233.0
2025-03-11 10:45:00,1741661100,21986.0,22075.0,21938.0,21986.0,20942.0
2025-03-11 11:45:00,1741664700,21986.0,22084.0,21960.0,22046.0,14528.0
2025-03-11 12:45:00,1741668300,22046.0,22075.0,22007.0,22032.0,14328.0
2025-03-11 15:00:00,1741676400,22053.0,22057.0,21982.0,22049.0,9779.0
2025-03-11 16:00:00,1741680000,22048.0,22137.0,22031.0,22136.0,10943.0
2025-03-11 17:00:00,1741683600,22135.0,22154.0,22113.0,22142.0,6089.0
2025-03-11 18:00:00,1741687200,22142.0,22150.0,22087.0,22116.0,5793.0
2025-03-11 19:00:00,1741690800,22117.0,22117.0,22053.0,22114.0,6736.0
2025-03-11 20:00:00,1741694400,22112.0,22118.0,22017.0,22023.0,9401.0
2025-03-11 21:00:00,1741698000,22027.0,22150.0,21985.0,22097.0,23527.0
2025-03-11 22:00:00,1741701600,22097.0,22161.0,21856.0,21901.0,44715.0
2025-03-11 23:00:00,1741705200,21901.0,22075.0,21882.0,21989.0,23794.0
2025-03-12 00:00:00,1741708800,21992.0,22009.0,21895.0,21907.0,12672.0
2025-03-12 01:00:00,1741712400,21907.0,21953.0,21835.0,21926.0,11172.0
2025-03-12 02:00:00,1741716000,21923.0,22137.0,21921.0,22130.0,11219.0
2025-03-12 03:00:00,1741719600,22131.0,22150.0,22023.0,22023.0,6918.0
2025-03-12 04:00:00,1741723200,22022.0,22031.0,21988.0,22021.0,2730.0
2025-03-12 08:45:00,1741740300,22094.0,22178.0,22044.0,22178.0,42771.0
2025-03-12 09:45:00,1741743900,22178.0,22294.0,22176.0,22286.0,27074.0
2025-03-12 10:45:00,1741747500,22286.0,22345.0,22248.0,22277.0,20981.0
2025-03-12 11:45:00,1741751100,22276.0,22290.0,22149.0,22153.0,20742.0
2025-03-12 12:45:00,1741754700,22153.0,22240.0,22111.0,22228.0,22374.0
2025-03-12 15:00:00,1741762800,22188.0,22249.0,22166.0,22243.0,10486.0
2025-03-12 16:00:00,1741766400,22243.0,22279.0,22206.0,22273.0,7791.0
2025-03-12 17:00:00,1741770000,22273.0,22290.0,22248.0,22274.0,5229.0
2025-03-12 18:00:00,1741773600,22275.0,22288.0,22231.0,22264.0,5225.0
2025-03-12 19:00:00,1741777200,22263.0,22306.0,22263.0,22279.0,5501.0
2025-03-12 20:00:00,1741780800,22278.0,22393.0,22255.0,22378.0,17421.0
2025-03-12 21:00:00,1741784400,22376.0,22444.0,22333.0,22381.0,25261.0
2025-03-12 22:00:00,1741788000,22383.0,22429.0,22284.0,22291.0,29499.0
2025-03-12 23:00:00,1741791600,22291.0,22397.0,22240.0,22395.0,20128.0
2025-03-13 00:00:00,1741795200,22395.0,22459.0,22364.0,22403.0,16377.0
2025-03-13 01:00:00,1741798800,22402.0,22455.0,22348.0,22352.0,8058.0
2025-03-13 02:00:00,1741802400,22352.0,22466.0,22348.0,22449.0,6074.0
2025-03-13 03:00:00,1741806000,22448.0,22455.0,22376.0,22421.0,3765.0
2025-03-13 04:00:00,1741809600,22421.0,22421.0,22379.0,22393.0,2344.0
2025-03-13 08:45:00,1741826700,22440.0,22475.0,22316.0,22352.0,43546.0
2025-03-13 09:45:00,1741830300,22351.0,22382.0,22256.0,22263.0,28470.0
2025-03-13 10:45:00,1741833900,22265.0,22276.0,22057.0,22090.0,35784.0
2025-03-13 11:45:00,1741837500,22091.0,22143.0,21974.0,22010.0,29438.0
2025-03-13 12:45:00,1741841100,22011.0,22033.0,21917.0,21923.0,25777.0
2025-03-13 15:00:00,1741849200,21905.0,22006.0,21905.0,21929.0,14150.0
2025-03-13 16:00:00,1741852800,21929.0,21985.0,21873.0,21980.0,13340.0
2025-03-13 17:00:00,1741856400,21980.0,22054.0,21946.0,22052.0,9891.0
2025-03-13 18:00:00,1741860000,22052.0,22058.0,21974.0,21995.0,7638.0
2025-03-13 19:00:00,1741863600,21995.0,22012.0,21929.0,21955.0,10356.0
2025-03-13 20:00:00,1741867200,21952.0,22026.0,21916.0,21967.0,11217.0
2025-03-13 21:00:00,1741870800,21968.0,22024.0,21857.0,21877.0,22018.0
2025-03-13 22:00:00,1741874400,21878.0,22072.0,21857.0,21974.0,30393.0
2025-03-13 23:00:00,1741878000,21979.0,22019.0,21895.0,21928.0,17327.0
2025-03-14 00:00:00,1741881600,21931.0,22017.0,21918.0,21967.0,10844.0
2025-03-14 01:00:00,1741885200,21968.0,21971.0,21896.0,21912.0,6489.0
2025-03-14 02:00:00,1741888800,21912.0,22037.0,21909.0,22037.0,6567.0
2025-03-14 03:00:00,1741892400,22036.0,22055.0,21934.0,21981.0,4571.0
2025-03-14 04:00:00,1741896000,21984.0,22012.0,21978.0,21999.0,1896.0
2025-03-14 08:45:00,1741913100,22123.0,22131.0,21880.0,21994.0,60100.0
2025-03-14 09:45:00,1741916700,21995.0,21996.0,21875.0,21921.0,31612.0
2025-03-14 10:45:00,1741920300,21922.0,22038.0,21914.0,22024.0,19913.0
2025-03-14 11:45:00,1741923900,22025.0,22030.0,21963.0,21995.0,11292.0
2025-03-14 12:45:00,1741927500,21995.0,22030.0,21938.0,21965.0,14445.0
2025-03-14 13:45:00,1741931100,21962.0,21962.0,21962.0,21962.0,1.0
2025-03-14 15:00:00,1741935600,21962.0,21983.0,21933.0,21955.0,6295.0
2025-03-14 16:00:00,1741939200,21953.0,22008.0,21925.0,22005.0,6182.0
2025-03-14 17:00:00,1741942800,22005.0,22025.0,21989.0,22024.0,3639.0
2025-03-14 18:00:00,1741946400,22025.0,22056.0,22009.0,22048.0,5407.0
2025-03-14 19:00:00,1741950000,22048.0,22087.0,22032.0,22069.0,5608.0
2025-03-14 20:00:00,1741953600,22070.0,22097.0,22062.0,22085.0,4976.0
2025-03-14 21:00:00,1741957200,22085.0,22154.0,22046.0,22120.0,17308.0
2025-03-14 22:00:00,1741960800,22120.0,22136.0,22040.0,22129.0,20357.0
2025-03-14 23:00:00,1741964400,22131.0,22211.0,22120.0,22190.0,15089.0
2025-03-15 00:00:00,1741968000,22190.0,22205.0,22144.0,22198.0,8433.0
2025-03-15 01:00:00,1741971600,22197.0,22215.0,22167.0,22169.0,4741.0
2025-03-15 02:00:00,1741975200,22170.0,22197.0,22160.0,22178.0,2487.0
2025-03-15 03:00:00,1741978800,22177.0,22210.0,22166.0,22200.0,2389.0
2025-03-15 04:00:00,1741982400,22198.0,22208.0,22180.0,22208.0,1893.0
2025-03-17 08:45:00,1742172300,22168.0,22258.0,22132.0,22257.0,44473.0
2025-03-17 09:45:00,1742175900,22257.0,22312.0,22154.0,22262.0,38041.0
2025-03-17 10:45:00,1742179500,22262.0,22274.0,22189.0,22197.0,12553.0
2025-03-17 11:45:00,1742183100,22195.0,22231.0,22163.0,22208.0,11576.0
2025-03-17 12:45:00,1742186700,22209.0,22212.0,22111.0,22156.0,19300.0
2025-03-17 15:00:00,1742194800,22135.0,22155.0,22098.0,22151.0,6922.0
2025-03-17 16:00:00,1742198400,22152.0,22193.0,22130.0,22190.0,5489.0
2025-03-17 17:00:00,1742202000,22191.0,22211.0,22177.0,22202.0,4265.0
2025-03-17 18:00:00,1742205600,22200.0,22226.0,22194.0,22219.0,3002.0
2025-03-17 19:00:00,1742209200,22218.0,22243.0,22212.0,22223.0,3430.0
2025-03-17 20:00:00,1742212800,22222.0,22256.0,22203.0,22241.0,5992.0
2025-03-17 21:00:00,1742216400,22240.0,22342.0,22234.0,22310.0,18404.0
2025-03-17 22:00:00,1742220000,22309.0,22330.0,22255.0,22263.0,14184.0
2025-03-17 23:00:00,1742223600,22265.0,22312.0,22246.0,22297.0,9138.0
2025-03-18 00:00:00,1742227200,22297.0,22333.0,22289.0,22318.0,5517.0
2025-03-18 01:00:00,1742230800,22318.0,22375.0,22307.0,22369.0,5424.0
2025-03-18 02:00:00,1742234400,22369.0,22438.0,22368.0,22427.0,4966.0
2025-03-18 03:00:00,1742238000,22428.0,22431.0,22384.0,22392.0,2475.0
2025-03-18 04:00:00,1742241600,22392.0,22404.0,22362.0,22381.0,2279.0
2025-03-18 08:45:00,1742258700,22372.0,22383.0,22273.0,22296.0,36790.0
2025-03-18 09:45:00,1742262300,22296.0,22309.0,22203.0,22205.0,26235.0
2025-03-18 10:45:00,1742265900,22205.0,22240.0,22192.0,22230.0,13374.0
2025-03-18 11:45:00,1742269500,22230.0,22252.0,22215.0,22228.0,7136.0
2025-03-18 12:45:00,1742273100,22227.0,22258.0,22216.0,22236.0,10364.0
2025-03-18 13:45:00,1742276700,22230.0,22230.0,22230.0,22230.0,1.0
2025-03-18 15:00:00,1742281200,22273.0,22300.0,22260.0,22293.0,1765.0
2025-03-18 16:00:00,1742284800,22293.0,22342.0,22281.0,22336.0,1615.0
2025-03-18 17:00:00,1742288400,22337.0,22343.0,22306.0,22307.0,1007.0
2025-03-18 18:00:00,1742292000,22308.0,22311.0,22271.0,22305.0,1571.0
2025-03-18 19:00:00,1742295600,22305.0,22312.0,22280.0,22301.0,855.0
2025-03-18 20:00:00,1742299200,22301.0,22301.0,22234.0,22238.0,1533.0
2025-03-18 21:00:00,1742302800,22238.0,22263.0,22131.0,22131.0,5668.0
2025-03-18 22:00:00,1742306400,22131.0,22177.0,22109.0,22161.0,4545.0
2025-03-18 23:00:00,1742310000,22161.0,22176.0,22118.0,22160.0,2306.0
2025-03-19 00:00:00,1742313600,22160.0,22232.0,22151.0,22225.0,2594.0
2025-03-19 01:00:00,1742317200,22226.0,22239.0,22171.0,22186.0,1438.0
2025-03-19 02:00:00,1742320800,22186.0,22215.0,22137.0,22200.0,1377.0
2025-03-19 03:00:00,1742324400,22200.0,22207.0,22166.0,22177.0,389.0
2025-03-19 04:00:00,1742328000,22183.0,22193.0,22162.0,22162.0,332.0
2025-03-19 08:45:00,1742345100,22235.0,22261.0,22170.0,22187.0,12542.0
2025-03-19 09:45:00,1742348700,22189.0,22201.0,22063.0,22074.0,10944.0
2025-03-19 10:45:00,1742352300,22074.0,22131.0,22050.0,22058.0,7758.0
2025-03-19 11:45:00,1742355900,22059.0,22102.0,21980.0,21990.0,9202.0
2025-03-19 12:45:00,1742359500,21989.0,22047.0,21978.0,22032.0,12293.0
2025-03-19 15:00:00,1742367600,22019.0,22032.0,21970.0,21977.0,10696.0
2025-03-19 16:00:00,1742371200,21977.0,22046.0,21973.0,22038.0,7688.0
2025-03-19 17:00:00,1742374800,22038.0,22067.0,22024.0,22066.0,5788.0
2025-03-19 18:00:00,1742378400,22066.0,22085.0,22060.0,22077.0,4300.0
2025-03-19 19:00:00,1742382000,22077.0,22097.0,22064.0,22082.0,4665.0
2025-03-19 20:00:00,1742385600,22082.0,22091.0,22051.0,22079.0,5481.0
2025-03-19 21:00:00,1742389200,22079.0,22120.0,22051.0,22112.0,16059.0
2025-03-19 22:00:00,1742392800,22111.0,22146.0,22084.0,22088.0,14457.0
2025-03-19 23:00:00,1742396400,22086.0,22160.0,22081.0,22160.0,9524.0
2025-03-20 00:00:00,1742400000,22160.0,22163.0,22115.0,22126.0,4697.0
2025-03-20 01:00:00,1742403600,22126.0,22131.0,22073.0,22090.0,5341.0
2025-03-20 02:00:00,1742407200,22089.0,22199.0,22071.0,22199.0,10023.0
2025-03-20 03:00:00,1742410800,22198.0,22280.0,22141.0,22144.0,11961.0
2025-03-20 04:00:00,1742414400,22144.0,22175.0,22138.0,22165.0,1880.0
2025-03-20 08:45:00,1742431500,22238.0,22350.0,22200.0,22225.0,53069.0
2025-03-20 09:45:00,1742435100,22225.0,22295.0,22221.0,22262.0,20873.0
2025-03-20 10:45:00,1742438700,22262.0,22400.0,22257.0,22395.0,25960.0
2025-03-20 11:45:00,1742442300,22395.0,22406.0,22368.0,22379.0,11041.0
2025-03-20 12:45:00,1742445900,22379.0,22418.0,22365.0,22368.0,14572.0
2025-03-20 13:45:00,1742449500,22366.0,22366.0,22366.0,22366.0,1.0
2025-03-20 15:00:00,1742454000,22368.0,22382.0,22344.0,22364.0,6638.0
2025-03-20 16:00:00,1742457600,22364.0,22374.0,22320.0,22324.0,6422.0
2025-03-20 17:00:00,1742461200,22325.0,22328.0,22238.0,22259.0,15319.0
2025-03-20 18:00:00,1742464800,22260.0,22261.0,22181.0,22224.0,16739.0
2025-03-20 19:00:00,1742468400,22225.0,22258.0,22213.0,22243.0,8269.0
2025-03-20 20:00:00,1742472000,22242.0,22249.0,22205.0,22211.0,6232.0
2025-03-20 21:00:00,1742475600,22212.0,22287.0,22168.0,22285.0,21198.0
2025-03-20 22:00:00,1742479200,22284.0,22348.0,22279.0,22334.0,21330.0
2025-03-20 23:00:00,1742482800,22333.0,22360.0,22300.0,22307.0,12919.0
2025-03-21 00:00:00,1742486400,22306.0,22335.0,22247.0,22254.0,11843.0
2025-03-21 01:00:00,1742490000,22255.0,22298.0,22238.0,22270.0,6268.0
2025-03-21 02:00:00,1742493600,22271.0,22316.0,22257.0,22281.0,4053.0
2025-03-21 03:00:00,1742497200,22281.0,22329.0,22281.0,22317.0,2603.0
2025-03-21 04:00:00,1742500800,22317.0,22321.0,22296.0,22306.0,1244.0
2025-03-21 08:45:00,1742517900,22320.0,22376.0,22242.0,22259.0,47912.0
2025-03-21 09:45:00,1742521500,22260.0,22298.0,22191.0,22228.0,27304.0
2025-03-21 10:45:00,1742525100,22226.0,22265.0,22205.0,22249.0,14021.0
2025-03-21 11:45:00,1742528700,22249.0,22294.0,22236.0,22262.0,11106.0
2025-03-21 12:45:00,1742532300,22263.0,22265.0,22175.0,22178.0,22555.0
2025-03-21 15:00:00,1742540400,22202.0,22210.0,22106.0,22132.0,11799.0
2025-03-21 16:00:00,1742544000,22131.0,22159.0,22056.0,22078.0,12649.0
2025-03-21 17:00:00,1742547600,22077.0,22124.0,22064.0,22102.0,6774.0
2025-03-21 18:00:00,1742551200,22102.0,22127.0,22078.0,22111.0,5258.0
2025-03-21 19:00:00,1742554800,22112.0,22135.0,22096.0,22103.0,4152.0
2025-03-21 20:00:00,1742558400,22102.0,22145.0,22036.0,22040.0,10674.0
2025-03-21 21:00:00,1742562000,22039.0,22099.0,22017.0,22080.0,18688.0
2025-03-21 22:00:00,1742565600,22083.0,22120.0,22052.0,22115.0,14088.0
2025-03-21 23:00:00,1742569200,22116.0,22125.0,22041.0,22069.0,9637.0
2025-03-22 00:00:00,1742572800,22067.0,22198.0,22054.0,22196.0,13681.0
2025-03-22 01:00:00,1742576400,22195.0,22211.0,22150.0,22180.0,7991.0
2025-03-22 02:00:00,1742580000,22181.0,22210.0,22167.0,22184.0,3523.0
2025-03-22 03:00:00,1742583600,22184.0,22200.0,22147.0,22198.0,3135.0
2025-03-22 04:00:00,1742587200,22197.0,22211.0,22191.0,22198.0,2170.0
2025-03-24 08:45:00,1742777100,22298.0,22398.0,22230.0,22232.0,51706.0
2025-03-24 09:45:00,1742780700,22232.0,22270.0,22208.0,22213.0,23189.0
2025-03-24 10:45:00,1742784300,22211.0,22246.0,22125.0,22148.0,24017.0
2025-03-24 11:45:00,1742787900,22149.0,22195.0,22138.0,22184.0,11024.0
2025-03-24 12:45:00,1742791500,22182.0,22183.0,22128.0,22154.0,12399.0
2025-03-24 15:00:00,1742799600,22171.0,22229.0,22161.0,22222.0,8755.0
2025-03-24 16:00:00,1742803200,22220.0,22257.0,22216.0,22256.0,6487.0
2025-03-24 17:00:00,1742806800,22254.0,22258.0,22196.0,22208.0,5626.0
2025-03-24 18:00:00,1742810400,22208.0,22252.0,22203.0,22238.0,3749.0
2025-03-24 19:00:00,1742814000,22239.0,22247.0,22226.0,22232.0,2506.0
2025-03-24 20:00:00,1742817600,22232.0,22268.0,22211.0,22224.0,6492.0
2025-03-24 21:00:00,1742821200,22224.0,22284.0,22219.0,22270.0,13837.0
2025-03-24 22:00:00,1742824800,22270.0,22338.0,22254.0,22326.0,14296.0
2025-03-24 23:00:00,1742828400,22328.0,22366.0,22315.0,22339.0,9768.0
2025-03-25 00:00:00,1742832000,22339.0,22368.0,22311.0,22328.0,6285.0
2025-03-25 01:00:00,1742835600,22326.0,22344.0,22319.0,22330.0,2339.0
2025-03-25 02:00:00,1742839200,22330.0,22359.0,22306.0,22353.0,3043.0
2025-03-25 03:00:00,1742842800,22351.0,22362.0,22336.0,22336.0,1435.0
2025-03-25 04:00:00,1742846400,22336.0,22340.0,22326.0,22338.0,1482.0
2025-03-25 08:45:00,1742863500,22335.0,22425.0,22320.0,22424.0,47324.0
2025-03-25 09:45:00,1742867100,22425.0,22444.0,22245.0,22251.0,42204.0
2025-03-25 10:45:00,1742870700,22251.0,22282.0,22202.0,22279.0,21567.0
2025-03-25 11:45:00,1742874300,22279.0,22297.0,22223.0,22288.0,12445.0
2025-03-25 12:45:00,1742877900,22287.0,22312.0,22272.0,22303.0,12538.0
2025-03-25 15:00:00,1742886000,22311.0,22355.0,22301.0,22331.0,8304.0
2025-03-25 16:00:00,1742889600,22330.0,22353.0,22310.0,22331.0,5660.0
2025-03-25 17:00:00,1742893200,22332.0,22353.0,22297.0,22351.0,5658.0
2025-03-25 18:00:00,1742896800,22352.0,22372.0,22333.0,22371.0,4538.0
2025-03-25 19:00:00,1742900400,22371.0,22392.0,22362.0,22389.0,4450.0
2025-03-25 20:00:00,1742904000,22387.0,22396.0,22359.0,22367.0,4924.0
2025-03-25 21:00:00,1742907600,22368.0,22383.0,22310.0,22344.0,14700.0
2025-03-25 22:00:00,1742911200,22345.0,22375.0,22315.0,22367.0,11908.0
2025-03-25 23:00:00,1742914800,22367.0,22380.0,22324.0,22332.0,6704.0
2025-03-26 00:00:00,1742918400,22331.0,22356.0,22327.0,22350.0,3766.0
2025-03-26 01:00:00,1742922000,22351.0,22366.0,22317.0,22328.0,3008.0
2025-03-26 02:00:00,1742925600,22328.0,22348.0,22322.0,22332.0,1156.0
2025-03-26 03:00:00,1742929200,22333.0,22380.0,22329.0,22371.0,1753.0
2025-03-26 04:00:00,1742932800,22368.0,22381.0,22365.0,22370.0,1318.0
2025-03-26 08:45:00,1742949900,22399.0,22428.0,22308.0,22358.0,43861.0
2025-03-26 09:45:00,1742953500,22357.0,22368.0,22250.0,22274.0,26846.0
2025-03-26 10:45:00,1742957100,22275.0,22332.0,22267.0,22269.0,14916.0
2025-03-26 11:45:00,1742960700,22269.0,22323.0,22267.0,22305.0,9455.0
2025-03-26 12:45:00,1742964300,22306.0,22344.0,22290.0,22306.0,14089.0
2025-03-26 15:00:00,1742972400,22303.0,22315.0,22262.0,22283.0,7692.0
2025-03-26 16:00:00,1742976000,22285.0,22293.0,22243.0,22252.0,7625.0
2025-03-26 17:00:00,1742979600,22252.0,22269.0,22226.0,22226.0,6523.0
2025-03-26 18:00:00,1742983200,22228.0,22264.0,22225.0,22264.0,4260.0
2025-03-26 19:00:00,1742986800,22264.0,22285.0,22249.0,22276.0,4091.0
2025-03-26 20:00:00,1742990400,22277.0,22277.0,22253.0,22271.0,3261.0
2025-03-26 21:00:00,1742994000,22270.0,22275.0,22153.0,22156.0,20242.0
2025-03-26 22:00:00,1742997600,22156.0,22180.0,22110.0,22154.0,20280.0
2025-03-26 23:00:00,1743001200,22154.0,22167.0,22088.0,22091.0,11348.0
2025-03-27 00:00:00,1743004800,22090.0,22094.0,22042.0,22051.0,10895.0
2025-03-27 01:00:00,1743008400,22051.0,22057.0,21979.0,21988.0,11245.0
2025-03-27 02:00:00,1743012000,21989.0,22033.0,21970.0,21973.0,5103.0
2025-03-27 03:00:00,1743015600,21973.0,22043.0,21972.0,22027.0,3671.0
2025-03-27 04:00:00,1743019200,22025.0,22054.0,22024.0,22044.0,2679.0
2025-03-27 08:45:00,1743036300,22032.0,22052.0,21905.0,21928.0,55623.0
2025-03-27 09:45:00,1743039900,21927.0,22004.0,21923.0,21983.0,19774.0
2025-03-27 10:45:00,1743043500,21983.0,21993.0,21891.0,21931.0,19116.0
2025-03-27 11:45:00,1743047100,21930.0,21964.0,21920.0,21955.0,9670.0
2025-03-27 12:45:00,1743050700,21953.0,21988.0,21920.0,21971.0,13968.0
2025-03-27 15:00:00,1743058800,21956.0,21965.0,21858.0,21864.0,11076.0
2025-03-27 16:00:00,1743062400,21864.0,21889.0,21823.0,21885.0,11675.0
2025-03-27 17:00:00,1743066000,21885.0,21930.0,21871.0,21926.0,6657.0
2025-03-27 18:00:00,1743069600,21927.0,21943.0,21893.0,21896.0,5515.0
2025-03-27 19:00:00,1743073200,21897.0,21914.0,21856.0,21901.0,7109.0
2025-03-27 20:00:00,1743076800,21901.0,21927.0,21882.0,21887.0,6047.0
2025-03-27 21:00:00,1743080400,21887.0,21893.0,21786.0,21883.0,23555.0
2025-03-27 22:00:00,1743084000,21883.0,21986.0,21857.0,21977.0,25568.0
2025-03-27 23:00:00,1743087600,21975.0,21979.0,21822.0,21831.0,18266.0
2025-03-28 00:00:00,1743091200,21832.0,21896.0,21795.0,21801.0,11091.0
2025-03-28 01:00:00,1743094800,21801.0,21856.0,21797.0,21812.0,6090.0
2025-03-28 02:00:00,1743098400,21811.0,21867.0,21808.0,21827.0,3099.0
2025-03-28 03:00:00,1743102000,21827.0,21877.0,21815.0,21833.0,2404.0
2025-03-28 04:00:00,1743105600,21834.0,21848.0,21823.0,21823.0,1443.0
2025-03-28 08:45:00,1743122700,21729.0,21795.0,21657.0,21673.0,54926.0
2025-03-28 09:45:00,1743126300,21673.0,21686.0,21571.0,21576.0,34330.0
2025-03-28 10:45:00,1743129900,21575.0,21580.0,21495.0,21513.0,25436.0
2025-03-28 11:45:00,1743133500,21512.0,21567.0,21484.0,21543.0,17040.0
2025-03-28 12:45:00,1743137100,21544.0,21619.0,21504.0,21604.0,24446.0
2025-03-28 15:00:00,1743145200,21577.0,21644.0,21531.0,21534.0,13772.0
2025-03-28 16:00:00,1743148800,21534.0,21584.0,21519.0,21577.0,8580.0
2025-03-28 17:00:00,1743152400,21579.0,21603.0,21554.0,21562.0,5292.0
2025-03-28 18:00:00,1743156000,21562.0,21605.0,21548.0,21590.0,4143.0
2025-03-28 19:00:00,1743159600,21590.0,21602.0,21565.0,21597.0,4010.0
2025-03-28 20:00:00,1743163200,21595.0,21619.0,21531.0,21532.0,9741.0
2025-03-28 21:00:00,1743166800,21533.0,21626.0,21519.0,21548.0,19167.0
2025-03-28 22:00:00,1743170400,21547.0,21564.0,21313.0,21341.0,36678.0
2025-03-28 23:00:00,1743174000,21343.0,21381.0,21283.0,21291.0,20163.0
2025-03-29 00:00:00,1743177600,21290.0,21338.0,21212.0,21213.0,15191.0
2025-03-29 01:00:00,1743181200,21213.0,21222.0,21130.0,21183.0,13266.0
2025-03-29 02:00:00,1743184800,21183.0,21243.0,21176.0,21227.0,7924.0
2025-03-29 03:00:00,1743188400,21225.0,21237.0,21158.0,21207.0,4659.0
2025-03-29 04:00:00,1743192000,21206.0,21209.0,21136.0,21136.0,3311.0
2025-03-31 08:45:00,1743381900,20863.0,21065.0,20854.0,20912.0,67917.0
2025-03-31 09:45:00,1743385500,20914.0,20996.0,20815.0,20860.0,39011.0
2025-03-31 10:45:00,1743389100,20858.0,20878.0,20724.0,20817.0,34372.0
2025-03-31 11:45:00,1743392700,20817.0,20861.0,20735.0,20841.0,19731.0
2025-03-31 12:45:00,1743396300,20842.0,20846.0,20738.0,20778.0,23732.0
2025-03-31 15:00:00,1743404400,20807.0,20896.0,20793.0,20895.0,14387.0
2025-03-31 16:00:00,1743408000,20895.0,20921.0,20831.0,20834.0,9711.0
2025-03-31 17:00:00,1743411600,20832.0,20835.0,20754.0,20784.0,9606.0
2025-03-31 18:00:00,1743415200,20785.0,20823.0,20764.0,20788.0,5786.0
2025-03-31 19:00:00,1743418800,20791.0,20804.0,20688.0,20762.0,11439.0
2025-03-31 20:00:00,1743422400,20758.0,20837.0,20737.0,20834.0,9850.0
2025-03-31 21:00:00,1743426000,20832.0,20849.0,20722.0,20810.0,23077.0
2025-03-31 22:00:00,1743429600,20807.0,20945.0,20805.0,20924.0,29212.0
2025-03-31 23:00:00,1743433200,20923.0,21017.0,20920.0,20961.0,19387.0
2025-04-01 00:00:00,1743436800,20962.0,21000.0,20930.0,20948.0,8878.0
2025-04-01 01:00:00,1743440400,20948.0,20997.0,20943.0,20963.0,3843.0
2025-04-01 02:00:00,1743444000,20963.0,21065.0,20960.0,21036.0,6062.0
2025-04-01 03:00:00,1743447600,21033.0,21132.0,21033.0,21120.0,5057.0
2025-04-01 04:00:00,1743451200,21120.0,21120.0,21070.0,21081.0,2426.0
2025-04-01 08:45:00,1743468300,21018.0,21123.0,20887.0,21121.0,56780.0
2025-04-01 09:45:00,1743471900,21122.0,21185.0,21073.0,21173.0,34239.0
2025-04-01 10:45:00,1743475500,21175.0,21212.0,21126.0,21188.0,18044.0
2025-04-01 11:45:00,1743479100,21189.0,21213.0,21146.0,21186.0,12819.0
2025-04-01 12:45:00,1743482700,21186.0,21271.0,21175.0,21178.0,23121.0
2025-04-01 15:00:00,1743490800,21227.0,21247.0,21166.0,21178.0,9981.0
2025-04-01 16:00:00,1743494400,21178.0,21257.0,21170.0,21242.0,7571.0
2025-04-01 17:00:00,1743498000,21242.0,21269.0,21233.0,21246.0,4511.0
2025-04-01 18:00:00,1743501600,21247.0,21249.0,21125.0,21138.0,13032.0
2025-04-01 19:00:00,1743505200,21140.0,21155.0,21110.0,21150.0,9132.0
2025-04-01 20:00:00,1743508800,21150.0,21184.0,21133.0,21163.0,6590.0
2025-04-01 21:00:00,1743512400,21164.0,21194.0,21080.0,21144.0,20295.0
2025-04-01 22:00:00,1743516000,21143.0,21245.0,21060.0,21245.0,29661.0
2025-04-01 23:00:00,1743519600,21243.0,21365.0,21233.0,21343.0,26975.0
2025-04-02 00:00:00,1743523200,21344.0,21389.0,21270.0,21320.0,15292.0
2025-04-02 01:00:00,1743526800,21319.0,21341.0,21285.0,21286.0,5341.0
2025-04-02 02:00:00,1743530400,21289.0,21292.0,21211.0,21259.0,7147.0
2025-04-02 03:00:00,1743534000,21257.0,21375.0,21250.0,21372.0,4666.0
2025-04-02 04:00:00,1743537600,21372.0,21380.0,21326.0,21330.0,2470.0
2025-04-02 08:45:00,1743554700,21261.0,21360.0,21225.0,21314.0,48349.0
2025-04-02 09:45:00,1743558300,21314.0,21335.0,21188.0,21268.0,34480.0
2025-04-02 10:45:00,1743561900,21267.0,21309.0,21242.0,21243.0,15896.0
2025-04-02 11:45:00,1743565500,21244.0,21284.0,21202.0,21232.0,14472.0
2025-04-02 12:45:00,1743569100,21234.0,21305.0,21232.0,21302.0,15085.0
2025-04-02 15:00:00,1743577200,21302.0,21341.0,21289.0,21318.0,7382.0
2025-04-02 16:00:00,1743580800,21319.0,21336.0,21278.0,21320.0,5624.0
2025-04-02 17:00:00,1743584400,21319.0,21339.0,21305.0,21311.0,3158.0
2025-04-02 18:00:00,1743588000,21312.0,21316.0,21263.0,21265.0,6431.0
2025-04-02 19:00:00,1743591600,21266.0,21293.0,21264.0,21268.0,3085.0
2025-04-02 20:00:00,1743595200,21271.0,21275.0,21208.0,21249.0,10594.0
2025-04-02 21:00:00,1743598800,21249.0,21368.0,21190.0,21324.0,23424.0
2025-04-02 22:00:00,1743602400,21324.0,21435.0,21314.0,21433.0,25998.0
2025-04-02 23:00:00,1743606000,21434.0,21484.0,21396.0,21459.0,16870.0
2025-04-03 00:00:00,1743609600,21458.0,21544.0,21451.0,21533.0,10944.0
2025-04-03 01:00:00,1743613200,21532.0,21578.0,21410.0,21434.0,14340.0
2025-04-03 02:00:00,1743616800,21433.0,21446.0,21326.0,21344.0,14330.0
2025-04-03 03:00:00,1743620400,21347.0,21507.0,21347.0,21477.0,8959.0
2025-04-03 04:00:00,1743624000,21471.0,21668.0,20806.0,20850.0,53927.0
2025-04-07 08:45:00,1743986700,19167.0,19167.0,19167.0,19167.0,4270.0
2025-04-07 09:45:00,1743990300,19167.0,19167.0,19167.0,19167.0,172.0
2025-04-07 10:45:00,1743993900,19167.0,19167.0,19167.0,19167.0,41.0
2025-04-07 11:45:00,1743997500,19167.0,19167.0,19167.0,19167.0,36.0
2025-04-07 12:45:00,1744001100,19167.0,19167.0,19167.0,19167.0,50.0
2025-04-07 15:00:00,1744009200,17693.0,17963.0,17567.0,17858.0,55939.0
2025-04-07 16:00:00,1744012800,17858.0,18017.0,17721.0,17730.0,28246.0
2025-04-07 17:00:00,1744016400,17730.0,17795.0,17603.0,17619.0,24978.0
2025-04-07 18:00:00,1744020000,17619.0,17974.0,17615.0,17869.0,30583.0
2025-04-07 19:00:00,1744023600,17870.0,17964.0,17782.0,17833.0,19547.0
2025-04-07 20:00:00,1744027200,17835.0,17932.0,17786.0,17908.0,20064.0
2025-04-07 21:00:00,1744030800,17908.0,18232.0,17740.0,18218.0,43013.0
2025-04-07 22:00:00,1744034400,18219.0,19287.0,18111.0,18570.0,118300.0
2025-04-07 23:00:00,1744038000,18572.0,18753.0,18160.0,18371.0,54163.0
2025-04-08 00:00:00,1744041600,18367.0,18404.0,18170.0,18212.0,24851.0
2025-04-08 01:00:00,1744045200,18214.0,18513.0,18213.0,18503.0,25268.0
2025-04-08 02:00:00,1744048800,18503.0,18527.0,18335.0,18357.0,16130.0
2025-04-08 03:00:00,1744052400,18359.0,18482.0,18306.0,18457.0,11989.0
2025-04-08 04:00:00,1744056000,18458.0,18465.0,18370.0,18379.0,2963.0
2025-04-08 08:45:00,1744073100,18617.0,18756.0,18332.0,18542.0,100274.0
2025-04-08 09:45:00,1744076700,18543.0,18558.0,18203.0,18208.0,46865.0
2025-04-08 10:45:00,1744080300,18208.0,18266.0,18003.0,18097.0,44248.0
2025-04-08 11:45:00,1744083900,18097.0,18179.0,18054.0,18130.0,21128.0
2025-04-08 12:45:00,1744087500,18130.0,18354.0,18103.0,18193.0,32689.0
2025-04-08 15:00:00,1744095600,18248.0,18353.0,18212.0,18324.0,17381.0
2025-04-08 16:00:00,1744099200,18324.0,18331.0,18194.0,18267.0,13492.0
2025-04-08 17:00:00,1744102800,18265.0,18270.0,18065.0,18103.0,14796.0
2025-04-08 18:00:00,1744106400,18103.0,18498.0,18078.0,18491.0,26414.0
2025-04-08 19:00:00,1744110000,18494.0,18729.0,18494.0,18689.0,39291.0
2025-04-08 20:00:00,1744113600,18689.0,18712.0,18621.0,18679.0,15474.0
2025-04-08 21:00:00,1744117200,18679.0,18847.0,18664.0,18776.0,42921.0
2025-04-08 22:00:00,1744120800,18776.0,18826.0,18690.0,18691.0,27700.0
2025-04-08 23:00:00,1744124400,18690.0,18746.0,18572.0,18650.0,28543.0
2025-04-09 00:00:00,1744128000,18649.0,18663.0,18341.0,18345.0,32498.0
2025-04-09 01:00:00,1744131600,18345.0,18427.0,18107.0,18308.0,37636.0
2025-04-09 02:00:00,1744135200,18308.0,18371.0,18163.0,18163.0,18331.0
2025-04-09 03:00:00,1744138800,18162.0,18178.0,17723.0,17993.0,30191.0
2025-04-09 04:00:00,1744142400,17993.0,18056.0,17909.0,18055.0,11343.0
2025-04-09 08:45:00,1744159500,17862.0,18285.0,17839.0,18094.0,88981.0
2025-04-09 09:45:00,1744163100,18092.0,18203.0,17934.0,17937.0,46260.0
2025-04-09 10:45:00,1744166700,17937.0,17957.0,17433.0,17495.0,73523.0
2025-04-09 11:45:00,1744170300,17495.0,17602.0,17156.0,17285.0,60662.0
2025-04-09 12:45:00,1744173900,17287.0,17535.0,17138.0,17204.0,62001.0
2025-04-09 13:45:00,1744177500,17204.0,17204.0,17204.0,17204.0,2.0
2025-04-09 15:00:00,1744182000,17340.0,17668.0,17340.0,17628.0,36891.0
2025-04-09 16:00:00,1744185600,17627.0,17712.0,17424.0,17583.0,25787.0
2025-04-09 17:00:00,1744189200,17585.0,17658.0,17504.0,17543.0,15033.0
2025-04-09 18:00:00,1744192800,17544.0,17602.0,17430.0,17502.0,18423.0
2025-04-09 19:00:00,1744196400,17505.0,17505.0,17015.0,17130.0,57658.0
2025-04-09 20:00:00,1744200000,17130.0,17418.0,17070.0,17301.0,30910.0
2025-04-09 21:00:00,1744203600,17297.0,17577.0,17296.0,17487.0,46180.0
2025-04-09 22:00:00,1744207200,17486.0,17619.0,17222.0,17224.0,44474.0
2025-04-09 23:00:00,1744210800,17225.0,17445.0,17218.0,17360.0,29737.0
2025-04-10 00:00:00,1744214400,17362.0,17559.0,17334.0,17509.0,16478.0
2025-04-10 01:00:00,1744218000,17506.0,18818.0,17440.0,18758.0,76841.0
2025-04-10 02:00:00,1744221600,18760.0,18902.0,18755.0,18902.0,10624.0
2025-04-10 03:00:00,1744225200,18902.0,18902.0,18902.0,18902.0,361.0
2025-04-10 04:00:00,1744228800,18902.0,18902.0,18902.0,18902.0,297.0
2025-04-10 08:45:00,1744245900,18902.0,18902.0,18902.0,18902.0,1333.0
2025-04-10 09:45:00,1744249500,18902.0,18902.0,18902.0,18902.0,69.0
2025-04-10 10:45:00,1744253100,18902.0,18902.0,18902.0,18902.0,58.0
2025-04-10 11:45:00,1744256700,18902.0,18902.0,18902.0,18902.0,63.0
2025-04-10 12:45:00,1744260300,18902.0,18902.0,18902.0,18902.0,57.0
2025-04-10 15:00:00,1744268400,19670.0,19747.0,19303.0,19403.0,47746.0
2025-04-10 16:00:00,1744272000,19405.0,19427.0,19203.0,19272.0,21242.0
2025-04-10 17:00:00,1744275600,19274.0,19366.0,19220.0,19273.0,15920.0
2025-04-10 18:00:00,1744279200,19277.0,19432.0,19261.0,19330.0,14556.0
2025-04-10 19:00:00,1744282800,19331.0,19409.0,19306.0,19381.0,9709.0
2025-04-10 20:00:00,1744286400,19380.0,19456.0,19224.0,19334.0,26170.0
2025-04-10 21:00:00,1744290000,19334.0,19415.0,19061.0,19061.0,46555.0
2025-04-10 22:00:00,1744293600,19062.0,19168.0,18913.0,18992.0,48658.0
2025-04-10 23:00:00,1744297200,18992.0,19090.0,18692.0,18696.0,39143.0
2025-04-11 00:00:00,1744300800,18694.0,18777.0,18384.0,18754.0,60908.0
2025-04-11 01:00:00,1744304400,18752.0,18910.0,18492.0,18840.0,42007.0
2025-04-11 02:00:00,1744308000,18838.0,19017.0,18688.0,18908.0,27801.0
2025-04-11 03:00:00,1744311600,18910.0,18989.0,18640.0,18862.0,18372.0
2025-04-11 04:00:00,1744315200,18864.0,18929.0,18779.0,18842.0,4912.0
2025-04-11 08:45:00,1744332300,18563.0,19084.0,18440.0,19055.0,97967.0
2025-04-11 09:45:00,1744335900,19053.0,19316.0,18926.0,19236.0,64113.0
2025-04-11 10:45:00,1744339500,19238.0,19311.0,19131.0,19262.0,36901.0
2025-04-11 11:45:00,1744343100,19259.0,19360.0,19230.0,19349.0,21890.0
2025-04-11 12:45:00,1744346700,19350.0,19565.0,19285.0,19531.0,28773.0
2025-04-11 13:45:00,1744350300,19531.0,19531.0,19531.0,19531.0,1.0
2025-04-11 15:00:00,1744354800,19543.0,19545.0,19377.0,19430.0,22073.0
2025-04-11 16:00:00,1744358400,19429.0,19453.0,19260.0,19320.0,24503.0
2025-04-11 17:00:00,1744362000,19318.0,19468.0,19273.0,19449.0,15704.0
2025-04-11 18:00:00,1744365600,19447.0,19492.0,19401.0,19456.0,12950.0
2025-04-11 19:00:00,1744369200,19457.0,19494.0,19325.0,19432.0,14892.0
2025-04-11 20:00:00,1744372800,19434.0,19586.0,19425.0,19452.0,19950.0
2025-04-11 21:00:00,1744376400,19455.0,19500.0,19266.0,19400.0,43673.0
2025-04-11 22:00:00,1744380000,19404.0,19453.0,19178.0,19250.0,44519.0
2025-04-11 23:00:00,1744383600,19249.0,19438.0,19221.0,19438.0,25858.0
2025-04-12 00:00:00,1744387200,19437.0,19534.0,19357.0,19492.0,18827.0
2025-04-12 01:00:00,1744390800,19491.0,19580.0,19375.0,19532.0,19292.0
2025-04-12 02:00:00,1744394400,19527.0,19547.0,19447.0,19480.0,9397.0
2025-04-12 03:00:00,1744398000,19482.0,19574.0,19481.0,19519.0,6214.0
2025-04-12 04:00:00,1744401600,19513.0,19537.0,19496.0,19535.0,1896.0
2025-04-14 08:45:00,1744591500,19796.0,19981.0,19593.0,19622.0,84151.0
2025-04-14 09:45:00,1744595100,19619.0,19784.0,19582.0,19746.0,38115.0
2025-04-14 10:45:00,1744598700,19746.0,19796.0,19642.0,19648.0,23319.0
2025-04-14 11:45:00,1744602300,19648.0,19665.0,19475.0,19484.0,23650.0
2025-04-14 12:45:00,1744605900,19485.0,19552.0,19452.0,19495.0,21042.0
2025-04-14 15:00:00,1744614000,19538.0,19561.0,19464.0,19539.0,9333.0
2025-04-14 16:00:00,1744617600,19538.0,19547.0,19481.0,19497.0,6143.0
2025-04-14 17:00:00,1744621200,19497.0,19552.0,19432.0,19482.0,7174.0
2025-04-14 18:00:00,1744624800,19484.0,19509.0,19472.0,19501.0,4099.0
2025-04-14 19:00:00,1744628400,19500.0,19546.0,19484.0,19492.0,5701.0
2025-04-14 20:00:00,1744632000,19490.0,19617.0,19484.0,19597.0,9121.0
2025-04-14 21:00:00,1744635600,19598.0,19628.0,19451.0,19493.0,30230.0
2025-04-14 22:00:00,1744639200,19496.0,19635.0,19491.0,19569.0,24301.0
2025-04-14 23:00:00,1744642800,19569.0,19590.0,19381.0,19405.0,21910.0
2025-04-15 00:00:00,1744646400,19408.0,19472.0,19346.0,19399.0,17244.0
2025-04-15 01:00:00,1744650000,19399.0,19538.0,19390.0,19519.0,12826.0
2025-04-15 02:00:00,1744653600,19519.0,19596.0,19514.0,19574.0,4511.0
2025-04-15 03:00:00,1744657200,19575.0,19625.0,19492.0,19514.0,4143.0
2025-04-15 04:00:00,1744660800,19514.0,19524.0,19435.0,19510.0,2794.0
2025-04-15 08:45:00,1744677900,19588.0,19664.0,19516.0,19628.0,46069.0
2025-04-15 09:45:00,1744681500,19626.0,19769.0,19605.0,19759.0,29460.0
2025-04-15 10:45:00,1744685100,19759.0,19833.0,19740.0,19814.0,16756.0
2025-04-15 11:45:00,1744688700,19815.0,19826.0,19765.0,19814.0,11213.0
2025-04-15 12:45:00,1744692300,19813.0,19828.0,19775.0,19797.0,12243.0
2025-04-15 13:45:00,1744695900,19797.0,19797.0,19796.0,19796.0,2.0
2025-04-15 15:00:00,1744700400,19785.0,19868.0,19780.0,19827.0,2498.0
2025-04-15 16:00:00,1744704000,19827.0,19833.0,19770.0,19826.0,1752.0
2025-04-15 17:00:00,1744707600,19824.0,19838.0,19793.0,19798.0,860.0
2025-04-15 18:00:00,1744711200,19797.0,19815.0,19770.0,19790.0,804.0
2025-04-15 19:00:00,1744714800,19792.0,19797.0,19721.0,19722.0,1504.0
2025-04-15 20:00:00,1744718400,19725.0,19765.0,19709.0,19759.0,1867.0
2025-04-15 21:00:00,1744722000,19758.0,19857.0,19756.0,19826.0,4084.0
2025-04-15 22:00:00,1744725600,19828.0,19887.0,19730.0,19798.0,5993.0
2025-04-15 23:00:00,1744729200,19801.0,19854.0,19792.0,19830.0,2432.0
2025-04-16 00:00:00,1744732800,19831.0,19868.0,19794.0,19806.0,1538.0
2025-04-16 01:00:00,1744736400,19805.0,19825.0,19772.0,19793.0,1159.0
2025-04-16 02:00:00,1744740000,19791.0,19817.0,19766.0,19800.0,635.0
2025-04-16 03:00:00,1744743600,19798.0,19820.0,19774.0,19777.0,487.0
2025-04-16 04:00:00,1744747200,19777.0,19808.0,19768.0,19803.0,344.0
2025-04-16 08:45:00,1744764300,19607.0,19623.0,19515.0,19592.0,18670.0
2025-04-16 09:45:00,1744767900,19593.0,19599.0,19390.0,19424.0,13237.0
2025-04-16 10:45:00,1744771500,19424.0,19444.0,19356.0,19400.0,8951.0
2025-04-16 11:45:00,1744775100,19401.0,19432.0,19366.0,19409.0,6343.0
2025-04-16 12:45:00,1744778700,19407.0,19440.0,19306.0,19350.0,14221.0
2025-04-16 13:45:00,1744782300,19350.0,19350.0,19350.0,19350.0,1.0
2025-04-16 15:00:00,1744786800,19367.0,19387.0,19205.0,19207.0,16875.0
2025-04-16 16:00:00,1744790400,19210.0,19445.0,19181.0,19348.0,28166.0
2025-04-16 17:00:00,1744794000,19350.0,19403.0,19318.0,19320.0,8891.0
2025-04-16 18:00:00,1744797600,19319.0,19372.0,19310.0,19348.0,5459.0
2025-04-16 19:00:00,1744801200,19348.0,19399.0,19330.0,19373.0,5679.0
2025-04-16 20:00:00,1744804800,19372.0,19380.0,19294.0,19300.0,7841.0
2025-04-16 21:00:00,1744808400,19297.0,19339.0,19211.0,19246.0,26463.0
2025-04-16 22:00:00,1744812000,19246.0,19356.0,19238.0,19348.0,18947.0
2025-04-16 23:00:00,1744815600,19349.0,19447.0,19318.0,19359.0,19032.0
2025-04-17 00:00:00,1744819200,19359.0,19375.0,19331.0,19349.0,6866.0
2025-04-17 01:00:00,1744822800,19347.0,19389.0,19113.0,19114.0,17204.0
2025-04-17 02:00:00,1744826400,19114.0,19207.0,19048.0,19049.0,13893.0
2025-04-17 03:00:00,1744830000,19049.0,19184.0,19002.0,19153.0,10376.0
2025-04-17 04:00:00,1744833600,19151.0,19208.0,19133.0,19148.0,4080.0
2025-04-17 08:45:00,1744850700,19242.0,19341.0,19152.0,19170.0,56185.0
2025-04-17 09:45:00,1744854300,19168.0,19325.0,19112.0,19280.0,39658.0
2025-04-17 10:45:00,1744857900,19280.0,19406.0,19248.0,19329.0,27546.0
2025-04-17 11:45:00,1744861500,19330.0,19338.0,19252.0,19298.0,16516.0
2025-04-17 12:45:00,1744865100,19299.0,19374.0,19285.0,19369.0,17995.0
2025-04-17 13:45:00,1744868700,19369.0,19370.0,19369.0,19370.0,2.0
2025-04-17 15:00:00,1744873200,19513.0,19583.0,19461.0,19557.0,21871.0
2025-04-17 16:00:00,1744876800,19557.0,19575.0,19504.0,19507.0,8942.0
2025-04-17 17:00:00,1744880400,19506.0,19531.0,19442.0,19523.0,11010.0
2025-04-17 18:00:00,1744884000,19520.0,19523.0,19390.0,19410.0,13205.0
2025-04-17 19:00:00,1744887600,19411.0,19449.0,19385.0,19447.0,7864.0
2025-04-17 20:00:00,1744891200,19448.0,19515.0,19417.0,19430.0,11753.0
2025-04-17 21:00:00,1744894800,19429.0,19467.0,19347.0,19387.0,25631.0
2025-04-17 22:00:00,1744898400,19387.0,19400.0,19253.0,19273.0,28897.0
2025-04-17 23:00:00,1744902000,19272.0,19388.0,19270.0,19326.0,17672.0
2025-04-18 00:00:00,1744905600,19327.0,19417.0,19313.0,19409.0,17909.0
2025-04-18 01:00:00,1744909200,19408.0,19430.0,19365.0,19409.0,6532.0
2025-04-18 02:00:00,1744912800,19409.0,19452.0,19376.0,19377.0,4782.0
2025-04-18 03:00:00,1744916400,19377.0,19391.0,19273.0,19282.0,5526.0
2025-04-18 04:00:00,1744920000,19281.0,19369.0,19279.0,19362.0,2712.0
2025-04-18 08:45:00,1744937100,19351.0,19410.0,19289.0,19374.0,36984.0
2025-04-18 09:45:00,1744940700,19376.0,19431.0,19328.0,19411.0,20620.0
2025-04-18 10:45:00,1744944300,19410.0,19428.0,19336.0,19343.0,14442.0
2025-04-18 11:45:00,1744947900,19341.0,19356.0,19305.0,19348.0,12732.0
2025-04-18 12:45:00,1744951500,19348.0,19367.0,19316.0,19337.0,9428.0
2025-04-18 15:00:00,1744959600,19347.0,19360.0,19311.0,19336.0,3896.0
2025-04-18 16:00:00,1744963200,19338.0,19350.0,19334.0,19345.0,1206.0
2025-04-18 17:00:00,1744966800,19344.0,19352.0,19335.0,19345.0,1091.0
2025-04-18 18:00:00,1744970400,19345.0,19349.0,19328.0,19334.0,1069.0
2025-04-18 19:00:00,1744974000,19333.0,19340.0,19323.0,19331.0,886.0
2025-04-18 20:00:00,1744977600,19331.0,19350.0,19329.0,19338.0,954.0
2025-04-18 21:00:00,1744981200,19338.0,19345.0,19330.0,19332.0,981.0
2025-04-18 22:00:00,1744984800,19333.0,19345.0,19330.0,19337.0,793.0
2025-04-18 23:00:00,1744988400,19337.0,19341.0,19332.0,19338.0,671.0
2025-04-19 00:00:00,1744992000,19336.0,19344.0,19335.0,19342.0,623.0
2025-04-19 01:00:00,1744995600,19342.0,19348.0,19340.0,19346.0,673.0
2025-04-19 02:00:00,1744999200,19348.0,19398.0,19348.0,19393.0,2277.0
2025-04-19 03:00:00,1745002800,19391.0,19402.0,19377.0,19383.0,1033.0
2025-04-19 04:00:00,1745006400,19381.0,19385.0,19364.0,19366.0,794.0
2025-04-21 08:45:00,1745196300,19345.0,19367.0,19055.0,19145.0,56991.0
2025-04-21 09:45:00,1745199900,19145.0,19196.0,19037.0,19061.0,28694.0
2025-04-21 10:45:00,1745203500,19060.0,19104.0,19028.0,19069.0,17605.0
2025-04-21 11:45:00,1745207100,19070.0,19104.0,19041.0,19089.0,10663.0
2025-04-21 12:45:00,1745210700,19090.0,19107.0,19045.0,19102.0,13024.0
2025-04-21 15:00:00,1745218800,19093.0,19117.0,19072.0,19073.0,6962.0
2025-04-21 16:00:00,1745222400,19074.0,19105.0,19074.0,19090.0,2776.0
2025-04-21 17:00:00,1745226000,19091.0,19098.0,19052.0,19077.0,3783.0
2025-04-21 18:00:00,1745229600,19076.0,19112.0,19063.0,19112.0,3250.0
2025-04-21 19:00:00,1745233200,19111.0,19142.0,19048.0,19061.0,8934.0
2025-04-21 20:00:00,1745236800,19060.0,19090.0,19056.0,19074.0,3672.0
2025-04-21 21:00:00,1745240400,19073.0,19115.0,18955.0,18955.0,20245.0
2025-04-21 22:00:00,1745244000,18956.0,18968.0,18868.0,18910.0,27536.0
2025-04-21 23:00:00,1745247600,18910.0,18928.0,18772.0,18791.0,18198.0
2025-04-22 00:00:00,1745251200,18791.0,18869.0,18789.0,18816.0,10702.0
2025-04-22 01:00:00,1745254800,18818.0,18833.0,18752.0,18755.0,7228.0
2025-04-22 02:00:00,1745258400,18758.0,18822.0,18752.0,18792.0,4134.0
2025-04-22 03:00:00,1745262000,18790.0,18898.0,18789.0,18884.0,5231.0
2025-04-22 04:00:00,1745265600,18881.0,18897.0,18864.0,18866.0,2179.0
2025-04-22 08:45:00,1745282700,18928.0,19027.0,18845.0,19006.0,50679.0
2025-04-22 09:45:00,1745286300,19008.0,19036.0,18913.0,18917.0,23293.0
2025-04-22 10:45:00,1745289900,18918.0,18941.0,18773.0,18847.0,31642.0
2025-04-22 11:45:00,1745293500,18845.0,18872.0,18817.0,18861.0,12143.0
2025-04-22 12:45:00,1745297100,18861.0,18866.0,18780.0,18798.0,17795.0
2025-04-22 15:00:00,1745305200,18877.0,18888.0,18825.0,18859.0,10001.0
2025-04-22 16:00:00,1745308800,18859.0,18899.0,18852.0,18891.0,6960.0
2025-04-22 17:00:00,1745312400,18891.0,18893.0,18854.0,18878.0,4256.0
2025-04-22 18:00:00,1745316000,18876.0,18880.0,18836.0,18848.0,4285.0
2025-04-22 19:00:00,1745319600,18850.0,18854.0,18809.0,18828.0,4764.0
2025-04-22 20:00:00,1745323200,18827.0,18885.0,18825.0,18883.0,4490.0
2025-04-22 21:00:00,1745326800,18882.0,18984.0,18841.0,18972.0,21906.0
2025-04-22 22:00:00,1745330400,18970.0,19015.0,18953.0,18995.0,18369.0
2025-04-22 23:00:00,1745334000,18995.0,19063.0,18993.0,19053.0,15662.0
2025-04-23 00:00:00,1745337600,19053.0,19160.0,19053.0,19116.0,16310.0
2025-04-23 01:00:00,1745341200,19116.0,19145.0,18965.0,18966.0,17832.0
2025-04-23 02:00:00,1745344800,18967.0,19094.0,18962.0,19080.0,5628.0
2025-04-23 03:00:00,1745348400,19082.0,19095.0,18994.0,19037.0,4338.0
2025-04-23 04:00:00,1745352000,19039.0,19066.0,19033.0,19063.0,2141.0
2025-04-23 08:45:00,1745369100,19241.0,19448.0,19170.0,19378.0,63970.0
2025-04-23 09:45:00,1745372700,19378.0,19518.0,19341.0,19499.0,30376.0
2025-04-23 10:45:00,1745376300,19500.0,19528.0,19485.0,19499.0,13180.0
2025-04-23 11:45:00,1745379900,19500.0,19595.0,19496.0,19595.0,14600.0
2025-04-23 12:45:00,1745383500,19594.0,19596.0,19518.0,19557.0,19791.0
2025-04-23 15:00:00,1745391600,19568.0,19576.0,19511.0,19561.0,8676.0
2025-04-23 16:00:00,1745395200,19562.0,19650.0,19558.0,19636.0,10294.0
2025-04-23 17:00:00,1745398800,19637.0,19664.0,19623.0,19630.0,5888.0
2025-04-23 18:00:00,1745402400,19630.0,19662.0,19608.0,19656.0,5566.0
2025-04-23 19:00:00,1745406000,19656.0,19688.0,19623.0,19624.0,7066.0
2025-04-23 20:00:00,1745409600,19626.0,19716.0,19626.0,19714.0,8651.0
2025-04-23 21:00:00,1745413200,19712.0,19773.0,19643.0,19700.0,34534.0
2025-04-23 22:00:00,1745416800,19701.0,19775.0,19668.0,19762.0,23089.0
2025-04-23 23:00:00,1745420400,19764.0,19768.0,19523.0,19564.0,32055.0
2025-04-24 00:00:00,1745424000,19565.0,19647.0,19521.0,19637.0,15212.0
2025-04-24 01:00:00,1745427600,19638.0,19664.0,19578.0,19631.0,7325.0
2025-04-24 02:00:00,1745431200,19630.0,19644.0,19572.0,19593.0,3429.0
2025-04-24 03:00:00,1745434800,19594.0,19627.0,19537.0,19602.0,4222.0
2025-04-24 04:00:00,1745438400,19604.0,19650.0,19579.0,19646.0,3311.0
2025-04-24 08:45:00,1745455500,19640.0,19683.0,19526.0,19580.0,47009.0
2025-04-24 09:45:00,1745459100,19580.0,19607.0,19505.0,19511.0,23867.0
2025-04-24 10:45:00,1745462700,19511.0,19512.0,19444.0,19484.0,19078.0
2025-04-24 11:45:00,1745466300,19484.0,19515.0,19414.0,19455.0,18527.0
2025-04-24 12:45:00,1745469900,19454.0,19477.0,19427.0,19460.0,11395.0
2025-04-24 15:00:00,1745478000,19445.0,19474.0,19394.0,19410.0,11630.0
2025-04-24 16:00:00,1745481600,19410.0,19422.0,19354.0,19377.0,8854.0
2025-04-24 17:00:00,1745485200,19376.0,19417.0,19370.0,19415.0,5785.0
2025-04-24 18:00:00,1745488800,19416.0,19529.0,19415.0,19521.0,12858.0
2025-04-24 19:00:00,1745492400,19522.0,19538.0,19487.0,19531.0,9235.0
2025-04-24 20:00:00,1745496000,19529.0,19566.0,19501.0,19548.0,10491.0
2025-04-24 21:00:00,1745499600,19551.0,19710.0,19548.0,19704.0,24459.0
2025-04-24 22:00:00,1745503200,19704.0,19759.0,19678.0,19726.0,22840.0
2025-04-24 23:00:00,1745506800,19726.0,19811.0,19725.0,19776.0,18399.0
2025-04-25 00:00:00,1745510400,19778.0,19898.0,19775.0,19882.0,14540.0
2025-04-25 01:00:00,1745514000,19882.0,19893.0,19850.0,19879.0,6211.0
2025-04-25 02:00:00,1745517600,19877.0,19913.0,19874.0,19895.0,4470.0
2025-04-25 03:00:00,1745521200,19894.0,19924.0,19843.0,19917.0,4429.0
2025-04-25 04:00:00,1745524800,19919.0,19960.0,19897.0,19947.0,4251.0
2025-04-25 08:45:00,1745541900,19983.0,20008.0,19880.0,19970.0,53491.0
2025-04-25 09:45:00,1745545500,19971.0,19971.0,19886.0,19901.0,24940.0
2025-04-25 10:45:00,1745549100,19901.0,19908.0,19847.0,19863.0,19977.0
2025-04-25 11:45:00,1745552700,19863.0,19959.0,19860.0,19906.0,17162.0
2025-04-25 12:45:00,1745556300,19906.0,19908.0,19854.0,19875.0,12610.0
2025-04-25 15:00:00,1745564400,19897.0,19919.0,19803.0,19873.0,14009.0
2025-04-25 16:00:00,1745568000,19876.0,19913.0,19856.0,19861.0,7404.0
2025-04-25 17:00:00,1745571600,19862.0,19890.0,19825.0,19875.0,6597.0
2025-04-25 18:00:00,1745575200,19876.0,19902.0,19752.0,19788.0,15003.0
2025-04-25 19:00:00,1745578800,19790.0,19845.0,19784.0,19814.0,8584.0
2025-04-25 20:00:00,1745582400,19813.0,19873.0,19805.0,19838.0,9528.0
2025-04-25 21:00:00,1745586000,19838.0,19906.0,19790.0,19818.0,21190.0
2025-04-25 22:00:00,1745589600,19819.0,19892.0,19790.0,19857.0,22915.0
2025-04-25 23:00:00,1745593200,19856.0,19888.0,19840.0,19871.0,9811.0
2025-04-26 00:00:00,1745596800,19870.0,19984.0,19857.0,19976.0,12864.0
2025-04-26 01:00:00,1745600400,19976.0,20055.0,19870.0,19914.0,19385.0
2025-04-26 02:00:00,1745604000,19914.0,20014.0,19904.0,19979.0,8358.0
2025-04-26 03:00:00,1745607600,19980.0,20002.0,19941.0,19999.0,4507.0
2025-04-26 04:00:00,1745611200,20000.0,20071.0,19996.0,20051.0,4672.0
2025-04-28 08:45:00,1745801100,19972.0,20044.0,19953.0,20029.0,39467.0
2025-04-28 09:45:00,1745804700,20029.0,20054.0,19955.0,19970.0,22311.0
2025-04-28 10:45:00,1745808300,19970.0,19988.0,19933.0,19954.0,13066.0
2025-04-28 11:45:00,1745811900,19952.0,20014.0,19945.0,20012.0,9274.0
2025-04-28 12:45:00,1745815500,20013.0,20015.0,19961.0,19962.0,8550.0
2025-04-28 15:00:00,1745823600,20000.0,20023.0,19971.0,19974.0,7410.0
2025-04-28 16:00:00,1745827200,19975.0,20013.0,19960.0,20012.0,4245.0
2025-04-28 17:00:00,1745830800,20013.0,20044.0,20001.0,20022.0,5327.0
2025-04-28 18:00:00,1745834400,20022.0,20027.0,19995.0,20005.0,3589.0
2025-04-28 19:00:00,1745838000,20005.0,20034.0,20001.0,20025.0,2614.0
2025-04-28 20:00:00,1745841600,20025.0,20049.0,20007.0,20043.0,4364.0
2025-04-28 21:00:00,1745845200,20042.0,20065.0,19950.0,19961.0,20693.0
2025-04-28 22:00:00,1745848800,19963.0,20012.0,19939.0,19951.0,19024.0
2025-04-28 23:00:00,1745852400,19952.0,19971.0,19825.0,19881.0,24165.0
2025-04-29 00:00:00,1745856000,19879.0,19900.0,19842.0,19864.0,8749.0
2025-04-29 01:00:00,1745859600,19864.0,19897.0,19832.0,19891.0,4778.0
2025-04-29 02:00:00,1745863200,19891.0,19946.0,19886.0,19939.0,4066.0
2025-04-29 03:00:00,1745866800,19939.0,20006.0,19935.0,19995.0,4603.0
2025-04-29 04:00:00,1745870400,19993.0,19994.0,19967.0,19977.0,1795.0
2025-04-29 08:45:00,1745887500,19980.0,20050.0,19963.0,19977.0,30607.0
2025-04-29 09:45:00,1745891100,19975.0,20206.0,19975.0,20156.0,39797.0
2025-04-29 10:45:00,1745894700,20157.0,20159.0,20094.0,20121.0,18049.0
2025-04-29 11:45:00,1745898300,20123.0,20191.0,20120.0,20173.0,12165.0
2025-04-29 12:45:00,1745901900,20172.0,20186.0,20150.0,20156.0,11060.0
2025-04-29 15:00:00,1745910000,20165.0,20186.0,20133.0,20170.0,6030.0
2025-04-29 16:00:00,1745913600,20171.0,20173.0,20130.0,20156.0,5312.0
2025-04-29 17:00:00,1745917200,20156.0,20162.0,20134.0,20149.0,2412.0
2025-04-29 18:00:00,1745920800,20148.0,20154.0,20090.0,20110.0,5976.0
2025-04-29 19:00:00,1745924400,20112.0,20144.0,20109.0,20134.0,4271.0
2025-04-29 20:00:00,1745928000,20135.0,20155.0,20108.0,20112.0,6314.0
2025-04-29 21:00:00,1745931600,20112.0,20141.0,20061.0,20120.0,17437.0
2025-04-29 22:00:00,1745935200,20120.0,20194.0,20101.0,20182.0,20550.0
2025-04-29 23:00:00,1745938800,20182.0,20189.0,20120.0,20137.0,9658.0
2025-04-30 00:00:00,1745942400,20137.0,20173.0,20096.0,20106.0,6114.0
2025-04-30 01:00:00,1745946000,20108.0,20225.0,20094.0,20215.0,8260.0
2025-04-30 02:00:00,1745949600,20217.0,20231.0,20189.0,20191.0,3978.0
2025-04-30 03:00:00,1745953200,20194.0,20222.0,20180.0,20186.0,3084.0
2025-04-30 04:00:00,1745956800,20188.0,20192.0,20133.0,20156.0,3068.0
2025-04-30 08:45:00,1745973900,20091.0,20195.0,20066.0,20143.0,34386.0
2025-04-30 09:45:00,1745977500,20144.0,20266.0,20126.0,20194.0,30795.0
2025-04-30 10:45:00,1745981100,20194.0,20202.0,20092.0,20112.0,23545.0
2025-04-30 11:45:00,1745984700,20112.0,20146.0,20090.0,20134.0,12348.0
2025-04-30 12:45:00,1745988300,20134.0,20169.0,20111.0,20151.0,12156.0
2025-04-30 15:00:00,1745996400,20180.0,20214.0,20175.0,20208.0,8083.0
2025-04-30 16:00:00,1746000000,20207.0,20246.0,20185.0,20220.0,7203.0
2025-04-30 17:00:00,1746003600,20218.0,20251.0,20218.0,20240.0,3774.0
2025-04-30 18:00:00,1746007200,20241.0,20255.0,20203.0,20224.0,5235.0
2025-04-30 19:00:00,1746010800,20224.0,20226.0,20187.0,20205.0,4466.0
2025-04-30 20:00:00,1746014400,20204.0,20207.0,20006.0,20023.0,22029.0
2025-04-30 21:00:00,1746018000,20024.0,20039.0,19923.0,19944.0,30044.0
2025-04-30 22:00:00,1746021600,19944.0,20068.0,19923.0,20046.0,24707.0
2025-04-30 23:00:00,1746025200,20047.0,20110.0,20046.0,20088.0,15087.0
2025-05-01 00:00:00,1746028800,20086.0,20122.0,20043.0,20080.0,10619.0
2025-05-01 01:00:00,1746032400,20080.0,20163.0,20020.0,20147.0,10277.0
2025-05-01 02:00:00,1746036000,20146.0,20218.0,20129.0,20165.0,11503.0
2025-05-01 03:00:00,1746039600,20167.0,20281.0,20143.0,20233.0,6756.0
2025-05-01 04:00:00,1746043200,20233.0,20433.0,20200.0,20420.0,10693.0
2025-05-02 08:45:00,1746146700,20469.0,20582.0,20468.0,20503.0,49869.0
2025-05-02 09:45:00,1746150300,20503.0,20646.0,20489.0,20638.0,29704.0
2025-05-02 10:45:00,1746153900,20640.0,20683.0,20616.0,20668.0,14278.0
2025-05-02 11:45:00,1746157500,20668.0,20688.0,20645.0,20653.0,9358.0
2025-05-02 12:45:00,1746161100,20652.0,20710.0,20650.0,20676.0,14198.0
2025-05-02 15:00:00,1746169200,20650.0,20695.0,20646.0,20658.0,6422.0
2025-05-02 16:00:00,1746172800,20657.0,20689.0,20641.0,20657.0,4896.0
2025-05-02 17:00:00,1746176400,20657.0,20683.0,20655.0,20658.0,2862.0
2025-05-02 18:00:00,1746180000,20659.0,20676.0,20624.0,20632.0,4658.0
2025-05-02 19:00:00,1746183600,20631.0,20667.0,20626.0,20662.0,3562.0
2025-05-02 20:00:00,1746187200,20661.0,20868.0,20656.0,20858.0,17473.0
2025-05-02 21:00:00,1746190800,20857.0,20887.0,20702.0,20760.0,27221.0
2025-05-02 22:00:00,1746194400,20758.0,20827.0,20743.0,20825.0,16014.0
2025-05-02 23:00:00,1746198000,20825.0,20841.0,20773.0,20827.0,10684.0
2025-05-03 00:00:00,1746201600,20827.0,20900.0,20820.0,20858.0,12431.0
2025-05-03 01:00:00,1746205200,20858.0,20863.0,20783.0,20798.0,7438.0
2025-05-03 02:00:00,1746208800,20798.0,20846.0,20789.0,20795.0,4294.0
2025-05-03 03:00:00,1746212400,20794.0,20853.0,20785.0,20824.0,3296.0
2025-05-03 04:00:00,1746216000,20823.0,20845.0,20816.0,20837.0,2225.0
2025-05-05 08:45:00,1746405900,20767.0,20798.0,20407.0,20416.0,70183.0
2025-05-05 09:45:00,1746409500,20417.0,20421.0,20233.0,20244.0,46827.0
2025-05-05 10:45:00,1746413100,20246.0,20429.0,20207.0,20401.0,30583.0
2025-05-05 11:45:00,1746416700,20400.0,20485.0,20388.0,20472.0,19330.0
2025-05-05 12:45:00,1746420300,20472.0,20485.0,20397.0,20403.0,16963.0
2025-05-05 13:45:00,1746423900,20413.0,20413.0,20413.0,20413.0,2.0
2025-05-05 15:00:00,1746428400,20419.0,20433.0,20355.0,20405.0,9150.0
2025-05-05 16:00:00,1746432000,20405.0,20440.0,20277.0,20312.0,11954.0
2025-05-05 17:00:00,1746435600,20310.0,20334.0,20266.0,20281.0,10172.0
2025-05-05 18:00:00,1746439200,20281.0,20317.0,20262.0,20310.0,5976.0
2025-05-05 19:00:00,1746442800,20310.0,20317.0,20258.0,20265.0,5147.0
2025-05-05 20:00:00,1746446400,20265.0,20348.0,20256.0,20344.0,8198.0
2025-05-05 21:00:00,1746450000,20343.0,20343.0,20223.0,20294.0,21409.0
2025-05-05 22:00:00,1746453600,20295.0,20373.0,20245.0,20312.0,22109.0
2025-05-05 23:00:00,1746457200,20311.0,20318.0,20258.0,20280.0,7527.0
2025-05-06 00:00:00,1746460800,20280.0,20307.0,20262.0,20294.0,3972.0
2025-05-06 01:00:00,1746464400,20291.0,20293.0,20243.0,20279.0,3567.0
2025-05-06 02:00:00,1746468000,20278.0,20305.0,20277.0,20279.0,1652.0
2025-05-06 03:00:00,1746471600,20278.0,20288.0,20170.0,20183.0,4360.0
2025-05-06 04:00:00,1746475200,20183.0,20229.0,20139.0,20199.0,4186.0
2025-05-06 08:45:00,1746492300,20151.0,20413.0,20148.0,20324.0,56657.0
2025-05-06 09:45:00,1746495900,20325.0,20447.0,20292.0,20423.0,31357.0
2025-05-06 10:45:00,1746499500,20423.0,20483.0,20397.0,20459.0,19104.0
2025-05-06 11:45:00,1746503100,20461.0,20469.0,20407.0,20408.0,10514.0
2025-05-06 12:45:00,1746506700,20408.0,20423.0,20325.0,20340.0,19519.0
2025-05-06 15:00:00,1746514800,20331.0,20375.0,20297.0,20311.0,8482.0
2025-05-06 16:00:00,1746518400,20311.0,20319.0,20260.0,20282.0,7511.0
2025-05-06 17:00:00,1746522000,20282.0,20283.0,20204.0,20249.0,9267.0
2025-05-06 18:00:00,1746525600,20247.0,20288.0,20241.0,20281.0,6157.0
2025-05-06 19:00:00,1746529200,20279.0,20303.0,20226.0,20256.0,8836.0
2025-05-06 20:00:00,1746532800,20254.0,20271.0,20217.0,20257.0,5892.0
2025-05-06 21:00:00,1746536400,20256.0,20259.0,20158.0,20182.0,19734.0
2025-05-06 22:00:00,1746540000,20184.0,20345.0,20172.0,20321.0,24529.0
2025-05-06 23:00:00,1746543600,20321.0,20365.0,20299.0,20312.0,14856.0
2025-05-07 00:00:00,1746547200,20311.0,20435.0,20278.0,20282.0,19550.0
2025-05-07 01:00:00,1746550800,20283.0,20337.0,20280.0,20288.0,6524.0
2025-05-07 02:00:00,1746554400,20287.0,20361.0,20284.0,20359.0,3835.0
2025-05-07 03:00:00,1746558000,20355.0,20357.0,20288.0,20292.0,2187.0
2025-05-07 04:00:00,1746561600,20290.0,20291.0,20228.0,20256.0,4448.0
2025-05-07 08:45:00,1746578700,20434.0,20558.0,20266.0,20310.0,64353.0
2025-05-07 09:45:00,1746582300,20308.0,20403.0,20295.0,20325.0,32424.0
2025-05-07 10:45:00,1746585900,20325.0,20385.0,20295.0,20364.0,15510.0
2025-05-07 11:45:00,1746589500,20366.0,20409.0,20331.0,20350.0,11708.0
2025-05-07 12:45:00,1746593100,20351.0,20440.0,20340.0,20379.0,16414.0
2025-05-07 13:45:00,1746596700,20379.0,20379.0,20379.0,20379.0,1.0
2025-05-07 15:00:00,1746601200,20388.0,20405.0,20362.0,20392.0,5039.0
2025-05-07 16:00:00,1746604800,20390.0,20422.0,20352.0,20421.0,5749.0
2025-05-07 17:00:00,1746608400,20419.0,20450.0,20413.0,20420.0,5772.0
2025-05-07 18:00:00,1746612000,20420.0,20470.0,20407.0,20469.0,5709.0
2025-05-07 19:00:00,1746615600,20469.0,20498.0,20466.0,20480.0,6096.0
2025-05-07 20:00:00,1746619200,20481.0,20501.0,20427.0,20431.0,9854.0
2025-05-07 21:00:00,1746622800,20432.0,20438.0,20373.0,20430.0,20370.0
2025-05-07 22:00:00,1746626400,20431.0,20464.0,20341.0,20350.0,17786.0
2025-05-07 23:00:00,1746630000,20353.0,20391.0,20323.0,20379.0,15712.0
2025-05-08 00:00:00,1746633600,20380.0,20402.0,20341.0,20398.0,6834.0
2025-05-08 01:00:00,1746637200,20396.0,20404.0,20303.0,20331.0,7002.0
2025-05-08 02:00:00,1746640800,20330.0,20400.0,20251.0,20383.0,17022.0
2025-05-08 03:00:00,1746644400,20383.0,20614.0,20303.0,20496.0,26674.0
2025-05-08 04:00:00,1746648000,20495.0,20531.0,20480.0,20515.0,3951.0
2025-05-08 08:45:00,1746665100,20475.0,20652.0,20452.0,20578.0,52031.0
2025-05-08 09:45:00,1746668700,20579.0,20604.0,20498.0,20590.0,23741.0
2025-05-08 10:45:00,1746672300,20590.0,20695.0,20577.0,20646.0,21610.0
2025-05-08 11:45:00,1746675900,20646.0,20669.0,20628.0,20655.0,10106.0
2025-05-08 12:45:00,1746679500,20657.0,20678.0,20530.0,20579.0,20351.0
2025-05-08 15:00:00,1746687600,20564.0,20585.0,20543.0,20557.0,6518.0
2025-05-08 16:00:00,1746691200,20556.0,20632.0,20540.0,20627.0,6822.0
2025-05-08 17:00:00,1746694800,20627.0,20633.0,20590.0,20624.0,5246.0
2025-05-08 18:00:00,1746698400,20624.0,20647.0,20608.0,20635.0,3530.0
2025-05-08 19:00:00,1746702000,20635.0,20639.0,20588.0,20603.0,5000.0
2025-05-08 20:00:00,1746705600,20603.0,20628.0,20560.0,20594.0,8473.0
2025-05-08 21:00:00,1746709200,20594.0,20611.0,20515.0,20570.0,17405.0
2025-05-08 22:00:00,1746712800,20571.0,20585.0,20505.0,20519.0,16823.0
2025-05-08 23:00:00,1746716400,20517.0,20796.0,20508.0,20763.0,34813.0
2025-05-09 00:00:00,1746720000,20765.0,20822.0,20762.0,20814.0,12861.0
2025-05-09 01:00:00,1746723600,20815.0,20820.0,20710.0,20717.0,7675.0
2025-05-09 02:00:00,1746727200,20719.0,20777.0,20717.0,20747.0,3702.0
2025-05-09 03:00:00,1746730800,20746.0,20784.0,20660.0,20675.0,5821.0
2025-05-09 04:00:00,1746734400,20676.0,20689.0,20663.0,20681.0,2775.0
2025-05-09 08:45:00,1746751500,20653.0,20718.0,20597.0,20644.0,44683.0
2025-05-09 09:45:00,1746755100,20643.0,20743.0,20619.0,20740.0,26472.0
2025-05-09 10:45:00,1746758700,20738.0,20782.0,20700.0,20763.0,21918.0
2025-05-09 11:45:00,1746762300,20764.0,20846.0,20764.0,20834.0,17033.0
2025-05-09 12:45:00,1746765900,20833.0,20872.0,20808.0,20848.0,19823.0
2025-05-09 15:00:00,1746774000,20863.0,20885.0,20820.0,20829.0,8202.0
2025-05-09 16:00:00,1746777600,20827.0,20845.0,20794.0,20798.0,6145.0
2025-05-09 17:00:00,1746781200,20797.0,20830.0,20796.0,20826.0,3710.0
2025-05-09 18:00:00,1746784800,20825.0,20867.0,20818.0,20866.0,3863.0
2025-05-09 19:00:00,1746788400,20865.0,20876.0,20795.0,20816.0,9244.0
2025-05-09 20:00:00,1746792000,20816.0,20860.0,20809.0,20845.0,4030.0
2025-05-09 21:00:00,1746795600,20846.0,20872.0,20807.0,20833.0,10965.0
2025-05-09 22:00:00,1746799200,20832.0,20839.0,20728.0,20789.0,22000.0
2025-05-09 23:00:00,1746802800,20790.0,20815.0,20774.0,20806.0,10815.0
2025-05-10 00:00:00,1746806400,20805.0,20809.0,20742.0,20754.0,8316.0
2025-05-10 01:00:00,1746810000,20755.0,20812.0,20745.0,20808.0,5621.0
2025-05-10 02:00:00,1746813600,20807.0,20808.0,20771.0,20782.0,1850.0
2025-05-10 03:00:00,1746817200,20782.0,20803.0,20760.0,20785.0,2393.0
2025-05-10 04:00:00,1746820800,20786.0,20800.0,20784.0,20796.0,1524.0
2025-05-12 08:45:00,1747010700,21006.0,21128.0,20978.0,21057.0,50368.0
2025-05-12 09:45:00,1747014300,21057.0,21135.0,21057.0,21102.0,20398.0
2025-05-12 10:45:00,1747017900,21103.0,21118.0,21002.0,21022.0,18309.0
2025-05-12 11:45:00,1747021500,21022.0,21072.0,21017.0,21048.0,9647.0
2025-05-12 12:45:00,1747025100,21047.0,21079.0,21031.0,21066.0,9744.0
2025-05-12 15:00:00,1747033200,21068.0,21447.0,21067.0,21369.0,37662.0
2025-05-12 16:00:00,1747036800,21370.0,21418.0,21334.0,21381.0,10408.0
2025-05-12 17:00:00,1747040400,21382.0,21421.0,21382.0,21407.0,4982.0
2025-05-12 18:00:00,1747044000,21406.0,21435.0,21378.0,21398.0,5704.0
2025-05-12 19:00:00,1747047600,21397.0,21406.0,21363.0,21375.0,4858.0
2025-05-12 20:00:00,1747051200,21374.0,21417.0,21374.0,21391.0,3980.0
2025-05-12 21:00:00,1747054800,21389.0,21434.0,21315.0,21328.0,19656.0
2025-05-12 22:00:00,1747058400,21328.0,21392.0,21296.0,21356.0,19886.0
2025-05-12 23:00:00,1747062000,21359.0,21408.0,21350.0,21388.0,9655.0
2025-05-13 00:00:00,1747065600,21386.0,21479.0,21380.0,21478.0,8099.0
2025-05-13 01:00:00,1747069200,21477.0,21505.0,21460.0,21464.0,6161.0
2025-05-13 02:00:00,1747072800,21464.0,21485.0,21451.0,21454.0,1781.0
2025-05-13 03:00:00,1747076400,21454.0,21477.0,21423.0,21473.0,2680.0
2025-05-13 04:00:00,1747080000,21472.0,21498.0,21465.0,21494.0,2286.0
2025-05-13 08:45:00,1747097100,21419.0,21518.0,21407.0,21443.0,44397.0
2025-05-13 09:45:00,1747100700,21444.0,21484.0,21326.0,21333.0,31379.0
2025-05-13 10:45:00,1747104300,21333.0,21374.0,21288.0,21358.0,19526.0
2025-05-13 11:45:00,1747107900,21358.0,21362.0,21316.0,21333.0,9448.0
2025-05-13 12:45:00,1747111500,21333.0,21360.0,21326.0,21357.0,10509.0
2025-05-13 15:00:00,1747119600,21353.0,21365.0,21338.0,21339.0,4217.0
2025-05-13 16:00:00,1747123200,21340.0,21349.0,21318.0,21331.0,3685.0
2025-05-13 17:00:00,1747126800,21331.0,21388.0,21314.0,21377.0,5205.0
2025-05-13 18:00:00,1747130400,21378.0,21390.0,21360.0,21373.0,4008.0
2025-05-13 19:00:00,1747134000,21374.0,21414.0,21368.0,21391.0,5920.0
2025-05-13 20:00:00,1747137600,21391.0,21483.0,21383.0,21448.0,10538.0
2025-05-13 21:00:00,1747141200,21448.0,21513.0,21413.0,21502.0,15761.0
2025-05-13 22:00:00,1747144800,21503.0,21662.0,21492.0,21662.0,24567.0
2025-05-13 23:00:00,1747148400,21661.0,21688.0,21635.0,21684.0,12362.0
2025-05-14 00:00:00,1747152000,21683.0,21704.0,21590.0,21681.0,13157.0
2025-05-14 01:00:00,1747155600,21681.0,21723.0,21665.0,21665.0,5925.0
2025-05-14 02:00:00,1747159200,21665.0,21699.0,21656.0,21695.0,2152.0
2025-05-14 03:00:00,1747162800,21694.0,21719.0,21673.0,21678.0,2068.0
2025-05-14 04:00:00,1747166400,21680.0,21689.0,21662.0,21674.0,2092.0
2025-05-14 08:45:00,1747183500,21670.0,21729.0,21613.0,21696.0,38977.0
2025-05-14 09:45:00,1747187100,21694.0,21703.0,21587.0,21606.0,22020.0
2025-05-14 10:45:00,1747190700,21605.0,21691.0,21580.0,21690.0,15962.0
2025-05-14 11:45:00,1747194300,21689.0,21785.0,21671.0,21778.0,17265.0
2025-05-14 12:45:00,1747197900,21779.0,21787.0,21729.0,21770.0,13787.0
2025-05-14 15:00:00,1747206000,21800.0,21882.0,21762.0,21789.0,15402.0
2025-05-14 16:00:00,1747209600,21789.0,21797.0,21749.0,21775.0,6866.0
2025-05-14 17:00:00,1747213200,21774.0,21791.0,21736.0,21755.0,5070.0
2025-05-14 18:00:00,1747216800,21755.0,21795.0,21745.0,21795.0,3751.0
2025-05-14 19:00:00,1747220400,21795.0,21848.0,21789.0,21838.0,7119.0
2025-05-14 20:00:00,1747224000,21838.0,21889.0,21810.0,21815.0,9511.0
2025-05-14 21:00:00,1747227600,21815.0,21846.0,21754.0,21803.0,17776.0
2025-05-14 22:00:00,1747231200,21804.0,21850.0,21780.0,21836.0,14132.0
2025-05-14 23:00:00,1747234800,21836.0,21837.0,21778.0,21819.0,7604.0
2025-05-15 00:00:00,1747238400,21818.0,21845.0,21800.0,21816.0,4802.0
2025-05-15 01:00:00,1747242000,21817.0,21820.0,21741.0,21808.0,6498.0
2025-05-15 02:00:00,1747245600,21809.0,21828.0,21774.0,21811.0,2672.0
2025-05-15 03:00:00,1747249200,21812.0,21824.0,21777.0,21816.0,1804.0
2025-05-15 04:00:00,1747252800,21813.0,21824.0,21802.0,21817.0,1075.0
2025-05-15 08:45:00,1747269900,21778.0,21809.0,21676.0,21722.0,36596.0
2025-05-15 09:45:00,1747273500,21722.0,21782.0,21693.0,21748.0,18425.0
2025-05-15 10:45:00,1747277100,21748.0,21810.0,21746.0,21774.0,13535.0
2025-05-15 11:45:00,1747280700,21776.0,21782.0,21751.0,21759.0,5765.0
2025-05-15 12:45:00,1747284300,21761.0,21773.0,21692.0,21693.0,10946.0
2025-05-15 13:45:00,1747287900,21692.0,21692.0,21692.0,21692.0,1.0
2025-05-15 15:00:00,1747292400,21698.0,21709.0,21651.0,21664.0,8504.0
2025-05-15 16:00:00,1747296000,21664.0,21686.0,21630.0,21640.0,5851.0
2025-05-15 17:00:00,1747299600,21640.0,21681.0,21635.0,21678.0,4514.0
2025-05-15 18:00:00,1747303200,21678.0,21695.0,21659.0,21671.0,3376.0
2025-05-15 19:00:00,1747306800,21673.0,21725.0,21673.0,21709.0,4942.0
2025-05-15 20:00:00,1747310400,21708.0,21758.0,21675.0,21723.0,9404.0
2025-05-15 21:00:00,1747314000,21723.0,21748.0,21648.0,21673.0,13372.0
2025-05-15 22:00:00,1747317600,21676.0,21709.0,21646.0,21687.0,13399.0
2025-05-15 23:00:00,1747321200,21687.0,21752.0,21675.0,21744.0,9391.0
2025-05-16 00:00:00,1747324800,21745.0,21799.0,21732.0,21796.0,8672.0
2025-05-16 01:00:00,1747328400,21797.0,21817.0,21762.0,21775.0,5170.0
2025-05-16 02:00:00,1747332000,21776.0,21780.0,21731.0,21757.0,3631.0
2025-05-16 03:00:00,1747335600,21756.0,21787.0,21715.0,21786.0,3161.0
2025-05-16 04:00:00,1747339200,21784.0,21788.0,21768.0,21773.0,1194.0
2025-05-16 08:45:00,1747356300,21775.0,21829.0,21679.0,21821.0,35281.0
2025-05-16 09:45:00,1747359900,21822.0,21877.0,21770.0,21856.0,26550.0
2025-05-16 10:45:00,1747363500,21854.0,21856.0,21777.0,21800.0,11384.0
2025-05-16 11:45:00,1747367100,21800.0,21835.0,21780.0,21820.0,6910.0
2025-05-16 12:45:00,1747370700,21821.0,21850.0,21804.0,21825.0,9571.0
2025-05-16 15:00:00,1747378800,21806.0,21868.0,21801.0,21857.0,5636.0
2025-05-16 16:00:00,1747382400,21858.0,21874.0,21843.0,21859.0,3795.0
2025-05-16 17:00:00,1747386000,21860.0,21917.0,21852.0,21883.0,7587.0
2025-05-16 18:00:00,1747389600,21886.0,21924.0,21880.0,21911.0,3463.0
2025-05-16 19:00:00,1747393200,21910.0,21931.0,21903.0,21908.0,3155.0
2025-05-16 20:00:00,1747396800,21908.0,21909.0,21866.0,21869.0,4949.0
2025-05-16 21:00:00,1747400400,21870.0,21896.0,21818.0,21878.0,14146.0
2025-05-16 22:00:00,1747404000,21875.0,21877.0,21760.0,21801.0,17738.0
2025-05-16 23:00:00,1747407600,21803.0,21856.0,21792.0,21830.0,8768.0
2025-05-17 00:00:00,1747411200,21831.0,21854.0,21820.0,21836.0,4185.0
2025-05-17 01:00:00,1747414800,21834.0,21884.0,21828.0,21852.0,4600.0
2025-05-17 02:00:00,1747418400,21852.0,21887.0,21848.0,21874.0,1994.0
2025-05-17 03:00:00,1747422000,21877.0,21899.0,21869.0,21886.0,2031.0
2025-05-17 04:00:00,1747425600,21886.0,21890.0,21820.0,21825.0,2045.0
2025-05-19 08:45:00,1747615500,21692.0,21747.0,21620.0,21643.0,43894.0
2025-05-19 09:45:00,1747619100,21640.0,21707.0,21615.0,21696.0,19754.0
2025-05-19 10:45:00,1747622700,21698.0,21720.0,21541.0,21562.0,22932.0
2025-05-19 11:45:00,1747626300,21562.0,21567.0,21525.0,21538.0,12719.0
2025-05-19 12:45:00,1747629900,21537.0,21548.0,21498.0,21537.0,15084.0
2025-05-19 15:00:00,1747638000,21522.0,21571.0,21514.0,21548.0,5895.0
2025-05-19 16:00:00,1747641600,21548.0,21554.0,21502.0,21531.0,4350.0
2025-05-19 17:00:00,1747645200,21531.0,21547.0,21515.0,21542.0,2267.0
2025-05-19 18:00:00,1747648800,21543.0,21564.0,21518.0,21551.0,3017.0
2025-05-19 19:00:00,1747652400,21552.0,21560.0,21532.0,21547.0,1807.0
2025-05-19 20:00:00,1747656000,21546.0,21548.0,21484.0,21494.0,5311.0
2025-05-19 21:00:00,1747659600,21494.0,21630.0,21475.0,21621.0,19429.0
2025-05-19 22:00:00,1747663200,21620.0,21678.0,21612.0,21641.0,16366.0
2025-05-19 23:00:00,1747666800,21642.0,21712.0,21632.0,21678.0,9233.0
2025-05-20 00:00:00,1747670400,21677.0,21727.0,21675.0,21722.0,5141.0
2025-05-20 01:00:00,1747674000,21722.0,21760.0,21716.0,21739.0,5037.0
2025-05-20 02:00:00,1747677600,21740.0,21745.0,21709.0,21737.0,2382.0
2025-05-20 03:00:00,1747681200,21737.0,21773.0,21719.0,21769.0,2258.0
2025-05-20 04:00:00,1747684800,21768.0,21772.0,21739.0,21754.0,1546.0
2025-05-20 08:45:00,1747701900,21786.0,21786.0,21626.0,21637.0,32709.0
2025-05-20 09:45:00,1747705500,21637.0,21676.0,21564.0,21621.0,26142.0
2025-05-20 10:45:00,1747709100,21621.0,21631.0,21524.0,21550.0,17448.0
2025-05-20 11:45:00,1747712700,21549.0,21573.0,21505.0,21522.0,10200.0
2025-05-20 12:45:00,1747716300,21525.0,21564.0,21511.0,21540.0,10523.0
2025-05-20 15:00:00,1747724400,21451.0,21477.0,21427.0,21455.0,1365.0
2025-05-20 16:00:00,1747728000,21454.0,21503.0,21437.0,21482.0,1331.0
2025-05-20 17:00:00,1747731600,21484.0,21497.0,21442.0,21454.0,1148.0
2025-05-20 18:00:00,1747735200,21455.0,21487.0,21453.0,21485.0,610.0
2025-05-20 19:00:00,1747738800,21486.0,21500.0,21478.0,21480.0,687.0
2025-05-20 20:00:00,1747742400,21480.0,21497.0,21458.0,21469.0,725.0
2025-05-20 21:00:00,1747746000,21469.0,21492.0,21425.0,21457.0,2320.0
2025-05-20 22:00:00,1747749600,21460.0,21522.0,21448.0,21478.0,2472.0
2025-05-20 23:00:00,1747753200,21473.0,21502.0,21462.0,21499.0,1375.0
2025-05-21 00:00:00,1747756800,21500.0,21515.0,21474.0,21508.0,947.0
2025-05-21 01:00:00,1747760400,21509.0,21520.0,21473.0,21495.0,711.0
2025-05-21 02:00:00,1747764000,21490.0,21495.0,21420.0,21436.0,1074.0
2025-05-21 03:00:00,1747767600,21438.0,21511.0,21414.0,21511.0,805.0
2025-05-21 04:00:00,1747771200,21508.0,21513.0,21482.0,21489.0,353.0
2025-05-21 08:45:00,1747788300,21472.0,21613.0,21470.0,21562.0,12657.0
2025-05-21 09:45:00,1747791900,21562.0,21628.0,21532.0,21625.0,8843.0
2025-05-21 10:45:00,1747795500,21624.0,21687.0,21622.0,21664.0,8938.0
2025-05-21 11:45:00,1747799100,21663.0,21688.0,21640.0,21678.0,4953.0
2025-05-21 12:45:00,1747802700,21679.0,21744.0,21665.0,21677.0,14533.0
2025-05-21 15:00:00,1747810800,21665.0,21702.0,21658.0,21685.0,8311.0
2025-05-21 16:00:00,1747814400,21683.0,21691.0,21640.0,21655.0,4815.0
2025-05-21 17:00:00,1747818000,21655.0,21660.0,21615.0,21623.0,4969.0
2025-05-21 18:00:00,1747821600,21623.0,21635.0,21606.0,21632.0,4070.0
2025-05-21 19:00:00,1747825200,21632.0,21644.0,21628.0,21635.0,2877.0
2025-05-21 20:00:00,1747828800,21636.0,21637.0,21598.0,21617.0,5208.0
2025-05-21 21:00:00,1747832400,21617.0,21638.0,21587.0,21623.0,10003.0
2025-05-21 22:00:00,1747836000,21624.0,21661.0,21596.0,21660.0,13047.0
2025-05-21 23:00:00,1747839600,21660.0,21719.0,21652.0,21699.0,13489.0
2025-05-22 00:00:00,1747843200,21699.0,21727.0,21674.0,21675.0,5558.0
2025-05-22 01:00:00,1747846800,21677.0,21683.0,21391.0,21504.0,27295.0
2025-05-22 02:00:00,1747850400,21502.0,21523.0,21464.0,21474.0,6802.0
2025-05-22 03:00:00,1747854000,21476.0,21502.0,21406.0,21460.0,7128.0
2025-05-22 04:00:00,1747857600,21459.0,21474.0,21449.0,21468.0,1922.0
2025-05-22 08:45:00,1747874700,21448.0,21550.0,21448.0,21488.0,34696.0
2025-05-22 09:45:00,1747878300,21488.0,21499.0,21398.0,21470.0,26398.0
2025-05-22 10:45:00,1747881900,21469.0,21500.0,21412.0,21488.0,13279.0
2025-05-22 11:45:00,1747885500,21489.0,21515.0,21449.0,21486.0,10443.0
2025-05-22 12:45:00,1747889100,21485.0,21515.0,21463.0,21498.0,9835.0
2025-05-22 15:00:00,1747897200,21506.0,21528.0,21452.0,21462.0,7261.0
2025-05-22 16:00:00,1747900800,21459.0,21471.0,21432.0,21435.0,4908.0
2025-05-22 17:00:00,1747904400,21433.0,21462.0,21424.0,21460.0,4118.0
2025-05-22 18:00:00,1747908000,21460.0,21463.0,21429.0,21437.0,2929.0
2025-05-22 19:00:00,1747911600,21436.0,21458.0,21365.0,21365.0,7212.0
2025-05-22 20:00:00,1747915200,21368.0,21416.0,21332.0,21414.0,13461.0
2025-05-22 21:00:00,1747918800,21414.0,21498.0,21387.0,21488.0,21337.0
2025-05-22 22:00:00,1747922400,21486.0,21508.0,21445.0,21484.0,16933.0
2025-05-22 23:00:00,1747926000,21485.0,21520.0,21462.0,21520.0,11643.0
2025-05-23 00:00:00,1747929600,21520.0,21566.0,21476.0,21476.0,12607.0
2025-05-23 01:00:00,1747933200,21477.0,21560.0,21469.0,21547.0,5478.0
2025-05-23 02:00:00,1747936800,21547.0,21564.0,21529.0,21560.0,2614.0
2025-05-23 03:00:00,1747940400,21558.0,21588.0,21502.0,21523.0,4774.0
2025-05-23 04:00:00,1747944000,21522.0,21534.0,21504.0,21534.0,1839.0
2025-05-23 08:45:00,1747961100,21548.0,21640.0,21484.0,21505.0,39377.0
2025-05-23 09:45:00,1747964700,21504.0,21512.0,21434.0,21492.0,24006.0
2025-05-23 10:45:00,1747968300,21492.0,21510.0,21460.0,21473.0,10549.0
2025-05-23 11:45:00,1747971900,21473.0,21477.0,21384.0,21399.0,13983.0
2025-05-23 12:45:00,1747975500,21400.0,21489.0,21372.0,21470.0,16187.0
2025-05-23 13:45:00,1747979100,21466.0,21466.0,21466.0,21466.0,5.0
2025-05-23 15:00:00,1747983600,21450.0,21509.0,21445.0,21498.0,6888.0
2025-05-23 16:00:00,1747987200,21498.0,21526.0,21489.0,21503.0,5892.0
2025-05-23 17:00:00,1747990800,21502.0,21516.0,21454.0,21509.0,6016.0
2025-05-23 18:00:00,1747994400,21509.0,21514.0,21477.0,21495.0,2782.0
2025-05-23 19:00:00,1747998000,21494.0,21502.0,21140.0,21168.0,30798.0
2025-05-23 20:00:00,1748001600,21169.0,21208.0,21083.0,21140.0,28333.0
2025-05-23 21:00:00,1748005200,21138.0,21189.0,21072.0,21161.0,22874.0
2025-05-23 22:00:00,1748008800,21162.0,21246.0,21157.0,21199.0,21382.0
2025-05-23 23:00:00,1748012400,21200.0,21253.0,21172.0,21195.0,11356.0
2025-05-24 00:00:00,1748016000,21196.0,21242.0,21178.0,21227.0,7455.0
2025-05-24 01:00:00,1748019600,21227.0,21316.0,21217.0,21304.0,9890.0
2025-05-24 02:00:00,1748023200,21304.0,21329.0,21272.0,21286.0,5934.0
2025-05-24 03:00:00,1748026800,21284.0,21311.0,21244.0,21261.0,3586.0
2025-05-24 04:00:00,1748030400,21263.0,21271.0,21246.0,21247.0,2197.0
2025-05-26 08:45:00,1748220300,21450.0,21562.0,21369.0,21396.0,50122.0
2025-05-26 09:45:00,1748223900,21398.0,21485.0,21375.0,21434.0,24565.0
2025-05-26 10:45:00,1748227500,21433.0,21457.0,21392.0,21412.0,12596.0
2025-05-26 11:45:00,1748231100,21412.0,21444.0,21381.0,21435.0,10594.0
2025-05-26 12:45:00,1748234700,21434.0,21436.0,21358.0,21386.0,11567.0
2025-05-26 15:00:00,1748242800,21400.0,21411.0,21361.0,21398.0,4994.0
2025-05-26 16:00:00,1748246400,21400.0,21421.0,21394.0,21403.0,3744.0
2025-05-26 17:00:00,1748250000,21404.0,21427.0,21401.0,21415.0,2422.0
2025-05-26 18:00:00,1748253600,21415.0,21435.0,21409.0,21413.0,2136.0
2025-05-26 19:00:00,1748257200,21414.0,21432.0,21409.0,21414.0,1540.0
2025-05-26 20:00:00,1748260800,21414.0,21417.0,21385.0,21390.0,2571.0
2025-05-26 21:00:00,1748264400,21392.0,21405.0,21371.0,21375.0,4910.0
2025-05-26 22:00:00,1748268000,21378.0,21386.0,21340.0,21349.0,5191.0
2025-05-26 23:00:00,1748271600,21348.0,21392.0,21334.0,21384.0,5071.0
2025-05-27 00:00:00,1748275200,21384.0,21394.0,21366.0,21374.0,1782.0
2025-05-27 01:00:00,1748278800,21372.0,21373.0,21358.0,21370.0,893.0
2025-05-27 02:00:00,1748282400,21371.0,21384.0,21364.0,21384.0,549.0
2025-05-27 03:00:00,1748286000,21384.0,21387.0,21371.0,21379.0,547.0
2025-05-27 04:00:00,1748289600,21379.0,21399.0,21375.0,21399.0,889.0
2025-05-27 08:45:00,1748306700,21395.0,21438.0,21272.0,21321.0,42779.0
2025-05-27 09:45:00,1748310300,21322.0,21325.0,21175.0,21210.0,31613.0
2025-05-27 10:45:00,1748313900,21212.0,21238.0,21166.0,21184.0,14523.0
2025-05-27 11:45:00,1748317500,21182.0,21196.0,21132.0,21166.0,11656.0
2025-05-27 12:45:00,1748321100,21167.0,21230.0,21149.0,21230.0,14762.0
2025-05-27 13:45:00,1748324700,21229.0,21229.0,21229.0,21229.0,1.0
2025-05-27 15:00:00,1748329200,21232.0,21261.0,21228.0,21240.0,7433.0
2025-05-27 16:00:00,1748332800,21241.0,21278.0,21231.0,21270.0,4806.0
2025-05-27 17:00:00,1748336400,21268.0,21304.0,21263.0,21289.0,6345.0
2025-05-27 18:00:00,1748340000,21290.0,21306.0,21262.0,21267.0,4294.0
2025-05-27 19:00:00,1748343600,21268.0,21293.0,21253.0,21288.0,3463.0
2025-05-27 20:00:00,1748347200,21286.0,21288.0,21233.0,21255.0,5746.0
2025-05-27 21:00:00,1748350800,21255.0,21302.0,21220.0,21299.0,14879.0
2025-05-27 22:00:00,1748354400,21299.0,21364.0,21299.0,21321.0,16276.0
2025-05-27 23:00:00,1748358000,21322.0,21350.0,21318.0,21339.0,4873.0
2025-05-28 00:00:00,1748361600,21337.0,21384.0,21336.0,21367.0,6784.0
2025-05-28 01:00:00,1748365200,21367.0,21412.0,21367.0,21408.0,4005.0
2025-05-28 02:00:00,1748368800,21406.0,21417.0,21378.0,21381.0,2289.0
2025-05-28 03:00:00,1748372400,21380.0,21394.0,21360.0,21392.0,1715.0
2025-05-28 04:00:00,1748376000,21391.0,21407.0,21386.0,21401.0,1691.0
2025-05-28 08:45:00,1748393100,21411.0,21512.0,21345.0,21362.0,47288.0
2025-05-28 09:45:00,1748396700,21363.0,21366.0,21264.0,21266.0,29881.0
2025-05-28 10:45:00,1748400300,21268.0,21339.0,21220.0,21229.0,22016.0
2025-05-28 11:45:00,1748403900,21229.0,21238.0,21150.0,21197.0,18715.0
2025-05-28 12:45:00,1748407500,21195.0,21274.0,21163.0,21249.0,23197.0
2025-05-28 15:00:00,1748415600,21251.0,21287.0,21246.0,21246.0,6435.0
2025-05-28 16:00:00,1748419200,21248.0,21268.0,21220.0,21227.0,4311.0
2025-05-28 17:00:00,1748422800,21228.0,21256.0,21215.0,21255.0,3555.0
2025-05-28 18:00:00,1748426400,21255.0,21302.0,21251.0,21297.0,5880.0
2025-05-28 19:00:00,1748430000,21296.0,21300.0,21255.0,21278.0,4903.0
2025-05-28 20:00:00,1748433600,21278.0,21295.0,21261.0,21261.0,3912.0
2025-05-28 21:00:00,1748437200,21263.0,21273.0,21206.0,21212.0,12487.0
2025-05-28 22:00:00,1748440800,21215.0,21255.0,21202.0,21209.0,10383.0
2025-05-28 23:00:00,1748444400,21208.0,21260.0,21207.0,21223.0,6395.0
2025-05-29 00:00:00,1748448000,21224.0,21259.0,21224.0,21250.0,3526.0
2025-05-29 01:00:00,1748451600,21251.0,21276.0,21235.0,21246.0,2770.0
2025-05-29 02:00:00,1748455200,21246.0,21272.0,21215.0,21261.0,2310.0
2025-05-29 03:00:00,1748458800,21260.0,21285.0,21191.0,21217.0,4324.0
2025-05-29 04:00:00,1748462400,21217.0,21325.0,21195.0,21320.0,6727.0
2025-05-29 08:45:00,1748479500,21498.0,21615.0,21338.0,21424.0,71015.0
2025-05-29 09:45:00,1748483100,21423.0,21426.0,21311.0,21352.0,26573.0
2025-05-29 10:45:00,1748486700,21352.0,21397.0,21325.0,21348.0,15492.0
2025-05-29 11:45:00,1748490300,21348.0,21353.0,21306.0,21336.0,11561.0
2025-05-29 12:45:00,1748493900,21335.0,21346.0,21273.0,21322.0,23207.0
2025-05-29 15:00:00,1748502000,21290.0,21292.0,21212.0,21279.0,11460.0
2025-05-29 16:00:00,1748505600,21280.0,21285.0,21219.0,21224.0,6188.0
2025-05-29 17:00:00,1748509200,21222.0,21270.0,21210.0,21246.0,5148.0
2025-05-29 18:00:00,1748512800,21246.0,21250.0,21181.0,21202.0,7873.0
2025-05-29 19:00:00,1748516400,21203.0,21215.0,21135.0,21144.0,9063.0
2025-05-29 20:00:00,1748520000,21146.0,21185.0,21123.0,21157.0,9819.0
2025-05-29 21:00:00,1748523600,21157.0,21205.0,21036.0,21062.0,24543.0
2025-05-29 22:00:00,1748527200,21060.0,21086.0,20968.0,21074.0,26403.0
2025-05-29 23:00:00,1748530800,21075.0,21077.0,20939.0,20958.0,13854.0
2025-05-30 00:00:00,1748534400,20959.0,21071.0,20933.0,21060.0,11672.0
2025-05-30 01:00:00,1748538000,21059.0,21088.0,21013.0,21024.0,7364.0
2025-05-30 02:00:00,1748541600,21025.0,21055.0,20996.0,21023.0,5227.0
2025-05-30 03:00:00,1748545200,21023.0,21083.0,21012.0,21073.0,3346.0
2025-05-30 04:00:00,1748548800,21073.0,21114.0,21062.0,21068.0,4243.0
2025-06-02 08:45:00,1748825100,20972.0,21049.0,20855.0,20862.0,52241.0
2025-06-02 09:45:00,1748828700,20860.0,20939.0,20845.0,20858.0,24586.0
2025-06-02 10:45:00,1748832300,20858.0,20874.0,20790.0,20803.0,18254.0
2025-06-02 11:45:00,1748835900,20802.0,20855.0,20792.0,20839.0,9225.0
2025-06-02 12:45:00,1748839500,20838.0,20891.0,20815.0,20868.0,17366.0
2025-06-02 15:00:00,1748847600,20880.0,20926.0,20830.0,20874.0,8785.0
2025-06-02 16:00:00,1748851200,20874.0,20918.0,20874.0,20907.0,4658.0
2025-06-02 17:00:00,1748854800,20907.0,20912.0,20847.0,20865.0,4131.0
2025-06-02 18:00:00,1748858400,20866.0,20904.0,20863.0,20892.0,3071.0
2025-06-02 19:00:00,1748862000,20893.0,20911.0,20878.0,20880.0,2750.0
2025-06-02 20:00:00,1748865600,20881.0,20909.0,20872.0,20906.0,3233.0
2025-06-02 21:00:00,1748869200,20906.0,21026.0,20902.0,20932.0,21364.0
2025-06-02 22:00:00,1748872800,20929.0,20988.0,20863.0,20975.0,17532.0
2025-06-02 23:00:00,1748876400,20974.0,21014.0,20948.0,21004.0,7514.0
2025-06-03 00:00:00,1748880000,21004.0,21018.0,20980.0,21016.0,4193.0
2025-06-03 01:00:00,1748883600,21016.0,21045.0,21007.0,21022.0,4266.0
2025-06-03 02:00:00,1748887200,21020.0,21088.0,21007.0,21076.0,4253.0
2025-06-03 03:00:00,1748890800,21074.0,21097.0,21058.0,21095.0,1973.0
2025-06-03 04:00:00,1748894400,21094.0,21100.0,21074.0,21074.0,1847.0
2025-06-03 08:45:00,1748911500,21028.0,21220.0,21012.0,21207.0,45562.0
2025-06-03 09:45:00,1748915100,21205.0,21213.0,20960.0,20974.0,41927.0
2025-06-03 10:45:00,1748918700,20974.0,21035.0,20963.0,21032.0,14753.0
2025-06-03 11:45:00,1748922300,21031.0,21040.0,20968.0,20987.0,9632.0
2025-06-03 12:45:00,1748925900,20987.0,21012.0,20958.0,20976.0,13102.0
2025-06-03 15:00:00,1748934000,21025.0,21037.0,20975.0,21023.0,7568.0
2025-06-03 16:00:00,1748937600,21023.0,21025.0,20978.0,21018.0,3934.0
2025-06-03 17:00:00,1748941200,21019.0,21087.0,21006.0,21072.0,7287.0
2025-06-03 18:00:00,1748944800,21070.0,21109.0,21058.0,21107.0,4991.0
2025-06-03 19:00:00,1748948400,21107.0,21117.0,21087.0,21108.0,4039.0
2025-06-03 20:00:00,1748952000,21107.0,21123.0,21086.0,21120.0,4563.0
2025-06-03 21:00:00,1748955600,21121.0,21148.0,21067.0,21131.0,14364.0
2025-06-03 22:00:00,1748959200,21131.0,21193.0,21108.0,21192.0,14565.0
2025-06-03 23:00:00,1748962800,21193.0,21232.0,21184.0,21227.0,9992.0
2025-06-04 00:00:00,1748966400,21226.0,21248.0,21220.0,21237.0,5597.0
2025-06-04 01:00:00,1748970000,21238.0,21254.0,21231.0,21236.0,2948.0
2025-06-04 02:00:00,1748973600,21237.0,21243.0,21201.0,21243.0,3493.0
2025-06-04 03:00:00,1748977200,21241.0,21246.0,21219.0,21231.0,1191.0
2025-06-04 04:00:00,1748980800,21229.0,21230.0,21208.0,21210.0,1822.0
2025-06-04 08:45:00,1748997900,21270.0,21455.0,21261.0,21434.0,51366.0
2025-06-04 09:45:00,1749001500,21434.0,21530.0,21430.0,21507.0,23739.0
2025-06-04 10:45:00,1749005100,21509.0,21535.0,21494.0,21509.0,8494.0
2025-06-04 11:45:00,1749008700,21510.0,21518.0,21459.0,21492.0,10596.0
2025-06-04 12:45:00,1749012300,21492.0,21519.0,21468.0,21477.0,14608.0
2025-06-04 15:00:00,1749020400,21499.0,21505.0,21454.0,21487.0,6362.0
2025-06-04 16:00:00,1749024000,21486.0,21546.0,21483.0,21516.0,7233.0
2025-06-04 17:00:00,1749027600,21518.0,21555.0,21515.0,21545.0,4215.0
2025-06-04 18:00:00,1749031200,21547.0,21563.0,21529.0,21548.0,3738.0
2025-06-04 19:00:00,1749034800,21547.0,21556.0,21522.0,21543.0,3386.0
2025-06-04 20:00:00,1749038400,21544.0,21564.0,21481.0,21544.0,9664.0
2025-06-04 21:00:00,1749042000,21542.0,21576.0,21507.0,21512.0,12838.0
2025-06-04 22:00:00,1749045600,21511.0,21559.0,21458.0,21544.0,17434.0
2025-06-04 23:00:00,1749049200,21545.0,21555.0,21503.0,21529.0,5441.0
2025-06-05 00:00:00,1749052800,21528.0,21533.0,21501.0,21527.0,3593.0
2025-06-05 01:00:00,1749056400,21526.0,21585.0,21525.0,21572.0,3931.0
2025-06-05 02:00:00,1749060000,21572.0,21588.0,21570.0,21580.0,2093.0
2025-06-05 03:00:00,1749063600,21579.0,21597.0,21557.0,21563.0,1970.0
2025-06-05 04:00:00,1749067200,21562.0,21564.0,21544.0,21559.0,1836.0
2025-06-05 08:45:00,1749084300,21593.0,21652.0,21550.0,21650.0,35344.0
2025-06-05 09:45:00,1749087900,21650.0,21678.0,21513.0,21529.0,30954.0
2025-06-05 10:45:00,1749091500,21531.0,21583.0,21517.0,21577.0,11373.0
2025-06-05 11:45:00,1749095100,21577.0,21578.0,21532.0,21533.0,6217.0
2025-06-05 12:45:00,1749098700,21534.0,21561.0,21522.0,21557.0,7601.0
2025-06-05 15:00:00,1749106800,21555.0,21600.0,21554.0,21594.0,5201.0
2025-06-05 16:00:00,1749110400,21593.0,21630.0,21590.0,21610.0,4976.0
2025-06-05 17:00:00,1749114000,21610.0,21624.0,21601.0,21605.0,2976.0
2025-06-05 18:00:00,1749117600,21605.0,21615.0,21563.0,21594.0,4047.0
2025-06-05 19:00:00,1749121200,21594.0,21597.0,21559.0,21579.0,3624.0
2025-06-05 20:00:00,1749124800,21578.0,21695.0,21565.0,21637.0,13260.0
2025-06-05 21:00:00,1749128400,21637.0,21680.0,21570.0,21577.0,18394.0
2025-06-05 22:00:00,1749132000,21579.0,21671.0,21568.0,21663.0,18068.0
2025-06-05 23:00:00,1749135600,21665.0,21752.0,21660.0,21740.0,16806.0
2025-06-06 00:00:00,1749139200,21740.0,21745.0,21608.0,21621.0,13228.0
2025-06-06 01:00:00,1749142800,21622.0,21664.0,21607.0,21629.0,6052.0
2025-06-06 02:00:00,1749146400,21629.0,21652.0,21575.0,21618.0,6197.0
2025-06-06 03:00:00,1749150000,21617.0,21625.0,21501.0,21577.0,9657.0
2025-06-06 04:00:00,1749153600,21576.0,21587.0,21513.0,21531.0,3094.0
2025-06-06 08:45:00,1749170700,21580.0,21630.0,21526.0,21565.0,35868.0
2025-06-06 09:45:00,1749174300,21567.0,21579.0,21513.0,21572.0,17173.0
2025-06-06 10:45:00,1749177900,21571.0,21583.0,21535.0,21552.0,8019.0
2025-06-06 11:45:00,1749181500,21552.0,21572.0,21538.0,21570.0,4863.0
2025-06-06 12:45:00,1749185100,21570.0,21598.0,21560.0,21578.0,9427.0
2025-06-06 15:00:00,1749193200,21579.0,21586.0,21566.0,21568.0,3004.0
2025-06-06 16:00:00,1749196800,21567.0,21571.0,21541.0,21561.0,3064.0
2025-06-06 17:00:00,1749200400,21562.0,21574.0,21541.0,21562.0,2444.0
2025-06-06 18:00:00,1749204000,21563.0,21569.0,21548.0,21549.0,1412.0
2025-06-06 19:00:00,1749207600,21549.0,21563.0,21534.0,21552.0,2755.0
2025-06-06 20:00:00,1749211200,21554.0,21635.0,21548.0,21616.0,8740.0
2025-06-06 21:00:00,1749214800,21615.0,21703.0,21609.0,21684.0,14901.0
2025-06-06 22:00:00,1749218400,21684.0,21692.0,21634.0,21675.0,9836.0
2025-06-06 23:00:00,1749222000,21675.0,21712.0,21650.0,21683.0,9949.0
2025-06-07 00:00:00,1749225600,21683.0,21701.0,21631.0,21645.0,5319.0
2025-06-07 01:00:00,1749229200,21643.0,21669.0,21620.0,21667.0,4146.0
2025-06-07 02:00:00,1749232800,21666.0,21696.0,21666.0,21678.0,3123.0
2025-06-07 03:00:00,1749236400,21677.0,21684.0,21658.0,21660.0,1501.0
2025-06-07 04:00:00,1749240000,21661.0,21673.0,21655.0,21661.0,1820.0
2025-06-09 08:45:00,1749429900,21666.0,21788.0,21626.0,21650.0,42535.0
2025-06-09 09:45:00,1749433500,21650.0,21715.0,21630.0,21711.0,16775.0
2025-06-09 10:45:00,1749437100,21711.0,21728.0,21663.0,21713.0,10213.0
2025-06-09 11:45:00,1749440700,21713.0,21737.0,21700.0,21712.0,6145.0
2025-06-09 12:45:00,1749444300,21712.0,21728.0,21693.0,21725.0,8243.0
2025-06-09 15:00:00,1749452400,21742.0,21776.0,21725.0,21770.0,5666.0
2025-06-09 16:00:00,1749456000,21767.0,21774.0,21743.0,21762.0,2887.0
2025-06-09 17:00:00,1749459600,21762.0,21779.0,21753.0,21761.0,1894.0
2025-06-09 18:00:00,1749463200,21761.0,21782.0,21759.0,21768.0,1896.0
2025-06-09 19:00:00,1749466800,21768.0,21803.0,21763.0,21792.0,3856.0
2025-06-09 20:00:00,1749470400,21791.0,21795.0,21757.0,21760.0,3811.0
2025-06-09 21:00:00,1749474000,21759.0,21773.0,21720.0,21738.0,9857.0
2025-06-09 22:00:00,1749477600,21738.0,21845.0,21738.0,21827.0,14643.0
2025-06-09 23:00:00,1749481200,21829.0,21853.0,21810.0,21827.0,6970.0
2025-06-10 00:00:00,1749484800,21826.0,21879.0,21818.0,21846.0,5549.0
2025-06-10 01:00:00,1749488400,21846.0,21871.0,21840.0,21858.0,2023.0
2025-06-10 02:00:00,1749492000,21859.0,21877.0,21850.0,21867.0,1360.0
2025-06-10 03:00:00,1749495600,21867.0,21874.0,21841.0,21841.0,1315.0
2025-06-10 04:00:00,1749499200,21843.0,21844.0,21831.0,21844.0,1677.0
2025-06-10 08:45:00,1749516300,21867.0,22109.0,21853.0,22100.0,45224.0
2025-06-10 09:45:00,1749519900,22101.0,22204.0,22080.0,22192.0,26040.0
2025-06-10 10:45:00,1749523500,22192.0,22221.0,22176.0,22216.0,12206.0
2025-06-10 11:45:00,1749527100,22215.0,22220.0,22185.0,22201.0,6171.0
2025-06-10 12:45:00,1749530700,22201.0,22237.0,22039.0,22113.0,30526.0
2025-06-10 13:45:00,1749534300,22113.0,22113.0,22113.0,22113.0,2.0
2025-06-10 15:00:00,1749538800,22129.0,22165.0,22112.0,22146.0,7740.0
2025-06-10 16:00:00,1749542400,22144.0,22152.0,22112.0,22146.0,3453.0
2025-06-10 17:00:00,1749546000,22145.0,22177.0,22137.0,22157.0,3473.0
2025-06-10 18:00:00,1749549600,22154.0,22192.0,22154.0,22181.0,3432.0
2025-06-10 19:00:00,1749553200,22185.0,22203.0,22163.0,22202.0,3393.0
2025-06-10 20:00:00,1749556800,22203.0,22213.0,22193.0,22209.0,3184.0
2025-06-10 21:00:00,1749560400,22209.0,22242.0,22151.0,22210.0,13577.0
2025-06-10 22:00:00,1749564000,22210.0,22260.0,22204.0,22226.0,10934.0
2025-06-10 23:00:00,1749567600,22226.0,22241.0,22096.0,22190.0,14923.0
2025-06-11 00:00:00,1749571200,22193.0,22233.0,22188.0,22227.0,5052.0
2025-06-11 01:00:00,1749574800,22227.0,22241.0,22192.0,22198.0,3012.0
2025-06-11 02:00:00,1749578400,22199.0,22280.0,22176.0,22271.0,4066.0
2025-06-11 03:00:00,1749582000,22270.0,22303.0,22269.0,22301.0,3432.0
2025-06-11 04:00:00,1749585600,22302.0,22313.0,22288.0,22311.0,2153.0
2025-06-11 08:45:00,1749602700,22301.0,22332.0,22214.0,22253.0,38566.0
2025-06-11 09:45:00,1749606300,22251.0,22269.0,22190.0,22234.0,18360.0
2025-06-11 10:45:00,1749609900,22234.0,22350.0,22232.0,22328.0,17968.0
2025-06-11 11:45:00,1749613500,22329.0,22356.0,22318.0,22334.0,8748.0
2025-06-11 12:45:00,1749617100,22335.0,22350.0,22290.0,22349.0,12279.0
2025-06-11 15:00:00,1749625200,22355.0,22414.0,22354.0,22402.0,7960.0
2025-06-11 16:00:00,1749628800,22401.0,22442.0,22396.0,22415.0,6385.0
2025-06-11 17:00:00,1749632400,22413.0,22439.0,22404.0,22407.0,2893.0
2025-06-11 18:00:00,1749636000,22406.0,22420.0,22390.0,22402.0,2254.0
2025-06-11 19:00:00,1749639600,22403.0,22403.0,22367.0,22385.0,4993.0
2025-06-11 20:00:00,1749643200,22383.0,22491.0,22362.0,22451.0,15564.0
2025-06-11 21:00:00,1749646800,22451.0,22455.0,22338.0,22420.0,18620.0
2025-06-11 22:00:00,1749650400,22420.0,22477.0,22396.0,22470.0,11792.0
2025-06-11 23:00:00,1749654000,22470.0,22473.0,22406.0,22429.0,8241.0
2025-06-12 00:00:00,1749657600,22435.0,22442.0,22377.0,22410.0,6964.0
2025-06-12 01:00:00,1749661200,22410.0,22437.0,22386.0,22388.0,2763.0
2025-06-12 02:00:00,1749664800,22389.0,22400.0,22317.0,22343.0,7480.0
2025-06-12 03:00:00,1749668400,22344.0,22352.0,22311.0,22349.0,3619.0
2025-06-12 04:00:00,1749672000,22347.0,22355.0,22336.0,22354.0,1169.0
2025-06-12 08:45:00,1749689100,22320.0,22328.0,22225.0,22311.0,34220.0
2025-06-12 09:45:00,1749692700,22310.0,22314.0,22215.0,22224.0,19346.0
2025-06-12 10:45:00,1749696300,22226.0,22285.0,22219.0,22267.0,9862.0
2025-06-12 11:45:00,1749699900,22266.0,22267.0,22236.0,22256.0,6048.0
2025-06-12 12:45:00,1749703500,22256.0,22265.0,22232.0,22253.0,8709.0
2025-06-12 15:00:00,1749711600,22235.0,22263.0,22170.0,22175.0,9542.0
2025-06-12 16:00:00,1749715200,22175.0,22211.0,22154.0,22208.0,7000.0
2025-06-12 17:00:00,1749718800,22208.0,22219.0,22178.0,22188.0,4390.0
2025-06-12 18:00:00,1749722400,22186.0,22197.0,22162.0,22172.0,3557.0
2025-06-12 19:00:00,1749726000,22172.0,22178.0,22135.0,22138.0,5592.0
2025-06-12 20:00:00,1749729600,22139.0,22195.0,22138.0,22188.0,5939.0
2025-06-12 21:00:00,1749733200,22189.0,22242.0,22172.0,22198.0,12181.0
2025-06-12 22:00:00,1749736800,22197.0,22324.0,22186.0,22311.0,16359.0
2025-06-12 23:00:00,1749740400,22312.0,22349.0,22263.0,22299.0,11752.0
2025-06-13 00:00:00,1749744000,22299.0,22338.0,22287.0,22302.0,6834.0
2025-06-13 01:00:00,1749747600,22301.0,22330.0,22300.0,22314.0,1881.0
2025-06-13 02:00:00,1749751200,22314.0,22320.0,22291.0,22315.0,1235.0
2025-06-13 03:00:00,1749754800,22312.0,22328.0,22294.0,22326.0,1150.0
2025-06-13 04:00:00,1749758400,22326.0,22328.0,22307.0,22311.0,1038.0
2025-06-13 08:45:00,1749775500,21971.0,22065.0,21893.0,22042.0,65024.0
2025-06-13 09:45:00,1749779100,22042.0,22138.0,21936.0,21953.0,32029.0
2025-06-13 10:45:00,1749782700,21954.0,22064.0,21950.0,22042.0,17338.0
2025-06-13 11:45:00,1749786300,22043.0,22072.0,21992.0,22007.0,10695.0
2025-06-13 12:45:00,1749789900,22007.0,22015.0,21934.0,21934.0,13358.0
2025-06-13 15:00:00,1749798000,21961.0,22000.0,21956.0,21981.0,8168.0
2025-06-13 16:00:00,1749801600,21980.0,22019.0,21967.0,21970.0,5829.0
2025-06-13 17:00:00,1749805200,21970.0,22004.0,21957.0,21990.0,3741.0
2025-06-13 18:00:00,1749808800,21990.0,21996.0,21948.0,21983.0,4309.0
2025-06-13 19:00:00,1749812400,21984.0,22006.0,21968.0,22000.0,4268.0
2025-06-13 20:00:00,1749816000,21999.0,22004.0,21975.0,21983.0,2903.0
2025-06-13 21:00:00,1749819600,21982.0,22076.0,21964.0,22029.0,15451.0
2025-06-13 22:00:00,1749823200,22032.0,22064.0,21981.0,22061.0,15800.0
2025-06-13 23:00:00,1749826800,22060.0,22132.0,22048.0,22120.0,13023.0
2025-06-14 00:00:00,1749830400,22121.0,22146.0,22101.0,22122.0,7153.0
2025-06-14 01:00:00,1749834000,22123.0,22126.0,22063.0,22090.0,6059.0
2025-06-14 02:00:00,1749837600,22091.0,22103.0,21968.0,22008.0,9119.0
2025-06-14 03:00:00,1749841200,22009.0,22019.0,21969.0,22018.0,4274.0
2025-06-14 04:00:00,1749844800,22017.0,22025.0,21975.0,21984.0,2212.0
2025-06-16 08:45:00,1750034700,22045.0,22062.0,21868.0,21953.0,41415.0
2025-06-16 09:45:00,1750038300,21955.0,21974.0,21890.0,21911.0,17827.0
2025-06-16 10:45:00,1750041900,21910.0,21953.0,21877.0,21932.0,10525.0
2025-06-16 11:45:00,1750045500,21931.0,21985.0,21928.0,21973.0,10585.0
2025-06-16 12:45:00,1750049100,21974.0,22042.0,21966.0,22036.0,13037.0
2025-06-16 15:00:00,1750057200,22057.0,22098.0,22055.0,22078.0,6003.0
2025-06-16 16:00:00,1750060800,22077.0,22084.0,22052.0,22078.0,2927.0
2025-06-16 17:00:00,1750064400,22076.0,22083.0,22040.0,22042.0,2819.0
2025-06-16 18:00:00,1750068000,22043.0,22065.0,22036.0,22065.0,2115.0
2025-06-16 19:00:00,1750071600,22064.0,22081.0,22041.0,22079.0,2413.0
2025-06-16 20:00:00,1750075200,22079.0,22094.0,22063.0,22084.0,2859.0
2025-06-16 21:00:00,1750078800,22084.0,22176.0,22079.0,22171.0,13454.0
2025-06-16 22:00:00,1750082400,22172.0,22252.0,22172.0,22230.0,13463.0
2025-06-16 23:00:00,1750086000,22230.0,22277.0,22211.0,22227.0,8409.0
2025-06-17 00:00:00,1750089600,22229.0,22258.0,22222.0,22230.0,3291.0
2025-06-17 01:00:00,1750093200,22230.0,22247.0,22206.0,22225.0,2649.0
2025-06-17 02:00:00,1750096800,22224.0,22232.0,22192.0,22198.0,1917.0
2025-06-17 03:00:00,1750100400,22197.0,22214.0,22167.0,22182.0,2628.0
2025-06-17 04:00:00,1750104000,22181.0,22220.0,22173.0,22219.0,1752.0
2025-06-17 08:45:00,1750121100,22143.0,22260.0,22132.0,22183.0,35691.0
2025-06-17 09:45:00,1750124700,22182.0,22244.0,22061.0,22091.0,30963.0
2025-06-17 10:45:00,1750128300,22092.0,22156.0,22080.0,22130.0,14000.0
2025-06-17 11:45:00,1750131900,22130.0,22131.0,22080.0,22109.0,8616.0
2025-06-17 12:45:00,1750135500,22109.0,22171.0,22105.0,22164.0,11861.0
2025-06-17 13:45:00,1750139100,22165.0,22165.0,22165.0,22165.0,1.0
2025-06-17 15:00:00,1750143600,21780.0,21780.0,21713.0,21727.0,1698.0
2025-06-17 16:00:00,1750147200,21726.0,21752.0,21722.0,21747.0,778.0
2025-06-17 17:00:00,1750150800,21749.0,21761.0,21719.0,21724.0,766.0
2025-06-17 18:00:00,1750154400,21723.0,21737.0,21703.0,21737.0,796.0
2025-06-17 19:00:00,1750158000,21736.0,21760.0,21732.0,21760.0,713.0
2025-06-17 20:00:00,1750161600,21759.0,21766.0,21728.0,21735.0,948.0
2025-06-17 21:00:00,1750165200,21734.0,21782.0,21713.0,21780.0,1897.0
2025-06-17 22:00:00,1750168800,21781.0,21800.0,21736.0,21737.0,2571.0
2025-06-17 23:00:00,1750172400,21737.0,21782.0,21736.0,21769.0,1059.0
2025-06-18 00:00:00,1750176000,21770.0,21787.0,21720.0,21722.0,1159.0
2025-06-18 01:00:00,1750179600,21722.0,21738.0,21671.0,21684.0,2010.0
2025-06-18 02:00:00,1750183200,21683.0,21707.0,21666.0,21706.0,835.0
2025-06-18 03:00:00,1750186800,21703.0,21722.0,21680.0,21684.0,545.0
2025-06-18 04:00:00,1750190400,21683.0,21691.0,21672.0,21684.0,361.0
2025-06-18 08:45:00,1750207500,21714.0,21865.0,21693.0,21809.0,14422.0
2025-06-18 09:45:00,1750211100,21810.0,21940.0,21797.0,21939.0,9347.0
2025-06-18 10:45:00,1750214700,21939.0,21959.0,21911.0,21945.0,7182.0
2025-06-18 11:45:00,1750218300,21945.0,21952.0,21850.0,21873.0,7485.0
2025-06-18 12:45:00,1750221900,21873.0,21934.0,21862.0,21930.0,11264.0
2025-06-18 15:00:00,1750230000,21957.0,21987.0,21910.0,21924.0,10486.0
2025-06-18 16:00:00,1750233600,21924.0,21940.0,21897.0,21910.0,5202.0
2025-06-18 17:00:00,1750237200,21909.0,21928.0,21883.0,21884.0,4924.0
2025-06-18 18:00:00,1750240800,21885.0,21888.0,21795.0,21802.0,10155.0
2025-06-18 19:00:00,1750244400,21802.0,21856.0,21788.0,21831.0,8375.0
2025-06-18 20:00:00,1750248000,21831.0,21849.0,21803.0,21805.0,5370.0
2025-06-18 21:00:00,1750251600,21804.0,21841.0,21740.0,21814.0,17431.0
2025-06-18 22:00:00,1750255200,21815.0,21891.0,21803.0,21871.0,16568.0
2025-06-18 23:00:00,1750258800,21871.0,21900.0,21841.0,21857.0,9279.0
2025-06-19 00:00:00,1750262400,21857.0,21879.0,21845.0,21857.0,3817.0
2025-06-19 01:00:00,1750266000,21857.0,21875.0,21796.0,21850.0,5283.0
2025-06-19 02:00:00,1750269600,21846.0,21918.0,21781.0,21803.0,10087.0
2025-06-19 03:00:00,1750273200,21802.0,21851.0,21780.0,21832.0,4252.0
2025-06-19 04:00:00,1750276800,21833.0,21860.0,21819.0,21860.0,1380.0
2025-06-19 08:45:00,1750293900,21820.0,21856.0,21705.0,21706.0,41639.0
2025-06-19 09:45:00,1750297500,21705.0,21747.0,21684.0,21695.0,20965.0
2025-06-19 10:45:00,1750301100,21695.0,21742.0,21676.0,21732.0,13836.0
2025-06-19 11:45:00,1750304700,21733.0,21755.0,21698.0,21731.0,9502.0
2025-06-19 12:45:00,1750308300,21731.0,21735.0,21686.0,21704.0,12289.0
2025-06-19 15:00:00,1750316400,21680.0,21699.0,21579.0,21583.0,14258.0
2025-06-19 16:00:00,1750320000,21584.0,21639.0,21582.0,21623.0,5995.0
2025-06-19 17:00:00,1750323600,21623.0,21643.0,21615.0,21627.0,3482.0
2025-06-19 18:00:00,1750327200,21628.0,21633.0,21598.0,21613.0,3053.0
2025-06-19 19:00:00,1750330800,21614.0,21615.0,21571.0,21602.0,5373.0
2025-06-19 20:00:00,1750334400,21602.0,21608.0,21553.0,21576.0,5842.0
2025-06-19 21:00:00,1750338000,21576.0,21592.0,21524.0,21526.0,10468.0
2025-06-19 22:00:00,1750341600,21527.0,21555.0,21506.0,21525.0,8373.0
2025-06-19 23:00:00,1750345200,21525.0,21533.0,21468.0,21473.0,7103.0
2025-06-20 00:00:00,1750348800,21473.0,21507.0,21472.0,21475.0,3547.0
2025-06-20 01:00:00,1750352400,21476.0,21572.0,21475.0,21569.0,4807.0
2025-06-20 02:00:00,1750356000,21568.0,21588.0,21547.0,21553.0,3039.0
2025-06-20 03:00:00,1750359600,21554.0,21565.0,21548.0,21558.0,594.0
2025-06-20 04:00:00,1750363200,21558.0,21573.0,21532.0,21570.0,1583.0
2025-06-20 08:45:00,1750380300,21630.0,21742.0,21506.0,21518.0,54990.0
2025-06-20 09:45:00,1750383900,21518.0,21565.0,21469.0,21537.0,27194.0
2025-06-20 10:45:00,1750387500,21537.0,21623.0,21499.0,21596.0,16843.0
2025-06-20 11:45:00,1750391100,21596.0,21656.0,21596.0,21613.0,14804.0
2025-06-20 12:45:00,1750394700,21614.0,21664.0,21596.0,21649.0,15913.0
2025-06-20 15:00:00,1750402800,21650.0,21703.0,21615.0,21695.0,8314.0
2025-06-20 16:00:00,1750406400,21695.0,21730.0,21653.0,21655.0,8943.0
2025-06-20 17:00:00,1750410000,21655.0,21713.0,21647.0,21708.0,5707.0
2025-06-20 18:00:00,1750413600,21706.0,21707.0,21673.0,21695.0,3843.0
2025-06-20 19:00:00,1750417200,21695.0,21788.0,21687.0,21747.0,10067.0
2025-06-20 20:00:00,1750420800,21747.0,21780.0,21745.0,21760.0,5813.0
2025-06-20 21:00:00,1750424400,21759.0,21775.0,21610.0,21621.0,18597.0
2025-06-20 22:00:00,1750428000,21621.0,21662.0,21425.0,21434.0,39514.0
2025-06-20 23:00:00,1750431600,21435.0,21534.0,21408.0,21464.0,21861.0
2025-06-21 00:00:00,1750435200,21465.0,21523.0,21457.0,21497.0,9280.0
2025-06-21 01:00:00,1750438800,21495.0,21520.0,21412.0,21463.0,9163.0
2025-06-21 02:00:00,1750442400,21460.0,21492.0,21444.0,21450.0,3508.0
2025-06-21 03:00:00,1750446000,21448.0,21471.0,21425.0,21444.0,2583.0
2025-06-21 04:00:00,1750449600,21442.0,21477.0,21439.0,21459.0,2078.0
2025-06-23 08:45:00,1750639500,21343.0,21398.0,21206.0,21264.0,57156.0
2025-06-23 09:45:00,1750643100,21264.0,21406.0,21260.0,21360.0,23507.0
2025-06-23 10:45:00,1750646700,21361.0,21430.0,21332.0,21398.0,13522.0
2025-06-23 11:45:00,1750650300,21400.0,21434.0,21380.0,21393.0,9510.0
2025-06-23 12:45:00,1750653900,21395.0,21483.0,21391.0,21474.0,15633.0
2025-06-23 13:45:00,1750657500,21474.0,21474.0,21474.0,21474.0,1.0
2025-06-23 15:00:00,1750662000,21481.0,21543.0,21462.0,21542.0,9700.0
2025-06-23 16:00:00,1750665600,21540.0,21555.0,21498.0,21510.0,5843.0
2025-06-23 17:00:00,1750669200,21509.0,21510.0,21437.0,21443.0,8051.0
2025-06-23 18:00:00,1750672800,21442.0,21485.0,21415.0,21429.0,6216.0
2025-06-23 19:00:00,1750676400,21429.0,21445.0,21377.0,21436.0,7591.0
2025-06-23 20:00:00,1750680000,21435.0,21478.0,21423.0,21473.0,6644.0
2025-06-23 21:00:00,1750683600,21472.0,21548.0,21416.0,21547.0,17870.0
2025-06-23 22:00:00,1750687200,21546.0,21574.0,21519.0,21523.0,14658.0
2025-06-23 23:00:00,1750690800,21526.0,21572.0,21489.0,21494.0,10199.0
2025-06-24 00:00:00,1750694400,21494.0,21514.0,21350.0,21407.0,18539.0
2025-06-24 01:00:00,1750698000,21410.0,21602.0,21400.0,21578.0,14831.0
2025-06-24 02:00:00,1750701600,21576.0,21610.0,21572.0,21590.0,3908.0
2025-06-24 03:00:00,1750705200,21589.0,21628.0,21577.0,21623.0,3207.0
2025-06-24 04:00:00,1750708800,21623.0,21626.0,21590.0,21612.0,1922.0
2025-06-24 08:45:00,1750725900,21760.0,21953.0,21760.0,21922.0,59715.0
2025-06-24 09:45:00,1750729500,21922.0,21944.0,21810.0,21861.0,27636.0
2025-06-24 10:45:00,1750733100,21860.0,21950.0,21836.0,21942.0,14188.0
2025-06-24 11:45:00,1750736700,21942.0,21944.0,21853.0,21932.0,12614.0
2025-06-24 12:45:00,1750740300,21932.0,21964.0,21905.0,21962.0,13053.0
2025-06-24 15:00:00,1750748400,22000.0,22027.0,21952.0,21978.0,12903.0
2025-06-24 16:00:00,1750752000,21977.0,21988.0,21962.0,21970.0,3697.0
2025-06-24 17:00:00,1750755600,21970.0,21985.0,21946.0,21955.0,4410.0
2025-06-24 18:00:00,1750759200,21954.0,21961.0,21937.0,21941.0,3705.0
2025-06-24 19:00:00,1750762800,21940.0,21980.0,21928.0,21980.0,5522.0
2025-06-24 20:00:00,1750766400,21980.0,21989.0,21945.0,21955.0,5661.0
2025-06-24 21:00:00,1750770000,21954.0,22008.0,21935.0,21966.0,12375.0
2025-06-24 22:00:00,1750773600,21966.0,22045.0,21960.0,22034.0,13690.0
2025-06-24 23:00:00,1750777200,22031.0,22075.0,22030.0,22039.0,9412.0
2025-06-25 00:00:00,1750780800,22039.0,22091.0,22034.0,22078.0,5365.0
2025-06-25 01:00:00,1750784400,22080.0,22108.0,22071.0,22107.0,3532.0
2025-06-25 02:00:00,1750788000,22106.0,22152.0,22106.0,22149.0,3483.0
2025-06-25 03:00:00,1750791600,22149.0,22160.0,22141.0,22145.0,1885.0
2025-06-25 04:00:00,1750795200,22145.0,22157.0,22135.0,22153.0,2115.0
2025-06-25 08:45:00,1750812300,22160.0,22160.0,22017.0,22038.0,38342.0
2025-06-25 09:45:00,1750815900,22040.0,22085.0,22023.0,22062.0,18369.0
2025-06-25 10:45:00,1750819500,22061.0,22131.0,22056.0,22123.0,12834.0
2025-06-25 11:45:00,1750823100,22123.0,22126.0,22076.0,22110.0,8311.0
2025-06-25 12:45:00,1750826700,22109.0,22168.0,22100.0,22160.0,14243.0
2025-06-25 15:00:00,1750834800,22146.0,22154.0,22115.0,22131.0,6397.0
2025-06-25 16:00:00,1750838400,22131.0,22157.0,22107.0,22148.0,5196.0
2025-06-25 17:00:00,1750842000,22150.0,22162.0,22135.0,22137.0,3592.0
2025-06-25 18:00:00,1750845600,22137.0,22145.0,22121.0,22137.0,2494.0
2025-06-25 19:00:00,1750849200,22137.0,22189.0,22130.0,22186.0,4620.0
2025-06-25 20:00:00,1750852800,22185.0,22197.0,22168.0,22192.0,5252.0
2025-06-25 21:00:00,1750856400,22193.0,22199.0,22127.0,22162.0,13787.0
2025-06-25 22:00:00,1750860000,22163.0,22215.0,22145.0,22177.0,12526.0
2025-06-25 23:00:00,1750863600,22177.0,22179.0,22130.0,22154.0,8529.0
2025-06-26 00:00:00,1750867200,22154.0,22191.0,22151.0,22186.0,4301.0
2025-06-26 01:00:00,1750870800,22187.0,22204.0,22148.0,22160.0,3908.0
2025-06-26 02:00:00,1750874400,22160.0,22175.0,22156.0,22165.0,1259.0
2025-06-26 03:00:00,1750878000,22166.0,22185.0,22161.0,22177.0,1439.0
2025-06-26 04:00:00,1750881600,22178.0,22188.0,22164.0,22174.0,1117.0
2025-06-26 08:45:00,1750898700,22163.0,22231.0,22155.0,22173.0,30822.0
2025-06-26 09:45:00,1750902300,22173.0,22264.0,22140.0,22169.0,34154.0
2025-06-26 10:45:00,1750905900,22169.0,22183.0,22133.0,22147.0,13218.0
2025-06-26 11:45:00,1750909500,22147.0,22164.0,22118.0,22149.0,10364.0
2025-06-26 12:45:00,1750913100,22150.0,22165.0,22078.0,22110.0,15653.0
2025-06-26 15:00:00,1750921200,22121.0,22130.0,22043.0,22060.0,10230.0
2025-06-26 16:00:00,1750924800,22060.0,22100.0,22047.0,22089.0,5439.0
2025-06-26 17:00:00,1750928400,22089.0,22099.0,22064.0,22089.0,3419.0
2025-06-26 18:00:00,1750932000,22089.0,22118.0,22086.0,22107.0,3457.0
2025-06-26 19:00:00,1750935600,22108.0,22113.0,22082.0,22110.0,2824.0
2025-06-26 20:00:00,1750939200,22110.0,22112.0,22073.0,22090.0,3859.0
2025-06-26 21:00:00,1750942800,22090.0,22103.0,22009.0,22058.0,16483.0
2025-06-26 22:00:00,1750946400,22058.0,22115.0,22041.0,22078.0,13110.0
2025-06-26 23:00:00,1750950000,22079.0,22150.0,22079.0,22136.0,12263.0
2025-06-27 00:00:00,1750953600,22135.0,22160.0,22115.0,22120.0,6049.0
2025-06-27 01:00:00,1750957200,22121.0,22149.0,22118.0,22141.0,1789.0
2025-06-27 02:00:00,1750960800,22142.0,22168.0,22140.0,22165.0,2913.0
2025-06-27 03:00:00,1750964400,22165.0,22182.0,22147.0,22179.0,2200.0
2025-06-27 04:00:00,1750968000,22177.0,22187.0,22163.0,22172.0,1810.0
2025-06-27 08:45:00,1750985100,22199.0,22220.0,22033.0,22089.0,43472.0
2025-06-27 09:45:00,1750988700,22089.0,22106.0,22005.0,22059.0,22576.0
2025-06-27 10:45:00,1750992300,22057.0,22068.0,21997.0,22025.0,13722.0
2025-06-27 11:45:00,1750995900,22024.0,22110.0,21988.0,22098.0,17291.0
2025-06-27 12:45:00,1750999500,22098.0,22126.0,22053.0,22120.0,14666.0
2025-06-27 15:00:00,1751007600,22098.0,22103.0,22043.0,22068.0,8991.0
2025-06-27 16:00:00,1751011200,22069.0,22077.0,22045.0,22074.0,4190.0
2025-06-27 17:00:00,1751014800,22075.0,22080.0,22053.0,22076.0,2626.0
2025-06-27 18:00:00,1751018400,22076.0,22081.0,22052.0,22074.0,2405.0
2025-06-27 19:00:00,1751022000,22072.0,22110.0,22069.0,22109.0,4177.0
2025-06-27 20:00:00,1751025600,22110.0,22113.0,22061.0,22069.0,4704.0
2025-06-27 21:00:00,1751029200,22069.0,22137.0,22037.0,22125.0,12584.0
2025-06-27 22:00:00,1751032800,22125.0,22163.0,22097.0,22130.0,15040.0
2025-06-27 23:00:00,1751036400,22131.0,22213.0,22128.0,22186.0,11332.0
2025-06-28 00:00:00,1751040000,22186.0,22217.0,22163.0,22195.0,6959.0
2025-06-28 01:00:00,1751043600,22195.0,22204.0,22110.0,22138.0,7414.0
2025-06-28 02:00:00,1751047200,22139.0,22151.0,22075.0,22086.0,7228.0
2025-06-28 03:00:00,1751050800,22086.0,22166.0,22080.0,22157.0,3405.0
2025-06-28 04:00:00,1751054400,22158.0,22160.0,22122.0,22137.0,1939.0
2025-06-30 08:45:00,1751244300,22235.0,22257.0,22090.0,22150.0,39284.0
2025-06-30 09:45:00,1751247900,22149.0,22180.0,22117.0,22133.0,14510.0
2025-06-30 10:45:00,1751251500,22134.0,22136.0,22085.0,22104.0,12964.0
2025-06-30 11:45:00,1751255100,22103.0,22185.0,22093.0,22177.0,10122.0
2025-06-30 12:45:00,1751258700,22176.0,22184.0,22093.0,22141.0,14994.0
2025-06-30 15:00:00,1751266800,22133.0,22149.0,22111.0,22119.0,3983.0
2025-06-30 16:00:00,1751270400,22122.0,22135.0,22108.0,22126.0,2698.0
2025-06-30 17:00:00,1751274000,22125.0,22154.0,22104.0,22106.0,3734.0
2025-06-30 18:00:00,1751277600,22106.0,22124.0,22106.0,22121.0,1790.0
2025-06-30 19:00:00,1751281200,22122.0,22130.0,22112.0,22121.0,1289.0
2025-06-30 20:00:00,1751284800,22121.0,22123.0,22076.0,22079.0,4736.0
2025-06-30 21:00:00,1751288400,22080.0,22107.0,22012.0,22057.0,15777.0
2025-06-30 22:00:00,1751292000,22056.0,22096.0,22035.0,22070.0,9856.0
2025-06-30 23:00:00,1751295600,22070.0,22140.0,22067.0,22121.0,7573.0
2025-07-01 00:00:00,1751299200,22123.0,22134.0,22099.0,22116.0,3916.0
2025-07-01 01:00:00,1751302800,22116.0,22121.0,22063.0,22084.0,3678.0
2025-07-01 02:00:00,1751306400,22082.0,22113.0,22066.0,22112.0,1690.0
2025-07-01 03:00:00,1751310000,22111.0,22136.0,22092.0,22121.0,1716.0
2025-07-01 04:00:00,1751313600,22121.0,22160.0,22111.0,22160.0,2026.0
2025-07-01 08:45:00,1751330700,22193.0,22592.0,22191.0,22581.0,62433.0
2025-07-01 09:45:00,1751334300,22580.0,22591.0,22537.0,22541.0,20672.0
2025-07-01 10:45:00,1751337900,22541.0,22563.0,22366.0,22405.0,26870.0
2025-07-01 11:45:00,1751341500,22405.0,22440.0,22286.0,22350.0,23041.0
2025-07-01 12:45:00,1751345100,22352.0,22369.0,22304.0,22351.0,15252.0
2025-07-01 15:00:00,1751353200,22352.0,22383.0,22342.0,22379.0,5202.0
2025-07-01 16:00:00,1751356800,22379.0,22409.0,22360.0,22386.0,4635.0
2025-07-01 17:00:00,1751360400,22386.0,22389.0,22347.0,22364.0,3717.0
2025-07-01 18:00:00,1751364000,22363.0,22374.0,22356.0,22374.0,1586.0
2025-07-01 19:00:00,1751367600,22373.0,22382.0,22336.0,22348.0,2796.0
2025-07-01 20:00:00,1751371200,22348.0,22357.0,22313.0,22340.0,5594.0
2025-07-01 21:00:00,1751374800,22339.0,22386.0,22308.0,22356.0,11681.0
2025-07-01 22:00:00,1751378400,22354.0,22372.0,22275.0,22284.0,15232.0
2025-07-01 23:00:00,1751382000,22284.0,22304.0,22219.0,22275.0,14772.0
2025-07-02 00:00:00,1751385600,22274.0,22324.0,22266.0,22301.0,6263.0
2025-07-02 01:00:00,1751389200,22302.0,22345.0,22299.0,22331.0,3058.0
2025-07-02 02:00:00,1751392800,22332.0,22344.0,22314.0,22315.0,1464.0
2025-07-02 03:00:00,1751396400,22314.0,22342.0,22283.0,22323.0,2284.0
2025-07-02 04:00:00,1751400000,22321.0,22326.0,22292.0,22299.0,1372.0
2025-07-02 08:45:00,1751417100,22300.0,22309.0,22208.0,22306.0,36264.0
2025-07-02 09:45:00,1751420700,22308.0,22355.0,22256.0,22353.0,21173.0
2025-07-02 10:45:00,1751424300,22353.0,22367.0,22325.0,22352.0,11156.0
2025-07-02 11:45:00,1751427900,22351.0,22400.0,22340.0,22384.0,8888.0
2025-07-02 12:45:00,1751431500,22385.0,22395.0,22340.0,22391.0,12425.0
2025-07-02 15:00:00,1751439600,22387.0,22400.0,22343.0,22343.0,5513.0
2025-07-02 16:00:00,1751443200,22343.0,22357.0,22325.0,22335.0,4142.0
2025-07-02 17:00:00,1751446800,22336.0,22360.0,22330.0,22346.0,2656.0
2025-07-02 18:00:00,1751450400,22346.0,22352.0,22334.0,22341.0,1497.0
2025-07-02 19:00:00,1751454000,22341.0,22363.0,22308.0,22316.0,4359.0
2025-07-02 20:00:00,1751457600,22316.0,22333.0,22281.0,22295.0,7606.0
2025-07-02 21:00:00,1751461200,22294.0,22373.0,22289.0,22357.0,11500.0
2025-07-02 22:00:00,1751464800,22358.0,22480.0,22356.0,22459.0,24241.0
2025-07-02 23:00:00,1751468400,22460.0,22476.0,22444.0,22474.0,7584.0
2025-07-03 00:00:00,1751472000,22473.0,22518.0,22460.0,22510.0,7775.0
2025-07-03 01:00:00,1751475600,22509.0,22529.0,22495.0,22521.0,3473.0
2025-07-03 02:00:00,1751479200,22521.0,22546.0,22513.0,22538.0,2261.0
2025-07-03 03:00:00,1751482800,22538.0,22570.0,22532.0,22562.0,2420.0
2025-07-03 04:00:00,1751486400,22563.0,22580.0,22551.0,22573.0,2368.0
2025-07-03 08:45:00,1751503500,22570.0,22697.0,22546.0,22664.0,45252.0
2025-07-03 09:45:00,1751507100,22667.0,22708.0,22630.0,22674.0,18023.0
2025-07-03 10:45:00,1751510700,22675.0,22716.0,22648.0,22666.0,13413.0
2025-07-03 11:45:00,1751514300,22665.0,22700.0,22636.0,22688.0,10371.0
2025-07-03 12:45:00,1751517900,22687.0,22698.0,22658.0,22679.0,11153.0
2025-07-03 13:45:00,1751521500,22677.0,22679.0,22677.0,22679.0,4.0
2025-07-03 15:00:00,1751526000,22710.0,22731.0,22690.0,22704.0,6842.0
2025-07-03 16:00:00,1751529600,22705.0,22724.0,22680.0,22686.0,3104.0
2025-07-03 17:00:00,1751533200,22685.0,22699.0,22652.0,22660.0,4079.0
2025-07-03 18:00:00,1751536800,22659.0,22679.0,22652.0,22675.0,3122.0
2025-07-03 19:00:00,1751540400,22672.0,22698.0,22668.0,22693.0,2670.0
2025-07-03 20:00:00,1751544000,22692.0,22753.0,22683.0,22710.0,11411.0
2025-07-03 21:00:00,1751547600,22709.0,22822.0,22698.0,22809.0,16626.0
2025-07-03 22:00:00,1751551200,22812.0,22855.0,22811.0,22828.0,13358.0
2025-07-03 23:00:00,1751554800,22830.0,22875.0,22829.0,22844.0,7158.0
2025-07-04 00:00:00,1751558400,22844.0,22853.0,22756.0,22808.0,9137.0
2025-07-04 01:00:00,1751562000,22810.0,22814.0,22775.0,22787.0,2506.0
2025-07-04 02:00:00,1751565600,22787.0,22815.0,22786.0,22810.0,752.0
2025-07-04 03:00:00,1751569200,22809.0,22809.0,22791.0,22796.0,617.0
2025-07-04 04:00:00,1751572800,22796.0,22798.0,22783.0,22794.0,1281.0
2025-07-04 08:45:00,1751589900,22747.0,22770.0,22570.0,22578.0,43500.0
2025-07-04 09:45:00,1751593500,22580.0,22582.0,22503.0,22527.0,27695.0
2025-07-04 10:45:00,1751597100,22526.0,22555.0,22463.0,22472.0,17757.0
2025-07-04 11:45:00,1751600700,22473.0,22480.0,22442.0,22471.0,12192.0
2025-07-04 12:45:00,1751604300,22470.0,22476.0,22431.0,22434.0,11879.0
2025-07-04 15:00:00,1751612400,22423.0,22430.0,22358.0,22372.0,9931.0
2025-07-04 16:00:00,1751616000,22372.0,22382.0,22327.0,22362.0,7747.0
2025-07-04 17:00:00,1751619600,22362.0,22381.0,22316.0,22374.0,5917.0
2025-07-04 18:00:00,1751623200,22374.0,22426.0,22370.0,22403.0,6819.0
2025-07-04 19:00:00,1751626800,22403.0,22416.0,22388.0,22395.0,2983.0
2025-07-04 20:00:00,1751630400,22393.0,22413.0,22354.0,22392.0,5408.0
2025-07-04 21:00:00,1751634000,22391.0,22435.0,22375.0,22384.0,7367.0
2025-07-04 22:00:00,1751637600,22384.0,22420.0,22367.0,22402.0,5087.0
2025-07-04 23:00:00,1751641200,22400.0,22405.0,22363.0,22378.0,3084.0
2025-07-05 00:00:00,1751644800,22378.0,22389.0,22338.0,22352.0,3145.0
2025-07-05 01:00:00,1751648400,22354.0,22362.0,22318.0,22351.0,2458.0
2025-07-05 02:00:00,1751652000,22352.0,22382.0,22340.0,22370.0,1576.0
2025-07-05 03:00:00,1751655600,22372.0,22376.0,22361.0,22375.0,572.0
2025-07-05 04:00:00,1751659200,22377.0,22400.0,22350.0,22354.0,1773.0
2025-07-07 08:45:00,1751849100,22345.0,22505.0,22246.0,22333.0,62287.0
2025-07-07 09:45:00,1751852700,22333.0,22384.0,22293.0,22336.0,19528.0
2025-07-07 10:45:00,1751856300,22338.0,22345.0,22271.0,22302.0,10019.0
2025-07-07 11:45:00,1751859900,22300.0,22357.0,22295.0,22299.0,9104.0
2025-07-07 12:45:00,1751863500,22300.0,22336.0,22290.0,22336.0,10111.0
2025-07-07 15:00:00,1751871600,22313.0,22365.0,22306.0,22359.0,5183.0
2025-07-07 16:00:00,1751875200,22359.0,22361.0,22328.0,22332.0,3364.0
2025-07-07 17:00:00,1751878800,22332.0,22364.0,22322.0,22363.0,2591.0
2025-07-07 18:00:00,1751882400,22364.0,22385.0,22360.0,22375.0,3035.0
2025-07-07 19:00:00,1751886000,22376.0,22395.0,22373.0,22381.0,2915.0
2025-07-07 20:00:00,1751889600,22380.0,22386.0,22356.0,22358.0,3118.0
2025-07-07 21:00:00,1751893200,22358.0,22427.0,22348.0,22394.0,14151.0
2025-07-07 22:00:00,1751896800,22395.0,22404.0,22308.0,22317.0,12709.0
2025-07-07 23:00:00,1751900400,22316.0,22373.0,22314.0,22364.0,7370.0
2025-07-08 00:00:00,1751904000,22366.0,22415.0,22247.0,22294.0,21082.0
2025-07-08 01:00:00,1751907600,22294.0,22366.0,22292.0,22323.0,5146.0
2025-07-08 02:00:00,1751911200,22322.0,22329.0,22174.0,22258.0,10076.0
2025-07-08 03:00:00,1751914800,22258.0,22275.0,22204.0,22260.0,3738.0
2025-07-08 04:00:00,1751918400,22262.0,22262.0,22214.0,22223.0,1740.0
2025-07-08 08:45:00,1751935500,22339.0,22398.0,22194.0,22196.0,42179.0
2025-07-08 09:45:00,1751939100,22196.0,22238.0,22142.0,22210.0,26508.0
2025-07-08 10:45:00,1751942700,22211.0,22315.0,22204.0,22279.0,17902.0
2025-07-08 11:45:00,1751946300,22280.0,22286.0,22204.0,22218.0,10652.0
2025-07-08 12:45:00,1751949900,22218.0,22275.0,22193.0,22254.0,13118.0
2025-07-08 15:00:00,1751958000,22275.0,22294.0,22246.0,22288.0,4746.0
2025-07-08 16:00:00,1751961600,22287.0,22288.0,22253.0,22268.0,3244.0
2025-07-08 17:00:00,1751965200,22267.0,22278.0,22228.0,22233.0,3640.0
2025-07-08 18:00:00,1751968800,22234.0,22265.0,22226.0,22261.0,2441.0
2025-07-08 19:00:00,1751972400,22260.0,22283.0,22246.0,22250.0,3000.0
2025-07-08 20:00:00,1751976000,22249.0,22263.0,22245.0,22256.0,1970.0
2025-07-08 21:00:00,1751979600,22256.0,22268.0,22195.0,22220.0,10689.0
2025-07-08 22:00:00,1751983200,22219.0,22275.0,22188.0,22246.0,15515.0
2025-07-08 23:00:00,1751986800,22246.0,22278.0,22232.0,22253.0,6875.0
2025-07-09 00:00:00,1751990400,22254.0,22295.0,22238.0,22271.0,6289.0
2025-07-09 01:00:00,1751994000,22272.0,22283.0,22245.0,22267.0,2597.0
2025-07-09 02:00:00,1751997600,22266.0,22278.0,22252.0,22263.0,1026.0
2025-07-09 03:00:00,1752001200,22262.0,22267.0,22246.0,22261.0,968.0
2025-07-09 04:00:00,1752004800,22262.0,22273.0,22256.0,22269.0,823.0
2025-07-09 08:45:00,1752021900,22250.0,22297.0,22146.0,22276.0,42660.0
2025-07-09 09:45:00,1752025500,22278.0,22404.0,22272.0,22356.0,28346.0
2025-07-09 10:45:00,1752029100,22358.0,22366.0,22321.0,22328.0,7950.0
2025-07-09 11:45:00,1752032700,22328.0,22443.0,22324.0,22430.0,13517.0
2025-07-09 12:45:00,1752036300,22431.0,22472.0,22409.0,22430.0,19656.0
2025-07-09 15:00:00,1752044400,22440.0,22448.0,22415.0,22427.0,3785.0
2025-07-09 16:00:00,1752048000,22426.0,22437.0,22416.0,22423.0,2133.0
2025-07-09 17:00:00,1752051600,22423.0,22468.0,22412.0,22452.0,4429.0
2025-07-09 18:00:00,1752055200,22452.0,22455.0,22435.0,22440.0,2228.0
2025-07-09 19:00:00,1752058800,22440.0,22482.0,22437.0,22463.0,3897.0
2025-07-09 20:00:00,1752062400,22463.0,22493.0,22460.0,22484.0,4131.0
2025-07-09 21:00:00,1752066000,22484.0,22567.0,22472.0,22547.0,15018.0
2025-07-09 22:00:00,1752069600,22547.0,22559.0,22385.0,22411.0,25087.0
2025-07-09 23:00:00,1752073200,22411.0,22454.0,22365.0,22432.0,15195.0
2025-07-10 00:00:00,1752076800,22433.0,22478.0,22422.0,22465.0,5465.0
2025-07-10 01:00:00,1752080400,22466.0,22497.0,22454.0,22463.0,4454.0
2025-07-10 02:00:00,1752084000,22463.0,22493.0,22461.0,22489.0,1688.0
2025-07-10 03:00:00,1752087600,22489.0,22493.0,22467.0,22478.0,1057.0
2025-07-10 04:00:00,1752091200,22483.0,22488.0,22461.0,22473.0,1152.0
2025-07-10 08:45:00,1752108300,22463.0,22562.0,22408.0,22534.0,43804.0
2025-07-10 09:45:00,1752111900,22534.0,22605.0,22498.0,22566.0,26287.0
2025-07-10 10:45:00,1752115500,22566.0,22586.0,22542.0,22556.0,10695.0
2025-07-10 11:45:00,1752119100,22556.0,22630.0,22555.0,22622.0,11435.0
2025-07-10 12:45:00,1752122700,22621.0,22647.0,22550.0,22609.0,18436.0
2025-07-10 13:45:00,1752126300,22608.0,22608.0,22608.0,22608.0,1.0
2025-07-10 15:00:00,1752130800,22620.0,22655.0,22602.0,22652.0,5344.0
2025-07-10 16:00:00,1752134400,22652.0,22679.0,22646.0,22666.0,4823.0
2025-07-10 17:00:00,1752138000,22666.0,22685.0,22640.0,22669.0,4178.0
2025-07-10 18:00:00,1752141600,22669.0,22694.0,22659.0,22682.0,2637.0
2025-07-10 19:00:00,1752145200,22682.0,22684.0,22655.0,22660.0,2840.0
2025-07-10 20:00:00,1752148800,22661.0,22664.0,22625.0,22641.0,5566.0
2025-07-10 21:00:00,1752152400,22640.0,22655.0,22509.0,22536.0,20931.0
2025-07-10 22:00:00,1752156000,22536.0,22595.0,22513.0,22579.0,14520.0
2025-07-10 23:00:00,1752159600,22578.0,22635.0,22571.0,22635.0,7070.0
2025-07-11 00:00:00,1752163200,22634.0,22637.0,22584.0,22599.0,5973.0
2025-07-11 01:00:00,1752166800,22598.0,22627.0,22597.0,22621.0,1669.0
2025-07-11 02:00:00,1752170400,22621.0,22627.0,22593.0,22608.0,1095.0
2025-07-11 03:00:00,1752174000,22605.0,22617.0,22588.0,22604.0,868.0
2025-07-11 04:00:00,1752177600,22602.0,22603.0,22586.0,22587.0,1082.0
2025-07-11 08:45:00,1752194700,22512.0,22695.0,22487.0,22681.0,43746.0
2025-07-11 09:45:00,1752198300,22684.0,22725.0,22639.0,22653.0,23485.0
2025-07-11 10:45:00,1752201900,22655.0,22727.0,22650.0,22718.0,11546.0
2025-07-11 11:45:00,1752205500,22718.0,22735.0,22694.0,22723.0,7946.0
2025-07-11 12:45:00,1752209100,22725.0,22772.0,22705.0,22764.0,15335.0
2025-07-11 15:00:00,1752217200,22741.0,22753.0,22678.0,22685.0,9844.0
2025-07-11 16:00:00,1752220800,22687.0,22699.0,22670.0,22677.0,5293.0
2025-07-11 17:00:00,1752224400,22677.0,22689.0,22655.0,22663.0,4575.0
2025-07-11 18:00:00,1752228000,22663.0,22685.0,22650.0,22660.0,3222.0
2025-07-11 19:00:00,1752231600,22661.0,22686.0,22661.0,22676.0,2277.0
2025-07-11 20:00:00,1752235200,22676.0,22680.0,22660.0,22670.0,2200.0
2025-07-11 21:00:00,1752238800,22670.0,22711.0,22630.0,22706.0,14409.0
2025-07-11 22:00:00,1752242400,22705.0,22710.0,22657.0,22673.0,9573.0
2025-07-11 23:00:00,1752246000,22671.0,22703.0,22640.0,22669.0,7819.0
2025-07-12 00:00:00,1752249600,22668.0,22694.0,22663.0,22691.0,3445.0
2025-07-12 01:00:00,1752253200,22692.0,22707.0,22670.0,22687.0,3012.0
2025-07-12 02:00:00,1752256800,22686.0,22692.0,22663.0,22666.0,1462.0
2025-07-12 03:00:00,1752260400,22666.0,22672.0,22644.0,22656.0,2001.0
2025-07-12 04:00:00,1752264000,22655.0,22661.0,22638.0,22640.0,1711.0
2025-07-14 08:45:00,1752453900,22656.0,22695.0,22549.0,22599.0,36802.0
2025-07-14 09:45:00,1752457500,22597.0,22638.0,22534.0,22548.0,22659.0
2025-07-14 10:45:00,1752461100,22548.0,22580.0,22538.0,22576.0,9032.0
2025-07-14 11:45:00,1752464700,22575.0,22595.0,22562.0,22577.0,5698.0
2025-07-14 12:45:00,1752468300,22575.0,22578.0,22520.0,22550.0,12691.0
2025-07-14 15:00:00,1752476400,22528.0,22537.0,22461.0,22532.0,9121.0
2025-07-14 16:00:00,1752480000,22532.0,22552.0,22513.0,22542.0,3230.0
2025-07-14 17:00:00,1752483600,22543.0,22547.0,22528.0,22544.0,1867.0
2025-07-14 18:00:00,1752487200,22542.0,22547.0,22526.0,22530.0,1449.0
2025-07-14 19:00:00,1752490800,22530.0,22540.0,22515.0,22520.0,2143.0
2025-07-14 20:00:00,1752494400,22521.0,22540.0,22515.0,22524.0,1742.0
2025-07-14 21:00:00,1752498000,22524.0,22557.0,22485.0,22504.0,12876.0
2025-07-14 22:00:00,1752501600,22504.0,22563.0,22495.0,22544.0,10054.0
2025-07-14 23:00:00,1752505200,22544.0,22592.0,22537.0,22561.0,8598.0
2025-07-15 00:00:00,1752508800,22562.0,22585.0,22557.0,22584.0,2620.0
2025-07-15 01:00:00,1752512400,22583.0,22612.0,22570.0,22578.0,4045.0
2025-07-15 02:00:00,1752516000,22579.0,22590.0,22568.0,22582.0,858.0
2025-07-15 03:00:00,1752519600,22584.0,22589.0,22566.0,22585.0,864.0
2025-07-15 04:00:00,1752523200,22585.0,22593.0,22561.0,22562.0,1252.0
2025-07-15 08:45:00,1752540300,22536.0,22705.0,22512.0,22705.0,34473.0
2025-07-15 09:45:00,1752543900,22704.0,22882.0,22701.0,22753.0,45966.0
2025-07-15 10:45:00,1752547500,22753.0,22813.0,22721.0,22800.0,11072.0
2025-07-15 11:45:00,1752551100,22801.0,22822.0,22777.0,22814.0,6427.0
2025-07-15 12:45:00,1752554700,22814.0,22858.0,22794.0,22810.0,14601.0
2025-07-15 15:00:00,1752562800,22697.0,22736.0,22677.0,22732.0,1881.0
2025-07-15 16:00:00,1752566400,22730.0,22731.0,22706.0,22720.0,816.0
2025-07-15 17:00:00,1752570000,22720.0,22750.0,22717.0,22738.0,1032.0
2025-07-15 18:00:00,1752573600,22737.0,22751.0,22724.0,22729.0,694.0
2025-07-15 19:00:00,1752577200,22729.0,22738.0,22713.0,22729.0,610.0
2025-07-15 20:00:00,1752580800,22727.0,22773.0,22720.0,22765.0,1788.0
2025-07-15 21:00:00,1752584400,22764.0,22786.0,22710.0,22713.0,3166.0
2025-07-15 22:00:00,1752588000,22714.0,22759.0,22710.0,22717.0,2415.0
2025-07-15 23:00:00,1752591600,22718.0,22754.0,22718.0,22747.0,1362.0
2025-07-16 00:00:00,1752595200,22747.0,22752.0,22705.0,22711.0,955.0
2025-07-16 01:00:00,1752598800,22710.0,22732.0,22695.0,22732.0,812.0
2025-07-16 02:00:00,1752602400,22732.0,22748.0,22719.0,22720.0,425.0
2025-07-16 03:00:00,1752606000,22718.0,22739.0,22710.0,22710.0,331.0
2025-07-16 04:00:00,1752609600,22709.0,22718.0,22701.0,22715.0,484.0
2025-07-16 08:45:00,1752626700,22706.0,22895.0,22701.0,22890.0,13897.0
2025-07-16 09:45:00,1752630300,22891.0,22976.0,22886.0,22952.0,8548.0
2025-07-16 10:45:00,1752633900,22955.0,22975.0,22931.0,22972.0,3604.0
2025-07-16 11:45:00,1752637500,22973.0,22998.0,22924.0,22925.0,5682.0
2025-07-16 12:45:00,1752641100,22926.0,22942.0,22872.0,22919.0,12605.0
2025-07-16 15:00:00,1752649200,22888.0,22928.0,22856.0,22879.0,9355.0
2025-07-16 16:00:00,1752652800,22878.0,22925.0,22871.0,22904.0,4499.0
2025-07-16 17:00:00,1752656400,22903.0,22907.0,22878.0,22898.0,3202.0
2025-07-16 18:00:00,1752660000,22897.0,22903.0,22885.0,22898.0,1639.0
2025-07-16 19:00:00,1752663600,22898.0,22908.0,22894.0,22906.0,1326.0
2025-07-16 20:00:00,1752667200,22908.0,22952.0,22901.0,22939.0,6038.0
2025-07-16 21:00:00,1752670800,22937.0,22947.0,22868.0,22893.0,11832.0
2025-07-16 22:00:00,1752674400,22894.0,22908.0,22867.0,22894.0,10549.0
2025-07-16 23:00:00,1752678000,22896.0,22925.0,22811.0,22912.0,22663.0
2025-07-17 00:00:00,1752681600,22911.0,22945.0,22886.0,22945.0,7553.0
2025-07-17 01:00:00,1752685200,22945.0,22973.0,22930.0,22938.0,4809.0
2025-07-17 02:00:00,1752688800,22938.0,22964.0,22920.0,22963.0,1995.0
2025-07-17 03:00:00,1752692400,22964.0,22985.0,22955.0,22975.0,1864.0
2025-07-17 04:00:00,1752696000,22974.0,22976.0,22962.0,22965.0,997.0
2025-07-17 08:45:00,1752713100,22967.0,23030.0,22866.0,22943.0,48483.0
2025-07-17 09:45:00,1752716700,22944.0,22975.0,22916.0,22940.0,14467.0
2025-07-17 10:45:00,1752720300,22942.0,22996.0,22925.0,22996.0,9233.0
2025-07-17 11:45:00,1752723900,22996.0,23000.0,22952.0,22988.0,8771.0
2025-07-17 12:45:00,1752727500,22987.0,23150.0,22987.0,23145.0,25752.0
2025-07-17 15:00:00,1752735600,23319.0,23355.0,23254.0,23323.0,21335.0
2025-07-17 16:00:00,1752739200,23325.0,23365.0,23304.0,23363.0,6584.0
2025-07-17 17:00:00,1752742800,23363.0,23388.0,23354.0,23358.0,5747.0
2025-07-17 18:00:00,1752746400,23358.0,23366.0,23328.0,23330.0,3478.0
2025-07-17 19:00:00,1752750000,23331.0,23340.0,23313.0,23327.0,3359.0
2025-07-17 20:00:00,1752753600,23326.0,23334.0,23296.0,23332.0,5765.0
2025-07-17 21:00:00,1752757200,23331.0,23348.0,23252.0,23306.0,18808.0
2025-07-17 22:00:00,1752760800,23306.0,23356.0,23283.0,23333.0,10827.0
2025-07-17 23:00:00,1752764400,23334.0,23393.0,23330.0,23375.0,8893.0
2025-07-18 00:00:00,1752768000,23375.0,23380.0,23358.0,23372.0,2901.0
2025-07-18 01:00:00,1752771600,23371.0,23377.0,23348.0,23374.0,1653.0
2025-07-18 02:00:00,1752775200,23374.0,23411.0,23358.0,23402.0,3062.0
2025-07-18 03:00:00,1752778800,23402.0,23414.0,23372.0,23376.0,1847.0
2025-07-18 04:00:00,1752782400,23375.0,23379.0,23350.0,23374.0,2391.0
2025-07-18 08:45:00,1752799500,23354.0,23398.0,23262.0,23286.0,42300.0
2025-07-18 09:45:00,1752803100,23286.0,23321.0,23270.0,23291.0,15051.0
2025-07-18 10:45:00,1752806700,23293.0,23305.0,23254.0,23256.0,7604.0
2025-07-18 11:45:00,1752810300,23257.0,23302.0,23230.0,23279.0,14411.0
2025-07-18 12:45:00,1752813900,23278.0,23310.0,23255.0,23262.0,11922.0
2025-07-18 15:00:00,1752822000,23277.0,23283.0,23255.0,23255.0,3295.0
2025-07-18 16:00:00,1752825600,23256.0,23295.0,23254.0,23291.0,2704.0
2025-07-18 17:00:00,1752829200,23291.0,23301.0,23288.0,23296.0,1748.0
2025-07-18 18:00:00,1752832800,23296.0,23303.0,23278.0,23292.0,1915.0
2025-07-18 19:00:00,1752836400,23292.0,23294.0,23272.0,23273.0,1263.0
2025-07-18 20:00:00,1752840000,23273.0,23286.0,23269.0,23276.0,1266.0
2025-07-18 21:00:00,1752843600,23276.0,23323.0,23239.0,23256.0,10174.0
2025-07-18 22:00:00,1752847200,23256.0,23276.0,23178.0,23190.0,16676.0
2025-07-18 23:00:00,1752850800,23192.0,23253.0,23183.0,23247.0,8013.0
2025-07-19 00:00:00,1752854400,23247.0,23250.0,23195.0,23215.0,5056.0
2025-07-19 01:00:00,1752858000,23216.0,23227.0,23200.0,23208.0,1993.0
2025-07-19 02:00:00,1752861600,23209.0,23215.0,23193.0,23195.0,1372.0
2025-07-19 03:00:00,1752865200,23195.0,23219.0,23191.0,23211.0,1183.0
2025-07-19 04:00:00,1752868800,23211.0,23215.0,23194.0,23194.0,1228.0
2025-07-21 08:45:00,1753058700,23231.0,23300.0,23173.0,23208.0,33826.0
2025-07-21 09:45:00,1753062300,23208.0,23280.0,23192.0,23246.0,14087.0
2025-07-21 10:45:00,1753065900,23244.0,23249.0,23198.0,23233.0,8482.0
2025-07-21 11:45:00,1753069500,23233.0,23236.0,23201.0,23204.0,4575.0
2025-07-21 12:45:00,1753073100,23204.0,23242.0,23190.0,23232.0,9954.0
2025-07-21 15:00:00,1753081200,23257.0,23272.0,23246.0,23263.0,4198.0
2025-07-21 16:00:00,1753084800,23262.0,23272.0,23249.0,23256.0,1958.0
2025-07-21 17:00:00,1753088400,23258.0,23263.0,23239.0,23246.0,1525.0
2025-07-21 18:00:00,1753092000,23247.0,23259.0,23239.0,23250.0,1390.0
2025-07-21 19:00:00,1753095600,23250.0,23287.0,23247.0,23283.0,2880.0
2025-07-21 20:00:00,1753099200,23282.0,23288.0,23255.0,23256.0,2522.0
2025-07-21 21:00:00,1753102800,23257.0,23343.0,23234.0,23334.0,14714.0
2025-07-21 22:00:00,1753106400,23334.0,23395.0,23334.0,23376.0,12385.0
2025-07-21 23:00:00,1753110000,23377.0,23378.0,23324.0,23329.0,6208.0
2025-07-22 00:00:00,1753113600,23328.0,23339.0,23294.0,23325.0,6230.0
2025-07-22 01:00:00,1753117200,23325.0,23331.0,23309.0,23309.0,1586.0
2025-07-22 02:00:00,1753120800,23309.0,23324.0,23300.0,23302.0,993.0
2025-07-22 03:00:00,1753124400,23303.0,23305.0,23245.0,23251.0,4347.0
2025-07-22 04:00:00,1753128000,23250.0,23256.0,23235.0,23255.0,2375.0
2025-07-22 08:45:00,1753145100,23251.0,23407.0,23205.0,23354.0,44485.0
2025-07-22 09:45:00,1753148700,23354.0,23377.0,23235.0,23239.0,21793.0
2025-07-22 10:45:00,1753152300,23240.0,23240.0,23046.0,23069.0,39066.0
2025-07-22 11:45:00,1753155900,23069.0,23107.0,22996.0,23018.0,20863.0
2025-07-22 12:45:00,1753159500,23016.0,23044.0,22978.0,22992.0,18721.0
2025-07-22 15:00:00,1753167600,23012.0,23034.0,22960.0,22975.0,6365.0
2025-07-22 16:00:00,1753171200,22977.0,23020.0,22967.0,22988.0,4850.0
2025-07-22 17:00:00,1753174800,22989.0,22999.0,22973.0,22986.0,2243.0
2025-07-22 18:00:00,1753178400,22986.0,23004.0,22974.0,22985.0,2142.0
2025-07-22 19:00:00,1753182000,22985.0,23024.0,22972.0,23022.0,3296.0
2025-07-22 20:00:00,1753185600,23023.0,23025.0,23003.0,23016.0,2423.0
2025-07-22 21:00:00,1753189200,23016.0,23046.0,22862.0,22902.0,23212.0
2025-07-22 22:00:00,1753192800,22903.0,22979.0,22875.0,22974.0,16495.0
2025-07-22 23:00:00,1753196400,22973.0,23017.0,22960.0,22995.0,7905.0
2025-07-23 00:00:00,1753200000,22996.0,23020.0,22975.0,23007.0,4899.0
2025-07-23 01:00:00,1753203600,23006.0,23032.0,22996.0,23011.0,2514.0
2025-07-23 02:00:00,1753207200,23011.0,23029.0,22978.0,23028.0,1616.0
2025-07-23 03:00:00,1753210800,23028.0,23037.0,23017.0,23017.0,1116.0
2025-07-23 04:00:00,1753214400,23020.0,23023.0,22987.0,22989.0,948.0
2025-07-23 08:45:00,1753231500,22987.0,23197.0,22987.0,23168.0,55436.0
2025-07-23 09:45:00,1753235100,23168.0,23254.0,23167.0,23208.0,25028.0
2025-07-23 10:45:00,1753238700,23209.0,23259.0,23177.0,23214.0,15006.0
2025-07-23 11:45:00,1753242300,23215.0,23239.0,23195.0,23197.0,5938.0
2025-07-23 12:45:00,1753245900,23199.0,23230.0,23174.0,23184.0,13136.0
2025-07-23 15:00:00,1753254000,23197.0,23216.0,23184.0,23194.0,4232.0
2025-07-23 16:00:00,1753257600,23193.0,23225.0,23191.0,23225.0,2604.0
2025-07-23 17:00:00,1753261200,23223.0,23228.0,23209.0,23215.0,1924.0
2025-07-23 18:00:00,1753264800,23214.0,23219.0,23197.0,23198.0,1636.0
2025-07-23 19:00:00,1753268400,23198.0,23200.0,23153.0,23191.0,6231.0
2025-07-23 20:00:00,1753272000,23190.0,23205.0,23185.0,23203.0,2595.0
2025-07-23 21:00:00,1753275600,23203.0,23239.0,23175.0,23182.0,14320.0
2025-07-23 22:00:00,1753279200,23182.0,23214.0,23164.0,23208.0,9340.0
2025-07-23 23:00:00,1753282800,23207.0,23292.0,23194.0,23284.0,8824.0
2025-07-24 00:00:00,1753286400,23285.0,23290.0,23228.0,23239.0,7891.0
2025-07-24 01:00:00,1753290000,23240.0,23272.0,23220.0,23265.0,3626.0
2025-07-24 02:00:00,1753293600,23263.0,23315.0,23263.0,23292.0,4444.0
2025-07-24 03:00:00,1753297200,23291.0,23320.0,23282.0,23315.0,1604.0
2025-07-24 04:00:00,1753300800,23316.0,23345.0,23309.0,23333.0,3367.0
2025-07-24 08:45:00,1753317900,23399.0,23405.0,23232.0,23245.0,42693.0
2025-07-24 09:45:00,1753321500,23245.0,23334.0,23228.0,23303.0,21106.0
2025-07-24 10:45:00,1753325100,23305.0,23328.0,23297.0,23304.0,6924.0
2025-07-24 11:45:00,1753328700,23304.0,23324.0,23280.0,23308.0,9237.0
2025-07-24 12:45:00,1753332300,23308.0,23332.0,23293.0,23309.0,9793.0
2025-07-24 15:00:00,1753340400,23298.0,23309.0,23283.0,23298.0,3276.0
2025-07-24 16:00:00,1753344000,23297.0,23325.0,23272.0,23317.0,3764.0
2025-07-24 17:00:00,1753347600,23316.0,23328.0,23307.0,23314.0,1989.0
2025-07-24 18:00:00,1753351200,23315.0,23318.0,23292.0,23299.0,1864.0
2025-07-24 19:00:00,1753354800,23299.0,23310.0,23294.0,23302.0,1164.0
2025-07-24 20:00:00,1753358400,23301.0,23304.0,23255.0,23282.0,4618.0
2025-07-24 21:00:00,1753362000,23282.0,23289.0,23243.0,23249.0,9438.0
2025-07-24 22:00:00,1753365600,23250.0,23276.0,23190.0,23264.0,16863.0
2025-07-24 23:00:00,1753369200,23264.0,23280.0,23249.0,23260.0,4480.0
2025-07-25 00:00:00,1753372800,23260.0,23260.0,23235.0,23246.0,3034.0
2025-07-25 01:00:00,1753376400,23247.0,23284.0,23245.0,23271.0,2355.0
2025-07-25 02:00:00,1753380000,23271.0,23294.0,23257.0,23273.0,1584.0
2025-07-25 03:00:00,1753383600,23272.0,23282.0,23232.0,23239.0,1210.0
2025-07-25 04:00:00,1753387200,23237.0,23261.0,23230.0,23259.0,1038.0
2025-07-25 08:45:00,1753404300,23260.0,23327.0,23207.0,23263.0,36438.0
2025-07-25 09:45:00,1753407900,23261.0,23317.0,23238.0,23292.0,14606.0
2025-07-25 10:45:00,1753411500,23291.0,23304.0,23253.0,23274.0,8165.0
2025-07-25 11:45:00,1753415100,23275.0,23292.0,23248.0,23254.0,5850.0
2025-07-25 12:45:00,1753418700,23253.0,23266.0,23232.0,23241.0,11199.0
2025-07-25 15:00:00,1753426800,23238.0,23242.0,23190.0,23203.0,6978.0
2025-07-25 16:00:00,1753430400,23203.0,23219.0,23196.0,23206.0,2607.0
2025-07-25 17:00:00,1753434000,23206.0,23222.0,23196.0,23218.0,1786.0
2025-07-25 18:00:00,1753437600,23217.0,23219.0,23203.0,23207.0,824.0
2025-07-25 19:00:00,1753441200,23208.0,23210.0,23194.0,23203.0,1342.0
2025-07-25 20:00:00,1753444800,23203.0,23236.0,23200.0,23234.0,2732.0
2025-07-25 21:00:00,1753448400,23233.0,23295.0,23204.0,23290.0,13788.0
2025-07-25 22:00:00,1753452000,23291.0,23354.0,23291.0,23316.0,19530.0
2025-07-25 23:00:00,1753455600,23317.0,23345.0,23308.0,23333.0,6559.0
2025-07-26 00:00:00,1753459200,23333.0,23368.0,23323.0,23347.0,5537.0
2025-07-26 01:00:00,1753462800,23348.0,23356.0,23339.0,23344.0,1896.0
2025-07-26 02:00:00,1753466400,23345.0,23358.0,23336.0,23340.0,1487.0
2025-07-26 03:00:00,1753470000,23340.0,23355.0,23336.0,23350.0,1161.0
2025-07-26 04:00:00,1753473600,23348.0,23354.0,23338.0,23348.0,1671.0
2025-07-28 08:45:00,1753663500,23372.0,23483.0,23265.0,23363.0,52555.0
2025-07-28 09:45:00,1753667100,23364.0,23385.0,23329.0,23367.0,14394.0
2025-07-28 10:45:00,1753670700,23367.0,23458.0,23358.0,23443.0,13867.0
2025-07-28 11:45:00,1753674300,23442.0,23445.0,23375.0,23396.0,9487.0
2025-07-28 12:45:00,1753677900,23396.0,23408.0,23356.0,23398.0,11183.0
2025-07-28 15:00:00,1753686000,23400.0,23402.0,23365.0,23375.0,3359.0
2025-07-28 16:00:00,1753689600,23375.0,23377.0,23345.0,23346.0,3518.0
2025-07-28 17:00:00,1753693200,23348.0,23360.0,23340.0,23346.0,2463.0
2025-07-28 18:00:00,1753696800,23346.0,23346.0,23318.0,23321.0,3855.0
2025-07-28 19:00:00,1753700400,23320.0,23332.0,23313.0,23328.0,2013.0
2025-07-28 20:00:00,1753704000,23327.0,23329.0,23303.0,23326.0,3663.0
2025-07-28 21:00:00,1753707600,23326.0,23335.0,23261.0,23299.0,15286.0
2025-07-28 22:00:00,1753711200,23299.0,23312.0,23246.0,23291.0,10422.0
2025-07-28 23:00:00,1753714800,23292.0,23317.0,23263.0,23304.0,5254.0
2025-07-29 00:00:00,1753718400,23305.0,23319.0,23293.0,23298.0,2409.0
2025-07-29 01:00:00,1753722000,23297.0,23304.0,23280.0,23280.0,1559.0
2025-07-29 02:00:00,1753725600,23281.0,23291.0,23266.0,23282.0,1319.0
2025-07-29 03:00:00,1753729200,23282.0,23327.0,23270.0,23322.0,1398.0
2025-07-29 04:00:00,1753732800,23322.0,23326.0,23315.0,23316.0,1172.0
2025-07-29 08:45:00,1753749900,23335.0,23359.0,23286.0,23318.0,31775.0
2025-07-29 09:45:00,1753753500,23318.0,23330.0,23027.0,23126.0,61112.0
2025-07-29 10:45:00,1753757100,23126.0,23200.0,23122.0,23166.0,13593.0
2025-07-29 11:45:00,1753760700,23165.0,23174.0,23105.0,23114.0,8766.0
2025-07-29 12:45:00,1753764300,23115.0,23171.0,23109.0,23164.0,11333.0
2025-07-29 15:00:00,1753772400,23183.0,23243.0,23174.0,23228.0,9061.0
2025-07-29 16:00:00,1753776000,23227.0,23232.0,23191.0,23193.0,3691.0
2025-07-29 17:00:00,1753779600,23192.0,23208.0,23182.0,23194.0,3413.0
2025-07-29 18:00:00,1753783200,23195.0,23219.0,23194.0,23211.0,1857.0
2025-07-29 19:00:00,1753786800,23211.0,23217.0,23169.0,23205.0,3865.0
2025-07-29 20:00:00,1753790400,23205.0,23225.0,23203.0,23214.0,3117.0
2025-07-29 21:00:00,1753794000,23212.0,23270.0,23207.0,23240.0,12944.0
2025-07-29 22:00:00,1753797600,23240.0,23258.0,23193.0,23204.0,10291.0
2025-07-29 23:00:00,1753801200,23203.0,23216.0,23132.0,23184.0,14597.0
2025-07-30 00:00:00,1753804800,23184.0,23194.0,23164.0,23193.0,4276.0
2025-07-30 01:00:00,1753808400,23191.0,23219.0,23184.0,23207.0,3473.0
2025-07-30 02:00:00,1753812000,23207.0,23229.0,23200.0,23214.0,1789.0
2025-07-30 03:00:00,1753815600,23215.0,23222.0,23185.0,23204.0,1241.0
2025-07-30 04:00:00,1753819200,23204.0,23209.0,23191.0,23195.0,788.0
2025-07-30 08:45:00,1753836300,23214.0,23377.0,23198.0,23358.0,59047.0
2025-07-30 09:45:00,1753839900,23357.0,23403.0,23282.0,23351.0,29168.0
2025-07-30 10:45:00,1753843500,23352.0,23405.0,23346.0,23388.0,12621.0
2025-07-30 11:45:00,1753847100,23388.0,23420.0,23367.0,23411.0,9994.0
2025-07-30 12:45:00,1753850700,23408.0,23412.0,23333.0,23363.0,15673.0
2025-07-30 15:00:00,1753858800,23364.0,23375.0,23350.0,23362.0,4054.0
2025-07-30 16:00:00,1753862400,23362.0,23369.0,23321.0,23352.0,4020.0
2025-07-30 17:00:00,1753866000,23350.0,23372.0,23347.0,23363.0,2441.0
2025-07-30 18:00:00,1753869600,23363.0,23367.0,23356.0,23363.0,1009.0
2025-07-30 19:00:00,1753873200,23362.0,23385.0,23354.0,23382.0,2395.0
2025-07-30 20:00:00,1753876800,23381.0,23383.0,23305.0,23328.0,8577.0
2025-07-30 21:00:00,1753880400,23328.0,23364.0,23297.0,23342.0,11493.0
2025-07-30 22:00:00,1753884000,23342.0,23380.0,23334.0,23344.0,7902.0
2025-07-30 23:00:00,1753887600,23344.0,23350.0,23319.0,23336.0,5451.0
2025-07-31 00:00:00,1753891200,23334.0,23354.0,23323.0,23338.0,2359.0
2025-07-31 01:00:00,1753894800,23340.0,23363.0,23333.0,23357.0,1595.0
2025-07-31 02:00:00,1753898400,23360.0,23378.0,23255.0,23266.0,7959.0
2025-07-31 03:00:00,1753902000,23266.0,23306.0,23222.0,23289.0,9047.0
2025-07-31 04:00:00,1753905600,23289.0,23445.0,23279.0,23416.0,9094.0
2025-07-31 08:45:00,1753922700,23490.0,23519.0,23355.0,23444.0,51632.0
2025-07-31 09:45:00,1753926300,23446.0,23528.0,23428.0,23526.0,23857.0
2025-07-31 10:45:00,1753929900,23524.0,23548.0,23477.0,23526.0,15494.0
2025-07-31 11:45:00,1753933500,23527.0,23552.0,23511.0,23545.0,7266.0
2025-07-31 12:45:00,1753937100,23545.0,23620.0,23544.0,23602.0,21665.0
2025-07-31 15:00:00,1753945200,23594.0,23683.0,23582.0,23658.0,10576.0
2025-07-31 16:00:00,1753948800,23658.0,23663.0,23633.0,23653.0,4477.0
2025-07-31 17:00:00,1753952400,23654.0,23657.0,23625.0,23631.0,2946.0
2025-07-31 18:00:00,1753956000,23630.0,23639.0,23597.0,23602.0,3519.0
2025-07-31 19:00:00,1753959600,23601.0,23621.0,23590.0,23602.0,3686.0
2025-07-31 20:00:00,1753963200,23602.0,23622.0,23564.0,23569.0,6459.0
2025-07-31 21:00:00,1753966800,23570.0,23583.0,23455.0,23486.0,24797.0
2025-07-31 22:00:00,1753970400,23487.0,23500.0,23415.0,23422.0,17002.0
2025-07-31 23:00:00,1753974000,23421.0,23474.0,23396.0,23471.0,13564.0
2025-08-01 00:00:00,1753977600,23471.0,23493.0,23454.0,23470.0,5145.0
2025-08-01 01:00:00,1753981200,23467.0,23469.0,23347.0,23363.0,10609.0
2025-08-01 02:00:00,1753984800,23362.0,23406.0,23311.0,23375.0,8545.0
2025-08-01 03:00:00,1753988400,23378.0,23399.0,23352.0,23366.0,3193.0
2025-08-01 04:00:00,1753992000,23369.0,23398.0,23343.0,23352.0,3217.0
2025-08-01 08:45:00,1754009100,23105.0,23438.0,23021.0,23433.0,66964.0
2025-08-01 09:45:00,1754012700,23432.0,23437.0,23337.0,23396.0,23362.0
2025-08-01 10:45:00,1754016300,23397.0,23424.0,23331.0,23340.0,14046.0
2025-08-01 11:45:00,1754019900,23341.0,23350.0,23312.0,23345.0,9163.0
2025-08-01 12:45:00,1754023500,23344.0,23392.0,23332.0,23348.0,12103.0
2025-08-01 15:00:00,1754031600,23290.0,23322.0,23181.0,23210.0,16048.0
2025-08-01 16:00:00,1754035200,23211.0,23212.0,23151.0,23180.0,8979.0
2025-08-01 17:00:00,1754038800,23180.0,23196.0,23168.0,23185.0,3264.0
2025-08-01 18:00:00,1754042400,23185.0,23187.0,23112.0,23128.0,6034.0
2025-08-01 19:00:00,1754046000,23130.0,23177.0,23123.0,23171.0,5007.0
2025-08-01 20:00:00,1754049600,23171.0,23217.0,23128.0,23192.0,8640.0
2025-08-01 21:00:00,1754053200,23191.0,23208.0,23010.0,23043.0,25040.0
2025-08-01 22:00:00,1754056800,23040.0,23126.0,22980.0,23063.0,27057.0
2025-08-01 23:00:00,1754060400,23064.0,23145.0,23051.0,23142.0,10658.0
2025-08-02 00:00:00,1754064000,23140.0,23162.0,23071.0,23078.0,9220.0
2025-08-02 01:00:00,1754067600,23077.0,23086.0,23036.0,23047.0,6716.0
2025-08-02 02:00:00,1754071200,23049.0,23101.0,23021.0,23064.0,5331.0
2025-08-02 03:00:00,1754074800,23065.0,23134.0,23057.0,23108.0,3470.0
2025-08-02 04:00:00,1754078400,23109.0,23118.0,23077.0,23088.0,1997.0
2025-08-04 08:45:00,1754268300,23114.0,23184.0,23032.0,23167.0,43849.0
2025-08-04 09:45:00,1754271900,23166.0,23265.0,23165.0,23250.0,24502.0
2025-08-04 10:45:00,1754275500,23249.0,23254.0,23204.0,23254.0,8970.0
2025-08-04 11:45:00,1754279100,23254.0,23276.0,23205.0,23238.0,9756.0
2025-08-04 12:45:00,1754282700,23240.0,23299.0,23235.0,23266.0,12348.0
2025-08-04 15:00:00,1754290800,23279.0,23316.0,23266.0,23300.0,5855.0
2025-08-04 16:00:00,1754294400,23300.0,23333.0,23296.0,23329.0,3535.0
2025-08-04 17:00:00,1754298000,23329.0,23330.0,23301.0,23301.0,2344.0
2025-08-04 18:00:00,1754301600,23301.0,23316.0,23297.0,23301.0,1955.0
2025-08-04 19:00:00,1754305200,23300.0,23305.0,23282.0,23290.0,2672.0
2025-08-04 20:00:00,1754308800,23290.0,23341.0,23283.0,23333.0,3623.0
2025-08-04 21:00:00,1754312400,23332.0,23374.0,23318.0,23364.0,10877.0
2025-08-04 22:00:00,1754316000,23363.0,23387.0,23338.0,23354.0,9788.0
2025-08-04 23:00:00,1754319600,23353.0,23383.0,23340.0,23375.0,4548.0
2025-08-05 00:00:00,1754323200,23374.0,23395.0,23362.0,23385.0,3216.0
2025-08-05 01:00:00,1754326800,23385.0,23409.0,23383.0,23396.0,3128.0
2025-08-05 02:00:00,1754330400,23395.0,23412.0,23392.0,23404.0,1215.0
2025-08-05 03:00:00,1754334000,23404.0,23425.0,23401.0,23424.0,1686.0
2025-08-05 04:00:00,1754337600,23422.0,23432.0,23414.0,23424.0,2071.0
2025-08-05 08:45:00,1754354700,23436.0,23546.0,23421.0,23521.0,49091.0
2025-08-05 09:45:00,1754358300,23521.0,23558.0,23479.0,23550.0,20746.0
2025-08-05 10:45:00,1754361900,23547.0,23578.0,23538.0,23562.0,11399.0
2025-08-05 11:45:00,1754365500,23565.0,23567.0,23527.0,23562.0,5697.0
2025-08-05 12:45:00,1754369100,23561.0,23583.0,23559.0,23577.0,10503.0
2025-08-05 15:00:00,1754377200,23598.0,23621.0,23563.0,23573.0,7447.0
2025-08-05 16:00:00,1754380800,23571.0,23593.0,23566.0,23580.0,2742.0
2025-08-05 17:00:00,1754384400,23580.0,23588.0,23565.0,23572.0,1652.0
2025-08-05 18:00:00,1754388000,23572.0,23585.0,23558.0,23580.0,2514.0
2025-08-05 19:00:00,1754391600,23579.0,23596.0,23575.0,23586.0,2492.0
2025-08-05 20:00:00,1754395200,23588.0,23611.0,23566.0,23575.0,5767.0
2025-08-05 21:00:00,1754398800,23574.0,23577.0,23503.0,23543.0,15494.0
2025-08-05 22:00:00,1754402400,23542.0,23542.0,23376.0,23414.0,29677.0
2025-08-05 23:00:00,1754406000,23415.0,23433.0,23396.0,23422.0,9866.0
2025-08-06 00:00:00,1754409600,23421.0,23472.0,23416.0,23436.0,8932.0
2025-08-06 01:00:00,1754413200,23435.0,23470.0,23430.0,23463.0,2550.0
2025-08-06 02:00:00,1754416800,23462.0,23468.0,23411.0,23426.0,3082.0
2025-08-06 03:00:00,1754420400,23425.0,23440.0,23410.0,23413.0,1294.0
2025-08-06 04:00:00,1754424000,23414.0,23425.0,23400.0,23401.0,1733.0
2025-08-06 08:45:00,1754441100,23415.0,23457.0,23386.0,23419.0,32000.0
2025-08-06 09:45:00,1754444700,23419.0,23482.0,23381.0,23473.0,18565.0
2025-08-06 10:45:00,1754448300,23473.0,23478.0,23392.0,23411.0,12237.0
2025-08-06 11:45:00,1754451900,23410.0,23458.0,23409.0,23422.0,6697.0
2025-08-06 12:45:00,1754455500,23422.0,23433.0,23399.0,23426.0,8067.0
2025-08-06 15:00:00,1754463600,23413.0,23427.0,23401.0,23425.0,3870.0
2025-08-06 16:00:00,1754467200,23424.0,23425.0,23334.0,23340.0,8988.0
2025-08-06 17:00:00,1754470800,23340.0,23357.0,23321.0,23334.0,5375.0
2025-08-06 18:00:00,1754474400,23333.0,23347.0,23313.0,23345.0,4345.0
2025-08-06 19:00:00,1754478000,23345.0,23360.0,23337.0,23338.0,2829.0
2025-08-06 20:00:00,1754481600,23338.0,23354.0,23329.0,23350.0,2583.0
2025-08-06 21:00:00,1754485200,23349.0,23373.0,23292.0,23345.0,16136.0
2025-08-06 22:00:00,1754488800,23345.0,23388.0,23298.0,23334.0,16216.0
2025-08-06 23:00:00,1754492400,23333.0,23392.0,23315.0,23378.0,8865.0
2025-08-07 00:00:00,1754496000,23376.0,23393.0,23364.0,23379.0,4793.0
2025-08-07 01:00:00,1754499600,23381.0,23479.0,23380.0,23467.0,9417.0
2025-08-07 02:00:00,1754503200,23467.0,23526.0,23467.0,23504.0,5936.0
2025-08-07 03:00:00,1754506800,23503.0,23513.0,23474.0,23477.0,1733.0
2025-08-07 04:00:00,1754510400,23477.0,23495.0,23468.0,23479.0,1910.0
2025-08-07 08:45:00,1754527500,23648.0,24020.0,23640.0,24007.0,71658.0
2025-08-07 09:45:00,1754531100,24008.0,24050.0,23963.0,24022.0,19491.0
2025-08-07 10:45:00,1754534700,24022.0,24054.0,24016.0,24028.0,6748.0
2025-08-07 11:45:00,1754538300,24028.0,24035.0,23985.0,24000.0,9084.0
2025-08-07 12:45:00,1754541900,23999.0,24015.0,23956.0,23996.0,14803.0
2025-08-07 13:45:00,1754545500,23995.0,23995.0,23995.0,23995.0,1.0
2025-08-07 15:00:00,1754550000,24006.0,24045.0,23995.0,24014.0,6738.0
2025-08-07 16:00:00,1754553600,24012.0,24048.0,24010.0,24037.0,4088.0
2025-08-07 17:00:00,1754557200,24037.0,24093.0,24031.0,24091.0,6203.0
2025-08-07 18:00:00,1754560800,24090.0,24096.0,24071.0,24083.0,3483.0
2025-08-07 19:00:00,1754564400,24084.0,24092.0,24065.0,24065.0,2870.0
2025-08-07 20:00:00,1754568000,24066.0,24079.0,24057.0,24065.0,2957.0
2025-08-07 21:00:00,1754571600,24065.0,24132.0,24050.0,24098.0,15116.0
2025-08-07 22:00:00,1754575200,24100.0,24107.0,24005.0,24014.0,19598.0
2025-08-07 23:00:00,1754578800,24015.0,24025.0,23967.0,23996.0,14003.0
2025-08-08 00:00:00,1754582400,23995.0,24024.0,23947.0,23977.0,9877.0
2025-08-08 01:00:00,1754586000,23977.0,23994.0,23952.0,23972.0,4475.0
2025-08-08 02:00:00,1754589600,23975.0,23977.0,23930.0,23968.0,3821.0
2025-08-08 03:00:00,1754593200,23968.0,24005.0,23948.0,24005.0,1817.0
2025-08-08 04:00:00,1754596800,24004.0,24024.0,23999.0,24013.0,2067.0
2025-08-08 08:45:00,1754613900,24080.0,24095.0,23956.0,23967.0,29450.0
2025-08-08 09:45:00,1754617500,23967.0,23992.0,23950.0,23978.0,10704.0
2025-08-08 10:45:00,1754621100,23977.0,23990.0,23960.0,23975.0,5298.0
2025-08-08 11:45:00,1754624700,23974.0,24032.0,23965.0,24010.0,8470.0
2025-08-08 12:45:00,1754628300,24011.0,24016.0,23950.0,23950.0,12344.0
2025-08-08 13:45:00,1754631900,23952.0,23952.0,23952.0,23952.0,2.0
2025-08-08 15:00:00,1754636400,23928.0,23943.0,23906.0,23921.0,6187.0
2025-08-08 16:00:00,1754640000,23921.0,23957.0,23921.0,23954.0,3470.0
2025-08-08 17:00:00,1754643600,23954.0,23965.0,23941.0,23955.0,2012.0
2025-08-08 18:00:00,1754647200,23955.0,23972.0,23955.0,23962.0,1698.0
2025-08-08 19:00:00,1754650800,23962.0,23982.0,23961.0,23975.0,1797.0
2025-08-08 20:00:00,1754654400,23973.0,23976.0,23932.0,23940.0,3639.0
2025-08-08 21:00:00,1754658000,23942.0,24015.0,23942.0,24003.0,10499.0
2025-08-08 22:00:00,1754661600,24002.0,24020.0,23967.0,23993.0,9489.0
2025-08-08 23:00:00,1754665200,23993.0,24015.0,23933.0,23983.0,9066.0
2025-08-09 00:00:00,1754668800,23982.0,23998.0,23968.0,23976.0,3978.0
2025-08-09 01:00:00,1754672400,23975.0,23995.0,23961.0,23990.0,2384.0
2025-08-09 02:00:00,1754676000,23992.0,24011.0,23984.0,23998.0,2220.0
2025-08-09 03:00:00,1754679600,23999.0,24007.0,23981.0,24006.0,1246.0
2025-08-09 04:00:00,1754683200,24003.0,24018.0,24000.0,24011.0,1919.0
2025-08-11 08:45:00,1754873100,23967.0,23996.0,23833.0,23970.0,44595.0
2025-08-11 09:45:00,1754876700,23971.0,24065.0,23950.0,24062.0,22145.0
2025-08-11 10:45:00,1754880300,24062.0,24222.0,24055.0,24213.0,25792.0
2025-08-11 11:45:00,1754883900,24213.0,24220.0,24153.0,24179.0,9828.0
2025-08-11 12:45:00,1754887500,24181.0,24185.0,24120.0,24161.0,13096.0
2025-08-11 15:00:00,1754895600,24165.0,24184.0,24127.0,24134.0,4706.0
2025-08-11 16:00:00,1754899200,24132.0,24143.0,24110.0,24127.0,3812.0
2025-08-11 17:00:00,1754902800,24127.0,24144.0,24125.0,24134.0,1765.0
2025-08-11 18:00:00,1754906400,24134.0,24151.0,24126.0,24138.0,1930.0
2025-08-11 19:00:00,1754910000,24136.0,24140.0,24123.0,24135.0,1142.0
2025-08-11 20:00:00,1754913600,24134.0,24146.0,24112.0,24127.0,2656.0
2025-08-11 21:00:00,1754917200,24127.0,24182.0,24101.0,24177.0,11249.0
2025-08-11 22:00:00,1754920800,24179.0,24193.0,24126.0,24143.0,9478.0
2025-08-11 23:00:00,1754924400,24142.0,24168.0,24139.0,24157.0,3620.0
2025-08-12 00:00:00,1754928000,24158.0,24184.0,24139.0,24139.0,3612.0
2025-08-12 01:00:00,1754931600,24140.0,24151.0,24120.0,24125.0,2134.0
2025-08-12 02:00:00,1754935200,24126.0,24129.0,24088.0,24108.0,4668.0
2025-08-12 03:00:00,1754938800,24109.0,24112.0,24071.0,24098.0,2186.0
2025-08-12 04:00:00,1754942400,24097.0,24101.0,24080.0,24086.0,1436.0
2025-08-12 08:45:00,1754959500,24151.0,24175.0,24088.0,24141.0,35204.0
2025-08-12 09:45:00,1754963100,24139.0,24175.0,24101.0,24121.0,17218.0
2025-08-12 10:45:00,1754966700,24121.0,24159.0,24108.0,24150.0,7426.0
2025-08-12 11:45:00,1754970300,24150.0,24240.0,24140.0,24229.0,16771.0
2025-08-12 12:45:00,1754973900,24229.0,24234.0,24127.0,24137.0,18432.0
2025-08-12 15:00:00,1754982000,24168.0,24168.0,24137.0,24153.0,3779.0
2025-08-12 16:00:00,1754985600,24154.0,24156.0,24135.0,24142.0,1644.0
2025-08-12 17:00:00,1754989200,24142.0,24157.0,24139.0,24149.0,1419.0
2025-08-12 18:00:00,1754992800,24149.0,24167.0,24133.0,24154.0,2608.0
2025-08-12 19:00:00,1754996400,24155.0,24156.0,24135.0,24153.0,2466.0
2025-08-12 20:00:00,1755000000,24153.0,24273.0,24150.0,24254.0,14271.0
2025-08-12 21:00:00,1755003600,24254.0,24261.0,24185.0,24187.0,17089.0
2025-08-12 22:00:00,1755007200,24187.0,24265.0,24176.0,24251.0,11845.0
2025-08-12 23:00:00,1755010800,24252.0,24292.0,24247.0,24280.0,8635.0
2025-08-13 00:00:00,1755014400,24279.0,24298.0,24266.0,24289.0,3805.0
2025-08-13 01:00:00,1755018000,24290.0,24308.0,24288.0,24303.0,2079.0
2025-08-13 02:00:00,1755021600,24304.0,24322.0,24296.0,24296.0,1950.0
2025-08-13 03:00:00,1755025200,24297.0,24326.0,24293.0,24321.0,1320.0
2025-08-13 04:00:00,1755028800,24322.0,24325.0,24310.0,24319.0,1576.0
2025-08-13 08:45:00,1755045900,24304.0,24346.0,24245.0,24299.0,33492.0
2025-08-13 09:45:00,1755049500,24298.0,24407.0,24286.0,24373.0,25790.0
2025-08-13 10:45:00,1755053100,24373.0,24408.0,24154.0,24226.0,35238.0
2025-08-13 11:45:00,1755056700,24225.0,24296.0,24213.0,24294.0,15355.0
2025-08-13 12:45:00,1755060300,24295.0,24348.0,24292.0,24343.0,14959.0
2025-08-13 15:00:00,1755068400,24349.0,24405.0,24348.0,24394.0,7454.0
2025-08-13 16:00:00,1755072000,24393.0,24424.0,24384.0,24404.0,5307.0
2025-08-13 17:00:00,1755075600,24404.0,24412.0,24388.0,24401.0,2232.0
2025-08-13 18:00:00,1755079200,24400.0,24406.0,24389.0,24397.0,981.0
2025-08-13 19:00:00,1755082800,24394.0,24415.0,24392.0,24412.0,1650.0
2025-08-13 20:00:00,1755086400,24412.0,24420.0,24392.0,24407.0,2413.0
2025-08-13 21:00:00,1755090000,24407.0,24439.0,24392.0,24416.0,10026.0
2025-08-13 22:00:00,1755093600,24415.0,24423.0,24348.0,24367.0,14411.0
2025-08-13 23:00:00,1755097200,24367.0,24374.0,24315.0,24340.0,10261.0
2025-08-14 00:00:00,1755100800,24342.0,24356.0,24306.0,24315.0,4720.0
2025-08-14 01:00:00,1755104400,24315.0,24356.0,24313.0,24350.0,2865.0
2025-08-14 02:00:00,1755108000,24350.0,24355.0,24330.0,24347.0,1007.0
2025-08-14 03:00:00,1755111600,24347.0,24363.0,24337.0,24353.0,1070.0
2025-08-14 04:00:00,1755115200,24355.0,24358.0,24342.0,24344.0,881.0
2025-08-14 08:45:00,1755132300,24331.0,24363.0,24278.0,24304.0,30660.0
2025-08-14 09:45:00,1755135900,24306.0,24312.0,24207.0,24281.0,25717.0
2025-08-14 10:45:00,1755139500,24281.0,24284.0,24242.0,24257.0,6826.0
2025-08-14 11:45:00,1755143100,24257.0,24322.0,24249.0,24320.0,9515.0
2025-08-14 12:45:00,1755146700,24319.0,24328.0,24249.0,24253.0,10926.0
2025-08-14 15:00:00,1755154800,24246.0,24290.0,24237.0,24288.0,4569.0
2025-08-14 16:00:00,1755158400,24289.0,24294.0,24270.0,24274.0,1967.0
2025-08-14 17:00:00,1755162000,24273.0,24289.0,24252.0,24257.0,2173.0
2025-08-14 18:00:00,1755165600,24257.0,24272.0,24253.0,24269.0,1382.0
2025-08-14 19:00:00,1755169200,24268.0,24296.0,24266.0,24294.0,1964.0
2025-08-14 20:00:00,1755172800,24294.0,24305.0,24211.0,24219.0,10875.0
2025-08-14 21:00:00,1755176400,24218.0,24257.0,24194.0,24246.0,13678.0
2025-08-14 22:00:00,1755180000,24246.0,24317.0,24238.0,24289.0,11378.0
2025-08-14 23:00:00,1755183600,24290.0,24293.0,24235.0,24276.0,8583.0
2025-08-15 00:00:00,1755187200,24276.0,24280.0,24236.0,24273.0,4457.0
2025-08-15 01:00:00,1755190800,24272.0,24284.0,24263.0,24276.0,1852.0
2025-08-15 02:00:00,1755194400,24276.0,24292.0,24261.0,24288.0,1269.0
2025-08-15 03:00:00,1755198000,24289.0,24316.0,24287.0,24310.0,1815.0
2025-08-15 04:00:00,1755201600,24309.0,24310.0,24289.0,24290.0,1213.0
2025-08-15 08:45:00,1755218700,24283.0,24353.0,24187.0,24258.0,37316.0
2025-08-15 09:45:00,1755222300,24256.0,24331.0,24218.0,24310.0,18512.0
2025-08-15 10:45:00,1755225900,24310.0,24348.0,24281.0,24348.0,10743.0
2025-08-15 11:45:00,1755229500,24348.0,24384.0,24344.0,24368.0,13537.0
2025-08-15 12:45:00,1755233100,24369.0,24381.0,24262.0,24316.0,16049.0
2025-08-15 13:45:00,1755236700,24317.0,24317.0,24317.0,24317.0,1.0
2025-08-15 15:00:00,1755241200,24314.0,24334.0,24304.0,24327.0,3084.0
2025-08-15 16:00:00,1755244800,24326.0,24339.0,24290.0,24300.0,3726.0
2025-08-15 17:00:00,1755248400,24300.0,24310.0,24279.0,24282.0,2430.0
2025-08-15 18:00:00,1755252000,24283.0,24302.0,24276.0,24298.0,2101.0
2025-08-15 19:00:00,1755255600,24297.0,24298.0,24270.0,24279.0,2042.0
2025-08-15 20:00:00,1755259200,24278.0,24280.0,24240.0,24256.0,5927.0
2025-08-15 21:00:00,1755262800,24256.0,24269.0,24179.0,24207.0,13761.0
2025-08-15 22:00:00,1755266400,24207.0,24242.0,24172.0,24195.0,12045.0
2025-08-15 23:00:00,1755270000,24194.0,24212.0,24138.0,24172.0,10940.0
2025-08-16 00:00:00,1755273600,24173.0,24186.0,24142.0,24179.0,5759.0
2025-08-16 01:00:00,1755277200,24178.0,24192.0,24158.0,24191.0,2213.0
2025-08-16 02:00:00,1755280800,24190.0,24194.0,24172.0,24179.0,1265.0
2025-08-16 03:00:00,1755284400,24180.0,24197.0,24163.0,24186.0,1617.0
2025-08-16 04:00:00,1755288000,24186.0,24190.0,24151.0,24151.0,1852.0
2025-08-18 08:45:00,1755477900,24196.0,24376.0,24176.0,24367.0,39560.0
2025-08-18 09:45:00,1755481500,24366.0,24419.0,24333.0,24370.0,21521.0
2025-08-18 10:45:00,1755485100,24371.0,24424.0,24366.0,24413.0,11082.0
2025-08-18 11:45:00,1755488700,24413.0,24456.0,24402.0,24439.0,9181.0
2025-08-18 12:45:00,1755492300,24438.0,24462.0,24407.0,24425.0,12679.0
2025-08-18 15:00:00,1755500400,24395.0,24407.0,24384.0,24401.0,4805.0
2025-08-18 16:00:00,1755504000,24401.0,24405.0,24370.0,24397.0,3376.0
2025-08-18 17:00:00,1755507600,24396.0,24398.0,24360.0,24371.0,2547.0
2025-08-18 18:00:00,1755511200,24371.0,24377.0,24357.0,24369.0,2246.0
2025-08-18 19:00:00,1755514800,24370.0,24384.0,24362.0,24377.0,1533.0
2025-08-18 20:00:00,1755518400,24377.0,24412.0,24371.0,24412.0,2347.0
2025-08-18 21:00:00,1755522000,24412.0,24439.0,24383.0,24386.0,9026.0
2025-08-18 22:00:00,1755525600,24387.0,24428.0,24376.0,24402.0,6915.0
2025-08-18 23:00:00,1755529200,24402.0,24409.0,24388.0,24400.0,2217.0
2025-08-19 00:00:00,1755532800,24401.0,24416.0,24385.0,24390.0,2101.0
2025-08-19 01:00:00,1755536400,24390.0,24414.0,24385.0,24401.0,1199.0
2025-08-19 02:00:00,1755540000,24401.0,24412.0,24394.0,24410.0,721.0
2025-08-19 03:00:00,1755543600,24411.0,24430.0,24407.0,24425.0,1007.0
2025-08-19 04:00:00,1755547200,24427.0,24429.0,24415.0,24420.0,943.0
2025-08-19 08:45:00,1755564300,24382.0,24447.0,24313.0,24392.0,38464.0
2025-08-19 09:45:00,1755567900,24391.0,24403.0,24319.0,24359.0,17399.0
2025-08-19 10:45:00,1755571500,24359.0,24381.0,24344.0,24375.0,7009.0
2025-08-19 11:45:00,1755575100,24374.0,24392.0,24337.0,24372.0,8715.0
2025-08-19 12:45:00,1755578700,24372.0,24386.0,24340.0,24344.0,8287.0
2025-08-19 15:00:00,1755586800,24293.0,24302.0,24273.0,24285.0,865.0
2025-08-19 16:00:00,1755590400,24287.0,24314.0,24283.0,24311.0,693.0
2025-08-19 17:00:00,1755594000,24311.0,24321.0,24306.0,24308.0,497.0
2025-08-19 18:00:00,1755597600,24307.0,24309.0,24296.0,24302.0,323.0
2025-08-19 19:00:00,1755601200,24305.0,24315.0,24304.0,24313.0,270.0
2025-08-19 20:00:00,1755604800,24314.0,24314.0,24297.0,24303.0,290.0
2025-08-19 21:00:00,1755608400,24301.0,24305.0,24265.0,24284.0,1921.0
2025-08-19 22:00:00,1755612000,24285.0,24310.0,24225.0,24225.0,3389.0
2025-08-19 23:00:00,1755615600,24228.0,24244.0,24213.0,24224.0,1708.0
2025-08-20 00:00:00,1755619200,24224.0,24233.0,24192.0,24200.0,1398.0
2025-08-20 01:00:00,1755622800,24199.0,24202.0,24171.0,24197.0,948.0
2025-08-20 02:00:00,1755626400,24197.0,24197.0,24168.0,24171.0,479.0
2025-08-20 03:00:00,1755630000,24168.0,24172.0,24150.0,24157.0,714.0
2025-08-20 04:00:00,1755633600,24158.0,24162.0,24144.0,24153.0,463.0
2025-08-20 08:45:00,1755650700,24098.0,24139.0,23792.0,23858.0,27098.0
2025-08-20 09:45:00,1755654300,23857.0,23895.0,23750.0,23788.0,13720.0
2025-08-20 10:45:00,1755657900,23786.0,23798.0,23700.0,23708.0,13421.0
2025-08-20 11:45:00,1755661500,23709.0,23729.0,23664.0,23705.0,9215.0
2025-08-20 12:45:00,1755665100,23707.0,23718.0,23614.0,23665.0,18032.0
2025-08-20 15:00:00,1755673200,23652.0,23729.0,23626.0,23708.0,10100.0
2025-08-20 16:00:00,1755676800,23709.0,23719.0,23676.0,23707.0,4866.0
2025-08-20 17:00:00,1755680400,23708.0,23727.0,23701.0,23719.0,3122.0
2025-08-20 18:00:00,1755684000,23721.0,23735.0,23713.0,23724.0,2498.0
2025-08-20 19:00:00,1755687600,23724.0,23737.0,23704.0,23719.0,2396.0
2025-08-20 20:00:00,1755691200,23720.0,23748.0,23718.0,23744.0,3019.0
2025-08-20 21:00:00,1755694800,23745.0,23758.0,23602.0,23611.0,18925.0
2025-08-20 22:00:00,1755698400,23611.0,23655.0,23529.0,23548.0,28570.0
2025-08-20 23:00:00,1755702000,23547.0,23683.0,23540.0,23634.0,19326.0
2025-08-21 00:00:00,1755705600,23633.0,23694.0,23627.0,23665.0,8201.0
2025-08-21 01:00:00,1755709200,23666.0,23714.0,23662.0,23685.0,4500.0
2025-08-21 02:00:00,1755712800,23687.0,23696.0,23641.0,23668.0,3582.0
2025-08-21 03:00:00,1755716400,23670.0,23739.0,23668.0,23730.0,2853.0
2025-08-21 04:00:00,1755720000,23733.0,23737.0,23711.0,23711.0,1255.0
2025-08-21 08:45:00,1755737100,23720.0,23900.0,23690.0,23893.0,55029.0
2025-08-21 09:45:00,1755740700,23893.0,23943.0,23825.0,23859.0,29379.0
2025-08-21 10:45:00,1755744300,23858.0,23892.0,23813.0,23847.0,11669.0
2025-08-21 11:45:00,1755747900,23848.0,23875.0,23833.0,23875.0,6555.0
2025-08-21 12:45:00,1755751500,23875.0,23904.0,23844.0,23848.0,13183.0
2025-08-21 13:45:00,1755755100,23851.0,23851.0,23851.0,23851.0,1.0
2025-08-21 15:00:00,1755759600,23870.0,23877.0,23848.0,23867.0,4268.0
2025-08-21 16:00:00,1755763200,23867.0,23891.0,23854.0,23856.0,3412.0
2025-08-21 17:00:00,1755766800,23855.0,23873.0,23846.0,23851.0,3042.0
2025-08-21 18:00:00,1755770400,23851.0,23856.0,23825.0,23834.0,4028.0
2025-08-21 19:00:00,1755774000,23835.0,23856.0,23822.0,23827.0,2855.0
2025-08-21 20:00:00,1755777600,23826.0,23828.0,23774.0,23795.0,9882.0
2025-08-21 21:00:00,1755781200,23794.0,23864.0,23788.0,23821.0,16302.0
2025-08-21 22:00:00,1755784800,23820.0,23928.0,23800.0,23887.0,21327.0
2025-08-21 23:00:00,1755788400,23888.0,23902.0,23821.0,23827.0,11569.0
2025-08-22 00:00:00,1755792000,23828.0,23854.0,23816.0,23822.0,6258.0
2025-08-22 01:00:00,1755795600,23823.0,23845.0,23754.0,23841.0,9434.0
2025-08-22 02:00:00,1755799200,23841.0,23852.0,23820.0,23846.0,2222.0
2025-08-22 03:00:00,1755802800,23846.0,23856.0,23829.0,23837.0,1145.0
2025-08-22 04:00:00,1755806400,23834.0,23836.0,23802.0,23802.0,1202.0
2025-08-22 08:45:00,1755823500,23869.0,23982.0,23771.0,23852.0,54618.0
2025-08-22 09:45:00,1755827100,23853.0,23877.0,23811.0,23856.0,15800.0
2025-08-22 10:45:00,1755830700,23856.0,23861.0,23805.0,23810.0,7488.0
2025-08-22 11:45:00,1755834300,23810.0,23811.0,23730.0,23763.0,17411.0
2025-08-22 12:45:00,1755837900,23762.0,23797.0,23747.0,23749.0,11692.0
2025-08-22 15:00:00,1755846000,23720.0,23808.0,23708.0,23798.0,7714.0
2025-08-22 16:00:00,1755849600,23798.0,23855.0,23790.0,23852.0,8064.0
2025-08-22 17:00:00,1755853200,23851.0,23854.0,23831.0,23849.0,3357.0
2025-08-22 18:00:00,1755856800,23849.0,23883.0,23846.0,23882.0,5253.0
2025-08-22 19:00:00,1755860400,23881.0,23888.0,23843.0,23853.0,5031.0
2025-08-22 20:00:00,1755864000,23854.0,23873.0,23848.0,23856.0,2787.0
2025-08-22 21:00:00,1755867600,23856.0,23910.0,23844.0,23866.0,12998.0
2025-08-22 22:00:00,1755871200,23867.0,24084.0,23867.0,24064.0,47304.0
2025-08-22 23:00:00,1755874800,24063.0,24108.0,24053.0,24055.0,14551.0
2025-08-23 00:00:00,1755878400,24057.0,24076.0,24034.0,24050.0,6834.0
2025-08-23 01:00:00,1755882000,24050.0,24122.0,24050.0,24106.0,6709.0
2025-08-23 02:00:00,1755885600,24106.0,24116.0,24097.0,24105.0,2073.0
2025-08-23 03:00:00,1755889200,24106.0,24113.0,24087.0,24109.0,1587.0
2025-08-23 04:00:00,1755892800,24108.0,24122.0,24100.0,24116.0,2171.0
2025-08-25 08:45:00,1756082700,24123.0,24191.0,24071.0,24115.0,46999.0
2025-08-25 09:45:00,1756086300,24112.0,24313.0,24102.0,24269.0,34505.0
2025-08-25 10:45:00,1756089900,24269.0,24305.0,24253.0,24290.0,11027.0
2025-08-25 11:45:00,1756093500,24291.0,24301.0,24260.0,24280.0,5988.0
2025-08-25 12:45:00,1756097100,24279.0,24279.0,24220.0,24257.0,13875.0
2025-08-25 15:00:00,1756105200,24232.0,24242.0,24209.0,24220.0,4751.0
2025-08-25 16:00:00,1756108800,24221.0,24225.0,24201.0,24203.0,3590.0
2025-08-25 17:00:00,1756112400,24203.0,24210.0,24185.0,24202.0,4297.0
2025-08-25 18:00:00,1756116000,24202.0,24209.0,24169.0,24169.0,3290.0
2025-08-25 19:00:00,1756119600,24171.0,24193.0,24155.0,24185.0,3507.0
2025-08-25 20:00:00,1756123200,24184.0,24186.0,24163.0,24173.0,2182.0
2025-08-25 21:00:00,1756126800,24173.0,24206.0,24138.0,24200.0,12912.0
2025-08-25 22:00:00,1756130400,24200.0,24249.0,24190.0,24237.0,12929.0
2025-08-25 23:00:00,1756134000,24237.0,24258.0,24218.0,24235.0,6675.0
2025-08-26 00:00:00,1756137600,24235.0,24245.0,24218.0,24223.0,2011.0
2025-08-26 01:00:00,1756141200,24224.0,24226.0,24178.0,24194.0,3316.0
2025-08-26 02:00:00,1756144800,24194.0,24202.0,24182.0,24190.0,953.0
2025-08-26 03:00:00,1756148400,24191.0,24205.0,24157.0,24159.0,1529.0
2025-08-26 04:00:00,1756152000,24159.0,24187.0,24151.0,24185.0,1564.0
2025-08-26 08:45:00,1756169100,24144.0,24203.0,24090.0,24132.0,42303.0
2025-08-26 09:45:00,1756172700,24132.0,24190.0,24120.0,24171.0,14774.0
2025-08-26 10:45:00,1756176300,24171.0,24180.0,24126.0,24167.0,9339.0
2025-08-26 11:45:00,1756179900,24167.0,24257.0,24151.0,24239.0,15659.0
2025-08-26 12:45:00,1756183500,24239.0,24282.0,24222.0,24254.0,14843.0
2025-08-26 15:00:00,1756191600,24243.0,24249.0,24188.0,24212.0,6736.0
2025-08-26 16:00:00,1756195200,24210.0,24226.0,24205.0,24220.0,2134.0
2025-08-26 17:00:00,1756198800,24219.0,24250.0,24217.0,24245.0,2741.0
2025-08-26 18:00:00,1756202400,24245.0,24277.0,24240.0,24272.0,3627.0
2025-08-26 19:00:00,1756206000,24273.0,24284.0,24244.0,24266.0,3793.0
2025-08-26 20:00:00,1756209600,24267.0,24278.0,24245.0,24276.0,2468.0
2025-08-26 21:00:00,1756213200,24276.0,24300.0,24254.0,24274.0,11536.0
2025-08-26 22:00:00,1756216800,24272.0,24335.0,24272.0,24325.0,13129.0
2025-08-26 23:00:00,1756220400,24324.0,24342.0,24302.0,24317.0,6913.0
2025-08-27 00:00:00,1756224000,24317.0,24345.0,24317.0,24326.0,3223.0
2025-08-27 01:00:00,1756227600,24325.0,24330.0,24282.0,24300.0,2672.0
2025-08-27 02:00:00,1756231200,24299.0,24328.0,24297.0,24325.0,1365.0
2025-08-27 03:00:00,1756234800,24323.0,24349.0,24320.0,24339.0,1439.0
2025-08-27 04:00:00,1756238400,24338.0,24357.0,24336.0,24357.0,1784.0
2025-08-27 08:45:00,1756255500,24357.0,24450.0,24331.0,24447.0,40474.0
2025-08-27 09:45:00,1756259100,24447.0,24496.0,24430.0,24487.0,16597.0
2025-08-27 10:45:00,1756262700,24488.0,24492.0,24460.0,24462.0,6789.0
2025-08-27 11:45:00,1756266300,24462.0,24481.0,24406.0,24474.0,13646.0
2025-08-27 12:45:00,1756269900,24476.0,24489.0,24453.0,24462.0,11559.0
2025-08-27 15:00:00,1756278000,24473.0,24473.0,24426.0,24436.0,4853.0
2025-08-27 16:00:00,1756281600,24436.0,24443.0,24408.0,24408.0,4071.0
2025-08-27 17:00:00,1756285200,24408.0,24416.0,24393.0,24404.0,4758.0
2025-08-27 18:00:00,1756288800,24404.0,24425.0,24401.0,24418.0,2494.0
2025-08-27 19:00:00,1756292400,24417.0,24423.0,24382.0,24383.0,3747.0
2025-08-27 20:00:00,1756296000,24384.0,24410.0,24369.0,24390.0,5538.0
2025-08-27 21:00:00,1756299600,24389.0,24391.0,24336.0,24361.0,13078.0
2025-08-27 22:00:00,1756303200,24360.0,24420.0,24352.0,24413.0,9880.0
2025-08-27 23:00:00,1756306800,24413.0,24457.0,24408.0,24445.0,6756.0
2025-08-28 00:00:00,1756310400,24446.0,24462.0,24388.0,24450.0,7228.0
2025-08-28 01:00:00,1756314000,24450.0,24455.0,24441.0,24449.0,1893.0
2025-08-28 02:00:00,1756317600,24450.0,24486.0,24447.0,24477.0,2768.0
2025-08-28 03:00:00,1756321200,24478.0,24488.0,24455.0,24477.0,1796.0
2025-08-28 04:00:00,1756324800,24478.0,24487.0,24318.0,24347.0,12345.0
2025-08-28 08:45:00,1756341900,24353.0,24419.0,24338.0,24393.0,32758.0
2025-08-28 09:45:00,1756345500,24393.0,24403.0,24322.0,24344.0,19192.0
2025-08-28 10:45:00,1756349100,24345.0,24415.0,24331.0,24358.0,15105.0
2025-08-28 11:45:00,1756352700,24358.0,24370.0,24204.0,24300.0,29468.0
2025-08-28 12:45:00,1756356300,24299.0,24306.0,24220.0,24222.0,13780.0
2025-08-28 13:45:00,1756359900,24222.0,24222.0,24222.0,24222.0,1.0
2025-08-28 15:00:00,1756364400,24265.0,24309.0,24261.0,24292.0,7512.0
2025-08-28 16:00:00,1756368000,24293.0,24303.0,24280.0,24281.0,2522.0
2025-08-28 17:00:00,1756371600,24283.0,24293.0,24256.0,24266.0,2551.0
2025-08-28 18:00:00,1756375200,24266.0,24291.0,24264.0,24285.0,2146.0
2025-08-28 19:00:00,1756378800,24284.0,24295.0,24266.0,24293.0,2290.0
2025-08-28 20:00:00,1756382400,24292.0,24342.0,24271.0,24334.0,8058.0
2025-08-28 21:00:00,1756386000,24334.0,24404.0,24307.0,24336.0,23059.0
2025-08-28 22:00:00,1756389600,24335.0,24419.0,24333.0,24403.0,16165.0
2025-08-28 23:00:00,1756393200,24404.0,24421.0,24378.0,24401.0,7315.0
2025-08-29 00:00:00,1756396800,24402.0,24429.0,24400.0,24414.0,4168.0
2025-08-29 01:00:00,1756400400,24415.0,24429.0,24411.0,24420.0,1463.0
2025-08-29 02:00:00,1756404000,24419.0,24438.0,24419.0,24434.0,1461.0
2025-08-29 03:00:00,1756407600,24433.0,24443.0,24428.0,24428.0,1032.0
2025-08-29 04:00:00,1756411200,24430.0,24432.0,24406.0,24411.0,1640.0
2025-08-29 08:45:00,1756428300,24401.0,24453.0,24342.0,24352.0,35218.0
2025-08-29 09:45:00,1756431900,24352.0,24354.0,24253.0,24283.0,33071.0
2025-08-29 10:45:00,1756435500,24283.0,24360.0,24272.0,24327.0,16221.0
2025-08-29 11:45:00,1756439100,24327.0,24333.0,24270.0,24287.0,9455.0
2025-08-29 12:45:00,1756442700,24289.0,24303.0,24247.0,24267.0,11706.0
2025-08-29 15:00:00,1756450800,24250.0,24285.0,24205.0,24212.0,8312.0
2025-08-29 16:00:00,1756454400,24211.0,24211.0,24134.0,24147.0,11573.0
2025-08-29 17:00:00,1756458000,24146.0,24186.0,24113.0,24179.0,7843.0
2025-08-29 18:00:00,1756461600,24179.0,24193.0,24153.0,24165.0,2985.0
2025-08-29 19:00:00,1756465200,24165.0,24186.0,24163.0,24179.0,1939.0
2025-08-29 20:00:00,1756468800,24180.0,24237.0,24159.0,24229.0,8915.0
2025-08-29 21:00:00,1756472400,24228.0,24229.0,24059.0,24071.0,22848.0
2025-08-29 22:00:00,1756476000,24073.0,24112.0,24033.0,24060.0,23224.0
2025-08-29 23:00:00,1756479600,24059.0,24109.0,24045.0,24072.0,8117.0
2025-08-30 00:00:00,1756483200,24073.0,24120.0,24072.0,24096.0,5291.0
2025-08-30 01:00:00,1756486800,24095.0,24101.0,24055.0,24088.0,4194.0
2025-08-30 02:00:00,1756490400,24088.0,24089.0,24066.0,24076.0,1341.0
2025-08-30 03:00:00,1756494000,24075.0,24096.0,24068.0,24076.0,1096.0
2025-08-30 04:00:00,1756497600,24077.0,24089.0,24063.0,24064.0,1648.0
2025-09-01 08:45:00,1756687500,24130.0,24246.0,24070.0,24226.0,48069.0
2025-09-01 09:45:00,1756691100,24227.0,24240.0,23883.0,23910.0,56728.0
2025-09-01 10:45:00,1756694700,23908.0,23942.0,23847.0,23926.0,22249.0
2025-09-01 11:45:00,1756698300,23926.0,23946.0,23899.0,23928.0,8990.0
2025-09-01 12:45:00,1756701900,23927.0,24021.0,23926.0,24009.0,19331.0
2025-09-01 15:00:00,1756710000,24023.0,24062.0,24009.0,24056.0,7356.0
2025-09-01 16:00:00,1756713600,24057.0,24079.0,24038.0,24067.0,4452.0
2025-09-01 17:00:00,1756717200,24067.0,24069.0,24051.0,24065.0,2169.0
2025-09-01 18:00:00,1756720800,24065.0,24072.0,24035.0,24043.0,2481.0
2025-09-01 19:00:00,1756724400,24042.0,24058.0,24031.0,24040.0,2088.0
2025-09-01 20:00:00,1756728000,24040.0,24070.0,24037.0,24070.0,2074.0
2025-09-01 21:00:00,1756731600,24070.0,24096.0,24041.0,24086.0,5562.0
2025-09-01 22:00:00,1756735200,24084.0,24096.0,24077.0,24084.0,2700.0
2025-09-01 23:00:00,1756738800,24084.0,24085.0,24069.0,24077.0,1283.0
2025-09-02 00:00:00,1756742400,24078.0,24083.0,24067.0,24076.0,1070.0
2025-09-02 01:00:00,1756746000,24077.0,24083.0,24073.0,24076.0,377.0
2025-09-02 02:00:00,1756749600,24077.0,24088.0,24076.0,24088.0,401.0
2025-09-02 03:00:00,1756753200,24088.0,24090.0,24081.0,24086.0,250.0
2025-09-02 04:00:00,1756756800,24086.0,24088.0,24076.0,24084.0,589.0
2025-09-02 08:45:00,1756773900,24085.0,24250.0,24079.0,24149.0,57042.0
2025-09-02 09:45:00,1756777500,24149.0,24158.0,23977.0,23999.0,38024.0
2025-09-02 10:45:00,1756781100,23999.0,24016.0,23880.0,24005.0,34170.0
2025-09-02 11:45:00,1756784700,24004.0,24054.0,23993.0,24045.0,13597.0
2025-09-02 12:45:00,1756788300,24045.0,24063.0,23955.0,23971.0,18294.0
2025-09-02 15:00:00,1756796400,24005.0,24022.0,23905.0,23911.0,12036.0
2025-09-02 16:00:00,1756800000,23910.0,23937.0,23894.0,23912.0,6292.0
2025-09-02 17:00:00,1756803600,23911.0,23942.0,23906.0,23923.0,3348.0
2025-09-02 18:00:00,1756807200,23922.0,23933.0,23861.0,23873.0,7163.0
2025-09-02 19:00:00,1756810800,23874.0,23881.0,23834.0,23838.0,6685.0
2025-09-02 20:00:00,1756814400,23837.0,23838.0,23690.0,23710.0,19089.0
2025-09-02 21:00:00,1756818000,23710.0,23847.0,23703.0,23829.0,27965.0
2025-09-02 22:00:00,1756821600,23827.0,23882.0,23803.0,23842.0,21715.0
2025-09-02 23:00:00,1756825200,23842.0,23856.0,23729.0,23744.0,15797.0
2025-09-03 00:00:00,1756828800,23746.0,23823.0,23744.0,23819.0,7767.0
2025-09-03 01:00:00,1756832400,23819.0,23851.0,23782.0,23833.0,5240.0
2025-09-03 02:00:00,1756836000,23833.0,23866.0,23823.0,23843.0,2974.0
2025-09-03 03:00:00,1756839600,23844.0,23914.0,23843.0,23900.0,4589.0
2025-09-03 04:00:00,1756843200,23901.0,23958.0,23900.0,23937.0,4359.0
2025-09-03 08:45:00,1756860300,23962.0,24025.0,23888.0,23972.0,52738.0
2025-09-03 09:45:00,1756863900,23973.0,24084.0,23957.0,23973.0,31876.0
2025-09-03 10:45:00,1756867500,23973.0,24045.0,23966.0,24036.0,12543.0
2025-09-03 11:45:00,1756871100,24034.0,24042.0,23994.0,24022.0,8046.0
2025-09-03 12:45:00,1756874700,24021.0,24037.0,23970.0,23999.0,11695.0
2025-09-03 15:00:00,1756882800,24014.0,24039.0,23977.0,24039.0,7144.0
2025-09-03 16:00:00,1756886400,24039.0,24105.0,24031.0,24101.0,9791.0
2025-09-03 17:00:00,1756890000,24100.0,24128.0,24077.0,24128.0,5754.0
2025-09-03 18:00:00,1756893600,24127.0,24145.0,24115.0,24118.0,4618.0
2025-09-03 19:00:00,1756897200,24117.0,24133.0,24105.0,24115.0,3667.0
2025-09-03 20:00:00,1756900800,24114.0,24137.0,24098.0,24099.0,4008.0
2025-09-03 21:00:00,1756904400,24100.0,24124.0,24057.0,24075.0,16242.0
2025-09-03 22:00:00,1756908000,24077.0,24188.0,24074.0,24171.0,20996.0
2025-09-03 23:00:00,1756911600,24171.0,24177.0,24095.0,24114.0,12176.0
2025-09-04 00:00:00,1756915200,24114.0,24142.0,24086.0,24106.0,6009.0
2025-09-04 01:00:00,1756918800,24107.0,24144.0,24035.0,24050.0,7923.0
2025-09-04 02:00:00,1756922400,24050.0,24054.0,24000.0,24026.0,8276.0
2025-09-04 03:00:00,1756926000,24027.0,24122.0,24013.0,24116.0,4356.0
2025-09-04 04:00:00,1756929600,24117.0,24134.0,24111.0,24130.0,2152.0
2025-09-04 08:45:00,1756946700,24187.0,24322.0,24187.0,24291.0,63189.0
2025-09-04 09:45:00,1756950300,24291.0,24365.0,24254.0,24329.0,30474.0
2025-09-04 10:45:00,1756953900,24329.0,24335.0,24154.0,24196.0,36500.0
2025-09-04 11:45:00,1756957500,24197.0,24216.0,24166.0,24169.0,10434.0
2025-09-04 12:45:00,1756961100,24170.0,24194.0,24112.0,24132.0,16526.0
2025-09-04 13:45:00,1756964700,24129.0,24129.0,24129.0,24129.0,1.0
2025-09-04 15:00:00,1756969200,24132.0,24159.0,24116.0,24155.0,6180.0
2025-09-04 16:00:00,1756972800,24154.0,24161.0,24137.0,24140.0,2217.0
2025-09-04 17:00:00,1756976400,24141.0,24177.0,24139.0,24177.0,2720.0
2025-09-04 18:00:00,1756980000,24175.0,24194.0,24168.0,24177.0,3220.0
2025-09-04 19:00:00,1756983600,24176.0,24184.0,24153.0,24155.0,2162.0
2025-09-04 20:00:00,1756987200,24156.0,24175.0,24138.0,24162.0,4661.0
2025-09-04 21:00:00,1756990800,24162.0,24190.0,24133.0,24167.0,11205.0
2025-09-04 22:00:00,1756994400,24165.0,24224.0,24122.0,24222.0,19072.0
2025-09-04 23:00:00,1756998000,24223.0,24239.0,24205.0,24230.0,7514.0
2025-09-05 00:00:00,1757001600,24229.0,24254.0,24209.0,24238.0,5064.0
2025-09-05 01:00:00,1757005200,24238.0,24280.0,24237.0,24270.0,3213.0
2025-09-05 02:00:00,1757008800,24270.0,24307.0,24269.0,24299.0,2801.0
2025-09-05 03:00:00,1757012400,24300.0,24330.0,24300.0,24324.0,2450.0
2025-09-05 04:00:00,1757016000,24324.0,24338.0,24314.0,24325.0,2530.0
2025-09-05 08:45:00,1757033100,24369.0,24383.0,24300.0,24338.0,39947.0
2025-09-05 09:45:00,1757036700,24339.0,24424.0,24283.0,24406.0,31003.0
2025-09-05 10:45:00,1757040300,24405.0,24416.0,24364.0,24399.0,13281.0
2025-09-05 11:45:00,1757043900,24399.0,24403.0,24370.0,24388.0,5910.0
2025-09-05 12:45:00,1757047500,24388.0,24428.0,24383.0,24420.0,11132.0
2025-09-05 15:00:00,1757055600,24438.0,24446.0,24400.0,24416.0,5482.0
2025-09-05 16:00:00,1757059200,24416.0,24449.0,24409.0,24436.0,4015.0
2025-09-05 17:00:00,1757062800,24436.0,24453.0,24431.0,24443.0,2063.0
2025-09-05 18:00:00,1757066400,24443.0,24464.0,24434.0,24451.0,2887.0
2025-09-05 19:00:00,1757070000,24451.0,24467.0,24438.0,24438.0,2515.0
2025-09-05 20:00:00,1757073600,24440.0,24504.0,24402.0,24499.0,14010.0
2025-09-05 21:00:00,1757077200,24501.0,24548.0,24495.0,24542.0,17336.0
2025-09-05 22:00:00,1757080800,24540.0,24543.0,24310.0,24312.0,43787.0
2025-09-05 23:00:00,1757084400,24314.0,24430.0,24289.0,24394.0,24254.0
2025-09-06 00:00:00,1757088000,24395.0,24434.0,24385.0,24421.0,8327.0
2025-09-06 01:00:00,1757091600,24421.0,24430.0,24388.0,24400.0,4480.0
2025-09-06 02:00:00,1757095200,24401.0,24456.0,24395.0,24456.0,3266.0
2025-09-06 03:00:00,1757098800,24455.0,24503.0,24448.0,24502.0,5058.0
2025-09-06 04:00:00,1757102400,24502.0,24507.0,24470.0,24474.0,2408.0
2025-09-08 08:45:00,1757292300,24579.0,24675.0,24560.0,24610.0,50946.0
2025-09-08 09:45:00,1757295900,24611.0,24618.0,24516.0,24566.0,24991.0
2025-09-08 10:45:00,1757299500,24565.0,24620.0,24562.0,24603.0,12002.0
2025-09-08 11:45:00,1757303100,24601.0,24625.0,24564.0,24574.0,12090.0
2025-09-08 12:45:00,1757306700,24572.0,24591.0,24550.0,24550.0,10458.0
2025-09-08 13:45:00,1757310300,24551.0,24551.0,24551.0,24551.0,1.0
2025-09-08 15:00:00,1757314800,24580.0,24605.0,24561.0,24590.0,4308.0
2025-09-08 16:00:00,1757318400,24591.0,24602.0,24578.0,24585.0,1954.0
2025-09-08 17:00:00,1757322000,24585.0,24598.0,24577.0,24596.0,1455.0
2025-09-08 18:00:00,1757325600,24596.0,24609.0,24592.0,24595.0,1752.0
2025-09-08 19:00:00,1757329200,24594.0,24601.0,24585.0,24592.0,1265.0
2025-09-08 20:00:00,1757332800,24593.0,24598.0,24568.0,24587.0,2868.0
2025-09-08 21:00:00,1757336400,24587.0,24650.0,24582.0,24638.0,12916.0
2025-09-08 22:00:00,1757340000,24637.0,24660.0,24615.0,24648.0,10633.0
2025-09-08 23:00:00,1757343600,24649.0,24678.0,24641.0,24676.0,5622.0
2025-09-09 00:00:00,1757347200,24677.0,24680.0,24650.0,24659.0,4090.0
2025-09-09 01:00:00,1757350800,24657.0,24673.0,24646.0,24655.0,1772.0
2025-09-09 02:00:00,1757354400,24654.0,24700.0,24652.0,24699.0,2801.0
2025-09-09 03:00:00,1757358000,24698.0,24716.0,24686.0,24712.0,2179.0
2025-09-09 04:00:00,1757361600,24714.0,24722.0,24707.0,24716.0,2071.0
2025-09-09 08:45:00,1757378700,24719.0,24739.0,24660.0,24726.0,33092.0
2025-09-09 09:45:00,1757382300,24727.0,24838.0,24719.0,24751.0,32417.0
2025-09-09 10:45:00,1757385900,24751.0,24809.0,24700.0,24804.0,19094.0
2025-09-09 11:45:00,1757389500,24805.0,24825.0,24786.0,24806.0,9224.0
2025-09-09 12:45:00,1757393100,24807.0,24817.0,24765.0,24804.0,11222.0
2025-09-09 15:00:00,1757401200,24813.0,24880.0,24802.0,24860.0,10022.0
2025-09-09 16:00:00,1757404800,24860.0,24861.0,24830.0,24840.0,3503.0
2025-09-09 17:00:00,1757408400,24839.0,24853.0,24832.0,24840.0,1757.0
2025-09-09 18:00:00,1757412000,24841.0,24858.0,24839.0,24845.0,1643.0
2025-09-09 19:00:00,1757415600,24845.0,24849.0,24812.0,24824.0,3810.0
2025-09-09 20:00:00,1757419200,24823.0,24826.0,24784.0,24784.0,5203.0
2025-09-09 21:00:00,1757422800,24785.0,24845.0,24750.0,24834.0,17484.0
2025-09-09 22:00:00,1757426400,24834.0,24870.0,24777.0,24850.0,23333.0
2025-09-09 23:00:00,1757430000,24850.0,24876.0,24833.0,24865.0,7962.0
2025-09-10 00:00:00,1757433600,24866.0,24935.0,24860.0,24933.0,9486.0
2025-09-10 01:00:00,1757437200,24933.0,24964.0,24933.0,24951.0,4879.0
2025-09-10 02:00:00,1757440800,24952.0,24964.0,24939.0,24961.0,2090.0
2025-09-10 03:00:00,1757444400,24959.0,24963.0,24934.0,24936.0,1824.0
2025-09-10 04:00:00,1757448000,24936.0,24975.0,24930.0,24975.0,2370.0
2025-09-10 08:45:00,1757465100,24985.0,25102.0,24961.0,25087.0,44001.0
2025-09-10 09:45:00,1757468700,25086.0,25183.0,25067.0,25165.0,22235.0
2025-09-10 10:45:00,1757472300,25165.0,25228.0,25158.0,25195.0,14884.0
2025-09-10 11:45:00,1757475900,25194.0,25222.0,25182.0,25199.0,7864.0
2025-09-10 12:45:00,1757479500,25199.0,25244.0,25150.0,25171.0,19975.0
2025-09-10 15:00:00,1757487600,25191.0,25254.0,25183.0,25247.0,7834.0
2025-09-10 16:00:00,1757491200,25245.0,25246.0,25165.0,25178.0,7072.0
2025-09-10 17:00:00,1757494800,25177.0,25213.0,25170.0,25206.0,3286.0
2025-09-10 18:00:00,1757498400,25206.0,25230.0,25203.0,25229.0,2098.0
2025-09-10 19:00:00,1757502000,25227.0,25235.0,25216.0,25224.0,2278.0
2025-09-10 20:00:00,1757505600,25224.0,25275.0,25211.0,25264.0,8378.0
2025-09-10 21:00:00,1757509200,25263.0,25312.0,25252.0,25280.0,17233.0
2025-09-10 22:00:00,1757512800,25281.0,25403.0,25280.0,25397.0,18836.0
2025-09-10 23:00:00,1757516400,25397.0,25475.0,25394.0,25434.0,16887.0
2025-09-11 00:00:00,1757520000,25435.0,25442.0,25406.0,25428.0,5553.0
2025-09-11 01:00:00,1757523600,25428.0,25438.0,25401.0,25410.0,3355.0
2025-09-11 02:00:00,1757527200,25409.0,25416.0,25333.0,25371.0,6106.0
2025-09-11 03:00:00,1757530800,25370.0,25372.0,25282.0,25355.0,6217.0
2025-09-11 04:00:00,1757534400,25353.0,25366.0,25332.0,25363.0,2135.0
2025-09-11 08:45:00,1757551500,25394.0,25419.0,25322.0,25357.0,40345.0
2025-09-11 09:45:00,1757555100,25357.0,25437.0,25312.0,25407.0,24508.0
2025-09-11 10:45:00,1757558700,25408.0,25465.0,25397.0,25456.0,12345.0
2025-09-11 11:45:00,1757562300,25456.0,25462.0,25260.0,25280.0,30855.0
2025-09-11 12:45:00,1757565900,25279.0,25300.0,25176.0,25234.0,23105.0
2025-09-11 15:00:00,1757574000,25268.0,25297.0,25256.0,25286.0,6569.0
2025-09-11 16:00:00,1757577600,25286.0,25312.0,25281.0,25299.0,3491.0
2025-09-11 17:00:00,1757581200,25300.0,25327.0,25285.0,25326.0,2942.0
2025-09-11 18:00:00,1757584800,25325.0,25381.0,25322.0,25369.0,5800.0
2025-09-11 19:00:00,1757588400,25369.0,25373.0,25337.0,25357.0,3506.0
2025-09-11 20:00:00,1757592000,25355.0,25389.0,25301.0,25387.0,11335.0
2025-09-11 21:00:00,1757595600,25386.0,25395.0,25336.0,25381.0,12195.0
2025-09-11 22:00:00,1757599200,25382.0,25414.0,25359.0,25406.0,10979.0
2025-09-11 23:00:00,1757602800,25406.0,25446.0,25392.0,25404.0,8042.0
2025-09-12 00:00:00,1757606400,25404.0,25444.0,25383.0,25396.0,6040.0
2025-09-12 01:00:00,1757610000,25395.0,25414.0,25368.0,25394.0,3980.0
2025-09-12 02:00:00,1757613600,25396.0,25402.0,25380.0,25396.0,973.0
2025-09-12 03:00:00,1757617200,25394.0,25416.0,25387.0,25388.0,1099.0
2025-09-12 04:00:00,1757620800,25388.0,25410.0,25382.0,25405.0,1222.0
2025-09-12 08:45:00,1757637900,25417.0,25453.0,25350.0,25402.0,35011.0
2025-09-12 09:45:00,1757641500,25401.0,25461.0,25380.0,25454.0,19430.0
2025-09-12 10:45:00,1757645100,25456.0,25460.0,25403.0,25426.0,10416.0
2025-09-12 11:45:00,1757648700,25425.0,25447.0,25390.0,25428.0,8534.0
2025-09-12 12:45:00,1757652300,25427.0,25465.0,25400.0,25465.0,12863.0
2025-09-12 15:00:00,1757660400,25434.0,25435.0,25357.0,25358.0,8913.0
2025-09-12 16:00:00,1757664000,25358.0,25373.0,25318.0,25362.0,9075.0
2025-09-12 17:00:00,1757667600,25362.0,25392.0,25353.0,25388.0,3663.0
2025-09-12 18:00:00,1757671200,25388.0,25414.0,25381.0,25406.0,3142.0
2025-09-12 19:00:00,1757674800,25407.0,25415.0,25392.0,25408.0,2752.0
2025-09-12 20:00:00,1757678400,25408.0,25416.0,25377.0,25404.0,3478.0
2025-09-12 21:00:00,1757682000,25403.0,25418.0,25365.0,25384.0,7505.0
2025-09-12 22:00:00,1757685600,25383.0,25408.0,25353.0,25408.0,7942.0
2025-09-12 23:00:00,1757689200,25408.0,25410.0,25373.0,25380.0,4006.0
2025-09-13 00:00:00,1757692800,25380.0,25399.0,25372.0,25393.0,2029.0
2025-09-13 01:00:00,1757696400,25395.0,25397.0,25370.0,25386.0,1649.0
2025-09-13 02:00:00,1757700000,25388.0,25438.0,25383.0,25433.0,3186.0
2025-09-13 03:00:00,1757703600,25432.0,25441.0,25375.0,25391.0,2574.0
2025-09-13 04:00:00,1757707200,25389.0,25390.0,25374.0,25383.0,1591.0
2025-09-15 08:45:00,1757897100,25405.0,25450.0,25339.0,25391.0,36735.0
2025-09-15 09:45:00,1757900700,25391.0,25407.0,25270.0,25329.0,29334.0
2025-09-15 10:45:00,1757904300,25329.0,25374.0,25319.0,25353.0,10736.0
2025-09-15 11:45:00,1757907900,25354.0,25408.0,25352.0,25384.0,9360.0
2025-09-15 12:45:00,1757911500,25385.0,25385.0,25328.0,25348.0,9272.0
2025-09-15 15:00:00,1757919600,25367.0,25371.0,25341.0,25367.0,2915.0
2025-09-15 16:00:00,1757923200,25367.0,25371.0,25285.0,25307.0,6473.0
2025-09-15 17:00:00,1757926800,25305.0,25312.0,25286.0,25310.0,2344.0
2025-09-15 18:00:00,1757930400,25311.0,25343.0,25307.0,25333.0,2575.0
2025-09-15 19:00:00,1757934000,25334.0,25352.0,25329.0,25351.0,1702.0
2025-09-15 20:00:00,1757937600,25350.0,25390.0,25349.0,25388.0,5179.0
2025-09-15 21:00:00,1757941200,25388.0,25411.0,25357.0,25411.0,8678.0
2025-09-15 22:00:00,1757944800,25411.0,25448.0,25389.0,25433.0,9935.0
2025-09-15 23:00:00,1757948400,25433.0,25441.0,25404.0,25423.0,4186.0
2025-09-16 00:00:00,1757952000,25422.0,25425.0,25408.0,25416.0,1451.0
2025-09-16 01:00:00,1757955600,25415.0,25430.0,25390.0,25430.0,2003.0
2025-09-16 02:00:00,1757959200,25430.0,25432.0,25398.0,25406.0,816.0
2025-09-16 03:00:00,1757962800,25406.0,25435.0,25404.0,25433.0,709.0
2025-09-16 04:00:00,1757966400,25432.0,25434.0,25420.0,25425.0,952.0
2025-09-16 08:45:00,1757983500,25421.0,25610.0,25414.0,25589.0,43170.0
2025-09-16 09:45:00,1757987100,25589.0,25642.0,25545.0,25633.0,16896.0
2025-09-16 10:45:00,1757990700,25632.0,25652.0,25616.0,25644.0,6159.0
2025-09-16 11:45:00,1757994300,25645.0,25663.0,25607.0,25647.0,9664.0
2025-09-16 12:45:00,1757997900,25648.0,25662.0,25602.0,25628.0,10884.0
2025-09-16 15:00:00,1758006000,25622.0,25636.0,25599.0,25604.0,1532.0
2025-09-16 16:00:00,1758009600,25603.0,25658.0,25603.0,25651.0,1252.0
2025-09-16 17:00:00,1758013200,25650.0,25661.0,25639.0,25644.0,662.0
2025-09-16 18:00:00,1758016800,25644.0,25657.0,25640.0,25651.0,302.0
2025-09-16 19:00:00,1758020400,25650.0,25652.0,25630.0,25640.0,482.0
2025-09-16 20:00:00,1758024000,25639.0,25652.0,25620.0,25645.0,785.0
2025-09-16 21:00:00,1758027600,25642.0,25651.0,25560.0,25572.0,3789.0
2025-09-16 22:00:00,1758031200,25571.0,25603.0,25561.0,25577.0,2714.0
2025-09-16 23:00:00,1758034800,25578.0,25578.0,25528.0,25534.0,2541.0
2025-09-17 00:00:00,1758038400,25536.0,25577.0,25533.0,25572.0,1082.0
2025-09-17 01:00:00,1758042000,25572.0,25611.0,25570.0,25606.0,948.0
2025-09-17 02:00:00,1758045600,25606.0,25620.0,25601.0,25620.0,429.0
2025-09-17 03:00:00,1758049200,25620.0,25629.0,25598.0,25599.0,366.0
2025-09-17 04:00:00,1758052800,25598.0,25604.0,25578.0,25578.0,493.0
2025-09-17 08:45:00,1758069900,25573.0,25598.0,25473.0,25483.0,15327.0
2025-09-17 09:45:00,1758073500,25484.0,25543.0,25476.0,25506.0,8267.0
2025-09-17 10:45:00,1758077100,25507.0,25521.0,25470.0,25501.0,4496.0
2025-09-17 11:45:00,1758080700,25500.0,25549.0,25481.0,25483.0,6652.0
2025-09-17 12:45:00,1758084300,25484.0,25484.0,25443.0,25472.0,11002.0
2025-09-17 15:00:00,1758092400,25472.0,25538.0,25472.0,25527.0,8080.0
2025-09-17 16:00:00,1758096000,25528.0,25531.0,25428.0,25481.0,10026.0
2025-09-17 17:00:00,1758099600,25482.0,25507.0,25482.0,25489.0,3924.0
2025-09-17 18:00:00,1758103200,25489.0,25497.0,25466.0,25477.0,2689.0
2025-09-17 19:00:00,1758106800,25478.0,25499.0,25472.0,25488.0,2659.0
2025-09-17 20:00:00,1758110400,25486.0,25530.0,25485.0,25527.0,3918.0
2025-09-17 21:00:00,1758114000,25527.0,25554.0,25500.0,25539.0,13503.0
2025-09-17 22:00:00,1758117600,25539.0,25573.0,25523.0,25535.0,9623.0
2025-09-17 23:00:00,1758121200,25535.0,25548.0,25525.0,25538.0,3261.0
2025-09-18 00:00:00,1758124800,25539.0,25552.0,25512.0,25524.0,3425.0
2025-09-18 01:00:00,1758128400,25523.0,25567.0,25523.0,25567.0,2611.0
2025-09-18 02:00:00,1758132000,25567.0,25636.0,25350.0,25463.0,40863.0
2025-09-18 03:00:00,1758135600,25461.0,25588.0,25450.0,25536.0,16254.0
2025-09-18 04:00:00,1758139200,25537.0,25568.0,25535.0,25556.0,1947.0
2025-09-18 08:45:00,1758156300,25615.0,25646.0,25501.0,25506.0,37951.0
2025-09-18 09:45:00,1758159900,25506.0,25602.0,25490.0,25579.0,22553.0
2025-09-18 10:45:00,1758163500,25579.0,25709.0,25578.0,25701.0,26864.0
2025-09-18 11:45:00,1758167100,25698.0,25745.0,25693.0,25725.0,11749.0
2025-09-18 12:45:00,1758170700,25727.0,25734.0,25703.0,25711.0,11079.0
2025-09-18 15:00:00,1758178800,25709.0,25779.0,25698.0,25773.0,8658.0
2025-09-18 16:00:00,1758182400,25772.0,25821.0,25764.0,25812.0,7285.0
2025-09-18 17:00:00,1758186000,25810.0,25870.0,25798.0,25868.0,6614.0
2025-09-18 18:00:00,1758189600,25869.0,25888.0,25846.0,25860.0,6004.0
2025-09-18 19:00:00,1758193200,25860.0,25874.0,25670.0,25684.0,31009.0
2025-09-18 20:00:00,1758196800,25686.0,25714.0,25626.0,25627.0,14473.0
2025-09-18 21:00:00,1758200400,25626.0,25701.0,25594.0,25697.0,26615.0
2025-09-18 22:00:00,1758204000,25697.0,25826.0,25691.0,25781.0,24973.0
2025-09-18 23:00:00,1758207600,25782.0,25857.0,25782.0,25796.0,13708.0
2025-09-19 00:00:00,1758211200,25798.0,25845.0,25792.0,25837.0,4720.0
2025-09-19 01:00:00,1758214800,25836.0,25862.0,25811.0,25819.0,4470.0
2025-09-19 02:00:00,1758218400,25819.0,25844.0,25809.0,25837.0,1314.0
2025-09-19 03:00:00,1758222000,25837.0,25841.0,25812.0,25829.0,1231.0
2025-09-19 04:00:00,1758225600,25826.0,25842.0,25815.0,25842.0,1544.0
2025-09-19 08:45:00,1758242700,25842.0,25855.0,25682.0,25707.0,42783.0
2025-09-19 09:45:00,1758246300,25707.0,25774.0,25635.0,25747.0,29973.0
2025-09-19 10:45:00,1758249900,25747.0,25767.0,25695.0,25717.0,10948.0
2025-09-19 11:45:00,1758253500,25717.0,25733.0,25674.0,25701.0,11603.0
2025-09-19 12:45:00,1758257100,25701.0,25750.0,25666.0,25670.0,15921.0
2025-09-19 15:00:00,1758265200,25669.0,25722.0,25640.0,25710.0,7963.0
2025-09-19 16:00:00,1758268800,25710.0,25733.0,25702.0,25718.0,3527.0
2025-09-19 17:00:00,1758272400,25717.0,25737.0,25704.0,25719.0,3463.0
2025-09-19 18:00:00,1758276000,25718.0,25732.0,25713.0,25726.0,1564.0
2025-09-19 19:00:00,1758279600,25725.0,25745.0,25725.0,25732.0,2491.0
2025-09-19 20:00:00,1758283200,25731.0,25743.0,25710.0,25718.0,2700.0
2025-09-19 21:00:00,1758286800,25718.0,25758.0,25695.0,25724.0,13195.0
2025-09-19 22:00:00,1758290400,25722.0,25742.0,25703.0,25711.0,8283.0
2025-09-19 23:00:00,1758294000,25712.0,25723.0,25657.0,25717.0,11840.0
2025-09-20 00:00:00,1758297600,25719.0,25738.0,25717.0,25730.0,3971.0
2025-09-20 01:00:00,1758301200,25729.0,25755.0,25720.0,25744.0,2372.0
2025-09-20 02:00:00,1758304800,25742.0,25748.0,25712.0,25736.0,1664.0
2025-09-20 03:00:00,1758308400,25736.0,25753.0,25724.0,25726.0,1830.0
2025-09-20 04:00:00,1758312000,25727.0,25750.0,25723.0,25737.0,1241.0
2025-09-22 08:45:00,1758501900,25757.0,25799.0,25689.0,25727.0,35708.0
2025-09-22 09:45:00,1758505500,25724.0,25847.0,25717.0,25833.0,25276.0
2025-09-22 10:45:00,1758509100,25830.0,25930.0,25822.0,25926.0,25251.0
2025-09-22 11:45:00,1758512700,25927.0,25940.0,25891.0,25898.0,8850.0
2025-09-22 12:45:00,1758516300,25899.0,25910.0,25882.0,25890.0,8818.0
2025-09-22 13:45:00,1758519900,25890.0,25890.0,25890.0,25890.0,1.0
2025-09-22 15:00:00,1758524400,25873.0,25876.0,25804.0,25824.0,10020.0
2025-09-22 16:00:00,1758528000,25823.0,25856.0,25818.0,25823.0,4012.0
2025-09-22 17:00:00,1758531600,25822.0,25828.0,25807.0,25824.0,3206.0
2025-09-22 18:00:00,1758535200,25823.0,25845.0,25820.0,25826.0,2330.0
2025-09-22 19:00:00,1758538800,25825.0,25840.0,25822.0,25837.0,1583.0
2025-09-22 20:00:00,1758542400,25836.0,25838.0,25807.0,25831.0,2612.0
2025-09-22 21:00:00,1758546000,25831.0,25850.0,25792.0,25849.0,10947.0
2025-09-22 22:00:00,1758549600,25847.0,25900.0,25833.0,25894.0,12551.0
2025-09-22 23:00:00,1758553200,25893.0,25925.0,25885.0,25909.0,8019.0
2025-09-23 00:00:00,1758556800,25908.0,26050.0,25905.0,26046.0,14817.0
2025-09-23 01:00:00,1758560400,26046.0,26081.0,26042.0,26068.0,5805.0
2025-09-23 02:00:00,1758564000,26070.0,26107.0,26065.0,26085.0,3107.0
2025-09-23 03:00:00,1758567600,26083.0,26092.0,26052.0,26053.0,2127.0
2025-09-23 04:00:00,1758571200,26053.0,26072.0,26040.0,26061.0,2198.0
2025-09-23 08:45:00,1758588300,26058.0,26132.0,26022.0,26115.0,44262.0
2025-09-23 09:45:00,1758591900,26114.0,26233.0,26108.0,26227.0,28159.0
2025-09-23 10:45:00,1758595500,26225.0,26326.0,26199.0,26284.0,20781.0
2025-09-23 11:45:00,1758599100,26284.0,26289.0,26171.0,26228.0,22384.0
2025-09-23 12:45:00,1758602700,26229.0,26272.0,26208.0,26270.0,14000.0
2025-09-23 15:00:00,1758610800,26263.0,26325.0,26245.0,26316.0,8139.0
2025-09-23 16:00:00,1758614400,26315.0,26363.0,26313.0,26337.0,7252.0
2025-09-23 17:00:00,1758618000,26336.0,26463.0,26326.0,26460.0,9408.0
2025-09-23 18:00:00,1758621600,26459.0,26532.0,26433.0,26474.0,19964.0
2025-09-23 19:00:00,1758625200,26474.0,26495.0,26450.0,26487.0,4984.0
2025-09-23 20:00:00,1758628800,26489.0,26520.0,26465.0,26516.0,4807.0
2025-09-23 21:00:00,1758632400,26516.0,26544.0,26450.0,26516.0,17491.0
2025-09-23 22:00:00,1758636000,26515.0,26543.0,26470.0,26480.0,13786.0
2025-09-23 23:00:00,1758639600,26480.0,26498.0,26426.0,26434.0,9888.0
2025-09-24 00:00:00,1758643200,26435.0,26465.0,26396.0,26426.0,10178.0
2025-09-24 01:00:00,1758646800,26426.0,26427.0,26317.0,26356.0,10409.0
2025-09-24 02:00:00,1758650400,26356.0,26391.0,26339.0,26362.0,3821.0
2025-09-24 03:00:00,1758654000,26362.0,26410.0,26361.0,26396.0,2064.0
2025-09-24 04:00:00,1758657600,26398.0,26420.0,26386.0,26415.0,1668.0
2025-09-24 08:45:00,1758674700,26380.0,26391.0,26151.0,26185.0,53171.0
2025-09-24 09:45:00,1758678300,26186.0,26247.0,26072.0,26227.0,39957.0
2025-09-24 10:45:00,1758681900,26228.0,26259.0,26173.0,26180.0,16592.0
2025-09-24 11:45:00,1758685500,26180.0,26199.0,26124.0,26159.0,13160.0
2025-09-24 12:45:00,1758689100,26160.0,26246.0,26149.0,26238.0,14634.0
2025-09-24 15:00:00,1758697200,26232.0,26277.0,26174.0,26277.0,10007.0
2025-09-24 16:00:00,1758700800,26277.0,26296.0,26240.0,26256.0,7189.0
2025-09-24 17:00:00,1758704400,26256.0,26272.0,26246.0,26262.0,2834.0
2025-09-24 18:00:00,1758708000,26262.0,26267.0,26185.0,26224.0,6035.0
2025-09-24 19:00:00,1758711600,26224.0,26240.0,26206.0,26228.0,3586.0
2025-09-24 20:00:00,1758715200,26228.0,26249.0,26222.0,26236.0,3251.0
2025-09-24 21:00:00,1758718800,26236.0,26256.0,26164.0,26215.0,13566.0
2025-09-24 22:00:00,1758722400,26214.0,26257.0,26196.0,26212.0,12908.0
2025-09-24 23:00:00,1758726000,26212.0,26237.0,26128.0,26135.0,10368.0
2025-09-25 00:00:00,1758729600,26135.0,26167.0,26108.0,26145.0,9827.0
2025-09-25 01:00:00,1758733200,26146.0,26192.0,26142.0,26171.0,4900.0
2025-09-25 02:00:00,1758736800,26170.0,26192.0,26153.0,26190.0,2067.0
2025-09-25 03:00:00,1758740400,26191.0,26197.0,26166.0,26183.0,1644.0
2025-09-25 04:00:00,1758744000,26184.0,26218.0,26182.0,26199.0,1642.0
2025-09-25 08:45:00,1758761100,26192.0,26247.0,26114.0,26226.0,36337.0
2025-09-25 09:45:00,1758764700,26227.0,26282.0,26138.0,26169.0,30517.0
2025-09-25 10:45:00,1758768300,26169.0,26178.0,26088.0,26164.0,19724.0
2025-09-25 11:45:00,1758771900,26164.0,26188.0,26138.0,26155.0,8118.0
2025-09-25 12:45:00,1758775500,26156.0,26159.0,26090.0,26099.0,13907.0
2025-09-25 13:45:00,1758779100,26097.0,26097.0,26097.0,26097.0,1.0
2025-09-25 15:00:00,1758783600,26070.0,26079.0,26007.0,26070.0,13544.0
2025-09-25 16:00:00,1758787200,26069.0,26095.0,26041.0,26047.0,5974.0
2025-09-25 17:00:00,1758790800,26048.0,26048.0,25992.0,26014.0,7601.0
2025-09-25 18:00:00,1758794400,26014.0,26025.0,25986.0,26019.0,6403.0
2025-09-25 19:00:00,1758798000,26020.0,26022.0,25957.0,25962.0,7570.0
2025-09-25 20:00:00,1758801600,25962.0,25984.0,25910.0,25928.0,8884.0
2025-09-25 21:00:00,1758805200,25927.0,25933.0,25845.0,25893.0,22846.0
2025-09-25 22:00:00,1758808800,25894.0,26007.0,25894.0,25991.0,23369.0
2025-09-25 23:00:00,1758812400,25990.0,26057.0,25954.0,26054.0,14299.0
2025-09-26 00:00:00,1758816000,26054.0,26065.0,25980.0,26005.0,8012.0
2025-09-26 01:00:00,1758819600,26004.0,26024.0,25926.0,25928.0,6645.0
2025-09-26 02:00:00,1758823200,25929.0,26035.0,25890.0,26020.0,7847.0
2025-09-26 03:00:00,1758826800,26021.0,26038.0,26001.0,26027.0,2173.0
2025-09-26 04:00:00,1758830400,26027.0,26052.0,26009.0,26020.0,1855.0
2025-09-26 08:45:00,1758847500,25954.0,25990.0,25584.0,25649.0,81807.0
2025-09-26 09:45:00,1758851100,25648.0,25695.0,25500.0,25662.0,47693.0
2025-09-26 10:45:00,1758854700,25662.0,25665.0,25571.0,25600.0,16157.0
2025-09-26 11:45:00,1758858300,25599.0,25628.0,25546.0,25591.0,12353.0
2025-09-26 12:45:00,1758861900,25591.0,25682.0,25565.0,25664.0,18749.0
2025-09-26 13:45:00,1758865500,25666.0,25666.0,25666.0,25666.0,2.0
2025-09-26 15:00:00,1758870000,25652.0,25710.0,25636.0,25668.0,9611.0
2025-09-26 16:00:00,1758873600,25669.0,25679.0,25585.0,25587.0,7127.0
2025-09-26 17:00:00,1758877200,25588.0,25625.0,25566.0,25623.0,6919.0
2025-09-26 18:00:00,1758880800,25623.0,25638.0,25573.0,25601.0,3850.0
2025-09-26 19:00:00,1758884400,25601.0,25665.0,25595.0,25656.0,5025.0
2025-09-26 20:00:00,1758888000,25657.0,25747.0,25636.0,25700.0,12018.0
2025-09-26 21:00:00,1758891600,25700.0,25738.0,25660.0,25720.0,13781.0
2025-09-26 22:00:00,1758895200,25721.0,25744.0,25590.0,25657.0,21522.0
2025-09-26 23:00:00,1758898800,25656.0,25697.0,25637.0,25672.0,6909.0
2025-09-27 00:00:00,1758902400,25670.0,25755.0,25666.0,25751.0,7805.0
2025-09-27 01:00:00,1758906000,25750.0,25760.0,25721.0,25742.0,4464.0
2025-09-27 02:00:00,1758909600,25742.0,25767.0,25725.0,25754.0,2695.0
2025-09-27 03:00:00,1758913200,25753.0,25790.0,25742.0,25784.0,2162.0
2025-09-27 04:00:00,1758916800,25783.0,25787.0,25735.0,25739.0,2167.0
2025-09-30 08:45:00,1759193100,25792.0,26046.0,25792.0,26012.0,50404.0
2025-09-30 09:45:00,1759196700,26013.0,26032.0,25873.0,25970.0,27943.0
2025-09-30 10:45:00,1759200300,25969.0,25980.0,25926.0,25960.0,9446.0
2025-09-30 11:45:00,1759203900,25959.0,25997.0,25922.0,25984.0,8731.0
2025-09-30 12:45:00,1759207500,25984.0,25997.0,25932.0,25950.0,11327.0
2025-09-30 13:45:00,1759211100,25953.0,25953.0,25953.0,25953.0,1.0
2025-09-30 15:00:00,1759215600,25948.0,25978.0,25913.0,25950.0,5964.0
2025-09-30 16:00:00,1759219200,25950.0,25965.0,25920.0,25955.0,3799.0
2025-09-30 17:00:00,1759222800,25954.0,25987.0,25953.0,25965.0,2514.0
2025-09-30 18:00:00,1759226400,25963.0,25993.0,25958.0,25985.0,1693.0
2025-09-30 19:00:00,1759230000,25984.0,26005.0,25973.0,25994.0,2564.0
2025-09-30 20:00:00,1759233600,25993.0,26018.0,25976.0,26008.0,2981.0
2025-09-30 21:00:00,1759237200,26007.0,26104.0,25981.0,26071.0,16478.0
2025-09-30 22:00:00,1759240800,26074.0,26125.0,26035.0,26112.0,13998.0
2025-09-30 23:00:00,1759244400,26112.0,26122.0,26039.0,26074.0,9173.0
2025-10-01 00:00:00,1759248000,26076.0,26102.0,26056.0,26078.0,3621.0
2025-10-01 01:00:00,1759251600,26077.0,26083.0,26052.0,26069.0,2047.0
2025-10-01 02:00:00,1759255200,26070.0,26136.0,26067.0,26132.0,2772.0
2025-10-01 03:00:00,1759258800,26131.0,26162.0,26121.0,26139.0,2547.0
2025-10-01 04:00:00,1759262400,26140.0,26144.0,26100.0,26128.0,2279.0
2025-10-01 08:45:00,1759279500,26098.0,26375.0,26061.0,26348.0,53984.0
2025-10-01 09:45:00,1759283100,26348.0,26365.0,26170.0,26179.0,32804.0
2025-10-01 10:45:00,1759286700,26182.0,26182.0,26000.0,26102.0,39238.0
2025-10-01 11:45:00,1759290300,26102.0,26130.0,26043.0,26090.0,11787.0
2025-10-01 12:45:00,1759293900,26088.0,26088.0,26033.0,26046.0,12058.0
2025-10-01 15:00:00,1759302000,25980.0,25987.0,25918.0,25973.0,12777.0
2025-10-01 16:00:00,1759305600,25973.0,26032.0,25958.0,26025.0,6117.0
2025-10-01 17:00:00,1759309200,26024.0,26119.0,26012.0,26114.0,7840.0
2025-10-01 18:00:00,1759312800,26113.0,26122.0,26066.0,26083.0,5867.0
2025-10-01 19:00:00,1759316400,26085.0,26148.0,26082.0,26143.0,5481.0
2025-10-01 20:00:00,1759320000,26141.0,26144.0,26100.0,26121.0,5548.0
2025-10-01 21:00:00,1759323600,26122.0,26227.0,26109.0,26190.0,17592.0
2025-10-01 22:00:00,1759327200,26190.0,26300.0,26180.0,26270.0,18510.0
2025-10-01 23:00:00,1759330800,26270.0,26348.0,26264.0,26326.0,11618.0
2025-10-02 00:00:00,1759334400,26326.0,26386.0,26322.0,26385.0,9025.0
2025-10-02 01:00:00,1759338000,26386.0,26447.0,26375.0,26375.0,8410.0
2025-10-02 02:00:00,1759341600,26375.0,26434.0,26343.0,26426.0,6484.0
2025-10-02 03:00:00,1759345200,26426.0,26443.0,26406.0,26407.0,1763.0
2025-10-02 04:00:00,1759348800,26407.0,26425.0,26395.0,26425.0,2081.0
2025-10-02 08:45:00,1759365900,26456.0,26527.0,26379.0,26451.0,48694.0
2025-10-02 09:45:00,1759369500,26450.0,26510.0,26436.0,26495.0,20988.0
2025-10-02 10:45:00,1759373100,26494.0,26520.0,26406.0,26462.0,16302.0
2025-10-02 11:45:00,1759376700,26461.0,26495.0,26454.0,26478.0,6527.0
2025-10-02 12:45:00,1759380300,26479.0,26485.0,26408.0,26427.0,13187.0
2025-10-02 15:00:00,1759388400,26431.0,26489.0,26409.0,26461.0,6652.0
2025-10-02 16:00:00,1759392000,26461.0,26539.0,26451.0,26534.0,6351.0
2025-10-02 17:00:00,1759395600,26533.0,26538.0,26446.0,26493.0,8470.0
2025-10-02 18:00:00,1759399200,26491.0,26524.0,26482.0,26521.0,4051.0
2025-10-02 19:00:00,1759402800,26522.0,26582.0,26510.0,26573.0,6412.0
2025-10-02 20:00:00,1759406400,26572.0,26584.0,26557.0,26573.0,4574.0
2025-10-02 21:00:00,1759410000,26574.0,26607.0,26428.0,26486.0,25591.0
2025-10-02 22:00:00,1759413600,26486.0,26530.0,26373.0,26386.0,23546.0
2025-10-02 23:00:00,1759417200,26385.0,26464.0,26365.0,26457.0,18605.0
2025-10-03 00:00:00,1759420800,26456.0,26463.0,26421.0,26442.0,4648.0
2025-10-03 01:00:00,1759424400,26441.0,26441.0,26405.0,26422.0,2828.0
2025-10-03 02:00:00,1759428000,26422.0,26453.0,26420.0,26444.0,1663.0
2025-10-03 03:00:00,1759431600,26443.0,26466.0,26422.0,26427.0,1244.0
2025-10-03 04:00:00,1759435200,26428.0,26431.0,26403.0,26420.0,1575.0
2025-10-03 08:45:00,1759452300,26490.0,26544.0,26388.0,26525.0,43775.0
2025-10-03 09:45:00,1759455900,26525.0,26727.0,26523.0,26682.0,40702.0
2025-10-03 10:45:00,1759459500,26681.0,26711.0,26624.0,26674.0,17587.0
2025-10-03 11:45:00,1759463100,26674.0,26725.0,26672.0,26715.0,9361.0
2025-10-03 12:45:00,1759466700,26715.0,26764.0,26693.0,26739.0,17598.0
2025-10-03 15:00:00,1759474800,26777.0,26835.0,26756.0,26812.0,10005.0
2025-10-03 16:00:00,1759478400,26811.0,26846.0,26770.0,26803.0,8081.0
2025-10-03 17:00:00,1759482000,26802.0,26810.0,26751.0,26793.0,4984.0
2025-10-03 18:00:00,1759485600,26793.0,26825.0,26788.0,26810.0,3460.0
2025-10-03 19:00:00,1759489200,26810.0,26818.0,26753.0,26769.0,5297.0
2025-10-03 20:00:00,1759492800,26767.0,26774.0,26716.0,26733.0,6418.0
2025-10-03 21:00:00,1759496400,26733.0,26813.0,26701.0,26743.0,15672.0
2025-10-03 22:00:00,1759500000,26743.0,26820.0,26707.0,26805.0,13597.0
2025-10-03 23:00:00,1759503600,26805.0,26806.0,26763.0,26782.0,6455.0
2025-10-04 00:00:00,1759507200,26781.0,26794.0,26747.0,26769.0,3386.0
2025-10-04 01:00:00,1759510800,26767.0,26768.0,26637.0,26669.0,11290.0
2025-10-04 02:00:00,1759514400,26671.0,26730.0,26632.0,26703.0,6594.0
2025-10-04 03:00:00,1759518000,26704.0,26724.0,26696.0,26699.0,1860.0
2025-10-04 04:00:00,1759521600,26697.0,26706.0,26656.0,26677.0,2485.0
2025-10-07 08:45:00,1759797900,27217.0,27220.0,26998.0,27167.0,57919.0
2025-10-07 09:45:00,1759801500,27168.0,27300.0,27168.0,27248.0,28454.0
2025-10-07 10:45:00,1759805100,27251.0,27356.0,27247.0,27320.0,14791.0
2025-10-07 11:45:00,1759808700,27321.0,27355.0,27292.0,27305.0,8098.0
2025-10-07 12:45:00,1759812300,27306.0,27321.0,27277.0,27319.0,11501.0
2025-10-07 15:00:00,1759820400,27296.0,27314.0,27255.0,27301.0,6657.0
2025-10-07 16:00:00,1759824000,27301.0,27333.0,27263.0,27332.0,4619.0
2025-10-07 17:00:00,1759827600,27331.0,27334.0,27272.0,27315.0,3500.0
2025-10-07 18:00:00,1759831200,27314.0,27322.0,27301.0,27312.0,1529.0
2025-10-07 19:00:00,1759834800,27313.0,27375.0,27308.0,27374.0,4149.0
2025-10-07 20:00:00,1759838400,27373.0,27394.0,27362.0,27392.0,4762.0
2025-10-07 21:00:00,1759842000,27393.0,27397.0,27276.0,27292.0,15660.0
2025-10-07 22:00:00,1759845600,27292.0,27305.0,27213.0,27231.0,17013.0
2025-10-07 23:00:00,1759849200,27233.0,27244.0,27040.0,27077.0,30239.0
2025-10-08 00:00:00,1759852800,27078.0,27140.0,27048.0,27081.0,12553.0
2025-10-08 01:00:00,1759856400,27079.0,27110.0,27021.0,27023.0,5233.0
2025-10-08 02:00:00,1759860000,27024.0,27068.0,27007.0,27052.0,3689.0
2025-10-08 03:00:00,1759863600,27052.0,27061.0,27013.0,27040.0,1914.0
2025-10-08 04:00:00,1759867200,27040.0,27050.0,27036.0,27040.0,1429.0
2025-10-08 08:45:00,1759884300,27059.0,27078.0,26909.0,26964.0,48421.0
2025-10-08 09:45:00,1759887900,26965.0,27059.0,26937.0,27002.0,25826.0
2025-10-08 10:45:00,1759891500,27001.0,27075.0,26988.0,27061.0,10825.0
2025-10-08 11:45:00,1759895100,27060.0,27115.0,27056.0,27108.0,13055.0
2025-10-08 12:45:00,1759898700,27108.0,27126.0,27082.0,27092.0,9751.0
2025-10-08 15:00:00,1759906800,27040.0,27097.0,27014.0,27089.0,7935.0
2025-10-08 16:00:00,1759910400,27089.0,27150.0,27077.0,27091.0,6845.0
2025-10-08 17:00:00,1759914000,27090.0,27110.0,27050.0,27067.0,5039.0
2025-10-08 18:00:00,1759917600,27067.0,27099.0,27065.0,27077.0,2859.0
2025-10-08 19:00:00,1759921200,27075.0,27079.0,27000.0,27047.0,7504.0
2025-10-08 20:00:00,1759924800,27048.0,27066.0,27015.0,27053.0,4853.0
2025-10-08 21:00:00,1759928400,27053.0,27247.0,27043.0,27241.0,23057.0
2025-10-08 22:00:00,1759932000,27240.0,27296.0,27231.0,27281.0,17230.0
2025-10-08 23:00:00,1759935600,27282.0,27356.0,27263.0,27348.0,10534.0
2025-10-09 00:00:00,1759939200,27348.0,27375.0,27334.0,27355.0,5615.0
2025-10-09 01:00:00,1759942800,27355.0,27369.0,27322.0,27344.0,2877.0
2025-10-09 02:00:00,1759946400,27344.0,27359.0,27334.0,27347.0,1270.0
2025-10-09 03:00:00,1759950000,27347.0,27424.0,27346.0,27416.0,3386.0
2025-10-09 04:00:00,1759953600,27415.0,27440.0,27401.0,27411.0,2745.0
2025-10-09 08:45:00,1759970700,27449.0,27456.0,27277.0,27389.0,51321.0
2025-10-09 09:45:00,1759974300,27388.0,27429.0,27324.0,27352.0,24260.0
2025-10-09 10:45:00,1759977900,27353.0,27400.0,27341.0,27361.0,8836.0
2025-10-09 11:45:00,1759981500,27361.0,27365.0,27281.0,27312.0,15953.0
2025-10-09 12:45:00,1759985100,27313.0,27356.0,27275.0,27333.0,15497.0
2025-10-09 15:00:00,1759993200,27352.0,27396.0,27318.0,27328.0,8593.0
2025-10-09 16:00:00,1759996800,27327.0,27331.0,27284.0,27314.0,5880.0
2025-10-09 17:00:00,1760000400,27315.0,27350.0,27300.0,27303.0,3658.0
2025-10-09 18:00:00,1760004000,27304.0,27330.0,27299.0,27318.0,1976.0
2025-10-09 19:00:00,1760007600,27318.0,27347.0,27313.0,27325.0,2232.0
2025-10-09 20:00:00,1760011200,27327.0,27375.0,27311.0,27368.0,4371.0
2025-10-09 21:00:00,1760014800,27367.0,27368.0,27185.0,27203.0,24272.0
2025-10-09 22:00:00,1760018400,27201.0,27225.0,27125.0,27175.0,19776.0
2025-10-09 23:00:00,1760022000,27180.0,27206.0,27151.0,27193.0,9279.0
2025-10-10 00:00:00,1760025600,27192.0,27198.0,27088.0,27089.0,9871.0
2025-10-10 01:00:00,1760029200,27090.0,27128.0,27058.0,27115.0,8348.0
2025-10-10 02:00:00,1760032800,27115.0,27121.0,27084.0,27110.0,2492.0
2025-10-10 03:00:00,1760036400,27111.0,27140.0,27110.0,27134.0,2268.0
2025-10-10 04:00:00,1760040000,27133.0,27134.0,27106.0,27106.0,2041.0
2025-10-13 08:45:00,1760316300,26424.0,26857.0,26380.0,26792.0,74171.0
2025-10-13 09:45:00,1760319900,26791.0,26877.0,26754.0,26784.0,23857.0
2025-10-13 10:45:00,1760323500,26786.0,26857.0,26746.0,26833.0,14342.0
2025-10-13 11:45:00,1760327100,26833.0,26840.0,26780.0,26825.0,7464.0
2025-10-13 12:45:00,1760330700,26827.0,26943.0,26827.0,26903.0,16555.0
2025-10-13 13:45:00,1760334300,26902.0,26902.0,26901.0,26901.0,2.0
2025-10-13 15:00:00,1760338800,26922.0,26997.0,26909.0,26985.0,7773.0
2025-10-13 16:00:00,1760342400,26985.0,27004.0,26931.0,26972.0,5602.0
2025-10-13 17:00:00,1760346000,26970.0,27020.0,26967.0,27005.0,4297.0
2025-10-13 18:00:00,1760349600,27005.0,27027.0,26985.0,26997.0,4032.0
2025-10-13 19:00:00,1760353200,26996.0,27017.0,26888.0,26937.0,10857.0
2025-10-13 20:00:00,1760356800,26937.0,26978.0,26914.0,26953.0,4256.0
2025-10-13 21:00:00,1760360400,26953.0,27107.0,26929.0,27090.0,25155.0
2025-10-13 22:00:00,1760364000,27090.0,27150.0,27055.0,27102.0,20110.0
2025-10-13 23:00:00,1760367600,27103.0,27195.0,27093.0,27190.0,9333.0
2025-10-14 00:00:00,1760371200,27191.0,27278.0,27181.0,27269.0,9375.0
2025-10-14 01:00:00,1760374800,27271.0,27282.0,27203.0,27235.0,5237.0
2025-10-14 02:00:00,1760378400,27234.0,27260.0,27208.0,27222.0,2105.0
2025-10-14 03:00:00,1760382000,27222.0,27270.0,27217.0,27237.0,1568.0
2025-10-14 04:00:00,1760385600,27236.0,27256.0,27226.0,27254.0,1645.0
2025-10-14 08:45:00,1760402700,27282.0,27450.0,27259.0,27394.0,52260.0
2025-10-14 09:45:00,1760406300,27394.0,27422.0,27192.0,27243.0,32059.0
2025-10-14 10:45:00,1760409900,27243.0,27247.0,27115.0,27140.0,26595.0
2025-10-14 11:45:00,1760413500,27141.0,27170.0,26800.0,26844.0,39938.0
2025-10-14 12:45:00,1760417100,26845.0,26897.0,26714.0,26717.0,28275.0
2025-10-14 15:00:00,1760425200,26770.0,26825.0,26692.0,26780.0,5323.0
2025-10-14 16:00:00,1760428800,26778.0,26802.0,26722.0,26790.0,2634.0
2025-10-14 17:00:00,1760432400,26791.0,26815.0,26735.0,26735.0,1380.0
2025-10-14 18:00:00,1760436000,26735.0,26742.0,26556.0,26625.0,5711.0
2025-10-14 19:00:00,1760439600,26626.0,26667.0,26602.0,26638.0,3132.0
2025-10-14 20:00:00,1760443200,26639.0,26654.0,26572.0,26614.0,2654.0
2025-10-14 21:00:00,1760446800,26614.0,26688.0,26547.0,26674.0,7864.0
2025-10-14 22:00:00,1760450400,26671.0,26898.0,26654.0,26870.0,10997.0
2025-10-14 23:00:00,1760454000,26869.0,26962.0,26848.0,26936.0,6132.0
2025-10-15 00:00:00,1760457600,26938.0,27054.0,26900.0,26988.0,4988.0
2025-10-15 01:00:00,1760461200,26988.0,27040.0,26952.0,26996.0,1902.0
2025-10-15 02:00:00,1760464800,27000.0,27031.0,26996.0,27012.0,498.0
2025-10-15 03:00:00,1760468400,27015.0,27036.0,26811.0,26858.0,2615.0
2025-10-15 04:00:00,1760472000,26857.0,26864.0,26786.0,26828.0,1461.0
2025-10-15 08:45:00,1760489100,26880.0,27016.0,26821.0,27012.0,19860.0
2025-10-15 09:45:00,1760492700,27012.0,27154.0,26989.0,27140.0,16126.0
2025-10-15 10:45:00,1760496300,27141.0,27233.0,27118.0,27173.0,9503.0
2025-10-15 11:45:00,1760499900,27171.0,27202.0,27125.0,27194.0,7160.0
2025-10-15 12:45:00,1760503500,27191.0,27299.0,27180.0,27287.0,14120.0
2025-10-15 15:00:00,1760511600,27319.0,27420.0,27317.0,27393.0,15119.0
2025-10-15 16:00:00,1760515200,27392.0,27496.0,27390.0,27466.0,12448.0
2025-10-15 17:00:00,1760518800,27465.0,27530.0,27440.0,27527.0,9020.0
2025-10-15 18:00:00,1760522400,27525.0,27545.0,27502.0,27538.0,5122.0
2025-10-15 19:00:00,1760526000,27538.0,27539.0,27462.0,27469.0,9132.0
2025-10-15 20:00:00,1760529600,27470.0,27523.0,27465.0,27513.0,6100.0
2025-10-15 21:00:00,1760533200,27513.0,27514.0,27362.0,27451.0,27170.0
2025-10-15 22:00:00,1760536800,27452.0,27565.0,27452.0,27547.0,22490.0
2025-10-15 23:00:00,1760540400,27546.0,27564.0,27319.0,27383.0,26817.0
2025-10-16 00:00:00,1760544000,27383.0,27464.0,27365.0,27372.0,15917.0
2025-10-16 01:00:00,1760547600,27375.0,27424.0,27230.0,27414.0,22169.0
2025-10-16 02:00:00,1760551200,27413.0,27486.0,27382.0,27477.0,6132.0
2025-10-16 03:00:00,1760554800,27477.0,27484.0,27413.0,27430.0,3173.0
2025-10-16 04:00:00,1760558400,27432.0,27485.0,27431.0,27479.0,2094.0
2025-10-16 08:45:00,1760575500,27535.0,27667.0,27457.0,27646.0,50157.0
2025-10-16 09:45:00,1760579100,27646.0,27733.0,27449.0,27548.0,50196.0
2025-10-16 10:45:00,1760582700,27547.0,27635.0,27533.0,27626.0,19931.0
2025-10-16 11:45:00,1760586300,27626.0,27756.0,27613.0,27729.0,19971.0
2025-10-16 12:45:00,1760589900,27727.0,27878.0,27715.0,27824.0,25002.0
2025-10-16 15:00:00,1760598000,27789.0,27814.0,27612.0,27790.0,33660.0
2025-10-16 16:00:00,1760601600,27790.0,27805.0,27705.0,27770.0,13530.0
2025-10-16 17:00:00,1760605200,27770.0,27780.0,27645.0,27726.0,11094.0
2025-10-16 18:00:00,1760608800,27726.0,27734.0,27688.0,27722.0,5032.0
2025-10-16 19:00:00,1760612400,27720.0,27765.0,27712.0,27743.0,5176.0
2025-10-16 20:00:00,1760616000,27744.0,27793.0,27703.0,27752.0,8245.0
2025-10-16 21:00:00,1760619600,27753.0,27778.0,27603.0,27638.0,33826.0
2025-10-16 22:00:00,1760623200,27638.0,27743.0,27613.0,27689.0,26027.0
2025-10-16 23:00:00,1760626800,27691.0,27752.0,27585.0,27613.0,21447.0
2025-10-17 00:00:00,1760630400,27615.0,27640.0,27490.0,27621.0,27225.0
2025-10-17 01:00:00,1760634000,27621.0,27649.0,27538.0,27568.0,12141.0
2025-10-17 02:00:00,1760637600,27570.0,27576.0,27453.0,27528.0,11241.0
2025-10-17 03:00:00,1760641200,27528.0,27551.0,27445.0,27518.0,5578.0
2025-10-17 04:00:00,1760644800,27518.0,27530.0,27477.0,27494.0,2117.0
2025-10-17 08:45:00,1760661900,27324.0,27545.0,27241.0,27512.0,52663.0
2025-10-17 09:45:00,1760665500,27511.0,27517.0,27380.0,27488.0,30102.0
2025-10-17 10:45:00,1760669100,27488.0,27529.0,27417.0,27467.0,17982.0
2025-10-17 11:45:00,1760672700,27467.0,27484.0,27426.0,27438.0,8217.0
2025-10-17 12:45:00,1760676300,27437.0,27442.0,27321.0,27325.0,17243.0
2025-10-17 15:00:00,1760684400,27260.0,27261.0,27090.0,27104.0,26058.0
2025-10-17 16:00:00,1760688000,27106.0,27136.0,27047.0,27106.0,13925.0
2025-10-17 17:00:00,1760691600,27105.0,27130.0,27065.0,27080.0,6984.0
2025-10-17 18:00:00,1760695200,27081.0,27155.0,27037.0,27154.0,9095.0
2025-10-17 19:00:00,1760698800,27153.0,27312.0,27142.0,27292.0,21970.0
2025-10-17 20:00:00,1760702400,27288.0,27352.0,27274.0,27314.0,14390.0
2025-10-17 21:00:00,1760706000,27313.0,27482.0,27294.0,27412.0,35538.0
2025-10-17 22:00:00,1760709600,27411.0,27489.0,27343.0,27352.0,31555.0
2025-10-17 23:00:00,1760713200,27354.0,27423.0,27206.0,27378.0,30419.0
2025-10-18 00:00:00,1760716800,27376.0,27444.0,27348.0,27378.0,17083.0
2025-10-18 01:00:00,1760720400,27379.0,27413.0,27328.0,27407.0,9965.0
2025-10-18 02:00:00,1760724000,27408.0,27465.0,27404.0,27446.0,5591.0
2025-10-18 03:00:00,1760727600,27448.0,27483.0,27406.0,27409.0,3919.0
2025-10-18 04:00:00,1760731200,27411.0,27455.0,27395.0,27455.0,2284.0
2025-10-20 08:45:00,1760921100,27459.0,27822.0,27432.0,27782.0,67469.0
2025-10-20 09:45:00,1760924700,27780.0,27809.0,27705.0,27755.0,26774.0
2025-10-20 10:45:00,1760928300,27757.0,27773.0,27696.0,27729.0,11446.0
2025-10-20 11:45:00,1760931900,27730.0,27821.0,27724.0,27776.0,14252.0
2025-10-20 12:45:00,1760935500,27774.0,27789.0,27754.0,27783.0,9818.0
2025-10-20 15:00:00,1760943600,27808.0,27857.0,27757.0,27819.0,10637.0
2025-10-20 16:00:00,1760947200,27819.0,27825.0,27735.0,27760.0,9003.0
2025-10-20 17:00:00,1760950800,27761.0,27798.0,27740.0,27772.0,5273.0
2025-10-20 18:00:00,1760954400,27771.0,27793.0,27711.0,27711.0,6591.0
2025-10-20 19:00:00,1760958000,27711.0,27761.0,27702.0,27753.0,5310.0
2025-10-20 20:00:00,1760961600,27754.0,27790.0,27735.0,27790.0,5095.0
2025-10-20 21:00:00,1760965200,27790.0,27833.0,27744.0,27803.0,16075.0
2025-10-20 22:00:00,1760968800,27803.0,27939.0,27771.0,27938.0,20263.0
2025-10-20 23:00:00,1760972400,27938.0,27952.0,27883.0,27889.0,11790.0
2025-10-21 00:00:00,1760976000,27890.0,27897.0,27822.0,27859.0,11735.0
2025-10-21 01:00:00,1760979600,27859.0,27916.0,27851.0,27887.0,4486.0
2025-10-21 02:00:00,1760983200,27885.0,27897.0,27848.0,27859.0,2262.0
2025-10-21 03:00:00,1760986800,27860.0,27868.0,27794.0,27835.0,4578.0
2025-10-21 04:00:00,1760990400,27835.0,27852.0,27812.0,27850.0,1993.0
2025-10-21 08:45:00,1761007500,27900.0,28010.0,27860.0,27945.0,49700.0
2025-10-21 09:45:00,1761011100,27948.0,28036.0,27921.0,27961.0,23463.0
2025-10-21 10:45:00,1761014700,27961.0,27996.0,27905.0,27937.0,14701.0
2025-10-21 11:45:00,1761018300,27938.0,27944.0,27798.0,27868.0,27423.0
2025-10-21 12:45:00,1761021900,27869.0,27884.0,27823.0,27830.0,13401.0
2025-10-21 15:00:00,1761030000,27827.0,27888.0,27806.0,27871.0,8068.0
2025-10-21 16:00:00,1761033600,27871.0,27873.0,27819.0,27837.0,4679.0
2025-10-21 17:00:00,1761037200,27836.0,27904.0,27833.0,27883.0,6252.0
2025-10-21 18:00:00,1761040800,27884.0,27898.0,27859.0,27888.0,3184.0
2025-10-21 19:00:00,1761044400,27888.0,27948.0,27882.0,27926.0,7514.0
2025-10-21 20:00:00,1761048000,27926.0,27933.0,27873.0,27892.0,6356.0
2025-10-21 21:00:00,1761051600,27891.0,27892.0,27727.0,27763.0,27304.0
2025-10-21 22:00:00,1761055200,27764.0,27878.0,27741.0,27846.0,26773.0
2025-10-21 23:00:00,1761058800,27846.0,27860.0,27783.0,27848.0,10515.0
2025-10-22 00:00:00,1761062400,27847.0,27874.0,27746.0,27748.0,8471.0
2025-10-22 01:00:00,1761066000,27749.0,27807.0,27718.0,27789.0,8066.0
2025-10-22 02:00:00,1761069600,27790.0,27800.0,27763.0,27780.0,1786.0
2025-10-22 03:00:00,1761073200,27781.0,27789.0,27735.0,27735.0,1523.0
2025-10-22 04:00:00,1761076800,27736.0,27746.0,27706.0,27739.0,3394.0
2025-10-22 08:45:00,1761093900,27700.0,27716.0,27548.0,27668.0,50132.0
2025-10-22 09:45:00,1761097500,27666.0,27688.0,27582.0,27638.0,22384.0
2025-10-22 10:45:00,1761101100,27636.0,27653.0,27526.0,27571.0,19419.0
2025-10-22 11:45:00,1761104700,27571.0,27782.0,27565.0,27764.0,28392.0
2025-10-22 12:45:00,1761108300,27764.0,27796.0,27703.0,27708.0,18362.0
2025-10-22 15:00:00,1761116400,27724.0,27737.0,27639.0,27678.0,10781.0
2025-10-22 16:00:00,1761120000,27677.0,27680.0,27605.0,27620.0,8346.0
2025-10-22 17:00:00,1761123600,27620.0,27638.0,27557.0,27628.0,8718.0
2025-10-22 18:00:00,1761127200,27630.0,27655.0,27617.0,27620.0,4904.0
2025-10-22 19:00:00,1761130800,27619.0,27628.0,27566.0,27583.0,8241.0
2025-10-22 20:00:00,1761134400,27583.0,27633.0,27577.0,27612.0,5106.0
2025-10-22 21:00:00,1761138000,27612.0,27705.0,27577.0,27673.0,21920.0
2025-10-22 22:00:00,1761141600,27673.0,27710.0,27470.0,27562.0,38666.0
2025-10-22 23:00:00,1761145200,27562.0,27564.0,27454.0,27519.0,21554.0
2025-10-23 00:00:00,1761148800,27518.0,27527.0,27396.0,27463.0,20039.0
2025-10-23 01:00:00,1761152400,27461.0,27469.0,27321.0,27365.0,13635.0
2025-10-23 02:00:00,1761156000,27362.0,27421.0,27311.0,27412.0,9533.0
2025-10-23 03:00:00,1761159600,27410.0,27469.0,27400.0,27436.0,5119.0
2025-10-23 04:00:00,1761163200,27440.0,27454.0,27387.0,27397.0,2266.0
2025-10-23 08:45:00,1761180300,27389.0,27543.0,27313.0,27483.0,47215.0
2025-10-23 09:45:00,1761183900,27482.0,27566.0,27471.0,27521.0,22833.0
2025-10-23 10:45:00,1761187500,27522.0,27630.0,27520.0,27582.0,18991.0
2025-10-23 11:45:00,1761191100,27582.0,27604.0,27539.0,27566.0,12047.0
2025-10-23 12:45:00,1761194700,27565.0,27600.0,27554.0,27560.0,11916.0
2025-10-23 15:00:00,1761202800,27615.0,27697.0,27614.0,27655.0,13013.0
2025-10-23 16:00:00,1761206400,27655.0,27687.0,27643.0,27660.0,3789.0
2025-10-23 17:00:00,1761210000,27659.0,27674.0,27602.0,27638.0,6663.0
2025-10-23 18:00:00,1761213600,27638.0,27649.0,27617.0,27631.0,2664.0
2025-10-23 19:00:00,1761217200,27630.0,27638.0,27534.0,27545.0,8433.0
2025-10-23 20:00:00,1761220800,27546.0,27578.0,27495.0,27575.0,11390.0
2025-10-23 21:00:00,1761224400,27576.0,27714.0,27527.0,27697.0,21569.0
2025-10-23 22:00:00,1761228000,27698.0,27727.0,27646.0,27717.0,18813.0
2025-10-23 23:00:00,1761231600,27717.0,27728.0,27663.0,27706.0,10622.0
2025-10-24 00:00:00,1761235200,27707.0,27757.0,27704.0,27752.0,7164.0
2025-10-24 01:00:00,1761238800,27752.0,27794.0,27712.0,27783.0,7171.0
2025-10-24 02:00:00,1761242400,27783.0,27792.0,27758.0,27785.0,2442.0
2025-10-24 03:00:00,1761246000,27785.0,27804.0,27761.0,27764.0,2904.0
2025-10-24 04:00:00,1761249600,27762.0,27774.0,27722.0,27732.0,3307.0
2025-10-27 08:45:00,1761525900,28234.0,28288.0,28079.0,28202.0,55780.0
2025-10-27 09:45:00,1761529500,28202.0,28214.0,28116.0,28154.0,14616.0
2025-10-27 10:45:00,1761533100,28154.0,28256.0,28141.0,28227.0,13568.0
2025-10-27 11:45:00,1761536700,28225.0,28236.0,28189.0,28208.0,7304.0
2025-10-27 12:45:00,1761540300,28208.0,28236.0,28169.0,28221.0,12573.0
2025-10-27 13:45:00,1761543900,28222.0,28222.0,28222.0,28222.0,7.0
2025-10-27 15:00:00,1761548400,28234.0,28240.0,28187.0,28189.0,4923.0
2025-10-27 16:00:00,1761552000,28187.0,28204.0,28152.0,28174.0,5518.0
2025-10-27 17:00:00,1761555600,28174.0,28222.0,28146.0,28206.0,5642.0
2025-10-27 18:00:00,1761559200,28206.0,28248.0,28199.0,28230.0,3579.0
2025-10-27 19:00:00,1761562800,28230.0,28240.0,28216.0,28226.0,2304.0
2025-10-27 20:00:00,1761566400,28225.0,28240.0,28190.0,28192.0,3443.0
2025-10-27 21:00:00,1761570000,28192.0,28210.0,28105.0,28126.0,18391.0
2025-10-27 22:00:00,1761573600,28127.0,28159.0,28065.0,28127.0,21398.0
2025-10-27 23:00:00,1761577200,28124.0,28156.0,28117.0,28140.0,6129.0
2025-10-28 00:00:00,1761580800,28140.0,28225.0,28136.0,28225.0,7236.0
2025-10-28 01:00:00,1761584400,28225.0,28244.0,28192.0,28234.0,3976.0
2025-10-28 02:00:00,1761588000,28234.0,28238.0,28205.0,28221.0,1520.0
2025-10-28 03:00:00,1761591600,28219.0,28269.0,28212.0,28267.0,2596.0
2025-10-28 04:00:00,1761595200,28269.0,28320.0,28266.0,28316.0,3664.0
2025-10-28 08:45:00,1761612300,28258.0,28258.0,28041.0,28087.0,45974.0
2025-10-28 09:45:00,1761615900,28089.0,28160.0,28056.0,28060.0,18478.0
2025-10-28 10:45:00,1761619500,28060.0,28102.0,27996.0,28069.0,17989.0
2025-10-28 11:45:00,1761623100,28068.0,28070.0,27988.0,27990.0,13412.0
2025-10-28 12:45:00,1761626700,27992.0,28061.0,27984.0,28001.0,13471.0
2025-10-28 15:00:00,1761634800,27984.0,28029.0,27952.0,27965.0,7529.0
2025-10-28 16:00:00,1761638400,27968.0,28039.0,27963.0,28034.0,6543.0
2025-10-28 17:00:00,1761642000,28033.0,28082.0,28032.0,28074.0,5226.0
2025-10-28 18:00:00,1761645600,28073.0,28088.0,28060.0,28078.0,2959.0
2025-10-28 19:00:00,1761649200,28078.0,28106.0,28064.0,28088.0,4099.0
2025-10-28 20:00:00,1761652800,28090.0,28116.0,28085.0,28102.0,4112.0
2025-10-28 21:00:00,1761656400,28102.0,28137.0,28087.0,28107.0,13035.0
2025-10-28 22:00:00,1761660000,28108.0,28128.0,28048.0,28071.0,13568.0
2025-10-28 23:00:00,1761663600,28070.0,28121.0,28061.0,28095.0,8567.0
2025-10-29 00:00:00,1761667200,28095.0,28214.0,28094.0,28195.0,13293.0
2025-10-29 01:00:00,1761670800,28195.0,28238.0,28187.0,28238.0,5620.0
2025-10-29 02:00:00,1761674400,28237.0,28254.0,28225.0,28245.0,2656.0
2025-10-29 03:00:00,1761678000,28245.0,28258.0,28229.0,28233.0,1922.0
2025-10-29 04:00:00,1761681600,28232.0,28234.0,28200.0,28211.0,2721.0
2025-10-29 08:45:00,1761698700,28215.0,28348.0,28207.0,28323.0,43491.0
2025-10-29 09:45:00,1761702300,28323.0,28444.0,28261.0,28438.0,29935.0
2025-10-29 10:45:00,1761705900,28440.0,28445.0,28404.0,28426.0,9883.0
2025-10-29 11:45:00,1761709500,28427.0,28440.0,28380.0,28405.0,8451.0
2025-10-29 12:45:00,1761713100,28406.0,28427.0,28383.0,28412.0,10846.0
2025-10-29 13:45:00,1761716700,28416.0,28416.0,28416.0,28416.0,1.0
2025-10-29 15:00:00,1761721200,28439.0,28491.0,28430.0,28490.0,7362.0
2025-10-29 16:00:00,1761724800,28488.0,28508.0,28463.0,28469.0,5075.0
2025-10-29 17:00:00,1761728400,28468.0,28478.0,28447.0,28471.0,3187.0
2025-10-29 18:00:00,1761732000,28470.0,28496.0,28466.0,28481.0,2924.0
2025-10-29 19:00:00,1761735600,28481.0,28525.0,28472.0,28503.0,4457.0
2025-10-29 20:00:00,1761739200,28503.0,28512.0,28475.0,28481.0,3417.0
2025-10-29 21:00:00,1761742800,28481.0,28506.0,28408.0,28426.0,19743.0
2025-10-29 22:00:00,1761746400,28427.0,28447.0,28360.0,28415.0,19538.0
2025-10-29 23:00:00,1761750000,28413.0,28459.0,28399.0,28418.0,8412.0
2025-10-30 00:00:00,1761753600,28415.0,28439.0,28380.0,28431.0,5705.0
2025-10-30 01:00:00,1761757200,28430.0,28487.0,28395.0,28464.0,4859.0
2025-10-30 02:00:00,1761760800,28465.0,28497.0,28261.0,28418.0,22685.0
2025-10-30 03:00:00,1761764400,28420.0,28440.0,28350.0,28369.0,7943.0
2025-10-30 04:00:00,1761768000,28370.0,28410.0,28325.0,28359.0,4489.0
2025-10-30 08:45:00,1761785100,28425.0,28551.0,28292.0,28405.0,57811.0
2025-10-30 09:45:00,1761788700,28405.0,28475.0,28352.0,28376.0,23329.0
2025-10-30 10:45:00,1761792300,28377.0,28425.0,28338.0,28379.0,12340.0
2025-10-30 11:45:00,1761795900,28376.0,28419.0,28181.0,28248.0,36454.0
2025-10-30 12:45:00,1761799500,28248.0,28418.0,28236.0,28399.0,21180.0
2025-10-30 15:00:00,1761807600,28380.0,28438.0,28348.0,28383.0,9147.0
2025-10-30 16:00:00,1761811200,28383.0,28395.0,28357.0,28375.0,3575.0
2025-10-30 17:00:00,1761814800,28375.0,28403.0,28321.0,28338.0,6277.0
2025-10-30 18:00:00,1761818400,28338.0,28370.0,28331.0,28367.0,2864.0
2025-10-30 19:00:00,1761822000,28365.0,28410.0,28362.0,28391.0,4830.0
2025-10-30 20:00:00,1761825600,28390.0,28397.0,28288.0,28291.0,10179.0
2025-10-30 21:00:00,1761829200,28292.0,28356.0,28216.0,28342.0,22488.0
2025-10-30 22:00:00,1761832800,28344.0,28376.0,28248.0,28292.0,21809.0
2025-10-30 23:00:00,1761836400,28293.0,28315.0,28233.0,28241.0,10549.0
2025-10-31 00:00:00,1761840000,28241.0,28303.0,28232.0,28290.0,6203.0
2025-10-31 01:00:00,1761843600,28290.0,28324.0,28246.0,28317.0,4316.0
2025-10-31 02:00:00,1761847200,28317.0,28321.0,28252.0,28290.0,2860.0
2025-10-31 03:00:00,1761850800,28290.0,28295.0,28201.0,28204.0,4184.0
2025-10-31 04:00:00,1761854400,28204.0,28297.0,28200.0,28295.0,3262.0
2025-10-31 08:45:00,1761871500,28445.0,28589.0,28424.0,28535.0,51474.0
2025-10-31 09:45:00,1761875100,28537.0,28570.0,28460.0,28493.0,22998.0
2025-10-31 10:45:00,1761878700,28494.0,28504.0,28378.0,28425.0,22031.0
2025-10-31 11:45:00,1761882300,28422.0,28516.0,28410.0,28515.0,13627.0
2025-10-31 12:45:00,1761885900,28516.0,28545.0,28420.0,28434.0,18055.0
2025-10-31 15:00:00,1761894000,28430.0,28457.0,28391.0,28448.0,7937.0
2025-10-31 16:00:00,1761897600,28449.0,28450.0,28342.0,28398.0,10708.0
2025-10-31 17:00:00,1761901200,28399.0,28406.0,28372.0,28375.0,3326.0
2025-10-31 18:00:00,1761904800,28376.0,28388.0,28333.0,28355.0,5004.0
2025-10-31 19:00:00,1761908400,28356.0,28391.0,28336.0,28389.0,4583.0
2025-10-31 20:00:00,1761912000,28388.0,28425.0,28372.0,28385.0,6419.0
2025-10-31 21:00:00,1761915600,28383.0,28414.0,28301.0,28310.0,18467.0
2025-10-31 22:00:00,1761919200,28314.0,28340.0,28271.0,28324.0,17906.0
2025-10-31 23:00:00,1761922800,28326.0,28336.0,28255.0,28258.0,15312.0
2025-11-01 00:00:00,1761926400,28257.0,28280.0,28174.0,28183.0,15420.0
2025-11-01 01:00:00,1761930000,28183.0,28240.0,28148.0,28212.0,12010.0
2025-11-01 02:00:00,1761933600,28214.0,28282.0,28210.0,28277.0,6080.0
2025-11-01 03:00:00,1761937200,28278.0,28330.0,28265.0,28275.0,5324.0
2025-11-01 04:00:00,1761940800,28275.0,28296.0,28255.0,28262.0,2574.0
2025-11-03 08:45:00,1762130700,28380.0,28583.0,28362.0,28492.0,50431.0
2025-11-03 09:45:00,1762134300,28492.0,28508.0,28238.0,28296.0,39852.0
2025-11-03 10:45:00,1762137900,28297.0,28344.0,28256.0,28291.0,17476.0
2025-11-03 11:45:00,1762141500,28291.0,28335.0,28230.0,28308.0,13899.0
2025-11-03 12:45:00,1762145100,28307.0,28354.0,28292.0,28339.0,14156.0
2025-11-03 15:00:00,1762153200,28321.0,28333.0,28278.0,28282.0,6170.0
2025-11-03 16:00:00,1762156800,28281.0,28379.0,28272.0,28367.0,7826.0
2025-11-03 17:00:00,1762160400,28364.0,28395.0,28362.0,28377.0,4672.0
2025-11-03 18:00:00,1762164000,28378.0,28425.0,28370.0,28408.0,5131.0
2025-11-03 19:00:00,1762167600,28408.0,28430.0,28397.0,28402.0,3163.0
2025-11-03 20:00:00,1762171200,28402.0,28419.0,28388.0,28395.0,3127.0
2025-11-03 21:00:00,1762174800,28393.0,28446.0,28380.0,28443.0,6703.0
2025-11-03 22:00:00,1762178400,28443.0,28480.0,28410.0,28418.0,15208.0
2025-11-03 23:00:00,1762182000,28420.0,28438.0,28333.0,28410.0,21020.0
2025-11-04 00:00:00,1762185600,28413.0,28511.0,28405.0,28505.0,11992.0
2025-11-04 01:00:00,1762189200,28505.0,28533.0,28469.0,28518.0,6596.0
2025-11-04 02:00:00,1762192800,28518.0,28570.0,28515.0,28542.0,4291.0
2025-11-04 03:00:00,1762196400,28544.0,28553.0,28506.0,28517.0,2097.0
2025-11-04 04:00:00,1762200000,28518.0,28521.0,28481.0,28495.0,2699.0
2025-11-04 08:45:00,1762217100,28400.0,28595.0,28380.0,28491.0,53838.0
2025-11-04 09:45:00,1762220700,28494.0,28496.0,28255.0,28263.0,46090.0
2025-11-04 10:45:00,1762224300,28263.0,28320.0,28206.0,28281.0,23657.0
2025-11-04 11:45:00,1762227900,28281.0,28286.0,28153.0,28182.0,19912.0
2025-11-04 12:45:00,1762231500,28183.0,28202.0,28112.0,28112.0,22025.0
2025-11-04 13:45:00,1762235100,28113.0,28113.0,28113.0,28113.0,1.0
2025-11-04 15:00:00,1762239600,28103.0,28164.0,28060.0,28145.0,12259.0
2025-11-04 16:00:00,1762243200,28145.0,28146.0,28052.0,28115.0,11116.0
2025-11-04 17:00:00,1762246800,28114.0,28142.0,28029.0,28030.0,7895.0
2025-11-04 18:00:00,1762250400,28031.0,28122.0,28011.0,28115.0,9899.0
2025-11-04 19:00:00,1762254000,28115.0,28177.0,28108.0,28161.0,8711.0
2025-11-04 20:00:00,1762257600,28163.0,28169.0,28087.0,28100.0,8786.0
2025-11-04 21:00:00,1762261200,28100.0,28106.0,28050.0,28083.0,8969.0
2025-11-04 22:00:00,1762264800,28081.0,28193.0,28006.0,28193.0,26283.0
2025-11-04 23:00:00,1762268400,28193.0,28229.0,28144.0,28163.0,18525.0
2025-11-05 00:00:00,1762272000,28163.0,28202.0,28142.0,28177.0,8722.0
2025-11-05 01:00:00,1762275600,28178.0,28182.0,28074.0,28090.0,8708.0
2025-11-05 02:00:00,1762279200,28089.0,28100.0,28021.0,28075.0,6457.0
2025-11-05 03:00:00,1762282800,28073.0,28087.0,27978.0,28002.0,6370.0
2025-11-05 04:00:00,1762286400,28001.0,28012.0,27911.0,27913.0,5738.0
2025-11-05 08:45:00,1762303500,27718.0,27827.0,27425.0,27432.0,95411.0
2025-11-05 09:45:00,1762307100,27433.0,27617.0,27414.0,27602.0,35911.0
2025-11-05 10:45:00,1762310700,27604.0,27814.0,27602.0,27808.0,35618.0
2025-11-05 11:45:00,1762314300,27807.0,27850.0,27758.0,27785.0,17947.0
2025-11-05 12:45:00,1762317900,27785.0,27837.0,27770.0,27804.0,15612.0
2025-11-05 15:00:00,1762326000,27856.0,27895.0,27780.0,27799.0,9820.0
2025-11-05 16:00:00,1762329600,27800.0,27879.0,27785.0,27856.0,7427.0
2025-11-05 17:00:00,1762333200,27855.0,27903.0,27838.0,27879.0,7167.0
2025-11-05 18:00:00,1762336800,27879.0,27892.0,27760.0,27762.0,6475.0
2025-11-05 19:00:00,1762340400,27761.0,27828.0,27746.0,27825.0,7274.0
2025-11-05 20:00:00,1762344000,27823.0,27876.0,27810.0,27873.0,5491.0
2025-11-05 21:00:00,1762347600,27872.0,27938.0,27837.0,27935.0,11758.0
2025-11-05 22:00:00,1762351200,27932.0,28020.0,27853.0,28007.0,22227.0
2025-11-05 23:00:00,1762354800,28007.0,28055.0,27973.0,28046.0,18416.0
2025-11-06 00:00:00,1762358400,28046.0,28069.0,28008.0,28059.0,7996.0
2025-11-06 01:00:00,1762362000,28060.0,28099.0,28048.0,28097.0,4495.0
2025-11-06 02:00:00,1762365600,28095.0,28153.0,28085.0,28146.0,4656.0
2025-11-06 03:00:00,1762369200,28147.0,28152.0,28111.0,28147.0,2329.0
2025-11-06 04:00:00,1762372800,28149.0,28158.0,28051.0,28057.0,4339.0
2025-11-06 08:45:00,1762389900,28011.0,28048.0,27903.0,27971.0,49962.0
2025-11-06 09:45:00,1762393500,27970.0,28110.0,27947.0,28100.0,30597.0
2025-11-06 10:45:00,1762397100,28099.0,28141.0,28081.0,28090.0,16326.0
2025-11-06 11:45:00,1762400700,28090.0,28104.0,28011.0,28074.0,16417.0
2025-11-06 12:45:00,1762404300,28074.0,28106.0,28016.0,28030.0,13226.0
2025-11-06 13:45:00,1762407900,28034.0,28034.0,28034.0,28034.0,1.0
2025-11-06 15:00:00,1762412400,28018.0,28053.0,27998.0,28000.0,7460.0
2025-11-06 16:00:00,1762416000,28000.0,28003.0,27954.0,27988.0,7308.0
2025-11-06 17:00:00,1762419600,27989.0,28067.0,27978.0,28060.0,7567.0
2025-11-06 18:00:00,1762423200,28060.0,28095.0,28056.0,28065.0,4885.0
2025-11-06 19:00:00,1762426800,28066.0,28102.0,28065.0,28090.0,3655.0
2025-11-06 20:00:00,1762430400,28088.0,28128.0,28087.0,28121.0,5575.0
2025-11-06 21:00:00,1762434000,28121.0,28137.0,28075.0,28075.0,5971.0
2025-11-06 22:00:00,1762437600,28076.0,28091.0,27876.0,27876.0,33727.0
2025-11-06 23:00:00,1762441200,27877.0,27929.0,27725.0,27738.0,47926.0
2025-11-07 00:00:00,1762444800,27737.0,27786.0,27615.0,27639.0,27562.0
2025-11-07 01:00:00,1762448400,27639.0,27758.0,27630.0,27743.0,15620.0
2025-11-07 02:00:00,1762452000,27742.0,27776.0,27653.0,27734.0,9572.0
2025-11-07 03:00:00,1762455600,27733.0,27817.0,27727.0,27789.0,6831.0
2025-11-07 04:00:00,1762459200,27786.0,27807.0,27658.0,27665.0,5243.0
2025-11-07 08:45:00,1762476300,27780.0,27837.0,27668.0,27741.0,54369.0
2025-11-07 09:45:00,1762479900,27744.0,27761.0,27596.0,27697.0,35363.0
2025-11-07 10:45:00,1762483500,27699.0,27819.0,27697.0,27741.0,19787.0
2025-11-07 11:45:00,1762487100,27740.0,27780.0,27680.0,27701.0,14698.0
2025-11-07 12:45:00,1762490700,27701.0,27746.0,27665.0,27729.0,16971.0
2025-11-07 15:00:00,1762498800,27760.0,27781.0,27722.0,27775.0,6588.0
2025-11-07 16:00:00,1762502400,27774.0,27812.0,27734.0,27772.0,8387.0
2025-11-07 17:00:00,1762506000,27772.0,27795.0,27712.0,27728.0,6502.0
2025-11-07 18:00:00,1762509600,27726.0,27739.0,27670.0,27695.0,6862.0
2025-11-07 19:00:00,1762513200,27696.0,27699.0,27520.0,27597.0,18843.0
2025-11-07 20:00:00,1762516800,27598.0,27624.0,27536.0,27552.0,10447.0
2025-11-07 21:00:00,1762520400,27552.0,27600.0,27511.0,27558.0,11012.0
2025-11-07 22:00:00,1762524000,27557.0,27564.0,27345.0,27422.0,33042.0
2025-11-07 23:00:00,1762527600,27425.0,27468.0,27286.0,27292.0,34132.0
2025-11-08 00:00:00,1762531200,27296.0,27311.0,27160.0,27177.0,26079.0
2025-11-08 01:00:00,1762534800,27176.0,27287.0,27155.0,27282.0,16035.0
2025-11-08 02:00:00,1762538400,27282.0,27358.0,27270.0,27343.0,10476.0
2025-11-08 03:00:00,1762542000,27342.0,27515.0,27330.0,27514.0,9993.0
2025-11-08 04:00:00,1762545600,27514.0,27558.0,27435.0,27553.0,9833.0
2025-11-10 08:45:00,1762735500,27765.0,27900.0,27716.0,27754.0,59255.0
2025-11-10 09:45:00,1762739100,27751.0,27876.0,27747.0,27850.0,24845.0
2025-11-10 10:45:00,1762742700,27850.0,27941.0,27844.0,27921.0,20371.0
2025-11-10 11:45:00,1762746300,27922.0,27986.0,27913.0,27982.0,10991.0
2025-11-10 12:45:00,1762749900,27982.0,28038.0,27969.0,28015.0,19398.0
2025-11-10 15:00:00,1762758000,28002.0,28035.0,27962.0,27964.0,7688.0
2025-11-10 16:00:00,1762761600,27966.0,28024.0,27938.0,28019.0,7772.0
2025-11-10 17:00:00,1762765200,28019.0,28035.0,27980.0,27995.0,4938.0
2025-11-10 18:00:00,1762768800,27996.0,28003.0,27958.0,27964.0,3152.0
2025-11-10 19:00:00,1762772400,27965.0,28001.0,27953.0,27987.0,4016.0
2025-11-10 20:00:00,1762776000,27986.0,27991.0,27964.0,27971.0,2433.0
2025-11-10 21:00:00,1762779600,27971.0,28009.0,27956.0,27987.0,4940.0
2025-11-10 22:00:00,1762783200,27988.0,28027.0,27926.0,27991.0,18918.0
2025-11-10 23:00:00,1762786800,27989.0,28014.0,27830.0,27834.0,18254.0
2025-11-11 00:00:00,1762790400,27834.0,27902.0,27792.0,27902.0,19454.0
2025-11-11 01:00:00,1762794000,27900.0,28007.0,27880.0,27985.0,10411.0
2025-11-11 02:00:00,1762797600,27983.0,28083.0,27983.0,28041.0,7742.0
2025-11-11 03:00:00,1762801200,28042.0,28059.0,28009.0,28047.0,3358.0
2025-11-11 04:00:00,1762804800,28048.0,28110.0,28043.0,28109.0,4015.0
2025-11-11 08:45:00,1762821900,28159.0,28180.0,28038.0,28074.0,44965.0
2025-11-11 09:45:00,1762825500,28075.0,28081.0,27951.0,28002.0,31609.0
2025-11-11 10:45:00,1762829100,28002.0,28037.0,27965.0,28027.0,12980.0
2025-11-11 11:45:00,1762832700,28027.0,28069.0,27998.0,28003.0,11791.0
2025-11-11 12:45:00,1762836300,28003.0,28010.0,27764.0,27772.0,30293.0
2025-11-11 15:00:00,1762844400,27815.0,27816.0,27732.0,27755.0,10813.0
2025-11-11 16:00:00,1762848000,27754.0,27807.0,27739.0,27784.0,6755.0
2025-11-11 17:00:00,1762851600,27785.0,27816.0,27702.0,27726.0,9496.0
2025-11-11 18:00:00,1762855200,27725.0,27795.0,27709.0,27785.0,6018.0
2025-11-11 19:00:00,1762858800,27784.0,27847.0,27774.0,27784.0,9338.0
2025-11-11 20:00:00,1762862400,27784.0,27824.0,27765.0,27791.0,6564.0
2025-11-11 21:00:00,1762866000,27793.0,27829.0,27785.0,27810.0,5622.0
2025-11-11 22:00:00,1762869600,27810.0,27885.0,27773.0,27848.0,20890.0
2025-11-11 23:00:00,1762873200,27845.0,27854.0,27737.0,27786.0,19246.0
2025-11-12 00:00:00,1762876800,27785.0,27865.0,27775.0,27823.0,11262.0
2025-11-12 01:00:00,1762880400,27823.0,27943.0,27820.0,27930.0,10386.0
2025-11-12 02:00:00,1762884000,27928.0,27980.0,27919.0,27977.0,6537.0
2025-11-12 03:00:00,1762887600,27972.0,27984.0,27923.0,27930.0,2609.0
2025-11-12 04:00:00,1762891200,27932.0,27952.0,27900.0,27909.0,3101.0
2025-11-12 08:45:00,1762908300,27895.0,27995.0,27858.0,27887.0,40491.0
2025-11-12 09:45:00,1762911900,27891.0,28060.0,27878.0,28033.0,31016.0
2025-11-12 10:45:00,1762915500,28031.0,28062.0,27965.0,28033.0,16942.0
2025-11-12 11:45:00,1762919100,28032.0,28072.0,28003.0,28046.0,11283.0
2025-11-12 12:45:00,1762922700,28048.0,28078.0,28030.0,28056.0,11880.0
2025-11-12 15:00:00,1762930800,28081.0,28129.0,28080.0,28110.0,7589.0
2025-11-12 16:00:00,1762934400,28110.0,28137.0,28074.0,28114.0,5797.0
2025-11-12 17:00:00,1762938000,28114.0,28156.0,28110.0,28147.0,4381.0
2025-11-12 18:00:00,1762941600,28145.0,28157.0,28122.0,28145.0,3185.0
2025-11-12 19:00:00,1762945200,28144.0,28150.0,28103.0,28113.0,3738.0
2025-11-12 20:00:00,1762948800,28112.0,28170.0,28107.0,28168.0,6082.0
2025-11-12 21:00:00,1762952400,28169.0,28176.0,28155.0,28158.0,3333.0
2025-11-12 22:00:00,1762956000,28158.0,28160.0,28010.0,28038.0,24157.0
2025-11-12 23:00:00,1762959600,28039.0,28091.0,28002.0,28018.0,20988.0
2025-11-13 00:00:00,1762963200,28017.0,28082.0,27977.0,28031.0,16004.0
2025-11-13 01:00:00,1762966800,28034.0,28085.0,28018.0,28074.0,6472.0
2025-11-13 02:00:00,1762970400,28075.0,28095.0,28055.0,28090.0,3274.0
2025-11-13 03:00:00,1762974000,28089.0,28098.0,28020.0,28030.0,2897.0
2025-11-13 04:00:00,1762977600,28028.0,28079.0,28012.0,28056.0,2590.0
2025-11-13 08:45:00,1762994700,28044.0,28044.0,27802.0,27948.0,61811.0
2025-11-13 09:45:00,1762998300,27948.0,28023.0,27907.0,27957.0,26588.0
2025-11-13 10:45:00,1763001900,27958.0,27995.0,27873.0,27912.0,17905.0
2025-11-13 11:45:00,1763005500,27913.0,27987.0,27862.0,27985.0,14007.0
2025-11-13 12:45:00,1763009100,27984.0,28020.0,27956.0,27979.0,12190.0
2025-11-13 15:00:00,1763017200,28009.0,28064.0,27958.0,27960.0,10338.0
2025-11-13 16:00:00,1763020800,27961.0,27987.0,27936.0,27982.0,6756.0
2025-11-13 17:00:00,1763024400,27981.0,27988.0,27906.0,27937.0,7925.0
2025-11-13 18:00:00,1763028000,27938.0,27985.0,27932.0,27959.0,4990.0
2025-11-13 19:00:00,1763031600,27958.0,27976.0,27893.0,27921.0,9080.0
2025-11-13 20:00:00,1763035200,27920.0,27939.0,27891.0,27919.0,5074.0
2025-11-13 21:00:00,1763038800,27918.0,27938.0,27872.0,27878.0,7219.0
2025-11-13 22:00:00,1763042400,27880.0,27892.0,27755.0,27809.0,26793.0
2025-11-13 23:00:00,1763046000,27808.0,27859.0,27657.0,27695.0,30432.0
2025-11-14 00:00:00,1763049600,27693.0,27705.0,27584.0,27601.0,20840.0
2025-11-14 01:00:00,1763053200,27600.0,27668.0,27555.0,27559.0,13063.0
2025-11-14 02:00:00,1763056800,27559.0,27585.0,27442.0,27492.0,11709.0
2025-11-14 03:00:00,1763060400,27495.0,27551.0,27444.0,27476.0,7594.0
2025-11-14 04:00:00,1763064000,27473.0,27514.0,27424.0,27475.0,5837.0
2025-11-14 08:45:00,1763081100,27506.0,27533.0,27383.0,27455.0,49796.0
2025-11-14 09:45:00,1763084700,27455.0,27563.0,27417.0,27542.0,27021.0
2025-11-14 10:45:00,1763088300,27542.0,27595.0,27525.0,27561.0,16576.0
2025-11-14 11:45:00,1763091900,27561.0,27571.0,27418.0,27450.0,16247.0
2025-11-14 12:45:00,1763095500,27452.0,27454.0,27365.0,27410.0,18604.0
2025-11-14 13:45:00,1763099100,27408.0,27408.0,27408.0,27408.0,1.0
2025-11-14 15:00:00,1763103600,27389.0,27427.0,27262.0,27327.0,16440.0
2025-11-14 16:00:00,1763107200,27328.0,27339.0,27240.0,27311.0,11596.0
2025-11-14 17:00:00,1763110800,27312.0,27350.0,27270.0,27287.0,7430.0
2025-11-14 18:00:00,1763114400,27286.0,27325.0,27267.0,27289.0,4228.0
2025-11-14 19:00:00,1763118000,27289.0,27289.0,27100.0,27136.0,17635.0
2025-11-14 20:00:00,1763121600,27134.0,27143.0,26957.0,27042.0,24116.0
2025-11-14 21:00:00,1763125200,27041.0,27096.0,26977.0,27027.0,15678.0
2025-11-14 22:00:00,1763128800,27027.0,27313.0,26954.0,27292.0,40553.0
2025-11-14 23:00:00,1763132400,27291.0,27505.0,27239.0,27482.0,39967.0
2025-11-15 00:00:00,1763136000,27482.0,27600.0,27425.0,27578.0,21512.0
2025-11-15 01:00:00,1763139600,27579.0,27592.0,27453.0,27531.0,11896.0
2025-11-15 02:00:00,1763143200,27530.0,27532.0,27392.0,27472.0,11670.0
2025-11-15 03:00:00,1763146800,27467.0,27544.0,27432.0,27531.0,5317.0
2025-11-15 04:00:00,1763150400,27528.0,27545.0,27452.0,27495.0,4177.0
2025-11-17 08:45:00,1763340300,27581.0,27692.0,27520.0,27528.0,57310.0
2025-11-17 09:45:00,1763343900,27528.0,27623.0,27486.0,27564.0,34387.0
2025-11-17 10:45:00,1763347500,27568.0,27643.0,27529.0,27538.0,19122.0
2025-11-17 11:45:00,1763351100,27539.0,27581.0,27490.0,27525.0,14224.0
2025-11-17 12:45:00,1763354700,27525.0,27546.0,27465.0,27476.0,13581.0
2025-11-17 15:00:00,1763362800,27447.0,27536.0,27433.0,27511.0,7051.0
2025-11-17 16:00:00,1763366400,27513.0,27574.0,27508.0,27541.0,5645.0
2025-11-17 17:00:00,1763370000,27543.0,27546.0,27463.0,27468.0,6105.0
2025-11-17 18:00:00,1763373600,27467.0,27489.0,27320.0,27332.0,15800.0
2025-11-17 19:00:00,1763377200,27332.0,27423.0,27307.0,27393.0,11577.0
2025-11-17 20:00:00,1763380800,27392.0,27392.0,27310.0,27348.0,9702.0
2025-11-17 21:00:00,1763384400,27346.0,27361.0,27261.0,27336.0,13197.0
2025-11-17 22:00:00,1763388000,27334.0,27527.0,27258.0,27484.0,30377.0
2025-11-17 23:00:00,1763391600,27485.0,27506.0,27362.0,27395.0,27467.0
2025-11-18 00:00:00,1763395200,27396.0,27492.0,27239.0,27492.0,29084.0
2025-11-18 01:00:00,1763398800,27492.0,27496.0,27320.0,27322.0,12831.0
2025-11-18 02:00:00,1763402400,27325.0,27383.0,27214.0,27223.0,8689.0
2025-11-18 03:00:00,1763406000,27221.0,27279.0,27088.0,27089.0,11991.0
2025-11-18 04:00:00,1763409600,27088.0,27197.0,27069.0,27175.0,7506.0
2025-11-18 08:45:00,1763426700,27158.0,27195.0,27040.0,27188.0,48367.0
2025-11-18 09:45:00,1763430300,27189.0,27300.0,26993.0,27020.0,41339.0
2025-11-18 10:45:00,1763433900,27020.0,27030.0,26831.0,26831.0,34772.0
2025-11-18 11:45:00,1763437500,26835.0,26903.0,26773.0,26836.0,21617.0
2025-11-18 12:45:00,1763441100,26836.0,26883.0,26782.0,26806.0,20092.0
2025-11-18 15:00:00,1763449200,26741.0,26877.0,26706.0,26822.0,5262.0
2025-11-18 16:00:00,1763452800,26819.0,26930.0,26819.0,26910.0,4575.0
2025-11-18 17:00:00,1763456400,26910.0,26945.0,26886.0,26940.0,2909.0
2025-11-18 18:00:00,1763460000,26942.0,26949.0,26908.0,26945.0,1232.0
2025-11-18 19:00:00,1763463600,26942.0,26954.0,26845.0,26884.0,2707.0
2025-11-18 20:00:00,1763467200,26885.0,26885.0,26762.0,26812.0,4264.0
2025-11-18 21:00:00,1763470800,26810.0,26930.0,26810.0,26891.0,4501.0
2025-11-18 22:00:00,1763474400,26892.0,26993.0,26804.0,26810.0,8717.0
2025-11-18 23:00:00,1763478000,26810.0,26888.0,26727.0,26809.0,8864.0
2025-11-19 00:00:00,1763481600,26806.0,26945.0,26767.0,26921.0,4388.0
2025-11-19 01:00:00,1763485200,26924.0,26986.0,26819.0,26972.0,3679.0
2025-11-19 02:00:00,1763488800,26980.0,27010.0,26960.0,26967.0,2074.0
2025-11-19 03:00:00,1763492400,26968.0,27012.0,26960.0,27004.0,612.0
2025-11-19 04:00:00,1763496000,27005.0,27008.0,26910.0,26920.0,805.0
2025-11-19 08:45:00,1763513100,26825.0,26917.0,26722.0,26837.0,21122.0
2025-11-19 09:45:00,1763516700,26839.0,26861.0,26753.0,26792.0,8784.0
2025-11-19 10:45:00,1763520300,26790.0,26801.0,26588.0,26633.0,17185.0
2025-11-19 11:45:00,1763523900,26631.0,26708.0,26559.0,26625.0,15276.0
2025-11-19 12:45:00,1763527500,26626.0,26712.0,26600.0,26604.0,13886.0
2025-11-19 15:00:00,1763535600,26679.0,26744.0,26656.0,26717.0,13760.0
2025-11-19 16:00:00,1763539200,26715.0,26754.0,26697.0,26715.0,7410.0
2025-11-19 17:00:00,1763542800,26715.0,26777.0,26681.0,26776.0,7410.0
2025-11-19 18:00:00,1763546400,26774.0,26810.0,26768.0,26797.0,5859.0
2025-11-19 19:00:00,1763550000,26797.0,26843.0,26795.0,26812.0,6604.0
2025-11-19 20:00:00,1763553600,26811.0,26864.0,26807.0,26844.0,5643.0
2025-11-19 21:00:00,1763557200,26845.0,26855.0,26784.0,26829.0,9584.0
2025-11-19 22:00:00,1763560800,26829.0,27005.0,26786.0,27002.0,25983.0
2025-11-19 23:00:00,1763564400,27001.0,27072.0,26943.0,26956.0,25612.0
2025-11-20 00:00:00,1763568000,26956.0,26979.0,26865.0,26938.0,20944.0
2025-11-20 01:00:00,1763571600,26937.0,26948.0,26788.0,26921.0,14735.0
2025-11-20 02:00:00,1763575200,26917.0,26978.0,26892.0,26958.0,7606.0
2025-11-20 03:00:00,1763578800,26956.0,26962.0,26871.0,26921.0,3473.0
2025-11-20 04:00:00,1763582400,26923.0,27043.0,26902.0,26979.0,6057.0
2025-11-20 08:45:00,1763599500,27300.0,27481.0,27300.0,27433.0,59914.0
2025-11-20 09:45:00,1763603100,27433.0,27446.0,27200.0,27205.0,44715.0
2025-11-20 10:45:00,1763606700,27207.0,27467.0,27202.0,27442.0,28417.0
2025-11-20 11:45:00,1763610300,27442.0,27454.0,27406.0,27437.0,9874.0
2025-11-20 12:45:00,1763613900,27435.0,27493.0,27421.0,27486.0,16093.0
2025-11-20 15:00:00,1763622000,27505.0,27540.0,27468.0,27473.0,10519.0
2025-11-20 16:00:00,1763625600,27475.0,27508.0,27464.0,27465.0,4953.0
2025-11-20 17:00:00,1763629200,27465.0,27474.0,27411.0,27418.0,8305.0
2025-11-20 18:00:00,1763632800,27417.0,27468.0,27393.0,27446.0,7382.0
2025-11-20 19:00:00,1763636400,27445.0,27447.0,27394.0,27418.0,6794.0
2025-11-20 20:00:00,1763640000,27419.0,27449.0,27397.0,27449.0,4362.0
2025-11-20 21:00:00,1763643600,27448.0,27515.0,27414.0,27515.0,13276.0
2025-11-20 22:00:00,1763647200,27515.0,27520.0,27406.0,27478.0,20380.0
2025-11-20 23:00:00,1763650800,27481.0,27493.0,27370.0,27375.0,18295.0
2025-11-21 00:00:00,1763654400,27377.0,27381.0,27022.0,27055.0,40288.0
2025-11-21 01:00:00,1763658000,27053.0,27150.0,26836.0,26920.0,40287.0
2025-11-21 02:00:00,1763661600,26922.0,27152.0,26814.0,26859.0,27789.0
2025-11-21 03:00:00,1763665200,26857.0,26952.0,26792.0,26908.0,14126.0
2025-11-21 04:00:00,1763668800,26905.0,26905.0,26689.0,26700.0,10889.0
2025-11-21 08:45:00,1763685900,26817.0,26817.0,26592.0,26662.0,57322.0
2025-11-21 09:45:00,1763689500,26663.0,26729.0,26520.0,26543.0,34546.0
2025-11-21 10:45:00,1763693100,26546.0,26580.0,26453.0,26513.0,25634.0
2025-11-21 11:45:00,1763696700,26514.0,26555.0,26413.0,26415.0,18534.0
2025-11-21 12:45:00,1763700300,26415.0,26593.0,26396.0,26475.0,31530.0
2025-11-21 15:00:00,1763708400,26488.0,26555.0,26336.0,26354.0,18191.0
2025-11-21 16:00:00,1763712000,26354.0,26562.0,26343.0,26550.0,16027.0
2025-11-21 17:00:00,1763715600,26550.0,26561.0,26360.0,26370.0,12779.0
2025-11-21 18:00:00,1763719200,26372.0,26418.0,26246.0,26401.0,23212.0
2025-11-21 19:00:00,1763722800,26402.0,26465.0,26313.0,26359.0,12899.0
2025-11-21 20:00:00,1763726400,26362.0,26557.0,26288.0,26488.0,23536.0
2025-11-21 21:00:00,1763730000,26487.0,26576.0,26451.0,26537.0,14217.0
2025-11-21 22:00:00,1763733600,26535.0,26585.0,26392.0,26469.0,28622.0
2025-11-21 23:00:00,1763737200,26472.0,26519.0,26268.0,26351.0,38899.0
2025-11-22 00:00:00,1763740800,26350.0,26664.0,26297.0,26661.0,27575.0
2025-11-22 01:00:00,1763744400,26660.0,26687.0,26581.0,26617.0,16962.0
2025-11-22 02:00:00,1763748000,26617.0,26764.0,26506.0,26734.0,14886.0
2025-11-22 03:00:00,1763751600,26731.0,26801.0,26662.0,26695.0,8441.0
2025-11-22 04:00:00,1763755200,26691.0,26754.0,26634.0,26662.0,6087.0
2025-11-24 08:45:00,1763945100,26713.0,26731.0,26564.0,26572.0,43943.0
2025-11-24 09:45:00,1763948700,26573.0,26684.0,26536.0,26676.0,29345.0
2025-11-24 10:45:00,1763952300,26676.0,26718.0,26550.0,26599.0,19748.0
2025-11-24 11:45:00,1763955900,26600.0,26639.0,26557.0,26615.0,11652.0
2025-11-24 12:45:00,1763959500,26616.0,26635.0,26561.0,26617.0,15084.0
2025-11-24 15:00:00,1763967600,26615.0,26665.0,26591.0,26648.0,6282.0
2025-11-24 16:00:00,1763971200,26648.0,26680.0,26609.0,26672.0,6084.0
2025-11-24 17:00:00,1763974800,26671.0,26685.0,26483.0,26531.0,16188.0
2025-11-24 18:00:00,1763978400,26532.0,26545.0,26455.0,26509.0,10032.0
2025-11-24 19:00:00,1763982000,26512.0,26575.0,26489.0,26559.0,6975.0
2025-11-24 20:00:00,1763985600,26555.0,26616.0,26503.0,26610.0,9188.0
2025-11-24 21:00:00,1763989200,26609.0,26666.0,26592.0,26602.0,9381.0
2025-11-24 22:00:00,1763992800,26600.0,26797.0,26594.0,26770.0,28936.0
2025-11-24 23:00:00,1763996400,26771.0,26954.0,26765.0,26928.0,28326.0
2025-11-25 00:00:00,1764000000,26929.0,26994.0,26904.0,26912.0,11964.0
2025-11-25 01:00:00,1764003600,26914.0,27002.0,26895.0,26988.0,7229.0
2025-11-25 02:00:00,1764007200,26988.0,27023.0,26988.0,26997.0,3446.0
2025-11-25 03:00:00,1764010800,26998.0,27022.0,26955.0,26961.0,2444.0
2025-11-25 04:00:00,1764014400,26967.0,27049.0,26957.0,27048.0,4769.0
2025-11-25 08:45:00,1764031500,27060.0,27103.0,26887.0,26911.0,43129.0
2025-11-25 09:45:00,1764035100,26910.0,26920.0,26846.0,26902.0,27716.0
2025-11-25 10:45:00,1764038700,26900.0,26942.0,26818.0,26828.0,17402.0
2025-11-25 11:45:00,1764042300,26826.0,26903.0,26773.0,26880.0,19512.0
2025-11-25 12:45:00,1764045900,26880.0,26945.0,26873.0,26940.0,15962.0
2025-11-25 15:00:00,1764054000,26908.0,26964.0,26885.0,26937.0,7268.0
2025-11-25 16:00:00,1764057600,26937.0,26962.0,26881.0,26896.0,6603.0
2025-11-25 17:00:00,1764061200,26898.0,26938.0,26857.0,26895.0,7040.0
2025-11-25 18:00:00,1764064800,26897.0,26943.0,26853.0,26937.0,6050.0
2025-11-25 19:00:00,1764068400,26936.0,26938.0,26889.0,26906.0,3927.0
2025-11-25 20:00:00,1764072000,26906.0,27055.0,26900.0,27015.0,14393.0
2025-11-25 21:00:00,1764075600,27012.0,27075.0,26988.0,27013.0,12482.0
2025-11-25 22:00:00,1764079200,27011.0,27023.0,26650.0,26828.0,44187.0
2025-11-25 23:00:00,1764082800,26830.0,26905.0,26715.0,26842.0,33683.0
2025-11-26 00:00:00,1764086400,26840.0,26935.0,26820.0,26926.0,13829.0
2025-11-26 01:00:00,1764090000,26925.0,27055.0,26923.0,26975.0,12933.0
2025-11-26 02:00:00,1764093600,26975.0,27054.0,26972.0,27034.0,4881.0
2025-11-26 03:00:00,1764097200,27035.0,27092.0,27006.0,27075.0,6585.0
2025-11-26 04:00:00,1764100800,27076.0,27180.0,27074.0,27173.0,7876.0
2025-11-26 08:45:00,1764117900,27180.0,27383.0,27132.0,27347.0,46898.0
2025-11-26 09:45:00,1764121500,27346.0,27357.0,27279.0,27340.0,25002.0
2025-11-26 10:45:00,1764125100,27338.0,27381.0,27254.0,27265.0,18189.0
2025-11-26 11:45:00,1764128700,27265.0,27313.0,27264.0,27281.0,11390.0
2025-11-26 12:45:00,1764132300,27283.0,27354.0,27244.0,27332.0,18700.0
2025-11-26 15:00:00,1764140400,27352.0,27359.0,27312.0,27318.0,5099.0
2025-11-26 16:00:00,1764144000,27320.0,27366.0,27306.0,27310.0,5388.0
2025-11-26 17:00:00,1764147600,27310.0,27334.0,27282.0,27317.0,5718.0
2025-11-26 18:00:00,1764151200,27317.0,27347.0,27317.0,27340.0,2869.0
2025-11-26 19:00:00,1764154800,27340.0,27350.0,27309.0,27322.0,3401.0
2025-11-26 20:00:00,1764158400,27322.0,27330.0,27257.0,27306.0,9843.0
2025-11-26 21:00:00,1764162000,27306.0,27376.0,27301.0,27376.0,8987.0
2025-11-26 22:00:00,1764165600,27376.0,27463.0,27288.0,27300.0,30616.0
2025-11-26 23:00:00,1764169200,27298.0,27398.0,27224.0,27397.0,29972.0
2025-11-27 00:00:00,1764172800,27395.0,27491.0,27391.0,27486.0,14627.0
2025-11-27 01:00:00,1764176400,27486.0,27511.0,27441.0,27482.0,7686.0
2025-11-27 02:00:00,1764180000,27480.0,27504.0,27421.0,27477.0,6588.0
2025-11-27 03:00:00,1764183600,27474.0,27488.0,27459.0,27471.0,1647.0
2025-11-27 04:00:00,1764187200,27470.0,27484.0,27427.0,27448.0,2768.0
2025-11-27 08:45:00,1764204300,27520.0,27587.0,27476.0,27562.0,39405.0
2025-11-27 09:45:00,1764207900,27563.0,27649.0,27540.0,27634.0,26470.0
2025-11-27 10:45:00,1764211500,27635.0,27640.0,27478.0,27539.0,26611.0
2025-11-27 11:45:00,1764215100,27540.0,27557.0,27460.0,27510.0,14457.0
2025-11-27 12:45:00,1764218700,27510.0,27608.0,27497.0,27582.0,15757.0
2025-11-27 15:00:00,1764226800,27567.0,27589.0,27541.0,27580.0,5628.0
2025-11-27 16:00:00,1764230400,27581.0,27583.0,27545.0,27545.0,2788.0
2025-11-27 17:00:00,1764234000,27545.0,27570.0,27536.0,27545.0,3537.0
2025-11-27 18:00:00,1764237600,27545.0,27574.0,27543.0,27569.0,1434.0
2025-11-27 19:00:00,1764241200,27568.0,27571.0,27558.0,27563.0,1106.0
2025-11-27 20:00:00,1764244800,27561.0,27565.0,27538.0,27542.0,1908.0
2025-11-27 21:00:00,1764248400,27543.0,27556.0,27527.0,27543.0,3391.0
2025-11-27 22:00:00,1764252000,27543.0,27575.0,27523.0,27536.0,4978.0
2025-11-27 23:00:00,1764255600,27536.0,27558.0,27532.0,27555.0,1809.0
2025-11-28 00:00:00,1764259200,27556.0,27560.0,27540.0,27544.0,1043.0
2025-11-28 01:00:00,1764262800,27547.0,27558.0,27542.0,27557.0,511.0
2025-11-28 02:00:00,1764266400,27554.0,27560.0,27547.0,27553.0,357.0
2025-11-28 03:00:00,1764270000,27553.0,27562.0,27550.0,27552.0,334.0
2025-11-28 04:00:00,1764273600,27552.0,27563.0,27535.0,27561.0,1155.0
2025-11-28 08:45:00,1764290700,27590.0,27668.0,27557.0,27626.0,34216.0
2025-11-28 09:45:00,1764294300,27625.0,27747.0,27609.0,27721.0,26333.0
2025-11-28 10:45:00,1764297900,27722.0,27794.0,27722.0,27786.0,12832.0
2025-11-28 11:45:00,1764301500,27785.0,27815.0,27763.0,27808.0,7841.0
2025-11-28 12:45:00,1764305100,27809.0,27855.0,27726.0,27741.0,19841.0
2025-11-28 15:00:00,1764313200,27740.0,27780.0,27721.0,27739.0,4842.0
2025-11-28 16:00:00,1764316800,27738.0,27766.0,27725.0,27753.0,3220.0
2025-11-28 17:00:00,1764320400,27753.0,27766.0,27739.0,27759.0,1526.0
2025-11-28 18:00:00,1764324000,27757.0,27760.0,27744.0,27747.0,843.0
2025-11-28 19:00:00,1764327600,27746.0,27751.0,27733.0,27750.0,1351.0
2025-11-28 20:00:00,1764331200,27750.0,27798.0,27748.0,27778.0,4773.0
2025-11-28 21:00:00,1764334800,27779.0,27808.0,27770.0,27792.0,4381.0
2025-11-28 22:00:00,1764338400,27793.0,27806.0,27691.0,27769.0,16223.0
2025-11-28 23:00:00,1764342000,27771.0,27805.0,27735.0,27794.0,8614.0
2025-11-29 00:00:00,1764345600,27792.0,27864.0,27779.0,27858.0,11969.0
2025-11-29 01:00:00,1764349200,27857.0,27860.0,27806.0,27838.0,4828.0
2025-11-29 02:00:00,1764352800,27838.0,27847.0,27812.0,27826.0,2095.0
2025-11-29 03:00:00,1764356400,27825.0,27826.0,27790.0,27790.0,1643.0
2025-11-29 04:00:00,1764360000,27790.0,27801.0,27774.0,27786.0,2733.0
2025-12-01 08:45:00,1764549900,27655.0,27674.0,27525.0,27624.0,52767.0
2025-12-01 09:45:00,1764553500,27622.0,27641.0,27484.0,27538.0,27931.0
2025-12-01 10:45:00,1764557100,27538.0,27555.0,27491.0,27510.0,10831.0
2025-12-01 11:45:00,1764560700,27508.0,27544.0,27477.0,27510.0,8166.0
2025-12-01 12:45:00,1764564300,27512.0,27520.0,27401.0,27402.0,17124.0
2025-12-01 15:00:00,1764572400,27450.0,27477.0,27406.0,27474.0,8335.0
2025-12-01 16:00:00,1764576000,27474.0,27551.0,27468.0,27530.0,8586.0
2025-12-01 17:00:00,1764579600,27530.0,27558.0,27480.0,27484.0,6496.0
2025-12-01 18:00:00,1764583200,27485.0,27529.0,27484.0,27497.0,3668.0
2025-12-01 19:00:00,1764586800,27497.0,27505.0,27465.0,27486.0,3797.0
2025-12-01 20:00:00,1764590400,27486.0,27500.0,27421.0,27427.0,6081.0
2025-12-01 21:00:00,1764594000,27426.0,27536.0,27425.0,27532.0,9161.0
2025-12-01 22:00:00,1764597600,27530.0,27666.0,27501.0,27633.0,24657.0
2025-12-01 23:00:00,1764601200,27634.0,27687.0,27555.0,27677.0,21208.0
2025-12-02 00:00:00,1764604800,27677.0,27733.0,27628.0,27718.0,13067.0
2025-12-02 01:00:00,1764608400,27716.0,27736.0,27680.0,27688.0,5655.0
2025-12-02 02:00:00,1764612000,27687.0,27732.0,27686.0,27723.0,1844.0
2025-12-02 03:00:00,1764615600,27722.0,27723.0,27589.0,27593.0,5200.0
2025-12-02 04:00:00,1764619200,27593.0,27635.0,27580.0,27601.0,3654.0
2025-12-02 08:45:00,1764636300,27667.0,27789.0,27622.0,27689.0,41859.0
2025-12-02 09:45:00,1764639900,27689.0,27716.0,27603.0,27652.0,24278.0
2025-12-02 10:45:00,1764643500,27652.0,27674.0,27540.0,27611.0,18331.0
2025-12-02 11:45:00,1764647100,27608.0,27638.0,27578.0,27588.0,10159.0
2025-12-02 12:45:00,1764650700,27587.0,27595.0,27529.0,27561.0,15884.0
2025-12-02 15:00:00,1764658800,27570.0,27627.0,27570.0,27619.0,6356.0
2025-12-02 16:00:00,1764662400,27619.0,27696.0,27588.0,27695.0,8165.0
2025-12-02 17:00:00,1764666000,27694.0,27732.0,27686.0,27702.0,7575.0
2025-12-02 18:00:00,1764669600,27700.0,27747.0,27687.0,27743.0,4081.0
2025-12-02 19:00:00,1764673200,27743.0,27755.0,27728.0,27732.0,3764.0
2025-12-02 20:00:00,1764676800,27731.0,27762.0,27709.0,27761.0,5040.0
2025-12-02 21:00:00,1764680400,27761.0,27764.0,27706.0,27735.0,5357.0
2025-12-02 22:00:00,1764684000,27734.0,27822.0,27708.0,27814.0,17667.0
2025-12-02 23:00:00,1764687600,27815.0,27855.0,27721.0,27817.0,23487.0
2025-12-03 00:00:00,1764691200,27820.0,27834.0,27645.0,27721.0,24076.0
2025-12-03 01:00:00,1764694800,27719.0,27814.0,27713.0,27721.0,8483.0
2025-12-03 02:00:00,1764698400,27721.0,27773.0,27710.0,27737.0,4381.0
2025-12-03 03:00:00,1764702000,27738.0,27785.0,27723.0,27775.0,2168.0
2025-12-03 04:00:00,1764705600,27775.0,27825.0,27760.0,27801.0,3088.0
2025-12-03 08:45:00,1764722700,27801.0,27853.0,27766.0,27810.0,33129.0
2025-12-03 09:45:00,1764726300,27811.0,27888.0,27721.0,27769.0,35148.0
2025-12-03 10:45:00,1764729900,27771.0,27773.0,27690.0,27761.0,19252.0
2025-12-03 11:45:00,1764733500,27762.0,27780.0,27731.0,27748.0,7197.0
2025-12-03 12:45:00,1764737100,27746.0,27779.0,27722.0,27759.0,10054.0
2025-12-03 15:00:00,1764745200,27750.0,27764.0,27716.0,27735.0,5062.0
2025-12-03 16:00:00,1764748800,27736.0,27752.0,27713.0,27745.0,3775.0
2025-12-03 17:00:00,1764752400,27744.0,27772.0,27722.0,27771.0,3621.0
2025-12-03 18:00:00,1764756000,27770.0,27775.0,27733.0,27750.0,2790.0
2025-12-03 19:00:00,1764759600,27749.0,27779.0,27737.0,27771.0,2133.0
2025-12-03 20:00:00,1764763200,27770.0,27825.0,27760.0,27811.0,6030.0
2025-12-03 21:00:00,1764766800,27812.0,27835.0,27787.0,27808.0,6328.0
2025-12-03 22:00:00,1764770400,27809.0,27813.0,27611.0,27645.0,35012.0
2025-12-03 23:00:00,1764774000,27648.0,27773.0,27636.0,27727.0,23193.0
2025-12-04 00:00:00,1764777600,27728.0,27753.0,27656.0,27671.0,10407.0
2025-12-04 01:00:00,1764781200,27670.0,27747.0,27663.0,27735.0,5934.0
2025-12-04 02:00:00,1764784800,27736.0,27850.0,27734.0,27821.0,7663.0
2025-12-04 03:00:00,1764788400,27821.0,27844.0,27812.0,27829.0,2677.0
2025-12-04 04:00:00,1764792000,27830.0,27860.0,27828.0,27860.0,3533.0
2025-12-04 08:45:00,1764809100,27839.0,27879.0,27767.0,27835.0,33604.0
2025-12-04 09:45:00,1764812700,27833.0,27846.0,27719.0,27734.0,25627.0
2025-12-04 10:45:00,1764816300,27736.0,27784.0,27669.0,27714.0,15893.0
2025-12-04 11:45:00,1764819900,27717.0,27748.0,27688.0,27743.0,9498.0
2025-12-04 12:45:00,1764823500,27742.0,27817.0,27732.0,27800.0,13671.0
2025-12-04 15:00:00,1764831600,27828.0,27854.0,27821.0,27846.0,5551.0
2025-12-04 16:00:00,1764835200,27844.0,27852.0,27802.0,27814.0,4593.0
2025-12-04 17:00:00,1764838800,27814.0,27852.0,27796.0,27835.0,4122.0
2025-12-04 18:00:00,1764842400,27834.0,27839.0,27804.0,27804.0,2424.0
2025-12-04 19:00:00,1764846000,27805.0,27833.0,27804.0,27832.0,1880.0
2025-12-04 20:00:00,1764849600,27831.0,27838.0,27824.0,27831.0,1614.0
2025-12-04 21:00:00,1764853200,27830.0,27832.0,27774.0,27799.0,7072.0
2025-12-04 22:00:00,1764856800,27799.0,27847.0,27722.0,27724.0,22300.0
2025-12-04 23:00:00,1764860400,27726.0,27793.0,27718.0,27769.0,14824.0
2025-12-05 00:00:00,1764864000,27768.0,27793.0,27714.0,27790.0,8678.0
2025-12-05 01:00:00,1764867600,27790.0,27800.0,27754.0,27768.0,3566.0
2025-12-05 02:00:00,1764871200,27769.0,27784.0,27746.0,27771.0,1693.0
2025-12-05 03:00:00,1764874800,27770.0,27774.0,27702.0,27767.0,3808.0
2025-12-05 04:00:00,1764878400,27763.0,27769.0,27731.0,27767.0,1616.0
2025-12-05 08:45:00,1764895500,27790.0,27936.0,27763.0,27778.0,45775.0
2025-12-05 09:45:00,1764899100,27779.0,27896.0,27767.0,27868.0,23804.0
2025-12-05 10:45:00,1764902700,27868.0,27889.0,27811.0,27817.0,11294.0
2025-12-05 11:45:00,1764906300,27818.0,27962.0,27811.0,27955.0,17448.0
2025-12-05 12:45:00,1764909900,27955.0,28018.0,27931.0,28012.0,14756.0
2025-12-05 13:45:00,1764913500,28015.0,28016.0,28015.0,28016.0,2.0
2025-12-05 15:00:00,1764918000,28025.0,28063.0,28021.0,28052.0,6036.0
2025-12-05 16:00:00,1764921600,28053.0,28092.0,28033.0,28072.0,5744.0
2025-12-05 17:00:00,1764925200,28071.0,28078.0,28053.0,28065.0,2526.0
2025-12-05 18:00:00,1764928800,28065.0,28076.0,28052.0,28056.0,1460.0
2025-12-05 19:00:00,1764932400,28056.0,28085.0,28048.0,28081.0,2088.0
2025-12-05 20:00:00,1764936000,28079.0,28082.0,28058.0,28070.0,1837.0
2025-12-05 21:00:00,1764939600,28069.0,28073.0,27972.0,28008.0,11293.0
2025-12-05 22:00:00,1764943200,28007.0,28144.0,28003.0,28123.0,18452.0
2025-12-05 23:00:00,1764946800,28123.0,28182.0,28087.0,28109.0,18205.0
2025-12-06 00:00:00,1764950400,28109.0,28129.0,28058.0,28088.0,13725.0
2025-12-06 01:00:00,1764954000,28088.0,28095.0,28023.0,28073.0,8445.0
2025-12-06 02:00:00,1764957600,28075.0,28092.0,28041.0,28042.0,3887.0
2025-12-06 03:00:00,1764961200,28044.0,28049.0,28015.0,28043.0,3397.0
2025-12-06 04:00:00,1764964800,28042.0,28046.0,28003.0,28040.0,3728.0
2025-12-08 08:45:00,1765154700,28048.0,28128.0,28020.0,28125.0,29023.0
2025-12-08 09:45:00,1765158300,28127.0,28240.0,28125.0,28230.0,26717.0
2025-12-08 10:45:00,1765161900,28228.0,28285.0,28210.0,28230.0,13274.0
2025-12-08 11:45:00,1765165500,28232.0,28284.0,28225.0,28264.0,8693.0
2025-12-08 12:45:00,1765169100,28264.0,28298.0,28237.0,28287.0,14324.0
2025-12-08 15:00:00,1765177200,28281.0,28333.0,28272.0,28298.0,6610.0
2025-12-08 16:00:00,1765180800,28300.0,28304.0,28271.0,28278.0,4247.0
2025-12-08 17:00:00,1765184400,28279.0,28323.0,28277.0,28298.0,3220.0
2025-12-08 18:00:00,1765188000,28298.0,28307.0,28290.0,28302.0,1228.0
2025-12-08 19:00:00,1765191600,28302.0,28302.0,28257.0,28261.0,4593.0
2025-12-08 20:00:00,1765195200,28262.0,28297.0,28250.0,28290.0,3858.0
2025-12-08 21:00:00,1765198800,28291.0,28328.0,28270.0,28281.0,5039.0
2025-12-08 22:00:00,1765202400,28283.0,28296.0,28230.0,28239.0,13716.0
2025-12-08 23:00:00,1765206000,28242.0,28265.0,28188.0,28191.0,15078.0
2025-12-09 00:00:00,1765209600,28192.0,28231.0,28176.0,28195.0,8045.0
2025-12-09 01:00:00,1765213200,28194.0,28257.0,28169.0,28251.0,5838.0
2025-12-09 02:00:00,1765216800,28252.0,28274.0,28182.0,28202.0,4517.0
2025-12-09 03:00:00,1765220400,28203.0,28236.0,28189.0,28220.0,1491.0
2025-12-09 04:00:00,1765224000,28222.0,28254.0,28211.0,28254.0,1925.0
2025-12-09 08:45:00,1765241100,28349.0,28363.0,28245.0,28287.0,30904.0
2025-12-09 09:45:00,1765244700,28284.0,28309.0,28216.0,28236.0,17923.0
2025-12-09 10:45:00,1765248300,28234.0,28255.0,28207.0,28230.0,8401.0
2025-12-09 11:45:00,1765251900,28232.0,28280.0,28216.0,28278.0,7995.0
2025-12-09 12:45:00,1765255500,28278.0,28288.0,28205.0,28222.0,11405.0
2025-12-09 15:00:00,1765263600,28215.0,28239.0,28212.0,28237.0,3012.0
2025-12-09 16:00:00,1765267200,28236.0,28248.0,28210.0,28215.0,2647.0
2025-12-09 17:00:00,1765270800,28216.0,28216.0,28184.0,28187.0,3731.0
2025-12-09 18:00:00,1765274400,28187.0,28234.0,28178.0,28214.0,5041.0
2025-12-09 19:00:00,1765278000,28214.0,28223.0,28180.0,28216.0,3233.0
2025-12-09 20:00:00,1765281600,28217.0,28221.0,28192.0,28206.0,2204.0
2025-12-09 21:00:00,1765285200,28206.0,28214.0,28152.0,28156.0,5790.0
2025-12-09 22:00:00,1765288800,28155.0,28195.0,28132.0,28183.0,11802.0
2025-12-09 23:00:00,1765292400,28183.0,28239.0,28174.0,28229.0,11817.0
2025-12-10 00:00:00,1765296000,28227.0,28276.0,28227.0,28253.0,8896.0
2025-12-10 01:00:00,1765299600,28254.0,28293.0,28251.0,28278.0,4803.0
2025-12-10 02:00:00,1765303200,28278.0,28307.0,28263.0,28296.0,3413.0
2025-12-10 03:00:00,1765306800,28296.0,28310.0,28280.0,28288.0,1841.0
2025-12-10 04:00:00,1765310400,28288.0,28302.0,28276.0,28290.0,1698.0
2025-12-10 08:45:00,1765327500,28280.0,28366.0,28269.0,28293.0,33604.0
2025-12-10 09:45:00,1765331100,28294.0,28339.0,28253.0,28322.0,19026.0
2025-12-10 10:45:00,1765334700,28321.0,28392.0,28318.0,28386.0,15907.0
2025-12-10 11:45:00,1765338300,28386.0,28434.0,28375.0,28414.0,10155.0
2025-12-10 12:45:00,1765341900,28414.0,28435.0,28353.0,28396.0,14618.0
2025-12-10 15:00:00,1765350000,28414.0,28425.0,28396.0,28420.0,3290.0
2025-12-10 16:00:00,1765353600,28420.0,28447.0,28413.0,28427.0,3685.0
2025-12-10 17:00:00,1765357200,28426.0,28428.0,28396.0,28413.0,2637.0
2025-12-10 18:00:00,1765360800,28413.0,28425.0,28366.0,28387.0,5081.0
2025-12-10 19:00:00,1765364400,28386.0,28410.0,28380.0,28408.0,2604.0
2025-12-10 20:00:00,1765368000,28407.0,28408.0,28376.0,28385.0,2574.0
2025-12-10 21:00:00,1765371600,28385.0,28425.0,28379.0,28413.0,4265.0
2025-12-10 22:00:00,1765375200,28413.0,28420.0,28344.0,28403.0,14494.0
2025-12-10 23:00:00,1765378800,28402.0,28414.0,28362.0,28371.0,6592.0
2025-12-11 00:00:00,1765382400,28373.0,28409.0,28342.0,28395.0,6251.0
2025-12-11 01:00:00,1765386000,28395.0,28433.0,28372.0,28427.0,2972.0
2025-12-11 02:00:00,1765389600,28427.0,28437.0,28397.0,28412.0,2064.0
2025-12-11 03:00:00,1765393200,28411.0,28587.0,28405.0,28587.0,17865.0
2025-12-11 04:00:00,1765396800,28587.0,28699.0,28562.0,28677.0,10774.0
2025-12-11 08:45:00,1765413900,28609.0,28610.0,28435.0,28437.0,39665.0
2025-12-11 09:45:00,1765417500,28439.0,28448.0,28228.0,28246.0,41618.0
2025-12-11 10:45:00,1765421100,28247.0,28253.0,28059.0,28102.0,38946.0
2025-12-11 11:45:00,1765424700,28102.0,28174.0,28074.0,28121.0,14530.0
2025-12-11 12:45:00,1765428300,28120.0,28128.0,28060.0,28103.0,15425.0
2025-12-11 15:00:00,1765436400,28119.0,28148.0,28096.0,28142.0,5303.0
2025-12-11 16:00:00,1765440000,28141.0,28145.0,28093.0,28141.0,4555.0
2025-12-11 17:00:00,1765443600,28139.0,28195.0,28135.0,28186.0,6261.0
2025-12-11 18:00:00,1765447200,28186.0,28197.0,28163.0,28192.0,3717.0
2025-12-11 19:00:00,1765450800,28192.0,28222.0,28182.0,28216.0,3701.0
2025-12-11 20:00:00,1765454400,28218.0,28269.0,28216.0,28263.0,5843.0
2025-12-11 21:00:00,1765458000,28262.0,28272.0,28215.0,28244.0,7214.0
2025-12-11 22:00:00,1765461600,28244.0,28295.0,28162.0,28166.0,23402.0
2025-12-11 23:00:00,1765465200,28166.0,28304.0,28142.0,28252.0,25509.0
2025-12-12 00:00:00,1765468800,28252.0,28286.0,28208.0,28247.0,8820.0
2025-12-12 01:00:00,1765472400,28245.0,28313.0,28237.0,28284.0,6787.0
2025-12-12 02:00:00,1765476000,28282.0,28340.0,28282.0,28320.0,3982.0
2025-12-12 03:00:00,1765479600,28321.0,28345.0,28315.0,28337.0,1782.0
2025-12-12 04:00:00,1765483200,28332.0,28344.0,28313.0,28315.0,2075.0
2025-12-12 08:45:00,1765500300,28282.0,28342.0,28245.0,28297.0,32103.0
2025-12-12 09:45:00,1765503900,28299.0,28320.0,28246.0,28290.0,17510.0
2025-12-12 10:45:00,1765507500,28287.0,28304.0,28166.0,28179.0,17069.0
2025-12-12 11:45:00,1765511100,28179.0,28219.0,28156.0,28199.0,10593.0
2025-12-12 12:45:00,1765514700,28200.0,28304.0,28170.0,28295.0,13111.0
2025-12-12 13:45:00,1765518300,28293.0,28293.0,28293.0,28293.0,4.0
2025-12-12 15:00:00,1765522800,28279.0,28335.0,28272.0,28324.0,6895.0
2025-12-12 16:00:00,1765526400,28326.0,28329.0,28291.0,28297.0,3608.0
2025-12-12 17:00:00,1765530000,28295.0,28299.0,28248.0,28263.0,5303.0
2025-12-12 18:00:00,1765533600,28263.0,28290.0,28233.0,28247.0,4498.0
2025-12-12 19:00:00,1765537200,28245.0,28246.0,28192.0,28218.0,6123.0
2025-12-12 20:00:00,1765540800,28218.0,28255.0,28197.0,28243.0,4968.0
2025-12-12 21:00:00,1765544400,28242.0,28264.0,28231.0,28263.0,4065.0
2025-12-12 22:00:00,1765548000,28263.0,28274.0,28127.0,28143.0,18124.0
2025-12-12 23:00:00,1765551600,28142.0,28144.0,27856.0,27868.0,38019.0
2025-12-13 00:00:00,1765555200,27867.0,27910.0,27763.0,27842.0,26811.0
2025-12-13 01:00:00,1765558800,27842.0,27908.0,27818.0,27866.0,14574.0
2025-12-13 02:00:00,1765562400,27869.0,27942.0,27825.0,27828.0,8412.0
2025-12-13 03:00:00,1765566000,27826.0,27835.0,27784.0,27805.0,5163.0
2025-12-13 04:00:00,1765569600,27806.0,27811.0,27712.0,27719.0,7378.0
2025-12-15 08:45:00,1765759500,27822.0,27907.0,27754.0,27889.0,37419.0
2025-12-15 09:45:00,1765763100,27889.0,27983.0,27860.0,27926.0,20306.0
2025-12-15 10:45:00,1765766700,27923.0,27966.0,27910.0,27923.0,8683.0
2025-12-15 11:45:00,1765770300,27923.0,27952.0,27876.0,27941.0,9572.0
2025-12-15 12:45:00,1765773900,27939.0,27965.0,27905.0,27908.0,9970.0
2025-12-15 15:00:00,1765782000,27898.0,27911.0,27840.0,27867.0,7026.0
2025-12-15 16:00:00,1765785600,27864.0,27942.0,27853.0,27941.0,5801.0
2025-12-15 17:00:00,1765789200,27942.0,27970.0,27933.0,27964.0,3735.0
2025-12-15 18:00:00,1765792800,27963.0,27973.0,27943.0,27955.0,2114.0
2025-12-15 19:00:00,1765796400,27955.0,27979.0,27949.0,27974.0,2127.0
2025-12-15 20:00:00,1765800000,27974.0,27975.0,27930.0,27970.0,3326.0
2025-12-15 21:00:00,1765803600,27969.0,28025.0,27944.0,28011.0,5609.0
2025-12-15 22:00:00,1765807200,28010.0,28030.0,27827.0,27847.0,20093.0
2025-12-15 23:00:00,1765810800,27850.0,27885.0,27735.0,27830.0,26932.0
2025-12-16 00:00:00,1765814400,27835.0,27932.0,27811.0,27855.0,12167.0
2025-12-16 01:00:00,1765818000,27857.0,27865.0,27768.0,27809.0,5605.0
2025-12-16 02:00:00,1765821600,27806.0,27851.0,27753.0,27815.0,4522.0
2025-12-16 03:00:00,1765825200,27815.0,27839.0,27784.0,27811.0,1886.0
2025-12-16 04:00:00,1765828800,27808.0,27810.0,27663.0,27669.0,6385.0
2025-12-16 08:45:00,1765845900,27600.0,27683.0,27518.0,27518.0,43500.0
2025-12-16 09:45:00,1765849500,27519.0,27573.0,27457.0,27517.0,26332.0
2025-12-16 10:45:00,1765853100,27515.0,27520.0,27410.0,27464.0,15951.0
2025-12-16 11:45:00,1765856700,27464.0,27674.0,27454.0,27649.0,21631.0
2025-12-16 12:45:00,1765860300,27650.0,27691.0,27594.0,27627.0,14373.0
2025-12-16 15:00:00,1765868400,27702.0,27732.0,27678.0,27716.0,1557.0
2025-12-16 16:00:00,1765872000,27721.0,27820.0,27721.0,27809.0,2276.0
2025-12-16 17:00:00,1765875600,27809.0,27813.0,27732.0,27742.0,1770.0
2025-12-16 18:00:00,1765879200,27739.0,27800.0,27722.0,27777.0,1664.0
2025-12-16 19:00:00,1765882800,27777.0,27810.0,27757.0,27809.0,851.0
2025-12-16 20:00:00,1765886400,27808.0,27828.0,27795.0,27800.0,1500.0
2025-12-16 21:00:00,1765890000,27797.0,27867.0,27749.0,27768.0,4134.0
2025-12-16 22:00:00,1765893600,27765.0,27859.0,27733.0,27854.0,6057.0
2025-12-16 23:00:00,1765897200,27856.0,27864.0,27681.0,27787.0,6646.0
2025-12-17 00:00:00,1765900800,27789.0,27797.0,27711.0,27780.0,2012.0
2025-12-17 01:00:00,1765904400,27780.0,27794.0,27702.0,27707.0,1082.0
2025-12-17 02:00:00,1765908000,27706.0,27796.0,27662.0,27763.0,1978.0
2025-12-17 03:00:00,1765911600,27762.0,27779.0,27700.0,27763.0,704.0
2025-12-17 04:00:00,1765915200,27756.0,27820.0,27740.0,27789.0,956.0
2025-12-17 08:45:00,1765932300,27714.0,27820.0,27699.0,27802.0,11128.0
2025-12-17 09:45:00,1765935900,27802.0,27820.0,27736.0,27785.0,7978.0
2025-12-17 10:45:00,1765939500,27786.0,27855.0,27776.0,27829.0,6276.0
2025-12-17 11:45:00,1765943100,27831.0,27858.0,27660.0,27666.0,11300.0
2025-12-17 12:45:00,1765946700,27665.0,27693.0,27591.0,27689.0,19403.0
2025-12-17 15:00:00,1765954800,27749.0,27855.0,27748.0,27848.0,16265.0
2025-12-17 16:00:00,1765958400,27849.0,27885.0,27837.0,27872.0,7299.0
2025-12-17 17:00:00,1765962000,27872.0,27935.0,27871.0,27924.0,6632.0
2025-12-17 18:00:00,1765965600,27926.0,27944.0,27910.0,27936.0,3758.0
2025-12-17 19:00:00,1765969200,27937.0,27946.0,27909.0,27942.0,3998.0
2025-12-17 20:00:00,1765972800,27941.0,27960.0,27934.0,27938.0,3195.0
2025-12-17 21:00:00,1765976400,27939.0,27960.0,27880.0,27934.0,11026.0
2025-12-17 22:00:00,1765980000,27932.0,27945.0,27857.0,27922.0,18195.0
2025-12-17 23:00:00,1765983600,27922.0,27927.0,27540.0,27563.0,43110.0
2025-12-18 00:00:00,1765987200,27562.0,27622.0,27497.0,27586.0,30105.0
2025-12-18 01:00:00,1765990800,27586.0,27607.0,27515.0,27553.0,10943.0
2025-12-18 02:00:00,1765994400,27553.0,27575.0,27367.0,27394.0,13709.0
2025-12-18 03:00:00,1765998000,27396.0,27420.0,27348.0,27394.0,5931.0
2025-12-18 04:00:00,1766001600,27392.0,27474.0,27357.0,27407.0,5639.0
2025-12-18 08:45:00,1766018700,27493.0,27648.0,27466.0,27628.0,45600.0
2025-12-18 09:45:00,1766022300,27628.0,27680.0,27534.0,27642.0,28951.0
2025-12-18 10:45:00,1766025900,27640.0,27674.0,27458.0,27479.0,23748.0
2025-12-18 11:45:00,1766029500,27480.0,27607.0,27475.0,27605.0,13157.0
2025-12-18 12:45:00,1766033100,27604.0,27630.0,27574.0,27587.0,12743.0
2025-12-18 15:00:00,1766041200,27588.0,27640.0,27577.0,27610.0,5557.0
2025-12-18 16:00:00,1766044800,27611.0,27630.0,27578.0,27615.0,5312.0
2025-12-18 17:00:00,1766048400,27612.0,27695.0,27601.0,27695.0,6657.0
2025-12-18 18:00:00,1766052000,27694.0,27705.0,27654.0,27660.0,5452.0
2025-12-18 19:00:00,1766055600,27662.0,27698.0,27656.0,27680.0,3586.0
2025-12-18 20:00:00,1766059200,27678.0,27716.0,27672.0,27703.0,5018.0
2025-12-18 21:00:00,1766062800,27702.0,27850.0,27691.0,27830.0,18201.0
2025-12-18 22:00:00,1766066400,27829.0,27890.0,27735.0,27837.0,28750.0
2025-12-18 23:00:00,1766070000,27837.0,27915.0,27781.0,27875.0,23461.0
2025-12-19 00:00:00,1766073600,27875.0,27911.0,27863.0,27894.0,6785.0
2025-12-19 01:00:00,1766077200,27893.0,27896.0,27748.0,27861.0,17790.0
2025-12-19 02:00:00,1766080800,27860.0,27895.0,27837.0,27857.0,3519.0
2025-12-19 03:00:00,1766084400,27858.0,27868.0,27791.0,27801.0,3674.0
2025-12-19 04:00:00,1766088000,27799.0,27875.0,27782.0,27819.0,3748.0
2025-12-19 08:45:00,1766105100,27802.0,27910.0,27797.0,27881.0,32776.0
2025-12-19 09:45:00,1766108700,27882.0,27944.0,27841.0,27886.0,24557.0
2025-12-19 10:45:00,1766112300,27884.0,27984.0,27816.0,27946.0,28457.0
2025-12-19 11:45:00,1766115900,27945.0,27958.0,27840.0,27857.0,16402.0
2025-12-19 12:45:00,1766119500,27858.0,27918.0,27841.0,27897.0,16108.0
2025-12-19 15:00:00,1766127600,27888.0,27975.0,27887.0,27940.0,9449.0
2025-12-19 16:00:00,1766131200,27937.0,27961.0,27922.0,27946.0,3978.0
2025-12-19 17:00:00,1766134800,27944.0,27970.0,27928.0,27967.0,3345.0
2025-12-19 18:00:00,1766138400,27966.0,27967.0,27913.0,27927.0,4163.0
2025-12-19 19:00:00,1766142000,27925.0,27931.0,27888.0,27895.0,5187.0
2025-12-19 20:00:00,1766145600,27896.0,27917.0,27869.0,27891.0,5896.0
2025-12-19 21:00:00,1766149200,27893.0,27945.0,27885.0,27944.0,4523.0
2025-12-19 22:00:00,1766152800,27945.0,28145.0,27918.0,28142.0,26869.0
2025-12-19 23:00:00,1766156400,28141.0,28177.0,28078.0,28119.0,18775.0
2025-12-20 00:00:00,1766160000,28118.0,28171.0,28108.0,28129.0,9462.0
2025-12-20 01:00:00,1766163600,28130.0,28188.0,28130.0,28170.0,5887.0
2025-12-20 02:00:00,1766167200,28169.0,28180.0,28151.0,28159.0,2121.0
2025-12-20 03:00:00,1766170800,28157.0,28171.0,28140.0,28143.0,1669.0
2025-12-20 04:00:00,1766174400,28144.0,28161.0,28102.0,28123.0,3911.0
2025-12-22 08:45:00,1766364300,28265.0,28303.0,28170.0,28179.0,35332.0
2025-12-22 09:45:00,1766367900,28178.0,28319.0,28172.0,28314.0,20498.0
2025-12-22 10:45:00,1766371500,28315.0,28368.0,28302.0,28345.0,17616.0
2025-12-22 11:45:00,1766375100,28345.0,28348.0,28271.0,28309.0,10771.0
2025-12-22 12:45:00,1766378700,28310.0,28346.0,28300.0,28339.0,10082.0
2025-12-22 15:00:00,1766386800,28351.0,28377.0,28328.0,28335.0,4593.0
2025-12-22 16:00:00,1766390400,28335.0,28357.0,28308.0,28320.0,3011.0
2025-12-22 17:00:00,1766394000,28319.0,28363.0,28313.0,28348.0,2789.0
2025-12-22 18:00:00,1766397600,28347.0,28354.0,28335.0,28340.0,1321.0
2025-12-22 19:00:00,1766401200,28339.0,28346.0,28305.0,28312.0,3126.0
2025-12-22 20:00:00,1766404800,28313.0,28350.0,28301.0,28348.0,3237.0
2025-12-22 21:00:00,1766408400,28348.0,28365.0,28339.0,28355.0,2636.0
2025-12-22 22:00:00,1766412000,28354.0,28399.0,28290.0,28336.0,20289.0
2025-12-22 23:00:00,1766415600,28337.0,28346.0,28296.0,28326.0,7388.0
2025-12-23 00:00:00,1766419200,28325.0,28371.0,28318.0,28329.0,4702.0
2025-12-23 01:00:00,1766422800,28330.0,28358.0,28326.0,28358.0,1653.0
2025-12-23 02:00:00,1766426400,28358.0,28362.0,28327.0,28346.0,1081.0
2025-12-23 03:00:00,1766430000,28345.0,28350.0,28330.0,28339.0,514.0
2025-12-23 04:00:00,1766433600,28340.0,28346.0,28315.0,28345.0,1375.0
2025-12-23 08:45:00,1766450700,28387.0,28416.0,28358.0,28398.0,25311.0
2025-12-23 09:45:00,1766454300,28396.0,28455.0,28370.0,28384.0,22097.0
2025-12-23 10:45:00,1766457900,28384.0,28445.0,28380.0,28431.0,8576.0
2025-12-23 11:45:00,1766461500,28432.0,28435.0,28380.0,28408.0,7480.0
2025-12-23 12:45:00,1766465100,28408.0,28418.0,28369.0,28417.0,7729.0
2025-12-23 15:00:00,1766473200,28407.0,28424.0,28386.0,28408.0,3239.0
2025-12-23 16:00:00,1766476800,28408.0,28447.0,28406.0,28426.0,2949.0
2025-12-23 17:00:00,1766480400,28425.0,28483.0,28424.0,28472.0,4917.0
2025-12-23 18:00:00,1766484000,28471.0,28475.0,28455.0,28468.0,2009.0
2025-12-23 19:00:00,1766487600,28467.0,28474.0,28456.0,28463.0,1323.0
2025-12-23 20:00:00,1766491200,28462.0,28467.0,28436.0,28462.0,3046.0
2025-12-23 21:00:00,1766494800,28463.0,28471.0,28349.0,28351.0,11030.0
2025-12-23 22:00:00,1766498400,28350.0,28440.0,28335.0,28392.0,16643.0
2025-12-23 23:00:00,1766502000,28392.0,28453.0,28361.0,28443.0,10321.0
2025-12-24 00:00:00,1766505600,28443.0,28478.0,28440.0,28477.0,5050.0
2025-12-24 01:00:00,1766509200,28475.0,28507.0,28472.0,28498.0,5859.0
2025-12-24 02:00:00,1766512800,28499.0,28548.0,28499.0,28546.0,3376.0
2025-12-24 03:00:00,1766516400,28548.0,28559.0,28540.0,28552.0,1896.0
2025-12-24 04:00:00,1766520000,28551.0,28560.0,28536.0,28560.0,2124.0
2025-12-24 08:45:00,1766537100,28575.0,28588.0,28484.0,28497.0,22009.0
2025-12-24 09:45:00,1766540700,28496.0,28503.0,28405.0,28429.0,20821.0
2025-12-24 10:45:00,1766544300,28429.0,28455.0,28403.0,28415.0,10150.0
2025-12-24 11:45:00,1766547900,28415.0,28456.0,28408.0,28418.0,6753.0
2025-12-24 12:45:00,1766551500,28419.0,28478.0,28400.0,28471.0,9716.0
2025-12-24 15:00:00,1766559600,28468.0,28485.0,28461.0,28475.0,2548.0
2025-12-24 16:00:00,1766563200,28475.0,28497.0,28475.0,28480.0,2708.0
2025-12-24 17:00:00,1766566800,28479.0,28492.0,28471.0,28472.0,1429.0
2025-12-24 18:00:00,1766570400,28471.0,28482.0,28457.0,28479.0,1707.0
2025-12-24 19:00:00,1766574000,28479.0,28517.0,28478.0,28508.0,2985.0
2025-12-24 20:00:00,1766577600,28507.0,28534.0,28504.0,28530.0,3188.0
2025-12-24 21:00:00,1766581200,28529.0,28531.0,28495.0,28512.0,3322.0
2025-12-24 22:00:00,1766584800,28512.0,28523.0,28470.0,28510.0,6231.0
2025-12-24 23:00:00,1766588400,28508.0,28525.0,28492.0,28520.0,3886.0
2025-12-25 00:00:00,1766592000,28522.0,28568.0,28519.0,28540.0,6151.0
2025-12-25 01:00:00,1766595600,28541.0,28555.0,28526.0,28533.0,1765.0
2025-12-25 02:00:00,1766599200,28529.0,28537.0,28510.0,28520.0,1638.0
2025-12-25 03:00:00,1766602800,28518.0,28545.0,28515.0,28536.0,785.0
2025-12-25 04:00:00,1766606400,28535.0,28539.0,28519.0,28534.0,970.0
2025-12-26 08:45:00,1766709900,28583.0,28679.0,28537.0,28550.0,32114.0
2025-12-26 09:45:00,1766713500,28550.0,28617.0,28541.0,28603.0,15184.0
2025-12-26 10:45:00,1766717100,28605.0,28714.0,28603.0,28675.0,18526.0
2025-12-26 11:45:00,1766720700,28675.0,28684.0,28630.0,28671.0,8245.0
2025-12-26 12:45:00,1766724300,28672.0,28698.0,28660.0,28673.0,8577.0
2025-12-26 15:00:00,1766732400,28663.0,28693.0,28657.0,28671.0,2875.0
2025-12-26 16:00:00,1766736000,28671.0,28685.0,28654.0,28684.0,1533.0
2025-12-26 17:00:00,1766739600,28680.0,28710.0,28680.0,28706.0,2496.0
2025-12-26 18:00:00,1766743200,28706.0,28720.0,28696.0,28706.0,1853.0
2025-12-26 19:00:00,1766746800,28706.0,28710.0,28675.0,28683.0,2047.0
2025-12-26 20:00:00,1766750400,28684.0,28700.0,28678.0,28693.0,1501.0
2025-12-26 21:00:00,1766754000,28692.0,28715.0,28680.0,28696.0,2309.0
2025-12-26 22:00:00,1766757600,28697.0,28700.0,28620.0,28641.0,12483.0
2025-12-26 23:00:00,1766761200,28640.0,28707.0,28616.0,28705.0,9827.0
2025-12-27 00:00:00,1766764800,28705.0,28735.0,28687.0,28693.0,6898.0
2025-12-27 01:00:00,1766768400,28692.0,28699.0,28654.0,28698.0,3979.0
2025-12-27 02:00:00,1766772000,28698.0,28705.0,28677.0,28700.0,1628.0
2025-12-27 03:00:00,1766775600,28698.0,28702.0,28679.0,28690.0,879.0
2025-12-27 04:00:00,1766779200,28686.0,28707.0,28677.0,28707.0,1968.0
2025-12-29 08:45:00,1766969100,28743.0,28852.0,28710.0,28843.0,33953.0
2025-12-29 09:45:00,1766972700,28842.0,28928.0,28840.0,28910.0,20830.0
2025-12-29 10:45:00,1766976300,28908.0,28942.0,28866.0,28927.0,13315.0
2025-12-29 11:45:00,1766979900,28928.0,28997.0,28927.0,28983.0,11091.0
2025-12-29 12:45:00,1766983500,28982.0,28988.0,28907.0,28946.0,13419.0
2025-12-29 13:45:00,1766987100,28947.0,28947.0,28947.0,28947.0,1.0
2025-12-29 15:00:00,1766991600,28938.0,28955.0,28916.0,28923.0,3364.0
2025-12-29 16:00:00,1766995200,28924.0,28926.0,28868.0,28873.0,6594.0
2025-12-29 17:00:00,1766998800,28875.0,28896.0,28850.0,28864.0,5069.0
2025-12-29 18:00:00,1767002400,28863.0,28885.0,28861.0,28877.0,2173.0
2025-12-29 19:00:00,1767006000,28877.0,28883.0,28859.0,28862.0,2165.0
2025-12-29 20:00:00,1767009600,28862.0,28875.0,28826.0,28832.0,4967.0
2025-12-29 21:00:00,1767013200,28832.0,28858.0,28788.0,28797.0,8004.0
2025-12-29 22:00:00,1767016800,28798.0,28827.0,28732.0,28771.0,17716.0
2025-12-29 23:00:00,1767020400,28773.0,28814.0,28736.0,28768.0,10596.0
2025-12-30 00:00:00,1767024000,28766.0,28783.0,28723.0,28748.0,4887.0
2025-12-30 01:00:00,1767027600,28748.0,28766.0,28715.0,28755.0,3322.0
2025-12-30 02:00:00,1767031200,28753.0,28784.0,28732.0,28732.0,1907.0
2025-12-30 03:00:00,1767034800,28734.0,28808.0,28728.0,28803.0,1819.0
2025-12-30 04:00:00,1767038400,28800.0,28810.0,28785.0,28785.0,1654.0
2025-12-30 08:45:00,1767055500,28796.0,28818.0,28705.0,28807.0,28356.0
2025-12-30 09:45:00,1767059100,28808.0,28846.0,28745.0,28768.0,17121.0
2025-12-30 10:45:00,1767062700,28766.0,28882.0,28760.0,28861.0,13434.0
2025-12-30 11:45:00,1767066300,28860.0,28942.0,28858.0,28909.0,13289.0
2025-12-30 12:45:00,1767069900,28908.0,28923.0,28858.0,28879.0,11573.0
2025-12-30 13:45:00,1767073500,28881.0,28881.0,28881.0,28881.0,2.0
2025-12-30 15:00:00,1767078000,28866.0,28881.0,28786.0,28807.0,7800.0
2025-12-30 16:00:00,1767081600,28807.0,28880.0,28806.0,28878.0,5029.0
2025-12-30 17:00:00,1767085200,28877.0,28885.0,28845.0,28857.0,3837.0
2025-12-30 18:00:00,1767088800,28857.0,28877.0,28855.0,28860.0,1592.0
2025-12-30 19:00:00,1767092400,28861.0,28892.0,28842.0,28889.0,2770.0
2025-12-30 20:00:00,1767096000,28889.0,28908.0,28878.0,28889.0,3338.0
2025-12-30 21:00:00,1767099600,28888.0,28918.0,28880.0,28915.0,3823.0
2025-12-30 22:00:00,1767103200,28914.0,28933.0,28857.0,28916.0,12387.0
2025-12-30 23:00:00,1767106800,28916.0,28940.0,28886.0,28935.0,6399.0
2025-12-31 00:00:00,1767110400,28935.0,28972.0,28925.0,28937.0,6397.0
2025-12-31 01:00:00,1767114000,28937.0,28946.0,28911.0,28935.0,1791.0
2025-12-31 02:00:00,1767117600,28934.0,28953.0,28924.0,28946.0,1036.0
2025-12-31 03:00:00,1767121200,28944.0,28947.0,28914.0,28918.0,927.0
2025-12-31 04:00:00,1767124800,28918.0,28918.0,28872.0,28873.0,3128.0
2025-12-31 08:45:00,1767141900,28838.0,28924.0,28782.0,28919.0,32717.0
2025-12-31 09:45:00,1767145500,28917.0,28956.0,28862.0,28948.0,21234.0
2025-12-31 10:45:00,1767149100,28948.0,29015.0,28948.0,29009.0,17089.0
2025-12-31 11:45:00,1767152700,29007.0,29033.0,28984.0,29027.0,9492.0
2025-12-31 12:45:00,1767156300,29028.0,29053.0,28960.0,29017.0,17414.0
2025-12-31 15:00:00,1767164400,29011.0,29074.0,29011.0,29054.0,6100.0
2025-12-31 16:00:00,1767168000,29054.0,29060.0,28997.0,29002.0,4156.0
2025-12-31 17:00:00,1767171600,29001.0,29020.0,29000.0,29005.0,1796.0
2025-12-31 18:00:00,1767175200,29004.0,29013.0,28988.0,29007.0,2103.0
2025-12-31 19:00:00,1767178800,29006.0,29014.0,28982.0,28998.0,2054.0
2025-12-31 20:00:00,1767182400,28997.0,29036.0,28989.0,29032.0,3017.0
2025-12-31 21:00:00,1767186000,29031.0,29095.0,29023.0,29081.0,5651.0
2025-12-31 22:00:00,1767189600,29079.0,29094.0,29042.0,29082.0,8647.0
2025-12-31 23:00:00,1767193200,29082.0,29083.0,29022.0,29035.0,6299.0
2026-01-01 00:00:00,1767196800,29034.0,29063.0,29011.0,29062.0,4096.0
2026-01-01 01:00:00,1767200400,29062.0,29076.0,29036.0,29061.0,2255.0
2026-01-01 02:00:00,1767204000,29060.0,29100.0,29054.0,29097.0,2797.0
2026-01-01 03:00:00,1767207600,29097.0,29118.0,29053.0,29066.0,3230.0
2026-01-01 04:00:00,1767211200,29065.0,29065.0,28960.0,29005.0,7603.0
2026-01-02 08:45:00,1767314700,29051.0,29206.0,29025.0,29194.0,36540.0
2026-01-02 09:45:00,1767318300,29196.0,29406.0,29164.0,29401.0,33158.0
2026-01-02 10:45:00,1767321900,29402.0,29453.0,29387.0,29421.0,16856.0
2026-01-02 11:45:00,1767325500,29422.0,29478.0,29408.0,29476.0,11802.0
2026-01-02 12:45:00,1767329100,29477.0,29499.0,29453.0,29476.0,14308.0
2026-01-02 15:00:00,1767337200,29500.0,29518.0,29463.0,29508.0,4910.0
2026-01-02 16:00:00,1767340800,29507.0,29588.0,29503.0,29582.0,7404.0
2026-01-02 17:00:00,1767344400,29582.0,29658.0,29576.0,29634.0,8692.0
2026-01-02 18:00:00,1767348000,29635.0,29638.0,29572.0,29617.0,6732.0
2026-01-02 19:00:00,1767351600,29617.0,29637.0,29608.0,29636.0,2484.0
2026-01-02 20:00:00,1767355200,29635.0,29635.0,29602.0,29613.0,2421.0
2026-01-02 21:00:00,1767358800,29612.0,29641.0,29548.0,29565.0,6871.0
2026-01-02 22:00:00,1767362400,29563.0,29745.0,29552.0,29730.0,19502.0
2026-01-02 23:00:00,1767366000,29730.0,29795.0,29541.0,29593.0,37696.0
2026-01-03 00:00:00,1767369600,29594.0,29642.0,29562.0,29614.0,13990.0
2026-01-03 01:00:00,1767373200,29612.0,29683.0,29595.0,29634.0,7121.0
2026-01-03 02:00:00,1767376800,29634.0,29656.0,29600.0,29637.0,3279.0
2026-01-03 03:00:00,1767380400,29637.0,29752.0,29631.0,29720.0,5164.0
2026-01-03 04:00:00,1767384000,29719.0,29776.0,29707.0,29775.0,3843.0
2026-01-05 08:45:00,1767573900,29889.0,30182.0,29850.0,30177.0,59250.0
2026-01-05 09:45:00,1767577500,30179.0,30385.0,30138.0,30319.0,44296.0
2026-01-05 10:45:00,1767581100,30320.0,30488.0,30292.0,30391.0,23365.0
2026-01-05 11:45:00,1767584700,30392.0,30396.0,30306.0,30339.0,15765.0
2026-01-05 12:45:00,1767588300,30339.0,30353.0,30253.0,30309.0,17954.0
2026-01-05 13:45:00,1767591900,30310.0,30310.0,30310.0,30310.0,1.0
2026-01-05 15:00:00,1767596400,30350.0,30378.0,30274.0,30344.0,7726.0
2026-01-05 16:00:00,1767600000,30344.0,30390.0,30308.0,30341.0,6181.0
2026-01-05 17:00:00,1767603600,30343.0,30364.0,30313.0,30335.0,4178.0
2026-01-05 18:00:00,1767607200,30335.0,30362.0,30291.0,30304.0,3603.0
2026-01-05 19:00:00,1767610800,30303.0,30343.0,30283.0,30327.0,3295.0
2026-01-05 20:00:00,1767614400,30329.0,30352.0,30310.0,30317.0,2552.0
2026-01-05 21:00:00,1767618000,30319.0,30340.0,30225.0,30329.0,10915.0
2026-01-05 22:00:00,1767621600,30332.0,30377.0,30226.0,30256.0,16839.0
2026-01-05 23:00:00,1767625200,30257.0,30353.0,30210.0,30349.0,13694.0
2026-01-06 00:00:00,1767628800,30347.0,30418.0,30316.0,30362.0,8795.0
2026-01-06 01:00:00,1767632400,30364.0,30370.0,30301.0,30315.0,5180.0
2026-01-06 02:00:00,1767636000,30319.0,30325.0,30272.0,30312.0,3391.0
2026-01-06 03:00:00,1767639600,30313.0,30319.0,30278.0,30283.0,1081.0
2026-01-06 04:00:00,1767643200,30285.0,30298.0,30266.0,30290.0,1783.0
2026-01-06 08:45:00,1767660300,30285.0,30369.0,30183.0,30319.0,36099.0
2026-01-06 09:45:00,1767663900,30320.0,30449.0,30318.0,30448.0,19075.0
2026-01-06 10:45:00,1767667500,30449.0,30597.0,30440.0,30535.0,23438.0
2026-01-06 11:45:00,1767671100,30533.0,30634.0,30512.0,30617.0,12282.0
2026-01-06 12:45:00,1767674700,30617.0,30673.0,30578.0,30614.0,17159.0
2026-01-06 15:00:00,1767682800,30628.0,30640.0,30555.0,30572.0,6980.0
2026-01-06 16:00:00,1767686400,30574.0,30576.0,30455.0,30512.0,10887.0
2026-01-06 17:00:00,1767690000,30511.0,30535.0,30477.0,30499.0,6224.0
2026-01-06 18:00:00,1767693600,30500.0,30535.0,30481.0,30525.0,3420.0
2026-01-06 19:00:00,1767697200,30526.0,30539.0,30505.0,30509.0,2477.0
2026-01-06 20:00:00,1767700800,30510.0,30572.0,30510.0,30559.0,4635.0
2026-01-06 21:00:00,1767704400,30559.0,30573.0,30513.0,30524.0,4904.0
2026-01-06 22:00:00,1767708000,30524.0,30645.0,30504.0,30636.0,15883.0
2026-01-06 23:00:00,1767711600,30636.0,30664.0,30523.0,30529.0,16509.0
2026-01-07 00:00:00,1767715200,30529.0,30576.0,30490.0,30541.0,9583.0
2026-01-07 01:00:00,1767718800,30540.0,30595.0,30530.0,30575.0,3790.0
2026-01-07 02:00:00,1767722400,30575.0,30611.0,30557.0,30590.0,2247.0
2026-01-07 03:00:00,1767726000,30588.0,30592.0,30569.0,30590.0,1033.0
2026-01-07 04:00:00,1767729600,30587.0,30614.0,30575.0,30614.0,1791.0
2026-01-07 08:45:00,1767746700,30606.0,30642.0,30450.0,30529.0,41509.0
2026-01-07 09:45:00,1767750300,30528.0,30580.0,30457.0,30575.0,19691.0
2026-01-07 10:45:00,1767753900,30577.0,30676.0,30556.0,30598.0,18620.0
2026-01-07 11:45:00,1767757500,30598.0,30603.0,30488.0,30547.0,16020.0
2026-01-07 12:45:00,1767761100,30546.0,30554.0,30501.0,30521.0,11012.0
2026-01-07 15:00:00,1767769200,30509.0,30561.0,30473.0,30546.0,6417.0
2026-01-07 16:00:00,1767772800,30548.0,30562.0,30501.0,30509.0,4495.0
2026-01-07 17:00:00,1767776400,30509.0,30515.0,30464.0,30481.0,5416.0
2026-01-07 18:00:00,1767780000,30481.0,30513.0,30475.0,30496.0,2878.0
2026-01-07 19:00:00,1767783600,30497.0,30533.0,30482.0,30507.0,2923.0
2026-01-07 20:00:00,1767787200,30509.0,30520.0,30477.0,30497.0,3062.0
2026-01-07 21:00:00,1767790800,30497.0,30530.0,30476.0,30509.0,3330.0
2026-01-07 22:00:00,1767794400,30509.0,30513.0,30406.0,30428.0,18352.0
2026-01-07 23:00:00,1767798000,30428.0,30472.0,30371.0,30462.0,16977.0
2026-01-08 00:00:00,1767801600,30462.0,30506.0,30452.0,30496.0,6149.0
2026-01-08 01:00:00,1767805200,30496.0,30501.0,30393.0,30396.0,4319.0
2026-01-08 02:00:00,1767808800,30398.0,30419.0,30381.0,30398.0,3050.0
2026-01-08 03:00:00,1767812400,30398.0,30412.0,30351.0,30369.0,3004.0
2026-01-08 04:00:00,1767816000,30370.0,30379.0,30264.0,30306.0,6140.0
2026-01-08 08:45:00,1767833100,30377.0,30598.0,30349.0,30576.0,42733.0
2026-01-08 09:45:00,1767836700,30578.0,30662.0,30429.0,30491.0,39596.0
2026-01-08 10:45:00,1767840300,30491.0,30593.0,30418.0,30508.0,19641.0
2026-01-08 11:45:00,1767843900,30506.0,30565.0,30490.0,30524.0,8515.0
2026-01-08 12:45:00,1767847500,30521.0,30550.0,30452.0,30458.0,10124.0
2026-01-08 15:00:00,1767855600,30430.0,30556.0,30405.0,30495.0,10019.0
2026-01-08 16:00:00,1767859200,30495.0,30535.0,30488.0,30509.0,3391.0
2026-01-08 17:00:00,1767862800,30510.0,30549.0,30503.0,30547.0,2688.0
2026-01-08 18:00:00,1767866400,30546.0,30549.0,30507.0,30535.0,2385.0
2026-01-08 19:00:00,1767870000,30536.0,30542.0,30507.0,30520.0,2009.0
2026-01-08 20:00:00,1767873600,30518.0,30520.0,30479.0,30503.0,3489.0
2026-01-08 21:00:00,1767877200,30502.0,30574.0,30492.0,30540.0,5876.0
2026-01-08 22:00:00,1767880800,30541.0,30582.0,30435.0,30449.0,17479.0
2026-01-08 23:00:00,1767884400,30448.0,30482.0,30355.0,30409.0,22058.0
2026-01-09 00:00:00,1767888000,30411.0,30411.0,30337.0,30401.0,10811.0
2026-01-09 01:00:00,1767891600,30400.0,30429.0,30347.0,30414.0,4286.0
2026-01-09 02:00:00,1767895200,30411.0,30412.0,30348.0,30359.0,2831.0
2026-01-09 03:00:00,1767898800,30359.0,30399.0,30326.0,30390.0,2660.0
2026-01-09 04:00:00,1767902400,30390.0,30468.0,30380.0,30458.0,2792.0
2026-01-09 08:45:00,1767919500,30446.0,30465.0,30006.0,30179.0,61573.0
2026-01-09 09:45:00,1767923100,30178.0,30533.0,30172.0,30525.0,41917.0
2026-01-09 10:45:00,1767926700,30525.0,30578.0,30448.0,30499.0,24299.0
2026-01-09 11:45:00,1767930300,30500.0,30545.0,30460.0,30465.0,11014.0
2026-01-09 12:45:00,1767933900,30463.0,30476.0,30414.0,30456.0,16778.0
2026-01-09 15:00:00,1767942000,30468.0,30489.0,30417.0,30442.0,4806.0
2026-01-09 16:00:00,1767945600,30443.0,30484.0,30433.0,30454.0,3773.0
2026-01-09 17:00:00,1767949200,30456.0,30528.0,30448.0,30518.0,3953.0
2026-01-09 18:00:00,1767952800,30520.0,30536.0,30504.0,30530.0,2674.0
2026-01-09 19:00:00,1767956400,30529.0,30564.0,30515.0,30540.0,3632.0
2026-01-09 20:00:00,1767960000,30540.0,30546.0,30510.0,30520.0,3349.0
2026-01-09 21:00:00,1767963600,30521.0,30576.0,30488.0,30552.0,9011.0
2026-01-09 22:00:00,1767967200,30554.0,30650.0,30494.0,30629.0,20878.0
2026-01-09 23:00:00,1767970800,30630.0,30696.0,30502.0,30656.0,25136.0
2026-01-10 00:00:00,1767974400,30656.0,30776.0,30652.0,30775.0,12544.0
2026-01-10 01:00:00,1767978000,30775.0,30787.0,30736.0,30762.0,5793.0
2026-01-10 02:00:00,1767981600,30761.0,30802.0,30724.0,30778.0,3956.0
2026-01-10 03:00:00,1767985200,30777.0,30792.0,30762.0,30786.0,1571.0
2026-01-10 04:00:00,1767988800,30785.0,30838.0,30766.0,30821.0,3579.0
2026-01-12 08:45:00,1768178700,30726.0,30754.0,30600.0,30686.0,41506.0
2026-01-12 09:45:00,1768182300,30685.0,30697.0,30555.0,30655.0,27960.0
2026-01-12 10:45:00,1768185900,30655.0,30720.0,30633.0,30718.0,12873.0
2026-01-12 11:45:00,1768189500,30716.0,30741.0,30637.0,30643.0,12221.0
2026-01-12 12:45:00,1768193100,30641.0,30763.0,30635.0,30703.0,15560.0
2026-01-12 15:00:00,1768201200,30725.0,30818.0,30721.0,30801.0,9437.0
2026-01-12 16:00:00,1768204800,30800.0,30813.0,30706.0,30732.0,7833.0
2026-01-12 17:00:00,1768208400,30733.0,30767.0,30716.0,30732.0,4003.0
2026-01-12 18:00:00,1768212000,30731.0,30734.0,30668.0,30683.0,7165.0
2026-01-12 19:00:00,1768215600,30685.0,30718.0,30681.0,30698.0,2565.0
2026-01-12 20:00:00,1768219200,30699.0,30744.0,30690.0,30741.0,3249.0
2026-01-12 21:00:00,1768222800,30741.0,30746.0,30711.0,30730.0,3212.0
2026-01-12 22:00:00,1768226400,30728.0,30863.0,30653.0,30858.0,25210.0
2026-01-12 23:00:00,1768230000,30856.0,30987.0,30794.0,30980.0,22055.0
2026-01-13 00:00:00,1768233600,30979.0,31006.0,30952.0,30997.0,9047.0
2026-01-13 01:00:00,1768237200,30996.0,31048.0,30986.0,31040.0,5676.0
2026-01-13 02:00:00,1768240800,31040.0,31092.0,31039.0,31084.0,3932.0
2026-01-13 03:00:00,1768244400,31084.0,31104.0,31069.0,31088.0,2153.0
2026-01-13 04:00:00,1768248000,31090.0,31090.0,31038.0,31069.0,2919.0
2026-01-13 08:45:00,1768265100,31077.0,31267.0,30793.0,30817.0,63225.0
2026-01-13 09:45:00,1768268700,30819.0,30832.0,30662.0,30677.0,31031.0
2026-01-13 10:45:00,1768272300,30791.0,30877.0,30755.0,30779.0,9963.0
2026-01-13 11:45:00,1768275900,30777.0,30799.0,30720.0,30755.0,9822.0
2026-01-13 12:45:00,1768279500,30755.0,30875.0,30740.0,30873.0,13231.0
2026-01-13 15:00:00,1768287600,30873.0,30925.0,30870.0,30903.0,6590.0
2026-01-13 16:00:00,1768291200,30905.0,30911.0,30856.0,30875.0,4511.0
2026-01-13 17:00:00,1768294800,30876.0,30948.0,30875.0,30929.0,5163.0
2026-01-13 18:00:00,1768298400,30926.0,30933.0,30886.0,30896.0,2480.0
2026-01-13 19:00:00,1768302000,30898.0,30923.0,30876.0,30923.0,2374.0
2026-01-13 20:00:00,1768305600,30923.0,30932.0,30893.0,30902.0,2348.0
2026-01-13 21:00:00,1768309200,30902.0,31066.0,30896.0,30980.0,13620.0
2026-01-13 22:00:00,1768312800,30980.0,31116.0,30976.0,31036.0,19798.0
2026-01-13 23:00:00,1768316400,31039.0,31040.0,30861.0,31019.0,27747.0
2026-01-14 00:00:00,1768320000,31018.0,31129.0,30954.0,31092.0,13437.0
2026-01-14 01:00:00,1768323600,31092.0,31100.0,30933.0,30959.0,9440.0
2026-01-14 02:00:00,1768327200,30956.0,31010.0,30946.0,30970.0,4081.0
2026-01-14 03:00:00,1768330800,30971.0,30996.0,30948.0,30975.0,1763.0
2026-01-14 04:00:00,1768334400,30977.0,30977.0,30900.0,30952.0,2803.0
2026-01-14 08:45:00,1768351500,30997.0,31066.0,30936.0,31028.0,33317.0
2026-01-14 09:45:00,1768355100,31027.0,31163.0,30953.0,31000.0,36432.0
2026-01-14 10:45:00,1768358700,31000.0,31070.0,30978.0,31006.0,13182.0
2026-01-14 11:45:00,1768362300,31007.0,31025.0,30959.0,30968.0,9643.0
2026-01-14 12:45:00,1768365900,30966.0,31020.0,30944.0,30983.0,11687.0
2026-01-14 15:00:00,1768374000,30952.0,30984.0,30915.0,30952.0,6407.0
2026-01-14 16:00:00,1768377600,30952.0,30979.0,30937.0,30951.0,2827.0
2026-01-14 17:00:00,1768381200,30952.0,30990.0,30945.0,30967.0,3356.0
2026-01-14 18:00:00,1768384800,30965.0,30967.0,30733.0,30803.0,17032.0
2026-01-14 19:00:00,1768388400,30802.0,30829.0,30756.0,30795.0,6840.0
2026-01-14 20:00:00,1768392000,30794.0,30865.0,30755.0,30847.0,8153.0
2026-01-14 21:00:00,1768395600,30847.0,30897.0,30808.0,30814.0,8637.0
2026-01-14 22:00:00,1768399200,30814.0,30864.0,30757.0,30794.0,19058.0
2026-01-14 23:00:00,1768402800,30794.0,30849.0,30718.0,30750.0,22682.0
2026-01-15 00:00:00,1768406400,30750.0,30828.0,30656.0,30679.0,13017.0
2026-01-15 01:00:00,1768410000,30683.0,30729.0,30662.0,30680.0,7104.0
2026-01-15 02:00:00,1768413600,30678.0,30794.0,30668.0,30789.0,4853.0
2026-01-15 03:00:00,1768417200,30788.0,30798.0,30739.0,30761.0,2425.0
2026-01-15 04:00:00,1768420800,30763.0,30844.0,30730.0,30836.0,4391.0
2026-01-15 08:45:00,1768437900,30836.0,30942.0,30816.0,30908.0,35919.0
2026-01-15 09:45:00,1768441500,30906.0,30938.0,30771.0,30778.0,25833.0
2026-01-15 10:45:00,1768445100,30776.0,30832.0,30752.0,30795.0,13577.0
2026-01-15 11:45:00,1768448700,30796.0,30923.0,30745.0,30901.0,16411.0
2026-01-15 12:45:00,1768452300,30901.0,31055.0,30882.0,31050.0,21257.0
2026-01-15 13:45:00,1768455900,31054.0,31054.0,31054.0,31054.0,1.0
2026-01-15 15:00:00,1768460400,31195.0,31264.0,31117.0,31168.0,20012.0
2026-01-15 16:00:00,1768464000,31172.0,31247.0,31145.0,31243.0,7603.0
2026-01-15 17:00:00,1768467600,31242.0,31395.0,31236.0,31365.0,15642.0
2026-01-15 18:00:00,1768471200,31365.0,31443.0,31358.0,31425.0,6719.0
2026-01-15 19:00:00,1768474800,31428.0,31453.0,31405.0,31431.0,5171.0
2026-01-15 20:00:00,1768478400,31431.0,31457.0,31390.0,31442.0,7026.0
2026-01-15 21:00:00,1768482000,31441.0,31441.0,31403.0,31430.0,4131.0
2026-01-15 22:00:00,1768485600,31428.0,31466.0,31325.0,31436.0,20777.0
2026-01-15 23:00:00,1768489200,31433.0,31503.0,31415.0,31479.0,16723.0
2026-01-16 00:00:00,1768492800,31481.0,31530.0,31468.0,31506.0,7356.0
2026-01-16 01:00:00,1768496400,31507.0,31541.0,31471.0,31477.0,4834.0
2026-01-16 02:00:00,1768500000,31475.0,31491.0,31443.0,31452.0,3063.0
2026-01-16 03:00:00,1768503600,31451.0,31452.0,31360.0,31378.0,5855.0
2026-01-16 04:00:00,1768507200,31376.0,31378.0,31305.0,31339.0,6151.0
2026-01-16 08:45:00,1768524300,31383.0,31434.0,31158.0,31173.0,49641.0
2026-01-16 09:45:00,1768527900,31172.0,31397.0,31164.0,31353.0,27871.0
2026-01-16 10:45:00,1768531500,31353.0,31447.0,31337.0,31424.0,18204.0
2026-01-16 11:45:00,1768535100,31424.0,31527.0,31419.0,31505.0,13803.0
2026-01-16 12:45:00,1768538700,31502.0,31536.0,31454.0,31478.0,14486.0
2026-01-16 15:00:00,1768546800,31486.0,31526.0,31455.0,31481.0,6390.0
2026-01-16 16:00:00,1768550400,31481.0,31507.0,31454.0,31475.0,3051.0
2026-01-16 17:00:00,1768554000,31473.0,31501.0,31461.0,31462.0,2296.0
2026-01-16 18:00:00,1768557600,31463.0,31502.0,31456.0,31489.0,2302.0
2026-01-16 19:00:00,1768561200,31486.0,31509.0,31468.0,31473.0,2231.0
2026-01-16 20:00:00,1768564800,31473.0,31496.0,31442.0,31461.0,3499.0
2026-01-16 21:00:00,1768568400,31460.0,31469.0,31433.0,31447.0,3767.0
2026-01-16 22:00:00,1768572000,31449.0,31520.0,31365.0,31366.0,15594.0
2026-01-16 23:00:00,1768575600,31366.0,31423.0,31287.0,31342.0,23902.0
2026-01-17 00:00:00,1768579200,31340.0,31384.0,31317.0,31346.0,9302.0
2026-01-17 01:00:00,1768582800,31346.0,31368.0,31311.0,31311.0,3883.0
2026-01-17 02:00:00,1768586400,31313.0,31388.0,31310.0,31370.0,2911.0
2026-01-17 03:00:00,1768590000,31368.0,31400.0,31354.0,31373.0,2105.0
2026-01-17 04:00:00,1768593600,31373.0,31379.0,31343.0,31344.0,1988.0
2026-01-19 08:45:00,1768783500,31262.0,31472.0,31207.0,31399.0,38474.0
2026-01-19 09:45:00,1768787100,31399.0,31555.0,31340.0,31534.0,23536.0
2026-01-19 10:45:00,1768790700,31532.0,31596.0,31495.0,31595.0,16501.0
2026-01-19 11:45:00,1768794300,31596.0,31766.0,31560.0,31745.0,19232.0
2026-01-19 12:45:00,1768797900,31746.0,31772.0,31603.0,31670.0,20869.0
2026-01-19 15:00:00,1768806000,31645.0,31689.0,31582.0,31593.0,7164.0
2026-01-19 16:00:00,1768809600,31594.0,31685.0,31592.0,31661.0,4975.0
2026-01-19 17:00:00,1768813200,31661.0,31670.0,31550.0,31569.0,7790.0
2026-01-19 18:00:00,1768816800,31570.0,31605.0,31546.0,31563.0,3748.0
2026-01-19 19:00:00,1768820400,31563.0,31593.0,31558.0,31584.0,2112.0
2026-01-19 20:00:00,1768824000,31582.0,31632.0,31569.0,31598.0,3688.0
2026-01-19 21:00:00,1768827600,31597.0,31617.0,31581.0,31604.0,3046.0
2026-01-19 22:00:00,1768831200,31605.0,31610.0,31524.0,31544.0,8987.0
2026-01-19 23:00:00,1768834800,31546.0,31594.0,31541.0,31583.0,5409.0
2026-01-20 00:00:00,1768838400,31584.0,31604.0,31555.0,31572.0,2791.0
2026-01-20 01:00:00,1768842000,31572.0,31576.0,31539.0,31558.0,1664.0
2026-01-20 02:00:00,1768845600,31557.0,31561.0,31535.0,31545.0,715.0
2026-01-20 03:00:00,1768849200,31543.0,31562.0,31537.0,31543.0,504.0
2026-01-20 04:00:00,1768852800,31544.0,31569.0,31536.0,31554.0,745.0
2026-01-20 08:45:00,1768869900,31492.0,31558.0,31328.0,31474.0,45850.0
2026-01-20 09:45:00,1768873500,31474.0,31705.0,31448.0,31690.0,27751.0
2026-01-20 10:45:00,1768877100,31692.0,31740.0,31610.0,31688.0,15554.0
2026-01-20 11:45:00,1768880700,31688.0,31708.0,31624.0,31665.0,9992.0
2026-01-20 12:45:00,1768884300,31666.0,31735.0,31657.0,31669.0,11465.0
2026-01-20 15:00:00,1768892400,31695.0,31700.0,31605.0,31683.0,4505.0
2026-01-20 16:00:00,1768896000,31684.0,31688.0,31564.0,31565.0,3678.0
2026-01-20 17:00:00,1768899600,31565.0,31572.0,31456.0,31490.0,5581.0
2026-01-20 18:00:00,1768903200,31489.0,31567.0,31461.0,31515.0,2777.0
2026-01-20 19:00:00,1768906800,31515.0,31554.0,31513.0,31523.0,1213.0
2026-01-20 20:00:00,1768910400,31528.0,31573.0,31508.0,31564.0,1748.0
2026-01-20 21:00:00,1768914000,31565.0,31576.0,31473.0,31485.0,3214.0
2026-01-20 22:00:00,1768917600,31487.0,31599.0,31479.0,31571.0,7044.0
2026-01-20 23:00:00,1768921200,31569.0,31643.0,31496.0,31606.0,6786.0
2026-01-21 00:00:00,1768924800,31608.0,31642.0,31577.0,31600.0,2063.0
2026-01-21 01:00:00,1768928400,31595.0,31604.0,31497.0,31514.0,2249.0
2026-01-21 02:00:00,1768932000,31513.0,31530.0,31406.0,31425.0,2444.0
2026-01-21 03:00:00,1768935600,31429.0,31449.0,31353.0,31386.0,2272.0
2026-01-21 04:00:00,1768939200,31387.0,31404.0,31359.0,31378.0,1180.0
2026-01-21 08:45:00,1768956300,31438.0,31785.0,31435.0,31773.0,22451.0
2026-01-21 09:45:00,1768959900,31774.0,31802.0,31444.0,31506.0,23289.0
2026-01-21 10:45:00,1768963500,31506.0,31607.0,31456.0,31495.0,12268.0
2026-01-21 11:45:00,1768967100,31496.0,31513.0,31384.0,31401.0,12644.0
2026-01-21 12:45:00,1768970700,31402.0,31503.0,31378.0,31482.0,14610.0
2026-01-21 15:00:00,1768978800,31510.0,31595.0,31488.0,31541.0,12170.0
2026-01-21 16:00:00,1768982400,31542.0,31600.0,31523.0,31579.0,7693.0
2026-01-21 17:00:00,1768986000,31579.0,31609.0,31516.0,31516.0,6452.0
2026-01-21 18:00:00,1768989600,31516.0,31583.0,31511.0,31552.0,5223.0
2026-01-21 19:00:00,1768993200,31552.0,31569.0,31464.0,31474.0,7258.0
2026-01-21 20:00:00,1768996800,31474.0,31514.0,31447.0,31511.0,9235.0
2026-01-21 21:00:00,1769000400,31510.0,31549.0,31468.0,31507.0,10055.0
2026-01-21 22:00:00,1769004000,31506.0,31696.0,31506.0,31689.0,34615.0
2026-01-21 23:00:00,1769007600,31689.0,31888.0,31683.0,31869.0,26172.0
2026-01-22 00:00:00,1769011200,31869.0,31903.0,31666.0,31685.0,26187.0
2026-01-22 01:00:00,1769014800,31685.0,31716.0,31597.0,31709.0,16603.0
2026-01-22 02:00:00,1769018400,31708.0,31740.0,31638.0,31722.0,6290.0
2026-01-22 03:00:00,1769022000,31722.0,31968.0,31671.0,31964.0,11120.0
2026-01-22 04:00:00,1769025600,31964.0,31983.0,31728.0,31732.0,10346.0
2026-01-22 08:45:00,1769042700,31878.0,32000.0,31833.0,31987.0,49001.0
2026-01-22 09:45:00,1769046300,31987.0,32056.0,31888.0,31979.0,33480.0
2026-01-22 10:45:00,1769049900,31978.0,32053.0,31944.0,32011.0,14759.0
2026-01-22 11:45:00,1769053500,32013.0,32019.0,31782.0,31920.0,28253.0
2026-01-22 12:45:00,1769057100,31918.0,31936.0,31854.0,31862.0,13390.0
2026-01-22 15:00:00,1769065200,31844.0,31948.0,31834.0,31929.0,7899.0
2026-01-22 16:00:00,1769068800,31928.0,32000.0,31925.0,31990.0,7844.0
2026-01-22 17:00:00,1769072400,31990.0,32046.0,31979.0,32019.0,6827.0
2026-01-22 18:00:00,1769076000,32020.0,32032.0,32002.0,32017.0,2635.0
2026-01-22 19:00:00,1769079600,32016.0,32038.0,31980.0,31986.0,5777.0
2026-01-22 20:00:00,1769083200,31986.0,32021.0,31978.0,32017.0,3348.0
2026-01-22 21:00:00,1769086800,32018.0,32083.0,31969.0,32080.0,9699.0
2026-01-22 22:00:00,1769090400,32081.0,32102.0,31954.0,31986.0,25433.0
2026-01-22 23:00:00,1769094000,31986.0,32117.0,31960.0,32070.0,21347.0
2026-01-23 00:00:00,1769097600,32069.0,32135.0,32069.0,32076.0,8609.0
2026-01-23 01:00:00,1769101200,32075.0,32108.0,32038.0,32098.0,6331.0
2026-01-23 02:00:00,1769104800,32097.0,32113.0,32070.0,32075.0,2029.0
2026-01-23 03:00:00,1769108400,32076.0,32102.0,32030.0,32036.0,1932.0
2026-01-23 04:00:00,1769112000,32035.0,32053.0,32004.0,32018.0,3593.0
2026-01-23 08:45:00,1769129100,31997.0,32158.0,31870.0,31931.0,56053.0
2026-01-23 09:45:00,1769132700,31930.0,32082.0,31881.0,32068.0,29530.0
2026-01-23 10:45:00,1769136300,32070.0,32149.0,32036.0,32126.0,18130.0
2026-01-23 11:45:00,1769139900,32125.0,32152.0,32061.0,32102.0,15322.0
2026-01-23 12:45:00,1769143500,32103.0,32166.0,32057.0,32150.0,15852.0
2026-01-23 15:00:00,1769151600,32181.0,32250.0,32166.0,32229.0,11214.0
2026-01-23 16:00:00,1769155200,32228.0,32232.0,32110.0,32115.0,11811.0
2026-01-23 17:00:00,1769158800,32114.0,32150.0,32085.0,32098.0,7392.0
2026-01-23 18:00:00,1769162400,32097.0,32112.0,32058.0,32107.0,6332.0
2026-01-23 19:00:00,1769166000,32107.0,32179.0,32104.0,32129.0,9560.0
2026-01-23 20:00:00,1769169600,32127.0,32158.0,32110.0,32142.0,5354.0
2026-01-23 21:00:00,1769173200,32142.0,32156.0,32072.0,32087.0,6236.0
2026-01-23 22:00:00,1769176800,32088.0,32155.0,32078.0,32154.0,13623.0
2026-01-23 23:00:00,1769180400,32154.0,32245.0,32135.0,32230.0,17486.0
2026-01-24 00:00:00,1769184000,32231.0,32266.0,32174.0,32199.0,13806.0
2026-01-24 01:00:00,1769187600,32199.0,32231.0,32115.0,32126.0,7365.0
2026-01-24 02:00:00,1769191200,32128.0,32208.0,32118.0,32197.0,4315.0
2026-01-24 03:00:00,1769194800,32196.0,32260.0,32191.0,32253.0,4070.0
2026-01-24 04:00:00,1769198400,32252.0,32258.0,32216.0,32234.0,2951.0
2026-01-26 08:45:00,1769388300,32142.0,32218.0,32088.0,32152.0,41603.0
2026-01-26 09:45:00,1769391900,32151.0,32230.0,32097.0,32138.0,25120.0
2026-01-26 10:45:00,1769395500,32141.0,32200.0,32109.0,32160.0,16227.0
2026-01-26 11:45:00,1769399100,32160.0,32184.0,32118.0,32118.0,9457.0
2026-01-26 12:45:00,1769402700,32120.0,32163.0,32087.0,32148.0,14917.0
2026-01-26 15:00:00,1769410800,32131.0,32177.0,32131.0,32170.0,4062.0
2026-01-26 16:00:00,1769414400,32171.0,32220.0,32170.0,32210.0,5227.0
2026-01-26 17:00:00,1769418000,32211.0,32237.0,32035.0,32076.0,14871.0
2026-01-26 18:00:00,1769421600,32076.0,32154.0,32073.0,32116.0,7918.0
2026-01-26 19:00:00,1769425200,32117.0,32147.0,32105.0,32138.0,3787.0
2026-01-26 20:00:00,1769428800,32138.0,32185.0,32137.0,32163.0,4723.0
2026-01-26 21:00:00,1769432400,32163.0,32182.0,32133.0,32171.0,4952.0
2026-01-26 22:00:00,1769436000,32170.0,32298.0,32159.0,32297.0,20518.0
2026-01-26 23:00:00,1769439600,32296.0,32343.0,32253.0,32300.0,20405.0
2026-01-27 00:00:00,1769443200,32302.0,32325.0,32277.0,32316.0,5333.0
2026-01-27 01:00:00,1769446800,32314.0,32353.0,32313.0,32340.0,4846.0
2026-01-27 02:00:00,1769450400,32339.0,32363.0,32332.0,32344.0,2118.0
2026-01-27 03:00:00,1769454000,32343.0,32348.0,32296.0,32298.0,1971.0
2026-01-27 04:00:00,1769457600,32298.0,32322.0,32272.0,32287.0,2577.0
2026-01-27 08:45:00,1769474700,32313.0,32354.0,32207.0,32322.0,36314.0
2026-01-27 09:45:00,1769478300,32322.0,32523.0,32318.0,32514.0,38693.0
2026-01-27 10:45:00,1769481900,32513.0,32531.0,32455.0,32507.0,13630.0
2026-01-27 11:45:00,1769485500,32507.0,32511.0,32411.0,32489.0,13059.0
2026-01-27 12:45:00,1769489100,32488.0,32515.0,32434.0,32506.0,13596.0
2026-01-27 15:00:00,1769497200,32530.0,32596.0,32514.0,32571.0,10517.0
2026-01-27 16:00:00,1769500800,32572.0,32574.0,32533.0,32560.0,4487.0
2026-01-27 17:00:00,1769504400,32558.0,32603.0,32546.0,32565.0,5431.0
2026-01-27 18:00:00,1769508000,32564.0,32588.0,32562.0,32571.0,2043.0
2026-01-27 19:00:00,1769511600,32570.0,32594.0,32553.0,32579.0,2832.0
2026-01-27 20:00:00,1769515200,32577.0,32589.0,32555.0,32569.0,2517.0
2026-01-27 21:00:00,1769518800,32568.0,32588.0,32540.0,32567.0,4494.0
2026-01-27 22:00:00,1769522400,32564.0,32628.0,32520.0,32613.0,14686.0
2026-01-27 23:00:00,1769526000,32614.0,32712.0,32593.0,32709.0,15589.0
2026-01-28 00:00:00,1769529600,32710.0,32752.0,32709.0,32718.0,9057.0
2026-01-28 01:00:00,1769533200,32719.0,32726.0,32665.0,32694.0,5309.0
2026-01-28 02:00:00,1769536800,32697.0,32728.0,32674.0,32719.0,2293.0
2026-01-28 03:00:00,1769540400,32718.0,32726.0,32703.0,32706.0,1049.0
2026-01-28 04:00:00,1769544000,32704.0,32730.0,32681.0,32698.0,2561.0
2026-01-28 08:45:00,1769561100,32760.0,32838.0,32666.0,32707.0,47176.0
2026-01-28 09:45:00,1769564700,32707.0,32783.0,32681.0,32712.0,20867.0
2026-01-28 10:45:00,1769568300,32713.0,32795.0,32710.0,32765.0,13965.0
2026-01-28 11:45:00,1769571900,32767.0,32811.0,32726.0,32792.0,10302.0
2026-01-28 12:45:00,1769575500,32794.0,32937.0,32777.0,32925.0,22021.0
2026-01-28 15:00:00,1769583600,33000.0,33078.0,32957.0,33068.0,14640.0
2026-01-28 16:00:00,1769587200,33069.0,33100.0,33046.0,33067.0,8092.0
2026-01-28 17:00:00,1769590800,33068.0,33145.0,33065.0,33124.0,7249.0
2026-01-28 18:00:00,1769594400,33124.0,33152.0,33106.0,33138.0,5000.0
2026-01-28 19:00:00,1769598000,33138.0,33139.0,33102.0,33123.0,3427.0
2026-01-28 20:00:00,1769601600,33123.0,33132.0,33068.0,33077.0,7761.0
2026-01-28 21:00:00,1769605200,33079.0,33100.0,33003.0,33023.0,9007.0
2026-01-28 22:00:00,1769608800,33023.0,33068.0,32933.0,32945.0,20547.0
2026-01-28 23:00:00,1769612400,32947.0,32984.0,32866.0,32896.0,22402.0
2026-01-29 00:00:00,1769616000,32897.0,32984.0,32866.0,32871.0,12092.0
2026-01-29 01:00:00,1769619600,32871.0,32992.0,32847.0,32968.0,8275.0
2026-01-29 02:00:00,1769623200,32969.0,33003.0,32941.0,32981.0,3281.0
2026-01-29 03:00:00,1769626800,32975.0,33039.0,32932.0,33007.0,5268.0
2026-01-29 04:00:00,1769630400,33005.0,33052.0,33003.0,33026.0,3120.0
2026-01-29 08:45:00,1769647500,33016.0,33016.0,32609.0,32708.0,62903.0
2026-01-29 09:45:00,1769651100,32708.0,32828.0,32626.0,32668.0,38017.0
2026-01-29 10:45:00,1769654700,32666.0,32787.0,32586.0,32753.0,23576.0
2026-01-29 11:45:00,1769658300,32752.0,32794.0,32713.0,32765.0,10740.0
2026-01-29 12:45:00,1769661900,32765.0,32817.0,32691.0,32779.0,17051.0
2026-01-29 15:00:00,1769670000,32759.0,32779.0,32706.0,32729.0,6476.0
2026-01-29 16:00:00,1769673600,32730.0,32797.0,32714.0,32771.0,5462.0
2026-01-29 17:00:00,1769677200,32770.0,32792.0,32704.0,32710.0,3870.0
2026-01-29 18:00:00,1769680800,32711.0,32728.0,32612.0,32619.0,9352.0
2026-01-29 19:00:00,1769684400,32621.0,32647.0,32602.0,32629.0,7123.0
2026-01-29 20:00:00,1769688000,32631.0,32654.0,32556.0,32600.0,8967.0
2026-01-29 21:00:00,1769691600,32601.0,32692.0,32591.0,32690.0,8437.0
2026-01-29 22:00:00,1769695200,32690.0,32695.0,32458.0,32459.0,27208.0
2026-01-29 23:00:00,1769698800,32462.0,32466.0,32017.0,32070.0,69202.0
2026-01-30 00:00:00,1769702400,32069.0,32218.0,31993.0,32167.0,31259.0
2026-01-30 01:00:00,1769706000,32167.0,32368.0,32164.0,32241.0,19094.0
2026-01-30 02:00:00,1769709600,32243.0,32347.0,32236.0,32300.0,6892.0
2026-01-30 03:00:00,1769713200,32300.0,32375.0,32290.0,32317.0,3897.0
2026-01-30 04:00:00,1769716800,32318.0,32458.0,32304.0,32439.0,4778.0
2026-01-30 08:45:00,1769733900,32451.0,32525.0,32154.0,32237.0,52712.0
2026-01-30 09:45:00,1769737500,32235.0,32297.0,32091.0,32187.0,43924.0
2026-01-30 10:45:00,1769741100,32188.0,32414.0,32184.0,32288.0,30517.0
2026-01-30 11:45:00,1769744700,32288.0,32376.0,32273.0,32346.0,13884.0
2026-01-30 12:45:00,1769748300,32347.0,32383.0,32225.0,32247.0,17869.0
2026-01-30 13:45:00,1769751900,32252.0,32252.0,32252.0,32252.0,1.0
2026-01-30 15:00:00,1769756400,32107.0,32147.0,31901.0,31909.0,26476.0
2026-01-30 16:00:00,1769760000,31912.0,32046.0,31884.0,32029.0,16067.0
2026-01-30 17:00:00,1769763600,32028.0,32060.0,31855.0,31891.0,14064.0
2026-01-30 18:00:00,1769767200,31888.0,31998.0,31886.0,31977.0,7510.0
2026-01-30 19:00:00,1769770800,31981.0,32195.0,31965.0,32168.0,15974.0
2026-01-30 20:00:00,1769774400,32170.0,32221.0,32036.0,32077.0,13502.0
2026-01-30 21:00:00,1769778000,32077.0,32187.0,32072.0,32101.0,13628.0
2026-01-30 22:00:00,1769781600,32095.0,32306.0,32064.0,32175.0,28191.0
2026-01-30 23:00:00,1769785200,32177.0,32274.0,32119.0,32170.0,24377.0
2026-01-31 00:00:00,1769788800,32170.0,32178.0,31906.0,32006.0,28980.0
2026-01-31 01:00:00,1769792400,32005.0,32053.0,31927.0,31929.0,14444.0
2026-01-31 02:00:00,1769796000,31930.0,32000.0,31701.0,31955.0,22929.0
2026-01-31 03:00:00,1769799600,31954.0,32049.0,31903.0,31917.0,9477.0
2026-01-31 04:00:00,1769803200,31919.0,31944.0,31846.0,31867.0,5511.0
2026-02-02 08:45:00,1769993100,31900.0,31963.0,31590.0,31598.0,71725.0
2026-02-02 09:45:00,1769996700,31596.0,31686.0,31455.0,31631.0,49575.0
2026-02-02 10:45:00,1770000300,31631.0,31649.0,31432.0,31446.0,27716.0
2026-02-02 11:45:00,1770003900,31446.0,31660.0,31392.0,31652.0,28839.0
2026-02-02 12:45:00,1770007500,31652.0,31680.0,31604.0,31611.0,20580.0
2026-02-02 15:00:00,1770015600,31593.0,31787.0,31582.0,31786.0,15224.0
2026-02-02 16:00:00,1770019200,31786.0,31854.0,31772.0,31830.0,9489.0
2026-02-02 17:00:00,1770022800,31833.0,31886.0,31751.0,31875.0,11287.0
2026-02-02 18:00:00,1770026400,31872.0,31895.0,31792.0,31830.0,6407.0
2026-02-02 19:00:00,1770030000,31831.0,31933.0,31830.0,31893.0,8309.0
2026-02-02 20:00:00,1770033600,31890.0,31950.0,31889.0,31916.0,6240.0
2026-02-02 21:00:00,1770037200,31913.0,31971.0,31873.0,31950.0,8385.0
2026-02-02 22:00:00,1770040800,31952.0,32147.0,31898.0,32091.0,24788.0
2026-02-02 23:00:00,1770044400,32088.0,32253.0,32060.0,32177.0,22396.0
2026-02-03 00:00:00,1770048000,32176.0,32246.0,32162.0,32237.0,8964.0
2026-02-03 01:00:00,1770051600,32237.0,32293.0,32224.0,32286.0,6528.0
2026-02-03 02:00:00,1770055200,32287.0,32299.0,32254.0,32282.0,3274.0
2026-02-03 03:00:00,1770058800,32282.0,32287.0,32193.0,32193.0,2519.0
2026-02-03 04:00:00,1770062400,32195.0,32267.0,32156.0,32240.0,4741.0
2026-02-03 08:45:00,1770079500,32357.0,32444.0,32258.0,32320.0,44809.0
2026-02-03 09:45:00,1770083100,32323.0,32327.0,32004.0,32084.0,49889.0
2026-02-03 10:45:00,1770086700,32083.0,32193.0,32048.0,32150.0,19035.0
2026-02-03 11:45:00,1770090300,32155.0,32255.0,32070.0,32249.0,19011.0
2026-02-03 12:45:00,1770093900,32249.0,32298.0,32181.0,32266.0,14568.0
2026-02-03 15:00:00,1770102000,32293.0,32491.0,32270.0,32468.0,15954.0
2026-02-03 16:00:00,1770105600,32468.0,32496.0,32423.0,32430.0,7630.0
2026-02-03 17:00:00,1770109200,32432.0,32465.0,32373.0,32402.0,7774.0
2026-02-03 18:00:00,1770112800,32402.0,32444.0,32363.0,32381.0,4962.0
2026-02-03 19:00:00,1770116400,32381.0,32393.0,32317.0,32352.0,7202.0
2026-02-03 20:00:00,1770120000,32353.0,32453.0,32326.0,32415.0,7774.0
2026-02-03 21:00:00,1770123600,32417.0,32443.0,32376.0,32392.0,5706.0
2026-02-03 22:00:00,1770127200,32394.0,32445.0,32105.0,32115.0,30753.0
2026-02-03 23:00:00,1770130800,32113.0,32195.0,32015.0,32191.0,41056.0
2026-02-04 00:00:00,1770134400,32191.0,32195.0,32078.0,32106.0,13212.0
2026-02-04 01:00:00,1770138000,32108.0,32120.0,31892.0,31949.0,19466.0
2026-02-04 02:00:00,1770141600,31945.0,31988.0,31764.0,31769.0,12936.0
2026-02-04 03:00:00,1770145200,31768.0,31912.0,31739.0,31874.0,10581.0
2026-02-04 04:00:00,1770148800,31871.0,32141.0,31838.0,32107.0,9602.0
2026-02-04 08:45:00,1770165900,32107.0,32334.0,32034.0,32255.0,48166.0
2026-02-04 09:45:00,1770169500,32254.0,32475.0,32206.0,32375.0,39837.0
2026-02-04 10:45:00,1770173100,32371.0,32466.0,32327.0,32420.0,15392.0
2026-02-04 11:45:00,1770176700,32419.0,32452.0,32368.0,32442.0,12455.0
2026-02-04 12:45:00,1770180300,32441.0,32462.0,32393.0,32417.0,10709.0
2026-02-04 15:00:00,1770188400,32476.0,32612.0,32474.0,32577.0,16169.0
2026-02-04 16:00:00,1770192000,32575.0,32586.0,32486.0,32532.0,10036.0
2026-02-04 17:00:00,1770195600,32530.0,32550.0,32427.0,32520.0,10975.0
2026-02-04 18:00:00,1770199200,32522.0,32566.0,32510.0,32550.0,5051.0
2026-02-04 19:00:00,1770202800,32550.0,32573.0,32503.0,32559.0,4549.0
2026-02-04 20:00:00,1770206400,32558.0,32578.0,32505.0,32526.0,4476.0
2026-02-04 21:00:00,1770210000,32525.0,32536.0,32453.0,32470.0,9338.0
2026-02-04 22:00:00,1770213600,32469.0,32515.0,32327.0,32369.0,33835.0
2026-02-04 23:00:00,1770217200,32373.0,32415.0,32190.0,32215.0,42157.0
2026-02-05 00:00:00,1770220800,32217.0,32238.0,31906.0,32028.0,36980.0
2026-02-05 01:00:00,1770224400,32025.0,32070.0,31780.0,31880.0,25720.0
2026-02-05 02:00:00,1770228000,31879.0,31938.0,31768.0,31860.0,15551.0
2026-02-05 03:00:00,1770231600,31859.0,32056.0,31806.0,32038.0,10454.0
2026-02-05 04:00:00,1770235200,32036.0,32043.0,31885.0,31900.0,5211.0
2026-02-05 08:45:00,1770252300,31972.0,32167.0,31950.0,32135.0,45277.0
2026-02-05 09:45:00,1770255900,32136.0,32144.0,31893.0,32068.0,41150.0
2026-02-05 10:45:00,1770259500,32068.0,32079.0,31827.0,31880.0,27395.0
2026-02-05 11:45:00,1770263100,31877.0,31956.0,31798.0,31944.0,20659.0
2026-02-05 12:45:00,1770266700,31945.0,31970.0,31838.0,31910.0,16175.0
2026-02-05 15:00:00,1770274800,31942.0,32032.0,31912.0,31914.0,10419.0
2026-02-05 16:00:00,1770278400,31918.0,32017.0,31857.0,31864.0,10324.0
2026-02-05 17:00:00,1770282000,31871.0,31967.0,31819.0,31896.0,10791.0
2026-02-05 18:00:00,1770285600,31896.0,31950.0,31885.0,31904.0,4816.0
2026-02-05 19:00:00,1770289200,31901.0,31955.0,31866.0,31910.0,5591.0
2026-02-05 20:00:00,1770292800,31912.0,31937.0,31520.0,31590.0,31586.0
2026-02-05 21:00:00,1770296400,31590.0,31684.0,31544.0,31571.0,19244.0
2026-02-05 22:00:00,1770300000,31570.0,31987.0,31484.0,31768.0,53239.0
2026-02-05 23:00:00,1770303600,31769.0,31867.0,31551.0,31670.0,45549.0
2026-02-06 00:00:00,1770307200,31672.0,31948.0,31577.0,31941.0,29553.0
2026-02-06 01:00:00,1770310800,31939.0,32054.0,31847.0,31991.0,18828.0
2026-02-06 02:00:00,1770314400,31991.0,32036.0,31760.0,31827.0,11379.0
2026-02-06 03:00:00,1770318000,31825.0,31947.0,31794.0,31839.0,5787.0
2026-02-06 04:00:00,1770321600,31837.0,31920.0,31691.0,31759.0,6118.0
2026-02-06 08:45:00,1770338700,31462.0,31591.0,31222.0,31433.0,73351.0
2026-02-06 09:45:00,1770342300,31434.0,31884.0,31395.0,31805.0,52875.0
2026-02-06 10:45:00,1770345900,31802.0,31847.0,31698.0,31727.0,22847.0
2026-02-06 11:45:00,1770349500,31726.0,31823.0,31677.0,31688.0,15069.0
2026-02-06 12:45:00,1770353100,31687.0,31805.0,31603.0,31803.0,20741.0
2026-02-06 13:45:00,1770356700,31803.0,31803.0,31803.0,31803.0,3.0
2026-02-06 15:00:00,1770361200,31838.0,31898.0,31753.0,31831.0,12805.0
2026-02-06 16:00:00,1770364800,31830.0,31915.0,31785.0,31907.0,11036.0
2026-02-06 17:00:00,1770368400,31908.0,32134.0,31875.0,32104.0,19566.0
2026-02-06 18:00:00,1770372000,32103.0,32154.0,32087.0,32151.0,7721.0
2026-02-06 19:00:00,1770375600,32146.0,32214.0,32143.0,32187.0,8167.0
2026-02-06 20:00:00,1770379200,32187.0,32210.0,32129.0,32149.0,7380.0
2026-02-06 21:00:00,1770382800,32146.0,32239.0,32132.0,32185.0,9864.0
2026-02-06 22:00:00,1770386400,32183.0,32449.0,32163.0,32399.0,28996.0
2026-02-06 23:00:00,1770390000,32399.0,32465.0,32333.0,32430.0,23912.0
2026-02-07 00:00:00,1770393600,32427.0,32516.0,32408.0,32472.0,11723.0
2026-02-07 01:00:00,1770397200,32475.0,32557.0,32461.0,32544.0,6551.0
2026-02-07 02:00:00,1770400800,32545.0,32577.0,32536.0,32557.0,3769.0
2026-02-07 03:00:00,1770404400,32555.0,32583.0,32523.0,32524.0,2794.0
2026-02-07 04:00:00,1770408000,32524.0,32639.0,32505.0,32635.0,5248.0
2026-02-09 08:45:00,1770597900,32849.0,32849.0,32515.0,32572.0,51041.0
2026-02-09 09:45:00,1770601500,32573.0,32688.0,32532.0,32674.0,25042.0
2026-02-09 10:45:00,1770605100,32672.0,32698.0,32625.0,32687.0,10375.0
2026-02-09 11:45:00,1770608700,32687.0,32705.0,32593.0,32638.0,12511.0
2026-02-09 12:45:00,1770612300,32638.0,32662.0,32592.0,32656.0,13572.0
2026-02-09 15:00:00,1770620400,32621.0,32646.0,32547.0,32627.0,10159.0
2026-02-09 16:00:00,1770624000,32622.0,32668.0,32595.0,32609.0,5600.0
2026-02-09 17:00:00,1770627600,32608.0,32644.0,32531.0,32552.0,6119.0
2026-02-09 18:00:00,1770631200,32552.0,32575.0,32454.0,32527.0,12264.0
2026-02-09 19:00:00,1770634800,32527.0,32551.0,32494.0,32522.0,5036.0
2026-02-09 20:00:00,1770638400,32527.0,32575.0,32499.0,32572.0,5374.0
2026-02-09 21:00:00,1770642000,32572.0,32648.0,32563.0,32575.0,9342.0
2026-02-09 22:00:00,1770645600,32580.0,32878.0,32491.0,32801.0,33672.0
2026-02-09 23:00:00,1770649200,32799.0,32955.0,32796.0,32937.0,21613.0
2026-02-10 00:00:00,1770652800,32939.0,32998.0,32933.0,32988.0,10025.0
2026-02-10 01:00:00,1770656400,32989.0,32995.0,32951.0,32956.0,2859.0
2026-02-10 02:00:00,1770660000,32960.0,32985.0,32866.0,32939.0,4889.0
2026-02-10 03:00:00,1770663600,32937.0,32985.0,32917.0,32924.0,1940.0
2026-02-10 04:00:00,1770667200,32921.0,32938.0,32885.0,32917.0,2881.0
2026-02-10 08:45:00,1770684300,32905.0,33140.0,32879.0,33075.0,47721.0
2026-02-10 09:45:00,1770687900,33075.0,33149.0,33022.0,33083.0,23010.0
2026-02-10 10:45:00,1770691500,33084.0,33113.0,33032.0,33080.0,11608.0
2026-02-10 11:45:00,1770695100,33080.0,33188.0,33070.0,33140.0,15683.0
2026-02-10 12:45:00,1770698700,33140.0,33312.0,33127.0,33310.0,18673.0
2026-02-10 15:00:00,1770706800,33260.0,33299.0,33230.0,33290.0,7315.0
2026-02-10 16:00:00,1770710400,33290.0,33345.0,33253.0,33302.0,7790.0
2026-02-10 17:00:00,1770714000,33302.0,33445.0,33295.0,33382.0,10442.0
2026-02-10 18:00:00,1770717600,33381.0,33425.0,33356.0,33402.0,4599.0
2026-02-10 19:00:00,1770721200,33400.0,33434.0,33374.0,33433.0,3317.0
2026-02-10 20:00:00,1770724800,33433.0,33460.0,33250.0,33265.0,13375.0
2026-02-10 21:00:00,1770728400,33267.0,33359.0,33215.0,33343.0,12915.0
2026-02-10 22:00:00,1770732000,33344.0,33419.0,33183.0,33355.0,28860.0
2026-02-10 23:00:00,1770735600,33354.0,33358.0,33252.0,33280.0,16065.0
2026-02-11 00:00:00,1770739200,33278.0,33319.0,33233.0,33281.0,8375.0
2026-02-11 01:00:00,1770742800,33281.0,33394.0,33256.0,33362.0,6339.0
2026-02-11 02:00:00,1770746400,33364.0,33365.0,33269.0,33320.0,4050.0
2026-02-11 03:00:00,1770750000,33321.0,33344.0,33300.0,33335.0,1347.0
2026-02-11 04:00:00,1770753600,33330.0,33333.0,33258.0,33272.0,2091.0
2026-02-11 08:45:00,1770770700,33344.0,33508.0,33271.0,33495.0,36149.0
2026-02-11 09:45:00,1770774300,33495.0,33662.0,33462.0,33649.0,25579.0
2026-02-11 10:45:00,1770777900,33648.0,33835.0,33648.0,33811.0,23698.0
2026-02-11 11:45:00,1770781500,33813.0,33844.0,33721.0,33731.0,13801.0
2026-02-11 12:45:00,1770785100,33733.0,33810.0,33635.0,33697.0,19069.0
2026-02-11 15:00:00,1770793200,33612.0,33698.0,33600.0,33662.0,6019.0
2026-02-11 16:00:00,1770796800,33663.0,33694.0,33633.0,33675.0,3063.0
2026-02-11 17:00:00,1770800400,33678.0,33698.0,33626.0,33641.0,3049.0
2026-02-11 18:00:00,1770804000,33640.0,33666.0,33609.0,33666.0,2680.0
2026-02-11 19:00:00,1770807600,33664.0,33692.0,33642.0,33654.0,2600.0
2026-02-11 20:00:00,1770811200,33652.0,33692.0,33650.0,33674.0,1924.0
2026-02-11 21:00:00,1770814800,33676.0,33875.0,33661.0,33858.0,10737.0
2026-02-11 22:00:00,1770818400,33857.0,33984.0,33810.0,33923.0,18151.0
2026-02-11 23:00:00,1770822000,33927.0,33970.0,33622.0,33813.0,30813.0
2026-02-12 00:00:00,1770825600,33812.0,33904.0,33752.0,33799.0,12230.0
2026-02-12 01:00:00,1770829200,33801.0,33918.0,33728.0,33867.0,8092.0
2026-02-12 02:00:00,1770832800,33865.0,33903.0,33833.0,33883.0,3174.0
2026-02-12 03:00:00,1770836400,33880.0,33943.0,33860.0,33905.0,2618.0
2026-02-12 04:00:00,1770840000,33903.0,33980.0,33877.0,33980.0,3505.0
2026-02-23 08:45:00,1771807500,34175.0,34455.0,34088.0,34455.0,30714.0
2026-02-23 09:45:00,1771811100,34455.0,34495.0,34132.0,34302.0,16089.0
2026-02-23 10:45:00,1771814700,34299.0,34326.0,34090.0,34127.0,9813.0
2026-02-23 11:45:00,1771818300,34129.0,34180.0,34058.0,34071.0,6195.0
2026-02-23 12:45:00,1771821900,34073.0,34121.0,33837.0,33965.0,15290.0
2026-02-23 13:45:00,1771825500,33964.0,33964.0,33964.0,33964.0,1.0
2026-02-23 15:00:00,1771830000,33950.0,34132.0,33950.0,34113.0,10076.0
2026-02-23 16:00:00,1771833600,34113.0,34147.0,34051.0,34146.0,6037.0
2026-02-23 17:00:00,1771837200,34147.0,34207.0,34140.0,34164.0,6139.0
2026-02-23 18:00:00,1771840800,34166.0,34184.0,34125.0,34137.0,3221.0
2026-02-23 19:00:00,1771844400,34140.0,34172.0,34106.0,34138.0,3610.0
2026-02-23 20:00:00,1771848000,34139.0,34145.0,34064.0,34093.0,5029.0
2026-02-23 21:00:00,1771851600,34093.0,34144.0,34076.0,34105.0,4148.0
2026-02-23 22:00:00,1771855200,34106.0,34280.0,34103.0,34262.0,19115.0
2026-02-23 23:00:00,1771858800,34268.0,34294.0,33955.0,33962.0,22194.0
2026-02-24 00:00:00,1771862400,33963.0,34064.0,33822.0,33976.0,23384.0
2026-02-24 01:00:00,1771866000,33976.0,34058.0,33875.0,34038.0,7385.0
2026-02-24 02:00:00,1771869600,34038.0,34119.0,34016.0,34028.0,4455.0
2026-02-24 03:00:00,1771873200,34030.0,34058.0,33967.0,33991.0,2423.0
2026-02-24 04:00:00,1771876800,33991.0,34049.0,33946.0,34028.0,2388.0
2026-02-24 08:45:00,1771893900,34106.0,34564.0,34100.0,34554.0,55515.0
2026-02-24 09:45:00,1771897500,34555.0,34835.0,34497.0,34740.0,36169.0
2026-02-24 10:45:00,1771901100,34742.0,34906.0,34691.0,34832.0,19703.0
2026-02-24 11:45:00,1771904700,34829.0,34896.0,34760.0,34865.0,14737.0
2026-02-24 12:45:00,1771908300,34866.0,34956.0,34800.0,34835.0,19826.0
2026-02-24 15:00:00,1771916400,34845.0,34985.0,34826.0,34923.0,11854.0
2026-02-24 16:00:00,1771920000,34922.0,34944.0,34818.0,34897.0,11319.0
2026-02-24 17:00:00,1771923600,34896.0,34972.0,34886.0,34968.0,6122.0
2026-02-24 18:00:00,1771927200,34969.0,35000.0,34939.0,34996.0,4698.0
2026-02-24 19:00:00,1771930800,34997.0,35060.0,34995.0,35027.0,6870.0
2026-02-24 20:00:00,1771934400,35029.0,35088.0,34965.0,34995.0,10501.0
2026-02-24 21:00:00,1771938000,34993.0,35044.0,34982.0,35022.0,6089.0
2026-02-24 22:00:00,1771941600,35023.0,35081.0,34869.0,35059.0,23552.0
2026-02-24 23:00:00,1771945200,35056.0,35234.0,35017.0,35195.0,22901.0
2026-02-25 00:00:00,1771948800,35197.0,35359.0,35192.0,35326.0,15845.0
2026-02-25 01:00:00,1771952400,35326.0,35362.0,35311.0,35330.0,4140.0
2026-02-25 02:00:00,1771956000,35327.0,35343.0,35192.0,35195.0,5828.0
2026-02-25 03:00:00,1771959600,35195.0,35241.0,35107.0,35219.0,6023.0
2026-02-25 04:00:00,1771963200,35218.0,35285.0,35164.0,35221.0,3284.0
2026-02-25 08:45:00,1771980300,35250.0,35313.0,35062.0,35288.0,49069.0
2026-02-25 09:45:00,1771983900,35290.0,35675.0,35288.0,35660.0,41945.0
2026-02-25 10:45:00,1771987500,35661.0,35775.0,35365.0,35487.0,44595.0
2026-02-25 11:45:00,1771991100,35487.0,35567.0,35376.0,35473.0,19928.0
2026-02-25 12:45:00,1771994700,35472.0,35582.0,35443.0,35490.0,19351.0
2026-02-25 15:00:00,1772002800,35474.0,35549.0,35444.0,35471.0,9109.0
2026-02-25 16:00:00,1772006400,35474.0,35550.0,35472.0,35500.0,6023.0
2026-02-25 17:00:00,1772010000,35500.0,35528.0,35465.0,35499.0,3566.0
2026-02-25 18:00:00,1772013600,35500.0,35534.0,35469.0,35513.0,3285.0
2026-02-25 19:00:00,1772017200,35514.0,35635.0,35506.0,35631.0,5682.0
2026-02-25 20:00:00,1772020800,35631.0,35669.0,35617.0,35650.0,7271.0
2026-02-25 21:00:00,1772024400,35647.0,35694.0,35603.0,35649.0,8259.0
2026-02-25 22:00:00,1772028000,35650.0,35688.0,35572.0,35612.0,17133.0
2026-02-25 23:00:00,1772031600,35614.0,35632.0,35475.0,35536.0,19029.0
2026-02-26 00:00:00,1772035200,35532.0,35674.0,35526.0,35649.0,10921.0
2026-02-26 01:00:00,1772038800,35647.0,35728.0,35618.0,35716.0,6428.0
2026-02-26 02:00:00,1772042400,35715.0,35725.0,35634.0,35649.0,2929.0
2026-02-26 03:00:00,1772046000,35646.0,35670.0,35620.0,35641.0,1791.0
2026-02-26 04:00:00,1772049600,35643.0,35671.0,35613.0,35650.0,2255.0
2026-02-26 08:45:00,1772066700,35532.0,35596.0,35349.0,35578.0,55261.0
2026-02-26 09:45:00,1772070300,35577.0,35663.0,35495.0,35652.0,31890.0
2026-02-26 10:45:00,1772073900,35649.0,35756.0,35625.0,35666.0,22445.0
2026-02-26 11:45:00,1772077500,35669.0,35671.0,35555.0,35602.0,14627.0
2026-02-26 12:45:00,1772081100,35605.0,35650.0,35540.0,35604.0,15695.0
2026-02-26 15:00:00,1772089200,35640.0,35794.0,35632.0,35766.0,11129.0
2026-02-26 16:00:00,1772092800,35765.0,35856.0,35751.0,35768.0,9932.0
2026-02-26 17:00:00,1772096400,35767.0,35878.0,35762.0,35831.0,8358.0
2026-02-26 18:00:00,1772100000,35830.0,35836.0,35702.0,35711.0,7935.0
2026-02-26 19:00:00,1772103600,35711.0,35774.0,35705.0,35745.0,4682.0
2026-02-26 20:00:00,1772107200,35746.0,35799.0,35712.0,35719.0,5469.0
2026-02-26 21:00:00,1772110800,35717.0,35770.0,35652.0,35658.0,7945.0
2026-02-26 22:00:00,1772114400,35658.0,35699.0,35234.0,35255.0,38669.0
2026-02-26 23:00:00,1772118000,35256.0,35324.0,34909.0,35104.0,57413.0
2026-02-27 00:00:00,1772121600,35105.0,35244.0,34947.0,34964.0,23997.0
2026-02-27 01:00:00,1772125200,34967.0,35094.0,34966.0,35004.0,13725.0
2026-02-27 02:00:00,1772128800,35005.0,35171.0,34960.0,35120.0,9696.0
2026-02-27 03:00:00,1772132400,35120.0,35194.0,35104.0,35156.0,4962.0
2026-02-27 04:00:00,1772136000,35154.0,35192.0,35080.0,35080.0,4409.0
2026-03-02 08:45:00,1772412300,34732.0,35486.0,34708.0,35310.0,76823.0
2026-03-02 09:45:00,1772415900,35311.0,35497.0,35205.0,35365.0,36582.0
2026-03-02 10:45:00,1772419500,35370.0,35473.0,35333.0,35402.0,14947.0
2026-03-02 11:45:00,1772423100,35404.0,35462.0,35337.0,35369.0,11959.0
2026-03-02 12:45:00,1772426700,35366.0,35383.0,35193.0,35239.0,21234.0
2026-03-02 13:45:00,1772430300,35236.0,35236.0,35236.0,35236.0,1.0
2026-03-02 15:00:00,1772434800,35097.0,35098.0,34793.0,34865.0,23268.0
2026-03-02 16:00:00,1772438400,34864.0,34872.0,34620.0,34783.0,26194.0
2026-03-02 17:00:00,1772442000,34780.0,34985.0,34777.0,34842.0,15956.0
2026-03-02 18:00:00,1772445600,34844.0,34965.0,34808.0,34851.0,8340.0
2026-03-02 19:00:00,1772449200,34853.0,34976.0,34805.0,34910.0,8973.0
2026-03-02 20:00:00,1772452800,34909.0,34925.0,34768.0,34820.0,9425.0
2026-03-02 21:00:00,1772456400,34823.0,34948.0,34756.0,34793.0,11995.0
2026-03-02 22:00:00,1772460000,34795.0,35197.0,34737.0,35084.0,39227.0
2026-03-02 23:00:00,1772463600,35081.0,35321.0,34974.0,35104.0,40764.0
2026-03-03 00:00:00,1772467200,35102.0,35347.0,35062.0,35265.0,24403.0
2026-03-03 01:00:00,1772470800,35266.0,35364.0,35232.0,35318.0,9834.0
2026-03-03 02:00:00,1772474400,35317.0,35323.0,35159.0,35164.0,4910.0
2026-03-03 03:00:00,1772478000,35163.0,35360.0,35152.0,35354.0,3935.0
2026-03-03 04:00:00,1772481600,35353.0,35362.0,35095.0,35180.0,7027.0
2026-03-03 08:45:00,1772498700,35005.0,35320.0,34936.0,34990.0,64994.0
2026-03-03 09:45:00,1772502300,34991.0,35008.0,34510.0,34651.0,74831.0
2026-03-03 10:45:00,1772505900,34652.0,34744.0,34481.0,34661.0,35317.0
2026-03-03 11:45:00,1772509500,34658.0,34691.0,34416.0,34490.0,21493.0
2026-03-03 12:45:00,1772513100,34492.0,34509.0,34314.0,34331.0,26140.0
2026-03-03 15:00:00,1772521200,34317.0,34442.0,34134.0,34229.0,25362.0
2026-03-03 16:00:00,1772524800,34222.0,34238.0,33827.0,33854.0,27338.0
2026-03-03 17:00:00,1772528400,33853.0,33969.0,33674.0,33703.0,26524.0
2026-03-03 18:00:00,1772532000,33705.0,33728.0,33264.0,33465.0,44305.0
2026-03-03 19:00:00,1772535600,33465.0,33675.0,33394.0,33635.0,24833.0
2026-03-03 20:00:00,1772539200,33633.0,33762.0,33575.0,33716.0,19437.0
2026-03-03 21:00:00,1772542800,33718.0,33734.0,33413.0,33478.0,22167.0
2026-03-03 22:00:00,1772546400,33477.0,33655.0,33189.0,33213.0,52492.0
2026-03-03 23:00:00,1772550000,33218.0,33320.0,32828.0,33142.0,57173.0
2026-03-04 00:00:00,1772553600,33144.0,33485.0,33104.0,33435.0,33827.0
2026-03-04 01:00:00,1772557200,33434.0,33465.0,33279.0,33370.0,15580.0
2026-03-04 02:00:00,1772560800,33375.0,33693.0,33371.0,33636.0,13064.0
2026-03-04 03:00:00,1772564400,33638.0,33795.0,33528.0,33688.0,9010.0
2026-03-04 04:00:00,1772568000,33692.0,33737.0,33475.0,33550.0,5559.0
2026-03-04 08:45:00,1772585100,33456.0,33666.0,32994.0,33512.0,100006.0
2026-03-04 09:45:00,1772588700,33513.0,33538.0,33029.0,33182.0,47901.0
2026-03-04 10:45:00,1772592300,33178.0,33397.0,32945.0,33072.0,45217.0
2026-03-04 11:45:00,1772595900,33075.0,33197.0,32777.0,32883.0,39800.0
2026-03-04 12:45:00,1772599500,32883.0,33044.0,32680.0,32835.0,44980.0
2026-03-04 15:00:00,1772607600,32876.0,33250.0,32807.0,33198.0,27793.0
2026-03-04 16:00:00,1772611200,33195.0,33262.0,33038.0,33126.0,19972.0
2026-03-04 17:00:00,1772614800,33127.0,33449.0,33081.0,33409.0,19561.0
2026-03-04 18:00:00,1772618400,33410.0,33635.0,33385.0,33584.0,21498.0
2026-03-04 19:00:00,1772622000,33582.0,33652.0,33446.0,33453.0,15904.0
2026-03-04 20:00:00,1772625600,33457.0,33613.0,33376.0,33608.0,17996.0
2026-03-04 21:00:00,1772629200,33608.0,33709.0,33571.0,33626.0,17771.0
2026-03-04 22:00:00,1772632800,33621.0,33659.0,33383.0,33485.0,33431.0
2026-03-04 23:00:00,1772636400,33492.0,33785.0,33460.0,33685.0,32915.0
2026-03-05 00:00:00,1772640000,33680.0,33741.0,33524.0,33673.0,15508.0
2026-03-05 01:00:00,1772643600,33676.0,33750.0,33645.0,33734.0,6602.0
2026-03-05 02:00:00,1772647200,33731.0,33766.0,33679.0,33752.0,3591.0
2026-03-05 03:00:00,1772650800,33754.0,33845.0,33732.0,33820.0,4292.0
2026-03-05 04:00:00,1772654400,33820.0,33825.0,33697.0,33737.0,4242.0
2026-03-05 08:45:00,1772671500,33900.0,34293.0,33868.0,33979.0,70163.0
2026-03-05 09:45:00,1772675100,33978.0,34047.0,33394.0,33736.0,78234.0
2026-03-05 10:45:00,1772678700,33737.0,33930.0,33502.0,33520.0,43144.0
2026-03-05 11:45:00,1772682300,33523.0,33733.0,33432.0,33726.0,27773.0
2026-03-05 12:45:00,1772685900,33727.0,33787.0,33625.0,33641.0,20359.0
2026-03-05 15:00:00,1772694000,33688.0,33748.0,33406.0,33517.0,19591.0
2026-03-05 16:00:00,1772697600,33513.0,33515.0,33063.0,33346.0,35531.0
2026-03-05 17:00:00,1772701200,33352.0,33796.0,33337.0,33623.0,40228.0
2026-03-05 18:00:00,1772704800,33622.0,33698.0,33536.0,33606.0,11473.0
2026-03-05 19:00:00,1772708400,33607.0,33729.0,33572.0,33588.0,10244.0
2026-03-05 20:00:00,1772712000,33594.0,33655.0,33341.0,33450.0,15609.0
2026-03-05 21:00:00,1772715600,33451.0,33495.0,33277.0,33312.0,17552.0
2026-03-05 22:00:00,1772719200,33314.0,33652.0,33251.0,33634.0,40099.0
2026-03-05 23:00:00,1772722800,33632.0,33696.0,33141.0,33296.0,45584.0
2026-03-06 00:00:00,1772726400,33292.0,33320.0,33035.0,33261.0,29885.0
2026-03-06 01:00:00,1772730000,33267.0,33391.0,32857.0,32958.0,28464.0
2026-03-06 02:00:00,1772733600,32957.0,33054.0,32819.0,33028.0,15373.0
2026-03-06 03:00:00,1772737200,33020.0,33162.0,32926.0,33001.0,9807.0
2026-03-06 04:00:00,1772740800,33004.0,33304.0,32974.0,33299.0,8213.0
2026-03-06 08:45:00,1772757900,33364.0,33568.0,33294.0,33470.0,61087.0
2026-03-06 09:45:00,1772761500,33473.0,33889.0,33435.0,33709.0,51194.0
2026-03-06 10:45:00,1772765100,33710.0,33721.0,33461.0,33595.0,31332.0
2026-03-06 11:45:00,1772768700,33595.0,33727.0,33552.0,33633.0,19536.0
2026-03-06 12:45:00,1772772300,33633.0,33724.0,33632.0,33705.0,13127.0
2026-03-06 15:00:00,1772780400,33705.0,33794.0,33642.0,33733.0,12953.0
2026-03-06 16:00:00,1772784000,33733.0,33754.0,33578.0,33663.0,14288.0
2026-03-06 17:00:00,1772787600,33666.0,33673.0,33310.0,33379.0,23760.0
2026-03-06 18:00:00,1772791200,33385.0,33466.0,33326.0,33381.0,10861.0
2026-03-06 19:00:00,1772794800,33379.0,33393.0,33071.0,33107.0,20754.0
2026-03-06 20:00:00,1772798400,33116.0,33199.0,33010.0,33059.0,15737.0
2026-03-06 21:00:00,1772802000,33057.0,33149.0,32785.0,32791.0,34691.0
2026-03-06 22:00:00,1772805600,32791.0,32922.0,32605.0,32707.0,49120.0
2026-03-06 23:00:00,1772809200,32711.0,33049.0,32699.0,32891.0,47037.0
2026-03-07 00:00:00,1772812800,32892.0,33009.0,32776.0,32929.0,22224.0
2026-03-07 01:00:00,1772816400,32927.0,32994.0,32714.0,32778.0,13095.0
2026-03-07 02:00:00,1772820000,32778.0,33029.0,32774.0,32891.0,9859.0
2026-03-07 03:00:00,1772823600,32896.0,32956.0,32833.0,32907.0,5119.0
2026-03-07 04:00:00,1772827200,32902.0,32975.0,32490.0,32657.0,14952.0
2026-03-09 08:45:00,1773017100,31731.0,31892.0,31126.0,31591.0,107822.0
2026-03-09 09:45:00,1773020700,31596.0,31830.0,31400.0,31679.0,43249.0
2026-03-09 10:45:00,1773024300,31679.0,31972.0,31636.0,31681.0,31849.0
2026-03-09 11:45:00,1773027900,31681.0,31841.0,31657.0,31726.0,15819.0
2026-03-09 12:45:00,1773031500,31728.0,32108.0,31710.0,31795.0,29054.0
2026-03-09 13:45:00,1773035100,31798.0,31798.0,31798.0,31798.0,1.0
2026-03-09 15:00:00,1773039600,31913.0,32048.0,31761.0,31970.0,20789.0
2026-03-09 16:00:00,1773043200,31969.0,32041.0,31823.0,32004.0,16438.0
2026-03-09 17:00:00,1773046800,32009.0,32450.0,31942.0,32292.0,26886.0
2026-03-09 18:00:00,1773050400,32291.0,32319.0,32037.0,32133.0,17137.0
2026-03-09 19:00:00,1773054000,32136.0,32238.0,32105.0,32186.0,9268.0
2026-03-09 20:00:00,1773057600,32188.0,32323.0,32130.0,32222.0,11712.0
2026-03-09 21:00:00,1773061200,32222.0,32394.0,32065.0,32231.0,24659.0
2026-03-09 22:00:00,1773064800,32222.0,32483.0,32040.0,32407.0,35997.0
2026-03-09 23:00:00,1773068400,32403.0,32640.0,32402.0,32582.0,22348.0
2026-03-10 00:00:00,1773072000,32583.0,32774.0,32579.0,32755.0,15436.0
2026-03-10 01:00:00,1773075600,32755.0,32757.0,32520.0,32645.0,9281.0
2026-03-10 02:00:00,1773079200,32643.0,32800.0,32641.0,32668.0,7291.0
2026-03-10 03:00:00,1773082800,32675.0,33529.0,32652.0,33272.0,25554.0
2026-03-10 04:00:00,1773086400,33263.0,33422.0,33108.0,33403.0,6440.0
2026-03-10 08:45:00,1773103500,33268.0,33330.0,32913.0,33082.0,58151.0
2026-03-10 09:45:00,1773107100,33081.0,33270.0,33041.0,33056.0,33529.0
2026-03-10 10:45:00,1773110700,33053.0,33079.0,32459.0,32509.0,51647.0
2026-03-10 11:45:00,1773114300,32508.0,32748.0,32374.0,32651.0,39842.0
2026-03-10 12:45:00,1773117900,32651.0,32860.0,32581.0,32703.0,25828.0
2026-03-10 15:00:00,1773126000,32788.0,33191.0,32713.0,33181.0,24800.0
2026-03-10 16:00:00,1773129600,33181.0,33318.0,33147.0,33194.0,18035.0
2026-03-10 17:00:00,1773133200,33197.0,33309.0,33131.0,33162.0,11723.0
2026-03-10 18:00:00,1773136800,33165.0,33207.0,32974.0,33090.0,16801.0
2026-03-10 19:00:00,1773140400,33088.0,33204.0,32901.0,32903.0,17425.0
2026-03-10 20:00:00,1773144000,32904.0,33040.0,32756.0,32942.0,23895.0
2026-03-10 21:00:00,1773147600,32950.0,33064.0,32823.0,32900.0,27690.0
2026-03-10 22:00:00,1773151200,32903.0,33355.0,32712.0,33332.0,46003.0
2026-03-10 23:00:00,1773154800,33330.0,33408.0,33260.0,33332.0,21299.0
2026-03-11 00:00:00,1773158400,33328.0,33343.0,33123.0,33319.0,18378.0
2026-03-11 01:00:00,1773162000,33316.0,33500.0,33262.0,33451.0,17737.0
2026-03-11 02:00:00,1773165600,33451.0,33462.0,33017.0,33086.0,16533.0
2026-03-11 03:00:00,1773169200,33086.0,33202.0,32961.0,33034.0,8555.0
2026-03-11 04:00:00,1773172800,33039.0,33108.0,32998.0,33103.0,2452.0
2026-03-11 08:45:00,1773189900,33329.0,33699.0,33276.0,33678.0,57452.0
2026-03-11 09:45:00,1773193500,33677.0,33855.0,33575.0,33842.0,30707.0
2026-03-11 10:45:00,1773197100,33842.0,34184.0,33826.0,34113.0,34131.0
2026-03-11 11:45:00,1773200700,34114.0,34180.0,34108.0,34127.0,12356.0
2026-03-11 12:45:00,1773204300,34127.0,34155.0,33982.0,33986.0,24602.0
2026-03-11 13:45:00,1773207900,33986.0,33986.0,33986.0,33986.0,1.0
2026-03-11 15:00:00,1773212400,33948.0,33957.0,33674.0,33779.0,24976.0
2026-03-11 16:00:00,1773216000,33780.0,33834.0,33630.0,33695.0,15695.0
2026-03-11 17:00:00,1773219600,33698.0,33706.0,33522.0,33537.0,14177.0
2026-03-11 18:00:00,1773223200,33538.0,33867.0,33529.0,33815.0,16589.0
2026-03-11 19:00:00,1773226800,33813.0,33848.0,33595.0,33631.0,15642.0
2026-03-11 20:00:00,1773230400,33632.0,33795.0,33542.0,33614.0,16745.0
2026-03-11 21:00:00,1773234000,33615.0,33844.0,33607.0,33817.0,24770.0
2026-03-11 22:00:00,1773237600,33811.0,33996.0,33748.0,33974.0,35686.0
2026-03-11 23:00:00,1773241200,33972.0,34006.0,33671.0,33697.0,23252.0
2026-03-12 00:00:00,1773244800,33698.0,33829.0,33621.0,33827.0,13324.0
2026-03-12 01:00:00,1773248400,33826.0,33858.0,33590.0,33705.0,9624.0
2026-03-12 02:00:00,1773252000,33702.0,33748.0,33581.0,33714.0,5602.0
2026-03-12 03:00:00,1773255600,33715.0,33837.0,33661.0,33801.0,2985.0
2026-03-12 04:00:00,1773259200,33801.0,33818.0,33703.0,33721.0,1843.0
2026-03-12 08:45:00,1773276300,33668.0,33937.0,33460.0,33865.0,49184.0
2026-03-12 09:45:00,1773279900,33863.0,33897.0,33350.0,33402.0,46126.0
2026-03-12 10:45:00,1773283500,33399.0,33547.0,33325.0,33462.0,26461.0
2026-03-12 11:45:00,1773287100,33461.0,33583.0,33402.0,33407.0,15925.0
2026-03-12 12:45:00,1773290700,33407.0,33546.0,33397.0,33524.0,15227.0
2026-03-12 15:00:00,1773298800,33623.0,33777.0,33605.0,33725.0,17334.0
2026-03-12 16:00:00,1773302400,33724.0,33754.0,33616.0,33696.0,8467.0
2026-03-12 17:00:00,1773306000,33700.0,33830.0,33584.0,33826.0,12038.0
2026-03-12 18:00:00,1773309600,33823.0,33843.0,33736.0,33771.0,7074.0
2026-03-12 19:00:00,1773313200,33764.0,33821.0,33690.0,33696.0,7923.0
2026-03-12 20:00:00,1773316800,33699.0,33715.0,33592.0,33630.0,11306.0
2026-03-12 21:00:00,1773320400,33632.0,33684.0,33004.0,33035.0,49600.0
2026-03-12 22:00:00,1773324000,33035.0,33162.0,32685.0,32733.0,51891.0
2026-03-12 23:00:00,1773327600,32728.0,32874.0,32559.0,32797.0,39173.0
2026-03-13 00:00:00,1773331200,32796.0,32849.0,32643.0,32755.0,18208.0
2026-03-13 01:00:00,1773334800,32754.0,32808.0,32632.0,32681.0,7429.0
2026-03-13 02:00:00,1773338400,32681.0,32755.0,32581.0,32588.0,4983.0
2026-03-13 03:00:00,1773342000,32587.0,32797.0,32503.0,32594.0,9370.0
2026-03-13 04:00:00,1773345600,32594.0,32659.0,32436.0,32436.0,5645.0
2026-03-13 08:45:00,1773362700,32654.0,33322.0,32650.0,33134.0,64185.0
2026-03-13 09:45:00,1773366300,33135.0,33513.0,33026.0,33257.0,47044.0
2026-03-13 10:45:00,1773369900,33258.0,33428.0,33234.0,33325.0,19135.0
2026-03-13 11:45:00,1773373500,33325.0,33398.0,33133.0,33251.0,16781.0
2026-03-13 12:45:00,1773377100,33250.0,33353.0,33199.0,33314.0,15655.0
2026-03-13 15:00:00,1773385200,33055.0,33100.0,32753.0,32826.0,26368.0
2026-03-13 16:00:00,1773388800,32830.0,33010.0,32679.0,32938.0,21147.0
2026-03-13 17:00:00,1773392400,32936.0,33076.0,32888.0,32970.0,13915.0
2026-03-13 18:00:00,1773396000,32969.0,33245.0,32959.0,33241.0,15834.0
2026-03-13 19:00:00,1773399600,33238.0,33275.0,33150.0,33234.0,10121.0
2026-03-13 20:00:00,1773403200,33230.0,33398.0,33102.0,33397.0,17529.0
2026-03-13 21:00:00,1773406800,33398.0,33660.0,33315.0,33482.0,32403.0
2026-03-13 22:00:00,1773410400,33483.0,33530.0,33005.0,33028.0,43469.0
2026-03-13 23:00:00,1773414000,33030.0,33265.0,32832.0,32910.0,37877.0
2026-03-14 00:00:00,1773417600,32910.0,33099.0,32904.0,32932.0,19353.0
2026-03-14 01:00:00,1773421200,32934.0,33064.0,32847.0,32854.0,10097.0
2026-03-14 02:00:00,1773424800,32852.0,33050.0,32799.0,32982.0,10224.0
2026-03-14 03:00:00,1773428400,32988.0,32994.0,32760.0,32939.0,6271.0
2026-03-14 04:00:00,1773432000,32943.0,32947.0,32802.0,32850.0,3051.0
2026-03-16 08:45:00,1773621900,33413.0,33725.0,33072.0,33230.0,71801.0
2026-03-16 09:45:00,1773625500,33230.0,33468.0,33209.0,33235.0,36429.0
2026-03-16 10:45:00,1773629100,33231.0,33547.0,33221.0,33534.0,22672.0
2026-03-16 11:45:00,1773632700,33536.0,33571.0,33285.0,33300.0,17210.0
2026-03-16 12:45:00,1773636300,33301.0,33317.0,33219.0,33253.0,14824.0
2026-03-16 15:00:00,1773644400,33368.0,33427.0,33104.0,33205.0,17203.0
2026-03-16 16:00:00,1773648000,33202.0,33344.0,33180.0,33270.0,13010.0
2026-03-16 17:00:00,1773651600,33272.0,33312.0,33201.0,33245.0,7434.0
2026-03-16 18:00:00,1773655200,33249.0,33458.0,33245.0,33452.0,9974.0
2026-03-16 19:00:00,1773658800,33451.0,33487.0,33391.0,33466.0,6596.0
2026-03-16 20:00:00,1773662400,33465.0,33653.0,33463.0,33571.0,11607.0
2026-03-16 21:00:00,1773666000,33572.0,33803.0,33485.0,33793.0,23852.0
2026-03-16 22:00:00,1773669600,33794.0,33827.0,33544.0,33730.0,25322.0
2026-03-16 23:00:00,1773673200,33731.0,33757.0,33633.0,33639.0,11617.0
2026-03-17 00:00:00,1773676800,33639.0,33691.0,33566.0,33623.0,8578.0
2026-03-17 01:00:00,1773680400,33630.0,33710.0,33591.0,33640.0,4939.0
2026-03-17 02:00:00,1773684000,33642.0,33754.0,33637.0,33707.0,3135.0
2026-03-17 03:00:00,1773687600,33711.0,33890.0,33614.0,33720.0,8055.0
2026-03-17 04:00:00,1773691200,33720.0,33720.0,33528.0,33686.0,4655.0
2026-03-17 08:45:00,1773708300,33626.0,34016.0,33592.0,33842.0,49067.0
2026-03-17 09:45:00,1773711900,33842.0,33950.0,33727.0,33840.0,22425.0
2026-03-17 10:45:00,1773715500,33840.0,33886.0,33690.0,33746.0,18917.0
2026-03-17 11:45:00,1773719100,33747.0,33812.0,33707.0,33768.0,10133.0
2026-03-17 12:45:00,1773722700,33771.0,33864.0,33763.0,33803.0,10778.0
2026-03-17 15:00:00,1773730800,33796.0,33898.0,33627.0,33835.0,4308.0
2026-03-17 16:00:00,1773734400,33834.0,33874.0,33742.0,33807.0,2343.0
2026-03-17 17:00:00,1773738000,33810.0,33948.0,33806.0,33945.0,2834.0
2026-03-17 18:00:00,1773741600,33940.0,33947.0,33846.0,33903.0,1563.0
2026-03-17 19:00:00,1773745200,33900.0,33955.0,33888.0,33895.0,1482.0
2026-03-17 20:00:00,1773748800,33895.0,34109.0,33895.0,34104.0,4016.0
2026-03-17 21:00:00,1773752400,34103.0,34256.0,34103.0,34254.0,5828.0
2026-03-17 22:00:00,1773756000,34256.0,34325.0,34159.0,34317.0,4657.0
2026-03-17 23:00:00,1773759600,34316.0,34330.0,34043.0,34140.0,5976.0
2026-03-18 00:00:00,1773763200,34137.0,34243.0,34082.0,34189.0,2810.0
2026-03-18 01:00:00,1773766800,34186.0,34268.0,34182.0,34252.0,1393.0
2026-03-18 02:00:00,1773770400,34258.0,34296.0,34196.0,34204.0,1036.0
2026-03-18 03:00:00,1773774000,34208.0,34256.0,34192.0,34248.0,302.0
2026-03-18 04:00:00,1773777600,34243.0,34243.0,34198.0,34228.0,385.0
2026-03-18 08:45:00,1773794700,34344.0,34580.0,34310.0,34496.0,20205.0
2026-03-18 09:45:00,1773798300,34494.0,34526.0,34247.0,34402.0,14001.0
2026-03-18 10:45:00,1773801900,34404.0,34561.0,34370.0,34545.0,8004.0
2026-03-18 11:45:00,1773805500,34544.0,34549.0,34353.0,34359.0,8457.0
2026-03-18 12:45:00,1773809100,34358.0,34567.0,34330.0,34555.0,13757.0
2026-03-18 15:00:00,1773817200,34566.0,34734.0,34565.0,34596.0,18293.0
2026-03-18 16:00:00,1773820800,34595.0,34627.0,34525.0,34591.0,12406.0
2026-03-18 17:00:00,1773824400,34593.0,34633.0,34540.0,34571.0,6893.0
2026-03-18 18:00:00,1773828000,34571.0,34624.0,34555.0,34566.0,3675.0
2026-03-18 19:00:00,1773831600,34565.0,34596.0,34426.0,34494.0,12059.0
2026-03-18 20:00:00,1773835200,34498.0,34506.0,34022.0,34041.0,34828.0
2026-03-18 21:00:00,1773838800,34043.0,34216.0,34020.0,34155.0,29452.0
2026-03-18 22:00:00,1773842400,34155.0,34230.0,33931.0,34060.0,28995.0
2026-03-18 23:00:00,1773846000,34059.0,34166.0,33989.0,34089.0,18482.0
2026-03-19 00:00:00,1773849600,34090.0,34100.0,33983.0,34038.0,8223.0
2026-03-19 01:00:00,1773853200,34035.0,34116.0,33963.0,34084.0,6006.0
2026-03-19 02:00:00,1773856800,34088.0,34147.0,33870.0,33872.0,10753.0
2026-03-19 03:00:00,1773860400,33872.0,33968.0,33696.0,33720.0,9224.0
2026-03-19 04:00:00,1773864000,33720.0,33900.0,33611.0,33899.0,7509.0
2026-03-19 08:45:00,1773881100,33892.0,34000.0,33763.0,33946.0,47684.0
2026-03-19 09:45:00,1773884700,33946.0,34084.0,33891.0,34020.0,26769.0
2026-03-19 10:45:00,1773888300,34017.0,34030.0,33905.0,33946.0,13298.0
2026-03-19 11:45:00,1773891900,33945.0,33962.0,33642.0,33669.0,23147.0
2026-03-19 12:45:00,1773895500,33670.0,33743.0,33538.0,33550.0,18319.0
2026-03-19 15:00:00,1773903600,33550.0,33575.0,33301.0,33323.0,25104.0
2026-03-19 16:00:00,1773907200,33326.0,33423.0,33082.0,33180.0,25448.0
2026-03-19 17:00:00,1773910800,33181.0,33409.0,33027.0,33379.0,26407.0
2026-03-19 18:00:00,1773914400,33379.0,33419.0,33222.0,33275.0,13340.0
2026-03-19 19:00:00,1773918000,33281.0,33343.0,33097.0,33213.0,12562.0
2026-03-19 20:00:00,1773921600,33213.0,33262.0,33005.0,33047.0,18604.0
2026-03-19 21:00:00,1773925200,33046.0,33180.0,32859.0,33133.0,35378.0
2026-03-19 22:00:00,1773928800,33131.0,33368.0,33051.0,33322.0,36424.0
2026-03-19 23:00:00,1773932400,33319.0,33467.0,33154.0,33274.0,28227.0
2026-03-20 00:00:00,1773936000,33272.0,33413.0,33229.0,33301.0,15111.0
2026-03-20 01:00:00,1773939600,33298.0,33352.0,33127.0,33283.0,10307.0
2026-03-20 02:00:00,1773943200,33281.0,33444.0,33258.0,33411.0,6331.0
2026-03-20 03:00:00,1773946800,33412.0,33789.0,33401.0,33649.0,17666.0
2026-03-20 04:00:00,1773950400,33646.0,33833.0,33616.0,33780.0,4845.0
2026-03-20 08:45:00,1773967500,33794.0,33888.0,33393.0,33796.0,64542.0
2026-03-20 09:45:00,1773971100,33799.0,33820.0,33563.0,33762.0,29307.0
2026-03-20 10:45:00,1773974700,33759.0,33848.0,33577.0,33581.0,18896.0
2026-03-20 11:45:00,1773978300,33581.0,33659.0,33413.0,33506.0,23055.0
2026-03-20 12:45:00,1773981900,33505.0,33635.0,33500.0,33571.0,15912.0
2026-03-20 15:00:00,1773990000,33411.0,33723.0,33337.0,33658.0,20912.0
2026-03-20 16:00:00,1773993600,33658.0,33743.0,33592.0,33597.0,12045.0
2026-03-20 17:00:00,1773997200,33600.0,33624.0,33251.0,33284.0,20863.0
2026-03-20 18:00:00,1774000800,33286.0,33300.0,33068.0,33219.0,22517.0
2026-03-20 19:00:00,1774004400,33225.0,33422.0,33212.0,33370.0,16549.0
2026-03-20 20:00:00,1774008000,33378.0,33465.0,33323.0,33423.0,13997.0
2026-03-20 21:00:00,1774011600,33426.0,33442.0,33025.0,33057.0,29266.0
2026-03-20 22:00:00,1774015200,33056.0,33131.0,32866.0,32934.0,38769.0
2026-03-20 23:00:00,1774018800,32929.0,33075.0,32887.0,32969.0,21868.0
2026-03-21 00:00:00,1774022400,32972.0,33067.0,32782.0,32879.0,18909.0
2026-03-21 01:00:00,1774026000,32880.0,32960.0,32718.0,32896.0,13510.0
2026-03-21 02:00:00,1774029600,32896.0,32923.0,32637.0,32670.0,10825.0
2026-03-21 03:00:00,1774033200,32671.0,32750.0,32551.0,32700.0,9690.0
2026-03-21 04:00:00,1774036800,32701.0,32793.0,32687.0,32736.0,5021.0
2026-03-23 08:45:00,1774226700,32530.0,32825.0,32213.0,32705.0,66742.0
2026-03-23 09:45:00,1774230300,32705.0,32890.0,32535.0,32570.0,33904.0
2026-03-23 10:45:00,1774233900,32568.0,32679.0,32511.0,32591.0,20627.0
2026-03-23 11:45:00,1774237500,32590.0,32659.0,32475.0,32582.0,16023.0
2026-03-23 12:45:00,1774241100,32582.0,32745.0,32515.0,32529.0,21526.0
2026-03-23 15:00:00,1774249200,32200.0,32355.0,32100.0,32252.0,25589.0
2026-03-23 16:00:00,1774252800,32253.0,32497.0,32253.0,32462.0,15916.0
2026-03-23 17:00:00,1774256400,32464.0,32593.0,32323.0,32394.0,14643.0
2026-03-23 18:00:00,1774260000,32398.0,32474.0,32252.0,32370.0,11693.0
2026-03-23 19:00:00,1774263600,32368.0,34000.0,32368.0,33134.0,75659.0
2026-03-23 20:00:00,1774267200,33136.0,33578.0,33043.0,33530.0,34300.0
2026-03-23 21:00:00,1774270800,33529.0,33660.0,33266.0,33629.0,32539.0
2026-03-23 22:00:00,1774274400,33628.0,33774.0,33555.0,33645.0,26631.0
2026-03-23 23:00:00,1774278000,33645.0,33787.0,33256.0,33258.0,25849.0
2026-03-24 00:00:00,1774281600,33262.0,33409.0,33081.0,33320.0,25243.0
2026-03-24 01:00:00,1774285200,33321.0,33538.0,33290.0,33509.0,10099.0
2026-03-24 02:00:00,1774288800,33508.0,33645.0,33425.0,33595.0,6671.0
2026-03-24 03:00:00,1774292400,33591.0,33672.0,33555.0,33593.0,3163.0
2026-03-24 04:00:00,1774296000,33590.0,33615.0,33450.0,33610.0,3534.0
2026-03-24 08:45:00,1774313100,33300.0,33395.0,32693.0,32694.0,63053.0
2026-03-24 09:45:00,1774316700,32696.0,32892.0,32342.0,32789.0,64243.0
2026-03-24 10:45:00,1774320300,32794.0,32869.0,32576.0,32766.0,28584.0
2026-03-24 11:45:00,1774323900,32762.0,32998.0,32735.0,32908.0,22108.0
2026-03-24 12:45:00,1774327500,32910.0,32948.0,32613.0,32782.0,24973.0
2026-03-24 15:00:00,1774335600,33021.0,33277.0,33021.0,33248.0,24674.0
2026-03-24 16:00:00,1774339200,33247.0,33295.0,33092.0,33108.0,17420.0
2026-03-24 17:00:00,1774342800,33114.0,33237.0,32951.0,33222.0,19399.0
2026-03-24 18:00:00,1774346400,33221.0,33224.0,33083.0,33170.0,8807.0
2026-03-24 19:00:00,1774350000,33170.0,33255.0,32984.0,33151.0,13354.0
2026-03-24 20:00:00,1774353600,33152.0,33177.0,32860.0,32908.0,16815.0
2026-03-24 21:00:00,1774357200,32910.0,33063.0,32787.0,33002.0,32437.0
2026-03-24 22:00:00,1774360800,33000.0,33213.0,32932.0,33081.0,31922.0
2026-03-24 23:00:00,1774364400,33082.0,33355.0,33078.0,33183.0,22974.0
2026-03-25 00:00:00,1774368000,33180.0,33283.0,33116.0,33216.0,12331.0
2026-03-25 01:00:00,1774371600,33216.0,33237.0,32983.0,33182.0,12361.0
2026-03-25 02:00:00,1774375200,33181.0,33343.0,33113.0,33244.0,7141.0
2026-03-25 03:00:00,1774378800,33245.0,33322.0,33093.0,33147.0,3486.0
2026-03-25 04:00:00,1774382400,33151.0,33610.0,33093.0,33458.0,10787.0
2026-03-25 08:45:00,1774399500,33790.0,33877.0,33568.0,33622.0,53975.0
2026-03-25 09:45:00,1774403100,33621.0,33786.0,33502.0,33546.0,28853.0
2026-03-25 10:45:00,1774406700,33546.0,33585.0,33442.0,33529.0,18180.0
2026-03-25 11:45:00,1774410300,33533.0,33744.0,33527.0,33659.0,15329.0
2026-03-25 12:45:00,1774413900,33658.0,33685.0,33552.0,33629.0,17641.0
2026-03-25 15:00:00,1774422000,33560.0,33720.0,33506.0,33680.0,14184.0
2026-03-25 16:00:00,1774425600,33680.0,33934.0,33668.0,33785.0,20970.0
2026-03-25 17:00:00,1774429200,33785.0,33839.0,33687.0,33795.0,12166.0
2026-03-25 18:00:00,1774432800,33794.0,33829.0,33716.0,33785.0,7557.0
2026-03-25 19:00:00,1774436400,33789.0,33864.0,33747.0,33809.0,8958.0
2026-03-25 20:00:00,1774440000,33812.0,33898.0,33608.0,33681.0,20523.0
2026-03-25 21:00:00,1774443600,33681.0,33834.0,33561.0,33563.0,26311.0
2026-03-25 22:00:00,1774447200,33566.0,33864.0,33527.0,33770.0,27256.0
2026-03-25 23:00:00,1774450800,33774.0,33785.0,33457.0,33689.0,27716.0
2026-03-26 00:00:00,1774454400,33689.0,33818.0,33611.0,33770.0,10935.0
2026-03-26 01:00:00,1774458000,33769.0,33883.0,33727.0,33795.0,8052.0
2026-03-26 02:00:00,1774461600,33791.0,33852.0,33689.0,33760.0,4076.0
2026-03-26 03:00:00,1774465200,33756.0,33797.0,33714.0,33780.0,2272.0
2026-03-26 04:00:00,1774468800,33773.0,33843.0,33738.0,33797.0,1865.0
2026-03-26 08:45:00,1774485900,33845.0,34025.0,33717.0,33937.0,47769.0
2026-03-26 09:45:00,1774489500,33940.0,34016.0,33415.0,33498.0,48132.0
2026-03-26 10:45:00,1774493100,33499.0,33723.0,33461.0,33690.0,25067.0
2026-03-26 11:45:00,1774496700,33686.0,33697.0,33611.0,33636.0,9973.0
2026-03-26 12:45:00,1774500300,33635.0,33650.0,33350.0,33446.0,22905.0
2026-03-26 13:45:00,1774503900,33438.0,33454.0,33437.0,33454.0,8.0
2026-03-26 15:00:00,1774508400,33477.0,33544.0,33396.0,33452.0,13699.0
2026-03-26 16:00:00,1774512000,33450.0,33506.0,33296.0,33380.0,14682.0
2026-03-26 17:00:00,1774515600,33384.0,33394.0,33222.0,33326.0,14413.0
2026-03-26 18:00:00,1774519200,33329.0,33384.0,33300.0,33340.0,6611.0
2026-03-26 19:00:00,1774522800,33342.0,33347.0,33152.0,33160.0,10982.0
2026-03-26 20:00:00,1774526400,33160.0,33251.0,33120.0,33186.0,11457.0
2026-03-26 21:00:00,1774530000,33182.0,33308.0,33077.0,33248.0,27145.0
2026-03-26 22:00:00,1774533600,33244.0,33317.0,32986.0,33060.0,29167.0
2026-03-26 23:00:00,1774537200,33059.0,33119.0,32963.0,33050.0,18800.0
2026-03-27 00:00:00,1774540800,33049.0,33068.0,32847.0,32879.0,13713.0
2026-03-27 01:00:00,1774544400,32878.0,32942.0,32731.0,32741.0,10489.0
2026-03-27 02:00:00,1774548000,32744.0,32865.0,32700.0,32840.0,8174.0
2026-03-27 03:00:00,1774551600,32840.0,32857.0,32634.0,32658.0,6203.0
2026-03-27 04:00:00,1774555200,32660.0,33099.0,32656.0,32812.0,11733.0
2026-03-27 08:45:00,1774572300,32765.0,33028.0,32663.0,32976.0,46592.0
2026-03-27 09:45:00,1774575900,32975.0,32983.0,32706.0,32891.0,30584.0
2026-03-27 10:45:00,1774579500,32887.0,33050.0,32848.0,32994.0,17615.0
2026-03-27 11:45:00,1774583100,32997.0,33051.0,32935.0,33045.0,12399.0
2026-03-27 12:45:00,1774586700,33044.0,33242.0,33027.0,33130.0,23502.0
2026-03-27 15:00:00,1774594800,33048.0,33065.0,32890.0,32917.0,15081.0
2026-03-27 16:00:00,1774598400,32920.0,32964.0,32741.0,32758.0,16025.0
2026-03-27 17:00:00,1774602000,32763.0,32799.0,32599.0,32648.0,18470.0
2026-03-27 18:00:00,1774605600,32646.0,32755.0,32486.0,32498.0,15887.0
2026-03-27 19:00:00,1774609200,32501.0,32626.0,32428.0,32555.0,15569.0
2026-03-27 20:00:00,1774612800,32555.0,32648.0,32486.0,32583.0,11877.0
2026-03-27 21:00:00,1774616400,32585.0,32685.0,32396.0,32425.0,26640.0
2026-03-27 22:00:00,1774620000,32425.0,32618.0,32371.0,32559.0,26801.0
2026-03-27 23:00:00,1774623600,32558.0,32760.0,32519.0,32605.0,24755.0
2026-03-28 00:00:00,1774627200,32608.0,32633.0,32499.0,32568.0,12162.0
2026-03-28 01:00:00,1774630800,32567.0,32629.0,32396.0,32424.0,10789.0
2026-03-28 02:00:00,1774634400,32423.0,32497.0,32382.0,32431.0,5268.0
2026-03-28 03:00:00,1774638000,32430.0,32463.0,32282.0,32425.0,8955.0
2026-03-28 04:00:00,1774641600,32428.0,32476.0,32250.0,32250.0,5380.0
2026-03-30 08:45:00,1774831500,32030.0,32501.0,32018.0,32495.0,55407.0
2026-03-30 09:45:00,1774835100,32497.0,32544.0,32243.0,32333.0,33157.0
2026-03-30 10:45:00,1774838700,32333.0,32645.0,32326.0,32601.0,23526.0
2026-03-30 11:45:00,1774842300,32602.0,32712.0,32548.0,32577.0,15480.0
2026-03-30 12:45:00,1774845900,32575.0,32635.0,32466.0,32479.0,16451.0
2026-03-30 15:00:00,1774854000,32630.0,32645.0,32487.0,32598.0,12366.0
2026-03-30 16:00:00,1774857600,32595.0,32707.0,32550.0,32700.0,10580.0
2026-03-30 17:00:00,1774861200,32699.0,32705.0,32564.0,32620.0,8276.0
2026-03-30 18:00:00,1774864800,32620.0,32636.0,32550.0,32626.0,5809.0
2026-03-30 19:00:00,1774868400,32627.0,32861.0,32625.0,32722.0,15947.0
2026-03-30 20:00:00,1774872000,32722.0,32798.0,32664.0,32796.0,8579.0
2026-03-30 21:00:00,1774875600,32797.0,32833.0,32306.0,32339.0,30122.0
2026-03-30 22:00:00,1774879200,32339.0,32512.0,32282.0,32460.0,33138.0
2026-03-30 23:00:00,1774882800,32461.0,32544.0,32331.0,32447.0,19382.0
2026-03-31 00:00:00,1774886400,32445.0,32450.0,32305.0,32329.0,9516.0
2026-03-31 01:00:00,1774890000,32335.0,32356.0,32058.0,32112.0,15078.0
2026-03-31 02:00:00,1774893600,32112.0,32147.0,31963.0,31987.0,7679.0
2026-03-31 03:00:00,1774897200,31989.0,32126.0,31901.0,32114.0,7770.0
2026-03-31 04:00:00,1774900800,32110.0,32146.0,32010.0,32041.0,2778.0
2026-03-31 08:45:00,1774917900,32000.0,32449.0,31970.0,32351.0,69989.0
2026-03-31 09:45:00,1774921500,32354.0,32405.0,32163.0,32204.0,30578.0
2026-03-31 10:45:00,1774925100,32206.0,32383.0,31946.0,31955.0,28490.0
2026-03-31 11:45:00,1774928700,31952.0,31985.0,31805.0,31909.0,32583.0
2026-03-31 12:45:00,1774932300,31910.0,31995.0,31831.0,31972.0,21368.0
2026-03-31 15:00:00,1774940400,31936.0,32045.0,31742.0,32033.0,20810.0
2026-03-31 16:00:00,1774944000,32035.0,32049.0,31867.0,31924.0,11517.0
2026-03-31 17:00:00,1774947600,31923.0,32002.0,31881.0,31910.0,7323.0
2026-03-31 18:00:00,1774951200,31911.0,31984.0,31821.0,31921.0,8101.0
2026-03-31 19:00:00,1774954800,31917.0,32169.0,31866.0,32099.0,18863.0
2026-03-31 20:00:00,1774958400,32100.0,32193.0,32046.0,32106.0,13553.0
2026-03-31 21:00:00,1774962000,32108.0,32395.0,32096.0,32395.0,22115.0
2026-03-31 22:00:00,1774965600,32392.0,32465.0,32188.0,32240.0,26971.0
2026-03-31 23:00:00,1774969200,32241.0,32418.0,32235.0,32275.0,18859.0
2026-04-01 00:00:00,1774972800,32276.0,32971.0,32266.0,32811.0,31610.0
2026-04-01 01:00:00,1774976400,32810.0,32939.0,32793.0,32850.0,15539.0
2026-04-01 02:00:00,1774980000,32850.0,32958.0,32849.0,32947.0,5013.0
2026-04-01 03:00:00,1774983600,32947.0,33198.0,32939.0,33160.0,10547.0
2026-04-01 04:00:00,1774987200,33163.0,33173.0,33012.0,33076.0,5252.0
2026-04-01 08:45:00,1775004300,33034.0,33235.0,32908.0,33140.0,55698.0
2026-04-01 09:45:00,1775007900,33135.0,33293.0,33094.0,33265.0,24711.0
2026-04-01 10:45:00,1775011500,33266.0,33344.0,33244.0,33323.0,14876.0
2026-04-01 11:45:00,1775015100,33323.0,33343.0,33256.0,33329.0,8931.0
2026-04-01 12:45:00,1775018700,33328.0,33410.0,33316.0,33399.0,17406.0
2026-04-01 15:00:00,1775026800,33620.0,33724.0,33427.0,33457.0,25219.0
2026-04-01 16:00:00,1775030400,33456.0,33519.0,33337.0,33461.0,17875.0
2026-04-01 17:00:00,1775034000,33469.0,33496.0,33317.0,33433.0,12160.0
2026-04-01 18:00:00,1775037600,33435.0,33562.0,33396.0,33520.0,8252.0
2026-04-01 19:00:00,1775041200,33521.0,33580.0,33480.0,33539.0,6966.0
2026-04-01 20:00:00,1775044800,33537.0,33610.0,33397.0,33407.0,15594.0
2026-04-01 21:00:00,1775048400,33412.0,33593.0,33363.0,33515.0,22515.0
2026-04-01 22:00:00,1775052000,33514.0,33780.0,33495.0,33761.0,30679.0
2026-04-01 23:00:00,1775055600,33760.0,33834.0,33714.0,33810.0,14458.0
2026-04-02 00:00:00,1775059200,33812.0,33861.0,33765.0,33843.0,8213.0
2026-04-02 01:00:00,1775062800,33844.0,33881.0,33648.0,33648.0,8494.0
2026-04-02 02:00:00,1775066400,33650.0,33656.0,33438.0,33513.0,12369.0
2026-04-02 03:00:00,1775070000,33512.0,33642.0,33484.0,33515.0,5723.0
2026-04-02 04:00:00,1775073600,33514.0,33578.0,33473.0,33568.0,2237.0
2026-04-02 08:45:00,1775090700,33690.0,33690.0,32867.0,32925.0,84402.0
2026-04-02 09:45:00,1775094300,32928.0,33017.0,32663.0,32775.0,48355.0
2026-04-02 10:45:00,1775097900,32776.0,32819.0,32585.0,32633.0,21659.0
2026-04-02 11:45:00,1775101500,32631.0,32699.0,32559.0,32615.0,17169.0
2026-04-02 12:45:00,1775105100,32615.0,32643.0,32496.0,32497.0,16571.0
2026-04-02 15:00:00,1775113200,32598.0,32658.0,32460.0,32654.0,15148.0
2026-04-02 16:00:00,1775116800,32655.0,32677.0,32566.0,32608.0,7079.0
2026-04-02 17:00:00,1775120400,32607.0,32647.0,32530.0,32556.0,7121.0
2026-04-02 18:00:00,1775124000,32557.0,32557.0,32318.0,32403.0,15205.0
2026-04-02 19:00:00,1775127600,32403.0,32431.0,32270.0,32275.0,10079.0
2026-04-02 20:00:00,1775131200,32277.0,32397.0,32219.0,32337.0,11960.0
2026-04-02 21:00:00,1775134800,32337.0,32525.0,32190.0,32513.0,26724.0
2026-04-02 22:00:00,1775138400,32513.0,33133.0,32482.0,32909.0,52006.0
2026-04-02 23:00:00,1775142000,32908.0,32919.0,32673.0,32738.0,25340.0
2026-04-03 00:00:00,1775145600,32737.0,32864.0,32686.0,32789.0,13976.0
2026-04-03 01:00:00,1775149200,32791.0,32899.0,32750.0,32787.0,8187.0
2026-04-03 02:00:00,1775152800,32785.0,32864.0,32763.0,32840.0,3908.0
2026-04-03 03:00:00,1775156400,32840.0,32898.0,32806.0,32885.0,3300.0
2026-04-03 04:00:00,1775160000,32889.0,32916.0,32830.0,32868.0,3117.0
2026-04-07 08:45:00,1775522700,33174.0,33376.0,33126.0,33200.0,50638.0
2026-04-07 09:45:00,1775526300,33203.0,33230.0,32955.0,33157.0,30822.0
2026-04-07 10:45:00,1775529900,33152.0,33216.0,33065.0,33154.0,14164.0
2026-04-07 11:45:00,1775533500,33149.0,33180.0,33077.0,33166.0,9090.0
2026-04-07 12:45:00,1775537100,33168.0,33208.0,33138.0,33182.0,9788.0
2026-04-07 15:00:00,1775545200,33223.0,33277.0,33151.0,33208.0,8755.0
2026-04-07 16:00:00,1775548800,33208.0,33562.0,33203.0,33525.0,22167.0
2026-04-07 17:00:00,1775552400,33527.0,33597.0,33485.0,33499.0,9265.0
2026-04-07 18:00:00,1775556000,33503.0,33526.0,33112.0,33178.0,22163.0
2026-04-07 19:00:00,1775559600,33180.0,33269.0,33162.0,33212.0,10462.0
2026-04-07 20:00:00,1775563200,33215.0,33333.0,33089.0,33254.0,19246.0
2026-04-07 21:00:00,1775566800,33257.0,33319.0,32995.0,33003.0,24722.0
2026-04-07 22:00:00,1775570400,33005.0,33152.0,32824.0,32947.0,35473.0
2026-04-07 23:00:00,1775574000,32946.0,33118.0,32840.0,33087.0,20870.0
2026-04-08 00:00:00,1775577600,33088.0,33241.0,33084.0,33176.0,13391.0
2026-04-08 01:00:00,1775581200,33170.0,33337.0,33088.0,33284.0,10551.0
2026-04-08 02:00:00,1775584800,33284.0,33302.0,33073.0,33078.0,4609.0
2026-04-08 03:00:00,1775588400,33077.0,33527.0,33046.0,33511.0,14833.0
2026-04-08 04:00:00,1775592000,33514.0,33580.0,33458.0,33491.0,5452.0
2026-04-08 08:45:00,1775609100,34664.0,34800.0,34473.0,34737.0,59811.0
2026-04-08 09:45:00,1775612700,34739.0,35044.0,34734.0,34958.0,27078.0
2026-04-08 10:45:00,1775616300,34958.0,35008.0,34843.0,34902.0,14461.0
2026-04-08 11:45:00,1775619900,34902.0,35063.0,34891.0,35033.0,10968.0
2026-04-08 12:45:00,1775623500,35030.0,35050.0,34925.0,34996.0,14549.0
2026-04-08 15:00:00,1775631600,34996.0,35177.0,34957.0,34963.0,16453.0
2026-04-08 16:00:00,1775635200,34958.0,35141.0,34935.0,35133.0,9773.0
2026-04-08 17:00:00,1775638800,35131.0,35197.0,35042.0,35094.0,9494.0
2026-04-08 18:00:00,1775642400,35098.0,35165.0,35071.0,35148.0,4353.0
2026-04-08 19:00:00,1775646000,35146.0,35260.0,35132.0,35218.0,9697.0
2026-04-08 20:00:00,1775649600,35217.0,35283.0,35104.0,35250.0,13779.0
2026-04-08 21:00:00,1775653200,35249.0,35345.0,35201.0,35257.0,22700.0
2026-04-08 22:00:00,1775656800,35258.0,35291.0,34953.0,35039.0,28601.0
2026-04-08 23:00:00,1775660400,35038.0,35185.0,35026.0,35159.0,13942.0
2026-04-09 00:00:00,1775664000,35158.0,35261.0,35130.0,35244.0,8012.0
2026-04-09 01:00:00,1775667600,35242.0,35270.0,35156.0,35220.0,5636.0
2026-04-09 02:00:00,1775671200,35218.0,35284.0,35006.0,35021.0,7167.0
2026-04-09 03:00:00,1775674800,35016.0,35301.0,35005.0,35288.0,5060.0
2026-04-09 04:00:00,1775678400,35290.0,35303.0,35168.0,35218.0,2129.0
2026-04-09 08:45:00,1775695500,35093.0,35099.0,34775.0,34819.0,46480.0
2026-04-09 09:45:00,1775699100,34821.0,34942.0,34756.0,34818.0,22272.0
2026-04-09 10:45:00,1775702700,34819.0,34928.0,34793.0,34842.0,12336.0
2026-04-09 11:45:00,1775706300,34841.0,34888.0,34804.0,34846.0,8364.0
2026-04-09 12:45:00,1775709900,34844.0,34968.0,34743.0,34930.0,16544.0
2026-04-09 15:00:00,1775718000,34914.0,34943.0,34775.0,34832.0,10088.0
2026-04-09 16:00:00,1775721600,34833.0,34888.0,34785.0,34835.0,5682.0
2026-04-09 17:00:00,1775725200,34833.0,34865.0,34797.0,34861.0,3507.0
2026-04-09 18:00:00,1775728800,34862.0,34884.0,34791.0,34794.0,4025.0
2026-04-09 19:00:00,1775732400,34795.0,34905.0,34764.0,34892.0,6652.0
2026-04-09 20:00:00,1775736000,34892.0,34950.0,34840.0,34893.0,7142.0
2026-04-09 21:00:00,1775739600,34895.0,35110.0,34868.0,34957.0,21345.0
2026-04-09 22:00:00,1775743200,34958.0,34994.0,34821.0,34957.0,21660.0
2026-04-09 23:00:00,1775746800,34954.0,35167.0,34895.0,35151.0,19426.0
2026-04-10 00:00:00,1775750400,35150.0,35249.0,35138.0,35195.0,11986.0
2026-04-10 01:00:00,1775754000,35194.0,35290.0,35180.0,35250.0,6218.0
2026-04-10 02:00:00,1775757600,35247.0,35268.0,35133.0,35191.0,5999.0
2026-04-10 03:00:00,1775761200,35192.0,35255.0,35177.0,35205.0,2424.0
2026-04-10 04:00:00,1775764800,35205.0,35225.0,35167.0,35225.0,1288.0
2026-04-10 08:45:00,1775781900,35247.0,35521.0,35215.0,35466.0,41811.0
2026-04-10 09:45:00,1775785500,35467.0,35535.0,35255.0,35404.0,25983.0
2026-04-10 10:45:00,1775789100,35405.0,35509.0,35380.0,35457.0,12653.0
2026-04-10 11:45:00,1775792700,35457.0,35547.0,35437.0,35491.0,9551.0
2026-04-10 12:45:00,1775796300,35489.0,35578.0,35484.0,35573.0,12502.0
2026-04-10 15:00:00,1775804400,35510.0,35595.0,35472.0,35540.0,9806.0
2026-04-10 16:00:00,1775808000,35541.0,35594.0,35490.0,35505.0,6575.0
2026-04-10 17:00:00,1775811600,35505.0,35661.0,35504.0,35609.0,7338.0
2026-04-10 18:00:00,1775815200,35611.0,35645.0,35576.0,35605.0,3659.0
2026-04-10 19:00:00,1775818800,35606.0,35640.0,35512.0,35531.0,4397.0
2026-04-10 20:00:00,1775822400,35535.0,35677.0,35518.0,35615.0,10008.0
2026-04-10 21:00:00,1775826000,35613.0,35714.0,35545.0,35690.0,14363.0
2026-04-10 22:00:00,1775829600,35683.0,35747.0,35590.0,35648.0,18949.0
2026-04-10 23:00:00,1775833200,35646.0,35720.0,35524.0,35549.0,12849.0
2026-04-11 00:00:00,1775836800,35550.0,35630.0,35530.0,35587.0,7718.0
2026-04-11 01:00:00,1775840400,35587.0,35599.0,35537.0,35588.0,3196.0
2026-04-11 02:00:00,1775844000,35586.0,35615.0,35546.0,35589.0,2159.0
2026-04-11 03:00:00,1775847600,35588.0,35605.0,35536.0,35584.0,1880.0
2026-04-11 04:00:00,1775851200,35579.0,35592.0,35562.0,35587.0,1500.0
2026-04-13 08:45:00,1776041100,35281.0,35589.0,35205.0,35528.0,38480.0
2026-04-13 09:45:00,1776044700,35529.0,35616.0,35475.0,35598.0,16483.0
2026-04-13 10:45:00,1776048300,35595.0,35651.0,35406.0,35492.0,17944.0
2026-04-13 11:45:00,1776051900,35492.0,35504.0,35424.0,35425.0,6320.0
2026-04-13 12:45:00,1776055500,35426.0,35535.0,35412.0,35450.0,12538.0
2026-04-13 15:00:00,1776063600,35512.0,35544.0,35470.0,35481.0,4710.0
2026-04-13 16:00:00,1776067200,35480.0,35555.0,35456.0,35467.0,4635.0
2026-04-13 17:00:00,1776070800,35469.0,35523.0,35468.0,35487.0,2286.0
2026-04-13 18:00:00,1776074400,35490.0,35582.0,35483.0,35577.0,2752.0
2026-04-13 19:00:00,1776078000,35577.0,35617.0,35481.0,35486.0,6925.0
2026-04-13 20:00:00,1776081600,35488.0,35575.0,35462.0,35551.0,3942.0
2026-04-13 21:00:00,1776085200,35555.0,35777.0,35539.0,35742.0,18257.0
2026-04-13 22:00:00,1776088800,35740.0,35807.0,35645.0,35796.0,16258.0
2026-04-13 23:00:00,1776092400,35793.0,35799.0,35718.0,35740.0,7602.0
2026-04-14 00:00:00,1776096000,35740.0,35907.0,35695.0,35884.0,12986.0
2026-04-14 01:00:00,1776099600,35887.0,35945.0,35885.0,35900.0,3796.0
2026-04-14 02:00:00,1776103200,35903.0,35994.0,35900.0,35992.0,2792.0
2026-04-14 03:00:00,1776106800,35990.0,36013.0,35954.0,35982.0,2233.0
2026-04-14 04:00:00,1776110400,35984.0,36036.0,35976.0,36021.0,1717.0
2026-04-14 08:45:00,1776127500,36068.0,36277.0,36011.0,36124.0,41618.0
2026-04-14 09:45:00,1776131100,36123.0,36312.0,35988.0,36274.0,27393.0
2026-04-14 10:45:00,1776134700,36277.0,36396.0,36257.0,36357.0,12414.0
2026-04-14 11:45:00,1776138300,36357.0,36430.0,36343.0,36393.0,6941.0
2026-04-14 12:45:00,1776141900,36395.0,36430.0,36353.0,36368.0,9523.0
2026-04-14 13:45:00,1776145500,36374.0,36374.0,36374.0,36374.0,1.0
2026-04-14 15:00:00,1776150000,36650.0,36798.0,36622.0,36781.0,2375.0
2026-04-14 16:00:00,1776153600,36770.0,36799.0,36742.0,36783.0,816.0
2026-04-14 17:00:00,1776157200,36786.0,36819.0,36689.0,36697.0,1554.0
2026-04-14 18:00:00,1776160800,36696.0,36721.0,36656.0,36672.0,952.0
2026-04-14 19:00:00,1776164400,36670.0,36797.0,36663.0,36773.0,1120.0
2026-04-14 20:00:00,1776168000,36770.0,36788.0,36701.0,36718.0,855.0
2026-04-14 21:00:00,1776171600,36716.0,36777.0,36685.0,36758.0,1750.0
2026-04-14 22:00:00,1776175200,36758.0,36849.0,36735.0,36824.0,2739.0
2026-04-14 23:00:00,1776178800,36823.0,36846.0,36742.0,36824.0,1834.0
2026-04-15 00:00:00,1776182400,36824.0,36879.0,36823.0,36832.0,1156.0
2026-04-15 01:00:00,1776186000,36833.0,36934.0,36833.0,36931.0,1048.0
2026-04-15 02:00:00,1776189600,36932.0,36972.0,36864.0,36920.0,1124.0
2026-04-15 03:00:00,1776193200,36923.0,36993.0,36923.0,36990.0,763.0
2026-04-15 04:00:00,1776196800,36986.0,36992.0,36962.0,36985.0,444.0
2026-04-15 08:45:00,1776213900,36996.0,37273.0,36905.0,37269.0,15725.0
2026-04-15 09:45:00,1776217500,37272.0,37359.0,37204.0,37227.0,10719.0
2026-04-15 10:45:00,1776221100,37226.0,37280.0,37103.0,37110.0,7692.0
2026-04-15 11:45:00,1776224700,37111.0,37198.0,37012.0,37022.0,7439.0
2026-04-15 12:45:00,1776228300,37021.0,37085.0,36945.0,36964.0,14849.0
2026-04-15 13:45:00,1776231900,36964.0,36964.0,36964.0,36964.0,1.0
2026-04-15 15:00:00,1776236400,37009.0,37150.0,37006.0,37088.0,10482.0
2026-04-15 16:00:00,1776240000,37088.0,37196.0,37066.0,37192.0,7011.0
2026-04-15 17:00:00,1776243600,37192.0,37201.0,37052.0,37082.0,8028.0
2026-04-15 18:00:00,1776247200,37083.0,37129.0,37001.0,37107.0,8423.0
2026-04-15 19:00:00,1776250800,37109.0,37172.0,37090.0,37133.0,4785.0
2026-04-15 20:00:00,1776254400,37135.0,37139.0,37075.0,37121.0,3918.0
2026-04-15 21:00:00,1776258000,37121.0,37176.0,37060.0,37136.0,11510.0
2026-04-15 22:00:00,1776261600,37137.0,37265.0,37091.0,37222.0,16462.0
2026-04-15 23:00:00,1776265200,37224.0,37290.0,37195.0,37226.0,9363.0
2026-04-16 00:00:00,1776268800,37224.0,37275.0,37070.0,37128.0,10417.0
2026-04-16 01:00:00,1776272400,37128.0,37189.0,37122.0,37145.0,3623.0
2026-04-16 02:00:00,1776276000,37145.0,37237.0,37127.0,37227.0,2876.0
2026-04-16 03:00:00,1776279600,37225.0,37263.0,37215.0,37215.0,1534.0
2026-04-16 04:00:00,1776283200,37220.0,37225.0,37184.0,37216.0,1274.0
2026-04-16 08:45:00,1776300300,37306.0,37415.0,37102.0,37279.0,44104.0
2026-04-16 09:45:00,1776303900,37280.0,37315.0,37114.0,37119.0,19175.0
2026-04-16 10:45:00,1776307500,37119.0,37310.0,37103.0,37272.0,15915.0
2026-04-16 11:45:00,1776311100,37272.0,37490.0,37241.0,37339.0,20678.0
2026-04-16 12:45:00,1776314700,37339.0,37666.0,37332.0,37643.0,19603.0
2026-04-16 15:00:00,1776322800,37565.0,37566.0,37312.0,37362.0,20484.0
2026-04-16 16:00:00,1776326400,37363.0,37382.0,37232.0,37321.0,11987.0
2026-04-16 17:00:00,1776330000,37320.0,37356.0,37201.0,37232.0,9087.0
2026-04-16 18:00:00,1776333600,37233.0,37252.0,36973.0,37139.0,20267.0
2026-04-16 19:00:00,1776337200,37142.0,37208.0,37132.0,37195.0,9043.0
2026-04-16 20:00:00,1776340800,37194.0,37226.0,37097.0,37126.0,7803.0
2026-04-16 21:00:00,1776344400,37127.0,37213.0,36928.0,37022.0,21986.0
2026-04-16 22:00:00,1776348000,37022.0,37165.0,36996.0,37111.0,19041.0
2026-04-16 23:00:00,1776351600,37114.0,37287.0,37112.0,37240.0,17876.0
2026-04-17 00:00:00,1776355200,37239.0,37259.0,37088.0,37126.0,8193.0
2026-04-17 01:00:00,1776358800,37130.0,37175.0,37093.0,37122.0,4007.0
2026-04-17 02:00:00,1776362400,37122.0,37159.0,37057.0,37130.0,3631.0
2026-04-17 03:00:00,1776366000,37131.0,37210.0,37118.0,37181.0,1925.0
2026-04-17 04:00:00,1776369600,37181.0,37190.0,37128.0,37141.0,1351.0
2026-04-17 08:45:00,1776386700,37150.0,37355.0,37144.0,37191.0,40168.0
2026-04-17 09:45:00,1776390300,37191.0,37390.0,37183.0,37236.0,23892.0
2026-04-17 10:45:00,1776393900,37234.0,37263.0,37111.0,37160.0,16743.0
2026-04-17 11:45:00,1776397500,37162.0,37184.0,37113.0,37142.0,8087.0
2026-04-17 12:45:00,1776401100,37141.0,37232.0,37033.0,37083.0,17374.0
2026-04-17 15:00:00,1776409200,37031.0,37219.0,37031.0,37218.0,8639.0
2026-04-17 16:00:00,1776412800,37218.0,37287.0,37167.0,37271.0,7038.0
2026-04-17 17:00:00,1776416400,37271.0,37293.0,37238.0,37275.0,3584.0
2026-04-17 18:00:00,1776420000,37277.0,37283.0,37218.0,37254.0,2839.0
2026-04-17 19:00:00,1776423600,37258.0,37312.0,37247.0,37291.0,3495.0
2026-04-17 20:00:00,1776427200,37290.0,37762.0,37284.0,37761.0,23499.0
2026-04-17 21:00:00,1776430800,37761.0,37849.0,37635.0,37766.0,29714.0
2026-04-17 22:00:00,1776434400,37770.0,37992.0,37766.0,37895.0,21880.0
2026-04-17 23:00:00,1776438000,37891.0,37895.0,37735.0,37758.0,17744.0
2026-04-18 00:00:00,1776441600,37758.0,37864.0,37716.0,37778.0,7927.0
2026-04-18 01:00:00,1776445200,37779.0,37796.0,37560.0,37648.0,11655.0
2026-04-18 02:00:00,1776448800,37648.0,37718.0,37562.0,37673.0,5833.0
2026-04-18 03:00:00,1776452400,37675.0,37785.0,37661.0,37768.0,2852.0
2026-04-18 04:00:00,1776456000,37768.0,37768.0,37710.0,37755.0,2018.0
2026-04-20 08:45:00,1776645900,37337.0,37646.0,37250.0,37620.0,44228.0
2026-04-20 09:45:00,1776649500,37620.0,37689.0,37477.0,37597.0,20098.0
2026-04-20 10:45:00,1776653100,37595.0,37706.0,37576.0,37653.0,11753.0
2026-04-20 11:45:00,1776656700,37652.0,37659.0,37480.0,37543.0,11985.0
2026-04-20 12:45:00,1776660300,37544.0,37557.0,37210.0,37251.0,18281.0
2026-04-20 15:00:00,1776668400,37306.0,37438.0,37263.0,37319.0,13498.0
2026-04-20 16:00:00,1776672000,37318.0,37425.0,37216.0,37393.0,9068.0
2026-04-20 17:00:00,1776675600,37389.0,37425.0,37353.0,37387.0,4360.0
2026-04-20 18:00:00,1776679200,37388.0,37470.0,37385.0,37415.0,4948.0
2026-04-20 19:00:00,1776682800,37416.0,37491.0,37358.0,37484.0,6001.0
2026-04-20 20:00:00,1776686400,37482.0,37496.0,37407.0,37457.0,5843.0
2026-04-20 21:00:00,1776690000,37453.0,37625.0,37417.0,37617.0,17083.0
2026-04-20 22:00:00,1776693600,37616.0,37662.0,37431.0,37447.0,20836.0
2026-04-20 23:00:00,1776697200,37448.0,37582.0,37368.0,37543.0,16403.0
2026-04-21 00:00:00,1776700800,37542.0,37603.0,37505.0,37590.0,5396.0
2026-04-21 01:00:00,1776704400,37585.0,37693.0,37574.0,37658.0,5417.0
2026-04-21 02:00:00,1776708000,37658.0,37691.0,37593.0,37648.0,3386.0
2026-04-21 03:00:00,1776711600,37649.0,37683.0,37606.0,37646.0,1305.0
2026-04-21 04:00:00,1776715200,37643.0,37654.0,37598.0,37615.0,1361.0
2026-04-21 08:45:00,1776732300,37710.0,38072.0,37703.0,37836.0,53855.0
2026-04-21 09:45:00,1776735900,37834.0,38116.0,37649.0,38069.0,37994.0
2026-04-21 10:45:00,1776739500,38071.0,38084.0,37923.0,37975.0,12711.0
2026-04-21 11:45:00,1776743100,37973.0,38077.0,37970.0,37983.0,8626.0
2026-04-21 12:45:00,1776746700,37985.0,38160.0,37971.0,38047.0,18389.0
2026-04-21 15:00:00,1776754800,38131.0,38131.0,38018.0,38018.0,8547.0
2026-04-21 16:00:00,1776758400,38019.0,38110.0,38004.0,38069.0,5313.0
2026-04-21 17:00:00,1776762000,38065.0,38074.0,38029.0,38066.0,3197.0
2026-04-21 18:00:00,1776765600,38068.0,38097.0,38052.0,38086.0,2569.0
2026-04-21 19:00:00,1776769200,38086.0,38102.0,37900.0,37964.0,14031.0
2026-04-21 20:00:00,1776772800,37964.0,37992.0,37835.0,37882.0,12573.0
2026-04-21 21:00:00,1776776400,37882.0,38013.0,37856.0,37984.0,14939.0
2026-04-21 22:00:00,1776780000,37985.0,38058.0,37723.0,37737.0,19846.0
2026-04-21 23:00:00,1776783600,37740.0,37865.0,37675.0,37806.0,21347.0
2026-04-22 00:00:00,1776787200,37809.0,37875.0,37747.0,37770.0,6482.0
2026-04-22 01:00:00,1776790800,37772.0,37858.0,37613.0,37819.0,13273.0
2026-04-22 02:00:00,1776794400,37819.0,37899.0,37744.0,37814.0,6261.0
2026-04-22 03:00:00,1776798000,37817.0,37950.0,37543.0,37684.0,11366.0
2026-04-22 04:00:00,1776801600,37695.0,37999.0,37626.0,37904.0,6141.0
2026-04-22 08:45:00,1776818700,38130.0,38274.0,37923.0,38183.0,47999.0
2026-04-22 09:45:00,1776822300,38183.0,38327.0,38128.0,38298.0,24376.0
2026-04-22 10:45:00,1776825900,38300.0,38369.0,38238.0,38296.0,17828.0
2026-04-22 11:45:00,1776829500,38297.0,38321.0,38144.0,38208.0,15636.0
2026-04-22 12:45:00,1776833100,38206.0,38277.0,38151.0,38213.0,15424.0
2026-04-22 13:45:00,1776836700,38213.0,38216.0,38213.0,38216.0,4.0
2026-04-22 15:00:00,1776841200,38248.0,38269.0,38191.0,38215.0,6358.0
2026-04-22 16:00:00,1776844800,38213.0,38235.0,38025.0,38158.0,10997.0
2026-04-22 17:00:00,1776848400,38157.0,38214.0,38095.0,38138.0,6618.0
2026-04-22 18:00:00,1776852000,38138.0,38176.0,38088.0,38152.0,4294.0
2026-04-22 19:00:00,1776855600,38152.0,38164.0,38096.0,38147.0,3109.0
2026-04-22 20:00:00,1776859200,38147.0,38253.0,38144.0,38168.0,8015.0
2026-04-22 21:00:00,1776862800,38171.0,38306.0,38123.0,38223.0,15404.0
2026-04-22 22:00:00,1776866400,38222.0,38472.0,38222.0,38397.0,21847.0
2026-04-22 23:00:00,1776870000,38397.0,38497.0,38378.0,38468.0,10038.0
2026-04-23 00:00:00,1776873600,38470.0,38534.0,38453.0,38476.0,8157.0
2026-04-23 01:00:00,1776877200,38480.0,38591.0,38475.0,38566.0,6131.0
2026-04-23 02:00:00,1776880800,38564.0,38592.0,38485.0,38572.0,3159.0
2026-04-23 03:00:00,1776884400,38573.0,38679.0,38422.0,38673.0,6838.0
2026-04-23 04:00:00,1776888000,38670.0,38758.0,38603.0,38753.0,3620.0
2026-04-23 08:45:00,1776905100,38709.0,39085.0,38558.0,38731.0,66861.0
2026-04-23 09:45:00,1776908700,38728.0,38733.0,37570.0,37600.0,95402.0
2026-04-23 10:45:00,1776912300,37602.0,37894.0,37408.0,37460.0,43527.0
2026-04-23 11:45:00,1776915900,37464.0,37909.0,37455.0,37900.0,28398.0
2026-04-23 12:45:00,1776919500,37898.0,38038.0,37825.0,37886.0,22402.0
2026-04-23 15:00:00,1776927600,37930.0,37985.0,37816.0,37914.0,11911.0
2026-04-23 16:00:00,1776931200,37914.0,37947.0,37822.0,37872.0,7278.0
2026-04-23 17:00:00,1776934800,37870.0,37925.0,37724.0,37874.0,10350.0
2026-04-23 18:00:00,1776938400,37875.0,37895.0,37796.0,37886.0,4826.0
2026-04-23 19:00:00,1776942000,37888.0,38145.0,37861.0,38103.0,13040.0
2026-04-23 20:00:00,1776945600,38102.0,38185.0,37966.0,38036.0,14420.0
2026-04-23 21:00:00,1776949200,38037.0,38250.0,38010.0,38157.0,18467.0
2026-04-23 22:00:00,1776952800,38156.0,38333.0,38083.0,38332.0,18412.0
2026-04-23 23:00:00,1776956400,38330.0,38376.0,38255.0,38314.0,12372.0
2026-04-24 00:00:00,1776960000,38317.0,38434.0,38258.0,38375.0,8340.0
2026-04-24 01:00:00,1776963600,38378.0,38400.0,37648.0,37944.0,38468.0
2026-04-24 02:00:00,1776967200,37941.0,38106.0,37895.0,37960.0,12302.0
2026-04-24 03:00:00,1776970800,37963.0,38067.0,37927.0,38046.0,4817.0
2026-04-24 04:00:00,1776974400,38042.0,38078.0,37976.0,38045.0,2204.0
2026-04-24 08:45:00,1776991500,38288.0,38819.0,38268.0,38675.0,54846.0
2026-04-24 09:45:00,1776995100,38673.0,39077.0,38396.0,38698.0,64516.0
2026-04-24 10:45:00,1776998700,38699.0,38845.0,38555.0,38781.0,23183.0
2026-04-24 11:45:00,1777002300,38784.0,39028.0,38737.0,39028.0,20039.0
2026-04-24 12:45:00,1777005900,39030.0,39242.0,39009.0,39218.0,23652.0
2026-04-24 15:00:00,1777014000,39258.0,39349.0,39185.0,39289.0,14419.0
2026-04-24 16:00:00,1777017600,39286.0,39374.0,39181.0,39222.0,12388.0
2026-04-24 17:00:00,1777021200,39226.0,39243.0,39128.0,39205.0,8048.0
2026-04-24 18:00:00,1777024800,39205.0,39321.0,39205.0,39276.0,5427.0
2026-04-24 19:00:00,1777028400,39276.0,39684.0,39270.0,39525.0,23392.0
2026-04-24 20:00:00,1777032000,39530.0,39612.0,39421.0,39512.0,11686.0
2026-04-24 21:00:00,1777035600,39513.0,39631.0,39366.0,39477.0,20219.0
2026-04-24 22:00:00,1777039200,39477.0,39635.0,39443.0,39632.0,16795.0
2026-04-24 23:00:00,1777042800,39632.0,39825.0,39575.0,39815.0,18579.0
2026-04-25 00:00:00,1777046400,39813.0,39875.0,39749.0,39801.0,13187.0
2026-04-25 01:00:00,1777050000,39806.0,39855.0,39683.0,39820.0,8354.0
2026-04-25 02:00:00,1777053600,39818.0,39838.0,39728.0,39798.0,3636.0
2026-04-25 03:00:00,1777057200,39798.0,39826.0,39711.0,39742.0,2923.0
2026-04-25 04:00:00,1777060800,39742.0,39775.0,39721.0,39775.0,2070.0
2026-04-27 08:45:00,1777250700,39978.0,40449.0,39900.0,40265.0,72865.0
2026-04-27 09:45:00,1777254300,40263.0,40383.0,39964.0,40130.0,36047.0
2026-04-27 10:45:00,1777257900,40132.0,40241.0,40024.0,40239.0,18154.0
2026-04-27 11:45:00,1777261500,40240.0,40318.0,40165.0,40210.0,12535.0
2026-04-27 12:45:00,1777265100,40208.0,40243.0,39833.0,39885.0,25108.0
2026-04-27 15:00:00,1777273200,39863.0,39898.0,39772.0,39804.0,10929.0
2026-04-27 16:00:00,1777276800,39805.0,39937.0,39730.0,39881.0,9354.0
2026-04-27 17:00:00,1777280400,39880.0,39983.0,39834.0,39930.0,6211.0
2026-04-27 18:00:00,1777284000,39930.0,40049.0,39908.0,40017.0,5104.0
2026-04-27 19:00:00,1777287600,40019.0,40053.0,39984.0,40006.0,3550.0
2026-04-27 20:00:00,1777291200,40005.0,40019.0,39875.0,39885.0,7593.0
2026-04-27 21:00:00,1777294800,39889.0,39917.0,39500.0,39737.0,30446.0
2026-04-27 22:00:00,1777298400,39735.0,39780.0,39487.0,39583.0,23440.0
2026-04-27 23:00:00,1777302000,39588.0,39668.0,39505.0,39600.0,12214.0
2026-04-28 00:00:00,1777305600,39604.0,39645.0,39536.0,39555.0,5425.0
2026-04-28 01:00:00,1777309200,39553.0,39662.0,39508.0,39602.0,4791.0
2026-04-28 02:00:00,1777312800,39600.0,39640.0,39580.0,39595.0,1374.0
2026-04-28 03:00:00,1777316400,39591.0,39728.0,39586.0,39698.0,2721.0
2026-04-28 04:00:00,1777320000,39696.0,39749.0,39685.0,39721.0,1693.0
2026-04-28 08:45:00,1777337100,39791.0,40346.0,39791.0,40237.0,49488.0
2026-04-28 09:45:00,1777340700,40237.0,40294.0,39893.0,40038.0,35631.0
2026-04-28 10:45:00,1777344300,40040.0,40095.0,39924.0,39927.0,15431.0
2026-04-28 11:45:00,1777347900,39931.0,40084.0,39879.0,40048.0,13474.0
2026-04-28 12:45:00,1777351500,40049.0,40057.0,39660.0,39745.0,20556.0
2026-04-28 13:45:00,1777355100,39739.0,39739.0,39739.0,39739.0,1.0
2026-04-28 15:00:00,1777359600,39680.0,39794.0,39612.0,39784.0,10084.0
2026-04-28 16:00:00,1777363200,39783.0,39855.0,39670.0,39827.0,7924.0
2026-04-28 17:00:00,1777366800,39825.0,39828.0,39588.0,39632.0,9764.0
2026-04-28 18:00:00,1777370400,39633.0,39697.0,39573.0,39638.0,6625.0
2026-04-28 19:00:00,1777374000,39635.0,39668.0,39260.0,39296.0,20968.0
2026-04-28 20:00:00,1777377600,39297.0,39404.0,39230.0,39376.0,15243.0
2026-04-28 21:00:00,1777381200,39373.0,39507.0,39215.0,39445.0,22565.0
2026-04-28 22:00:00,1777384800,39440.0,39526.0,39185.0,39331.0,28637.0
2026-04-28 23:00:00,1777388400,39335.0,39376.0,39206.0,39281.0,11999.0
2026-04-29 00:00:00,1777392000,39280.0,39360.0,39249.0,39338.0,8279.0
2026-04-29 01:00:00,1777395600,39340.0,39473.0,39271.0,39441.0,5270.0
2026-04-29 02:00:00,1777399200,39440.0,39507.0,39373.0,39481.0,4217.0
2026-04-29 03:00:00,1777402800,39482.0,39520.0,39436.0,39446.0,1755.0
2026-04-29 04:00:00,1777406400,39449.0,39500.0,39424.0,39464.0,1448.0
2026-04-29 08:45:00,1777423500,39691.0,39787.0,39120.0,39378.0,57268.0
2026-04-29 09:45:00,1777427100,39376.0,39534.0,39267.0,39289.0,24781.0
2026-04-29 10:45:00,1777430700,39287.0,39588.0,39277.0,39570.0,18236.0
2026-04-29 11:45:00,1777434300,39567.0,39714.0,39565.0,39620.0,15647.0
2026-04-29 12:45:00,1777437900,39619.0,39632.0,39384.0,39486.0,18737.0
2026-04-29 15:00:00,1777446000,39479.0,39563.0,39432.0,39468.0,9103.0
2026-04-29 16:00:00,1777449600,39471.0,39528.0,39380.0,39421.0,8818.0
2026-04-29 17:00:00,1777453200,39422.0,39455.0,39295.0,39316.0,7629.0
2026-04-29 18:00:00,1777456800,39314.0,39536.0,39298.0,39512.0,9356.0
2026-04-29 19:00:00,1777460400,39511.0,39649.0,39497.0,39592.0,8741.0
2026-04-29 20:00:00,1777464000,39586.0,39594.0,39368.0,39386.0,11191.0
2026-04-29 21:00:00,1777467600,39389.0,39468.0,39256.0,39383.0,19601.0
2026-04-29 22:00:00,1777471200,39384.0,39570.0,39326.0,39535.0,16001.0
2026-04-29 23:00:00,1777474800,39534.0,39552.0,39237.0,39319.0,16801.0
2026-04-30 00:00:00,1777478400,39318.0,39404.0,39266.0,39342.0,8350.0
2026-04-30 01:00:00,1777482000,39343.0,39460.0,39300.0,39455.0,5632.0
2026-04-30 02:00:00,1777485600,39456.0,39476.0,39201.0,39423.0,10152.0
2026-04-30 03:00:00,1777489200,39424.0,39500.0,39375.0,39424.0,4984.0
2026-04-30 04:00:00,1777492800,39428.0,39519.0,39169.0,39343.0,8512.0
2026-04-30 08:45:00,1777509900,39648.0,39937.0,39458.0,39609.0,62018.0
2026-04-30 09:45:00,1777513500,39609.0,39852.0,39425.0,39550.0,34723.0
2026-04-30 10:45:00,1777517100,39550.0,39619.0,39463.0,39582.0,17463.0
2026-04-30 11:45:00,1777520700,39582.0,39633.0,39266.0,39336.0,21963.0
2026-04-30 12:45:00,1777524300,39334.0,39501.0,39268.0,39360.0,23038.0
2026-04-30 15:00:00,1777532400,39385.0,39582.0,39373.0,39558.0,12194.0
2026-04-30 16:00:00,1777536000,39562.0,39742.0,39555.0,39636.0,12080.0
2026-04-30 17:00:00,1777539600,39638.0,39766.0,39551.0,39707.0,10335.0
2026-04-30 18:00:00,1777543200,39708.0,39798.0,39673.0,39715.0,9481.0
2026-04-30 19:00:00,1777546800,39720.0,39855.0,39719.0,39801.0,8372.0
2026-04-30 20:00:00,1777550400,39801.0,39903.0,39788.0,39889.0,8013.0
2026-04-30 21:00:00,1777554000,39889.0,39910.0,39535.0,39581.0,22332.0
2026-04-30 22:00:00,1777557600,39580.0,39794.0,39497.0,39778.0,26946.0
2026-04-30 23:00:00,1777561200,39780.0,39905.0,39775.0,39836.0,16930.0
2026-05-01 00:00:00,1777564800,39838.0,39880.0,39778.0,39804.0,6477.0
2026-05-01 01:00:00,1777568400,39808.0,39985.0,39805.0,39977.0,8089.0
2026-05-01 02:00:00,1777572000,39980.0,40083.0,39979.0,40060.0,5161.0
2026-05-01 03:00:00,1777575600,40061.0,40234.0,40053.0,40118.0,5906.0
2026-05-01 04:00:00,1777579200,40117.0,40177.0,39968.0,40094.0,6570.0
2026-05-04 08:45:00,1777855500,40423.0,40598.0,40164.0,40591.0,57316.0
2026-05-04 09:45:00,1777859100,40593.0,40905.0,40514.0,40854.0,31516.0
2026-05-04 10:45:00,1777862700,40853.0,40991.0,40838.0,40942.0,17248.0
2026-05-04 11:45:00,1777866300,40946.0,41027.0,40911.0,41017.0,12264.0
2026-05-04 12:45:00,1777869900,41018.0,41074.0,40964.0,41041.0,13808.0
2026-05-04 13:45:00,1777873500,41042.0,41042.0,41042.0,41042.0,3.0
2026-05-04 15:00:00,1777878000,40999.0,41184.0,40896.0,41081.0,12144.0
2026-05-04 16:00:00,1777881600,41082.0,41119.0,41009.0,41083.0,5531.0
2026-05-04 17:00:00,1777885200,41082.0,41113.0,41040.0,41042.0,3081.0
2026-05-04 18:00:00,1777888800,41047.0,41051.0,40546.0,40902.0,33872.0
2026-05-04 19:00:00,1777892400,40905.0,40988.0,40826.0,40935.0,9584.0
2026-05-04 20:00:00,1777896000,40937.0,41044.0,40890.0,40911.0,7930.0
2026-05-04 21:00:00,1777899600,40911.0,41048.0,40805.0,41022.0,17632.0
2026-05-04 22:00:00,1777903200,41017.0,41107.0,40860.0,40877.0,17101.0
2026-05-04 23:00:00,1777906800,40877.0,40930.0,40644.0,40704.0,22033.0
2026-05-05 00:00:00,1777910400,40707.0,40764.0,40582.0,40685.0,13514.0
2026-05-05 01:00:00,1777914000,40691.0,40846.0,40681.0,40777.0,6140.0
2026-05-05 02:00:00,1777917600,40775.0,40799.0,40685.0,40741.0,2555.0
2026-05-05 03:00:00,1777921200,40750.0,40816.0,40731.0,40788.0,1922.0
2026-05-05 04:00:00,1777924800,40786.0,40800.0,40713.0,40799.0,1624.0
2026-05-05 08:45:00,1777941900,40943.0,41091.0,40806.0,40838.0,42108.0
2026-05-05 09:45:00,1777945500,40844.0,40961.0,40799.0,40884.0,19304.0
2026-05-05 10:45:00,1777949100,40884.0,41065.0,40796.0,40959.0,17176.0
2026-05-05 11:45:00,1777952700,40959.0,41075.0,40921.0,41024.0,9891.0
2026-05-05 12:45:00,1777956300,41024.0,41064.0,40961.0,41036.0,11435.0
2026-05-05 15:00:00,1777964400,41075.0,41194.0,41014.0,41042.0,13769.0
2026-05-05 16:00:00,1777968000,41043.0,41168.0,41027.0,41152.0,6223.0
2026-05-05 17:00:00,1777971600,41152.0,41164.0,41075.0,41088.0,4367.0
2026-05-05 18:00:00,1777975200,41088.0,41160.0,41061.0,41069.0,4206.0
2026-05-05 19:00:00,1777978800,41070.0,41091.0,40960.0,41087.0,8844.0
2026-05-05 20:00:00,1777982400,41086.0,41283.0,41048.0,41241.0,14092.0
2026-05-05 21:00:00,1777986000,41240.0,41477.0,41236.0,41451.0,19772.0
2026-05-05 22:00:00,1777989600,41453.0,41488.0,41251.0,41380.0,24476.0
2026-05-05 23:00:00,1777993200,41381.0,41546.0,41374.0,41507.0,12676.0
2026-05-06 00:00:00,1777996800,41510.0,41569.0,41412.0,41478.0,9022.0
2026-05-06 01:00:00,1778000400,41478.0,41525.0,41464.0,41504.0,2914.0
2026-05-06 02:00:00,1778004000,41503.0,41543.0,41490.0,41505.0,1796.0
2026-05-06 03:00:00,1778007600,41505.0,41514.0,41418.0,41443.0,2448.0
2026-05-06 04:00:00,1778011200,41444.0,41562.0,41440.0,41560.0,2781.0
2026-05-06 08:45:00,1778028300,41671.0,42002.0,41617.0,41712.0,56370.0
2026-05-06 09:45:00,1778031900,41710.0,41716.0,41041.0,41184.0,69115.0
2026-05-06 10:45:00,1778035500,41185.0,41382.0,41050.0,41322.0,24176.0
2026-05-06 11:45:00,1778039100,41320.0,41441.0,41272.0,41405.0,13208.0
2026-05-06 12:45:00,1778042700,41406.0,41552.0,41381.0,41511.0,17443.0
2026-05-06 15:00:00,1778050800,41436.0,41588.0,41413.0,41586.0,9059.0
2026-05-06 16:00:00,1778054400,41586.0,41883.0,41508.0,41808.0,15922.0
2026-05-06 17:00:00,1778058000,41808.0,41853.0,41708.0,41836.0,10930.0
2026-05-06 18:00:00,1778061600,41836.0,41985.0,41821.0,41948.0,10218.0
2026-05-06 19:00:00,1778065200,41946.0,42000.0,41798.0,41850.0,12419.0
2026-05-06 20:00:00,1778068800,41848.0,41850.0,41720.0,41759.0,11785.0
2026-05-06 21:00:00,1778072400,41758.0,41930.0,41658.0,41898.0,22604.0
2026-05-06 22:00:00,1778076000,41900.0,41926.0,41666.0,41892.0,23560.0
2026-05-06 23:00:00,1778079600,41889.0,42040.0,41863.0,41939.0,15984.0
2026-05-07 00:00:00,1778083200,41936.0,42070.0,41886.0,41958.0,10122.0
2026-05-07 01:00:00,1778086800,41957.0,42046.0,41942.0,42012.0,3846.0
2026-05-07 02:00:00,1778090400,42015.0,42148.0,42015.0,42130.0,4574.0
2026-05-07 03:00:00,1778094000,42128.0,42239.0,42125.0,42189.0,3960.0
2026-05-07 04:00:00,1778097600,42188.0,42329.0,42163.0,42329.0,3381.0
2026-05-07 08:45:00,1778114700,42331.0,42381.0,42002.0,42362.0,55175.0
2026-05-07 09:45:00,1778118300,42363.0,42468.0,42228.0,42333.0,32507.0
2026-05-07 10:45:00,1778121900,42331.0,42419.0,42237.0,42414.0,16316.0
2026-05-07 11:45:00,1778125500,42410.0,42433.0,42278.0,42300.0,10377.0
2026-05-07 12:45:00,1778129100,42300.0,42394.0,42257.0,42355.0,14374.0
2026-05-07 15:00:00,1778137200,42425.0,42554.0,42370.0,42398.0,16006.0
2026-05-07 16:00:00,1778140800,42400.0,42465.0,42305.0,42322.0,10577.0
2026-05-07 17:00:00,1778144400,42322.0,42338.0,42210.0,42255.0,13861.0
2026-05-07 18:00:00,1778148000,42256.0,42313.0,42209.0,42270.0,8071.0
2026-05-07 19:00:00,1778151600,42273.0,42302.0,42216.0,42244.0,4897.0
2026-05-07 20:00:00,1778155200,42241.0,42346.0,42222.0,42278.0,5567.0
2026-05-07 21:00:00,1778158800,42280.0,42284.0,42006.0,42086.0,22922.0
2026-05-07 22:00:00,1778162400,42093.0,42238.0,42037.0,42229.0,17338.0
2026-05-07 23:00:00,1778166000,42232.0,42239.0,42008.0,42032.0,15680.0
2026-05-08 00:00:00,1778169600,42034.0,42041.0,41856.0,41943.0,20186.0
2026-05-08 01:00:00,1778173200,41945.0,41990.0,41751.0,41982.0,13588.0
2026-05-08 02:00:00,1778176800,41984.0,42019.0,41829.0,41947.0,6716.0
2026-05-08 03:00:00,1778180400,41952.0,42032.0,41860.0,41925.0,5105.0
2026-05-08 04:00:00,1778184000,41922.0,42030.0,41916.0,41967.0,3446.0
2026-05-08 08:45:00,1778201100,42064.0,42326.0,42052.0,42179.0,40366.0
2026-05-08 09:45:00,1778204700,42179.0,42342.0,41541.0,41860.0,59745.0
2026-05-08 10:45:00,1778208300,41860.0,42027.0,41848.0,41938.0,20109.0
2026-05-08 11:45:00,1778211900,41933.0,41983.0,41815.0,41821.0,13760.0
2026-05-08 12:45:00,1778215500,41818.0,41972.0,41814.0,41936.0,12163.0
2026-05-08 15:00:00,1778223600,41999.0,42044.0,41741.0,41759.0,10553.0
2026-05-08 16:00:00,1778227200,41760.0,41829.0,41713.0,41807.0,6166.0
2026-05-08 17:00:00,1778230800,41809.0,41900.0,41669.0,41717.0,8369.0
2026-05-08 18:00:00,1778234400,41714.0,41807.0,41672.0,41728.0,5579.0
2026-05-08 19:00:00,1778238000,41729.0,41791.0,41729.0,41760.0,3077.0
2026-05-08 20:00:00,1778241600,41758.0,41948.0,41747.0,41829.0,9467.0
2026-05-08 21:00:00,1778245200,41829.0,42175.0,41788.0,42175.0,20988.0
2026-05-08 22:00:00,1778248800,42175.0,42204.0,42015.0,42157.0,18412.0
2026-05-08 23:00:00,1778252400,42158.0,42232.0,42102.0,42187.0,13704.0
2026-05-09 00:00:00,1778256000,42190.0,42262.0,42141.0,42165.0,10326.0
2026-05-09 01:00:00,1778259600,42165.0,42233.0,42056.0,42181.0,8907.0
2026-05-09 02:00:00,1778263200,42183.0,42244.0,42155.0,42174.0,3169.0
2026-05-09 03:00:00,1778266800,42170.0,42255.0,42168.0,42237.0,2493.0
2026-05-09 04:00:00,1778270400,42236.0,42300.0,42217.0,42291.0,2870.0
2026-05-11 08:45:00,1778460300,42216.0,42255.0,41803.0,42039.0,49636.0
2026-05-11 09:45:00,1778463900,42039.0,42134.0,41895.0,42000.0,22519.0
2026-05-11 10:45:00,1778467500,41999.0,42148.0,41941.0,42136.0,16147.0
2026-05-11 11:45:00,1778471100,42138.0,42200.0,42057.0,42147.0,9498.0
2026-05-11 12:45:00,1778474700,42148.0,42174.0,41950.0,41953.0,12450.0
2026-05-11 15:00:00,1778482800,41982.0,41986.0,41865.0,41961.0,9455.0
2026-05-11 16:00:00,1778486400,41962.0,41968.0,41746.0,41829.0,9755.0
2026-05-11 17:00:00,1778490000,41826.0,41953.0,41779.0,41883.0,6866.0
2026-05-11 18:00:00,1778493600,41883.0,41898.0,41788.0,41803.0,5358.0
2026-05-11 19:00:00,1778497200,41804.0,41925.0,41804.0,41914.0,4613.0
2026-05-11 20:00:00,1778500800,41911.0,41952.0,41834.0,41918.0,6886.0
2026-05-11 21:00:00,1778504400,41916.0,42147.0,41839.0,41852.0,24290.0
2026-05-11 22:00:00,1778508000,41849.0,42217.0,41842.0,42159.0,27243.0
2026-05-11 23:00:00,1778511600,42158.0,42297.0,42145.0,42257.0,14701.0
2026-05-12 00:00:00,1778515200,42259.0,42365.0,42163.0,42228.0,12611.0
2026-05-12 01:00:00,1778518800,42229.0,42330.0,42201.0,42275.0,4892.0
2026-05-12 02:00:00,1778522400,42275.0,42347.0,42252.0,42254.0,2307.0
2026-05-12 03:00:00,1778526000,42253.0,42313.0,42226.0,42283.0,1934.0
2026-05-12 04:00:00,1778529600,42282.0,42285.0,42193.0,42270.0,2279.0
2026-05-12 08:45:00,1778546700,42240.0,42365.0,41605.0,41811.0,63534.0
2026-05-12 09:45:00,1778550300,41812.0,41996.0,41742.0,41921.0,28747.0
2026-05-12 10:45:00,1778553900,41920.0,42163.0,41920.0,42129.0,19478.0
2026-05-12 11:45:00,1778557500,42129.0,42239.0,42084.0,42231.0,13796.0
2026-05-12 12:45:00,1778561100,42232.0,42250.0,41686.0,41697.0,25611.0
2026-05-12 13:45:00,1778564700,41699.0,41699.0,41699.0,41699.0,1.0
2026-05-12 15:00:00,1778569200,41620.0,41690.0,41486.0,41623.0,17632.0
2026-05-12 16:00:00,1778572800,41625.0,41636.0,41530.0,41568.0,7510.0
2026-05-12 17:00:00,1778576400,41565.0,41630.0,41497.0,41564.0,7216.0
2026-05-12 18:00:00,1778580000,41565.0,41603.0,41488.0,41533.0,5055.0
2026-05-12 19:00:00,1778583600,41534.0,41548.0,41347.0,41369.0,13291.0
2026-05-12 20:00:00,1778587200,41370.0,41491.0,41239.0,41412.0,19254.0
2026-05-12 21:00:00,1778590800,41411.0,41563.0,41251.0,41295.0,25030.0
2026-05-12 22:00:00,1778594400,41295.0,41383.0,41021.0,41045.0,37248.0
2026-05-12 23:00:00,1778598000,41044.0,41082.0,40805.0,40831.0,28953.0
2026-05-13 00:00:00,1778601600,40828.0,40960.0,40738.0,40753.0,15866.0
2026-05-13 01:00:00,1778605200,40756.0,40966.0,40756.0,40906.0,9912.0
2026-05-13 02:00:00,1778608800,40905.0,41080.0,40887.0,41011.0,5833.0
2026-05-13 03:00:00,1778612400,41011.0,41184.0,41011.0,41169.0,4533.0
2026-05-13 04:00:00,1778616000,41164.0,41172.0,41067.0,41136.0,2866.0
2026-05-13 08:45:00,1778633100,41213.0,41449.0,40980.0,41356.0,57110.0
2026-05-13 09:45:00,1778636700,41354.0,41539.0,41195.0,41215.0,33352.0
2026-05-13 10:45:00,1778640300,41220.0,41556.0,41166.0,41552.0,23563.0
2026-05-13 11:45:00,1778643900,41554.0,41562.0,41358.0,41390.0,14938.0
2026-05-13 12:45:00,1778647500,41390.0,41604.0,41381.0,41483.0,21408.0
2026-05-13 15:00:00,1778655600,41510.0,41533.0,41378.0,41532.0,9198.0
2026-05-13 16:00:00,1778659200,41530.0,41650.0,41482.0,41512.0,11089.0
2026-05-13 17:00:00,1778662800,41509.0,41545.0,41422.0,41513.0,8170.0
2026-05-13 18:00:00,1778666400,41511.0,41562.0,41431.0,41492.0,5752.0
2026-05-13 19:00:00,1778670000,41489.0,41517.0,41405.0,41504.0,5746.0
2026-05-13 20:00:00,1778673600,41501.0,41551.0,41208.0,41293.0,18360.0
2026-05-13 21:00:00,1778677200,41295.0,41511.0,41266.0,41458.0,27606.0
2026-05-13 22:00:00,1778680800,41458.0,41620.0,41401.0,41563.0,22292.0
2026-05-13 23:00:00,1778684400,41564.0,41640.0,41479.0,41528.0,13103.0
2026-05-14 00:00:00,1778688000,41527.0,41728.0,41525.0,41705.0,12166.0
2026-05-14 01:00:00,1778691600,41708.0,41838.0,41708.0,41716.0,7091.0
2026-05-14 02:00:00,1778695200,41720.0,41828.0,41706.0,41715.0,3647.0
2026-05-14 03:00:00,1778698800,41715.0,41777.0,41683.0,41708.0,2071.0
2026-05-14 04:00:00,1778702400,41707.0,41771.0,41688.0,41755.0,1426.0
2026-05-14 08:45:00,1778719500,41930.0,42239.0,41760.0,41788.0,54552.0
2026-05-14 09:45:00,1778723100,41788.0,41871.0,41612.0,41702.0,34392.0
2026-05-14 10:45:00,1778726700,41700.0,41719.0,41527.0,41655.0,25671.0
2026-05-14 11:45:00,1778730300,41655.0,41847.0,41555.0,41818.0,15423.0
2026-05-14 12:45:00,1778733900,41816.0,41840.0,41496.0,41620.0,23233.0
2026-05-14 13:45:00,1778737500,41620.0,41620.0,41620.0,41620.0,1.0
2026-05-14 15:00:00,1778742000,41768.0,41912.0,41727.0,41782.0,13616.0
2026-05-14 16:00:00,1778745600,41778.0,41919.0,41756.0,41889.0,8392.0
2026-05-14 17:00:00,1778749200,41890.0,41904.0,41715.0,41835.0,8123.0
2026-05-14 18:00:00,1778752800,41833.0,41956.0,41832.0,41896.0,8019.0
2026-05-14 19:00:00,1778756400,41896.0,41942.0,41854.0,41907.0,4158.0
2026-05-14 20:00:00,1778760000,41907.0,41966.0,41811.0,41841.0,7720.0
2026-05-14 21:00:00,1778763600,41841.0,42045.0,41735.0,41956.0,24946.0
2026-05-14 22:00:00,1778767200,41954.0,42327.0,41934.0,42239.0,30960.0
2026-05-14 23:00:00,1778770800,42240.0,42295.0,42206.0,42277.0,8969.0
2026-05-15 00:00:00,1778774400,42278.0,42347.0,42248.0,42313.0,8226.0
2026-05-15 01:00:00,1778778000,42315.0,42377.0,42191.0,42316.0,8822.0
2026-05-15 02:00:00,1778781600,42316.0,42361.0,42259.0,42346.0,2851.0
2026-05-15 03:00:00,1778785200,42346.0,42370.0,42313.0,42329.0,1608.0
2026-05-15 04:00:00,1778788800,42327.0,42365.0,42305.0,42362.0,1754.0
2026-05-15 08:45:00,1778805900,42291.0,42453.0,41950.0,42102.0,57919.0
2026-05-15 09:45:00,1778809500,42103.0,42121.0,41604.0,41795.0,51445.0
2026-05-15 10:45:00,1778813100,41793.0,41840.0,41420.0,41629.0,31240.0
2026-05-15 11:45:00,1778816700,41634.0,41698.0,41400.0,41402.0,22011.0
2026-05-15 12:45:00,1778820300,41401.0,41411.0,40977.0,41003.0,37250.0
2026-05-15 13:45:00,1778823900,41001.0,41001.0,41001.0,41001.0,1.0
2026-05-15 15:00:00,1778828400,41150.0,41223.0,40839.0,40861.0,15565.0
2026-05-15 16:00:00,1778832000,40862.0,40874.0,40602.0,40725.0,21255.0
2026-05-15 17:00:00,1778835600,40727.0,40750.0,40577.0,40641.0,12396.0
2026-05-15 18:00:00,1778839200,40643.0,40973.0,40610.0,40933.0,16005.0
2026-05-15 19:00:00,1778842800,40933.0,40977.0,40690.0,40711.0,10852.0
2026-05-15 20:00:00,1778846400,40711.0,40714.0,40606.0,40620.0,6279.0
