datetime,timestamp,open,high,low,close,volume
2026-05-08 15:00:00,1778223600,41999.0,42044.0,41966.0,41970.0,1031.0
2026-05-08 15:01:00,1778223660,41970.0,41977.0,41943.0,41960.0,334.0
2026-05-08 15:02:00,1778223720,41962.0,41968.0,41933.0,41938.0,227.0
2026-05-08 15:03:00,1778223780,41939.0,41947.0,41928.0,41931.0,239.0
2026-05-08 15:04:00,1778223840,41931.0,41946.0,41928.0,41946.0,88.0
2026-05-08 15:05:00,1778223900,41946.0,41963.0,41936.0,41937.0,194.0
2026-05-08 15:06:00,1778223960,41935.0,41948.0,41924.0,41941.0,91.0
2026-05-08 15:07:00,1778224020,41941.0,41941.0,41907.0,41920.0,180.0
2026-05-08 15:08:00,1778224080,41920.0,41926.0,41907.0,41914.0,139.0
2026-05-08 15:09:00,1778224140,41915.0,41924.0,41913.0,41922.0,63.0
2026-05-08 15:10:00,1778224200,41921.0,41921.0,41886.0,41895.0,309.0
2026-05-08 15:11:00,1778224260,41896.0,41896.0,41870.0,41873.0,228.0
2026-05-08 15:12:00,1778224320,41876.0,41883.0,41866.0,41878.0,176.0
2026-05-08 15:13:00,1778224380,41877.0,41899.0,41876.0,41898.0,140.0
2026-05-08 15:14:00,1778224440,41898.0,41908.0,41860.0,41869.0,265.0
2026-05-08 15:15:00,1778224500,41867.0,41875.0,41851.0,41853.0,309.0
2026-05-08 15:16:00,1778224560,41852.0,41854.0,41837.0,41838.0,294.0
2026-05-08 15:17:00,1778224620,41839.0,41839.0,41800.0,41834.0,431.0
2026-05-08 15:18:00,1778224680,41835.0,41837.0,41829.0,41834.0,88.0
2026-05-08 15:19:00,1778224740,41833.0,41843.0,41823.0,41824.0,229.0
2026-05-08 15:20:00,1778224800,41823.0,41853.0,41819.0,41842.0,226.0
2026-05-08 15:21:00,1778224860,41843.0,41847.0,41826.0,41846.0,120.0
2026-05-08 15:22:00,1778224920,41843.0,41843.0,41815.0,41817.0,144.0
2026-05-08 15:23:00,1778224980,41815.0,41826.0,41804.0,41823.0,198.0
2026-05-08 15:24:00,1778225040,41822.0,41826.0,41802.0,41815.0,140.0
2026-05-08 15:25:00,1778225100,41815.0,41820.0,41802.0,41815.0,133.0
2026-05-08 15:26:00,1778225160,41814.0,41815.0,41803.0,41805.0,115.0
2026-05-08 15:27:00,1778225220,41804.0,41830.0,41802.0,41827.0,211.0
2026-05-08 15:28:00,1778225280,41827.0,41846.0,41827.0,41840.0,210.0
2026-05-08 15:29:00,1778225340,41840.0,41844.0,41835.0,41843.0,96.0
2026-05-08 15:30:00,1778225400,41845.0,41852.0,41820.0,41830.0,197.0
2026-05-08 15:31:00,1778225460,41833.0,41844.0,41828.0,41839.0,73.0
2026-05-08 15:32:00,1778225520,41838.0,41843.0,41828.0,41839.0,82.0
2026-05-08 15:33:00,1778225580,41842.0,41854.0,41841.0,41848.0,121.0
2026-05-08 15:34:00,1778225640,41848.0,41853.0,41831.0,41836.0,104.0
2026-05-08 15:35:00,1778225700,41833.0,41849.0,41825.0,41836.0,124.0
2026-05-08 15:36:00,1778225760,41840.0,41845.0,41831.0,41845.0,42.0
2026-05-08 15:37:00,1778225820,41838.0,41846.0,41834.0,41842.0,48.0
2026-05-08 15:38:00,1778225880,41842.0,41845.0,41839.0,41844.0,22.0
2026-05-08 15:39:00,1778225940,41844.0,41845.0,41841.0,41841.0,29.0
2026-05-08 15:40:00,1778226000,41842.0,41845.0,41827.0,41829.0,67.0
2026-05-08 15:41:00,1778226060,41828.0,41835.0,41822.0,41833.0,63.0
2026-05-08 15:42:00,1778226120,41832.0,41835.0,41831.0,41831.0,21.0
2026-05-08 15:43:00,1778226180,41832.0,41842.0,41831.0,41838.0,45.0
2026-05-08 15:44:00,1778226240,41837.0,41837.0,41818.0,41832.0,98.0
2026-05-08 15:45:00,1778226300,41833.0,41840.0,41828.0,41832.0,74.0
2026-05-08 15:46:00,1778226360,41831.0,41834.0,41786.0,41790.0,403.0
2026-05-08 15:47:00,1778226420,41790.0,41795.0,41757.0,41765.0,525.0
2026-05-08 15:48:00,1778226480,41762.0,41787.0,41754.0,41775.0,287.0
2026-05-08 15:49:00,1778226540,41777.0,41783.0,41769.0,41776.0,113.0
2026-05-08 15:50:00,1778226600,41775.0,41798.0,41775.0,41783.0,153.0
2026-05-08 15:51:00,1778226660,41786.0,41787.0,41755.0,41760.0,181.0
2026-05-08 15:52:00,1778226720,41756.0,41759.0,41749.0,41752.0,234.0
2026-05-08 15:53:00,1778226780,41751.0,41765.0,41749.0,41762.0,116.0
2026-05-08 15:54:00,1778226840,41762.0,41762.0,41742.0,41742.0,185.0
2026-05-08 15:55:00,1778226900,41744.0,41762.0,41741.0,41757.0,130.0
2026-05-08 15:56:00,1778226960,41759.0,41764.0,41757.0,41759.0,104.0
2026-05-08 15:57:00,1778227020,41759.0,41762.0,41753.0,41757.0,84.0
2026-05-08 15:58:00,1778227080,41755.0,41758.0,41745.0,41753.0,82.0
2026-05-08 15:59:00,1778227140,41754.0,41760.0,41745.0,41759.0,98.0
2026-05-08 16:00:00,1778227200,41760.0,41762.0,41725.0,41730.0,360.0
2026-05-08 16:01:00,1778227260,41730.0,41742.0,41720.0,41724.0,280.0
2026-05-08 16:02:00,1778227320,41720.0,41723.0,41713.0,41721.0,248.0
2026-05-08 16:03:00,1778227380,41720.0,41728.0,41719.0,41728.0,106.0
2026-05-08 16:04:00,1778227440,41726.0,41750.0,41725.0,41747.0,243.0
2026-05-08 16:05:00,1778227500,41747.0,41754.0,41736.0,41736.0,152.0
2026-05-08 16:06:00,1778227560,41737.0,41740.0,41726.0,41733.0,177.0
2026-05-08 16:07:00,1778227620,41733.0,41745.0,41730.0,41743.0,118.0
2026-05-08 16:08:00,1778227680,41742.0,41745.0,41740.0,41745.0,76.0
2026-05-08 16:09:00,1778227740,41745.0,41761.0,41743.0,41755.0,149.0
2026-05-08 16:10:00,1778227800,41755.0,41775.0,41753.0,41771.0,215.0
2026-05-08 16:11:00,1778227860,41768.0,41780.0,41767.0,41780.0,168.0
2026-05-08 16:12:00,1778227920,41778.0,41794.0,41776.0,41788.0,208.0
2026-05-08 16:13:00,1778227980,41786.0,41787.0,41768.0,41770.0,136.0
2026-05-08 16:14:00,1778228040,41770.0,41773.0,41760.0,41761.0,94.0
2026-05-08 16:15:00,1778228100,41763.0,41780.0,41759.0,41777.0,114.0
2026-05-08 16:16:00,1778228160,41777.0,41794.0,41769.0,41773.0,145.0
2026-05-08 16:17:00,1778228220,41773.0,41782.0,41770.0,41778.0,44.0
2026-05-08 16:18:00,1778228280,41781.0,41798.0,41778.0,41798.0,134.0
2026-05-08 16:19:00,1778228340,41798.0,41803.0,41787.0,41798.0,166.0
2026-05-08 16:20:00,1778228400,41799.0,41804.0,41795.0,41795.0,95.0
2026-05-08 16:21:00,1778228460,41796.0,41823.0,41796.0,41823.0,241.0
2026-05-08 16:22:00,1778228520,41823.0,41824.0,41801.0,41802.0,149.0
2026-05-08 16:23:00,1778228580,41801.0,41810.0,41798.0,41810.0,77.0
2026-05-08 16:24:00,1778228640,41812.0,41817.0,41806.0,41808.0,91.0
2026-05-08 16:25:00,1778228700,41809.0,41814.0,41798.0,41802.0,86.0
2026-05-08 16:26:00,1778228760,41801.0,41810.0,41801.0,41805.0,79.0
2026-05-08 16:27:00,1778228820,41804.0,41805.0,41800.0,41800.0,41.0
2026-05-08 16:28:00,1778228880,41799.0,41812.0,41796.0,41805.0,81.0
2026-05-08 16:29:00,1778228940,41808.0,41809.0,41803.0,41804.0,32.0
2026-05-08 16:30:00,1778229000,41806.0,41814.0,41800.0,41813.0,95.0
2026-05-08 16:31:00,1778229060,41815.0,41816.0,41797.0,41797.0,76.0
2026-05-08 16:32:00,1778229120,41798.0,41810.0,41798.0,41805.0,26.0
2026-05-08 16:33:00,1778229180,41807.0,41815.0,41807.0,41815.0,53.0
2026-05-08 16:34:00,1778229240,41811.0,41816.0,41808.0,41816.0,41.0
2026-05-08 16:35:00,1778229300,41817.0,41825.0,41811.0,41811.0,188.0
2026-05-08 16:36:00,1778229360,41811.0,41817.0,41811.0,41812.0,43.0
2026-05-08 16:37:00,1778229420,41814.0,41819.0,41807.0,41817.0,58.0
2026-05-08 16:38:00,1778229480,41815.0,41820.0,41806.0,41806.0,39.0
2026-05-08 16:39:00,1778229540,41808.0,41811.0,41807.0,41808.0,18.0
2026-05-08 16:40:00,1778229600,41808.0,41809.0,41803.0,41809.0,50.0
2026-05-08 16:41:00,1778229660,41810.0,41813.0,41809.0,41811.0,19.0
2026-05-08 16:42:00,1778229720,41808.0,41808.0,41785.0,41785.0,158.0
2026-05-08 16:43:00,1778229780,41785.0,41794.0,41781.0,41791.0,129.0
2026-05-08 16:44:00,1778229840,41793.0,41795.0,41778.0,41787.0,75.0
2026-05-08 16:45:00,1778229900,41788.0,41792.0,41786.0,41786.0,44.0
2026-05-08 16:46:00,1778229960,41787.0,41797.0,41787.0,41796.0,37.0
2026-05-08 16:47:00,1778230020,41796.0,41805.0,41796.0,41805.0,59.0
2026-05-08 16:48:00,1778230080,41804.0,41828.0,41801.0,41820.0,125.0
2026-05-08 16:49:00,1778230140,41820.0,41824.0,41817.0,41824.0,78.0
2026-05-08 16:50:00,1778230200,41823.0,41829.0,41815.0,41815.0,111.0
2026-05-08 16:51:00,1778230260,41816.0,41816.0,41802.0,41803.0,67.0
2026-05-08 16:52:00,1778230320,41802.0,41805.0,41800.0,41801.0,40.0
2026-05-08 16:53:00,1778230380,41801.0,41816.0,41801.0,41811.0,39.0
2026-05-08 16:54:00,1778230440,41810.0,41811.0,41797.0,41797.0,31.0
2026-05-08 16:55:00,1778230500,41796.0,41802.0,41795.0,41799.0,35.0
2026-05-08 16:56:00,1778230560,41801.0,41804.0,41799.0,41800.0,13.0
2026-05-08 16:57:00,1778230620,41801.0,41801.0,41795.0,41796.0,28.0
2026-05-08 16:58:00,1778230680,41798.0,41801.0,41796.0,41800.0,24.0
2026-05-08 16:59:00,1778230740,41803.0,41812.0,41800.0,41807.0,62.0
2026-05-08 17:00:00,1778230800,41809.0,41825.0,41801.0,41820.0,101.0
2026-05-08 17:01:00,1778230860,41822.0,41835.0,41820.0,41824.0,164.0
2026-05-08 17:02:00,1778230920,41823.0,41855.0,41822.0,41843.0,263.0
2026-05-08 17:03:00,1778230980,41847.0,41852.0,41839.0,41840.0,127.0
2026-05-08 17:04:00,1778231040,41841.0,41854.0,41839.0,41852.0,72.0
2026-05-08 17:05:00,1778231100,41852.0,41867.0,41852.0,41863.0,231.0
2026-05-08 17:06:00,1778231160,41863.0,41872.0,41862.0,41870.0,138.0
2026-05-08 17:07:00,1778231220,41871.0,41886.0,41871.0,41885.0,228.0
2026-05-08 17:08:00,1778231280,41884.0,41900.0,41884.0,41900.0,219.0
2026-05-08 17:09:00,1778231340,41900.0,41900.0,41887.0,41889.0,134.0
2026-05-08 17:10:00,1778231400,41889.0,41898.0,41888.0,41889.0,88.0
2026-05-08 17:11:00,1778231460,41888.0,41890.0,41875.0,41883.0,115.0
2026-05-08 17:12:00,1778231520,41882.0,41882.0,41873.0,41876.0,101.0
2026-05-08 17:13:00,1778231580,41875.0,41878.0,41865.0,41865.0,74.0
2026-05-08 17:14:00,1778231640,41864.0,41869.0,41861.0,41861.0,50.0
2026-05-08 17:15:00,1778231700,41861.0,41863.0,41857.0,41857.0,86.0
2026-05-08 17:16:00,1778231760,41859.0,41862.0,41856.0,41861.0,61.0
2026-05-08 17:17:00,1778231820,41860.0,41860.0,41852.0,41856.0,71.0
2026-05-08 17:18:00,1778231880,41856.0,41869.0,41856.0,41867.0,88.0
2026-05-08 17:19:00,1778231940,41868.0,41871.0,41866.0,41867.0,42.0
2026-05-08 17:20:00,1778232000,41866.0,41868.0,41858.0,41861.0,50.0
2026-05-08 17:21:00,1778232060,41868.0,41884.0,41868.0,41881.0,117.0
2026-05-08 17:22:00,1778232120,41881.0,41881.0,41875.0,41875.0,43.0
2026-05-08 17:23:00,1778232180,41876.0,41880.0,41873.0,41873.0,32.0
2026-05-08 17:24:00,1778232240,41877.0,41881.0,41875.0,41875.0,39.0
2026-05-08 17:25:00,1778232300,41877.0,41880.0,41873.0,41876.0,42.0
2026-05-08 17:26:00,1778232360,41875.0,41875.0,41872.0,41874.0,51.0
2026-05-08 17:27:00,1778232420,41875.0,41884.0,41875.0,41881.0,59.0
2026-05-08 17:28:00,1778232480,41883.0,41888.0,41878.0,41878.0,58.0
2026-05-08 17:29:00,1778232540,41877.0,41877.0,41864.0,41866.0,69.0
2026-05-08 17:30:00,1778232600,41866.0,41866.0,41852.0,41854.0,96.0
2026-05-08 17:31:00,1778232660,41855.0,41857.0,41829.0,41829.0,240.0
2026-05-08 17:32:00,1778232720,41830.0,41830.0,41806.0,41811.0,315.0
2026-05-08 17:33:00,1778232780,41808.0,41814.0,41800.0,41801.0,152.0
2026-05-08 17:34:00,1778232840,41800.0,41823.0,41800.0,41820.0,128.0
2026-05-08 17:35:00,1778232900,41818.0,41829.0,41811.0,41811.0,102.0
2026-05-08 17:36:00,1778232960,41815.0,41822.0,41813.0,41818.0,45.0
2026-05-08 17:37:00,1778233020,41818.0,41819.0,41800.0,41804.0,122.0
2026-05-08 17:38:00,1778233080,41804.0,41808.0,41804.0,41806.0,32.0
2026-05-08 17:39:00,1778233140,41808.0,41814.0,41806.0,41811.0,46.0
2026-05-08 17:40:00,1778233200,41812.0,41812.0,41784.0,41787.0,183.0
2026-05-08 17:41:00,1778233260,41784.0,41791.0,41777.0,41789.0,127.0
2026-05-08 17:42:00,1778233320,41789.0,41798.0,41788.0,41788.0,65.0
2026-05-08 17:43:00,1778233380,41787.0,41790.0,41783.0,41788.0,44.0
2026-05-08 17:44:00,1778233440,41789.0,41800.0,41789.0,41795.0,40.0
2026-05-08 17:45:00,1778233500,41791.0,41797.0,41789.0,41792.0,66.0
2026-05-08 17:46:00,1778233560,41793.0,41794.0,41778.0,41778.0,70.0
2026-05-08 17:47:00,1778233620,41779.0,41782.0,41762.0,41767.0,175.0
2026-05-08 17:48:00,1778233680,41766.0,41766.0,41742.0,41749.0,303.0
2026-05-08 17:49:00,1778233740,41747.0,41755.0,41745.0,41755.0,108.0
2026-05-08 17:50:00,1778233800,41755.0,41757.0,41731.0,41737.0,214.0
2026-05-08 17:51:00,1778233860,41734.0,41748.0,41733.0,41747.0,92.0
2026-05-08 17:52:00,1778233920,41748.0,41749.0,41697.0,41710.0,796.0
2026-05-08 17:53:00,1778233980,41713.0,41713.0,41672.0,41676.0,423.0
2026-05-08 17:54:00,1778234040,41676.0,41697.0,41673.0,41692.0,243.0
2026-05-08 17:55:00,1778234100,41693.0,41705.0,41680.0,41682.0,266.0
2026-05-08 17:56:00,1778234160,41680.0,41687.0,41669.0,41687.0,233.0
2026-05-08 17:57:00,1778234220,41684.0,41700.0,41682.0,41694.0,171.0
2026-05-08 17:58:00,1778234280,41692.0,41704.0,41690.0,41703.0,179.0
2026-05-08 17:59:00,1778234340,41700.0,41723.0,41700.0,41717.0,280.0
2026-05-08 18:00:00,1778234400,41714.0,41734.0,41711.0,41729.0,239.0
2026-05-08 18:01:00,1778234460,41733.0,41736.0,41724.0,41729.0,115.0
2026-05-08 18:02:00,1778234520,41729.0,41735.0,41725.0,41726.0,100.0
2026-05-08 18:03:00,1778234580,41726.0,41735.0,41723.0,41734.0,79.0
2026-05-08 18:04:00,1778234640,41734.0,41737.0,41729.0,41736.0,86.0
2026-05-08 18:05:00,1778234700,41735.0,41736.0,41732.0,41736.0,41.0
2026-05-08 18:06:00,1778234760,41737.0,41745.0,41727.0,41727.0,124.0
2026-05-08 18:07:00,1778234820,41733.0,41736.0,41727.0,41731.0,45.0
2026-05-08 18:08:00,1778234880,41731.0,41732.0,41727.0,41729.0,42.0
2026-05-08 18:09:00,1778234940,41726.0,41728.0,41720.0,41720.0,56.0
2026-05-08 18:10:00,1778235000,41722.0,41738.0,41720.0,41735.0,73.0
2026-05-08 18:11:00,1778235060,41735.0,41747.0,41735.0,41740.0,84.0
2026-05-08 18:12:00,1778235120,41740.0,41740.0,41730.0,41731.0,59.0
2026-05-08 18:13:00,1778235180,41731.0,41737.0,41728.0,41737.0,24.0
2026-05-08 18:14:00,1778235240,41735.0,41740.0,41735.0,41738.0,37.0
2026-05-08 18:15:00,1778235300,41738.0,41745.0,41738.0,41744.0,51.0
2026-05-08 18:16:00,1778235360,41743.0,41745.0,41742.0,41744.0,16.0
2026-05-08 18:17:00,1778235420,41742.0,41759.0,41739.0,41759.0,134.0
2026-05-08 18:18:00,1778235480,41757.0,41765.0,41751.0,41751.0,139.0
2026-05-08 18:19:00,1778235540,41752.0,41752.0,41736.0,41737.0,102.0
2026-05-08 18:20:00,1778235600,41739.0,41747.0,41739.0,41740.0,33.0
2026-05-08 18:21:00,1778235660,41740.0,41742.0,41731.0,41731.0,50.0
2026-05-08 18:22:00,1778235720,41730.0,41734.0,41720.0,41730.0,105.0
2026-05-08 18:23:00,1778235780,41731.0,41750.0,41731.0,41750.0,55.0
2026-05-08 18:24:00,1778235840,41748.0,41756.0,41748.0,41751.0,56.0
2026-05-08 18:25:00,1778235900,41752.0,41765.0,41751.0,41764.0,76.0
2026-05-08 18:26:00,1778235960,41764.0,41778.0,41763.0,41763.0,163.0
2026-05-08 18:27:00,1778236020,41765.0,41781.0,41763.0,41779.0,98.0
2026-05-08 18:28:00,1778236080,41777.0,41779.0,41770.0,41772.0,68.0
2026-05-08 18:29:00,1778236140,41771.0,41774.0,41764.0,41765.0,62.0
2026-05-08 18:30:00,1778236200,41767.0,41782.0,41766.0,41780.0,92.0
2026-05-08 18:31:00,1778236260,41782.0,41783.0,41770.0,41779.0,75.0
2026-05-08 18:32:00,1778236320,41779.0,41782.0,41772.0,41775.0,53.0
2026-05-08 18:33:00,1778236380,41772.0,41792.0,41769.0,41791.0,108.0
2026-05-08 18:34:00,1778236440,41792.0,41795.0,41787.0,41792.0,81.0
2026-05-08 18:35:00,1778236500,41792.0,41793.0,41779.0,41782.0,83.0
2026-05-08 18:36:00,1778236560,41780.0,41790.0,41780.0,41784.0,48.0
2026-05-08 18:37:00,1778236620,41783.0,41807.0,41782.0,41795.0,207.0
2026-05-08 18:38:00,1778236680,41791.0,41796.0,41790.0,41792.0,56.0
2026-05-08 18:39:00,1778236740,41791.0,41793.0,41785.0,41785.0,36.0
2026-05-08 18:40:00,1778236800,41788.0,41796.0,41787.0,41789.0,49.0
2026-05-08 18:41:00,1778236860,41792.0,41795.0,41787.0,41792.0,30.0
2026-05-08 18:42:00,1778236920,41791.0,41794.0,41785.0,41790.0,39.0
2026-05-08 18:43:00,1778236980,41790.0,41790.0,41777.0,41778.0,69.0
2026-05-08 18:44:00,1778237040,41780.0,41781.0,41767.0,41767.0,118.0
2026-05-08 18:45:00,1778237100,41769.0,41769.0,41755.0,41755.0,127.0
2026-05-08 18:46:00,1778237160,41757.0,41762.0,41754.0,41759.0,83.0
2026-05-08 18:47:00,1778237220,41759.0,41759.0,41753.0,41753.0,48.0
2026-05-08 18:48:00,1778237280,41753.0,41753.0,41739.0,41745.0,150.0
2026-05-08 18:49:00,1778237340,41745.0,41747.0,41737.0,41740.0,70.0
2026-05-08 18:50:00,1778237400,41739.0,41742.0,41737.0,41739.0,33.0
2026-05-08 18:51:00,1778237460,41737.0,41743.0,41730.0,41742.0,95.0
2026-05-08 18:52:00,1778237520,41742.0,41752.0,41740.0,41752.0,48.0
2026-05-08 18:53:00,1778237580,41751.0,41751.0,41737.0,41738.0,57.0
2026-05-08 18:54:00,1778237640,41737.0,41750.0,41737.0,41748.0,24.0
2026-05-08 18:55:00,1778237700,41751.0,41751.0,41692.0,41700.0,463.0
2026-05-08 18:56:00,1778237760,41696.0,41712.0,41672.0,41690.0,409.0
2026-05-08 18:57:00,1778237820,41690.0,41710.0,41682.0,41710.0,154.0
2026-05-08 18:58:00,1778237880,41711.0,41722.0,41707.0,41722.0,118.0
2026-05-08 18:59:00,1778237940,41720.0,41741.0,41720.0,41728.0,144.0
2026-05-08 19:00:00,1778238000,41729.0,41747.0,41729.0,41736.0,124.0
2026-05-08 19:01:00,1778238060,41746.0,41751.0,41740.0,41740.0,79.0
2026-05-08 19:02:00,1778238120,41743.0,41764.0,41740.0,41752.0,142.0
2026-05-08 19:03:00,1778238180,41751.0,41754.0,41745.0,41750.0,60.0
2026-05-08 19:04:00,1778238240,41751.0,41775.0,41750.0,41775.0,130.0
2026-05-08 19:05:00,1778238300,41773.0,41788.0,41773.0,41779.0,133.0
2026-05-08 19:06:00,1778238360,41777.0,41780.0,41768.0,41776.0,99.0
2026-05-08 19:07:00,1778238420,41777.0,41784.0,41773.0,41777.0,79.0
2026-05-08 19:08:00,1778238480,41779.0,41780.0,41768.0,41769.0,52.0
2026-05-08 19:09:00,1778238540,41767.0,41777.0,41762.0,41771.0,59.0
2026-05-08 19:10:00,1778238600,41775.0,41778.0,41748.0,41761.0,126.0
2026-05-08 19:11:00,1778238660,41758.0,41759.0,41752.0,41757.0,69.0
2026-05-08 19:12:00,1778238720,41757.0,41764.0,41756.0,41763.0,52.0
2026-05-08 19:13:00,1778238780,41763.0,41771.0,41762.0,41768.0,44.0
2026-05-08 19:14:00,1778238840,41768.0,41774.0,41763.0,41774.0,38.0
2026-05-08 19:15:00,1778238900,41774.0,41785.0,41774.0,41783.0,74.0
2026-05-08 19:16:00,1778238960,41783.0,41783.0,41775.0,41775.0,42.0
2026-05-08 19:17:00,1778239020,41772.0,41778.0,41767.0,41767.0,28.0
2026-05-08 19:18:00,1778239080,41767.0,41775.0,41760.0,41763.0,43.0
2026-05-08 19:19:00,1778239140,41763.0,41770.0,41763.0,41768.0,34.0
2026-05-08 19:20:00,1778239200,41770.0,41773.0,41766.0,41773.0,26.0
2026-05-08 19:21:00,1778239260,41773.0,41773.0,41754.0,41754.0,45.0
2026-05-08 19:22:00,1778239320,41754.0,41762.0,41754.0,41754.0,21.0
2026-05-08 19:23:00,1778239380,41758.0,41762.0,41756.0,41756.0,39.0
2026-05-08 19:24:00,1778239440,41757.0,41770.0,41755.0,41769.0,39.0
2026-05-08 19:25:00,1778239500,41768.0,41788.0,41768.0,41787.0,87.0
2026-05-08 19:26:00,1778239560,41787.0,41788.0,41776.0,41778.0,69.0
2026-05-08 19:27:00,1778239620,41780.0,41786.0,41780.0,41785.0,33.0
2026-05-08 19:28:00,1778239680,41786.0,41790.0,41784.0,41790.0,54.0
2026-05-08 19:29:00,1778239740,41790.0,41791.0,41787.0,41790.0,30.0
2026-05-08 19:30:00,1778239800,41790.0,41791.0,41782.0,41785.0,39.0
2026-05-08 19:31:00,1778239860,41784.0,41784.0,41771.0,41775.0,45.0
2026-05-08 19:32:00,1778239920,41776.0,41784.0,41772.0,41780.0,39.0
2026-05-08 19:33:00,1778239980,41780.0,41781.0,41765.0,41768.0,51.0
2026-05-08 19:34:00,1778240040,41768.0,41768.0,41762.0,41764.0,46.0
2026-05-08 19:35:00,1778240100,41760.0,41774.0,41759.0,41772.0,45.0
2026-05-08 19:36:00,1778240160,41769.0,41769.0,41765.0,41765.0,28.0
2026-05-08 19:37:00,1778240220,41764.0,41768.0,41764.0,41768.0,20.0
2026-05-08 19:38:00,1778240280,41770.0,41776.0,41770.0,41773.0,23.0
2026-05-08 19:39:00,1778240340,41773.0,41773.0,41767.0,41768.0,28.0
2026-05-08 19:40:00,1778240400,41767.0,41771.0,41766.0,41768.0,21.0
2026-05-08 19:41:00,1778240460,41768.0,41768.0,41757.0,41757.0,85.0
2026-05-08 19:42:00,1778240520,41758.0,41762.0,41758.0,41762.0,24.0
2026-05-08 19:43:00,1778240580,41762.0,41771.0,41762.0,41768.0,60.0
2026-05-08 19:44:00,1778240640,41772.0,41772.0,41758.0,41758.0,35.0
2026-05-08 19:45:00,1778240700,41758.0,41762.0,41752.0,41754.0,62.0
2026-05-08 19:46:00,1778240760,41754.0,41758.0,41752.0,41752.0,26.0
2026-05-08 19:47:00,1778240820,41754.0,41763.0,41751.0,41760.0,35.0
2026-05-08 19:48:00,1778240880,41762.0,41770.0,41762.0,41766.0,40.0
2026-05-08 19:49:00,1778240940,41770.0,41777.0,41767.0,41777.0,38.0
2026-05-08 19:50:00,1778241000,41776.0,41780.0,41776.0,41776.0,48.0
2026-05-08 19:51:00,1778241060,41776.0,41785.0,41772.0,41785.0,79.0
2026-05-08 19:52:00,1778241120,41785.0,41785.0,41767.0,41769.0,41.0
2026-05-08 19:53:00,1778241180,41768.0,41773.0,41765.0,41769.0,28.0
2026-05-08 19:54:00,1778241240,41769.0,41774.0,41769.0,41774.0,15.0
2026-05-08 19:55:00,1778241300,41771.0,41777.0,41771.0,41777.0,20.0
2026-05-08 19:56:00,1778241360,41775.0,41777.0,41768.0,41768.0,32.0
2026-05-08 19:57:00,1778241420,41767.0,41770.0,41765.0,41766.0,22.0
2026-05-08 19:58:00,1778241480,41765.0,41766.0,41761.0,41766.0,21.0
2026-05-08 19:59:00,1778241540,41766.0,41766.0,41757.0,41760.0,31.0
2026-05-08 20:00:00,1778241600,41758.0,41759.0,41747.0,41750.0,157.0
2026-05-08 20:01:00,1778241660,41750.0,41761.0,41749.0,41761.0,44.0
2026-05-08 20:02:00,1778241720,41761.0,41774.0,41761.0,41765.0,47.0
2026-05-08 20:03:00,1778241780,41765.0,41778.0,41763.0,41763.0,46.0
2026-05-08 20:04:00,1778241840,41764.0,41765.0,41755.0,41755.0,28.0
2026-05-08 20:05:00,1778241900,41756.0,41759.0,41754.0,41759.0,18.0
2026-05-08 20:06:00,1778241960,41759.0,41785.0,41758.0,41781.0,122.0
2026-05-08 20:07:00,1778242020,41776.0,41781.0,41775.0,41778.0,35.0
2026-05-08 20:08:00,1778242080,41777.0,41780.0,41773.0,41776.0,20.0
2026-05-08 20:09:00,1778242140,41774.0,41778.0,41771.0,41775.0,18.0
2026-05-08 20:10:00,1778242200,41775.0,41780.0,41755.0,41762.0,64.0
2026-05-08 20:11:00,1778242260,41757.0,41764.0,41755.0,41764.0,31.0
2026-05-08 20:12:00,1778242320,41764.0,41768.0,41764.0,41765.0,15.0
2026-05-08 20:13:00,1778242380,41761.0,41764.0,41748.0,41748.0,46.0
2026-05-08 20:14:00,1778242440,41748.0,41758.0,41748.0,41754.0,43.0
2026-05-08 20:15:00,1778242500,41756.0,41761.0,41753.0,41761.0,40.0
2026-05-08 20:16:00,1778242560,41760.0,41760.0,41752.0,41755.0,50.0
2026-05-08 20:17:00,1778242620,41758.0,41768.0,41758.0,41761.0,48.0
2026-05-08 20:18:00,1778242680,41765.0,41770.0,41762.0,41770.0,26.0
2026-05-08 20:19:00,1778242740,41772.0,41776.0,41769.0,41771.0,33.0
2026-05-08 20:20:00,1778242800,41773.0,41774.0,41763.0,41768.0,28.0
2026-05-08 20:21:00,1778242860,41768.0,41772.0,41768.0,41772.0,14.0
2026-05-08 20:22:00,1778242920,41770.0,41772.0,41767.0,41767.0,23.0
2026-05-08 20:23:00,1778242980,41768.0,41768.0,41762.0,41764.0,19.0
2026-05-08 20:24:00,1778243040,41762.0,41763.0,41753.0,41759.0,58.0
2026-05-08 20:25:00,1778243100,41760.0,41765.0,41759.0,41763.0,12.0
2026-05-08 20:26:00,1778243160,41762.0,41772.0,41758.0,41770.0,56.0
2026-05-08 20:27:00,1778243220,41772.0,41778.0,41762.0,41766.0,46.0
2026-05-08 20:28:00,1778243280,41765.0,41775.0,41760.0,41772.0,33.0
2026-05-08 20:29:00,1778243340,41775.0,41778.0,41768.0,41777.0,30.0
2026-05-08 20:30:00,1778243400,41778.0,41868.0,41775.0,41814.0,1146.0
2026-05-08 20:31:00,1778243460,41812.0,41828.0,41801.0,41813.0,308.0
2026-05-08 20:32:00,1778243520,41817.0,41825.0,41811.0,41818.0,136.0
2026-05-08 20:33:00,1778243580,41820.0,41849.0,41819.0,41848.0,286.0
2026-05-08 20:34:00,1778243640,41845.0,41872.0,41843.0,41871.0,354.0
2026-05-08 20:35:00,1778243700,41868.0,41930.0,41868.0,41911.0,1029.0
2026-05-08 20:36:00,1778243760,41912.0,41948.0,41909.0,41927.0,583.0
2026-05-08 20:37:00,1778243820,41927.0,41930.0,41900.0,41902.0,348.0
2026-05-08 20:38:00,1778243880,41901.0,41906.0,41899.0,41900.0,150.0
2026-05-08 20:39:00,1778243940,41901.0,41902.0,41880.0,41883.0,247.0
2026-05-08 20:40:00,1778244000,41880.0,41915.0,41880.0,41914.0,335.0
2026-05-08 20:41:00,1778244060,41914.0,41918.0,41895.0,41900.0,185.0
2026-05-08 20:42:00,1778244120,41897.0,41906.0,41894.0,41903.0,91.0
2026-05-08 20:43:00,1778244180,41901.0,41908.0,41895.0,41904.0,102.0
2026-05-08 20:44:00,1778244240,41900.0,41903.0,41885.0,41885.0,101.0
2026-05-08 20:45:00,1778244300,41885.0,41892.0,41864.0,41871.0,349.0
2026-05-08 20:46:00,1778244360,41871.0,41885.0,41869.0,41883.0,107.0
2026-05-08 20:47:00,1778244420,41882.0,41897.0,41882.0,41895.0,141.0
2026-05-08 20:48:00,1778244480,41896.0,41896.0,41880.0,41886.0,100.0
2026-05-08 20:49:00,1778244540,41887.0,41889.0,41870.0,41874.0,83.0
2026-05-08 20:50:00,1778244600,41872.0,41876.0,41839.0,41843.0,343.0
2026-05-08 20:51:00,1778244660,41841.0,41849.0,41830.0,41846.0,304.0
2026-05-08 20:52:00,1778244720,41848.0,41852.0,41844.0,41849.0,111.0
2026-05-08 20:53:00,1778244780,41847.0,41857.0,41838.0,41852.0,143.0
2026-05-08 20:54:00,1778244840,41852.0,41856.0,41845.0,41855.0,74.0
2026-05-08 20:55:00,1778244900,41855.0,41857.0,41850.0,41850.0,51.0
2026-05-08 20:56:00,1778244960,41852.0,41876.0,41851.0,41875.0,165.0
2026-05-08 20:57:00,1778245020,41875.0,41884.0,41874.0,41876.0,150.0
2026-05-08 20:58:00,1778245080,41876.0,41885.0,41837.0,41844.0,204.0
2026-05-08 20:59:00,1778245140,41842.0,41848.0,41792.0,41829.0,491.0
2026-05-08 21:00:00,1778245200,41829.0,41854.0,41821.0,41848.0,292.0
2026-05-08 21:01:00,1778245260,41848.0,41864.0,41839.0,41859.0,104.0
2026-05-08 21:02:00,1778245320,41860.0,41866.0,41851.0,41853.0,104.0
2026-05-08 21:03:00,1778245380,41851.0,41875.0,41851.0,41869.0,110.0
2026-05-08 21:04:00,1778245440,41868.0,41870.0,41834.0,41854.0,160.0
2026-05-08 21:05:00,1778245500,41850.0,41854.0,41824.0,41824.0,143.0
2026-05-08 21:06:00,1778245560,41822.0,41826.0,41789.0,41793.0,352.0
2026-05-08 21:07:00,1778245620,41795.0,41803.0,41788.0,41803.0,227.0
2026-05-08 21:08:00,1778245680,41804.0,41819.0,41804.0,41817.0,126.0
2026-05-08 21:09:00,1778245740,41818.0,41834.0,41814.0,41830.0,118.0
2026-05-08 21:10:00,1778245800,41829.0,41837.0,41811.0,41812.0,136.0
2026-05-08 21:11:00,1778245860,41811.0,41822.0,41810.0,41819.0,74.0
2026-05-08 21:12:00,1778245920,41817.0,41818.0,41793.0,41808.0,160.0
2026-05-08 21:13:00,1778245980,41808.0,41815.0,41803.0,41812.0,57.0
2026-05-08 21:14:00,1778246040,41815.0,41833.0,41813.0,41815.0,116.0
2026-05-08 21:15:00,1778246100,41812.0,41818.0,41800.0,41806.0,99.0
2026-05-08 21:16:00,1778246160,41806.0,41813.0,41798.0,41811.0,89.0
2026-05-08 21:17:00,1778246220,41814.0,41852.0,41814.0,41852.0,174.0
2026-05-08 21:18:00,1778246280,41850.0,41853.0,41843.0,41849.0,96.0
2026-05-08 21:19:00,1778246340,41852.0,41852.0,41831.0,41839.0,100.0
2026-05-08 21:20:00,1778246400,41840.0,41856.0,41836.0,41854.0,110.0
2026-05-08 21:21:00,1778246460,41853.0,41853.0,41834.0,41843.0,94.0
2026-05-08 21:22:00,1778246520,41842.0,41854.0,41841.0,41851.0,50.0
2026-05-08 21:23:00,1778246580,41851.0,41867.0,41848.0,41860.0,160.0
2026-05-08 21:24:00,1778246640,41860.0,41867.0,41856.0,41867.0,60.0
2026-05-08 21:25:00,1778246700,41866.0,41869.0,41855.0,41860.0,112.0
2026-05-08 21:26:00,1778246760,41859.0,41872.0,41851.0,41854.0,118.0
2026-05-08 21:27:00,1778246820,41855.0,41878.0,41852.0,41877.0,68.0
2026-05-08 21:28:00,1778246880,41875.0,41882.0,41874.0,41878.0,115.0
2026-05-08 21:29:00,1778246940,41878.0,41888.0,41865.0,41884.0,114.0
2026-05-08 21:30:00,1778247000,41886.0,41895.0,41835.0,41837.0,514.0
2026-05-08 21:31:00,1778247060,41840.0,41869.0,41828.0,41863.0,402.0
2026-05-08 21:32:00,1778247120,41863.0,41917.0,41862.0,41905.0,752.0
2026-05-08 21:33:00,1778247180,41906.0,41925.0,41899.0,41919.0,476.0
2026-05-08 21:34:00,1778247240,41920.0,41969.0,41919.0,41969.0,1172.0
2026-05-08 21:35:00,1778247300,41970.0,41983.0,41956.0,41967.0,747.0
2026-05-08 21:36:00,1778247360,41968.0,42008.0,41964.0,42007.0,834.0
2026-05-08 21:37:00,1778247420,42008.0,42039.0,41984.0,41984.0,1330.0
2026-05-08 21:38:00,1778247480,41985.0,42004.0,41973.0,42000.0,479.0
2026-05-08 21:39:00,1778247540,41999.0,42006.0,41988.0,42000.0,360.0
2026-05-08 21:40:00,1778247600,42000.0,42049.0,41997.0,42030.0,1038.0
2026-05-08 21:41:00,1778247660,42034.0,42063.0,42031.0,42046.0,765.0
2026-05-08 21:42:00,1778247720,42045.0,42094.0,42045.0,42076.0,832.0
2026-05-08 21:43:00,1778247780,42079.0,42095.0,42075.0,42077.0,418.0
2026-05-08 21:44:00,1778247840,42078.0,42090.0,42073.0,42090.0,361.0
2026-05-08 21:45:00,1778247900,42091.0,42144.0,42091.0,42121.0,1174.0
2026-05-08 21:46:00,1778247960,42122.0,42136.0,42108.0,42136.0,476.0
2026-05-08 21:47:00,1778248020,42134.0,42144.0,42126.0,42132.0,438.0
2026-05-08 21:48:00,1778248080,42131.0,42140.0,42122.0,42130.0,362.0
2026-05-08 21:49:00,1778248140,42129.0,42149.0,42117.0,42130.0,486.0
2026-05-08 21:50:00,1778248200,42131.0,42141.0,42102.0,42111.0,515.0
2026-05-08 21:51:00,1778248260,42108.0,42108.0,42082.0,42084.0,637.0
2026-05-08 21:52:00,1778248320,42084.0,42129.0,42083.0,42129.0,439.0
2026-05-08 21:53:00,1778248380,42128.0,42132.0,42102.0,42102.0,268.0
2026-05-08 21:54:00,1778248440,42102.0,42108.0,42090.0,42108.0,242.0
2026-05-08 21:55:00,1778248500,42110.0,42125.0,42103.0,42106.0,217.0
2026-05-08 21:56:00,1778248560,42108.0,42111.0,42100.0,42101.0,179.0
2026-05-08 21:57:00,1778248620,42102.0,42116.0,42098.0,42115.0,220.0
2026-05-08 21:58:00,1778248680,42117.0,42145.0,42112.0,42137.0,398.0
2026-05-08 21:59:00,1778248740,42138.0,42175.0,42135.0,42175.0,619.0
2026-05-08 22:00:00,1778248800,42175.0,42204.0,42152.0,42159.0,1504.0
2026-05-08 22:01:00,1778248860,42157.0,42170.0,42156.0,42160.0,356.0
2026-05-08 22:02:00,1778248920,42160.0,42185.0,42155.0,42184.0,344.0
2026-05-08 22:03:00,1778248980,42183.0,42183.0,42167.0,42168.0,314.0
2026-05-08 22:04:00,1778249040,42169.0,42177.0,42153.0,42175.0,397.0
2026-05-08 22:05:00,1778249100,42175.0,42177.0,42158.0,42172.0,200.0
2026-05-08 22:06:00,1778249160,42173.0,42173.0,42123.0,42152.0,534.0
2026-05-08 22:07:00,1778249220,42154.0,42154.0,42138.0,42140.0,262.0
2026-05-08 22:08:00,1778249280,42142.0,42164.0,42138.0,42163.0,264.0
2026-05-08 22:09:00,1778249340,42161.0,42164.0,42152.0,42152.0,122.0
2026-05-08 22:10:00,1778249400,42152.0,42154.0,42120.0,42125.0,369.0
2026-05-08 22:11:00,1778249460,42127.0,42128.0,42105.0,42116.0,474.0
2026-05-08 22:12:00,1778249520,42117.0,42122.0,42106.0,42114.0,210.0
2026-05-08 22:13:00,1778249580,42112.0,42126.0,42105.0,42121.0,224.0
2026-05-08 22:14:00,1778249640,42120.0,42123.0,42087.0,42094.0,552.0
2026-05-08 22:15:00,1778249700,42094.0,42120.0,42091.0,42118.0,273.0
2026-05-08 22:16:00,1778249760,42118.0,42138.0,42118.0,42132.0,343.0
2026-05-08 22:17:00,1778249820,42127.0,42129.0,42101.0,42108.0,176.0
2026-05-08 22:18:00,1778249880,42107.0,42129.0,42107.0,42122.0,118.0
2026-05-08 22:19:00,1778249940,42122.0,42122.0,42106.0,42114.0,116.0
2026-05-08 22:20:00,1778250000,42114.0,42133.0,42111.0,42118.0,141.0
2026-05-08 22:21:00,1778250060,42120.0,42139.0,42115.0,42136.0,185.0
2026-05-08 22:22:00,1778250120,42138.0,42148.0,42129.0,42134.0,255.0
2026-05-08 22:23:00,1778250180,42132.0,42137.0,42122.0,42130.0,154.0
2026-05-08 22:24:00,1778250240,42129.0,42145.0,42129.0,42144.0,110.0
2026-05-08 22:25:00,1778250300,42145.0,42160.0,42138.0,42160.0,243.0
2026-05-08 22:26:00,1778250360,42160.0,42160.0,42141.0,42147.0,155.0
2026-05-08 22:27:00,1778250420,42144.0,42145.0,42128.0,42129.0,188.0
2026-05-08 22:28:00,1778250480,42127.0,42130.0,42101.0,42104.0,259.0
2026-05-08 22:29:00,1778250540,42105.0,42106.0,42047.0,42059.0,956.0
2026-05-08 22:30:00,1778250600,42058.0,42063.0,42015.0,42026.0,988.0
2026-05-08 22:31:00,1778250660,42024.0,42078.0,42020.0,42072.0,656.0
2026-05-08 22:32:00,1778250720,42074.0,42095.0,42074.0,42084.0,430.0
2026-05-08 22:33:00,1778250780,42083.0,42087.0,42065.0,42076.0,291.0
2026-05-08 22:34:00,1778250840,42078.0,42108.0,42076.0,42099.0,362.0
2026-05-08 22:35:00,1778250900,42099.0,42100.0,42038.0,42038.0,385.0
2026-05-08 22:36:00,1778250960,42038.0,42055.0,42022.0,42041.0,471.0
2026-05-08 22:37:00,1778251020,42042.0,42058.0,42039.0,42057.0,223.0
2026-05-08 22:38:00,1778251080,42058.0,42080.0,42053.0,42078.0,223.0
2026-05-08 22:39:00,1778251140,42080.0,42099.0,42079.0,42093.0,256.0
2026-05-08 22:40:00,1778251200,42092.0,42105.0,42086.0,42094.0,285.0
2026-05-08 22:41:00,1778251260,42096.0,42097.0,42075.0,42088.0,177.0
2026-05-08 22:42:00,1778251320,42083.0,42116.0,42081.0,42106.0,349.0
2026-05-08 22:43:00,1778251380,42104.0,42121.0,42100.0,42119.0,256.0
2026-05-08 22:44:00,1778251440,42120.0,42127.0,42115.0,42120.0,260.0
2026-05-08 22:45:00,1778251500,42118.0,42124.0,42103.0,42107.0,209.0
2026-05-08 22:46:00,1778251560,42106.0,42128.0,42106.0,42126.0,211.0
2026-05-08 22:47:00,1778251620,42128.0,42140.0,42127.0,42131.0,314.0
2026-05-08 22:48:00,1778251680,42130.0,42130.0,42113.0,42117.0,210.0
2026-05-08 22:49:00,1778251740,42116.0,42123.0,42109.0,42120.0,133.0
2026-05-08 22:50:00,1778251800,42120.0,42134.0,42117.0,42125.0,146.0
2026-05-08 22:51:00,1778251860,42125.0,42132.0,42121.0,42127.0,90.0
2026-05-08 22:52:00,1778251920,42125.0,42132.0,42120.0,42130.0,101.0
2026-05-08 22:53:00,1778251980,42128.0,42149.0,42126.0,42146.0,284.0
2026-05-08 22:54:00,1778252040,42145.0,42155.0,42138.0,42154.0,261.0
2026-05-08 22:55:00,1778252100,42152.0,42155.0,42143.0,42145.0,157.0
2026-05-08 22:56:00,1778252160,42145.0,42149.0,42134.0,42142.0,145.0
2026-05-08 22:57:00,1778252220,42141.0,42158.0,42136.0,42156.0,172.0
2026-05-08 22:58:00,1778252280,42154.0,42171.0,42154.0,42165.0,412.0
2026-05-08 22:59:00,1778252340,42164.0,42165.0,42152.0,42157.0,157.0
2026-05-08 23:00:00,1778252400,42158.0,42183.0,42153.0,42169.0,497.0
2026-05-08 23:01:00,1778252460,42171.0,42178.0,42158.0,42165.0,161.0
2026-05-08 23:02:00,1778252520,42165.0,42172.0,42146.0,42150.0,248.0
2026-05-08 23:03:00,1778252580,42147.0,42159.0,42146.0,42156.0,128.0
2026-05-08 23:04:00,1778252640,42157.0,42168.0,42154.0,42163.0,108.0
2026-05-08 23:05:00,1778252700,42165.0,42186.0,42165.0,42186.0,349.0
2026-05-08 23:06:00,1778252760,42185.0,42222.0,42183.0,42222.0,1262.0
2026-05-08 23:07:00,1778252820,42222.0,42232.0,42206.0,42212.0,488.0
2026-05-08 23:08:00,1778252880,42214.0,42225.0,42212.0,42221.0,188.0
2026-05-08 23:09:00,1778252940,42220.0,42231.0,42206.0,42208.0,270.0
2026-05-08 23:10:00,1778253000,42206.0,42213.0,42189.0,42198.0,459.0
2026-05-08 23:11:00,1778253060,42199.0,42227.0,42199.0,42216.0,265.0
2026-05-08 23:12:00,1778253120,42214.0,42215.0,42188.0,42190.0,231.0
2026-05-08 23:13:00,1778253180,42190.0,42190.0,42154.0,42167.0,488.0
2026-05-08 23:14:00,1778253240,42168.0,42170.0,42151.0,42168.0,262.0
2026-05-08 23:15:00,1778253300,42166.0,42170.0,42154.0,42163.0,205.0
2026-05-08 23:16:00,1778253360,42163.0,42163.0,42119.0,42143.0,591.0
2026-05-08 23:17:00,1778253420,42145.0,42145.0,42128.0,42133.0,196.0
2026-05-08 23:18:00,1778253480,42135.0,42137.0,42102.0,42124.0,393.0
2026-05-08 23:19:00,1778253540,42124.0,42152.0,42124.0,42138.0,280.0
2026-05-08 23:20:00,1778253600,42141.0,42165.0,42138.0,42163.0,203.0
2026-05-08 23:21:00,1778253660,42163.0,42188.0,42162.0,42171.0,358.0
2026-05-08 23:22:00,1778253720,42173.0,42181.0,42171.0,42175.0,105.0
2026-05-08 23:23:00,1778253780,42177.0,42181.0,42172.0,42176.0,86.0
2026-05-08 23:24:00,1778253840,42174.0,42185.0,42158.0,42158.0,191.0
2026-05-08 23:25:00,1778253900,42158.0,42166.0,42147.0,42162.0,162.0
2026-05-08 23:26:00,1778253960,42163.0,42183.0,42163.0,42165.0,117.0
2026-05-08 23:27:00,1778254020,42166.0,42178.0,42165.0,42173.0,84.0
2026-05-08 23:28:00,1778254080,42174.0,42176.0,42169.0,42170.0,85.0
2026-05-08 23:29:00,1778254140,42169.0,42182.0,42162.0,42182.0,158.0
2026-05-08 23:30:00,1778254200,42180.0,42185.0,42132.0,42146.0,303.0
2026-05-08 23:31:00,1778254260,42139.0,42168.0,42126.0,42164.0,175.0
2026-05-08 23:32:00,1778254320,42162.0,42178.0,42161.0,42170.0,119.0
2026-05-08 23:33:00,1778254380,42168.0,42173.0,42158.0,42166.0,70.0
2026-05-08 23:34:00,1778254440,42169.0,42187.0,42169.0,42187.0,169.0
2026-05-08 23:35:00,1778254500,42187.0,42197.0,42185.0,42195.0,261.0
2026-05-08 23:36:00,1778254560,42192.0,42221.0,42192.0,42221.0,365.0
2026-05-08 23:37:00,1778254620,42221.0,42224.0,42198.0,42198.0,311.0
2026-05-08 23:38:00,1778254680,42198.0,42210.0,42197.0,42197.0,127.0
2026-05-08 23:39:00,1778254740,42199.0,42204.0,42193.0,42196.0,125.0
2026-05-08 23:40:00,1778254800,42195.0,42208.0,42190.0,42201.0,269.0
2026-05-08 23:41:00,1778254860,42203.0,42203.0,42177.0,42178.0,134.0
2026-05-08 23:42:00,1778254920,42179.0,42180.0,42156.0,42159.0,268.0
2026-05-08 23:43:00,1778254980,42161.0,42171.0,42124.0,42147.0,354.0
2026-05-08 23:44:00,1778255040,42148.0,42172.0,42144.0,42153.0,198.0
2026-05-08 23:45:00,1778255100,42153.0,42179.0,42148.0,42170.0,228.0
2026-05-08 23:46:00,1778255160,42174.0,42181.0,42171.0,42181.0,116.0
2026-05-08 23:47:00,1778255220,42179.0,42205.0,42177.0,42203.0,244.0
2026-05-08 23:48:00,1778255280,42202.0,42204.0,42197.0,42199.0,134.0
2026-05-08 23:49:00,1778255340,42200.0,42201.0,42192.0,42193.0,105.0
2026-05-08 23:50:00,1778255400,42193.0,42199.0,42190.0,42192.0,66.0
2026-05-08 23:51:00,1778255460,42190.0,42194.0,42179.0,42187.0,87.0
2026-05-08 23:52:00,1778255520,42188.0,42198.0,42182.0,42188.0,73.0
2026-05-08 23:53:00,1778255580,42189.0,42204.0,42188.0,42202.0,125.0
2026-05-08 23:54:00,1778255640,42204.0,42216.0,42204.0,42208.0,199.0
2026-05-08 23:55:00,1778255700,42208.0,42209.0,42192.0,42193.0,112.0
2026-05-08 23:56:00,1778255760,42192.0,42209.0,42192.0,42206.0,76.0
2026-05-08 23:57:00,1778255820,42208.0,42210.0,42200.0,42201.0,72.0
2026-05-08 23:58:00,1778255880,42206.0,42206.0,42185.0,42190.0,101.0
2026-05-08 23:59:00,1778255940,42189.0,42192.0,42184.0,42187.0,100.0
2026-05-09 00:00:00,1778256000,42190.0,42230.0,42190.0,42228.0,690.0
2026-05-09 00:01:00,1778256060,42227.0,42245.0,42225.0,42232.0,574.0
2026-05-09 00:02:00,1778256120,42232.0,42236.0,42216.0,42221.0,212.0
2026-05-09 00:03:00,1778256180,42220.0,42220.0,42211.0,42212.0,113.0
2026-05-09 00:04:00,1778256240,42213.0,42217.0,42203.0,42204.0,115.0
2026-05-09 00:05:00,1778256300,42204.0,42225.0,42191.0,42216.0,266.0
2026-05-09 00:06:00,1778256360,42217.0,42219.0,42206.0,42213.0,62.0
2026-05-09 00:07:00,1778256420,42213.0,42216.0,42196.0,42196.0,74.0
2026-05-09 00:08:00,1778256480,42196.0,42205.0,42190.0,42191.0,114.0
2026-05-09 00:09:00,1778256540,42192.0,42199.0,42187.0,42198.0,113.0
2026-05-09 00:10:00,1778256600,42198.0,42209.0,42187.0,42187.0,145.0
2026-05-09 00:11:00,1778256660,42186.0,42194.0,42185.0,42190.0,98.0
2026-05-09 00:12:00,1778256720,42188.0,42192.0,42183.0,42190.0,68.0
2026-05-09 00:13:00,1778256780,42190.0,42198.0,42190.0,42194.0,51.0
2026-05-09 00:14:00,1778256840,42196.0,42212.0,42195.0,42205.0,131.0
2026-05-09 00:15:00,1778256900,42201.0,42209.0,42201.0,42206.0,52.0
2026-05-09 00:16:00,1778256960,42206.0,42212.0,42200.0,42202.0,78.0
2026-05-09 00:17:00,1778257020,42203.0,42210.0,42201.0,42206.0,32.0
2026-05-09 00:18:00,1778257080,42204.0,42224.0,42204.0,42224.0,141.0
2026-05-09 00:19:00,1778257140,42223.0,42236.0,42212.0,42215.0,208.0
2026-05-09 00:20:00,1778257200,42212.0,42227.0,42211.0,42212.0,82.0
2026-05-09 00:21:00,1778257260,42211.0,42223.0,42211.0,42223.0,41.0
2026-05-09 00:22:00,1778257320,42222.0,42232.0,42220.0,42228.0,89.0
2026-05-09 00:23:00,1778257380,42230.0,42233.0,42224.0,42226.0,78.0
2026-05-09 00:24:00,1778257440,42226.0,42232.0,42226.0,42232.0,47.0
2026-05-09 00:25:00,1778257500,42233.0,42249.0,42233.0,42233.0,368.0
2026-05-09 00:26:00,1778257560,42235.0,42253.0,42235.0,42249.0,242.0
2026-05-09 00:27:00,1778257620,42250.0,42256.0,42245.0,42250.0,156.0
2026-05-09 00:28:00,1778257680,42251.0,42252.0,42240.0,42251.0,70.0
2026-05-09 00:29:00,1778257740,42252.0,42258.0,42249.0,42256.0,115.0
2026-05-09 00:30:00,1778257800,42255.0,42262.0,42236.0,42236.0,325.0
2026-05-09 00:31:00,1778257860,42237.0,42249.0,42237.0,42249.0,100.0
2026-05-09 00:32:00,1778257920,42248.0,42251.0,42241.0,42248.0,55.0
2026-05-09 00:33:00,1778257980,42245.0,42248.0,42241.0,42245.0,42.0
2026-05-09 00:34:00,1778258040,42245.0,42258.0,42244.0,42244.0,109.0
2026-05-09 00:35:00,1778258100,42244.0,42245.0,42218.0,42220.0,242.0
2026-05-09 00:36:00,1778258160,42219.0,42243.0,42218.0,42238.0,126.0
2026-05-09 00:37:00,1778258220,42238.0,42250.0,42238.0,42243.0,96.0
2026-05-09 00:38:00,1778258280,42246.0,42249.0,42241.0,42247.0,59.0
2026-05-09 00:39:00,1778258340,42246.0,42260.0,42245.0,42258.0,98.0
2026-05-09 00:40:00,1778258400,42256.0,42257.0,42246.0,42246.0,104.0
2026-05-09 00:41:00,1778258460,42246.0,42246.0,42223.0,42228.0,129.0
2026-05-09 00:42:00,1778258520,42230.0,42236.0,42226.0,42228.0,79.0
2026-05-09 00:43:00,1778258580,42230.0,42238.0,42226.0,42226.0,92.0
2026-05-09 00:44:00,1778258640,42227.0,42233.0,42224.0,42228.0,59.0
2026-05-09 00:45:00,1778258700,42230.0,42244.0,42224.0,42243.0,132.0
2026-05-09 00:46:00,1778258760,42243.0,42249.0,42240.0,42241.0,69.0
2026-05-09 00:47:00,1778258820,42243.0,42247.0,42237.0,42237.0,39.0
2026-05-09 00:48:00,1778258880,42237.0,42249.0,42214.0,42225.0,255.0
2026-05-09 00:49:00,1778258940,42222.0,42222.0,42190.0,42196.0,422.0
2026-05-09 00:50:00,1778259000,42196.0,42214.0,42164.0,42167.0,596.0
2026-05-09 00:51:00,1778259060,42166.0,42175.0,42141.0,42147.0,563.0
2026-05-09 00:52:00,1778259120,42148.0,42195.0,42141.0,42190.0,413.0
2026-05-09 00:53:00,1778259180,42190.0,42219.0,42188.0,42216.0,315.0
2026-05-09 00:54:00,1778259240,42219.0,42225.0,42194.0,42200.0,211.0
2026-05-09 00:55:00,1778259300,42203.0,42208.0,42195.0,42196.0,97.0
2026-05-09 00:56:00,1778259360,42197.0,42198.0,42150.0,42155.0,344.0
2026-05-09 00:57:00,1778259420,42157.0,42176.0,42153.0,42162.0,252.0
2026-05-09 00:58:00,1778259480,42157.0,42172.0,42152.0,42160.0,129.0
2026-05-09 00:59:00,1778259540,42160.0,42175.0,42158.0,42165.0,149.0
2026-05-09 01:00:00,1778259600,42165.0,42177.0,42154.0,42159.0,173.0
2026-05-09 01:01:00,1778259660,42157.0,42180.0,42157.0,42169.0,163.0
2026-05-09 01:02:00,1778259720,42171.0,42180.0,42170.0,42172.0,99.0
2026-05-09 01:03:00,1778259780,42170.0,42170.0,42156.0,42162.0,132.0
2026-05-09 01:04:00,1778259840,42161.0,42161.0,42136.0,42140.0,329.0
2026-05-09 01:05:00,1778259900,42140.0,42143.0,42116.0,42119.0,419.0
2026-05-09 01:06:00,1778259960,42118.0,42132.0,42118.0,42123.0,186.0
2026-05-09 01:07:00,1778260020,42124.0,42125.0,42091.0,42093.0,521.0
2026-05-09 01:08:00,1778260080,42091.0,42107.0,42056.0,42105.0,718.0
2026-05-09 01:09:00,1778260140,42103.0,42163.0,42102.0,42151.0,467.0
2026-05-09 01:10:00,1778260200,42151.0,42157.0,42130.0,42136.0,192.0
2026-05-09 01:11:00,1778260260,42137.0,42145.0,42133.0,42134.0,130.0
2026-05-09 01:12:00,1778260320,42133.0,42139.0,42121.0,42122.0,120.0
2026-05-09 01:13:00,1778260380,42121.0,42135.0,42120.0,42130.0,92.0
2026-05-09 01:14:00,1778260440,42128.0,42148.0,42114.0,42145.0,192.0
2026-05-09 01:15:00,1778260500,42143.0,42159.0,42140.0,42153.0,211.0
2026-05-09 01:16:00,1778260560,42156.0,42179.0,42155.0,42165.0,279.0
2026-05-09 01:17:00,1778260620,42166.0,42172.0,42141.0,42144.0,106.0
2026-05-09 01:18:00,1778260680,42142.0,42159.0,42138.0,42155.0,79.0
2026-05-09 01:19:00,1778260740,42153.0,42154.0,42138.0,42145.0,69.0
2026-05-09 01:20:00,1778260800,42145.0,42149.0,42132.0,42136.0,101.0
2026-05-09 01:21:00,1778260860,42138.0,42182.0,42138.0,42175.0,199.0
2026-05-09 01:22:00,1778260920,42174.0,42191.0,42172.0,42181.0,226.0
2026-05-09 01:23:00,1778260980,42180.0,42194.0,42177.0,42194.0,150.0
2026-05-09 01:24:00,1778261040,42192.0,42207.0,42191.0,42194.0,205.0
2026-05-09 01:25:00,1778261100,42194.0,42206.0,42193.0,42205.0,120.0
2026-05-09 01:26:00,1778261160,42207.0,42216.0,42188.0,42189.0,219.0
2026-05-09 01:27:00,1778261220,42189.0,42204.0,42186.0,42194.0,186.0
2026-05-09 01:28:00,1778261280,42193.0,42217.0,42193.0,42211.0,111.0
2026-05-09 01:29:00,1778261340,42210.0,42220.0,42205.0,42214.0,153.0
2026-05-09 01:30:00,1778261400,42215.0,42224.0,42206.0,42220.0,225.0
2026-05-09 01:31:00,1778261460,42220.0,42225.0,42214.0,42214.0,64.0
2026-05-09 01:32:00,1778261520,42215.0,42223.0,42208.0,42211.0,108.0
2026-05-09 01:33:00,1778261580,42211.0,42217.0,42196.0,42196.0,126.0
2026-05-09 01:34:00,1778261640,42198.0,42217.0,42197.0,42213.0,65.0
2026-05-09 01:35:00,1778261700,42215.0,42218.0,42212.0,42214.0,70.0
2026-05-09 01:36:00,1778261760,42216.0,42225.0,42205.0,42207.0,117.0
2026-05-09 01:37:00,1778261820,42210.0,42212.0,42201.0,42203.0,36.0
2026-05-09 01:38:00,1778261880,42204.0,42209.0,42200.0,42207.0,34.0
2026-05-09 01:39:00,1778261940,42209.0,42209.0,42198.0,42200.0,39.0
2026-05-09 01:40:00,1778262000,42200.0,42200.0,42192.0,42194.0,83.0
2026-05-09 01:41:00,1778262060,42193.0,42193.0,42182.0,42189.0,153.0
2026-05-09 01:42:00,1778262120,42186.0,42208.0,42185.0,42204.0,118.0
2026-05-09 01:43:00,1778262180,42204.0,42210.0,42192.0,42208.0,94.0
2026-05-09 01:44:00,1778262240,42205.0,42210.0,42203.0,42205.0,50.0
2026-05-09 01:45:00,1778262300,42205.0,42224.0,42205.0,42220.0,107.0
2026-05-09 01:46:00,1778262360,42222.0,42233.0,42217.0,42220.0,226.0
2026-05-09 01:47:00,1778262420,42222.0,42222.0,42197.0,42197.0,76.0
2026-05-09 01:48:00,1778262480,42199.0,42210.0,42198.0,42209.0,37.0
2026-05-09 01:49:00,1778262540,42208.0,42209.0,42192.0,42192.0,47.0
2026-05-09 01:50:00,1778262600,42193.0,42197.0,42185.0,42197.0,91.0
2026-05-09 01:51:00,1778262660,42193.0,42194.0,42175.0,42180.0,161.0
2026-05-09 01:52:00,1778262720,42179.0,42186.0,42164.0,42185.0,109.0
2026-05-09 01:53:00,1778262780,42185.0,42194.0,42180.0,42191.0,57.0
2026-05-09 01:54:00,1778262840,42195.0,42200.0,42190.0,42192.0,79.0
2026-05-09 01:55:00,1778262900,42197.0,42201.0,42195.0,42195.0,38.0
2026-05-09 01:56:00,1778262960,42196.0,42202.0,42194.0,42202.0,31.0
2026-05-09 01:57:00,1778263020,42202.0,42203.0,42195.0,42195.0,42.0
2026-05-09 01:58:00,1778263080,42197.0,42199.0,42190.0,42195.0,38.0
2026-05-09 01:59:00,1778263140,42195.0,42195.0,42181.0,42181.0,39.0
2026-05-09 02:00:00,1778263200,42183.0,42232.0,42171.0,42196.0,415.0
2026-05-09 02:01:00,1778263260,42198.0,42222.0,42195.0,42220.0,104.0
2026-05-09 02:02:00,1778263320,42217.0,42231.0,42208.0,42218.0,176.0
2026-05-09 02:03:00,1778263380,42215.0,42220.0,42207.0,42208.0,36.0
2026-05-09 02:04:00,1778263440,42206.0,42225.0,42205.0,42220.0,56.0
2026-05-09 02:05:00,1778263500,42220.0,42229.0,42220.0,42229.0,44.0
2026-05-09 02:06:00,1778263560,42228.0,42238.0,42225.0,42232.0,146.0
2026-05-09 02:07:00,1778263620,42230.0,42231.0,42222.0,42227.0,38.0
2026-05-09 02:08:00,1778263680,42230.0,42233.0,42226.0,42227.0,31.0
2026-05-09 02:09:00,1778263740,42227.0,42233.0,42225.0,42233.0,66.0
2026-05-09 02:10:00,1778263800,42234.0,42236.0,42218.0,42232.0,96.0
2026-05-09 02:11:00,1778263860,42231.0,42237.0,42223.0,42228.0,41.0
2026-05-09 02:12:00,1778263920,42226.0,42235.0,42224.0,42235.0,45.0
2026-05-09 02:13:00,1778263980,42236.0,42244.0,42235.0,42237.0,84.0
2026-05-09 02:14:00,1778264040,42237.0,42241.0,42237.0,42238.0,16.0
2026-05-09 02:15:00,1778264100,42238.0,42243.0,42222.0,42231.0,70.0
2026-05-09 02:16:00,1778264160,42231.0,42231.0,42223.0,42224.0,38.0
2026-05-09 02:17:00,1778264220,42225.0,42230.0,42223.0,42228.0,30.0
2026-05-09 02:18:00,1778264280,42223.0,42226.0,42222.0,42222.0,10.0
2026-05-09 02:19:00,1778264340,42222.0,42226.0,42217.0,42219.0,66.0
2026-05-09 02:20:00,1778264400,42221.0,42234.0,42219.0,42234.0,36.0
2026-05-09 02:21:00,1778264460,42235.0,42237.0,42231.0,42231.0,20.0
2026-05-09 02:22:00,1778264520,42231.0,42236.0,42229.0,42234.0,23.0
2026-05-09 02:23:00,1778264580,42233.0,42234.0,42228.0,42228.0,17.0
2026-05-09 02:24:00,1778264640,42228.0,42234.0,42228.0,42233.0,23.0
2026-05-09 02:25:00,1778264700,42236.0,42236.0,42226.0,42228.0,18.0
2026-05-09 02:26:00,1778264760,42227.0,42233.0,42227.0,42228.0,12.0
2026-05-09 02:27:00,1778264820,42228.0,42236.0,42228.0,42234.0,13.0
2026-05-09 02:28:00,1778264880,42235.0,42235.0,42223.0,42224.0,28.0
2026-05-09 02:29:00,1778264940,42222.0,42237.0,42221.0,42232.0,40.0
2026-05-09 02:30:00,1778265000,42231.0,42239.0,42231.0,42232.0,34.0
2026-05-09 02:31:00,1778265060,42230.0,42232.0,42227.0,42228.0,22.0
2026-05-09 02:32:00,1778265120,42228.0,42230.0,42227.0,42228.0,19.0
2026-05-09 02:33:00,1778265180,42230.0,42234.0,42222.0,42222.0,54.0
2026-05-09 02:34:00,1778265240,42222.0,42222.0,42215.0,42218.0,41.0
2026-05-09 02:35:00,1778265300,42217.0,42229.0,42217.0,42225.0,40.0
2026-05-09 02:36:00,1778265360,42228.0,42228.0,42215.0,42216.0,29.0
2026-05-09 02:37:00,1778265420,42215.0,42215.0,42202.0,42204.0,94.0
2026-05-09 02:38:00,1778265480,42204.0,42214.0,42204.0,42214.0,24.0
2026-05-09 02:39:00,1778265540,42213.0,42213.0,42209.0,42209.0,25.0
2026-05-09 02:40:00,1778265600,42210.0,42210.0,42193.0,42198.0,100.0
2026-05-09 02:41:00,1778265660,42204.0,42204.0,42197.0,42197.0,22.0
2026-05-09 02:42:00,1778265720,42197.0,42209.0,42192.0,42209.0,32.0
2026-05-09 02:43:00,1778265780,42210.0,42215.0,42210.0,42213.0,28.0
2026-05-09 02:44:00,1778265840,42212.0,42212.0,42195.0,42195.0,23.0
2026-05-09 02:45:00,1778265900,42195.0,42198.0,42188.0,42198.0,54.0
2026-05-09 02:46:00,1778265960,42201.0,42203.0,42195.0,42200.0,27.0
2026-05-09 02:47:00,1778266020,42200.0,42202.0,42198.0,42200.0,15.0
2026-05-09 02:48:00,1778266080,42198.0,42198.0,42184.0,42190.0,73.0
2026-05-09 02:49:00,1778266140,42191.0,42195.0,42187.0,42195.0,20.0
2026-05-09 02:50:00,1778266200,42198.0,42204.0,42193.0,42196.0,22.0
2026-05-09 02:51:00,1778266260,42195.0,42210.0,42195.0,42203.0,44.0
2026-05-09 02:52:00,1778266320,42203.0,42203.0,42196.0,42202.0,18.0
2026-05-09 02:53:00,1778266380,42203.0,42205.0,42201.0,42205.0,12.0
2026-05-09 02:54:00,1778266440,42202.0,42208.0,42177.0,42186.0,90.0
2026-05-09 02:55:00,1778266500,42184.0,42186.0,42155.0,42165.0,175.0
2026-05-09 02:56:00,1778266560,42165.0,42188.0,42165.0,42188.0,56.0
2026-05-09 02:57:00,1778266620,42187.0,42192.0,42182.0,42192.0,44.0
2026-05-09 02:58:00,1778266680,42194.0,42200.0,42193.0,42195.0,45.0
2026-05-09 02:59:00,1778266740,42193.0,42199.0,42174.0,42174.0,49.0
2026-05-09 03:00:00,1778266800,42170.0,42200.0,42168.0,42199.0,76.0
2026-05-09 03:01:00,1778266860,42197.0,42203.0,42194.0,42202.0,44.0
2026-05-09 03:02:00,1778266920,42199.0,42207.0,42196.0,42207.0,33.0
2026-05-09 03:03:00,1778266980,42208.0,42211.0,42201.0,42202.0,38.0
2026-05-09 03:04:00,1778267040,42203.0,42208.0,42200.0,42208.0,15.0
2026-05-09 03:05:00,1778267100,42208.0,42209.0,42200.0,42203.0,21.0
2026-05-09 03:06:00,1778267160,42203.0,42226.0,42203.0,42223.0,108.0
2026-05-09 03:07:00,1778267220,42225.0,42227.0,42217.0,42225.0,55.0
2026-05-09 03:08:00,1778267280,42226.0,42242.0,42222.0,42237.0,122.0
2026-05-09 03:09:00,1778267340,42234.0,42237.0,42229.0,42229.0,40.0
2026-05-09 03:10:00,1778267400,42230.0,42240.0,42227.0,42240.0,77.0
2026-05-09 03:11:00,1778267460,42242.0,42246.0,42239.0,42239.0,80.0
2026-05-09 03:12:00,1778267520,42241.0,42241.0,42237.0,42239.0,39.0
2026-05-09 03:13:00,1778267580,42240.0,42255.0,42232.0,42234.0,178.0
2026-05-09 03:14:00,1778267640,42233.0,42235.0,42221.0,42224.0,72.0
2026-05-09 03:15:00,1778267700,42224.0,42243.0,42224.0,42237.0,36.0
2026-05-09 03:16:00,1778267760,42236.0,42237.0,42232.0,42236.0,12.0
2026-05-09 03:17:00,1778267820,42233.0,42236.0,42229.0,42232.0,13.0
2026-05-09 03:18:00,1778267880,42231.0,42238.0,42230.0,42236.0,18.0
2026-05-09 03:19:00,1778267940,42238.0,42239.0,42222.0,42231.0,22.0
2026-05-09 03:20:00,1778268000,42230.0,42236.0,42228.0,42230.0,59.0
2026-05-09 03:21:00,1778268060,42229.0,42233.0,42225.0,42232.0,28.0
2026-05-09 03:22:00,1778268120,42231.0,42231.0,42228.0,42228.0,12.0
2026-05-09 03:23:00,1778268180,42227.0,42240.0,42224.0,42226.0,50.0
2026-05-09 03:24:00,1778268240,42226.0,42226.0,42217.0,42222.0,50.0
2026-05-09 03:25:00,1778268300,42221.0,42221.0,42215.0,42217.0,32.0
2026-05-09 03:26:00,1778268360,42218.0,42219.0,42217.0,42217.0,13.0
2026-05-09 03:27:00,1778268420,42217.0,42218.0,42208.0,42216.0,45.0
2026-05-09 03:28:00,1778268480,42212.0,42215.0,42200.0,42203.0,41.0
2026-05-09 03:29:00,1778268540,42201.0,42203.0,42192.0,42192.0,36.0
2026-05-09 03:30:00,1778268600,42193.0,42208.0,42186.0,42208.0,72.0
2026-05-09 03:31:00,1778268660,42210.0,42213.0,42198.0,42198.0,39.0
2026-05-09 03:32:00,1778268720,42197.0,42197.0,42189.0,42193.0,22.0
2026-05-09 03:33:00,1778268780,42200.0,42202.0,42200.0,42201.0,6.0
2026-05-09 03:34:00,1778268840,42201.0,42213.0,42196.0,42212.0,24.0
2026-05-09 03:35:00,1778268900,42212.0,42215.0,42210.0,42213.0,17.0
2026-05-09 03:36:00,1778268960,42213.0,42220.0,42213.0,42220.0,23.0
2026-05-09 03:37:00,1778269020,42222.0,42228.0,42221.0,42227.0,20.0
2026-05-09 03:38:00,1778269080,42226.0,42230.0,42226.0,42230.0,11.0
2026-05-09 03:39:00,1778269140,42230.0,42232.0,42225.0,42225.0,32.0
2026-05-09 03:40:00,1778269200,42224.0,42239.0,42211.0,42230.0,189.0
2026-05-09 03:41:00,1778269260,42235.0,42242.0,42233.0,42233.0,27.0
2026-05-09 03:42:00,1778269320,42233.0,42233.0,42229.0,42229.0,18.0
2026-05-09 03:43:00,1778269380,42233.0,42233.0,42225.0,42226.0,10.0
2026-05-09 03:44:00,1778269440,42229.0,42231.0,42226.0,42227.0,8.0
2026-05-09 03:45:00,1778269500,42225.0,42232.0,42222.0,42222.0,29.0
2026-05-09 03:46:00,1778269560,42223.0,42223.0,42217.0,42223.0,12.0
2026-05-09 03:47:00,1778269620,42222.0,42222.0,42219.0,42221.0,10.0
2026-05-09 03:48:00,1778269680,42222.0,42223.0,42216.0,42223.0,21.0
2026-05-09 03:49:00,1778269740,42216.0,42222.0,42200.0,42200.0,31.0
2026-05-09 03:50:00,1778269800,42199.0,42217.0,42187.0,42206.0,76.0
2026-05-09 03:51:00,1778269860,42203.0,42204.0,42188.0,42188.0,32.0
2026-05-09 03:52:00,1778269920,42190.0,42192.0,42184.0,42192.0,39.0
2026-05-09 03:53:00,1778269980,42195.0,42198.0,42185.0,42189.0,42.0
2026-05-09 03:54:00,1778270040,42195.0,42221.0,42195.0,42219.0,31.0
2026-05-09 03:55:00,1778270100,42223.0,42232.0,42217.0,42218.0,47.0
2026-05-09 03:56:00,1778270160,42217.0,42221.0,42208.0,42220.0,25.0
2026-05-09 03:57:00,1778270220,42224.0,42231.0,42218.0,42230.0,39.0
2026-05-09 03:58:00,1778270280,42230.0,42239.0,42228.0,42232.0,39.0
2026-05-09 03:59:00,1778270340,42234.0,42238.0,42229.0,42237.0,37.0
2026-05-09 04:00:00,1778270400,42236.0,42240.0,42217.0,42226.0,225.0
2026-05-09 04:01:00,1778270460,42230.0,42249.0,42230.0,42230.0,64.0
2026-05-09 04:02:00,1778270520,42230.0,42258.0,42230.0,42255.0,118.0
2026-05-09 04:03:00,1778270580,42255.0,42257.0,42244.0,42244.0,54.0
2026-05-09 04:04:00,1778270640,42244.0,42250.0,42244.0,42245.0,27.0
2026-05-09 04:05:00,1778270700,42245.0,42253.0,42244.0,42250.0,46.0
2026-05-09 04:06:00,1778270760,42252.0,42253.0,42246.0,42249.0,22.0
2026-05-09 04:07:00,1778270820,42247.0,42250.0,42246.0,42248.0,13.0
2026-05-09 04:08:00,1778270880,42248.0,42248.0,42246.0,42247.0,4.0
2026-05-09 04:09:00,1778270940,42246.0,42246.0,42241.0,42245.0,10.0
2026-05-09 04:10:00,1778271000,42244.0,42249.0,42240.0,42245.0,44.0
2026-05-09 04:11:00,1778271060,42241.0,42245.0,42240.0,42240.0,11.0
2026-05-09 04:12:00,1778271120,42240.0,42249.0,42240.0,42249.0,15.0
2026-05-09 04:13:00,1778271180,42247.0,42249.0,42245.0,42247.0,12.0
2026-05-09 04:14:00,1778271240,42247.0,42247.0,42246.0,42246.0,4.0
2026-05-09 04:15:00,1778271300,42246.0,42250.0,42244.0,42246.0,29.0
2026-05-09 04:16:00,1778271360,42246.0,42249.0,42245.0,42245.0,4.0
2026-05-09 04:17:00,1778271420,42247.0,42248.0,42240.0,42244.0,27.0
2026-05-09 04:18:00,1778271480,42246.0,42248.0,42244.0,42244.0,15.0
2026-05-09 04:19:00,1778271540,42246.0,42246.0,42239.0,42239.0,11.0
2026-05-09 04:20:00,1778271600,42239.0,42240.0,42236.0,42238.0,34.0
2026-05-09 04:21:00,1778271660,42238.0,42242.0,42237.0,42240.0,16.0
2026-05-09 04:22:00,1778271720,42240.0,42240.0,42236.0,42236.0,9.0
2026-05-09 04:23:00,1778271780,42236.0,42247.0,42236.0,42247.0,32.0
2026-05-09 04:24:00,1778271840,42246.0,42247.0,42241.0,42241.0,18.0
2026-05-09 04:25:00,1778271900,42241.0,42242.0,42240.0,42242.0,14.0
2026-05-09 04:26:00,1778271960,42243.0,42245.0,42242.0,42245.0,14.0
2026-05-09 04:27:00,1778272020,42245.0,42252.0,42245.0,42252.0,69.0
2026-05-09 04:28:00,1778272080,42253.0,42255.0,42252.0,42253.0,27.0
2026-05-09 04:29:00,1778272140,42253.0,42253.0,42250.0,42253.0,14.0
2026-05-09 04:30:00,1778272200,42254.0,42254.0,42245.0,42246.0,28.0
2026-05-09 04:31:00,1778272260,42246.0,42253.0,42244.0,42253.0,32.0
2026-05-09 04:32:00,1778272320,42251.0,42256.0,42249.0,42256.0,23.0
2026-05-09 04:33:00,1778272380,42255.0,42258.0,42254.0,42255.0,21.0
2026-05-09 04:34:00,1778272440,42255.0,42256.0,42255.0,42255.0,9.0
2026-05-09 04:35:00,1778272500,42254.0,42256.0,42252.0,42252.0,20.0
2026-05-09 04:36:00,1778272560,42254.0,42257.0,42254.0,42255.0,12.0
2026-05-09 04:37:00,1778272620,42258.0,42258.0,42256.0,42258.0,13.0
2026-05-09 04:38:00,1778272680,42258.0,42258.0,42254.0,42257.0,15.0
2026-05-09 04:39:00,1778272740,42258.0,42259.0,42256.0,42258.0,15.0
2026-05-09 04:40:00,1778272800,42258.0,42259.0,42256.0,42258.0,20.0
2026-05-09 04:41:00,1778272860,42258.0,42259.0,42257.0,42259.0,20.0
2026-05-09 04:42:00,1778272920,42259.0,42261.0,42259.0,42259.0,42.0
2026-05-09 04:43:00,1778272980,42260.0,42288.0,42260.0,42282.0,675.0
2026-05-09 04:44:00,1778273040,42281.0,42287.0,42281.0,42286.0,50.0
2026-05-09 04:45:00,1778273100,42283.0,42286.0,42276.0,42276.0,122.0
2026-05-09 04:46:00,1778273160,42276.0,42280.0,42276.0,42280.0,22.0
2026-05-09 04:47:00,1778273220,42280.0,42285.0,42278.0,42284.0,18.0
2026-05-09 04:48:00,1778273280,42284.0,42285.0,42280.0,42282.0,39.0
2026-05-09 04:49:00,1778273340,42282.0,42283.0,42275.0,42276.0,41.0
2026-05-09 04:50:00,1778273400,42280.0,42282.0,42276.0,42280.0,42.0
2026-05-09 04:51:00,1778273460,42280.0,42280.0,42277.0,42280.0,8.0
2026-05-09 04:52:00,1778273520,42281.0,42283.0,42280.0,42282.0,24.0
2026-05-09 04:53:00,1778273580,42281.0,42288.0,42281.0,42285.0,53.0
2026-05-09 04:54:00,1778273640,42285.0,42290.0,42285.0,42290.0,51.0
2026-05-09 04:55:00,1778273700,42288.0,42299.0,42286.0,42296.0,149.0
2026-05-09 04:56:00,1778273760,42299.0,42300.0,42294.0,42300.0,71.0
2026-05-09 04:57:00,1778273820,42300.0,42300.0,42295.0,42295.0,65.0
2026-05-09 04:58:00,1778273880,42296.0,42299.0,42286.0,42291.0,69.0
2026-05-09 04:59:00,1778273940,42287.0,42299.0,42285.0,42291.0,99.0
2026-05-11 08:45:00,1778460300,42216.0,42255.0,42157.0,42210.0,2908.0
2026-05-11 08:46:00,1778460360,42210.0,42215.0,42159.0,42208.0,1257.0
2026-05-11 08:47:00,1778460420,42208.0,42219.0,42187.0,42219.0,492.0
2026-05-11 08:48:00,1778460480,42211.0,42219.0,42163.0,42185.0,699.0
2026-05-11 08:49:00,1778460540,42181.0,42187.0,42170.0,42173.0,263.0
2026-05-11 08:50:00,1778460600,42173.0,42175.0,42152.0,42165.0,720.0
2026-05-11 08:51:00,1778460660,42165.0,42167.0,42128.0,42128.0,711.0
2026-05-11 08:52:00,1778460720,42131.0,42132.0,41980.0,42020.0,2734.0
2026-05-11 08:53:00,1778460780,42018.0,42041.0,41974.0,41998.0,1788.0
2026-05-11 08:54:00,1778460840,41993.0,42016.0,41960.0,41989.0,1052.0
2026-05-11 08:55:00,1778460900,41990.0,41992.0,41914.0,41931.0,1599.0
2026-05-11 08:56:00,1778460960,41931.0,41944.0,41887.0,41887.0,1167.0
2026-05-11 08:57:00,1778461020,41890.0,41893.0,41808.0,41892.0,1854.0
2026-05-11 08:58:00,1778461080,41892.0,41931.0,41870.0,41914.0,955.0
2026-05-11 08:59:00,1778461140,41915.0,41948.0,41915.0,41941.0,615.0
2026-05-11 09:00:00,1778461200,41941.0,41945.0,41831.0,41877.0,1537.0
2026-05-11 09:01:00,1778461260,41878.0,41909.0,41803.0,41863.0,1459.0
2026-05-11 09:02:00,1778461320,41864.0,41919.0,41843.0,41894.0,829.0
2026-05-11 09:03:00,1778461380,41891.0,41958.0,41889.0,41935.0,1016.0
2026-05-11 09:04:00,1778461440,41932.0,41983.0,41921.0,41958.0,1275.0
2026-05-11 09:05:00,1778461500,41961.0,41989.0,41932.0,41977.0,907.0
2026-05-11 09:06:00,1778461560,41977.0,41998.0,41935.0,41941.0,856.0
2026-05-11 09:07:00,1778461620,41939.0,41944.0,41887.0,41893.0,1031.0
2026-05-11 09:08:00,1778461680,41895.0,41967.0,41866.0,41946.0,991.0
2026-05-11 09:09:00,1778461740,41947.0,41965.0,41903.0,41926.0,452.0
2026-05-11 09:10:00,1778461800,41924.0,41957.0,41914.0,41942.0,555.0
2026-05-11 09:11:00,1778461860,41944.0,42006.0,41931.0,41994.0,899.0
2026-05-11 09:12:00,1778461920,41998.0,42063.0,41978.0,42054.0,1600.0
2026-05-11 09:13:00,1778461980,42052.0,42066.0,41972.0,41977.0,918.0
2026-05-11 09:14:00,1778462040,41976.0,41999.0,41946.0,41987.0,662.0
2026-05-11 09:15:00,1778462100,41990.0,41998.0,41962.0,41978.0,634.0
2026-05-11 09:16:00,1778462160,41977.0,42039.0,41970.0,42010.0,669.0
2026-05-11 09:17:00,1778462220,42004.0,42080.0,41993.0,42061.0,1047.0
2026-05-11 09:18:00,1778462280,42059.0,42084.0,42034.0,42058.0,817.0
2026-05-11 09:19:00,1778462340,42065.0,42092.0,42057.0,42067.0,622.0
2026-05-11 09:20:00,1778462400,42069.0,42109.0,42069.0,42102.0,830.0
2026-05-11 09:21:00,1778462460,42099.0,42108.0,42060.0,42066.0,747.0
2026-05-11 09:22:00,1778462520,42069.0,42090.0,42045.0,42083.0,493.0
2026-05-11 09:23:00,1778462580,42083.0,42086.0,42052.0,42070.0,329.0
2026-05-11 09:24:00,1778462640,42070.0,42086.0,42058.0,42068.0,301.0
2026-05-11 09:25:00,1778462700,42065.0,42097.0,42061.0,42092.0,343.0
2026-05-11 09:26:00,1778462760,42092.0,42131.0,42085.0,42100.0,782.0
2026-05-11 09:27:00,1778462820,42096.0,42105.0,42065.0,42080.0,427.0
2026-05-11 09:28:00,1778462880,42080.0,42102.0,42074.0,42084.0,208.0
2026-05-11 09:29:00,1778462940,42084.0,42100.0,42074.0,42090.0,217.0
2026-05-11 09:30:00,1778463000,42087.0,42103.0,42048.0,42063.0,595.0
2026-05-11 09:31:00,1778463060,42062.0,42125.0,42050.0,42116.0,588.0
2026-05-11 09:32:00,1778463120,42116.0,42142.0,42069.0,42086.0,934.0
2026-05-11 09:33:00,1778463180,42089.0,42128.0,42075.0,42107.0,386.0
2026-05-11 09:34:00,1778463240,42107.0,42107.0,42074.0,42083.0,247.0
2026-05-11 09:35:00,1778463300,42085.0,42107.0,42064.0,42077.0,321.0
2026-05-11 09:36:00,1778463360,42078.0,42106.0,42044.0,42099.0,548.0
2026-05-11 09:37:00,1778463420,42100.0,42125.0,42087.0,42110.0,382.0
2026-05-11 09:38:00,1778463480,42105.0,42145.0,42105.0,42142.0,620.0
2026-05-11 09:39:00,1778463540,42140.0,42146.0,42115.0,42143.0,434.0
2026-05-11 09:40:00,1778463600,42146.0,42149.0,42129.0,42135.0,374.0
2026-05-11 09:41:00,1778463660,42133.0,42144.0,42095.0,42105.0,446.0
2026-05-11 09:42:00,1778463720,42104.0,42123.0,42091.0,42095.0,272.0
2026-05-11 09:43:00,1778463780,42097.0,42112.0,42077.0,42094.0,319.0
2026-05-11 09:44:00,1778463840,42087.0,42095.0,42010.0,42039.0,903.0
2026-05-11 09:45:00,1778463900,42039.0,42058.0,41980.0,42043.0,1386.0
2026-05-11 09:46:00,1778463960,42042.0,42081.0,42035.0,42067.0,495.0
2026-05-11 09:47:00,1778464020,42069.0,42090.0,42039.0,42040.0,453.0
2026-05-11 09:48:00,1778464080,42040.0,42070.0,42035.0,42040.0,312.0
2026-05-11 09:49:00,1778464140,42039.0,42054.0,42025.0,42038.0,365.0
2026-05-11 09:50:00,1778464200,42040.0,42045.0,41998.0,42015.0,444.0
2026-05-11 09:51:00,1778464260,42015.0,42030.0,41993.0,42003.0,418.0
2026-05-11 09:52:00,1778464320,42002.0,42049.0,41986.0,42045.0,421.0
2026-05-11 09:53:00,1778464380,42044.0,42073.0,42044.0,42068.0,429.0
2026-05-11 09:54:00,1778464440,42068.0,42089.0,42068.0,42085.0,368.0
2026-05-11 09:55:00,1778464500,42085.0,42114.0,42075.0,42075.0,565.0
2026-05-11 09:56:00,1778464560,42077.0,42091.0,42072.0,42074.0,251.0
2026-05-11 09:57:00,1778464620,42076.0,42084.0,42049.0,42065.0,253.0
2026-05-11 09:58:00,1778464680,42067.0,42087.0,42040.0,42087.0,268.0
2026-05-11 09:59:00,1778464740,42084.0,42107.0,42080.0,42087.0,323.0
2026-05-11 10:00:00,1778464800,42091.0,42134.0,42082.0,42085.0,761.0
2026-05-11 10:01:00,1778464860,42082.0,42108.0,42064.0,42067.0,310.0
2026-05-11 10:02:00,1778464920,42070.0,42100.0,42053.0,42067.0,312.0
2026-05-11 10:03:00,1778464980,42070.0,42081.0,42044.0,42063.0,280.0
2026-05-11 10:04:00,1778465040,42064.0,42078.0,42038.0,42052.0,258.0
2026-05-11 10:05:00,1778465100,42051.0,42073.0,42047.0,42063.0,188.0
2026-05-11 10:06:00,1778465160,42064.0,42073.0,42018.0,42019.0,501.0
2026-05-11 10:07:00,1778465220,42022.0,42063.0,42017.0,42056.0,338.0
2026-05-11 10:08:00,1778465280,42058.0,42062.0,42029.0,42043.0,223.0
2026-05-11 10:09:00,1778465340,42037.0,42051.0,42030.0,42044.0,179.0
2026-05-11 10:10:00,1778465400,42039.0,42093.0,42035.0,42077.0,379.0
2026-05-11 10:11:00,1778465460,42076.0,42091.0,42062.0,42073.0,233.0
2026-05-11 10:12:00,1778465520,42078.0,42096.0,42042.0,42065.0,309.0
2026-05-11 10:13:00,1778465580,42063.0,42069.0,42035.0,42047.0,219.0
2026-05-11 10:14:00,1778465640,42046.0,42064.0,42036.0,42052.0,140.0
2026-05-11 10:15:00,1778465700,42057.0,42084.0,42043.0,42050.0,237.0
2026-05-11 10:16:00,1778465760,42054.0,42061.0,42008.0,42033.0,468.0
2026-05-11 10:17:00,1778465820,42033.0,42041.0,42016.0,42026.0,238.0
2026-05-11 10:18:00,1778465880,42024.0,42026.0,42003.0,42008.0,311.0
2026-05-11 10:19:00,1778465940,42007.0,42028.0,41989.0,41989.0,457.0
2026-05-11 10:20:00,1778466000,41992.0,41997.0,41947.0,41956.0,1301.0
2026-05-11 10:21:00,1778466060,41952.0,41969.0,41931.0,41963.0,681.0
2026-05-11 10:22:00,1778466120,41963.0,41995.0,41951.0,41965.0,514.0
2026-05-11 10:23:00,1778466180,41966.0,41983.0,41954.0,41973.0,277.0
2026-05-11 10:24:00,1778466240,41974.0,41985.0,41953.0,41983.0,284.0
2026-05-11 10:25:00,1778466300,41981.0,41993.0,41955.0,41960.0,311.0
2026-05-11 10:26:00,1778466360,41965.0,41992.0,41947.0,41954.0,244.0
2026-05-11 10:27:00,1778466420,41951.0,41968.0,41946.0,41964.0,139.0
2026-05-11 10:28:00,1778466480,41962.0,41996.0,41961.0,41986.0,257.0
2026-05-11 10:29:00,1778466540,41989.0,42012.0,41977.0,41977.0,413.0
2026-05-11 10:30:00,1778466600,41978.0,42011.0,41976.0,42004.0,245.0
2026-05-11 10:31:00,1778466660,42006.0,42019.0,41996.0,41996.0,267.0
2026-05-11 10:32:00,1778466720,41996.0,41998.0,41951.0,41976.0,411.0
2026-05-11 10:33:00,1778466780,41973.0,41977.0,41917.0,41952.0,627.0
2026-05-11 10:34:00,1778466840,41952.0,41962.0,41935.0,41955.0,266.0
2026-05-11 10:35:00,1778466900,41958.0,41970.0,41943.0,41958.0,288.0
2026-05-11 10:36:00,1778466960,41961.0,41970.0,41934.0,41937.0,268.0
2026-05-11 10:37:00,1778467020,41935.0,41945.0,41927.0,41935.0,254.0
2026-05-11 10:38:00,1778467080,41938.0,41943.0,41895.0,41914.0,689.0
2026-05-11 10:39:00,1778467140,41917.0,41965.0,41917.0,41959.0,485.0
2026-05-11 10:40:00,1778467200,41961.0,41978.0,41948.0,41960.0,314.0
2026-05-11 10:41:00,1778467260,41954.0,41981.0,41948.0,41967.0,223.0
2026-05-11 10:42:00,1778467320,41966.0,41995.0,41965.0,41979.0,338.0
2026-05-11 10:43:00,1778467380,41980.0,41994.0,41980.0,41984.0,127.0
2026-05-11 10:44:00,1778467440,41982.0,42000.0,41980.0,42000.0,204.0
2026-05-11 10:45:00,1778467500,41999.0,42049.0,41996.0,42029.0,994.0
2026-05-11 10:46:00,1778467560,42030.0,42038.0,42000.0,42010.0,400.0
2026-05-11 10:47:00,1778467620,42008.0,42030.0,42005.0,42025.0,201.0
2026-05-11 10:48:00,1778467680,42025.0,42025.0,41987.0,41999.0,286.0
2026-05-11 10:49:00,1778467740,42003.0,42004.0,41964.0,41969.0,372.0
2026-05-11 10:50:00,1778467800,41969.0,41969.0,41941.0,41961.0,390.0
2026-05-11 10:51:00,1778467860,41956.0,42000.0,41954.0,42000.0,276.0
2026-05-11 10:52:00,1778467920,42002.0,42024.0,41997.0,42017.0,284.0
2026-05-11 10:53:00,1778467980,42017.0,42057.0,42017.0,42030.0,667.0
2026-05-11 10:54:00,1778468040,42030.0,42061.0,42029.0,42049.0,300.0
2026-05-11 10:55:00,1778468100,42046.0,42087.0,42046.0,42072.0,827.0
2026-05-11 10:56:00,1778468160,42072.0,42085.0,42058.0,42080.0,272.0
2026-05-11 10:57:00,1778468220,42078.0,42104.0,42073.0,42082.0,613.0
2026-05-11 10:58:00,1778468280,42082.0,42104.0,42078.0,42079.0,243.0
2026-05-11 10:59:00,1778468340,42082.0,42108.0,42076.0,42093.0,237.0
2026-05-11 11:00:00,1778468400,42088.0,42116.0,42080.0,42080.0,463.0
2026-05-11 11:01:00,1778468460,42080.0,42095.0,42060.0,42078.0,293.0
2026-05-11 11:02:00,1778468520,42076.0,42096.0,42062.0,42062.0,211.0
2026-05-11 11:03:00,1778468580,42061.0,42084.0,42058.0,42076.0,120.0
2026-05-11 11:04:00,1778468640,42077.0,42087.0,42055.0,42060.0,185.0
2026-05-11 11:05:00,1778468700,42058.0,42062.0,42036.0,42057.0,359.0
2026-05-11 11:06:00,1778468760,42057.0,42077.0,42042.0,42048.0,181.0
2026-05-11 11:07:00,1778468820,42049.0,42052.0,42027.0,42036.0,244.0
2026-05-11 11:08:00,1778468880,42030.0,42054.0,42015.0,42048.0,383.0
2026-05-11 11:09:00,1778468940,42046.0,42062.0,42035.0,42061.0,179.0
2026-05-11 11:10:00,1778469000,42057.0,42062.0,42047.0,42055.0,111.0
2026-05-11 11:11:00,1778469060,42051.0,42058.0,42035.0,42037.0,102.0
2026-05-11 11:12:00,1778469120,42040.0,42064.0,42034.0,42040.0,161.0
2026-05-11 11:13:00,1778469180,42040.0,42043.0,42012.0,42027.0,284.0
2026-05-11 11:14:00,1778469240,42027.0,42042.0,42026.0,42035.0,129.0
2026-05-11 11:15:00,1778469300,42036.0,42048.0,42025.0,42037.0,169.0
2026-05-11 11:16:00,1778469360,42040.0,42055.0,42028.0,42030.0,149.0
2026-05-11 11:17:00,1778469420,42029.0,42036.0,42014.0,42019.0,180.0
2026-05-11 11:18:00,1778469480,42020.0,42048.0,42015.0,42043.0,167.0
2026-05-11 11:19:00,1778469540,42045.0,42075.0,42039.0,42069.0,292.0
2026-05-11 11:20:00,1778469600,42070.0,42075.0,42053.0,42058.0,155.0
2026-05-11 11:21:00,1778469660,42057.0,42062.0,42047.0,42056.0,102.0
2026-05-11 11:22:00,1778469720,42058.0,42068.0,42051.0,42051.0,71.0
2026-05-11 11:23:00,1778469780,42053.0,42063.0,42050.0,42053.0,67.0
2026-05-11 11:24:00,1778469840,42053.0,42075.0,42050.0,42068.0,129.0
2026-05-11 11:25:00,1778469900,42065.0,42081.0,42060.0,42072.0,180.0
2026-05-11 11:26:00,1778469960,42072.0,42093.0,42071.0,42086.0,201.0
2026-05-11 11:27:00,1778470020,42087.0,42094.0,42081.0,42091.0,174.0
2026-05-11 11:28:00,1778470080,42088.0,42107.0,42086.0,42103.0,335.0
2026-05-11 11:29:00,1778470140,42106.0,42117.0,42099.0,42113.0,270.0
2026-05-11 11:30:00,1778470200,42111.0,42134.0,42104.0,42131.0,628.0
2026-05-11 11:31:00,1778470260,42131.0,42140.0,42094.0,42099.0,519.0
2026-05-11 11:32:00,1778470320,42099.0,42111.0,42092.0,42100.0,196.0
2026-05-11 11:33:00,1778470380,42103.0,42118.0,42095.0,42095.0,158.0
2026-05-11 11:34:00,1778470440,42093.0,42107.0,42088.0,42097.0,145.0
2026-05-11 11:35:00,1778470500,42096.0,42096.0,42072.0,42080.0,268.0
2026-05-11 11:36:00,1778470560,42081.0,42107.0,42078.0,42081.0,146.0
2026-05-11 11:37:00,1778470620,42088.0,42093.0,42077.0,42087.0,70.0
2026-05-11 11:38:00,1778470680,42084.0,42109.0,42072.0,42104.0,227.0
2026-05-11 11:39:00,1778470740,42105.0,42116.0,42102.0,42111.0,164.0
2026-05-11 11:40:00,1778470800,42111.0,42130.0,42106.0,42130.0,221.0
2026-05-11 11:41:00,1778470860,42130.0,42143.0,42123.0,42142.0,262.0
2026-05-11 11:42:00,1778470920,42140.0,42148.0,42127.0,42127.0,451.0
2026-05-11 11:43:00,1778470980,42128.0,42131.0,42118.0,42124.0,154.0
2026-05-11 11:44:00,1778471040,42125.0,42143.0,42125.0,42136.0,130.0
2026-05-11 11:45:00,1778471100,42138.0,42149.0,42134.0,42140.0,244.0
2026-05-11 11:46:00,1778471160,42140.0,42142.0,42122.0,42125.0,139.0
2026-05-11 11:47:00,1778471220,42126.0,42134.0,42119.0,42122.0,78.0
2026-05-11 11:48:00,1778471280,42122.0,42123.0,42099.0,42104.0,246.0
2026-05-11 11:49:00,1778471340,42108.0,42110.0,42096.0,42098.0,115.0
2026-05-11 11:50:00,1778471400,42099.0,42104.0,42087.0,42096.0,169.0
2026-05-11 11:51:00,1778471460,42100.0,42111.0,42091.0,42095.0,119.0
2026-05-11 11:52:00,1778471520,42097.0,42101.0,42082.0,42095.0,140.0
2026-05-11 11:53:00,1778471580,42095.0,42102.0,42091.0,42101.0,51.0
2026-05-11 11:54:00,1778471640,42103.0,42105.0,42098.0,42104.0,65.0
2026-05-11 11:55:00,1778471700,42104.0,42107.0,42099.0,42099.0,59.0
2026-05-11 11:56:00,1778471760,42100.0,42104.0,42095.0,42097.0,45.0
2026-05-11 11:57:00,1778471820,42095.0,42103.0,42088.0,42089.0,113.0
2026-05-11 11:58:00,1778471880,42088.0,42104.0,42085.0,42095.0,65.0
2026-05-11 11:59:00,1778471940,42094.0,42100.0,42091.0,42097.0,58.0
2026-05-11 12:00:00,1778472000,42093.0,42102.0,42091.0,42102.0,92.0
2026-05-11 12:01:00,1778472060,42103.0,42120.0,42086.0,42090.0,256.0
2026-05-11 12:02:00,1778472120,42086.0,42106.0,42080.0,42105.0,163.0
2026-05-11 12:03:00,1778472180,42102.0,42102.0,42095.0,42100.0,47.0
2026-05-11 12:04:00,1778472240,42098.0,42102.0,42096.0,42101.0,21.0
2026-05-11 12:05:00,1778472300,42097.0,42098.0,42084.0,42084.0,89.0
2026-05-11 12:06:00,1778472360,42082.0,42096.0,42077.0,42096.0,101.0
2026-05-11 12:07:00,1778472420,42094.0,42100.0,42087.0,42095.0,64.0
2026-05-11 12:08:00,1778472480,42099.0,42101.0,42087.0,42096.0,43.0
2026-05-11 12:09:00,1778472540,42099.0,42102.0,42085.0,42087.0,84.0
2026-05-11 12:10:00,1778472600,42087.0,42100.0,42074.0,42093.0,254.0
2026-05-11 12:11:00,1778472660,42091.0,42098.0,42085.0,42096.0,71.0
2026-05-11 12:12:00,1778472720,42097.0,42097.0,42080.0,42090.0,62.0
2026-05-11 12:13:00,1778472780,42087.0,42087.0,42057.0,42069.0,374.0
2026-05-11 12:14:00,1778472840,42069.0,42095.0,42066.0,42095.0,134.0
2026-05-11 12:15:00,1778472900,42095.0,42117.0,42092.0,42112.0,285.0
2026-05-11 12:16:00,1778472960,42114.0,42137.0,42112.0,42127.0,383.0
2026-05-11 12:17:00,1778473020,42125.0,42130.0,42113.0,42126.0,123.0
2026-05-11 12:18:00,1778473080,42126.0,42140.0,42118.0,42118.0,190.0
2026-05-11 12:19:00,1778473140,42121.0,42122.0,42108.0,42116.0,127.0
2026-05-11 12:20:00,1778473200,42115.0,42129.0,42114.0,42129.0,97.0
2026-05-11 12:21:00,1778473260,42130.0,42142.0,42126.0,42129.0,185.0
2026-05-11 12:22:00,1778473320,42128.0,42153.0,42128.0,42140.0,415.0
2026-05-11 12:23:00,1778473380,42140.0,42163.0,42140.0,42146.0,358.0
2026-05-11 12:24:00,1778473440,42145.0,42152.0,42142.0,42146.0,125.0
2026-05-11 12:25:00,1778473500,42148.0,42179.0,42148.0,42176.0,456.0
2026-05-11 12:26:00,1778473560,42175.0,42190.0,42166.0,42176.0,477.0
2026-05-11 12:27:00,1778473620,42177.0,42182.0,42169.0,42182.0,125.0
2026-05-11 12:28:00,1778473680,42179.0,42189.0,42178.0,42181.0,149.0
2026-05-11 12:29:00,1778473740,42182.0,42183.0,42170.0,42180.0,149.0
2026-05-11 12:30:00,1778473800,42181.0,42195.0,42180.0,42192.0,355.0
2026-05-11 12:31:00,1778473860,42192.0,42200.0,42188.0,42189.0,298.0
2026-05-11 12:32:00,1778473920,42189.0,42190.0,42165.0,42165.0,216.0
2026-05-11 12:33:00,1778473980,42165.0,42172.0,42156.0,42160.0,237.0
2026-05-11 12:34:00,1778474040,42159.0,42172.0,42159.0,42168.0,127.0
2026-05-11 12:35:00,1778474100,42168.0,42170.0,42152.0,42160.0,145.0
2026-05-11 12:36:00,1778474160,42162.0,42165.0,42155.0,42164.0,76.0
2026-05-11 12:37:00,1778474220,42163.0,42176.0,42163.0,42168.0,106.0
2026-05-11 12:38:00,1778474280,42168.0,42168.0,42156.0,42163.0,74.0
2026-05-11 12:39:00,1778474340,42161.0,42163.0,42151.0,42154.0,109.0
2026-05-11 12:40:00,1778474400,42154.0,42160.0,42153.0,42160.0,61.0
2026-05-11 12:41:00,1778474460,42157.0,42158.0,42145.0,42153.0,128.0
2026-05-11 12:42:00,1778474520,42155.0,42164.0,42151.0,42161.0,86.0
2026-05-11 12:43:00,1778474580,42161.0,42164.0,42155.0,42158.0,64.0
2026-05-11 12:44:00,1778474640,42157.0,42158.0,42137.0,42147.0,211.0
2026-05-11 12:45:00,1778474700,42148.0,42164.0,42147.0,42160.0,127.0
2026-05-11 12:46:00,1778474760,42158.0,42166.0,42158.0,42158.0,94.0
2026-05-11 12:47:00,1778474820,42158.0,42158.0,42120.0,42133.0,383.0
2026-05-11 12:48:00,1778474880,42134.0,42143.0,42130.0,42133.0,100.0
2026-05-11 12:49:00,1778474940,42132.0,42136.0,42126.0,42128.0,159.0
2026-05-11 12:50:00,1778475000,42129.0,42146.0,42123.0,42146.0,116.0
2026-05-11 12:51:00,1778475060,42145.0,42150.0,42137.0,42141.0,82.0
2026-05-11 12:52:00,1778475120,42141.0,42159.0,42140.0,42157.0,109.0
2026-05-11 12:53:00,1778475180,42155.0,42157.0,42147.0,42148.0,75.0
2026-05-11 12:54:00,1778475240,42147.0,42159.0,42144.0,42155.0,73.0
2026-05-11 12:55:00,1778475300,42158.0,42168.0,42157.0,42166.0,118.0
2026-05-11 12:56:00,1778475360,42167.0,42174.0,42157.0,42158.0,151.0
2026-05-11 12:57:00,1778475420,42159.0,42164.0,42151.0,42158.0,74.0
2026-05-11 12:58:00,1778475480,42155.0,42155.0,42141.0,42143.0,122.0
2026-05-11 12:59:00,1778475540,42141.0,42150.0,42138.0,42145.0,60.0
2026-05-11 13:00:00,1778475600,42146.0,42157.0,42133.0,42137.0,159.0
2026-05-11 13:01:00,1778475660,42136.0,42148.0,42133.0,42147.0,79.0
2026-05-11 13:02:00,1778475720,42147.0,42159.0,42145.0,42159.0,92.0
2026-05-11 13:03:00,1778475780,42158.0,42158.0,42141.0,42143.0,65.0
2026-05-11 13:04:00,1778475840,42145.0,42156.0,42145.0,42148.0,51.0
2026-05-11 13:05:00,1778475900,42148.0,42157.0,42145.0,42154.0,54.0
2026-05-11 13:06:00,1778475960,42156.0,42156.0,42129.0,42133.0,174.0
2026-05-11 13:07:00,1778476020,42131.0,42140.0,42128.0,42137.0,97.0
2026-05-11 13:08:00,1778476080,42136.0,42137.0,42114.0,42115.0,297.0
2026-05-11 13:09:00,1778476140,42116.0,42123.0,42106.0,42120.0,222.0
2026-05-11 13:10:00,1778476200,42117.0,42125.0,42112.0,42117.0,147.0
2026-05-11 13:11:00,1778476260,42115.0,42118.0,42100.0,42114.0,215.0
2026-05-11 13:12:00,1778476320,42113.0,42113.0,42088.0,42113.0,325.0
2026-05-11 13:13:00,1778476380,42111.0,42113.0,42098.0,42103.0,133.0
2026-05-11 13:14:00,1778476440,42103.0,42104.0,42083.0,42099.0,336.0
2026-05-11 13:15:00,1778476500,42099.0,42114.0,42091.0,42092.0,199.0
2026-05-11 13:16:00,1778476560,42095.0,42100.0,42085.0,42090.0,182.0
2026-05-11 13:17:00,1778476620,42092.0,42119.0,42090.0,42114.0,179.0
2026-05-11 13:18:00,1778476680,42111.0,42111.0,42092.0,42093.0,103.0
2026-05-11 13:19:00,1778476740,42097.0,42102.0,42086.0,42090.0,169.0
2026-05-11 13:20:00,1778476800,42092.0,42092.0,42082.0,42086.0,195.0
2026-05-11 13:21:00,1778476860,42084.0,42092.0,42078.0,42085.0,256.0
2026-05-11 13:22:00,1778476920,42084.0,42086.0,42071.0,42074.0,226.0
2026-05-11 13:23:00,1778476980,42075.0,42103.0,42072.0,42093.0,247.0
2026-05-11 13:24:00,1778477040,42094.0,42094.0,42080.0,42092.0,146.0
2026-05-11 13:25:00,1778477100,42092.0,42092.0,42040.0,42065.0,566.0
2026-05-11 13:26:00,1778477160,42061.0,42067.0,42052.0,42067.0,185.0
2026-05-11 13:27:00,1778477220,42068.0,42073.0,42055.0,42066.0,141.0
2026-05-11 13:28:00,1778477280,42065.0,42071.0,42058.0,42059.0,105.0
2026-05-11 13:29:00,1778477340,42058.0,42058.0,42040.0,42041.0,291.0
2026-05-11 13:30:00,1778477400,42040.0,42054.0,42035.0,42042.0,624.0
2026-05-11 13:31:00,1778477460,42042.0,42052.0,42033.0,42047.0,274.0
2026-05-11 13:32:00,1778477520,42047.0,42049.0,42033.0,42043.0,125.0
2026-05-11 13:33:00,1778477580,42041.0,42067.0,42038.0,42056.0,296.0
2026-05-11 13:34:00,1778477640,42053.0,42074.0,42050.0,42074.0,266.0
2026-05-11 13:35:00,1778477700,42074.0,42075.0,42060.0,42067.0,149.0
2026-05-11 13:36:00,1778477760,42065.0,42065.0,42045.0,42048.0,175.0
2026-05-11 13:37:00,1778477820,42050.0,42051.0,42031.0,42039.0,150.0
2026-05-11 13:38:00,1778477880,42041.0,42041.0,42013.0,42025.0,375.0
2026-05-11 13:39:00,1778477940,42024.0,42026.0,41991.0,42002.0,696.0
2026-05-11 13:40:00,1778478000,42001.0,42008.0,41988.0,42008.0,258.0
2026-05-11 13:41:00,1778478060,42007.0,42019.0,42003.0,42006.0,157.0
2026-05-11 13:42:00,1778478120,42005.0,42007.0,41985.0,41987.0,287.0
2026-05-11 13:43:00,1778478180,41989.0,42000.0,41967.0,41988.0,520.0
2026-05-11 13:44:00,1778478240,41988.0,41997.0,41950.0,41953.0,619.0
2026-05-11 15:00:00,1778482800,41982.0,41986.0,41934.0,41944.0,915.0
2026-05-11 15:01:00,1778482860,41941.0,41950.0,41908.0,41921.0,526.0
2026-05-11 15:02:00,1778482920,41921.0,41932.0,41912.0,41930.0,268.0
2026-05-11 15:03:00,1778482980,41927.0,41933.0,41920.0,41924.0,132.0
2026-05-11 15:04:00,1778483040,41922.0,41923.0,41892.0,41916.0,320.0
2026-05-11 15:05:00,1778483100,41911.0,41925.0,41903.0,41910.0,302.0
2026-05-11 15:06:00,1778483160,41913.0,41940.0,41907.0,41912.0,262.0
2026-05-11 15:07:00,1778483220,41913.0,41923.0,41909.0,41918.0,128.0
2026-05-11 15:08:00,1778483280,41917.0,41917.0,41874.0,41882.0,426.0
2026-05-11 15:09:00,1778483340,41878.0,41888.0,41874.0,41888.0,211.0
2026-05-11 15:10:00,1778483400,41888.0,41906.0,41877.0,41906.0,215.0
2026-05-11 15:11:00,1778483460,41903.0,41917.0,41897.0,41901.0,145.0
2026-05-11 15:12:00,1778483520,41902.0,41903.0,41884.0,41897.0,150.0
2026-05-11 15:13:00,1778483580,41894.0,41910.0,41890.0,41910.0,108.0
2026-05-11 15:14:00,1778483640,41911.0,41920.0,41885.0,41887.0,202.0
2026-05-11 15:15:00,1778483700,41891.0,41921.0,41883.0,41921.0,139.0
2026-05-11 15:16:00,1778483760,41922.0,41923.0,41888.0,41901.0,145.0
2026-05-11 15:17:00,1778483820,41904.0,41911.0,41899.0,41902.0,51.0
2026-05-11 15:18:00,1778483880,41902.0,41905.0,41893.0,41899.0,63.0
2026-05-11 15:19:00,1778483940,41903.0,41908.0,41899.0,41903.0,50.0
2026-05-11 15:20:00,1778484000,41904.0,41912.0,41898.0,41907.0,63.0
2026-05-11 15:21:00,1778484060,41908.0,41920.0,41890.0,41917.0,132.0
2026-05-11 15:22:00,1778484120,41919.0,41925.0,41911.0,41918.0,133.0
2026-05-11 15:23:00,1778484180,41917.0,41930.0,41907.0,41907.0,222.0
2026-05-11 15:24:00,1778484240,41907.0,41907.0,41887.0,41891.0,221.0
2026-05-11 15:25:00,1778484300,41887.0,41908.0,41884.0,41907.0,99.0
2026-05-11 15:26:00,1778484360,41907.0,41910.0,41906.0,41910.0,47.0
2026-05-11 15:27:00,1778484420,41910.0,41920.0,41897.0,41899.0,125.0
2026-05-11 15:28:00,1778484480,41897.0,41900.0,41874.0,41874.0,290.0
2026-05-11 15:29:00,1778484540,41874.0,41898.0,41865.0,41898.0,288.0
2026-05-11 15:30:00,1778484600,41899.0,41911.0,41890.0,41900.0,212.0
2026-05-11 15:31:00,1778484660,41899.0,41918.0,41897.0,41914.0,115.0
2026-05-11 15:32:00,1778484720,41912.0,41918.0,41908.0,41916.0,78.0
2026-05-11 15:33:00,1778484780,41914.0,41914.0,41882.0,41896.0,166.0
2026-05-11 15:34:00,1778484840,41896.0,41906.0,41889.0,41904.0,53.0
2026-05-11 15:35:00,1778484900,41903.0,41905.0,41886.0,41890.0,79.0
2026-05-11 15:36:00,1778484960,41893.0,41895.0,41880.0,41886.0,85.0
2026-05-11 15:37:00,1778485020,41887.0,41909.0,41886.0,41908.0,88.0
2026-05-11 15:38:00,1778485080,41910.0,41933.0,41910.0,41922.0,265.0
2026-05-11 15:39:00,1778485140,41922.0,41934.0,41918.0,41933.0,115.0
2026-05-11 15:40:00,1778485200,41934.0,41939.0,41930.0,41934.0,174.0
2026-05-11 15:41:00,1778485260,41934.0,41957.0,41927.0,41952.0,343.0
2026-05-11 15:42:00,1778485320,41952.0,41959.0,41944.0,41951.0,193.0
2026-05-11 15:43:00,1778485380,41952.0,41955.0,41940.0,41943.0,79.0
2026-05-11 15:44:00,1778485440,41942.0,41948.0,41941.0,41943.0,47.0
2026-05-11 15:45:00,1778485500,41945.0,41956.0,41933.0,41936.0,183.0
2026-05-11 15:46:00,1778485560,41935.0,41956.0,41933.0,41944.0,95.0
2026-05-11 15:47:00,1778485620,41943.0,41944.0,41938.0,41940.0,64.0
2026-05-11 15:48:00,1778485680,41941.0,41948.0,41936.0,41948.0,42.0
2026-05-11 15:49:00,1778485740,41947.0,41951.0,41932.0,41939.0,67.0
2026-05-11 15:50:00,1778485800,41941.0,41945.0,41940.0,41944.0,24.0
2026-05-11 15:51:00,1778485860,41944.0,41951.0,41934.0,41951.0,57.0
2026-05-11 15:52:00,1778485920,41950.0,41956.0,41947.0,41947.0,59.0
2026-05-11 15:53:00,1778485980,41945.0,41948.0,41942.0,41942.0,18.0
2026-05-11 15:54:00,1778486040,41944.0,41948.0,41942.0,41942.0,33.0
2026-05-11 15:55:00,1778486100,41941.0,41944.0,41934.0,41936.0,50.0
2026-05-11 15:56:00,1778486160,41936.0,41937.0,41930.0,41935.0,58.0
2026-05-11 15:57:00,1778486220,41935.0,41940.0,41934.0,41937.0,35.0
2026-05-11 15:58:00,1778486280,41940.0,41943.0,41931.0,41934.0,43.0
2026-05-11 15:59:00,1778486340,41935.0,41961.0,41935.0,41961.0,157.0
2026-05-11 16:00:00,1778486400,41962.0,41968.0,41932.0,41933.0,193.0
2026-05-11 16:01:00,1778486460,41933.0,41938.0,41919.0,41919.0,158.0
2026-05-11 16:02:00,1778486520,41919.0,41922.0,41903.0,41911.0,241.0
2026-05-11 16:03:00,1778486580,41906.0,41918.0,41897.0,41918.0,191.0
2026-05-11 16:04:00,1778486640,41919.0,41930.0,41915.0,41928.0,61.0
2026-05-11 16:05:00,1778486700,41928.0,41944.0,41925.0,41935.0,151.0
2026-05-11 16:06:00,1778486760,41936.0,41937.0,41908.0,41908.0,110.0
2026-05-11 16:07:00,1778486820,41911.0,41913.0,41877.0,41877.0,265.0
2026-05-11 16:08:00,1778486880,41875.0,41877.0,41844.0,41863.0,618.0
2026-05-11 16:09:00,1778486940,41864.0,41866.0,41825.0,41830.0,456.0
2026-05-11 16:10:00,1778487000,41830.0,41836.0,41812.0,41833.0,533.0
2026-05-11 16:11:00,1778487060,41835.0,41835.0,41746.0,41784.0,1575.0
2026-05-11 16:12:00,1778487120,41784.0,41785.0,41768.0,41777.0,342.0
2026-05-11 16:13:00,1778487180,41774.0,41811.0,41770.0,41794.0,322.0
2026-05-11 16:14:00,1778487240,41793.0,41802.0,41788.0,41792.0,129.0
2026-05-11 16:15:00,1778487300,41792.0,41833.0,41790.0,41830.0,297.0
2026-05-11 16:16:00,1778487360,41830.0,41842.0,41824.0,41838.0,185.0
2026-05-11 16:17:00,1778487420,41842.0,41845.0,41831.0,41831.0,216.0
2026-05-11 16:18:00,1778487480,41832.0,41847.0,41830.0,41834.0,80.0
2026-05-11 16:19:00,1778487540,41838.0,41846.0,41833.0,41846.0,73.0
2026-05-11 16:20:00,1778487600,41846.0,41855.0,41843.0,41843.0,188.0
2026-05-11 16:21:00,1778487660,41843.0,41862.0,41842.0,41861.0,170.0
2026-05-11 16:22:00,1778487720,41861.0,41872.0,41860.0,41864.0,164.0
2026-05-11 16:23:00,1778487780,41864.0,41877.0,41856.0,41870.0,140.0
2026-05-11 16:24:00,1778487840,41873.0,41880.0,41855.0,41857.0,113.0
2026-05-11 16:25:00,1778487900,41860.0,41878.0,41860.0,41865.0,93.0
2026-05-11 16:26:00,1778487960,41862.0,41864.0,41845.0,41853.0,131.0
2026-05-11 16:27:00,1778488020,41852.0,41852.0,41828.0,41828.0,175.0
2026-05-11 16:28:00,1778488080,41827.0,41834.0,41821.0,41826.0,126.0
2026-05-11 16:29:00,1778488140,41830.0,41830.0,41795.0,41796.0,261.0
2026-05-11 16:30:00,1778488200,41795.0,41827.0,41784.0,41827.0,279.0
2026-05-11 16:31:00,1778488260,41826.0,41835.0,41818.0,41834.0,153.0
2026-05-11 16:32:00,1778488320,41835.0,41839.0,41828.0,41837.0,78.0
2026-05-11 16:33:00,1778488380,41837.0,41839.0,41829.0,41836.0,88.0
2026-05-11 16:34:00,1778488440,41837.0,41842.0,41833.0,41841.0,73.0
2026-05-11 16:35:00,1778488500,41841.0,41842.0,41817.0,41827.0,123.0
2026-05-11 16:36:00,1778488560,41829.0,41840.0,41828.0,41840.0,59.0
2026-05-11 16:37:00,1778488620,41842.0,41845.0,41836.0,41842.0,55.0
2026-05-11 16:38:00,1778488680,41842.0,41846.0,41832.0,41846.0,51.0
2026-05-11 16:39:00,1778488740,41840.0,41840.0,41820.0,41825.0,80.0
2026-05-11 16:40:00,1778488800,41826.0,41833.0,41826.0,41830.0,32.0
2026-05-11 16:41:00,1778488860,41830.0,41845.0,41829.0,41844.0,44.0
2026-05-11 16:42:00,1778488920,41844.0,41854.0,41838.0,41854.0,80.0
2026-05-11 16:43:00,1778488980,41854.0,41854.0,41845.0,41847.0,36.0
2026-05-11 16:44:00,1778489040,41845.0,41849.0,41843.0,41848.0,19.0
2026-05-11 16:45:00,1778489100,41843.0,41850.0,41840.0,41845.0,52.0
2026-05-11 16:46:00,1778489160,41844.0,41857.0,41838.0,41854.0,85.0
2026-05-11 16:47:00,1778489220,41851.0,41853.0,41844.0,41844.0,48.0
2026-05-11 16:48:00,1778489280,41843.0,41849.0,41839.0,41839.0,35.0
2026-05-11 16:49:00,1778489340,41840.0,41856.0,41839.0,41856.0,74.0
2026-05-11 16:50:00,1778489400,41857.0,41859.0,41843.0,41845.0,52.0
2026-05-11 16:51:00,1778489460,41845.0,41845.0,41838.0,41841.0,41.0
2026-05-11 16:52:00,1778489520,41840.0,41844.0,41839.0,41841.0,18.0
2026-05-11 16:53:00,1778489580,41840.0,41846.0,41835.0,41846.0,55.0
2026-05-11 16:54:00,1778489640,41850.0,41850.0,41837.0,41844.0,38.0
2026-05-11 16:55:00,1778489700,41845.0,41847.0,41835.0,41840.0,48.0
2026-05-11 16:56:00,1778489760,41840.0,41855.0,41837.0,41853.0,55.0
2026-05-11 16:57:00,1778489820,41853.0,41853.0,41832.0,41832.0,48.0
2026-05-11 16:58:00,1778489880,41831.0,41840.0,41826.0,41840.0,62.0
2026-05-11 16:59:00,1778489940,41836.0,41836.0,41825.0,41829.0,37.0
2026-05-11 17:00:00,1778490000,41826.0,41836.0,41815.0,41830.0,229.0
2026-05-11 17:01:00,1778490060,41830.0,41841.0,41827.0,41834.0,53.0
2026-05-11 17:02:00,1778490120,41833.0,41843.0,41833.0,41841.0,32.0
2026-05-11 17:03:00,1778490180,41841.0,41858.0,41841.0,41855.0,105.0
2026-05-11 17:04:00,1778490240,41855.0,41858.0,41848.0,41849.0,45.0
2026-05-11 17:05:00,1778490300,41852.0,41859.0,41848.0,41857.0,103.0
2026-05-11 17:06:00,1778490360,41857.0,41862.0,41853.0,41858.0,76.0
2026-05-11 17:07:00,1778490420,41857.0,41857.0,41828.0,41833.0,112.0
2026-05-11 17:08:00,1778490480,41833.0,41836.0,41816.0,41816.0,101.0
2026-05-11 17:09:00,1778490540,41817.0,41827.0,41812.0,41820.0,109.0
2026-05-11 17:10:00,1778490600,41819.0,41819.0,41805.0,41810.0,101.0
2026-05-11 17:11:00,1778490660,41810.0,41810.0,41795.0,41810.0,169.0
2026-05-11 17:12:00,1778490720,41806.0,41808.0,41795.0,41806.0,101.0
2026-05-11 17:13:00,1778490780,41803.0,41805.0,41796.0,41803.0,74.0
2026-05-11 17:14:00,1778490840,41800.0,41807.0,41794.0,41797.0,80.0
2026-05-11 17:15:00,1778490900,41798.0,41805.0,41794.0,41805.0,33.0
2026-05-11 17:16:00,1778490960,41804.0,41804.0,41786.0,41794.0,185.0
2026-05-11 17:17:00,1778491020,41791.0,41800.0,41787.0,41797.0,54.0
2026-05-11 17:18:00,1778491080,41797.0,41808.0,41795.0,41801.0,75.0
2026-05-11 17:19:00,1778491140,41799.0,41810.0,41788.0,41790.0,106.0
2026-05-11 17:20:00,1778491200,41790.0,41807.0,41779.0,41805.0,169.0
2026-05-11 17:21:00,1778491260,41805.0,41815.0,41800.0,41815.0,106.0
2026-05-11 17:22:00,1778491320,41814.0,41815.0,41801.0,41810.0,63.0
2026-05-11 17:23:00,1778491380,41809.0,41812.0,41808.0,41808.0,31.0
2026-05-11 17:24:00,1778491440,41812.0,41822.0,41808.0,41810.0,91.0
2026-05-11 17:25:00,1778491500,41809.0,41822.0,41806.0,41817.0,97.0
2026-05-11 17:26:00,1778491560,41813.0,41817.0,41804.0,41812.0,42.0
2026-05-11 17:27:00,1778491620,41815.0,41816.0,41797.0,41810.0,87.0
2026-05-11 17:28:00,1778491680,41810.0,41812.0,41806.0,41809.0,32.0
2026-05-11 17:29:00,1778491740,41808.0,41821.0,41805.0,41820.0,64.0
2026-05-11 17:30:00,1778491800,41822.0,41834.0,41810.0,41830.0,148.0
2026-05-11 17:31:00,1778491860,41828.0,41839.0,41826.0,41836.0,84.0
2026-05-11 17:32:00,1778491920,41837.0,41846.0,41835.0,41837.0,125.0
2026-05-11 17:33:00,1778491980,41837.0,41843.0,41836.0,41836.0,75.0
2026-05-11 17:34:00,1778492040,41840.0,41840.0,41831.0,41834.0,51.0
2026-05-11 17:35:00,1778492100,41840.0,41846.0,41837.0,41846.0,58.0
2026-05-11 17:36:00,1778492160,41847.0,41850.0,41838.0,41844.0,60.0
2026-05-11 17:37:00,1778492220,41840.0,41859.0,41840.0,41854.0,98.0
2026-05-11 17:38:00,1778492280,41854.0,41878.0,41854.0,41875.0,263.0
2026-05-11 17:39:00,1778492340,41875.0,41886.0,41865.0,41884.0,248.0
2026-05-11 17:40:00,1778492400,41883.0,41884.0,41877.0,41884.0,122.0
2026-05-11 17:41:00,1778492460,41883.0,41908.0,41880.0,41901.0,319.0
2026-05-11 17:42:00,1778492520,41901.0,41906.0,41895.0,41902.0,171.0
2026-05-11 17:43:00,1778492580,41902.0,41908.0,41898.0,41900.0,118.0
2026-05-11 17:44:00,1778492640,41901.0,41905.0,41898.0,41902.0,99.0
2026-05-11 17:45:00,1778492700,41903.0,41912.0,41897.0,41910.0,136.0
2026-05-11 17:46:00,1778492760,41910.0,41925.0,41910.0,41921.0,234.0
2026-05-11 17:47:00,1778492820,41925.0,41938.0,41920.0,41930.0,235.0
2026-05-11 17:48:00,1778492880,41931.0,41953.0,41930.0,41932.0,352.0
2026-05-11 17:49:00,1778492940,41932.0,41935.0,41921.0,41921.0,117.0
2026-05-11 17:50:00,1778493000,41921.0,41923.0,41912.0,41914.0,151.0
2026-05-11 17:51:00,1778493060,41915.0,41918.0,41908.0,41918.0,112.0
2026-05-11 17:52:00,1778493120,41919.0,41931.0,41919.0,41924.0,89.0
2026-05-11 17:53:00,1778493180,41925.0,41938.0,41924.0,41932.0,83.0
2026-05-11 17:54:00,1778493240,41928.0,41934.0,41919.0,41924.0,78.0
2026-05-11 17:55:00,1778493300,41923.0,41925.0,41902.0,41905.0,128.0
2026-05-11 17:56:00,1778493360,41904.0,41912.0,41904.0,41908.0,52.0
2026-05-11 17:57:00,1778493420,41910.0,41912.0,41902.0,41902.0,56.0
2026-05-11 17:58:00,1778493480,41903.0,41903.0,41885.0,41885.0,171.0
2026-05-11 17:59:00,1778493540,41884.0,41892.0,41880.0,41883.0,108.0
2026-05-11 18:00:00,1778493600,41883.0,41892.0,41870.0,41892.0,200.0
2026-05-11 18:01:00,1778493660,41891.0,41898.0,41885.0,41894.0,101.0
2026-05-11 18:02:00,1778493720,41893.0,41894.0,41884.0,41888.0,47.0
2026-05-11 18:03:00,1778493780,41883.0,41884.0,41871.0,41871.0,83.0
2026-05-11 18:04:00,1778493840,41871.0,41875.0,41861.0,41865.0,134.0
2026-05-11 18:05:00,1778493900,41867.0,41868.0,41856.0,41860.0,121.0
2026-05-11 18:06:00,1778493960,41863.0,41865.0,41854.0,41856.0,89.0
2026-05-11 18:07:00,1778494020,41854.0,41864.0,41852.0,41863.0,81.0
2026-05-11 18:08:00,1778494080,41862.0,41872.0,41862.0,41869.0,78.0
2026-05-11 18:09:00,1778494140,41872.0,41875.0,41865.0,41875.0,52.0
2026-05-11 18:10:00,1778494200,41872.0,41876.0,41863.0,41873.0,46.0
2026-05-11 18:11:00,1778494260,41875.0,41875.0,41866.0,41874.0,84.0
2026-05-11 18:12:00,1778494320,41873.0,41877.0,41855.0,41855.0,83.0
2026-05-11 18:13:00,1778494380,41854.0,41854.0,41841.0,41848.0,183.0
2026-05-11 18:14:00,1778494440,41845.0,41845.0,41836.0,41836.0,96.0
2026-05-11 18:15:00,1778494500,41836.0,41837.0,41828.0,41833.0,151.0
2026-05-11 18:16:00,1778494560,41833.0,41836.0,41825.0,41830.0,85.0
2026-05-11 18:17:00,1778494620,41828.0,41840.0,41827.0,41835.0,40.0
2026-05-11 18:18:00,1778494680,41836.0,41839.0,41829.0,41829.0,43.0
2026-05-11 18:19:00,1778494740,41829.0,41830.0,41809.0,41811.0,134.0
2026-05-11 18:20:00,1778494800,41810.0,41812.0,41795.0,41810.0,358.0
2026-05-11 18:21:00,1778494860,41809.0,41830.0,41804.0,41830.0,161.0
2026-05-11 18:22:00,1778494920,41830.0,41830.0,41808.0,41817.0,141.0
2026-05-11 18:23:00,1778494980,41819.0,41830.0,41815.0,41829.0,59.0
2026-05-11 18:24:00,1778495040,41829.0,41837.0,41825.0,41834.0,84.0
2026-05-11 18:25:00,1778495100,41833.0,41836.0,41830.0,41836.0,44.0
2026-05-11 18:26:00,1778495160,41835.0,41836.0,41833.0,41836.0,21.0
2026-05-11 18:27:00,1778495220,41835.0,41837.0,41829.0,41829.0,58.0
2026-05-11 18:28:00,1778495280,41829.0,41829.0,41820.0,41829.0,44.0
2026-05-11 18:29:00,1778495340,41827.0,41844.0,41827.0,41840.0,102.0
2026-05-11 18:30:00,1778495400,41838.0,41838.0,41827.0,41831.0,77.0
2026-05-11 18:31:00,1778495460,41832.0,41843.0,41832.0,41836.0,46.0
2026-05-11 18:32:00,1778495520,41836.0,41850.0,41835.0,41840.0,78.0
2026-05-11 18:33:00,1778495580,41842.0,41850.0,41842.0,41850.0,33.0
2026-05-11 18:34:00,1778495640,41849.0,41849.0,41835.0,41835.0,65.0
2026-05-11 18:35:00,1778495700,41834.0,41840.0,41832.0,41833.0,28.0
2026-05-11 18:36:00,1778495760,41832.0,41836.0,41825.0,41830.0,62.0
2026-05-11 18:37:00,1778495820,41830.0,41830.0,41821.0,41821.0,65.0
2026-05-11 18:38:00,1778495880,41820.0,41828.0,41818.0,41819.0,80.0
2026-05-11 18:39:00,1778495940,41819.0,41820.0,41791.0,41804.0,245.0
2026-05-11 18:40:00,1778496000,41806.0,41808.0,41795.0,41804.0,106.0
2026-05-11 18:41:00,1778496060,41803.0,41804.0,41795.0,41798.0,77.0
2026-05-11 18:42:00,1778496120,41796.0,41799.0,41788.0,41798.0,120.0
2026-05-11 18:43:00,1778496180,41797.0,41805.0,41797.0,41801.0,84.0
2026-05-11 18:44:00,1778496240,41801.0,41811.0,41800.0,41811.0,67.0
2026-05-11 18:45:00,1778496300,41811.0,41813.0,41794.0,41794.0,146.0
2026-05-11 18:46:00,1778496360,41794.0,41816.0,41794.0,41809.0,120.0
2026-05-11 18:47:00,1778496420,41809.0,41818.0,41797.0,41816.0,91.0
2026-05-11 18:48:00,1778496480,41813.0,41823.0,41811.0,41823.0,72.0
2026-05-11 18:49:00,1778496540,41824.0,41837.0,41823.0,41836.0,82.0
2026-05-11 18:50:00,1778496600,41835.0,41839.0,41830.0,41835.0,59.0
2026-05-11 18:51:00,1778496660,41833.0,41838.0,41830.0,41838.0,51.0
2026-05-11 18:52:00,1778496720,41838.0,41847.0,41834.0,41839.0,86.0
2026-05-11 18:53:00,1778496780,41842.0,41842.0,41831.0,41836.0,44.0
2026-05-11 18:54:00,1778496840,41835.0,41836.0,41826.0,41829.0,79.0
2026-05-11 18:55:00,1778496900,41833.0,41835.0,41815.0,41822.0,70.0
2026-05-11 18:56:00,1778496960,41822.0,41822.0,41810.0,41813.0,58.0
2026-05-11 18:57:00,1778497020,41814.0,41815.0,41807.0,41807.0,69.0
2026-05-11 18:58:00,1778497080,41806.0,41809.0,41801.0,41809.0,41.0
2026-05-11 18:59:00,1778497140,41806.0,41814.0,41803.0,41803.0,54.0
2026-05-11 19:00:00,1778497200,41804.0,41828.0,41804.0,41827.0,128.0
2026-05-11 19:01:00,1778497260,41828.0,41843.0,41827.0,41837.0,92.0
2026-05-11 19:02:00,1778497320,41837.0,41845.0,41836.0,41836.0,80.0
2026-05-11 19:03:00,1778497380,41839.0,41844.0,41832.0,41839.0,51.0
2026-05-11 19:04:00,1778497440,41840.0,41846.0,41821.0,41833.0,95.0
2026-05-11 19:05:00,1778497500,41833.0,41845.0,41833.0,41840.0,39.0
2026-05-11 19:06:00,1778497560,41837.0,41845.0,41834.0,41840.0,55.0
2026-05-11 19:07:00,1778497620,41842.0,41852.0,41837.0,41847.0,100.0
2026-05-11 19:08:00,1778497680,41849.0,41849.0,41829.0,41832.0,51.0
2026-05-11 19:09:00,1778497740,41836.0,41848.0,41835.0,41845.0,38.0
2026-05-11 19:10:00,1778497800,41847.0,41854.0,41841.0,41841.0,74.0
2026-05-11 19:11:00,1778497860,41840.0,41848.0,41833.0,41843.0,31.0
2026-05-11 19:12:00,1778497920,41841.0,41846.0,41836.0,41846.0,21.0
2026-05-11 19:13:00,1778497980,41846.0,41850.0,41845.0,41845.0,21.0
2026-05-11 19:14:00,1778498040,41845.0,41861.0,41845.0,41860.0,100.0
2026-05-11 19:15:00,1778498100,41858.0,41860.0,41848.0,41850.0,69.0
2026-05-11 19:16:00,1778498160,41850.0,41851.0,41846.0,41850.0,32.0
2026-05-11 19:17:00,1778498220,41850.0,41859.0,41848.0,41852.0,40.0
2026-05-11 19:18:00,1778498280,41855.0,41860.0,41855.0,41860.0,27.0
2026-05-11 19:19:00,1778498340,41861.0,41866.0,41860.0,41864.0,73.0
2026-05-11 19:20:00,1778498400,41865.0,41875.0,41863.0,41866.0,122.0
2026-05-11 19:21:00,1778498460,41869.0,41874.0,41863.0,41867.0,82.0
2026-05-11 19:22:00,1778498520,41871.0,41876.0,41860.0,41872.0,69.0
2026-05-11 19:23:00,1778498580,41876.0,41877.0,41862.0,41862.0,67.0
2026-05-11 19:24:00,1778498640,41863.0,41871.0,41863.0,41867.0,41.0
2026-05-11 19:25:00,1778498700,41870.0,41873.0,41863.0,41863.0,53.0
2026-05-11 19:26:00,1778498760,41864.0,41872.0,41864.0,41872.0,35.0
2026-05-11 19:27:00,1778498820,41872.0,41885.0,41872.0,41884.0,108.0
2026-05-11 19:28:00,1778498880,41883.0,41897.0,41881.0,41897.0,186.0
2026-05-11 19:29:00,1778498940,41896.0,41903.0,41890.0,41891.0,167.0
2026-05-11 19:30:00,1778499000,41891.0,41920.0,41889.0,41919.0,274.0
2026-05-11 19:31:00,1778499060,41917.0,41925.0,41905.0,41905.0,237.0
2026-05-11 19:32:00,1778499120,41906.0,41907.0,41898.0,41900.0,46.0
2026-05-11 19:33:00,1778499180,41902.0,41905.0,41890.0,41900.0,121.0
2026-05-11 19:34:00,1778499240,41899.0,41900.0,41891.0,41891.0,58.0
2026-05-11 19:35:00,1778499300,41893.0,41907.0,41891.0,41903.0,62.0
2026-05-11 19:36:00,1778499360,41904.0,41911.0,41897.0,41899.0,95.0
2026-05-11 19:37:00,1778499420,41901.0,41901.0,41887.0,41890.0,47.0
2026-05-11 19:38:00,1778499480,41893.0,41895.0,41885.0,41895.0,119.0
2026-05-11 19:39:00,1778499540,41897.0,41897.0,41888.0,41892.0,39.0
2026-05-11 19:40:00,1778499600,41888.0,41892.0,41882.0,41885.0,59.0
2026-05-11 19:41:00,1778499660,41885.0,41887.0,41880.0,41886.0,55.0
2026-05-11 19:42:00,1778499720,41886.0,41891.0,41884.0,41886.0,40.0
2026-05-11 19:43:00,1778499780,41885.0,41885.0,41876.0,41880.0,86.0
2026-05-11 19:44:00,1778499840,41881.0,41886.0,41878.0,41881.0,38.0
2026-05-11 19:45:00,1778499900,41882.0,41885.0,41876.0,41876.0,70.0
2026-05-11 19:46:00,1778499960,41876.0,41887.0,41875.0,41877.0,70.0
2026-05-11 19:47:00,1778500020,41875.0,41888.0,41872.0,41886.0,53.0
2026-05-11 19:48:00,1778500080,41886.0,41897.0,41882.0,41897.0,82.0
2026-05-11 19:49:00,1778500140,41895.0,41895.0,41883.0,41888.0,44.0
2026-05-11 19:50:00,1778500200,41890.0,41890.0,41861.0,41864.0,125.0
2026-05-11 19:51:00,1778500260,41864.0,41876.0,41864.0,41875.0,51.0
2026-05-11 19:52:00,1778500320,41877.0,41877.0,41865.0,41875.0,107.0
2026-05-11 19:53:00,1778500380,41872.0,41879.0,41868.0,41878.0,43.0
2026-05-11 19:54:00,1778500440,41878.0,41889.0,41868.0,41889.0,65.0
2026-05-11 19:55:00,1778500500,41889.0,41899.0,41887.0,41893.0,100.0
2026-05-11 19:56:00,1778500560,41893.0,41895.0,41884.0,41895.0,46.0
2026-05-11 19:57:00,1778500620,41896.0,41898.0,41894.0,41895.0,37.0
2026-05-11 19:58:00,1778500680,41897.0,41906.0,41897.0,41902.0,95.0
2026-05-11 19:59:00,1778500740,41903.0,41915.0,41902.0,41914.0,102.0
2026-05-11 20:00:00,1778500800,41911.0,41927.0,41909.0,41919.0,235.0
2026-05-11 20:01:00,1778500860,41920.0,41929.0,41918.0,41923.0,95.0
2026-05-11 20:02:00,1778500920,41921.0,41925.0,41900.0,41902.0,123.0
2026-05-11 20:03:00,1778500980,41900.0,41901.0,41891.0,41892.0,109.0
2026-05-11 20:04:00,1778501040,41891.0,41893.0,41877.0,41886.0,85.0
2026-05-11 20:05:00,1778501100,41886.0,41886.0,41872.0,41878.0,107.0
2026-05-11 20:06:00,1778501160,41874.0,41881.0,41866.0,41881.0,122.0
2026-05-11 20:07:00,1778501220,41880.0,41880.0,41869.0,41869.0,58.0
2026-05-11 20:08:00,1778501280,41869.0,41874.0,41856.0,41873.0,148.0
2026-05-11 20:09:00,1778501340,41872.0,41873.0,41856.0,41867.0,97.0
2026-05-11 20:10:00,1778501400,41864.0,41871.0,41856.0,41860.0,76.0
2026-05-11 20:11:00,1778501460,41861.0,41864.0,41859.0,41860.0,44.0
2026-05-11 20:12:00,1778501520,41860.0,41869.0,41848.0,41869.0,141.0
2026-05-11 20:13:00,1778501580,41869.0,41874.0,41862.0,41873.0,66.0
2026-05-11 20:14:00,1778501640,41872.0,41873.0,41865.0,41870.0,36.0
2026-05-11 20:15:00,1778501700,41870.0,41880.0,41865.0,41877.0,55.0
2026-05-11 20:16:00,1778501760,41878.0,41883.0,41871.0,41875.0,42.0
2026-05-11 20:17:00,1778501820,41875.0,41879.0,41875.0,41878.0,11.0
2026-05-11 20:18:00,1778501880,41879.0,41898.0,41879.0,41898.0,90.0
2026-05-11 20:19:00,1778501940,41897.0,41900.0,41878.0,41883.0,82.0
2026-05-11 20:20:00,1778502000,41881.0,41881.0,41859.0,41873.0,123.0
2026-05-11 20:21:00,1778502060,41878.0,41886.0,41874.0,41884.0,40.0
2026-05-11 20:22:00,1778502120,41879.0,41886.0,41875.0,41883.0,36.0
2026-05-11 20:23:00,1778502180,41883.0,41904.0,41874.0,41903.0,84.0
2026-05-11 20:24:00,1778502240,41902.0,41909.0,41895.0,41895.0,118.0
2026-05-11 20:25:00,1778502300,41894.0,41899.0,41884.0,41892.0,70.0
2026-05-11 20:26:00,1778502360,41892.0,41892.0,41883.0,41889.0,34.0
2026-05-11 20:27:00,1778502420,41886.0,41901.0,41886.0,41897.0,52.0
2026-05-11 20:28:00,1778502480,41899.0,41904.0,41896.0,41902.0,27.0
2026-05-11 20:29:00,1778502540,41904.0,41922.0,41904.0,41913.0,218.0
2026-05-11 20:30:00,1778502600,41910.0,41920.0,41909.0,41915.0,101.0
2026-05-11 20:31:00,1778502660,41915.0,41926.0,41914.0,41919.0,149.0
2026-05-11 20:32:00,1778502720,41920.0,41938.0,41914.0,41931.0,265.0
2026-05-11 20:33:00,1778502780,41932.0,41938.0,41926.0,41930.0,123.0
2026-05-11 20:34:00,1778502840,41931.0,41936.0,41923.0,41930.0,100.0
2026-05-11 20:35:00,1778502900,41933.0,41952.0,41933.0,41943.0,308.0
2026-05-11 20:36:00,1778502960,41945.0,41948.0,41935.0,41937.0,120.0
2026-05-11 20:37:00,1778503020,41938.0,41939.0,41933.0,41933.0,42.0
2026-05-11 20:38:00,1778503080,41935.0,41936.0,41920.0,41920.0,125.0
2026-05-11 20:39:00,1778503140,41920.0,41927.0,41915.0,41923.0,78.0
2026-05-11 20:40:00,1778503200,41925.0,41930.0,41915.0,41920.0,74.0
2026-05-11 20:41:00,1778503260,41920.0,41923.0,41915.0,41917.0,66.0
2026-05-11 20:42:00,1778503320,41917.0,41921.0,41911.0,41919.0,55.0
2026-05-11 20:43:00,1778503380,41916.0,41921.0,41897.0,41901.0,141.0
2026-05-11 20:44:00,1778503440,41901.0,41904.0,41893.0,41895.0,112.0
2026-05-11 20:45:00,1778503500,41892.0,41913.0,41891.0,41910.0,104.0
2026-05-11 20:46:00,1778503560,41912.0,41918.0,41909.0,41916.0,62.0
2026-05-11 20:47:00,1778503620,41915.0,41915.0,41858.0,41869.0,509.0
2026-05-11 20:48:00,1778503680,41866.0,41880.0,41834.0,41877.0,569.0
2026-05-11 20:49:00,1778503740,41880.0,41880.0,41850.0,41878.0,248.0
2026-05-11 20:50:00,1778503800,41879.0,41886.0,41867.0,41874.0,143.0
2026-05-11 20:51:00,1778503860,41872.0,41880.0,41870.0,41879.0,51.0
2026-05-11 20:52:00,1778503920,41880.0,41887.0,41862.0,41885.0,92.0
2026-05-11 20:53:00,1778503980,41884.0,41885.0,41866.0,41875.0,96.0
2026-05-11 20:54:00,1778504040,41875.0,41885.0,41864.0,41885.0,68.0
2026-05-11 20:55:00,1778504100,41885.0,41894.0,41873.0,41891.0,63.0
2026-05-11 20:56:00,1778504160,41893.0,41894.0,41883.0,41889.0,80.0
2026-05-11 20:57:00,1778504220,41888.0,41905.0,41885.0,41900.0,125.0
2026-05-11 20:58:00,1778504280,41902.0,41909.0,41900.0,41902.0,85.0
2026-05-11 20:59:00,1778504340,41905.0,41919.0,41899.0,41918.0,108.0
2026-05-11 21:00:00,1778504400,41916.0,41936.0,41910.0,41930.0,283.0
2026-05-11 21:01:00,1778504460,41931.0,41931.0,41918.0,41927.0,87.0
2026-05-11 21:02:00,1778504520,41929.0,41933.0,41923.0,41924.0,62.0
2026-05-11 21:03:00,1778504580,41923.0,41945.0,41916.0,41941.0,241.0
2026-05-11 21:04:00,1778504640,41939.0,41944.0,41935.0,41937.0,78.0
2026-05-11 21:05:00,1778504700,41937.0,41945.0,41935.0,41937.0,69.0
2026-05-11 21:06:00,1778504760,41936.0,41947.0,41932.0,41942.0,106.0
2026-05-11 21:07:00,1778504820,41943.0,41946.0,41935.0,41937.0,45.0
2026-05-11 21:08:00,1778504880,41939.0,41965.0,41936.0,41964.0,425.0
2026-05-11 21:09:00,1778504940,41963.0,41978.0,41962.0,41963.0,340.0
2026-05-11 21:10:00,1778505000,41961.0,41975.0,41960.0,41970.0,159.0
2026-05-11 21:11:00,1778505060,41971.0,41980.0,41964.0,41967.0,195.0
2026-05-11 21:12:00,1778505120,41965.0,41990.0,41965.0,41985.0,513.0
2026-05-11 21:13:00,1778505180,41986.0,41990.0,41979.0,41981.0,194.0
2026-05-11 21:14:00,1778505240,41980.0,41988.0,41978.0,41988.0,97.0
2026-05-11 21:15:00,1778505300,41988.0,42011.0,41986.0,42004.0,522.0
2026-05-11 21:16:00,1778505360,42004.0,42014.0,41997.0,42000.0,257.0
2026-05-11 21:17:00,1778505420,42000.0,42005.0,41985.0,41995.0,121.0
2026-05-11 21:18:00,1778505480,41996.0,41998.0,41987.0,41989.0,93.0
2026-05-11 21:19:00,1778505540,41988.0,41992.0,41981.0,41986.0,120.0
2026-05-11 21:20:00,1778505600,41985.0,41995.0,41984.0,41993.0,99.0
2026-05-11 21:21:00,1778505660,41990.0,41994.0,41983.0,41984.0,76.0
2026-05-11 21:22:00,1778505720,41985.0,41990.0,41982.0,41987.0,73.0
2026-05-11 21:23:00,1778505780,41987.0,42003.0,41986.0,42001.0,137.0
2026-05-11 21:24:00,1778505840,42000.0,42002.0,41988.0,41988.0,90.0
2026-05-11 21:25:00,1778505900,41987.0,42022.0,41987.0,42019.0,447.0
2026-05-11 21:26:00,1778505960,42017.0,42028.0,42011.0,42025.0,183.0
2026-05-11 21:27:00,1778506020,42027.0,42041.0,42011.0,42020.0,324.0
2026-05-11 21:28:00,1778506080,42020.0,42033.0,42017.0,42025.0,125.0
2026-05-11 21:29:00,1778506140,42026.0,42040.0,42015.0,42040.0,169.0
2026-05-11 21:30:00,1778506200,42040.0,42091.0,42037.0,42072.0,1386.0
2026-05-11 21:31:00,1778506260,42074.0,42125.0,42072.0,42110.0,1426.0
2026-05-11 21:32:00,1778506320,42109.0,42142.0,42107.0,42137.0,920.0
2026-05-11 21:33:00,1778506380,42137.0,42147.0,42115.0,42121.0,588.0
2026-05-11 21:34:00,1778506440,42121.0,42127.0,42090.0,42104.0,691.0
2026-05-11 21:35:00,1778506500,42105.0,42106.0,42035.0,42039.0,913.0
2026-05-11 21:36:00,1778506560,42039.0,42040.0,41983.0,42015.0,1213.0
2026-05-11 21:37:00,1778506620,42014.0,42036.0,41976.0,42002.0,748.0
2026-05-11 21:38:00,1778506680,41995.0,42007.0,41939.0,42002.0,1118.0
2026-05-11 21:39:00,1778506740,42001.0,42024.0,41992.0,42004.0,472.0
2026-05-11 21:40:00,1778506800,42007.0,42021.0,41992.0,41998.0,364.0
2026-05-11 21:41:00,1778506860,41997.0,41998.0,41966.0,41983.0,459.0
2026-05-11 21:42:00,1778506920,41984.0,42012.0,41979.0,41999.0,317.0
2026-05-11 21:43:00,1778506980,42000.0,42007.0,41992.0,41996.0,229.0
2026-05-11 21:44:00,1778507040,41999.0,42010.0,41984.0,41999.0,239.0
2026-05-11 21:45:00,1778507100,42000.0,42006.0,41974.0,41984.0,277.0
2026-05-11 21:46:00,1778507160,41984.0,41988.0,41960.0,41961.0,519.0
2026-05-11 21:47:00,1778507220,41959.0,42021.0,41958.0,42016.0,440.0
2026-05-11 21:48:00,1778507280,42015.0,42044.0,42003.0,42034.0,519.0
2026-05-11 21:49:00,1778507340,42035.0,42037.0,41988.0,41995.0,389.0
2026-05-11 21:50:00,1778507400,41992.0,42006.0,41963.0,41965.0,348.0
2026-05-11 21:51:00,1778507460,41964.0,41982.0,41938.0,41960.0,624.0
2026-05-11 21:52:00,1778507520,41959.0,41973.0,41950.0,41965.0,306.0
2026-05-11 21:53:00,1778507580,41966.0,41976.0,41926.0,41935.0,485.0
2026-05-11 21:54:00,1778507640,41935.0,41942.0,41918.0,41942.0,461.0
2026-05-11 21:55:00,1778507700,41939.0,41940.0,41913.0,41927.0,461.0
2026-05-11 21:56:00,1778507760,41930.0,41950.0,41904.0,41914.0,468.0
2026-05-11 21:57:00,1778507820,41916.0,41916.0,41882.0,41893.0,775.0
2026-05-11 21:58:00,1778507880,41895.0,41908.0,41874.0,41892.0,498.0
2026-05-11 21:59:00,1778507940,41888.0,41889.0,41839.0,41852.0,907.0
2026-05-11 22:00:00,1778508000,41849.0,41907.0,41842.0,41905.0,848.0
2026-05-11 22:01:00,1778508060,41906.0,41944.0,41904.0,41935.0,742.0
2026-05-11 22:02:00,1778508120,41934.0,41942.0,41918.0,41927.0,295.0
2026-05-11 22:03:00,1778508180,41929.0,41976.0,41926.0,41976.0,650.0
2026-05-11 22:04:00,1778508240,41975.0,41995.0,41954.0,41955.0,625.0
2026-05-11 22:05:00,1778508300,41955.0,41987.0,41951.0,41987.0,329.0
2026-05-11 22:06:00,1778508360,41985.0,41991.0,41972.0,41980.0,299.0
2026-05-11 22:07:00,1778508420,41981.0,42014.0,41981.0,42010.0,529.0
2026-05-11 22:08:00,1778508480,42010.0,42014.0,41993.0,41994.0,294.0
2026-05-11 22:09:00,1778508540,41993.0,42008.0,41987.0,41995.0,241.0
2026-05-11 22:10:00,1778508600,41997.0,42021.0,41983.0,42017.0,310.0
2026-05-11 22:11:00,1778508660,42020.0,42021.0,41962.0,41995.0,488.0
2026-05-11 22:12:00,1778508720,41993.0,41999.0,41980.0,41997.0,151.0
2026-05-11 22:13:00,1778508780,41998.0,42043.0,41995.0,42036.0,661.0
2026-05-11 22:14:00,1778508840,42038.0,42050.0,42021.0,42025.0,456.0
2026-05-11 22:15:00,1778508900,42027.0,42034.0,42005.0,42009.0,279.0
2026-05-11 22:16:00,1778508960,42008.0,42031.0,42004.0,42030.0,173.0
2026-05-11 22:17:00,1778509020,42031.0,42041.0,42010.0,42014.0,242.0
2026-05-11 22:18:00,1778509080,42018.0,42035.0,42007.0,42035.0,255.0
2026-05-11 22:19:00,1778509140,42033.0,42052.0,42033.0,42049.0,427.0
2026-05-11 22:20:00,1778509200,42048.0,42056.0,42039.0,42046.0,229.0
2026-05-11 22:21:00,1778509260,42048.0,42073.0,42047.0,42051.0,442.0
2026-05-11 22:22:00,1778509320,42048.0,42053.0,42032.0,42051.0,283.0
2026-05-11 22:23:00,1778509380,42052.0,42058.0,42038.0,42047.0,172.0
2026-05-11 22:24:00,1778509440,42045.0,42074.0,42040.0,42042.0,355.0
2026-05-11 22:25:00,1778509500,42042.0,42051.0,42014.0,42018.0,336.0
2026-05-11 22:26:00,1778509560,42018.0,42028.0,42000.0,42009.0,381.0
2026-05-11 22:27:00,1778509620,42006.0,42007.0,41980.0,41984.0,427.0
2026-05-11 22:28:00,1778509680,41980.0,41984.0,41946.0,41951.0,500.0
2026-05-11 22:29:00,1778509740,41949.0,41969.0,41924.0,41937.0,660.0
2026-05-11 22:30:00,1778509800,41938.0,41991.0,41931.0,41969.0,588.0
2026-05-11 22:31:00,1778509860,41971.0,41976.0,41890.0,41932.0,1007.0
2026-05-11 22:32:00,1778509920,41936.0,41962.0,41887.0,41957.0,820.0
2026-05-11 22:33:00,1778509980,41952.0,41985.0,41938.0,41979.0,353.0
2026-05-11 22:34:00,1778510040,41978.0,41996.0,41965.0,41989.0,318.0
2026-05-11 22:35:00,1778510100,41992.0,42017.0,41981.0,42014.0,416.0
2026-05-11 22:36:00,1778510160,42015.0,42037.0,41971.0,42011.0,569.0
2026-05-11 22:37:00,1778510220,42010.0,42026.0,41998.0,42026.0,213.0
2026-05-11 22:38:00,1778510280,42025.0,42035.0,42009.0,42027.0,245.0
2026-05-11 22:39:00,1778510340,42023.0,42043.0,42023.0,42040.0,283.0
2026-05-11 22:40:00,1778510400,42042.0,42058.0,42026.0,42031.0,514.0
2026-05-11 22:41:00,1778510460,42030.0,42092.0,42029.0,42090.0,651.0
2026-05-11 22:42:00,1778510520,42093.0,42098.0,42072.0,42074.0,597.0
2026-05-11 22:43:00,1778510580,42076.0,42103.0,42072.0,42096.0,552.0
2026-05-11 22:44:00,1778510640,42094.0,42113.0,42092.0,42100.0,430.0
2026-05-11 22:45:00,1778510700,42101.0,42138.0,42098.0,42115.0,870.0
2026-05-11 22:46:00,1778510760,42119.0,42127.0,42096.0,42105.0,407.0
2026-05-11 22:47:00,1778510820,42106.0,42125.0,42094.0,42101.0,342.0
2026-05-11 22:48:00,1778510880,42100.0,42117.0,42099.0,42103.0,220.0
2026-05-11 22:49:00,1778510940,42102.0,42113.0,42077.0,42109.0,480.0
2026-05-11 22:50:00,1778511000,42113.0,42125.0,42103.0,42120.0,305.0
2026-05-11 22:51:00,1778511060,42122.0,42172.0,42110.0,42168.0,1205.0
2026-05-11 22:52:00,1778511120,42168.0,42182.0,42161.0,42162.0,730.0
2026-05-11 22:53:00,1778511180,42161.0,42193.0,42161.0,42181.0,569.0
2026-05-11 22:54:00,1778511240,42184.0,42217.0,42178.0,42192.0,799.0
2026-05-11 22:55:00,1778511300,42192.0,42204.0,42177.0,42183.0,475.0
2026-05-11 22:56:00,1778511360,42185.0,42196.0,42165.0,42170.0,345.0
2026-05-11 22:57:00,1778511420,42172.0,42172.0,42145.0,42165.0,461.0
2026-05-11 22:58:00,1778511480,42165.0,42181.0,42159.0,42173.0,202.0
2026-05-11 22:59:00,1778511540,42173.0,42178.0,42157.0,42159.0,198.0
2026-05-11 23:00:00,1778511600,42158.0,42186.0,42158.0,42159.0,592.0
2026-05-11 23:01:00,1778511660,42159.0,42187.0,42158.0,42185.0,227.0
2026-05-11 23:02:00,1778511720,42187.0,42206.0,42181.0,42203.0,400.0
2026-05-11 23:03:00,1778511780,42204.0,42215.0,42193.0,42193.0,423.0
2026-05-11 23:04:00,1778511840,42195.0,42235.0,42193.0,42215.0,893.0
2026-05-11 23:05:00,1778511900,42216.0,42220.0,42200.0,42210.0,274.0
2026-05-11 23:06:00,1778511960,42208.0,42212.0,42174.0,42184.0,419.0
2026-05-11 23:07:00,1778512020,42182.0,42196.0,42180.0,42187.0,141.0
2026-05-11 23:08:00,1778512080,42185.0,42200.0,42176.0,42198.0,215.0
2026-05-11 23:09:00,1778512140,42195.0,42215.0,42195.0,42213.0,168.0
2026-05-11 23:10:00,1778512200,42211.0,42212.0,42195.0,42196.0,133.0
2026-05-11 23:11:00,1778512260,42194.0,42204.0,42193.0,42200.0,107.0
2026-05-11 23:12:00,1778512320,42199.0,42218.0,42182.0,42186.0,242.0
2026-05-11 23:13:00,1778512380,42181.0,42200.0,42178.0,42184.0,161.0
2026-05-11 23:14:00,1778512440,42187.0,42190.0,42162.0,42171.0,333.0
2026-05-11 23:15:00,1778512500,42169.0,42178.0,42145.0,42178.0,620.0
2026-05-11 23:16:00,1778512560,42176.0,42186.0,42169.0,42186.0,137.0
2026-05-11 23:17:00,1778512620,42184.0,42197.0,42180.0,42196.0,148.0
2026-05-11 23:18:00,1778512680,42197.0,42197.0,42181.0,42193.0,134.0
2026-05-11 23:19:00,1778512740,42194.0,42198.0,42181.0,42181.0,87.0
2026-05-11 23:20:00,1778512800,42181.0,42190.0,42172.0,42186.0,121.0
2026-05-11 23:21:00,1778512860,42190.0,42208.0,42186.0,42206.0,185.0
2026-05-11 23:22:00,1778512920,42206.0,42214.0,42201.0,42205.0,143.0
2026-05-11 23:23:00,1778512980,42208.0,42222.0,42208.0,42221.0,341.0
2026-05-11 23:24:00,1778513040,42222.0,42244.0,42221.0,42237.0,655.0
2026-05-11 23:25:00,1778513100,42241.0,42255.0,42231.0,42233.0,505.0
2026-05-11 23:26:00,1778513160,42235.0,42256.0,42230.0,42231.0,350.0
2026-05-11 23:27:00,1778513220,42230.0,42253.0,42230.0,42241.0,192.0
2026-05-11 23:28:00,1778513280,42243.0,42251.0,42242.0,42245.0,108.0
2026-05-11 23:29:00,1778513340,42242.0,42275.0,42240.0,42273.0,468.0
2026-05-11 23:30:00,1778513400,42272.0,42287.0,42271.0,42276.0,680.0
2026-05-11 23:31:00,1778513460,42276.0,42279.0,42256.0,42260.0,307.0
2026-05-11 23:32:00,1778513520,42261.0,42262.0,42244.0,42253.0,238.0
2026-05-11 23:33:00,1778513580,42253.0,42265.0,42247.0,42259.0,171.0
2026-05-11 23:34:00,1778513640,42258.0,42270.0,42252.0,42261.0,114.0
2026-05-11 23:35:00,1778513700,42261.0,42261.0,42232.0,42239.0,289.0
2026-05-11 23:36:00,1778513760,42237.0,42250.0,42232.0,42248.0,188.0
2026-05-11 23:37:00,1778513820,42245.0,42269.0,42245.0,42262.0,196.0
2026-05-11 23:38:00,1778513880,42260.0,42268.0,42253.0,42259.0,117.0
2026-05-11 23:39:00,1778513940,42261.0,42265.0,42243.0,42244.0,118.0
2026-05-11 23:40:00,1778514000,42244.0,42262.0,42236.0,42237.0,173.0
2026-05-11 23:41:00,1778514060,42242.0,42250.0,42238.0,42244.0,60.0
2026-05-11 23:42:00,1778514120,42247.0,42258.0,42241.0,42253.0,102.0
2026-05-11 23:43:00,1778514180,42257.0,42259.0,42250.0,42256.0,46.0
2026-05-11 23:44:00,1778514240,42256.0,42258.0,42209.0,42224.0,537.0
2026-05-11 23:45:00,1778514300,42220.0,42239.0,42212.0,42234.0,304.0
2026-05-11 23:46:00,1778514360,42231.0,42251.0,42225.0,42244.0,166.0
2026-05-11 23:47:00,1778514420,42245.0,42247.0,42239.0,42244.0,51.0
2026-05-11 23:48:00,1778514480,42244.0,42257.0,42240.0,42256.0,98.0
2026-05-11 23:49:00,1778514540,42254.0,42260.0,42246.0,42259.0,72.0
2026-05-11 23:50:00,1778514600,42257.0,42260.0,42243.0,42246.0,91.0
2026-05-11 23:51:00,1778514660,42245.0,42262.0,42242.0,42259.0,122.0
2026-05-11 23:52:00,1778514720,42255.0,42275.0,42255.0,42262.0,182.0
2026-05-11 23:53:00,1778514780,42265.0,42281.0,42265.0,42273.0,156.0
2026-05-11 23:54:00,1778514840,42273.0,42297.0,42273.0,42287.0,562.0
2026-05-11 23:55:00,1778514900,42289.0,42293.0,42276.0,42278.0,178.0
2026-05-11 23:56:00,1778514960,42280.0,42282.0,42273.0,42276.0,85.0
2026-05-11 23:57:00,1778515020,42276.0,42280.0,42260.0,42263.0,143.0
2026-05-11 23:58:00,1778515080,42260.0,42262.0,42251.0,42254.0,142.0
2026-05-11 23:59:00,1778515140,42251.0,42264.0,42251.0,42257.0,91.0
2026-05-12 00:00:00,1778515200,42259.0,42279.0,42259.0,42277.0,371.0
2026-05-12 00:01:00,1778515260,42276.0,42287.0,42275.0,42281.0,146.0
2026-05-12 00:02:00,1778515320,42283.0,42287.0,42282.0,42282.0,51.0
2026-05-12 00:03:00,1778515380,42285.0,42287.0,42271.0,42271.0,108.0
2026-05-12 00:04:00,1778515440,42273.0,42291.0,42273.0,42291.0,148.0
2026-05-12 00:05:00,1778515500,42291.0,42336.0,42283.0,42322.0,1344.0
2026-05-12 00:06:00,1778515560,42323.0,42332.0,42315.0,42320.0,445.0
2026-05-12 00:07:00,1778515620,42319.0,42335.0,42313.0,42315.0,246.0
2026-05-12 00:08:00,1778515680,42313.0,42322.0,42306.0,42320.0,162.0
2026-05-12 00:09:00,1778515740,42322.0,42327.0,42315.0,42317.0,102.0
2026-05-12 00:10:00,1778515800,42318.0,42352.0,42318.0,42332.0,714.0
2026-05-12 00:11:00,1778515860,42332.0,42343.0,42326.0,42327.0,141.0
2026-05-12 00:12:00,1778515920,42328.0,42361.0,42328.0,42348.0,357.0
2026-05-12 00:13:00,1778515980,42347.0,42351.0,42338.0,42348.0,142.0
2026-05-12 00:14:00,1778516040,42350.0,42365.0,42350.0,42364.0,241.0
2026-05-12 00:15:00,1778516100,42361.0,42364.0,42336.0,42336.0,220.0
2026-05-12 00:16:00,1778516160,42336.0,42342.0,42322.0,42330.0,246.0
2026-05-12 00:17:00,1778516220,42332.0,42335.0,42326.0,42326.0,96.0
2026-05-12 00:18:00,1778516280,42325.0,42328.0,42309.0,42317.0,231.0
2026-05-12 00:19:00,1778516340,42316.0,42318.0,42305.0,42313.0,129.0
2026-05-12 00:20:00,1778516400,42312.0,42316.0,42292.0,42297.0,303.0
2026-05-12 00:21:00,1778516460,42298.0,42300.0,42286.0,42287.0,211.0
2026-05-12 00:22:00,1778516520,42289.0,42299.0,42289.0,42296.0,100.0
2026-05-12 00:23:00,1778516580,42297.0,42305.0,42294.0,42302.0,109.0
2026-05-12 00:24:00,1778516640,42300.0,42303.0,42292.0,42293.0,102.0
2026-05-12 00:25:00,1778516700,42297.0,42310.0,42297.0,42302.0,96.0
2026-05-12 00:26:00,1778516760,42304.0,42305.0,42285.0,42287.0,112.0
2026-05-12 00:27:00,1778516820,42290.0,42298.0,42288.0,42295.0,54.0
2026-05-12 00:28:00,1778516880,42296.0,42296.0,42276.0,42280.0,124.0
2026-05-12 00:29:00,1778516940,42277.0,42281.0,42271.0,42280.0,200.0
2026-05-12 00:30:00,1778517000,42279.0,42304.0,42274.0,42304.0,216.0
2026-05-12 00:31:00,1778517060,42304.0,42305.0,42295.0,42298.0,60.0
2026-05-12 00:32:00,1778517120,42298.0,42300.0,42292.0,42295.0,44.0
2026-05-12 00:33:00,1778517180,42295.0,42295.0,42280.0,42280.0,73.0
2026-05-12 00:34:00,1778517240,42280.0,42288.0,42276.0,42287.0,39.0
2026-05-12 00:35:00,1778517300,42286.0,42293.0,42280.0,42284.0,73.0
2026-05-12 00:36:00,1778517360,42280.0,42286.0,42275.0,42278.0,49.0
2026-05-12 00:37:00,1778517420,42279.0,42288.0,42279.0,42281.0,22.0
2026-05-12 00:38:00,1778517480,42280.0,42280.0,42263.0,42268.0,152.0
2026-05-12 00:39:00,1778517540,42269.0,42271.0,42258.0,42262.0,277.0
2026-05-12 00:40:00,1778517600,42261.0,42261.0,42239.0,42252.0,372.0
2026-05-12 00:41:00,1778517660,42252.0,42257.0,42216.0,42216.0,532.0
2026-05-12 00:42:00,1778517720,42215.0,42215.0,42163.0,42194.0,1286.0
2026-05-12 00:43:00,1778517780,42197.0,42223.0,42171.0,42214.0,376.0
2026-05-12 00:44:00,1778517840,42219.0,42222.0,42207.0,42222.0,267.0
2026-05-12 00:45:00,1778517900,42223.0,42227.0,42207.0,42226.0,137.0
2026-05-12 00:46:00,1778517960,42225.0,42227.0,42194.0,42203.0,198.0
2026-05-12 00:47:00,1778518020,42202.0,42245.0,42201.0,42244.0,234.0
2026-05-12 00:48:00,1778518080,42244.0,42245.0,42230.0,42237.0,163.0
2026-05-12 00:49:00,1778518140,42235.0,42237.0,42214.0,42214.0,134.0
2026-05-12 00:50:00,1778518200,42213.0,42242.0,42213.0,42239.0,121.0
2026-05-12 00:51:00,1778518260,42237.0,42239.0,42229.0,42236.0,41.0
2026-05-12 00:52:00,1778518320,42235.0,42235.0,42212.0,42212.0,109.0
2026-05-12 00:53:00,1778518380,42211.0,42224.0,42200.0,42219.0,103.0
2026-05-12 00:54:00,1778518440,42219.0,42225.0,42212.0,42224.0,63.0
2026-05-12 00:55:00,1778518500,42222.0,42222.0,42212.0,42219.0,72.0
2026-05-12 00:56:00,1778518560,42217.0,42220.0,42210.0,42220.0,103.0
2026-05-12 00:57:00,1778518620,42219.0,42225.0,42211.0,42213.0,83.0
2026-05-12 00:58:00,1778518680,42215.0,42241.0,42214.0,42237.0,115.0
2026-05-12 00:59:00,1778518740,42236.0,42236.0,42224.0,42228.0,46.0
2026-05-12 01:00:00,1778518800,42229.0,42254.0,42228.0,42254.0,396.0
2026-05-12 01:01:00,1778518860,42252.0,42265.0,42247.0,42252.0,201.0
2026-05-12 01:02:00,1778518920,42252.0,42253.0,42234.0,42241.0,98.0
2026-05-12 01:03:00,1778518980,42237.0,42255.0,42230.0,42234.0,95.0
2026-05-12 01:04:00,1778519040,42238.0,42255.0,42236.0,42245.0,74.0
2026-05-12 01:05:00,1778519100,42250.0,42254.0,42244.0,42244.0,68.0
2026-05-12 01:06:00,1778519160,42245.0,42245.0,42220.0,42237.0,102.0
2026-05-12 01:07:00,1778519220,42235.0,42238.0,42227.0,42233.0,38.0
2026-05-12 01:08:00,1778519280,42232.0,42249.0,42231.0,42245.0,40.0
2026-05-12 01:09:00,1778519340,42245.0,42250.0,42241.0,42243.0,42.0
2026-05-12 01:10:00,1778519400,42242.0,42242.0,42230.0,42234.0,54.0
2026-05-12 01:11:00,1778519460,42238.0,42240.0,42229.0,42230.0,34.0
2026-05-12 01:12:00,1778519520,42229.0,42229.0,42208.0,42214.0,164.0
2026-05-12 01:13:00,1778519580,42213.0,42224.0,42211.0,42224.0,76.0
2026-05-12 01:14:00,1778519640,42221.0,42228.0,42211.0,42221.0,36.0
2026-05-12 01:15:00,1778519700,42220.0,42233.0,42217.0,42230.0,54.0
2026-05-12 01:16:00,1778519760,42230.0,42238.0,42216.0,42218.0,78.0
2026-05-12 01:17:00,1778519820,42220.0,42221.0,42207.0,42214.0,77.0
2026-05-12 01:18:00,1778519880,42212.0,42216.0,42208.0,42208.0,51.0
2026-05-12 01:19:00,1778519940,42210.0,42212.0,42201.0,42207.0,92.0
2026-05-12 01:20:00,1778520000,42205.0,42228.0,42202.0,42228.0,108.0
2026-05-12 01:21:00,1778520060,42228.0,42234.0,42224.0,42231.0,63.0
2026-05-12 01:22:00,1778520120,42232.0,42242.0,42228.0,42241.0,95.0
2026-05-12 01:23:00,1778520180,42241.0,42260.0,42240.0,42254.0,103.0
2026-05-12 01:24:00,1778520240,42253.0,42267.0,42248.0,42265.0,120.0
2026-05-12 01:25:00,1778520300,42264.0,42278.0,42264.0,42270.0,172.0
2026-05-12 01:26:00,1778520360,42270.0,42279.0,42270.0,42270.0,69.0
2026-05-12 01:27:00,1778520420,42274.0,42285.0,42273.0,42276.0,123.0
2026-05-12 01:28:00,1778520480,42277.0,42285.0,42276.0,42277.0,44.0
2026-05-12 01:29:00,1778520540,42276.0,42290.0,42276.0,42283.0,101.0
2026-05-12 01:30:00,1778520600,42282.0,42305.0,42279.0,42294.0,299.0
2026-05-12 01:31:00,1778520660,42295.0,42300.0,42277.0,42278.0,125.0
2026-05-12 01:32:00,1778520720,42280.0,42286.0,42270.0,42274.0,92.0
2026-05-12 01:33:00,1778520780,42274.0,42281.0,42274.0,42278.0,41.0
2026-05-12 01:34:00,1778520840,42278.0,42280.0,42274.0,42275.0,42.0
2026-05-12 01:35:00,1778520900,42274.0,42295.0,42274.0,42295.0,70.0
2026-05-12 01:36:00,1778520960,42294.0,42306.0,42293.0,42306.0,98.0
2026-05-12 01:37:00,1778521020,42305.0,42330.0,42305.0,42318.0,288.0
2026-05-12 01:38:00,1778521080,42319.0,42321.0,42313.0,42313.0,63.0
2026-05-12 01:39:00,1778521140,42315.0,42318.0,42305.0,42307.0,67.0
2026-05-12 01:40:00,1778521200,42310.0,42317.0,42305.0,42315.0,58.0
2026-05-12 01:41:00,1778521260,42314.0,42320.0,42312.0,42319.0,35.0
2026-05-12 01:42:00,1778521320,42316.0,42321.0,42308.0,42308.0,61.0
2026-05-12 01:43:00,1778521380,42309.0,42313.0,42305.0,42308.0,21.0
2026-05-12 01:44:00,1778521440,42308.0,42313.0,42305.0,42306.0,33.0
2026-05-12 01:45:00,1778521500,42306.0,42315.0,42302.0,42307.0,50.0
2026-05-12 01:46:00,1778521560,42308.0,42315.0,42307.0,42312.0,37.0
2026-05-12 01:47:00,1778521620,42310.0,42319.0,42310.0,42317.0,39.0
2026-05-12 01:48:00,1778521680,42312.0,42319.0,42312.0,42317.0,21.0
2026-05-12 01:49:00,1778521740,42315.0,42315.0,42303.0,42304.0,45.0
2026-05-12 01:50:00,1778521800,42304.0,42315.0,42301.0,42312.0,54.0
2026-05-12 01:51:00,1778521860,42312.0,42315.0,42304.0,42304.0,9.0
2026-05-12 01:52:00,1778521920,42306.0,42306.0,42297.0,42297.0,22.0
2026-05-12 01:53:00,1778521980,42296.0,42300.0,42295.0,42298.0,55.0
2026-05-12 01:54:00,1778522040,42298.0,42300.0,42285.0,42286.0,82.0
2026-05-12 01:55:00,1778522100,42286.0,42302.0,42283.0,42287.0,68.0
2026-05-12 01:56:00,1778522160,42287.0,42289.0,42283.0,42288.0,33.0
2026-05-12 01:57:00,1778522220,42289.0,42300.0,42289.0,42296.0,20.0
2026-05-12 01:58:00,1778522280,42293.0,42293.0,42282.0,42284.0,23.0
2026-05-12 01:59:00,1778522340,42284.0,42284.0,42272.0,42275.0,73.0
2026-05-12 02:00:00,1778522400,42275.0,42302.0,42275.0,42293.0,213.0
2026-05-12 02:01:00,1778522460,42297.0,42299.0,42290.0,42294.0,30.0
2026-05-12 02:02:00,1778522520,42294.0,42295.0,42291.0,42291.0,26.0
2026-05-12 02:03:00,1778522580,42292.0,42298.0,42291.0,42295.0,30.0
2026-05-12 02:04:00,1778522640,42298.0,42309.0,42298.0,42306.0,51.0
2026-05-12 02:05:00,1778522700,42308.0,42322.0,42307.0,42319.0,88.0
2026-05-12 02:06:00,1778522760,42320.0,42326.0,42320.0,42326.0,74.0
2026-05-12 02:07:00,1778522820,42326.0,42331.0,42320.0,42320.0,38.0
2026-05-12 02:08:00,1778522880,42319.0,42319.0,42312.0,42319.0,38.0
2026-05-12 02:09:00,1778522940,42316.0,42328.0,42315.0,42325.0,31.0
2026-05-12 02:10:00,1778523000,42328.0,42347.0,42328.0,42337.0,273.0
2026-05-12 02:11:00,1778523060,42332.0,42335.0,42327.0,42335.0,23.0
2026-05-12 02:12:00,1778523120,42334.0,42345.0,42331.0,42344.0,46.0
2026-05-12 02:13:00,1778523180,42343.0,42347.0,42333.0,42333.0,29.0
2026-05-12 02:14:00,1778523240,42333.0,42333.0,42325.0,42329.0,40.0
2026-05-12 02:15:00,1778523300,42326.0,42332.0,42323.0,42323.0,28.0
2026-05-12 02:16:00,1778523360,42323.0,42327.0,42323.0,42323.0,9.0
2026-05-12 02:17:00,1778523420,42323.0,42327.0,42322.0,42324.0,10.0
2026-05-12 02:18:00,1778523480,42322.0,42324.0,42316.0,42324.0,36.0
2026-05-12 02:19:00,1778523540,42324.0,42327.0,42320.0,42323.0,27.0
2026-05-12 02:20:00,1778523600,42319.0,42324.0,42295.0,42303.0,152.0
2026-05-12 02:21:00,1778523660,42306.0,42318.0,42306.0,42317.0,21.0
2026-05-12 02:22:00,1778523720,42318.0,42324.0,42318.0,42319.0,22.0
2026-05-12 02:23:00,1778523780,42318.0,42318.0,42307.0,42309.0,25.0
2026-05-12 02:24:00,1778523840,42307.0,42319.0,42305.0,42318.0,15.0
2026-05-12 02:25:00,1778523900,42318.0,42324.0,42317.0,42320.0,32.0
2026-05-12 02:26:00,1778523960,42320.0,42329.0,42320.0,42328.0,23.0
2026-05-12 02:27:00,1778524020,42328.0,42329.0,42322.0,42323.0,18.0
2026-05-12 02:28:00,1778524080,42324.0,42333.0,42324.0,42328.0,27.0
2026-05-12 02:29:00,1778524140,42328.0,42329.0,42326.0,42327.0,12.0
2026-05-12 02:30:00,1778524200,42326.0,42330.0,42320.0,42320.0,23.0
2026-05-12 02:31:00,1778524260,42320.0,42333.0,42320.0,42331.0,20.0
2026-05-12 02:32:00,1778524320,42330.0,42330.0,42315.0,42318.0,17.0
2026-05-12 02:33:00,1778524380,42320.0,42320.0,42318.0,42318.0,11.0
2026-05-12 02:34:00,1778524440,42317.0,42322.0,42316.0,42320.0,31.0
2026-05-12 02:35:00,1778524500,42322.0,42330.0,42322.0,42327.0,15.0
2026-05-12 02:36:00,1778524560,42327.0,42328.0,42313.0,42317.0,12.0
2026-05-12 02:37:00,1778524620,42318.0,42321.0,42316.0,42321.0,21.0
2026-05-12 02:38:00,1778524680,42320.0,42325.0,42320.0,42325.0,8.0
2026-05-12 02:39:00,1778524740,42322.0,42322.0,42298.0,42300.0,26.0
2026-05-12 02:40:00,1778524800,42301.0,42302.0,42292.0,42300.0,64.0
2026-05-12 02:41:00,1778524860,42301.0,42307.0,42285.0,42293.0,71.0
2026-05-12 02:42:00,1778524920,42293.0,42302.0,42288.0,42302.0,21.0
2026-05-12 02:43:00,1778524980,42302.0,42304.0,42296.0,42303.0,17.0
2026-05-12 02:44:00,1778525040,42297.0,42300.0,42294.0,42297.0,23.0
2026-05-12 02:45:00,1778525100,42293.0,42294.0,42281.0,42290.0,28.0
2026-05-12 02:46:00,1778525160,42290.0,42299.0,42287.0,42298.0,22.0
2026-05-12 02:47:00,1778525220,42300.0,42300.0,42284.0,42290.0,25.0
2026-05-12 02:48:00,1778525280,42293.0,42300.0,42289.0,42300.0,16.0
2026-05-12 02:49:00,1778525340,42298.0,42298.0,42291.0,42293.0,9.0
2026-05-12 02:50:00,1778525400,42292.0,42303.0,42291.0,42301.0,22.0
2026-05-12 02:51:00,1778525460,42300.0,42305.0,42295.0,42305.0,16.0
2026-05-12 02:52:00,1778525520,42305.0,42307.0,42304.0,42304.0,10.0
2026-05-12 02:53:00,1778525580,42307.0,42310.0,42300.0,42300.0,23.0
2026-05-12 02:54:00,1778525640,42295.0,42295.0,42289.0,42292.0,20.0
2026-05-12 02:55:00,1778525700,42292.0,42301.0,42288.0,42298.0,15.0
2026-05-12 02:56:00,1778525760,42299.0,42303.0,42296.0,42303.0,18.0
2026-05-12 02:57:00,1778525820,42303.0,42303.0,42282.0,42286.0,25.0
2026-05-12 02:58:00,1778525880,42285.0,42285.0,42263.0,42275.0,106.0
2026-05-12 02:59:00,1778525940,42263.0,42266.0,42252.0,42254.0,85.0
2026-05-12 03:00:00,1778526000,42253.0,42266.0,42249.0,42265.0,135.0
2026-05-12 03:01:00,1778526060,42266.0,42277.0,42262.0,42277.0,46.0
2026-05-12 03:02:00,1778526120,42277.0,42280.0,42269.0,42280.0,17.0
2026-05-12 03:03:00,1778526180,42285.0,42285.0,42275.0,42279.0,26.0
2026-05-12 03:04:00,1778526240,42277.0,42277.0,42260.0,42261.0,30.0
2026-05-12 03:05:00,1778526300,42263.0,42286.0,42259.0,42283.0,43.0
2026-05-12 03:06:00,1778526360,42286.0,42309.0,42283.0,42307.0,40.0
2026-05-12 03:07:00,1778526420,42307.0,42308.0,42297.0,42302.0,36.0
2026-05-12 03:08:00,1778526480,42304.0,42311.0,42298.0,42300.0,22.0
2026-05-12 03:09:00,1778526540,42298.0,42310.0,42298.0,42303.0,14.0
2026-05-12 03:10:00,1778526600,42303.0,42313.0,42303.0,42313.0,30.0
2026-05-12 03:11:00,1778526660,42307.0,42307.0,42294.0,42294.0,18.0
2026-05-12 03:12:00,1778526720,42295.0,42301.0,42288.0,42288.0,21.0
2026-05-12 03:13:00,1778526780,42286.0,42295.0,42277.0,42280.0,52.0
2026-05-12 03:14:00,1778526840,42283.0,42283.0,42275.0,42279.0,11.0
2026-05-12 03:15:00,1778526900,42280.0,42280.0,42269.0,42274.0,55.0
2026-05-12 03:16:00,1778526960,42270.0,42271.0,42257.0,42259.0,57.0
2026-05-12 03:17:00,1778527020,42261.0,42275.0,42260.0,42275.0,22.0
2026-05-12 03:18:00,1778527080,42269.0,42272.0,42265.0,42268.0,12.0
2026-05-12 03:19:00,1778527140,42260.0,42264.0,42257.0,42264.0,18.0
2026-05-12 03:20:00,1778527200,42263.0,42266.0,42257.0,42259.0,24.0
2026-05-12 03:21:00,1778527260,42256.0,42268.0,42245.0,42268.0,70.0
2026-05-12 03:22:00,1778527320,42268.0,42268.0,42260.0,42262.0,6.0
2026-05-12 03:23:00,1778527380,42264.0,42268.0,42264.0,42268.0,9.0
2026-05-12 03:24:00,1778527440,42269.0,42274.0,42257.0,42258.0,30.0
2026-05-12 03:25:00,1778527500,42259.0,42259.0,42252.0,42255.0,29.0
2026-05-12 03:26:00,1778527560,42255.0,42256.0,42243.0,42250.0,43.0
2026-05-12 03:27:00,1778527620,42245.0,42250.0,42240.0,42246.0,51.0
2026-05-12 03:28:00,1778527680,42248.0,42250.0,42234.0,42248.0,59.0
2026-05-12 03:29:00,1778527740,42236.0,42243.0,42226.0,42236.0,70.0
2026-05-12 03:30:00,1778527800,42234.0,42258.0,42229.0,42258.0,83.0
2026-05-12 03:31:00,1778527860,42258.0,42258.0,42244.0,42252.0,27.0
2026-05-12 03:32:00,1778527920,42256.0,42268.0,42256.0,42263.0,19.0
2026-05-12 03:33:00,1778527980,42262.0,42264.0,42250.0,42250.0,14.0
2026-05-12 03:34:00,1778528040,42251.0,42257.0,42246.0,42257.0,18.0
2026-05-12 03:35:00,1778528100,42248.0,42253.0,42240.0,42240.0,17.0
2026-05-12 03:36:00,1778528160,42240.0,42242.0,42237.0,42240.0,21.0
2026-05-12 03:37:00,1778528220,42240.0,42243.0,42232.0,42241.0,27.0
2026-05-12 03:38:00,1778528280,42243.0,42255.0,42239.0,42255.0,23.0
2026-05-12 03:39:00,1778528340,42255.0,42261.0,42253.0,42260.0,19.0
2026-05-12 03:40:00,1778528400,42262.0,42264.0,42257.0,42264.0,26.0
2026-05-12 03:41:00,1778528460,42263.0,42266.0,42257.0,42257.0,13.0
2026-05-12 03:42:00,1778528520,42257.0,42267.0,42244.0,42267.0,18.0
2026-05-12 03:43:00,1778528580,42267.0,42269.0,42263.0,42269.0,14.0
2026-05-12 03:44:00,1778528640,42265.0,42270.0,42259.0,42270.0,9.0
2026-05-12 03:45:00,1778528700,42268.0,42271.0,42262.0,42269.0,50.0
2026-05-12 03:46:00,1778528760,42266.0,42274.0,42263.0,42274.0,35.0
2026-05-12 03:47:00,1778528820,42275.0,42282.0,42274.0,42278.0,25.0
2026-05-12 03:48:00,1778528880,42280.0,42286.0,42279.0,42282.0,22.0
2026-05-12 03:49:00,1778528940,42281.0,42290.0,42281.0,42288.0,20.0
2026-05-12 03:50:00,1778529000,42286.0,42301.0,42286.0,42297.0,43.0
2026-05-12 03:51:00,1778529060,42296.0,42309.0,42289.0,42289.0,74.0
2026-05-12 03:52:00,1778529120,42289.0,42289.0,42286.0,42286.0,7.0
2026-05-12 03:53:00,1778529180,42289.0,42301.0,42277.0,42277.0,27.0
2026-05-12 03:54:00,1778529240,42278.0,42290.0,42278.0,42283.0,22.0
2026-05-12 03:55:00,1778529300,42290.0,42294.0,42279.0,42279.0,54.0
2026-05-12 03:56:00,1778529360,42282.0,42284.0,42265.0,42274.0,58.0
2026-05-12 03:57:00,1778529420,42275.0,42285.0,42275.0,42281.0,10.0
2026-05-12 03:58:00,1778529480,42278.0,42281.0,42275.0,42275.0,18.0
2026-05-12 03:59:00,1778529540,42277.0,42287.0,42270.0,42283.0,25.0
2026-05-12 04:00:00,1778529600,42282.0,42283.0,42276.0,42280.0,54.0
2026-05-12 04:01:00,1778529660,42277.0,42277.0,42241.0,42267.0,236.0
2026-05-12 04:02:00,1778529720,42267.0,42280.0,42254.0,42261.0,73.0
2026-05-12 04:03:00,1778529780,42265.0,42271.0,42262.0,42271.0,6.0
2026-05-12 04:04:00,1778529840,42268.0,42268.0,42263.0,42263.0,28.0
2026-05-12 04:05:00,1778529900,42262.0,42264.0,42261.0,42264.0,20.0
2026-05-12 04:06:00,1778529960,42266.0,42271.0,42265.0,42270.0,12.0
2026-05-12 04:07:00,1778530020,42268.0,42272.0,42268.0,42269.0,6.0
2026-05-12 04:08:00,1778530080,42272.0,42274.0,42267.0,42274.0,10.0
2026-05-12 04:09:00,1778530140,42272.0,42274.0,42268.0,42268.0,10.0
2026-05-12 04:10:00,1778530200,42269.0,42271.0,42266.0,42270.0,6.0
2026-05-12 04:11:00,1778530260,42270.0,42273.0,42193.0,42227.0,661.0
2026-05-12 04:12:00,1778530320,42229.0,42279.0,42202.0,42278.0,230.0
2026-05-12 04:13:00,1778530380,42279.0,42285.0,42265.0,42274.0,126.0
2026-05-12 04:14:00,1778530440,42273.0,42281.0,42272.0,42272.0,24.0
2026-05-12 04:15:00,1778530500,42270.0,42277.0,42266.0,42276.0,35.0
2026-05-12 04:16:00,1778530560,42277.0,42277.0,42267.0,42274.0,23.0
2026-05-12 04:17:00,1778530620,42277.0,42280.0,42271.0,42271.0,11.0
2026-05-12 04:18:00,1778530680,42274.0,42274.0,42274.0,42274.0,1.0
2026-05-12 04:19:00,1778530740,42272.0,42277.0,42272.0,42277.0,14.0
2026-05-12 04:20:00,1778530800,42275.0,42276.0,42272.0,42274.0,8.0
2026-05-12 04:21:00,1778530860,42274.0,42274.0,42261.0,42262.0,25.0
2026-05-12 04:22:00,1778530920,42262.0,42262.0,42258.0,42258.0,13.0
2026-05-12 04:23:00,1778530980,42255.0,42255.0,42252.0,42252.0,4.0
2026-05-12 04:24:00,1778531040,42256.0,42263.0,42255.0,42263.0,17.0
2026-05-12 04:25:00,1778531100,42260.0,42261.0,42256.0,42260.0,10.0
2026-05-12 04:26:00,1778531160,42258.0,42261.0,42254.0,42261.0,10.0
2026-05-12 04:27:00,1778531220,42258.0,42265.0,42258.0,42265.0,13.0
2026-05-12 04:28:00,1778531280,42266.0,42267.0,42263.0,42267.0,14.0
2026-05-12 04:29:00,1778531340,42268.0,42272.0,42268.0,42272.0,6.0
2026-05-12 04:30:00,1778531400,42270.0,42276.0,42265.0,42265.0,13.0
2026-05-12 04:31:00,1778531460,42268.0,42268.0,42262.0,42263.0,10.0
2026-05-12 04:32:00,1778531520,42266.0,42268.0,42265.0,42268.0,7.0
2026-05-12 04:33:00,1778531580,42269.0,42271.0,42266.0,42267.0,29.0
2026-05-12 04:34:00,1778531640,42269.0,42269.0,42266.0,42266.0,4.0
2026-05-12 04:35:00,1778531700,42266.0,42267.0,42262.0,42266.0,15.0
2026-05-12 04:36:00,1778531760,42264.0,42268.0,42263.0,42263.0,10.0
2026-05-12 04:37:00,1778531820,42263.0,42266.0,42262.0,42266.0,7.0
2026-05-12 04:38:00,1778531880,42266.0,42266.0,42266.0,42266.0,1.0
2026-05-12 04:39:00,1778531940,42266.0,42266.0,42264.0,42266.0,9.0
2026-05-12 04:40:00,1778532000,42268.0,42275.0,42268.0,42272.0,45.0
2026-05-12 04:41:00,1778532060,42272.0,42272.0,42268.0,42268.0,8.0
2026-05-12 04:42:00,1778532120,42271.0,42271.0,42269.0,42271.0,6.0
2026-05-12 04:43:00,1778532180,42269.0,42272.0,42269.0,42272.0,7.0
2026-05-12 04:44:00,1778532240,42273.0,42275.0,42273.0,42274.0,13.0
2026-05-12 04:45:00,1778532300,42272.0,42274.0,42264.0,42266.0,37.0
2026-05-12 04:46:00,1778532360,42266.0,42266.0,42264.0,42265.0,6.0
2026-05-12 04:47:00,1778532420,42266.0,42266.0,42264.0,42266.0,7.0
2026-05-12 04:48:00,1778532480,42266.0,42269.0,42265.0,42265.0,11.0
2026-05-12 04:49:00,1778532540,42266.0,42271.0,42266.0,42271.0,10.0
2026-05-12 04:50:00,1778532600,42272.0,42274.0,42264.0,42264.0,19.0
2026-05-12 04:51:00,1778532660,42262.0,42265.0,42262.0,42264.0,16.0
2026-05-12 04:52:00,1778532720,42268.0,42271.0,42268.0,42271.0,5.0
2026-05-12 04:53:00,1778532780,42271.0,42275.0,42268.0,42275.0,56.0
2026-05-12 04:54:00,1778532840,42276.0,42277.0,42272.0,42272.0,28.0
2026-05-12 04:55:00,1778532900,42273.0,42277.0,42272.0,42276.0,20.0
2026-05-12 04:56:00,1778532960,42275.0,42276.0,42269.0,42269.0,33.0
2026-05-12 04:57:00,1778533020,42270.0,42273.0,42269.0,42273.0,13.0
2026-05-12 04:58:00,1778533080,42270.0,42273.0,42265.0,42273.0,32.0
2026-05-12 04:59:00,1778533140,42273.0,42275.0,42262.0,42270.0,96.0
2026-05-12 08:45:00,1778546700,42240.0,42240.0,42174.0,42211.0,2256.0
2026-05-12 08:46:00,1778546760,42208.0,42232.0,42200.0,42208.0,601.0
2026-05-12 08:47:00,1778546820,42206.0,42226.0,42192.0,42220.0,484.0
2026-05-12 08:48:00,1778546880,42220.0,42220.0,42190.0,42211.0,407.0
2026-05-12 08:49:00,1778546940,42217.0,42228.0,42201.0,42214.0,299.0
2026-05-12 08:50:00,1778547000,42213.0,42228.0,42197.0,42210.0,409.0
2026-05-12 08:51:00,1778547060,42208.0,42248.0,42200.0,42239.0,537.0
2026-05-12 08:52:00,1778547120,42239.0,42247.0,42218.0,42226.0,366.0
2026-05-12 08:53:00,1778547180,42229.0,42230.0,42212.0,42213.0,294.0
2026-05-12 08:54:00,1778547240,42215.0,42217.0,42196.0,42203.0,419.0
2026-05-12 08:55:00,1778547300,42201.0,42208.0,42184.0,42187.0,646.0
2026-05-12 08:56:00,1778547360,42189.0,42202.0,42187.0,42194.0,193.0
2026-05-12 08:57:00,1778547420,42193.0,42208.0,42190.0,42205.0,263.0
2026-05-12 08:58:00,1778547480,42200.0,42208.0,42192.0,42194.0,165.0
2026-05-12 08:59:00,1778547540,42196.0,42208.0,42193.0,42195.0,184.0
2026-05-12 09:00:00,1778547600,42195.0,42250.0,42191.0,42247.0,948.0
2026-05-12 09:01:00,1778547660,42249.0,42350.0,42246.0,42342.0,2319.0
2026-05-12 09:02:00,1778547720,42342.0,42365.0,42289.0,42308.0,1493.0
2026-05-12 09:03:00,1778547780,42306.0,42332.0,42287.0,42306.0,900.0
2026-05-12 09:04:00,1778547840,42307.0,42307.0,42248.0,42265.0,966.0
2026-05-12 09:05:00,1778547900,42264.0,42304.0,42240.0,42296.0,792.0
2026-05-12 09:06:00,1778547960,42304.0,42320.0,42285.0,42301.0,528.0
2026-05-12 09:07:00,1778548020,42303.0,42309.0,42275.0,42299.0,433.0
2026-05-12 09:08:00,1778548080,42298.0,42311.0,42273.0,42307.0,408.0
2026-05-12 09:09:00,1778548140,42308.0,42316.0,42269.0,42274.0,480.0
2026-05-12 09:10:00,1778548200,42274.0,42281.0,42254.0,42269.0,453.0
2026-05-12 09:11:00,1778548260,42270.0,42302.0,42260.0,42275.0,513.0
2026-05-12 09:12:00,1778548320,42273.0,42305.0,42267.0,42280.0,458.0
2026-05-12 09:13:00,1778548380,42279.0,42293.0,42256.0,42273.0,329.0
2026-05-12 09:14:00,1778548440,42278.0,42282.0,42244.0,42249.0,494.0
2026-05-12 09:15:00,1778548500,42245.0,42251.0,42178.0,42191.0,1761.0
2026-05-12 09:16:00,1778548560,42191.0,42191.0,42010.0,42043.0,4666.0
2026-05-12 09:17:00,1778548620,42040.0,42085.0,42032.0,42069.0,1295.0
2026-05-12 09:18:00,1778548680,42068.0,42130.0,42064.0,42111.0,990.0
2026-05-12 09:19:00,1778548740,42112.0,42142.0,42094.0,42131.0,705.0
2026-05-12 09:20:00,1778548800,42134.0,42173.0,42114.0,42130.0,1051.0
2026-05-12 09:21:00,1778548860,42130.0,42144.0,42102.0,42128.0,630.0
2026-05-12 09:22:00,1778548920,42131.0,42145.0,42103.0,42107.0,487.0
2026-05-12 09:23:00,1778548980,42103.0,42114.0,42079.0,42092.0,716.0
2026-05-12 09:24:00,1778549040,42091.0,42121.0,42070.0,42105.0,566.0
2026-05-12 09:25:00,1778549100,42103.0,42118.0,42057.0,42061.0,733.0
2026-05-12 09:26:00,1778549160,42059.0,42073.0,41973.0,41986.0,1948.0
2026-05-12 09:27:00,1778549220,41986.0,42007.0,41915.0,41934.0,2140.0
2026-05-12 09:28:00,1778549280,41933.0,42007.0,41930.0,41993.0,1386.0
2026-05-12 09:29:00,1778549340,42000.0,42045.0,41996.0,42005.0,1042.0
2026-05-12 09:30:00,1778549400,42004.0,42015.0,41904.0,41918.0,1815.0
2026-05-12 09:31:00,1778549460,41923.0,41977.0,41915.0,41938.0,831.0
2026-05-12 09:32:00,1778549520,41942.0,41974.0,41927.0,41934.0,541.0
2026-05-12 09:33:00,1778549580,41935.0,41935.0,41883.0,41884.0,1436.0
2026-05-12 09:34:00,1778549640,41883.0,41894.0,41813.0,41843.0,2060.0
2026-05-12 09:35:00,1778549700,41840.0,41843.0,41765.0,41824.0,2254.0
2026-05-12 09:36:00,1778549760,41827.0,41846.0,41701.0,41739.0,2663.0
2026-05-12 09:37:00,1778549820,41737.0,41830.0,41733.0,41789.0,1475.0
2026-05-12 09:38:00,1778549880,41789.0,41795.0,41706.0,41727.0,1124.0
2026-05-12 09:39:00,1778549940,41725.0,41735.0,41668.0,41683.0,1644.0
2026-05-12 09:40:00,1778550000,41677.0,41688.0,41631.0,41635.0,2019.0
2026-05-12 09:41:00,1778550060,41634.0,41680.0,41605.0,41669.0,1611.0
2026-05-12 09:42:00,1778550120,41675.0,41743.0,41673.0,41728.0,1790.0
2026-05-12 09:43:00,1778550180,41729.0,41780.0,41714.0,41765.0,1482.0
2026-05-12 09:44:00,1778550240,41766.0,41841.0,41757.0,41811.0,1636.0
2026-05-12 09:45:00,1778550300,41812.0,41867.0,41809.0,41820.0,1742.0
2026-05-12 09:46:00,1778550360,41820.0,41876.0,41808.0,41874.0,978.0
2026-05-12 09:47:00,1778550420,41874.0,41885.0,41832.0,41842.0,965.0
2026-05-12 09:48:00,1778550480,41844.0,41854.0,41793.0,41842.0,775.0
2026-05-12 09:49:00,1778550540,41836.0,41847.0,41806.0,41832.0,489.0
2026-05-12 09:50:00,1778550600,41831.0,41870.0,41820.0,41851.0,612.0
2026-05-12 09:51:00,1778550660,41852.0,41868.0,41840.0,41845.0,362.0
2026-05-12 09:52:00,1778550720,41844.0,41873.0,41830.0,41840.0,400.0
2026-05-12 09:53:00,1778550780,41839.0,41847.0,41803.0,41825.0,503.0
2026-05-12 09:54:00,1778550840,41827.0,41842.0,41775.0,41810.0,750.0
2026-05-12 09:55:00,1778550900,41808.0,41823.0,41756.0,41814.0,684.0
2026-05-12 09:56:00,1778550960,41815.0,41822.0,41773.0,41815.0,329.0
2026-05-12 09:57:00,1778551020,41813.0,41835.0,41789.0,41793.0,460.0
2026-05-12 09:58:00,1778551080,41795.0,41811.0,41760.0,41803.0,490.0
2026-05-12 09:59:00,1778551140,41808.0,41839.0,41779.0,41816.0,420.0
2026-05-12 10:00:00,1778551200,41817.0,41843.0,41773.0,41820.0,610.0
2026-05-12 10:01:00,1778551260,41824.0,41824.0,41775.0,41802.0,380.0
2026-05-12 10:02:00,1778551320,41795.0,41802.0,41766.0,41769.0,339.0
2026-05-12 10:03:00,1778551380,41769.0,41784.0,41742.0,41782.0,629.0
2026-05-12 10:04:00,1778551440,41783.0,41861.0,41778.0,41840.0,957.0
2026-05-12 10:05:00,1778551500,41842.0,41863.0,41832.0,41840.0,553.0
2026-05-12 10:06:00,1778551560,41840.0,41842.0,41801.0,41830.0,340.0
2026-05-12 10:07:00,1778551620,41828.0,41860.0,41807.0,41828.0,446.0
2026-05-12 10:08:00,1778551680,41828.0,41855.0,41811.0,41844.0,235.0
2026-05-12 10:09:00,1778551740,41849.0,41903.0,41845.0,41895.0,1116.0
2026-05-12 10:10:00,1778551800,41895.0,41965.0,41888.0,41939.0,1550.0
2026-05-12 10:11:00,1778551860,41938.0,41957.0,41918.0,41948.0,697.0
2026-05-12 10:12:00,1778551920,41946.0,41975.0,41945.0,41967.0,677.0
2026-05-12 10:13:00,1778551980,41969.0,41996.0,41963.0,41978.0,1031.0
2026-05-12 10:14:00,1778552040,41978.0,41980.0,41941.0,41976.0,613.0
2026-05-12 10:15:00,1778552100,41978.0,41988.0,41909.0,41923.0,817.0
2026-05-12 10:16:00,1778552160,41922.0,41934.0,41886.0,41906.0,614.0
2026-05-12 10:17:00,1778552220,41905.0,41923.0,41900.0,41906.0,326.0
2026-05-12 10:18:00,1778552280,41904.0,41911.0,41887.0,41893.0,338.0
2026-05-12 10:19:00,1778552340,41896.0,41903.0,41870.0,41877.0,373.0
2026-05-12 10:20:00,1778552400,41873.0,41910.0,41872.0,41906.0,330.0
2026-05-12 10:21:00,1778552460,41906.0,41939.0,41902.0,41921.0,430.0
2026-05-12 10:22:00,1778552520,41919.0,41931.0,41905.0,41916.0,186.0
2026-05-12 10:23:00,1778552580,41917.0,41933.0,41914.0,41933.0,142.0
2026-05-12 10:24:00,1778552640,41928.0,41942.0,41923.0,41938.0,188.0
2026-05-12 10:25:00,1778552700,41939.0,41959.0,41926.0,41942.0,390.0
2026-05-12 10:26:00,1778552760,41942.0,41961.0,41937.0,41956.0,241.0
2026-05-12 10:27:00,1778552820,41958.0,41969.0,41930.0,41947.0,286.0
2026-05-12 10:28:00,1778552880,41947.0,41956.0,41927.0,41944.0,210.0
2026-05-12 10:29:00,1778552940,41944.0,41959.0,41939.0,41956.0,126.0
2026-05-12 10:30:00,1778553000,41950.0,41957.0,41901.0,41911.0,360.0
2026-05-12 10:31:00,1778553060,41913.0,41943.0,41907.0,41943.0,209.0
2026-05-12 10:32:00,1778553120,41942.0,41942.0,41915.0,41924.0,124.0
2026-05-12 10:33:00,1778553180,41920.0,41921.0,41888.0,41890.0,361.0
2026-05-12 10:34:00,1778553240,41890.0,41908.0,41877.0,41898.0,278.0
2026-05-12 10:35:00,1778553300,41900.0,41901.0,41876.0,41897.0,188.0
2026-05-12 10:36:00,1778553360,41894.0,41895.0,41875.0,41883.0,166.0
2026-05-12 10:37:00,1778553420,41884.0,41908.0,41874.0,41907.0,179.0
2026-05-12 10:38:00,1778553480,41908.0,41911.0,41888.0,41896.0,148.0
2026-05-12 10:39:00,1778553540,41896.0,41904.0,41883.0,41893.0,129.0
2026-05-12 10:40:00,1778553600,41892.0,41893.0,41873.0,41878.0,190.0
2026-05-12 10:41:00,1778553660,41877.0,41887.0,41858.0,41885.0,382.0
2026-05-12 10:42:00,1778553720,41881.0,41916.0,41876.0,41903.0,301.0
2026-05-12 10:43:00,1778553780,41906.0,41949.0,41897.0,41916.0,376.0
2026-05-12 10:44:00,1778553840,41921.0,41934.0,41907.0,41921.0,227.0
2026-05-12 10:45:00,1778553900,41920.0,41945.0,41920.0,41934.0,291.0
2026-05-12 10:46:00,1778553960,41933.0,41974.0,41932.0,41971.0,596.0
2026-05-12 10:47:00,1778554020,41974.0,41992.0,41956.0,41956.0,568.0
2026-05-12 10:48:00,1778554080,41956.0,41961.0,41940.0,41952.0,229.0
2026-05-12 10:49:00,1778554140,41948.0,42003.0,41929.0,42002.0,744.0
2026-05-12 10:50:00,1778554200,42003.0,42026.0,41988.0,42010.0,784.0
2026-05-12 10:51:00,1778554260,42011.0,42040.0,41997.0,42037.0,531.0
2026-05-12 10:52:00,1778554320,42036.0,42058.0,42032.0,42056.0,751.0
2026-05-12 10:53:00,1778554380,42058.0,42096.0,42053.0,42066.0,892.0
2026-05-12 10:54:00,1778554440,42068.0,42068.0,42035.0,42044.0,426.0
2026-05-12 10:55:00,1778554500,42038.0,42042.0,42020.0,42031.0,383.0
2026-05-12 10:56:00,1778554560,42028.0,42048.0,42021.0,42036.0,274.0
2026-05-12 10:57:00,1778554620,42038.0,42052.0,42034.0,42043.0,229.0
2026-05-12 10:58:00,1778554680,42043.0,42061.0,42033.0,42047.0,217.0
2026-05-12 10:59:00,1778554740,42050.0,42053.0,42022.0,42052.0,251.0
2026-05-12 11:00:00,1778554800,42053.0,42084.0,42050.0,42081.0,494.0
2026-05-12 11:01:00,1778554860,42082.0,42107.0,42055.0,42061.0,722.0
2026-05-12 11:02:00,1778554920,42062.0,42063.0,42030.0,42037.0,352.0
2026-05-12 11:03:00,1778554980,42035.0,42044.0,42016.0,42022.0,302.0
2026-05-12 11:04:00,1778555040,42024.0,42024.0,41997.0,42013.0,464.0
2026-05-12 11:05:00,1778555100,42010.0,42036.0,42008.0,42019.0,234.0
2026-05-12 11:06:00,1778555160,42018.0,42054.0,42009.0,42040.0,323.0
2026-05-12 11:07:00,1778555220,42038.0,42086.0,42038.0,42085.0,390.0
2026-05-12 11:08:00,1778555280,42084.0,42106.0,42080.0,42085.0,519.0
2026-05-12 11:09:00,1778555340,42088.0,42133.0,42087.0,42133.0,958.0
2026-05-12 11:10:00,1778555400,42131.0,42149.0,42115.0,42118.0,670.0
2026-05-12 11:11:00,1778555460,42115.0,42130.0,42090.0,42120.0,367.0
2026-05-12 11:12:00,1778555520,42119.0,42134.0,42104.0,42114.0,244.0
2026-05-12 11:13:00,1778555580,42121.0,42123.0,42091.0,42104.0,316.0
2026-05-12 11:14:00,1778555640,42106.0,42119.0,42103.0,42108.0,156.0
2026-05-12 11:15:00,1778555700,42111.0,42114.0,42085.0,42090.0,307.0
2026-05-12 11:16:00,1778555760,42090.0,42098.0,42056.0,42079.0,359.0
2026-05-12 11:17:00,1778555820,42081.0,42081.0,42057.0,42072.0,247.0
2026-05-12 11:18:00,1778555880,42069.0,42078.0,42065.0,42070.0,123.0
2026-05-12 11:19:00,1778555940,42070.0,42080.0,42056.0,42077.0,155.0
2026-05-12 11:20:00,1778556000,42076.0,42081.0,42061.0,42071.0,164.0
2026-05-12 11:21:00,1778556060,42072.0,42104.0,42068.0,42095.0,267.0
2026-05-12 11:22:00,1778556120,42094.0,42095.0,42071.0,42086.0,118.0
2026-05-12 11:23:00,1778556180,42085.0,42089.0,42065.0,42065.0,111.0
2026-05-12 11:24:00,1778556240,42065.0,42078.0,42061.0,42075.0,121.0
2026-05-12 11:25:00,1778556300,42077.0,42082.0,42066.0,42078.0,99.0
2026-05-12 11:26:00,1778556360,42081.0,42091.0,42058.0,42081.0,156.0
2026-05-12 11:27:00,1778556420,42082.0,42086.0,42070.0,42081.0,114.0
2026-05-12 11:28:00,1778556480,42076.0,42094.0,42068.0,42093.0,110.0
2026-05-12 11:29:00,1778556540,42091.0,42093.0,42077.0,42080.0,63.0
2026-05-12 11:30:00,1778556600,42083.0,42116.0,42082.0,42116.0,310.0
2026-05-12 11:31:00,1778556660,42116.0,42125.0,42100.0,42110.0,252.0
2026-05-12 11:32:00,1778556720,42109.0,42123.0,42105.0,42112.0,205.0
2026-05-12 11:33:00,1778556780,42110.0,42118.0,42093.0,42105.0,123.0
2026-05-12 11:34:00,1778556840,42097.0,42103.0,42086.0,42095.0,127.0
2026-05-12 11:35:00,1778556900,42092.0,42106.0,42081.0,42097.0,150.0
2026-05-12 11:36:00,1778556960,42101.0,42105.0,42089.0,42102.0,54.0
2026-05-12 11:37:00,1778557020,42099.0,42137.0,42099.0,42117.0,339.0
2026-05-12 11:38:00,1778557080,42118.0,42134.0,42114.0,42131.0,130.0
2026-05-12 11:39:00,1778557140,42132.0,42134.0,42120.0,42126.0,76.0
2026-05-12 11:40:00,1778557200,42126.0,42138.0,42115.0,42122.0,189.0
2026-05-12 11:41:00,1778557260,42123.0,42143.0,42123.0,42140.0,220.0
2026-05-12 11:42:00,1778557320,42140.0,42156.0,42132.0,42148.0,471.0
2026-05-12 11:43:00,1778557380,42149.0,42163.0,42138.0,42143.0,386.0
2026-05-12 11:44:00,1778557440,42142.0,42144.0,42118.0,42129.0,255.0
2026-05-12 11:45:00,1778557500,42129.0,42145.0,42125.0,42129.0,241.0
2026-05-12 11:46:00,1778557560,42127.0,42129.0,42092.0,42094.0,385.0
2026-05-12 11:47:00,1778557620,42096.0,42106.0,42091.0,42100.0,179.0
2026-05-12 11:48:00,1778557680,42102.0,42105.0,42086.0,42095.0,198.0
2026-05-12 11:49:00,1778557740,42093.0,42107.0,42086.0,42103.0,122.0
2026-05-12 11:50:00,1778557800,42102.0,42111.0,42085.0,42105.0,139.0
2026-05-12 11:51:00,1778557860,42104.0,42105.0,42090.0,42101.0,78.0
2026-05-12 11:52:00,1778557920,42100.0,42100.0,42086.0,42094.0,131.0
2026-05-12 11:53:00,1778557980,42093.0,42101.0,42087.0,42094.0,178.0
2026-05-12 11:54:00,1778558040,42092.0,42100.0,42084.0,42095.0,127.0
2026-05-12 11:55:00,1778558100,42094.0,42116.0,42091.0,42112.0,202.0
2026-05-12 11:56:00,1778558160,42112.0,42112.0,42085.0,42088.0,103.0
2026-05-12 11:57:00,1778558220,42093.0,42101.0,42084.0,42095.0,107.0
2026-05-12 11:58:00,1778558280,42095.0,42114.0,42092.0,42103.0,118.0
2026-05-12 11:59:00,1778558340,42105.0,42120.0,42101.0,42117.0,114.0
2026-05-12 12:00:00,1778558400,42118.0,42152.0,42117.0,42133.0,451.0
2026-05-12 12:01:00,1778558460,42139.0,42170.0,42135.0,42162.0,487.0
2026-05-12 12:02:00,1778558520,42162.0,42185.0,42152.0,42164.0,505.0
2026-05-12 12:03:00,1778558580,42165.0,42185.0,42152.0,42177.0,292.0
2026-05-12 12:04:00,1778558640,42178.0,42192.0,42165.0,42192.0,384.0
2026-05-12 12:05:00,1778558700,42191.0,42223.0,42186.0,42218.0,958.0
2026-05-12 12:06:00,1778558760,42217.0,42229.0,42202.0,42204.0,392.0
2026-05-12 12:07:00,1778558820,42209.0,42223.0,42207.0,42220.0,176.0
2026-05-12 12:08:00,1778558880,42221.0,42231.0,42214.0,42225.0,202.0
2026-05-12 12:09:00,1778558940,42224.0,42229.0,42192.0,42193.0,264.0
2026-05-12 12:10:00,1778559000,42192.0,42198.0,42156.0,42161.0,495.0
2026-05-12 12:11:00,1778559060,42164.0,42168.0,42130.0,42135.0,356.0
2026-05-12 12:12:00,1778559120,42133.0,42138.0,42124.0,42130.0,270.0
2026-05-12 12:13:00,1778559180,42128.0,42157.0,42127.0,42145.0,268.0
2026-05-12 12:14:00,1778559240,42144.0,42164.0,42142.0,42161.0,183.0
2026-05-12 12:15:00,1778559300,42162.0,42193.0,42149.0,42193.0,326.0
2026-05-12 12:16:00,1778559360,42192.0,42197.0,42169.0,42176.0,186.0
2026-05-12 12:17:00,1778559420,42180.0,42198.0,42177.0,42183.0,150.0
2026-05-12 12:18:00,1778559480,42183.0,42185.0,42171.0,42177.0,100.0
2026-05-12 12:19:00,1778559540,42175.0,42196.0,42172.0,42193.0,100.0
2026-05-12 12:20:00,1778559600,42194.0,42218.0,42192.0,42208.0,337.0
2026-05-12 12:21:00,1778559660,42207.0,42223.0,42200.0,42213.0,189.0
2026-05-12 12:22:00,1778559720,42212.0,42223.0,42205.0,42213.0,131.0
2026-05-12 12:23:00,1778559780,42210.0,42214.0,42193.0,42204.0,135.0
2026-05-12 12:24:00,1778559840,42204.0,42204.0,42190.0,42196.0,96.0
2026-05-12 12:25:00,1778559900,42198.0,42204.0,42190.0,42196.0,145.0
2026-05-12 12:26:00,1778559960,42201.0,42214.0,42195.0,42203.0,155.0
2026-05-12 12:27:00,1778560020,42209.0,42214.0,42183.0,42190.0,136.0
2026-05-12 12:28:00,1778560080,42190.0,42193.0,42168.0,42175.0,277.0
2026-05-12 12:29:00,1778560140,42173.0,42193.0,42169.0,42188.0,191.0
2026-05-12 12:30:00,1778560200,42186.0,42204.0,42185.0,42190.0,185.0
2026-05-12 12:31:00,1778560260,42188.0,42201.0,42180.0,42191.0,103.0
2026-05-12 12:32:00,1778560320,42186.0,42220.0,42186.0,42215.0,257.0
2026-05-12 12:33:00,1778560380,42216.0,42224.0,42207.0,42209.0,266.0
2026-05-12 12:34:00,1778560440,42205.0,42208.0,42197.0,42202.0,154.0
2026-05-12 12:35:00,1778560500,42205.0,42207.0,42198.0,42205.0,93.0
2026-05-12 12:36:00,1778560560,42205.0,42213.0,42197.0,42199.0,135.0
2026-05-12 12:37:00,1778560620,42201.0,42222.0,42199.0,42214.0,208.0
2026-05-12 12:38:00,1778560680,42217.0,42221.0,42195.0,42198.0,187.0
2026-05-12 12:39:00,1778560740,42201.0,42217.0,42192.0,42215.0,158.0
2026-05-12 12:40:00,1778560800,42215.0,42230.0,42209.0,42226.0,340.0
2026-05-12 12:41:00,1778560860,42224.0,42228.0,42208.0,42213.0,144.0
2026-05-12 12:42:00,1778560920,42216.0,42230.0,42213.0,42230.0,239.0
2026-05-12 12:43:00,1778560980,42231.0,42239.0,42219.0,42220.0,418.0
2026-05-12 12:44:00,1778561040,42220.0,42235.0,42213.0,42231.0,150.0
2026-05-12 12:45:00,1778561100,42232.0,42250.0,42229.0,42244.0,474.0
2026-05-12 12:46:00,1778561160,42245.0,42249.0,42238.0,42238.0,172.0
2026-05-12 12:47:00,1778561220,42238.0,42245.0,42214.0,42214.0,213.0
2026-05-12 12:48:00,1778561280,42217.0,42221.0,42203.0,42207.0,209.0
2026-05-12 12:49:00,1778561340,42209.0,42213.0,42188.0,42189.0,281.0
2026-05-12 12:50:00,1778561400,42191.0,42199.0,42157.0,42159.0,400.0
2026-05-12 12:51:00,1778561460,42161.0,42170.0,42143.0,42155.0,473.0
2026-05-12 12:52:00,1778561520,42152.0,42152.0,42122.0,42122.0,451.0
2026-05-12 12:53:00,1778561580,42123.0,42150.0,42115.0,42145.0,394.0
2026-05-12 12:54:00,1778561640,42144.0,42145.0,42128.0,42139.0,185.0
2026-05-12 12:55:00,1778561700,42140.0,42144.0,42123.0,42130.0,218.0
2026-05-12 12:56:00,1778561760,42130.0,42134.0,42081.0,42086.0,714.0
2026-05-12 12:57:00,1778561820,42084.0,42096.0,42078.0,42093.0,480.0
2026-05-12 12:58:00,1778561880,42092.0,42092.0,42057.0,42085.0,532.0
2026-05-12 12:59:00,1778561940,42085.0,42087.0,42050.0,42051.0,348.0
2026-05-12 13:00:00,1778562000,42050.0,42051.0,42005.0,42031.0,999.0
2026-05-12 13:01:00,1778562060,42031.0,42073.0,42025.0,42060.0,530.0
2026-05-12 13:02:00,1778562120,42066.0,42070.0,42044.0,42058.0,268.0
2026-05-12 13:03:00,1778562180,42056.0,42085.0,42055.0,42081.0,281.0
2026-05-12 13:04:00,1778562240,42086.0,42116.0,42081.0,42116.0,386.0
2026-05-12 13:05:00,1778562300,42117.0,42128.0,42107.0,42119.0,390.0
2026-05-12 13:06:00,1778562360,42117.0,42128.0,42108.0,42108.0,202.0
2026-05-12 13:07:00,1778562420,42107.0,42108.0,42091.0,42096.0,238.0
2026-05-12 13:08:00,1778562480,42095.0,42100.0,42086.0,42098.0,170.0
2026-05-12 13:09:00,1778562540,42098.0,42104.0,42082.0,42088.0,188.0
2026-05-12 13:10:00,1778562600,42087.0,42095.0,42080.0,42092.0,150.0
2026-05-12 13:11:00,1778562660,42094.0,42100.0,42081.0,42081.0,171.0
2026-05-12 13:12:00,1778562720,42082.0,42085.0,42060.0,42065.0,228.0
2026-05-12 13:13:00,1778562780,42066.0,42067.0,42035.0,42054.0,308.0
2026-05-12 13:14:00,1778562840,42055.0,42057.0,42034.0,42036.0,266.0
2026-05-12 13:15:00,1778562900,42037.0,42046.0,42020.0,42021.0,418.0
2026-05-12 13:16:00,1778562960,42020.0,42024.0,42000.0,42002.0,444.0
2026-05-12 13:17:00,1778563020,42001.0,42014.0,41973.0,42006.0,837.0
2026-05-12 13:18:00,1778563080,42007.0,42033.0,41995.0,42010.0,278.0
2026-05-12 13:19:00,1778563140,42014.0,42028.0,42010.0,42020.0,190.0
2026-05-12 13:20:00,1778563200,42019.0,42034.0,42018.0,42020.0,208.0
2026-05-12 13:21:00,1778563260,42020.0,42028.0,42002.0,42008.0,237.0
2026-05-12 13:22:00,1778563320,42007.0,42008.0,41972.0,42006.0,443.0
2026-05-12 13:23:00,1778563380,42004.0,42023.0,42002.0,42009.0,217.0
2026-05-12 13:24:00,1778563440,42012.0,42014.0,41986.0,41988.0,249.0
2026-05-12 13:25:00,1778563500,41989.0,41995.0,41940.0,41980.0,896.0
2026-05-12 13:26:00,1778563560,41980.0,41996.0,41973.0,41979.0,311.0
2026-05-12 13:27:00,1778563620,41977.0,41988.0,41957.0,41960.0,253.0
2026-05-12 13:28:00,1778563680,41960.0,41973.0,41954.0,41957.0,223.0
2026-05-12 13:29:00,1778563740,41955.0,41957.0,41912.0,41921.0,569.0
2026-05-12 13:30:00,1778563800,41920.0,41927.0,41862.0,41866.0,1509.0
2026-05-12 13:31:00,1778563860,41872.0,41880.0,41854.0,41879.0,683.0
2026-05-12 13:32:00,1778563920,41879.0,41884.0,41818.0,41835.0,767.0
2026-05-12 13:33:00,1778563980,41835.0,41836.0,41818.0,41830.0,453.0
2026-05-12 13:34:00,1778564040,41832.0,41833.0,41773.0,41780.0,1155.0
2026-05-12 13:35:00,1778564100,41781.0,41830.0,41776.0,41830.0,788.0
2026-05-12 13:36:00,1778564160,41831.0,41835.0,41791.0,41794.0,418.0
2026-05-12 13:37:00,1778564220,41794.0,41805.0,41760.0,41805.0,538.0
2026-05-12 13:38:00,1778564280,41804.0,41819.0,41795.0,41796.0,311.0
2026-05-12 13:39:00,1778564340,41795.0,41800.0,41786.0,41790.0,222.0
2026-05-12 13:40:00,1778564400,41792.0,41799.0,41777.0,41783.0,323.0
2026-05-12 13:41:00,1778564460,41783.0,41786.0,41754.0,41763.0,490.0
2026-05-12 13:42:00,1778564520,41764.0,41773.0,41758.0,41769.0,248.0
2026-05-12 13:43:00,1778564580,41771.0,41771.0,41723.0,41731.0,654.0
2026-05-12 13:44:00,1778564640,41733.0,41734.0,41686.0,41697.0,960.0
2026-05-12 13:45:00,1778564700,41699.0,41699.0,41699.0,41699.0,1.0
2026-05-12 15:00:00,1778569200,41620.0,41620.0,41504.0,41539.0,2869.0
2026-05-12 15:01:00,1778569260,41537.0,41554.0,41507.0,41547.0,1120.0
2026-05-12 15:02:00,1778569320,41545.0,41579.0,41539.0,41572.0,627.0
2026-05-12 15:03:00,1778569380,41572.0,41572.0,41536.0,41541.0,505.0
2026-05-12 15:04:00,1778569440,41539.0,41550.0,41511.0,41547.0,449.0
2026-05-12 15:05:00,1778569500,41549.0,41559.0,41527.0,41541.0,319.0
2026-05-12 15:06:00,1778569560,41543.0,41548.0,41490.0,41522.0,793.0
2026-05-12 15:07:00,1778569620,41518.0,41521.0,41486.0,41518.0,630.0
2026-05-12 15:08:00,1778569680,41514.0,41545.0,41508.0,41540.0,331.0
2026-05-12 15:09:00,1778569740,41538.0,41538.0,41507.0,41519.0,231.0
2026-05-12 15:10:00,1778569800,41517.0,41544.0,41509.0,41543.0,298.0
2026-05-12 15:11:00,1778569860,41545.0,41588.0,41543.0,41583.0,646.0
2026-05-12 15:12:00,1778569920,41582.0,41603.0,41580.0,41601.0,420.0
2026-05-12 15:13:00,1778569980,41602.0,41606.0,41583.0,41585.0,294.0
2026-05-12 15:14:00,1778570040,41587.0,41606.0,41584.0,41598.0,219.0
2026-05-12 15:15:00,1778570100,41596.0,41618.0,41592.0,41615.0,327.0
2026-05-12 15:16:00,1778570160,41615.0,41633.0,41614.0,41632.0,430.0
2026-05-12 15:17:00,1778570220,41630.0,41636.0,41612.0,41619.0,272.0
2026-05-12 15:18:00,1778570280,41618.0,41652.0,41618.0,41648.0,358.0
2026-05-12 15:19:00,1778570340,41648.0,41675.0,41646.0,41670.0,446.0
2026-05-12 15:20:00,1778570400,41673.0,41684.0,41668.0,41673.0,355.0
2026-05-12 15:21:00,1778570460,41670.0,41690.0,41669.0,41675.0,423.0
2026-05-12 15:22:00,1778570520,41676.0,41686.0,41667.0,41686.0,186.0
2026-05-12 15:23:00,1778570580,41685.0,41687.0,41673.0,41675.0,107.0
2026-05-12 15:24:00,1778570640,41675.0,41676.0,41646.0,41647.0,289.0
2026-05-12 15:25:00,1778570700,41649.0,41660.0,41644.0,41649.0,171.0
2026-05-12 15:26:00,1778570760,41650.0,41650.0,41617.0,41628.0,308.0
2026-05-12 15:27:00,1778570820,41627.0,41627.0,41618.0,41625.0,133.0
2026-05-12 15:28:00,1778570880,41624.0,41642.0,41620.0,41641.0,131.0
2026-05-12 15:29:00,1778570940,41639.0,41642.0,41634.0,41639.0,89.0
2026-05-12 15:30:00,1778571000,41640.0,41645.0,41631.0,41640.0,213.0
2026-05-12 15:31:00,1778571060,41640.0,41640.0,41625.0,41631.0,73.0
2026-05-12 15:32:00,1778571120,41629.0,41643.0,41627.0,41641.0,72.0
2026-05-12 15:33:00,1778571180,41642.0,41664.0,41639.0,41657.0,242.0
2026-05-12 15:34:00,1778571240,41658.0,41667.0,41655.0,41658.0,139.0
2026-05-12 15:35:00,1778571300,41659.0,41663.0,41641.0,41643.0,116.0
2026-05-12 15:36:00,1778571360,41645.0,41660.0,41642.0,41659.0,63.0
2026-05-12 15:37:00,1778571420,41658.0,41665.0,41657.0,41657.0,84.0
2026-05-12 15:38:00,1778571480,41659.0,41660.0,41651.0,41654.0,48.0
2026-05-12 15:39:00,1778571540,41650.0,41653.0,41645.0,41653.0,79.0
2026-05-12 15:40:00,1778571600,41651.0,41655.0,41643.0,41643.0,42.0
2026-05-12 15:41:00,1778571660,41645.0,41647.0,41634.0,41642.0,62.0
2026-05-12 15:42:00,1778571720,41644.0,41648.0,41623.0,41623.0,104.0
2026-05-12 15:43:00,1778571780,41622.0,41628.0,41621.0,41623.0,102.0
2026-05-12 15:44:00,1778571840,41624.0,41627.0,41615.0,41620.0,161.0
2026-05-12 15:45:00,1778571900,41620.0,41625.0,41606.0,41614.0,240.0
2026-05-12 15:46:00,1778571960,41613.0,41613.0,41600.0,41607.0,277.0
2026-05-12 15:47:00,1778572020,41606.0,41609.0,41601.0,41606.0,90.0
2026-05-12 15:48:00,1778572080,41606.0,41617.0,41606.0,41611.0,109.0
2026-05-12 15:49:00,1778572140,41611.0,41628.0,41607.0,41628.0,101.0
2026-05-12 15:50:00,1778572200,41627.0,41637.0,41623.0,41634.0,112.0
2026-05-12 15:51:00,1778572260,41635.0,41639.0,41622.0,41625.0,97.0
2026-05-12 15:52:00,1778572320,41625.0,41628.0,41605.0,41611.0,87.0
2026-05-12 15:53:00,1778572380,41612.0,41612.0,41590.0,41590.0,249.0
2026-05-12 15:54:00,1778572440,41591.0,41599.0,41571.0,41591.0,351.0
2026-05-12 15:55:00,1778572500,41591.0,41604.0,41585.0,41599.0,152.0
2026-05-12 15:56:00,1778572560,41598.0,41610.0,41596.0,41609.0,115.0
2026-05-12 15:57:00,1778572620,41610.0,41626.0,41605.0,41619.0,132.0
2026-05-12 15:58:00,1778572680,41622.0,41622.0,41613.0,41615.0,71.0
2026-05-12 15:59:00,1778572740,41614.0,41623.0,41610.0,41623.0,73.0
2026-05-12 16:00:00,1778572800,41625.0,41636.0,41609.0,41609.0,222.0
2026-05-12 16:01:00,1778572860,41608.0,41612.0,41573.0,41583.0,234.0
2026-05-12 16:02:00,1778572920,41579.0,41592.0,41577.0,41583.0,100.0
2026-05-12 16:03:00,1778572980,41583.0,41583.0,41555.0,41570.0,340.0
2026-05-12 16:04:00,1778573040,41567.0,41580.0,41563.0,41570.0,123.0
2026-05-12 16:05:00,1778573100,41569.0,41585.0,41565.0,41576.0,155.0
2026-05-12 16:06:00,1778573160,41577.0,41577.0,41556.0,41569.0,168.0
2026-05-12 16:07:00,1778573220,41568.0,41569.0,41560.0,41566.0,80.0
2026-05-12 16:08:00,1778573280,41565.0,41573.0,41556.0,41564.0,131.0
2026-05-12 16:09:00,1778573340,41561.0,41585.0,41557.0,41581.0,107.0
2026-05-12 16:10:00,1778573400,41579.0,41583.0,41550.0,41560.0,208.0
2026-05-12 16:11:00,1778573460,41555.0,41557.0,41547.0,41550.0,169.0
2026-05-12 16:12:00,1778573520,41555.0,41562.0,41535.0,41546.0,254.0
2026-05-12 16:13:00,1778573580,41548.0,41568.0,41545.0,41564.0,116.0
2026-05-12 16:14:00,1778573640,41563.0,41572.0,41554.0,41555.0,155.0
2026-05-12 16:15:00,1778573700,41556.0,41558.0,41530.0,41548.0,305.0
2026-05-12 16:16:00,1778573760,41545.0,41583.0,41543.0,41581.0,213.0
2026-05-12 16:17:00,1778573820,41581.0,41595.0,41573.0,41574.0,223.0
2026-05-12 16:18:00,1778573880,41574.0,41600.0,41574.0,41593.0,164.0
2026-05-12 16:19:00,1778573940,41591.0,41603.0,41589.0,41597.0,151.0
2026-05-12 16:20:00,1778574000,41602.0,41612.0,41596.0,41600.0,153.0
2026-05-12 16:21:00,1778574060,41599.0,41607.0,41595.0,41604.0,81.0
2026-05-12 16:22:00,1778574120,41605.0,41614.0,41605.0,41611.0,111.0
2026-05-12 16:23:00,1778574180,41612.0,41619.0,41606.0,41618.0,122.0
2026-05-12 16:24:00,1778574240,41615.0,41619.0,41597.0,41598.0,135.0
2026-05-12 16:25:00,1778574300,41596.0,41596.0,41582.0,41593.0,150.0
2026-05-12 16:26:00,1778574360,41590.0,41610.0,41587.0,41608.0,65.0
2026-05-12 16:27:00,1778574420,41607.0,41622.0,41606.0,41619.0,118.0
2026-05-12 16:28:00,1778574480,41618.0,41625.0,41609.0,41625.0,136.0
2026-05-12 16:29:00,1778574540,41625.0,41628.0,41613.0,41617.0,143.0
2026-05-12 16:30:00,1778574600,41618.0,41620.0,41605.0,41609.0,103.0
2026-05-12 16:31:00,1778574660,41609.0,41625.0,41601.0,41621.0,87.0
2026-05-12 16:32:00,1778574720,41624.0,41625.0,41615.0,41620.0,84.0
2026-05-12 16:33:00,1778574780,41616.0,41626.0,41597.0,41599.0,126.0
2026-05-12 16:34:00,1778574840,41598.0,41604.0,41590.0,41604.0,95.0
2026-05-12 16:35:00,1778574900,41605.0,41611.0,41594.0,41611.0,46.0
2026-05-12 16:36:00,1778574960,41611.0,41614.0,41588.0,41588.0,91.0
2026-05-12 16:37:00,1778575020,41588.0,41590.0,41580.0,41590.0,86.0
2026-05-12 16:38:00,1778575080,41594.0,41605.0,41590.0,41605.0,44.0
2026-05-12 16:39:00,1778575140,41603.0,41614.0,41600.0,41606.0,67.0
2026-05-12 16:40:00,1778575200,41605.0,41609.0,41597.0,41598.0,50.0
2026-05-12 16:41:00,1778575260,41596.0,41598.0,41576.0,41580.0,119.0
2026-05-12 16:42:00,1778575320,41583.0,41586.0,41573.0,41577.0,106.0
2026-05-12 16:43:00,1778575380,41576.0,41587.0,41566.0,41587.0,138.0
2026-05-12 16:44:00,1778575440,41588.0,41592.0,41579.0,41585.0,60.0
2026-05-12 16:45:00,1778575500,41582.0,41605.0,41577.0,41596.0,161.0
2026-05-12 16:46:00,1778575560,41596.0,41596.0,41560.0,41574.0,151.0
2026-05-12 16:47:00,1778575620,41576.0,41576.0,41560.0,41564.0,80.0
2026-05-12 16:48:00,1778575680,41568.0,41581.0,41565.0,41576.0,63.0
2026-05-12 16:49:00,1778575740,41573.0,41574.0,41559.0,41573.0,55.0
2026-05-12 16:50:00,1778575800,41574.0,41578.0,41565.0,41572.0,65.0
2026-05-12 16:51:00,1778575860,41571.0,41574.0,41565.0,41565.0,44.0
2026-05-12 16:52:00,1778575920,41564.0,41574.0,41548.0,41572.0,218.0
2026-05-12 16:53:00,1778575980,41575.0,41579.0,41560.0,41564.0,71.0
2026-05-12 16:54:00,1778576040,41565.0,41575.0,41562.0,41570.0,74.0
2026-05-12 16:55:00,1778576100,41570.0,41570.0,41547.0,41553.0,114.0
2026-05-12 16:56:00,1778576160,41553.0,41557.0,41548.0,41555.0,84.0
2026-05-12 16:57:00,1778576220,41557.0,41572.0,41555.0,41570.0,59.0
2026-05-12 16:58:00,1778576280,41568.0,41575.0,41566.0,41572.0,50.0
2026-05-12 16:59:00,1778576340,41573.0,41573.0,41557.0,41568.0,87.0
2026-05-12 17:00:00,1778576400,41565.0,41565.0,41537.0,41541.0,302.0
2026-05-12 17:01:00,1778576460,41538.0,41547.0,41526.0,41547.0,220.0
2026-05-12 17:02:00,1778576520,41546.0,41567.0,41537.0,41567.0,134.0
2026-05-12 17:03:00,1778576580,41567.0,41570.0,41551.0,41559.0,83.0
2026-05-12 17:04:00,1778576640,41557.0,41562.0,41541.0,41544.0,86.0
2026-05-12 17:05:00,1778576700,41547.0,41555.0,41515.0,41520.0,303.0
2026-05-12 17:06:00,1778576760,41519.0,41528.0,41502.0,41522.0,325.0
2026-05-12 17:07:00,1778576820,41520.0,41520.0,41506.0,41509.0,163.0
2026-05-12 17:08:00,1778576880,41508.0,41515.0,41500.0,41510.0,200.0
2026-05-12 17:09:00,1778576940,41514.0,41528.0,41497.0,41528.0,305.0
2026-05-12 17:10:00,1778577000,41528.0,41531.0,41516.0,41525.0,120.0
2026-05-12 17:11:00,1778577060,41524.0,41541.0,41521.0,41535.0,153.0
2026-05-12 17:12:00,1778577120,41535.0,41550.0,41532.0,41541.0,108.0
2026-05-12 17:13:00,1778577180,41543.0,41558.0,41543.0,41554.0,101.0
2026-05-12 17:14:00,1778577240,41555.0,41570.0,41555.0,41567.0,192.0
2026-05-12 17:15:00,1778577300,41567.0,41570.0,41559.0,41570.0,122.0
2026-05-12 17:16:00,1778577360,41569.0,41573.0,41554.0,41554.0,122.0
2026-05-12 17:17:00,1778577420,41557.0,41557.0,41540.0,41551.0,109.0
2026-05-12 17:18:00,1778577480,41552.0,41561.0,41550.0,41557.0,38.0
2026-05-12 17:19:00,1778577540,41555.0,41556.0,41537.0,41538.0,62.0
2026-05-12 17:20:00,1778577600,41539.0,41539.0,41526.0,41538.0,96.0
2026-05-12 17:21:00,1778577660,41532.0,41540.0,41526.0,41537.0,52.0
2026-05-12 17:22:00,1778577720,41537.0,41537.0,41523.0,41534.0,79.0
2026-05-12 17:23:00,1778577780,41534.0,41557.0,41532.0,41557.0,67.0
2026-05-12 17:24:00,1778577840,41557.0,41569.0,41552.0,41568.0,93.0
2026-05-12 17:25:00,1778577900,41567.0,41575.0,41563.0,41565.0,100.0
2026-05-12 17:26:00,1778577960,41563.0,41566.0,41547.0,41550.0,60.0
2026-05-12 17:27:00,1778578020,41554.0,41557.0,41535.0,41537.0,73.0
2026-05-12 17:28:00,1778578080,41540.0,41554.0,41540.0,41542.0,42.0
2026-05-12 17:29:00,1778578140,41539.0,41540.0,41524.0,41536.0,146.0
2026-05-12 17:30:00,1778578200,41537.0,41604.0,41533.0,41599.0,574.0
2026-05-12 17:31:00,1778578260,41602.0,41619.0,41565.0,41573.0,373.0
2026-05-12 17:32:00,1778578320,41575.0,41592.0,41575.0,41576.0,147.0
2026-05-12 17:33:00,1778578380,41579.0,41603.0,41571.0,41598.0,126.0
2026-05-12 17:34:00,1778578440,41600.0,41630.0,41597.0,41601.0,318.0
2026-05-12 17:35:00,1778578500,41602.0,41606.0,41594.0,41595.0,82.0
2026-05-12 17:36:00,1778578560,41595.0,41603.0,41586.0,41586.0,107.0
2026-05-12 17:37:00,1778578620,41587.0,41600.0,41585.0,41596.0,73.0
2026-05-12 17:38:00,1778578680,41593.0,41598.0,41581.0,41582.0,93.0
2026-05-12 17:39:00,1778578740,41581.0,41600.0,41579.0,41596.0,70.0
2026-05-12 17:40:00,1778578800,41597.0,41604.0,41590.0,41595.0,103.0
2026-05-12 17:41:00,1778578860,41600.0,41613.0,41599.0,41603.0,117.0
2026-05-12 17:42:00,1778578920,41606.0,41609.0,41602.0,41604.0,37.0
2026-05-12 17:43:00,1778578980,41601.0,41610.0,41600.0,41603.0,49.0
2026-05-12 17:44:00,1778579040,41608.0,41608.0,41591.0,41593.0,63.0
2026-05-12 17:45:00,1778579100,41592.0,41601.0,41590.0,41597.0,53.0
2026-05-12 17:46:00,1778579160,41595.0,41600.0,41589.0,41590.0,30.0
2026-05-12 17:47:00,1778579220,41589.0,41593.0,41572.0,41583.0,77.0
2026-05-12 17:48:00,1778579280,41582.0,41594.0,41582.0,41593.0,30.0
2026-05-12 17:49:00,1778579340,41594.0,41597.0,41593.0,41593.0,22.0
2026-05-12 17:50:00,1778579400,41590.0,41597.0,41585.0,41588.0,45.0
2026-05-12 17:51:00,1778579460,41587.0,41591.0,41584.0,41588.0,30.0
2026-05-12 17:52:00,1778579520,41590.0,41594.0,41584.0,41584.0,34.0
2026-05-12 17:53:00,1778579580,41583.0,41586.0,41565.0,41565.0,127.0
2026-05-12 17:54:00,1778579640,41566.0,41566.0,41556.0,41562.0,114.0
2026-05-12 17:55:00,1778579700,41565.0,41567.0,41559.0,41565.0,49.0
2026-05-12 17:56:00,1778579760,41566.0,41573.0,41565.0,41565.0,67.0
2026-05-12 17:57:00,1778579820,41567.0,41567.0,41550.0,41559.0,83.0
2026-05-12 17:58:00,1778579880,41563.0,41569.0,41561.0,41567.0,31.0
2026-05-12 17:59:00,1778579940,41568.0,41568.0,41555.0,41564.0,36.0
2026-05-12 18:00:00,1778580000,41565.0,41566.0,41553.0,41566.0,49.0
2026-05-12 18:01:00,1778580060,41565.0,41575.0,41564.0,41568.0,41.0
2026-05-12 18:02:00,1778580120,41568.0,41572.0,41565.0,41572.0,26.0
2026-05-12 18:03:00,1778580180,41573.0,41584.0,41573.0,41575.0,56.0
2026-05-12 18:04:00,1778580240,41577.0,41582.0,41570.0,41570.0,44.0
2026-05-12 18:05:00,1778580300,41570.0,41577.0,41570.0,41573.0,35.0
2026-05-12 18:06:00,1778580360,41574.0,41575.0,41556.0,41557.0,65.0
2026-05-12 18:07:00,1778580420,41559.0,41576.0,41556.0,41573.0,22.0
2026-05-12 18:08:00,1778580480,41576.0,41590.0,41576.0,41584.0,77.0
2026-05-12 18:09:00,1778580540,41587.0,41590.0,41583.0,41583.0,38.0
2026-05-12 18:10:00,1778580600,41585.0,41593.0,41584.0,41589.0,69.0
2026-05-12 18:11:00,1778580660,41589.0,41603.0,41588.0,41596.0,119.0
2026-05-12 18:12:00,1778580720,41597.0,41600.0,41595.0,41600.0,77.0
2026-05-12 18:13:00,1778580780,41600.0,41601.0,41591.0,41591.0,74.0
2026-05-12 18:14:00,1778580840,41594.0,41594.0,41587.0,41592.0,33.0
2026-05-12 18:15:00,1778580900,41591.0,41592.0,41578.0,41578.0,51.0
2026-05-12 18:16:00,1778580960,41578.0,41585.0,41573.0,41576.0,34.0
2026-05-12 18:17:00,1778581020,41575.0,41579.0,41568.0,41569.0,37.0
2026-05-12 18:18:00,1778581080,41569.0,41575.0,41566.0,41571.0,47.0
2026-05-12 18:19:00,1778581140,41570.0,41576.0,41569.0,41572.0,14.0
2026-05-12 18:20:00,1778581200,41572.0,41572.0,41560.0,41560.0,57.0
2026-05-12 18:21:00,1778581260,41560.0,41570.0,41560.0,41568.0,34.0
2026-05-12 18:22:00,1778581320,41566.0,41570.0,41556.0,41558.0,48.0
2026-05-12 18:23:00,1778581380,41561.0,41565.0,41558.0,41559.0,26.0
2026-05-12 18:24:00,1778581440,41558.0,41560.0,41550.0,41558.0,83.0
2026-05-12 18:25:00,1778581500,41559.0,41559.0,41545.0,41551.0,98.0
2026-05-12 18:26:00,1778581560,41547.0,41553.0,41545.0,41546.0,60.0
2026-05-12 18:27:00,1778581620,41546.0,41546.0,41528.0,41528.0,179.0
2026-05-12 18:28:00,1778581680,41530.0,41537.0,41529.0,41531.0,80.0
2026-05-12 18:29:00,1778581740,41531.0,41542.0,41528.0,41542.0,64.0
2026-05-12 18:30:00,1778581800,41543.0,41548.0,41532.0,41532.0,100.0
2026-05-12 18:31:00,1778581860,41530.0,41536.0,41528.0,41529.0,74.0
2026-05-12 18:32:00,1778581920,41529.0,41532.0,41518.0,41529.0,167.0
2026-05-12 18:33:00,1778581980,41527.0,41536.0,41520.0,41532.0,70.0
2026-05-12 18:34:00,1778582040,41529.0,41540.0,41525.0,41537.0,43.0
2026-05-12 18:35:00,1778582100,41536.0,41540.0,41533.0,41540.0,58.0
2026-05-12 18:36:00,1778582160,41540.0,41555.0,41537.0,41555.0,104.0
2026-05-12 18:37:00,1778582220,41555.0,41558.0,41546.0,41551.0,99.0
2026-05-12 18:38:00,1778582280,41552.0,41561.0,41549.0,41550.0,50.0
2026-05-12 18:39:00,1778582340,41549.0,41549.0,41523.0,41525.0,115.0
2026-05-12 18:40:00,1778582400,41525.0,41529.0,41518.0,41521.0,109.0
2026-05-12 18:41:00,1778582460,41521.0,41523.0,41515.0,41517.0,130.0
2026-05-12 18:42:00,1778582520,41517.0,41519.0,41508.0,41510.0,150.0
2026-05-12 18:43:00,1778582580,41508.0,41515.0,41488.0,41510.0,622.0
2026-05-12 18:44:00,1778582640,41511.0,41524.0,41504.0,41520.0,154.0
2026-05-12 18:45:00,1778582700,41518.0,41528.0,41512.0,41526.0,98.0
2026-05-12 18:46:00,1778582760,41527.0,41528.0,41519.0,41521.0,57.0
2026-05-12 18:47:00,1778582820,41520.0,41521.0,41498.0,41500.0,157.0
2026-05-12 18:48:00,1778582880,41501.0,41508.0,41498.0,41500.0,111.0
2026-05-12 18:49:00,1778582940,41501.0,41508.0,41491.0,41507.0,145.0
2026-05-12 18:50:00,1778583000,41507.0,41534.0,41506.0,41531.0,132.0
2026-05-12 18:51:00,1778583060,41530.0,41533.0,41520.0,41532.0,101.0
2026-05-12 18:52:00,1778583120,41531.0,41538.0,41530.0,41530.0,85.0
2026-05-12 18:53:00,1778583180,41531.0,41539.0,41525.0,41528.0,59.0
2026-05-12 18:54:00,1778583240,41524.0,41528.0,41513.0,41528.0,57.0
2026-05-12 18:55:00,1778583300,41525.0,41526.0,41519.0,41525.0,44.0
2026-05-12 18:56:00,1778583360,41526.0,41542.0,41526.0,41537.0,60.0
2026-05-12 18:57:00,1778583420,41541.0,41549.0,41532.0,41532.0,100.0
2026-05-12 18:58:00,1778583480,41532.0,41538.0,41528.0,41533.0,38.0
2026-05-12 18:59:00,1778583540,41534.0,41536.0,41530.0,41533.0,29.0
2026-05-12 19:00:00,1778583600,41534.0,41548.0,41521.0,41521.0,148.0
2026-05-12 19:01:00,1778583660,41520.0,41527.0,41496.0,41496.0,202.0
2026-05-12 19:02:00,1778583720,41498.0,41508.0,41490.0,41501.0,167.0
2026-05-12 19:03:00,1778583780,41500.0,41505.0,41456.0,41479.0,1118.0
2026-05-12 19:04:00,1778583840,41478.0,41478.0,41454.0,41463.0,389.0
2026-05-12 19:05:00,1778583900,41465.0,41465.0,41422.0,41430.0,802.0
2026-05-12 19:06:00,1778583960,41430.0,41430.0,41406.0,41425.0,580.0
2026-05-12 19:07:00,1778584020,41422.0,41452.0,41421.0,41452.0,346.0
2026-05-12 19:08:00,1778584080,41452.0,41454.0,41435.0,41450.0,215.0
2026-05-12 19:09:00,1778584140,41448.0,41468.0,41446.0,41468.0,161.0
2026-05-12 19:10:00,1778584200,41468.0,41545.0,41464.0,41477.0,1222.0
2026-05-12 19:11:00,1778584260,41478.0,41494.0,41469.0,41470.0,201.0
2026-05-12 19:12:00,1778584320,41470.0,41485.0,41450.0,41453.0,227.0
2026-05-12 19:13:00,1778584380,41456.0,41467.0,41451.0,41453.0,120.0
2026-05-12 19:14:00,1778584440,41455.0,41466.0,41453.0,41453.0,105.0
2026-05-12 19:15:00,1778584500,41453.0,41460.0,41444.0,41449.0,169.0
2026-05-12 19:16:00,1778584560,41445.0,41460.0,41443.0,41460.0,82.0
2026-05-12 19:17:00,1778584620,41458.0,41459.0,41418.0,41420.0,270.0
2026-05-12 19:18:00,1778584680,41422.0,41422.0,41398.0,41410.0,615.0
2026-05-12 19:19:00,1778584740,41410.0,41422.0,41397.0,41411.0,347.0
2026-05-12 19:20:00,1778584800,41415.0,41415.0,41389.0,41394.0,352.0
2026-05-12 19:21:00,1778584860,41400.0,41401.0,41387.0,41400.0,273.0
2026-05-12 19:22:00,1778584920,41402.0,41420.0,41393.0,41418.0,244.0
2026-05-12 19:23:00,1778584980,41418.0,41420.0,41405.0,41417.0,148.0
2026-05-12 19:24:00,1778585040,41418.0,41418.0,41401.0,41405.0,100.0
2026-05-12 19:25:00,1778585100,41404.0,41413.0,41395.0,41410.0,122.0
2026-05-12 19:26:00,1778585160,41410.0,41443.0,41410.0,41434.0,327.0
2026-05-12 19:27:00,1778585220,41433.0,41441.0,41425.0,41425.0,139.0
2026-05-12 19:28:00,1778585280,41425.0,41436.0,41423.0,41432.0,83.0
2026-05-12 19:29:00,1778585340,41433.0,41434.0,41421.0,41431.0,81.0
2026-05-12 19:30:00,1778585400,41431.0,41438.0,41427.0,41433.0,154.0
2026-05-12 19:31:00,1778585460,41433.0,41437.0,41419.0,41421.0,101.0
2026-05-12 19:32:00,1778585520,41421.0,41426.0,41414.0,41414.0,84.0
2026-05-12 19:33:00,1778585580,41414.0,41416.0,41405.0,41408.0,124.0
2026-05-12 19:34:00,1778585640,41408.0,41424.0,41408.0,41423.0,69.0
2026-05-12 19:35:00,1778585700,41420.0,41420.0,41402.0,41414.0,105.0
2026-05-12 19:36:00,1778585760,41413.0,41413.0,41402.0,41410.0,48.0
2026-05-12 19:37:00,1778585820,41412.0,41419.0,41405.0,41407.0,74.0
2026-05-12 19:38:00,1778585880,41407.0,41431.0,41405.0,41431.0,80.0
2026-05-12 19:39:00,1778585940,41432.0,41443.0,41430.0,41439.0,149.0
2026-05-12 19:40:00,1778586000,41441.0,41448.0,41421.0,41421.0,157.0
2026-05-12 19:41:00,1778586060,41423.0,41441.0,41422.0,41437.0,65.0
2026-05-12 19:42:00,1778586120,41437.0,41438.0,41424.0,41424.0,51.0
2026-05-12 19:43:00,1778586180,41427.0,41430.0,41419.0,41428.0,74.0
2026-05-12 19:44:00,1778586240,41430.0,41445.0,41430.0,41433.0,85.0
2026-05-12 19:45:00,1778586300,41434.0,41443.0,41428.0,41428.0,90.0
2026-05-12 19:46:00,1778586360,41429.0,41429.0,41411.0,41417.0,109.0
2026-05-12 19:47:00,1778586420,41422.0,41423.0,41410.0,41420.0,75.0
2026-05-12 19:48:00,1778586480,41419.0,41427.0,41415.0,41422.0,62.0
2026-05-12 19:49:00,1778586540,41421.0,41424.0,41413.0,41413.0,34.0
2026-05-12 19:50:00,1778586600,41415.0,41417.0,41408.0,41410.0,63.0
2026-05-12 19:51:00,1778586660,41410.0,41420.0,41408.0,41414.0,58.0
2026-05-12 19:52:00,1778586720,41414.0,41414.0,41399.0,41401.0,136.0
2026-05-12 19:53:00,1778586780,41400.0,41407.0,41375.0,41390.0,439.0
2026-05-12 19:54:00,1778586840,41388.0,41388.0,41347.0,41364.0,712.0
2026-05-12 19:55:00,1778586900,41364.0,41380.0,41359.0,41373.0,193.0
2026-05-12 19:56:00,1778586960,41376.0,41394.0,41367.0,41389.0,194.0
2026-05-12 19:57:00,1778587020,41387.0,41390.0,41380.0,41388.0,96.0
2026-05-12 19:58:00,1778587080,41391.0,41394.0,41370.0,41370.0,153.0
2026-05-12 19:59:00,1778587140,41370.0,41372.0,41363.0,41369.0,102.0
2026-05-12 20:00:00,1778587200,41370.0,41370.0,41342.0,41351.0,606.0
2026-05-12 20:01:00,1778587260,41352.0,41352.0,41340.0,41350.0,229.0
2026-05-12 20:02:00,1778587320,41348.0,41354.0,41336.0,41352.0,186.0
2026-05-12 20:03:00,1778587380,41350.0,41350.0,41326.0,41337.0,311.0
2026-05-12 20:04:00,1778587440,41337.0,41339.0,41318.0,41320.0,329.0
2026-05-12 20:05:00,1778587500,41320.0,41328.0,41310.0,41319.0,317.0
2026-05-12 20:06:00,1778587560,41319.0,41319.0,41287.0,41287.0,660.0
2026-05-12 20:07:00,1778587620,41286.0,41293.0,41274.0,41278.0,507.0
2026-05-12 20:08:00,1778587680,41280.0,41280.0,41261.0,41275.0,311.0
2026-05-12 20:09:00,1778587740,41275.0,41294.0,41272.0,41290.0,277.0
2026-05-12 20:10:00,1778587800,41294.0,41308.0,41294.0,41308.0,358.0
2026-05-12 20:11:00,1778587860,41307.0,41313.0,41302.0,41309.0,187.0
2026-05-12 20:12:00,1778587920,41310.0,41321.0,41307.0,41318.0,195.0
2026-05-12 20:13:00,1778587980,41315.0,41328.0,41310.0,41327.0,172.0
2026-05-12 20:14:00,1778588040,41327.0,41334.0,41326.0,41333.0,167.0
2026-05-12 20:15:00,1778588100,41332.0,41344.0,41329.0,41329.0,218.0
2026-05-12 20:16:00,1778588160,41329.0,41329.0,41307.0,41325.0,220.0
2026-05-12 20:17:00,1778588220,41321.0,41327.0,41304.0,41310.0,121.0
2026-05-12 20:18:00,1778588280,41309.0,41317.0,41297.0,41298.0,178.0
2026-05-12 20:19:00,1778588340,41297.0,41302.0,41291.0,41301.0,124.0
2026-05-12 20:20:00,1778588400,41298.0,41299.0,41290.0,41291.0,99.0
2026-05-12 20:21:00,1778588460,41290.0,41298.0,41276.0,41285.0,205.0
2026-05-12 20:22:00,1778588520,41287.0,41287.0,41264.0,41264.0,249.0
2026-05-12 20:23:00,1778588580,41267.0,41267.0,41255.0,41258.0,295.0
2026-05-12 20:24:00,1778588640,41258.0,41262.0,41239.0,41257.0,527.0
2026-05-12 20:25:00,1778588700,41258.0,41275.0,41251.0,41274.0,229.0
2026-05-12 20:26:00,1778588760,41275.0,41294.0,41275.0,41294.0,293.0
2026-05-12 20:27:00,1778588820,41292.0,41296.0,41268.0,41272.0,182.0
2026-05-12 20:28:00,1778588880,41272.0,41289.0,41272.0,41288.0,116.0
2026-05-12 20:29:00,1778588940,41288.0,41320.0,41284.0,41310.0,277.0
2026-05-12 20:30:00,1778589000,41314.0,41352.0,41267.0,41300.0,915.0
2026-05-12 20:31:00,1778589060,41296.0,41313.0,41258.0,41263.0,446.0
2026-05-12 20:32:00,1778589120,41263.0,41293.0,41251.0,41273.0,341.0
2026-05-12 20:33:00,1778589180,41277.0,41314.0,41276.0,41303.0,430.0
2026-05-12 20:34:00,1778589240,41301.0,41365.0,41299.0,41357.0,786.0
2026-05-12 20:35:00,1778589300,41355.0,41365.0,41342.0,41362.0,435.0
2026-05-12 20:36:00,1778589360,41361.0,41380.0,41360.0,41380.0,535.0
2026-05-12 20:37:00,1778589420,41380.0,41437.0,41380.0,41420.0,1268.0
2026-05-12 20:38:00,1778589480,41418.0,41454.0,41417.0,41440.0,746.0
2026-05-12 20:39:00,1778589540,41440.0,41473.0,41440.0,41464.0,612.0
2026-05-12 20:40:00,1778589600,41466.0,41491.0,41453.0,41453.0,791.0
2026-05-12 20:41:00,1778589660,41453.0,41453.0,41387.0,41398.0,882.0
2026-05-12 20:42:00,1778589720,41396.0,41433.0,41394.0,41415.0,519.0
2026-05-12 20:43:00,1778589780,41415.0,41424.0,41405.0,41411.0,206.0
2026-05-12 20:44:00,1778589840,41411.0,41416.0,41406.0,41406.0,106.0
2026-05-12 20:45:00,1778589900,41406.0,41430.0,41406.0,41423.0,235.0
2026-05-12 20:46:00,1778589960,41421.0,41437.0,41412.0,41413.0,203.0
2026-05-12 20:47:00,1778590020,41416.0,41429.0,41411.0,41422.0,94.0
2026-05-12 20:48:00,1778590080,41422.0,41435.0,41422.0,41424.0,95.0
2026-05-12 20:49:00,1778590140,41428.0,41441.0,41425.0,41434.0,91.0
2026-05-12 20:50:00,1778590200,41434.0,41437.0,41430.0,41433.0,88.0
2026-05-12 20:51:00,1778590260,41434.0,41444.0,41434.0,41439.0,118.0
2026-05-12 20:52:00,1778590320,41439.0,41451.0,41437.0,41445.0,177.0
2026-05-12 20:53:00,1778590380,41446.0,41457.0,41426.0,41430.0,233.0
2026-05-12 20:54:00,1778590440,41432.0,41457.0,41432.0,41445.0,135.0
2026-05-12 20:55:00,1778590500,41447.0,41447.0,41418.0,41426.0,178.0
2026-05-12 20:56:00,1778590560,41425.0,41425.0,41409.0,41412.0,153.0
2026-05-12 20:57:00,1778590620,41416.0,41421.0,41411.0,41415.0,95.0
2026-05-12 20:58:00,1778590680,41415.0,41419.0,41403.0,41419.0,140.0
2026-05-12 20:59:00,1778590740,41420.0,41420.0,41411.0,41412.0,56.0
2026-05-12 21:00:00,1778590800,41411.0,41430.0,41408.0,41426.0,185.0
2026-05-12 21:01:00,1778590860,41429.0,41430.0,41419.0,41421.0,78.0
2026-05-12 21:02:00,1778590920,41417.0,41435.0,41413.0,41428.0,82.0
2026-05-12 21:03:00,1778590980,41427.0,41435.0,41407.0,41408.0,112.0
2026-05-12 21:04:00,1778591040,41407.0,41412.0,41392.0,41402.0,289.0
2026-05-12 21:05:00,1778591100,41401.0,41402.0,41382.0,41393.0,297.0
2026-05-12 21:06:00,1778591160,41392.0,41392.0,41366.0,41369.0,341.0
2026-05-12 21:07:00,1778591220,41369.0,41384.0,41362.0,41362.0,223.0
2026-05-12 21:08:00,1778591280,41361.0,41372.0,41360.0,41372.0,179.0
2026-05-12 21:09:00,1778591340,41372.0,41385.0,41370.0,41380.0,150.0
2026-05-12 21:10:00,1778591400,41382.0,41389.0,41380.0,41385.0,105.0
2026-05-12 21:11:00,1778591460,41385.0,41403.0,41370.0,41403.0,231.0
2026-05-12 21:12:00,1778591520,41402.0,41409.0,41393.0,41393.0,119.0
2026-05-12 21:13:00,1778591580,41391.0,41393.0,41383.0,41387.0,68.0
2026-05-12 21:14:00,1778591640,41384.0,41387.0,41375.0,41377.0,70.0
2026-05-12 21:15:00,1778591700,41375.0,41378.0,41355.0,41360.0,184.0
2026-05-12 21:16:00,1778591760,41359.0,41360.0,41335.0,41336.0,232.0
2026-05-12 21:17:00,1778591820,41333.0,41341.0,41318.0,41318.0,344.0
2026-05-12 21:18:00,1778591880,41322.0,41354.0,41318.0,41339.0,258.0
2026-05-12 21:19:00,1778591940,41338.0,41350.0,41335.0,41350.0,112.0
2026-05-12 21:20:00,1778592000,41350.0,41351.0,41323.0,41329.0,161.0
2026-05-12 21:21:00,1778592060,41330.0,41336.0,41323.0,41336.0,106.0
2026-05-12 21:22:00,1778592120,41337.0,41347.0,41330.0,41347.0,90.0
2026-05-12 21:23:00,1778592180,41347.0,41359.0,41344.0,41355.0,155.0
2026-05-12 21:24:00,1778592240,41355.0,41355.0,41334.0,41344.0,134.0
2026-05-12 21:25:00,1778592300,41341.0,41369.0,41336.0,41352.0,144.0
2026-05-12 21:26:00,1778592360,41350.0,41351.0,41339.0,41339.0,56.0
2026-05-12 21:27:00,1778592420,41340.0,41347.0,41323.0,41323.0,134.0
2026-05-12 21:28:00,1778592480,41325.0,41355.0,41325.0,41348.0,145.0
2026-05-12 21:29:00,1778592540,41350.0,41370.0,41348.0,41361.0,162.0
2026-05-12 21:30:00,1778592600,41362.0,41383.0,41307.0,41342.0,737.0
2026-05-12 21:31:00,1778592660,41341.0,41402.0,41333.0,41370.0,785.0
2026-05-12 21:32:00,1778592720,41371.0,41388.0,41350.0,41388.0,417.0
2026-05-12 21:33:00,1778592780,41388.0,41412.0,41378.0,41403.0,661.0
2026-05-12 21:34:00,1778592840,41403.0,41440.0,41379.0,41430.0,630.0
2026-05-12 21:35:00,1778592900,41428.0,41430.0,41380.0,41402.0,519.0
2026-05-12 21:36:00,1778592960,41398.0,41444.0,41395.0,41417.0,556.0
2026-05-12 21:37:00,1778593020,41421.0,41453.0,41408.0,41439.0,525.0
2026-05-12 21:38:00,1778593080,41439.0,41468.0,41423.0,41461.0,662.0
2026-05-12 21:39:00,1778593140,41463.0,41513.0,41456.0,41491.0,1210.0
2026-05-12 21:40:00,1778593200,41495.0,41506.0,41477.0,41485.0,616.0
2026-05-12 21:41:00,1778593260,41488.0,41507.0,41451.0,41475.0,625.0
2026-05-12 21:42:00,1778593320,41475.0,41515.0,41470.0,41513.0,636.0
2026-05-12 21:43:00,1778593380,41513.0,41544.0,41502.0,41533.0,948.0
2026-05-12 21:44:00,1778593440,41530.0,41555.0,41516.0,41553.0,707.0
2026-05-12 21:45:00,1778593500,41550.0,41563.0,41516.0,41533.0,769.0
2026-05-12 21:46:00,1778593560,41532.0,41540.0,41472.0,41513.0,707.0
2026-05-12 21:47:00,1778593620,41511.0,41511.0,41466.0,41475.0,581.0
2026-05-12 21:48:00,1778593680,41470.0,41472.0,41431.0,41454.0,882.0
2026-05-12 21:49:00,1778593740,41450.0,41469.0,41440.0,41456.0,328.0
2026-05-12 21:50:00,1778593800,41455.0,41455.0,41413.0,41425.0,638.0
2026-05-12 21:51:00,1778593860,41426.0,41442.0,41414.0,41424.0,435.0
2026-05-12 21:52:00,1778593920,41427.0,41451.0,41410.0,41451.0,331.0
2026-05-12 21:53:00,1778593980,41452.0,41476.0,41449.0,41467.0,446.0
2026-05-12 21:54:00,1778594040,41465.0,41470.0,41428.0,41432.0,376.0
2026-05-12 21:55:00,1778594100,41430.0,41433.0,41371.0,41396.0,1052.0
2026-05-12 21:56:00,1778594160,41396.0,41397.0,41330.0,41335.0,716.0
2026-05-12 21:57:00,1778594220,41335.0,41337.0,41293.0,41320.0,1020.0
2026-05-12 21:58:00,1778594280,41319.0,41320.0,41277.0,41290.0,704.0
2026-05-12 21:59:00,1778594340,41289.0,41298.0,41251.0,41295.0,865.0
2026-05-12 22:00:00,1778594400,41295.0,41308.0,41262.0,41302.0,880.0
2026-05-12 22:01:00,1778594460,41302.0,41339.0,41298.0,41336.0,924.0
2026-05-12 22:02:00,1778594520,41331.0,41358.0,41304.0,41310.0,692.0
2026-05-12 22:03:00,1778594580,41313.0,41315.0,41272.0,41291.0,559.0
2026-05-12 22:04:00,1778594640,41290.0,41322.0,41268.0,41293.0,497.0
2026-05-12 22:05:00,1778594700,41294.0,41324.0,41289.0,41315.0,433.0
2026-05-12 22:06:00,1778594760,41314.0,41330.0,41307.0,41325.0,242.0
2026-05-12 22:07:00,1778594820,41326.0,41340.0,41308.0,41312.0,385.0
2026-05-12 22:08:00,1778594880,41315.0,41332.0,41285.0,41321.0,353.0
2026-05-12 22:09:00,1778594940,41322.0,41343.0,41310.0,41333.0,305.0
2026-05-12 22:10:00,1778595000,41337.0,41355.0,41312.0,41322.0,462.0
2026-05-12 22:11:00,1778595060,41323.0,41323.0,41291.0,41319.0,355.0
2026-05-12 22:12:00,1778595120,41317.0,41370.0,41314.0,41346.0,546.0
2026-05-12 22:13:00,1778595180,41349.0,41377.0,41347.0,41356.0,453.0
2026-05-12 22:14:00,1778595240,41356.0,41383.0,41356.0,41366.0,386.0
2026-05-12 22:15:00,1778595300,41365.0,41381.0,41357.0,41375.0,295.0
2026-05-12 22:16:00,1778595360,41374.0,41383.0,41342.0,41343.0,379.0
2026-05-12 22:17:00,1778595420,41348.0,41349.0,41304.0,41314.0,410.0
2026-05-12 22:18:00,1778595480,41313.0,41329.0,41294.0,41328.0,393.0
2026-05-12 22:19:00,1778595540,41328.0,41362.0,41322.0,41342.0,378.0
2026-05-12 22:20:00,1778595600,41342.0,41353.0,41323.0,41329.0,221.0
2026-05-12 22:21:00,1778595660,41329.0,41335.0,41295.0,41299.0,392.0
2026-05-12 22:22:00,1778595720,41299.0,41314.0,41287.0,41314.0,292.0
2026-05-12 22:23:00,1778595780,41314.0,41314.0,41276.0,41280.0,427.0
2026-05-12 22:24:00,1778595840,41281.0,41286.0,41265.0,41280.0,426.0
2026-05-12 22:25:00,1778595900,41283.0,41308.0,41254.0,41261.0,589.0
2026-05-12 22:26:00,1778595960,41258.0,41264.0,41206.0,41239.0,1835.0
2026-05-12 22:27:00,1778596020,41238.0,41242.0,41204.0,41209.0,708.0
2026-05-12 22:28:00,1778596080,41210.0,41211.0,41171.0,41173.0,1238.0
2026-05-12 22:29:00,1778596140,41174.0,41198.0,41157.0,41196.0,817.0
2026-05-12 22:30:00,1778596200,41196.0,41197.0,41152.0,41159.0,915.0
2026-05-12 22:31:00,1778596260,41158.0,41159.0,41115.0,41148.0,1135.0
2026-05-12 22:32:00,1778596320,41148.0,41171.0,41110.0,41115.0,896.0
2026-05-12 22:33:00,1778596380,41114.0,41124.0,41074.0,41105.0,1319.0
2026-05-12 22:34:00,1778596440,41103.0,41133.0,41079.0,41123.0,803.0
2026-05-12 22:35:00,1778596500,41120.0,41143.0,41083.0,41103.0,815.0
2026-05-12 22:36:00,1778596560,41103.0,41133.0,41089.0,41127.0,487.0
2026-05-12 22:37:00,1778596620,41125.0,41170.0,41120.0,41165.0,1011.0
2026-05-12 22:38:00,1778596680,41165.0,41206.0,41164.0,41183.0,1059.0
2026-05-12 22:39:00,1778596740,41184.0,41217.0,41179.0,41204.0,693.0
2026-05-12 22:40:00,1778596800,41205.0,41214.0,41177.0,41199.0,534.0
2026-05-12 22:41:00,1778596860,41200.0,41210.0,41164.0,41202.0,367.0
2026-05-12 22:42:00,1778596920,41204.0,41245.0,41201.0,41245.0,798.0
2026-05-12 22:43:00,1778596980,41246.0,41256.0,41204.0,41216.0,681.0
2026-05-12 22:44:00,1778597040,41214.0,41219.0,41185.0,41185.0,400.0
2026-05-12 22:45:00,1778597100,41186.0,41187.0,41153.0,41182.0,587.0
2026-05-12 22:46:00,1778597160,41182.0,41194.0,41157.0,41159.0,361.0
2026-05-12 22:47:00,1778597220,41159.0,41162.0,41133.0,41149.0,603.0
2026-05-12 22:48:00,1778597280,41148.0,41148.0,41116.0,41126.0,481.0
2026-05-12 22:49:00,1778597340,41126.0,41127.0,41086.0,41101.0,703.0
2026-05-12 22:50:00,1778597400,41095.0,41101.0,41058.0,41058.0,952.0
2026-05-12 22:51:00,1778597460,41058.0,41079.0,41035.0,41065.0,1012.0
2026-05-12 22:52:00,1778597520,41066.0,41128.0,41063.0,41128.0,904.0
2026-05-12 22:53:00,1778597580,41127.0,41140.0,41116.0,41122.0,531.0
2026-05-12 22:54:00,1778597640,41119.0,41120.0,41082.0,41098.0,436.0
2026-05-12 22:55:00,1778597700,41099.0,41110.0,41089.0,41096.0,215.0
2026-05-12 22:56:00,1778597760,41093.0,41094.0,41056.0,41066.0,484.0
2026-05-12 22:57:00,1778597820,41064.0,41071.0,41032.0,41071.0,779.0
2026-05-12 22:58:00,1778597880,41071.0,41077.0,41034.0,41044.0,478.0
2026-05-12 22:59:00,1778597940,41045.0,41049.0,41021.0,41045.0,537.0
2026-05-12 23:00:00,1778598000,41044.0,41082.0,41037.0,41045.0,733.0
2026-05-12 23:01:00,1778598060,41045.0,41051.0,41015.0,41033.0,564.0
2026-05-12 23:02:00,1778598120,41033.0,41052.0,41012.0,41042.0,577.0
2026-05-12 23:03:00,1778598180,41041.0,41076.0,41028.0,41076.0,422.0
2026-05-12 23:04:00,1778598240,41076.0,41079.0,41036.0,41036.0,376.0
2026-05-12 23:05:00,1778598300,41040.0,41051.0,41010.0,41045.0,638.0
2026-05-12 23:06:00,1778598360,41045.0,41073.0,41038.0,41068.0,542.0
2026-05-12 23:07:00,1778598420,41067.0,41080.0,41045.0,41062.0,300.0
2026-05-12 23:08:00,1778598480,41060.0,41061.0,41030.0,41051.0,275.0
2026-05-12 23:09:00,1778598540,41056.0,41056.0,41038.0,41053.0,167.0
2026-05-12 23:10:00,1778598600,41055.0,41058.0,41027.0,41048.0,262.0
2026-05-12 23:11:00,1778598660,41044.0,41047.0,41008.0,41012.0,434.0
2026-05-12 23:12:00,1778598720,41011.0,41026.0,40994.0,41025.0,873.0
2026-05-12 23:13:00,1778598780,41022.0,41031.0,40999.0,41031.0,454.0
2026-05-12 23:14:00,1778598840,41027.0,41030.0,40973.0,40976.0,836.0
2026-05-12 23:15:00,1778598900,40975.0,40986.0,40958.0,40966.0,843.0
2026-05-12 23:16:00,1778598960,40965.0,40989.0,40948.0,40954.0,766.0
2026-05-12 23:17:00,1778599020,40951.0,40951.0,40907.0,40937.0,1375.0
2026-05-12 23:18:00,1778599080,40937.0,40943.0,40893.0,40917.0,948.0
2026-05-12 23:19:00,1778599140,40914.0,40943.0,40904.0,40943.0,602.0
2026-05-12 23:20:00,1778599200,40943.0,40945.0,40911.0,40933.0,534.0
2026-05-12 23:21:00,1778599260,40931.0,40940.0,40889.0,40898.0,596.0
2026-05-12 23:22:00,1778599320,40902.0,40903.0,40876.0,40890.0,617.0
2026-05-12 23:23:00,1778599380,40888.0,40895.0,40842.0,40845.0,823.0
2026-05-12 23:24:00,1778599440,40845.0,40845.0,40820.0,40839.0,1041.0
2026-05-12 23:25:00,1778599500,40840.0,40865.0,40828.0,40833.0,725.0
2026-05-12 23:26:00,1778599560,40834.0,40876.0,40824.0,40865.0,604.0
2026-05-12 23:27:00,1778599620,40868.0,40886.0,40853.0,40867.0,476.0
2026-05-12 23:28:00,1778599680,40868.0,40881.0,40816.0,40846.0,574.0
2026-05-12 23:29:00,1778599740,40847.0,40866.0,40840.0,40864.0,277.0
2026-05-12 23:30:00,1778599800,40865.0,40912.0,40862.0,40866.0,905.0
2026-05-12 23:31:00,1778599860,40870.0,40899.0,40868.0,40899.0,279.0
2026-05-12 23:32:00,1778599920,40896.0,40927.0,40896.0,40915.0,701.0
2026-05-12 23:33:00,1778599980,40916.0,40944.0,40905.0,40919.0,594.0
2026-05-12 23:34:00,1778600040,40918.0,40946.0,40914.0,40938.0,432.0
2026-05-12 23:35:00,1778600100,40936.0,40945.0,40892.0,40912.0,551.0
2026-05-12 23:36:00,1778600160,40914.0,40948.0,40894.0,40929.0,509.0
2026-05-12 23:37:00,1778600220,40928.0,40943.0,40923.0,40938.0,252.0
2026-05-12 23:38:00,1778600280,40940.0,40964.0,40938.0,40963.0,399.0
2026-05-12 23:39:00,1778600340,40964.0,40966.0,40934.0,40937.0,369.0
2026-05-12 23:40:00,1778600400,40940.0,40955.0,40936.0,40940.0,175.0
2026-05-12 23:41:00,1778600460,40941.0,40942.0,40909.0,40917.0,359.0
2026-05-12 23:42:00,1778600520,40914.0,40920.0,40889.0,40913.0,467.0
2026-05-12 23:43:00,1778600580,40913.0,40938.0,40905.0,40938.0,218.0
2026-05-12 23:44:00,1778600640,40939.0,40945.0,40923.0,40927.0,170.0
2026-05-12 23:45:00,1778600700,40928.0,40958.0,40928.0,40936.0,333.0
2026-05-12 23:46:00,1778600760,40935.0,40939.0,40905.0,40910.0,222.0
2026-05-12 23:47:00,1778600820,40908.0,40915.0,40891.0,40898.0,293.0
2026-05-12 23:48:00,1778600880,40898.0,40901.0,40882.0,40893.0,278.0
2026-05-12 23:49:00,1778600940,40898.0,40906.0,40886.0,40899.0,153.0
2026-05-12 23:50:00,1778601000,40898.0,40910.0,40888.0,40900.0,191.0
2026-05-12 23:51:00,1778601060,40901.0,40923.0,40891.0,40915.0,197.0
2026-05-12 23:52:00,1778601120,40911.0,40918.0,40883.0,40886.0,208.0
2026-05-12 23:53:00,1778601180,40886.0,40902.0,40882.0,40884.0,157.0
2026-05-12 23:54:00,1778601240,40887.0,40887.0,40860.0,40868.0,355.0
2026-05-12 23:55:00,1778601300,40867.0,40883.0,40844.0,40880.0,493.0
2026-05-12 23:56:00,1778601360,40882.0,40887.0,40865.0,40871.0,193.0
2026-05-12 23:57:00,1778601420,40870.0,40877.0,40838.0,40844.0,272.0
2026-05-12 23:58:00,1778601480,40844.0,40844.0,40809.0,40831.0,610.0
2026-05-12 23:59:00,1778601540,40830.0,40836.0,40805.0,40831.0,364.0
2026-05-13 00:00:00,1778601600,40828.0,40859.0,40782.0,40857.0,1325.0
2026-05-13 00:01:00,1778601660,40859.0,40893.0,40848.0,40892.0,719.0
2026-05-13 00:02:00,1778601720,40892.0,40900.0,40876.0,40893.0,353.0
2026-05-13 00:03:00,1778601780,40894.0,40933.0,40894.0,40906.0,602.0
2026-05-13 00:04:00,1778601840,40910.0,40928.0,40886.0,40903.0,344.0
2026-05-13 00:05:00,1778601900,40904.0,40925.0,40900.0,40912.0,237.0
2026-05-13 00:06:00,1778601960,40910.0,40915.0,40892.0,40901.0,167.0
2026-05-13 00:07:00,1778602020,40900.0,40927.0,40898.0,40912.0,202.0
2026-05-13 00:08:00,1778602080,40913.0,40915.0,40875.0,40884.0,245.0
2026-05-13 00:09:00,1778602140,40881.0,40892.0,40868.0,40890.0,193.0
2026-05-13 00:10:00,1778602200,40887.0,40903.0,40880.0,40892.0,190.0
2026-05-13 00:11:00,1778602260,40891.0,40905.0,40877.0,40894.0,145.0
2026-05-13 00:12:00,1778602320,40891.0,40921.0,40888.0,40917.0,246.0
2026-05-13 00:13:00,1778602380,40919.0,40958.0,40919.0,40958.0,519.0
2026-05-13 00:14:00,1778602440,40959.0,40960.0,40939.0,40947.0,272.0
2026-05-13 00:15:00,1778602500,40946.0,40955.0,40915.0,40924.0,295.0
2026-05-13 00:16:00,1778602560,40926.0,40932.0,40905.0,40919.0,190.0
2026-05-13 00:17:00,1778602620,40925.0,40930.0,40917.0,40920.0,114.0
2026-05-13 00:18:00,1778602680,40922.0,40933.0,40898.0,40905.0,220.0
2026-05-13 00:19:00,1778602740,40906.0,40918.0,40896.0,40899.0,169.0
2026-05-13 00:20:00,1778602800,40896.0,40918.0,40882.0,40917.0,259.0
2026-05-13 00:21:00,1778602860,40918.0,40922.0,40870.0,40870.0,300.0
2026-05-13 00:22:00,1778602920,40868.0,40885.0,40861.0,40881.0,188.0
2026-05-13 00:23:00,1778602980,40882.0,40883.0,40862.0,40863.0,112.0
2026-05-13 00:24:00,1778603040,40867.0,40877.0,40845.0,40877.0,359.0
2026-05-13 00:25:00,1778603100,40875.0,40876.0,40846.0,40856.0,222.0
2026-05-13 00:26:00,1778603160,40848.0,40855.0,40826.0,40849.0,243.0
2026-05-13 00:27:00,1778603220,40853.0,40853.0,40832.0,40842.0,106.0
2026-05-13 00:28:00,1778603280,40845.0,40858.0,40838.0,40858.0,147.0
2026-05-13 00:29:00,1778603340,40857.0,40857.0,40817.0,40839.0,264.0
2026-05-13 00:30:00,1778603400,40831.0,40847.0,40829.0,40834.0,160.0
2026-05-13 00:31:00,1778603460,40833.0,40835.0,40808.0,40819.0,306.0
2026-05-13 00:32:00,1778603520,40818.0,40827.0,40794.0,40822.0,392.0
2026-05-13 00:33:00,1778603580,40823.0,40824.0,40797.0,40805.0,160.0
2026-05-13 00:34:00,1778603640,40805.0,40822.0,40797.0,40804.0,193.0
2026-05-13 00:35:00,1778603700,40802.0,40827.0,40801.0,40818.0,163.0
2026-05-13 00:36:00,1778603760,40819.0,40856.0,40809.0,40852.0,276.0
2026-05-13 00:37:00,1778603820,40854.0,40864.0,40836.0,40836.0,253.0
2026-05-13 00:38:00,1778603880,40839.0,40845.0,40803.0,40803.0,232.0
2026-05-13 00:39:00,1778603940,40803.0,40821.0,40803.0,40821.0,124.0
2026-05-13 00:40:00,1778604000,40820.0,40832.0,40801.0,40824.0,165.0
2026-05-13 00:41:00,1778604060,40825.0,40825.0,40764.0,40768.0,955.0
2026-05-13 00:42:00,1778604120,40771.0,40776.0,40756.0,40767.0,434.0
2026-05-13 00:43:00,1778604180,40769.0,40787.0,40761.0,40780.0,260.0
2026-05-13 00:44:00,1778604240,40780.0,40800.0,40779.0,40800.0,235.0
2026-05-13 00:45:00,1778604300,40799.0,40820.0,40780.0,40786.0,241.0
2026-05-13 00:46:00,1778604360,40786.0,40796.0,40780.0,40784.0,129.0
2026-05-13 00:47:00,1778604420,40785.0,40793.0,40759.0,40760.0,212.0
2026-05-13 00:48:00,1778604480,40758.0,40776.0,40752.0,40769.0,194.0
2026-05-13 00:49:00,1778604540,40765.0,40784.0,40757.0,40779.0,182.0
2026-05-13 00:50:00,1778604600,40777.0,40777.0,40759.0,40762.0,134.0
2026-05-13 00:51:00,1778604660,40764.0,40785.0,40750.0,40783.0,262.0
2026-05-13 00:52:00,1778604720,40784.0,40796.0,40745.0,40757.0,259.0
2026-05-13 00:53:00,1778604780,40754.0,40757.0,40745.0,40756.0,144.0
2026-05-13 00:54:00,1778604840,40751.0,40764.0,40738.0,40757.0,237.0
2026-05-13 00:55:00,1778604900,40756.0,40769.0,40742.0,40768.0,148.0
2026-05-13 00:56:00,1778604960,40769.0,40779.0,40751.0,40762.0,170.0
2026-05-13 00:57:00,1778605020,40765.0,40765.0,40750.0,40756.0,72.0
2026-05-13 00:58:00,1778605080,40758.0,40759.0,40738.0,40743.0,110.0
2026-05-13 00:59:00,1778605140,40740.0,40760.0,40739.0,40753.0,117.0
2026-05-13 01:00:00,1778605200,40756.0,40794.0,40756.0,40791.0,450.0
2026-05-13 01:01:00,1778605260,40794.0,40796.0,40771.0,40776.0,177.0
2026-05-13 01:02:00,1778605320,40777.0,40795.0,40772.0,40787.0,105.0
2026-05-13 01:03:00,1778605380,40787.0,40834.0,40782.0,40825.0,342.0
2026-05-13 01:04:00,1778605440,40827.0,40842.0,40819.0,40831.0,327.0
2026-05-13 01:05:00,1778605500,40831.0,40854.0,40830.0,40851.0,242.0
2026-05-13 01:06:00,1778605560,40852.0,40870.0,40851.0,40867.0,309.0
2026-05-13 01:07:00,1778605620,40870.0,40886.0,40858.0,40865.0,271.0
2026-05-13 01:08:00,1778605680,40871.0,40876.0,40838.0,40845.0,238.0
2026-05-13 01:09:00,1778605740,40844.0,40850.0,40835.0,40835.0,174.0
2026-05-13 01:10:00,1778605800,40834.0,40874.0,40827.0,40874.0,201.0
2026-05-13 01:11:00,1778605860,40869.0,40892.0,40869.0,40873.0,288.0
2026-05-13 01:12:00,1778605920,40874.0,40878.0,40860.0,40873.0,133.0
2026-05-13 01:13:00,1778605980,40873.0,40914.0,40873.0,40914.0,272.0
2026-05-13 01:14:00,1778606040,40909.0,40926.0,40902.0,40906.0,240.0
2026-05-13 01:15:00,1778606100,40908.0,40919.0,40904.0,40917.0,182.0
2026-05-13 01:16:00,1778606160,40917.0,40924.0,40905.0,40909.0,143.0
2026-05-13 01:17:00,1778606220,40911.0,40935.0,40910.0,40925.0,287.0
2026-05-13 01:18:00,1778606280,40923.0,40953.0,40923.0,40950.0,388.0
2026-05-13 01:19:00,1778606340,40950.0,40966.0,40934.0,40934.0,400.0
2026-05-13 01:20:00,1778606400,40938.0,40963.0,40909.0,40917.0,387.0
2026-05-13 01:21:00,1778606460,40917.0,40945.0,40917.0,40918.0,167.0
2026-05-13 01:22:00,1778606520,40918.0,40920.0,40897.0,40899.0,318.0
2026-05-13 01:23:00,1778606580,40901.0,40928.0,40901.0,40928.0,205.0
2026-05-13 01:24:00,1778606640,40926.0,40947.0,40885.0,40894.0,267.0
2026-05-13 01:25:00,1778606700,40897.0,40902.0,40854.0,40860.0,342.0
2026-05-13 01:26:00,1778606760,40858.0,40872.0,40851.0,40870.0,169.0
2026-05-13 01:27:00,1778606820,40868.0,40874.0,40821.0,40827.0,299.0
2026-05-13 01:28:00,1778606880,40826.0,40860.0,40822.0,40854.0,155.0
2026-05-13 01:29:00,1778606940,40853.0,40863.0,40847.0,40847.0,103.0
2026-05-13 01:30:00,1778607000,40846.0,40853.0,40833.0,40849.0,167.0
2026-05-13 01:31:00,1778607060,40848.0,40858.0,40834.0,40842.0,117.0
2026-05-13 01:32:00,1778607120,40839.0,40863.0,40839.0,40850.0,63.0
2026-05-13 01:33:00,1778607180,40849.0,40875.0,40847.0,40868.0,97.0
2026-05-13 01:34:00,1778607240,40873.0,40896.0,40871.0,40885.0,155.0
2026-05-13 01:35:00,1778607300,40885.0,40890.0,40847.0,40850.0,151.0
2026-05-13 01:36:00,1778607360,40853.0,40862.0,40852.0,40853.0,71.0
2026-05-13 01:37:00,1778607420,40862.0,40862.0,40843.0,40848.0,115.0
2026-05-13 01:38:00,1778607480,40849.0,40860.0,40831.0,40846.0,72.0
2026-05-13 01:39:00,1778607540,40844.0,40870.0,40842.0,40869.0,94.0
2026-05-13 01:40:00,1778607600,40870.0,40882.0,40870.0,40878.0,71.0
2026-05-13 01:41:00,1778607660,40876.0,40884.0,40870.0,40871.0,39.0
2026-05-13 01:42:00,1778607720,40871.0,40883.0,40868.0,40870.0,44.0
2026-05-13 01:43:00,1778607780,40873.0,40887.0,40873.0,40887.0,59.0
2026-05-13 01:44:00,1778607840,40888.0,40894.0,40870.0,40871.0,63.0
2026-05-13 01:45:00,1778607900,40873.0,40898.0,40873.0,40885.0,84.0
2026-05-13 01:46:00,1778607960,40887.0,40889.0,40873.0,40873.0,37.0
2026-05-13 01:47:00,1778608020,40871.0,40888.0,40869.0,40883.0,46.0
2026-05-13 01:48:00,1778608080,40883.0,40885.0,40858.0,40867.0,69.0
2026-05-13 01:49:00,1778608140,40864.0,40887.0,40863.0,40885.0,54.0
2026-05-13 01:50:00,1778608200,40888.0,40888.0,40862.0,40865.0,59.0
2026-05-13 01:51:00,1778608260,40862.0,40870.0,40850.0,40866.0,58.0
2026-05-13 01:52:00,1778608320,40866.0,40883.0,40865.0,40879.0,42.0
2026-05-13 01:53:00,1778608380,40881.0,40888.0,40873.0,40880.0,144.0
2026-05-13 01:54:00,1778608440,40879.0,40897.0,40879.0,40897.0,97.0
2026-05-13 01:55:00,1778608500,40898.0,40907.0,40874.0,40880.0,114.0
2026-05-13 01:56:00,1778608560,40875.0,40892.0,40872.0,40890.0,32.0
2026-05-13 01:57:00,1778608620,40888.0,40893.0,40884.0,40893.0,21.0
2026-05-13 01:58:00,1778608680,40891.0,40891.0,40878.0,40878.0,27.0
2026-05-13 01:59:00,1778608740,40885.0,40908.0,40885.0,40906.0,69.0
2026-05-13 02:00:00,1778608800,40905.0,40912.0,40895.0,40895.0,162.0
2026-05-13 02:01:00,1778608860,40895.0,40925.0,40893.0,40922.0,118.0
2026-05-13 02:02:00,1778608920,40920.0,40943.0,40891.0,40919.0,311.0
2026-05-13 02:03:00,1778608980,40914.0,40942.0,40914.0,40932.0,117.0
2026-05-13 02:04:00,1778609040,40930.0,40933.0,40914.0,40925.0,76.0
2026-05-13 02:05:00,1778609100,40928.0,40934.0,40920.0,40922.0,54.0
2026-05-13 02:06:00,1778609160,40916.0,40921.0,40907.0,40915.0,56.0
2026-05-13 02:07:00,1778609220,40921.0,40921.0,40887.0,40897.0,105.0
2026-05-13 02:08:00,1778609280,40896.0,40915.0,40896.0,40915.0,40.0
2026-05-13 02:09:00,1778609340,40910.0,40912.0,40900.0,40906.0,31.0
2026-05-13 02:10:00,1778609400,40912.0,40922.0,40902.0,40911.0,47.0
2026-05-13 02:11:00,1778609460,40916.0,40916.0,40891.0,40906.0,40.0
2026-05-13 02:12:00,1778609520,40906.0,40920.0,40895.0,40917.0,62.0
2026-05-13 02:13:00,1778609580,40907.0,40916.0,40901.0,40913.0,35.0
2026-05-13 02:14:00,1778609640,40910.0,40934.0,40910.0,40931.0,68.0
2026-05-13 02:15:00,1778609700,40932.0,40942.0,40928.0,40936.0,59.0
2026-05-13 02:16:00,1778609760,40934.0,40940.0,40925.0,40929.0,99.0
2026-05-13 02:17:00,1778609820,40935.0,40940.0,40925.0,40928.0,24.0
2026-05-13 02:18:00,1778609880,40925.0,40927.0,40917.0,40917.0,36.0
2026-05-13 02:19:00,1778609940,40920.0,40939.0,40920.0,40928.0,39.0
2026-05-13 02:20:00,1778610000,40927.0,40933.0,40924.0,40930.0,59.0
2026-05-13 02:21:00,1778610060,40928.0,40935.0,40920.0,40935.0,35.0
2026-05-13 02:22:00,1778610120,40934.0,40939.0,40930.0,40932.0,32.0
2026-05-13 02:23:00,1778610180,40934.0,40934.0,40928.0,40931.0,21.0
2026-05-13 02:24:00,1778610240,40929.0,40937.0,40926.0,40928.0,38.0
2026-05-13 02:25:00,1778610300,40935.0,40952.0,40935.0,40943.0,88.0
2026-05-13 02:26:00,1778610360,40943.0,40964.0,40943.0,40951.0,94.0
2026-05-13 02:27:00,1778610420,40953.0,40985.0,40953.0,40985.0,261.0
2026-05-13 02:28:00,1778610480,40982.0,41018.0,40981.0,41013.0,571.0
2026-05-13 02:29:00,1778610540,41018.0,41020.0,40986.0,41002.0,186.0
2026-05-13 02:30:00,1778610600,41002.0,41009.0,40991.0,41003.0,197.0
2026-05-13 02:31:00,1778610660,41003.0,41020.0,40990.0,40991.0,99.0
2026-05-13 02:32:00,1778610720,40993.0,41009.0,40993.0,41001.0,84.0
2026-05-13 02:33:00,1778610780,41000.0,41015.0,40997.0,40998.0,68.0
2026-05-13 02:34:00,1778610840,40998.0,41006.0,40992.0,41000.0,52.0
2026-05-13 02:35:00,1778610900,40999.0,41003.0,40984.0,41002.0,83.0
2026-05-13 02:36:00,1778610960,41008.0,41016.0,41007.0,41013.0,55.0
2026-05-13 02:37:00,1778611020,41014.0,41029.0,41006.0,41007.0,156.0
2026-05-13 02:38:00,1778611080,41008.0,41035.0,41008.0,41023.0,120.0
2026-05-13 02:39:00,1778611140,41027.0,41035.0,41007.0,41013.0,82.0
2026-05-13 02:40:00,1778611200,41014.0,41029.0,41012.0,41023.0,66.0
2026-05-13 02:41:00,1778611260,41023.0,41025.0,41011.0,41022.0,30.0
2026-05-13 02:42:00,1778611320,41024.0,41032.0,41021.0,41021.0,35.0
2026-05-13 02:43:00,1778611380,41025.0,41048.0,41025.0,41046.0,161.0
2026-05-13 02:44:00,1778611440,41044.0,41049.0,41027.0,41029.0,123.0
2026-05-13 02:45:00,1778611500,41027.0,41029.0,40996.0,41003.0,156.0
2026-05-13 02:46:00,1778611560,41004.0,41006.0,40991.0,41000.0,84.0
2026-05-13 02:47:00,1778611620,41001.0,41011.0,40994.0,41007.0,54.0
2026-05-13 02:48:00,1778611680,41013.0,41021.0,41006.0,41018.0,55.0
2026-05-13 02:49:00,1778611740,41014.0,41021.0,41009.0,41020.0,47.0
2026-05-13 02:50:00,1778611800,41021.0,41028.0,41010.0,41010.0,58.0
2026-05-13 02:51:00,1778611860,41015.0,41023.0,41015.0,41020.0,31.0
2026-05-13 02:52:00,1778611920,41019.0,41032.0,41015.0,41027.0,46.0
2026-05-13 02:53:00,1778611980,41032.0,41040.0,41029.0,41031.0,80.0
2026-05-13 02:54:00,1778612040,41031.0,41037.0,41027.0,41030.0,33.0
2026-05-13 02:55:00,1778612100,41026.0,41045.0,41025.0,41045.0,68.0
2026-05-13 02:56:00,1778612160,41043.0,41061.0,41041.0,41059.0,228.0
2026-05-13 02:57:00,1778612220,41060.0,41080.0,41049.0,41050.0,277.0
2026-05-13 02:58:00,1778612280,41049.0,41054.0,41012.0,41012.0,109.0
2026-05-13 02:59:00,1778612340,41013.0,41014.0,40995.0,41011.0,132.0
2026-05-13 03:00:00,1778612400,41011.0,41035.0,41011.0,41032.0,140.0
2026-05-13 03:01:00,1778612460,41032.0,41035.0,41029.0,41029.0,37.0
2026-05-13 03:02:00,1778612520,41032.0,41035.0,41028.0,41035.0,52.0
2026-05-13 03:03:00,1778612580,41035.0,41040.0,41034.0,41035.0,25.0
2026-05-13 03:04:00,1778612640,41037.0,41042.0,41037.0,41040.0,32.0
2026-05-13 03:05:00,1778612700,41040.0,41046.0,41030.0,41030.0,28.0
2026-05-13 03:06:00,1778612760,41026.0,41036.0,41022.0,41036.0,38.0
2026-05-13 03:07:00,1778612820,41038.0,41058.0,41038.0,41057.0,70.0
2026-05-13 03:08:00,1778612880,41058.0,41068.0,41052.0,41054.0,58.0
2026-05-13 03:09:00,1778612940,41060.0,41061.0,41042.0,41048.0,34.0
2026-05-13 03:10:00,1778613000,41052.0,41085.0,41052.0,41084.0,177.0
2026-05-13 03:11:00,1778613060,41085.0,41092.0,41080.0,41080.0,124.0
2026-05-13 03:12:00,1778613120,41086.0,41107.0,41085.0,41093.0,275.0
2026-05-13 03:13:00,1778613180,41093.0,41109.0,41093.0,41104.0,93.0
2026-05-13 03:14:00,1778613240,41103.0,41118.0,41097.0,41099.0,155.0
2026-05-13 03:15:00,1778613300,41104.0,41120.0,41101.0,41103.0,104.0
2026-05-13 03:16:00,1778613360,41108.0,41108.0,41097.0,41105.0,58.0
2026-05-13 03:17:00,1778613420,41102.0,41117.0,41102.0,41113.0,64.0
2026-05-13 03:18:00,1778613480,41114.0,41121.0,41096.0,41096.0,105.0
2026-05-13 03:19:00,1778613540,41101.0,41111.0,41098.0,41100.0,36.0
2026-05-13 03:20:00,1778613600,41104.0,41107.0,41082.0,41082.0,72.0
2026-05-13 03:21:00,1778613660,41081.0,41088.0,41067.0,41073.0,69.0
2026-05-13 03:22:00,1778613720,41073.0,41077.0,41065.0,41070.0,88.0
2026-05-13 03:23:00,1778613780,41070.0,41086.0,41070.0,41086.0,42.0
2026-05-13 03:24:00,1778613840,41085.0,41098.0,41081.0,41091.0,37.0
2026-05-13 03:25:00,1778613900,41090.0,41107.0,41090.0,41104.0,49.0
2026-05-13 03:26:00,1778613960,41103.0,41108.0,41103.0,41106.0,28.0
2026-05-13 03:27:00,1778614020,41102.0,41102.0,41088.0,41094.0,53.0
2026-05-13 03:28:00,1778614080,41093.0,41099.0,41090.0,41099.0,25.0
2026-05-13 03:29:00,1778614140,41099.0,41101.0,41090.0,41096.0,31.0
2026-05-13 03:30:00,1778614200,41098.0,41125.0,41095.0,41120.0,122.0
2026-05-13 03:31:00,1778614260,41121.0,41131.0,41116.0,41119.0,139.0
2026-05-13 03:32:00,1778614320,41122.0,41139.0,41121.0,41133.0,81.0
2026-05-13 03:33:00,1778614380,41138.0,41142.0,41134.0,41139.0,119.0
2026-05-13 03:34:00,1778614440,41141.0,41158.0,41141.0,41149.0,219.0
2026-05-13 03:35:00,1778614500,41148.0,41157.0,41136.0,41136.0,64.0
2026-05-13 03:36:00,1778614560,41142.0,41142.0,41132.0,41140.0,49.0
2026-05-13 03:37:00,1778614620,41142.0,41155.0,41138.0,41139.0,65.0
2026-05-13 03:38:00,1778614680,41139.0,41145.0,41135.0,41138.0,33.0
2026-05-13 03:39:00,1778614740,41140.0,41143.0,41135.0,41141.0,35.0
2026-05-13 03:40:00,1778614800,41142.0,41144.0,41137.0,41139.0,30.0
2026-05-13 03:41:00,1778614860,41140.0,41153.0,41140.0,41151.0,84.0
2026-05-13 03:42:00,1778614920,41147.0,41164.0,41144.0,41159.0,114.0
2026-05-13 03:43:00,1778614980,41159.0,41161.0,41155.0,41159.0,28.0
2026-05-13 03:44:00,1778615040,41160.0,41166.0,41156.0,41159.0,54.0
2026-05-13 03:45:00,1778615100,41160.0,41162.0,41142.0,41143.0,78.0
2026-05-13 03:46:00,1778615160,41145.0,41149.0,41128.0,41128.0,80.0
2026-05-13 03:47:00,1778615220,41130.0,41151.0,41130.0,41151.0,42.0
2026-05-13 03:48:00,1778615280,41154.0,41163.0,41154.0,41158.0,132.0
2026-05-13 03:49:00,1778615340,41160.0,41161.0,41144.0,41148.0,30.0
2026-05-13 03:50:00,1778615400,41151.0,41168.0,41151.0,41163.0,70.0
2026-05-13 03:51:00,1778615460,41163.0,41178.0,41161.0,41178.0,131.0
2026-05-13 03:52:00,1778615520,41178.0,41184.0,41165.0,41169.0,113.0
2026-05-13 03:53:00,1778615580,41172.0,41181.0,41172.0,41176.0,57.0
2026-05-13 03:54:00,1778615640,41172.0,41173.0,41149.0,41155.0,70.0
2026-05-13 03:55:00,1778615700,41155.0,41171.0,41149.0,41151.0,115.0
2026-05-13 03:56:00,1778615760,41151.0,41159.0,41151.0,41154.0,32.0
2026-05-13 03:57:00,1778615820,41161.0,41165.0,41150.0,41150.0,43.0
2026-05-13 03:58:00,1778615880,41152.0,41167.0,41145.0,41163.0,43.0
2026-05-13 03:59:00,1778615940,41162.0,41170.0,41150.0,41169.0,62.0
2026-05-13 04:00:00,1778616000,41164.0,41169.0,41136.0,41141.0,133.0
2026-05-13 04:01:00,1778616060,41142.0,41165.0,41139.0,41156.0,236.0
2026-05-13 04:02:00,1778616120,41153.0,41156.0,41141.0,41142.0,29.0
2026-05-13 04:03:00,1778616180,41142.0,41148.0,41142.0,41143.0,21.0
2026-05-13 04:04:00,1778616240,41142.0,41142.0,41117.0,41121.0,157.0
2026-05-13 04:05:00,1778616300,41121.0,41123.0,41088.0,41089.0,160.0
2026-05-13 04:06:00,1778616360,41089.0,41099.0,41067.0,41082.0,139.0
2026-05-13 04:07:00,1778616420,41081.0,41090.0,41079.0,41080.0,86.0
2026-05-13 04:08:00,1778616480,41079.0,41084.0,41070.0,41084.0,49.0
2026-05-13 04:09:00,1778616540,41083.0,41096.0,41083.0,41096.0,33.0
2026-05-13 04:10:00,1778616600,41096.0,41114.0,41093.0,41111.0,61.0
2026-05-13 04:11:00,1778616660,41110.0,41132.0,41109.0,41127.0,97.0
2026-05-13 04:12:00,1778616720,41120.0,41122.0,41115.0,41117.0,21.0
2026-05-13 04:13:00,1778616780,41119.0,41128.0,41119.0,41126.0,35.0
2026-05-13 04:14:00,1778616840,41125.0,41127.0,41121.0,41126.0,27.0
2026-05-13 04:15:00,1778616900,41128.0,41146.0,41125.0,41137.0,85.0
2026-05-13 04:16:00,1778616960,41138.0,41140.0,41132.0,41136.0,21.0
2026-05-13 04:17:00,1778617020,41136.0,41140.0,41128.0,41128.0,24.0
2026-05-13 04:18:00,1778617080,41130.0,41138.0,41130.0,41133.0,23.0
2026-05-13 04:19:00,1778617140,41135.0,41135.0,41131.0,41132.0,16.0
2026-05-13 04:20:00,1778617200,41134.0,41136.0,41114.0,41121.0,57.0
2026-05-13 04:21:00,1778617260,41119.0,41119.0,41108.0,41114.0,27.0
2026-05-13 04:22:00,1778617320,41113.0,41122.0,41113.0,41117.0,23.0
2026-05-13 04:23:00,1778617380,41123.0,41124.0,41119.0,41124.0,12.0
2026-05-13 04:24:00,1778617440,41125.0,41129.0,41121.0,41126.0,26.0
2026-05-13 04:25:00,1778617500,41124.0,41124.0,41109.0,41109.0,36.0
2026-05-13 04:26:00,1778617560,41109.0,41114.0,41108.0,41113.0,32.0
2026-05-13 04:27:00,1778617620,41113.0,41119.0,41113.0,41115.0,13.0
2026-05-13 04:28:00,1778617680,41116.0,41120.0,41115.0,41117.0,20.0
2026-05-13 04:29:00,1778617740,41117.0,41127.0,41115.0,41127.0,41.0
2026-05-13 04:30:00,1778617800,41125.0,41127.0,41116.0,41116.0,36.0
2026-05-13 04:31:00,1778617860,41116.0,41125.0,41116.0,41121.0,14.0
2026-05-13 04:32:00,1778617920,41126.0,41126.0,41123.0,41123.0,11.0
2026-05-13 04:33:00,1778617980,41126.0,41126.0,41121.0,41126.0,12.0
2026-05-13 04:34:00,1778618040,41126.0,41127.0,41121.0,41122.0,18.0
2026-05-13 04:35:00,1778618100,41121.0,41127.0,41120.0,41125.0,39.0
2026-05-13 04:36:00,1778618160,41129.0,41135.0,41127.0,41127.0,40.0
2026-05-13 04:37:00,1778618220,41129.0,41159.0,41129.0,41159.0,74.0
2026-05-13 04:38:00,1778618280,41155.0,41163.0,41154.0,41154.0,48.0
2026-05-13 04:39:00,1778618340,41154.0,41160.0,41153.0,41155.0,22.0
2026-05-13 04:40:00,1778618400,41156.0,41158.0,41153.0,41154.0,42.0
2026-05-13 04:41:00,1778618460,41157.0,41157.0,41153.0,41153.0,26.0
2026-05-13 04:42:00,1778618520,41152.0,41162.0,41152.0,41162.0,30.0
2026-05-13 04:43:00,1778618580,41158.0,41164.0,41156.0,41161.0,32.0
2026-05-13 04:44:00,1778618640,41163.0,41163.0,41160.0,41160.0,22.0
2026-05-13 04:45:00,1778618700,41160.0,41172.0,41159.0,41163.0,129.0
2026-05-13 04:46:00,1778618760,41161.0,41161.0,41143.0,41144.0,61.0
2026-05-13 04:47:00,1778618820,41145.0,41148.0,41144.0,41148.0,28.0
2026-05-13 04:48:00,1778618880,41147.0,41152.0,41145.0,41149.0,37.0
2026-05-13 04:49:00,1778618940,41150.0,41155.0,41145.0,41145.0,47.0
2026-05-13 04:50:00,1778619000,41144.0,41160.0,41144.0,41154.0,61.0
2026-05-13 04:51:00,1778619060,41160.0,41160.0,41150.0,41153.0,20.0
2026-05-13 04:52:00,1778619120,41156.0,41157.0,41150.0,41153.0,24.0
2026-05-13 04:53:00,1778619180,41152.0,41156.0,41152.0,41152.0,19.0
2026-05-13 04:54:00,1778619240,41153.0,41155.0,41151.0,41152.0,26.0
2026-05-13 04:55:00,1778619300,41151.0,41154.0,41148.0,41148.0,28.0
2026-05-13 04:56:00,1778619360,41147.0,41149.0,41142.0,41142.0,31.0
2026-05-13 04:57:00,1778619420,41143.0,41144.0,41137.0,41139.0,35.0
2026-05-13 04:58:00,1778619480,41142.0,41149.0,41141.0,41144.0,42.0
2026-05-13 04:59:00,1778619540,41143.0,41144.0,41134.0,41136.0,72.0
2026-05-13 08:45:00,1778633100,41213.0,41268.0,41140.0,41143.0,2948.0
2026-05-13 08:46:00,1778633160,41147.0,41169.0,41076.0,41111.0,1850.0
2026-05-13 08:47:00,1778633220,41116.0,41124.0,41047.0,41053.0,1026.0
2026-05-13 08:48:00,1778633280,41055.0,41085.0,41049.0,41081.0,620.0
2026-05-13 08:49:00,1778633340,41078.0,41081.0,41036.0,41057.0,691.0
2026-05-13 08:50:00,1778633400,41057.0,41058.0,40980.0,40999.0,1515.0
2026-05-13 08:51:00,1778633460,41000.0,41048.0,40997.0,41030.0,621.0
2026-05-13 08:52:00,1778633520,41028.0,41084.0,41028.0,41077.0,607.0
2026-05-13 08:53:00,1778633580,41077.0,41120.0,41076.0,41098.0,820.0
2026-05-13 08:54:00,1778633640,41098.0,41163.0,41095.0,41161.0,802.0
2026-05-13 08:55:00,1778633700,41163.0,41211.0,41139.0,41201.0,1535.0
2026-05-13 08:56:00,1778633760,41200.0,41221.0,41185.0,41218.0,788.0
2026-05-13 08:57:00,1778633820,41221.0,41245.0,41187.0,41207.0,800.0
2026-05-13 08:58:00,1778633880,41205.0,41210.0,41175.0,41197.0,440.0
2026-05-13 08:59:00,1778633940,41197.0,41241.0,41188.0,41216.0,569.0
2026-05-13 09:00:00,1778634000,41217.0,41294.0,41205.0,41272.0,1934.0
2026-05-13 09:01:00,1778634060,41276.0,41299.0,41196.0,41203.0,1366.0
2026-05-13 09:02:00,1778634120,41203.0,41266.0,41164.0,41243.0,1297.0
2026-05-13 09:03:00,1778634180,41248.0,41311.0,41229.0,41303.0,1418.0
2026-05-13 09:04:00,1778634240,41301.0,41325.0,41272.0,41322.0,1147.0
2026-05-13 09:05:00,1778634300,41319.0,41345.0,41273.0,41273.0,1496.0
2026-05-13 09:06:00,1778634360,41273.0,41317.0,41216.0,41254.0,1262.0
2026-05-13 09:07:00,1778634420,41254.0,41277.0,41216.0,41269.0,726.0
2026-05-13 09:08:00,1778634480,41271.0,41314.0,41250.0,41308.0,769.0
2026-05-13 09:09:00,1778634540,41306.0,41317.0,41283.0,41315.0,567.0
2026-05-13 09:10:00,1778634600,41312.0,41334.0,41290.0,41325.0,693.0
2026-05-13 09:11:00,1778634660,41325.0,41363.0,41316.0,41335.0,1169.0
2026-05-13 09:12:00,1778634720,41335.0,41374.0,41314.0,41336.0,872.0
2026-05-13 09:13:00,1778634780,41337.0,41365.0,41325.0,41353.0,484.0
2026-05-13 09:14:00,1778634840,41353.0,41356.0,41301.0,41326.0,718.0
2026-05-13 09:15:00,1778634900,41327.0,41343.0,41297.0,41321.0,791.0
2026-05-13 09:16:00,1778634960,41324.0,41326.0,41225.0,41258.0,1498.0
2026-05-13 09:17:00,1778635020,41260.0,41265.0,41197.0,41231.0,1162.0
2026-05-13 09:18:00,1778635080,41230.0,41270.0,41224.0,41266.0,772.0
2026-05-13 09:19:00,1778635140,41267.0,41295.0,41238.0,41259.0,667.0
2026-05-13 09:20:00,1778635200,41255.0,41284.0,41244.0,41259.0,633.0
2026-05-13 09:21:00,1778635260,41256.0,41267.0,41233.0,41247.0,463.0
2026-05-13 09:22:00,1778635320,41252.0,41270.0,41226.0,41232.0,418.0
2026-05-13 09:23:00,1778635380,41233.0,41258.0,41208.0,41235.0,583.0
2026-05-13 09:24:00,1778635440,41230.0,41233.0,41155.0,41171.0,1436.0
2026-05-13 09:25:00,1778635500,41170.0,41212.0,41154.0,41199.0,1039.0
2026-05-13 09:26:00,1778635560,41196.0,41201.0,41158.0,41168.0,707.0
2026-05-13 09:27:00,1778635620,41168.0,41236.0,41141.0,41223.0,1136.0
2026-05-13 09:28:00,1778635680,41225.0,41261.0,41211.0,41247.0,747.0
2026-05-13 09:29:00,1778635740,41247.0,41340.0,41247.0,41340.0,1411.0
2026-05-13 09:30:00,1778635800,41337.0,41411.0,41332.0,41405.0,1972.0
2026-05-13 09:31:00,1778635860,41407.0,41429.0,41385.0,41385.0,1258.0
2026-05-13 09:32:00,1778635920,41387.0,41428.0,41364.0,41428.0,800.0
2026-05-13 09:33:00,1778635980,41428.0,41441.0,41394.0,41408.0,1018.0
2026-05-13 09:34:00,1778636040,41406.0,41423.0,41397.0,41417.0,441.0
2026-05-13 09:35:00,1778636100,41417.0,41449.0,41381.0,41415.0,1241.0
2026-05-13 09:36:00,1778636160,41416.0,41428.0,41356.0,41386.0,761.0
2026-05-13 09:37:00,1778636220,41382.0,41411.0,41370.0,41407.0,428.0
2026-05-13 09:38:00,1778636280,41404.0,41428.0,41402.0,41412.0,376.0
2026-05-13 09:39:00,1778636340,41409.0,41420.0,41377.0,41382.0,411.0
2026-05-13 09:40:00,1778636400,41382.0,41406.0,41355.0,41368.0,534.0
2026-05-13 09:41:00,1778636460,41365.0,41373.0,41337.0,41365.0,622.0
2026-05-13 09:42:00,1778636520,41366.0,41421.0,41364.0,41406.0,592.0
2026-05-13 09:43:00,1778636580,41405.0,41428.0,41395.0,41412.0,334.0
2026-05-13 09:44:00,1778636640,41411.0,41411.0,41314.0,41356.0,1309.0
2026-05-13 09:45:00,1778636700,41354.0,41388.0,41344.0,41375.0,580.0
2026-05-13 09:46:00,1778636760,41375.0,41402.0,41345.0,41384.0,487.0
2026-05-13 09:47:00,1778636820,41383.0,41393.0,41351.0,41387.0,321.0
2026-05-13 09:48:00,1778636880,41391.0,41444.0,41390.0,41432.0,833.0
2026-05-13 09:49:00,1778636940,41432.0,41495.0,41426.0,41488.0,1600.0
2026-05-13 09:50:00,1778637000,41490.0,41528.0,41490.0,41509.0,1589.0
2026-05-13 09:51:00,1778637060,41511.0,41539.0,41503.0,41521.0,797.0
2026-05-13 09:52:00,1778637120,41514.0,41518.0,41486.0,41491.0,590.0
2026-05-13 09:53:00,1778637180,41494.0,41514.0,41486.0,41488.0,451.0
2026-05-13 09:54:00,1778637240,41488.0,41496.0,41431.0,41446.0,921.0
2026-05-13 09:55:00,1778637300,41441.0,41441.0,41384.0,41410.0,1059.0
2026-05-13 09:56:00,1778637360,41411.0,41422.0,41388.0,41396.0,412.0
2026-05-13 09:57:00,1778637420,41394.0,41415.0,41355.0,41411.0,730.0
2026-05-13 09:58:00,1778637480,41408.0,41453.0,41402.0,41437.0,558.0
2026-05-13 09:59:00,1778637540,41437.0,41478.0,41434.0,41473.0,607.0
2026-05-13 10:00:00,1778637600,41471.0,41497.0,41468.0,41484.0,564.0
2026-05-13 10:01:00,1778637660,41484.0,41508.0,41477.0,41500.0,505.0
2026-05-13 10:02:00,1778637720,41503.0,41516.0,41479.0,41503.0,537.0
2026-05-13 10:03:00,1778637780,41500.0,41506.0,41452.0,41469.0,571.0
2026-05-13 10:04:00,1778637840,41468.0,41493.0,41432.0,41438.0,484.0
2026-05-13 10:05:00,1778637900,41432.0,41432.0,41395.0,41397.0,713.0
2026-05-13 10:06:00,1778637960,41394.0,41419.0,41384.0,41410.0,381.0
2026-05-13 10:07:00,1778638020,41408.0,41417.0,41355.0,41361.0,516.0
2026-05-13 10:08:00,1778638080,41361.0,41379.0,41335.0,41353.0,692.0
2026-05-13 10:09:00,1778638140,41350.0,41358.0,41328.0,41335.0,485.0
2026-05-13 10:10:00,1778638200,41334.0,41339.0,41281.0,41295.0,1068.0
2026-05-13 10:11:00,1778638260,41296.0,41323.0,41268.0,41304.0,870.0
2026-05-13 10:12:00,1778638320,41303.0,41339.0,41301.0,41316.0,580.0
2026-05-13 10:13:00,1778638380,41316.0,41329.0,41295.0,41299.0,348.0
2026-05-13 10:14:00,1778638440,41296.0,41344.0,41287.0,41300.0,562.0
2026-05-13 10:15:00,1778638500,41300.0,41355.0,41283.0,41290.0,689.0
2026-05-13 10:16:00,1778638560,41291.0,41319.0,41280.0,41288.0,349.0
2026-05-13 10:17:00,1778638620,41287.0,41327.0,41280.0,41319.0,300.0
2026-05-13 10:18:00,1778638680,41316.0,41324.0,41285.0,41285.0,300.0
2026-05-13 10:19:00,1778638740,41285.0,41324.0,41275.0,41313.0,448.0
2026-05-13 10:20:00,1778638800,41315.0,41325.0,41295.0,41299.0,295.0
2026-05-13 10:21:00,1778638860,41298.0,41332.0,41290.0,41298.0,413.0
2026-05-13 10:22:00,1778638920,41297.0,41326.0,41292.0,41314.0,205.0
2026-05-13 10:23:00,1778638980,41314.0,41345.0,41298.0,41308.0,410.0
2026-05-13 10:24:00,1778639040,41303.0,41310.0,41256.0,41308.0,657.0
2026-05-13 10:25:00,1778639100,41311.0,41338.0,41291.0,41319.0,408.0
2026-05-13 10:26:00,1778639160,41315.0,41337.0,41305.0,41328.0,223.0
2026-05-13 10:27:00,1778639220,41331.0,41349.0,41312.0,41348.0,320.0
2026-05-13 10:28:00,1778639280,41347.0,41393.0,41343.0,41350.0,887.0
2026-05-13 10:29:00,1778639340,41350.0,41389.0,41350.0,41389.0,224.0
2026-05-13 10:30:00,1778639400,41390.0,41407.0,41368.0,41395.0,693.0
2026-05-13 10:31:00,1778639460,41394.0,41412.0,41376.0,41408.0,365.0
2026-05-13 10:32:00,1778639520,41406.0,41411.0,41386.0,41399.0,258.0
2026-05-13 10:33:00,1778639580,41400.0,41405.0,41360.0,41367.0,312.0
2026-05-13 10:34:00,1778639640,41365.0,41388.0,41365.0,41378.0,171.0
2026-05-13 10:35:00,1778639700,41382.0,41392.0,41330.0,41345.0,397.0
2026-05-13 10:36:00,1778639760,41344.0,41362.0,41329.0,41343.0,322.0
2026-05-13 10:37:00,1778639820,41345.0,41349.0,41313.0,41323.0,443.0
2026-05-13 10:38:00,1778639880,41322.0,41337.0,41307.0,41323.0,235.0
2026-05-13 10:39:00,1778639940,41323.0,41328.0,41303.0,41308.0,234.0
2026-05-13 10:40:00,1778640000,41304.0,41306.0,41273.0,41284.0,620.0
2026-05-13 10:41:00,1778640060,41285.0,41289.0,41229.0,41253.0,945.0
2026-05-13 10:42:00,1778640120,41254.0,41270.0,41222.0,41252.0,554.0
2026-05-13 10:43:00,1778640180,41252.0,41275.0,41247.0,41274.0,290.0
2026-05-13 10:44:00,1778640240,41271.0,41271.0,41195.0,41215.0,974.0
2026-05-13 10:45:00,1778640300,41220.0,41227.0,41188.0,41196.0,864.0
2026-05-13 10:46:00,1778640360,41196.0,41228.0,41194.0,41211.0,634.0
2026-05-13 10:47:00,1778640420,41212.0,41257.0,41204.0,41236.0,558.0
2026-05-13 10:48:00,1778640480,41239.0,41256.0,41210.0,41211.0,333.0
2026-05-13 10:49:00,1778640540,41213.0,41235.0,41203.0,41222.0,210.0
2026-05-13 10:50:00,1778640600,41225.0,41243.0,41190.0,41204.0,406.0
2026-05-13 10:51:00,1778640660,41205.0,41235.0,41197.0,41218.0,252.0
2026-05-13 10:52:00,1778640720,41218.0,41221.0,41184.0,41199.0,289.0
2026-05-13 10:53:00,1778640780,41198.0,41205.0,41179.0,41197.0,370.0
2026-05-13 10:54:00,1778640840,41195.0,41240.0,41194.0,41215.0,346.0
2026-05-13 10:55:00,1778640900,41216.0,41233.0,41207.0,41233.0,225.0
2026-05-13 10:56:00,1778640960,41233.0,41260.0,41225.0,41238.0,577.0
2026-05-13 10:57:00,1778641020,41243.0,41266.0,41235.0,41254.0,337.0
2026-05-13 10:58:00,1778641080,41259.0,41270.0,41246.0,41253.0,299.0
2026-05-13 10:59:00,1778641140,41253.0,41253.0,41195.0,41195.0,361.0
2026-05-13 11:00:00,1778641200,41195.0,41223.0,41185.0,41214.0,376.0
2026-05-13 11:01:00,1778641260,41212.0,41230.0,41199.0,41199.0,203.0
2026-05-13 11:02:00,1778641320,41200.0,41202.0,41170.0,41186.0,465.0
2026-05-13 11:03:00,1778641380,41184.0,41216.0,41175.0,41216.0,272.0
2026-05-13 11:04:00,1778641440,41212.0,41219.0,41184.0,41185.0,210.0
2026-05-13 11:05:00,1778641500,41189.0,41203.0,41168.0,41178.0,346.0
2026-05-13 11:06:00,1778641560,41178.0,41203.0,41166.0,41168.0,290.0
2026-05-13 11:07:00,1778641620,41168.0,41192.0,41167.0,41185.0,201.0
2026-05-13 11:08:00,1778641680,41184.0,41193.0,41172.0,41185.0,190.0
2026-05-13 11:09:00,1778641740,41186.0,41198.0,41181.0,41198.0,143.0
2026-05-13 11:10:00,1778641800,41197.0,41232.0,41191.0,41211.0,446.0
2026-05-13 11:11:00,1778641860,41211.0,41236.0,41196.0,41200.0,272.0
2026-05-13 11:12:00,1778641920,41200.0,41203.0,41170.0,41195.0,280.0
2026-05-13 11:13:00,1778641980,41194.0,41222.0,41194.0,41205.0,191.0
2026-05-13 11:14:00,1778642040,41210.0,41226.0,41199.0,41223.0,160.0
2026-05-13 11:15:00,1778642100,41225.0,41277.0,41216.0,41261.0,833.0
2026-05-13 11:16:00,1778642160,41264.0,41311.0,41260.0,41306.0,680.0
2026-05-13 11:17:00,1778642220,41309.0,41324.0,41297.0,41314.0,494.0
2026-05-13 11:18:00,1778642280,41312.0,41314.0,41295.0,41305.0,258.0
2026-05-13 11:19:00,1778642340,41304.0,41332.0,41301.0,41315.0,480.0
2026-05-13 11:20:00,1778642400,41312.0,41342.0,41310.0,41335.0,485.0
2026-05-13 11:21:00,1778642460,41338.0,41343.0,41320.0,41330.0,221.0
2026-05-13 11:22:00,1778642520,41332.0,41355.0,41332.0,41342.0,308.0
2026-05-13 11:23:00,1778642580,41342.0,41350.0,41328.0,41338.0,194.0
2026-05-13 11:24:00,1778642640,41334.0,41346.0,41326.0,41345.0,154.0
2026-05-13 11:25:00,1778642700,41346.0,41351.0,41336.0,41350.0,196.0
2026-05-13 11:26:00,1778642760,41351.0,41399.0,41351.0,41397.0,677.0
2026-05-13 11:27:00,1778642820,41399.0,41400.0,41373.0,41376.0,320.0
2026-05-13 11:28:00,1778642880,41375.0,41388.0,41363.0,41379.0,225.0
2026-05-13 11:29:00,1778642940,41376.0,41388.0,41368.0,41388.0,172.0
2026-05-13 11:30:00,1778643000,41385.0,41393.0,41371.0,41383.0,250.0
2026-05-13 11:31:00,1778643060,41385.0,41423.0,41384.0,41411.0,630.0
2026-05-13 11:32:00,1778643120,41415.0,41416.0,41391.0,41409.0,322.0
2026-05-13 11:33:00,1778643180,41412.0,41445.0,41406.0,41430.0,519.0
2026-05-13 11:34:00,1778643240,41432.0,41444.0,41428.0,41443.0,220.0
2026-05-13 11:35:00,1778643300,41443.0,41462.0,41436.0,41450.0,522.0
2026-05-13 11:36:00,1778643360,41451.0,41476.0,41450.0,41454.0,449.0
2026-05-13 11:37:00,1778643420,41456.0,41463.0,41445.0,41462.0,280.0
2026-05-13 11:38:00,1778643480,41463.0,41480.0,41463.0,41479.0,386.0
2026-05-13 11:39:00,1778643540,41477.0,41494.0,41472.0,41481.0,444.0
2026-05-13 11:40:00,1778643600,41483.0,41500.0,41470.0,41492.0,540.0
2026-05-13 11:41:00,1778643660,41493.0,41511.0,41483.0,41489.0,635.0
2026-05-13 11:42:00,1778643720,41490.0,41527.0,41488.0,41526.0,638.0
2026-05-13 11:43:00,1778643780,41526.0,41555.0,41514.0,41518.0,1327.0
2026-05-13 11:44:00,1778643840,41517.0,41556.0,41514.0,41552.0,598.0
2026-05-13 11:45:00,1778643900,41554.0,41562.0,41503.0,41514.0,1144.0
2026-05-13 11:46:00,1778643960,41517.0,41537.0,41514.0,41517.0,281.0
2026-05-13 11:47:00,1778644020,41521.0,41534.0,41509.0,41527.0,378.0
2026-05-13 11:48:00,1778644080,41527.0,41530.0,41516.0,41518.0,260.0
2026-05-13 11:49:00,1778644140,41519.0,41521.0,41467.0,41475.0,807.0
2026-05-13 11:50:00,1778644200,41477.0,41487.0,41453.0,41474.0,532.0
2026-05-13 11:51:00,1778644260,41470.0,41489.0,41455.0,41483.0,296.0
2026-05-13 11:52:00,1778644320,41484.0,41486.0,41467.0,41475.0,152.0
2026-05-13 11:53:00,1778644380,41476.0,41485.0,41469.0,41482.0,149.0
2026-05-13 11:54:00,1778644440,41480.0,41483.0,41438.0,41440.0,343.0
2026-05-13 11:55:00,1778644500,41443.0,41459.0,41432.0,41455.0,536.0
2026-05-13 11:56:00,1778644560,41458.0,41463.0,41422.0,41428.0,293.0
2026-05-13 11:57:00,1778644620,41428.0,41437.0,41406.0,41424.0,450.0
2026-05-13 11:58:00,1778644680,41422.0,41439.0,41416.0,41424.0,256.0
2026-05-13 11:59:00,1778644740,41425.0,41425.0,41411.0,41416.0,175.0
2026-05-13 12:00:00,1778644800,41413.0,41430.0,41398.0,41423.0,444.0
2026-05-13 12:01:00,1778644860,41422.0,41425.0,41396.0,41421.0,261.0
2026-05-13 12:02:00,1778644920,41425.0,41438.0,41423.0,41433.0,242.0
2026-05-13 12:03:00,1778644980,41433.0,41454.0,41429.0,41449.0,314.0
2026-05-13 12:04:00,1778645040,41451.0,41453.0,41426.0,41426.0,159.0
2026-05-13 12:05:00,1778645100,41426.0,41430.0,41406.0,41419.0,206.0
2026-05-13 12:06:00,1778645160,41417.0,41437.0,41417.0,41421.0,159.0
2026-05-13 12:07:00,1778645220,41420.0,41454.0,41419.0,41446.0,184.0
2026-05-13 12:08:00,1778645280,41448.0,41450.0,41429.0,41436.0,113.0
2026-05-13 12:09:00,1778645340,41436.0,41454.0,41436.0,41444.0,122.0
2026-05-13 12:10:00,1778645400,41445.0,41450.0,41429.0,41429.0,102.0
2026-05-13 12:11:00,1778645460,41429.0,41440.0,41425.0,41437.0,110.0
2026-05-13 12:12:00,1778645520,41439.0,41460.0,41433.0,41449.0,204.0
2026-05-13 12:13:00,1778645580,41447.0,41450.0,41414.0,41414.0,161.0
2026-05-13 12:14:00,1778645640,41417.0,41425.0,41414.0,41425.0,119.0
2026-05-13 12:15:00,1778645700,41428.0,41444.0,41411.0,41411.0,145.0
2026-05-13 12:16:00,1778645760,41414.0,41430.0,41411.0,41412.0,163.0
2026-05-13 12:17:00,1778645820,41413.0,41414.0,41390.0,41390.0,308.0
2026-05-13 12:18:00,1778645880,41394.0,41406.0,41379.0,41393.0,287.0
2026-05-13 12:19:00,1778645940,41394.0,41405.0,41358.0,41377.0,485.0
2026-05-13 12:20:00,1778646000,41375.0,41390.0,41375.0,41384.0,176.0
2026-05-13 12:21:00,1778646060,41385.0,41396.0,41383.0,41390.0,172.0
2026-05-13 12:22:00,1778646120,41392.0,41395.0,41380.0,41385.0,93.0
2026-05-13 12:23:00,1778646180,41387.0,41406.0,41375.0,41376.0,248.0
2026-05-13 12:24:00,1778646240,41379.0,41393.0,41373.0,41393.0,131.0
2026-05-13 12:25:00,1778646300,41394.0,41436.0,41393.0,41424.0,358.0
2026-05-13 12:26:00,1778646360,41426.0,41442.0,41424.0,41429.0,210.0
2026-05-13 12:27:00,1778646420,41432.0,41444.0,41422.0,41426.0,117.0
2026-05-13 12:28:00,1778646480,41424.0,41440.0,41424.0,41427.0,97.0
2026-05-13 12:29:00,1778646540,41429.0,41444.0,41428.0,41432.0,152.0
2026-05-13 12:30:00,1778646600,41430.0,41457.0,41428.0,41448.0,306.0
2026-05-13 12:31:00,1778646660,41447.0,41477.0,41446.0,41461.0,386.0
2026-05-13 12:32:00,1778646720,41463.0,41472.0,41441.0,41452.0,211.0
2026-05-13 12:33:00,1778646780,41450.0,41451.0,41441.0,41446.0,139.0
2026-05-13 12:34:00,1778646840,41445.0,41453.0,41428.0,41430.0,170.0
2026-05-13 12:35:00,1778646900,41431.0,41434.0,41390.0,41392.0,340.0
2026-05-13 12:36:00,1778646960,41393.0,41406.0,41387.0,41404.0,196.0
2026-05-13 12:37:00,1778647020,41407.0,41424.0,41407.0,41419.0,136.0
2026-05-13 12:38:00,1778647080,41418.0,41421.0,41390.0,41392.0,151.0
2026-05-13 12:39:00,1778647140,41393.0,41407.0,41387.0,41405.0,147.0
2026-05-13 12:40:00,1778647200,41408.0,41411.0,41396.0,41400.0,101.0
2026-05-13 12:41:00,1778647260,41402.0,41416.0,41397.0,41415.0,100.0
2026-05-13 12:42:00,1778647320,41416.0,41419.0,41403.0,41403.0,85.0
2026-05-13 12:43:00,1778647380,41403.0,41403.0,41376.0,41385.0,266.0
2026-05-13 12:44:00,1778647440,41385.0,41400.0,41383.0,41390.0,110.0
2026-05-13 12:45:00,1778647500,41390.0,41409.0,41387.0,41400.0,164.0
2026-05-13 12:46:00,1778647560,41400.0,41422.0,41392.0,41409.0,213.0
2026-05-13 12:47:00,1778647620,41407.0,41410.0,41393.0,41393.0,85.0
2026-05-13 12:48:00,1778647680,41395.0,41411.0,41395.0,41408.0,69.0
2026-05-13 12:49:00,1778647740,41410.0,41432.0,41410.0,41429.0,238.0
2026-05-13 12:50:00,1778647800,41426.0,41435.0,41404.0,41407.0,239.0
2026-05-13 12:51:00,1778647860,41405.0,41418.0,41403.0,41411.0,101.0
2026-05-13 12:52:00,1778647920,41413.0,41420.0,41405.0,41405.0,80.0
2026-05-13 12:53:00,1778647980,41405.0,41439.0,41405.0,41439.0,123.0
2026-05-13 12:54:00,1778648040,41439.0,41458.0,41434.0,41457.0,337.0
2026-05-13 12:55:00,1778648100,41455.0,41463.0,41438.0,41438.0,276.0
2026-05-13 12:56:00,1778648160,41441.0,41460.0,41434.0,41456.0,224.0
2026-05-13 12:57:00,1778648220,41457.0,41473.0,41454.0,41456.0,310.0
2026-05-13 12:58:00,1778648280,41460.0,41467.0,41457.0,41460.0,93.0
2026-05-13 12:59:00,1778648340,41460.0,41462.0,41445.0,41445.0,154.0
2026-05-13 13:00:00,1778648400,41445.0,41450.0,41416.0,41424.0,355.0
2026-05-13 13:01:00,1778648460,41422.0,41422.0,41406.0,41406.0,194.0
2026-05-13 13:02:00,1778648520,41405.0,41424.0,41381.0,41421.0,410.0
2026-05-13 13:03:00,1778648580,41421.0,41472.0,41421.0,41468.0,462.0
2026-05-13 13:04:00,1778648640,41467.0,41507.0,41457.0,41507.0,626.0
2026-05-13 13:05:00,1778648700,41507.0,41536.0,41504.0,41531.0,670.0
2026-05-13 13:06:00,1778648760,41534.0,41545.0,41518.0,41519.0,508.0
2026-05-13 13:07:00,1778648820,41524.0,41544.0,41511.0,41518.0,284.0
2026-05-13 13:08:00,1778648880,41516.0,41533.0,41505.0,41505.0,262.0
2026-05-13 13:09:00,1778648940,41507.0,41520.0,41501.0,41506.0,193.0
2026-05-13 13:10:00,1778649000,41506.0,41516.0,41497.0,41507.0,249.0
2026-05-13 13:11:00,1778649060,41508.0,41533.0,41507.0,41526.0,277.0
2026-05-13 13:12:00,1778649120,41529.0,41555.0,41528.0,41549.0,534.0
2026-05-13 13:13:00,1778649180,41544.0,41582.0,41544.0,41574.0,964.0
2026-05-13 13:14:00,1778649240,41576.0,41581.0,41557.0,41578.0,394.0
2026-05-13 13:15:00,1778649300,41576.0,41596.0,41564.0,41580.0,660.0
2026-05-13 13:16:00,1778649360,41580.0,41584.0,41563.0,41576.0,281.0
2026-05-13 13:17:00,1778649420,41575.0,41594.0,41565.0,41585.0,334.0
2026-05-13 13:18:00,1778649480,41585.0,41604.0,41583.0,41591.0,500.0
2026-05-13 13:19:00,1778649540,41592.0,41597.0,41572.0,41575.0,243.0
2026-05-13 13:20:00,1778649600,41572.0,41587.0,41560.0,41561.0,430.0
2026-05-13 13:21:00,1778649660,41564.0,41575.0,41560.0,41573.0,208.0
2026-05-13 13:22:00,1778649720,41571.0,41595.0,41570.0,41593.0,283.0
2026-05-13 13:23:00,1778649780,41592.0,41595.0,41570.0,41576.0,210.0
2026-05-13 13:24:00,1778649840,41575.0,41579.0,41566.0,41578.0,207.0
2026-05-13 13:25:00,1778649900,41579.0,41583.0,41474.0,41477.0,1185.0
2026-05-13 13:26:00,1778649960,41477.0,41495.0,41474.0,41478.0,537.0
2026-05-13 13:27:00,1778650020,41477.0,41487.0,41459.0,41466.0,614.0
2026-05-13 13:28:00,1778650080,41466.0,41515.0,41466.0,41500.0,885.0
2026-05-13 13:29:00,1778650140,41500.0,41506.0,41462.0,41472.0,611.0
2026-05-13 13:30:00,1778650200,41473.0,41485.0,41421.0,41470.0,1486.0
2026-05-13 13:31:00,1778650260,41468.0,41486.0,41462.0,41475.0,471.0
2026-05-13 13:32:00,1778650320,41473.0,41473.0,41459.0,41469.0,257.0
2026-05-13 13:33:00,1778650380,41473.0,41484.0,41470.0,41482.0,183.0
2026-05-13 13:34:00,1778650440,41484.0,41491.0,41463.0,41463.0,253.0
2026-05-13 13:35:00,1778650500,41465.0,41479.0,41454.0,41479.0,235.0
2026-05-13 13:36:00,1778650560,41479.0,41495.0,41476.0,41493.0,176.0
2026-05-13 13:37:00,1778650620,41492.0,41513.0,41491.0,41504.0,241.0
2026-05-13 13:38:00,1778650680,41504.0,41509.0,41499.0,41508.0,111.0
2026-05-13 13:39:00,1778650740,41508.0,41517.0,41506.0,41510.0,175.0
2026-05-13 13:40:00,1778650800,41507.0,41520.0,41507.0,41512.0,204.0
2026-05-13 13:41:00,1778650860,41511.0,41513.0,41501.0,41503.0,177.0
2026-05-13 13:42:00,1778650920,41500.0,41500.0,41482.0,41482.0,174.0
2026-05-13 13:43:00,1778650980,41486.0,41504.0,41477.0,41478.0,274.0
2026-05-13 13:44:00,1778651040,41477.0,41484.0,41433.0,41483.0,715.0
2026-05-13 15:00:00,1778655600,41510.0,41510.0,41460.0,41480.0,710.0
2026-05-13 15:01:00,1778655660,41480.0,41490.0,41469.0,41476.0,291.0
2026-05-13 15:02:00,1778655720,41477.0,41512.0,41474.0,41509.0,332.0
2026-05-13 15:03:00,1778655780,41508.0,41514.0,41497.0,41502.0,175.0
2026-05-13 15:04:00,1778655840,41500.0,41510.0,41493.0,41503.0,117.0
2026-05-13 15:05:00,1778655900,41505.0,41506.0,41465.0,41488.0,255.0
2026-05-13 15:06:00,1778655960,41484.0,41489.0,41477.0,41480.0,95.0
2026-05-13 15:07:00,1778656020,41478.0,41496.0,41477.0,41490.0,102.0
2026-05-13 15:08:00,1778656080,41488.0,41493.0,41478.0,41481.0,63.0
2026-05-13 15:09:00,1778656140,41481.0,41481.0,41433.0,41439.0,389.0
2026-05-13 15:10:00,1778656200,41437.0,41437.0,41408.0,41429.0,413.0
2026-05-13 15:11:00,1778656260,41426.0,41426.0,41391.0,41400.0,362.0
2026-05-13 15:12:00,1778656320,41401.0,41407.0,41378.0,41392.0,405.0
2026-05-13 15:13:00,1778656380,41393.0,41425.0,41391.0,41413.0,199.0
2026-05-13 15:14:00,1778656440,41411.0,41424.0,41406.0,41424.0,117.0
2026-05-13 15:15:00,1778656500,41422.0,41430.0,41421.0,41429.0,124.0
2026-05-13 15:16:00,1778656560,41430.0,41440.0,41427.0,41434.0,169.0
2026-05-13 15:17:00,1778656620,41435.0,41439.0,41416.0,41418.0,145.0
2026-05-13 15:18:00,1778656680,41418.0,41422.0,41403.0,41411.0,124.0
2026-05-13 15:19:00,1778656740,41415.0,41417.0,41394.0,41408.0,118.0
2026-05-13 15:20:00,1778656800,41408.0,41429.0,41408.0,41424.0,94.0
2026-05-13 15:21:00,1778656860,41427.0,41429.0,41412.0,41412.0,85.0
2026-05-13 15:22:00,1778656920,41412.0,41418.0,41408.0,41418.0,36.0
2026-05-13 15:23:00,1778656980,41418.0,41425.0,41416.0,41422.0,45.0
2026-05-13 15:24:00,1778657040,41421.0,41422.0,41414.0,41415.0,41.0
2026-05-13 15:25:00,1778657100,41417.0,41419.0,41412.0,41419.0,48.0
2026-05-13 15:26:00,1778657160,41415.0,41424.0,41404.0,41407.0,102.0
2026-05-13 15:27:00,1778657220,41409.0,41413.0,41406.0,41410.0,57.0
2026-05-13 15:28:00,1778657280,41412.0,41433.0,41412.0,41426.0,132.0
2026-05-13 15:29:00,1778657340,41426.0,41428.0,41420.0,41424.0,53.0
2026-05-13 15:30:00,1778657400,41422.0,41434.0,41419.0,41424.0,150.0
2026-05-13 15:31:00,1778657460,41421.0,41438.0,41421.0,41432.0,69.0
2026-05-13 15:32:00,1778657520,41432.0,41445.0,41430.0,41439.0,101.0
2026-05-13 15:33:00,1778657580,41440.0,41442.0,41428.0,41428.0,65.0
2026-05-13 15:34:00,1778657640,41427.0,41440.0,41423.0,41436.0,66.0
2026-05-13 15:35:00,1778657700,41435.0,41440.0,41431.0,41440.0,46.0
2026-05-13 15:36:00,1778657760,41441.0,41452.0,41436.0,41450.0,132.0
2026-05-13 15:37:00,1778657820,41451.0,41457.0,41447.0,41454.0,148.0
2026-05-13 15:38:00,1778657880,41451.0,41455.0,41443.0,41445.0,94.0
2026-05-13 15:39:00,1778657940,41442.0,41453.0,41437.0,41440.0,85.0
2026-05-13 15:40:00,1778658000,41440.0,41457.0,41440.0,41455.0,91.0
2026-05-13 15:41:00,1778658060,41454.0,41475.0,41450.0,41474.0,183.0
2026-05-13 15:42:00,1778658120,41469.0,41499.0,41469.0,41499.0,291.0
2026-05-13 15:43:00,1778658180,41500.0,41504.0,41486.0,41496.0,221.0
2026-05-13 15:44:00,1778658240,41497.0,41499.0,41490.0,41490.0,80.0
2026-05-13 15:45:00,1778658300,41490.0,41505.0,41487.0,41487.0,167.0
2026-05-13 15:46:00,1778658360,41490.0,41493.0,41485.0,41490.0,72.0
2026-05-13 15:47:00,1778658420,41490.0,41506.0,41490.0,41492.0,106.0
2026-05-13 15:48:00,1778658480,41490.0,41490.0,41479.0,41484.0,119.0
2026-05-13 15:49:00,1778658540,41483.0,41483.0,41473.0,41480.0,71.0
2026-05-13 15:50:00,1778658600,41481.0,41497.0,41480.0,41492.0,86.0
2026-05-13 15:51:00,1778658660,41492.0,41506.0,41488.0,41503.0,92.0
2026-05-13 15:52:00,1778658720,41504.0,41524.0,41504.0,41515.0,324.0
2026-05-13 15:53:00,1778658780,41517.0,41520.0,41508.0,41510.0,124.0
2026-05-13 15:54:00,1778658840,41509.0,41510.0,41500.0,41505.0,92.0
2026-05-13 15:55:00,1778658900,41508.0,41524.0,41498.0,41520.0,168.0
2026-05-13 15:56:00,1778658960,41519.0,41523.0,41511.0,41516.0,62.0
2026-05-13 15:57:00,1778659020,41515.0,41529.0,41515.0,41525.0,271.0
2026-05-13 15:58:00,1778659080,41525.0,41530.0,41518.0,41519.0,119.0
2026-05-13 15:59:00,1778659140,41519.0,41533.0,41519.0,41532.0,105.0
2026-05-13 16:00:00,1778659200,41530.0,41543.0,41527.0,41538.0,362.0
2026-05-13 16:01:00,1778659260,41538.0,41548.0,41531.0,41535.0,243.0
2026-05-13 16:02:00,1778659320,41535.0,41557.0,41535.0,41557.0,162.0
2026-05-13 16:03:00,1778659380,41557.0,41566.0,41547.0,41555.0,292.0
2026-05-13 16:04:00,1778659440,41554.0,41555.0,41533.0,41539.0,217.0
2026-05-13 16:05:00,1778659500,41542.0,41552.0,41539.0,41552.0,81.0
2026-05-13 16:06:00,1778659560,41554.0,41576.0,41554.0,41576.0,259.0
2026-05-13 16:07:00,1778659620,41574.0,41576.0,41562.0,41567.0,133.0
2026-05-13 16:08:00,1778659680,41569.0,41591.0,41568.0,41584.0,297.0
2026-05-13 16:09:00,1778659740,41587.0,41630.0,41584.0,41623.0,882.0
2026-05-13 16:10:00,1778659800,41619.0,41650.0,41619.0,41631.0,690.0
2026-05-13 16:11:00,1778659860,41629.0,41640.0,41621.0,41625.0,255.0
2026-05-13 16:12:00,1778659920,41624.0,41628.0,41608.0,41615.0,214.0
2026-05-13 16:13:00,1778659980,41615.0,41618.0,41608.0,41617.0,145.0
2026-05-13 16:14:00,1778660040,41616.0,41625.0,41610.0,41620.0,191.0
2026-05-13 16:15:00,1778660100,41620.0,41627.0,41617.0,41621.0,148.0
2026-05-13 16:16:00,1778660160,41623.0,41634.0,41614.0,41620.0,187.0
2026-05-13 16:17:00,1778660220,41620.0,41638.0,41620.0,41633.0,192.0
2026-05-13 16:18:00,1778660280,41634.0,41642.0,41622.0,41627.0,150.0
2026-05-13 16:19:00,1778660340,41624.0,41626.0,41603.0,41613.0,246.0
2026-05-13 16:20:00,1778660400,41610.0,41620.0,41610.0,41619.0,111.0
2026-05-13 16:21:00,1778660460,41618.0,41624.0,41617.0,41624.0,65.0
2026-05-13 16:22:00,1778660520,41625.0,41626.0,41621.0,41625.0,56.0
2026-05-13 16:23:00,1778660580,41625.0,41627.0,41616.0,41625.0,81.0
2026-05-13 16:24:00,1778660640,41625.0,41626.0,41605.0,41608.0,114.0
2026-05-13 16:25:00,1778660700,41609.0,41613.0,41602.0,41603.0,110.0
2026-05-13 16:26:00,1778660760,41603.0,41604.0,41594.0,41602.0,260.0
2026-05-13 16:27:00,1778660820,41602.0,41605.0,41584.0,41588.0,183.0
2026-05-13 16:28:00,1778660880,41588.0,41600.0,41583.0,41598.0,184.0
2026-05-13 16:29:00,1778660940,41598.0,41599.0,41588.0,41590.0,55.0
2026-05-13 16:30:00,1778661000,41590.0,41595.0,41577.0,41581.0,183.0
2026-05-13 16:31:00,1778661060,41583.0,41585.0,41576.0,41582.0,97.0
2026-05-13 16:32:00,1778661120,41580.0,41581.0,41565.0,41568.0,192.0
2026-05-13 16:33:00,1778661180,41566.0,41578.0,41566.0,41574.0,75.0
2026-05-13 16:34:00,1778661240,41576.0,41584.0,41570.0,41581.0,102.0
2026-05-13 16:35:00,1778661300,41583.0,41584.0,41575.0,41575.0,74.0
2026-05-13 16:36:00,1778661360,41575.0,41584.0,41570.0,41583.0,71.0
2026-05-13 16:37:00,1778661420,41583.0,41590.0,41575.0,41580.0,106.0
2026-05-13 16:38:00,1778661480,41580.0,41596.0,41580.0,41595.0,84.0
2026-05-13 16:39:00,1778661540,41595.0,41595.0,41588.0,41590.0,68.0
2026-05-13 16:40:00,1778661600,41590.0,41602.0,41590.0,41597.0,133.0
2026-05-13 16:41:00,1778661660,41595.0,41596.0,41586.0,41588.0,66.0
2026-05-13 16:42:00,1778661720,41587.0,41590.0,41583.0,41587.0,74.0
2026-05-13 16:43:00,1778661780,41586.0,41590.0,41576.0,41577.0,114.0
2026-05-13 16:44:00,1778661840,41575.0,41579.0,41571.0,41572.0,81.0
2026-05-13 16:45:00,1778661900,41571.0,41584.0,41571.0,41584.0,55.0
2026-05-13 16:46:00,1778661960,41579.0,41579.0,41570.0,41576.0,68.0
2026-05-13 16:47:00,1778662020,41573.0,41573.0,41544.0,41544.0,367.0
2026-05-13 16:48:00,1778662080,41545.0,41545.0,41523.0,41534.0,386.0
2026-05-13 16:49:00,1778662140,41532.0,41544.0,41531.0,41544.0,128.0
2026-05-13 16:50:00,1778662200,41543.0,41545.0,41514.0,41517.0,312.0
2026-05-13 16:51:00,1778662260,41517.0,41528.0,41514.0,41524.0,168.0
2026-05-13 16:52:00,1778662320,41524.0,41533.0,41482.0,41492.0,555.0
2026-05-13 16:53:00,1778662380,41490.0,41500.0,41482.0,41496.0,206.0
2026-05-13 16:54:00,1778662440,41497.0,41508.0,41490.0,41505.0,157.0
2026-05-13 16:55:00,1778662500,41505.0,41520.0,41495.0,41516.0,209.0
2026-05-13 16:56:00,1778662560,41516.0,41517.0,41502.0,41508.0,128.0
2026-05-13 16:57:00,1778662620,41509.0,41509.0,41496.0,41507.0,110.0
2026-05-13 16:58:00,1778662680,41506.0,41510.0,41499.0,41506.0,100.0
2026-05-13 16:59:00,1778662740,41508.0,41513.0,41505.0,41512.0,55.0
2026-05-13 17:00:00,1778662800,41509.0,41532.0,41509.0,41518.0,230.0
2026-05-13 17:01:00,1778662860,41521.0,41527.0,41510.0,41510.0,112.0
2026-05-13 17:02:00,1778662920,41511.0,41523.0,41507.0,41521.0,58.0
2026-05-13 17:03:00,1778662980,41520.0,41545.0,41518.0,41538.0,164.0
2026-05-13 17:04:00,1778663040,41537.0,41539.0,41532.0,41536.0,108.0
2026-05-13 17:05:00,1778663100,41536.0,41538.0,41515.0,41519.0,135.0
2026-05-13 17:06:00,1778663160,41520.0,41526.0,41498.0,41501.0,167.0
2026-05-13 17:07:00,1778663220,41501.0,41511.0,41489.0,41509.0,162.0
2026-05-13 17:08:00,1778663280,41509.0,41510.0,41475.0,41475.0,246.0
2026-05-13 17:09:00,1778663340,41475.0,41482.0,41471.0,41477.0,271.0
2026-05-13 17:10:00,1778663400,41476.0,41480.0,41456.0,41462.0,301.0
2026-05-13 17:11:00,1778663460,41459.0,41468.0,41450.0,41467.0,230.0
2026-05-13 17:12:00,1778663520,41467.0,41487.0,41463.0,41487.0,133.0
2026-05-13 17:13:00,1778663580,41484.0,41488.0,41476.0,41488.0,138.0
2026-05-13 17:14:00,1778663640,41485.0,41486.0,41472.0,41477.0,65.0
2026-05-13 17:15:00,1778663700,41476.0,41499.0,41472.0,41499.0,167.0
2026-05-13 17:16:00,1778663760,41497.0,41508.0,41492.0,41506.0,178.0
2026-05-13 17:17:00,1778663820,41508.0,41508.0,41479.0,41480.0,141.0
2026-05-13 17:18:00,1778663880,41480.0,41484.0,41465.0,41466.0,162.0
2026-05-13 17:19:00,1778663940,41468.0,41469.0,41452.0,41459.0,176.0
2026-05-13 17:20:00,1778664000,41459.0,41466.0,41444.0,41462.0,312.0
2026-05-13 17:21:00,1778664060,41461.0,41465.0,41451.0,41462.0,126.0
2026-05-13 17:22:00,1778664120,41459.0,41459.0,41432.0,41454.0,275.0
2026-05-13 17:23:00,1778664180,41453.0,41469.0,41451.0,41469.0,150.0
2026-05-13 17:24:00,1778664240,41467.0,41470.0,41453.0,41458.0,135.0
2026-05-13 17:25:00,1778664300,41459.0,41471.0,41457.0,41469.0,179.0
2026-05-13 17:26:00,1778664360,41471.0,41474.0,41460.0,41466.0,95.0
2026-05-13 17:27:00,1778664420,41466.0,41475.0,41462.0,41474.0,73.0
2026-05-13 17:28:00,1778664480,41475.0,41485.0,41467.0,41482.0,92.0
2026-05-13 17:29:00,1778664540,41483.0,41483.0,41448.0,41455.0,171.0
2026-05-13 17:30:00,1778664600,41454.0,41455.0,41427.0,41440.0,330.0
2026-05-13 17:31:00,1778664660,41437.0,41439.0,41422.0,41439.0,175.0
2026-05-13 17:32:00,1778664720,41440.0,41472.0,41438.0,41467.0,183.0
2026-05-13 17:33:00,1778664780,41470.0,41475.0,41457.0,41459.0,119.0
2026-05-13 17:34:00,1778664840,41456.0,41464.0,41448.0,41459.0,95.0
2026-05-13 17:35:00,1778664900,41459.0,41477.0,41458.0,41472.0,132.0
2026-05-13 17:36:00,1778664960,41474.0,41480.0,41463.0,41473.0,156.0
2026-05-13 17:37:00,1778665020,41472.0,41472.0,41461.0,41466.0,94.0
2026-05-13 17:38:00,1778665080,41467.0,41469.0,41453.0,41465.0,80.0
2026-05-13 17:39:00,1778665140,41470.0,41485.0,41465.0,41481.0,119.0
2026-05-13 17:40:00,1778665200,41480.0,41489.0,41475.0,41483.0,116.0
2026-05-13 17:41:00,1778665260,41481.0,41483.0,41471.0,41472.0,67.0
2026-05-13 17:42:00,1778665320,41474.0,41474.0,41462.0,41465.0,69.0
2026-05-13 17:43:00,1778665380,41464.0,41474.0,41462.0,41474.0,50.0
2026-05-13 17:44:00,1778665440,41474.0,41486.0,41471.0,41485.0,86.0
2026-05-13 17:45:00,1778665500,41482.0,41492.0,41479.0,41479.0,159.0
2026-05-13 17:46:00,1778665560,41478.0,41486.0,41473.0,41475.0,80.0
2026-05-13 17:47:00,1778665620,41473.0,41482.0,41466.0,41471.0,63.0
2026-05-13 17:48:00,1778665680,41470.0,41474.0,41462.0,41466.0,54.0
2026-05-13 17:49:00,1778665740,41468.0,41484.0,41468.0,41480.0,39.0
2026-05-13 17:50:00,1778665800,41480.0,41485.0,41475.0,41480.0,50.0
2026-05-13 17:51:00,1778665860,41475.0,41479.0,41475.0,41477.0,22.0
2026-05-13 17:52:00,1778665920,41475.0,41475.0,41466.0,41470.0,30.0
2026-05-13 17:53:00,1778665980,41471.0,41479.0,41469.0,41477.0,34.0
2026-05-13 17:54:00,1778666040,41475.0,41514.0,41466.0,41512.0,254.0
2026-05-13 17:55:00,1778666100,41508.0,41513.0,41502.0,41507.0,134.0
2026-05-13 17:56:00,1778666160,41510.0,41519.0,41504.0,41509.0,118.0
2026-05-13 17:57:00,1778666220,41510.0,41519.0,41508.0,41512.0,118.0
2026-05-13 17:58:00,1778666280,41511.0,41521.0,41511.0,41519.0,123.0
2026-05-13 17:59:00,1778666340,41517.0,41521.0,41509.0,41513.0,69.0
2026-05-13 18:00:00,1778666400,41511.0,41519.0,41504.0,41506.0,69.0
2026-05-13 18:01:00,1778666460,41506.0,41519.0,41502.0,41513.0,61.0
2026-05-13 18:02:00,1778666520,41514.0,41519.0,41510.0,41519.0,39.0
2026-05-13 18:03:00,1778666580,41519.0,41520.0,41509.0,41511.0,48.0
2026-05-13 18:04:00,1778666640,41513.0,41530.0,41513.0,41524.0,97.0
2026-05-13 18:05:00,1778666700,41520.0,41524.0,41517.0,41519.0,58.0
2026-05-13 18:06:00,1778666760,41517.0,41530.0,41517.0,41527.0,80.0
2026-05-13 18:07:00,1778666820,41528.0,41533.0,41522.0,41533.0,66.0
2026-05-13 18:08:00,1778666880,41531.0,41536.0,41529.0,41535.0,99.0
2026-05-13 18:09:00,1778666940,41535.0,41555.0,41535.0,41555.0,291.0
2026-05-13 18:10:00,1778667000,41555.0,41562.0,41545.0,41546.0,225.0
2026-05-13 18:11:00,1778667060,41545.0,41555.0,41538.0,41539.0,120.0
2026-05-13 18:12:00,1778667120,41541.0,41545.0,41505.0,41510.0,227.0
2026-05-13 18:13:00,1778667180,41507.0,41511.0,41494.0,41502.0,187.0
2026-05-13 18:14:00,1778667240,41501.0,41501.0,41484.0,41497.0,200.0
2026-05-13 18:15:00,1778667300,41497.0,41499.0,41488.0,41493.0,166.0
2026-05-13 18:16:00,1778667360,41496.0,41498.0,41478.0,41489.0,160.0
2026-05-13 18:17:00,1778667420,41484.0,41496.0,41476.0,41494.0,94.0
2026-05-13 18:18:00,1778667480,41496.0,41496.0,41490.0,41494.0,43.0
2026-05-13 18:19:00,1778667540,41491.0,41491.0,41479.0,41482.0,75.0
2026-05-13 18:20:00,1778667600,41483.0,41483.0,41470.0,41474.0,133.0
2026-05-13 18:21:00,1778667660,41476.0,41497.0,41470.0,41494.0,109.0
2026-05-13 18:22:00,1778667720,41488.0,41491.0,41482.0,41485.0,43.0
2026-05-13 18:23:00,1778667780,41485.0,41485.0,41476.0,41481.0,70.0
2026-05-13 18:24:00,1778667840,41482.0,41482.0,41457.0,41463.0,176.0
2026-05-13 18:25:00,1778667900,41462.0,41464.0,41456.0,41460.0,95.0
2026-05-13 18:26:00,1778667960,41460.0,41460.0,41440.0,41440.0,239.0
2026-05-13 18:27:00,1778668020,41440.0,41454.0,41431.0,41454.0,251.0
2026-05-13 18:28:00,1778668080,41452.0,41463.0,41448.0,41460.0,68.0
2026-05-13 18:29:00,1778668140,41459.0,41463.0,41458.0,41461.0,44.0
2026-05-13 18:30:00,1778668200,41461.0,41476.0,41460.0,41464.0,103.0
2026-05-13 18:31:00,1778668260,41464.0,41468.0,41453.0,41468.0,71.0
2026-05-13 18:32:00,1778668320,41468.0,41486.0,41466.0,41477.0,96.0
2026-05-13 18:33:00,1778668380,41477.0,41477.0,41458.0,41459.0,90.0
2026-05-13 18:34:00,1778668440,41458.0,41463.0,41452.0,41463.0,70.0
2026-05-13 18:35:00,1778668500,41463.0,41466.0,41455.0,41463.0,79.0
2026-05-13 18:36:00,1778668560,41466.0,41466.0,41456.0,41464.0,43.0
2026-05-13 18:37:00,1778668620,41461.0,41461.0,41458.0,41460.0,30.0
2026-05-13 18:38:00,1778668680,41462.0,41476.0,41459.0,41473.0,80.0
2026-05-13 18:39:00,1778668740,41475.0,41487.0,41470.0,41484.0,117.0
2026-05-13 18:40:00,1778668800,41483.0,41490.0,41482.0,41482.0,111.0
2026-05-13 18:41:00,1778668860,41484.0,41489.0,41480.0,41489.0,36.0
2026-05-13 18:42:00,1778668920,41489.0,41492.0,41488.0,41492.0,45.0
2026-05-13 18:43:00,1778668980,41493.0,41506.0,41493.0,41504.0,166.0
2026-05-13 18:44:00,1778669040,41501.0,41504.0,41496.0,41503.0,47.0
2026-05-13 18:45:00,1778669100,41502.0,41507.0,41499.0,41501.0,64.0
2026-05-13 18:46:00,1778669160,41501.0,41502.0,41495.0,41499.0,43.0
2026-05-13 18:47:00,1778669220,41494.0,41509.0,41494.0,41508.0,91.0
2026-05-13 18:48:00,1778669280,41508.0,41512.0,41504.0,41511.0,74.0
2026-05-13 18:49:00,1778669340,41512.0,41514.0,41504.0,41505.0,51.0
2026-05-13 18:50:00,1778669400,41505.0,41507.0,41502.0,41507.0,23.0
2026-05-13 18:51:00,1778669460,41506.0,41507.0,41497.0,41501.0,54.0
2026-05-13 18:52:00,1778669520,41501.0,41511.0,41500.0,41509.0,61.0
2026-05-13 18:53:00,1778669580,41508.0,41514.0,41508.0,41511.0,40.0
2026-05-13 18:54:00,1778669640,41511.0,41514.0,41503.0,41505.0,37.0
2026-05-13 18:55:00,1778669700,41507.0,41523.0,41506.0,41520.0,95.0
2026-05-13 18:56:00,1778669760,41523.0,41524.0,41506.0,41506.0,60.0
2026-05-13 18:57:00,1778669820,41510.0,41510.0,41501.0,41502.0,60.0
2026-05-13 18:58:00,1778669880,41501.0,41503.0,41484.0,41484.0,124.0
2026-05-13 18:59:00,1778669940,41486.0,41497.0,41484.0,41492.0,58.0
2026-05-13 19:00:00,1778670000,41489.0,41492.0,41484.0,41490.0,71.0
2026-05-13 19:01:00,1778670060,41490.0,41495.0,41479.0,41483.0,71.0
2026-05-13 19:02:00,1778670120,41483.0,41483.0,41474.0,41481.0,80.0
2026-05-13 19:03:00,1778670180,41481.0,41481.0,41464.0,41468.0,134.0
2026-05-13 19:04:00,1778670240,41466.0,41468.0,41459.0,41461.0,80.0
2026-05-13 19:05:00,1778670300,41460.0,41463.0,41445.0,41452.0,199.0
2026-05-13 19:06:00,1778670360,41449.0,41454.0,41445.0,41451.0,103.0
2026-05-13 19:07:00,1778670420,41455.0,41463.0,41448.0,41451.0,78.0
2026-05-13 19:08:00,1778670480,41451.0,41461.0,41448.0,41461.0,58.0
2026-05-13 19:09:00,1778670540,41459.0,41472.0,41454.0,41470.0,80.0
2026-05-13 19:10:00,1778670600,41470.0,41473.0,41458.0,41459.0,67.0
2026-05-13 19:11:00,1778670660,41461.0,41461.0,41446.0,41448.0,105.0
2026-05-13 19:12:00,1778670720,41450.0,41456.0,41446.0,41454.0,57.0
2026-05-13 19:13:00,1778670780,41455.0,41469.0,41455.0,41466.0,54.0
2026-05-13 19:14:00,1778670840,41469.0,41479.0,41462.0,41474.0,66.0
2026-05-13 19:15:00,1778670900,41472.0,41478.0,41467.0,41475.0,42.0
2026-05-13 19:16:00,1778670960,41477.0,41480.0,41475.0,41479.0,34.0
2026-05-13 19:17:00,1778671020,41479.0,41484.0,41476.0,41482.0,66.0
2026-05-13 19:18:00,1778671080,41481.0,41481.0,41463.0,41469.0,45.0
2026-05-13 19:19:00,1778671140,41470.0,41471.0,41463.0,41465.0,40.0
2026-05-13 19:20:00,1778671200,41466.0,41466.0,41453.0,41460.0,49.0
2026-05-13 19:21:00,1778671260,41460.0,41461.0,41456.0,41456.0,19.0
2026-05-13 19:22:00,1778671320,41456.0,41461.0,41453.0,41460.0,40.0
2026-05-13 19:23:00,1778671380,41460.0,41461.0,41442.0,41442.0,100.0
2026-05-13 19:24:00,1778671440,41442.0,41442.0,41427.0,41436.0,279.0
2026-05-13 19:25:00,1778671500,41437.0,41438.0,41423.0,41425.0,181.0
2026-05-13 19:26:00,1778671560,41427.0,41428.0,41405.0,41428.0,506.0
2026-05-13 19:27:00,1778671620,41426.0,41429.0,41412.0,41424.0,117.0
2026-05-13 19:28:00,1778671680,41426.0,41440.0,41416.0,41438.0,112.0
2026-05-13 19:29:00,1778671740,41439.0,41445.0,41436.0,41445.0,63.0
2026-05-13 19:30:00,1778671800,41445.0,41446.0,41435.0,41445.0,105.0
2026-05-13 19:31:00,1778671860,41444.0,41466.0,41444.0,41464.0,156.0
2026-05-13 19:32:00,1778671920,41465.0,41473.0,41464.0,41465.0,139.0
2026-05-13 19:33:00,1778671980,41465.0,41490.0,41464.0,41490.0,183.0
2026-05-13 19:34:00,1778672040,41491.0,41498.0,41474.0,41474.0,180.0
2026-05-13 19:35:00,1778672100,41476.0,41483.0,41473.0,41475.0,60.0
2026-05-13 19:36:00,1778672160,41475.0,41476.0,41467.0,41470.0,69.0
2026-05-13 19:37:00,1778672220,41469.0,41478.0,41467.0,41475.0,41.0
2026-05-13 19:38:00,1778672280,41477.0,41490.0,41476.0,41478.0,78.0
2026-05-13 19:39:00,1778672340,41477.0,41482.0,41470.0,41473.0,42.0
2026-05-13 19:40:00,1778672400,41475.0,41483.0,41470.0,41483.0,34.0
2026-05-13 19:41:00,1778672460,41480.0,41486.0,41478.0,41485.0,41.0
2026-05-13 19:42:00,1778672520,41485.0,41495.0,41479.0,41491.0,75.0
2026-05-13 19:43:00,1778672580,41491.0,41496.0,41490.0,41495.0,67.0
2026-05-13 19:44:00,1778672640,41495.0,41498.0,41489.0,41495.0,60.0
2026-05-13 19:45:00,1778672700,41495.0,41505.0,41490.0,41503.0,169.0
2026-05-13 19:46:00,1778672760,41504.0,41511.0,41503.0,41509.0,149.0
2026-05-13 19:47:00,1778672820,41507.0,41512.0,41503.0,41503.0,50.0
2026-05-13 19:48:00,1778672880,41504.0,41509.0,41503.0,41504.0,64.0
2026-05-13 19:49:00,1778672940,41504.0,41504.0,41496.0,41499.0,44.0
2026-05-13 19:50:00,1778673000,41494.0,41499.0,41486.0,41489.0,135.0
2026-05-13 19:51:00,1778673060,41489.0,41490.0,41472.0,41475.0,117.0
2026-05-13 19:52:00,1778673120,41474.0,41481.0,41469.0,41475.0,94.0
2026-05-13 19:53:00,1778673180,41477.0,41489.0,41477.0,41488.0,55.0
2026-05-13 19:54:00,1778673240,41490.0,41500.0,41490.0,41497.0,62.0
2026-05-13 19:55:00,1778673300,41496.0,41505.0,41490.0,41504.0,110.0
2026-05-13 19:56:00,1778673360,41504.0,41517.0,41504.0,41508.0,156.0
2026-05-13 19:57:00,1778673420,41506.0,41508.0,41496.0,41496.0,63.0
2026-05-13 19:58:00,1778673480,41498.0,41499.0,41484.0,41486.0,49.0
2026-05-13 19:59:00,1778673540,41486.0,41506.0,41486.0,41504.0,103.0
2026-05-13 20:00:00,1778673600,41501.0,41508.0,41495.0,41496.0,64.0
2026-05-13 20:01:00,1778673660,41496.0,41525.0,41495.0,41523.0,182.0
2026-05-13 20:02:00,1778673720,41524.0,41525.0,41513.0,41513.0,102.0
2026-05-13 20:03:00,1778673780,41515.0,41525.0,41515.0,41520.0,72.0
2026-05-13 20:04:00,1778673840,41519.0,41544.0,41519.0,41541.0,282.0
2026-05-13 20:05:00,1778673900,41540.0,41542.0,41531.0,41535.0,191.0
2026-05-13 20:06:00,1778673960,41535.0,41538.0,41528.0,41529.0,66.0
2026-05-13 20:07:00,1778674020,41529.0,41536.0,41520.0,41536.0,159.0
2026-05-13 20:08:00,1778674080,41533.0,41533.0,41521.0,41523.0,42.0
2026-05-13 20:09:00,1778674140,41521.0,41532.0,41520.0,41529.0,73.0
2026-05-13 20:10:00,1778674200,41528.0,41530.0,41512.0,41514.0,88.0
2026-05-13 20:11:00,1778674260,41513.0,41522.0,41511.0,41521.0,55.0
2026-05-13 20:12:00,1778674320,41522.0,41530.0,41521.0,41526.0,51.0
2026-05-13 20:13:00,1778674380,41525.0,41546.0,41525.0,41546.0,115.0
2026-05-13 20:14:00,1778674440,41546.0,41551.0,41538.0,41542.0,192.0
2026-05-13 20:15:00,1778674500,41538.0,41550.0,41537.0,41540.0,77.0
2026-05-13 20:16:00,1778674560,41541.0,41542.0,41532.0,41533.0,51.0
2026-05-13 20:17:00,1778674620,41534.0,41535.0,41525.0,41525.0,58.0
2026-05-13 20:18:00,1778674680,41525.0,41525.0,41504.0,41520.0,210.0
2026-05-13 20:19:00,1778674740,41521.0,41521.0,41505.0,41507.0,95.0
2026-05-13 20:20:00,1778674800,41506.0,41506.0,41475.0,41479.0,312.0
2026-05-13 20:21:00,1778674860,41479.0,41485.0,41461.0,41485.0,281.0
2026-05-13 20:22:00,1778674920,41482.0,41484.0,41467.0,41482.0,149.0
2026-05-13 20:23:00,1778674980,41479.0,41489.0,41478.0,41488.0,74.0
2026-05-13 20:24:00,1778675040,41486.0,41487.0,41472.0,41484.0,96.0
2026-05-13 20:25:00,1778675100,41486.0,41503.0,41483.0,41502.0,110.0
2026-05-13 20:26:00,1778675160,41500.0,41510.0,41496.0,41506.0,82.0
2026-05-13 20:27:00,1778675220,41506.0,41512.0,41499.0,41506.0,66.0
2026-05-13 20:28:00,1778675280,41507.0,41509.0,41492.0,41495.0,73.0
2026-05-13 20:29:00,1778675340,41495.0,41497.0,41492.0,41496.0,29.0
2026-05-13 20:30:00,1778675400,41496.0,41496.0,41380.0,41405.0,1499.0
2026-05-13 20:31:00,1778675460,41405.0,41413.0,41348.0,41394.0,1277.0
2026-05-13 20:32:00,1778675520,41392.0,41405.0,41333.0,41356.0,825.0
2026-05-13 20:33:00,1778675580,41350.0,41353.0,41306.0,41347.0,842.0
2026-05-13 20:34:00,1778675640,41348.0,41387.0,41347.0,41358.0,592.0
2026-05-13 20:35:00,1778675700,41362.0,41380.0,41354.0,41363.0,476.0
2026-05-13 20:36:00,1778675760,41365.0,41365.0,41330.0,41331.0,375.0
2026-05-13 20:37:00,1778675820,41331.0,41331.0,41279.0,41280.0,969.0
2026-05-13 20:38:00,1778675880,41280.0,41292.0,41273.0,41288.0,559.0
2026-05-13 20:39:00,1778675940,41287.0,41288.0,41226.0,41257.0,1024.0
2026-05-13 20:40:00,1778676000,41259.0,41259.0,41208.0,41249.0,848.0
2026-05-13 20:41:00,1778676060,41248.0,41286.0,41245.0,41279.0,646.0
2026-05-13 20:42:00,1778676120,41277.0,41279.0,41261.0,41267.0,284.0
2026-05-13 20:43:00,1778676180,41267.0,41284.0,41266.0,41284.0,280.0
2026-05-13 20:44:00,1778676240,41283.0,41297.0,41277.0,41295.0,440.0
2026-05-13 20:45:00,1778676300,41296.0,41318.0,41288.0,41315.0,447.0
2026-05-13 20:46:00,1778676360,41318.0,41324.0,41296.0,41298.0,323.0
2026-05-13 20:47:00,1778676420,41300.0,41322.0,41295.0,41317.0,233.0
2026-05-13 20:48:00,1778676480,41314.0,41326.0,41289.0,41294.0,273.0
2026-05-13 20:49:00,1778676540,41290.0,41304.0,41281.0,41286.0,230.0
2026-05-13 20:50:00,1778676600,41289.0,41312.0,41288.0,41300.0,181.0
2026-05-13 20:51:00,1778676660,41304.0,41307.0,41285.0,41285.0,185.0
2026-05-13 20:52:00,1778676720,41286.0,41308.0,41282.0,41300.0,167.0
2026-05-13 20:53:00,1778676780,41300.0,41300.0,41263.0,41266.0,344.0
2026-05-13 20:54:00,1778676840,41263.0,41270.0,41254.0,41259.0,273.0
2026-05-13 20:55:00,1778676900,41254.0,41261.0,41250.0,41257.0,207.0
2026-05-13 20:56:00,1778676960,41256.0,41269.0,41246.0,41269.0,176.0
2026-05-13 20:57:00,1778677020,41269.0,41311.0,41261.0,41308.0,386.0
2026-05-13 20:58:00,1778677080,41310.0,41323.0,41305.0,41318.0,297.0
2026-05-13 20:59:00,1778677140,41315.0,41320.0,41289.0,41293.0,205.0
2026-05-13 21:00:00,1778677200,41295.0,41334.0,41291.0,41331.0,321.0
2026-05-13 21:01:00,1778677260,41330.0,41356.0,41330.0,41346.0,499.0
2026-05-13 21:02:00,1778677320,41350.0,41365.0,41337.0,41360.0,310.0
2026-05-13 21:03:00,1778677380,41363.0,41368.0,41351.0,41354.0,219.0
2026-05-13 21:04:00,1778677440,41356.0,41372.0,41356.0,41371.0,269.0
2026-05-13 21:05:00,1778677500,41372.0,41381.0,41372.0,41372.0,437.0
2026-05-13 21:06:00,1778677560,41374.0,41376.0,41364.0,41365.0,150.0
2026-05-13 21:07:00,1778677620,41367.0,41386.0,41363.0,41363.0,254.0
2026-05-13 21:08:00,1778677680,41364.0,41372.0,41354.0,41358.0,159.0
2026-05-13 21:09:00,1778677740,41361.0,41372.0,41361.0,41368.0,148.0
2026-05-13 21:10:00,1778677800,41367.0,41368.0,41360.0,41368.0,88.0
2026-05-13 21:11:00,1778677860,41369.0,41395.0,41369.0,41392.0,297.0
2026-05-13 21:12:00,1778677920,41394.0,41403.0,41385.0,41390.0,315.0
2026-05-13 21:13:00,1778677980,41392.0,41394.0,41383.0,41392.0,107.0
2026-05-13 21:14:00,1778678040,41391.0,41402.0,41391.0,41398.0,121.0
2026-05-13 21:15:00,1778678100,41399.0,41404.0,41395.0,41399.0,88.0
2026-05-13 21:16:00,1778678160,41399.0,41403.0,41387.0,41393.0,123.0
2026-05-13 21:17:00,1778678220,41392.0,41394.0,41384.0,41384.0,70.0
2026-05-13 21:18:00,1778678280,41384.0,41394.0,41380.0,41394.0,152.0
2026-05-13 21:19:00,1778678340,41391.0,41398.0,41389.0,41392.0,73.0
2026-05-13 21:20:00,1778678400,41391.0,41412.0,41391.0,41407.0,227.0
2026-05-13 21:21:00,1778678460,41407.0,41407.0,41393.0,41405.0,120.0
2026-05-13 21:22:00,1778678520,41405.0,41410.0,41396.0,41400.0,87.0
2026-05-13 21:23:00,1778678580,41398.0,41416.0,41398.0,41411.0,122.0
2026-05-13 21:24:00,1778678640,41411.0,41420.0,41410.0,41420.0,158.0
2026-05-13 21:25:00,1778678700,41420.0,41434.0,41420.0,41426.0,318.0
2026-05-13 21:26:00,1778678760,41424.0,41424.0,41408.0,41414.0,146.0
2026-05-13 21:27:00,1778678820,41414.0,41414.0,41404.0,41409.0,144.0
2026-05-13 21:28:00,1778678880,41408.0,41425.0,41406.0,41420.0,114.0
2026-05-13 21:29:00,1778678940,41420.0,41420.0,41401.0,41416.0,148.0
2026-05-13 21:30:00,1778679000,41416.0,41430.0,41392.0,41411.0,602.0
2026-05-13 21:31:00,1778679060,41402.0,41408.0,41353.0,41362.0,922.0
2026-05-13 21:32:00,1778679120,41361.0,41444.0,41348.0,41405.0,970.0
2026-05-13 21:33:00,1778679180,41406.0,41443.0,41396.0,41401.0,561.0
2026-05-13 21:34:00,1778679240,41400.0,41413.0,41371.0,41412.0,373.0
2026-05-13 21:35:00,1778679300,41410.0,41430.0,41355.0,41358.0,671.0
2026-05-13 21:36:00,1778679360,41358.0,41358.0,41316.0,41343.0,987.0
2026-05-13 21:37:00,1778679420,41342.0,41365.0,41320.0,41328.0,508.0
2026-05-13 21:38:00,1778679480,41328.0,41332.0,41298.0,41321.0,684.0
2026-05-13 21:39:00,1778679540,41324.0,41358.0,41320.0,41355.0,490.0
2026-05-13 21:40:00,1778679600,41358.0,41403.0,41339.0,41398.0,599.0
2026-05-13 21:41:00,1778679660,41398.0,41460.0,41396.0,41441.0,1094.0
2026-05-13 21:42:00,1778679720,41437.0,41492.0,41407.0,41455.0,1028.0
2026-05-13 21:43:00,1778679780,41459.0,41485.0,41441.0,41453.0,630.0
2026-05-13 21:44:00,1778679840,41451.0,41477.0,41430.0,41439.0,468.0
2026-05-13 21:45:00,1778679900,41437.0,41441.0,41390.0,41402.0,676.0
2026-05-13 21:46:00,1778679960,41400.0,41404.0,41345.0,41361.0,922.0
2026-05-13 21:47:00,1778680020,41362.0,41362.0,41323.0,41323.0,700.0
2026-05-13 21:48:00,1778680080,41323.0,41326.0,41266.0,41280.0,1302.0
2026-05-13 21:49:00,1778680140,41280.0,41354.0,41280.0,41347.0,892.0
2026-05-13 21:50:00,1778680200,41345.0,41370.0,41291.0,41306.0,696.0
2026-05-13 21:51:00,1778680260,41304.0,41372.0,41304.0,41351.0,536.0
2026-05-13 21:52:00,1778680320,41350.0,41416.0,41350.0,41415.0,781.0
2026-05-13 21:53:00,1778680380,41412.0,41454.0,41410.0,41451.0,572.0
2026-05-13 21:54:00,1778680440,41455.0,41484.0,41441.0,41470.0,738.0
2026-05-13 21:55:00,1778680500,41472.0,41511.0,41450.0,41451.0,1135.0
2026-05-13 21:56:00,1778680560,41452.0,41466.0,41412.0,41418.0,769.0
2026-05-13 21:57:00,1778680620,41416.0,41452.0,41414.0,41441.0,470.0
2026-05-13 21:58:00,1778680680,41438.0,41466.0,41426.0,41437.0,422.0
2026-05-13 21:59:00,1778680740,41436.0,41495.0,41422.0,41458.0,624.0
2026-05-13 22:00:00,1778680800,41458.0,41479.0,41456.0,41461.0,320.0
2026-05-13 22:01:00,1778680860,41458.0,41472.0,41435.0,41471.0,390.0
2026-05-13 22:02:00,1778680920,41473.0,41479.0,41433.0,41449.0,319.0
2026-05-13 22:03:00,1778680980,41446.0,41457.0,41437.0,41453.0,225.0
2026-05-13 22:04:00,1778681040,41451.0,41481.0,41430.0,41454.0,439.0
2026-05-13 22:05:00,1778681100,41452.0,41483.0,41450.0,41464.0,350.0
2026-05-13 22:06:00,1778681160,41461.0,41474.0,41450.0,41460.0,231.0
2026-05-13 22:07:00,1778681220,41462.0,41476.0,41418.0,41446.0,540.0
2026-05-13 22:08:00,1778681280,41444.0,41446.0,41404.0,41416.0,514.0
2026-05-13 22:09:00,1778681340,41413.0,41460.0,41401.0,41452.0,433.0
2026-05-13 22:10:00,1778681400,41447.0,41488.0,41438.0,41441.0,565.0
2026-05-13 22:11:00,1778681460,41443.0,41450.0,41418.0,41435.0,393.0
2026-05-13 22:12:00,1778681520,41434.0,41451.0,41430.0,41434.0,170.0
2026-05-13 22:13:00,1778681580,41440.0,41484.0,41436.0,41467.0,436.0
2026-05-13 22:14:00,1778681640,41467.0,41481.0,41451.0,41459.0,271.0
2026-05-13 22:15:00,1778681700,41458.0,41484.0,41431.0,41477.0,422.0
2026-05-13 22:16:00,1778681760,41478.0,41508.0,41463.0,41479.0,797.0
2026-05-13 22:17:00,1778681820,41480.0,41494.0,41450.0,41450.0,504.0
2026-05-13 22:18:00,1778681880,41452.0,41463.0,41434.0,41441.0,428.0
2026-05-13 22:19:00,1778681940,41441.0,41459.0,41437.0,41453.0,168.0
2026-05-13 22:20:00,1778682000,41455.0,41495.0,41450.0,41473.0,311.0
2026-05-13 22:21:00,1778682060,41476.0,41519.0,41476.0,41507.0,650.0
2026-05-13 22:22:00,1778682120,41508.0,41570.0,41508.0,41565.0,1172.0
2026-05-13 22:23:00,1778682180,41569.0,41586.0,41551.0,41581.0,764.0
2026-05-13 22:24:00,1778682240,41581.0,41615.0,41570.0,41577.0,1002.0
2026-05-13 22:25:00,1778682300,41578.0,41617.0,41570.0,41570.0,668.0
2026-05-13 22:26:00,1778682360,41571.0,41598.0,41569.0,41588.0,264.0
2026-05-13 22:27:00,1778682420,41588.0,41604.0,41572.0,41572.0,373.0
2026-05-13 22:28:00,1778682480,41571.0,41577.0,41557.0,41562.0,469.0
2026-05-13 22:29:00,1778682540,41564.0,41569.0,41541.0,41556.0,413.0
2026-05-13 22:30:00,1778682600,41552.0,41578.0,41547.0,41577.0,553.0
2026-05-13 22:31:00,1778682660,41575.0,41600.0,41551.0,41551.0,379.0
2026-05-13 22:32:00,1778682720,41552.0,41561.0,41546.0,41554.0,257.0
2026-05-13 22:33:00,1778682780,41556.0,41572.0,41554.0,41561.0,193.0
2026-05-13 22:34:00,1778682840,41563.0,41609.0,41563.0,41608.0,434.0
2026-05-13 22:35:00,1778682900,41608.0,41613.0,41591.0,41610.0,302.0
2026-05-13 22:36:00,1778682960,41610.0,41620.0,41590.0,41594.0,413.0
2026-05-13 22:37:00,1778683020,41591.0,41593.0,41561.0,41567.0,312.0
2026-05-13 22:38:00,1778683080,41564.0,41566.0,41545.0,41555.0,462.0
2026-05-13 22:39:00,1778683140,41556.0,41570.0,41524.0,41561.0,541.0
2026-05-13 22:40:00,1778683200,41559.0,41571.0,41548.0,41558.0,240.0
2026-05-13 22:41:00,1778683260,41561.0,41575.0,41553.0,41560.0,171.0
2026-05-13 22:42:00,1778683320,41561.0,41572.0,41556.0,41570.0,149.0
2026-05-13 22:43:00,1778683380,41571.0,41595.0,41567.0,41581.0,281.0
2026-05-13 22:44:00,1778683440,41582.0,41587.0,41555.0,41568.0,170.0
2026-05-13 22:45:00,1778683500,41567.0,41582.0,41540.0,41550.0,316.0
2026-05-13 22:46:00,1778683560,41553.0,41556.0,41520.0,41525.0,361.0
2026-05-13 22:47:00,1778683620,41521.0,41545.0,41511.0,41543.0,355.0
2026-05-13 22:48:00,1778683680,41543.0,41552.0,41532.0,41545.0,171.0
2026-05-13 22:49:00,1778683740,41543.0,41543.0,41531.0,41534.0,111.0
2026-05-13 22:50:00,1778683800,41535.0,41555.0,41529.0,41551.0,217.0
2026-05-13 22:51:00,1778683860,41555.0,41557.0,41532.0,41553.0,145.0
2026-05-13 22:52:00,1778683920,41549.0,41580.0,41549.0,41566.0,324.0
2026-05-13 22:53:00,1778683980,41571.0,41584.0,41571.0,41582.0,182.0
2026-05-13 22:54:00,1778684040,41582.0,41601.0,41582.0,41592.0,376.0
2026-05-13 22:55:00,1778684100,41592.0,41601.0,41585.0,41593.0,218.0
2026-05-13 22:56:00,1778684160,41595.0,41598.0,41571.0,41572.0,166.0
2026-05-13 22:57:00,1778684220,41575.0,41592.0,41571.0,41575.0,138.0
2026-05-13 22:58:00,1778684280,41579.0,41579.0,41555.0,41563.0,228.0
2026-05-13 22:59:00,1778684340,41565.0,41575.0,41561.0,41563.0,126.0
2026-05-13 23:00:00,1778684400,41564.0,41576.0,41560.0,41571.0,138.0
2026-05-13 23:01:00,1778684460,41570.0,41584.0,41568.0,41573.0,120.0
2026-05-13 23:02:00,1778684520,41567.0,41580.0,41562.0,41566.0,87.0
2026-05-13 23:03:00,1778684580,41567.0,41572.0,41548.0,41551.0,210.0
2026-05-13 23:04:00,1778684640,41553.0,41560.0,41543.0,41543.0,141.0
2026-05-13 23:05:00,1778684700,41545.0,41548.0,41523.0,41525.0,289.0
2026-05-13 23:06:00,1778684760,41525.0,41541.0,41516.0,41532.0,231.0
2026-05-13 23:07:00,1778684820,41534.0,41538.0,41527.0,41530.0,114.0
2026-05-13 23:08:00,1778684880,41528.0,41536.0,41520.0,41530.0,110.0
2026-05-13 23:09:00,1778684940,41534.0,41551.0,41534.0,41550.0,173.0
2026-05-13 23:10:00,1778685000,41551.0,41554.0,41542.0,41544.0,106.0
2026-05-13 23:11:00,1778685060,41543.0,41544.0,41527.0,41527.0,86.0
2026-05-13 23:12:00,1778685120,41525.0,41528.0,41487.0,41490.0,682.0
2026-05-13 23:13:00,1778685180,41488.0,41499.0,41480.0,41496.0,358.0
2026-05-13 23:14:00,1778685240,41495.0,41507.0,41488.0,41506.0,184.0
2026-05-13 23:15:00,1778685300,41507.0,41532.0,41504.0,41528.0,263.0
2026-05-13 23:16:00,1778685360,41529.0,41537.0,41514.0,41523.0,163.0
2026-05-13 23:17:00,1778685420,41525.0,41527.0,41512.0,41526.0,100.0
2026-05-13 23:18:00,1778685480,41525.0,41526.0,41513.0,41521.0,99.0
2026-05-13 23:19:00,1778685540,41522.0,41522.0,41479.0,41502.0,382.0
2026-05-13 23:20:00,1778685600,41502.0,41514.0,41490.0,41511.0,222.0
2026-05-13 23:21:00,1778685660,41512.0,41518.0,41505.0,41514.0,102.0
2026-05-13 23:22:00,1778685720,41511.0,41530.0,41505.0,41528.0,130.0
2026-05-13 23:23:00,1778685780,41528.0,41531.0,41519.0,41527.0,132.0
2026-05-13 23:24:00,1778685840,41528.0,41533.0,41501.0,41523.0,124.0
2026-05-13 23:25:00,1778685900,41523.0,41527.0,41491.0,41494.0,183.0
2026-05-13 23:26:00,1778685960,41496.0,41524.0,41492.0,41520.0,140.0
2026-05-13 23:27:00,1778686020,41522.0,41522.0,41481.0,41495.0,237.0
2026-05-13 23:28:00,1778686080,41496.0,41522.0,41492.0,41522.0,126.0
2026-05-13 23:29:00,1778686140,41520.0,41529.0,41518.0,41521.0,143.0
2026-05-13 23:30:00,1778686200,41520.0,41525.0,41479.0,41492.0,329.0
2026-05-13 23:31:00,1778686260,41491.0,41514.0,41482.0,41508.0,126.0
2026-05-13 23:32:00,1778686320,41508.0,41528.0,41503.0,41519.0,180.0
2026-05-13 23:33:00,1778686380,41517.0,41532.0,41507.0,41519.0,128.0
2026-05-13 23:34:00,1778686440,41518.0,41545.0,41516.0,41542.0,243.0
2026-05-13 23:35:00,1778686500,41539.0,41552.0,41529.0,41550.0,255.0
2026-05-13 23:36:00,1778686560,41552.0,41577.0,41551.0,41575.0,377.0
2026-05-13 23:37:00,1778686620,41574.0,41584.0,41565.0,41569.0,250.0
2026-05-13 23:38:00,1778686680,41570.0,41577.0,41548.0,41549.0,177.0
2026-05-13 23:39:00,1778686740,41547.0,41571.0,41547.0,41571.0,78.0
2026-05-13 23:40:00,1778686800,41572.0,41595.0,41572.0,41593.0,411.0
2026-05-13 23:41:00,1778686860,41592.0,41600.0,41589.0,41597.0,228.0
2026-05-13 23:42:00,1778686920,41600.0,41613.0,41594.0,41600.0,314.0
2026-05-13 23:43:00,1778686980,41600.0,41638.0,41600.0,41628.0,632.0
2026-05-13 23:44:00,1778687040,41628.0,41640.0,41620.0,41623.0,409.0
2026-05-13 23:45:00,1778687100,41623.0,41624.0,41594.0,41599.0,356.0
2026-05-13 23:46:00,1778687160,41601.0,41614.0,41598.0,41603.0,168.0
2026-05-13 23:47:00,1778687220,41602.0,41616.0,41602.0,41603.0,103.0
2026-05-13 23:48:00,1778687280,41607.0,41619.0,41595.0,41605.0,173.0
2026-05-13 23:49:00,1778687340,41604.0,41604.0,41586.0,41588.0,208.0
2026-05-13 23:50:00,1778687400,41586.0,41589.0,41562.0,41577.0,313.0
2026-05-13 23:51:00,1778687460,41571.0,41576.0,41550.0,41553.0,254.0
2026-05-13 23:52:00,1778687520,41555.0,41563.0,41545.0,41556.0,227.0
2026-05-13 23:53:00,1778687580,41557.0,41557.0,41545.0,41555.0,164.0
2026-05-13 23:54:00,1778687640,41555.0,41568.0,41552.0,41561.0,120.0
2026-05-13 23:55:00,1778687700,41560.0,41561.0,41537.0,41540.0,203.0
2026-05-13 23:56:00,1778687760,41542.0,41553.0,41535.0,41548.0,172.0
2026-05-13 23:57:00,1778687820,41545.0,41547.0,41513.0,41519.0,310.0
2026-05-13 23:58:00,1778687880,41514.0,41514.0,41497.0,41511.0,403.0
2026-05-13 23:59:00,1778687940,41512.0,41533.0,41500.0,41528.0,217.0
2026-05-14 00:00:00,1778688000,41527.0,41559.0,41525.0,41554.0,344.0
2026-05-14 00:01:00,1778688060,41556.0,41569.0,41550.0,41569.0,255.0
2026-05-14 00:02:00,1778688120,41569.0,41574.0,41564.0,41571.0,204.0
2026-05-14 00:03:00,1778688180,41571.0,41599.0,41570.0,41580.0,379.0
2026-05-14 00:04:00,1778688240,41579.0,41614.0,41577.0,41602.0,333.0
2026-05-14 00:05:00,1778688300,41602.0,41607.0,41587.0,41591.0,146.0
2026-05-14 00:06:00,1778688360,41588.0,41601.0,41577.0,41587.0,178.0
2026-05-14 00:07:00,1778688420,41586.0,41596.0,41583.0,41592.0,103.0
2026-05-14 00:08:00,1778688480,41595.0,41597.0,41579.0,41597.0,99.0
2026-05-14 00:09:00,1778688540,41597.0,41608.0,41592.0,41599.0,208.0
2026-05-14 00:10:00,1778688600,41601.0,41611.0,41599.0,41609.0,99.0
2026-05-14 00:11:00,1778688660,41610.0,41612.0,41590.0,41593.0,107.0
2026-05-14 00:12:00,1778688720,41593.0,41606.0,41593.0,41602.0,79.0
2026-05-14 00:13:00,1778688780,41604.0,41620.0,41604.0,41615.0,252.0
2026-05-14 00:14:00,1778688840,41615.0,41622.0,41613.0,41616.0,107.0
2026-05-14 00:15:00,1778688900,41619.0,41627.0,41609.0,41610.0,175.0
2026-05-14 00:16:00,1778688960,41608.0,41608.0,41586.0,41586.0,195.0
2026-05-14 00:17:00,1778689020,41586.0,41602.0,41586.0,41593.0,88.0
2026-05-14 00:18:00,1778689080,41596.0,41597.0,41585.0,41593.0,64.0
2026-05-14 00:19:00,1778689140,41593.0,41603.0,41593.0,41598.0,94.0
2026-05-14 00:20:00,1778689200,41600.0,41600.0,41587.0,41591.0,65.0
2026-05-14 00:21:00,1778689260,41590.0,41603.0,41590.0,41592.0,46.0
2026-05-14 00:22:00,1778689320,41594.0,41613.0,41594.0,41611.0,82.0
2026-05-14 00:23:00,1778689380,41612.0,41633.0,41610.0,41620.0,293.0
2026-05-14 00:24:00,1778689440,41623.0,41708.0,41623.0,41665.0,2434.0
2026-05-14 00:25:00,1778689500,41664.0,41693.0,41655.0,41657.0,650.0
2026-05-14 00:26:00,1778689560,41659.0,41683.0,41659.0,41661.0,243.0
2026-05-14 00:27:00,1778689620,41658.0,41683.0,41650.0,41682.0,248.0
2026-05-14 00:28:00,1778689680,41683.0,41690.0,41680.0,41685.0,230.0
2026-05-14 00:29:00,1778689740,41685.0,41698.0,41684.0,41698.0,174.0
2026-05-14 00:30:00,1778689800,41698.0,41722.0,41690.0,41692.0,657.0
2026-05-14 00:31:00,1778689860,41691.0,41695.0,41654.0,41676.0,424.0
2026-05-14 00:32:00,1778689920,41676.0,41692.0,41676.0,41692.0,122.0
2026-05-14 00:33:00,1778689980,41692.0,41698.0,41688.0,41692.0,105.0
2026-05-14 00:34:00,1778690040,41693.0,41698.0,41679.0,41685.0,119.0
2026-05-14 00:35:00,1778690100,41688.0,41700.0,41682.0,41685.0,163.0
2026-05-14 00:36:00,1778690160,41686.0,41702.0,41679.0,41700.0,111.0
2026-05-14 00:37:00,1778690220,41701.0,41711.0,41690.0,41691.0,170.0
2026-05-14 00:38:00,1778690280,41693.0,41696.0,41686.0,41694.0,82.0
2026-05-14 00:39:00,1778690340,41694.0,41698.0,41686.0,41686.0,71.0
2026-05-14 00:40:00,1778690400,41685.0,41695.0,41685.0,41689.0,66.0
2026-05-14 00:41:00,1778690460,41688.0,41689.0,41683.0,41688.0,49.0
2026-05-14 00:42:00,1778690520,41688.0,41702.0,41688.0,41702.0,110.0
2026-05-14 00:43:00,1778690580,41701.0,41706.0,41698.0,41700.0,59.0
2026-05-14 00:44:00,1778690640,41702.0,41703.0,41690.0,41690.0,37.0
2026-05-14 00:45:00,1778690700,41690.0,41699.0,41690.0,41698.0,55.0
2026-05-14 00:46:00,1778690760,41696.0,41699.0,41666.0,41675.0,238.0
2026-05-14 00:47:00,1778690820,41672.0,41682.0,41668.0,41679.0,113.0
2026-05-14 00:48:00,1778690880,41679.0,41684.0,41671.0,41683.0,64.0
2026-05-14 00:49:00,1778690940,41683.0,41684.0,41663.0,41670.0,107.0
2026-05-14 00:50:00,1778691000,41671.0,41683.0,41670.0,41676.0,59.0
2026-05-14 00:51:00,1778691060,41676.0,41680.0,41668.0,41680.0,42.0
2026-05-14 00:52:00,1778691120,41682.0,41700.0,41672.0,41695.0,128.0
2026-05-14 00:53:00,1778691180,41695.0,41705.0,41687.0,41697.0,104.0
2026-05-14 00:54:00,1778691240,41697.0,41704.0,41694.0,41703.0,68.0
2026-05-14 00:55:00,1778691300,41702.0,41716.0,41702.0,41710.0,153.0
2026-05-14 00:56:00,1778691360,41713.0,41716.0,41705.0,41711.0,97.0
2026-05-14 00:57:00,1778691420,41710.0,41728.0,41710.0,41723.0,333.0
2026-05-14 00:58:00,1778691480,41722.0,41722.0,41709.0,41712.0,161.0
2026-05-14 00:59:00,1778691540,41711.0,41711.0,41696.0,41705.0,125.0
2026-05-14 01:00:00,1778691600,41708.0,41742.0,41708.0,41736.0,546.0
2026-05-14 01:01:00,1778691660,41737.0,41750.0,41733.0,41747.0,297.0
2026-05-14 01:02:00,1778691720,41746.0,41750.0,41738.0,41747.0,137.0
2026-05-14 01:03:00,1778691780,41745.0,41753.0,41742.0,41746.0,141.0
2026-05-14 01:04:00,1778691840,41749.0,41751.0,41743.0,41747.0,66.0
2026-05-14 01:05:00,1778691900,41747.0,41773.0,41747.0,41770.0,366.0
2026-05-14 01:06:00,1778691960,41771.0,41781.0,41764.0,41770.0,253.0
2026-05-14 01:07:00,1778692020,41766.0,41773.0,41763.0,41765.0,83.0
2026-05-14 01:08:00,1778692080,41764.0,41777.0,41764.0,41770.0,84.0
2026-05-14 01:09:00,1778692140,41767.0,41780.0,41766.0,41769.0,101.0
2026-05-14 01:10:00,1778692200,41769.0,41788.0,41769.0,41788.0,211.0
2026-05-14 01:11:00,1778692260,41788.0,41793.0,41763.0,41763.0,188.0
2026-05-14 01:12:00,1778692320,41763.0,41777.0,41763.0,41774.0,77.0
2026-05-14 01:13:00,1778692380,41773.0,41779.0,41770.0,41773.0,46.0
2026-05-14 01:14:00,1778692440,41775.0,41783.0,41774.0,41781.0,39.0
2026-05-14 01:15:00,1778692500,41773.0,41798.0,41773.0,41789.0,253.0
2026-05-14 01:16:00,1778692560,41794.0,41798.0,41775.0,41779.0,117.0
2026-05-14 01:17:00,1778692620,41776.0,41798.0,41767.0,41798.0,115.0
2026-05-14 01:18:00,1778692680,41798.0,41804.0,41790.0,41796.0,292.0
2026-05-14 01:19:00,1778692740,41798.0,41799.0,41788.0,41794.0,61.0
2026-05-14 01:20:00,1778692800,41796.0,41802.0,41786.0,41790.0,90.0
2026-05-14 01:21:00,1778692860,41789.0,41807.0,41789.0,41807.0,122.0
2026-05-14 01:22:00,1778692920,41807.0,41812.0,41803.0,41806.0,130.0
2026-05-14 01:23:00,1778692980,41808.0,41810.0,41794.0,41797.0,119.0
2026-05-14 01:24:00,1778693040,41798.0,41805.0,41788.0,41789.0,81.0
2026-05-14 01:25:00,1778693100,41790.0,41808.0,41788.0,41808.0,65.0
2026-05-14 01:26:00,1778693160,41808.0,41828.0,41808.0,41810.0,258.0
2026-05-14 01:27:00,1778693220,41812.0,41822.0,41812.0,41820.0,61.0
2026-05-14 01:28:00,1778693280,41821.0,41823.0,41813.0,41818.0,60.0
2026-05-14 01:29:00,1778693340,41818.0,41825.0,41817.0,41823.0,63.0
2026-05-14 01:30:00,1778693400,41824.0,41838.0,41824.0,41828.0,322.0
2026-05-14 01:31:00,1778693460,41825.0,41828.0,41812.0,41816.0,96.0
2026-05-14 01:32:00,1778693520,41813.0,41820.0,41801.0,41801.0,106.0
2026-05-14 01:33:00,1778693580,41801.0,41809.0,41794.0,41807.0,91.0
2026-05-14 01:34:00,1778693640,41808.0,41810.0,41795.0,41797.0,75.0
2026-05-14 01:35:00,1778693700,41796.0,41800.0,41789.0,41793.0,121.0
2026-05-14 01:36:00,1778693760,41793.0,41798.0,41790.0,41798.0,49.0
2026-05-14 01:37:00,1778693820,41799.0,41802.0,41792.0,41795.0,48.0
2026-05-14 01:38:00,1778693880,41792.0,41796.0,41785.0,41794.0,62.0
2026-05-14 01:39:00,1778693940,41794.0,41794.0,41779.0,41783.0,75.0
2026-05-14 01:40:00,1778694000,41782.0,41796.0,41781.0,41791.0,46.0
2026-05-14 01:41:00,1778694060,41790.0,41794.0,41788.0,41790.0,32.0
2026-05-14 01:42:00,1778694120,41793.0,41802.0,41787.0,41797.0,51.0
2026-05-14 01:43:00,1778694180,41795.0,41806.0,41790.0,41793.0,64.0
2026-05-14 01:44:00,1778694240,41792.0,41799.0,41791.0,41798.0,19.0
2026-05-14 01:45:00,1778694300,41798.0,41802.0,41794.0,41796.0,40.0
2026-05-14 01:46:00,1778694360,41800.0,41802.0,41796.0,41799.0,50.0
2026-05-14 01:47:00,1778694420,41800.0,41803.0,41796.0,41799.0,35.0
2026-05-14 01:48:00,1778694480,41798.0,41798.0,41770.0,41772.0,139.0
2026-05-14 01:49:00,1778694540,41771.0,41778.0,41768.0,41773.0,87.0
2026-05-14 01:50:00,1778694600,41772.0,41786.0,41771.0,41785.0,53.0
2026-05-14 01:51:00,1778694660,41781.0,41783.0,41770.0,41777.0,41.0
2026-05-14 01:52:00,1778694720,41775.0,41777.0,41768.0,41775.0,53.0
2026-05-14 01:53:00,1778694780,41775.0,41783.0,41775.0,41777.0,47.0
2026-05-14 01:54:00,1778694840,41775.0,41776.0,41770.0,41771.0,25.0
2026-05-14 01:55:00,1778694900,41770.0,41776.0,41761.0,41770.0,113.0
2026-05-14 01:56:00,1778694960,41769.0,41769.0,41759.0,41765.0,55.0
2026-05-14 01:57:00,1778695020,41760.0,41770.0,41755.0,41760.0,82.0
2026-05-14 01:58:00,1778695080,41760.0,41763.0,41743.0,41744.0,146.0
2026-05-14 01:59:00,1778695140,41742.0,41746.0,41714.0,41716.0,346.0
2026-05-14 02:00:00,1778695200,41720.0,41728.0,41706.0,41722.0,315.0
2026-05-14 02:01:00,1778695260,41720.0,41732.0,41712.0,41730.0,94.0
2026-05-14 02:02:00,1778695320,41727.0,41739.0,41725.0,41731.0,73.0
2026-05-14 02:03:00,1778695380,41729.0,41752.0,41726.0,41748.0,140.0
2026-05-14 02:04:00,1778695440,41747.0,41765.0,41747.0,41754.0,92.0
2026-05-14 02:05:00,1778695500,41755.0,41770.0,41751.0,41764.0,87.0
2026-05-14 02:06:00,1778695560,41763.0,41778.0,41762.0,41764.0,83.0
2026-05-14 02:07:00,1778695620,41768.0,41781.0,41768.0,41775.0,97.0
2026-05-14 02:08:00,1778695680,41775.0,41786.0,41772.0,41783.0,56.0
2026-05-14 02:09:00,1778695740,41782.0,41787.0,41774.0,41779.0,44.0
2026-05-14 02:10:00,1778695800,41781.0,41793.0,41780.0,41791.0,74.0
2026-05-14 02:11:00,1778695860,41789.0,41790.0,41779.0,41786.0,51.0
2026-05-14 02:12:00,1778695920,41784.0,41788.0,41780.0,41785.0,37.0
2026-05-14 02:13:00,1778695980,41786.0,41792.0,41783.0,41792.0,23.0
2026-05-14 02:14:00,1778696040,41792.0,41799.0,41792.0,41799.0,52.0
2026-05-14 02:15:00,1778696100,41798.0,41822.0,41797.0,41810.0,167.0
2026-05-14 02:16:00,1778696160,41810.0,41814.0,41801.0,41805.0,50.0
2026-05-14 02:17:00,1778696220,41805.0,41807.0,41791.0,41794.0,46.0
2026-05-14 02:18:00,1778696280,41793.0,41803.0,41793.0,41794.0,38.0
2026-05-14 02:19:00,1778696340,41796.0,41796.0,41793.0,41794.0,23.0
2026-05-14 02:20:00,1778696400,41799.0,41828.0,41798.0,41817.0,100.0
2026-05-14 02:21:00,1778696460,41818.0,41822.0,41801.0,41803.0,35.0
2026-05-14 02:22:00,1778696520,41805.0,41807.0,41798.0,41801.0,21.0
2026-05-14 02:23:00,1778696580,41805.0,41812.0,41805.0,41805.0,23.0
2026-05-14 02:24:00,1778696640,41803.0,41803.0,41795.0,41795.0,33.0
2026-05-14 02:25:00,1778696700,41800.0,41805.0,41797.0,41802.0,30.0
2026-05-14 02:26:00,1778696760,41801.0,41805.0,41795.0,41795.0,28.0
2026-05-14 02:27:00,1778696820,41796.0,41808.0,41796.0,41801.0,25.0
2026-05-14 02:28:00,1778696880,41803.0,41808.0,41801.0,41806.0,16.0
2026-05-14 02:29:00,1778696940,41807.0,41809.0,41789.0,41792.0,59.0
2026-05-14 02:30:00,1778697000,41790.0,41797.0,41780.0,41780.0,118.0
2026-05-14 02:31:00,1778697060,41782.0,41794.0,41775.0,41775.0,32.0
2026-05-14 02:32:00,1778697120,41777.0,41781.0,41773.0,41781.0,49.0
2026-05-14 02:33:00,1778697180,41781.0,41783.0,41778.0,41778.0,18.0
2026-05-14 02:34:00,1778697240,41777.0,41780.0,41770.0,41776.0,37.0
2026-05-14 02:35:00,1778697300,41772.0,41774.0,41767.0,41767.0,32.0
2026-05-14 02:36:00,1778697360,41766.0,41772.0,41761.0,41768.0,46.0
2026-05-14 02:37:00,1778697420,41765.0,41765.0,41752.0,41758.0,64.0
2026-05-14 02:38:00,1778697480,41760.0,41763.0,41749.0,41762.0,45.0
2026-05-14 02:39:00,1778697540,41760.0,41773.0,41759.0,41772.0,45.0
2026-05-14 02:40:00,1778697600,41769.0,41778.0,41769.0,41769.0,52.0
2026-05-14 02:41:00,1778697660,41773.0,41775.0,41769.0,41773.0,11.0
2026-05-14 02:42:00,1778697720,41775.0,41777.0,41759.0,41759.0,47.0
2026-05-14 02:43:00,1778697780,41758.0,41758.0,41750.0,41758.0,32.0
2026-05-14 02:44:00,1778697840,41755.0,41755.0,41741.0,41744.0,35.0
2026-05-14 02:45:00,1778697900,41743.0,41751.0,41739.0,41749.0,42.0
2026-05-14 02:46:00,1778697960,41746.0,41746.0,41726.0,41726.0,68.0
2026-05-14 02:47:00,1778698020,41724.0,41735.0,41718.0,41719.0,67.0
2026-05-14 02:48:00,1778698080,41725.0,41736.0,41719.0,41732.0,59.0
2026-05-14 02:49:00,1778698140,41732.0,41741.0,41731.0,41733.0,38.0
2026-05-14 02:50:00,1778698200,41733.0,41738.0,41729.0,41737.0,42.0
2026-05-14 02:51:00,1778698260,41737.0,41738.0,41724.0,41733.0,43.0
2026-05-14 02:52:00,1778698320,41731.0,41737.0,41727.0,41730.0,27.0
2026-05-14 02:53:00,1778698380,41723.0,41744.0,41723.0,41737.0,101.0
2026-05-14 02:54:00,1778698440,41740.0,41754.0,41722.0,41751.0,244.0
2026-05-14 02:55:00,1778698500,41751.0,41751.0,41740.0,41740.0,28.0
2026-05-14 02:56:00,1778698560,41746.0,41751.0,41743.0,41749.0,23.0
2026-05-14 02:57:00,1778698620,41749.0,41760.0,41748.0,41749.0,40.0
2026-05-14 02:58:00,1778698680,41749.0,41749.0,41731.0,41736.0,44.0
2026-05-14 02:59:00,1778698740,41730.0,41732.0,41710.0,41715.0,106.0
2026-05-14 03:00:00,1778698800,41715.0,41752.0,41715.0,41749.0,93.0
2026-05-14 03:01:00,1778698860,41749.0,41752.0,41744.0,41744.0,32.0
2026-05-14 03:02:00,1778698920,41745.0,41749.0,41737.0,41744.0,21.0
2026-05-14 03:03:00,1778698980,41748.0,41755.0,41748.0,41750.0,20.0
2026-05-14 03:04:00,1778699040,41750.0,41750.0,41745.0,41745.0,7.0
2026-05-14 03:05:00,1778699100,41749.0,41752.0,41744.0,41744.0,14.0
2026-05-14 03:06:00,1778699160,41742.0,41743.0,41734.0,41738.0,15.0
2026-05-14 03:07:00,1778699220,41740.0,41740.0,41738.0,41738.0,9.0
2026-05-14 03:08:00,1778699280,41739.0,41748.0,41736.0,41743.0,19.0
2026-05-14 03:09:00,1778699340,41745.0,41762.0,41745.0,41755.0,46.0
2026-05-14 03:10:00,1778699400,41760.0,41762.0,41753.0,41755.0,29.0
2026-05-14 03:11:00,1778699460,41760.0,41760.0,41743.0,41743.0,16.0
2026-05-14 03:12:00,1778699520,41744.0,41745.0,41738.0,41741.0,28.0
2026-05-14 03:13:00,1778699580,41745.0,41750.0,41744.0,41750.0,13.0
2026-05-14 03:14:00,1778699640,41751.0,41757.0,41751.0,41754.0,19.0
2026-05-14 03:15:00,1778699700,41755.0,41757.0,41751.0,41755.0,38.0
2026-05-14 03:16:00,1778699760,41755.0,41755.0,41742.0,41753.0,51.0
2026-05-14 03:17:00,1778699820,41755.0,41763.0,41755.0,41763.0,26.0
2026-05-14 03:18:00,1778699880,41764.0,41777.0,41764.0,41775.0,55.0
2026-05-14 03:19:00,1778699940,41773.0,41774.0,41767.0,41769.0,24.0
2026-05-14 03:20:00,1778700000,41767.0,41771.0,41756.0,41756.0,26.0
2026-05-14 03:21:00,1778700060,41755.0,41758.0,41748.0,41748.0,14.0
2026-05-14 03:22:00,1778700120,41749.0,41755.0,41743.0,41754.0,20.0
2026-05-14 03:23:00,1778700180,41750.0,41750.0,41732.0,41732.0,34.0
2026-05-14 03:24:00,1778700240,41733.0,41736.0,41720.0,41723.0,57.0
2026-05-14 03:25:00,1778700300,41720.0,41725.0,41718.0,41723.0,18.0
2026-05-14 03:26:00,1778700360,41728.0,41728.0,41717.0,41728.0,50.0
2026-05-14 03:27:00,1778700420,41733.0,41734.0,41730.0,41734.0,13.0
2026-05-14 03:28:00,1778700480,41731.0,41732.0,41722.0,41722.0,37.0
2026-05-14 03:29:00,1778700540,41720.0,41728.0,41716.0,41727.0,32.0
2026-05-14 03:30:00,1778700600,41728.0,41736.0,41724.0,41736.0,47.0
2026-05-14 03:31:00,1778700660,41736.0,41740.0,41734.0,41737.0,20.0
2026-05-14 03:32:00,1778700720,41737.0,41737.0,41725.0,41725.0,25.0
2026-05-14 03:33:00,1778700780,41725.0,41725.0,41713.0,41720.0,41.0
2026-05-14 03:34:00,1778700840,41722.0,41726.0,41718.0,41722.0,21.0
2026-05-14 03:35:00,1778700900,41719.0,41722.0,41715.0,41720.0,13.0
2026-05-14 03:36:00,1778700960,41720.0,41731.0,41715.0,41731.0,14.0
2026-05-14 03:37:00,1778701020,41729.0,41729.0,41719.0,41719.0,14.0
2026-05-14 03:38:00,1778701080,41723.0,41729.0,41723.0,41726.0,5.0
2026-05-14 03:39:00,1778701140,41730.0,41739.0,41730.0,41739.0,17.0
2026-05-14 03:40:00,1778701200,41738.0,41744.0,41736.0,41737.0,20.0
2026-05-14 03:41:00,1778701260,41736.0,41736.0,41730.0,41733.0,20.0
2026-05-14 03:42:00,1778701320,41728.0,41729.0,41724.0,41729.0,10.0
2026-05-14 03:43:00,1778701380,41734.0,41734.0,41730.0,41730.0,20.0
2026-05-14 03:44:00,1778701440,41733.0,41744.0,41733.0,41744.0,10.0
2026-05-14 03:45:00,1778701500,41740.0,41740.0,41733.0,41734.0,18.0
2026-05-14 03:46:00,1778701560,41741.0,41742.0,41738.0,41739.0,7.0
2026-05-14 03:47:00,1778701620,41740.0,41756.0,41740.0,41755.0,30.0
2026-05-14 03:48:00,1778701680,41757.0,41759.0,41745.0,41745.0,41.0
2026-05-14 03:49:00,1778701740,41743.0,41743.0,41737.0,41740.0,17.0
2026-05-14 03:50:00,1778701800,41738.0,41738.0,41701.0,41711.0,169.0
2026-05-14 03:51:00,1778701860,41711.0,41713.0,41683.0,41697.0,254.0
2026-05-14 03:52:00,1778701920,41699.0,41721.0,41698.0,41711.0,48.0
2026-05-14 03:53:00,1778701980,41708.0,41718.0,41696.0,41718.0,61.0
2026-05-14 03:54:00,1778702040,41710.0,41710.0,41698.0,41703.0,37.0
2026-05-14 03:55:00,1778702100,41706.0,41712.0,41700.0,41700.0,55.0
2026-05-14 03:56:00,1778702160,41706.0,41720.0,41694.0,41719.0,56.0
2026-05-14 03:57:00,1778702220,41716.0,41721.0,41713.0,41721.0,41.0
2026-05-14 03:58:00,1778702280,41716.0,41723.0,41709.0,41723.0,24.0
2026-05-14 03:59:00,1778702340,41722.0,41723.0,41708.0,41708.0,40.0
2026-05-14 04:00:00,1778702400,41707.0,41720.0,41695.0,41709.0,109.0
2026-05-14 04:01:00,1778702460,41709.0,41709.0,41688.0,41704.0,251.0
2026-05-14 04:02:00,1778702520,41703.0,41715.0,41697.0,41704.0,25.0
2026-05-14 04:03:00,1778702580,41705.0,41707.0,41703.0,41706.0,10.0
2026-05-14 04:04:00,1778702640,41704.0,41706.0,41698.0,41706.0,14.0
2026-05-14 04:05:00,1778702700,41707.0,41721.0,41705.0,41721.0,26.0
2026-05-14 04:06:00,1778702760,41716.0,41717.0,41710.0,41713.0,10.0
2026-05-14 04:07:00,1778702820,41717.0,41725.0,41715.0,41724.0,13.0
2026-05-14 04:08:00,1778702880,41725.0,41739.0,41725.0,41737.0,27.0
2026-05-14 04:09:00,1778702940,41737.0,41738.0,41734.0,41735.0,9.0
2026-05-14 04:10:00,1778703000,41734.0,41734.0,41727.0,41730.0,19.0
2026-05-14 04:11:00,1778703060,41733.0,41735.0,41730.0,41733.0,9.0
2026-05-14 04:12:00,1778703120,41736.0,41742.0,41735.0,41742.0,20.0
2026-05-14 04:13:00,1778703180,41739.0,41742.0,41733.0,41733.0,12.0
2026-05-14 04:14:00,1778703240,41737.0,41737.0,41737.0,41737.0,1.0
2026-05-14 04:15:00,1778703300,41733.0,41734.0,41729.0,41729.0,12.0
2026-05-14 04:16:00,1778703360,41733.0,41733.0,41728.0,41728.0,4.0
2026-05-14 04:17:00,1778703420,41729.0,41733.0,41729.0,41733.0,9.0
2026-05-14 04:18:00,1778703480,41730.0,41730.0,41725.0,41726.0,13.0
2026-05-14 04:19:00,1778703540,41726.0,41728.0,41726.0,41726.0,10.0
2026-05-14 04:20:00,1778703600,41728.0,41732.0,41727.0,41731.0,23.0
2026-05-14 04:21:00,1778703660,41730.0,41730.0,41729.0,41729.0,7.0
2026-05-14 04:22:00,1778703720,41730.0,41737.0,41730.0,41737.0,19.0
2026-05-14 04:23:00,1778703780,41733.0,41738.0,41733.0,41738.0,38.0
2026-05-14 04:24:00,1778703840,41739.0,41742.0,41738.0,41741.0,36.0
2026-05-14 04:25:00,1778703900,41741.0,41748.0,41741.0,41748.0,13.0
2026-05-14 04:26:00,1778703960,41745.0,41745.0,41744.0,41744.0,8.0
2026-05-14 04:27:00,1778704020,41746.0,41753.0,41746.0,41750.0,16.0
2026-05-14 04:28:00,1778704080,41749.0,41749.0,41735.0,41737.0,29.0
2026-05-14 04:29:00,1778704140,41737.0,41738.0,41737.0,41738.0,9.0
2026-05-14 04:30:00,1778704200,41736.0,41741.0,41736.0,41737.0,7.0
2026-05-14 04:31:00,1778704260,41741.0,41745.0,41737.0,41739.0,14.0
2026-05-14 04:32:00,1778704320,41740.0,41750.0,41740.0,41750.0,7.0
2026-05-14 04:33:00,1778704380,41750.0,41752.0,41750.0,41752.0,9.0
2026-05-14 04:34:00,1778704440,41751.0,41754.0,41751.0,41753.0,21.0
2026-05-14 04:35:00,1778704500,41754.0,41760.0,41751.0,41760.0,30.0
2026-05-14 04:36:00,1778704560,41754.0,41754.0,41750.0,41750.0,10.0
2026-05-14 04:37:00,1778704620,41752.0,41754.0,41752.0,41754.0,4.0
2026-05-14 04:38:00,1778704680,41758.0,41764.0,41758.0,41764.0,22.0
2026-05-14 04:39:00,1778704740,41762.0,41764.0,41759.0,41759.0,17.0
2026-05-14 04:40:00,1778704800,41762.0,41771.0,41759.0,41771.0,34.0
2026-05-14 04:41:00,1778704860,41771.0,41771.0,41759.0,41759.0,17.0
2026-05-14 04:42:00,1778704920,41761.0,41761.0,41748.0,41751.0,37.0
2026-05-14 04:43:00,1778704980,41749.0,41751.0,41749.0,41751.0,3.0
2026-05-14 04:44:00,1778705040,41751.0,41757.0,41751.0,41756.0,5.0
2026-05-14 04:45:00,1778705100,41755.0,41756.0,41746.0,41746.0,31.0
2026-05-14 04:46:00,1778705160,41748.0,41751.0,41746.0,41749.0,14.0
2026-05-14 04:47:00,1778705220,41750.0,41758.0,41750.0,41756.0,15.0
2026-05-14 04:48:00,1778705280,41759.0,41763.0,41754.0,41763.0,15.0
2026-05-14 04:49:00,1778705340,41764.0,41764.0,41760.0,41760.0,16.0
2026-05-14 04:50:00,1778705400,41757.0,41757.0,41753.0,41756.0,12.0
2026-05-14 04:51:00,1778705460,41756.0,41757.0,41756.0,41757.0,11.0
2026-05-14 04:52:00,1778705520,41759.0,41762.0,41757.0,41758.0,20.0
2026-05-14 04:53:00,1778705580,41758.0,41760.0,41757.0,41759.0,10.0
2026-05-14 04:54:00,1778705640,41760.0,41763.0,41758.0,41759.0,16.0
2026-05-14 04:55:00,1778705700,41759.0,41761.0,41752.0,41761.0,41.0
2026-05-14 04:56:00,1778705760,41760.0,41761.0,41756.0,41758.0,26.0
2026-05-14 04:57:00,1778705820,41759.0,41760.0,41756.0,41757.0,16.0
2026-05-14 04:58:00,1778705880,41755.0,41759.0,41755.0,41755.0,26.0
2026-05-14 04:59:00,1778705940,41755.0,41761.0,41745.0,41755.0,119.0
2026-05-14 08:45:00,1778719500,41930.0,41950.0,41870.0,41899.0,2719.0
2026-05-14 08:46:00,1778719560,41899.0,41963.0,41885.0,41948.0,1431.0
2026-05-14 08:47:00,1778719620,41947.0,41949.0,41903.0,41922.0,591.0
2026-05-14 08:48:00,1778719680,41920.0,41926.0,41890.0,41909.0,519.0
2026-05-14 08:49:00,1778719740,41907.0,41926.0,41901.0,41920.0,335.0
2026-05-14 08:50:00,1778719800,41919.0,41965.0,41916.0,41926.0,990.0
2026-05-14 08:51:00,1778719860,41927.0,41977.0,41921.0,41964.0,687.0
2026-05-14 08:52:00,1778719920,41966.0,41972.0,41951.0,41954.0,277.0
2026-05-14 08:53:00,1778719980,41955.0,41955.0,41932.0,41935.0,337.0
2026-05-14 08:54:00,1778720040,41936.0,41967.0,41932.0,41967.0,329.0
2026-05-14 08:55:00,1778720100,41965.0,41984.0,41965.0,41979.0,648.0
2026-05-14 08:56:00,1778720160,41982.0,41992.0,41975.0,41985.0,457.0
2026-05-14 08:57:00,1778720220,41983.0,41987.0,41951.0,41954.0,424.0
2026-05-14 08:58:00,1778720280,41954.0,41978.0,41952.0,41963.0,261.0
2026-05-14 08:59:00,1778720340,41962.0,41997.0,41961.0,41997.0,478.0
2026-05-14 09:00:00,1778720400,41996.0,42053.0,41993.0,42030.0,2179.0
2026-05-14 09:01:00,1778720460,42030.0,42124.0,42022.0,42116.0,2142.0
2026-05-14 09:02:00,1778720520,42120.0,42145.0,42101.0,42132.0,1310.0
2026-05-14 09:03:00,1778720580,42136.0,42176.0,42128.0,42161.0,1339.0
2026-05-14 09:04:00,1778720640,42160.0,42175.0,42138.0,42169.0,931.0
2026-05-14 09:05:00,1778720700,42170.0,42218.0,42159.0,42176.0,1693.0
2026-05-14 09:06:00,1778720760,42176.0,42205.0,42149.0,42154.0,982.0
2026-05-14 09:07:00,1778720820,42156.0,42200.0,42131.0,42195.0,996.0
2026-05-14 09:08:00,1778720880,42197.0,42239.0,42156.0,42161.0,1390.0
2026-05-14 09:09:00,1778720940,42166.0,42199.0,42153.0,42193.0,594.0
2026-05-14 09:10:00,1778721000,42189.0,42202.0,42163.0,42165.0,540.0
2026-05-14 09:11:00,1778721060,42167.0,42195.0,42160.0,42183.0,426.0
2026-05-14 09:12:00,1778721120,42189.0,42214.0,42172.0,42178.0,529.0
2026-05-14 09:13:00,1778721180,42183.0,42188.0,42135.0,42140.0,711.0
2026-05-14 09:14:00,1778721240,42142.0,42149.0,42113.0,42128.0,970.0
2026-05-14 09:15:00,1778721300,42128.0,42131.0,42042.0,42049.0,1864.0
2026-05-14 09:16:00,1778721360,42053.0,42064.0,41988.0,42043.0,1862.0
2026-05-14 09:17:00,1778721420,42037.0,42041.0,41877.0,41915.0,2962.0
2026-05-14 09:18:00,1778721480,41918.0,41930.0,41854.0,41854.0,1543.0
2026-05-14 09:19:00,1778721540,41854.0,41918.0,41824.0,41915.0,2076.0
2026-05-14 09:20:00,1778721600,41913.0,41944.0,41882.0,41885.0,1339.0
2026-05-14 09:21:00,1778721660,41881.0,41913.0,41875.0,41908.0,503.0
2026-05-14 09:22:00,1778721720,41902.0,41911.0,41862.0,41898.0,718.0
2026-05-14 09:23:00,1778721780,41900.0,41925.0,41880.0,41921.0,636.0
2026-05-14 09:24:00,1778721840,41923.0,41929.0,41883.0,41927.0,634.0
2026-05-14 09:25:00,1778721900,41923.0,41949.0,41906.0,41924.0,793.0
2026-05-14 09:26:00,1778721960,41925.0,41962.0,41918.0,41927.0,815.0
2026-05-14 09:27:00,1778722020,41930.0,41950.0,41917.0,41938.0,357.0
2026-05-14 09:28:00,1778722080,41935.0,41942.0,41917.0,41932.0,281.0
2026-05-14 09:29:00,1778722140,41933.0,41974.0,41930.0,41962.0,621.0
2026-05-14 09:30:00,1778722200,41961.0,41987.0,41952.0,41976.0,729.0
2026-05-14 09:31:00,1778722260,41977.0,41979.0,41930.0,41945.0,473.0
2026-05-14 09:32:00,1778722320,41942.0,41960.0,41923.0,41945.0,324.0
2026-05-14 09:33:00,1778722380,41947.0,41950.0,41923.0,41940.0,330.0
2026-05-14 09:34:00,1778722440,41942.0,41942.0,41866.0,41894.0,910.0
2026-05-14 09:35:00,1778722500,41896.0,41918.0,41877.0,41905.0,597.0
2026-05-14 09:36:00,1778722560,41902.0,41914.0,41870.0,41883.0,421.0
2026-05-14 09:37:00,1778722620,41882.0,41889.0,41812.0,41815.0,1057.0
2026-05-14 09:38:00,1778722680,41812.0,41890.0,41810.0,41877.0,1079.0
2026-05-14 09:39:00,1778722740,41879.0,41900.0,41868.0,41871.0,520.0
2026-05-14 09:40:00,1778722800,41872.0,41903.0,41864.0,41888.0,501.0
2026-05-14 09:41:00,1778722860,41882.0,41887.0,41860.0,41869.0,301.0
2026-05-14 09:42:00,1778722920,41869.0,41887.0,41815.0,41835.0,671.0
2026-05-14 09:43:00,1778722980,41833.0,41835.0,41760.0,41785.0,1622.0
2026-05-14 09:44:00,1778723040,41781.0,41817.0,41774.0,41788.0,798.0
2026-05-14 09:45:00,1778723100,41788.0,41795.0,41716.0,41722.0,1889.0
2026-05-14 09:46:00,1778723160,41725.0,41726.0,41659.0,41704.0,2051.0
2026-05-14 09:47:00,1778723220,41703.0,41723.0,41660.0,41664.0,1028.0
2026-05-14 09:48:00,1778723280,41662.0,41743.0,41650.0,41729.0,1277.0
2026-05-14 09:49:00,1778723340,41725.0,41792.0,41723.0,41782.0,1232.0
2026-05-14 09:50:00,1778723400,41780.0,41847.0,41776.0,41812.0,1438.0
2026-05-14 09:51:00,1778723460,41808.0,41813.0,41746.0,41755.0,818.0
2026-05-14 09:52:00,1778723520,41753.0,41757.0,41704.0,41750.0,726.0
2026-05-14 09:53:00,1778723580,41753.0,41766.0,41712.0,41766.0,446.0
2026-05-14 09:54:00,1778723640,41765.0,41792.0,41744.0,41775.0,488.0
2026-05-14 09:55:00,1778723700,41775.0,41787.0,41762.0,41780.0,273.0
2026-05-14 09:56:00,1778723760,41784.0,41784.0,41732.0,41738.0,460.0
2026-05-14 09:57:00,1778723820,41737.0,41737.0,41682.0,41682.0,661.0
2026-05-14 09:58:00,1778723880,41681.0,41694.0,41660.0,41670.0,698.0
2026-05-14 09:59:00,1778723940,41672.0,41719.0,41670.0,41700.0,586.0
2026-05-14 10:00:00,1778724000,41696.0,41717.0,41612.0,41655.0,1998.0
2026-05-14 10:01:00,1778724060,41655.0,41743.0,41647.0,41719.0,969.0
2026-05-14 10:02:00,1778724120,41715.0,41727.0,41683.0,41725.0,422.0
2026-05-14 10:03:00,1778724180,41722.0,41765.0,41720.0,41741.0,720.0
2026-05-14 10:04:00,1778724240,41742.0,41764.0,41736.0,41759.0,411.0
2026-05-14 10:05:00,1778724300,41760.0,41806.0,41745.0,41798.0,981.0
2026-05-14 10:06:00,1778724360,41796.0,41798.0,41756.0,41776.0,409.0
2026-05-14 10:07:00,1778724420,41775.0,41790.0,41737.0,41765.0,382.0
2026-05-14 10:08:00,1778724480,41759.0,41806.0,41756.0,41792.0,424.0
2026-05-14 10:09:00,1778724540,41788.0,41798.0,41756.0,41795.0,378.0
2026-05-14 10:10:00,1778724600,41793.0,41808.0,41760.0,41768.0,473.0
2026-05-14 10:11:00,1778724660,41771.0,41785.0,41758.0,41773.0,268.0
2026-05-14 10:12:00,1778724720,41775.0,41777.0,41745.0,41753.0,226.0
2026-05-14 10:13:00,1778724780,41752.0,41764.0,41731.0,41758.0,298.0
2026-05-14 10:14:00,1778724840,41760.0,41768.0,41726.0,41759.0,246.0
2026-05-14 10:15:00,1778724900,41763.0,41797.0,41742.0,41788.0,499.0
2026-05-14 10:16:00,1778724960,41788.0,41817.0,41786.0,41801.0,561.0
2026-05-14 10:17:00,1778725020,41803.0,41812.0,41790.0,41812.0,259.0
2026-05-14 10:18:00,1778725080,41810.0,41842.0,41791.0,41800.0,820.0
2026-05-14 10:19:00,1778725140,41801.0,41812.0,41767.0,41773.0,393.0
2026-05-14 10:20:00,1778725200,41775.0,41828.0,41765.0,41819.0,427.0
2026-05-14 10:21:00,1778725260,41820.0,41835.0,41802.0,41834.0,272.0
2026-05-14 10:22:00,1778725320,41835.0,41871.0,41835.0,41858.0,862.0
2026-05-14 10:23:00,1778725380,41859.0,41859.0,41815.0,41834.0,434.0
2026-05-14 10:24:00,1778725440,41834.0,41853.0,41823.0,41828.0,246.0
2026-05-14 10:25:00,1778725500,41830.0,41855.0,41823.0,41832.0,259.0
2026-05-14 10:26:00,1778725560,41830.0,41845.0,41795.0,41836.0,435.0
2026-05-14 10:27:00,1778725620,41835.0,41844.0,41787.0,41826.0,401.0
2026-05-14 10:28:00,1778725680,41821.0,41827.0,41790.0,41799.0,198.0
2026-05-14 10:29:00,1778725740,41798.0,41799.0,41730.0,41738.0,723.0
2026-05-14 10:30:00,1778725800,41732.0,41771.0,41722.0,41763.0,551.0
2026-05-14 10:31:00,1778725860,41761.0,41799.0,41759.0,41793.0,317.0
2026-05-14 10:32:00,1778725920,41795.0,41823.0,41789.0,41820.0,286.0
2026-05-14 10:33:00,1778725980,41819.0,41833.0,41808.0,41818.0,279.0
2026-05-14 10:34:00,1778726040,41818.0,41826.0,41796.0,41797.0,211.0
2026-05-14 10:35:00,1778726100,41799.0,41813.0,41794.0,41804.0,162.0
2026-05-14 10:36:00,1778726160,41803.0,41803.0,41764.0,41778.0,232.0
2026-05-14 10:37:00,1778726220,41775.0,41780.0,41738.0,41777.0,293.0
2026-05-14 10:38:00,1778726280,41780.0,41790.0,41730.0,41740.0,280.0
2026-05-14 10:39:00,1778726340,41739.0,41745.0,41726.0,41732.0,229.0
2026-05-14 10:40:00,1778726400,41735.0,41757.0,41731.0,41747.0,201.0
2026-05-14 10:41:00,1778726460,41747.0,41747.0,41702.0,41710.0,451.0
2026-05-14 10:42:00,1778726520,41707.0,41724.0,41698.0,41702.0,394.0
2026-05-14 10:43:00,1778726580,41701.0,41705.0,41688.0,41695.0,359.0
2026-05-14 10:44:00,1778726640,41698.0,41709.0,41655.0,41702.0,682.0
2026-05-14 10:45:00,1778726700,41700.0,41718.0,41688.0,41712.0,496.0
2026-05-14 10:46:00,1778726760,41709.0,41716.0,41648.0,41663.0,613.0
2026-05-14 10:47:00,1778726820,41659.0,41676.0,41641.0,41658.0,498.0
2026-05-14 10:48:00,1778726880,41656.0,41679.0,41631.0,41672.0,485.0
2026-05-14 10:49:00,1778726940,41670.0,41671.0,41595.0,41611.0,1206.0
2026-05-14 10:50:00,1778727000,41611.0,41611.0,41540.0,41584.0,1700.0
2026-05-14 10:51:00,1778727060,41585.0,41627.0,41572.0,41619.0,739.0
2026-05-14 10:52:00,1778727120,41615.0,41652.0,41612.0,41643.0,644.0
2026-05-14 10:53:00,1778727180,41639.0,41668.0,41629.0,41654.0,472.0
2026-05-14 10:54:00,1778727240,41656.0,41665.0,41611.0,41616.0,393.0
2026-05-14 10:55:00,1778727300,41614.0,41618.0,41590.0,41603.0,497.0
2026-05-14 10:56:00,1778727360,41606.0,41606.0,41578.0,41588.0,437.0
2026-05-14 10:57:00,1778727420,41587.0,41622.0,41578.0,41618.0,417.0
2026-05-14 10:58:00,1778727480,41617.0,41620.0,41597.0,41601.0,253.0
2026-05-14 10:59:00,1778727540,41600.0,41615.0,41580.0,41598.0,258.0
2026-05-14 11:00:00,1778727600,41599.0,41617.0,41558.0,41613.0,750.0
2026-05-14 11:01:00,1778727660,41616.0,41634.0,41600.0,41626.0,499.0
2026-05-14 11:02:00,1778727720,41626.0,41642.0,41625.0,41635.0,260.0
2026-05-14 11:03:00,1778727780,41635.0,41647.0,41607.0,41626.0,305.0
2026-05-14 11:04:00,1778727840,41627.0,41634.0,41615.0,41634.0,123.0
2026-05-14 11:05:00,1778727900,41632.0,41636.0,41618.0,41624.0,141.0
2026-05-14 11:06:00,1778727960,41628.0,41629.0,41568.0,41596.0,580.0
2026-05-14 11:07:00,1778728020,41595.0,41595.0,41559.0,41572.0,444.0
2026-05-14 11:08:00,1778728080,41570.0,41609.0,41567.0,41604.0,289.0
2026-05-14 11:09:00,1778728140,41606.0,41633.0,41601.0,41633.0,305.0
2026-05-14 11:10:00,1778728200,41631.0,41651.0,41626.0,41638.0,447.0
2026-05-14 11:11:00,1778728260,41641.0,41662.0,41626.0,41626.0,366.0
2026-05-14 11:12:00,1778728320,41627.0,41644.0,41612.0,41644.0,257.0
2026-05-14 11:13:00,1778728380,41643.0,41661.0,41637.0,41657.0,286.0
2026-05-14 11:14:00,1778728440,41657.0,41677.0,41648.0,41672.0,427.0
2026-05-14 11:15:00,1778728500,41671.0,41673.0,41623.0,41625.0,627.0
2026-05-14 11:16:00,1778728560,41625.0,41625.0,41575.0,41581.0,642.0
2026-05-14 11:17:00,1778728620,41585.0,41618.0,41549.0,41613.0,826.0
2026-05-14 11:18:00,1778728680,41615.0,41632.0,41598.0,41602.0,364.0
2026-05-14 11:19:00,1778728740,41601.0,41601.0,41552.0,41567.0,463.0
2026-05-14 11:20:00,1778728800,41562.0,41571.0,41527.0,41569.0,944.0
2026-05-14 11:21:00,1778728860,41567.0,41605.0,41554.0,41603.0,440.0
2026-05-14 11:22:00,1778728920,41603.0,41609.0,41580.0,41590.0,202.0
2026-05-14 11:23:00,1778728980,41590.0,41616.0,41568.0,41616.0,336.0
2026-05-14 11:24:00,1778729040,41618.0,41623.0,41605.0,41611.0,178.0
2026-05-14 11:25:00,1778729100,41614.0,41628.0,41614.0,41627.0,182.0
2026-05-14 11:26:00,1778729160,41626.0,41693.0,41624.0,41689.0,735.0
2026-05-14 11:27:00,1778729220,41692.0,41719.0,41684.0,41696.0,875.0
2026-05-14 11:28:00,1778729280,41692.0,41711.0,41676.0,41680.0,355.0
2026-05-14 11:29:00,1778729340,41683.0,41689.0,41669.0,41670.0,237.0
2026-05-14 11:30:00,1778729400,41674.0,41678.0,41582.0,41615.0,820.0
2026-05-14 11:31:00,1778729460,41617.0,41632.0,41602.0,41618.0,246.0
2026-05-14 11:32:00,1778729520,41621.0,41626.0,41571.0,41600.0,357.0
2026-05-14 11:33:00,1778729580,41601.0,41618.0,41597.0,41598.0,154.0
2026-05-14 11:34:00,1778729640,41599.0,41618.0,41591.0,41607.0,147.0
2026-05-14 11:35:00,1778729700,41605.0,41608.0,41567.0,41576.0,401.0
2026-05-14 11:36:00,1778729760,41580.0,41630.0,41575.0,41630.0,270.0
2026-05-14 11:37:00,1778729820,41630.0,41660.0,41626.0,41647.0,340.0
2026-05-14 11:38:00,1778729880,41645.0,41655.0,41621.0,41621.0,185.0
2026-05-14 11:39:00,1778729940,41623.0,41644.0,41610.0,41629.0,218.0
2026-05-14 11:40:00,1778730000,41631.0,41644.0,41619.0,41644.0,114.0
2026-05-14 11:41:00,1778730060,41641.0,41645.0,41633.0,41633.0,74.0
2026-05-14 11:42:00,1778730120,41634.0,41652.0,41634.0,41647.0,118.0
2026-05-14 11:43:00,1778730180,41645.0,41656.0,41637.0,41642.0,137.0
2026-05-14 11:44:00,1778730240,41641.0,41660.0,41631.0,41655.0,97.0
2026-05-14 11:45:00,1778730300,41655.0,41693.0,41655.0,41686.0,480.0
2026-05-14 11:46:00,1778730360,41685.0,41692.0,41657.0,41669.0,315.0
2026-05-14 11:47:00,1778730420,41670.0,41675.0,41648.0,41650.0,169.0
2026-05-14 11:48:00,1778730480,41649.0,41654.0,41623.0,41646.0,363.0
2026-05-14 11:49:00,1778730540,41645.0,41654.0,41635.0,41654.0,99.0
2026-05-14 11:50:00,1778730600,41652.0,41664.0,41643.0,41657.0,117.0
2026-05-14 11:51:00,1778730660,41657.0,41682.0,41657.0,41678.0,265.0
2026-05-14 11:52:00,1778730720,41678.0,41683.0,41670.0,41677.0,106.0
2026-05-14 11:53:00,1778730780,41679.0,41680.0,41664.0,41670.0,90.0
2026-05-14 11:54:00,1778730840,41672.0,41683.0,41668.0,41682.0,105.0
2026-05-14 11:55:00,1778730900,41683.0,41684.0,41665.0,41676.0,108.0
2026-05-14 11:56:00,1778730960,41675.0,41675.0,41648.0,41670.0,185.0
2026-05-14 11:57:00,1778731020,41670.0,41670.0,41647.0,41657.0,127.0
2026-05-14 11:58:00,1778731080,41660.0,41662.0,41642.0,41647.0,87.0
2026-05-14 11:59:00,1778731140,41647.0,41659.0,41643.0,41659.0,82.0
2026-05-14 12:00:00,1778731200,41660.0,41671.0,41600.0,41607.0,543.0
2026-05-14 12:01:00,1778731260,41608.0,41612.0,41555.0,41602.0,786.0
2026-05-14 12:02:00,1778731320,41599.0,41613.0,41586.0,41599.0,232.0
2026-05-14 12:03:00,1778731380,41600.0,41606.0,41583.0,41599.0,151.0
2026-05-14 12:04:00,1778731440,41600.0,41614.0,41575.0,41580.0,249.0
2026-05-14 12:05:00,1778731500,41582.0,41610.0,41580.0,41608.0,196.0
2026-05-14 12:06:00,1778731560,41607.0,41644.0,41607.0,41634.0,295.0
2026-05-14 12:07:00,1778731620,41632.0,41665.0,41631.0,41665.0,242.0
2026-05-14 12:08:00,1778731680,41664.0,41674.0,41659.0,41670.0,221.0
2026-05-14 12:09:00,1778731740,41668.0,41693.0,41662.0,41684.0,381.0
2026-05-14 12:10:00,1778731800,41683.0,41703.0,41677.0,41699.0,453.0
2026-05-14 12:11:00,1778731860,41698.0,41714.0,41698.0,41709.0,327.0
2026-05-14 12:12:00,1778731920,41708.0,41730.0,41707.0,41719.0,420.0
2026-05-14 12:13:00,1778731980,41719.0,41740.0,41710.0,41715.0,324.0
2026-05-14 12:14:00,1778732040,41716.0,41738.0,41704.0,41736.0,251.0
2026-05-14 12:15:00,1778732100,41735.0,41745.0,41704.0,41704.0,339.0
2026-05-14 12:16:00,1778732160,41706.0,41734.0,41705.0,41723.0,135.0
2026-05-14 12:17:00,1778732220,41723.0,41737.0,41717.0,41734.0,126.0
2026-05-14 12:18:00,1778732280,41735.0,41738.0,41725.0,41728.0,102.0
2026-05-14 12:19:00,1778732340,41727.0,41730.0,41699.0,41725.0,227.0
2026-05-14 12:20:00,1778732400,41724.0,41738.0,41718.0,41732.0,148.0
2026-05-14 12:21:00,1778732460,41736.0,41755.0,41733.0,41746.0,346.0
2026-05-14 12:22:00,1778732520,41747.0,41761.0,41737.0,41745.0,311.0
2026-05-14 12:23:00,1778732580,41741.0,41769.0,41736.0,41761.0,193.0
2026-05-14 12:24:00,1778732640,41762.0,41770.0,41756.0,41770.0,142.0
2026-05-14 12:25:00,1778732700,41768.0,41790.0,41766.0,41783.0,349.0
2026-05-14 12:26:00,1778732760,41784.0,41795.0,41761.0,41765.0,270.0
2026-05-14 12:27:00,1778732820,41768.0,41770.0,41746.0,41760.0,203.0
2026-05-14 12:28:00,1778732880,41763.0,41782.0,41761.0,41766.0,159.0
2026-05-14 12:29:00,1778732940,41769.0,41788.0,41768.0,41786.0,152.0
2026-05-14 12:30:00,1778733000,41787.0,41810.0,41784.0,41792.0,705.0
2026-05-14 12:31:00,1778733060,41794.0,41799.0,41782.0,41791.0,220.0
2026-05-14 12:32:00,1778733120,41789.0,41802.0,41786.0,41786.0,133.0
2026-05-14 12:33:00,1778733180,41789.0,41815.0,41789.0,41811.0,333.0
2026-05-14 12:34:00,1778733240,41814.0,41827.0,41804.0,41818.0,352.0
2026-05-14 12:35:00,1778733300,41818.0,41838.0,41816.0,41820.0,406.0
2026-05-14 12:36:00,1778733360,41818.0,41847.0,41800.0,41819.0,499.0
2026-05-14 12:37:00,1778733420,41822.0,41829.0,41801.0,41803.0,216.0
2026-05-14 12:38:00,1778733480,41806.0,41833.0,41797.0,41832.0,369.0
2026-05-14 12:39:00,1778733540,41832.0,41846.0,41823.0,41825.0,212.0
2026-05-14 12:40:00,1778733600,41825.0,41834.0,41807.0,41815.0,244.0
2026-05-14 12:41:00,1778733660,41814.0,41822.0,41806.0,41816.0,172.0
2026-05-14 12:42:00,1778733720,41816.0,41816.0,41798.0,41802.0,186.0
2026-05-14 12:43:00,1778733780,41803.0,41806.0,41788.0,41799.0,262.0
2026-05-14 12:44:00,1778733840,41802.0,41818.0,41802.0,41818.0,143.0
2026-05-14 12:45:00,1778733900,41816.0,41820.0,41803.0,41812.0,205.0
2026-05-14 12:46:00,1778733960,41811.0,41812.0,41800.0,41806.0,88.0
2026-05-14 12:47:00,1778734020,41804.0,41817.0,41802.0,41808.0,109.0
2026-05-14 12:48:00,1778734080,41807.0,41822.0,41805.0,41816.0,138.0
2026-05-14 12:49:00,1778734140,41816.0,41840.0,41813.0,41831.0,320.0
2026-05-14 12:50:00,1778734200,41830.0,41838.0,41806.0,41811.0,191.0
2026-05-14 12:51:00,1778734260,41812.0,41815.0,41770.0,41780.0,438.0
2026-05-14 12:52:00,1778734320,41779.0,41787.0,41765.0,41787.0,340.0
2026-05-14 12:53:00,1778734380,41786.0,41796.0,41775.0,41788.0,158.0
2026-05-14 12:54:00,1778734440,41790.0,41798.0,41785.0,41794.0,95.0
2026-05-14 12:55:00,1778734500,41796.0,41803.0,41783.0,41787.0,182.0
2026-05-14 12:56:00,1778734560,41787.0,41802.0,41777.0,41777.0,140.0
2026-05-14 12:57:00,1778734620,41779.0,41785.0,41762.0,41767.0,247.0
2026-05-14 12:58:00,1778734680,41768.0,41769.0,41738.0,41753.0,625.0
2026-05-14 12:59:00,1778734740,41751.0,41758.0,41746.0,41748.0,153.0
2026-05-14 13:00:00,1778734800,41750.0,41752.0,41731.0,41735.0,346.0
2026-05-14 13:01:00,1778734860,41735.0,41740.0,41716.0,41720.0,341.0
2026-05-14 13:02:00,1778734920,41720.0,41729.0,41708.0,41714.0,287.0
2026-05-14 13:03:00,1778734980,41711.0,41712.0,41688.0,41708.0,534.0
2026-05-14 13:04:00,1778735040,41709.0,41731.0,41709.0,41727.0,336.0
2026-05-14 13:05:00,1778735100,41728.0,41732.0,41676.0,41680.0,424.0
2026-05-14 13:06:00,1778735160,41680.0,41680.0,41654.0,41665.0,551.0
2026-05-14 13:07:00,1778735220,41663.0,41689.0,41658.0,41661.0,285.0
2026-05-14 13:08:00,1778735280,41661.0,41667.0,41637.0,41651.0,465.0
2026-05-14 13:09:00,1778735340,41652.0,41652.0,41627.0,41640.0,387.0
2026-05-14 13:10:00,1778735400,41643.0,41657.0,41635.0,41652.0,304.0
2026-05-14 13:11:00,1778735460,41654.0,41658.0,41635.0,41653.0,196.0
2026-05-14 13:12:00,1778735520,41653.0,41653.0,41624.0,41645.0,341.0
2026-05-14 13:13:00,1778735580,41646.0,41646.0,41621.0,41625.0,211.0
2026-05-14 13:14:00,1778735640,41622.0,41627.0,41607.0,41614.0,307.0
2026-05-14 13:15:00,1778735700,41612.0,41615.0,41587.0,41589.0,614.0
2026-05-14 13:16:00,1778735760,41587.0,41598.0,41574.0,41574.0,420.0
2026-05-14 13:17:00,1778735820,41574.0,41593.0,41563.0,41576.0,471.0
2026-05-14 13:18:00,1778735880,41575.0,41575.0,41505.0,41509.0,1536.0
2026-05-14 13:19:00,1778735940,41509.0,41550.0,41496.0,41547.0,1128.0
2026-05-14 13:20:00,1778736000,41546.0,41580.0,41544.0,41572.0,618.0
2026-05-14 13:21:00,1778736060,41575.0,41619.0,41574.0,41612.0,667.0
2026-05-14 13:22:00,1778736120,41610.0,41614.0,41590.0,41612.0,327.0
2026-05-14 13:23:00,1778736180,41613.0,41627.0,41610.0,41625.0,364.0
2026-05-14 13:24:00,1778736240,41624.0,41632.0,41597.0,41597.0,322.0
2026-05-14 13:25:00,1778736300,41596.0,41615.0,41576.0,41607.0,462.0
2026-05-14 13:26:00,1778736360,41612.0,41640.0,41600.0,41623.0,429.0
2026-05-14 13:27:00,1778736420,41623.0,41639.0,41617.0,41636.0,225.0
2026-05-14 13:28:00,1778736480,41637.0,41678.0,41635.0,41671.0,642.0
2026-05-14 13:29:00,1778736540,41668.0,41711.0,41666.0,41710.0,744.0
2026-05-14 13:30:00,1778736600,41712.0,41747.0,41706.0,41746.0,1038.0
2026-05-14 13:31:00,1778736660,41747.0,41767.0,41713.0,41713.0,574.0
2026-05-14 13:32:00,1778736720,41713.0,41714.0,41689.0,41698.0,449.0
2026-05-14 13:33:00,1778736780,41696.0,41711.0,41691.0,41708.0,267.0
2026-05-14 13:34:00,1778736840,41708.0,41715.0,41695.0,41704.0,166.0
2026-05-14 13:35:00,1778736900,41700.0,41709.0,41683.0,41691.0,353.0
2026-05-14 13:36:00,1778736960,41690.0,41694.0,41669.0,41669.0,254.0
2026-05-14 13:37:00,1778737020,41670.0,41677.0,41655.0,41677.0,224.0
2026-05-14 13:38:00,1778737080,41677.0,41680.0,41667.0,41669.0,121.0
2026-05-14 13:39:00,1778737140,41669.0,41690.0,41664.0,41668.0,275.0
2026-05-14 13:40:00,1778737200,41670.0,41704.0,41669.0,41694.0,341.0
2026-05-14 13:41:00,1778737260,41696.0,41702.0,41691.0,41697.0,155.0
2026-05-14 13:42:00,1778737320,41695.0,41699.0,41666.0,41667.0,269.0
2026-05-14 13:43:00,1778737380,41668.0,41687.0,41660.0,41663.0,319.0
2026-05-14 13:44:00,1778737440,41663.0,41677.0,41620.0,41620.0,715.0
2026-05-14 13:45:00,1778737500,41620.0,41620.0,41620.0,41620.0,1.0
2026-05-14 15:00:00,1778742000,41768.0,41770.0,41727.0,41755.0,1125.0
2026-05-14 15:01:00,1778742060,41754.0,41792.0,41749.0,41785.0,717.0
2026-05-14 15:02:00,1778742120,41782.0,41814.0,41782.0,41800.0,567.0
2026-05-14 15:03:00,1778742180,41798.0,41800.0,41780.0,41787.0,259.0
2026-05-14 15:04:00,1778742240,41786.0,41798.0,41781.0,41787.0,155.0
2026-05-14 15:05:00,1778742300,41788.0,41788.0,41763.0,41769.0,285.0
2026-05-14 15:06:00,1778742360,41767.0,41778.0,41758.0,41760.0,233.0
2026-05-14 15:07:00,1778742420,41761.0,41777.0,41760.0,41777.0,154.0
2026-05-14 15:08:00,1778742480,41778.0,41797.0,41775.0,41785.0,182.0
2026-05-14 15:09:00,1778742540,41785.0,41787.0,41755.0,41762.0,166.0
2026-05-14 15:10:00,1778742600,41762.0,41762.0,41740.0,41748.0,245.0
2026-05-14 15:11:00,1778742660,41742.0,41773.0,41742.0,41761.0,100.0
2026-05-14 15:12:00,1778742720,41761.0,41766.0,41754.0,41757.0,134.0
2026-05-14 15:13:00,1778742780,41762.0,41766.0,41742.0,41746.0,83.0
2026-05-14 15:14:00,1778742840,41750.0,41777.0,41748.0,41768.0,114.0
2026-05-14 15:15:00,1778742900,41768.0,41789.0,41760.0,41785.0,197.0
2026-05-14 15:16:00,1778742960,41783.0,41796.0,41780.0,41793.0,150.0
2026-05-14 15:17:00,1778743020,41794.0,41830.0,41793.0,41817.0,569.0
2026-05-14 15:18:00,1778743080,41821.0,41832.0,41814.0,41829.0,261.0
2026-05-14 15:19:00,1778743140,41829.0,41833.0,41802.0,41802.0,209.0
2026-05-14 15:20:00,1778743200,41803.0,41815.0,41791.0,41795.0,161.0
2026-05-14 15:21:00,1778743260,41795.0,41810.0,41795.0,41797.0,116.0
2026-05-14 15:22:00,1778743320,41798.0,41803.0,41784.0,41790.0,98.0
2026-05-14 15:23:00,1778743380,41788.0,41790.0,41774.0,41780.0,106.0
2026-05-14 15:24:00,1778743440,41781.0,41786.0,41779.0,41785.0,40.0
2026-05-14 15:25:00,1778743500,41786.0,41790.0,41772.0,41773.0,111.0
2026-05-14 15:26:00,1778743560,41776.0,41810.0,41776.0,41810.0,123.0
2026-05-14 15:27:00,1778743620,41810.0,41824.0,41806.0,41806.0,220.0
2026-05-14 15:28:00,1778743680,41808.0,41815.0,41806.0,41808.0,68.0
2026-05-14 15:29:00,1778743740,41807.0,41821.0,41807.0,41816.0,84.0
2026-05-14 15:30:00,1778743800,41817.0,41827.0,41810.0,41817.0,104.0
2026-05-14 15:31:00,1778743860,41821.0,41834.0,41812.0,41812.0,207.0
2026-05-14 15:32:00,1778743920,41811.0,41839.0,41808.0,41830.0,277.0
2026-05-14 15:33:00,1778743980,41834.0,41877.0,41833.0,41853.0,835.0
2026-05-14 15:34:00,1778744040,41852.0,41874.0,41851.0,41868.0,273.0
2026-05-14 15:35:00,1778744100,41868.0,41887.0,41868.0,41880.0,265.0
2026-05-14 15:36:00,1778744160,41883.0,41904.0,41879.0,41890.0,512.0
2026-05-14 15:37:00,1778744220,41893.0,41901.0,41883.0,41883.0,162.0
2026-05-14 15:38:00,1778744280,41884.0,41907.0,41883.0,41906.0,204.0
2026-05-14 15:39:00,1778744340,41906.0,41912.0,41899.0,41900.0,316.0
2026-05-14 15:40:00,1778744400,41900.0,41908.0,41887.0,41887.0,191.0
2026-05-14 15:41:00,1778744460,41890.0,41900.0,41888.0,41888.0,105.0
2026-05-14 15:42:00,1778744520,41890.0,41905.0,41890.0,41891.0,124.0
2026-05-14 15:43:00,1778744580,41890.0,41896.0,41874.0,41875.0,184.0
2026-05-14 15:44:00,1778744640,41876.0,41881.0,41861.0,41864.0,171.0
2026-05-14 15:45:00,1778744700,41865.0,41877.0,41864.0,41874.0,110.0
2026-05-14 15:46:00,1778744760,41877.0,41888.0,41877.0,41887.0,112.0
2026-05-14 15:47:00,1778744820,41885.0,41889.0,41850.0,41850.0,191.0
2026-05-14 15:48:00,1778744880,41852.0,41863.0,41849.0,41854.0,137.0
2026-05-14 15:49:00,1778744940,41852.0,41855.0,41848.0,41848.0,97.0
2026-05-14 15:50:00,1778745000,41847.0,41852.0,41846.0,41851.0,93.0
2026-05-14 15:51:00,1778745060,41849.0,41864.0,41848.0,41864.0,112.0
2026-05-14 15:52:00,1778745120,41863.0,41871.0,41863.0,41869.0,86.0
2026-05-14 15:53:00,1778745180,41868.0,41881.0,41865.0,41874.0,170.0
2026-05-14 15:54:00,1778745240,41872.0,41874.0,41835.0,41837.0,239.0
2026-05-14 15:55:00,1778745300,41840.0,41848.0,41834.0,41845.0,105.0
2026-05-14 15:56:00,1778745360,41846.0,41846.0,41825.0,41829.0,174.0
2026-05-14 15:57:00,1778745420,41829.0,41830.0,41817.0,41820.0,247.0
2026-05-14 15:58:00,1778745480,41821.0,41821.0,41796.0,41796.0,380.0
2026-05-14 15:59:00,1778745540,41796.0,41796.0,41765.0,41782.0,401.0
2026-05-14 16:00:00,1778745600,41778.0,41793.0,41763.0,41784.0,364.0
2026-05-14 16:01:00,1778745660,41783.0,41791.0,41759.0,41791.0,217.0
2026-05-14 16:02:00,1778745720,41788.0,41788.0,41770.0,41787.0,151.0
2026-05-14 16:03:00,1778745780,41787.0,41789.0,41778.0,41786.0,88.0
2026-05-14 16:04:00,1778745840,41783.0,41783.0,41759.0,41765.0,187.0
2026-05-14 16:05:00,1778745900,41763.0,41774.0,41756.0,41772.0,193.0
2026-05-14 16:06:00,1778745960,41772.0,41781.0,41761.0,41780.0,131.0
2026-05-14 16:07:00,1778746020,41780.0,41802.0,41780.0,41800.0,231.0
2026-05-14 16:08:00,1778746080,41798.0,41809.0,41794.0,41809.0,129.0
2026-05-14 16:09:00,1778746140,41809.0,41814.0,41788.0,41795.0,236.0
2026-05-14 16:10:00,1778746200,41797.0,41811.0,41788.0,41811.0,72.0
2026-05-14 16:11:00,1778746260,41809.0,41820.0,41806.0,41811.0,125.0
2026-05-14 16:12:00,1778746320,41809.0,41822.0,41808.0,41813.0,87.0
2026-05-14 16:13:00,1778746380,41815.0,41832.0,41811.0,41828.0,168.0
2026-05-14 16:14:00,1778746440,41828.0,41848.0,41828.0,41848.0,205.0
2026-05-14 16:15:00,1778746500,41848.0,41863.0,41848.0,41850.0,236.0
2026-05-14 16:16:00,1778746560,41849.0,41858.0,41848.0,41855.0,115.0
2026-05-14 16:17:00,1778746620,41856.0,41874.0,41856.0,41863.0,221.0
2026-05-14 16:18:00,1778746680,41863.0,41869.0,41856.0,41859.0,106.0
2026-05-14 16:19:00,1778746740,41857.0,41863.0,41850.0,41852.0,118.0
2026-05-14 16:20:00,1778746800,41853.0,41883.0,41853.0,41883.0,206.0
2026-05-14 16:21:00,1778746860,41880.0,41884.0,41864.0,41864.0,125.0
2026-05-14 16:22:00,1778746920,41866.0,41872.0,41861.0,41867.0,58.0
2026-05-14 16:23:00,1778746980,41865.0,41873.0,41857.0,41858.0,68.0
2026-05-14 16:24:00,1778747040,41856.0,41860.0,41849.0,41854.0,112.0
2026-05-14 16:25:00,1778747100,41853.0,41866.0,41850.0,41866.0,98.0
2026-05-14 16:26:00,1778747160,41867.0,41870.0,41860.0,41864.0,42.0
2026-05-14 16:27:00,1778747220,41861.0,41868.0,41860.0,41868.0,61.0
2026-05-14 16:28:00,1778747280,41868.0,41881.0,41867.0,41881.0,98.0
2026-05-14 16:29:00,1778747340,41881.0,41893.0,41878.0,41884.0,207.0
2026-05-14 16:30:00,1778747400,41887.0,41919.0,41885.0,41905.0,745.0
2026-05-14 16:31:00,1778747460,41907.0,41916.0,41906.0,41912.0,157.0
2026-05-14 16:32:00,1778747520,41913.0,41915.0,41893.0,41896.0,257.0
2026-05-14 16:33:00,1778747580,41899.0,41906.0,41889.0,41893.0,108.0
2026-05-14 16:34:00,1778747640,41893.0,41900.0,41892.0,41892.0,51.0
2026-05-14 16:35:00,1778747700,41892.0,41906.0,41891.0,41901.0,64.0
2026-05-14 16:36:00,1778747760,41901.0,41905.0,41892.0,41892.0,54.0
2026-05-14 16:37:00,1778747820,41892.0,41903.0,41888.0,41890.0,159.0
2026-05-14 16:38:00,1778747880,41888.0,41895.0,41884.0,41884.0,89.0
2026-05-14 16:39:00,1778747940,41882.0,41885.0,41868.0,41870.0,154.0
2026-05-14 16:40:00,1778748000,41869.0,41874.0,41867.0,41873.0,132.0
2026-05-14 16:41:00,1778748060,41872.0,41872.0,41852.0,41857.0,181.0
2026-05-14 16:42:00,1778748120,41857.0,41868.0,41854.0,41866.0,116.0
2026-05-14 16:43:00,1778748180,41868.0,41868.0,41855.0,41858.0,72.0
2026-05-14 16:44:00,1778748240,41858.0,41858.0,41840.0,41841.0,190.0
2026-05-14 16:45:00,1778748300,41841.0,41850.0,41833.0,41834.0,149.0
2026-05-14 16:46:00,1778748360,41834.0,41840.0,41825.0,41830.0,141.0
2026-05-14 16:47:00,1778748420,41828.0,41862.0,41827.0,41859.0,150.0
2026-05-14 16:48:00,1778748480,41859.0,41859.0,41846.0,41847.0,107.0
2026-05-14 16:49:00,1778748540,41846.0,41848.0,41841.0,41841.0,66.0
2026-05-14 16:50:00,1778748600,41843.0,41849.0,41833.0,41849.0,83.0
2026-05-14 16:51:00,1778748660,41849.0,41866.0,41847.0,41865.0,97.0
2026-05-14 16:52:00,1778748720,41862.0,41877.0,41862.0,41863.0,177.0
2026-05-14 16:53:00,1778748780,41864.0,41871.0,41864.0,41871.0,62.0
2026-05-14 16:54:00,1778748840,41870.0,41873.0,41868.0,41869.0,26.0
2026-05-14 16:55:00,1778748900,41868.0,41877.0,41868.0,41876.0,72.0
2026-05-14 16:56:00,1778748960,41875.0,41880.0,41872.0,41876.0,75.0
2026-05-14 16:57:00,1778749020,41876.0,41882.0,41871.0,41876.0,71.0
2026-05-14 16:58:00,1778749080,41877.0,41888.0,41873.0,41888.0,62.0
2026-05-14 16:59:00,1778749140,41888.0,41892.0,41885.0,41889.0,70.0
2026-05-14 17:00:00,1778749200,41890.0,41897.0,41885.0,41888.0,125.0
2026-05-14 17:01:00,1778749260,41889.0,41895.0,41885.0,41893.0,106.0
2026-05-14 17:02:00,1778749320,41894.0,41904.0,41888.0,41892.0,157.0
2026-05-14 17:03:00,1778749380,41890.0,41891.0,41879.0,41880.0,111.0
2026-05-14 17:04:00,1778749440,41879.0,41879.0,41869.0,41869.0,110.0
2026-05-14 17:05:00,1778749500,41868.0,41877.0,41865.0,41865.0,154.0
2026-05-14 17:06:00,1778749560,41865.0,41869.0,41858.0,41866.0,78.0
2026-05-14 17:07:00,1778749620,41865.0,41877.0,41865.0,41874.0,49.0
2026-05-14 17:08:00,1778749680,41876.0,41885.0,41873.0,41885.0,65.0
2026-05-14 17:09:00,1778749740,41885.0,41885.0,41878.0,41880.0,37.0
2026-05-14 17:10:00,1778749800,41880.0,41897.0,41842.0,41854.0,314.0
2026-05-14 17:11:00,1778749860,41851.0,41851.0,41833.0,41840.0,184.0
2026-05-14 17:12:00,1778749920,41839.0,41851.0,41833.0,41851.0,73.0
2026-05-14 17:13:00,1778749980,41850.0,41850.0,41837.0,41841.0,43.0
2026-05-14 17:14:00,1778750040,41840.0,41845.0,41831.0,41842.0,79.0
2026-05-14 17:15:00,1778750100,41843.0,41848.0,41836.0,41843.0,57.0
2026-05-14 17:16:00,1778750160,41842.0,41842.0,41828.0,41840.0,119.0
2026-05-14 17:17:00,1778750220,41838.0,41841.0,41833.0,41840.0,34.0
2026-05-14 17:18:00,1778750280,41839.0,41844.0,41837.0,41844.0,46.0
2026-05-14 17:19:00,1778750340,41845.0,41845.0,41831.0,41838.0,76.0
2026-05-14 17:20:00,1778750400,41839.0,41842.0,41834.0,41841.0,46.0
2026-05-14 17:21:00,1778750460,41844.0,41844.0,41835.0,41844.0,32.0
2026-05-14 17:22:00,1778750520,41843.0,41844.0,41834.0,41838.0,42.0
2026-05-14 17:23:00,1778750580,41838.0,41838.0,41826.0,41830.0,92.0
2026-05-14 17:24:00,1778750640,41832.0,41838.0,41825.0,41836.0,81.0
2026-05-14 17:25:00,1778750700,41833.0,41837.0,41827.0,41832.0,42.0
2026-05-14 17:26:00,1778750760,41832.0,41835.0,41820.0,41835.0,106.0
2026-05-14 17:27:00,1778750820,41833.0,41833.0,41825.0,41830.0,50.0
2026-05-14 17:28:00,1778750880,41829.0,41829.0,41795.0,41798.0,398.0
2026-05-14 17:29:00,1778750940,41796.0,41813.0,41792.0,41803.0,127.0
2026-05-14 17:30:00,1778751000,41805.0,41821.0,41792.0,41821.0,138.0
2026-05-14 17:31:00,1778751060,41822.0,41835.0,41817.0,41835.0,159.0
2026-05-14 17:32:00,1778751120,41834.0,41836.0,41821.0,41828.0,48.0
2026-05-14 17:33:00,1778751180,41827.0,41827.0,41809.0,41809.0,64.0
2026-05-14 17:34:00,1778751240,41808.0,41817.0,41808.0,41817.0,41.0
2026-05-14 17:35:00,1778751300,41815.0,41816.0,41786.0,41791.0,166.0
2026-05-14 17:36:00,1778751360,41785.0,41793.0,41760.0,41773.0,424.0
2026-05-14 17:37:00,1778751420,41772.0,41772.0,41717.0,41730.0,780.0
2026-05-14 17:38:00,1778751480,41730.0,41738.0,41715.0,41726.0,386.0
2026-05-14 17:39:00,1778751540,41726.0,41747.0,41715.0,41744.0,320.0
2026-05-14 17:40:00,1778751600,41743.0,41762.0,41732.0,41759.0,202.0
2026-05-14 17:41:00,1778751660,41761.0,41772.0,41758.0,41765.0,136.0
2026-05-14 17:42:00,1778751720,41763.0,41771.0,41757.0,41762.0,121.0
2026-05-14 17:43:00,1778751780,41766.0,41775.0,41752.0,41772.0,168.0
2026-05-14 17:44:00,1778751840,41775.0,41779.0,41765.0,41765.0,99.0
2026-05-14 17:45:00,1778751900,41765.0,41777.0,41764.0,41774.0,56.0
2026-05-14 17:46:00,1778751960,41776.0,41797.0,41770.0,41797.0,206.0
2026-05-14 17:47:00,1778752020,41795.0,41805.0,41792.0,41805.0,167.0
2026-05-14 17:48:00,1778752080,41805.0,41822.0,41804.0,41814.0,197.0
2026-05-14 17:49:00,1778752140,41813.0,41834.0,41813.0,41833.0,140.0
2026-05-14 17:50:00,1778752200,41833.0,41838.0,41825.0,41826.0,147.0
2026-05-14 17:51:00,1778752260,41825.0,41835.0,41817.0,41830.0,157.0
2026-05-14 17:52:00,1778752320,41828.0,41843.0,41828.0,41833.0,155.0
2026-05-14 17:53:00,1778752380,41833.0,41833.0,41822.0,41824.0,78.0
2026-05-14 17:54:00,1778752440,41824.0,41837.0,41824.0,41834.0,74.0
2026-05-14 17:55:00,1778752500,41837.0,41838.0,41830.0,41832.0,53.0
2026-05-14 17:56:00,1778752560,41830.0,41838.0,41828.0,41836.0,52.0
2026-05-14 17:57:00,1778752620,41836.0,41846.0,41833.0,41846.0,120.0
2026-05-14 17:58:00,1778752680,41847.0,41854.0,41845.0,41852.0,126.0
2026-05-14 17:59:00,1778752740,41853.0,41854.0,41834.0,41835.0,110.0
2026-05-14 18:00:00,1778752800,41833.0,41859.0,41832.0,41858.0,150.0
2026-05-14 18:01:00,1778752860,41859.0,41866.0,41859.0,41860.0,134.0
2026-05-14 18:02:00,1778752920,41860.0,41871.0,41860.0,41865.0,125.0
2026-05-14 18:03:00,1778752980,41867.0,41867.0,41857.0,41863.0,57.0
2026-05-14 18:04:00,1778753040,41862.0,41869.0,41862.0,41868.0,54.0
2026-05-14 18:05:00,1778753100,41868.0,41872.0,41855.0,41855.0,73.0
2026-05-14 18:06:00,1778753160,41854.0,41859.0,41848.0,41849.0,64.0
2026-05-14 18:07:00,1778753220,41849.0,41850.0,41844.0,41849.0,73.0
2026-05-14 18:08:00,1778753280,41846.0,41866.0,41845.0,41861.0,99.0
2026-05-14 18:09:00,1778753340,41858.0,41864.0,41852.0,41852.0,35.0
2026-05-14 18:10:00,1778753400,41854.0,41873.0,41837.0,41868.0,229.0
2026-05-14 18:11:00,1778753460,41868.0,41912.0,41863.0,41905.0,839.0
2026-05-14 18:12:00,1778753520,41907.0,41956.0,41880.0,41892.0,1149.0
2026-05-14 18:13:00,1778753580,41892.0,41895.0,41862.0,41886.0,341.0
2026-05-14 18:14:00,1778753640,41885.0,41894.0,41875.0,41888.0,117.0
2026-05-14 18:15:00,1778753700,41888.0,41904.0,41887.0,41901.0,208.0
2026-05-14 18:16:00,1778753760,41902.0,41912.0,41889.0,41894.0,161.0
2026-05-14 18:17:00,1778753820,41896.0,41912.0,41890.0,41912.0,114.0
2026-05-14 18:18:00,1778753880,41911.0,41920.0,41903.0,41905.0,160.0
2026-05-14 18:19:00,1778753940,41904.0,41930.0,41903.0,41921.0,209.0
2026-05-14 18:20:00,1778754000,41921.0,41923.0,41905.0,41906.0,131.0
2026-05-14 18:21:00,1778754060,41906.0,41910.0,41891.0,41895.0,150.0
2026-05-14 18:22:00,1778754120,41895.0,41909.0,41893.0,41893.0,112.0
2026-05-14 18:23:00,1778754180,41894.0,41895.0,41875.0,41880.0,187.0
2026-05-14 18:24:00,1778754240,41878.0,41880.0,41863.0,41869.0,146.0
2026-05-14 18:25:00,1778754300,41869.0,41887.0,41865.0,41887.0,110.0
2026-05-14 18:26:00,1778754360,41887.0,41902.0,41887.0,41900.0,132.0
2026-05-14 18:27:00,1778754420,41900.0,41908.0,41889.0,41893.0,99.0
2026-05-14 18:28:00,1778754480,41890.0,41891.0,41870.0,41873.0,88.0
2026-05-14 18:29:00,1778754540,41872.0,41883.0,41872.0,41876.0,47.0
2026-05-14 18:30:00,1778754600,41876.0,41893.0,41873.0,41877.0,126.0
2026-05-14 18:31:00,1778754660,41875.0,41878.0,41855.0,41867.0,194.0
2026-05-14 18:32:00,1778754720,41868.0,41872.0,41860.0,41863.0,66.0
2026-05-14 18:33:00,1778754780,41862.0,41876.0,41862.0,41874.0,50.0
2026-05-14 18:34:00,1778754840,41873.0,41876.0,41865.0,41868.0,50.0
2026-05-14 18:35:00,1778754900,41871.0,41885.0,41871.0,41885.0,31.0
2026-05-14 18:36:00,1778754960,41884.0,41893.0,41876.0,41876.0,62.0
2026-05-14 18:37:00,1778755020,41879.0,41883.0,41871.0,41881.0,35.0
2026-05-14 18:38:00,1778755080,41877.0,41883.0,41874.0,41874.0,31.0
2026-05-14 18:39:00,1778755140,41876.0,41877.0,41867.0,41870.0,47.0
2026-05-14 18:40:00,1778755200,41870.0,41874.0,41860.0,41864.0,73.0
2026-05-14 18:41:00,1778755260,41864.0,41872.0,41857.0,41871.0,84.0
2026-05-14 18:42:00,1778755320,41874.0,41875.0,41866.0,41871.0,32.0
2026-05-14 18:43:00,1778755380,41871.0,41871.0,41846.0,41855.0,166.0
2026-05-14 18:44:00,1778755440,41855.0,41861.0,41850.0,41861.0,51.0
2026-05-14 18:45:00,1778755500,41863.0,41876.0,41856.0,41871.0,91.0
2026-05-14 18:46:00,1778755560,41873.0,41878.0,41866.0,41870.0,39.0
2026-05-14 18:47:00,1778755620,41869.0,41875.0,41853.0,41875.0,48.0
2026-05-14 18:48:00,1778755680,41875.0,41875.0,41866.0,41871.0,32.0
2026-05-14 18:49:00,1778755740,41873.0,41887.0,41870.0,41887.0,71.0
2026-05-14 18:50:00,1778755800,41886.0,41896.0,41884.0,41896.0,146.0
2026-05-14 18:51:00,1778755860,41895.0,41898.0,41871.0,41875.0,74.0
2026-05-14 18:52:00,1778755920,41875.0,41890.0,41875.0,41885.0,47.0
2026-05-14 18:53:00,1778755980,41889.0,41909.0,41882.0,41903.0,137.0
2026-05-14 18:54:00,1778756040,41902.0,41926.0,41902.0,41917.0,290.0
2026-05-14 18:55:00,1778756100,41920.0,41923.0,41897.0,41910.0,106.0
2026-05-14 18:56:00,1778756160,41908.0,41917.0,41901.0,41904.0,66.0
2026-05-14 18:57:00,1778756220,41907.0,41908.0,41897.0,41900.0,63.0
2026-05-14 18:58:00,1778756280,41905.0,41908.0,41890.0,41890.0,73.0
2026-05-14 18:59:00,1778756340,41889.0,41900.0,41888.0,41896.0,45.0
2026-05-14 19:00:00,1778756400,41896.0,41911.0,41896.0,41901.0,144.0
2026-05-14 19:01:00,1778756460,41902.0,41909.0,41902.0,41905.0,26.0
2026-05-14 19:02:00,1778756520,41903.0,41906.0,41900.0,41903.0,39.0
2026-05-14 19:03:00,1778756580,41904.0,41904.0,41879.0,41885.0,119.0
2026-05-14 19:04:00,1778756640,41885.0,41896.0,41885.0,41890.0,37.0
2026-05-14 19:05:00,1778756700,41890.0,41896.0,41881.0,41889.0,67.0
2026-05-14 19:06:00,1778756760,41887.0,41890.0,41871.0,41871.0,87.0
2026-05-14 19:07:00,1778756820,41871.0,41890.0,41870.0,41888.0,61.0
2026-05-14 19:08:00,1778756880,41891.0,41895.0,41880.0,41888.0,57.0
2026-05-14 19:09:00,1778756940,41888.0,41910.0,41888.0,41910.0,86.0
2026-05-14 19:10:00,1778757000,41908.0,41914.0,41899.0,41901.0,122.0
2026-05-14 19:11:00,1778757060,41903.0,41907.0,41896.0,41898.0,56.0
2026-05-14 19:12:00,1778757120,41899.0,41915.0,41899.0,41909.0,104.0
2026-05-14 19:13:00,1778757180,41906.0,41911.0,41904.0,41905.0,36.0
2026-05-14 19:14:00,1778757240,41903.0,41906.0,41896.0,41898.0,29.0
2026-05-14 19:15:00,1778757300,41898.0,41900.0,41894.0,41897.0,33.0
2026-05-14 19:16:00,1778757360,41897.0,41903.0,41897.0,41898.0,19.0
2026-05-14 19:17:00,1778757420,41897.0,41901.0,41895.0,41896.0,21.0
2026-05-14 19:18:00,1778757480,41899.0,41906.0,41896.0,41904.0,38.0
2026-05-14 19:19:00,1778757540,41904.0,41909.0,41895.0,41896.0,35.0
2026-05-14 19:20:00,1778757600,41896.0,41911.0,41896.0,41902.0,76.0
2026-05-14 19:21:00,1778757660,41908.0,41909.0,41887.0,41889.0,77.0
2026-05-14 19:22:00,1778757720,41890.0,41890.0,41881.0,41882.0,55.0
2026-05-14 19:23:00,1778757780,41881.0,41885.0,41866.0,41869.0,113.0
2026-05-14 19:24:00,1778757840,41868.0,41876.0,41867.0,41869.0,64.0
2026-05-14 19:25:00,1778757900,41874.0,41874.0,41860.0,41865.0,155.0
2026-05-14 19:26:00,1778757960,41866.0,41870.0,41854.0,41866.0,131.0
2026-05-14 19:27:00,1778758020,41865.0,41876.0,41859.0,41876.0,65.0
2026-05-14 19:28:00,1778758080,41873.0,41877.0,41870.0,41874.0,72.0
2026-05-14 19:29:00,1778758140,41874.0,41884.0,41874.0,41877.0,42.0
2026-05-14 19:30:00,1778758200,41877.0,41885.0,41874.0,41882.0,64.0
2026-05-14 19:31:00,1778758260,41882.0,41886.0,41881.0,41884.0,29.0
2026-05-14 19:32:00,1778758320,41882.0,41889.0,41879.0,41882.0,47.0
2026-05-14 19:33:00,1778758380,41882.0,41886.0,41873.0,41886.0,44.0
2026-05-14 19:34:00,1778758440,41886.0,41889.0,41875.0,41875.0,42.0
2026-05-14 19:35:00,1778758500,41875.0,41882.0,41875.0,41879.0,18.0
2026-05-14 19:36:00,1778758560,41880.0,41886.0,41880.0,41886.0,18.0
2026-05-14 19:37:00,1778758620,41884.0,41886.0,41879.0,41884.0,33.0
2026-05-14 19:38:00,1778758680,41882.0,41883.0,41880.0,41881.0,15.0
2026-05-14 19:39:00,1778758740,41883.0,41894.0,41883.0,41888.0,73.0
2026-05-14 19:40:00,1778758800,41885.0,41891.0,41882.0,41884.0,36.0
2026-05-14 19:41:00,1778758860,41885.0,41895.0,41885.0,41890.0,36.0
2026-05-14 19:42:00,1778758920,41892.0,41898.0,41888.0,41888.0,104.0
2026-05-14 19:43:00,1778758980,41891.0,41894.0,41888.0,41894.0,32.0
2026-05-14 19:44:00,1778759040,41894.0,41894.0,41890.0,41890.0,19.0
2026-05-14 19:45:00,1778759100,41892.0,41898.0,41888.0,41897.0,33.0
2026-05-14 19:46:00,1778759160,41898.0,41907.0,41898.0,41902.0,94.0
2026-05-14 19:47:00,1778759220,41903.0,41904.0,41899.0,41899.0,28.0
2026-05-14 19:48:00,1778759280,41900.0,41911.0,41900.0,41908.0,104.0
2026-05-14 19:49:00,1778759340,41910.0,41917.0,41908.0,41913.0,91.0
2026-05-14 19:50:00,1778759400,41913.0,41916.0,41910.0,41912.0,39.0
2026-05-14 19:51:00,1778759460,41912.0,41918.0,41911.0,41918.0,57.0
2026-05-14 19:52:00,1778759520,41919.0,41937.0,41919.0,41925.0,278.0
2026-05-14 19:53:00,1778759580,41927.0,41930.0,41915.0,41916.0,84.0
2026-05-14 19:54:00,1778759640,41915.0,41933.0,41915.0,41932.0,105.0
2026-05-14 19:55:00,1778759700,41930.0,41942.0,41929.0,41932.0,183.0
2026-05-14 19:56:00,1778759760,41935.0,41936.0,41920.0,41929.0,95.0
2026-05-14 19:57:00,1778759820,41930.0,41938.0,41922.0,41925.0,95.0
2026-05-14 19:58:00,1778759880,41923.0,41933.0,41923.0,41926.0,63.0
2026-05-14 19:59:00,1778759940,41927.0,41931.0,41905.0,41907.0,133.0
2026-05-14 20:00:00,1778760000,41907.0,41922.0,41902.0,41920.0,164.0
2026-05-14 20:01:00,1778760060,41921.0,41929.0,41913.0,41926.0,73.0
2026-05-14 20:02:00,1778760120,41928.0,41931.0,41924.0,41931.0,36.0
2026-05-14 20:03:00,1778760180,41931.0,41947.0,41928.0,41938.0,204.0
2026-05-14 20:04:00,1778760240,41938.0,41966.0,41938.0,41958.0,625.0
2026-05-14 20:05:00,1778760300,41958.0,41960.0,41947.0,41950.0,147.0
2026-05-14 20:06:00,1778760360,41951.0,41957.0,41943.0,41943.0,90.0
2026-05-14 20:07:00,1778760420,41945.0,41949.0,41936.0,41946.0,149.0
2026-05-14 20:08:00,1778760480,41946.0,41960.0,41946.0,41950.0,137.0
2026-05-14 20:09:00,1778760540,41950.0,41952.0,41940.0,41943.0,58.0
2026-05-14 20:10:00,1778760600,41943.0,41950.0,41939.0,41942.0,85.0
2026-05-14 20:11:00,1778760660,41941.0,41942.0,41937.0,41938.0,34.0
2026-05-14 20:12:00,1778760720,41938.0,41950.0,41935.0,41935.0,78.0
2026-05-14 20:13:00,1778760780,41938.0,41943.0,41929.0,41934.0,82.0
2026-05-14 20:14:00,1778760840,41935.0,41945.0,41934.0,41942.0,60.0
2026-05-14 20:15:00,1778760900,41941.0,41964.0,41941.0,41958.0,213.0
2026-05-14 20:16:00,1778760960,41959.0,41960.0,41950.0,41950.0,60.0
2026-05-14 20:17:00,1778761020,41949.0,41952.0,41945.0,41947.0,34.0
2026-05-14 20:18:00,1778761080,41950.0,41950.0,41931.0,41936.0,102.0
2026-05-14 20:19:00,1778761140,41933.0,41938.0,41931.0,41934.0,57.0
2026-05-14 20:20:00,1778761200,41935.0,41943.0,41933.0,41940.0,49.0
2026-05-14 20:21:00,1778761260,41940.0,41941.0,41925.0,41925.0,65.0
2026-05-14 20:22:00,1778761320,41926.0,41944.0,41924.0,41943.0,83.0
2026-05-14 20:23:00,1778761380,41943.0,41949.0,41932.0,41933.0,79.0
2026-05-14 20:24:00,1778761440,41935.0,41939.0,41930.0,41930.0,54.0
2026-05-14 20:25:00,1778761500,41930.0,41933.0,41917.0,41923.0,126.0
2026-05-14 20:26:00,1778761560,41920.0,41926.0,41915.0,41920.0,79.0
2026-05-14 20:27:00,1778761620,41920.0,41920.0,41913.0,41918.0,73.0
2026-05-14 20:28:00,1778761680,41918.0,41921.0,41916.0,41919.0,36.0
2026-05-14 20:29:00,1778761740,41920.0,41921.0,41915.0,41917.0,37.0
2026-05-14 20:30:00,1778761800,41917.0,41920.0,41893.0,41902.0,314.0
2026-05-14 20:31:00,1778761860,41904.0,41905.0,41880.0,41886.0,218.0
2026-05-14 20:32:00,1778761920,41887.0,41894.0,41877.0,41879.0,189.0
2026-05-14 20:33:00,1778761980,41877.0,41893.0,41871.0,41891.0,268.0
2026-05-14 20:34:00,1778762040,41891.0,41895.0,41883.0,41895.0,103.0
2026-05-14 20:35:00,1778762100,41893.0,41901.0,41891.0,41895.0,102.0
2026-05-14 20:36:00,1778762160,41894.0,41894.0,41878.0,41878.0,121.0
2026-05-14 20:37:00,1778762220,41879.0,41884.0,41860.0,41872.0,253.0
2026-05-14 20:38:00,1778762280,41872.0,41888.0,41870.0,41882.0,92.0
2026-05-14 20:39:00,1778762340,41885.0,41888.0,41878.0,41888.0,55.0
2026-05-14 20:40:00,1778762400,41888.0,41901.0,41887.0,41900.0,133.0
2026-05-14 20:41:00,1778762460,41901.0,41901.0,41886.0,41895.0,71.0
2026-05-14 20:42:00,1778762520,41894.0,41896.0,41871.0,41876.0,105.0
2026-05-14 20:43:00,1778762580,41874.0,41881.0,41870.0,41876.0,79.0
2026-05-14 20:44:00,1778762640,41873.0,41879.0,41871.0,41871.0,55.0
2026-05-14 20:45:00,1778762700,41871.0,41879.0,41856.0,41879.0,210.0
2026-05-14 20:46:00,1778762760,41879.0,41892.0,41875.0,41891.0,119.0
2026-05-14 20:47:00,1778762820,41891.0,41896.0,41884.0,41884.0,112.0
2026-05-14 20:48:00,1778762880,41885.0,41892.0,41877.0,41881.0,72.0
2026-05-14 20:49:00,1778762940,41881.0,41889.0,41880.0,41889.0,47.0
2026-05-14 20:50:00,1778763000,41887.0,41891.0,41884.0,41891.0,33.0
2026-05-14 20:51:00,1778763060,41887.0,41890.0,41867.0,41868.0,111.0
2026-05-14 20:52:00,1778763120,41868.0,41872.0,41861.0,41864.0,77.0
2026-05-14 20:53:00,1778763180,41861.0,41868.0,41856.0,41867.0,121.0
2026-05-14 20:54:00,1778763240,41867.0,41867.0,41816.0,41816.0,583.0
2026-05-14 20:55:00,1778763300,41819.0,41840.0,41811.0,41832.0,396.0
2026-05-14 20:56:00,1778763360,41834.0,41843.0,41830.0,41843.0,136.0
2026-05-14 20:57:00,1778763420,41840.0,41849.0,41835.0,41849.0,141.0
2026-05-14 20:58:00,1778763480,41849.0,41850.0,41832.0,41847.0,185.0
2026-05-14 20:59:00,1778763540,41845.0,41847.0,41838.0,41841.0,50.0
2026-05-14 21:00:00,1778763600,41841.0,41845.0,41827.0,41828.0,155.0
2026-05-14 21:01:00,1778763660,41831.0,41850.0,41828.0,41849.0,104.0
2026-05-14 21:02:00,1778763720,41846.0,41858.0,41842.0,41857.0,123.0
2026-05-14 21:03:00,1778763780,41858.0,41860.0,41848.0,41852.0,125.0
2026-05-14 21:04:00,1778763840,41854.0,41859.0,41841.0,41846.0,106.0
2026-05-14 21:05:00,1778763900,41848.0,41849.0,41832.0,41841.0,82.0
2026-05-14 21:06:00,1778763960,41838.0,41838.0,41820.0,41820.0,178.0
2026-05-14 21:07:00,1778764020,41821.0,41830.0,41820.0,41829.0,71.0
2026-05-14 21:08:00,1778764080,41827.0,41843.0,41824.0,41836.0,100.0
2026-05-14 21:09:00,1778764140,41835.0,41836.0,41816.0,41822.0,142.0
2026-05-14 21:10:00,1778764200,41823.0,41839.0,41820.0,41831.0,101.0
2026-05-14 21:11:00,1778764260,41835.0,41847.0,41834.0,41840.0,100.0
2026-05-14 21:12:00,1778764320,41840.0,41842.0,41824.0,41840.0,68.0
2026-05-14 21:13:00,1778764380,41836.0,41843.0,41832.0,41842.0,60.0
2026-05-14 21:14:00,1778764440,41840.0,41848.0,41835.0,41844.0,118.0
2026-05-14 21:15:00,1778764500,41841.0,41842.0,41837.0,41842.0,39.0
2026-05-14 21:16:00,1778764560,41843.0,41856.0,41842.0,41856.0,99.0
2026-05-14 21:17:00,1778764620,41853.0,41856.0,41838.0,41842.0,136.0
2026-05-14 21:18:00,1778764680,41839.0,41841.0,41826.0,41826.0,82.0
2026-05-14 21:19:00,1778764740,41827.0,41829.0,41816.0,41817.0,113.0
2026-05-14 21:20:00,1778764800,41816.0,41828.0,41802.0,41818.0,377.0
2026-05-14 21:21:00,1778764860,41817.0,41828.0,41814.0,41828.0,90.0
2026-05-14 21:22:00,1778764920,41827.0,41833.0,41823.0,41830.0,104.0
2026-05-14 21:23:00,1778764980,41833.0,41838.0,41832.0,41837.0,52.0
2026-05-14 21:24:00,1778765040,41836.0,41836.0,41819.0,41826.0,83.0
2026-05-14 21:25:00,1778765100,41829.0,41829.0,41806.0,41809.0,113.0
2026-05-14 21:26:00,1778765160,41809.0,41812.0,41792.0,41793.0,253.0
2026-05-14 21:27:00,1778765220,41791.0,41795.0,41773.0,41777.0,381.0
2026-05-14 21:28:00,1778765280,41780.0,41797.0,41777.0,41795.0,239.0
2026-05-14 21:29:00,1778765340,41793.0,41801.0,41779.0,41783.0,177.0
2026-05-14 21:30:00,1778765400,41783.0,41804.0,41752.0,41756.0,971.0
2026-05-14 21:31:00,1778765460,41756.0,41789.0,41735.0,41785.0,1005.0
2026-05-14 21:32:00,1778765520,41784.0,41805.0,41767.0,41776.0,625.0
2026-05-14 21:33:00,1778765580,41776.0,41803.0,41748.0,41799.0,531.0
2026-05-14 21:34:00,1778765640,41797.0,41823.0,41789.0,41816.0,578.0
2026-05-14 21:35:00,1778765700,41815.0,41847.0,41804.0,41841.0,623.0
2026-05-14 21:36:00,1778765760,41838.0,41854.0,41827.0,41843.0,545.0
2026-05-14 21:37:00,1778765820,41841.0,41888.0,41839.0,41881.0,689.0
2026-05-14 21:38:00,1778765880,41882.0,41897.0,41872.0,41882.0,527.0
2026-05-14 21:39:00,1778765940,41883.0,41911.0,41883.0,41909.0,646.0
2026-05-14 21:40:00,1778766000,41909.0,41921.0,41887.0,41902.0,595.0
2026-05-14 21:41:00,1778766060,41899.0,41961.0,41899.0,41943.0,915.0
2026-05-14 21:42:00,1778766120,41941.0,41952.0,41916.0,41951.0,528.0
2026-05-14 21:43:00,1778766180,41952.0,41986.0,41948.0,41963.0,1127.0
2026-05-14 21:44:00,1778766240,41964.0,41988.0,41949.0,41953.0,756.0
2026-05-14 21:45:00,1778766300,41952.0,41993.0,41920.0,41963.0,996.0
2026-05-14 21:46:00,1778766360,41963.0,41989.0,41959.0,41969.0,593.0
2026-05-14 21:47:00,1778766420,41969.0,41991.0,41966.0,41990.0,486.0
2026-05-14 21:48:00,1778766480,41991.0,41994.0,41961.0,41971.0,485.0
2026-05-14 21:49:00,1778766540,41972.0,42028.0,41972.0,42004.0,1268.0
2026-05-14 21:50:00,1778766600,42005.0,42045.0,41993.0,41999.0,1318.0
2026-05-14 21:51:00,1778766660,41997.0,42033.0,41985.0,42032.0,595.0
2026-05-14 21:52:00,1778766720,42027.0,42041.0,41989.0,42041.0,693.0
2026-05-14 21:53:00,1778766780,42040.0,42041.0,42008.0,42032.0,401.0
2026-05-14 21:54:00,1778766840,42034.0,42042.0,42002.0,42009.0,465.0
2026-05-14 21:55:00,1778766900,42006.0,42015.0,41984.0,42006.0,580.0
2026-05-14 21:56:00,1778766960,42008.0,42041.0,41998.0,42029.0,501.0
2026-05-14 21:57:00,1778767020,42031.0,42043.0,42010.0,42017.0,323.0
2026-05-14 21:58:00,1778767080,42016.0,42031.0,41994.0,41994.0,381.0
2026-05-14 21:59:00,1778767140,41993.0,41997.0,41922.0,41956.0,1229.0
2026-05-14 22:00:00,1778767200,41954.0,42008.0,41934.0,42004.0,983.0
2026-05-14 22:01:00,1778767260,42001.0,42028.0,41996.0,42023.0,641.0
2026-05-14 22:02:00,1778767320,42020.0,42034.0,42001.0,42005.0,476.0
2026-05-14 22:03:00,1778767380,42005.0,42019.0,41983.0,42014.0,419.0
2026-05-14 22:04:00,1778767440,42011.0,42022.0,41998.0,42020.0,271.0
2026-05-14 22:05:00,1778767500,42023.0,42045.0,42011.0,42028.0,585.0
2026-05-14 22:06:00,1778767560,42029.0,42035.0,42002.0,42013.0,312.0
2026-05-14 22:07:00,1778767620,42014.0,42030.0,41992.0,41997.0,353.0
2026-05-14 22:08:00,1778767680,41996.0,41996.0,41967.0,41992.0,526.0
2026-05-14 22:09:00,1778767740,41991.0,42006.0,41976.0,41981.0,265.0
2026-05-14 22:10:00,1778767800,41981.0,42020.0,41976.0,42020.0,364.0
2026-05-14 22:11:00,1778767860,42020.0,42039.0,41999.0,42039.0,487.0
2026-05-14 22:12:00,1778767920,42037.0,42067.0,42037.0,42062.0,1279.0
2026-05-14 22:13:00,1778767980,42063.0,42086.0,42062.0,42069.0,911.0
2026-05-14 22:14:00,1778768040,42069.0,42085.0,42067.0,42072.0,332.0
2026-05-14 22:15:00,1778768100,42072.0,42128.0,42069.0,42109.0,1219.0
2026-05-14 22:16:00,1778768160,42110.0,42119.0,42098.0,42114.0,404.0
2026-05-14 22:17:00,1778768220,42112.0,42133.0,42090.0,42125.0,578.0
2026-05-14 22:18:00,1778768280,42125.0,42153.0,42122.0,42145.0,758.0
2026-05-14 22:19:00,1778768340,42145.0,42166.0,42144.0,42159.0,533.0
2026-05-14 22:20:00,1778768400,42159.0,42184.0,42155.0,42159.0,736.0
2026-05-14 22:21:00,1778768460,42158.0,42175.0,42153.0,42162.0,435.0
2026-05-14 22:22:00,1778768520,42166.0,42184.0,42156.0,42176.0,433.0
2026-05-14 22:23:00,1778768580,42174.0,42193.0,42168.0,42173.0,509.0
2026-05-14 22:24:00,1778768640,42173.0,42177.0,42138.0,42138.0,701.0
2026-05-14 22:25:00,1778768700,42140.0,42152.0,42113.0,42115.0,681.0
2026-05-14 22:26:00,1778768760,42116.0,42146.0,42114.0,42142.0,376.0
2026-05-14 22:27:00,1778768820,42143.0,42148.0,42123.0,42130.0,248.0
2026-05-14 22:28:00,1778768880,42132.0,42154.0,42129.0,42150.0,248.0
2026-05-14 22:29:00,1778768940,42151.0,42164.0,42130.0,42164.0,272.0
2026-05-14 22:30:00,1778769000,42164.0,42189.0,42162.0,42179.0,761.0
2026-05-14 22:31:00,1778769060,42177.0,42204.0,42166.0,42168.0,872.0
2026-05-14 22:32:00,1778769120,42171.0,42180.0,42167.0,42180.0,302.0
2026-05-14 22:33:00,1778769180,42176.0,42202.0,42173.0,42191.0,270.0
2026-05-14 22:34:00,1778769240,42194.0,42211.0,42185.0,42209.0,348.0
2026-05-14 22:35:00,1778769300,42211.0,42257.0,42210.0,42252.0,1860.0
2026-05-14 22:36:00,1778769360,42251.0,42281.0,42248.0,42273.0,915.0
2026-05-14 22:37:00,1778769420,42270.0,42289.0,42264.0,42289.0,602.0
2026-05-14 22:38:00,1778769480,42288.0,42295.0,42283.0,42289.0,470.0
2026-05-14 22:39:00,1778769540,42286.0,42327.0,42286.0,42319.0,1011.0
2026-05-14 22:40:00,1778769600,42319.0,42322.0,42290.0,42293.0,813.0
2026-05-14 22:41:00,1778769660,42293.0,42300.0,42278.0,42283.0,447.0
2026-05-14 22:42:00,1778769720,42286.0,42292.0,42269.0,42273.0,431.0
2026-05-14 22:43:00,1778769780,42277.0,42295.0,42262.0,42294.0,317.0
2026-05-14 22:44:00,1778769840,42293.0,42305.0,42278.0,42296.0,294.0
2026-05-14 22:45:00,1778769900,42295.0,42305.0,42275.0,42279.0,399.0
2026-05-14 22:46:00,1778769960,42275.0,42288.0,42266.0,42283.0,214.0
2026-05-14 22:47:00,1778770020,42283.0,42298.0,42282.0,42292.0,230.0
2026-05-14 22:48:00,1778770080,42291.0,42296.0,42276.0,42282.0,193.0
2026-05-14 22:49:00,1778770140,42284.0,42302.0,42280.0,42302.0,234.0
2026-05-14 22:50:00,1778770200,42300.0,42314.0,42295.0,42310.0,344.0
2026-05-14 22:51:00,1778770260,42310.0,42318.0,42304.0,42315.0,269.0
2026-05-14 22:52:00,1778770320,42316.0,42322.0,42285.0,42293.0,358.0
2026-05-14 22:53:00,1778770380,42289.0,42298.0,42254.0,42257.0,464.0
2026-05-14 22:54:00,1778770440,42257.0,42279.0,42253.0,42277.0,366.0
2026-05-14 22:55:00,1778770500,42279.0,42289.0,42267.0,42277.0,278.0
2026-05-14 22:56:00,1778770560,42280.0,42281.0,42269.0,42271.0,165.0
2026-05-14 22:57:00,1778770620,42272.0,42276.0,42260.0,42264.0,215.0
2026-05-14 22:58:00,1778770680,42263.0,42267.0,42238.0,42238.0,378.0
2026-05-14 22:59:00,1778770740,42241.0,42242.0,42210.0,42239.0,805.0
2026-05-14 23:00:00,1778770800,42240.0,42246.0,42217.0,42230.0,450.0
2026-05-14 23:01:00,1778770860,42230.0,42264.0,42227.0,42262.0,303.0
2026-05-14 23:02:00,1778770920,42265.0,42268.0,42240.0,42240.0,296.0
2026-05-14 23:03:00,1778770980,42240.0,42253.0,42234.0,42253.0,153.0
2026-05-14 23:04:00,1778771040,42253.0,42253.0,42212.0,42213.0,325.0
2026-05-14 23:05:00,1778771100,42212.0,42234.0,42206.0,42224.0,344.0
2026-05-14 23:06:00,1778771160,42224.0,42246.0,42220.0,42242.0,181.0
2026-05-14 23:07:00,1778771220,42245.0,42254.0,42240.0,42249.0,195.0
2026-05-14 23:08:00,1778771280,42249.0,42261.0,42238.0,42241.0,238.0
2026-05-14 23:09:00,1778771340,42241.0,42258.0,42241.0,42258.0,123.0
2026-05-14 23:10:00,1778771400,42258.0,42260.0,42245.0,42246.0,113.0
2026-05-14 23:11:00,1778771460,42246.0,42249.0,42227.0,42238.0,132.0
2026-05-14 23:12:00,1778771520,42237.0,42237.0,42227.0,42235.0,138.0
2026-05-14 23:13:00,1778771580,42234.0,42237.0,42227.0,42237.0,104.0
2026-05-14 23:14:00,1778771640,42238.0,42260.0,42232.0,42259.0,127.0
2026-05-14 23:15:00,1778771700,42260.0,42273.0,42254.0,42270.0,361.0
2026-05-14 23:16:00,1778771760,42269.0,42275.0,42248.0,42252.0,212.0
2026-05-14 23:17:00,1778771820,42249.0,42272.0,42247.0,42261.0,117.0
2026-05-14 23:18:00,1778771880,42263.0,42275.0,42261.0,42271.0,95.0
2026-05-14 23:19:00,1778771940,42271.0,42278.0,42270.0,42270.0,169.0
2026-05-14 23:20:00,1778772000,42269.0,42287.0,42265.0,42285.0,188.0
2026-05-14 23:21:00,1778772060,42285.0,42288.0,42264.0,42266.0,175.0
2026-05-14 23:22:00,1778772120,42265.0,42269.0,42252.0,42260.0,126.0
2026-05-14 23:23:00,1778772180,42261.0,42263.0,42242.0,42250.0,168.0
2026-05-14 23:24:00,1778772240,42250.0,42263.0,42248.0,42259.0,75.0
2026-05-14 23:25:00,1778772300,42257.0,42272.0,42255.0,42269.0,94.0
2026-05-14 23:26:00,1778772360,42271.0,42277.0,42268.0,42268.0,165.0
2026-05-14 23:27:00,1778772420,42269.0,42271.0,42262.0,42267.0,48.0
2026-05-14 23:28:00,1778772480,42268.0,42283.0,42264.0,42283.0,128.0
2026-05-14 23:29:00,1778772540,42283.0,42285.0,42256.0,42256.0,149.0
2026-05-14 23:30:00,1778772600,42255.0,42280.0,42255.0,42272.0,131.0
2026-05-14 23:31:00,1778772660,42278.0,42282.0,42268.0,42279.0,70.0
2026-05-14 23:32:00,1778772720,42277.0,42292.0,42268.0,42286.0,171.0
2026-05-14 23:33:00,1778772780,42287.0,42295.0,42278.0,42278.0,124.0
2026-05-14 23:34:00,1778772840,42278.0,42282.0,42272.0,42280.0,82.0
2026-05-14 23:35:00,1778772900,42277.0,42280.0,42269.0,42269.0,69.0
2026-05-14 23:36:00,1778772960,42270.0,42282.0,42267.0,42277.0,83.0
2026-05-14 23:37:00,1778773020,42275.0,42283.0,42271.0,42275.0,75.0
2026-05-14 23:38:00,1778773080,42275.0,42277.0,42256.0,42260.0,173.0
2026-05-14 23:39:00,1778773140,42259.0,42272.0,42253.0,42264.0,106.0
2026-05-14 23:40:00,1778773200,42266.0,42275.0,42258.0,42261.0,80.0
2026-05-14 23:41:00,1778773260,42262.0,42283.0,42262.0,42276.0,82.0
2026-05-14 23:42:00,1778773320,42273.0,42277.0,42265.0,42265.0,61.0
2026-05-14 23:43:00,1778773380,42263.0,42263.0,42248.0,42250.0,226.0
2026-05-14 23:44:00,1778773440,42249.0,42251.0,42227.0,42246.0,232.0
2026-05-14 23:45:00,1778773500,42248.0,42252.0,42245.0,42250.0,92.0
2026-05-14 23:46:00,1778773560,42248.0,42253.0,42239.0,42242.0,110.0
2026-05-14 23:47:00,1778773620,42241.0,42241.0,42226.0,42238.0,135.0
2026-05-14 23:48:00,1778773680,42238.0,42243.0,42233.0,42235.0,84.0
2026-05-14 23:49:00,1778773740,42232.0,42252.0,42226.0,42251.0,181.0
2026-05-14 23:50:00,1778773800,42253.0,42259.0,42242.0,42258.0,121.0
2026-05-14 23:51:00,1778773860,42258.0,42264.0,42247.0,42249.0,119.0
2026-05-14 23:52:00,1778773920,42248.0,42258.0,42245.0,42248.0,65.0
2026-05-14 23:53:00,1778773980,42247.0,42257.0,42247.0,42251.0,47.0
2026-05-14 23:54:00,1778774040,42255.0,42262.0,42255.0,42257.0,68.0
2026-05-14 23:55:00,1778774100,42259.0,42268.0,42258.0,42260.0,112.0
2026-05-14 23:56:00,1778774160,42261.0,42285.0,42261.0,42281.0,200.0
2026-05-14 23:57:00,1778774220,42279.0,42288.0,42275.0,42275.0,136.0
2026-05-14 23:58:00,1778774280,42276.0,42286.0,42275.0,42283.0,78.0
2026-05-14 23:59:00,1778774340,42281.0,42291.0,42272.0,42277.0,164.0
2026-05-15 00:00:00,1778774400,42278.0,42302.0,42277.0,42290.0,450.0
2026-05-15 00:01:00,1778774460,42293.0,42303.0,42293.0,42297.0,135.0
2026-05-15 00:02:00,1778774520,42296.0,42299.0,42281.0,42283.0,99.0
2026-05-15 00:03:00,1778774580,42282.0,42288.0,42278.0,42288.0,99.0
2026-05-15 00:04:00,1778774640,42288.0,42312.0,42287.0,42299.0,222.0
2026-05-15 00:05:00,1778774700,42294.0,42303.0,42294.0,42302.0,65.0
2026-05-15 00:06:00,1778774760,42304.0,42311.0,42285.0,42287.0,120.0
2026-05-15 00:07:00,1778774820,42286.0,42307.0,42284.0,42300.0,75.0
2026-05-15 00:08:00,1778774880,42300.0,42312.0,42298.0,42312.0,77.0
2026-05-15 00:09:00,1778774940,42312.0,42314.0,42299.0,42301.0,218.0
2026-05-15 00:10:00,1778775000,42307.0,42344.0,42303.0,42328.0,1074.0
2026-05-15 00:11:00,1778775060,42330.0,42343.0,42326.0,42329.0,256.0
2026-05-15 00:12:00,1778775120,42328.0,42347.0,42323.0,42328.0,184.0
2026-05-15 00:13:00,1778775180,42328.0,42336.0,42319.0,42322.0,124.0
2026-05-15 00:14:00,1778775240,42322.0,42325.0,42308.0,42314.0,143.0
2026-05-15 00:15:00,1778775300,42314.0,42338.0,42308.0,42338.0,263.0
2026-05-15 00:16:00,1778775360,42335.0,42340.0,42329.0,42335.0,95.0
2026-05-15 00:17:00,1778775420,42334.0,42342.0,42331.0,42333.0,90.0
2026-05-15 00:18:00,1778775480,42335.0,42341.0,42332.0,42336.0,58.0
2026-05-15 00:19:00,1778775540,42334.0,42335.0,42300.0,42308.0,208.0
2026-05-15 00:20:00,1778775600,42307.0,42315.0,42305.0,42312.0,138.0
2026-05-15 00:21:00,1778775660,42310.0,42330.0,42307.0,42325.0,135.0
2026-05-15 00:22:00,1778775720,42324.0,42332.0,42317.0,42317.0,67.0
2026-05-15 00:23:00,1778775780,42319.0,42332.0,42316.0,42324.0,52.0
2026-05-15 00:24:00,1778775840,42322.0,42329.0,42311.0,42313.0,96.0
2026-05-15 00:25:00,1778775900,42314.0,42328.0,42307.0,42308.0,103.0
2026-05-15 00:26:00,1778775960,42308.0,42314.0,42293.0,42295.0,284.0
2026-05-15 00:27:00,1778776020,42295.0,42317.0,42289.0,42312.0,128.0
2026-05-15 00:28:00,1778776080,42309.0,42309.0,42287.0,42297.0,160.0
2026-05-15 00:29:00,1778776140,42295.0,42295.0,42269.0,42283.0,251.0
2026-05-15 00:30:00,1778776200,42284.0,42300.0,42276.0,42298.0,180.0
2026-05-15 00:31:00,1778776260,42296.0,42298.0,42285.0,42288.0,56.0
2026-05-15 00:32:00,1778776320,42289.0,42295.0,42280.0,42285.0,41.0
2026-05-15 00:33:00,1778776380,42285.0,42285.0,42266.0,42271.0,155.0
2026-05-15 00:34:00,1778776440,42270.0,42285.0,42261.0,42274.0,114.0
2026-05-15 00:35:00,1778776500,42272.0,42293.0,42272.0,42289.0,113.0
2026-05-15 00:36:00,1778776560,42288.0,42292.0,42283.0,42292.0,66.0
2026-05-15 00:37:00,1778776620,42293.0,42293.0,42279.0,42284.0,58.0
2026-05-15 00:38:00,1778776680,42284.0,42298.0,42284.0,42296.0,70.0
2026-05-15 00:39:00,1778776740,42299.0,42305.0,42285.0,42294.0,105.0
2026-05-15 00:40:00,1778776800,42294.0,42307.0,42293.0,42302.0,98.0
2026-05-15 00:41:00,1778776860,42301.0,42312.0,42290.0,42311.0,107.0
2026-05-15 00:42:00,1778776920,42312.0,42312.0,42296.0,42296.0,58.0
2026-05-15 00:43:00,1778776980,42296.0,42296.0,42288.0,42291.0,43.0
2026-05-15 00:44:00,1778777040,42291.0,42292.0,42271.0,42277.0,105.0
2026-05-15 00:45:00,1778777100,42276.0,42292.0,42248.0,42275.0,458.0
2026-05-15 00:46:00,1778777160,42274.0,42284.0,42257.0,42284.0,114.0
2026-05-15 00:47:00,1778777220,42286.0,42300.0,42283.0,42300.0,107.0
2026-05-15 00:48:00,1778777280,42299.0,42301.0,42292.0,42298.0,50.0
2026-05-15 00:49:00,1778777340,42297.0,42305.0,42294.0,42299.0,80.0
2026-05-15 00:50:00,1778777400,42303.0,42307.0,42297.0,42298.0,57.0
2026-05-15 00:51:00,1778777460,42296.0,42301.0,42283.0,42300.0,37.0
2026-05-15 00:52:00,1778777520,42301.0,42302.0,42292.0,42302.0,36.0
2026-05-15 00:53:00,1778777580,42302.0,42310.0,42300.0,42306.0,53.0
2026-05-15 00:54:00,1778777640,42301.0,42314.0,42299.0,42314.0,76.0
2026-05-15 00:55:00,1778777700,42314.0,42315.0,42305.0,42308.0,70.0
2026-05-15 00:56:00,1778777760,42307.0,42307.0,42277.0,42301.0,124.0
2026-05-15 00:57:00,1778777820,42296.0,42304.0,42292.0,42304.0,33.0
2026-05-15 00:58:00,1778777880,42305.0,42312.0,42301.0,42310.0,55.0
2026-05-15 00:59:00,1778777940,42312.0,42314.0,42307.0,42313.0,38.0
2026-05-15 01:00:00,1778778000,42315.0,42335.0,42315.0,42325.0,320.0
2026-05-15 01:01:00,1778778060,42327.0,42328.0,42321.0,42328.0,43.0
2026-05-15 01:02:00,1778778120,42328.0,42344.0,42327.0,42335.0,167.0
2026-05-15 01:03:00,1778778180,42335.0,42342.0,42334.0,42335.0,49.0
2026-05-15 01:04:00,1778778240,42334.0,42377.0,42331.0,42357.0,832.0
2026-05-15 01:05:00,1778778300,42358.0,42363.0,42347.0,42347.0,183.0
2026-05-15 01:06:00,1778778360,42346.0,42350.0,42327.0,42337.0,152.0
2026-05-15 01:07:00,1778778420,42332.0,42337.0,42318.0,42330.0,122.0
2026-05-15 01:08:00,1778778480,42330.0,42331.0,42301.0,42310.0,190.0
2026-05-15 01:09:00,1778778540,42309.0,42311.0,42297.0,42304.0,137.0
2026-05-15 01:10:00,1778778600,42303.0,42326.0,42289.0,42320.0,156.0
2026-05-15 01:11:00,1778778660,42323.0,42328.0,42314.0,42328.0,55.0
2026-05-15 01:12:00,1778778720,42323.0,42325.0,42306.0,42309.0,71.0
2026-05-15 01:13:00,1778778780,42308.0,42308.0,42298.0,42302.0,97.0
2026-05-15 01:14:00,1778778840,42301.0,42301.0,42262.0,42269.0,259.0
2026-05-15 01:15:00,1778778900,42269.0,42277.0,42257.0,42265.0,284.0
2026-05-15 01:16:00,1778778960,42263.0,42265.0,42228.0,42243.0,479.0
2026-05-15 01:17:00,1778779020,42246.0,42263.0,42232.0,42263.0,305.0
2026-05-15 01:18:00,1778779080,42262.0,42263.0,42212.0,42217.0,310.0
2026-05-15 01:19:00,1778779140,42213.0,42242.0,42202.0,42232.0,376.0
2026-05-15 01:20:00,1778779200,42234.0,42259.0,42223.0,42254.0,220.0
2026-05-15 01:21:00,1778779260,42255.0,42264.0,42233.0,42239.0,156.0
2026-05-15 01:22:00,1778779320,42236.0,42269.0,42235.0,42269.0,136.0
2026-05-15 01:23:00,1778779380,42269.0,42271.0,42245.0,42256.0,92.0
2026-05-15 01:24:00,1778779440,42254.0,42254.0,42230.0,42235.0,147.0
2026-05-15 01:25:00,1778779500,42235.0,42239.0,42205.0,42225.0,244.0
2026-05-15 01:26:00,1778779560,42227.0,42237.0,42191.0,42225.0,401.0
2026-05-15 01:27:00,1778779620,42222.0,42232.0,42217.0,42232.0,88.0
2026-05-15 01:28:00,1778779680,42233.0,42240.0,42223.0,42239.0,110.0
2026-05-15 01:29:00,1778779740,42236.0,42251.0,42229.0,42248.0,166.0
2026-05-15 01:30:00,1778779800,42249.0,42257.0,42237.0,42252.0,155.0
2026-05-15 01:31:00,1778779860,42255.0,42267.0,42250.0,42255.0,100.0
2026-05-15 01:32:00,1778779920,42254.0,42271.0,42251.0,42269.0,112.0
2026-05-15 01:33:00,1778779980,42271.0,42274.0,42252.0,42255.0,72.0
2026-05-15 01:34:00,1778780040,42255.0,42279.0,42255.0,42267.0,144.0
2026-05-15 01:35:00,1778780100,42269.0,42289.0,42267.0,42283.0,132.0
2026-05-15 01:36:00,1778780160,42286.0,42296.0,42282.0,42288.0,93.0
2026-05-15 01:37:00,1778780220,42290.0,42297.0,42290.0,42293.0,48.0
2026-05-15 01:38:00,1778780280,42292.0,42299.0,42286.0,42297.0,76.0
2026-05-15 01:39:00,1778780340,42299.0,42305.0,42289.0,42291.0,95.0
2026-05-15 01:40:00,1778780400,42290.0,42307.0,42290.0,42305.0,89.0
2026-05-15 01:41:00,1778780460,42302.0,42305.0,42296.0,42296.0,21.0
2026-05-15 01:42:00,1778780520,42296.0,42307.0,42291.0,42294.0,92.0
2026-05-15 01:43:00,1778780580,42292.0,42309.0,42291.0,42298.0,55.0
2026-05-15 01:44:00,1778780640,42298.0,42301.0,42285.0,42298.0,79.0
2026-05-15 01:45:00,1778780700,42301.0,42318.0,42301.0,42314.0,110.0
2026-05-15 01:46:00,1778780760,42313.0,42332.0,42313.0,42324.0,171.0
2026-05-15 01:47:00,1778780820,42324.0,42328.0,42311.0,42312.0,61.0
2026-05-15 01:48:00,1778780880,42316.0,42327.0,42314.0,42327.0,39.0
2026-05-15 01:49:00,1778780940,42326.0,42335.0,42325.0,42325.0,73.0
2026-05-15 01:50:00,1778781000,42327.0,42340.0,42327.0,42334.0,134.0
2026-05-15 01:51:00,1778781060,42336.0,42339.0,42326.0,42326.0,89.0
2026-05-15 01:52:00,1778781120,42327.0,42331.0,42306.0,42312.0,101.0
2026-05-15 01:53:00,1778781180,42312.0,42340.0,42311.0,42335.0,102.0
2026-05-15 01:54:00,1778781240,42333.0,42334.0,42325.0,42327.0,48.0
2026-05-15 01:55:00,1778781300,42325.0,42334.0,42325.0,42329.0,24.0
2026-05-15 01:56:00,1778781360,42330.0,42336.0,42325.0,42325.0,52.0
2026-05-15 01:57:00,1778781420,42321.0,42332.0,42321.0,42332.0,39.0
2026-05-15 01:58:00,1778781480,42327.0,42328.0,42320.0,42322.0,16.0
2026-05-15 01:59:00,1778781540,42323.0,42324.0,42315.0,42316.0,53.0
2026-05-15 02:00:00,1778781600,42316.0,42319.0,42293.0,42294.0,196.0
2026-05-15 02:01:00,1778781660,42294.0,42297.0,42263.0,42278.0,144.0
2026-05-15 02:02:00,1778781720,42279.0,42285.0,42274.0,42285.0,54.0
2026-05-15 02:03:00,1778781780,42283.0,42283.0,42262.0,42276.0,119.0
2026-05-15 02:04:00,1778781840,42275.0,42280.0,42259.0,42280.0,53.0
2026-05-15 02:05:00,1778781900,42280.0,42294.0,42273.0,42290.0,71.0
2026-05-15 02:06:00,1778781960,42290.0,42299.0,42284.0,42298.0,44.0
2026-05-15 02:07:00,1778782020,42296.0,42296.0,42284.0,42290.0,26.0
2026-05-15 02:08:00,1778782080,42286.0,42293.0,42286.0,42291.0,41.0
2026-05-15 02:09:00,1778782140,42293.0,42296.0,42288.0,42293.0,32.0
2026-05-15 02:10:00,1778782200,42297.0,42310.0,42295.0,42309.0,86.0
2026-05-15 02:11:00,1778782260,42313.0,42322.0,42290.0,42291.0,112.0
2026-05-15 02:12:00,1778782320,42290.0,42290.0,42268.0,42278.0,103.0
2026-05-15 02:13:00,1778782380,42278.0,42295.0,42277.0,42284.0,33.0
2026-05-15 02:14:00,1778782440,42288.0,42295.0,42284.0,42294.0,35.0
2026-05-15 02:15:00,1778782500,42292.0,42305.0,42292.0,42300.0,43.0
2026-05-15 02:16:00,1778782560,42302.0,42303.0,42291.0,42291.0,28.0
2026-05-15 02:17:00,1778782620,42291.0,42312.0,42290.0,42305.0,39.0
2026-05-15 02:18:00,1778782680,42306.0,42310.0,42302.0,42305.0,27.0
2026-05-15 02:19:00,1778782740,42301.0,42318.0,42301.0,42317.0,23.0
2026-05-15 02:20:00,1778782800,42319.0,42324.0,42310.0,42320.0,43.0
2026-05-15 02:21:00,1778782860,42321.0,42322.0,42308.0,42311.0,42.0
2026-05-15 02:22:00,1778782920,42311.0,42312.0,42300.0,42300.0,29.0
2026-05-15 02:23:00,1778782980,42302.0,42302.0,42286.0,42287.0,112.0
2026-05-15 02:24:00,1778783040,42285.0,42290.0,42280.0,42289.0,40.0
2026-05-15 02:25:00,1778783100,42287.0,42295.0,42285.0,42286.0,31.0
2026-05-15 02:26:00,1778783160,42286.0,42288.0,42278.0,42281.0,47.0
2026-05-15 02:27:00,1778783220,42281.0,42291.0,42279.0,42287.0,15.0
2026-05-15 02:28:00,1778783280,42290.0,42291.0,42278.0,42280.0,32.0
2026-05-15 02:29:00,1778783340,42285.0,42298.0,42284.0,42293.0,49.0
2026-05-15 02:30:00,1778783400,42293.0,42327.0,42292.0,42327.0,110.0
2026-05-15 02:31:00,1778783460,42326.0,42331.0,42318.0,42318.0,89.0
2026-05-15 02:32:00,1778783520,42320.0,42325.0,42318.0,42325.0,35.0
2026-05-15 02:33:00,1778783580,42327.0,42333.0,42325.0,42333.0,50.0
2026-05-15 02:34:00,1778783640,42332.0,42332.0,42324.0,42324.0,20.0
2026-05-15 02:35:00,1778783700,42321.0,42328.0,42321.0,42326.0,10.0
2026-05-15 02:36:00,1778783760,42325.0,42325.0,42310.0,42310.0,45.0
2026-05-15 02:37:00,1778783820,42312.0,42315.0,42309.0,42311.0,20.0
2026-05-15 02:38:00,1778783880,42309.0,42327.0,42309.0,42325.0,15.0
2026-05-15 02:39:00,1778783940,42322.0,42327.0,42318.0,42321.0,18.0
2026-05-15 02:40:00,1778784000,42322.0,42322.0,42297.0,42297.0,22.0
2026-05-15 02:41:00,1778784060,42296.0,42313.0,42294.0,42313.0,17.0
2026-05-15 02:42:00,1778784120,42316.0,42320.0,42316.0,42316.0,19.0
2026-05-15 02:43:00,1778784180,42316.0,42322.0,42315.0,42319.0,16.0
2026-05-15 02:44:00,1778784240,42318.0,42320.0,42316.0,42316.0,8.0
2026-05-15 02:45:00,1778784300,42315.0,42315.0,42308.0,42310.0,13.0
2026-05-15 02:46:00,1778784360,42309.0,42320.0,42306.0,42317.0,26.0
2026-05-15 02:47:00,1778784420,42316.0,42335.0,42314.0,42335.0,68.0
2026-05-15 02:48:00,1778784480,42335.0,42337.0,42333.0,42333.0,28.0
2026-05-15 02:49:00,1778784540,42333.0,42335.0,42330.0,42333.0,18.0
2026-05-15 02:50:00,1778784600,42334.0,42350.0,42333.0,42349.0,176.0
2026-05-15 02:51:00,1778784660,42346.0,42347.0,42343.0,42343.0,33.0
2026-05-15 02:52:00,1778784720,42344.0,42344.0,42339.0,42341.0,25.0
2026-05-15 02:53:00,1778784780,42342.0,42346.0,42337.0,42343.0,31.0
2026-05-15 02:54:00,1778784840,42337.0,42342.0,42337.0,42342.0,18.0
2026-05-15 02:55:00,1778784900,42339.0,42355.0,42338.0,42350.0,54.0
2026-05-15 02:56:00,1778784960,42350.0,42361.0,42350.0,42355.0,65.0
2026-05-15 02:57:00,1778785020,42355.0,42358.0,42355.0,42356.0,10.0
2026-05-15 02:58:00,1778785080,42353.0,42353.0,42341.0,42341.0,18.0
2026-05-15 02:59:00,1778785140,42341.0,42346.0,42339.0,42346.0,25.0
2026-05-15 03:00:00,1778785200,42346.0,42359.0,42345.0,42357.0,45.0
2026-05-15 03:01:00,1778785260,42358.0,42364.0,42350.0,42350.0,78.0
2026-05-15 03:02:00,1778785320,42354.0,42355.0,42343.0,42350.0,18.0
2026-05-15 03:03:00,1778785380,42350.0,42361.0,42347.0,42351.0,30.0
2026-05-15 03:04:00,1778785440,42352.0,42355.0,42348.0,42354.0,17.0
2026-05-15 03:05:00,1778785500,42357.0,42360.0,42357.0,42360.0,5.0
2026-05-15 03:06:00,1778785560,42354.0,42355.0,42350.0,42350.0,7.0
2026-05-15 03:07:00,1778785620,42352.0,42352.0,42350.0,42350.0,7.0
2026-05-15 03:08:00,1778785680,42352.0,42359.0,42347.0,42355.0,26.0
2026-05-15 03:09:00,1778785740,42357.0,42362.0,42355.0,42357.0,26.0
2026-05-15 03:10:00,1778785800,42359.0,42363.0,42357.0,42357.0,42.0
2026-05-15 03:11:00,1778785860,42357.0,42358.0,42356.0,42357.0,9.0
2026-05-15 03:12:00,1778785920,42353.0,42356.0,42347.0,42347.0,26.0
2026-05-15 03:13:00,1778785980,42347.0,42347.0,42340.0,42343.0,46.0
2026-05-15 03:14:00,1778786040,42345.0,42347.0,42339.0,42345.0,18.0
2026-05-15 03:15:00,1778786100,42346.0,42353.0,42342.0,42353.0,21.0
2026-05-15 03:16:00,1778786160,42354.0,42358.0,42352.0,42352.0,16.0
2026-05-15 03:17:00,1778786220,42355.0,42355.0,42345.0,42347.0,16.0
2026-05-15 03:18:00,1778786280,42350.0,42350.0,42346.0,42346.0,2.0
2026-05-15 03:19:00,1778786340,42348.0,42350.0,42342.0,42342.0,16.0
2026-05-15 03:20:00,1778786400,42344.0,42352.0,42344.0,42348.0,29.0
2026-05-15 03:21:00,1778786460,42351.0,42355.0,42348.0,42348.0,28.0
2026-05-15 03:22:00,1778786520,42351.0,42370.0,42351.0,42367.0,85.0
2026-05-15 03:23:00,1778786580,42366.0,42368.0,42358.0,42358.0,16.0
2026-05-15 03:24:00,1778786640,42357.0,42358.0,42350.0,42353.0,15.0
2026-05-15 03:25:00,1778786700,42358.0,42358.0,42350.0,42355.0,14.0
2026-05-15 03:26:00,1778786760,42350.0,42355.0,42350.0,42355.0,22.0
2026-05-15 03:27:00,1778786820,42355.0,42356.0,42344.0,42346.0,35.0
2026-05-15 03:28:00,1778786880,42347.0,42350.0,42337.0,42339.0,47.0
2026-05-15 03:29:00,1778786940,42336.0,42343.0,42332.0,42340.0,38.0
2026-05-15 03:30:00,1778787000,42335.0,42356.0,42334.0,42356.0,26.0
2026-05-15 03:31:00,1778787060,42354.0,42361.0,42351.0,42358.0,21.0
2026-05-15 03:32:00,1778787120,42359.0,42364.0,42358.0,42360.0,15.0
2026-05-15 03:33:00,1778787180,42361.0,42370.0,42361.0,42363.0,50.0
2026-05-15 03:34:00,1778787240,42361.0,42361.0,42352.0,42353.0,17.0
2026-05-15 03:35:00,1778787300,42351.0,42355.0,42343.0,42345.0,23.0
2026-05-15 03:36:00,1778787360,42347.0,42350.0,42342.0,42347.0,16.0
2026-05-15 03:37:00,1778787420,42352.0,42352.0,42348.0,42352.0,9.0
2026-05-15 03:38:00,1778787480,42353.0,42353.0,42346.0,42346.0,2.0
2026-05-15 03:39:00,1778787540,42348.0,42352.0,42347.0,42347.0,23.0
2026-05-15 03:40:00,1778787600,42345.0,42363.0,42345.0,42363.0,13.0
2026-05-15 03:41:00,1778787660,42361.0,42363.0,42356.0,42358.0,8.0
2026-05-15 03:42:00,1778787720,42354.0,42363.0,42349.0,42356.0,21.0
2026-05-15 03:43:00,1778787780,42358.0,42358.0,42346.0,42346.0,39.0
2026-05-15 03:44:00,1778787840,42345.0,42352.0,42343.0,42351.0,10.0
2026-05-15 03:45:00,1778787900,42346.0,42348.0,42342.0,42343.0,38.0
2026-05-15 03:46:00,1778787960,42343.0,42349.0,42342.0,42347.0,23.0
2026-05-15 03:47:00,1778788020,42351.0,42351.0,42346.0,42346.0,5.0
2026-05-15 03:48:00,1778788080,42352.0,42358.0,42352.0,42358.0,14.0
2026-05-15 03:49:00,1778788140,42358.0,42361.0,42346.0,42348.0,18.0
2026-05-15 03:50:00,1778788200,42345.0,42352.0,42334.0,42341.0,73.0
2026-05-15 03:51:00,1778788260,42333.0,42339.0,42323.0,42332.0,50.0
2026-05-15 03:52:00,1778788320,42332.0,42337.0,42327.0,42337.0,38.0
2026-05-15 03:53:00,1778788380,42338.0,42348.0,42337.0,42346.0,31.0
2026-05-15 03:54:00,1778788440,42337.0,42340.0,42337.0,42340.0,11.0
2026-05-15 03:55:00,1778788500,42340.0,42340.0,42317.0,42321.0,85.0
2026-05-15 03:56:00,1778788560,42327.0,42327.0,42313.0,42319.0,38.0
2026-05-15 03:57:00,1778788620,42320.0,42329.0,42317.0,42326.0,41.0
2026-05-15 03:58:00,1778788680,42324.0,42328.0,42322.0,42326.0,12.0
2026-05-15 03:59:00,1778788740,42322.0,42331.0,42318.0,42329.0,38.0
2026-05-15 04:00:00,1778788800,42327.0,42331.0,42322.0,42325.0,52.0
2026-05-15 04:01:00,1778788860,42327.0,42343.0,42312.0,42325.0,274.0
2026-05-15 04:02:00,1778788920,42334.0,42344.0,42332.0,42344.0,18.0
2026-05-15 04:03:00,1778788980,42342.0,42344.0,42333.0,42336.0,27.0
2026-05-15 04:04:00,1778789040,42335.0,42342.0,42335.0,42342.0,6.0
2026-05-15 04:05:00,1778789100,42337.0,42346.0,42337.0,42346.0,10.0
2026-05-15 04:06:00,1778789160,42342.0,42342.0,42339.0,42339.0,4.0
2026-05-15 04:07:00,1778789220,42339.0,42346.0,42339.0,42343.0,12.0
2026-05-15 04:08:00,1778789280,42339.0,42342.0,42337.0,42342.0,10.0
2026-05-15 04:09:00,1778789340,42340.0,42343.0,42340.0,42342.0,14.0
2026-05-15 04:10:00,1778789400,42344.0,42345.0,42342.0,42343.0,10.0
2026-05-15 04:11:00,1778789460,42345.0,42346.0,42339.0,42339.0,12.0
2026-05-15 04:12:00,1778789520,42338.0,42338.0,42336.0,42336.0,9.0
2026-05-15 04:13:00,1778789580,42339.0,42340.0,42339.0,42340.0,2.0
2026-05-15 04:14:00,1778789640,42341.0,42341.0,42337.0,42340.0,20.0
2026-05-15 04:15:00,1778789700,42338.0,42341.0,42336.0,42339.0,21.0
2026-05-15 04:16:00,1778789760,42340.0,42340.0,42327.0,42327.0,35.0
2026-05-15 04:17:00,1778789820,42326.0,42335.0,42325.0,42335.0,8.0
2026-05-15 04:18:00,1778789880,42336.0,42337.0,42331.0,42331.0,33.0
2026-05-15 04:19:00,1778789940,42329.0,42329.0,42324.0,42324.0,12.0
2026-05-15 04:20:00,1778790000,42326.0,42337.0,42326.0,42337.0,29.0
2026-05-15 04:21:00,1778790060,42332.0,42333.0,42325.0,42325.0,12.0
2026-05-15 04:22:00,1778790120,42325.0,42326.0,42322.0,42323.0,13.0
2026-05-15 04:23:00,1778790180,42321.0,42326.0,42319.0,42326.0,18.0
2026-05-15 04:24:00,1778790240,42325.0,42330.0,42325.0,42329.0,7.0
2026-05-15 04:25:00,1778790300,42327.0,42327.0,42324.0,42324.0,8.0
2026-05-15 04:26:00,1778790360,42329.0,42329.0,42325.0,42329.0,12.0
2026-05-15 04:27:00,1778790420,42330.0,42330.0,42324.0,42324.0,11.0
2026-05-15 04:28:00,1778790480,42322.0,42322.0,42321.0,42321.0,6.0
2026-05-15 04:29:00,1778790540,42322.0,42325.0,42321.0,42325.0,6.0
2026-05-15 04:30:00,1778790600,42322.0,42323.0,42319.0,42320.0,22.0
2026-05-15 04:31:00,1778790660,42324.0,42329.0,42323.0,42329.0,10.0
2026-05-15 04:32:00,1778790720,42330.0,42332.0,42325.0,42325.0,11.0
2026-05-15 04:33:00,1778790780,42328.0,42332.0,42326.0,42331.0,27.0
2026-05-15 04:34:00,1778790840,42333.0,42333.0,42329.0,42330.0,5.0
2026-05-15 04:35:00,1778790900,42331.0,42333.0,42325.0,42330.0,23.0
2026-05-15 04:36:00,1778790960,42328.0,42329.0,42325.0,42328.0,11.0
2026-05-15 04:37:00,1778791020,42327.0,42328.0,42327.0,42328.0,6.0
2026-05-15 04:38:00,1778791080,42327.0,42327.0,42325.0,42327.0,25.0
2026-05-15 04:39:00,1778791140,42327.0,42336.0,42327.0,42336.0,12.0
2026-05-15 04:40:00,1778791200,42331.0,42335.0,42330.0,42334.0,16.0
2026-05-15 04:41:00,1778791260,42335.0,42340.0,42333.0,42340.0,16.0
2026-05-15 04:42:00,1778791320,42341.0,42343.0,42340.0,42343.0,13.0
2026-05-15 04:43:00,1778791380,42344.0,42345.0,42340.0,42343.0,26.0
2026-05-15 04:44:00,1778791440,42344.0,42344.0,42339.0,42339.0,17.0
2026-05-15 04:45:00,1778791500,42340.0,42340.0,42323.0,42329.0,68.0
2026-05-15 04:46:00,1778791560,42324.0,42332.0,42323.0,42331.0,19.0
2026-05-15 04:47:00,1778791620,42331.0,42334.0,42327.0,42328.0,13.0
2026-05-15 04:48:00,1778791680,42327.0,42336.0,42323.0,42323.0,53.0
2026-05-15 04:49:00,1778791740,42323.0,42323.0,42306.0,42319.0,172.0
2026-05-15 04:50:00,1778791800,42321.0,42321.0,42306.0,42310.0,80.0
2026-05-15 04:51:00,1778791860,42310.0,42310.0,42307.0,42309.0,21.0
2026-05-15 04:52:00,1778791920,42309.0,42314.0,42305.0,42314.0,40.0
2026-05-15 04:53:00,1778791980,42318.0,42320.0,42312.0,42314.0,33.0
2026-05-15 04:54:00,1778792040,42313.0,42320.0,42313.0,42318.0,18.0
2026-05-15 04:55:00,1778792100,42316.0,42328.0,42316.0,42325.0,27.0
2026-05-15 04:56:00,1778792160,42329.0,42334.0,42326.0,42334.0,42.0
2026-05-15 04:57:00,1778792220,42334.0,42344.0,42334.0,42344.0,38.0
2026-05-15 04:58:00,1778792280,42344.0,42349.0,42341.0,42347.0,38.0
2026-05-15 04:59:00,1778792340,42348.0,42365.0,42345.0,42362.0,141.0
2026-05-15 08:45:00,1778805900,42291.0,42294.0,42232.0,42263.0,2420.0
2026-05-15 08:46:00,1778805960,42267.0,42310.0,42256.0,42295.0,1163.0
2026-05-15 08:47:00,1778806020,42291.0,42342.0,42290.0,42327.0,977.0
2026-05-15 08:48:00,1778806080,42325.0,42364.0,42322.0,42352.0,736.0
2026-05-15 08:49:00,1778806140,42348.0,42354.0,42333.0,42341.0,433.0
2026-05-15 08:50:00,1778806200,42339.0,42353.0,42309.0,42311.0,509.0
2026-05-15 08:51:00,1778806260,42310.0,42328.0,42286.0,42293.0,571.0
2026-05-15 08:52:00,1778806320,42290.0,42320.0,42281.0,42318.0,500.0
2026-05-15 08:53:00,1778806380,42314.0,42345.0,42304.0,42342.0,351.0
2026-05-15 08:54:00,1778806440,42342.0,42350.0,42327.0,42330.0,411.0
2026-05-15 08:55:00,1778806500,42331.0,42345.0,42321.0,42331.0,345.0
2026-05-15 08:56:00,1778806560,42336.0,42353.0,42311.0,42320.0,359.0
2026-05-15 08:57:00,1778806620,42319.0,42334.0,42300.0,42304.0,332.0
2026-05-15 08:58:00,1778806680,42302.0,42317.0,42290.0,42298.0,369.0
2026-05-15 08:59:00,1778806740,42297.0,42320.0,42293.0,42296.0,302.0
2026-05-15 09:00:00,1778806800,42297.0,42392.0,42290.0,42387.0,2365.0
2026-05-15 09:01:00,1778806860,42386.0,42426.0,42372.0,42413.0,1756.0
2026-05-15 09:02:00,1778806920,42418.0,42453.0,42337.0,42373.0,1788.0
2026-05-15 09:03:00,1778806980,42370.0,42407.0,42345.0,42365.0,942.0
2026-05-15 09:04:00,1778807040,42369.0,42387.0,42282.0,42371.0,1242.0
2026-05-15 09:05:00,1778807100,42374.0,42424.0,42368.0,42385.0,1096.0
2026-05-15 09:06:00,1778807160,42384.0,42397.0,42331.0,42331.0,814.0
2026-05-15 09:07:00,1778807220,42332.0,42334.0,42260.0,42312.0,1691.0
2026-05-15 09:08:00,1778807280,42312.0,42347.0,42293.0,42336.0,708.0
2026-05-15 09:09:00,1778807340,42343.0,42347.0,42289.0,42298.0,528.0
2026-05-15 09:10:00,1778807400,42296.0,42333.0,42287.0,42313.0,453.0
2026-05-15 09:11:00,1778807460,42318.0,42342.0,42307.0,42311.0,462.0
2026-05-15 09:12:00,1778807520,42310.0,42318.0,42255.0,42273.0,1006.0
2026-05-15 09:13:00,1778807580,42271.0,42299.0,42248.0,42274.0,783.0
2026-05-15 09:14:00,1778807640,42273.0,42330.0,42256.0,42318.0,811.0
2026-05-15 09:15:00,1778807700,42314.0,42331.0,42286.0,42324.0,708.0
2026-05-15 09:16:00,1778807760,42322.0,42341.0,42294.0,42310.0,545.0
2026-05-15 09:17:00,1778807820,42310.0,42310.0,42271.0,42299.0,467.0
2026-05-15 09:18:00,1778807880,42296.0,42302.0,42238.0,42293.0,1196.0
2026-05-15 09:19:00,1778807940,42295.0,42304.0,42253.0,42281.0,510.0
2026-05-15 09:20:00,1778808000,42282.0,42283.0,42238.0,42241.0,709.0
2026-05-15 09:21:00,1778808060,42240.0,42243.0,42115.0,42142.0,3705.0
2026-05-15 09:22:00,1778808120,42138.0,42198.0,42085.0,42171.0,2286.0
2026-05-15 09:23:00,1778808180,42170.0,42203.0,42145.0,42203.0,812.0
2026-05-15 09:24:00,1778808240,42201.0,42245.0,42187.0,42197.0,990.0
2026-05-15 09:25:00,1778808300,42200.0,42209.0,42150.0,42195.0,902.0
2026-05-15 09:26:00,1778808360,42195.0,42211.0,42140.0,42174.0,587.0
2026-05-15 09:27:00,1778808420,42175.0,42175.0,42135.0,42161.0,578.0
2026-05-15 09:28:00,1778808480,42160.0,42161.0,42091.0,42108.0,909.0
2026-05-15 09:29:00,1778808540,42109.0,42114.0,42045.0,42082.0,1785.0
2026-05-15 09:30:00,1778808600,42078.0,42083.0,42004.0,42015.0,1915.0
2026-05-15 09:31:00,1778808660,42011.0,42024.0,41972.0,42021.0,1880.0
2026-05-15 09:32:00,1778808720,42022.0,42022.0,41950.0,41966.0,1263.0
2026-05-15 09:33:00,1778808780,41966.0,42017.0,41951.0,41999.0,1367.0
2026-05-15 09:34:00,1778808840,42004.0,42045.0,41985.0,42032.0,1339.0
2026-05-15 09:35:00,1778808900,42031.0,42061.0,42007.0,42036.0,1097.0
2026-05-15 09:36:00,1778808960,42037.0,42085.0,42033.0,42080.0,918.0
2026-05-15 09:37:00,1778809020,42074.0,42127.0,42065.0,42092.0,1215.0
2026-05-15 09:38:00,1778809080,42091.0,42128.0,42088.0,42104.0,630.0
2026-05-15 09:39:00,1778809140,42102.0,42119.0,42074.0,42079.0,480.0
2026-05-15 09:40:00,1778809200,42079.0,42135.0,42074.0,42107.0,720.0
2026-05-15 09:41:00,1778809260,42105.0,42107.0,42074.0,42082.0,433.0
2026-05-15 09:42:00,1778809320,42080.0,42113.0,42057.0,42057.0,632.0
2026-05-15 09:43:00,1778809380,42058.0,42069.0,42036.0,42067.0,675.0
2026-05-15 09:44:00,1778809440,42069.0,42103.0,42045.0,42102.0,443.0
2026-05-15 09:45:00,1778809500,42103.0,42121.0,42080.0,42102.0,916.0
2026-05-15 09:46:00,1778809560,42097.0,42097.0,41980.0,42001.0,1328.0
2026-05-15 09:47:00,1778809620,42002.0,42010.0,41910.0,41950.0,1878.0
2026-05-15 09:48:00,1778809680,41954.0,41965.0,41918.0,41944.0,814.0
2026-05-15 09:49:00,1778809740,41943.0,41960.0,41893.0,41939.0,1335.0
2026-05-15 09:50:00,1778809800,41938.0,41942.0,41869.0,41924.0,1540.0
2026-05-15 09:51:00,1778809860,41920.0,41956.0,41819.0,41857.0,1664.0
2026-05-15 09:52:00,1778809920,41857.0,41857.0,41785.0,41800.0,1475.0
2026-05-15 09:53:00,1778809980,41801.0,41842.0,41785.0,41841.0,936.0
2026-05-15 09:54:00,1778810040,41841.0,41873.0,41815.0,41842.0,932.0
2026-05-15 09:55:00,1778810100,41840.0,41875.0,41816.0,41824.0,940.0
2026-05-15 09:56:00,1778810160,41824.0,41838.0,41750.0,41781.0,1457.0
2026-05-15 09:57:00,1778810220,41777.0,41779.0,41688.0,41694.0,1812.0
2026-05-15 09:58:00,1778810280,41693.0,41725.0,41642.0,41685.0,1817.0
2026-05-15 09:59:00,1778810340,41687.0,41713.0,41658.0,41696.0,1063.0
2026-05-15 10:00:00,1778810400,41699.0,41770.0,41651.0,41764.0,1832.0
2026-05-15 10:01:00,1778810460,41760.0,41768.0,41721.0,41742.0,1098.0
2026-05-15 10:02:00,1778810520,41746.0,41746.0,41682.0,41728.0,792.0
2026-05-15 10:03:00,1778810580,41728.0,41765.0,41706.0,41725.0,711.0
2026-05-15 10:04:00,1778810640,41725.0,41754.0,41708.0,41743.0,376.0
2026-05-15 10:05:00,1778810700,41744.0,41753.0,41673.0,41716.0,811.0
2026-05-15 10:06:00,1778810760,41720.0,41728.0,41666.0,41675.0,748.0
2026-05-15 10:07:00,1778810820,41675.0,41704.0,41607.0,41701.0,1845.0
2026-05-15 10:08:00,1778810880,41700.0,41705.0,41608.0,41616.0,939.0
2026-05-15 10:09:00,1778810940,41617.0,41685.0,41604.0,41678.0,984.0
2026-05-15 10:10:00,1778811000,41683.0,41726.0,41622.0,41677.0,1000.0
2026-05-15 10:11:00,1778811060,41675.0,41750.0,41652.0,41737.0,1175.0
2026-05-15 10:12:00,1778811120,41735.0,41735.0,41657.0,41683.0,751.0
2026-05-15 10:13:00,1778811180,41679.0,41716.0,41645.0,41712.0,543.0
2026-05-15 10:14:00,1778811240,41715.0,41719.0,41677.0,41690.0,400.0
2026-05-15 10:15:00,1778811300,41687.0,41730.0,41663.0,41720.0,751.0
2026-05-15 10:16:00,1778811360,41720.0,41758.0,41695.0,41745.0,677.0
2026-05-15 10:17:00,1778811420,41747.0,41759.0,41668.0,41682.0,771.0
2026-05-15 10:18:00,1778811480,41681.0,41736.0,41678.0,41681.0,516.0
2026-05-15 10:19:00,1778811540,41685.0,41731.0,41675.0,41719.0,413.0
2026-05-15 10:20:00,1778811600,41718.0,41760.0,41696.0,41713.0,656.0
2026-05-15 10:21:00,1778811660,41713.0,41760.0,41706.0,41754.0,394.0
2026-05-15 10:22:00,1778811720,41753.0,41782.0,41736.0,41774.0,816.0
2026-05-15 10:23:00,1778811780,41772.0,41785.0,41741.0,41774.0,517.0
2026-05-15 10:24:00,1778811840,41774.0,41835.0,41761.0,41813.0,1113.0
2026-05-15 10:25:00,1778811900,41816.0,41847.0,41789.0,41817.0,870.0
2026-05-15 10:26:00,1778811960,41815.0,41835.0,41805.0,41815.0,420.0
2026-05-15 10:27:00,1778812020,41819.0,41819.0,41755.0,41759.0,625.0
2026-05-15 10:28:00,1778812080,41764.0,41768.0,41706.0,41706.0,747.0
2026-05-15 10:29:00,1778812140,41706.0,41727.0,41661.0,41689.0,732.0
2026-05-15 10:30:00,1778812200,41691.0,41719.0,41662.0,41706.0,594.0
2026-05-15 10:31:00,1778812260,41706.0,41730.0,41666.0,41681.0,434.0
2026-05-15 10:32:00,1778812320,41679.0,41697.0,41660.0,41680.0,504.0
2026-05-15 10:33:00,1778812380,41676.0,41691.0,41651.0,41666.0,417.0
2026-05-15 10:34:00,1778812440,41665.0,41718.0,41662.0,41701.0,396.0
2026-05-15 10:35:00,1778812500,41707.0,41734.0,41694.0,41707.0,473.0
2026-05-15 10:36:00,1778812560,41708.0,41725.0,41688.0,41718.0,206.0
2026-05-15 10:37:00,1778812620,41717.0,41721.0,41675.0,41692.0,340.0
2026-05-15 10:38:00,1778812680,41694.0,41697.0,41663.0,41678.0,264.0
2026-05-15 10:39:00,1778812740,41680.0,41682.0,41635.0,41652.0,607.0
2026-05-15 10:40:00,1778812800,41655.0,41678.0,41630.0,41675.0,542.0
2026-05-15 10:41:00,1778812860,41674.0,41707.0,41672.0,41698.0,431.0
2026-05-15 10:42:00,1778812920,41698.0,41733.0,41677.0,41730.0,513.0
2026-05-15 10:43:00,1778812980,41728.0,41777.0,41728.0,41776.0,724.0
2026-05-15 10:44:00,1778813040,41777.0,41833.0,41770.0,41795.0,1070.0
2026-05-15 10:45:00,1778813100,41793.0,41820.0,41788.0,41807.0,609.0
2026-05-15 10:46:00,1778813160,41810.0,41840.0,41802.0,41826.0,554.0
2026-05-15 10:47:00,1778813220,41821.0,41825.0,41780.0,41785.0,468.0
2026-05-15 10:48:00,1778813280,41784.0,41790.0,41681.0,41710.0,954.0
2026-05-15 10:49:00,1778813340,41711.0,41754.0,41709.0,41743.0,376.0
2026-05-15 10:50:00,1778813400,41745.0,41777.0,41740.0,41740.0,346.0
2026-05-15 10:51:00,1778813460,41739.0,41811.0,41724.0,41804.0,625.0
2026-05-15 10:52:00,1778813520,41802.0,41820.0,41769.0,41769.0,388.0
2026-05-15 10:53:00,1778813580,41769.0,41779.0,41752.0,41760.0,195.0
2026-05-15 10:54:00,1778813640,41761.0,41803.0,41759.0,41788.0,230.0
2026-05-15 10:55:00,1778813700,41791.0,41810.0,41769.0,41791.0,289.0
2026-05-15 10:56:00,1778813760,41796.0,41796.0,41728.0,41756.0,298.0
2026-05-15 10:57:00,1778813820,41760.0,41765.0,41740.0,41740.0,189.0
2026-05-15 10:58:00,1778813880,41742.0,41776.0,41718.0,41769.0,363.0
2026-05-15 10:59:00,1778813940,41771.0,41782.0,41743.0,41764.0,197.0
2026-05-15 11:00:00,1778814000,41770.0,41795.0,41767.0,41779.0,260.0
2026-05-15 11:01:00,1778814060,41782.0,41787.0,41757.0,41757.0,147.0
2026-05-15 11:02:00,1778814120,41756.0,41762.0,41723.0,41736.0,253.0
2026-05-15 11:03:00,1778814180,41732.0,41775.0,41732.0,41772.0,158.0
2026-05-15 11:04:00,1778814240,41775.0,41780.0,41747.0,41760.0,135.0
2026-05-15 11:05:00,1778814300,41756.0,41767.0,41735.0,41743.0,148.0
2026-05-15 11:06:00,1778814360,41739.0,41739.0,41699.0,41719.0,556.0
2026-05-15 11:07:00,1778814420,41719.0,41729.0,41690.0,41690.0,391.0
2026-05-15 11:08:00,1778814480,41693.0,41713.0,41683.0,41700.0,317.0
2026-05-15 11:09:00,1778814540,41698.0,41707.0,41663.0,41684.0,508.0
2026-05-15 11:10:00,1778814600,41684.0,41707.0,41670.0,41688.0,269.0
2026-05-15 11:11:00,1778814660,41684.0,41717.0,41684.0,41711.0,288.0
2026-05-15 11:12:00,1778814720,41707.0,41718.0,41693.0,41696.0,168.0
2026-05-15 11:13:00,1778814780,41700.0,41706.0,41654.0,41658.0,453.0
2026-05-15 11:14:00,1778814840,41658.0,41679.0,41646.0,41660.0,377.0
2026-05-15 11:15:00,1778814900,41660.0,41664.0,41644.0,41648.0,358.0
2026-05-15 11:16:00,1778814960,41650.0,41663.0,41628.0,41647.0,522.0
2026-05-15 11:17:00,1778815020,41645.0,41674.0,41635.0,41666.0,325.0
2026-05-15 11:18:00,1778815080,41664.0,41690.0,41646.0,41661.0,438.0
2026-05-15 11:19:00,1778815140,41660.0,41671.0,41586.0,41647.0,1501.0
2026-05-15 11:20:00,1778815200,41648.0,41648.0,41585.0,41585.0,657.0
2026-05-15 11:21:00,1778815260,41584.0,41592.0,41548.0,41574.0,1025.0
2026-05-15 11:22:00,1778815320,41571.0,41594.0,41550.0,41577.0,512.0
2026-05-15 11:23:00,1778815380,41579.0,41612.0,41574.0,41606.0,359.0
2026-05-15 11:24:00,1778815440,41610.0,41624.0,41590.0,41607.0,417.0
2026-05-15 11:25:00,1778815500,41605.0,41679.0,41602.0,41667.0,806.0
2026-05-15 11:26:00,1778815560,41668.0,41672.0,41628.0,41632.0,402.0
2026-05-15 11:27:00,1778815620,41632.0,41640.0,41616.0,41630.0,228.0
2026-05-15 11:28:00,1778815680,41630.0,41632.0,41596.0,41619.0,328.0
2026-05-15 11:29:00,1778815740,41620.0,41628.0,41610.0,41627.0,217.0
2026-05-15 11:30:00,1778815800,41623.0,41634.0,41584.0,41592.0,373.0
2026-05-15 11:31:00,1778815860,41593.0,41594.0,41540.0,41563.0,666.0
2026-05-15 11:32:00,1778815920,41560.0,41562.0,41529.0,41537.0,613.0
2026-05-15 11:33:00,1778815980,41536.0,41539.0,41506.0,41528.0,865.0
2026-05-15 11:34:00,1778816040,41526.0,41526.0,41505.0,41505.0,473.0
2026-05-15 11:35:00,1778816100,41507.0,41516.0,41457.0,41463.0,1544.0
2026-05-15 11:36:00,1778816160,41462.0,41493.0,41420.0,41493.0,1707.0
2026-05-15 11:37:00,1778816220,41495.0,41562.0,41490.0,41562.0,1483.0
2026-05-15 11:38:00,1778816280,41561.0,41626.0,41544.0,41596.0,1340.0
2026-05-15 11:39:00,1778816340,41595.0,41604.0,41577.0,41591.0,460.0
2026-05-15 11:40:00,1778816400,41595.0,41673.0,41595.0,41661.0,1169.0
2026-05-15 11:41:00,1778816460,41662.0,41683.0,41625.0,41630.0,817.0
2026-05-15 11:42:00,1778816520,41626.0,41646.0,41621.0,41639.0,312.0
2026-05-15 11:43:00,1778816580,41641.0,41659.0,41608.0,41613.0,377.0
2026-05-15 11:44:00,1778816640,41610.0,41638.0,41586.0,41629.0,437.0
2026-05-15 11:45:00,1778816700,41634.0,41650.0,41628.0,41647.0,384.0
2026-05-15 11:46:00,1778816760,41648.0,41660.0,41624.0,41635.0,304.0
2026-05-15 11:47:00,1778816820,41634.0,41661.0,41629.0,41647.0,278.0
2026-05-15 11:48:00,1778816880,41645.0,41688.0,41645.0,41680.0,599.0
2026-05-15 11:49:00,1778816940,41681.0,41698.0,41676.0,41695.0,429.0
2026-05-15 11:50:00,1778817000,41696.0,41696.0,41646.0,41655.0,396.0
2026-05-15 11:51:00,1778817060,41657.0,41670.0,41631.0,41641.0,361.0
2026-05-15 11:52:00,1778817120,41642.0,41646.0,41606.0,41618.0,335.0
2026-05-15 11:53:00,1778817180,41617.0,41637.0,41608.0,41629.0,211.0
2026-05-15 11:54:00,1778817240,41632.0,41641.0,41608.0,41621.0,170.0
2026-05-15 11:55:00,1778817300,41621.0,41642.0,41616.0,41624.0,178.0
2026-05-15 11:56:00,1778817360,41621.0,41636.0,41608.0,41635.0,216.0
2026-05-15 11:57:00,1778817420,41636.0,41653.0,41630.0,41638.0,255.0
2026-05-15 11:58:00,1778817480,41636.0,41641.0,41628.0,41634.0,66.0
2026-05-15 11:59:00,1778817540,41634.0,41646.0,41624.0,41630.0,123.0
2026-05-15 12:00:00,1778817600,41630.0,41632.0,41586.0,41607.0,473.0
2026-05-15 12:01:00,1778817660,41606.0,41616.0,41600.0,41609.0,120.0
2026-05-15 12:02:00,1778817720,41608.0,41610.0,41576.0,41587.0,258.0
2026-05-15 12:03:00,1778817780,41587.0,41612.0,41579.0,41609.0,226.0
2026-05-15 12:04:00,1778817840,41612.0,41634.0,41607.0,41629.0,244.0
2026-05-15 12:05:00,1778817900,41629.0,41644.0,41624.0,41643.0,253.0
2026-05-15 12:06:00,1778817960,41645.0,41655.0,41621.0,41642.0,348.0
2026-05-15 12:07:00,1778818020,41641.0,41655.0,41628.0,41630.0,184.0
2026-05-15 12:08:00,1778818080,41628.0,41645.0,41619.0,41630.0,174.0
2026-05-15 12:09:00,1778818140,41629.0,41629.0,41571.0,41597.0,480.0
2026-05-15 12:10:00,1778818200,41599.0,41599.0,41556.0,41578.0,424.0
2026-05-15 12:11:00,1778818260,41582.0,41588.0,41562.0,41572.0,211.0
2026-05-15 12:12:00,1778818320,41572.0,41577.0,41523.0,41534.0,509.0
2026-05-15 12:13:00,1778818380,41531.0,41584.0,41508.0,41583.0,505.0
2026-05-15 12:14:00,1778818440,41583.0,41606.0,41579.0,41595.0,357.0
2026-05-15 12:15:00,1778818500,41594.0,41621.0,41585.0,41621.0,280.0
2026-05-15 12:16:00,1778818560,41619.0,41623.0,41589.0,41592.0,278.0
2026-05-15 12:17:00,1778818620,41588.0,41590.0,41550.0,41560.0,265.0
2026-05-15 12:18:00,1778818680,41560.0,41560.0,41534.0,41554.0,210.0
2026-05-15 12:19:00,1778818740,41552.0,41557.0,41525.0,41536.0,280.0
2026-05-15 12:20:00,1778818800,41535.0,41546.0,41522.0,41543.0,330.0
2026-05-15 12:21:00,1778818860,41544.0,41544.0,41515.0,41521.0,218.0
2026-05-15 12:22:00,1778818920,41520.0,41536.0,41507.0,41532.0,263.0
2026-05-15 12:23:00,1778818980,41528.0,41543.0,41520.0,41533.0,241.0
2026-05-15 12:24:00,1778819040,41533.0,41545.0,41517.0,41544.0,150.0
2026-05-15 12:25:00,1778819100,41541.0,41560.0,41515.0,41516.0,332.0
2026-05-15 12:26:00,1778819160,41515.0,41524.0,41480.0,41506.0,741.0
2026-05-15 12:27:00,1778819220,41505.0,41513.0,41485.0,41489.0,237.0
2026-05-15 12:28:00,1778819280,41490.0,41493.0,41456.0,41487.0,665.0
2026-05-15 12:29:00,1778819340,41488.0,41514.0,41460.0,41465.0,442.0
2026-05-15 12:30:00,1778819400,41464.0,41475.0,41443.0,41470.0,633.0
2026-05-15 12:31:00,1778819460,41470.0,41471.0,41436.0,41443.0,438.0
2026-05-15 12:32:00,1778819520,41441.0,41450.0,41403.0,41444.0,1223.0
2026-05-15 12:33:00,1778819580,41441.0,41469.0,41438.0,41468.0,577.0
2026-05-15 12:34:00,1778819640,41464.0,41519.0,41461.0,41516.0,623.0
2026-05-15 12:35:00,1778819700,41516.0,41547.0,41482.0,41492.0,875.0
2026-05-15 12:36:00,1778819760,41493.0,41505.0,41439.0,41447.0,546.0
2026-05-15 12:37:00,1778819820,41452.0,41467.0,41431.0,41467.0,335.0
2026-05-15 12:38:00,1778819880,41467.0,41477.0,41451.0,41455.0,212.0
2026-05-15 12:39:00,1778819940,41456.0,41497.0,41441.0,41482.0,391.0
2026-05-15 12:40:00,1778820000,41488.0,41497.0,41477.0,41487.0,176.0
2026-05-15 12:41:00,1778820060,41488.0,41525.0,41462.0,41474.0,536.0
2026-05-15 12:42:00,1778820120,41470.0,41484.0,41455.0,41460.0,260.0
2026-05-15 12:43:00,1778820180,41458.0,41459.0,41421.0,41429.0,478.0
2026-05-15 12:44:00,1778820240,41429.0,41432.0,41400.0,41402.0,705.0
2026-05-15 12:45:00,1778820300,41401.0,41411.0,41353.0,41405.0,1551.0
2026-05-15 12:46:00,1778820360,41403.0,41405.0,41356.0,41360.0,484.0
2026-05-15 12:47:00,1778820420,41357.0,41360.0,41321.0,41330.0,1037.0
2026-05-15 12:48:00,1778820480,41327.0,41358.0,41315.0,41357.0,726.0
2026-05-15 12:49:00,1778820540,41356.0,41363.0,41308.0,41324.0,514.0
2026-05-15 12:50:00,1778820600,41325.0,41339.0,41311.0,41330.0,608.0
2026-05-15 12:51:00,1778820660,41329.0,41341.0,41306.0,41333.0,536.0
2026-05-15 12:52:00,1778820720,41338.0,41340.0,41291.0,41313.0,576.0
2026-05-15 12:53:00,1778820780,41314.0,41345.0,41307.0,41307.0,483.0
2026-05-15 12:54:00,1778820840,41307.0,41330.0,41287.0,41329.0,533.0
2026-05-15 12:55:00,1778820900,41326.0,41331.0,41296.0,41300.0,446.0
2026-05-15 12:56:00,1778820960,41302.0,41302.0,41254.0,41271.0,799.0
2026-05-15 12:57:00,1778821020,41272.0,41281.0,41245.0,41262.0,566.0
2026-05-15 12:58:00,1778821080,41263.0,41264.0,41226.0,41237.0,691.0
2026-05-15 12:59:00,1778821140,41231.0,41231.0,41195.0,41218.0,1046.0
2026-05-15 13:00:00,1778821200,41219.0,41228.0,41151.0,41156.0,1244.0
2026-05-15 13:01:00,1778821260,41159.0,41202.0,41117.0,41199.0,1409.0
2026-05-15 13:02:00,1778821320,41199.0,41216.0,41158.0,41187.0,1059.0
2026-05-15 13:03:00,1778821380,41185.0,41200.0,41138.0,41147.0,696.0
2026-05-15 13:04:00,1778821440,41143.0,41198.0,41119.0,41185.0,721.0
2026-05-15 13:05:00,1778821500,41186.0,41212.0,41131.0,41175.0,722.0
2026-05-15 13:06:00,1778821560,41173.0,41176.0,41117.0,41133.0,648.0
2026-05-15 13:07:00,1778821620,41132.0,41152.0,41077.0,41147.0,1152.0
2026-05-15 13:08:00,1778821680,41142.0,41168.0,41108.0,41145.0,610.0
2026-05-15 13:09:00,1778821740,41144.0,41188.0,41138.0,41179.0,710.0
2026-05-15 13:10:00,1778821800,41180.0,41206.0,41152.0,41186.0,872.0
2026-05-15 13:11:00,1778821860,41182.0,41200.0,41163.0,41177.0,423.0
2026-05-15 13:12:00,1778821920,41181.0,41182.0,41130.0,41161.0,581.0
2026-05-15 13:13:00,1778821980,41160.0,41179.0,41141.0,41160.0,398.0
2026-05-15 13:14:00,1778822040,41161.0,41193.0,41149.0,41182.0,367.0
2026-05-15 13:15:00,1778822100,41183.0,41200.0,41153.0,41184.0,561.0
2026-05-15 13:16:00,1778822160,41184.0,41186.0,41147.0,41167.0,317.0
2026-05-15 13:17:00,1778822220,41167.0,41176.0,41135.0,41152.0,495.0
2026-05-15 13:18:00,1778822280,41150.0,41154.0,41125.0,41132.0,311.0
2026-05-15 13:19:00,1778822340,41132.0,41168.0,41128.0,41162.0,256.0
2026-05-15 13:20:00,1778822400,41166.0,41188.0,41164.0,41184.0,390.0
2026-05-15 13:21:00,1778822460,41188.0,41195.0,41158.0,41158.0,432.0
2026-05-15 13:22:00,1778822520,41158.0,41167.0,41145.0,41161.0,328.0
2026-05-15 13:23:00,1778822580,41163.0,41166.0,41138.0,41142.0,302.0
2026-05-15 13:24:00,1778822640,41144.0,41148.0,41133.0,41139.0,197.0
2026-05-15 13:25:00,1778822700,41142.0,41167.0,41130.0,41162.0,371.0
2026-05-15 13:26:00,1778822760,41161.0,41172.0,41106.0,41155.0,684.0
2026-05-15 13:27:00,1778822820,41156.0,41186.0,41147.0,41182.0,397.0
2026-05-15 13:28:00,1778822880,41182.0,41195.0,41176.0,41185.0,387.0
2026-05-15 13:29:00,1778822940,41188.0,41210.0,41186.0,41200.0,704.0
2026-05-15 13:30:00,1778823000,41199.0,41205.0,41144.0,41159.0,848.0
2026-05-15 13:31:00,1778823060,41156.0,41168.0,41100.0,41100.0,1003.0
2026-05-15 13:32:00,1778823120,41103.0,41130.0,41092.0,41130.0,687.0
2026-05-15 13:33:00,1778823180,41129.0,41189.0,41125.0,41174.0,618.0
2026-05-15 13:34:00,1778823240,41175.0,41179.0,41092.0,41116.0,483.0
2026-05-15 13:35:00,1778823300,41113.0,41120.0,41099.0,41113.0,343.0
2026-05-15 13:36:00,1778823360,41114.0,41114.0,41080.0,41098.0,463.0
2026-05-15 13:37:00,1778823420,41100.0,41107.0,41036.0,41040.0,771.0
2026-05-15 13:38:00,1778823480,41040.0,41082.0,41029.0,41063.0,563.0
2026-05-15 13:39:00,1778823540,41063.0,41075.0,41047.0,41066.0,337.0
2026-05-15 13:40:00,1778823600,41066.0,41070.0,41043.0,41054.0,373.0
2026-05-15 13:41:00,1778823660,41052.0,41057.0,41032.0,41037.0,343.0
2026-05-15 13:42:00,1778823720,41037.0,41049.0,40977.0,40996.0,880.0
2026-05-15 13:43:00,1778823780,40994.0,41015.0,40990.0,41009.0,516.0
2026-05-15 13:44:00,1778823840,41006.0,41012.0,40990.0,41003.0,682.0
2026-05-15 13:45:00,1778823900,41001.0,41001.0,41001.0,41001.0,1.0
2026-05-15 15:00:00,1778828400,41150.0,41185.0,41140.0,41176.0,1388.0
2026-05-15 15:01:00,1778828460,41174.0,41207.0,41172.0,41176.0,844.0
2026-05-15 15:02:00,1778828520,41175.0,41184.0,41164.0,41173.0,275.0
2026-05-15 15:03:00,1778828580,41171.0,41174.0,41148.0,41150.0,198.0
2026-05-15 15:04:00,1778828640,41152.0,41154.0,41104.0,41125.0,440.0
2026-05-15 15:05:00,1778828700,41129.0,41176.0,41126.0,41175.0,334.0
2026-05-15 15:06:00,1778828760,41174.0,41176.0,41137.0,41150.0,200.0
2026-05-15 15:07:00,1778828820,41150.0,41170.0,41150.0,41155.0,144.0
2026-05-15 15:08:00,1778828880,41153.0,41160.0,41136.0,41139.0,188.0
2026-05-15 15:09:00,1778828940,41140.0,41158.0,41140.0,41156.0,102.0
2026-05-15 15:10:00,1778829000,41153.0,41185.0,41150.0,41175.0,222.0
2026-05-15 15:11:00,1778829060,41175.0,41183.0,41173.0,41174.0,91.0
2026-05-15 15:12:00,1778829120,41177.0,41178.0,41163.0,41166.0,112.0
2026-05-15 15:13:00,1778829180,41165.0,41183.0,41164.0,41177.0,110.0
2026-05-15 15:14:00,1778829240,41179.0,41197.0,41173.0,41195.0,271.0
2026-05-15 15:15:00,1778829300,41196.0,41213.0,41194.0,41198.0,450.0
2026-05-15 15:16:00,1778829360,41200.0,41213.0,41196.0,41212.0,223.0
2026-05-15 15:17:00,1778829420,41213.0,41220.0,41191.0,41191.0,239.0
2026-05-15 15:18:00,1778829480,41190.0,41211.0,41183.0,41197.0,139.0
2026-05-15 15:19:00,1778829540,41199.0,41200.0,41188.0,41197.0,101.0
2026-05-15 15:20:00,1778829600,41199.0,41223.0,41198.0,41204.0,267.0
2026-05-15 15:21:00,1778829660,41204.0,41211.0,41197.0,41200.0,127.0
2026-05-15 15:22:00,1778829720,41198.0,41200.0,41188.0,41197.0,103.0
2026-05-15 15:23:00,1778829780,41197.0,41201.0,41166.0,41172.0,220.0
2026-05-15 15:24:00,1778829840,41173.0,41173.0,41151.0,41152.0,222.0
2026-05-15 15:25:00,1778829900,41153.0,41158.0,41125.0,41130.0,301.0
2026-05-15 15:26:00,1778829960,41128.0,41138.0,41125.0,41129.0,143.0
2026-05-15 15:27:00,1778830020,41133.0,41153.0,41132.0,41150.0,141.0
2026-05-15 15:28:00,1778830080,41150.0,41158.0,41142.0,41144.0,101.0
2026-05-15 15:29:00,1778830140,41145.0,41154.0,41142.0,41153.0,64.0
2026-05-15 15:30:00,1778830200,41154.0,41160.0,41142.0,41143.0,115.0
2026-05-15 15:31:00,1778830260,41145.0,41150.0,41137.0,41141.0,104.0
2026-05-15 15:32:00,1778830320,41142.0,41143.0,41117.0,41118.0,177.0
2026-05-15 15:33:00,1778830380,41117.0,41120.0,41084.0,41085.0,430.0
2026-05-15 15:34:00,1778830440,41085.0,41089.0,41056.0,41059.0,340.0
2026-05-15 15:35:00,1778830500,41061.0,41074.0,41056.0,41063.0,171.0
2026-05-15 15:36:00,1778830560,41061.0,41062.0,41023.0,41037.0,386.0
2026-05-15 15:37:00,1778830620,41038.0,41055.0,41028.0,41055.0,174.0
2026-05-15 15:38:00,1778830680,41055.0,41055.0,41032.0,41042.0,115.0
2026-05-15 15:39:00,1778830740,41042.0,41042.0,41017.0,41030.0,225.0
2026-05-15 15:40:00,1778830800,41027.0,41031.0,41010.0,41025.0,203.0
2026-05-15 15:41:00,1778830860,41024.0,41024.0,40991.0,41008.0,438.0
2026-05-15 15:42:00,1778830920,41007.0,41009.0,40992.0,41001.0,283.0
2026-05-15 15:43:00,1778830980,41001.0,41023.0,40986.0,41018.0,249.0
2026-05-15 15:44:00,1778831040,41014.0,41016.0,40993.0,41004.0,104.0
2026-05-15 15:45:00,1778831100,41001.0,41008.0,40983.0,41008.0,277.0
2026-05-15 15:46:00,1778831160,41006.0,41006.0,40995.0,41000.0,113.0
2026-05-15 15:47:00,1778831220,41000.0,41014.0,40985.0,41009.0,179.0
2026-05-15 15:48:00,1778831280,41010.0,41010.0,40991.0,41001.0,87.0
2026-05-15 15:49:00,1778831340,41001.0,41010.0,40997.0,41008.0,73.0
2026-05-15 15:50:00,1778831400,41008.0,41009.0,40983.0,40990.0,160.0
2026-05-15 15:51:00,1778831460,40987.0,40987.0,40931.0,40946.0,950.0
2026-05-15 15:52:00,1778831520,40945.0,40947.0,40913.0,40940.0,494.0
2026-05-15 15:53:00,1778831580,40944.0,40963.0,40935.0,40952.0,278.0
2026-05-15 15:54:00,1778831640,40955.0,40956.0,40940.0,40944.0,117.0
2026-05-15 15:55:00,1778831700,40945.0,40953.0,40930.0,40951.0,153.0
2026-05-15 15:56:00,1778831760,40951.0,40951.0,40936.0,40938.0,91.0
2026-05-15 15:57:00,1778831820,40939.0,40944.0,40919.0,40932.0,185.0
2026-05-15 15:58:00,1778831880,40932.0,40939.0,40912.0,40912.0,180.0
2026-05-15 15:59:00,1778831940,40912.0,40916.0,40839.0,40861.0,954.0
2026-05-15 16:00:00,1778832000,40862.0,40874.0,40810.0,40826.0,908.0
2026-05-15 16:01:00,1778832060,40825.0,40831.0,40793.0,40807.0,715.0
2026-05-15 16:02:00,1778832120,40806.0,40807.0,40779.0,40784.0,490.0
2026-05-15 16:03:00,1778832180,40783.0,40811.0,40780.0,40811.0,443.0
2026-05-15 16:04:00,1778832240,40813.0,40819.0,40770.0,40794.0,475.0
2026-05-15 16:05:00,1778832300,40789.0,40819.0,40777.0,40819.0,244.0
2026-05-15 16:06:00,1778832360,40815.0,40852.0,40808.0,40850.0,535.0
2026-05-15 16:07:00,1778832420,40849.0,40865.0,40818.0,40864.0,383.0
2026-05-15 16:08:00,1778832480,40863.0,40864.0,40821.0,40824.0,295.0
2026-05-15 16:09:00,1778832540,40822.0,40854.0,40818.0,40852.0,254.0
2026-05-15 16:10:00,1778832600,40854.0,40867.0,40834.0,40844.0,218.0
2026-05-15 16:11:00,1778832660,40843.0,40850.0,40832.0,40848.0,130.0
2026-05-15 16:12:00,1778832720,40848.0,40849.0,40828.0,40839.0,118.0
2026-05-15 16:13:00,1778832780,40837.0,40852.0,40821.0,40852.0,154.0
2026-05-15 16:14:00,1778832840,40848.0,40850.0,40825.0,40842.0,106.0
2026-05-15 16:15:00,1778832900,40839.0,40839.0,40821.0,40826.0,133.0
2026-05-15 16:16:00,1778832960,40824.0,40824.0,40784.0,40785.0,420.0
2026-05-15 16:17:00,1778833020,40785.0,40788.0,40712.0,40742.0,1280.0
2026-05-15 16:18:00,1778833080,40743.0,40752.0,40712.0,40740.0,587.0
2026-05-15 16:19:00,1778833140,40739.0,40751.0,40735.0,40740.0,271.0
2026-05-15 16:20:00,1778833200,40736.0,40758.0,40721.0,40748.0,400.0
2026-05-15 16:21:00,1778833260,40746.0,40747.0,40732.0,40744.0,165.0
2026-05-15 16:22:00,1778833320,40742.0,40758.0,40731.0,40758.0,172.0
2026-05-15 16:23:00,1778833380,40758.0,40758.0,40735.0,40739.0,170.0
2026-05-15 16:24:00,1778833440,40741.0,40765.0,40738.0,40762.0,174.0
2026-05-15 16:25:00,1778833500,40760.0,40775.0,40751.0,40769.0,252.0
2026-05-15 16:26:00,1778833560,40769.0,40772.0,40710.0,40710.0,342.0
2026-05-15 16:27:00,1778833620,40712.0,40717.0,40685.0,40699.0,531.0
2026-05-15 16:28:00,1778833680,40701.0,40702.0,40659.0,40688.0,689.0
2026-05-15 16:29:00,1778833740,40689.0,40690.0,40640.0,40650.0,682.0
2026-05-15 16:30:00,1778833800,40648.0,40656.0,40603.0,40616.0,812.0
2026-05-15 16:31:00,1778833860,40615.0,40643.0,40602.0,40643.0,583.0
2026-05-15 16:32:00,1778833920,40639.0,40650.0,40628.0,40628.0,285.0
2026-05-15 16:33:00,1778833980,40627.0,40632.0,40602.0,40631.0,353.0
2026-05-15 16:34:00,1778834040,40633.0,40645.0,40628.0,40642.0,339.0
2026-05-15 16:35:00,1778834100,40639.0,40651.0,40626.0,40634.0,266.0
2026-05-15 16:36:00,1778834160,40637.0,40675.0,40620.0,40675.0,289.0
2026-05-15 16:37:00,1778834220,40675.0,40680.0,40656.0,40660.0,383.0
2026-05-15 16:38:00,1778834280,40662.0,40682.0,40660.0,40676.0,182.0
2026-05-15 16:39:00,1778834340,40676.0,40718.0,40676.0,40715.0,416.0
2026-05-15 16:40:00,1778834400,40714.0,40739.0,40713.0,40730.0,425.0
2026-05-15 16:41:00,1778834460,40730.0,40752.0,40729.0,40749.0,341.0
2026-05-15 16:42:00,1778834520,40749.0,40766.0,40737.0,40753.0,313.0
2026-05-15 16:43:00,1778834580,40757.0,40787.0,40756.0,40779.0,423.0
2026-05-15 16:44:00,1778834640,40778.0,40788.0,40775.0,40781.0,193.0
2026-05-15 16:45:00,1778834700,40784.0,40810.0,40776.0,40786.0,583.0
2026-05-15 16:46:00,1778834760,40786.0,40799.0,40765.0,40765.0,303.0
2026-05-15 16:47:00,1778834820,40763.0,40810.0,40762.0,40800.0,365.0
2026-05-15 16:48:00,1778834880,40801.0,40824.0,40789.0,40790.0,297.0
2026-05-15 16:49:00,1778834940,40791.0,40795.0,40770.0,40770.0,182.0
2026-05-15 16:50:00,1778835000,40773.0,40778.0,40757.0,40761.0,227.0
2026-05-15 16:51:00,1778835060,40762.0,40765.0,40721.0,40721.0,352.0
2026-05-15 16:52:00,1778835120,40720.0,40730.0,40700.0,40704.0,350.0
2026-05-15 16:53:00,1778835180,40702.0,40718.0,40700.0,40714.0,200.0
2026-05-15 16:54:00,1778835240,40714.0,40724.0,40710.0,40710.0,134.0
2026-05-15 16:55:00,1778835300,40710.0,40713.0,40687.0,40703.0,292.0
2026-05-15 16:56:00,1778835360,40705.0,40738.0,40701.0,40732.0,220.0
2026-05-15 16:57:00,1778835420,40733.0,40744.0,40730.0,40738.0,165.0
2026-05-15 16:58:00,1778835480,40739.0,40740.0,40709.0,40715.0,146.0
2026-05-15 16:59:00,1778835540,40716.0,40725.0,40708.0,40725.0,100.0
2026-05-15 17:00:00,1778835600,40727.0,40741.0,40692.0,40692.0,275.0
2026-05-15 17:01:00,1778835660,40692.0,40705.0,40675.0,40678.0,206.0
2026-05-15 17:02:00,1778835720,40678.0,40690.0,40669.0,40682.0,244.0
2026-05-15 17:03:00,1778835780,40686.0,40708.0,40681.0,40703.0,135.0
2026-05-15 17:04:00,1778835840,40708.0,40718.0,40697.0,40715.0,130.0
2026-05-15 17:05:00,1778835900,40715.0,40748.0,40714.0,40740.0,233.0
2026-05-15 17:06:00,1778835960,40741.0,40743.0,40699.0,40707.0,177.0
2026-05-15 17:07:00,1778836020,40708.0,40710.0,40692.0,40706.0,119.0
2026-05-15 17:08:00,1778836080,40708.0,40726.0,40694.0,40726.0,108.0
2026-05-15 17:09:00,1778836140,40727.0,40731.0,40711.0,40731.0,102.0
2026-05-15 17:10:00,1778836200,40731.0,40734.0,40705.0,40721.0,96.0
2026-05-15 17:11:00,1778836260,40720.0,40741.0,40720.0,40727.0,115.0
2026-05-15 17:12:00,1778836320,40725.0,40726.0,40703.0,40715.0,103.0
2026-05-15 17:13:00,1778836380,40712.0,40713.0,40701.0,40706.0,66.0
2026-05-15 17:14:00,1778836440,40708.0,40708.0,40683.0,40701.0,195.0
2026-05-15 17:15:00,1778836500,40701.0,40703.0,40672.0,40677.0,174.0
2026-05-15 17:16:00,1778836560,40672.0,40676.0,40638.0,40648.0,392.0
2026-05-15 17:17:00,1778836620,40649.0,40665.0,40640.0,40650.0,225.0
2026-05-15 17:18:00,1778836680,40647.0,40656.0,40629.0,40656.0,258.0
2026-05-15 17:19:00,1778836740,40655.0,40655.0,40621.0,40630.0,192.0
2026-05-15 17:20:00,1778836800,40630.0,40636.0,40615.0,40627.0,200.0
2026-05-15 17:21:00,1778836860,40630.0,40651.0,40626.0,40626.0,201.0
2026-05-15 17:22:00,1778836920,40625.0,40658.0,40577.0,40653.0,981.0
2026-05-15 17:23:00,1778836980,40652.0,40653.0,40630.0,40650.0,275.0
2026-05-15 17:24:00,1778837040,40648.0,40660.0,40636.0,40660.0,207.0
2026-05-15 17:25:00,1778837100,40661.0,40667.0,40623.0,40625.0,215.0
2026-05-15 17:26:00,1778837160,40623.0,40633.0,40588.0,40625.0,315.0
2026-05-15 17:27:00,1778837220,40623.0,40640.0,40611.0,40638.0,151.0
2026-05-15 17:28:00,1778837280,40640.0,40671.0,40634.0,40652.0,258.0
2026-05-15 17:29:00,1778837340,40653.0,40695.0,40650.0,40693.0,354.0
2026-05-15 17:30:00,1778837400,40689.0,40716.0,40683.0,40686.0,343.0
2026-05-15 17:31:00,1778837460,40691.0,40700.0,40676.0,40679.0,179.0
2026-05-15 17:32:00,1778837520,40675.0,40705.0,40675.0,40701.0,169.0
2026-05-15 17:33:00,1778837580,40702.0,40710.0,40695.0,40698.0,159.0
2026-05-15 17:34:00,1778837640,40700.0,40701.0,40673.0,40700.0,192.0
2026-05-15 17:35:00,1778837700,40700.0,40712.0,40685.0,40704.0,144.0
2026-05-15 17:36:00,1778837760,40707.0,40745.0,40707.0,40728.0,333.0
2026-05-15 17:37:00,1778837820,40725.0,40741.0,40720.0,40731.0,200.0
2026-05-15 17:38:00,1778837880,40730.0,40736.0,40717.0,40729.0,127.0
2026-05-15 17:39:00,1778837940,40729.0,40750.0,40719.0,40732.0,208.0
2026-05-15 17:40:00,1778838000,40734.0,40743.0,40728.0,40730.0,135.0
2026-05-15 17:41:00,1778838060,40730.0,40730.0,40706.0,40712.0,133.0
2026-05-15 17:42:00,1778838120,40711.0,40718.0,40688.0,40701.0,171.0
2026-05-15 17:43:00,1778838180,40703.0,40705.0,40681.0,40686.0,135.0
2026-05-15 17:44:00,1778838240,40688.0,40689.0,40661.0,40685.0,193.0
2026-05-15 17:45:00,1778838300,40681.0,40682.0,40662.0,40672.0,119.0
2026-05-15 17:46:00,1778838360,40671.0,40673.0,40644.0,40653.0,257.0
2026-05-15 17:47:00,1778838420,40652.0,40662.0,40638.0,40653.0,181.0
2026-05-15 17:48:00,1778838480,40655.0,40660.0,40641.0,40650.0,76.0
2026-05-15 17:49:00,1778838540,40646.0,40669.0,40629.0,40669.0,201.0
2026-05-15 17:50:00,1778838600,40668.0,40668.0,40615.0,40634.0,255.0
2026-05-15 17:51:00,1778838660,40635.0,40635.0,40604.0,40620.0,243.0
2026-05-15 17:52:00,1778838720,40617.0,40629.0,40596.0,40627.0,257.0
2026-05-15 17:53:00,1778838780,40629.0,40633.0,40616.0,40627.0,173.0
2026-05-15 17:54:00,1778838840,40629.0,40645.0,40621.0,40645.0,170.0
2026-05-15 17:55:00,1778838900,40646.0,40660.0,40618.0,40653.0,306.0
2026-05-15 17:56:00,1778838960,40656.0,40696.0,40656.0,40683.0,306.0
2026-05-15 17:57:00,1778839020,40680.0,40692.0,40654.0,40661.0,148.0
2026-05-15 17:58:00,1778839080,40667.0,40670.0,40647.0,40651.0,78.0
2026-05-15 17:59:00,1778839140,40652.0,40656.0,40634.0,40641.0,103.0
2026-05-15 18:00:00,1778839200,40643.0,40664.0,40641.0,40655.0,156.0
2026-05-15 18:01:00,1778839260,40656.0,40674.0,40646.0,40661.0,137.0
2026-05-15 18:02:00,1778839320,40658.0,40664.0,40656.0,40661.0,52.0
2026-05-15 18:03:00,1778839380,40660.0,40663.0,40630.0,40633.0,117.0
2026-05-15 18:04:00,1778839440,40638.0,40638.0,40612.0,40624.0,197.0
2026-05-15 18:05:00,1778839500,40620.0,40666.0,40610.0,40661.0,136.0
2026-05-15 18:06:00,1778839560,40660.0,40693.0,40658.0,40689.0,252.0
2026-05-15 18:07:00,1778839620,40690.0,40716.0,40690.0,40699.0,305.0
2026-05-15 18:08:00,1778839680,40700.0,40716.0,40699.0,40710.0,127.0
2026-05-15 18:09:00,1778839740,40710.0,40716.0,40694.0,40714.0,108.0
2026-05-15 18:10:00,1778839800,40715.0,40745.0,40715.0,40742.0,304.0
2026-05-15 18:11:00,1778839860,40742.0,40787.0,40740.0,40765.0,721.0
2026-05-15 18:12:00,1778839920,40764.0,40794.0,40764.0,40790.0,249.0
2026-05-15 18:13:00,1778839980,40789.0,40798.0,40780.0,40785.0,211.0
2026-05-15 18:14:00,1778840040,40788.0,40815.0,40788.0,40797.0,382.0
2026-05-15 18:15:00,1778840100,40797.0,40805.0,40784.0,40794.0,191.0
2026-05-15 18:16:00,1778840160,40797.0,40799.0,40783.0,40784.0,168.0
2026-05-15 18:17:00,1778840220,40783.0,40828.0,40781.0,40823.0,465.0
2026-05-15 18:18:00,1778840280,40822.0,40827.0,40790.0,40797.0,201.0
2026-05-15 18:19:00,1778840340,40798.0,40818.0,40793.0,40797.0,129.0
2026-05-15 18:20:00,1778840400,40798.0,40825.0,40797.0,40816.0,184.0
2026-05-15 18:21:00,1778840460,40820.0,40846.0,40808.0,40818.0,365.0
2026-05-15 18:22:00,1778840520,40816.0,40833.0,40813.0,40820.0,142.0
2026-05-15 18:23:00,1778840580,40821.0,40866.0,40821.0,40866.0,347.0
2026-05-15 18:24:00,1778840640,40862.0,40870.0,40850.0,40857.0,379.0
2026-05-15 18:25:00,1778840700,40857.0,40881.0,40857.0,40860.0,312.0
2026-05-15 18:26:00,1778840760,40860.0,40863.0,40831.0,40836.0,225.0
2026-05-15 18:27:00,1778840820,40835.0,40837.0,40803.0,40806.0,234.0
2026-05-15 18:28:00,1778840880,40805.0,40806.0,40796.0,40799.0,238.0
2026-05-15 18:29:00,1778840940,40799.0,40805.0,40796.0,40802.0,88.0
2026-05-15 18:30:00,1778841000,40803.0,40822.0,40795.0,40821.0,192.0
2026-05-15 18:31:00,1778841060,40821.0,40827.0,40811.0,40826.0,118.0
2026-05-15 18:32:00,1778841120,40826.0,40847.0,40821.0,40845.0,185.0
2026-05-15 18:33:00,1778841180,40846.0,40879.0,40846.0,40874.0,228.0
2026-05-15 18:34:00,1778841240,40873.0,40875.0,40858.0,40867.0,163.0
2026-05-15 18:35:00,1778841300,40867.0,40890.0,40863.0,40863.0,302.0
2026-05-15 18:36:00,1778841360,40866.0,40869.0,40845.0,40846.0,198.0
2026-05-15 18:37:00,1778841420,40847.0,40856.0,40805.0,40813.0,277.0
2026-05-15 18:38:00,1778841480,40813.0,40826.0,40808.0,40808.0,168.0
2026-05-15 18:39:00,1778841540,40808.0,40813.0,40785.0,40789.0,300.0
2026-05-15 18:40:00,1778841600,40788.0,40788.0,40767.0,40771.0,252.0
2026-05-15 18:41:00,1778841660,40768.0,40770.0,40746.0,40762.0,341.0
2026-05-15 18:42:00,1778841720,40764.0,40784.0,40761.0,40781.0,160.0
2026-05-15 18:43:00,1778841780,40785.0,40796.0,40775.0,40784.0,136.0
2026-05-15 18:44:00,1778841840,40780.0,40815.0,40764.0,40815.0,284.0
2026-05-15 18:45:00,1778841900,40813.0,40863.0,40806.0,40857.0,424.0
2026-05-15 18:46:00,1778841960,40855.0,40895.0,40837.0,40845.0,545.0
2026-05-15 18:47:00,1778842020,40850.0,40910.0,40848.0,40899.0,475.0
2026-05-15 18:48:00,1778842080,40903.0,40928.0,40891.0,40901.0,594.0
2026-05-15 18:49:00,1778842140,40901.0,40918.0,40878.0,40880.0,379.0
2026-05-15 18:50:00,1778842200,40878.0,40898.0,40860.0,40894.0,313.0
2026-05-15 18:51:00,1778842260,40896.0,40968.0,40892.0,40951.0,834.0
2026-05-15 18:52:00,1778842320,40952.0,40973.0,40940.0,40942.0,413.0
2026-05-15 18:53:00,1778842380,40944.0,40959.0,40941.0,40943.0,222.0
2026-05-15 18:54:00,1778842440,40941.0,40966.0,40936.0,40956.0,278.0
2026-05-15 18:55:00,1778842500,40960.0,40973.0,40946.0,40950.0,328.0
2026-05-15 18:56:00,1778842560,40950.0,40955.0,40941.0,40946.0,155.0
2026-05-15 18:57:00,1778842620,40945.0,40970.0,40929.0,40952.0,309.0
2026-05-15 18:58:00,1778842680,40957.0,40966.0,40948.0,40950.0,115.0
2026-05-15 18:59:00,1778842740,40951.0,40955.0,40930.0,40933.0,195.0
2026-05-15 19:00:00,1778842800,40933.0,40977.0,40933.0,40963.0,344.0
2026-05-15 19:01:00,1778842860,40965.0,40973.0,40957.0,40959.0,137.0
2026-05-15 19:02:00,1778842920,40958.0,40963.0,40918.0,40943.0,290.0
2026-05-15 19:03:00,1778842980,40940.0,40940.0,40922.0,40930.0,155.0
2026-05-15 19:04:00,1778843040,40928.0,40928.0,40895.0,40896.0,318.0
2026-05-15 19:05:00,1778843100,40895.0,40923.0,40892.0,40923.0,149.0
2026-05-15 19:06:00,1778843160,40926.0,40943.0,40920.0,40928.0,162.0
2026-05-15 19:07:00,1778843220,40925.0,40930.0,40911.0,40913.0,106.0
2026-05-15 19:08:00,1778843280,40913.0,40915.0,40897.0,40908.0,161.0
2026-05-15 19:09:00,1778843340,40911.0,40911.0,40898.0,40899.0,77.0
2026-05-15 19:10:00,1778843400,40899.0,40911.0,40882.0,40898.0,206.0
2026-05-15 19:11:00,1778843460,40904.0,40924.0,40902.0,40924.0,102.0
2026-05-15 19:12:00,1778843520,40924.0,40933.0,40893.0,40903.0,227.0
2026-05-15 19:13:00,1778843580,40901.0,40903.0,40895.0,40900.0,77.0
2026-05-15 19:14:00,1778843640,40898.0,40920.0,40890.0,40920.0,103.0
2026-05-15 19:15:00,1778843700,40918.0,40924.0,40909.0,40923.0,89.0
2026-05-15 19:16:00,1778843760,40921.0,40932.0,40895.0,40898.0,156.0
2026-05-15 19:17:00,1778843820,40898.0,40901.0,40891.0,40894.0,102.0
2026-05-15 19:18:00,1778843880,40897.0,40899.0,40885.0,40889.0,133.0
2026-05-15 19:19:00,1778843940,40888.0,40898.0,40883.0,40884.0,103.0
2026-05-15 19:20:00,1778844000,40885.0,40895.0,40880.0,40888.0,112.0
2026-05-15 19:21:00,1778844060,40886.0,40890.0,40859.0,40864.0,255.0
2026-05-15 19:22:00,1778844120,40865.0,40865.0,40839.0,40849.0,403.0
2026-05-15 19:23:00,1778844180,40846.0,40851.0,40837.0,40839.0,169.0
2026-05-15 19:24:00,1778844240,40836.0,40847.0,40833.0,40838.0,154.0
2026-05-15 19:25:00,1778844300,40833.0,40833.0,40808.0,40812.0,256.0
2026-05-15 19:26:00,1778844360,40815.0,40822.0,40796.0,40822.0,330.0
2026-05-15 19:27:00,1778844420,40821.0,40828.0,40809.0,40826.0,146.0
2026-05-15 19:28:00,1778844480,40826.0,40843.0,40821.0,40842.0,198.0
2026-05-15 19:29:00,1778844540,40841.0,40844.0,40825.0,40827.0,145.0
2026-05-15 19:30:00,1778844600,40827.0,40834.0,40818.0,40826.0,124.0
2026-05-15 19:31:00,1778844660,40827.0,40836.0,40824.0,40834.0,55.0
2026-05-15 19:32:00,1778844720,40835.0,40837.0,40791.0,40797.0,284.0
2026-05-15 19:33:00,1778844780,40796.0,40806.0,40788.0,40789.0,169.0
2026-05-15 19:34:00,1778844840,40788.0,40793.0,40756.0,40772.0,477.0
2026-05-15 19:35:00,1778844900,40773.0,40795.0,40763.0,40795.0,167.0
2026-05-15 19:36:00,1778844960,40792.0,40794.0,40778.0,40781.0,121.0
2026-05-15 19:37:00,1778845020,40778.0,40782.0,40773.0,40778.0,91.0
2026-05-15 19:38:00,1778845080,40778.0,40778.0,40757.0,40764.0,130.0
2026-05-15 19:39:00,1778845140,40764.0,40764.0,40730.0,40736.0,367.0
2026-05-15 19:40:00,1778845200,40738.0,40738.0,40713.0,40717.0,282.0
2026-05-15 19:41:00,1778845260,40716.0,40716.0,40704.0,40708.0,218.0
2026-05-15 19:42:00,1778845320,40706.0,40718.0,40690.0,40718.0,308.0
2026-05-15 19:43:00,1778845380,40718.0,40732.0,40711.0,40729.0,185.0
2026-05-15 19:44:00,1778845440,40728.0,40731.0,40712.0,40712.0,155.0
2026-05-15 19:45:00,1778845500,40712.0,40740.0,40712.0,40735.0,169.0
2026-05-15 19:46:00,1778845560,40736.0,40766.0,40735.0,40764.0,227.0
2026-05-15 19:47:00,1778845620,40764.0,40766.0,40751.0,40762.0,177.0
2026-05-15 19:48:00,1778845680,40763.0,40786.0,40761.0,40786.0,204.0
2026-05-15 19:49:00,1778845740,40787.0,40789.0,40769.0,40770.0,208.0
2026-05-15 19:50:00,1778845800,40772.0,40787.0,40768.0,40786.0,90.0
2026-05-15 19:51:00,1778845860,40785.0,40800.0,40785.0,40788.0,195.0
2026-05-15 19:52:00,1778845920,40789.0,40799.0,40783.0,40790.0,99.0
2026-05-15 19:53:00,1778845980,40787.0,40788.0,40768.0,40779.0,102.0
2026-05-15 19:54:00,1778846040,40778.0,40788.0,40778.0,40782.0,53.0
2026-05-15 19:55:00,1778846100,40784.0,40784.0,40747.0,40750.0,189.0
2026-05-15 19:56:00,1778846160,40752.0,40757.0,40739.0,40754.0,167.0
2026-05-15 19:57:00,1778846220,40753.0,40753.0,40736.0,40740.0,85.0
2026-05-15 19:58:00,1778846280,40741.0,40741.0,40715.0,40717.0,202.0
2026-05-15 19:59:00,1778846340,40717.0,40721.0,40710.0,40711.0,187.0
2026-05-15 20:00:00,1778846400,40711.0,40711.0,40686.0,40688.0,380.0
2026-05-15 20:01:00,1778846460,40688.0,40690.0,40651.0,40673.0,481.0
2026-05-15 20:02:00,1778846520,40675.0,40675.0,40645.0,40669.0,343.0
2026-05-15 20:03:00,1778846580,40669.0,40693.0,40661.0,40693.0,234.0
2026-05-15 20:04:00,1778846640,40692.0,40714.0,40689.0,40702.0,231.0
2026-05-15 20:05:00,1778846700,40703.0,40710.0,40695.0,40701.0,121.0
2026-05-15 20:06:00,1778846760,40700.0,40701.0,40680.0,40693.0,146.0
2026-05-15 20:07:00,1778846820,40693.0,40693.0,40660.0,40662.0,179.0
2026-05-15 20:08:00,1778846880,40660.0,40667.0,40648.0,40665.0,202.0
2026-05-15 20:09:00,1778846940,40669.0,40674.0,40655.0,40674.0,97.0
2026-05-15 20:10:00,1778847000,40675.0,40701.0,40670.0,40699.0,146.0
2026-05-15 20:11:00,1778847060,40698.0,40699.0,40668.0,40677.0,121.0
2026-05-15 20:12:00,1778847120,40677.0,40679.0,40640.0,40676.0,273.0
2026-05-15 20:13:00,1778847180,40676.0,40676.0,40659.0,40663.0,101.0
2026-05-15 20:14:00,1778847240,40662.0,40664.0,40617.0,40630.0,458.0
2026-05-15 20:15:00,1778847300,40630.0,40663.0,40616.0,40663.0,292.0
2026-05-15 20:16:00,1778847360,40664.0,40685.0,40646.0,40683.0,190.0
2026-05-15 20:17:00,1778847420,40684.0,40689.0,40664.0,40684.0,179.0
2026-05-15 20:18:00,1778847480,40680.0,40681.0,40667.0,40678.0,85.0
2026-05-15 20:19:00,1778847540,40676.0,40678.0,40662.0,40674.0,114.0
2026-05-15 20:20:00,1778847600,40674.0,40695.0,40674.0,40692.0,283.0
2026-05-15 20:21:00,1778847660,40690.0,40692.0,40681.0,40687.0,129.0
2026-05-15 20:22:00,1778847720,40685.0,40707.0,40684.0,40702.0,179.0
2026-05-15 20:23:00,1778847780,40703.0,40707.0,40688.0,40690.0,208.0
2026-05-15 20:24:00,1778847840,40689.0,40689.0,40642.0,40671.0,239.0
2026-05-15 20:25:00,1778847900,40670.0,40671.0,40657.0,40664.0,82.0
2026-05-15 20:26:00,1778847960,40662.0,40666.0,40660.0,40660.0,68.0
2026-05-15 20:27:00,1778848020,40661.0,40662.0,40615.0,40633.0,315.0
2026-05-15 20:28:00,1778848080,40636.0,40636.0,40623.0,40632.0,110.0
2026-05-15 20:29:00,1778848140,40633.0,40646.0,40631.0,40646.0,75.0
2026-05-15 20:30:00,1778848200,40643.0,40646.0,40606.0,40626.0,209.0
