datetime,timestamp,open,high,low,close,volume
2025-12-31 15:00:00,1767164400,29011.0,29034.0,29011.0,29017.0,1967.0
2025-12-31 15:15:00,1767165300,29016.0,29070.0,29014.0,29066.0,2078.0
2025-12-31 15:30:00,1767166200,29065.0,29074.0,29056.0,29066.0,1267.0
2025-12-31 15:45:00,1767167100,29065.0,29069.0,29050.0,29054.0,788.0
2025-12-31 16:00:00,1767168000,29054.0,29060.0,29037.0,29038.0,1011.0
2025-12-31 16:15:00,1767168900,29038.0,29042.0,29020.0,29020.0,831.0
2025-12-31 16:30:00,1767169800,29020.0,29024.0,28997.0,29019.0,1661.0
2025-12-31 16:45:00,1767170700,29018.0,29022.0,29002.0,29002.0,653.0
2025-12-31 17:00:00,1767171600,29001.0,29020.0,29000.0,29015.0,672.0
2025-12-31 17:15:00,1767172500,29016.0,29019.0,29008.0,29013.0,485.0
2025-12-31 17:30:00,1767173400,29012.0,29020.0,29008.0,29011.0,346.0
2025-12-31 17:45:00,1767174300,29012.0,29017.0,29005.0,29005.0,293.0
2025-12-31 18:00:00,1767175200,29004.0,29006.0,28988.0,29001.0,1124.0
2025-12-31 18:15:00,1767176100,29001.0,29008.0,28996.0,29005.0,415.0
2025-12-31 18:30:00,1767177000,29005.0,29013.0,29001.0,29012.0,384.0
2025-12-31 18:45:00,1767177900,29012.0,29013.0,29004.0,29007.0,180.0
2025-12-31 19:00:00,1767178800,29006.0,29014.0,29000.0,29006.0,315.0
2025-12-31 19:15:00,1767179700,29006.0,29010.0,28994.0,28996.0,554.0
2025-12-31 19:30:00,1767180600,28998.0,29002.0,28992.0,28997.0,404.0
2025-12-31 19:45:00,1767181500,28996.0,29000.0,28982.0,28998.0,781.0
2025-12-31 20:00:00,1767182400,28997.0,28999.0,28989.0,28997.0,494.0
2025-12-31 20:15:00,1767183300,28996.0,29020.0,28995.0,29010.0,1055.0
2025-12-31 20:30:00,1767184200,29009.0,29023.0,29007.0,29013.0,662.0
2025-12-31 20:45:00,1767185100,29012.0,29036.0,29012.0,29032.0,806.0
2025-12-31 21:00:00,1767186000,29031.0,29035.0,29023.0,29027.0,536.0
2025-12-31 21:15:00,1767186900,29027.0,29051.0,29027.0,29049.0,1030.0
2025-12-31 21:30:00,1767187800,29048.0,29062.0,29040.0,29060.0,1143.0
2025-12-31 21:45:00,1767188700,29060.0,29095.0,29060.0,29081.0,2942.0
2025-12-31 22:00:00,1767189600,29079.0,29090.0,29076.0,29089.0,909.0
2025-12-31 22:15:00,1767190500,29089.0,29089.0,29067.0,29069.0,968.0
2025-12-31 22:30:00,1767191400,29070.0,29094.0,29045.0,29059.0,3999.0
2025-12-31 22:45:00,1767192300,29057.0,29092.0,29042.0,29082.0,2771.0
2025-12-31 23:00:00,1767193200,29082.0,29083.0,29045.0,29059.0,2034.0
2025-12-31 23:15:00,1767194100,29061.0,29067.0,29030.0,29065.0,1951.0
2025-12-31 23:30:00,1767195000,29065.0,29072.0,29049.0,29062.0,842.0
2025-12-31 23:45:00,1767195900,29061.0,29061.0,29022.0,29035.0,1472.0
2026-01-01 00:00:00,1767196800,29034.0,29046.0,29011.0,29030.0,1832.0
2026-01-01 00:15:00,1767197700,29030.0,29048.0,29025.0,29047.0,990.0
2026-01-01 00:30:00,1767198600,29048.0,29050.0,29035.0,29039.0,513.0
2026-01-01 00:45:00,1767199500,29039.0,29063.0,29036.0,29062.0,761.0
2026-01-01 01:00:00,1767200400,29062.0,29064.0,29036.0,29050.0,684.0
2026-01-01 01:15:00,1767201300,29050.0,29062.0,29048.0,29060.0,349.0
2026-01-01 01:30:00,1767202200,29060.0,29074.0,29057.0,29074.0,724.0
2026-01-01 01:45:00,1767203100,29074.0,29076.0,29056.0,29061.0,498.0
2026-01-01 02:00:00,1767204000,29060.0,29074.0,29054.0,29073.0,462.0
2026-01-01 02:15:00,1767204900,29072.0,29087.0,29065.0,29083.0,606.0
2026-01-01 02:30:00,1767205800,29083.0,29092.0,29075.0,29084.0,598.0
2026-01-01 02:45:00,1767206700,29085.0,29100.0,29081.0,29097.0,1131.0
2026-01-01 03:00:00,1767207600,29097.0,29118.0,29097.0,29117.0,1168.0
2026-01-01 03:15:00,1767208500,29117.0,29117.0,29092.0,29094.0,640.0
2026-01-01 03:30:00,1767209400,29094.0,29098.0,29053.0,29077.0,1059.0
2026-01-01 03:45:00,1767210300,29076.0,29078.0,29059.0,29066.0,363.0
2026-01-01 04:00:00,1767211200,29065.0,29065.0,29015.0,29020.0,1826.0
2026-01-01 04:15:00,1767212100,29020.0,29021.0,28962.0,28970.0,3508.0
2026-01-01 04:30:00,1767213000,28970.0,29009.0,28960.0,29006.0,1090.0
2026-01-01 04:45:00,1767213900,29007.0,29020.0,28985.0,29005.0,1179.0
2026-01-02 08:45:00,1767314700,29051.0,29110.0,29025.0,29110.0,7735.0
2026-01-02 09:00:00,1767315600,29111.0,29156.0,29060.0,29097.0,13595.0
2026-01-02 09:15:00,1767316500,29096.0,29125.0,29077.0,29122.0,4666.0
2026-01-02 09:30:00,1767317400,29121.0,29206.0,29121.0,29194.0,10544.0
2026-01-02 09:45:00,1767318300,29196.0,29217.0,29164.0,29207.0,7247.0
2026-01-02 10:00:00,1767319200,29207.0,29293.0,29205.0,29265.0,10465.0
2026-01-02 10:15:00,1767320100,29265.0,29383.0,29265.0,29377.0,9061.0
2026-01-02 10:30:00,1767321000,29378.0,29406.0,29355.0,29401.0,6385.0
2026-01-02 10:45:00,1767321900,29402.0,29418.0,29387.0,29414.0,4600.0
2026-01-02 11:00:00,1767322800,29414.0,29453.0,29397.0,29442.0,7113.0
2026-01-02 11:15:00,1767323700,29441.0,29450.0,29407.0,29434.0,3022.0
2026-01-02 11:30:00,1767324600,29433.0,29436.0,29398.0,29421.0,2121.0
2026-01-02 11:45:00,1767325500,29422.0,29449.0,29408.0,29438.0,2393.0
2026-01-02 12:00:00,1767326400,29438.0,29470.0,29412.0,29449.0,3554.0
2026-01-02 12:15:00,1767327300,29449.0,29474.0,29426.0,29459.0,3887.0
2026-01-02 12:30:00,1767328200,29458.0,29478.0,29443.0,29476.0,1968.0
2026-01-02 12:45:00,1767329100,29477.0,29484.0,29464.0,29481.0,2047.0
2026-01-02 13:00:00,1767330000,29482.0,29498.0,29456.0,29471.0,3398.0
2026-01-02 13:15:00,1767330900,29470.0,29499.0,29453.0,29492.0,3599.0
2026-01-02 13:30:00,1767331800,29493.0,29494.0,29466.0,29476.0,5264.0
2026-01-02 15:00:00,1767337200,29500.0,29510.0,29471.0,29476.0,1906.0
2026-01-02 15:15:00,1767338100,29475.0,29484.0,29463.0,29476.0,653.0
2026-01-02 15:30:00,1767339000,29475.0,29512.0,29471.0,29506.0,1186.0
2026-01-02 15:45:00,1767339900,29505.0,29518.0,29492.0,29508.0,1165.0
2026-01-02 16:00:00,1767340800,29507.0,29561.0,29503.0,29555.0,2609.0
2026-01-02 16:15:00,1767341700,29557.0,29570.0,29545.0,29560.0,1988.0
2026-01-02 16:30:00,1767342600,29559.0,29573.0,29552.0,29562.0,1078.0
2026-01-02 16:45:00,1767343500,29562.0,29588.0,29558.0,29582.0,1729.0
2026-01-02 17:00:00,1767344400,29582.0,29634.0,29576.0,29628.0,3398.0
2026-01-02 17:15:00,1767345300,29628.0,29637.0,29609.0,29633.0,1938.0
2026-01-02 17:30:00,1767346200,29633.0,29650.0,29626.0,29649.0,1523.0
2026-01-02 17:45:00,1767347100,29650.0,29658.0,29632.0,29634.0,1833.0
2026-01-02 18:00:00,1767348000,29635.0,29638.0,29608.0,29613.0,1791.0
2026-01-02 18:15:00,1767348900,29613.0,29632.0,29572.0,29594.0,2546.0
2026-01-02 18:30:00,1767349800,29593.0,29609.0,29585.0,29606.0,1094.0
2026-01-02 18:45:00,1767350700,29605.0,29630.0,29605.0,29617.0,1301.0
2026-01-02 19:00:00,1767351600,29617.0,29635.0,29615.0,29625.0,710.0
2026-01-02 19:15:00,1767352500,29625.0,29625.0,29608.0,29621.0,620.0
2026-01-02 19:30:00,1767353400,29621.0,29632.0,29617.0,29628.0,533.0
2026-01-02 19:45:00,1767354300,29628.0,29637.0,29621.0,29636.0,621.0
2026-01-02 20:00:00,1767355200,29635.0,29635.0,29603.0,29614.0,1036.0
2026-01-02 20:15:00,1767356100,29614.0,29625.0,29613.0,29619.0,352.0
2026-01-02 20:30:00,1767357000,29618.0,29622.0,29602.0,29619.0,608.0
2026-01-02 20:45:00,1767357900,29620.0,29623.0,29608.0,29613.0,425.0
2026-01-02 21:00:00,1767358800,29612.0,29622.0,29595.0,29614.0,855.0
2026-01-02 21:15:00,1767359700,29613.0,29641.0,29613.0,29620.0,1057.0
2026-01-02 21:30:00,1767360600,29619.0,29620.0,29590.0,29602.0,1270.0
2026-01-02 21:45:00,1767361500,29601.0,29601.0,29548.0,29565.0,3689.0
2026-01-02 22:00:00,1767362400,29563.0,29584.0,29554.0,29557.0,1551.0
2026-01-02 22:15:00,1767363300,29557.0,29594.0,29552.0,29586.0,1499.0
2026-01-02 22:30:00,1767364200,29585.0,29646.0,29577.0,29642.0,6613.0
2026-01-02 22:45:00,1767365100,29642.0,29745.0,29642.0,29730.0,9839.0
2026-01-02 23:00:00,1767366000,29730.0,29795.0,29634.0,29654.0,10527.0
2026-01-02 23:15:00,1767366900,29653.0,29653.0,29541.0,29578.0,12792.0
2026-01-02 23:30:00,1767367800,29575.0,29696.0,29563.0,29688.0,7191.0
2026-01-02 23:45:00,1767368700,29688.0,29693.0,29583.0,29593.0,7186.0
2026-01-03 00:00:00,1767369600,29594.0,29618.0,29562.0,29616.0,6043.0
2026-01-03 00:15:00,1767370500,29616.0,29640.0,29581.0,29597.0,3703.0
2026-01-03 00:30:00,1767371400,29598.0,29642.0,29592.0,29610.0,2408.0
2026-01-03 00:45:00,1767372300,29610.0,29619.0,29574.0,29614.0,1836.0
2026-01-03 01:00:00,1767373200,29612.0,29676.0,29595.0,29675.0,2761.0
2026-01-03 01:15:00,1767374100,29675.0,29676.0,29643.0,29668.0,1587.0
2026-01-03 01:30:00,1767375000,29668.0,29683.0,29645.0,29662.0,1549.0
2026-01-03 01:45:00,1767375900,29662.0,29666.0,29622.0,29634.0,1224.0
2026-01-03 02:00:00,1767376800,29634.0,29655.0,29607.0,29609.0,1015.0
2026-01-03 02:15:00,1767377700,29608.0,29636.0,29600.0,29613.0,818.0
2026-01-03 02:30:00,1767378600,29613.0,29644.0,29605.0,29644.0,595.0
2026-01-03 02:45:00,1767379500,29645.0,29656.0,29604.0,29637.0,851.0
2026-01-03 03:00:00,1767380400,29637.0,29711.0,29631.0,29706.0,1858.0
2026-01-03 03:15:00,1767381300,29705.0,29714.0,29680.0,29707.0,1039.0
2026-01-03 03:30:00,1767382200,29706.0,29752.0,29706.0,29742.0,1435.0
2026-01-03 03:45:00,1767383100,29742.0,29752.0,29714.0,29720.0,832.0
2026-01-03 04:00:00,1767384000,29719.0,29747.0,29707.0,29738.0,856.0
2026-01-03 04:15:00,1767384900,29738.0,29760.0,29736.0,29751.0,871.0
2026-01-03 04:30:00,1767385800,29750.0,29764.0,29748.0,29757.0,679.0
2026-01-03 04:45:00,1767386700,29758.0,29776.0,29740.0,29775.0,1437.0
2026-01-05 08:45:00,1767573900,29889.0,29918.0,29850.0,29863.0,13017.0
2026-01-05 09:00:00,1767574800,29865.0,30014.0,29857.0,30006.0,20615.0
2026-01-05 09:15:00,1767575700,30006.0,30078.0,29974.0,30072.0,12124.0
2026-01-05 09:30:00,1767576600,30071.0,30182.0,30036.0,30177.0,13494.0
2026-01-05 09:45:00,1767577500,30179.0,30278.0,30138.0,30179.0,18965.0
2026-01-05 10:00:00,1767578400,30181.0,30294.0,30178.0,30291.0,8940.0
2026-01-05 10:15:00,1767579300,30292.0,30385.0,30270.0,30373.0,9434.0
2026-01-05 10:30:00,1767580200,30374.0,30382.0,30275.0,30319.0,6957.0
2026-01-05 10:45:00,1767581100,30320.0,30394.0,30292.0,30387.0,5471.0
2026-01-05 11:00:00,1767582000,30386.0,30488.0,30372.0,30444.0,10763.0
2026-01-05 11:15:00,1767582900,30442.0,30452.0,30406.0,30427.0,3715.0
2026-01-05 11:30:00,1767583800,30426.0,30435.0,30377.0,30391.0,3416.0
2026-01-05 11:45:00,1767584700,30392.0,30395.0,30306.0,30308.0,5721.0
2026-01-05 12:00:00,1767585600,30311.0,30384.0,30310.0,30376.0,3675.0
2026-01-05 12:15:00,1767586500,30377.0,30396.0,30324.0,30332.0,2985.0
2026-01-05 12:30:00,1767587400,30331.0,30369.0,30313.0,30339.0,3384.0
2026-01-05 12:45:00,1767588300,30339.0,30353.0,30290.0,30297.0,3528.0
2026-01-05 13:00:00,1767589200,30299.0,30344.0,30288.0,30302.0,3800.0
2026-01-05 13:15:00,1767590100,30304.0,30311.0,30253.0,30291.0,5852.0
2026-01-05 13:30:00,1767591000,30289.0,30317.0,30271.0,30309.0,4774.0
2026-01-05 13:45:00,1767591900,30310.0,30310.0,30310.0,30310.0,1.0
2026-01-05 15:00:00,1767596400,30350.0,30378.0,30304.0,30318.0,2988.0
2026-01-05 15:15:00,1767597300,30316.0,30320.0,30274.0,30281.0,1396.0
2026-01-05 15:30:00,1767598200,30281.0,30313.0,30280.0,30307.0,1124.0
2026-01-05 15:45:00,1767599100,30307.0,30360.0,30295.0,30344.0,2218.0
2026-01-05 16:00:00,1767600000,30344.0,30366.0,30308.0,30363.0,1794.0
2026-01-05 16:15:00,1767600900,30366.0,30390.0,30357.0,30371.0,1970.0
2026-01-05 16:30:00,1767601800,30371.0,30378.0,30332.0,30356.0,1587.0
2026-01-05 16:45:00,1767602700,30357.0,30362.0,30337.0,30341.0,830.0
2026-01-05 17:00:00,1767603600,30343.0,30360.0,30327.0,30336.0,1163.0
2026-01-05 17:15:00,1767604500,30335.0,30364.0,30322.0,30326.0,1322.0
2026-01-05 17:30:00,1767605400,30326.0,30345.0,30313.0,30339.0,1057.0
2026-01-05 17:45:00,1767606300,30339.0,30355.0,30325.0,30335.0,636.0
2026-01-05 18:00:00,1767607200,30335.0,30358.0,30327.0,30357.0,578.0
2026-01-05 18:15:00,1767608100,30356.0,30362.0,30339.0,30339.0,551.0
2026-01-05 18:30:00,1767609000,30339.0,30339.0,30304.0,30310.0,1019.0
2026-01-05 18:45:00,1767609900,30310.0,30322.0,30291.0,30304.0,1455.0
2026-01-05 19:00:00,1767610800,30303.0,30315.0,30283.0,30302.0,1137.0
2026-01-05 19:15:00,1767611700,30301.0,30331.0,30295.0,30309.0,936.0
2026-01-05 19:30:00,1767612600,30311.0,30343.0,30309.0,30337.0,858.0
2026-01-05 19:45:00,1767613500,30337.0,30342.0,30326.0,30327.0,364.0
2026-01-05 20:00:00,1767614400,30329.0,30352.0,30326.0,30343.0,840.0
2026-01-05 20:15:00,1767615300,30343.0,30351.0,30331.0,30333.0,450.0
2026-01-05 20:30:00,1767616200,30333.0,30336.0,30312.0,30318.0,710.0
2026-01-05 20:45:00,1767617100,30317.0,30330.0,30310.0,30317.0,552.0
2026-01-05 21:00:00,1767618000,30319.0,30323.0,30290.0,30295.0,1397.0
2026-01-05 21:15:00,1767618900,30295.0,30297.0,30225.0,30242.0,4798.0
2026-01-05 21:30:00,1767619800,30242.0,30284.0,30235.0,30272.0,2135.0
2026-01-05 21:45:00,1767620700,30273.0,30340.0,30271.0,30329.0,2585.0
2026-01-05 22:00:00,1767621600,30332.0,30356.0,30322.0,30335.0,2192.0
2026-01-05 22:15:00,1767622500,30334.0,30372.0,30330.0,30369.0,1613.0
2026-01-05 22:30:00,1767623400,30368.0,30377.0,30258.0,30280.0,7487.0
2026-01-05 22:45:00,1767624300,30278.0,30297.0,30226.0,30256.0,5547.0
2026-01-05 23:00:00,1767625200,30257.0,30285.0,30210.0,30254.0,5396.0
2026-01-05 23:15:00,1767626100,30255.0,30320.0,30241.0,30312.0,3652.0
2026-01-05 23:30:00,1767627000,30312.0,30337.0,30302.0,30316.0,2684.0
2026-01-05 23:45:00,1767627900,30317.0,30353.0,30315.0,30349.0,1962.0
2026-01-06 00:00:00,1767628800,30347.0,30350.0,30318.0,30322.0,1395.0
2026-01-06 00:15:00,1767629700,30321.0,30370.0,30316.0,30362.0,1703.0
2026-01-06 00:30:00,1767630600,30363.0,30414.0,30357.0,30390.0,3956.0
2026-01-06 00:45:00,1767631500,30388.0,30418.0,30362.0,30362.0,1741.0
2026-01-06 01:00:00,1767632400,30364.0,30370.0,30322.0,30355.0,2291.0
2026-01-06 01:15:00,1767633300,30357.0,30357.0,30304.0,30318.0,1433.0
2026-01-06 01:30:00,1767634200,30317.0,30328.0,30301.0,30305.0,891.0
2026-01-06 01:45:00,1767635100,30305.0,30325.0,30304.0,30315.0,565.0
2026-01-06 02:00:00,1767636000,30319.0,30325.0,30291.0,30296.0,1089.0
2026-01-06 02:15:00,1767636900,30292.0,30311.0,30272.0,30305.0,1593.0
2026-01-06 02:30:00,1767637800,30305.0,30316.0,30300.0,30311.0,456.0
2026-01-06 02:45:00,1767638700,30310.0,30322.0,30308.0,30312.0,253.0
2026-01-06 03:00:00,1767639600,30313.0,30319.0,30298.0,30302.0,254.0
2026-01-06 03:15:00,1767640500,30301.0,30313.0,30297.0,30303.0,179.0
2026-01-06 03:30:00,1767641400,30303.0,30308.0,30278.0,30280.0,384.0
2026-01-06 03:45:00,1767642300,30282.0,30297.0,30281.0,30283.0,264.0
2026-01-06 04:00:00,1767643200,30285.0,30292.0,30274.0,30284.0,419.0
2026-01-06 04:15:00,1767644100,30285.0,30288.0,30281.0,30287.0,181.0
2026-01-06 04:30:00,1767645000,30288.0,30297.0,30277.0,30294.0,345.0
2026-01-06 04:45:00,1767645900,30293.0,30298.0,30266.0,30290.0,838.0
2026-01-06 08:45:00,1767660300,30285.0,30285.0,30183.0,30187.0,8953.0
2026-01-06 09:00:00,1767661200,30185.0,30259.0,30185.0,30230.0,9560.0
2026-01-06 09:15:00,1767662100,30230.0,30369.0,30228.0,30345.0,10133.0
2026-01-06 09:30:00,1767663000,30346.0,30355.0,30262.0,30319.0,7453.0
2026-01-06 09:45:00,1767663900,30320.0,30388.0,30318.0,30374.0,5692.0
2026-01-06 10:00:00,1767664800,30374.0,30412.0,30355.0,30370.0,4758.0
2026-01-06 10:15:00,1767665700,30370.0,30387.0,30351.0,30383.0,2521.0
2026-01-06 10:30:00,1767666600,30385.0,30449.0,30360.0,30448.0,6104.0
2026-01-06 10:45:00,1767667500,30449.0,30533.0,30440.0,30532.0,8905.0
2026-01-06 11:00:00,1767668400,30532.0,30597.0,30511.0,30535.0,8696.0
2026-01-06 11:15:00,1767669300,30535.0,30572.0,30528.0,30557.0,3207.0
2026-01-06 11:30:00,1767670200,30558.0,30567.0,30515.0,30535.0,2630.0
2026-01-06 11:45:00,1767671100,30533.0,30538.0,30512.0,30524.0,2344.0
2026-01-06 12:00:00,1767672000,30525.0,30555.0,30519.0,30541.0,2225.0
2026-01-06 12:15:00,1767672900,30540.0,30549.0,30522.0,30547.0,1539.0
2026-01-06 12:30:00,1767673800,30547.0,30634.0,30542.0,30617.0,6174.0
2026-01-06 12:45:00,1767674700,30617.0,30624.0,30578.0,30611.0,3679.0
2026-01-06 13:00:00,1767675600,30611.0,30616.0,30585.0,30613.0,2400.0
2026-01-06 13:15:00,1767676500,30614.0,30645.0,30595.0,30645.0,4925.0
2026-01-06 13:30:00,1767677400,30644.0,30673.0,30614.0,30614.0,6155.0
2026-01-06 15:00:00,1767682800,30628.0,30640.0,30555.0,30587.0,3894.0
2026-01-06 15:15:00,1767683700,30586.0,30605.0,30584.0,30588.0,1124.0
2026-01-06 15:30:00,1767684600,30587.0,30605.0,30586.0,30588.0,858.0
2026-01-06 15:45:00,1767685500,30587.0,30595.0,30563.0,30572.0,1104.0
2026-01-06 16:00:00,1767686400,30574.0,30576.0,30530.0,30532.0,2247.0
2026-01-06 16:15:00,1767687300,30531.0,30545.0,30490.0,30496.0,3585.0
2026-01-06 16:30:00,1767688200,30496.0,30504.0,30455.0,30492.0,3576.0
2026-01-06 16:45:00,1767689100,30492.0,30515.0,30487.0,30512.0,1479.0
2026-01-06 17:00:00,1767690000,30511.0,30528.0,30493.0,30518.0,1871.0
2026-01-06 17:15:00,1767690900,30519.0,30528.0,30482.0,30484.0,1294.0
2026-01-06 17:30:00,1767691800,30484.0,30506.0,30477.0,30504.0,1116.0
2026-01-06 17:45:00,1767692700,30504.0,30535.0,30488.0,30499.0,1943.0
2026-01-06 18:00:00,1767693600,30500.0,30518.0,30486.0,30507.0,1009.0
2026-01-06 18:15:00,1767694500,30506.0,30508.0,30481.0,30495.0,683.0
2026-01-06 18:30:00,1767695400,30496.0,30519.0,30491.0,30511.0,696.0
2026-01-06 18:45:00,1767696300,30510.0,30535.0,30507.0,30525.0,1032.0
2026-01-06 19:00:00,1767697200,30526.0,30539.0,30521.0,30531.0,791.0
2026-01-06 19:15:00,1767698100,30531.0,30535.0,30523.0,30526.0,445.0
2026-01-06 19:30:00,1767699000,30528.0,30528.0,30512.0,30522.0,550.0
2026-01-06 19:45:00,1767699900,30521.0,30523.0,30505.0,30509.0,691.0
2026-01-06 20:00:00,1767700800,30510.0,30554.0,30510.0,30548.0,1570.0
2026-01-06 20:15:00,1767701700,30548.0,30550.0,30530.0,30542.0,825.0
2026-01-06 20:30:00,1767702600,30541.0,30565.0,30531.0,30560.0,929.0
2026-01-06 20:45:00,1767703500,30560.0,30572.0,30553.0,30559.0,1311.0
2026-01-06 21:00:00,1767704400,30559.0,30573.0,30544.0,30554.0,1117.0
2026-01-06 21:15:00,1767705300,30555.0,30559.0,30515.0,30523.0,1217.0
2026-01-06 21:30:00,1767706200,30523.0,30541.0,30516.0,30538.0,1054.0
2026-01-06 21:45:00,1767707100,30537.0,30546.0,30513.0,30524.0,1516.0
2026-01-06 22:00:00,1767708000,30524.0,30535.0,30504.0,30527.0,1702.0
2026-01-06 22:15:00,1767708900,30527.0,30545.0,30521.0,30541.0,912.0
2026-01-06 22:30:00,1767709800,30539.0,30558.0,30506.0,30547.0,5205.0
2026-01-06 22:45:00,1767710700,30550.0,30645.0,30546.0,30636.0,8064.0
2026-01-06 23:00:00,1767711600,30636.0,30664.0,30622.0,30656.0,4814.0
2026-01-06 23:15:00,1767712500,30656.0,30664.0,30617.0,30635.0,3044.0
2026-01-06 23:30:00,1767713400,30636.0,30637.0,30560.0,30566.0,3863.0
2026-01-06 23:45:00,1767714300,30565.0,30591.0,30523.0,30529.0,4788.0
2026-01-07 00:00:00,1767715200,30529.0,30544.0,30490.0,30539.0,4297.0
2026-01-07 00:15:00,1767716100,30540.0,30569.0,30535.0,30552.0,2016.0
2026-01-07 00:30:00,1767717000,30554.0,30576.0,30524.0,30534.0,2227.0
2026-01-07 00:45:00,1767717900,30534.0,30560.0,30522.0,30541.0,1043.0
2026-01-07 01:00:00,1767718800,30540.0,30586.0,30530.0,30570.0,1426.0
2026-01-07 01:15:00,1767719700,30571.0,30585.0,30562.0,30569.0,869.0
2026-01-07 01:30:00,1767720600,30569.0,30595.0,30561.0,30570.0,921.0
2026-01-07 01:45:00,1767721500,30568.0,30576.0,30551.0,30575.0,574.0
2026-01-07 02:00:00,1767722400,30575.0,30605.0,30572.0,30597.0,736.0
2026-01-07 02:15:00,1767723300,30596.0,30611.0,30574.0,30576.0,619.0
2026-01-07 02:30:00,1767724200,30574.0,30579.0,30557.0,30572.0,526.0
2026-01-07 02:45:00,1767725100,30573.0,30595.0,30572.0,30590.0,366.0
2026-01-07 03:00:00,1767726000,30588.0,30591.0,30572.0,30587.0,299.0
2026-01-07 03:15:00,1767726900,30586.0,30589.0,30574.0,30578.0,232.0
2026-01-07 03:30:00,1767727800,30577.0,30581.0,30569.0,30576.0,209.0
2026-01-07 03:45:00,1767728700,30575.0,30592.0,30573.0,30590.0,293.0
2026-01-07 04:00:00,1767729600,30587.0,30590.0,30575.0,30585.0,366.0
2026-01-07 04:15:00,1767730500,30583.0,30596.0,30579.0,30593.0,257.0
2026-01-07 04:30:00,1767731400,30591.0,30613.0,30586.0,30600.0,602.0
2026-01-07 04:45:00,1767732300,30599.0,30614.0,30587.0,30614.0,566.0
2026-01-07 08:45:00,1767746700,30606.0,30634.0,30574.0,30577.0,5823.0
2026-01-07 09:00:00,1767747600,30580.0,30642.0,30560.0,30621.0,10131.0
2026-01-07 09:15:00,1767748500,30622.0,30626.0,30450.0,30505.0,16492.0
2026-01-07 09:30:00,1767749400,30506.0,30596.0,30504.0,30529.0,9063.0
2026-01-07 09:45:00,1767750300,30528.0,30537.0,30457.0,30496.0,7171.0
2026-01-07 10:00:00,1767751200,30498.0,30518.0,30466.0,30483.0,4379.0
2026-01-07 10:15:00,1767752100,30484.0,30574.0,30480.0,30560.0,5259.0
2026-01-07 10:30:00,1767753000,30561.0,30580.0,30536.0,30575.0,2882.0
2026-01-07 10:45:00,1767753900,30577.0,30599.0,30556.0,30594.0,3156.0
2026-01-07 11:00:00,1767754800,30595.0,30616.0,30584.0,30612.0,3840.0
2026-01-07 11:15:00,1767755700,30612.0,30675.0,30606.0,30670.0,6481.0
2026-01-07 11:30:00,1767756600,30670.0,30676.0,30592.0,30598.0,5143.0
2026-01-07 11:45:00,1767757500,30598.0,30603.0,30563.0,30583.0,3695.0
2026-01-07 12:00:00,1767758400,30581.0,30593.0,30556.0,30583.0,2635.0
2026-01-07 12:15:00,1767759300,30583.0,30588.0,30507.0,30514.0,4369.0
2026-01-07 12:30:00,1767760200,30515.0,30555.0,30488.0,30547.0,5321.0
2026-01-07 12:45:00,1767761100,30546.0,30554.0,30508.0,30532.0,2339.0
2026-01-07 13:00:00,1767762000,30532.0,30543.0,30510.0,30522.0,1895.0
2026-01-07 13:15:00,1767762900,30523.0,30547.0,30501.0,30546.0,2976.0
2026-01-07 13:30:00,1767763800,30546.0,30552.0,30511.0,30521.0,3802.0
2026-01-07 15:00:00,1767769200,30509.0,30522.0,30478.0,30480.0,2221.0
2026-01-07 15:15:00,1767770100,30482.0,30536.0,30473.0,30523.0,1866.0
2026-01-07 15:30:00,1767771000,30524.0,30541.0,30519.0,30537.0,870.0
2026-01-07 15:45:00,1767771900,30537.0,30561.0,30537.0,30546.0,1460.0
2026-01-07 16:00:00,1767772800,30548.0,30550.0,30518.0,30533.0,1325.0
2026-01-07 16:15:00,1767773700,30535.0,30562.0,30531.0,30533.0,1142.0
2026-01-07 16:30:00,1767774600,30532.0,30552.0,30532.0,30536.0,591.0
2026-01-07 16:45:00,1767775500,30536.0,30537.0,30501.0,30509.0,1437.0
2026-01-07 17:00:00,1767776400,30509.0,30515.0,30480.0,30494.0,1586.0
2026-01-07 17:15:00,1767777300,30493.0,30494.0,30464.0,30479.0,2028.0
2026-01-07 17:30:00,1767778200,30478.0,30497.0,30475.0,30490.0,924.0
2026-01-07 17:45:00,1767779100,30491.0,30506.0,30479.0,30481.0,878.0
2026-01-07 18:00:00,1767780000,30481.0,30511.0,30479.0,30507.0,876.0
2026-01-07 18:15:00,1767780900,30507.0,30513.0,30482.0,30484.0,672.0
2026-01-07 18:30:00,1767781800,30484.0,30489.0,30475.0,30477.0,793.0
2026-01-07 18:45:00,1767782700,30478.0,30498.0,30475.0,30496.0,537.0
2026-01-07 19:00:00,1767783600,30497.0,30517.0,30482.0,30512.0,828.0
2026-01-07 19:15:00,1767784500,30513.0,30524.0,30511.0,30521.0,750.0
2026-01-07 19:30:00,1767785400,30521.0,30533.0,30515.0,30524.0,738.0
2026-01-07 19:45:00,1767786300,30523.0,30524.0,30507.0,30507.0,607.0
2026-01-07 20:00:00,1767787200,30509.0,30520.0,30494.0,30497.0,868.0
2026-01-07 20:15:00,1767788100,30499.0,30513.0,30497.0,30504.0,418.0
2026-01-07 20:30:00,1767789000,30503.0,30504.0,30477.0,30492.0,1116.0
2026-01-07 20:45:00,1767789900,30494.0,30509.0,30489.0,30497.0,660.0
2026-01-07 21:00:00,1767790800,30497.0,30503.0,30476.0,30483.0,801.0
2026-01-07 21:15:00,1767791700,30482.0,30502.0,30482.0,30500.0,548.0
2026-01-07 21:30:00,1767792600,30499.0,30530.0,30498.0,30526.0,1333.0
2026-01-07 21:45:00,1767793500,30525.0,30527.0,30505.0,30509.0,648.0
2026-01-07 22:00:00,1767794400,30509.0,30513.0,30473.0,30482.0,1575.0
2026-01-07 22:15:00,1767795300,30482.0,30483.0,30406.0,30455.0,5694.0
2026-01-07 22:30:00,1767796200,30455.0,30485.0,30408.0,30474.0,6705.0
2026-01-07 22:45:00,1767797100,30474.0,30478.0,30407.0,30428.0,4378.0
2026-01-07 23:00:00,1767798000,30428.0,30436.0,30371.0,30424.0,7159.0
2026-01-07 23:15:00,1767798900,30424.0,30465.0,30396.0,30458.0,4008.0
2026-01-07 23:30:00,1767799800,30456.0,30472.0,30406.0,30433.0,4165.0
2026-01-07 23:45:00,1767800700,30430.0,30471.0,30429.0,30462.0,1645.0
2026-01-08 00:00:00,1767801600,30462.0,30485.0,30452.0,30480.0,1771.0
2026-01-08 00:15:00,1767802500,30480.0,30505.0,30471.0,30481.0,2172.0
2026-01-08 00:30:00,1767803400,30483.0,30498.0,30461.0,30495.0,1297.0
2026-01-08 00:45:00,1767804300,30496.0,30506.0,30477.0,30496.0,909.0
2026-01-08 01:00:00,1767805200,30496.0,30501.0,30453.0,30460.0,1086.0
2026-01-08 01:15:00,1767806100,30460.0,30463.0,30445.0,30453.0,785.0
2026-01-08 01:30:00,1767807000,30455.0,30455.0,30423.0,30436.0,984.0
2026-01-08 01:45:00,1767807900,30438.0,30439.0,30393.0,30396.0,1464.0
2026-01-08 02:00:00,1767808800,30398.0,30419.0,30386.0,30410.0,1071.0
2026-01-08 02:15:00,1767809700,30410.0,30412.0,30381.0,30385.0,1026.0
2026-01-08 02:30:00,1767810600,30386.0,30404.0,30381.0,30394.0,586.0
2026-01-08 02:45:00,1767811500,30394.0,30404.0,30384.0,30398.0,367.0
2026-01-08 03:00:00,1767812400,30398.0,30412.0,30377.0,30393.0,772.0
2026-01-08 03:15:00,1767813300,30394.0,30397.0,30351.0,30363.0,1413.0
2026-01-08 03:30:00,1767814200,30363.0,30384.0,30352.0,30370.0,625.0
2026-01-08 03:45:00,1767815100,30370.0,30380.0,30366.0,30369.0,194.0
2026-01-08 04:00:00,1767816000,30370.0,30379.0,30333.0,30334.0,1138.0
2026-01-08 04:15:00,1767816900,30334.0,30348.0,30286.0,30297.0,2236.0
2026-01-08 04:30:00,1767817800,30296.0,30306.0,30264.0,30285.0,1428.0
2026-01-08 04:45:00,1767818700,30284.0,30342.0,30283.0,30306.0,1338.0
2026-01-08 08:45:00,1767833100,30377.0,30425.0,30349.0,30411.0,8741.0
2026-01-08 09:00:00,1767834000,30412.0,30454.0,30378.0,30445.0,10474.0
2026-01-08 09:15:00,1767834900,30444.0,30516.0,30426.0,30470.0,9488.0
2026-01-08 09:30:00,1767835800,30469.0,30598.0,30401.0,30576.0,14030.0
2026-01-08 09:45:00,1767836700,30578.0,30652.0,30545.0,30571.0,12615.0
2026-01-08 10:00:00,1767837600,30573.0,30650.0,30548.0,30606.0,7623.0
2026-01-08 10:15:00,1767838500,30607.0,30662.0,30581.0,30594.0,8519.0
2026-01-08 10:30:00,1767839400,30594.0,30616.0,30429.0,30491.0,10839.0
2026-01-08 10:45:00,1767840300,30491.0,30523.0,30418.0,30488.0,7091.0
2026-01-08 11:00:00,1767841200,30488.0,30593.0,30451.0,30555.0,6899.0
2026-01-08 11:15:00,1767842100,30555.0,30565.0,30522.0,30545.0,2974.0
2026-01-08 11:30:00,1767843000,30546.0,30557.0,30500.0,30508.0,2677.0
2026-01-08 11:45:00,1767843900,30506.0,30526.0,30490.0,30526.0,2098.0
2026-01-08 12:00:00,1767844800,30525.0,30548.0,30502.0,30543.0,2236.0
2026-01-08 12:15:00,1767845700,30543.0,30565.0,30533.0,30560.0,2014.0
2026-01-08 12:30:00,1767846600,30559.0,30565.0,30508.0,30524.0,2167.0
2026-01-08 12:45:00,1767847500,30521.0,30550.0,30512.0,30530.0,1644.0
2026-01-08 13:00:00,1767848400,30530.0,30532.0,30502.0,30502.0,1411.0
2026-01-08 13:15:00,1767849300,30501.0,30524.0,30486.0,30490.0,2755.0
2026-01-08 13:30:00,1767850200,30493.0,30497.0,30452.0,30458.0,4314.0
2026-01-08 15:00:00,1767855600,30430.0,30448.0,30405.0,30435.0,3242.0
2026-01-08 15:15:00,1767856500,30435.0,30556.0,30423.0,30505.0,4096.0
2026-01-08 15:30:00,1767857400,30506.0,30532.0,30491.0,30522.0,1735.0
2026-01-08 15:45:00,1767858300,30520.0,30527.0,30495.0,30495.0,946.0
2026-01-08 16:00:00,1767859200,30495.0,30532.0,30488.0,30527.0,1286.0
2026-01-08 16:15:00,1767860100,30527.0,30535.0,30511.0,30535.0,738.0
2026-01-08 16:30:00,1767861000,30534.0,30535.0,30513.0,30526.0,724.0
2026-01-08 16:45:00,1767861900,30525.0,30525.0,30505.0,30509.0,643.0
2026-01-08 17:00:00,1767862800,30510.0,30530.0,30504.0,30525.0,625.0
2026-01-08 17:15:00,1767863700,30527.0,30530.0,30503.0,30522.0,681.0
2026-01-08 17:30:00,1767864600,30523.0,30531.0,30518.0,30525.0,512.0
2026-01-08 17:45:00,1767865500,30524.0,30549.0,30513.0,30547.0,870.0
2026-01-08 18:00:00,1767866400,30546.0,30549.0,30513.0,30517.0,856.0
2026-01-08 18:15:00,1767867300,30518.0,30523.0,30508.0,30509.0,464.0
2026-01-08 18:30:00,1767868200,30509.0,30548.0,30507.0,30536.0,683.0
2026-01-08 18:45:00,1767869100,30536.0,30541.0,30525.0,30535.0,382.0
2026-01-08 19:00:00,1767870000,30536.0,30542.0,30528.0,30536.0,340.0
2026-01-08 19:15:00,1767870900,30534.0,30538.0,30526.0,30536.0,266.0
2026-01-08 19:30:00,1767871800,30535.0,30539.0,30507.0,30528.0,1086.0
2026-01-08 19:45:00,1767872700,30527.0,30535.0,30517.0,30520.0,317.0
2026-01-08 20:00:00,1767873600,30518.0,30520.0,30479.0,30493.0,1614.0
2026-01-08 20:15:00,1767874500,30493.0,30516.0,30489.0,30511.0,714.0
2026-01-08 20:30:00,1767875400,30511.0,30513.0,30495.0,30495.0,682.0
2026-01-08 20:45:00,1767876300,30497.0,30513.0,30493.0,30503.0,479.0
2026-01-08 21:00:00,1767877200,30502.0,30509.0,30492.0,30505.0,513.0
2026-01-08 21:15:00,1767878100,30507.0,30550.0,30494.0,30550.0,1725.0
2026-01-08 21:30:00,1767879000,30550.0,30574.0,30541.0,30553.0,2607.0
2026-01-08 21:45:00,1767879900,30552.0,30558.0,30532.0,30540.0,1031.0
2026-01-08 22:00:00,1767880800,30541.0,30557.0,30524.0,30543.0,1405.0
2026-01-08 22:15:00,1767881700,30542.0,30566.0,30538.0,30564.0,884.0
2026-01-08 22:30:00,1767882600,30565.0,30582.0,30455.0,30455.0,8106.0
2026-01-08 22:45:00,1767883500,30457.0,30514.0,30435.0,30449.0,7084.0
2026-01-08 23:00:00,1767884400,30448.0,30472.0,30381.0,30471.0,8504.0
2026-01-08 23:15:00,1767885300,30470.0,30482.0,30435.0,30446.0,3453.0
2026-01-08 23:30:00,1767886200,30446.0,30460.0,30370.0,30435.0,5418.0
2026-01-08 23:45:00,1767887100,30433.0,30439.0,30355.0,30409.0,4683.0
2026-01-09 00:00:00,1767888000,30411.0,30411.0,30344.0,30350.0,3794.0
2026-01-09 00:15:00,1767888900,30350.0,30393.0,30339.0,30371.0,2703.0
2026-01-09 00:30:00,1767889800,30368.0,30401.0,30337.0,30390.0,2526.0
2026-01-09 00:45:00,1767890700,30390.0,30409.0,30367.0,30401.0,1788.0
2026-01-09 01:00:00,1767891600,30400.0,30403.0,30359.0,30370.0,1164.0
2026-01-09 01:15:00,1767892500,30372.0,30394.0,30347.0,30360.0,1033.0
2026-01-09 01:30:00,1767893400,30360.0,30394.0,30357.0,30391.0,743.0
2026-01-09 01:45:00,1767894300,30392.0,30429.0,30387.0,30414.0,1346.0
2026-01-09 02:00:00,1767895200,30411.0,30412.0,30348.0,30361.0,1582.0
2026-01-09 02:15:00,1767896100,30362.0,30390.0,30355.0,30381.0,621.0
2026-01-09 02:30:00,1767897000,30381.0,30387.0,30371.0,30375.0,279.0
2026-01-09 02:45:00,1767897900,30375.0,30392.0,30358.0,30359.0,349.0
2026-01-09 03:00:00,1767898800,30359.0,30380.0,30326.0,30330.0,1080.0
2026-01-09 03:15:00,1767899700,30330.0,30374.0,30326.0,30371.0,695.0
2026-01-09 03:30:00,1767900600,30371.0,30382.0,30362.0,30368.0,316.0
2026-01-09 03:45:00,1767901500,30367.0,30399.0,30367.0,30390.0,569.0
2026-01-09 04:00:00,1767902400,30390.0,30397.0,30380.0,30391.0,391.0
2026-01-09 04:15:00,1767903300,30393.0,30424.0,30385.0,30419.0,544.0
2026-01-09 04:30:00,1767904200,30419.0,30459.0,30418.0,30451.0,1048.0
2026-01-09 04:45:00,1767905100,30452.0,30468.0,30450.0,30458.0,809.0
2026-01-09 08:45:00,1767919500,30446.0,30465.0,30361.0,30374.0,8441.0
2026-01-09 09:00:00,1767920400,30372.0,30405.0,30334.0,30348.0,10526.0
2026-01-09 09:15:00,1767921300,30349.0,30350.0,30006.0,30029.0,25422.0
2026-01-09 09:30:00,1767922200,30029.0,30195.0,30007.0,30179.0,17184.0
2026-01-09 09:45:00,1767923100,30178.0,30284.0,30172.0,30252.0,11758.0
2026-01-09 10:00:00,1767924000,30250.0,30358.0,30250.0,30320.0,11721.0
2026-01-09 10:15:00,1767924900,30322.0,30404.0,30302.0,30383.0,7750.0
2026-01-09 10:30:00,1767925800,30382.0,30533.0,30370.0,30525.0,10688.0
2026-01-09 10:45:00,1767926700,30525.0,30578.0,30457.0,30523.0,12895.0
2026-01-09 11:00:00,1767927600,30523.0,30559.0,30484.0,30496.0,4985.0
2026-01-09 11:15:00,1767928500,30497.0,30530.0,30466.0,30466.0,2859.0
2026-01-09 11:30:00,1767929400,30466.0,30504.0,30448.0,30499.0,3560.0
2026-01-09 11:45:00,1767930300,30500.0,30512.0,30482.0,30491.0,1789.0
2026-01-09 12:00:00,1767931200,30492.0,30515.0,30480.0,30501.0,2334.0
2026-01-09 12:15:00,1767932100,30500.0,30544.0,30486.0,30522.0,3093.0
2026-01-09 12:30:00,1767933000,30523.0,30545.0,30460.0,30465.0,3798.0
2026-01-09 12:45:00,1767933900,30463.0,30469.0,30414.0,30431.0,5678.0
2026-01-09 13:00:00,1767934800,30432.0,30476.0,30425.0,30465.0,3459.0
2026-01-09 13:15:00,1767935700,30464.0,30474.0,30446.0,30470.0,2414.0
2026-01-09 13:30:00,1767936600,30468.0,30471.0,30433.0,30456.0,5227.0
2026-01-09 15:00:00,1767942000,30468.0,30489.0,30432.0,30439.0,1809.0
2026-01-09 15:15:00,1767942900,30439.0,30448.0,30417.0,30429.0,1242.0
2026-01-09 15:30:00,1767943800,30429.0,30456.0,30428.0,30451.0,943.0
2026-01-09 15:45:00,1767944700,30450.0,30460.0,30430.0,30442.0,812.0
2026-01-09 16:00:00,1767945600,30443.0,30472.0,30433.0,30460.0,1223.0
2026-01-09 16:15:00,1767946500,30460.0,30475.0,30452.0,30469.0,778.0
2026-01-09 16:30:00,1767947400,30469.0,30484.0,30454.0,30474.0,909.0
2026-01-09 16:45:00,1767948300,30473.0,30477.0,30446.0,30454.0,863.0
2026-01-09 17:00:00,1767949200,30456.0,30466.0,30448.0,30465.0,506.0
2026-01-09 17:15:00,1767950100,30467.0,30477.0,30463.0,30472.0,437.0
2026-01-09 17:30:00,1767951000,30473.0,30508.0,30471.0,30498.0,1761.0
2026-01-09 17:45:00,1767951900,30498.0,30528.0,30497.0,30518.0,1249.0
2026-01-09 18:00:00,1767952800,30520.0,30527.0,30504.0,30510.0,821.0
2026-01-09 18:15:00,1767953700,30511.0,30532.0,30511.0,30519.0,805.0
2026-01-09 18:30:00,1767954600,30519.0,30535.0,30514.0,30526.0,650.0
2026-01-09 18:45:00,1767955500,30529.0,30536.0,30526.0,30530.0,398.0
2026-01-09 19:00:00,1767956400,30529.0,30535.0,30515.0,30523.0,691.0
2026-01-09 19:15:00,1767957300,30522.0,30553.0,30521.0,30548.0,1046.0
2026-01-09 19:30:00,1767958200,30548.0,30564.0,30545.0,30560.0,1228.0
2026-01-09 19:45:00,1767959100,30559.0,30561.0,30538.0,30540.0,667.0
2026-01-09 20:00:00,1767960000,30540.0,30546.0,30531.0,30534.0,714.0
2026-01-09 20:15:00,1767960900,30535.0,30536.0,30515.0,30526.0,893.0
2026-01-09 20:30:00,1767961800,30525.0,30531.0,30519.0,30530.0,586.0
2026-01-09 20:45:00,1767962700,30530.0,30543.0,30510.0,30520.0,1156.0
2026-01-09 21:00:00,1767963600,30521.0,30523.0,30490.0,30497.0,1436.0
2026-01-09 21:15:00,1767964500,30494.0,30533.0,30488.0,30533.0,1335.0
2026-01-09 21:30:00,1767965400,30533.0,30575.0,30527.0,30569.0,4668.0
2026-01-09 21:45:00,1767966300,30569.0,30576.0,30545.0,30552.0,1572.0
2026-01-09 22:00:00,1767967200,30554.0,30565.0,30506.0,30529.0,2323.0
2026-01-09 22:15:00,1767968100,30528.0,30534.0,30508.0,30520.0,1611.0
2026-01-09 22:30:00,1767969000,30518.0,30650.0,30494.0,30613.0,11222.0
2026-01-09 22:45:00,1767969900,30610.0,30636.0,30580.0,30629.0,5722.0
2026-01-09 23:00:00,1767970800,30630.0,30648.0,30502.0,30594.0,9849.0
2026-01-09 23:15:00,1767971700,30595.0,30670.0,30584.0,30662.0,6029.0
2026-01-09 23:30:00,1767972600,30663.0,30696.0,30619.0,30621.0,6157.0
2026-01-09 23:45:00,1767973500,30623.0,30657.0,30612.0,30656.0,3101.0
2026-01-10 00:00:00,1767974400,30656.0,30695.0,30652.0,30684.0,3318.0
2026-01-10 00:15:00,1767975300,30685.0,30719.0,30680.0,30711.0,3585.0
2026-01-10 00:30:00,1767976200,30712.0,30745.0,30709.0,30738.0,3199.0
2026-01-10 00:45:00,1767977100,30738.0,30776.0,30732.0,30775.0,2442.0
2026-01-10 01:00:00,1767978000,30775.0,30787.0,30751.0,30765.0,2391.0
2026-01-10 01:15:00,1767978900,30765.0,30766.0,30737.0,30740.0,1420.0
2026-01-10 01:30:00,1767979800,30741.0,30765.0,30736.0,30761.0,947.0
2026-01-10 01:45:00,1767980700,30762.0,30785.0,30758.0,30762.0,1035.0
2026-01-10 02:00:00,1767981600,30761.0,30763.0,30724.0,30738.0,1029.0
2026-01-10 02:15:00,1767982500,30738.0,30752.0,30729.0,30750.0,735.0
2026-01-10 02:30:00,1767983400,30747.0,30802.0,30742.0,30787.0,1670.0
2026-01-10 02:45:00,1767984300,30787.0,30792.0,30774.0,30778.0,522.0
2026-01-10 03:00:00,1767985200,30777.0,30780.0,30765.0,30773.0,451.0
2026-01-10 03:15:00,1767986100,30775.0,30781.0,30765.0,30767.0,372.0
2026-01-10 03:30:00,1767987000,30766.0,30785.0,30762.0,30784.0,331.0
2026-01-10 03:45:00,1767987900,30784.0,30792.0,30782.0,30786.0,417.0
2026-01-10 04:00:00,1767988800,30785.0,30815.0,30766.0,30812.0,1123.0
2026-01-10 04:15:00,1767989700,30812.0,30838.0,30806.0,30816.0,910.0
2026-01-10 04:30:00,1767990600,30817.0,30820.0,30802.0,30811.0,570.0
2026-01-10 04:45:00,1767991500,30810.0,30826.0,30796.0,30821.0,976.0
2026-01-12 08:45:00,1768178700,30726.0,30739.0,30674.0,30710.0,11193.0
2026-01-12 09:00:00,1768179600,30710.0,30754.0,30662.0,30665.0,12235.0
2026-01-12 09:15:00,1768180500,30668.0,30719.0,30600.0,30659.0,11854.0
2026-01-12 09:30:00,1768181400,30658.0,30696.0,30631.0,30686.0,6224.0
2026-01-12 09:45:00,1768182300,30685.0,30687.0,30608.0,30619.0,7029.0
2026-01-12 10:00:00,1768183200,30619.0,30658.0,30555.0,30632.0,9219.0
2026-01-12 10:15:00,1768184100,30631.0,30688.0,30601.0,30632.0,6891.0
2026-01-12 10:30:00,1768185000,30632.0,30697.0,30610.0,30655.0,4821.0
2026-01-12 10:45:00,1768185900,30655.0,30693.0,30633.0,30668.0,4172.0
2026-01-12 11:00:00,1768186800,30669.0,30678.0,30637.0,30649.0,2168.0
2026-01-12 11:15:00,1768187700,30647.0,30703.0,30635.0,30695.0,2912.0
2026-01-12 11:30:00,1768188600,30696.0,30720.0,30675.0,30718.0,3621.0
2026-01-12 11:45:00,1768189500,30716.0,30741.0,30683.0,30716.0,4309.0
2026-01-12 12:00:00,1768190400,30713.0,30729.0,30691.0,30711.0,2681.0
2026-01-12 12:15:00,1768191300,30712.0,30712.0,30685.0,30698.0,1499.0
2026-01-12 12:30:00,1768192200,30697.0,30701.0,30637.0,30643.0,3732.0
2026-01-12 12:45:00,1768193100,30641.0,30704.0,30635.0,30703.0,3513.0
2026-01-12 13:00:00,1768194000,30704.0,30763.0,30691.0,30722.0,6027.0
2026-01-12 13:15:00,1768194900,30722.0,30735.0,30684.0,30699.0,3269.0
2026-01-12 13:30:00,1768195800,30699.0,30717.0,30688.0,30703.0,2751.0
2026-01-12 15:00:00,1768201200,30725.0,30805.0,30721.0,30790.0,4663.0
2026-01-12 15:15:00,1768202100,30788.0,30818.0,30780.0,30801.0,2446.0
2026-01-12 15:30:00,1768203000,30802.0,30805.0,30781.0,30785.0,1488.0
2026-01-12 15:45:00,1768203900,30784.0,30803.0,30781.0,30801.0,840.0
2026-01-12 16:00:00,1768204800,30800.0,30813.0,30778.0,30778.0,1321.0
2026-01-12 16:15:00,1768205700,30778.0,30787.0,30761.0,30777.0,1457.0
2026-01-12 16:30:00,1768206600,30775.0,30777.0,30706.0,30725.0,3673.0
2026-01-12 16:45:00,1768207500,30724.0,30739.0,30709.0,30732.0,1382.0
2026-01-12 17:00:00,1768208400,30733.0,30765.0,30731.0,30759.0,1472.0
2026-01-12 17:15:00,1768209300,30758.0,30767.0,30739.0,30743.0,875.0
2026-01-12 17:30:00,1768210200,30744.0,30744.0,30716.0,30735.0,1058.0
2026-01-12 17:45:00,1768211100,30735.0,30740.0,30722.0,30732.0,598.0
2026-01-12 18:00:00,1768212000,30731.0,30734.0,30680.0,30690.0,3146.0
2026-01-12 18:15:00,1768212900,30690.0,30696.0,30668.0,30692.0,1886.0
2026-01-12 18:30:00,1768213800,30692.0,30714.0,30690.0,30698.0,1325.0
2026-01-12 18:45:00,1768214700,30698.0,30709.0,30682.0,30683.0,808.0
2026-01-12 19:00:00,1768215600,30685.0,30713.0,30681.0,30710.0,846.0
2026-01-12 19:15:00,1768216500,30710.0,30718.0,30697.0,30706.0,718.0
2026-01-12 19:30:00,1768217400,30705.0,30707.0,30691.0,30699.0,500.0
2026-01-12 19:45:00,1768218300,30698.0,30706.0,30687.0,30698.0,501.0
2026-01-12 20:00:00,1768219200,30699.0,30721.0,30690.0,30712.0,1039.0
2026-01-12 20:15:00,1768220100,30712.0,30718.0,30702.0,30702.0,408.0
2026-01-12 20:30:00,1768221000,30701.0,30710.0,30696.0,30702.0,443.0
2026-01-12 20:45:00,1768221900,30705.0,30744.0,30703.0,30741.0,1359.0
2026-01-12 21:00:00,1768222800,30741.0,30744.0,30714.0,30723.0,1070.0
2026-01-12 21:15:00,1768223700,30724.0,30742.0,30718.0,30726.0,687.0
2026-01-12 21:30:00,1768224600,30726.0,30735.0,30711.0,30729.0,655.0
2026-01-12 21:45:00,1768225500,30730.0,30746.0,30718.0,30730.0,800.0
2026-01-12 22:00:00,1768226400,30728.0,30734.0,30680.0,30681.0,2039.0
2026-01-12 22:15:00,1768227300,30680.0,30688.0,30653.0,30683.0,3154.0
2026-01-12 22:30:00,1768228200,30682.0,30825.0,30681.0,30767.0,11509.0
2026-01-12 22:45:00,1768229100,30767.0,30863.0,30746.0,30858.0,8508.0
2026-01-12 23:00:00,1768230000,30856.0,30862.0,30794.0,30837.0,6092.0
2026-01-12 23:15:00,1768230900,30836.0,30903.0,30827.0,30899.0,6237.0
2026-01-12 23:30:00,1768231800,30899.0,30934.0,30885.0,30924.0,5092.0
2026-01-12 23:45:00,1768232700,30923.0,30987.0,30900.0,30980.0,4634.0
2026-01-13 00:00:00,1768233600,30979.0,31003.0,30960.0,31000.0,4056.0
2026-01-13 00:15:00,1768234500,31000.0,31000.0,30952.0,30961.0,2518.0
2026-01-13 00:30:00,1768235400,30962.0,30980.0,30962.0,30973.0,942.0
2026-01-13 00:45:00,1768236300,30973.0,31006.0,30967.0,30997.0,1531.0
2026-01-13 01:00:00,1768237200,30996.0,31048.0,30986.0,31036.0,2626.0
2026-01-13 01:15:00,1768238100,31034.0,31036.0,30995.0,31025.0,1554.0
2026-01-13 01:30:00,1768239000,31024.0,31028.0,31002.0,31020.0,708.0
2026-01-13 01:45:00,1768239900,31020.0,31047.0,31017.0,31040.0,788.0
2026-01-13 02:00:00,1768240800,31040.0,31074.0,31039.0,31070.0,1468.0
2026-01-13 02:15:00,1768241700,31071.0,31083.0,31060.0,31080.0,892.0
2026-01-13 02:30:00,1768242600,31080.0,31089.0,31060.0,31086.0,878.0
2026-01-13 02:45:00,1768243500,31087.0,31092.0,31075.0,31084.0,694.0
2026-01-13 03:00:00,1768244400,31084.0,31098.0,31069.0,31098.0,674.0
2026-01-13 03:15:00,1768245300,31098.0,31104.0,31087.0,31087.0,696.0
2026-01-13 03:30:00,1768246200,31089.0,31092.0,31073.0,31074.0,406.0
2026-01-13 03:45:00,1768247100,31074.0,31095.0,31072.0,31088.0,377.0
2026-01-13 04:00:00,1768248000,31090.0,31090.0,31046.0,31075.0,1070.0
2026-01-13 04:15:00,1768248900,31077.0,31078.0,31056.0,31063.0,438.0
2026-01-13 04:30:00,1768249800,31061.0,31069.0,31052.0,31054.0,331.0
2026-01-13 04:45:00,1768250700,31053.0,31083.0,31038.0,31069.0,1080.0
2026-01-13 08:45:00,1768265100,31077.0,31267.0,31040.0,31100.0,17764.0
2026-01-13 09:00:00,1768266000,31100.0,31106.0,30944.0,31004.0,19317.0
2026-01-13 09:15:00,1768266900,31005.0,31032.0,30930.0,31001.0,9805.0
2026-01-13 09:30:00,1768267800,30998.0,31008.0,30793.0,30817.0,16339.0
2026-01-13 09:45:00,1768268700,30819.0,30832.0,30710.0,30801.0,18155.0
2026-01-13 10:00:00,1768269600,30805.0,30823.0,30732.0,30768.0,7051.0
2026-01-13 10:15:00,1768270500,30768.0,30779.0,30662.0,30677.0,5825.0
2026-01-13 11:00:00,1768273200,30791.0,30793.0,30781.0,30787.0,178.0
2026-01-13 11:15:00,1768274100,30785.0,30877.0,30783.0,30854.0,5228.0
2026-01-13 11:30:00,1768275000,30852.0,30855.0,30755.0,30779.0,4557.0
2026-01-13 11:45:00,1768275900,30777.0,30778.0,30720.0,30764.0,3858.0
2026-01-13 12:00:00,1768276800,30766.0,30795.0,30751.0,30767.0,2212.0
2026-01-13 12:15:00,1768277700,30766.0,30799.0,30755.0,30775.0,2164.0
2026-01-13 12:30:00,1768278600,30775.0,30793.0,30746.0,30755.0,1588.0
2026-01-13 12:45:00,1768279500,30755.0,30832.0,30740.0,30823.0,3403.0
2026-01-13 13:00:00,1768280400,30824.0,30840.0,30792.0,30804.0,2515.0
2026-01-13 13:15:00,1768281300,30802.0,30836.0,30786.0,30836.0,2495.0
2026-01-13 13:30:00,1768282200,30836.0,30875.0,30834.0,30873.0,4818.0
2026-01-13 15:00:00,1768287600,30873.0,30925.0,30870.0,30916.0,3481.0
2026-01-13 15:15:00,1768288500,30916.0,30919.0,30897.0,30906.0,808.0
2026-01-13 15:30:00,1768289400,30905.0,30906.0,30878.0,30891.0,1106.0
2026-01-13 15:45:00,1768290300,30893.0,30924.0,30891.0,30903.0,1195.0
2026-01-13 16:00:00,1768291200,30905.0,30911.0,30875.0,30888.0,1028.0
2026-01-13 16:15:00,1768292100,30887.0,30890.0,30862.0,30871.0,1714.0
2026-01-13 16:30:00,1768293000,30869.0,30881.0,30856.0,30877.0,1083.0
2026-01-13 16:45:00,1768293900,30878.0,30882.0,30867.0,30875.0,686.0
2026-01-13 17:00:00,1768294800,30876.0,30913.0,30875.0,30899.0,1285.0
2026-01-13 17:15:00,1768295700,30898.0,30948.0,30893.0,30936.0,2039.0
2026-01-13 17:30:00,1768296600,30935.0,30948.0,30910.0,30911.0,1205.0
2026-01-13 17:45:00,1768297500,30913.0,30934.0,30908.0,30929.0,634.0
2026-01-13 18:00:00,1768298400,30926.0,30933.0,30902.0,30902.0,724.0
2026-01-13 18:15:00,1768299300,30902.0,30917.0,30894.0,30905.0,717.0
2026-01-13 18:30:00,1768300200,30905.0,30915.0,30901.0,30904.0,411.0
2026-01-13 18:45:00,1768301100,30904.0,30905.0,30886.0,30896.0,628.0
2026-01-13 19:00:00,1768302000,30898.0,30911.0,30892.0,30902.0,494.0
2026-01-13 19:15:00,1768302900,30900.0,30909.0,30892.0,30903.0,311.0
2026-01-13 19:30:00,1768303800,30906.0,30907.0,30876.0,30898.0,806.0
2026-01-13 19:45:00,1768304700,30899.0,30923.0,30891.0,30923.0,763.0
2026-01-13 20:00:00,1768305600,30923.0,30931.0,30912.0,30921.0,969.0
2026-01-13 20:15:00,1768306500,30921.0,30932.0,30915.0,30921.0,477.0
2026-01-13 20:30:00,1768307400,30920.0,30922.0,30913.0,30915.0,268.0
2026-01-13 20:45:00,1768308300,30915.0,30915.0,30893.0,30902.0,634.0
2026-01-13 21:00:00,1768309200,30902.0,30928.0,30896.0,30917.0,649.0
2026-01-13 21:15:00,1768310100,30918.0,30940.0,30906.0,30939.0,777.0
2026-01-13 21:30:00,1768311000,30935.0,31066.0,30935.0,31005.0,9057.0
2026-01-13 21:45:00,1768311900,31004.0,31008.0,30952.0,30980.0,3137.0
2026-01-13 22:00:00,1768312800,30980.0,31004.0,30976.0,31001.0,1602.0
2026-01-13 22:15:00,1768313700,31003.0,31046.0,30999.0,31019.0,2482.0
2026-01-13 22:30:00,1768314600,31018.0,31116.0,31002.0,31083.0,9848.0
2026-01-13 22:45:00,1768315500,31082.0,31085.0,31011.0,31036.0,5866.0
2026-01-13 23:00:00,1768316400,31039.0,31040.0,30884.0,30928.0,11732.0
2026-01-13 23:15:00,1768317300,30928.0,30928.0,30861.0,30900.0,6502.0
2026-01-13 23:30:00,1768318200,30897.0,30965.0,30884.0,30942.0,4720.0
2026-01-13 23:45:00,1768319100,30942.0,31024.0,30928.0,31019.0,4793.0
2026-01-14 00:00:00,1768320000,31018.0,31048.0,30996.0,31012.0,3688.0
2026-01-14 00:15:00,1768320900,31011.0,31030.0,30954.0,31020.0,2465.0
2026-01-14 00:30:00,1768321800,31018.0,31078.0,31006.0,31065.0,3063.0
2026-01-14 00:45:00,1768322700,31066.0,31129.0,31065.0,31092.0,4221.0
2026-01-14 01:00:00,1768323600,31092.0,31100.0,31060.0,31070.0,2115.0
2026-01-14 01:15:00,1768324500,31069.0,31071.0,31024.0,31049.0,2055.0
2026-01-14 01:30:00,1768325400,31049.0,31056.0,30983.0,30994.0,2481.0
2026-01-14 01:45:00,1768326300,30992.0,31009.0,30933.0,30959.0,2789.0
2026-01-14 02:00:00,1768327200,30956.0,30990.0,30946.0,30990.0,1659.0
2026-01-14 02:15:00,1768328100,30990.0,31010.0,30966.0,30970.0,1201.0
2026-01-14 02:30:00,1768329000,30967.0,31008.0,30964.0,30976.0,666.0
2026-01-14 02:45:00,1768329900,30975.0,30991.0,30960.0,30970.0,555.0
2026-01-14 03:00:00,1768330800,30971.0,30984.0,30948.0,30963.0,630.0
2026-01-14 03:15:00,1768331700,30967.0,30996.0,30958.0,30977.0,520.0
2026-01-14 03:30:00,1768332600,30977.0,30991.0,30974.0,30976.0,352.0
2026-01-14 03:45:00,1768333500,30976.0,30990.0,30967.0,30975.0,261.0
2026-01-14 04:00:00,1768334400,30977.0,30977.0,30946.0,30951.0,653.0
2026-01-14 04:15:00,1768335300,30950.0,30956.0,30912.0,30923.0,940.0
2026-01-14 04:30:00,1768336200,30922.0,30937.0,30900.0,30934.0,664.0
2026-01-14 04:45:00,1768337100,30933.0,30960.0,30920.0,30952.0,546.0
2026-01-14 08:45:00,1768351500,30997.0,31066.0,30961.0,30970.0,8016.0
2026-01-14 09:00:00,1768352400,30970.0,31029.0,30936.0,30998.0,12657.0
2026-01-14 09:15:00,1768353300,31000.0,31038.0,30960.0,31006.0,6671.0
2026-01-14 09:30:00,1768354200,31006.0,31038.0,30977.0,31028.0,5973.0
2026-01-14 09:45:00,1768355100,31027.0,31045.0,30981.0,31024.0,5251.0
2026-01-14 10:00:00,1768356000,31024.0,31109.0,31023.0,31077.0,10056.0
2026-01-14 10:15:00,1768356900,31077.0,31163.0,31077.0,31107.0,9746.0
2026-01-14 10:30:00,1768357800,31108.0,31112.0,30953.0,31000.0,11379.0
2026-01-14 10:45:00,1768358700,31000.0,31022.0,30978.0,31000.0,3478.0
2026-01-14 11:00:00,1768359600,30998.0,31063.0,30994.0,31057.0,3755.0
2026-01-14 11:15:00,1768360500,31057.0,31070.0,31025.0,31041.0,3232.0
2026-01-14 11:30:00,1768361400,31041.0,31063.0,30996.0,31006.0,2717.0
2026-01-14 11:45:00,1768362300,31007.0,31018.0,30986.0,30998.0,2022.0
2026-01-14 12:00:00,1768363200,30997.0,31024.0,30989.0,31009.0,1772.0
2026-01-14 12:15:00,1768364100,31009.0,31025.0,30971.0,30990.0,3408.0
2026-01-14 12:30:00,1768365000,30990.0,30990.0,30959.0,30968.0,2441.0
2026-01-14 12:45:00,1768365900,30966.0,30981.0,30944.0,30972.0,3408.0
2026-01-14 13:00:00,1768366800,30970.0,30985.0,30956.0,30969.0,1918.0
2026-01-14 13:15:00,1768367700,30970.0,31005.0,30960.0,31005.0,2746.0
2026-01-14 13:30:00,1768368600,31005.0,31020.0,30975.0,30983.0,3615.0
2026-01-14 15:00:00,1768374000,30952.0,30966.0,30915.0,30961.0,3641.0
2026-01-14 15:15:00,1768374900,30961.0,30984.0,30953.0,30976.0,1326.0
2026-01-14 15:30:00,1768375800,30978.0,30983.0,30966.0,30973.0,608.0
2026-01-14 15:45:00,1768376700,30972.0,30974.0,30947.0,30952.0,832.0
2026-01-14 16:00:00,1768377600,30952.0,30971.0,30948.0,30965.0,802.0
2026-01-14 16:15:00,1768378500,30965.0,30979.0,30953.0,30959.0,591.0
2026-01-14 16:30:00,1768379400,30961.0,30961.0,30943.0,30953.0,758.0
2026-01-14 16:45:00,1768380300,30952.0,30960.0,30937.0,30951.0,676.0
2026-01-14 17:00:00,1768381200,30952.0,30974.0,30948.0,30972.0,755.0
2026-01-14 17:15:00,1768382100,30971.0,30990.0,30968.0,30978.0,1137.0
2026-01-14 17:30:00,1768383000,30979.0,30980.0,30959.0,30963.0,619.0
2026-01-14 17:45:00,1768383900,30965.0,30969.0,30945.0,30967.0,845.0
2026-01-14 18:00:00,1768384800,30965.0,30967.0,30950.0,30955.0,313.0
2026-01-14 18:15:00,1768385700,30956.0,30956.0,30733.0,30840.0,10154.0
2026-01-14 18:30:00,1768386600,30840.0,30846.0,30779.0,30812.0,4020.0
2026-01-14 18:45:00,1768387500,30814.0,30825.0,30781.0,30803.0,2545.0
2026-01-14 19:00:00,1768388400,30802.0,30812.0,30756.0,30794.0,3108.0
2026-01-14 19:15:00,1768389300,30795.0,30829.0,30785.0,30816.0,1711.0
2026-01-14 19:30:00,1768390200,30818.0,30828.0,30808.0,30812.0,870.0
2026-01-14 19:45:00,1768391100,30812.0,30829.0,30795.0,30795.0,1151.0
2026-01-14 20:00:00,1768392000,30794.0,30806.0,30755.0,30805.0,2760.0
2026-01-14 20:15:00,1768392900,30804.0,30865.0,30788.0,30837.0,2717.0
2026-01-14 20:30:00,1768393800,30838.0,30860.0,30833.0,30844.0,1428.0
2026-01-14 20:45:00,1768394700,30845.0,30848.0,30818.0,30847.0,1248.0
2026-01-14 21:00:00,1768395600,30847.0,30855.0,30825.0,30836.0,1028.0
2026-01-14 21:15:00,1768396500,30834.0,30885.0,30808.0,30885.0,2582.0
2026-01-14 21:30:00,1768397400,30885.0,30897.0,30814.0,30819.0,3138.0
2026-01-14 21:45:00,1768398300,30816.0,30842.0,30809.0,30814.0,1889.0
2026-01-14 22:00:00,1768399200,30814.0,30835.0,30788.0,30812.0,2398.0
2026-01-14 22:15:00,1768400100,30812.0,30852.0,30812.0,30835.0,1976.0
2026-01-14 22:30:00,1768401000,30836.0,30864.0,30757.0,30783.0,9755.0
2026-01-14 22:45:00,1768401900,30782.0,30848.0,30779.0,30794.0,4929.0
2026-01-14 23:00:00,1768402800,30794.0,30830.0,30718.0,30828.0,10131.0
2026-01-14 23:15:00,1768403700,30825.0,30849.0,30800.0,30804.0,4264.0
2026-01-14 23:30:00,1768404600,30805.0,30826.0,30769.0,30784.0,3740.0
2026-01-14 23:45:00,1768405500,30783.0,30794.0,30722.0,30750.0,4547.0
2026-01-15 00:00:00,1768406400,30750.0,30782.0,30744.0,30750.0,2124.0
2026-01-15 00:15:00,1768407300,30750.0,30824.0,30731.0,30819.0,2815.0
2026-01-15 00:30:00,1768408200,30819.0,30828.0,30761.0,30763.0,1857.0
2026-01-15 00:45:00,1768409100,30761.0,30761.0,30656.0,30679.0,6221.0
2026-01-15 01:00:00,1768410000,30683.0,30729.0,30664.0,30720.0,2523.0
2026-01-15 01:15:00,1768410900,30720.0,30721.0,30671.0,30705.0,1782.0
2026-01-15 01:30:00,1768411800,30705.0,30706.0,30666.0,30696.0,1251.0
2026-01-15 01:45:00,1768412700,30695.0,30724.0,30662.0,30680.0,1548.0
2026-01-15 02:00:00,1768413600,30678.0,30709.0,30668.0,30703.0,937.0
2026-01-15 02:15:00,1768414500,30703.0,30726.0,30688.0,30721.0,819.0
2026-01-15 02:30:00,1768415400,30720.0,30734.0,30675.0,30698.0,931.0
2026-01-15 02:45:00,1768416300,30698.0,30794.0,30694.0,30789.0,2166.0
2026-01-15 03:00:00,1768417200,30788.0,30798.0,30756.0,30761.0,1077.0
2026-01-15 03:15:00,1768418100,30763.0,30774.0,30745.0,30761.0,545.0
2026-01-15 03:30:00,1768419000,30763.0,30772.0,30739.0,30748.0,414.0
2026-01-15 03:45:00,1768419900,30746.0,30776.0,30746.0,30761.0,389.0
2026-01-15 04:00:00,1768420800,30763.0,30820.0,30730.0,30792.0,1702.0
2026-01-15 04:15:00,1768421700,30793.0,30797.0,30755.0,30780.0,492.0
2026-01-15 04:30:00,1768422600,30782.0,30844.0,30780.0,30805.0,1245.0
2026-01-15 04:45:00,1768423500,30807.0,30836.0,30788.0,30836.0,952.0
2026-01-15 08:45:00,1768437900,30836.0,30882.0,30816.0,30854.0,7806.0
2026-01-15 09:00:00,1768438800,30853.0,30936.0,30832.0,30888.0,12354.0
2026-01-15 09:15:00,1768439700,30886.0,30909.0,30840.0,30879.0,7293.0
2026-01-15 09:30:00,1768440600,30880.0,30942.0,30861.0,30908.0,8466.0
2026-01-15 09:45:00,1768441500,30906.0,30938.0,30856.0,30890.0,6414.0
2026-01-15 10:00:00,1768442400,30890.0,30898.0,30798.0,30809.0,9390.0
2026-01-15 10:15:00,1768443300,30809.0,30843.0,30780.0,30792.0,6133.0
2026-01-15 10:30:00,1768444200,30792.0,30813.0,30771.0,30778.0,3896.0
2026-01-15 10:45:00,1768445100,30776.0,30832.0,30752.0,30792.0,5933.0
2026-01-15 11:00:00,1768446000,30793.0,30829.0,30793.0,30803.0,2652.0
2026-01-15 11:15:00,1768446900,30804.0,30819.0,30779.0,30783.0,2300.0
2026-01-15 11:30:00,1768447800,30783.0,30811.0,30761.0,30795.0,2692.0
2026-01-15 11:45:00,1768448700,30796.0,30805.0,30745.0,30781.0,3410.0
2026-01-15 12:00:00,1768449600,30781.0,30874.0,30779.0,30866.0,5485.0
2026-01-15 12:15:00,1768450500,30867.0,30923.0,30863.0,30903.0,4838.0
2026-01-15 12:30:00,1768451400,30904.0,30912.0,30876.0,30901.0,2678.0
2026-01-15 12:45:00,1768452300,30901.0,30923.0,30888.0,30895.0,3019.0
2026-01-15 13:00:00,1768453200,30896.0,30955.0,30882.0,30943.0,4774.0
2026-01-15 13:15:00,1768454100,30945.0,30996.0,30943.0,30978.0,5193.0
2026-01-15 13:30:00,1768455000,30980.0,31055.0,30965.0,31050.0,8271.0
2026-01-15 13:45:00,1768455900,31054.0,31054.0,31054.0,31054.0,1.0
2026-01-15 15:00:00,1768460400,31195.0,31264.0,31169.0,31210.0,11385.0
2026-01-15 15:15:00,1768461300,31211.0,31218.0,31117.0,31142.0,4850.0
2026-01-15 15:30:00,1768462200,31143.0,31165.0,31136.0,31156.0,1709.0
2026-01-15 15:45:00,1768463100,31158.0,31196.0,31153.0,31168.0,2068.0
2026-01-15 16:00:00,1768464000,31172.0,31216.0,31145.0,31210.0,2367.0
2026-01-15 16:15:00,1768464900,31212.0,31238.0,31199.0,31225.0,2281.0
2026-01-15 16:30:00,1768465800,31223.0,31247.0,31220.0,31239.0,1691.0
2026-01-15 16:45:00,1768466700,31237.0,31244.0,31213.0,31243.0,1264.0
2026-01-15 17:00:00,1768467600,31242.0,31342.0,31236.0,31341.0,6018.0
2026-01-15 17:15:00,1768468500,31340.0,31377.0,31314.0,31342.0,4368.0
2026-01-15 17:30:00,1768469400,31343.0,31384.0,31335.0,31382.0,2706.0
2026-01-15 17:45:00,1768470300,31382.0,31395.0,31355.0,31365.0,2550.0
2026-01-15 18:00:00,1768471200,31365.0,31392.0,31358.0,31386.0,1311.0
2026-01-15 18:15:00,1768472100,31388.0,31392.0,31370.0,31380.0,966.0
2026-01-15 18:30:00,1768473000,31381.0,31418.0,31377.0,31418.0,2159.0
2026-01-15 18:45:00,1768473900,31418.0,31443.0,31415.0,31425.0,2283.0
2026-01-15 19:00:00,1768474800,31428.0,31436.0,31411.0,31431.0,1421.0
2026-01-15 19:15:00,1768475700,31430.0,31446.0,31405.0,31443.0,1594.0
2026-01-15 19:30:00,1768476600,31442.0,31453.0,31428.0,31443.0,1395.0
2026-01-15 19:45:00,1768477500,31443.0,31449.0,31431.0,31431.0,761.0
2026-01-15 20:00:00,1768478400,31431.0,31457.0,31419.0,31441.0,1540.0
2026-01-15 20:15:00,1768479300,31441.0,31448.0,31408.0,31426.0,1606.0
2026-01-15 20:30:00,1768480200,31427.0,31438.0,31390.0,31437.0,2458.0
2026-01-15 20:45:00,1768481100,31437.0,31456.0,31427.0,31442.0,1422.0
2026-01-15 21:00:00,1768482000,31441.0,31441.0,31403.0,31420.0,1430.0
2026-01-15 21:15:00,1768482900,31421.0,31424.0,31408.0,31418.0,620.0
2026-01-15 21:30:00,1768483800,31418.0,31435.0,31406.0,31415.0,1312.0
2026-01-15 21:45:00,1768484700,31419.0,31436.0,31413.0,31430.0,769.0
2026-01-15 22:00:00,1768485600,31428.0,31447.0,31422.0,31438.0,1071.0
2026-01-15 22:15:00,1768486500,31440.0,31466.0,31428.0,31433.0,2135.0
2026-01-15 22:30:00,1768487400,31432.0,31449.0,31325.0,31437.0,12333.0
2026-01-15 22:45:00,1768488300,31439.0,31450.0,31386.0,31436.0,5238.0
2026-01-15 23:00:00,1768489200,31433.0,31503.0,31431.0,31484.0,6425.0
2026-01-15 23:15:00,1768490100,31485.0,31489.0,31423.0,31441.0,4389.0
2026-01-15 23:30:00,1768491000,31442.0,31466.0,31436.0,31443.0,2088.0
2026-01-15 23:45:00,1768491900,31444.0,31482.0,31415.0,31479.0,3821.0
2026-01-16 00:00:00,1768492800,31481.0,31500.0,31468.0,31494.0,2002.0
2026-01-16 00:15:00,1768493700,31494.0,31530.0,31481.0,31525.0,2961.0
2026-01-16 00:30:00,1768494600,31524.0,31528.0,31484.0,31512.0,1615.0
2026-01-16 00:45:00,1768495500,31512.0,31515.0,31492.0,31506.0,778.0
2026-01-16 01:00:00,1768496400,31507.0,31541.0,31498.0,31503.0,1717.0
2026-01-16 01:15:00,1768497300,31503.0,31504.0,31474.0,31484.0,1384.0
2026-01-16 01:30:00,1768498200,31483.0,31512.0,31477.0,31508.0,702.0
2026-01-16 01:45:00,1768499100,31508.0,31522.0,31471.0,31477.0,1031.0
2026-01-16 02:00:00,1768500000,31475.0,31491.0,31461.0,31471.0,987.0
2026-01-16 02:15:00,1768500900,31470.0,31484.0,31455.0,31483.0,831.0
2026-01-16 02:30:00,1768501800,31483.0,31488.0,31461.0,31465.0,446.0
2026-01-16 02:45:00,1768502700,31470.0,31473.0,31443.0,31452.0,799.0
2026-01-16 03:00:00,1768503600,31451.0,31452.0,31406.0,31429.0,1819.0
2026-01-16 03:15:00,1768504500,31426.0,31433.0,31380.0,31382.0,1638.0
2026-01-16 03:30:00,1768505400,31384.0,31415.0,31370.0,31403.0,1450.0
2026-01-16 03:45:00,1768506300,31403.0,31412.0,31360.0,31378.0,948.0
2026-01-16 04:00:00,1768507200,31376.0,31378.0,31349.0,31357.0,1442.0
2026-01-16 04:15:00,1768508100,31356.0,31364.0,31331.0,31346.0,1313.0
2026-01-16 04:30:00,1768509000,31347.0,31362.0,31333.0,31348.0,962.0
2026-01-16 04:45:00,1768509900,31346.0,31354.0,31305.0,31339.0,2434.0
2026-01-16 08:45:00,1768524300,31383.0,31434.0,31341.0,31367.0,9447.0
2026-01-16 09:00:00,1768525200,31368.0,31393.0,31200.0,31241.0,19915.0
2026-01-16 09:15:00,1768526100,31240.0,31263.0,31158.0,31195.0,11411.0
2026-01-16 09:30:00,1768527000,31197.0,31265.0,31161.0,31173.0,8868.0
2026-01-16 09:45:00,1768527900,31172.0,31257.0,31164.0,31249.0,6812.0
2026-01-16 10:00:00,1768528800,31248.0,31330.0,31248.0,31314.0,8948.0
2026-01-16 10:15:00,1768529700,31313.0,31355.0,31303.0,31351.0,5826.0
2026-01-16 10:30:00,1768530600,31349.0,31397.0,31345.0,31353.0,6285.0
2026-01-16 10:45:00,1768531500,31353.0,31409.0,31337.0,31404.0,4850.0
2026-01-16 11:00:00,1768532400,31404.0,31441.0,31389.0,31440.0,5948.0
2026-01-16 11:15:00,1768533300,31439.0,31445.0,31416.0,31430.0,3565.0
2026-01-16 11:30:00,1768534200,31430.0,31447.0,31388.0,31424.0,3841.0
2026-01-16 11:45:00,1768535100,31424.0,31456.0,31419.0,31445.0,2895.0
2026-01-16 12:00:00,1768536000,31445.0,31483.0,31431.0,31482.0,3378.0
2026-01-16 12:15:00,1768536900,31482.0,31527.0,31477.0,31504.0,5343.0
2026-01-16 12:30:00,1768537800,31505.0,31519.0,31490.0,31505.0,2187.0
2026-01-16 12:45:00,1768538700,31502.0,31512.0,31475.0,31502.0,2366.0
2026-01-16 13:00:00,1768539600,31502.0,31536.0,31475.0,31475.0,4581.0
2026-01-16 13:15:00,1768540500,31475.0,31508.0,31464.0,31498.0,3592.0
2026-01-16 13:30:00,1768541400,31497.0,31500.0,31454.0,31478.0,3947.0
2026-01-16 15:00:00,1768546800,31486.0,31511.0,31472.0,31507.0,1989.0
2026-01-16 15:15:00,1768547700,31506.0,31526.0,31476.0,31477.0,1704.0
2026-01-16 15:30:00,1768548600,31477.0,31484.0,31455.0,31484.0,1538.0
2026-01-16 15:45:00,1768549500,31482.0,31508.0,31480.0,31481.0,1159.0
2026-01-16 16:00:00,1768550400,31481.0,31507.0,31476.0,31480.0,892.0
2026-01-16 16:15:00,1768551300,31480.0,31495.0,31462.0,31475.0,820.0
2026-01-16 16:30:00,1768552200,31474.0,31480.0,31454.0,31469.0,780.0
2026-01-16 16:45:00,1768553100,31468.0,31489.0,31467.0,31475.0,559.0
2026-01-16 17:00:00,1768554000,31473.0,31501.0,31467.0,31493.0,892.0
2026-01-16 17:15:00,1768554900,31493.0,31495.0,31467.0,31483.0,541.0
2026-01-16 17:30:00,1768555800,31483.0,31483.0,31464.0,31470.0,466.0
2026-01-16 17:45:00,1768556700,31472.0,31475.0,31461.0,31462.0,397.0
2026-01-16 18:00:00,1768557600,31463.0,31483.0,31456.0,31474.0,640.0
2026-01-16 18:15:00,1768558500,31473.0,31480.0,31469.0,31475.0,270.0
2026-01-16 18:30:00,1768559400,31476.0,31495.0,31475.0,31492.0,632.0
2026-01-16 18:45:00,1768560300,31492.0,31502.0,31475.0,31489.0,760.0
2026-01-16 19:00:00,1768561200,31486.0,31493.0,31480.0,31490.0,317.0
2026-01-16 19:15:00,1768562100,31491.0,31509.0,31490.0,31499.0,757.0
2026-01-16 19:30:00,1768563000,31499.0,31500.0,31482.0,31486.0,438.0
2026-01-16 19:45:00,1768563900,31485.0,31486.0,31468.0,31473.0,719.0
2026-01-16 20:00:00,1768564800,31473.0,31492.0,31472.0,31489.0,697.0
2026-01-16 20:15:00,1768565700,31490.0,31496.0,31466.0,31478.0,695.0
2026-01-16 20:30:00,1768566600,31478.0,31486.0,31470.0,31485.0,274.0
2026-01-16 20:45:00,1768567500,31485.0,31489.0,31442.0,31461.0,1833.0
2026-01-16 21:00:00,1768568400,31460.0,31468.0,31437.0,31447.0,1262.0
2026-01-16 21:15:00,1768569300,31447.0,31456.0,31433.0,31453.0,1011.0
2026-01-16 21:30:00,1768570200,31453.0,31466.0,31441.0,31456.0,889.0
2026-01-16 21:45:00,1768571100,31458.0,31469.0,31447.0,31447.0,605.0
2026-01-16 22:00:00,1768572000,31449.0,31462.0,31445.0,31447.0,605.0
2026-01-16 22:15:00,1768572900,31448.0,31488.0,31447.0,31485.0,1562.0
2026-01-16 22:30:00,1768573800,31486.0,31520.0,31473.0,31476.0,6066.0
2026-01-16 22:45:00,1768574700,31476.0,31506.0,31365.0,31366.0,7361.0
2026-01-16 23:00:00,1768575600,31366.0,31423.0,31345.0,31378.0,7403.0
2026-01-16 23:15:00,1768576500,31376.0,31389.0,31321.0,31322.0,6591.0
2026-01-16 23:30:00,1768577400,31323.0,31343.0,31287.0,31321.0,5629.0
2026-01-16 23:45:00,1768578300,31320.0,31343.0,31289.0,31342.0,4279.0
2026-01-17 00:00:00,1768579200,31340.0,31356.0,31317.0,31330.0,3198.0
2026-01-17 00:15:00,1768580100,31329.0,31356.0,31318.0,31349.0,1722.0
2026-01-17 00:30:00,1768581000,31350.0,31375.0,31344.0,31362.0,2269.0
2026-01-17 00:45:00,1768581900,31361.0,31384.0,31332.0,31346.0,2113.0
2026-01-17 01:00:00,1768582800,31346.0,31363.0,31335.0,31350.0,1050.0
2026-01-17 01:15:00,1768583700,31351.0,31362.0,31335.0,31355.0,842.0
2026-01-17 01:30:00,1768584600,31353.0,31368.0,31340.0,31348.0,670.0
2026-01-17 01:45:00,1768585500,31347.0,31350.0,31311.0,31311.0,1321.0
2026-01-17 02:00:00,1768586400,31313.0,31347.0,31310.0,31343.0,761.0
2026-01-17 02:15:00,1768587300,31342.0,31388.0,31342.0,31372.0,1074.0
2026-01-17 02:30:00,1768588200,31372.0,31387.0,31366.0,31367.0,658.0
2026-01-17 02:45:00,1768589100,31366.0,31374.0,31356.0,31370.0,418.0
2026-01-17 03:00:00,1768590000,31368.0,31400.0,31356.0,31363.0,1070.0
2026-01-17 03:15:00,1768590900,31362.0,31371.0,31354.0,31365.0,416.0
2026-01-17 03:30:00,1768591800,31366.0,31379.0,31359.0,31371.0,339.0
2026-01-17 03:45:00,1768592700,31371.0,31384.0,31369.0,31373.0,280.0
2026-01-17 04:00:00,1768593600,31373.0,31379.0,31367.0,31376.0,395.0
2026-01-17 04:15:00,1768594500,31375.0,31375.0,31360.0,31362.0,322.0
2026-01-17 04:30:00,1768595400,31361.0,31363.0,31348.0,31356.0,477.0
2026-01-17 04:45:00,1768596300,31355.0,31375.0,31343.0,31344.0,794.0
2026-01-19 08:45:00,1768783500,31262.0,31327.0,31207.0,31327.0,10668.0
2026-01-19 09:00:00,1768784400,31326.0,31370.0,31260.0,31340.0,10183.0
2026-01-19 09:15:00,1768785300,31340.0,31453.0,31332.0,31437.0,9646.0
2026-01-19 09:30:00,1768786200,31436.0,31472.0,31369.0,31399.0,7977.0
2026-01-19 09:45:00,1768787100,31399.0,31430.0,31340.0,31397.0,6814.0
2026-01-19 10:00:00,1768788000,31398.0,31440.0,31387.0,31434.0,4705.0
2026-01-19 10:15:00,1768788900,31433.0,31480.0,31424.0,31473.0,5642.0
2026-01-19 10:30:00,1768789800,31473.0,31555.0,31455.0,31534.0,6375.0
2026-01-19 10:45:00,1768790700,31532.0,31563.0,31496.0,31520.0,5713.0
2026-01-19 11:00:00,1768791600,31520.0,31554.0,31514.0,31529.0,2782.0
2026-01-19 11:15:00,1768792500,31529.0,31555.0,31495.0,31532.0,3197.0
2026-01-19 11:30:00,1768793400,31532.0,31596.0,31525.0,31595.0,4809.0
2026-01-19 11:45:00,1768794300,31596.0,31621.0,31583.0,31586.0,3905.0
2026-01-19 12:00:00,1768795200,31586.0,31597.0,31560.0,31585.0,2261.0
2026-01-19 12:15:00,1768796100,31585.0,31646.0,31583.0,31638.0,3945.0
2026-01-19 12:30:00,1768797000,31638.0,31766.0,31636.0,31745.0,9121.0
2026-01-19 12:45:00,1768797900,31746.0,31772.0,31718.0,31719.0,5772.0
2026-01-19 13:00:00,1768798800,31720.0,31732.0,31603.0,31684.0,7640.0
2026-01-19 13:15:00,1768799700,31685.0,31705.0,31657.0,31704.0,3477.0
2026-01-19 13:30:00,1768800600,31704.0,31708.0,31660.0,31670.0,3980.0
2026-01-19 15:00:00,1768806000,31645.0,31689.0,31621.0,31647.0,2915.0
2026-01-19 15:15:00,1768806900,31648.0,31675.0,31636.0,31640.0,1120.0
2026-01-19 15:30:00,1768807800,31639.0,31651.0,31605.0,31608.0,1376.0
2026-01-19 15:45:00,1768808700,31608.0,31619.0,31582.0,31593.0,1753.0
2026-01-19 16:00:00,1768809600,31594.0,31633.0,31592.0,31617.0,1505.0
2026-01-19 16:15:00,1768810500,31616.0,31677.0,31616.0,31661.0,1795.0
2026-01-19 16:30:00,1768811400,31660.0,31685.0,31648.0,31649.0,1157.0
2026-01-19 16:45:00,1768812300,31649.0,31665.0,31648.0,31661.0,518.0
2026-01-19 17:00:00,1768813200,31661.0,31670.0,31607.0,31616.0,1472.0
2026-01-19 17:15:00,1768814100,31619.0,31631.0,31564.0,31592.0,2768.0
2026-01-19 17:30:00,1768815000,31590.0,31600.0,31550.0,31563.0,2131.0
2026-01-19 17:45:00,1768815900,31565.0,31594.0,31560.0,31569.0,1419.0
2026-01-19 18:00:00,1768816800,31570.0,31605.0,31565.0,31590.0,1170.0
2026-01-19 18:15:00,1768817700,31592.0,31597.0,31580.0,31583.0,555.0
2026-01-19 18:30:00,1768818600,31582.0,31587.0,31558.0,31558.0,895.0
2026-01-19 18:45:00,1768819500,31558.0,31580.0,31546.0,31563.0,1128.0
2026-01-19 19:00:00,1768820400,31563.0,31583.0,31563.0,31569.0,538.0
2026-01-19 19:15:00,1768821300,31570.0,31588.0,31558.0,31585.0,637.0
2026-01-19 19:30:00,1768822200,31587.0,31593.0,31571.0,31571.0,601.0
2026-01-19 19:45:00,1768823100,31571.0,31587.0,31569.0,31584.0,336.0
2026-01-19 20:00:00,1768824000,31582.0,31589.0,31569.0,31582.0,442.0
2026-01-19 20:15:00,1768824900,31582.0,31598.0,31581.0,31592.0,567.0
2026-01-19 20:30:00,1768825800,31591.0,31630.0,31590.0,31625.0,1557.0
2026-01-19 20:45:00,1768826700,31624.0,31632.0,31596.0,31598.0,1122.0
2026-01-19 21:00:00,1768827600,31597.0,31617.0,31586.0,31607.0,940.0
2026-01-19 21:15:00,1768828500,31607.0,31609.0,31581.0,31589.0,916.0
2026-01-19 21:30:00,1768829400,31590.0,31608.0,31581.0,31598.0,644.0
2026-01-19 21:45:00,1768830300,31597.0,31615.0,31597.0,31604.0,546.0
2026-01-19 22:00:00,1768831200,31605.0,31610.0,31555.0,31559.0,1758.0
2026-01-19 22:15:00,1768832100,31559.0,31568.0,31529.0,31566.0,2745.0
2026-01-19 22:30:00,1768833000,31566.0,31572.0,31524.0,31531.0,2872.0
2026-01-19 22:45:00,1768833900,31530.0,31555.0,31527.0,31544.0,1612.0
2026-01-19 23:00:00,1768834800,31546.0,31578.0,31541.0,31578.0,1613.0
2026-01-19 23:15:00,1768835700,31578.0,31592.0,31568.0,31580.0,1188.0
2026-01-19 23:30:00,1768836600,31579.0,31585.0,31545.0,31583.0,1787.0
2026-01-19 23:45:00,1768837500,31580.0,31594.0,31570.0,31583.0,821.0
2026-01-20 00:00:00,1768838400,31584.0,31604.0,31583.0,31600.0,949.0
2026-01-20 00:15:00,1768839300,31600.0,31601.0,31555.0,31565.0,918.0
2026-01-20 00:30:00,1768840200,31564.0,31584.0,31562.0,31574.0,627.0
2026-01-20 00:45:00,1768841100,31576.0,31579.0,31564.0,31572.0,297.0
2026-01-20 01:00:00,1768842000,31572.0,31576.0,31553.0,31572.0,495.0
2026-01-20 01:15:00,1768842900,31573.0,31574.0,31558.0,31564.0,237.0
2026-01-20 01:30:00,1768843800,31565.0,31565.0,31539.0,31558.0,692.0
2026-01-20 01:45:00,1768844700,31557.0,31568.0,31556.0,31558.0,240.0
2026-01-20 02:00:00,1768845600,31557.0,31561.0,31553.0,31558.0,129.0
2026-01-20 02:15:00,1768846500,31557.0,31557.0,31543.0,31545.0,289.0
2026-01-20 02:30:00,1768847400,31545.0,31545.0,31535.0,31545.0,213.0
2026-01-20 02:45:00,1768848300,31545.0,31550.0,31541.0,31545.0,84.0
2026-01-20 03:00:00,1768849200,31543.0,31552.0,31537.0,31548.0,161.0
2026-01-20 03:15:00,1768850100,31549.0,31562.0,31549.0,31557.0,129.0
2026-01-20 03:30:00,1768851000,31557.0,31557.0,31542.0,31546.0,86.0
2026-01-20 03:45:00,1768851900,31546.0,31550.0,31539.0,31543.0,128.0
2026-01-20 04:00:00,1768852800,31544.0,31550.0,31536.0,31550.0,201.0
2026-01-20 04:15:00,1768853700,31548.0,31557.0,31546.0,31556.0,106.0
2026-01-20 04:30:00,1768854600,31556.0,31569.0,31550.0,31565.0,212.0
2026-01-20 04:45:00,1768855500,31565.0,31568.0,31554.0,31554.0,226.0
2026-01-20 08:45:00,1768869900,31492.0,31497.0,31328.0,31357.0,13705.0
2026-01-20 09:00:00,1768870800,31358.0,31507.0,31332.0,31505.0,13877.0
2026-01-20 09:15:00,1768871700,31507.0,31558.0,31482.0,31535.0,9955.0
2026-01-20 09:30:00,1768872600,31535.0,31552.0,31446.0,31474.0,8313.0
2026-01-20 09:45:00,1768873500,31474.0,31544.0,31448.0,31542.0,6180.0
2026-01-20 10:00:00,1768874400,31542.0,31628.0,31519.0,31625.0,6857.0
2026-01-20 10:15:00,1768875300,31623.0,31648.0,31555.0,31637.0,7739.0
2026-01-20 10:30:00,1768876200,31637.0,31705.0,31637.0,31690.0,6975.0
2026-01-20 10:45:00,1768877100,31692.0,31740.0,31677.0,31689.0,4750.0
2026-01-20 11:00:00,1768878000,31690.0,31703.0,31610.0,31663.0,5137.0
2026-01-20 11:15:00,1768878900,31661.0,31684.0,31638.0,31662.0,2453.0
2026-01-20 11:30:00,1768879800,31663.0,31710.0,31651.0,31688.0,3214.0
2026-01-20 11:45:00,1768880700,31688.0,31699.0,31624.0,31664.0,3198.0
2026-01-20 12:00:00,1768881600,31664.0,31676.0,31627.0,31660.0,2085.0
2026-01-20 12:15:00,1768882500,31660.0,31668.0,31637.0,31658.0,1826.0
2026-01-20 12:30:00,1768883400,31657.0,31708.0,31654.0,31665.0,2883.0
2026-01-20 12:45:00,1768884300,31666.0,31712.0,31665.0,31697.0,2371.0
2026-01-20 13:00:00,1768885200,31698.0,31711.0,31680.0,31704.0,1896.0
2026-01-20 13:15:00,1768886100,31704.0,31724.0,31696.0,31716.0,2788.0
2026-01-20 13:30:00,1768887000,31719.0,31735.0,31657.0,31669.0,4410.0
2026-01-20 15:00:00,1768892400,31695.0,31700.0,31605.0,31658.0,2496.0
2026-01-20 15:15:00,1768893300,31655.0,31663.0,31630.0,31656.0,857.0
2026-01-20 15:30:00,1768894200,31653.0,31673.0,31640.0,31650.0,550.0
2026-01-20 15:45:00,1768895100,31647.0,31691.0,31645.0,31683.0,602.0
2026-01-20 16:00:00,1768896000,31684.0,31688.0,31640.0,31654.0,836.0
2026-01-20 16:15:00,1768896900,31651.0,31655.0,31620.0,31622.0,677.0
2026-01-20 16:30:00,1768897800,31622.0,31622.0,31568.0,31593.0,1481.0
2026-01-20 16:45:00,1768898700,31593.0,31604.0,31564.0,31565.0,684.0
2026-01-20 17:00:00,1768899600,31565.0,31572.0,31522.0,31540.0,1423.0
2026-01-20 17:15:00,1768900500,31538.0,31548.0,31494.0,31500.0,1524.0
2026-01-20 17:30:00,1768901400,31500.0,31506.0,31456.0,31486.0,1644.0
2026-01-20 17:45:00,1768902300,31485.0,31510.0,31464.0,31490.0,990.0
2026-01-20 18:00:00,1768903200,31489.0,31531.0,31461.0,31528.0,829.0
2026-01-20 18:15:00,1768904100,31525.0,31562.0,31522.0,31559.0,816.0
2026-01-20 18:30:00,1768905000,31560.0,31567.0,31508.0,31532.0,790.0
2026-01-20 18:45:00,1768905900,31532.0,31540.0,31514.0,31515.0,342.0
2026-01-20 19:00:00,1768906800,31515.0,31545.0,31513.0,31537.0,346.0
2026-01-20 19:15:00,1768907700,31539.0,31554.0,31513.0,31533.0,404.0
2026-01-20 19:30:00,1768908600,31538.0,31538.0,31522.0,31532.0,205.0
2026-01-20 19:45:00,1768909500,31529.0,31546.0,31522.0,31523.0,258.0
2026-01-20 20:00:00,1768910400,31528.0,31548.0,31508.0,31533.0,480.0
2026-01-20 20:15:00,1768911300,31533.0,31543.0,31523.0,31538.0,215.0
2026-01-20 20:30:00,1768912200,31534.0,31563.0,31528.0,31563.0,385.0
2026-01-20 20:45:00,1768913100,31562.0,31573.0,31554.0,31564.0,668.0
2026-01-20 21:00:00,1768914000,31565.0,31576.0,31522.0,31523.0,582.0
2026-01-20 21:15:00,1768914900,31523.0,31558.0,31520.0,31531.0,443.0
2026-01-20 21:30:00,1768915800,31531.0,31532.0,31473.0,31516.0,1600.0
2026-01-20 21:45:00,1768916700,31515.0,31530.0,31484.0,31485.0,589.0
2026-01-20 22:00:00,1768917600,31487.0,31519.0,31479.0,31516.0,516.0
2026-01-20 22:15:00,1768918500,31515.0,31524.0,31485.0,31524.0,474.0
2026-01-20 22:30:00,1768919400,31524.0,31599.0,31518.0,31572.0,3923.0
2026-01-20 22:45:00,1768920300,31570.0,31587.0,31520.0,31571.0,2131.0
2026-01-20 23:00:00,1768921200,31569.0,31580.0,31533.0,31551.0,1177.0
2026-01-20 23:15:00,1768922100,31551.0,31587.0,31496.0,31587.0,2065.0
2026-01-20 23:30:00,1768923000,31583.0,31643.0,31577.0,31621.0,2193.0
2026-01-20 23:45:00,1768923900,31621.0,31633.0,31573.0,31606.0,1351.0
2026-01-21 00:00:00,1768924800,31608.0,31642.0,31590.0,31616.0,844.0
2026-01-21 00:15:00,1768925700,31613.0,31630.0,31587.0,31627.0,437.0
2026-01-21 00:30:00,1768926600,31624.0,31627.0,31592.0,31597.0,326.0
2026-01-21 00:45:00,1768927500,31597.0,31613.0,31577.0,31600.0,456.0
2026-01-21 01:00:00,1768928400,31595.0,31604.0,31571.0,31576.0,252.0
2026-01-21 01:15:00,1768929300,31573.0,31578.0,31533.0,31542.0,690.0
2026-01-21 01:30:00,1768930200,31535.0,31555.0,31513.0,31519.0,675.0
2026-01-21 01:45:00,1768931100,31517.0,31525.0,31497.0,31514.0,632.0
2026-01-21 02:00:00,1768932000,31513.0,31530.0,31508.0,31516.0,258.0
2026-01-21 02:15:00,1768932900,31514.0,31516.0,31492.0,31495.0,226.0
2026-01-21 02:30:00,1768933800,31492.0,31497.0,31428.0,31428.0,1215.0
2026-01-21 02:45:00,1768934700,31428.0,31446.0,31406.0,31425.0,745.0
2026-01-21 03:00:00,1768935600,31429.0,31449.0,31423.0,31431.0,350.0
2026-01-21 03:15:00,1768936500,31430.0,31432.0,31388.0,31394.0,735.0
2026-01-21 03:30:00,1768937400,31391.0,31396.0,31353.0,31378.0,886.0
2026-01-21 03:45:00,1768938300,31375.0,31390.0,31360.0,31386.0,301.0
2026-01-21 04:00:00,1768939200,31387.0,31396.0,31366.0,31366.0,276.0
2026-01-21 04:15:00,1768940100,31371.0,31404.0,31359.0,31382.0,331.0
2026-01-21 04:30:00,1768941000,31388.0,31400.0,31377.0,31390.0,270.0
2026-01-21 04:45:00,1768941900,31390.0,31396.0,31373.0,31378.0,303.0
2026-01-21 08:45:00,1768956300,31438.0,31535.0,31435.0,31502.0,4738.0
2026-01-21 09:00:00,1768957200,31509.0,31618.0,31501.0,31612.0,7210.0
2026-01-21 09:15:00,1768958100,31613.0,31687.0,31598.0,31683.0,4395.0
2026-01-21 09:30:00,1768959000,31683.0,31785.0,31683.0,31773.0,6108.0
2026-01-21 09:45:00,1768959900,31774.0,31802.0,31691.0,31697.0,4565.0
2026-01-21 10:00:00,1768960800,31697.0,31758.0,31667.0,31703.0,4354.0
2026-01-21 10:15:00,1768961700,31707.0,31708.0,31505.0,31542.0,7999.0
2026-01-21 10:30:00,1768962600,31541.0,31541.0,31444.0,31506.0,6371.0
2026-01-21 10:45:00,1768963500,31506.0,31571.0,31456.0,31551.0,4203.0
2026-01-21 11:00:00,1768964400,31554.0,31598.0,31543.0,31566.0,2688.0
2026-01-21 11:15:00,1768965300,31564.0,31607.0,31513.0,31533.0,2691.0
2026-01-21 11:30:00,1768966200,31538.0,31546.0,31480.0,31495.0,2686.0
2026-01-21 11:45:00,1768967100,31496.0,31513.0,31416.0,31435.0,3565.0
2026-01-21 12:00:00,1768968000,31436.0,31475.0,31400.0,31445.0,4027.0
2026-01-21 12:15:00,1768968900,31448.0,31471.0,31427.0,31433.0,1662.0
2026-01-21 12:30:00,1768969800,31429.0,31430.0,31384.0,31401.0,3390.0
2026-01-21 12:45:00,1768970700,31402.0,31419.0,31378.0,31402.0,3061.0
2026-01-21 13:00:00,1768971600,31401.0,31459.0,31382.0,31448.0,3439.0
2026-01-21 13:15:00,1768972500,31447.0,31500.0,31446.0,31484.0,4801.0
2026-01-21 13:30:00,1768973400,31487.0,31503.0,31458.0,31482.0,3309.0
2026-01-21 15:00:00,1768978800,31510.0,31570.0,31488.0,31568.0,5752.0
2026-01-21 15:15:00,1768979700,31568.0,31595.0,31565.0,31576.0,3431.0
2026-01-21 15:30:00,1768980600,31578.0,31584.0,31558.0,31565.0,1537.0
2026-01-21 15:45:00,1768981500,31566.0,31575.0,31541.0,31541.0,1450.0
2026-01-21 16:00:00,1768982400,31542.0,31559.0,31523.0,31538.0,2500.0
2026-01-21 16:15:00,1768983300,31538.0,31574.0,31530.0,31568.0,1768.0
2026-01-21 16:30:00,1768984200,31569.0,31592.0,31562.0,31587.0,1715.0
2026-01-21 16:45:00,1768985100,31586.0,31600.0,31571.0,31579.0,1710.0
2026-01-21 17:00:00,1768986000,31579.0,31609.0,31571.0,31586.0,2233.0
2026-01-21 17:15:00,1768986900,31586.0,31592.0,31561.0,31571.0,1073.0
2026-01-21 17:30:00,1768987800,31571.0,31573.0,31553.0,31560.0,981.0
2026-01-21 17:45:00,1768988700,31561.0,31561.0,31516.0,31516.0,2165.0
2026-01-21 18:00:00,1768989600,31516.0,31563.0,31511.0,31561.0,2097.0
2026-01-21 18:15:00,1768990500,31559.0,31583.0,31559.0,31578.0,1562.0
2026-01-21 18:30:00,1768991400,31576.0,31583.0,31569.0,31581.0,727.0
2026-01-21 18:45:00,1768992300,31581.0,31583.0,31552.0,31552.0,837.0
2026-01-21 19:00:00,1768993200,31552.0,31560.0,31541.0,31550.0,1009.0
2026-01-21 19:15:00,1768994100,31548.0,31569.0,31545.0,31554.0,587.0
2026-01-21 19:30:00,1768995000,31555.0,31565.0,31524.0,31536.0,1398.0
2026-01-21 19:45:00,1768995900,31536.0,31541.0,31464.0,31474.0,4264.0
2026-01-21 20:00:00,1768996800,31474.0,31494.0,31447.0,31478.0,3684.0
2026-01-21 20:15:00,1768997700,31480.0,31513.0,31472.0,31498.0,1825.0
2026-01-21 20:30:00,1768998600,31498.0,31504.0,31468.0,31478.0,1703.0
2026-01-21 20:45:00,1768999500,31479.0,31514.0,31463.0,31511.0,2023.0
2026-01-21 21:00:00,1769000400,31510.0,31549.0,31507.0,31536.0,2797.0
2026-01-21 21:15:00,1769001300,31536.0,31537.0,31497.0,31502.0,2035.0
2026-01-21 21:30:00,1769002200,31505.0,31510.0,31468.0,31476.0,2096.0
2026-01-21 21:45:00,1769003100,31478.0,31536.0,31469.0,31507.0,3127.0
2026-01-21 22:00:00,1769004000,31506.0,31597.0,31506.0,31590.0,7464.0
2026-01-21 22:15:00,1769004900,31590.0,31656.0,31560.0,31636.0,8820.0
2026-01-21 22:30:00,1769005800,31636.0,31663.0,31574.0,31653.0,11358.0
2026-01-21 22:45:00,1769006700,31653.0,31696.0,31631.0,31689.0,6973.0
2026-01-21 23:00:00,1769007600,31689.0,31719.0,31683.0,31707.0,5776.0
2026-01-21 23:15:00,1769008500,31707.0,31768.0,31703.0,31762.0,7200.0
2026-01-21 23:30:00,1769009400,31764.0,31820.0,31760.0,31815.0,6692.0
2026-01-21 23:45:00,1769010300,31816.0,31888.0,31816.0,31869.0,6504.0
2026-01-22 00:00:00,1769011200,31869.0,31903.0,31835.0,31868.0,6250.0
2026-01-22 00:15:00,1769012100,31868.0,31892.0,31843.0,31866.0,3035.0
2026-01-22 00:30:00,1769013000,31864.0,31869.0,31733.0,31734.0,8101.0
2026-01-22 00:45:00,1769013900,31734.0,31759.0,31666.0,31685.0,8801.0
2026-01-22 01:00:00,1769014800,31685.0,31711.0,31601.0,31609.0,6292.0
2026-01-22 01:15:00,1769015700,31612.0,31688.0,31597.0,31661.0,5210.0
2026-01-22 01:30:00,1769016600,31661.0,31675.0,31627.0,31644.0,2331.0
2026-01-22 01:45:00,1769017500,31642.0,31716.0,31632.0,31709.0,2770.0
2026-01-22 02:00:00,1769018400,31708.0,31724.0,31638.0,31687.0,2832.0
2026-01-22 02:15:00,1769019300,31688.0,31702.0,31657.0,31697.0,1051.0
2026-01-22 02:30:00,1769020200,31698.0,31707.0,31674.0,31689.0,887.0
2026-01-22 02:45:00,1769021100,31689.0,31740.0,31680.0,31722.0,1520.0
2026-01-22 03:00:00,1769022000,31722.0,31732.0,31675.0,31678.0,869.0
2026-01-22 03:15:00,1769022900,31677.0,31813.0,31671.0,31808.0,2471.0
2026-01-22 03:30:00,1769023800,31806.0,31922.0,31805.0,31914.0,4571.0
2026-01-22 03:45:00,1769024700,31917.0,31968.0,31908.0,31964.0,3209.0
2026-01-22 04:00:00,1769025600,31964.0,31983.0,31863.0,31890.0,2921.0
2026-01-22 04:15:00,1769026500,31891.0,31891.0,31754.0,31755.0,3277.0
2026-01-22 04:30:00,1769027400,31755.0,31820.0,31732.0,31788.0,2129.0
2026-01-22 04:45:00,1769028300,31785.0,31790.0,31728.0,31732.0,2019.0
2026-01-22 08:45:00,1769042700,31878.0,31936.0,31833.0,31892.0,12669.0
2026-01-22 09:00:00,1769043600,31894.0,31958.0,31843.0,31891.0,13549.0
2026-01-22 09:15:00,1769044500,31893.0,31925.0,31851.0,31919.0,8485.0
2026-01-22 09:30:00,1769045400,31919.0,32000.0,31901.0,31987.0,14298.0
2026-01-22 09:45:00,1769046300,31987.0,31995.0,31888.0,31914.0,9453.0
2026-01-22 10:00:00,1769047200,31918.0,32056.0,31891.0,32041.0,12278.0
2026-01-22 10:15:00,1769048100,32040.0,32053.0,31991.0,32011.0,5880.0
2026-01-22 10:30:00,1769049000,32011.0,32020.0,31960.0,31979.0,5869.0
2026-01-22 10:45:00,1769049900,31978.0,32015.0,31944.0,32010.0,4962.0
2026-01-22 11:00:00,1769050800,32010.0,32042.0,31995.0,31996.0,3940.0
2026-01-22 11:15:00,1769051700,31998.0,32028.0,31984.0,32025.0,2199.0
2026-01-22 11:30:00,1769052600,32027.0,32053.0,32011.0,32011.0,3658.0
2026-01-22 11:45:00,1769053500,32013.0,32019.0,31918.0,31930.0,5396.0
2026-01-22 12:00:00,1769054400,31931.0,31934.0,31782.0,31910.0,15378.0
2026-01-22 12:15:00,1769055300,31908.0,31913.0,31865.0,31904.0,3825.0
2026-01-22 12:30:00,1769056200,31905.0,31937.0,31897.0,31920.0,3654.0
2026-01-22 12:45:00,1769057100,31918.0,31936.0,31897.0,31923.0,2555.0
2026-01-22 13:00:00,1769058000,31923.0,31925.0,31861.0,31882.0,3688.0
2026-01-22 13:15:00,1769058900,31881.0,31888.0,31858.0,31870.0,2988.0
2026-01-22 13:30:00,1769059800,31870.0,31898.0,31854.0,31862.0,4159.0
2026-01-22 15:00:00,1769065200,31844.0,31890.0,31834.0,31873.0,2696.0
2026-01-22 15:15:00,1769066100,31873.0,31912.0,31863.0,31910.0,1474.0
2026-01-22 15:30:00,1769067000,31910.0,31945.0,31904.0,31943.0,2178.0
2026-01-22 15:45:00,1769067900,31941.0,31948.0,31916.0,31929.0,1551.0
2026-01-22 16:00:00,1769068800,31928.0,31985.0,31925.0,31975.0,3206.0
2026-01-22 16:15:00,1769069700,31973.0,31996.0,31963.0,31984.0,1906.0
2026-01-22 16:30:00,1769070600,31982.0,31988.0,31958.0,31988.0,1347.0
2026-01-22 16:45:00,1769071500,31986.0,32000.0,31974.0,31990.0,1385.0
2026-01-22 17:00:00,1769072400,31990.0,32020.0,31979.0,32018.0,2006.0
2026-01-22 17:15:00,1769073300,32019.0,32046.0,32006.0,32014.0,2724.0
2026-01-22 17:30:00,1769074200,32015.0,32038.0,32006.0,32021.0,1255.0
2026-01-22 17:45:00,1769075100,32020.0,32033.0,32011.0,32019.0,842.0
2026-01-22 18:00:00,1769076000,32020.0,32032.0,32016.0,32018.0,778.0
2026-01-22 18:15:00,1769076900,32020.0,32027.0,32002.0,32017.0,1093.0
2026-01-22 18:30:00,1769077800,32018.0,32029.0,32013.0,32017.0,399.0
2026-01-22 18:45:00,1769078700,32017.0,32024.0,32011.0,32017.0,365.0
2026-01-22 19:00:00,1769079600,32016.0,32038.0,32012.0,32025.0,1117.0
2026-01-22 19:15:00,1769080500,32024.0,32024.0,31992.0,32002.0,2187.0
2026-01-22 19:30:00,1769081400,32001.0,32024.0,31980.0,31987.0,1635.0
2026-01-22 19:45:00,1769082300,31987.0,31999.0,31981.0,31986.0,838.0
2026-01-22 20:00:00,1769083200,31986.0,31997.0,31978.0,31984.0,861.0
2026-01-22 20:15:00,1769084100,31984.0,32013.0,31983.0,32010.0,981.0
2026-01-22 20:30:00,1769085000,32009.0,32021.0,31998.0,32017.0,960.0
2026-01-22 20:45:00,1769085900,32019.0,32021.0,32008.0,32017.0,546.0
2026-01-22 21:00:00,1769086800,32018.0,32022.0,31986.0,31994.0,1179.0
2026-01-22 21:15:00,1769087700,31993.0,32002.0,31986.0,31994.0,757.0
2026-01-22 21:30:00,1769088600,31994.0,32014.0,31969.0,32001.0,2300.0
2026-01-22 21:45:00,1769089500,32002.0,32083.0,32002.0,32080.0,5463.0
2026-01-22 22:00:00,1769090400,32081.0,32089.0,32043.0,32062.0,3198.0
2026-01-22 22:15:00,1769091300,32062.0,32088.0,32055.0,32086.0,1705.0
2026-01-22 22:30:00,1769092200,32083.0,32102.0,32020.0,32040.0,9645.0
2026-01-22 22:45:00,1769093100,32041.0,32044.0,31954.0,31986.0,10885.0
2026-01-22 23:00:00,1769094000,31986.0,32030.0,31960.0,32010.0,6189.0
2026-01-22 23:15:00,1769094900,32008.0,32084.0,31997.0,32078.0,6218.0
2026-01-22 23:30:00,1769095800,32078.0,32112.0,32060.0,32102.0,5477.0
2026-01-22 23:45:00,1769096700,32103.0,32117.0,32067.0,32070.0,3463.0
2026-01-23 00:00:00,1769097600,32069.0,32129.0,32069.0,32119.0,3177.0
2026-01-23 00:15:00,1769098500,32118.0,32135.0,32105.0,32121.0,2302.0
2026-01-23 00:30:00,1769099400,32119.0,32127.0,32106.0,32114.0,1159.0
2026-01-23 00:45:00,1769100300,32117.0,32132.0,32072.0,32076.0,1971.0
2026-01-23 01:00:00,1769101200,32075.0,32102.0,32038.0,32071.0,3448.0
2026-01-23 01:15:00,1769102100,32072.0,32077.0,32055.0,32075.0,1015.0
2026-01-23 01:30:00,1769103000,32076.0,32108.0,32076.0,32100.0,1295.0
2026-01-23 01:45:00,1769103900,32101.0,32107.0,32085.0,32098.0,573.0
2026-01-23 02:00:00,1769104800,32097.0,32113.0,32080.0,32082.0,990.0
2026-01-23 02:15:00,1769105700,32083.0,32098.0,32079.0,32090.0,294.0
2026-01-23 02:30:00,1769106600,32090.0,32109.0,32080.0,32083.0,369.0
2026-01-23 02:45:00,1769107500,32084.0,32095.0,32070.0,32075.0,376.0
2026-01-23 03:00:00,1769108400,32076.0,32102.0,32075.0,32095.0,309.0
2026-01-23 03:15:00,1769109300,32095.0,32099.0,32083.0,32090.0,237.0
2026-01-23 03:30:00,1769110200,32090.0,32092.0,32072.0,32072.0,272.0
2026-01-23 03:45:00,1769111100,32071.0,32071.0,32030.0,32036.0,1114.0
2026-01-23 04:00:00,1769112000,32035.0,32043.0,32020.0,32042.0,1117.0
2026-01-23 04:15:00,1769112900,32045.0,32053.0,32027.0,32027.0,452.0
2026-01-23 04:30:00,1769113800,32027.0,32027.0,32004.0,32006.0,995.0
2026-01-23 04:45:00,1769114700,32006.0,32031.0,32005.0,32018.0,1029.0
2026-01-23 08:45:00,1769129100,31997.0,32093.0,31988.0,32066.0,8744.0
2026-01-23 09:00:00,1769130000,32065.0,32158.0,32041.0,32094.0,15035.0
2026-01-23 09:15:00,1769130900,32093.0,32107.0,31890.0,31937.0,19561.0
2026-01-23 09:30:00,1769131800,31934.0,31970.0,31870.0,31931.0,12713.0
2026-01-23 09:45:00,1769132700,31930.0,31994.0,31881.0,31990.0,9829.0
2026-01-23 10:00:00,1769133600,31990.0,32020.0,31946.0,31968.0,6882.0
2026-01-23 10:15:00,1769134500,31966.0,32036.0,31948.0,32036.0,5326.0
2026-01-23 10:30:00,1769135400,32035.0,32082.0,32018.0,32068.0,7493.0
2026-01-23 10:45:00,1769136300,32070.0,32080.0,32036.0,32043.0,3167.0
2026-01-23 11:00:00,1769137200,32044.0,32124.0,32041.0,32123.0,6734.0
2026-01-23 11:15:00,1769138100,32121.0,32132.0,32080.0,32109.0,4192.0
2026-01-23 11:30:00,1769139000,32108.0,32149.0,32105.0,32126.0,4037.0
2026-01-23 11:45:00,1769139900,32125.0,32140.0,32061.0,32126.0,5651.0
2026-01-23 12:00:00,1769140800,32125.0,32132.0,32081.0,32105.0,3121.0
2026-01-23 12:15:00,1769141700,32103.0,32152.0,32096.0,32145.0,3622.0
2026-01-23 12:30:00,1769142600,32143.0,32149.0,32096.0,32102.0,2928.0
2026-01-23 12:45:00,1769143500,32103.0,32109.0,32073.0,32080.0,3225.0
2026-01-23 13:00:00,1769144400,32081.0,32102.0,32057.0,32101.0,3368.0
2026-01-23 13:15:00,1769145300,32100.0,32134.0,32098.0,32130.0,3122.0
2026-01-23 13:30:00,1769146200,32128.0,32166.0,32113.0,32150.0,6137.0
2026-01-23 15:00:00,1769151600,32181.0,32240.0,32166.0,32221.0,6087.0
2026-01-23 15:15:00,1769152500,32222.0,32250.0,32208.0,32231.0,2777.0
2026-01-23 15:30:00,1769153400,32232.0,32234.0,32218.0,32231.0,1258.0
2026-01-23 15:45:00,1769154300,32230.0,32231.0,32208.0,32229.0,1092.0
2026-01-23 16:00:00,1769155200,32228.0,32232.0,32173.0,32177.0,2284.0
2026-01-23 16:15:00,1769156100,32179.0,32189.0,32136.0,32145.0,3657.0
2026-01-23 16:30:00,1769157000,32147.0,32163.0,32121.0,32151.0,3130.0
2026-01-23 16:45:00,1769157900,32152.0,32158.0,32110.0,32115.0,2740.0
2026-01-23 17:00:00,1769158800,32114.0,32150.0,32111.0,32130.0,1902.0
2026-01-23 17:15:00,1769159700,32128.0,32144.0,32116.0,32122.0,1107.0
2026-01-23 17:30:00,1769160600,32124.0,32130.0,32085.0,32092.0,2847.0
2026-01-23 17:45:00,1769161500,32092.0,32113.0,32085.0,32098.0,1536.0
2026-01-23 18:00:00,1769162400,32097.0,32112.0,32073.0,32073.0,1678.0
2026-01-23 18:15:00,1769163300,32075.0,32092.0,32070.0,32074.0,1250.0
2026-01-23 18:30:00,1769164200,32074.0,32077.0,32065.0,32069.0,1242.0
2026-01-23 18:45:00,1769165100,32068.0,32111.0,32058.0,32107.0,2162.0
2026-01-23 19:00:00,1769166000,32107.0,32155.0,32104.0,32140.0,4000.0
2026-01-23 19:15:00,1769166900,32141.0,32178.0,32132.0,32178.0,2239.0
2026-01-23 19:30:00,1769167800,32177.0,32179.0,32145.0,32147.0,1721.0
2026-01-23 19:45:00,1769168700,32148.0,32152.0,32121.0,32129.0,1600.0
2026-01-23 20:00:00,1769169600,32127.0,32151.0,32117.0,32138.0,1622.0
2026-01-23 20:15:00,1769170500,32138.0,32153.0,32125.0,32149.0,1104.0
2026-01-23 20:30:00,1769171400,32149.0,32158.0,32110.0,32145.0,1831.0
2026-01-23 20:45:00,1769172300,32143.0,32149.0,32129.0,32142.0,797.0
2026-01-23 21:00:00,1769173200,32142.0,32156.0,32138.0,32142.0,922.0
2026-01-23 21:15:00,1769174100,32143.0,32146.0,32095.0,32097.0,1666.0
2026-01-23 21:30:00,1769175000,32097.0,32113.0,32088.0,32108.0,1916.0
2026-01-23 21:45:00,1769175900,32108.0,32108.0,32072.0,32087.0,1732.0
2026-01-23 22:00:00,1769176800,32088.0,32124.0,32087.0,32098.0,1998.0
2026-01-23 22:15:00,1769177700,32097.0,32132.0,32091.0,32125.0,1503.0
2026-01-23 22:30:00,1769178600,32123.0,32152.0,32078.0,32125.0,6245.0
2026-01-23 22:45:00,1769179500,32123.0,32155.0,32095.0,32154.0,3877.0
2026-01-23 23:00:00,1769180400,32154.0,32189.0,32141.0,32150.0,5834.0
2026-01-23 23:15:00,1769181300,32150.0,32226.0,32135.0,32213.0,5628.0
2026-01-23 23:30:00,1769182200,32211.0,32244.0,32209.0,32232.0,3840.0
2026-01-23 23:45:00,1769183100,32232.0,32245.0,32218.0,32230.0,2184.0
2026-01-24 00:00:00,1769184000,32231.0,32266.0,32188.0,32190.0,6149.0
2026-01-24 00:15:00,1769184900,32191.0,32213.0,32174.0,32195.0,3241.0
2026-01-24 00:30:00,1769185800,32194.0,32233.0,32178.0,32223.0,2640.0
2026-01-24 00:45:00,1769186700,32221.0,32239.0,32197.0,32199.0,1776.0
2026-01-24 01:00:00,1769187600,32199.0,32223.0,32180.0,32223.0,1570.0
2026-01-24 01:15:00,1769188500,32224.0,32231.0,32207.0,32219.0,1074.0
2026-01-24 01:30:00,1769189400,32222.0,32226.0,32155.0,32160.0,1951.0
2026-01-24 01:45:00,1769190300,32161.0,32177.0,32115.0,32126.0,2770.0
2026-01-24 02:00:00,1769191200,32128.0,32188.0,32118.0,32162.0,1925.0
2026-01-24 02:15:00,1769192100,32159.0,32205.0,32158.0,32196.0,1045.0
2026-01-24 02:30:00,1769193000,32198.0,32208.0,32183.0,32198.0,808.0
2026-01-24 02:45:00,1769193900,32195.0,32206.0,32184.0,32197.0,537.0
2026-01-24 03:00:00,1769194800,32196.0,32243.0,32191.0,32230.0,1511.0
2026-01-24 03:15:00,1769195700,32228.0,32255.0,32219.0,32228.0,1279.0
2026-01-24 03:30:00,1769196600,32229.0,32244.0,32216.0,32239.0,642.0
2026-01-24 03:45:00,1769197500,32240.0,32260.0,32231.0,32253.0,638.0
2026-01-24 04:00:00,1769198400,32252.0,32255.0,32216.0,32234.0,949.0
2026-01-24 04:15:00,1769199300,32233.0,32258.0,32231.0,32235.0,518.0
2026-01-24 04:30:00,1769200200,32235.0,32257.0,32227.0,32248.0,483.0
2026-01-24 04:45:00,1769201100,32249.0,32253.0,32222.0,32234.0,1001.0
2026-01-26 08:45:00,1769388300,32142.0,32199.0,32092.0,32130.0,11847.0
2026-01-26 09:00:00,1769389200,32132.0,32218.0,32088.0,32193.0,14865.0
2026-01-26 09:15:00,1769390100,32195.0,32205.0,32130.0,32144.0,8473.0
2026-01-26 09:30:00,1769391000,32146.0,32193.0,32125.0,32152.0,6418.0
2026-01-26 09:45:00,1769391900,32151.0,32186.0,32097.0,32142.0,8420.0
2026-01-26 10:00:00,1769392800,32144.0,32185.0,32140.0,32157.0,4615.0
2026-01-26 10:15:00,1769393700,32157.0,32228.0,32154.0,32198.0,6345.0
2026-01-26 10:30:00,1769394600,32200.0,32230.0,32131.0,32138.0,5740.0
2026-01-26 10:45:00,1769395500,32141.0,32165.0,32111.0,32122.0,6094.0
2026-01-26 11:00:00,1769396400,32120.0,32200.0,32109.0,32190.0,4624.0
2026-01-26 11:15:00,1769397300,32189.0,32191.0,32129.0,32130.0,3237.0
2026-01-26 11:30:00,1769398200,32131.0,32167.0,32130.0,32160.0,2272.0
2026-01-26 11:45:00,1769399100,32160.0,32167.0,32137.0,32164.0,1812.0
2026-01-26 12:00:00,1769400000,32163.0,32178.0,32125.0,32150.0,2767.0
2026-01-26 12:15:00,1769400900,32150.0,32173.0,32130.0,32172.0,1950.0
2026-01-26 12:30:00,1769401800,32173.0,32184.0,32118.0,32118.0,2928.0
2026-01-26 12:45:00,1769402700,32120.0,32146.0,32090.0,32118.0,5135.0
2026-01-26 13:00:00,1769403600,32117.0,32122.0,32087.0,32110.0,2753.0
2026-01-26 13:15:00,1769404500,32110.0,32145.0,32105.0,32141.0,3115.0
2026-01-26 13:30:00,1769405400,32138.0,32163.0,32133.0,32148.0,3914.0
2026-01-26 15:00:00,1769410800,32131.0,32173.0,32131.0,32162.0,1847.0
2026-01-26 15:15:00,1769411700,32162.0,32177.0,32157.0,32170.0,960.0
2026-01-26 15:30:00,1769412600,32170.0,32174.0,32155.0,32170.0,706.0
2026-01-26 15:45:00,1769413500,32168.0,32175.0,32162.0,32170.0,549.0
2026-01-26 16:00:00,1769414400,32171.0,32196.0,32171.0,32181.0,1568.0
2026-01-26 16:15:00,1769415300,32183.0,32218.0,32170.0,32206.0,1896.0
2026-01-26 16:30:00,1769416200,32208.0,32220.0,32201.0,32204.0,1152.0
2026-01-26 16:45:00,1769417100,32204.0,32214.0,32203.0,32210.0,611.0
2026-01-26 17:00:00,1769418000,32211.0,32237.0,32200.0,32201.0,1918.0
2026-01-26 17:15:00,1769418900,32200.0,32205.0,32169.0,32176.0,1809.0
2026-01-26 17:30:00,1769419800,32176.0,32179.0,32095.0,32098.0,4990.0
2026-01-26 17:45:00,1769420700,32101.0,32110.0,32035.0,32076.0,6154.0
2026-01-26 18:00:00,1769421600,32076.0,32111.0,32073.0,32110.0,2521.0
2026-01-26 18:15:00,1769422500,32110.0,32131.0,32102.0,32124.0,1690.0
2026-01-26 18:30:00,1769423400,32126.0,32154.0,32123.0,32148.0,2158.0
2026-01-26 18:45:00,1769424300,32147.0,32150.0,32111.0,32116.0,1549.0
2026-01-26 19:00:00,1769425200,32117.0,32129.0,32108.0,32116.0,936.0
2026-01-26 19:15:00,1769426100,32116.0,32124.0,32105.0,32109.0,683.0
2026-01-26 19:30:00,1769427000,32110.0,32140.0,32108.0,32129.0,1352.0
2026-01-26 19:45:00,1769427900,32130.0,32147.0,32118.0,32138.0,816.0
2026-01-26 20:00:00,1769428800,32138.0,32185.0,32137.0,32173.0,2233.0
2026-01-26 20:15:00,1769429700,32172.0,32174.0,32152.0,32158.0,1101.0
2026-01-26 20:30:00,1769430600,32158.0,32166.0,32149.0,32159.0,864.0
2026-01-26 20:45:00,1769431500,32160.0,32165.0,32150.0,32163.0,525.0
2026-01-26 21:00:00,1769432400,32163.0,32180.0,32157.0,32180.0,1123.0
2026-01-26 21:15:00,1769433300,32180.0,32182.0,32152.0,32158.0,1003.0
2026-01-26 21:30:00,1769434200,32158.0,32162.0,32133.0,32150.0,1585.0
2026-01-26 21:45:00,1769435100,32149.0,32176.0,32148.0,32171.0,1241.0
2026-01-26 22:00:00,1769436000,32170.0,32194.0,32168.0,32182.0,2072.0
2026-01-26 22:15:00,1769436900,32182.0,32200.0,32180.0,32193.0,1326.0
2026-01-26 22:30:00,1769437800,32193.0,32224.0,32159.0,32213.0,7927.0
2026-01-26 22:45:00,1769438700,32215.0,32298.0,32206.0,32297.0,9193.0
2026-01-26 23:00:00,1769439600,32296.0,32328.0,32273.0,32314.0,8086.0
2026-01-26 23:15:00,1769440500,32315.0,32343.0,32291.0,32301.0,4749.0
2026-01-26 23:30:00,1769441400,32301.0,32312.0,32253.0,32256.0,4701.0
2026-01-26 23:45:00,1769442300,32256.0,32310.0,32256.0,32300.0,2869.0
2026-01-27 00:00:00,1769443200,32302.0,32322.0,32286.0,32300.0,1902.0
2026-01-27 00:15:00,1769444100,32299.0,32318.0,32277.0,32316.0,1736.0
2026-01-27 00:30:00,1769445000,32318.0,32325.0,32303.0,32304.0,1058.0
2026-01-27 00:45:00,1769445900,32303.0,32320.0,32299.0,32316.0,637.0
2026-01-27 01:00:00,1769446800,32314.0,32349.0,32313.0,32342.0,2433.0
2026-01-27 01:15:00,1769447700,32343.0,32348.0,32330.0,32335.0,766.0
2026-01-27 01:30:00,1769448600,32335.0,32349.0,32327.0,32345.0,704.0
2026-01-27 01:45:00,1769449500,32346.0,32353.0,32328.0,32340.0,943.0
2026-01-27 02:00:00,1769450400,32339.0,32350.0,32335.0,32339.0,464.0
2026-01-27 02:15:00,1769451300,32338.0,32351.0,32332.0,32349.0,428.0
2026-01-27 02:30:00,1769452200,32347.0,32363.0,32341.0,32346.0,902.0
2026-01-27 02:45:00,1769453100,32347.0,32359.0,32337.0,32344.0,324.0
2026-01-27 03:00:00,1769454000,32343.0,32348.0,32330.0,32339.0,429.0
2026-01-27 03:15:00,1769454900,32338.0,32339.0,32311.0,32325.0,670.0
2026-01-27 03:30:00,1769455800,32324.0,32330.0,32317.0,32323.0,305.0
2026-01-27 03:45:00,1769456700,32322.0,32324.0,32296.0,32298.0,567.0
2026-01-27 04:00:00,1769457600,32298.0,32311.0,32290.0,32311.0,700.0
2026-01-27 04:15:00,1769458500,32308.0,32315.0,32301.0,32312.0,425.0
2026-01-27 04:30:00,1769459400,32312.0,32322.0,32307.0,32312.0,295.0
2026-01-27 04:45:00,1769460300,32311.0,32313.0,32272.0,32287.0,1157.0
2026-01-27 08:45:00,1769474700,32313.0,32354.0,32285.0,32285.0,7634.0
2026-01-27 09:00:00,1769475600,32284.0,32296.0,32237.0,32253.0,10169.0
2026-01-27 09:15:00,1769476500,32252.0,32282.0,32207.0,32263.0,11021.0
2026-01-27 09:30:00,1769477400,32264.0,32325.0,32227.0,32322.0,7490.0
2026-01-27 09:45:00,1769478300,32322.0,32383.0,32318.0,32370.0,11663.0
2026-01-27 10:00:00,1769479200,32372.0,32487.0,32370.0,32481.0,12862.0
2026-01-27 10:15:00,1769480100,32482.0,32508.0,32440.0,32487.0,8249.0
2026-01-27 10:30:00,1769481000,32489.0,32523.0,32449.0,32514.0,5919.0
2026-01-27 10:45:00,1769481900,32513.0,32520.0,32466.0,32496.0,4251.0
2026-01-27 11:00:00,1769482800,32496.0,32503.0,32460.0,32461.0,2609.0
2026-01-27 11:15:00,1769483700,32461.0,32528.0,32455.0,32514.0,3873.0
2026-01-27 11:30:00,1769484600,32512.0,32531.0,32493.0,32507.0,2897.0
2026-01-27 11:45:00,1769485500,32507.0,32511.0,32413.0,32416.0,5822.0
2026-01-27 12:00:00,1769486400,32414.0,32483.0,32411.0,32479.0,4123.0
2026-01-27 12:15:00,1769487300,32480.0,32495.0,32465.0,32485.0,2165.0
2026-01-27 12:30:00,1769488200,32485.0,32493.0,32474.0,32489.0,949.0
2026-01-27 12:45:00,1769489100,32488.0,32515.0,32484.0,32491.0,2487.0
2026-01-27 13:00:00,1769490000,32490.0,32495.0,32449.0,32453.0,3117.0
2026-01-27 13:15:00,1769490900,32454.0,32492.0,32434.0,32492.0,3779.0
2026-01-27 13:30:00,1769491800,32492.0,32507.0,32474.0,32506.0,4213.0
2026-01-27 15:00:00,1769497200,32530.0,32559.0,32514.0,32546.0,3672.0
2026-01-27 15:15:00,1769498100,32546.0,32569.0,32541.0,32549.0,2133.0
2026-01-27 15:30:00,1769499000,32549.0,32596.0,32545.0,32576.0,3057.0
2026-01-27 15:45:00,1769499900,32575.0,32579.0,32552.0,32571.0,1655.0
2026-01-27 16:00:00,1769500800,32572.0,32574.0,32537.0,32556.0,1711.0
2026-01-27 16:15:00,1769501700,32555.0,32571.0,32533.0,32536.0,1257.0
2026-01-27 16:30:00,1769502600,32537.0,32562.0,32535.0,32550.0,1047.0
2026-01-27 16:45:00,1769503500,32551.0,32564.0,32550.0,32560.0,472.0
2026-01-27 17:00:00,1769504400,32558.0,32576.0,32546.0,32568.0,930.0
2026-01-27 17:15:00,1769505300,32569.0,32594.0,32567.0,32588.0,1157.0
2026-01-27 17:30:00,1769506200,32588.0,32603.0,32575.0,32595.0,1643.0
2026-01-27 17:45:00,1769507100,32594.0,32603.0,32562.0,32565.0,1701.0
2026-01-27 18:00:00,1769508000,32564.0,32584.0,32562.0,32576.0,765.0
2026-01-27 18:15:00,1769508900,32575.0,32587.0,32574.0,32586.0,405.0
2026-01-27 18:30:00,1769509800,32586.0,32588.0,32569.0,32578.0,458.0
2026-01-27 18:45:00,1769510700,32578.0,32583.0,32566.0,32571.0,415.0
2026-01-27 19:00:00,1769511600,32570.0,32572.0,32553.0,32567.0,814.0
2026-01-27 19:15:00,1769512500,32567.0,32568.0,32555.0,32565.0,430.0
2026-01-27 19:30:00,1769513400,32563.0,32594.0,32562.0,32590.0,1129.0
2026-01-27 19:45:00,1769514300,32590.0,32592.0,32575.0,32579.0,459.0
2026-01-27 20:00:00,1769515200,32577.0,32585.0,32571.0,32577.0,476.0
2026-01-27 20:15:00,1769516100,32577.0,32577.0,32560.0,32561.0,701.0
2026-01-27 20:30:00,1769517000,32561.0,32589.0,32555.0,32576.0,894.0
2026-01-27 20:45:00,1769517900,32577.0,32579.0,32565.0,32569.0,446.0
2026-01-27 21:00:00,1769518800,32568.0,32588.0,32568.0,32580.0,585.0
2026-01-27 21:15:00,1769519700,32579.0,32580.0,32541.0,32549.0,1455.0
2026-01-27 21:30:00,1769520600,32550.0,32584.0,32540.0,32570.0,1595.0
2026-01-27 21:45:00,1769521500,32570.0,32574.0,32556.0,32567.0,859.0
2026-01-27 22:00:00,1769522400,32564.0,32574.0,32554.0,32554.0,687.0
2026-01-27 22:15:00,1769523300,32556.0,32568.0,32541.0,32547.0,1322.0
2026-01-27 22:30:00,1769524200,32547.0,32578.0,32520.0,32563.0,6330.0
2026-01-27 22:45:00,1769525100,32563.0,32628.0,32541.0,32613.0,6347.0
2026-01-27 23:00:00,1769526000,32614.0,32636.0,32593.0,32630.0,4862.0
2026-01-27 23:15:00,1769526900,32629.0,32640.0,32612.0,32618.0,2478.0
2026-01-27 23:30:00,1769527800,32615.0,32689.0,32615.0,32688.0,4491.0
2026-01-27 23:45:00,1769528700,32687.0,32712.0,32675.0,32709.0,3758.0
2026-01-28 00:00:00,1769529600,32710.0,32747.0,32709.0,32733.0,4054.0
2026-01-28 00:15:00,1769530500,32733.0,32752.0,32723.0,32743.0,2007.0
2026-01-28 00:30:00,1769531400,32744.0,32748.0,32725.0,32733.0,1137.0
2026-01-28 00:45:00,1769532300,32731.0,32735.0,32709.0,32718.0,1859.0
2026-01-28 01:00:00,1769533200,32719.0,32720.0,32691.0,32704.0,1654.0
2026-01-28 01:15:00,1769534100,32703.0,32708.0,32665.0,32702.0,1979.0
2026-01-28 01:30:00,1769535000,32702.0,32726.0,32697.0,32711.0,987.0
2026-01-28 01:45:00,1769535900,32711.0,32719.0,32690.0,32694.0,689.0
2026-01-28 02:00:00,1769536800,32697.0,32707.0,32674.0,32700.0,953.0
2026-01-28 02:15:00,1769537700,32700.0,32723.0,32700.0,32713.0,572.0
2026-01-28 02:30:00,1769538600,32712.0,32720.0,32707.0,32710.0,272.0
2026-01-28 02:45:00,1769539500,32712.0,32728.0,32711.0,32719.0,496.0
2026-01-28 03:00:00,1769540400,32718.0,32719.0,32709.0,32718.0,197.0
2026-01-28 03:15:00,1769541300,32718.0,32726.0,32717.0,32720.0,181.0
2026-01-28 03:30:00,1769542200,32720.0,32722.0,32709.0,32711.0,320.0
2026-01-28 03:45:00,1769543100,32710.0,32715.0,32703.0,32706.0,351.0
2026-01-28 04:00:00,1769544000,32704.0,32730.0,32693.0,32727.0,650.0
2026-01-28 04:15:00,1769544900,32727.0,32729.0,32707.0,32707.0,306.0
2026-01-28 04:30:00,1769545800,32705.0,32705.0,32687.0,32695.0,630.0
2026-01-28 04:45:00,1769546700,32696.0,32702.0,32681.0,32698.0,975.0
2026-01-28 08:45:00,1769561100,32760.0,32772.0,32686.0,32709.0,9449.0
2026-01-28 09:00:00,1769562000,32707.0,32782.0,32682.0,32775.0,11691.0
2026-01-28 09:15:00,1769562900,32776.0,32838.0,32717.0,32803.0,14192.0
2026-01-28 09:30:00,1769563800,32801.0,32817.0,32666.0,32707.0,11844.0
2026-01-28 09:45:00,1769564700,32707.0,32757.0,32681.0,32724.0,6875.0
2026-01-28 10:00:00,1769565600,32727.0,32783.0,32716.0,32731.0,6352.0
2026-01-28 10:15:00,1769566500,32732.0,32769.0,32715.0,32740.0,3329.0
2026-01-28 10:30:00,1769567400,32740.0,32745.0,32690.0,32712.0,4311.0
2026-01-28 10:45:00,1769568300,32713.0,32768.0,32710.0,32762.0,4188.0
2026-01-28 11:00:00,1769569200,32763.0,32770.0,32732.0,32733.0,2682.0
2026-01-28 11:15:00,1769570100,32734.0,32775.0,32723.0,32741.0,3014.0
2026-01-28 11:30:00,1769571000,32743.0,32795.0,32743.0,32765.0,4081.0
2026-01-28 11:45:00,1769571900,32767.0,32776.0,32726.0,32739.0,2796.0
2026-01-28 12:00:00,1769572800,32740.0,32775.0,32738.0,32772.0,1990.0
2026-01-28 12:15:00,1769573700,32772.0,32804.0,32756.0,32799.0,2717.0
2026-01-28 12:30:00,1769574600,32798.0,32811.0,32766.0,32792.0,2799.0
2026-01-28 12:45:00,1769575500,32794.0,32817.0,32777.0,32804.0,2942.0
2026-01-28 13:00:00,1769576400,32805.0,32887.0,32804.0,32881.0,7123.0
2026-01-28 13:15:00,1769577300,32882.0,32925.0,32874.0,32923.0,6620.0
2026-01-28 13:30:00,1769578200,32924.0,32937.0,32906.0,32925.0,5336.0
2026-01-28 15:00:00,1769583600,33000.0,33044.0,32957.0,33044.0,6570.0
2026-01-28 15:15:00,1769584500,33041.0,33057.0,33026.0,33030.0,3394.0
2026-01-28 15:30:00,1769585400,33030.0,33048.0,33019.0,33041.0,1872.0
2026-01-28 15:45:00,1769586300,33041.0,33078.0,33034.0,33068.0,2804.0
2026-01-28 16:00:00,1769587200,33069.0,33092.0,33062.0,33077.0,2567.0
2026-01-28 16:15:00,1769588100,33078.0,33100.0,33051.0,33095.0,2398.0
2026-01-28 16:30:00,1769589000,33096.0,33098.0,33073.0,33073.0,1168.0
2026-01-28 16:45:00,1769589900,33073.0,33075.0,33046.0,33067.0,1959.0
2026-01-28 17:00:00,1769590800,33068.0,33086.0,33065.0,33070.0,1312.0
2026-01-28 17:15:00,1769591700,33070.0,33089.0,33069.0,33086.0,734.0
2026-01-28 17:30:00,1769592600,33085.0,33129.0,33084.0,33128.0,2555.0
2026-01-28 17:45:00,1769593500,33128.0,33145.0,33122.0,33124.0,2648.0
2026-01-28 18:00:00,1769594400,33124.0,33131.0,33106.0,33111.0,1718.0
2026-01-28 18:15:00,1769595300,33113.0,33119.0,33107.0,33114.0,834.0
2026-01-28 18:30:00,1769596200,33113.0,33133.0,33112.0,33132.0,907.0
2026-01-28 18:45:00,1769597100,33131.0,33152.0,33129.0,33138.0,1541.0
2026-01-28 19:00:00,1769598000,33138.0,33139.0,33112.0,33119.0,1182.0
2026-01-28 19:15:00,1769598900,33120.0,33123.0,33102.0,33115.0,1048.0
2026-01-28 19:30:00,1769599800,33115.0,33122.0,33113.0,33119.0,544.0
2026-01-28 19:45:00,1769600700,33117.0,33135.0,33114.0,33123.0,653.0
2026-01-28 20:00:00,1769601600,33123.0,33132.0,33091.0,33102.0,1870.0
2026-01-28 20:15:00,1769602500,33103.0,33107.0,33068.0,33088.0,3052.0
2026-01-28 20:30:00,1769603400,33087.0,33114.0,33085.0,33107.0,1575.0
2026-01-28 20:45:00,1769604300,33109.0,33110.0,33077.0,33077.0,1264.0
2026-01-28 21:00:00,1769605200,33079.0,33100.0,33058.0,33058.0,1650.0
2026-01-28 21:15:00,1769606100,33057.0,33081.0,33057.0,33067.0,1145.0
2026-01-28 21:30:00,1769607000,33067.0,33079.0,33035.0,33040.0,2639.0
2026-01-28 21:45:00,1769607900,33040.0,33054.0,33003.0,33023.0,3573.0
2026-01-28 22:00:00,1769608800,33023.0,33047.0,33016.0,33033.0,2149.0
2026-01-28 22:15:00,1769609700,33033.0,33065.0,33026.0,33033.0,2478.0
2026-01-28 22:30:00,1769610600,33033.0,33059.0,32990.0,33053.0,7170.0
2026-01-28 22:45:00,1769611500,33054.0,33068.0,32933.0,32945.0,8750.0
2026-01-28 23:00:00,1769612400,32947.0,32984.0,32866.0,32882.0,10153.0
2026-01-28 23:15:00,1769613300,32883.0,32943.0,32878.0,32886.0,5781.0
2026-01-28 23:30:00,1769614200,32888.0,32932.0,32875.0,32899.0,4018.0
2026-01-28 23:45:00,1769615100,32898.0,32929.0,32890.0,32896.0,2450.0
2026-01-29 00:00:00,1769616000,32897.0,32982.0,32896.0,32973.0,4371.0
2026-01-29 00:15:00,1769616900,32975.0,32984.0,32937.0,32961.0,2378.0
2026-01-29 00:30:00,1769617800,32960.0,32962.0,32886.0,32886.0,2913.0
2026-01-29 00:45:00,1769618700,32886.0,32915.0,32866.0,32871.0,2430.0
2026-01-29 01:00:00,1769619600,32871.0,32941.0,32847.0,32933.0,4304.0
2026-01-29 01:15:00,1769620500,32933.0,32952.0,32916.0,32925.0,1246.0
2026-01-29 01:30:00,1769621400,32924.0,32959.0,32920.0,32950.0,1247.0
2026-01-29 01:45:00,1769622300,32947.0,32992.0,32945.0,32968.0,1478.0
2026-01-29 02:00:00,1769623200,32969.0,32985.0,32941.0,32981.0,931.0
2026-01-29 02:15:00,1769624100,32979.0,33003.0,32975.0,32995.0,1092.0
2026-01-29 02:30:00,1769625000,32997.0,32997.0,32954.0,32967.0,697.0
2026-01-29 02:45:00,1769625900,32969.0,32995.0,32968.0,32981.0,561.0
2026-01-29 03:00:00,1769626800,32975.0,33014.0,32941.0,33001.0,1833.0
2026-01-29 03:15:00,1769627700,33002.0,33012.0,32958.0,32963.0,657.0
2026-01-29 03:30:00,1769628600,32962.0,33018.0,32932.0,32986.0,1604.0
2026-01-29 03:45:00,1769629500,32984.0,33039.0,32980.0,33007.0,1174.0
2026-01-29 04:00:00,1769630400,33005.0,33052.0,33003.0,33046.0,1098.0
2026-01-29 04:15:00,1769631300,33044.0,33051.0,33031.0,33034.0,550.0
2026-01-29 04:30:00,1769632200,33032.0,33047.0,33021.0,33023.0,527.0
2026-01-29 04:45:00,1769633100,33023.0,33043.0,33007.0,33026.0,945.0
2026-01-29 08:45:00,1769647500,33016.0,33016.0,32903.0,32965.0,9291.0
2026-01-29 09:00:00,1769648400,32966.0,33004.0,32926.0,32940.0,9062.0
2026-01-29 09:15:00,1769649300,32937.0,32941.0,32609.0,32735.0,27132.0
2026-01-29 09:30:00,1769650200,32737.0,32863.0,32704.0,32708.0,17418.0
2026-01-29 09:45:00,1769651100,32708.0,32788.0,32655.0,32781.0,10778.0
2026-01-29 10:00:00,1769652000,32784.0,32785.0,32626.0,32660.0,9557.0
2026-01-29 10:15:00,1769652900,32659.0,32825.0,32646.0,32812.0,9352.0
2026-01-29 10:30:00,1769653800,32811.0,32828.0,32654.0,32668.0,8330.0
2026-01-29 10:45:00,1769654700,32666.0,32719.0,32586.0,32702.0,11010.0
2026-01-29 11:00:00,1769655600,32700.0,32771.0,32694.0,32737.0,4966.0
2026-01-29 11:15:00,1769656500,32736.0,32787.0,32719.0,32738.0,3952.0
2026-01-29 11:30:00,1769657400,32740.0,32764.0,32709.0,32753.0,3648.0
2026-01-29 11:45:00,1769658300,32752.0,32784.0,32729.0,32782.0,2831.0
2026-01-29 12:00:00,1769659200,32781.0,32783.0,32733.0,32751.0,2289.0
2026-01-29 12:15:00,1769660100,32750.0,32794.0,32713.0,32738.0,3508.0
2026-01-29 12:30:00,1769661000,32740.0,32775.0,32732.0,32765.0,2112.0
2026-01-29 12:45:00,1769661900,32765.0,32817.0,32759.0,32806.0,3135.0
2026-01-29 13:00:00,1769662800,32805.0,32811.0,32691.0,32705.0,5598.0
2026-01-29 13:15:00,1769663700,32708.0,32780.0,32701.0,32764.0,4139.0
2026-01-29 13:30:00,1769664600,32763.0,32796.0,32744.0,32779.0,4179.0
2026-01-29 15:00:00,1769670000,32759.0,32779.0,32706.0,32733.0,2972.0
2026-01-29 15:15:00,1769670900,32732.0,32741.0,32710.0,32719.0,1249.0
2026-01-29 15:30:00,1769671800,32719.0,32763.0,32719.0,32751.0,1446.0
2026-01-29 15:45:00,1769672700,32750.0,32758.0,32724.0,32729.0,809.0
2026-01-29 16:00:00,1769673600,32730.0,32782.0,32714.0,32778.0,1926.0
2026-01-29 16:15:00,1769674500,32778.0,32796.0,32764.0,32785.0,1704.0
2026-01-29 16:30:00,1769675400,32785.0,32797.0,32766.0,32777.0,1053.0
2026-01-29 16:45:00,1769676300,32775.0,32778.0,32752.0,32771.0,779.0
2026-01-29 17:00:00,1769677200,32770.0,32791.0,32766.0,32782.0,828.0
2026-01-29 17:15:00,1769678100,32783.0,32792.0,32763.0,32765.0,600.0
2026-01-29 17:30:00,1769679000,32766.0,32788.0,32755.0,32778.0,641.0
2026-01-29 17:45:00,1769679900,32777.0,32779.0,32704.0,32710.0,1801.0
2026-01-29 18:00:00,1769680800,32711.0,32728.0,32680.0,32689.0,3173.0
2026-01-29 18:15:00,1769681700,32691.0,32712.0,32674.0,32705.0,1426.0
2026-01-29 18:30:00,1769682600,32705.0,32708.0,32658.0,32663.0,1722.0
2026-01-29 18:45:00,1769683500,32661.0,32691.0,32612.0,32619.0,3031.0
2026-01-29 19:00:00,1769684400,32621.0,32646.0,32602.0,32636.0,3416.0
2026-01-29 19:15:00,1769685300,32635.0,32647.0,32617.0,32622.0,1274.0
2026-01-29 19:30:00,1769686200,32622.0,32635.0,32606.0,32624.0,1396.0
2026-01-29 19:45:00,1769687100,32628.0,32643.0,32614.0,32629.0,1037.0
2026-01-29 20:00:00,1769688000,32631.0,32654.0,32627.0,32636.0,1439.0
2026-01-29 20:15:00,1769688900,32637.0,32646.0,32620.0,32629.0,801.0
2026-01-29 20:30:00,1769689800,32627.0,32634.0,32556.0,32560.0,4295.0
2026-01-29 20:45:00,1769690700,32559.0,32607.0,32557.0,32600.0,2432.0
2026-01-29 21:00:00,1769691600,32601.0,32646.0,32591.0,32634.0,2203.0
2026-01-29 21:15:00,1769692500,32632.0,32635.0,32609.0,32621.0,1195.0
2026-01-29 21:30:00,1769693400,32621.0,32686.0,32615.0,32683.0,3188.0
2026-01-29 21:45:00,1769694300,32682.0,32692.0,32665.0,32690.0,1851.0
2026-01-29 22:00:00,1769695200,32690.0,32695.0,32626.0,32629.0,3156.0
2026-01-29 22:15:00,1769696100,32628.0,32655.0,32615.0,32624.0,1855.0
2026-01-29 22:30:00,1769697000,32623.0,32659.0,32584.0,32609.0,8193.0
2026-01-29 22:45:00,1769697900,32610.0,32647.0,32458.0,32459.0,14004.0
2026-01-29 23:00:00,1769698800,32462.0,32466.0,32285.0,32289.0,19795.0
2026-01-29 23:15:00,1769699700,32288.0,32335.0,32205.0,32219.0,16694.0
2026-01-29 23:30:00,1769700600,32222.0,32251.0,32017.0,32050.0,18030.0
2026-01-29 23:45:00,1769701500,32051.0,32179.0,32021.0,32070.0,14683.0
2026-01-30 00:00:00,1769702400,32069.0,32179.0,31993.0,32172.0,13032.0
2026-01-30 00:15:00,1769703300,32173.0,32218.0,32131.0,32170.0,9447.0
2026-01-30 00:30:00,1769704200,32169.0,32201.0,32102.0,32169.0,5776.0
2026-01-30 00:45:00,1769705100,32171.0,32191.0,32142.0,32167.0,3004.0
2026-01-30 01:00:00,1769706000,32167.0,32285.0,32164.0,32263.0,6715.0
2026-01-30 01:15:00,1769706900,32262.0,32333.0,32258.0,32315.0,4476.0
2026-01-30 01:30:00,1769707800,32311.0,32368.0,32276.0,32298.0,4600.0
2026-01-30 01:45:00,1769708700,32300.0,32303.0,32230.0,32241.0,3303.0
2026-01-30 02:00:00,1769709600,32243.0,32335.0,32236.0,32327.0,3028.0
2026-01-30 02:15:00,1769710500,32326.0,32328.0,32281.0,32309.0,1464.0
2026-01-30 02:30:00,1769711400,32308.0,32347.0,32279.0,32337.0,1517.0
2026-01-30 02:45:00,1769712300,32339.0,32339.0,32300.0,32300.0,883.0
2026-01-30 03:00:00,1769713200,32300.0,32349.0,32290.0,32341.0,1142.0
2026-01-30 03:15:00,1769714100,32342.0,32375.0,32332.0,32365.0,1299.0
2026-01-30 03:30:00,1769715000,32366.0,32370.0,32322.0,32348.0,834.0
2026-01-30 03:45:00,1769715900,32348.0,32360.0,32317.0,32317.0,622.0
2026-01-30 04:00:00,1769716800,32318.0,32348.0,32306.0,32337.0,558.0
2026-01-30 04:15:00,1769717700,32333.0,32351.0,32316.0,32316.0,535.0
2026-01-30 04:30:00,1769718600,32317.0,32400.0,32304.0,32384.0,1508.0
2026-01-30 04:45:00,1769719500,32381.0,32458.0,32369.0,32439.0,2177.0
2026-01-30 08:45:00,1769733900,32451.0,32525.0,32450.0,32517.0,12007.0
2026-01-30 09:00:00,1769734800,32516.0,32519.0,32351.0,32387.0,14499.0
2026-01-30 09:15:00,1769735700,32388.0,32439.0,32311.0,32342.0,10973.0
2026-01-30 09:30:00,1769736600,32343.0,32355.0,32154.0,32237.0,15233.0
2026-01-30 09:45:00,1769737500,32235.0,32245.0,32167.0,32189.0,10120.0
2026-01-30 10:00:00,1769738400,32194.0,32297.0,32111.0,32213.0,16596.0
2026-01-30 10:15:00,1769739300,32213.0,32248.0,32104.0,32111.0,9119.0
2026-01-30 10:30:00,1769740200,32112.0,32214.0,32091.0,32187.0,8089.0
2026-01-30 10:45:00,1769741100,32188.0,32377.0,32184.0,32360.0,11528.0
2026-01-30 11:00:00,1769742000,32359.0,32414.0,32325.0,32328.0,8126.0
2026-01-30 11:15:00,1769742900,32328.0,32338.0,32271.0,32312.0,6217.0
2026-01-30 11:30:00,1769743800,32311.0,32332.0,32260.0,32288.0,4646.0
2026-01-30 11:45:00,1769744700,32288.0,32330.0,32288.0,32290.0,2726.0
2026-01-30 12:00:00,1769745600,32290.0,32376.0,32285.0,32361.0,4000.0
2026-01-30 12:15:00,1769746500,32363.0,32370.0,32273.0,32342.0,4497.0
2026-01-30 12:30:00,1769747400,32340.0,32362.0,32318.0,32346.0,2661.0
2026-01-30 12:45:00,1769748300,32347.0,32362.0,32316.0,32352.0,2365.0
2026-01-30 13:00:00,1769749200,32354.0,32383.0,32317.0,32327.0,3174.0
2026-01-30 13:15:00,1769750100,32325.0,32330.0,32234.0,32281.0,6168.0
2026-01-30 13:30:00,1769751000,32283.0,32292.0,32225.0,32247.0,6162.0
2026-01-30 13:45:00,1769751900,32252.0,32252.0,32252.0,32252.0,1.0
2026-01-30 15:00:00,1769756400,32107.0,32147.0,32034.0,32127.0,7500.0
2026-01-30 15:15:00,1769757300,32128.0,32133.0,32019.0,32039.0,5238.0
2026-01-30 15:30:00,1769758200,32038.0,32071.0,31908.0,31946.0,9197.0
2026-01-30 15:45:00,1769759100,31945.0,31962.0,31901.0,31909.0,4541.0
2026-01-30 16:00:00,1769760000,31912.0,31995.0,31884.0,31987.0,6719.0
2026-01-30 16:15:00,1769760900,31988.0,32018.0,31966.0,31989.0,3312.0
2026-01-30 16:30:00,1769761800,31989.0,31993.0,31930.0,31969.0,2767.0
2026-01-30 16:45:00,1769762700,31971.0,32046.0,31958.0,32029.0,3269.0
2026-01-30 17:00:00,1769763600,32028.0,32060.0,31946.0,31948.0,3722.0
2026-01-30 17:15:00,1769764500,31946.0,31968.0,31918.0,31940.0,2839.0
2026-01-30 17:30:00,1769765400,31940.0,31980.0,31917.0,31927.0,1994.0
2026-01-30 17:45:00,1769766300,31926.0,31927.0,31855.0,31891.0,5509.0
2026-01-30 18:00:00,1769767200,31888.0,31946.0,31886.0,31943.0,2548.0
2026-01-30 18:15:00,1769768100,31944.0,31954.0,31919.0,31931.0,1325.0
2026-01-30 18:30:00,1769769000,31932.0,31995.0,31927.0,31971.0,2315.0
2026-01-30 18:45:00,1769769900,31970.0,31998.0,31963.0,31977.0,1322.0
2026-01-30 19:00:00,1769770800,31981.0,32026.0,31965.0,32016.0,2329.0
2026-01-30 19:15:00,1769771700,32016.0,32056.0,32008.0,32048.0,2215.0
2026-01-30 19:30:00,1769772600,32047.0,32117.0,32040.0,32091.0,4788.0
2026-01-30 19:45:00,1769773500,32091.0,32195.0,32042.0,32168.0,6642.0
2026-01-30 20:00:00,1769774400,32170.0,32221.0,32163.0,32182.0,4388.0
2026-01-30 20:15:00,1769775300,32181.0,32190.0,32152.0,32161.0,1886.0
2026-01-30 20:30:00,1769776200,32160.0,32188.0,32110.0,32110.0,2214.0
2026-01-30 20:45:00,1769777100,32110.0,32141.0,32036.0,32077.0,5014.0
2026-01-30 21:00:00,1769778000,32077.0,32184.0,32074.0,32175.0,4413.0
2026-01-30 21:15:00,1769778900,32177.0,32187.0,32096.0,32160.0,3010.0
2026-01-30 21:30:00,1769779800,32160.0,32168.0,32086.0,32144.0,3771.0
2026-01-30 21:45:00,1769780700,32143.0,32148.0,32072.0,32101.0,2434.0
2026-01-30 22:00:00,1769781600,32095.0,32127.0,32067.0,32115.0,2213.0
2026-01-30 22:15:00,1769782500,32112.0,32134.0,32064.0,32103.0,2007.0
2026-01-30 22:30:00,1769783400,32101.0,32306.0,32089.0,32232.0,14475.0
2026-01-30 22:45:00,1769784300,32232.0,32296.0,32151.0,32175.0,9496.0
2026-01-30 23:00:00,1769785200,32177.0,32264.0,32119.0,32221.0,9314.0
2026-01-30 23:15:00,1769786100,32220.0,32274.0,32162.0,32170.0,5074.0
2026-01-30 23:30:00,1769787000,32166.0,32255.0,32131.0,32243.0,6012.0
2026-01-30 23:45:00,1769787900,32242.0,32262.0,32159.0,32170.0,3977.0
2026-01-31 00:00:00,1769788800,32170.0,32178.0,32055.0,32070.0,6892.0
2026-01-31 00:15:00,1769789700,32072.0,32074.0,31906.0,31968.0,10184.0
2026-01-31 00:30:00,1769790600,31967.0,32132.0,31960.0,32102.0,6948.0
2026-01-31 00:45:00,1769791500,32104.0,32107.0,31989.0,32006.0,4956.0
2026-01-31 01:00:00,1769792400,32005.0,32028.0,31929.0,31950.0,4870.0
2026-01-31 01:15:00,1769793300,31947.0,32046.0,31930.0,32040.0,3824.0
2026-01-31 01:30:00,1769794200,32038.0,32053.0,31932.0,31975.0,3501.0
2026-01-31 01:45:00,1769795100,31973.0,32011.0,31927.0,31929.0,2249.0
2026-01-31 02:00:00,1769796000,31930.0,31959.0,31807.0,31883.0,6412.0
2026-01-31 02:15:00,1769796900,31882.0,31906.0,31701.0,31831.0,8057.0
2026-01-31 02:30:00,1769797800,31836.0,31850.0,31754.0,31815.0,3508.0
2026-01-31 02:45:00,1769798700,31812.0,32000.0,31799.0,31955.0,4952.0
2026-01-31 03:00:00,1769799600,31954.0,32049.0,31954.0,32003.0,4314.0
2026-01-31 03:15:00,1769800500,32002.0,32023.0,31960.0,31964.0,1661.0
2026-01-31 03:30:00,1769801400,31961.0,31998.0,31903.0,31959.0,2108.0
2026-01-31 03:45:00,1769802300,31962.0,31993.0,31912.0,31917.0,1394.0
2026-01-31 04:00:00,1769803200,31919.0,31940.0,31885.0,31894.0,1266.0
2026-01-31 04:15:00,1769804100,31894.0,31907.0,31846.0,31876.0,1429.0
2026-01-31 04:30:00,1769805000,31874.0,31915.0,31858.0,31899.0,1083.0
2026-01-31 04:45:00,1769805900,31898.0,31944.0,31851.0,31867.0,1733.0
2026-02-02 08:45:00,1769993100,31900.0,31963.0,31827.0,31847.0,15363.0
2026-02-02 09:00:00,1769994000,31847.0,31952.0,31669.0,31706.0,24278.0
2026-02-02 09:15:00,1769994900,31703.0,31799.0,31680.0,31757.0,13029.0
2026-02-02 09:30:00,1769995800,31759.0,31766.0,31590.0,31598.0,19055.0
2026-02-02 09:45:00,1769996700,31596.0,31603.0,31455.0,31508.0,18298.0
2026-02-02 10:00:00,1769997600,31512.0,31603.0,31472.0,31490.0,12100.0
2026-02-02 10:15:00,1769998500,31490.0,31650.0,31483.0,31616.0,10194.0
2026-02-02 10:30:00,1769999400,31614.0,31686.0,31553.0,31631.0,8983.0
2026-02-02 10:45:00,1770000300,31631.0,31649.0,31503.0,31506.0,7518.0
2026-02-02 11:00:00,1770001200,31506.0,31545.0,31465.0,31487.0,6613.0
2026-02-02 11:15:00,1770002100,31486.0,31538.0,31439.0,31495.0,7756.0
2026-02-02 11:30:00,1770003000,31497.0,31536.0,31432.0,31446.0,5829.0
2026-02-02 11:45:00,1770003900,31446.0,31495.0,31421.0,31461.0,5599.0
2026-02-02 12:00:00,1770004800,31463.0,31483.0,31392.0,31460.0,6857.0
2026-02-02 12:15:00,1770005700,31458.0,31592.0,31450.0,31547.0,8777.0
2026-02-02 12:30:00,1770006600,31545.0,31660.0,31542.0,31652.0,7606.0
2026-02-02 12:45:00,1770007500,31652.0,31680.0,31618.0,31658.0,5295.0
2026-02-02 13:00:00,1770008400,31657.0,31667.0,31606.0,31652.0,5135.0
2026-02-02 13:15:00,1770009300,31650.0,31669.0,31617.0,31652.0,4661.0
2026-02-02 13:30:00,1770010200,31652.0,31659.0,31604.0,31611.0,5489.0
2026-02-02 15:00:00,1770015600,31593.0,31772.0,31582.0,31702.0,7441.0
2026-02-02 15:15:00,1770016500,31702.0,31750.0,31675.0,31749.0,3302.0
2026-02-02 15:30:00,1770017400,31748.0,31750.0,31706.0,31715.0,1798.0
2026-02-02 15:45:00,1770018300,31717.0,31787.0,31715.0,31786.0,2683.0
2026-02-02 16:00:00,1770019200,31786.0,31843.0,31772.0,31826.0,4325.0
2026-02-02 16:15:00,1770020100,31825.0,31844.0,31807.0,31826.0,2198.0
2026-02-02 16:30:00,1770021000,31825.0,31854.0,31816.0,31842.0,1945.0
2026-02-02 16:45:00,1770021900,31839.0,31845.0,31820.0,31830.0,1021.0
2026-02-02 17:00:00,1770022800,31833.0,31835.0,31751.0,31797.0,3755.0
2026-02-02 17:15:00,1770023700,31797.0,31875.0,31774.0,31846.0,3518.0
2026-02-02 17:30:00,1770024600,31844.0,31876.0,31828.0,31866.0,2090.0
2026-02-02 17:45:00,1770025500,31868.0,31886.0,31853.0,31875.0,1924.0
2026-02-02 18:00:00,1770026400,31872.0,31895.0,31848.0,31855.0,1848.0
2026-02-02 18:15:00,1770027300,31857.0,31873.0,31838.0,31856.0,1069.0
2026-02-02 18:30:00,1770028200,31855.0,31875.0,31806.0,31816.0,1839.0
2026-02-02 18:45:00,1770029100,31815.0,31842.0,31792.0,31830.0,1651.0
2026-02-02 19:00:00,1770030000,31831.0,31887.0,31830.0,31883.0,1768.0
2026-02-02 19:15:00,1770030900,31882.0,31903.0,31865.0,31899.0,1816.0
2026-02-02 19:30:00,1770031800,31898.0,31932.0,31888.0,31925.0,2751.0
2026-02-02 19:45:00,1770032700,31922.0,31933.0,31888.0,31893.0,1974.0
2026-02-02 20:00:00,1770033600,31890.0,31927.0,31889.0,31920.0,1602.0
2026-02-02 20:15:00,1770034500,31920.0,31950.0,31916.0,31948.0,2071.0
2026-02-02 20:30:00,1770035400,31946.0,31949.0,31913.0,31927.0,1336.0
2026-02-02 20:45:00,1770036300,31927.0,31940.0,31905.0,31916.0,1231.0
2026-02-02 21:00:00,1770037200,31913.0,31918.0,31875.0,31914.0,2321.0
2026-02-02 21:15:00,1770038100,31914.0,31927.0,31892.0,31909.0,1371.0
2026-02-02 21:30:00,1770039000,31910.0,31917.0,31873.0,31915.0,1635.0
2026-02-02 21:45:00,1770039900,31913.0,31971.0,31906.0,31950.0,3058.0
2026-02-02 22:00:00,1770040800,31952.0,31958.0,31913.0,31919.0,1897.0
2026-02-02 22:15:00,1770041700,31919.0,31933.0,31898.0,31932.0,1456.0
2026-02-02 22:30:00,1770042600,31932.0,32096.0,31920.0,32066.0,12774.0
2026-02-02 22:45:00,1770043500,32066.0,32147.0,32044.0,32091.0,8661.0
2026-02-02 23:00:00,1770044400,32088.0,32177.0,32060.0,32169.0,7483.0
2026-02-02 23:15:00,1770045300,32171.0,32219.0,32148.0,32184.0,6061.0
2026-02-02 23:30:00,1770046200,32186.0,32253.0,32175.0,32215.0,5183.0
2026-02-02 23:45:00,1770047100,32218.0,32219.0,32161.0,32177.0,3669.0
2026-02-03 00:00:00,1770048000,32176.0,32216.0,32162.0,32209.0,2957.0
2026-02-03 00:15:00,1770048900,32209.0,32240.0,32203.0,32235.0,2135.0
2026-02-03 00:30:00,1770049800,32232.0,32242.0,32213.0,32229.0,1500.0
2026-02-03 00:45:00,1770050700,32230.0,32246.0,32184.0,32237.0,2372.0
2026-02-03 01:00:00,1770051600,32237.0,32263.0,32226.0,32236.0,2457.0
2026-02-03 01:15:00,1770052500,32240.0,32253.0,32224.0,32250.0,1058.0
2026-02-03 01:30:00,1770053400,32250.0,32276.0,32238.0,32263.0,1715.0
2026-02-03 01:45:00,1770054300,32265.0,32293.0,32262.0,32286.0,1298.0
2026-02-03 02:00:00,1770055200,32287.0,32299.0,32278.0,32280.0,1314.0
2026-02-03 02:15:00,1770056100,32279.0,32281.0,32254.0,32266.0,936.0
2026-02-03 02:30:00,1770057000,32265.0,32290.0,32263.0,32285.0,448.0
2026-02-03 02:45:00,1770057900,32286.0,32298.0,32276.0,32282.0,576.0
2026-02-03 03:00:00,1770058800,32282.0,32287.0,32264.0,32271.0,432.0
2026-02-03 03:15:00,1770059700,32270.0,32271.0,32245.0,32258.0,559.0
2026-02-03 03:30:00,1770060600,32258.0,32262.0,32244.0,32259.0,342.0
2026-02-03 03:45:00,1770061500,32260.0,32267.0,32193.0,32193.0,1186.0
2026-02-03 04:00:00,1770062400,32195.0,32249.0,32156.0,32215.0,2388.0
2026-02-03 04:15:00,1770063300,32215.0,32224.0,32183.0,32189.0,617.0
2026-02-03 04:30:00,1770064200,32186.0,32225.0,32178.0,32225.0,627.0
2026-02-03 04:45:00,1770065100,32221.0,32267.0,32213.0,32240.0,1109.0
2026-02-03 08:45:00,1770079500,32357.0,32444.0,32308.0,32330.0,14735.0
2026-02-03 09:00:00,1770080400,32328.0,32384.0,32258.0,32369.0,13457.0
2026-02-03 09:15:00,1770081300,32369.0,32413.0,32343.0,32364.0,7618.0
2026-02-03 09:30:00,1770082200,32367.0,32373.0,32277.0,32320.0,8999.0
2026-02-03 09:45:00,1770083100,32323.0,32327.0,32186.0,32202.0,11459.0
2026-02-03 10:00:00,1770084000,32203.0,32237.0,32014.0,32019.0,15963.0
2026-02-03 10:15:00,1770084900,32020.0,32154.0,32004.0,32061.0,13292.0
2026-02-03 10:30:00,1770085800,32061.0,32143.0,32021.0,32084.0,9175.0
2026-02-03 10:45:00,1770086700,32083.0,32182.0,32048.0,32165.0,7748.0
2026-02-03 11:00:00,1770087600,32165.0,32193.0,32123.0,32137.0,4950.0
2026-02-03 11:15:00,1770088500,32139.0,32188.0,32132.0,32176.0,2858.0
2026-02-03 11:30:00,1770089400,32177.0,32182.0,32116.0,32150.0,3479.0
2026-02-03 11:45:00,1770090300,32155.0,32159.0,32070.0,32143.0,4347.0
2026-02-03 12:00:00,1770091200,32143.0,32248.0,32123.0,32138.0,7476.0
2026-02-03 12:15:00,1770092100,32137.0,32205.0,32132.0,32204.0,2766.0
2026-02-03 12:30:00,1770093000,32204.0,32255.0,32202.0,32249.0,4422.0
2026-02-03 12:45:00,1770093900,32249.0,32258.0,32212.0,32220.0,2491.0
2026-02-03 13:00:00,1770094800,32221.0,32265.0,32181.0,32259.0,4176.0
2026-02-03 13:15:00,1770095700,32258.0,32285.0,32223.0,32253.0,4027.0
2026-02-03 13:30:00,1770096600,32254.0,32298.0,32238.0,32266.0,3874.0
2026-02-03 15:00:00,1770102000,32293.0,32409.0,32270.0,32407.0,5572.0
2026-02-03 15:15:00,1770102900,32404.0,32420.0,32372.0,32394.0,2688.0
2026-02-03 15:30:00,1770103800,32392.0,32481.0,32385.0,32471.0,5369.0
2026-02-03 15:45:00,1770104700,32470.0,32491.0,32461.0,32468.0,2325.0
2026-02-03 16:00:00,1770105600,32468.0,32475.0,32432.0,32473.0,2684.0
2026-02-03 16:15:00,1770106500,32469.0,32496.0,32448.0,32464.0,2008.0
2026-02-03 16:30:00,1770107400,32463.0,32467.0,32438.0,32443.0,1500.0
2026-02-03 16:45:00,1770108300,32442.0,32452.0,32423.0,32430.0,1438.0
2026-02-03 17:00:00,1770109200,32432.0,32465.0,32429.0,32438.0,1421.0
2026-02-03 17:15:00,1770110100,32438.0,32452.0,32373.0,32378.0,3161.0
2026-02-03 17:30:00,1770111000,32379.0,32405.0,32373.0,32401.0,1825.0
2026-02-03 17:45:00,1770111900,32400.0,32428.0,32390.0,32402.0,1367.0
2026-02-03 18:00:00,1770112800,32402.0,32444.0,32400.0,32430.0,1382.0
2026-02-03 18:15:00,1770113700,32430.0,32440.0,32413.0,32413.0,619.0
2026-02-03 18:30:00,1770114600,32414.0,32414.0,32376.0,32386.0,1407.0
2026-02-03 18:45:00,1770115500,32386.0,32398.0,32363.0,32381.0,1554.0
2026-02-03 19:00:00,1770116400,32381.0,32393.0,32355.0,32375.0,1564.0
2026-02-03 19:15:00,1770117300,32373.0,32375.0,32327.0,32334.0,2162.0
2026-02-03 19:30:00,1770118200,32333.0,32342.0,32317.0,32336.0,1849.0
2026-02-03 19:45:00,1770119100,32335.0,32364.0,32327.0,32352.0,1627.0
2026-02-03 20:00:00,1770120000,32353.0,32398.0,32326.0,32396.0,2413.0
2026-02-03 20:15:00,1770120900,32396.0,32444.0,32390.0,32438.0,2340.0
2026-02-03 20:30:00,1770121800,32435.0,32453.0,32430.0,32435.0,1689.0
2026-02-03 20:45:00,1770122700,32436.0,32453.0,32412.0,32415.0,1332.0
2026-02-03 21:00:00,1770123600,32417.0,32443.0,32402.0,32428.0,1528.0
2026-02-03 21:15:00,1770124500,32430.0,32431.0,32387.0,32406.0,1548.0
2026-02-03 21:30:00,1770125400,32407.0,32414.0,32389.0,32393.0,1106.0
2026-02-03 21:45:00,1770126300,32391.0,32410.0,32376.0,32392.0,1524.0
2026-02-03 22:00:00,1770127200,32394.0,32400.0,32361.0,32386.0,1720.0
2026-02-03 22:15:00,1770128100,32386.0,32421.0,32369.0,32418.0,1826.0
2026-02-03 22:30:00,1770129000,32419.0,32445.0,32289.0,32318.0,11539.0
2026-02-03 22:45:00,1770129900,32317.0,32383.0,32105.0,32115.0,15668.0
2026-02-03 23:00:00,1770130800,32113.0,32154.0,32024.0,32051.0,17416.0
2026-02-03 23:15:00,1770131700,32052.0,32114.0,32015.0,32084.0,10363.0
2026-02-03 23:30:00,1770132600,32081.0,32111.0,32048.0,32076.0,4635.0
2026-02-03 23:45:00,1770133500,32074.0,32195.0,32051.0,32191.0,8642.0
2026-02-04 00:00:00,1770134400,32191.0,32195.0,32106.0,32131.0,4972.0
2026-02-04 00:15:00,1770135300,32131.0,32157.0,32097.0,32098.0,2987.0
2026-02-04 00:30:00,1770136200,32099.0,32148.0,32078.0,32131.0,3081.0
2026-02-04 00:45:00,1770137100,32131.0,32149.0,32092.0,32106.0,2172.0
2026-02-04 01:00:00,1770138000,32108.0,32120.0,31938.0,31969.0,6877.0
2026-02-04 01:15:00,1770138900,31967.0,32025.0,31958.0,31975.0,3808.0
2026-02-04 01:30:00,1770139800,31975.0,31983.0,31893.0,31899.0,4729.0
2026-02-04 01:45:00,1770140700,31899.0,32015.0,31892.0,31949.0,4052.0
2026-02-04 02:00:00,1770141600,31945.0,31988.0,31862.0,31875.0,4153.0
2026-02-04 02:15:00,1770142500,31875.0,31913.0,31839.0,31856.0,3042.0
2026-02-04 02:30:00,1770143400,31852.0,31866.0,31809.0,31811.0,2723.0
2026-02-04 02:45:00,1770144300,31809.0,31837.0,31764.0,31769.0,3018.0
2026-02-04 03:00:00,1770145200,31768.0,31883.0,31739.0,31882.0,4130.0
2026-02-04 03:15:00,1770146100,31880.0,31912.0,31825.0,31855.0,2999.0
2026-02-04 03:30:00,1770147000,31858.0,31891.0,31826.0,31850.0,1388.0
2026-02-04 03:45:00,1770147900,31852.0,31885.0,31769.0,31874.0,2064.0
2026-02-04 04:00:00,1770148800,31871.0,31891.0,31838.0,31875.0,1258.0
2026-02-04 04:15:00,1770149700,31871.0,31924.0,31853.0,31914.0,1500.0
2026-02-04 04:30:00,1770150600,31914.0,32051.0,31914.0,32047.0,3573.0
2026-02-04 04:45:00,1770151500,32045.0,32141.0,32039.0,32107.0,3271.0
2026-02-04 08:45:00,1770165900,32107.0,32146.0,32051.0,32051.0,9750.0
2026-02-04 09:00:00,1770166800,32051.0,32194.0,32034.0,32189.0,14924.0
2026-02-04 09:15:00,1770167700,32189.0,32270.0,32136.0,32256.0,12376.0
2026-02-04 09:30:00,1770168600,32254.0,32334.0,32222.0,32255.0,11116.0
2026-02-04 09:45:00,1770169500,32254.0,32380.0,32206.0,32378.0,11304.0
2026-02-04 10:00:00,1770170400,32380.0,32475.0,32367.0,32424.0,12364.0
2026-02-04 10:15:00,1770171300,32427.0,32432.0,32258.0,32280.0,10034.0
2026-02-04 10:30:00,1770172200,32280.0,32379.0,32263.0,32375.0,6135.0
2026-02-04 10:45:00,1770173100,32371.0,32393.0,32327.0,32393.0,4378.0
2026-02-04 11:00:00,1770174000,32391.0,32392.0,32344.0,32376.0,2549.0
2026-02-04 11:15:00,1770174900,32374.0,32425.0,32362.0,32416.0,3914.0
2026-02-04 11:30:00,1770175800,32416.0,32466.0,32412.0,32420.0,4551.0
2026-02-04 11:45:00,1770176700,32419.0,32430.0,32368.0,32430.0,4365.0
2026-02-04 12:00:00,1770177600,32430.0,32443.0,32396.0,32424.0,3803.0
2026-02-04 12:15:00,1770178500,32423.0,32424.0,32391.0,32399.0,1817.0
2026-02-04 12:30:00,1770179400,32399.0,32452.0,32388.0,32442.0,2470.0
2026-02-04 12:45:00,1770180300,32441.0,32462.0,32425.0,32447.0,2487.0
2026-02-04 13:00:00,1770181200,32446.0,32450.0,32425.0,32438.0,1518.0
2026-02-04 13:15:00,1770182100,32437.0,32440.0,32417.0,32427.0,2445.0
2026-02-04 13:30:00,1770183000,32427.0,32432.0,32393.0,32417.0,4259.0
2026-02-04 15:00:00,1770188400,32476.0,32576.0,32474.0,32552.0,8624.0
2026-02-04 15:15:00,1770189300,32550.0,32567.0,32536.0,32547.0,1905.0
2026-02-04 15:30:00,1770190200,32545.0,32580.0,32533.0,32572.0,2028.0
2026-02-04 15:45:00,1770191100,32572.0,32612.0,32569.0,32577.0,3612.0
2026-02-04 16:00:00,1770192000,32575.0,32586.0,32529.0,32574.0,3197.0
2026-02-04 16:15:00,1770192900,32575.0,32576.0,32493.0,32504.0,3187.0
2026-02-04 16:30:00,1770193800,32503.0,32546.0,32486.0,32544.0,2402.0
2026-02-04 16:45:00,1770194700,32545.0,32548.0,32513.0,32532.0,1250.0
2026-02-04 17:00:00,1770195600,32530.0,32550.0,32508.0,32512.0,1390.0
2026-02-04 17:15:00,1770196500,32514.0,32520.0,32427.0,32462.0,5116.0
2026-02-04 17:30:00,1770197400,32460.0,32487.0,32442.0,32456.0,2206.0
2026-02-04 17:45:00,1770198300,32458.0,32531.0,32458.0,32520.0,2263.0
2026-02-04 18:00:00,1770199200,32522.0,32555.0,32510.0,32536.0,2038.0
2026-02-04 18:15:00,1770200100,32534.0,32556.0,32531.0,32539.0,1061.0
2026-02-04 18:30:00,1770201000,32540.0,32555.0,32532.0,32536.0,823.0
2026-02-04 18:45:00,1770201900,32536.0,32566.0,32532.0,32550.0,1129.0
2026-02-04 19:00:00,1770202800,32550.0,32555.0,32503.0,32521.0,1546.0
2026-02-04 19:15:00,1770203700,32523.0,32543.0,32511.0,32534.0,788.0
2026-02-04 19:30:00,1770204600,32535.0,32559.0,32527.0,32539.0,932.0
2026-02-04 19:45:00,1770205500,32540.0,32573.0,32536.0,32559.0,1283.0
2026-02-04 20:00:00,1770206400,32558.0,32578.0,32525.0,32542.0,1645.0
2026-02-04 20:15:00,1770207300,32543.0,32549.0,32520.0,32524.0,794.0
2026-02-04 20:30:00,1770208200,32523.0,32542.0,32505.0,32525.0,1339.0
2026-02-04 20:45:00,1770209100,32523.0,32538.0,32516.0,32526.0,698.0
2026-02-04 21:00:00,1770210000,32525.0,32535.0,32486.0,32508.0,1715.0
2026-02-04 21:15:00,1770210900,32506.0,32532.0,32486.0,32493.0,1770.0
2026-02-04 21:30:00,1770211800,32493.0,32536.0,32472.0,32494.0,3184.0
2026-02-04 21:45:00,1770212700,32494.0,32496.0,32453.0,32470.0,2669.0
2026-02-04 22:00:00,1770213600,32469.0,32475.0,32409.0,32442.0,4057.0
2026-02-04 22:15:00,1770214500,32444.0,32488.0,32432.0,32478.0,3100.0
2026-02-04 22:30:00,1770215400,32476.0,32479.0,32327.0,32456.0,15320.0
2026-02-04 22:45:00,1770216300,32453.0,32515.0,32351.0,32369.0,11358.0
2026-02-04 23:00:00,1770217200,32373.0,32415.0,32305.0,32362.0,11850.0
2026-02-04 23:15:00,1770218100,32361.0,32383.0,32275.0,32332.0,10231.0
2026-02-04 23:30:00,1770219000,32333.0,32357.0,32190.0,32292.0,13818.0
2026-02-04 23:45:00,1770219900,32290.0,32305.0,32211.0,32215.0,6258.0
2026-02-05 00:00:00,1770220800,32217.0,32238.0,32070.0,32118.0,12007.0
2026-02-05 00:15:00,1770221700,32121.0,32138.0,32023.0,32094.0,8154.0
2026-02-05 00:30:00,1770222600,32091.0,32102.0,31932.0,31932.0,8764.0
2026-02-05 00:45:00,1770223500,31932.0,32043.0,31906.0,32028.0,8055.0
2026-02-05 01:00:00,1770224400,32025.0,32070.0,31988.0,32060.0,6062.0
2026-02-05 01:15:00,1770225300,32061.0,32070.0,31839.0,31839.0,8003.0
2026-02-05 01:30:00,1770226200,31839.0,31887.0,31780.0,31840.0,6669.0
2026-02-05 01:45:00,1770227100,31839.0,31899.0,31781.0,31880.0,4986.0
2026-02-05 02:00:00,1770228000,31879.0,31892.0,31771.0,31812.0,4499.0
2026-02-05 02:15:00,1770228900,31814.0,31938.0,31768.0,31915.0,4999.0
2026-02-05 02:30:00,1770229800,31913.0,31917.0,31800.0,31848.0,3386.0
2026-02-05 02:45:00,1770230700,31846.0,31900.0,31795.0,31860.0,2667.0
2026-02-05 03:00:00,1770231600,31859.0,31871.0,31806.0,31852.0,1954.0
2026-02-05 03:15:00,1770232500,31853.0,31919.0,31852.0,31912.0,2027.0
2026-02-05 03:30:00,1770233400,31911.0,32011.0,31907.0,31982.0,3124.0
2026-02-05 03:45:00,1770234300,31983.0,32056.0,31966.0,32038.0,3349.0
2026-02-05 04:00:00,1770235200,32036.0,32043.0,31943.0,31974.0,1773.0
2026-02-05 04:15:00,1770236100,31976.0,31984.0,31939.0,31949.0,832.0
2026-02-05 04:30:00,1770237000,31950.0,32018.0,31935.0,31984.0,996.0
2026-02-05 04:45:00,1770237900,31987.0,32011.0,31885.0,31900.0,1610.0
2026-02-05 08:45:00,1770252300,31972.0,32094.0,31950.0,32075.0,12023.0
2026-02-05 09:00:00,1770253200,32074.0,32145.0,31985.0,32124.0,14776.0
2026-02-05 09:15:00,1770254100,32123.0,32167.0,32037.0,32133.0,12133.0
2026-02-05 09:30:00,1770255000,32131.0,32162.0,32100.0,32135.0,6345.0
2026-02-05 09:45:00,1770255900,32136.0,32144.0,32020.0,32025.0,9239.0
2026-02-05 10:00:00,1770256800,32029.0,32043.0,31900.0,31954.0,15369.0
2026-02-05 10:15:00,1770257700,31954.0,32109.0,31893.0,32094.0,10571.0
2026-02-05 10:30:00,1770258600,32096.0,32103.0,32030.0,32068.0,5971.0
2026-02-05 10:45:00,1770259500,32068.0,32079.0,31940.0,31950.0,6553.0
2026-02-05 11:00:00,1770260400,31954.0,31976.0,31878.0,31928.0,8430.0
2026-02-05 11:15:00,1770261300,31926.0,31942.0,31841.0,31852.0,7217.0
2026-02-05 11:30:00,1770262200,31854.0,31893.0,31827.0,31880.0,5195.0
2026-02-05 11:45:00,1770263100,31877.0,31881.0,31798.0,31801.0,5572.0
2026-02-05 12:00:00,1770264000,31804.0,31875.0,31803.0,31836.0,4307.0
2026-02-05 12:15:00,1770264900,31836.0,31878.0,31805.0,31878.0,4222.0
2026-02-05 12:30:00,1770265800,31877.0,31956.0,31872.0,31944.0,6558.0
2026-02-05 12:45:00,1770266700,31945.0,31970.0,31921.0,31936.0,3800.0
2026-02-05 13:00:00,1770267600,31935.0,31952.0,31903.0,31903.0,3036.0
2026-02-05 13:15:00,1770268500,31905.0,31930.0,31866.0,31866.0,4286.0
2026-02-05 13:30:00,1770269400,31866.0,31917.0,31838.0,31910.0,5053.0
2026-02-05 15:00:00,1770274800,31942.0,32032.0,31921.0,31921.0,5147.0
2026-02-05 15:15:00,1770275700,31926.0,31985.0,31922.0,31982.0,2051.0
2026-02-05 15:30:00,1770276600,31980.0,31985.0,31937.0,31942.0,1396.0
2026-02-05 15:45:00,1770277500,31941.0,31980.0,31912.0,31914.0,1825.0
2026-02-05 16:00:00,1770278400,31918.0,32009.0,31913.0,31995.0,3157.0
2026-02-05 16:15:00,1770279300,31995.0,32017.0,31951.0,31969.0,2064.0
2026-02-05 16:30:00,1770280200,31965.0,31977.0,31934.0,31946.0,1478.0
2026-02-05 16:45:00,1770281100,31945.0,31945.0,31857.0,31864.0,3625.0
2026-02-05 17:00:00,1770282000,31871.0,31903.0,31819.0,31858.0,3600.0
2026-02-05 17:15:00,1770282900,31857.0,31939.0,31832.0,31935.0,2818.0
2026-02-05 17:30:00,1770283800,31936.0,31967.0,31878.0,31880.0,2716.0
2026-02-05 17:45:00,1770284700,31881.0,31908.0,31866.0,31896.0,1657.0
2026-02-05 18:00:00,1770285600,31896.0,31944.0,31891.0,31943.0,1523.0
2026-02-05 18:15:00,1770286500,31942.0,31950.0,31920.0,31942.0,1045.0
2026-02-05 18:30:00,1770287400,31943.0,31946.0,31902.0,31911.0,1255.0
2026-02-05 18:45:00,1770288300,31911.0,31930.0,31885.0,31904.0,993.0
2026-02-05 19:00:00,1770289200,31901.0,31918.0,31866.0,31901.0,1447.0
2026-02-05 19:15:00,1770290100,31900.0,31955.0,31900.0,31909.0,1831.0
2026-02-05 19:30:00,1770291000,31908.0,31919.0,31869.0,31898.0,1569.0
2026-02-05 19:45:00,1770291900,31898.0,31922.0,31894.0,31910.0,744.0
2026-02-05 20:00:00,1770292800,31912.0,31937.0,31888.0,31918.0,1688.0
2026-02-05 20:15:00,1770293700,31919.0,31928.0,31665.0,31673.0,10675.0
2026-02-05 20:30:00,1770294600,31674.0,31692.0,31523.0,31579.0,12064.0
2026-02-05 20:45:00,1770295500,31580.0,31608.0,31520.0,31590.0,7159.0
2026-02-05 21:00:00,1770296400,31590.0,31633.0,31567.0,31603.0,5146.0
2026-02-05 21:15:00,1770297300,31603.0,31622.0,31568.0,31586.0,2910.0
2026-02-05 21:30:00,1770298200,31588.0,31684.0,31565.0,31610.0,7172.0
2026-02-05 21:45:00,1770299100,31608.0,31620.0,31544.0,31571.0,4016.0
2026-02-05 22:00:00,1770300000,31570.0,31644.0,31535.0,31581.0,4249.0
2026-02-05 22:15:00,1770300900,31583.0,31599.0,31542.0,31574.0,3121.0
2026-02-05 22:30:00,1770301800,31573.0,31871.0,31484.0,31852.0,24843.0
2026-02-05 22:45:00,1770302700,31851.0,31987.0,31758.0,31768.0,21026.0
2026-02-05 23:00:00,1770303600,31769.0,31867.0,31560.0,31566.0,16274.0
2026-02-05 23:15:00,1770304500,31566.0,31662.0,31554.0,31561.0,11850.0
2026-02-05 23:30:00,1770305400,31561.0,31719.0,31551.0,31690.0,10142.0
2026-02-05 23:45:00,1770306300,31686.0,31705.0,31578.0,31670.0,7283.0
2026-02-06 00:00:00,1770307200,31672.0,31678.0,31577.0,31586.0,4797.0
2026-02-06 00:15:00,1770308100,31588.0,31877.0,31587.0,31871.0,11195.0
2026-02-06 00:30:00,1770309000,31872.0,31921.0,31844.0,31874.0,7027.0
2026-02-06 00:45:00,1770309900,31872.0,31948.0,31810.0,31941.0,6534.0
2026-02-06 01:00:00,1770310800,31939.0,31957.0,31854.0,31893.0,4948.0
2026-02-06 01:15:00,1770311700,31891.0,32028.0,31847.0,31994.0,6144.0
2026-02-06 01:30:00,1770312600,31992.0,32018.0,31946.0,32003.0,3652.0
2026-02-06 01:45:00,1770313500,32005.0,32054.0,31958.0,31991.0,4084.0
2026-02-06 02:00:00,1770314400,31991.0,32036.0,31906.0,31948.0,3297.0
2026-02-06 02:15:00,1770315300,31948.0,31960.0,31848.0,31868.0,3023.0
2026-02-06 02:30:00,1770316200,31867.0,31911.0,31818.0,31846.0,2518.0
2026-02-06 02:45:00,1770317100,31843.0,31853.0,31760.0,31827.0,2541.0
2026-02-06 03:00:00,1770318000,31825.0,31936.0,31807.0,31924.0,2091.0
2026-02-06 03:15:00,1770318900,31925.0,31947.0,31885.0,31889.0,1336.0
2026-02-06 03:30:00,1770319800,31886.0,31888.0,31825.0,31839.0,1404.0
2026-02-06 03:45:00,1770320700,31841.0,31851.0,31794.0,31839.0,956.0
2026-02-06 04:00:00,1770321600,31837.0,31920.0,31815.0,31874.0,1151.0
2026-02-06 04:15:00,1770322500,31872.0,31872.0,31729.0,31743.0,1818.0
2026-02-06 04:30:00,1770323400,31739.0,31761.0,31708.0,31717.0,1582.0
2026-02-06 04:45:00,1770324300,31712.0,31770.0,31691.0,31759.0,1567.0
2026-02-06 08:45:00,1770338700,31462.0,31577.0,31420.0,31554.0,15760.0
2026-02-06 09:00:00,1770339600,31551.0,31591.0,31270.0,31385.0,24270.0
2026-02-06 09:15:00,1770340500,31386.0,31392.0,31222.0,31319.0,17654.0
2026-02-06 09:30:00,1770341400,31320.0,31450.0,31243.0,31433.0,15667.0
2026-02-06 09:45:00,1770342300,31434.0,31596.0,31395.0,31590.0,13389.0
2026-02-06 10:00:00,1770343200,31588.0,31742.0,31587.0,31730.0,16617.0
2026-02-06 10:15:00,1770344100,31728.0,31830.0,31674.0,31828.0,11291.0
2026-02-06 10:30:00,1770345000,31825.0,31884.0,31752.0,31805.0,11578.0
2026-02-06 10:45:00,1770345900,31802.0,31827.0,31759.0,31798.0,5051.0
2026-02-06 11:00:00,1770346800,31797.0,31834.0,31760.0,31771.0,4639.0
2026-02-06 11:15:00,1770347700,31771.0,31798.0,31736.0,31786.0,4639.0
2026-02-06 11:30:00,1770348600,31785.0,31847.0,31698.0,31727.0,8518.0
2026-02-06 11:45:00,1770349500,31726.0,31823.0,31724.0,31791.0,4353.0
2026-02-06 12:00:00,1770350400,31791.0,31802.0,31746.0,31755.0,2481.0
2026-02-06 12:15:00,1770351300,31753.0,31765.0,31693.0,31732.0,4296.0
2026-02-06 12:30:00,1770352200,31732.0,31755.0,31677.0,31688.0,3939.0
2026-02-06 12:45:00,1770353100,31687.0,31702.0,31603.0,31659.0,5667.0
2026-02-06 13:00:00,1770354000,31660.0,31705.0,31632.0,31705.0,4861.0
2026-02-06 13:15:00,1770354900,31704.0,31733.0,31670.0,31730.0,3952.0
2026-02-06 13:30:00,1770355800,31732.0,31805.0,31708.0,31803.0,6261.0
2026-02-06 13:45:00,1770356700,31803.0,31803.0,31803.0,31803.0,3.0
2026-02-06 15:00:00,1770361200,31838.0,31898.0,31753.0,31793.0,5095.0
2026-02-06 15:15:00,1770362100,31794.0,31884.0,31791.0,31879.0,3091.0
2026-02-06 15:30:00,1770363000,31880.0,31895.0,31833.0,31836.0,2740.0
2026-02-06 15:45:00,1770363900,31833.0,31849.0,31804.0,31831.0,1879.0
2026-02-06 16:00:00,1770364800,31830.0,31892.0,31785.0,31873.0,3928.0
2026-02-06 16:15:00,1770365700,31874.0,31882.0,31834.0,31839.0,2074.0
2026-02-06 16:30:00,1770366600,31838.0,31886.0,31827.0,31850.0,1743.0
2026-02-06 16:45:00,1770367500,31851.0,31915.0,31818.0,31907.0,3291.0
2026-02-06 17:00:00,1770368400,31908.0,31994.0,31875.0,31985.0,4628.0
2026-02-06 17:15:00,1770369300,31985.0,32093.0,31958.0,32081.0,6971.0
2026-02-06 17:30:00,1770370200,32081.0,32134.0,32076.0,32123.0,5516.0
2026-02-06 17:45:00,1770371100,32122.0,32122.0,32083.0,32104.0,2451.0
2026-02-06 18:00:00,1770372000,32103.0,32123.0,32087.0,32110.0,2246.0
2026-02-06 18:15:00,1770372900,32109.0,32126.0,32090.0,32096.0,1685.0
2026-02-06 18:30:00,1770373800,32097.0,32143.0,32094.0,32129.0,2105.0
2026-02-06 18:45:00,1770374700,32129.0,32154.0,32108.0,32151.0,1685.0
2026-02-06 19:00:00,1770375600,32146.0,32193.0,32143.0,32191.0,3144.0
2026-02-06 19:15:00,1770376500,32192.0,32195.0,32173.0,32182.0,1224.0
2026-02-06 19:30:00,1770377400,32181.0,32214.0,32176.0,32203.0,1997.0
2026-02-06 19:45:00,1770378300,32201.0,32204.0,32175.0,32187.0,1802.0
2026-02-06 20:00:00,1770379200,32187.0,32210.0,32156.0,32162.0,2399.0
2026-02-06 20:15:00,1770380100,32161.0,32180.0,32138.0,32170.0,2090.0
2026-02-06 20:30:00,1770381000,32169.0,32188.0,32149.0,32161.0,1355.0
2026-02-06 20:45:00,1770381900,32160.0,32175.0,32129.0,32149.0,1536.0
2026-02-06 21:00:00,1770382800,32146.0,32188.0,32132.0,32183.0,1646.0
2026-02-06 21:15:00,1770383700,32183.0,32239.0,32166.0,32194.0,3821.0
2026-02-06 21:30:00,1770384600,32194.0,32229.0,32156.0,32195.0,2552.0
2026-02-06 21:45:00,1770385500,32193.0,32201.0,32157.0,32185.0,1845.0
2026-02-06 22:00:00,1770386400,32183.0,32216.0,32170.0,32203.0,1754.0
2026-02-06 22:15:00,1770387300,32202.0,32218.0,32164.0,32187.0,1762.0
2026-02-06 22:30:00,1770388200,32187.0,32379.0,32163.0,32378.0,15022.0
2026-02-06 22:45:00,1770389100,32378.0,32449.0,32368.0,32399.0,10458.0
2026-02-06 23:00:00,1770390000,32399.0,32428.0,32336.0,32350.0,9296.0
2026-02-06 23:15:00,1770390900,32350.0,32430.0,32333.0,32411.0,5933.0
2026-02-06 23:30:00,1770391800,32411.0,32446.0,32389.0,32438.0,3563.0
2026-02-06 23:45:00,1770392700,32441.0,32465.0,32378.0,32430.0,5120.0
2026-02-07 00:00:00,1770393600,32427.0,32486.0,32408.0,32483.0,4531.0
2026-02-07 00:15:00,1770394500,32482.0,32494.0,32457.0,32484.0,2525.0
2026-02-07 00:30:00,1770395400,32483.0,32516.0,32477.0,32505.0,2826.0
2026-02-07 00:45:00,1770396300,32504.0,32506.0,32454.0,32472.0,1841.0
2026-02-07 01:00:00,1770397200,32475.0,32508.0,32461.0,32499.0,1774.0
2026-02-07 01:15:00,1770398100,32499.0,32506.0,32480.0,32501.0,907.0
2026-02-07 01:30:00,1770399000,32502.0,32528.0,32488.0,32523.0,1832.0
2026-02-07 01:45:00,1770399900,32523.0,32557.0,32523.0,32544.0,2038.0
2026-02-07 02:00:00,1770400800,32545.0,32577.0,32544.0,32568.0,1567.0
2026-02-07 02:15:00,1770401700,32569.0,32570.0,32536.0,32553.0,922.0
2026-02-07 02:30:00,1770402600,32553.0,32560.0,32543.0,32549.0,639.0
2026-02-07 02:45:00,1770403500,32548.0,32572.0,32548.0,32557.0,641.0
2026-02-07 03:00:00,1770404400,32555.0,32567.0,32541.0,32544.0,507.0
2026-02-07 03:15:00,1770405300,32545.0,32565.0,32538.0,32554.0,643.0
2026-02-07 03:30:00,1770406200,32554.0,32558.0,32538.0,32540.0,416.0
2026-02-07 03:45:00,1770407100,32542.0,32583.0,32523.0,32524.0,1228.0
2026-02-07 04:00:00,1770408000,32524.0,32570.0,32505.0,32548.0,1231.0
2026-02-07 04:15:00,1770408900,32552.0,32577.0,32549.0,32574.0,543.0
2026-02-07 04:30:00,1770409800,32571.0,32606.0,32563.0,32594.0,1350.0
2026-02-07 04:45:00,1770410700,32595.0,32639.0,32593.0,32635.0,2124.0
2026-02-09 08:45:00,1770597900,32849.0,32849.0,32681.0,32691.0,15420.0
2026-02-09 09:00:00,1770598800,32690.0,32710.0,32553.0,32578.0,16070.0
2026-02-09 09:15:00,1770599700,32581.0,32621.0,32515.0,32521.0,11886.0
2026-02-09 09:30:00,1770600600,32522.0,32607.0,32515.0,32572.0,7665.0
2026-02-09 09:45:00,1770601500,32573.0,32635.0,32532.0,32627.0,8969.0
2026-02-09 10:00:00,1770602400,32629.0,32683.0,32621.0,32648.0,8020.0
2026-02-09 10:15:00,1770603300,32647.0,32674.0,32607.0,32634.0,4220.0
2026-02-09 10:30:00,1770604200,32638.0,32688.0,32636.0,32674.0,3833.0
2026-02-09 10:45:00,1770605100,32672.0,32680.0,32636.0,32643.0,2469.0
2026-02-09 11:00:00,1770606000,32644.0,32682.0,32644.0,32659.0,1963.0
2026-02-09 11:15:00,1770606900,32657.0,32683.0,32633.0,32644.0,2287.0
2026-02-09 11:30:00,1770607800,32640.0,32698.0,32625.0,32687.0,3656.0
2026-02-09 11:45:00,1770608700,32687.0,32705.0,32623.0,32637.0,4158.0
2026-02-09 12:00:00,1770609600,32636.0,32688.0,32633.0,32657.0,2329.0
2026-02-09 12:15:00,1770610500,32656.0,32665.0,32633.0,32661.0,1632.0
2026-02-09 12:30:00,1770611400,32661.0,32663.0,32593.0,32638.0,4392.0
2026-02-09 12:45:00,1770612300,32638.0,32662.0,32616.0,32650.0,2263.0
2026-02-09 13:00:00,1770613200,32649.0,32652.0,32608.0,32638.0,3158.0
2026-02-09 13:15:00,1770614100,32642.0,32656.0,32609.0,32612.0,3007.0
2026-02-09 13:30:00,1770615000,32615.0,32659.0,32592.0,32656.0,5144.0
2026-02-09 15:00:00,1770620400,32621.0,32645.0,32550.0,32561.0,4141.0
2026-02-09 15:15:00,1770621300,32561.0,32590.0,32547.0,32565.0,2139.0
2026-02-09 15:30:00,1770622200,32564.0,32605.0,32548.0,32589.0,1811.0
2026-02-09 15:45:00,1770623100,32587.0,32646.0,32585.0,32627.0,2068.0
2026-02-09 16:00:00,1770624000,32622.0,32668.0,32618.0,32633.0,2610.0
2026-02-09 16:15:00,1770624900,32631.0,32645.0,32620.0,32623.0,950.0
2026-02-09 16:30:00,1770625800,32622.0,32647.0,32595.0,32638.0,1355.0
2026-02-09 16:45:00,1770626700,32635.0,32644.0,32606.0,32609.0,685.0
2026-02-09 17:00:00,1770627600,32608.0,32644.0,32603.0,32615.0,973.0
2026-02-09 17:15:00,1770628500,32616.0,32632.0,32592.0,32621.0,1084.0
2026-02-09 17:30:00,1770629400,32619.0,32624.0,32572.0,32599.0,1247.0
2026-02-09 17:45:00,1770630300,32599.0,32601.0,32531.0,32552.0,2815.0
2026-02-09 18:00:00,1770631200,32552.0,32575.0,32525.0,32560.0,2242.0
2026-02-09 18:15:00,1770632100,32559.0,32559.0,32518.0,32524.0,1929.0
2026-02-09 18:30:00,1770633000,32524.0,32527.0,32454.0,32478.0,5352.0
2026-02-09 18:45:00,1770633900,32477.0,32540.0,32471.0,32527.0,2741.0
2026-02-09 19:00:00,1770634800,32527.0,32543.0,32509.0,32512.0,1569.0
2026-02-09 19:15:00,1770635700,32512.0,32551.0,32494.0,32544.0,1695.0
2026-02-09 19:30:00,1770636600,32543.0,32549.0,32513.0,32532.0,1039.0
2026-02-09 19:45:00,1770637500,32529.0,32540.0,32517.0,32522.0,733.0
2026-02-09 20:00:00,1770638400,32527.0,32575.0,32499.0,32569.0,2562.0
2026-02-09 20:15:00,1770639300,32569.0,32572.0,32536.0,32561.0,1133.0
2026-02-09 20:30:00,1770640200,32560.0,32575.0,32543.0,32553.0,1038.0
2026-02-09 20:45:00,1770641100,32553.0,32572.0,32541.0,32572.0,641.0
2026-02-09 21:00:00,1770642000,32572.0,32648.0,32568.0,32629.0,4040.0
2026-02-09 21:15:00,1770642900,32629.0,32644.0,32609.0,32617.0,1884.0
2026-02-09 21:30:00,1770643800,32616.0,32620.0,32580.0,32586.0,1709.0
2026-02-09 21:45:00,1770644700,32586.0,32601.0,32563.0,32575.0,1709.0
2026-02-09 22:00:00,1770645600,32580.0,32590.0,32533.0,32564.0,2011.0
2026-02-09 22:15:00,1770646500,32563.0,32566.0,32520.0,32545.0,2007.0
2026-02-09 22:30:00,1770647400,32542.0,32798.0,32491.0,32796.0,15857.0
2026-02-09 22:45:00,1770648300,32796.0,32878.0,32765.0,32801.0,13797.0
2026-02-09 23:00:00,1770649200,32799.0,32927.0,32796.0,32907.0,9891.0
2026-02-09 23:15:00,1770650100,32908.0,32946.0,32870.0,32896.0,5879.0
2026-02-09 23:30:00,1770651000,32895.0,32955.0,32893.0,32925.0,3627.0
2026-02-09 23:45:00,1770651900,32928.0,32948.0,32908.0,32937.0,2216.0
2026-02-10 00:00:00,1770652800,32939.0,32997.0,32933.0,32981.0,4484.0
2026-02-10 00:15:00,1770653700,32982.0,32996.0,32954.0,32956.0,1985.0
2026-02-10 00:30:00,1770654600,32955.0,32984.0,32936.0,32981.0,2222.0
2026-02-10 00:45:00,1770655500,32981.0,32998.0,32975.0,32988.0,1334.0
2026-02-10 01:00:00,1770656400,32989.0,32995.0,32977.0,32982.0,804.0
2026-02-10 01:15:00,1770657300,32983.0,32989.0,32951.0,32957.0,993.0
2026-02-10 01:30:00,1770658200,32959.0,32985.0,32955.0,32971.0,692.0
2026-02-10 01:45:00,1770659100,32972.0,32978.0,32953.0,32956.0,370.0
2026-02-10 02:00:00,1770660000,32960.0,32985.0,32953.0,32977.0,526.0
2026-02-10 02:15:00,1770660900,32978.0,32983.0,32866.0,32933.0,3121.0
2026-02-10 02:30:00,1770661800,32931.0,32970.0,32919.0,32960.0,883.0
2026-02-10 02:45:00,1770662700,32958.0,32968.0,32933.0,32939.0,359.0
2026-02-10 03:00:00,1770663600,32937.0,32970.0,32936.0,32962.0,598.0
2026-02-10 03:15:00,1770664500,32963.0,32975.0,32958.0,32970.0,380.0
2026-02-10 03:30:00,1770665400,32968.0,32985.0,32966.0,32970.0,410.0
2026-02-10 03:45:00,1770666300,32970.0,32972.0,32917.0,32924.0,552.0
2026-02-10 04:00:00,1770667200,32921.0,32938.0,32906.0,32917.0,770.0
2026-02-10 04:15:00,1770668100,32922.0,32925.0,32887.0,32897.0,556.0
2026-02-10 04:30:00,1770669000,32896.0,32925.0,32885.0,32923.0,718.0
2026-02-10 04:45:00,1770669900,32923.0,32923.0,32886.0,32917.0,837.0
2026-02-10 08:45:00,1770684300,32905.0,32973.0,32879.0,32951.0,8584.0
2026-02-10 09:00:00,1770685200,32948.0,33120.0,32893.0,33119.0,17036.0
2026-02-10 09:15:00,1770686100,33118.0,33140.0,32993.0,33043.0,13779.0
2026-02-10 09:30:00,1770687000,33041.0,33121.0,33010.0,33075.0,8322.0
2026-02-10 09:45:00,1770687900,33075.0,33149.0,33052.0,33135.0,8946.0
2026-02-10 10:00:00,1770688800,33134.0,33138.0,33070.0,33108.0,3855.0
2026-02-10 10:15:00,1770689700,33111.0,33142.0,33091.0,33122.0,3605.0
2026-02-10 10:30:00,1770690600,33125.0,33126.0,33022.0,33083.0,6604.0
2026-02-10 10:45:00,1770691500,33084.0,33092.0,33032.0,33065.0,3123.0
2026-02-10 11:00:00,1770692400,33063.0,33094.0,33041.0,33073.0,2822.0
2026-02-10 11:15:00,1770693300,33073.0,33113.0,33055.0,33095.0,2841.0
2026-02-10 11:30:00,1770694200,33097.0,33103.0,33057.0,33080.0,2822.0
2026-02-10 11:45:00,1770695100,33080.0,33135.0,33070.0,33130.0,3298.0
2026-02-10 12:00:00,1770696000,33129.0,33188.0,33118.0,33164.0,6197.0
2026-02-10 12:15:00,1770696900,33166.0,33167.0,33104.0,33119.0,3752.0
2026-02-10 12:30:00,1770697800,33118.0,33145.0,33107.0,33140.0,2436.0
2026-02-10 12:45:00,1770698700,33140.0,33190.0,33127.0,33181.0,3410.0
2026-02-10 13:00:00,1770699600,33178.0,33193.0,33162.0,33168.0,2223.0
2026-02-10 13:15:00,1770700500,33171.0,33188.0,33140.0,33178.0,3770.0
2026-02-10 13:30:00,1770701400,33178.0,33312.0,33172.0,33310.0,9270.0
2026-02-10 15:00:00,1770706800,33260.0,33292.0,33230.0,33273.0,4048.0
2026-02-10 15:15:00,1770707700,33273.0,33278.0,33255.0,33258.0,989.0
2026-02-10 15:30:00,1770708600,33257.0,33299.0,33251.0,33294.0,1321.0
2026-02-10 15:45:00,1770709500,33294.0,33296.0,33266.0,33290.0,957.0
2026-02-10 16:00:00,1770710400,33290.0,33345.0,33264.0,33317.0,3367.0
2026-02-10 16:15:00,1770711300,33316.0,33316.0,33253.0,33287.0,2621.0
2026-02-10 16:30:00,1770712200,33285.0,33310.0,33280.0,33290.0,885.0
2026-02-10 16:45:00,1770713100,33289.0,33321.0,33285.0,33302.0,917.0
2026-02-10 17:00:00,1770714000,33302.0,33366.0,33295.0,33360.0,2381.0
2026-02-10 17:15:00,1770714900,33360.0,33424.0,33360.0,33418.0,2977.0
2026-02-10 17:30:00,1770715800,33417.0,33445.0,33400.0,33426.0,2686.0
2026-02-10 17:45:00,1770716700,33427.0,33428.0,33372.0,33382.0,2398.0
2026-02-10 18:00:00,1770717600,33381.0,33403.0,33356.0,33400.0,1948.0
2026-02-10 18:15:00,1770718500,33403.0,33410.0,33377.0,33400.0,998.0
2026-02-10 18:30:00,1770719400,33400.0,33404.0,33380.0,33395.0,596.0
2026-02-10 18:45:00,1770720300,33395.0,33425.0,33394.0,33402.0,1057.0
2026-02-10 19:00:00,1770721200,33400.0,33401.0,33374.0,33386.0,1122.0
2026-02-10 19:15:00,1770722100,33388.0,33409.0,33385.0,33399.0,547.0
2026-02-10 19:30:00,1770723000,33398.0,33405.0,33394.0,33396.0,377.0
2026-02-10 19:45:00,1770723900,33395.0,33434.0,33393.0,33433.0,1271.0
2026-02-10 20:00:00,1770724800,33433.0,33456.0,33425.0,33444.0,1996.0
2026-02-10 20:15:00,1770725700,33441.0,33449.0,33427.0,33447.0,767.0
2026-02-10 20:30:00,1770726600,33446.0,33460.0,33365.0,33380.0,3137.0
2026-02-10 20:45:00,1770727500,33382.0,33382.0,33250.0,33265.0,7475.0
2026-02-10 21:00:00,1770728400,33267.0,33328.0,33215.0,33318.0,6028.0
2026-02-10 21:15:00,1770729300,33318.0,33359.0,33286.0,33341.0,3261.0
2026-02-10 21:30:00,1770730200,33339.0,33359.0,33305.0,33343.0,2434.0
2026-02-10 21:45:00,1770731100,33346.0,33358.0,33328.0,33343.0,1192.0
2026-02-10 22:00:00,1770732000,33344.0,33419.0,33337.0,33395.0,2955.0
2026-02-10 22:15:00,1770732900,33392.0,33411.0,33373.0,33382.0,1779.0
2026-02-10 22:30:00,1770733800,33379.0,33399.0,33183.0,33230.0,14199.0
2026-02-10 22:45:00,1770734700,33232.0,33376.0,33192.0,33355.0,9927.0
2026-02-10 23:00:00,1770735600,33354.0,33358.0,33263.0,33290.0,6056.0
2026-02-10 23:15:00,1770736500,33287.0,33335.0,33257.0,33299.0,4221.0
2026-02-10 23:30:00,1770737400,33300.0,33338.0,33282.0,33319.0,2550.0
2026-02-10 23:45:00,1770738300,33321.0,33339.0,33252.0,33280.0,3238.0
2026-02-11 00:00:00,1770739200,33278.0,33310.0,33268.0,33276.0,1803.0
2026-02-11 00:15:00,1770740100,33276.0,33319.0,33247.0,33283.0,2723.0
2026-02-11 00:30:00,1770741000,33279.0,33297.0,33233.0,33235.0,2033.0
2026-02-11 00:45:00,1770741900,33235.0,33295.0,33235.0,33281.0,1816.0
2026-02-11 01:00:00,1770742800,33281.0,33339.0,33256.0,33335.0,2036.0
2026-02-11 01:15:00,1770743700,33335.0,33362.0,33328.0,33349.0,1804.0
2026-02-11 01:30:00,1770744600,33349.0,33378.0,33330.0,33371.0,1327.0
2026-02-11 01:45:00,1770745500,33373.0,33394.0,33351.0,33362.0,1172.0
2026-02-11 02:00:00,1770746400,33364.0,33365.0,33307.0,33311.0,1092.0
2026-02-11 02:15:00,1770747300,33310.0,33321.0,33272.0,33275.0,1543.0
2026-02-11 02:30:00,1770748200,33282.0,33312.0,33269.0,33304.0,816.0
2026-02-11 02:45:00,1770749100,33304.0,33330.0,33283.0,33320.0,599.0
2026-02-11 03:00:00,1770750000,33321.0,33326.0,33309.0,33321.0,300.0
2026-02-11 03:15:00,1770750900,33320.0,33336.0,33300.0,33335.0,406.0
2026-02-11 03:30:00,1770751800,33333.0,33344.0,33318.0,33321.0,361.0
2026-02-11 03:45:00,1770752700,33323.0,33340.0,33314.0,33335.0,280.0
2026-02-11 04:00:00,1770753600,33330.0,33333.0,33296.0,33300.0,485.0
2026-02-11 04:15:00,1770754500,33303.0,33319.0,33296.0,33307.0,269.0
2026-02-11 04:30:00,1770755400,33303.0,33318.0,33289.0,33301.0,379.0
2026-02-11 04:45:00,1770756300,33303.0,33312.0,33258.0,33272.0,958.0
2026-02-11 08:45:00,1770770700,33344.0,33350.0,33271.0,33295.0,8276.0
2026-02-11 09:00:00,1770771600,33296.0,33444.0,33284.0,33379.0,12741.0
2026-02-11 09:15:00,1770772500,33382.0,33476.0,33378.0,33457.0,8268.0
2026-02-11 09:30:00,1770773400,33456.0,33508.0,33450.0,33495.0,6864.0
2026-02-11 09:45:00,1770774300,33495.0,33552.0,33462.0,33504.0,8882.0
2026-02-11 10:00:00,1770775200,33506.0,33562.0,33505.0,33541.0,4883.0
2026-02-11 10:15:00,1770776100,33543.0,33636.0,33526.0,33634.0,6865.0
2026-02-11 10:30:00,1770777000,33635.0,33662.0,33625.0,33649.0,4949.0
2026-02-11 10:45:00,1770777900,33648.0,33816.0,33648.0,33790.0,10538.0
2026-02-11 11:00:00,1770778800,33791.0,33835.0,33777.0,33790.0,5707.0
2026-02-11 11:15:00,1770779700,33790.0,33805.0,33747.0,33788.0,4526.0
2026-02-11 11:30:00,1770780600,33787.0,33828.0,33777.0,33811.0,2927.0
2026-02-11 11:45:00,1770781500,33813.0,33844.0,33805.0,33818.0,3168.0
2026-02-11 12:00:00,1770782400,33820.0,33828.0,33734.0,33781.0,4580.0
2026-02-11 12:15:00,1770783300,33779.0,33805.0,33769.0,33786.0,2372.0
2026-02-11 12:30:00,1770784200,33784.0,33784.0,33721.0,33731.0,3681.0
2026-02-11 12:45:00,1770785100,33733.0,33810.0,33730.0,33803.0,3442.0
2026-02-11 13:00:00,1770786000,33801.0,33806.0,33773.0,33778.0,2166.0
2026-02-11 13:15:00,1770786900,33779.0,33782.0,33640.0,33663.0,7575.0
2026-02-11 13:30:00,1770787800,33664.0,33710.0,33635.0,33697.0,5886.0
2026-02-11 15:00:00,1770793200,33612.0,33685.0,33600.0,33624.0,2774.0
2026-02-11 15:15:00,1770794100,33622.0,33698.0,33617.0,33683.0,1579.0
2026-02-11 15:30:00,1770795000,33684.0,33684.0,33652.0,33669.0,902.0
2026-02-11 15:45:00,1770795900,33669.0,33688.0,33648.0,33662.0,764.0
2026-02-11 16:00:00,1770796800,33663.0,33692.0,33644.0,33647.0,1056.0
2026-02-11 16:15:00,1770797700,33647.0,33681.0,33633.0,33653.0,810.0
2026-02-11 16:30:00,1770798600,33655.0,33691.0,33654.0,33688.0,696.0
2026-02-11 16:45:00,1770799500,33688.0,33694.0,33666.0,33675.0,501.0
2026-02-11 17:00:00,1770800400,33678.0,33698.0,33664.0,33680.0,703.0
2026-02-11 17:15:00,1770801300,33679.0,33686.0,33654.0,33679.0,761.0
2026-02-11 17:30:00,1770802200,33679.0,33679.0,33626.0,33646.0,1087.0
2026-02-11 17:45:00,1770803100,33643.0,33657.0,33632.0,33641.0,498.0
2026-02-11 18:00:00,1770804000,33640.0,33650.0,33609.0,33633.0,1283.0
2026-02-11 18:15:00,1770804900,33634.0,33664.0,33630.0,33657.0,497.0
2026-02-11 18:30:00,1770805800,33657.0,33661.0,33640.0,33658.0,351.0
2026-02-11 18:45:00,1770806700,33660.0,33666.0,33632.0,33666.0,549.0
2026-02-11 19:00:00,1770807600,33664.0,33692.0,33664.0,33666.0,1119.0
2026-02-11 19:15:00,1770808500,33667.0,33686.0,33666.0,33682.0,412.0
2026-02-11 19:30:00,1770809400,33682.0,33688.0,33642.0,33669.0,621.0
2026-02-11 19:45:00,1770810300,33666.0,33680.0,33651.0,33654.0,448.0
2026-02-11 20:00:00,1770811200,33652.0,33692.0,33650.0,33689.0,881.0
2026-02-11 20:15:00,1770812100,33688.0,33691.0,33672.0,33673.0,405.0
2026-02-11 20:30:00,1770813000,33673.0,33681.0,33667.0,33675.0,320.0
2026-02-11 20:45:00,1770813900,33676.0,33678.0,33660.0,33674.0,318.0
2026-02-11 21:00:00,1770814800,33676.0,33689.0,33673.0,33687.0,386.0
2026-02-11 21:15:00,1770815700,33688.0,33691.0,33675.0,33687.0,368.0
2026-02-11 21:30:00,1770816600,33688.0,33777.0,33661.0,33751.0,5101.0
2026-02-11 21:45:00,1770817500,33745.0,33875.0,33745.0,33858.0,4882.0
2026-02-11 22:00:00,1770818400,33857.0,33862.0,33810.0,33833.0,2247.0
2026-02-11 22:15:00,1770819300,33833.0,33859.0,33823.0,33858.0,1151.0
2026-02-11 22:30:00,1770820200,33856.0,33934.0,33831.0,33930.0,7980.0
2026-02-11 22:45:00,1770821100,33932.0,33984.0,33901.0,33923.0,6773.0
2026-02-11 23:00:00,1770822000,33927.0,33970.0,33660.0,33765.0,10369.0
2026-02-11 23:15:00,1770822900,33762.0,33784.0,33622.0,33661.0,9541.0
2026-02-11 23:30:00,1770823800,33661.0,33783.0,33654.0,33757.0,5966.0
2026-02-11 23:45:00,1770824700,33755.0,33833.0,33683.0,33813.0,4937.0
2026-02-12 00:00:00,1770825600,33812.0,33855.0,33752.0,33851.0,4210.0
2026-02-12 00:15:00,1770826500,33846.0,33904.0,33806.0,33806.0,3806.0
2026-02-12 00:30:00,1770827400,33807.0,33876.0,33795.0,33845.0,2772.0
2026-02-12 00:45:00,1770828300,33845.0,33860.0,33795.0,33799.0,1442.0
2026-02-12 01:00:00,1770829200,33801.0,33836.0,33728.0,33819.0,3194.0
2026-02-12 01:15:00,1770830100,33822.0,33912.0,33810.0,33907.0,2404.0
2026-02-12 01:30:00,1770831000,33905.0,33910.0,33858.0,33901.0,1304.0
2026-02-12 01:45:00,1770831900,33900.0,33918.0,33855.0,33867.0,1190.0
2026-02-12 02:00:00,1770832800,33865.0,33903.0,33833.0,33844.0,1110.0
2026-02-12 02:15:00,1770833700,33840.0,33891.0,33838.0,33886.0,871.0
2026-02-12 02:30:00,1770834600,33888.0,33895.0,33862.0,33875.0,519.0
2026-02-12 02:45:00,1770835500,33876.0,33903.0,33863.0,33883.0,674.0
2026-02-12 03:00:00,1770836400,33880.0,33910.0,33860.0,33905.0,878.0
2026-02-12 03:15:00,1770837300,33904.0,33943.0,33904.0,33934.0,626.0
2026-02-12 03:30:00,1770838200,33932.0,33940.0,33918.0,33940.0,392.0
2026-02-12 03:45:00,1770839100,33940.0,33942.0,33891.0,33905.0,722.0
2026-02-12 04:00:00,1770840000,33903.0,33917.0,33877.0,33902.0,850.0
2026-02-12 04:15:00,1770840900,33903.0,33927.0,33900.0,33916.0,499.0
2026-02-12 04:30:00,1770841800,33914.0,33965.0,33904.0,33960.0,912.0
2026-02-12 04:45:00,1770842700,33960.0,33980.0,33933.0,33980.0,1244.0
2026-02-23 08:45:00,1771807500,34175.0,34374.0,34144.0,34171.0,10956.0
2026-02-23 09:00:00,1771808400,34173.0,34263.0,34088.0,34233.0,7651.0
2026-02-23 09:15:00,1771809300,34228.0,34306.0,34150.0,34250.0,6185.0
2026-02-23 09:30:00,1771810200,34252.0,34455.0,34252.0,34455.0,5922.0
2026-02-23 09:45:00,1771811100,34455.0,34495.0,34335.0,34336.0,4945.0
2026-02-23 10:00:00,1771812000,34336.0,34387.0,34165.0,34169.0,5439.0
2026-02-23 10:15:00,1771812900,34174.0,34262.0,34132.0,34244.0,3615.0
2026-02-23 10:30:00,1771813800,34244.0,34309.0,34224.0,34302.0,2090.0
2026-02-23 10:45:00,1771814700,34299.0,34326.0,34242.0,34272.0,2734.0
2026-02-23 11:00:00,1771815600,34270.0,34285.0,34220.0,34231.0,1683.0
2026-02-23 11:15:00,1771816500,34232.0,34255.0,34102.0,34141.0,3170.0
2026-02-23 11:30:00,1771817400,34139.0,34155.0,34090.0,34127.0,2226.0
2026-02-23 11:45:00,1771818300,34129.0,34154.0,34103.0,34147.0,1352.0
2026-02-23 12:00:00,1771819200,34150.0,34180.0,34119.0,34176.0,1663.0
2026-02-23 12:15:00,1771820100,34170.0,34176.0,34118.0,34136.0,1154.0
2026-02-23 12:30:00,1771821000,34132.0,34149.0,34058.0,34071.0,2026.0
2026-02-23 12:45:00,1771821900,34073.0,34121.0,34064.0,34078.0,1813.0
2026-02-23 13:00:00,1771822800,34076.0,34081.0,33912.0,33917.0,4775.0
2026-02-23 13:15:00,1771823700,33920.0,33936.0,33837.0,33886.0,4560.0
2026-02-23 13:30:00,1771824600,33890.0,33988.0,33863.0,33965.0,4142.0
2026-02-23 13:45:00,1771825500,33964.0,33964.0,33964.0,33964.0,1.0
2026-02-23 15:00:00,1771830000,33950.0,34084.0,33950.0,34075.0,5379.0
2026-02-23 15:15:00,1771830900,34076.0,34095.0,34070.0,34086.0,1650.0
2026-02-23 15:30:00,1771831800,34088.0,34131.0,34076.0,34123.0,1852.0
2026-02-23 15:45:00,1771832700,34122.0,34132.0,34106.0,34113.0,1195.0
2026-02-23 16:00:00,1771833600,34113.0,34119.0,34062.0,34082.0,1969.0
2026-02-23 16:15:00,1771834500,34083.0,34086.0,34051.0,34059.0,1138.0
2026-02-23 16:30:00,1771835400,34060.0,34084.0,34051.0,34068.0,953.0
2026-02-23 16:45:00,1771836300,34067.0,34147.0,34067.0,34146.0,1977.0
2026-02-23 17:00:00,1771837200,34147.0,34207.0,34140.0,34195.0,2940.0
2026-02-23 17:15:00,1771838100,34196.0,34200.0,34156.0,34172.0,1678.0
2026-02-23 17:30:00,1771839000,34172.0,34180.0,34160.0,34170.0,835.0
2026-02-23 17:45:00,1771839900,34170.0,34178.0,34151.0,34164.0,686.0
2026-02-23 18:00:00,1771840800,34166.0,34179.0,34163.0,34173.0,497.0
2026-02-23 18:15:00,1771841700,34171.0,34172.0,34125.0,34164.0,1078.0
2026-02-23 18:30:00,1771842600,34165.0,34184.0,34148.0,34171.0,724.0
2026-02-23 18:45:00,1771843500,34174.0,34175.0,34132.0,34137.0,922.0
2026-02-23 19:00:00,1771844400,34140.0,34166.0,34132.0,34163.0,730.0
2026-02-23 19:15:00,1771845300,34163.0,34172.0,34117.0,34130.0,932.0
2026-02-23 19:30:00,1771846200,34131.0,34144.0,34112.0,34140.0,1013.0
2026-02-23 19:45:00,1771847100,34139.0,34143.0,34106.0,34138.0,935.0
2026-02-23 20:00:00,1771848000,34139.0,34145.0,34110.0,34111.0,738.0
2026-02-23 20:15:00,1771848900,34111.0,34116.0,34082.0,34093.0,1472.0
2026-02-23 20:30:00,1771849800,34095.0,34102.0,34064.0,34101.0,1555.0
2026-02-23 20:45:00,1771850700,34100.0,34118.0,34085.0,34093.0,1264.0
2026-02-23 21:00:00,1771851600,34093.0,34107.0,34076.0,34095.0,899.0
2026-02-23 21:15:00,1771852500,34095.0,34109.0,34086.0,34108.0,560.0
2026-02-23 21:30:00,1771853400,34109.0,34144.0,34106.0,34138.0,1563.0
2026-02-23 21:45:00,1771854300,34140.0,34143.0,34094.0,34105.0,1126.0
2026-02-23 22:00:00,1771855200,34106.0,34163.0,34103.0,34160.0,1350.0
2026-02-23 22:15:00,1771856100,34159.0,34174.0,34141.0,34152.0,1525.0
2026-02-23 22:30:00,1771857000,34154.0,34268.0,34150.0,34189.0,10288.0
2026-02-23 22:45:00,1771857900,34188.0,34280.0,34179.0,34262.0,5952.0
2026-02-23 23:00:00,1771858800,34268.0,34294.0,34185.0,34216.0,6041.0
2026-02-23 23:15:00,1771859700,34216.0,34234.0,34192.0,34207.0,2700.0
2026-02-23 23:30:00,1771860600,34208.0,34245.0,34120.0,34145.0,4795.0
2026-02-23 23:45:00,1771861500,34145.0,34152.0,33955.0,33962.0,8658.0
2026-02-24 00:00:00,1771862400,33963.0,33990.0,33851.0,33855.0,8520.0
2026-02-24 00:15:00,1771863300,33857.0,34028.0,33822.0,34026.0,8126.0
2026-02-24 00:30:00,1771864200,34026.0,34064.0,34007.0,34010.0,3823.0
2026-02-24 00:45:00,1771865100,34009.0,34011.0,33946.0,33976.0,2915.0
2026-02-24 01:00:00,1771866000,33976.0,33998.0,33956.0,33965.0,1445.0
2026-02-24 01:15:00,1771866900,33966.0,34010.0,33965.0,33989.0,1153.0
2026-02-24 01:30:00,1771867800,33986.0,33989.0,33875.0,33938.0,2588.0
2026-02-24 01:45:00,1771868700,33937.0,34058.0,33937.0,34038.0,2199.0
2026-02-24 02:00:00,1771869600,34038.0,34048.0,34016.0,34037.0,893.0
2026-02-24 02:15:00,1771870500,34036.0,34095.0,34032.0,34079.0,1474.0
2026-02-24 02:30:00,1771871400,34079.0,34119.0,34064.0,34085.0,1222.0
2026-02-24 02:45:00,1771872300,34084.0,34094.0,34020.0,34028.0,866.0
2026-02-24 03:00:00,1771873200,34030.0,34053.0,34023.0,34046.0,701.0
2026-02-24 03:15:00,1771874100,34046.0,34058.0,34021.0,34026.0,384.0
2026-02-24 03:30:00,1771875000,34025.0,34039.0,33967.0,33986.0,856.0
2026-02-24 03:45:00,1771875900,33986.0,34018.0,33986.0,33991.0,482.0
2026-02-24 04:00:00,1771876800,33991.0,34002.0,33946.0,33970.0,958.0
2026-02-24 04:15:00,1771877700,33970.0,33998.0,33960.0,33988.0,344.0
2026-02-24 04:30:00,1771878600,33987.0,34047.0,33987.0,34032.0,535.0
2026-02-24 04:45:00,1771879500,34033.0,34049.0,34007.0,34028.0,551.0
2026-02-24 08:45:00,1771893900,34106.0,34242.0,34100.0,34228.0,10614.0
2026-02-24 09:00:00,1771894800,34230.0,34361.0,34184.0,34339.0,17457.0
2026-02-24 09:15:00,1771895700,34340.0,34495.0,34326.0,34444.0,15441.0
2026-02-24 09:30:00,1771896600,34444.0,34564.0,34412.0,34554.0,12003.0
2026-02-24 09:45:00,1771897500,34555.0,34585.0,34497.0,34537.0,7941.0
2026-02-24 10:00:00,1771898400,34538.0,34595.0,34538.0,34586.0,5664.0
2026-02-24 10:15:00,1771899300,34586.0,34824.0,34586.0,34802.0,14523.0
2026-02-24 10:30:00,1771900200,34801.0,34835.0,34731.0,34740.0,8041.0
2026-02-24 10:45:00,1771901100,34742.0,34826.0,34691.0,34805.0,6672.0
2026-02-24 11:00:00,1771902000,34804.0,34821.0,34788.0,34813.0,2662.0
2026-02-24 11:15:00,1771902900,34812.0,34860.0,34798.0,34832.0,4770.0
2026-02-24 11:30:00,1771903800,34832.0,34906.0,34826.0,34832.0,5599.0
2026-02-24 11:45:00,1771904700,34829.0,34855.0,34760.0,34810.0,6007.0
2026-02-24 12:00:00,1771905600,34811.0,34880.0,34806.0,34879.0,2748.0
2026-02-24 12:15:00,1771906500,34878.0,34896.0,34858.0,34864.0,2588.0
2026-02-24 12:30:00,1771907400,34863.0,34891.0,34814.0,34865.0,3394.0
2026-02-24 12:45:00,1771908300,34866.0,34891.0,34851.0,34875.0,2187.0
2026-02-24 13:00:00,1771909200,34874.0,34956.0,34858.0,34883.0,6495.0
2026-02-24 13:15:00,1771910100,34882.0,34883.0,34805.0,34814.0,6216.0
2026-02-24 13:30:00,1771911000,34813.0,34846.0,34800.0,34835.0,4928.0
2026-02-24 15:00:00,1771916400,34845.0,34945.0,34826.0,34932.0,4248.0
2026-02-24 15:15:00,1771917300,34933.0,34936.0,34892.0,34932.0,1872.0
2026-02-24 15:30:00,1771918200,34933.0,34985.0,34931.0,34943.0,3623.0
2026-02-24 15:45:00,1771919100,34943.0,34956.0,34905.0,34923.0,2111.0
2026-02-24 16:00:00,1771920000,34922.0,34922.0,34818.0,34857.0,4812.0
2026-02-24 16:15:00,1771920900,34855.0,34940.0,34854.0,34931.0,3017.0
2026-02-24 16:30:00,1771921800,34931.0,34944.0,34870.0,34886.0,1798.0
2026-02-24 16:45:00,1771922700,34884.0,34907.0,34851.0,34897.0,1692.0
2026-02-24 17:00:00,1771923600,34896.0,34952.0,34893.0,34952.0,2151.0
2026-02-24 17:15:00,1771924500,34952.0,34953.0,34912.0,34922.0,1241.0
2026-02-24 17:30:00,1771925400,34922.0,34944.0,34886.0,34940.0,1308.0
2026-02-24 17:45:00,1771926300,34939.0,34972.0,34930.0,34968.0,1422.0
2026-02-24 18:00:00,1771927200,34969.0,34969.0,34941.0,34943.0,895.0
2026-02-24 18:15:00,1771928100,34943.0,34968.0,34939.0,34966.0,732.0
2026-02-24 18:30:00,1771929000,34967.0,34995.0,34961.0,34987.0,1824.0
2026-02-24 18:45:00,1771929900,34987.0,35000.0,34973.0,34996.0,1247.0
2026-02-24 19:00:00,1771930800,34997.0,35060.0,34995.0,35034.0,3648.0
2026-02-24 19:15:00,1771931700,35036.0,35055.0,35016.0,35023.0,1483.0
2026-02-24 19:30:00,1771932600,35021.0,35041.0,35013.0,35031.0,1042.0
2026-02-24 19:45:00,1771933500,35029.0,35038.0,35019.0,35027.0,697.0
2026-02-24 20:00:00,1771934400,35029.0,35088.0,35020.0,35056.0,3545.0
2026-02-24 20:15:00,1771935300,35055.0,35059.0,34976.0,34976.0,3147.0
2026-02-24 20:30:00,1771936200,34976.0,35003.0,34965.0,34996.0,2282.0
2026-02-24 20:45:00,1771937100,34992.0,35007.0,34974.0,34995.0,1527.0
2026-02-24 21:00:00,1771938000,34993.0,35028.0,34982.0,35006.0,1690.0
2026-02-24 21:15:00,1771938900,35006.0,35040.0,35002.0,35035.0,1622.0
2026-02-24 21:30:00,1771939800,35033.0,35044.0,34994.0,35029.0,1957.0
2026-02-24 21:45:00,1771940700,35029.0,35038.0,35012.0,35022.0,820.0
2026-02-24 22:00:00,1771941600,35023.0,35048.0,35009.0,35018.0,1315.0
2026-02-24 22:15:00,1771942500,35021.0,35024.0,34982.0,34998.0,1528.0
2026-02-24 22:30:00,1771943400,35000.0,35065.0,34869.0,35065.0,14213.0
2026-02-24 22:45:00,1771944300,35064.0,35081.0,35008.0,35059.0,6496.0
2026-02-24 23:00:00,1771945200,35056.0,35105.0,35017.0,35071.0,7189.0
2026-02-24 23:15:00,1771946100,35070.0,35197.0,35043.0,35197.0,7525.0
2026-02-24 23:30:00,1771947000,35196.0,35234.0,35187.0,35220.0,5001.0
2026-02-24 23:45:00,1771947900,35218.0,35228.0,35162.0,35195.0,3186.0
2026-02-25 00:00:00,1771948800,35197.0,35355.0,35192.0,35350.0,7442.0
2026-02-25 00:15:00,1771949700,35350.0,35359.0,35311.0,35337.0,3141.0
2026-02-25 00:30:00,1771950600,35334.0,35338.0,35262.0,35306.0,3671.0
2026-02-25 00:45:00,1771951500,35305.0,35336.0,35298.0,35326.0,1591.0
2026-02-25 01:00:00,1771952400,35326.0,35362.0,35319.0,35340.0,1606.0
2026-02-25 01:15:00,1771953300,35340.0,35350.0,35317.0,35339.0,972.0
2026-02-25 01:30:00,1771954200,35339.0,35355.0,35324.0,35327.0,872.0
2026-02-25 01:45:00,1771955100,35326.0,35343.0,35311.0,35330.0,690.0
2026-02-25 02:00:00,1771956000,35327.0,35343.0,35288.0,35291.0,1094.0
2026-02-25 02:15:00,1771956900,35291.0,35307.0,35251.0,35254.0,1384.0
2026-02-25 02:30:00,1771957800,35255.0,35270.0,35218.0,35253.0,1707.0
2026-02-25 02:45:00,1771958700,35251.0,35262.0,35192.0,35195.0,1643.0
2026-02-25 03:00:00,1771959600,35195.0,35204.0,35129.0,35146.0,2640.0
2026-02-25 03:15:00,1771960500,35148.0,35190.0,35107.0,35181.0,1682.0
2026-02-25 03:30:00,1771961400,35181.0,35231.0,35177.0,35220.0,1090.0
2026-02-25 03:45:00,1771962300,35218.0,35241.0,35207.0,35219.0,611.0
2026-02-25 04:00:00,1771963200,35218.0,35221.0,35164.0,35197.0,1158.0
2026-02-25 04:15:00,1771964100,35195.0,35223.0,35190.0,35210.0,409.0
2026-02-25 04:30:00,1771965000,35210.0,35253.0,35201.0,35253.0,548.0
2026-02-25 04:45:00,1771965900,35251.0,35285.0,35217.0,35221.0,1169.0
2026-02-25 08:45:00,1771980300,35250.0,35283.0,35111.0,35145.0,12041.0
2026-02-25 09:00:00,1771981200,35147.0,35258.0,35062.0,35116.0,16511.0
2026-02-25 09:15:00,1771982100,35117.0,35244.0,35113.0,35188.0,10254.0
2026-02-25 09:30:00,1771983000,35187.0,35313.0,35179.0,35288.0,10263.0
2026-02-25 09:45:00,1771983900,35290.0,35383.0,35288.0,35335.0,10366.0
2026-02-25 10:00:00,1771984800,35334.0,35482.0,35320.0,35480.0,10746.0
2026-02-25 10:15:00,1771985700,35480.0,35581.0,35473.0,35540.0,10529.0
2026-02-25 10:30:00,1771986600,35539.0,35675.0,35533.0,35660.0,10304.0
2026-02-25 10:45:00,1771987500,35661.0,35775.0,35637.0,35746.0,9842.0
2026-02-25 11:00:00,1771988400,35747.0,35752.0,35480.0,35483.0,12312.0
2026-02-25 11:15:00,1771989300,35484.0,35559.0,35401.0,35445.0,14106.0
2026-02-25 11:30:00,1771990200,35446.0,35522.0,35365.0,35487.0,8335.0
2026-02-25 11:45:00,1771991100,35487.0,35567.0,35482.0,35510.0,4671.0
2026-02-25 12:00:00,1771992000,35510.0,35513.0,35378.0,35403.0,5900.0
2026-02-25 12:15:00,1771992900,35405.0,35452.0,35376.0,35447.0,4423.0
2026-02-25 12:30:00,1771993800,35446.0,35484.0,35398.0,35473.0,4934.0
2026-02-25 12:45:00,1771994700,35472.0,35516.0,35459.0,35508.0,4000.0
2026-02-25 13:00:00,1771995600,35508.0,35582.0,35492.0,35554.0,4422.0
2026-02-25 13:15:00,1771996500,35552.0,35554.0,35443.0,35511.0,5920.0
2026-02-25 13:30:00,1771997400,35509.0,35520.0,35462.0,35490.0,5009.0
2026-02-25 15:00:00,1772002800,35474.0,35544.0,35461.0,35530.0,3586.0
2026-02-25 15:15:00,1772003700,35529.0,35549.0,35480.0,35490.0,1873.0
2026-02-25 15:30:00,1772004600,35489.0,35507.0,35444.0,35488.0,2397.0
2026-02-25 15:45:00,1772005500,35487.0,35496.0,35454.0,35471.0,1253.0
2026-02-25 16:00:00,1772006400,35474.0,35550.0,35472.0,35511.0,2789.0
2026-02-25 16:15:00,1772007300,35512.0,35537.0,35503.0,35507.0,1164.0
2026-02-25 16:30:00,1772008200,35508.0,35521.0,35473.0,35511.0,1439.0
2026-02-25 16:45:00,1772009100,35510.0,35514.0,35487.0,35500.0,631.0
2026-02-25 17:00:00,1772010000,35500.0,35528.0,35483.0,35521.0,991.0
2026-02-25 17:15:00,1772010900,35520.0,35524.0,35465.0,35473.0,1052.0
2026-02-25 17:30:00,1772011800,35474.0,35510.0,35468.0,35502.0,928.0
2026-02-25 17:45:00,1772012700,35502.0,35512.0,35476.0,35499.0,595.0
2026-02-25 18:00:00,1772013600,35500.0,35508.0,35469.0,35484.0,714.0
2026-02-25 18:15:00,1772014500,35485.0,35534.0,35483.0,35524.0,1093.0
2026-02-25 18:30:00,1772015400,35525.0,35534.0,35508.0,35525.0,799.0
2026-02-25 18:45:00,1772016300,35523.0,35527.0,35505.0,35513.0,679.0
2026-02-25 19:00:00,1772017200,35514.0,35530.0,35510.0,35522.0,441.0
2026-02-25 19:15:00,1772018100,35521.0,35522.0,35506.0,35516.0,361.0
2026-02-25 19:30:00,1772019000,35515.0,35590.0,35515.0,35571.0,2650.0
2026-02-25 19:45:00,1772019900,35571.0,35635.0,35565.0,35631.0,2230.0
2026-02-25 20:00:00,1772020800,35631.0,35657.0,35617.0,35626.0,3024.0
2026-02-25 20:15:00,1772021700,35625.0,35669.0,35617.0,35655.0,2238.0
2026-02-25 20:30:00,1772022600,35654.0,35657.0,35635.0,35644.0,1075.0
2026-02-25 20:45:00,1772023500,35644.0,35660.0,35635.0,35650.0,934.0
2026-02-25 21:00:00,1772024400,35647.0,35694.0,35642.0,35691.0,2090.0
2026-02-25 21:15:00,1772025300,35691.0,35692.0,35662.0,35673.0,1317.0
2026-02-25 21:30:00,1772026200,35675.0,35675.0,35603.0,35645.0,3522.0
2026-02-25 21:45:00,1772027100,35643.0,35662.0,35633.0,35649.0,1330.0
2026-02-25 22:00:00,1772028000,35650.0,35673.0,35620.0,35656.0,2042.0
2026-02-25 22:15:00,1772028900,35658.0,35678.0,35640.0,35652.0,1708.0
2026-02-25 22:30:00,1772029800,35651.0,35684.0,35572.0,35671.0,8022.0
2026-02-25 22:45:00,1772030700,35671.0,35688.0,35584.0,35612.0,5361.0
2026-02-25 23:00:00,1772031600,35614.0,35632.0,35495.0,35502.0,7111.0
2026-02-25 23:15:00,1772032500,35502.0,35567.0,35475.0,35554.0,6276.0
2026-02-25 23:30:00,1772033400,35555.0,35570.0,35516.0,35529.0,2874.0
2026-02-25 23:45:00,1772034300,35530.0,35546.0,35495.0,35536.0,2768.0
2026-02-26 00:00:00,1772035200,35532.0,35605.0,35526.0,35601.0,4128.0
2026-02-26 00:15:00,1772036100,35602.0,35628.0,35585.0,35627.0,2389.0
2026-02-26 00:30:00,1772037000,35627.0,35674.0,35624.0,35657.0,2681.0
2026-02-26 00:45:00,1772037900,35660.0,35670.0,35618.0,35649.0,1723.0
2026-02-26 01:00:00,1772038800,35647.0,35669.0,35618.0,35666.0,1665.0
2026-02-26 01:15:00,1772039700,35667.0,35710.0,35651.0,35681.0,2485.0
2026-02-26 01:30:00,1772040600,35678.0,35728.0,35673.0,35722.0,1342.0
2026-02-26 01:45:00,1772041500,35723.0,35726.0,35689.0,35716.0,936.0
2026-02-26 02:00:00,1772042400,35715.0,35725.0,35690.0,35696.0,796.0
2026-02-26 02:15:00,1772043300,35696.0,35700.0,35673.0,35685.0,700.0
2026-02-26 02:30:00,1772044200,35685.0,35697.0,35680.0,35693.0,368.0
2026-02-26 02:45:00,1772045100,35695.0,35695.0,35634.0,35649.0,1065.0
2026-02-26 03:00:00,1772046000,35646.0,35670.0,35636.0,35659.0,535.0
2026-02-26 03:15:00,1772046900,35657.0,35662.0,35621.0,35622.0,604.0
2026-02-26 03:30:00,1772047800,35621.0,35663.0,35620.0,35646.0,371.0
2026-02-26 03:45:00,1772048700,35648.0,35661.0,35640.0,35641.0,281.0
2026-02-26 04:00:00,1772049600,35643.0,35647.0,35622.0,35638.0,535.0
2026-02-26 04:15:00,1772050500,35638.0,35652.0,35634.0,35640.0,258.0
2026-02-26 04:30:00,1772051400,35640.0,35671.0,35631.0,35660.0,423.0
2026-02-26 04:45:00,1772052300,35658.0,35667.0,35613.0,35650.0,1039.0
2026-02-26 08:45:00,1772066700,35532.0,35596.0,35451.0,35513.0,12377.0
2026-02-26 09:00:00,1772067600,35512.0,35587.0,35418.0,35463.0,15301.0
2026-02-26 09:15:00,1772068500,35466.0,35486.0,35349.0,35365.0,14692.0
2026-02-26 09:30:00,1772069400,35364.0,35579.0,35357.0,35578.0,12891.0
2026-02-26 09:45:00,1772070300,35577.0,35649.0,35495.0,35564.0,13607.0
2026-02-26 10:00:00,1772071200,35562.0,35584.0,35506.0,35554.0,5793.0
2026-02-26 10:15:00,1772072100,35554.0,35654.0,35537.0,35646.0,6087.0
2026-02-26 10:30:00,1772073000,35648.0,35663.0,35581.0,35652.0,6403.0
2026-02-26 10:45:00,1772073900,35649.0,35756.0,35646.0,35745.0,9546.0
2026-02-26 11:00:00,1772074800,35747.0,35750.0,35625.0,35640.0,6426.0
2026-02-26 11:15:00,1772075700,35643.0,35692.0,35638.0,35658.0,3169.0
2026-02-26 11:30:00,1772076600,35659.0,35710.0,35646.0,35666.0,3304.0
2026-02-26 11:45:00,1772077500,35669.0,35671.0,35611.0,35624.0,3428.0
2026-02-26 12:00:00,1772078400,35625.0,35665.0,35607.0,35637.0,2827.0
2026-02-26 12:15:00,1772079300,35637.0,35644.0,35610.0,35617.0,2656.0
2026-02-26 12:30:00,1772080200,35618.0,35631.0,35555.0,35602.0,5716.0
2026-02-26 12:45:00,1772081100,35605.0,35650.0,35601.0,35623.0,2888.0
2026-02-26 13:00:00,1772082000,35622.0,35623.0,35540.0,35569.0,4397.0
2026-02-26 13:15:00,1772082900,35567.0,35632.0,35567.0,35601.0,3618.0
2026-02-26 13:30:00,1772083800,35600.0,35630.0,35589.0,35604.0,4792.0
2026-02-26 15:00:00,1772089200,35640.0,35699.0,35632.0,35689.0,3001.0
2026-02-26 15:15:00,1772090100,35689.0,35707.0,35670.0,35704.0,1735.0
2026-02-26 15:30:00,1772091000,35703.0,35794.0,35699.0,35780.0,4268.0
2026-02-26 15:45:00,1772091900,35781.0,35793.0,35756.0,35766.0,2125.0
2026-02-26 16:00:00,1772092800,35765.0,35806.0,35751.0,35800.0,2559.0
2026-02-26 16:15:00,1772093700,35801.0,35856.0,35796.0,35812.0,3684.0
2026-02-26 16:30:00,1772094600,35811.0,35815.0,35762.0,35784.0,2404.0
2026-02-26 16:45:00,1772095500,35783.0,35787.0,35758.0,35768.0,1285.0
2026-02-26 17:00:00,1772096400,35767.0,35846.0,35762.0,35844.0,2267.0
2026-02-26 17:15:00,1772097300,35845.0,35867.0,35802.0,35860.0,2833.0
2026-02-26 17:30:00,1772098200,35861.0,35874.0,35848.0,35860.0,1582.0
2026-02-26 17:45:00,1772099100,35858.0,35878.0,35827.0,35831.0,1676.0
2026-02-26 18:00:00,1772100000,35830.0,35836.0,35808.0,35813.0,1217.0
2026-02-26 18:15:00,1772100900,35813.0,35820.0,35766.0,35771.0,2235.0
2026-02-26 18:30:00,1772101800,35771.0,35808.0,35756.0,35796.0,1761.0
2026-02-26 18:45:00,1772102700,35795.0,35804.0,35702.0,35711.0,2722.0
2026-02-26 19:00:00,1772103600,35711.0,35774.0,35705.0,35763.0,2054.0
2026-02-26 19:15:00,1772104500,35762.0,35768.0,35741.0,35741.0,955.0
2026-02-26 19:30:00,1772105400,35741.0,35772.0,35738.0,35749.0,928.0
2026-02-26 19:45:00,1772106300,35747.0,35765.0,35740.0,35745.0,745.0
2026-02-26 20:00:00,1772107200,35746.0,35757.0,35736.0,35742.0,690.0
2026-02-26 20:15:00,1772108100,35741.0,35794.0,35741.0,35791.0,1259.0
2026-02-26 20:30:00,1772109000,35791.0,35799.0,35752.0,35774.0,1700.0
2026-02-26 20:45:00,1772109900,35773.0,35773.0,35712.0,35719.0,1820.0
2026-02-26 21:00:00,1772110800,35717.0,35753.0,35714.0,35749.0,1325.0
2026-02-26 21:15:00,1772111700,35746.0,35770.0,35727.0,35765.0,1070.0
2026-02-26 21:30:00,1772112600,35768.0,35769.0,35704.0,35709.0,1498.0
2026-02-26 21:45:00,1772113500,35708.0,35742.0,35652.0,35658.0,4052.0
2026-02-26 22:00:00,1772114400,35658.0,35699.0,35629.0,35666.0,3604.0
2026-02-26 22:15:00,1772115300,35667.0,35683.0,35620.0,35621.0,1816.0
2026-02-26 22:30:00,1772116200,35620.0,35625.0,35415.0,35430.0,15756.0
2026-02-26 22:45:00,1772117100,35427.0,35443.0,35234.0,35255.0,17493.0
2026-02-26 23:00:00,1772118000,35256.0,35324.0,35101.0,35111.0,14791.0
2026-02-26 23:15:00,1772118900,35110.0,35113.0,34909.0,34980.0,21990.0
2026-02-26 23:30:00,1772119800,34977.0,35150.0,34945.0,35112.0,12753.0
2026-02-26 23:45:00,1772120700,35113.0,35165.0,35088.0,35104.0,7879.0
2026-02-27 00:00:00,1772121600,35105.0,35131.0,35059.0,35097.0,4651.0
2026-02-27 00:15:00,1772122500,35098.0,35244.0,35094.0,35173.0,7092.0
2026-02-27 00:30:00,1772123400,35172.0,35192.0,35027.0,35031.0,5609.0
2026-02-27 00:45:00,1772124300,35035.0,35062.0,34947.0,34964.0,6645.0
2026-02-27 01:00:00,1772125200,34967.0,35085.0,34967.0,35001.0,5164.0
2026-02-27 01:15:00,1772126100,35002.0,35058.0,34999.0,35020.0,2659.0
2026-02-27 01:30:00,1772127000,35019.0,35094.0,34996.0,35006.0,3108.0
2026-02-27 01:45:00,1772127900,35005.0,35042.0,34966.0,35004.0,2794.0
2026-02-27 02:00:00,1772128800,35005.0,35029.0,34960.0,35017.0,2344.0
2026-02-27 02:15:00,1772129700,35018.0,35055.0,34997.0,35030.0,1799.0
2026-02-27 02:30:00,1772130600,35030.0,35171.0,35016.0,35114.0,4011.0
2026-02-27 02:45:00,1772131500,35115.0,35150.0,35073.0,35120.0,1542.0
2026-02-27 03:00:00,1772132400,35120.0,35180.0,35104.0,35176.0,1706.0
2026-02-27 03:15:00,1772133300,35176.0,35194.0,35136.0,35144.0,1467.0
2026-02-27 03:30:00,1772134200,35144.0,35172.0,35137.0,35156.0,792.0
2026-02-27 03:45:00,1772135100,35156.0,35189.0,35148.0,35156.0,997.0
2026-02-27 04:00:00,1772136000,35154.0,35192.0,35129.0,35132.0,1320.0
2026-02-27 04:15:00,1772136900,35131.0,35150.0,35095.0,35098.0,946.0
2026-02-27 04:30:00,1772137800,35106.0,35155.0,35106.0,35146.0,870.0
2026-02-27 04:45:00,1772138700,35146.0,35148.0,35080.0,35080.0,1273.0
2026-03-02 08:45:00,1772412300,34732.0,34990.0,34708.0,34852.0,21514.0
2026-03-02 09:00:00,1772413200,34855.0,35352.0,34831.0,35319.0,26580.0
2026-03-02 09:15:00,1772414100,35313.0,35365.0,35242.0,35330.0,13044.0
2026-03-02 09:30:00,1772415000,35330.0,35486.0,35280.0,35310.0,15685.0
2026-03-02 09:45:00,1772415900,35311.0,35352.0,35205.0,35352.0,12021.0
2026-03-02 10:00:00,1772416800,35352.0,35454.0,35320.0,35439.0,10014.0
2026-03-02 10:15:00,1772417700,35436.0,35497.0,35391.0,35412.0,8096.0
2026-03-02 10:30:00,1772418600,35412.0,35445.0,35347.0,35365.0,6451.0
2026-03-02 10:45:00,1772419500,35370.0,35448.0,35333.0,35444.0,5113.0
2026-03-02 11:00:00,1772420400,35443.0,35473.0,35401.0,35426.0,3678.0
2026-03-02 11:15:00,1772421300,35425.0,35450.0,35383.0,35405.0,2999.0
2026-03-02 11:30:00,1772422200,35408.0,35425.0,35352.0,35402.0,3157.0
2026-03-02 11:45:00,1772423100,35404.0,35462.0,35395.0,35406.0,3141.0
2026-03-02 12:00:00,1772424000,35408.0,35418.0,35376.0,35392.0,1995.0
2026-03-02 12:15:00,1772424900,35396.0,35449.0,35337.0,35415.0,4462.0
2026-03-02 12:30:00,1772425800,35415.0,35425.0,35364.0,35369.0,2361.0
2026-03-02 12:45:00,1772426700,35366.0,35383.0,35288.0,35369.0,5856.0
2026-03-02 13:00:00,1772427600,35369.0,35383.0,35259.0,35265.0,4672.0
2026-03-02 13:15:00,1772428500,35269.0,35286.0,35193.0,35227.0,5513.0
2026-03-02 13:30:00,1772429400,35229.0,35268.0,35194.0,35239.0,5193.0
2026-03-02 13:45:00,1772430300,35236.0,35236.0,35236.0,35236.0,1.0
2026-03-02 15:00:00,1772434800,35097.0,35098.0,34793.0,34837.0,12892.0
2026-03-02 15:15:00,1772435700,34838.0,34916.0,34816.0,34875.0,5603.0
2026-03-02 15:30:00,1772436600,34873.0,34912.0,34845.0,34878.0,2828.0
2026-03-02 15:45:00,1772437500,34879.0,34882.0,34831.0,34865.0,1945.0
2026-03-02 16:00:00,1772438400,34864.0,34872.0,34728.0,34796.0,7865.0
2026-03-02 16:15:00,1772439300,34799.0,34802.0,34630.0,34643.0,8317.0
2026-03-02 16:30:00,1772440200,34637.0,34785.0,34620.0,34761.0,5917.0
2026-03-02 16:45:00,1772441100,34765.0,34844.0,34747.0,34783.0,4095.0
2026-03-02 17:00:00,1772442000,34780.0,34898.0,34777.0,34892.0,4125.0
2026-03-02 17:15:00,1772442900,34893.0,34985.0,34893.0,34908.0,5721.0
2026-03-02 17:30:00,1772443800,34911.0,34952.0,34835.0,34872.0,3780.0
2026-03-02 17:45:00,1772444700,34871.0,34888.0,34834.0,34842.0,2330.0
2026-03-02 18:00:00,1772445600,34844.0,34965.0,34844.0,34874.0,3426.0
2026-03-02 18:15:00,1772446500,34875.0,34925.0,34853.0,34882.0,1502.0
2026-03-02 18:30:00,1772447400,34883.0,34912.0,34862.0,34899.0,1305.0
2026-03-02 18:45:00,1772448300,34903.0,34908.0,34808.0,34851.0,2107.0
2026-03-02 19:00:00,1772449200,34853.0,34878.0,34808.0,34833.0,1795.0
2026-03-02 19:15:00,1772450100,34835.0,34886.0,34805.0,34855.0,1707.0
2026-03-02 19:30:00,1772451000,34855.0,34952.0,34855.0,34910.0,2277.0
2026-03-02 19:45:00,1772451900,34913.0,34976.0,34890.0,34910.0,3194.0
2026-03-02 20:00:00,1772452800,34909.0,34925.0,34846.0,34873.0,2353.0
2026-03-02 20:15:00,1772453700,34872.0,34872.0,34811.0,34840.0,2551.0
2026-03-02 20:30:00,1772454600,34843.0,34866.0,34813.0,34838.0,1379.0
2026-03-02 20:45:00,1772455500,34838.0,34866.0,34768.0,34820.0,3142.0
2026-03-02 21:00:00,1772456400,34823.0,34881.0,34818.0,34852.0,2987.0
2026-03-02 21:15:00,1772457300,34852.0,34948.0,34844.0,34881.0,3560.0
2026-03-02 21:30:00,1772458200,34879.0,34888.0,34818.0,34821.0,2225.0
2026-03-02 21:45:00,1772459100,34821.0,34855.0,34756.0,34793.0,3223.0
2026-03-02 22:00:00,1772460000,34795.0,34830.0,34744.0,34783.0,3313.0
2026-03-02 22:15:00,1772460900,34783.0,34793.0,34737.0,34788.0,2363.0
2026-03-02 22:30:00,1772461800,34791.0,35171.0,34788.0,35120.0,22772.0
2026-03-02 22:45:00,1772462700,35122.0,35197.0,35053.0,35084.0,10779.0
2026-03-02 23:00:00,1772463600,35081.0,35321.0,35042.0,35292.0,13931.0
2026-03-02 23:15:00,1772464500,35293.0,35299.0,35046.0,35065.0,11783.0
2026-03-02 23:30:00,1772465400,35065.0,35134.0,34974.0,35129.0,9649.0
2026-03-02 23:45:00,1772466300,35128.0,35171.0,35054.0,35104.0,5401.0
2026-03-03 00:00:00,1772467200,35102.0,35288.0,35062.0,35271.0,6436.0
2026-03-03 00:15:00,1772468100,35271.0,35280.0,35071.0,35093.0,5775.0
2026-03-03 00:30:00,1772469000,35091.0,35344.0,35088.0,35335.0,7385.0
2026-03-03 00:45:00,1772469900,35335.0,35347.0,35234.0,35265.0,4807.0
2026-03-03 01:00:00,1772470800,35266.0,35310.0,35245.0,35306.0,2709.0
2026-03-03 01:15:00,1772471700,35306.0,35364.0,35302.0,35309.0,3225.0
2026-03-03 01:30:00,1772472600,35307.0,35313.0,35232.0,35254.0,2429.0
2026-03-03 01:45:00,1772473500,35253.0,35321.0,35241.0,35318.0,1471.0
2026-03-03 02:00:00,1772474400,35317.0,35323.0,35268.0,35290.0,1019.0
2026-03-03 02:15:00,1772475300,35285.0,35287.0,35178.0,35223.0,1857.0
2026-03-03 02:30:00,1772476200,35227.0,35269.0,35197.0,35241.0,1115.0
2026-03-03 02:45:00,1772477100,35239.0,35239.0,35159.0,35164.0,919.0
2026-03-03 03:00:00,1772478000,35163.0,35290.0,35152.0,35287.0,1368.0
2026-03-03 03:15:00,1772478900,35287.0,35339.0,35287.0,35337.0,1229.0
2026-03-03 03:30:00,1772479800,35338.0,35358.0,35321.0,35324.0,817.0
2026-03-03 03:45:00,1772480700,35322.0,35360.0,35321.0,35354.0,521.0
2026-03-03 04:00:00,1772481600,35353.0,35362.0,35096.0,35107.0,3420.0
2026-03-03 04:15:00,1772482500,35106.0,35207.0,35095.0,35161.0,1732.0
2026-03-03 04:30:00,1772483400,35159.0,35243.0,35155.0,35212.0,836.0
2026-03-03 04:45:00,1772484300,35208.0,35223.0,35179.0,35180.0,1039.0
2026-03-03 08:45:00,1772498700,35005.0,35139.0,34974.0,35108.0,14809.0
2026-03-03 09:00:00,1772499600,35110.0,35298.0,34990.0,35229.0,19079.0
2026-03-03 09:15:00,1772500500,35230.0,35320.0,35070.0,35087.0,13974.0
2026-03-03 09:30:00,1772501400,35087.0,35133.0,34936.0,34990.0,17132.0
2026-03-03 09:45:00,1772502300,34991.0,35008.0,34748.0,34760.0,18991.0
2026-03-03 10:00:00,1772503200,34760.0,34815.0,34510.0,34779.0,28041.0
2026-03-03 10:15:00,1772504100,34783.0,34809.0,34563.0,34637.0,13972.0
2026-03-03 10:30:00,1772505000,34636.0,34738.0,34516.0,34651.0,13827.0
2026-03-03 10:45:00,1772505900,34652.0,34726.0,34620.0,34697.0,7934.0
2026-03-03 11:00:00,1772506800,34697.0,34744.0,34528.0,34614.0,8571.0
2026-03-03 11:15:00,1772507700,34614.0,34640.0,34481.0,34549.0,9436.0
2026-03-03 11:30:00,1772508600,34546.0,34709.0,34482.0,34661.0,9376.0
2026-03-03 11:45:00,1772509500,34658.0,34691.0,34572.0,34587.0,4347.0
2026-03-03 12:00:00,1772510400,34588.0,34618.0,34504.0,34542.0,4517.0
2026-03-03 12:15:00,1772511300,34542.0,34563.0,34465.0,34480.0,5011.0
2026-03-03 12:30:00,1772512200,34478.0,34519.0,34416.0,34490.0,7618.0
2026-03-03 12:45:00,1772513100,34492.0,34509.0,34411.0,34447.0,4946.0
2026-03-03 13:00:00,1772514000,34452.0,34503.0,34414.0,34445.0,5777.0
2026-03-03 13:15:00,1772514900,34446.0,34488.0,34400.0,34411.0,6218.0
2026-03-03 13:30:00,1772515800,34409.0,34420.0,34314.0,34331.0,9199.0
2026-03-03 15:00:00,1772521200,34317.0,34442.0,34297.0,34392.0,7356.0
2026-03-03 15:15:00,1772522100,34396.0,34396.0,34207.0,34237.0,7344.0
2026-03-03 15:30:00,1772523000,34233.0,34260.0,34134.0,34230.0,6922.0
2026-03-03 15:45:00,1772523900,34232.0,34260.0,34174.0,34229.0,3740.0
2026-03-03 16:00:00,1772524800,34222.0,34238.0,34125.0,34133.0,4887.0
2026-03-03 16:15:00,1772525700,34131.0,34167.0,34032.0,34032.0,6218.0
2026-03-03 16:30:00,1772526600,34034.0,34068.0,33955.0,33977.0,6867.0
2026-03-03 16:45:00,1772527500,33976.0,33979.0,33827.0,33854.0,9366.0
2026-03-03 17:00:00,1772528400,33853.0,33969.0,33844.0,33927.0,7586.0
2026-03-03 17:15:00,1772529300,33922.0,33932.0,33808.0,33844.0,5769.0
2026-03-03 17:30:00,1772530200,33846.0,33881.0,33781.0,33804.0,5717.0
2026-03-03 17:45:00,1772531100,33804.0,33809.0,33674.0,33703.0,7452.0
2026-03-03 18:00:00,1772532000,33705.0,33728.0,33569.0,33600.0,8694.0
2026-03-03 18:15:00,1772532900,33603.0,33649.0,33483.0,33486.0,7036.0
2026-03-03 18:30:00,1772533800,33486.0,33506.0,33264.0,33430.0,17262.0
2026-03-03 18:45:00,1772534700,33431.0,33566.0,33385.0,33465.0,11313.0
2026-03-03 19:00:00,1772535600,33465.0,33596.0,33438.0,33503.0,6792.0
2026-03-03 19:15:00,1772536500,33502.0,33554.0,33394.0,33499.0,6580.0
2026-03-03 19:30:00,1772537400,33504.0,33627.0,33501.0,33626.0,6023.0
2026-03-03 19:45:00,1772538300,33623.0,33675.0,33601.0,33635.0,5438.0
2026-03-03 20:00:00,1772539200,33633.0,33762.0,33575.0,33707.0,7062.0
2026-03-03 20:15:00,1772540100,33708.0,33733.0,33656.0,33689.0,4110.0
2026-03-03 20:30:00,1772541000,33688.0,33719.0,33625.0,33718.0,4049.0
2026-03-03 20:45:00,1772541900,33717.0,33750.0,33651.0,33716.0,4216.0
2026-03-03 21:00:00,1772542800,33718.0,33734.0,33513.0,33573.0,7021.0
2026-03-03 21:15:00,1772543700,33571.0,33630.0,33473.0,33514.0,4859.0
2026-03-03 21:30:00,1772544600,33519.0,33548.0,33445.0,33480.0,5545.0
2026-03-03 21:45:00,1772545500,33480.0,33508.0,33413.0,33478.0,4742.0
2026-03-03 22:00:00,1772546400,33477.0,33525.0,33436.0,33466.0,3642.0
2026-03-03 22:15:00,1772547300,33465.0,33555.0,33446.0,33529.0,3434.0
2026-03-03 22:30:00,1772548200,33527.0,33655.0,33294.0,33321.0,28592.0
2026-03-03 22:45:00,1772549100,33317.0,33411.0,33189.0,33213.0,16824.0
2026-03-03 23:00:00,1772550000,33218.0,33320.0,33156.0,33239.0,13296.0
2026-03-03 23:15:00,1772550900,33242.0,33254.0,32829.0,32849.0,18162.0
2026-03-03 23:30:00,1772551800,32850.0,33140.0,32828.0,33015.0,17555.0
2026-03-03 23:45:00,1772552700,33013.0,33144.0,33010.0,33142.0,8160.0
2026-03-04 00:00:00,1772553600,33144.0,33344.0,33104.0,33333.0,12151.0
2026-03-04 00:15:00,1772554500,33329.0,33398.0,33302.0,33331.0,6974.0
2026-03-04 00:30:00,1772555400,33327.0,33358.0,33204.0,33356.0,7883.0
2026-03-04 00:45:00,1772556300,33353.0,33485.0,33335.0,33435.0,6819.0
2026-03-04 01:00:00,1772557200,33434.0,33460.0,33279.0,33363.0,6102.0
2026-03-04 01:15:00,1772558100,33364.0,33464.0,33323.0,33457.0,4074.0
2026-03-04 01:30:00,1772559000,33454.0,33465.0,33331.0,33455.0,3276.0
2026-03-04 01:45:00,1772559900,33455.0,33460.0,33326.0,33370.0,2128.0
2026-03-04 02:00:00,1772560800,33375.0,33505.0,33371.0,33451.0,3415.0
2026-03-04 02:15:00,1772561700,33451.0,33632.0,33444.0,33608.0,3665.0
2026-03-04 02:30:00,1772562600,33609.0,33693.0,33598.0,33653.0,3930.0
2026-03-04 02:45:00,1772563500,33652.0,33687.0,33597.0,33636.0,2054.0
2026-03-04 03:00:00,1772564400,33638.0,33660.0,33528.0,33609.0,2163.0
2026-03-04 03:15:00,1772565300,33611.0,33652.0,33583.0,33591.0,1140.0
2026-03-04 03:30:00,1772566200,33592.0,33730.0,33545.0,33721.0,2979.0
2026-03-04 03:45:00,1772567100,33725.0,33795.0,33652.0,33688.0,2728.0
2026-03-04 04:00:00,1772568000,33692.0,33737.0,33654.0,33661.0,1248.0
2026-03-04 04:15:00,1772568900,33661.0,33692.0,33606.0,33653.0,1146.0
2026-03-04 04:30:00,1772569800,33651.0,33690.0,33604.0,33623.0,1002.0
2026-03-04 04:45:00,1772570700,33610.0,33620.0,33475.0,33550.0,2163.0
2026-03-04 08:45:00,1772585100,33456.0,33614.0,33255.0,33564.0,21815.0
2026-03-04 09:00:00,1772586000,33565.0,33666.0,33292.0,33300.0,24719.0
2026-03-04 09:15:00,1772586900,33301.0,33353.0,32994.0,33153.0,28565.0
2026-03-04 09:30:00,1772587800,33146.0,33570.0,33009.0,33512.0,24907.0
2026-03-04 09:45:00,1772588700,33513.0,33538.0,33305.0,33389.0,13804.0
2026-03-04 10:00:00,1772589600,33387.0,33417.0,33186.0,33223.0,12317.0
2026-03-04 10:15:00,1772590500,33228.0,33228.0,33048.0,33092.0,10853.0
2026-03-04 10:30:00,1772591400,33095.0,33224.0,33029.0,33182.0,10927.0
2026-03-04 10:45:00,1772592300,33178.0,33397.0,33147.0,33156.0,13163.0
2026-03-04 11:00:00,1772593200,33155.0,33242.0,32979.0,33119.0,14384.0
2026-03-04 11:15:00,1772594100,33117.0,33162.0,33022.0,33039.0,6760.0
2026-03-04 11:30:00,1772595000,33039.0,33124.0,32945.0,33072.0,10910.0
2026-03-04 11:45:00,1772595900,33075.0,33162.0,33005.0,33133.0,7624.0
2026-03-04 12:00:00,1772596800,33131.0,33197.0,33032.0,33135.0,8979.0
2026-03-04 12:15:00,1772597700,33138.0,33168.0,32976.0,32991.0,7201.0
2026-03-04 12:30:00,1772598600,32990.0,32997.0,32777.0,32883.0,15996.0
2026-03-04 12:45:00,1772599500,32883.0,32988.0,32806.0,32940.0,11545.0
2026-03-04 13:00:00,1772600400,32939.0,33044.0,32856.0,32898.0,9381.0
2026-03-04 13:15:00,1772601300,32897.0,32987.0,32737.0,32773.0,9591.0
2026-03-04 13:30:00,1772602200,32776.0,32950.0,32680.0,32835.0,14463.0
2026-03-04 15:00:00,1772607600,32876.0,33033.0,32807.0,32814.0,9541.0
2026-03-04 15:15:00,1772608500,32813.0,32978.0,32811.0,32950.0,4768.0
2026-03-04 15:30:00,1772609400,32952.0,33146.0,32936.0,33118.0,7058.0
2026-03-04 15:45:00,1772610300,33120.0,33250.0,33089.0,33198.0,6426.0
2026-03-04 16:00:00,1772611200,33195.0,33262.0,33111.0,33184.0,7598.0
2026-03-04 16:15:00,1772612100,33185.0,33189.0,33038.0,33063.0,5659.0
2026-03-04 16:30:00,1772613000,33064.0,33183.0,33051.0,33173.0,3358.0
2026-03-04 16:45:00,1772613900,33175.0,33207.0,33103.0,33126.0,3357.0
2026-03-04 17:00:00,1772614800,33127.0,33253.0,33081.0,33234.0,4134.0
2026-03-04 17:15:00,1772615700,33236.0,33295.0,33219.0,33287.0,4663.0
2026-03-04 17:30:00,1772616600,33288.0,33374.0,33261.0,33335.0,5483.0
2026-03-04 17:45:00,1772617500,33336.0,33449.0,33318.0,33409.0,5281.0
2026-03-04 18:00:00,1772618400,33410.0,33603.0,33385.0,33600.0,8731.0
2026-03-04 18:15:00,1772619300,33602.0,33635.0,33510.0,33545.0,7037.0
2026-03-04 18:30:00,1772620200,33545.0,33599.0,33522.0,33569.0,3179.0
2026-03-04 18:45:00,1772621100,33570.0,33602.0,33531.0,33584.0,2551.0
2026-03-04 19:00:00,1772622000,33582.0,33652.0,33573.0,33617.0,4658.0
2026-03-04 19:15:00,1772622900,33618.0,33645.0,33593.0,33608.0,2041.0
2026-03-04 19:30:00,1772623800,33606.0,33622.0,33510.0,33529.0,4248.0
2026-03-04 19:45:00,1772624700,33528.0,33557.0,33446.0,33453.0,4957.0
2026-03-04 20:00:00,1772625600,33457.0,33555.0,33445.0,33548.0,3421.0
2026-03-04 20:15:00,1772626500,33546.0,33548.0,33406.0,33412.0,4950.0
2026-03-04 20:30:00,1772627400,33412.0,33536.0,33376.0,33517.0,5301.0
2026-03-04 20:45:00,1772628300,33516.0,33613.0,33486.0,33608.0,4324.0
2026-03-04 21:00:00,1772629200,33608.0,33709.0,33600.0,33684.0,6975.0
2026-03-04 21:15:00,1772630100,33683.0,33695.0,33586.0,33626.0,4416.0
2026-03-04 21:30:00,1772631000,33626.0,33674.0,33571.0,33658.0,3937.0
2026-03-04 21:45:00,1772631900,33653.0,33672.0,33591.0,33626.0,2443.0
2026-03-04 22:00:00,1772632800,33621.0,33653.0,33529.0,33556.0,3634.0
2026-03-04 22:15:00,1772633700,33556.0,33638.0,33545.0,33560.0,2908.0
2026-03-04 22:30:00,1772634600,33559.0,33659.0,33422.0,33449.0,15365.0
2026-03-04 22:45:00,1772635500,33444.0,33574.0,33383.0,33485.0,11524.0
2026-03-04 23:00:00,1772636400,33492.0,33581.0,33460.0,33492.0,8901.0
2026-03-04 23:15:00,1772637300,33490.0,33774.0,33490.0,33756.0,10242.0
2026-03-04 23:30:00,1772638200,33756.0,33785.0,33566.0,33610.0,8804.0
2026-03-04 23:45:00,1772639100,33610.0,33700.0,33578.0,33685.0,4968.0
2026-03-05 00:00:00,1772640000,33680.0,33741.0,33570.0,33600.0,5264.0
2026-03-05 00:15:00,1772640900,33601.0,33636.0,33524.0,33609.0,5353.0
2026-03-05 00:30:00,1772641800,33610.0,33665.0,33588.0,33654.0,2778.0
2026-03-05 00:45:00,1772642700,33654.0,33694.0,33635.0,33673.0,2113.0
2026-03-05 01:00:00,1772643600,33676.0,33715.0,33659.0,33673.0,1862.0
2026-03-05 01:15:00,1772644500,33673.0,33709.0,33659.0,33662.0,1483.0
2026-03-05 01:30:00,1772645400,33664.0,33750.0,33645.0,33716.0,2314.0
2026-03-05 01:45:00,1772646300,33718.0,33750.0,33717.0,33734.0,943.0
2026-03-05 02:00:00,1772647200,33731.0,33750.0,33710.0,33711.0,930.0
2026-03-05 02:15:00,1772648100,33712.0,33732.0,33679.0,33725.0,984.0
2026-03-05 02:30:00,1772649000,33729.0,33766.0,33725.0,33754.0,1036.0
2026-03-05 02:45:00,1772649900,33753.0,33766.0,33740.0,33752.0,641.0
2026-03-05 03:00:00,1772650800,33754.0,33775.0,33751.0,33756.0,636.0
2026-03-05 03:15:00,1772651700,33756.0,33764.0,33732.0,33748.0,411.0
2026-03-05 03:30:00,1772652600,33745.0,33845.0,33745.0,33810.0,2527.0
2026-03-05 03:45:00,1772653500,33808.0,33845.0,33800.0,33820.0,718.0
2026-03-05 04:00:00,1772654400,33820.0,33825.0,33697.0,33722.0,1828.0
2026-03-05 04:15:00,1772655300,33720.0,33768.0,33708.0,33759.0,672.0
2026-03-05 04:30:00,1772656200,33760.0,33770.0,33735.0,33760.0,469.0
2026-03-05 04:45:00,1772657100,33756.0,33810.0,33710.0,33737.0,1273.0
2026-03-05 08:45:00,1772671500,33900.0,34007.0,33868.0,34004.0,15617.0
2026-03-05 09:00:00,1772672400,34008.0,34293.0,33958.0,34263.0,21979.0
2026-03-05 09:15:00,1772673300,34264.0,34272.0,34055.0,34119.0,18009.0
2026-03-05 09:30:00,1772674200,34123.0,34195.0,33930.0,33979.0,14558.0
2026-03-05 09:45:00,1772675100,33978.0,34047.0,33655.0,33716.0,23016.0
2026-03-05 10:00:00,1772676000,33718.0,33742.0,33562.0,33667.0,21310.0
2026-03-05 10:15:00,1772676900,33667.0,33738.0,33490.0,33496.0,14423.0
2026-03-05 10:30:00,1772677800,33495.0,33759.0,33394.0,33736.0,19485.0
2026-03-05 10:45:00,1772678700,33737.0,33930.0,33690.0,33774.0,16756.0
2026-03-05 11:00:00,1772679600,33774.0,33838.0,33681.0,33716.0,9604.0
2026-03-05 11:15:00,1772680500,33714.0,33771.0,33637.0,33681.0,6563.0
2026-03-05 11:30:00,1772681400,33685.0,33685.0,33502.0,33520.0,10221.0
2026-03-05 11:45:00,1772682300,33523.0,33588.0,33461.0,33520.0,7780.0
2026-03-05 12:00:00,1772683200,33520.0,33576.0,33432.0,33528.0,6869.0
2026-03-05 12:15:00,1772684100,33526.0,33665.0,33493.0,33652.0,6738.0
2026-03-05 12:30:00,1772685000,33649.0,33733.0,33609.0,33726.0,6386.0
2026-03-05 12:45:00,1772685900,33727.0,33787.0,33682.0,33756.0,6011.0
2026-03-05 13:00:00,1772686800,33757.0,33763.0,33672.0,33713.0,4188.0
2026-03-05 13:15:00,1772687700,33712.0,33733.0,33640.0,33657.0,4742.0
2026-03-05 13:30:00,1772688600,33656.0,33714.0,33625.0,33641.0,5418.0
2026-03-05 15:00:00,1772694000,33688.0,33748.0,33520.0,33572.0,6829.0
2026-03-05 15:15:00,1772694900,33574.0,33629.0,33502.0,33610.0,4415.0
2026-03-05 15:30:00,1772695800,33613.0,33613.0,33525.0,33559.0,2433.0
2026-03-05 15:45:00,1772696700,33558.0,33572.0,33406.0,33517.0,5914.0
2026-03-05 16:00:00,1772697600,33513.0,33515.0,33123.0,33124.0,14818.0
2026-03-05 16:15:00,1772698500,33124.0,33241.0,33105.0,33118.0,7469.0
2026-03-05 16:30:00,1772699400,33118.0,33195.0,33063.0,33184.0,6209.0
2026-03-05 16:45:00,1772700300,33183.0,33355.0,33175.0,33346.0,7035.0
2026-03-05 17:00:00,1772701200,33352.0,33796.0,33337.0,33703.0,19173.0
2026-03-05 17:15:00,1772702100,33703.0,33744.0,33540.0,33576.0,9846.0
2026-03-05 17:30:00,1772703000,33572.0,33648.0,33480.0,33551.0,6911.0
2026-03-05 17:45:00,1772703900,33554.0,33635.0,33524.0,33623.0,4298.0
2026-03-05 18:00:00,1772704800,33622.0,33698.0,33605.0,33610.0,4110.0
2026-03-05 18:15:00,1772705700,33611.0,33665.0,33585.0,33657.0,2436.0
2026-03-05 18:30:00,1772706600,33658.0,33662.0,33544.0,33563.0,2462.0
2026-03-05 18:45:00,1772707500,33561.0,33644.0,33536.0,33606.0,2465.0
2026-03-05 19:00:00,1772708400,33607.0,33723.0,33590.0,33715.0,3250.0
2026-03-05 19:15:00,1772709300,33716.0,33729.0,33627.0,33646.0,2978.0
2026-03-05 19:30:00,1772710200,33646.0,33664.0,33572.0,33622.0,2514.0
2026-03-05 19:45:00,1772711100,33621.0,33645.0,33578.0,33588.0,1502.0
2026-03-05 20:00:00,1772712000,33594.0,33608.0,33527.0,33562.0,2720.0
2026-03-05 20:15:00,1772712900,33560.0,33655.0,33538.0,33615.0,2729.0
2026-03-05 20:30:00,1772713800,33615.0,33620.0,33545.0,33563.0,2327.0
2026-03-05 20:45:00,1772714700,33560.0,33590.0,33341.0,33450.0,7833.0
2026-03-05 21:00:00,1772715600,33451.0,33453.0,33351.0,33390.0,5226.0
2026-03-05 21:15:00,1772716500,33392.0,33485.0,33360.0,33480.0,3879.0
2026-03-05 21:30:00,1772717400,33487.0,33495.0,33370.0,33429.0,3825.0
2026-03-05 21:45:00,1772718300,33428.0,33470.0,33277.0,33312.0,4622.0
2026-03-05 22:00:00,1772719200,33314.0,33366.0,33270.0,33299.0,4633.0
2026-03-05 22:15:00,1772720100,33305.0,33357.0,33251.0,33333.0,3746.0
2026-03-05 22:30:00,1772721000,33332.0,33583.0,33298.0,33355.0,18345.0
2026-03-05 22:45:00,1772721900,33358.0,33652.0,33317.0,33634.0,13375.0
2026-03-05 23:00:00,1772722800,33632.0,33696.0,33444.0,33539.0,13030.0
2026-03-05 23:15:00,1772723700,33541.0,33544.0,33209.0,33273.0,12242.0
2026-03-05 23:30:00,1772724600,33272.0,33383.0,33141.0,33277.0,13799.0
2026-03-05 23:45:00,1772725500,33271.0,33364.0,33231.0,33296.0,6513.0
2026-03-06 00:00:00,1772726400,33292.0,33320.0,33090.0,33157.0,9300.0
2026-03-06 00:15:00,1772727300,33155.0,33196.0,33035.0,33103.0,9437.0
2026-03-06 00:30:00,1772728200,33105.0,33293.0,33100.0,33224.0,7499.0
2026-03-06 00:45:00,1772729100,33230.0,33290.0,33197.0,33261.0,3649.0
2026-03-06 01:00:00,1772730000,33267.0,33391.0,33183.0,33229.0,7542.0
2026-03-06 01:15:00,1772730900,33233.0,33234.0,33116.0,33121.0,4814.0
2026-03-06 01:30:00,1772731800,33122.0,33146.0,32906.0,32935.0,10210.0
2026-03-06 01:45:00,1772732700,32937.0,33019.0,32857.0,32958.0,5898.0
2026-03-06 02:00:00,1772733600,32957.0,33039.0,32893.0,32987.0,4275.0
2026-03-06 02:15:00,1772734500,32986.0,33008.0,32819.0,32861.0,4471.0
2026-03-06 02:30:00,1772735400,32857.0,33035.0,32851.0,33014.0,3937.0
2026-03-06 02:45:00,1772736300,33013.0,33054.0,32918.0,33028.0,2690.0
2026-03-06 03:00:00,1772737200,33020.0,33132.0,32986.0,33128.0,3852.0
2026-03-06 03:15:00,1772738100,33130.0,33162.0,33001.0,33054.0,2555.0
2026-03-06 03:30:00,1772739000,33051.0,33051.0,32926.0,33030.0,1992.0
2026-03-06 03:45:00,1772739900,33030.0,33078.0,32956.0,33001.0,1408.0
2026-03-06 04:00:00,1772740800,33004.0,33101.0,32974.0,33071.0,1999.0
2026-03-06 04:15:00,1772741700,33072.0,33264.0,33054.0,33149.0,2822.0
2026-03-06 04:30:00,1772742600,33146.0,33238.0,33136.0,33182.0,1320.0
2026-03-06 04:45:00,1772743500,33185.0,33304.0,33146.0,33299.0,2072.0
2026-03-06 08:45:00,1772757900,33364.0,33546.0,33338.0,33402.0,16487.0
2026-03-06 09:00:00,1772758800,33400.0,33568.0,33294.0,33475.0,19890.0
2026-03-06 09:15:00,1772759700,33478.0,33561.0,33350.0,33424.0,13127.0
2026-03-06 09:30:00,1772760600,33421.0,33550.0,33383.0,33470.0,11583.0
2026-03-06 09:45:00,1772761500,33473.0,33745.0,33435.0,33612.0,17576.0
2026-03-06 10:00:00,1772762400,33612.0,33791.0,33600.0,33781.0,10270.0
2026-03-06 10:15:00,1772763300,33783.0,33889.0,33731.0,33872.0,12368.0
2026-03-06 10:30:00,1772764200,33871.0,33876.0,33658.0,33709.0,10980.0
2026-03-06 10:45:00,1772765100,33710.0,33721.0,33564.0,33588.0,10149.0
2026-03-06 11:00:00,1772766000,33587.0,33695.0,33578.0,33586.0,6193.0
2026-03-06 11:15:00,1772766900,33587.0,33608.0,33525.0,33540.0,7033.0
2026-03-06 11:30:00,1772767800,33544.0,33598.0,33461.0,33595.0,7957.0
2026-03-06 11:45:00,1772768700,33595.0,33695.0,33586.0,33689.0,5229.0
2026-03-06 12:00:00,1772769600,33687.0,33727.0,33645.0,33649.0,5755.0
2026-03-06 12:15:00,1772770500,33651.0,33662.0,33552.0,33572.0,4163.0
2026-03-06 12:30:00,1772771400,33571.0,33687.0,33562.0,33633.0,4389.0
2026-03-06 12:45:00,1772772300,33633.0,33716.0,33632.0,33648.0,3771.0
2026-03-06 13:00:00,1772773200,33648.0,33693.0,33634.0,33663.0,2429.0
2026-03-06 13:15:00,1772774100,33662.0,33685.0,33642.0,33677.0,2467.0
2026-03-06 13:30:00,1772775000,33677.0,33724.0,33654.0,33705.0,4460.0
2026-03-06 15:00:00,1772780400,33705.0,33765.0,33642.0,33669.0,4579.0
2026-03-06 15:15:00,1772781300,33671.0,33782.0,33659.0,33743.0,3640.0
2026-03-06 15:30:00,1772782200,33740.0,33794.0,33716.0,33768.0,2284.0
2026-03-06 15:45:00,1772783100,33770.0,33771.0,33688.0,33733.0,2450.0
2026-03-06 16:00:00,1772784000,33733.0,33754.0,33633.0,33642.0,3851.0
2026-03-06 16:15:00,1772784900,33645.0,33702.0,33578.0,33591.0,4383.0
2026-03-06 16:30:00,1772785800,33596.0,33697.0,33583.0,33695.0,3651.0
2026-03-06 16:45:00,1772786700,33692.0,33715.0,33654.0,33663.0,2403.0
2026-03-06 17:00:00,1772787600,33666.0,33673.0,33529.0,33546.0,4825.0
2026-03-06 17:15:00,1772788500,33546.0,33564.0,33392.0,33415.0,7174.0
2026-03-06 17:30:00,1772789400,33416.0,33460.0,33338.0,33389.0,5816.0
2026-03-06 17:45:00,1772790300,33391.0,33423.0,33310.0,33379.0,5945.0
2026-03-06 18:00:00,1772791200,33385.0,33466.0,33367.0,33390.0,3912.0
2026-03-06 18:15:00,1772792100,33394.0,33435.0,33357.0,33389.0,3091.0
2026-03-06 18:30:00,1772793000,33390.0,33442.0,33360.0,33369.0,1788.0
2026-03-06 18:45:00,1772793900,33368.0,33405.0,33326.0,33381.0,2070.0
2026-03-06 19:00:00,1772794800,33379.0,33393.0,33192.0,33285.0,7675.0
2026-03-06 19:15:00,1772795700,33288.0,33314.0,33233.0,33290.0,2612.0
2026-03-06 19:30:00,1772796600,33288.0,33295.0,33124.0,33141.0,5526.0
2026-03-06 19:45:00,1772797500,33145.0,33173.0,33071.0,33107.0,4941.0
2026-03-06 20:00:00,1772798400,33116.0,33159.0,33083.0,33150.0,3540.0
2026-03-06 20:15:00,1772799300,33152.0,33199.0,33105.0,33114.0,3485.0
2026-03-06 20:30:00,1772800200,33108.0,33120.0,33028.0,33074.0,5638.0
2026-03-06 20:45:00,1772801100,33073.0,33090.0,33010.0,33059.0,3074.0
2026-03-06 21:00:00,1772802000,33057.0,33149.0,33048.0,33091.0,4812.0
2026-03-06 21:15:00,1772802900,33091.0,33133.0,33040.0,33124.0,2929.0
2026-03-06 21:30:00,1772803800,33123.0,33147.0,32888.0,32934.0,14993.0
2026-03-06 21:45:00,1772804700,32932.0,32946.0,32785.0,32791.0,11957.0
2026-03-06 22:00:00,1772805600,32791.0,32860.0,32739.0,32824.0,8555.0
2026-03-06 22:15:00,1772806500,32824.0,32849.0,32778.0,32835.0,3677.0
2026-03-06 22:30:00,1772807400,32835.0,32922.0,32605.0,32735.0,25772.0
2026-03-06 22:45:00,1772808300,32733.0,32824.0,32631.0,32707.0,11116.0
2026-03-06 23:00:00,1772809200,32711.0,32978.0,32699.0,32930.0,17197.0
2026-03-06 23:15:00,1772810100,32926.0,33031.0,32893.0,32959.0,10561.0
2026-03-06 23:30:00,1772811000,32959.0,33049.0,32882.0,32933.0,9431.0
2026-03-06 23:45:00,1772811900,32933.0,32958.0,32763.0,32891.0,9848.0
2026-03-07 00:00:00,1772812800,32892.0,32991.0,32796.0,32813.0,6986.0
2026-03-07 00:15:00,1772813700,32812.0,32908.0,32776.0,32853.0,5885.0
2026-03-07 00:30:00,1772814600,32852.0,33004.0,32826.0,32948.0,5145.0
2026-03-07 00:45:00,1772815500,32948.0,33009.0,32885.0,32929.0,4208.0
2026-03-07 01:00:00,1772816400,32927.0,32994.0,32866.0,32876.0,3033.0
2026-03-07 01:15:00,1772817300,32875.0,32977.0,32842.0,32878.0,3285.0
2026-03-07 01:30:00,1772818200,32881.0,32889.0,32714.0,32766.0,4214.0
2026-03-07 01:45:00,1772819100,32763.0,32842.0,32750.0,32778.0,2563.0
2026-03-07 02:00:00,1772820000,32778.0,32985.0,32774.0,32980.0,3297.0
2026-03-07 02:15:00,1772820900,32982.0,33029.0,32910.0,32925.0,3611.0
2026-03-07 02:30:00,1772821800,32923.0,32964.0,32876.0,32940.0,1755.0
2026-03-07 02:45:00,1772822700,32944.0,32962.0,32865.0,32891.0,1196.0
2026-03-07 03:00:00,1772823600,32896.0,32941.0,32833.0,32934.0,1499.0
2026-03-07 03:15:00,1772824500,32927.0,32938.0,32840.0,32929.0,1458.0
2026-03-07 03:30:00,1772825400,32927.0,32956.0,32884.0,32896.0,1215.0
2026-03-07 03:45:00,1772826300,32896.0,32914.0,32856.0,32907.0,947.0
2026-03-07 04:00:00,1772827200,32902.0,32975.0,32821.0,32855.0,1854.0
2026-03-07 04:15:00,1772828100,32851.0,32872.0,32658.0,32661.0,2915.0
2026-03-07 04:30:00,1772829000,32666.0,32786.0,32490.0,32645.0,7451.0
2026-03-07 04:45:00,1772829900,32646.0,32720.0,32623.0,32657.0,2732.0
2026-03-09 08:45:00,1773017100,31731.0,31795.0,31126.0,31483.0,41398.0
2026-03-09 09:00:00,1773018000,31486.0,31850.0,31269.0,31817.0,29701.0
2026-03-09 09:15:00,1773018900,31816.0,31892.0,31538.0,31543.0,21870.0
2026-03-09 09:30:00,1773019800,31544.0,31744.0,31488.0,31591.0,14853.0
2026-03-09 09:45:00,1773020700,31596.0,31619.0,31400.0,31425.0,12776.0
2026-03-09 10:00:00,1773021600,31425.0,31830.0,31401.0,31615.0,13994.0
2026-03-09 10:15:00,1773022500,31615.0,31649.0,31489.0,31597.0,8533.0
2026-03-09 10:30:00,1773023400,31597.0,31723.0,31481.0,31679.0,7946.0
2026-03-09 10:45:00,1773024300,31679.0,31850.0,31636.0,31740.0,8964.0
2026-03-09 11:00:00,1773025200,31738.0,31800.0,31680.0,31799.0,5374.0
2026-03-09 11:15:00,1773026100,31796.0,31972.0,31739.0,31742.0,11536.0
2026-03-09 11:30:00,1773027000,31740.0,31829.0,31677.0,31681.0,5975.0
2026-03-09 11:45:00,1773027900,31681.0,31749.0,31657.0,31709.0,4623.0
2026-03-09 12:00:00,1773028800,31710.0,31806.0,31708.0,31722.0,4111.0
2026-03-09 12:15:00,1773029700,31721.0,31830.0,31706.0,31816.0,3318.0
2026-03-09 12:30:00,1773030600,31817.0,31841.0,31721.0,31726.0,3767.0
2026-03-09 12:45:00,1773031500,31728.0,31788.0,31710.0,31751.0,3117.0
2026-03-09 13:00:00,1773032400,31750.0,31860.0,31716.0,31825.0,5062.0
2026-03-09 13:15:00,1773033300,31817.0,32026.0,31756.0,31988.0,10100.0
2026-03-09 13:30:00,1773034200,31989.0,32108.0,31767.0,31795.0,10775.0
2026-03-09 13:45:00,1773035100,31798.0,31798.0,31798.0,31798.0,1.0
2026-03-09 15:00:00,1773039600,31913.0,31965.0,31761.0,31936.0,8102.0
2026-03-09 15:15:00,1773040500,31933.0,32048.0,31863.0,32006.0,5413.0
2026-03-09 15:30:00,1773041400,32008.0,32037.0,31954.0,31996.0,3479.0
2026-03-09 15:45:00,1773042300,31993.0,32009.0,31905.0,31970.0,3795.0
2026-03-09 16:00:00,1773043200,31969.0,32035.0,31912.0,31944.0,5048.0
2026-03-09 16:15:00,1773044100,31941.0,32015.0,31823.0,31953.0,5399.0
2026-03-09 16:30:00,1773045000,31950.0,32033.0,31929.0,31957.0,3389.0
2026-03-09 16:45:00,1773045900,31957.0,32041.0,31933.0,32004.0,2602.0
2026-03-09 17:00:00,1773046800,32009.0,32032.0,31942.0,32011.0,2778.0
2026-03-09 17:15:00,1773047700,32010.0,32331.0,32001.0,32317.0,10754.0
2026-03-09 17:30:00,1773048600,32321.0,32450.0,32244.0,32416.0,8303.0
2026-03-09 17:45:00,1773049500,32415.0,32445.0,32272.0,32292.0,5051.0
2026-03-09 18:00:00,1773050400,32291.0,32319.0,32182.0,32194.0,4195.0
2026-03-09 18:15:00,1773051300,32196.0,32235.0,32110.0,32120.0,4331.0
2026-03-09 18:30:00,1773052200,32121.0,32187.0,32037.0,32166.0,5369.0
2026-03-09 18:45:00,1773053100,32160.0,32162.0,32062.0,32133.0,3242.0
2026-03-09 19:00:00,1773054000,32136.0,32238.0,32130.0,32172.0,3245.0
2026-03-09 19:15:00,1773054900,32169.0,32186.0,32112.0,32118.0,2171.0
2026-03-09 19:30:00,1773055800,32119.0,32217.0,32105.0,32167.0,2374.0
2026-03-09 19:45:00,1773056700,32161.0,32222.0,32157.0,32186.0,1478.0
2026-03-09 20:00:00,1773057600,32188.0,32323.0,32184.0,32268.0,3969.0
2026-03-09 20:15:00,1773058500,32266.0,32316.0,32261.0,32294.0,2189.0
2026-03-09 20:30:00,1773059400,32292.0,32306.0,32172.0,32179.0,2690.0
2026-03-09 20:45:00,1773060300,32178.0,32225.0,32130.0,32222.0,2864.0
2026-03-09 21:00:00,1773061200,32222.0,32329.0,32216.0,32317.0,3083.0
2026-03-09 21:15:00,1773062100,32314.0,32323.0,32238.0,32301.0,2362.0
2026-03-09 21:30:00,1773063000,32300.0,32394.0,32196.0,32256.0,9538.0
2026-03-09 21:45:00,1773063900,32258.0,32312.0,32065.0,32231.0,9676.0
2026-03-09 22:00:00,1773064800,32222.0,32337.0,32040.0,32153.0,10714.0
2026-03-09 22:15:00,1773065700,32157.0,32299.0,32141.0,32204.0,7738.0
2026-03-09 22:30:00,1773066600,32204.0,32419.0,32199.0,32411.0,8616.0
2026-03-09 22:45:00,1773067500,32411.0,32483.0,32386.0,32407.0,8929.0
2026-03-09 23:00:00,1773068400,32403.0,32542.0,32402.0,32520.0,7159.0
2026-03-09 23:15:00,1773069300,32520.0,32602.0,32446.0,32596.0,6807.0
2026-03-09 23:30:00,1773070200,32594.0,32594.0,32504.0,32528.0,3530.0
2026-03-09 23:45:00,1773071100,32530.0,32640.0,32505.0,32582.0,4852.0
2026-03-10 00:00:00,1773072000,32583.0,32672.0,32579.0,32636.0,4342.0
2026-03-10 00:15:00,1773072900,32636.0,32749.0,32585.0,32704.0,5295.0
2026-03-10 00:30:00,1773073800,32705.0,32762.0,32662.0,32744.0,3689.0
2026-03-10 00:45:00,1773074700,32749.0,32774.0,32739.0,32755.0,2110.0
2026-03-10 01:00:00,1773075600,32755.0,32757.0,32651.0,32685.0,2443.0
2026-03-10 01:15:00,1773076500,32685.0,32685.0,32550.0,32574.0,3118.0
2026-03-10 01:30:00,1773077400,32575.0,32597.0,32520.0,32549.0,1775.0
2026-03-10 01:45:00,1773078300,32550.0,32660.0,32541.0,32645.0,1945.0
2026-03-10 02:00:00,1773079200,32643.0,32739.0,32641.0,32723.0,2294.0
2026-03-10 02:15:00,1773080100,32724.0,32800.0,32696.0,32739.0,2883.0
2026-03-10 02:30:00,1773081000,32738.0,32760.0,32645.0,32719.0,1379.0
2026-03-10 02:45:00,1773081900,32724.0,32744.0,32656.0,32668.0,735.0
2026-03-10 03:00:00,1773082800,32675.0,32731.0,32652.0,32694.0,667.0
2026-03-10 03:15:00,1773083700,32696.0,33300.0,32692.0,33280.0,9565.0
2026-03-10 03:30:00,1773084600,33280.0,33529.0,32979.0,33275.0,12227.0
2026-03-10 03:45:00,1773085500,33272.0,33274.0,33111.0,33272.0,3095.0
2026-03-10 04:00:00,1773086400,33263.0,33310.0,33108.0,33183.0,2029.0
2026-03-10 04:15:00,1773087300,33184.0,33250.0,33121.0,33250.0,1267.0
2026-03-10 04:30:00,1773088200,33250.0,33400.0,33226.0,33374.0,1802.0
2026-03-10 04:45:00,1773089100,33367.0,33422.0,33367.0,33403.0,1342.0
2026-03-10 08:45:00,1773103500,33268.0,33330.0,33018.0,33036.0,17990.0
2026-03-10 09:00:00,1773104400,33042.0,33149.0,32913.0,33115.0,19024.0
2026-03-10 09:15:00,1773105300,33119.0,33144.0,32969.0,33022.0,11836.0
2026-03-10 09:30:00,1773106200,33020.0,33100.0,32932.0,33082.0,9301.0
2026-03-10 09:45:00,1773107100,33081.0,33252.0,33041.0,33210.0,12013.0
2026-03-10 10:00:00,1773108000,33210.0,33270.0,33144.0,33190.0,8647.0
2026-03-10 10:15:00,1773108900,33189.0,33195.0,33092.0,33150.0,4704.0
2026-03-10 10:30:00,1773109800,33149.0,33199.0,33049.0,33056.0,8165.0
2026-03-10 10:45:00,1773110700,33053.0,33079.0,32771.0,32808.0,15408.0
2026-03-10 11:00:00,1773111600,32811.0,32885.0,32716.0,32724.0,10772.0
2026-03-10 11:15:00,1773112500,32721.0,32795.0,32626.0,32640.0,11470.0
2026-03-10 11:30:00,1773113400,32635.0,32650.0,32459.0,32509.0,13997.0
2026-03-10 11:45:00,1773114300,32508.0,32560.0,32374.0,32493.0,13995.0
2026-03-10 12:00:00,1773115200,32500.0,32558.0,32408.0,32538.0,8540.0
2026-03-10 12:15:00,1773116100,32536.0,32709.0,32517.0,32667.0,9494.0
2026-03-10 12:30:00,1773117000,32666.0,32748.0,32590.0,32651.0,7813.0
2026-03-10 12:45:00,1773117900,32651.0,32695.0,32581.0,32672.0,4903.0
2026-03-10 13:00:00,1773118800,32667.0,32860.0,32665.0,32810.0,8633.0
2026-03-10 13:15:00,1773119700,32809.0,32820.0,32728.0,32764.0,4649.0
2026-03-10 13:30:00,1773120600,32765.0,32807.0,32667.0,32703.0,7643.0
2026-03-10 15:00:00,1773126000,32788.0,32943.0,32713.0,32847.0,7811.0
2026-03-10 15:15:00,1773126900,32846.0,33119.0,32842.0,33062.0,7554.0
2026-03-10 15:30:00,1773127800,33061.0,33185.0,33032.0,33140.0,5567.0
2026-03-10 15:45:00,1773128700,33140.0,33191.0,33104.0,33181.0,3868.0
2026-03-10 16:00:00,1773129600,33181.0,33256.0,33147.0,33208.0,5698.0
2026-03-10 16:15:00,1773130500,33208.0,33280.0,33162.0,33263.0,4321.0
2026-03-10 16:30:00,1773131400,33264.0,33318.0,33244.0,33277.0,3797.0
2026-03-10 16:45:00,1773132300,33279.0,33296.0,33177.0,33194.0,4219.0
2026-03-10 17:00:00,1773133200,33197.0,33309.0,33174.0,33288.0,4271.0
2026-03-10 17:15:00,1773134100,33290.0,33294.0,33215.0,33249.0,2071.0
2026-03-10 17:30:00,1773135000,33251.0,33283.0,33233.0,33259.0,1676.0
2026-03-10 17:45:00,1773135900,33257.0,33257.0,33131.0,33162.0,3705.0
2026-03-10 18:00:00,1773136800,33165.0,33175.0,33101.0,33125.0,3524.0
2026-03-10 18:15:00,1773137700,33125.0,33194.0,33076.0,33188.0,3464.0
2026-03-10 18:30:00,1773138600,33190.0,33207.0,33008.0,33050.0,5308.0
2026-03-10 18:45:00,1773139500,33050.0,33104.0,32974.0,33090.0,4505.0
2026-03-10 19:00:00,1773140400,33088.0,33204.0,33015.0,33019.0,6517.0
2026-03-10 19:15:00,1773141300,33021.0,33074.0,32961.0,33049.0,3787.0
2026-03-10 19:30:00,1773142200,33046.0,33060.0,32936.0,32964.0,3223.0
2026-03-10 19:45:00,1773143100,32965.0,32985.0,32901.0,32903.0,3898.0
2026-03-10 20:00:00,1773144000,32904.0,32914.0,32756.0,32835.0,8083.0
2026-03-10 20:15:00,1773144900,32835.0,32884.0,32781.0,32843.0,4809.0
2026-03-10 20:30:00,1773145800,32845.0,32979.0,32791.0,32952.0,5630.0
2026-03-10 20:45:00,1773146700,32954.0,33040.0,32937.0,32942.0,5373.0
2026-03-10 21:00:00,1773147600,32950.0,33016.0,32944.0,32969.0,3280.0
2026-03-10 21:15:00,1773148500,32966.0,33020.0,32948.0,32982.0,2729.0
2026-03-10 21:30:00,1773149400,32978.0,33064.0,32823.0,32934.0,13375.0
2026-03-10 21:45:00,1773150300,32932.0,33011.0,32859.0,32900.0,8306.0
2026-03-10 22:00:00,1773151200,32903.0,32979.0,32712.0,32806.0,12503.0
2026-03-10 22:15:00,1773152100,32807.0,33188.0,32758.0,33086.0,14472.0
2026-03-10 22:30:00,1773153000,33085.0,33224.0,33084.0,33215.0,8644.0
2026-03-10 22:45:00,1773153900,33212.0,33355.0,33160.0,33332.0,10384.0
2026-03-10 23:00:00,1773154800,33330.0,33408.0,33272.0,33274.0,8849.0
2026-03-10 23:15:00,1773155700,33274.0,33357.0,33260.0,33307.0,5024.0
2026-03-10 23:30:00,1773156600,33307.0,33397.0,33279.0,33358.0,4485.0
2026-03-10 23:45:00,1773157500,33358.0,33370.0,33286.0,33332.0,2941.0
2026-03-11 00:00:00,1773158400,33328.0,33333.0,33123.0,33205.0,8309.0
2026-03-11 00:15:00,1773159300,33202.0,33306.0,33179.0,33237.0,3949.0
2026-03-11 00:30:00,1773160200,33242.0,33343.0,33242.0,33298.0,3191.0
2026-03-11 00:45:00,1773161100,33296.0,33342.0,33214.0,33319.0,2929.0
2026-03-11 01:00:00,1773162000,33316.0,33480.0,33308.0,33404.0,6385.0
2026-03-11 01:15:00,1773162900,33406.0,33500.0,33402.0,33492.0,3277.0
2026-03-11 01:30:00,1773163800,33488.0,33499.0,33262.0,33338.0,5533.0
2026-03-11 01:45:00,1773164700,33340.0,33469.0,33322.0,33451.0,2542.0
2026-03-11 02:00:00,1773165600,33451.0,33462.0,33230.0,33255.0,3095.0
2026-03-11 02:15:00,1773166500,33253.0,33265.0,33017.0,33172.0,8630.0
2026-03-11 02:30:00,1773167400,33176.0,33215.0,33074.0,33123.0,3247.0
2026-03-11 02:45:00,1773168300,33120.0,33183.0,33075.0,33086.0,1561.0
2026-03-11 03:00:00,1773169200,33086.0,33163.0,33059.0,33159.0,1952.0
2026-03-11 03:15:00,1773170100,33160.0,33202.0,33047.0,33050.0,1959.0
2026-03-11 03:30:00,1773171000,33051.0,33167.0,32961.0,33028.0,3269.0
2026-03-11 03:45:00,1773171900,33036.0,33057.0,32986.0,33034.0,1375.0
2026-03-11 04:00:00,1773172800,33039.0,33074.0,32998.0,33066.0,1169.0
2026-03-11 04:15:00,1773173700,33066.0,33108.0,33047.0,33099.0,544.0
2026-03-11 04:30:00,1773174600,33097.0,33105.0,33073.0,33086.0,330.0
2026-03-11 04:45:00,1773175500,33086.0,33104.0,33084.0,33103.0,409.0
2026-03-11 08:45:00,1773189900,33329.0,33461.0,33289.0,33365.0,13018.0
2026-03-11 09:00:00,1773190800,33363.0,33564.0,33276.0,33564.0,19071.0
2026-03-11 09:15:00,1773191700,33564.0,33685.0,33550.0,33626.0,15492.0
2026-03-11 09:30:00,1773192600,33623.0,33699.0,33561.0,33678.0,9871.0
2026-03-11 09:45:00,1773193500,33677.0,33708.0,33612.0,33681.0,7237.0
2026-03-11 10:00:00,1773194400,33681.0,33705.0,33575.0,33649.0,6493.0
2026-03-11 10:15:00,1773195300,33647.0,33855.0,33644.0,33806.0,11257.0
2026-03-11 10:30:00,1773196200,33808.0,33843.0,33755.0,33842.0,5720.0
2026-03-11 10:45:00,1773197100,33842.0,33961.0,33826.0,33942.0,9267.0
2026-03-11 11:00:00,1773198000,33942.0,34058.0,33928.0,34058.0,7853.0
2026-03-11 11:15:00,1773198900,34057.0,34063.0,33950.0,33994.0,6864.0
2026-03-11 11:30:00,1773199800,33992.0,34184.0,33983.0,34113.0,10147.0
2026-03-11 11:45:00,1773200700,34114.0,34178.0,34108.0,34152.0,4543.0
2026-03-11 12:00:00,1773201600,34152.0,34155.0,34112.0,34148.0,2615.0
2026-03-11 12:15:00,1773202500,34147.0,34180.0,34136.0,34136.0,2965.0
2026-03-11 12:30:00,1773203400,34136.0,34156.0,34115.0,34127.0,2233.0
2026-03-11 12:45:00,1773204300,34127.0,34143.0,34103.0,34125.0,2738.0
2026-03-11 13:00:00,1773205200,34126.0,34155.0,33982.0,34029.0,8487.0
2026-03-11 13:15:00,1773206100,34027.0,34072.0,33986.0,34051.0,5957.0
2026-03-11 13:30:00,1773207000,34053.0,34071.0,33986.0,33986.0,7420.0
2026-03-11 13:45:00,1773207900,33986.0,33986.0,33986.0,33986.0,1.0
2026-03-11 15:00:00,1773212400,33948.0,33957.0,33761.0,33882.0,9440.0
2026-03-11 15:15:00,1773213300,33882.0,33886.0,33769.0,33794.0,4095.0
2026-03-11 15:30:00,1773214200,33793.0,33802.0,33674.0,33728.0,6579.0
2026-03-11 15:45:00,1773215100,33724.0,33835.0,33706.0,33779.0,4862.0
2026-03-11 16:00:00,1773216000,33780.0,33827.0,33756.0,33826.0,3734.0
2026-03-11 16:15:00,1773216900,33824.0,33834.0,33754.0,33768.0,3062.0
2026-03-11 16:30:00,1773217800,33769.0,33807.0,33705.0,33760.0,3164.0
2026-03-11 16:45:00,1773218700,33754.0,33776.0,33630.0,33695.0,5735.0
2026-03-11 17:00:00,1773219600,33698.0,33706.0,33577.0,33603.0,4713.0
2026-03-11 17:15:00,1773220500,33603.0,33673.0,33555.0,33555.0,3507.0
2026-03-11 17:30:00,1773221400,33555.0,33621.0,33547.0,33590.0,2980.0
2026-03-11 17:45:00,1773222300,33591.0,33633.0,33522.0,33537.0,2977.0
2026-03-11 18:00:00,1773223200,33538.0,33722.0,33529.0,33715.0,5494.0
2026-03-11 18:15:00,1773224100,33714.0,33761.0,33706.0,33745.0,3809.0
2026-03-11 18:30:00,1773225000,33745.0,33867.0,33730.0,33858.0,4966.0
2026-03-11 18:45:00,1773225900,33858.0,33865.0,33804.0,33815.0,2320.0
2026-03-11 19:00:00,1773226800,33813.0,33848.0,33754.0,33795.0,3464.0
2026-03-11 19:15:00,1773227700,33797.0,33823.0,33641.0,33662.0,4845.0
2026-03-11 19:30:00,1773228600,33662.0,33733.0,33657.0,33680.0,2878.0
2026-03-11 19:45:00,1773229500,33683.0,33694.0,33595.0,33631.0,4455.0
2026-03-11 20:00:00,1773230400,33632.0,33675.0,33604.0,33656.0,2379.0
2026-03-11 20:15:00,1773231300,33655.0,33755.0,33645.0,33747.0,3571.0
2026-03-11 20:30:00,1773232200,33745.0,33795.0,33555.0,33590.0,7321.0
2026-03-11 20:45:00,1773233100,33590.0,33627.0,33542.0,33614.0,3474.0
2026-03-11 21:00:00,1773234000,33615.0,33682.0,33607.0,33618.0,3632.0
2026-03-11 21:15:00,1773234900,33622.0,33707.0,33619.0,33706.0,2446.0
2026-03-11 21:30:00,1773235800,33708.0,33825.0,33632.0,33713.0,10649.0
2026-03-11 21:45:00,1773236700,33712.0,33844.0,33661.0,33817.0,8043.0
2026-03-11 22:00:00,1773237600,33811.0,33931.0,33784.0,33909.0,12086.0
2026-03-11 22:15:00,1773238500,33906.0,33924.0,33748.0,33829.0,8842.0
2026-03-11 22:30:00,1773239400,33832.0,33918.0,33760.0,33908.0,6985.0
2026-03-11 22:45:00,1773240300,33908.0,33996.0,33882.0,33974.0,7773.0
2026-03-11 23:00:00,1773241200,33972.0,34006.0,33809.0,33842.0,6873.0
2026-03-11 23:15:00,1773242100,33841.0,33864.0,33739.0,33743.0,6578.0
2026-03-11 23:30:00,1773243000,33740.0,33786.0,33685.0,33707.0,5689.0
2026-03-11 23:45:00,1773243900,33706.0,33768.0,33671.0,33697.0,4112.0
2026-03-12 00:00:00,1773244800,33698.0,33733.0,33621.0,33728.0,4770.0
2026-03-12 00:15:00,1773245700,33729.0,33738.0,33661.0,33721.0,2813.0
2026-03-12 00:30:00,1773246600,33721.0,33821.0,33716.0,33776.0,4060.0
2026-03-12 00:45:00,1773247500,33776.0,33829.0,33763.0,33827.0,1681.0
2026-03-12 01:00:00,1773248400,33826.0,33858.0,33773.0,33780.0,1893.0
2026-03-12 01:15:00,1773249300,33779.0,33832.0,33732.0,33815.0,1621.0
2026-03-12 01:30:00,1773250200,33816.0,33827.0,33590.0,33700.0,4007.0
2026-03-12 01:45:00,1773251100,33701.0,33766.0,33659.0,33705.0,2103.0
2026-03-12 02:00:00,1773252000,33702.0,33714.0,33581.0,33642.0,1965.0
2026-03-12 02:15:00,1773252900,33643.0,33698.0,33615.0,33687.0,1860.0
2026-03-12 02:30:00,1773253800,33682.0,33732.0,33679.0,33709.0,957.0
2026-03-12 02:45:00,1773254700,33710.0,33748.0,33676.0,33714.0,820.0
2026-03-12 03:00:00,1773255600,33715.0,33717.0,33661.0,33681.0,576.0
2026-03-12 03:15:00,1773256500,33682.0,33745.0,33675.0,33721.0,535.0
2026-03-12 03:30:00,1773257400,33721.0,33834.0,33713.0,33831.0,1201.0
2026-03-12 03:45:00,1773258300,33830.0,33837.0,33783.0,33801.0,673.0
2026-03-12 04:00:00,1773259200,33801.0,33818.0,33720.0,33746.0,854.0
2026-03-12 04:15:00,1773260100,33747.0,33784.0,33744.0,33782.0,168.0
2026-03-12 04:30:00,1773261000,33779.0,33796.0,33767.0,33768.0,248.0
2026-03-12 04:45:00,1773261900,33770.0,33777.0,33703.0,33721.0,573.0
2026-03-12 08:45:00,1773276300,33668.0,33675.0,33460.0,33604.0,13858.0
2026-03-12 09:00:00,1773277200,33600.0,33715.0,33566.0,33614.0,13153.0
2026-03-12 09:15:00,1773278100,33614.0,33814.0,33608.0,33814.0,11023.0
2026-03-12 09:30:00,1773279000,33814.0,33937.0,33789.0,33865.0,11150.0
2026-03-12 09:45:00,1773279900,33863.0,33897.0,33642.0,33709.0,12849.0
2026-03-12 10:00:00,1773280800,33709.0,33711.0,33586.0,33599.0,9584.0
2026-03-12 10:15:00,1773281700,33600.0,33673.0,33555.0,33610.0,7446.0
2026-03-12 10:30:00,1773282600,33608.0,33627.0,33350.0,33402.0,16247.0
2026-03-12 10:45:00,1773283500,33399.0,33475.0,33325.0,33449.0,11147.0
2026-03-12 11:00:00,1773284400,33447.0,33547.0,33426.0,33478.0,6815.0
2026-03-12 11:15:00,1773285300,33476.0,33546.0,33472.0,33494.0,4308.0
2026-03-12 11:30:00,1773286200,33495.0,33508.0,33422.0,33462.0,4191.0
2026-03-12 11:45:00,1773287100,33461.0,33533.0,33449.0,33506.0,3367.0
2026-03-12 12:00:00,1773288000,33506.0,33538.0,33430.0,33487.0,3448.0
2026-03-12 12:15:00,1773288900,33486.0,33583.0,33463.0,33569.0,4134.0
2026-03-12 12:30:00,1773289800,33565.0,33571.0,33402.0,33407.0,4976.0
2026-03-12 12:45:00,1773290700,33407.0,33465.0,33397.0,33428.0,2661.0
2026-03-12 13:00:00,1773291600,33428.0,33534.0,33425.0,33516.0,4746.0
2026-03-12 13:15:00,1773292500,33518.0,33533.0,33461.0,33481.0,2722.0
2026-03-12 13:30:00,1773293400,33478.0,33546.0,33450.0,33524.0,5098.0
2026-03-12 15:00:00,1773298800,33623.0,33777.0,33620.0,33694.0,8267.0
2026-03-12 15:15:00,1773299700,33695.0,33734.0,33679.0,33706.0,2508.0
2026-03-12 15:30:00,1773300600,33705.0,33708.0,33605.0,33651.0,3648.0
2026-03-12 15:45:00,1773301500,33650.0,33725.0,33608.0,33725.0,2911.0
2026-03-12 16:00:00,1773302400,33724.0,33754.0,33686.0,33695.0,2861.0
2026-03-12 16:15:00,1773303300,33695.0,33729.0,33662.0,33662.0,1700.0
2026-03-12 16:30:00,1773304200,33664.0,33694.0,33616.0,33675.0,2223.0
2026-03-12 16:45:00,1773305100,33678.0,33720.0,33654.0,33696.0,1683.0
2026-03-12 17:00:00,1773306000,33700.0,33713.0,33617.0,33629.0,1836.0
2026-03-12 17:15:00,1773306900,33626.0,33666.0,33584.0,33663.0,2705.0
2026-03-12 17:30:00,1773307800,33666.0,33776.0,33645.0,33762.0,3496.0
2026-03-12 17:45:00,1773308700,33762.0,33830.0,33731.0,33826.0,4001.0
2026-03-12 18:00:00,1773309600,33823.0,33843.0,33782.0,33806.0,2942.0
2026-03-12 18:15:00,1773310500,33805.0,33807.0,33762.0,33775.0,1366.0
2026-03-12 18:30:00,1773311400,33780.0,33818.0,33766.0,33780.0,1291.0
2026-03-12 18:45:00,1773312300,33778.0,33798.0,33736.0,33771.0,1475.0
2026-03-12 19:00:00,1773313200,33764.0,33767.0,33716.0,33716.0,1744.0
2026-03-12 19:15:00,1773314100,33720.0,33776.0,33719.0,33775.0,1665.0
2026-03-12 19:30:00,1773315000,33773.0,33821.0,33773.0,33801.0,1979.0
2026-03-12 19:45:00,1773315900,33802.0,33804.0,33690.0,33696.0,2535.0
2026-03-12 20:00:00,1773316800,33699.0,33715.0,33621.0,33670.0,3945.0
2026-03-12 20:15:00,1773317700,33670.0,33699.0,33651.0,33694.0,1942.0
2026-03-12 20:30:00,1773318600,33693.0,33700.0,33635.0,33654.0,2292.0
2026-03-12 20:45:00,1773319500,33657.0,33662.0,33592.0,33630.0,3127.0
2026-03-12 21:00:00,1773320400,33632.0,33684.0,33575.0,33582.0,3089.0
2026-03-12 21:15:00,1773321300,33581.0,33590.0,33247.0,33386.0,14603.0
2026-03-12 21:30:00,1773322200,33388.0,33471.0,33254.0,33262.0,12928.0
2026-03-12 21:45:00,1773323100,33261.0,33262.0,33004.0,33035.0,18980.0
2026-03-12 22:00:00,1773324000,33035.0,33162.0,33013.0,33073.0,12067.0
2026-03-12 22:15:00,1773324900,33078.0,33088.0,32785.0,32800.0,14770.0
2026-03-12 22:30:00,1773325800,32797.0,32853.0,32714.0,32817.0,13137.0
2026-03-12 22:45:00,1773326700,32817.0,32917.0,32685.0,32733.0,11917.0
2026-03-12 23:00:00,1773327600,32728.0,32761.0,32559.0,32612.0,11004.0
2026-03-12 23:15:00,1773328500,32612.0,32786.0,32573.0,32743.0,10217.0
2026-03-12 23:30:00,1773329400,32742.0,32874.0,32669.0,32813.0,12077.0
2026-03-12 23:45:00,1773330300,32812.0,32843.0,32741.0,32797.0,5875.0
2026-03-13 00:00:00,1773331200,32796.0,32836.0,32643.0,32748.0,7008.0
2026-03-13 00:15:00,1773332100,32746.0,32849.0,32722.0,32736.0,4913.0
2026-03-13 00:30:00,1773333000,32735.0,32831.0,32711.0,32810.0,3577.0
2026-03-13 00:45:00,1773333900,32805.0,32818.0,32720.0,32755.0,2710.0
2026-03-13 01:00:00,1773334800,32754.0,32808.0,32727.0,32736.0,2059.0
2026-03-13 01:15:00,1773335700,32734.0,32774.0,32705.0,32721.0,1925.0
2026-03-13 01:30:00,1773336600,32721.0,32778.0,32712.0,32717.0,1228.0
2026-03-13 01:45:00,1773337500,32717.0,32726.0,32632.0,32681.0,2217.0
2026-03-13 02:00:00,1773338400,32681.0,32755.0,32674.0,32734.0,1400.0
2026-03-13 02:15:00,1773339300,32737.0,32752.0,32666.0,32684.0,944.0
2026-03-13 02:30:00,1773340200,32684.0,32697.0,32595.0,32611.0,1399.0
2026-03-13 02:45:00,1773341100,32616.0,32655.0,32581.0,32588.0,1240.0
2026-03-13 03:00:00,1773342000,32587.0,32628.0,32503.0,32614.0,3951.0
2026-03-13 03:15:00,1773342900,32615.0,32713.0,32615.0,32709.0,1722.0
2026-03-13 03:30:00,1773343800,32710.0,32797.0,32662.0,32701.0,2323.0
2026-03-13 03:45:00,1773344700,32694.0,32701.0,32580.0,32594.0,1374.0
2026-03-13 04:00:00,1773345600,32594.0,32659.0,32525.0,32532.0,1356.0
2026-03-13 04:15:00,1773346500,32534.0,32567.0,32481.0,32535.0,1998.0
2026-03-13 04:30:00,1773347400,32536.0,32560.0,32507.0,32516.0,658.0
2026-03-13 04:45:00,1773348300,32519.0,32531.0,32436.0,32436.0,1633.0
2026-03-13 08:45:00,1773362700,32654.0,32888.0,32650.0,32865.0,14367.0
2026-03-13 09:00:00,1773363600,32865.0,33137.0,32857.0,33066.0,20793.0
2026-03-13 09:15:00,1773364500,33064.0,33258.0,33061.0,33197.0,14351.0
2026-03-13 09:30:00,1773365400,33197.0,33322.0,33084.0,33134.0,14674.0
2026-03-13 09:45:00,1773366300,33135.0,33312.0,33026.0,33310.0,13990.0
2026-03-13 10:00:00,1773367200,33309.0,33513.0,33303.0,33402.0,15933.0
2026-03-13 10:15:00,1773368100,33403.0,33418.0,33217.0,33236.0,10542.0
2026-03-13 10:30:00,1773369000,33233.0,33352.0,33224.0,33257.0,6579.0
2026-03-13 10:45:00,1773369900,33258.0,33370.0,33250.0,33325.0,4856.0
2026-03-13 11:00:00,1773370800,33322.0,33428.0,33297.0,33313.0,6153.0
2026-03-13 11:15:00,1773371700,33312.0,33343.0,33258.0,33303.0,4263.0
2026-03-13 11:30:00,1773372600,33303.0,33338.0,33234.0,33325.0,3863.0
2026-03-13 11:45:00,1773373500,33325.0,33398.0,33325.0,33351.0,3262.0
2026-03-13 12:00:00,1773374400,33352.0,33363.0,33291.0,33293.0,2433.0
2026-03-13 12:15:00,1773375300,33294.0,33307.0,33157.0,33176.0,5764.0
2026-03-13 12:30:00,1773376200,33175.0,33251.0,33133.0,33251.0,5322.0
2026-03-13 12:45:00,1773377100,33250.0,33308.0,33218.0,33262.0,4100.0
2026-03-13 13:00:00,1773378000,33261.0,33293.0,33199.0,33217.0,3172.0
2026-03-13 13:15:00,1773378900,33216.0,33322.0,33207.0,33308.0,3750.0
2026-03-13 13:30:00,1773379800,33306.0,33353.0,33291.0,33314.0,4633.0
2026-03-13 15:00:00,1773385200,33055.0,33100.0,32934.0,32949.0,9468.0
2026-03-13 15:15:00,1773386100,32949.0,32949.0,32802.0,32900.0,7880.0
2026-03-13 15:30:00,1773387000,32900.0,32947.0,32853.0,32856.0,4170.0
2026-03-13 15:45:00,1773387900,32855.0,32888.0,32753.0,32826.0,4850.0
2026-03-13 16:00:00,1773388800,32830.0,32835.0,32692.0,32733.0,5455.0
2026-03-13 16:15:00,1773389700,32729.0,32762.0,32679.0,32748.0,3649.0
2026-03-13 16:30:00,1773390600,32747.0,32907.0,32742.0,32849.0,5816.0
2026-03-13 16:45:00,1773391500,32853.0,33010.0,32822.0,32938.0,6227.0
2026-03-13 17:00:00,1773392400,32936.0,33076.0,32889.0,32923.0,6367.0
2026-03-13 17:15:00,1773393300,32924.0,32975.0,32895.0,32952.0,2482.0
2026-03-13 17:30:00,1773394200,32954.0,32967.0,32888.0,32946.0,2129.0
2026-03-13 17:45:00,1773395100,32945.0,33042.0,32933.0,32970.0,2937.0
2026-03-13 18:00:00,1773396000,32969.0,33136.0,32959.0,33127.0,4766.0
2026-03-13 18:15:00,1773396900,33127.0,33196.0,33083.0,33109.0,4013.0
2026-03-13 18:30:00,1773397800,33110.0,33116.0,33057.0,33084.0,2076.0
2026-03-13 18:45:00,1773398700,33082.0,33245.0,33064.0,33241.0,4979.0
2026-03-13 19:00:00,1773399600,33238.0,33275.0,33150.0,33177.0,4415.0
2026-03-13 19:15:00,1773400500,33180.0,33270.0,33162.0,33196.0,2489.0
2026-03-13 19:30:00,1773401400,33195.0,33227.0,33172.0,33227.0,1662.0
2026-03-13 19:45:00,1773402300,33225.0,33244.0,33180.0,33234.0,1555.0
2026-03-13 20:00:00,1773403200,33230.0,33267.0,33139.0,33186.0,2906.0
2026-03-13 20:15:00,1773404100,33185.0,33232.0,33102.0,33203.0,3139.0
2026-03-13 20:30:00,1773405000,33203.0,33252.0,33154.0,33213.0,2424.0
2026-03-13 20:45:00,1773405900,33212.0,33398.0,33209.0,33397.0,9060.0
2026-03-13 21:00:00,1773406800,33398.0,33465.0,33315.0,33381.0,6228.0
2026-03-13 21:15:00,1773407700,33383.0,33442.0,33361.0,33427.0,2517.0
2026-03-13 21:30:00,1773408600,33423.0,33606.0,33355.0,33606.0,12546.0
2026-03-13 21:45:00,1773409500,33602.0,33660.0,33465.0,33482.0,11112.0
2026-03-13 22:00:00,1773410400,33483.0,33530.0,33356.0,33379.0,9478.0
2026-03-13 22:15:00,1773411300,33378.0,33395.0,33226.0,33329.0,11697.0
2026-03-13 22:30:00,1773412200,33329.0,33433.0,33154.0,33159.0,10397.0
2026-03-13 22:45:00,1773413100,33159.0,33180.0,33005.0,33028.0,11897.0
2026-03-13 23:00:00,1773414000,33030.0,33265.0,33010.0,33234.0,10091.0
2026-03-13 23:15:00,1773414900,33234.0,33242.0,33044.0,33082.0,8079.0
2026-03-13 23:30:00,1773415800,33082.0,33155.0,32832.0,32900.0,11018.0
2026-03-13 23:45:00,1773416700,32896.0,33066.0,32872.0,32910.0,8689.0
2026-03-14 00:00:00,1773417600,32910.0,33045.0,32905.0,32968.0,6586.0
2026-03-14 00:15:00,1773418500,32976.0,32996.0,32904.0,32958.0,3889.0
2026-03-14 00:30:00,1773419400,32955.0,33099.0,32950.0,33005.0,5048.0
2026-03-14 00:45:00,1773420300,33006.0,33054.0,32920.0,32932.0,3830.0
2026-03-14 01:00:00,1773421200,32934.0,33032.0,32926.0,33029.0,2460.0
2026-03-14 01:15:00,1773422100,33032.0,33064.0,32996.0,33036.0,2370.0
2026-03-14 01:30:00,1773423000,33042.0,33056.0,32968.0,33013.0,1762.0
2026-03-14 01:45:00,1773423900,33011.0,33040.0,32847.0,32854.0,3505.0
2026-03-14 02:00:00,1773424800,32852.0,32893.0,32808.0,32861.0,3135.0
2026-03-14 02:15:00,1773425700,32864.0,32898.0,32799.0,32895.0,2203.0
2026-03-14 02:30:00,1773426600,32897.0,33050.0,32876.0,33009.0,3640.0
2026-03-14 02:45:00,1773427500,33004.0,33027.0,32961.0,32982.0,1246.0
2026-03-14 03:00:00,1773428400,32988.0,32994.0,32932.0,32956.0,938.0
2026-03-14 03:15:00,1773429300,32959.0,32967.0,32820.0,32837.0,1722.0
2026-03-14 03:30:00,1773430200,32834.0,32858.0,32760.0,32823.0,2284.0
2026-03-14 03:45:00,1773431100,32825.0,32944.0,32801.0,32939.0,1327.0
2026-03-14 04:00:00,1773432000,32943.0,32947.0,32802.0,32847.0,1483.0
2026-03-14 04:15:00,1773432900,32847.0,32882.0,32842.0,32879.0,415.0
2026-03-14 04:30:00,1773433800,32877.0,32911.0,32865.0,32875.0,483.0
2026-03-14 04:45:00,1773434700,32876.0,32880.0,32814.0,32850.0,670.0
2026-03-16 08:45:00,1773621900,33413.0,33614.0,33404.0,33580.0,17705.0
2026-03-16 09:00:00,1773622800,33581.0,33725.0,33203.0,33334.0,25750.0
2026-03-16 09:15:00,1773623700,33333.0,33390.0,33138.0,33145.0,14665.0
2026-03-16 09:30:00,1773624600,33149.0,33288.0,33072.0,33230.0,13681.0
2026-03-16 09:45:00,1773625500,33230.0,33455.0,33213.0,33420.0,13186.0
2026-03-16 10:00:00,1773626400,33425.0,33468.0,33324.0,33420.0,8903.0
2026-03-16 10:15:00,1773627300,33424.0,33435.0,33265.0,33357.0,7801.0
2026-03-16 10:30:00,1773628200,33357.0,33362.0,33209.0,33235.0,6539.0
2026-03-16 10:45:00,1773629100,33231.0,33343.0,33221.0,33277.0,5629.0
2026-03-16 11:00:00,1773630000,33278.0,33342.0,33256.0,33342.0,3965.0
2026-03-16 11:15:00,1773630900,33339.0,33383.0,33275.0,33364.0,4654.0
2026-03-16 11:30:00,1773631800,33362.0,33547.0,33360.0,33534.0,8424.0
2026-03-16 11:45:00,1773632700,33536.0,33571.0,33446.0,33467.0,5862.0
2026-03-16 12:00:00,1773633600,33468.0,33500.0,33453.0,33488.0,2244.0
2026-03-16 12:15:00,1773634500,33485.0,33515.0,33408.0,33417.0,3411.0
2026-03-16 12:30:00,1773635400,33419.0,33419.0,33285.0,33300.0,5693.0
2026-03-16 12:45:00,1773636300,33301.0,33309.0,33250.0,33259.0,4253.0
2026-03-16 13:00:00,1773637200,33258.0,33317.0,33258.0,33295.0,3584.0
2026-03-16 13:15:00,1773638100,33294.0,33298.0,33223.0,33264.0,3504.0
2026-03-16 13:30:00,1773639000,33263.0,33284.0,33219.0,33253.0,3483.0
2026-03-16 15:00:00,1773644400,33368.0,33427.0,33282.0,33285.0,5246.0
2026-03-16 15:15:00,1773645300,33285.0,33318.0,33122.0,33157.0,4756.0
2026-03-16 15:30:00,1773646200,33160.0,33187.0,33104.0,33133.0,4228.0
2026-03-16 15:45:00,1773647100,33134.0,33218.0,33116.0,33205.0,2973.0
2026-03-16 16:00:00,1773648000,33202.0,33344.0,33191.0,33239.0,5265.0
2026-03-16 16:15:00,1773648900,33237.0,33296.0,33194.0,33245.0,3200.0
2026-03-16 16:30:00,1773649800,33245.0,33290.0,33200.0,33204.0,2170.0
2026-03-16 16:45:00,1773650700,33209.0,33287.0,33180.0,33270.0,2375.0
2026-03-16 17:00:00,1773651600,33272.0,33312.0,33201.0,33280.0,2335.0
2026-03-16 17:15:00,1773652500,33283.0,33298.0,33240.0,33271.0,1772.0
2026-03-16 17:30:00,1773653400,33265.0,33269.0,33211.0,33238.0,1601.0
2026-03-16 17:45:00,1773654300,33237.0,33296.0,33221.0,33245.0,1726.0
2026-03-16 18:00:00,1773655200,33249.0,33340.0,33245.0,33338.0,2046.0
2026-03-16 18:15:00,1773656100,33338.0,33397.0,33315.0,33371.0,2638.0
2026-03-16 18:30:00,1773657000,33372.0,33389.0,33331.0,33332.0,1937.0
2026-03-16 18:45:00,1773657900,33334.0,33458.0,33315.0,33452.0,3353.0
2026-03-16 19:00:00,1773658800,33451.0,33452.0,33391.0,33416.0,1860.0
2026-03-16 19:15:00,1773659700,33418.0,33442.0,33391.0,33399.0,1465.0
2026-03-16 19:30:00,1773660600,33402.0,33487.0,33396.0,33473.0,2171.0
2026-03-16 19:45:00,1773661500,33472.0,33482.0,33442.0,33466.0,1100.0
2026-03-16 20:00:00,1773662400,33465.0,33555.0,33463.0,33539.0,2870.0
2026-03-16 20:15:00,1773663300,33539.0,33596.0,33532.0,33592.0,2580.0
2026-03-16 20:30:00,1773664200,33589.0,33639.0,33581.0,33627.0,3269.0
2026-03-16 20:45:00,1773665100,33627.0,33653.0,33555.0,33571.0,2888.0
2026-03-16 21:00:00,1773666000,33572.0,33605.0,33567.0,33577.0,1605.0
2026-03-16 21:15:00,1773666900,33579.0,33593.0,33485.0,33531.0,3190.0
2026-03-16 21:30:00,1773667800,33532.0,33705.0,33521.0,33641.0,9200.0
2026-03-16 21:45:00,1773668700,33641.0,33803.0,33637.0,33793.0,9857.0
2026-03-16 22:00:00,1773669600,33794.0,33827.0,33731.0,33765.0,7014.0
2026-03-16 22:15:00,1773670500,33767.0,33799.0,33704.0,33704.0,3917.0
2026-03-16 22:30:00,1773671400,33708.0,33726.0,33544.0,33604.0,8473.0
2026-03-16 22:45:00,1773672300,33600.0,33732.0,33572.0,33730.0,5918.0
2026-03-16 23:00:00,1773673200,33731.0,33735.0,33650.0,33717.0,4135.0
2026-03-16 23:15:00,1773674100,33716.0,33752.0,33682.0,33726.0,2707.0
2026-03-16 23:30:00,1773675000,33726.0,33757.0,33689.0,33694.0,2182.0
2026-03-16 23:45:00,1773675900,33694.0,33717.0,33633.0,33639.0,2593.0
2026-03-17 00:00:00,1773676800,33639.0,33691.0,33621.0,33663.0,2416.0
2026-03-17 00:15:00,1773677700,33659.0,33688.0,33579.0,33592.0,2671.0
2026-03-17 00:30:00,1773678600,33591.0,33668.0,33566.0,33639.0,2189.0
2026-03-17 00:45:00,1773679500,33640.0,33660.0,33609.0,33623.0,1302.0
2026-03-17 01:00:00,1773680400,33630.0,33710.0,33622.0,33692.0,2353.0
2026-03-17 01:15:00,1773681300,33692.0,33700.0,33664.0,33672.0,855.0
2026-03-17 01:30:00,1773682200,33672.0,33683.0,33630.0,33637.0,785.0
2026-03-17 01:45:00,1773683100,33634.0,33659.0,33591.0,33640.0,946.0
2026-03-17 02:00:00,1773684000,33642.0,33721.0,33637.0,33691.0,1134.0
2026-03-17 02:15:00,1773684900,33692.0,33746.0,33689.0,33736.0,915.0
2026-03-17 02:30:00,1773685800,33734.0,33750.0,33705.0,33750.0,638.0
2026-03-17 02:45:00,1773686700,33750.0,33754.0,33702.0,33707.0,448.0
2026-03-17 03:00:00,1773687600,33711.0,33890.0,33679.0,33733.0,4204.0
2026-03-17 03:15:00,1773688500,33735.0,33759.0,33638.0,33657.0,1803.0
2026-03-17 03:30:00,1773689400,33656.0,33688.0,33617.0,33627.0,1061.0
2026-03-17 03:45:00,1773690300,33630.0,33738.0,33614.0,33720.0,987.0
2026-03-17 04:00:00,1773691200,33720.0,33720.0,33528.0,33690.0,3291.0
2026-03-17 04:15:00,1773692100,33690.0,33694.0,33647.0,33680.0,376.0
2026-03-17 04:30:00,1773693000,33684.0,33700.0,33666.0,33681.0,447.0
2026-03-17 04:45:00,1773693900,33681.0,33692.0,33655.0,33686.0,541.0
2026-03-17 08:45:00,1773708300,33626.0,33795.0,33592.0,33653.0,11385.0
2026-03-17 09:00:00,1773709200,33650.0,33854.0,33642.0,33743.0,14415.0
2026-03-17 09:15:00,1773710100,33742.0,33833.0,33708.0,33832.0,7398.0
2026-03-17 09:30:00,1773711000,33831.0,34016.0,33818.0,33842.0,15869.0
2026-03-17 09:45:00,1773711900,33842.0,33935.0,33727.0,33933.0,9980.0
2026-03-17 10:00:00,1773712800,33932.0,33950.0,33830.0,33864.0,5233.0
2026-03-17 10:15:00,1773713700,33863.0,33898.0,33800.0,33864.0,3871.0
2026-03-17 10:30:00,1773714600,33864.0,33910.0,33820.0,33840.0,3341.0
2026-03-17 10:45:00,1773715500,33840.0,33858.0,33700.0,33704.0,6110.0
2026-03-17 11:00:00,1773716400,33705.0,33789.0,33690.0,33789.0,4799.0
2026-03-17 11:15:00,1773717300,33790.0,33886.0,33789.0,33855.0,4413.0
2026-03-17 11:30:00,1773718200,33857.0,33880.0,33728.0,33746.0,3595.0
2026-03-17 11:45:00,1773719100,33747.0,33781.0,33707.0,33761.0,3188.0
2026-03-17 12:00:00,1773720000,33763.0,33794.0,33746.0,33750.0,2078.0
2026-03-17 12:15:00,1773720900,33748.0,33812.0,33733.0,33767.0,2590.0
2026-03-17 12:30:00,1773721800,33766.0,33802.0,33727.0,33768.0,2277.0
2026-03-17 12:45:00,1773722700,33771.0,33833.0,33763.0,33809.0,2981.0
2026-03-17 13:00:00,1773723600,33809.0,33833.0,33781.0,33809.0,2069.0
2026-03-17 13:15:00,1773724500,33810.0,33864.0,33803.0,33805.0,2641.0
2026-03-17 13:30:00,1773725400,33808.0,33847.0,33792.0,33803.0,3087.0
2026-03-17 15:00:00,1773730800,33796.0,33796.0,33627.0,33768.0,2088.0
2026-03-17 15:15:00,1773731700,33765.0,33857.0,33746.0,33847.0,1067.0
2026-03-17 15:30:00,1773732600,33844.0,33898.0,33827.0,33835.0,690.0
2026-03-17 15:45:00,1773733500,33835.0,33843.0,33802.0,33835.0,463.0
2026-03-17 16:00:00,1773734400,33834.0,33874.0,33772.0,33788.0,708.0
2026-03-17 16:15:00,1773735300,33787.0,33828.0,33770.0,33775.0,509.0
2026-03-17 16:30:00,1773736200,33781.0,33836.0,33742.0,33820.0,715.0
2026-03-17 16:45:00,1773737100,33820.0,33843.0,33770.0,33807.0,411.0
2026-03-17 17:00:00,1773738000,33810.0,33848.0,33809.0,33829.0,470.0
2026-03-17 17:15:00,1773738900,33826.0,33922.0,33806.0,33911.0,992.0
2026-03-17 17:30:00,1773739800,33911.0,33948.0,33898.0,33938.0,912.0
2026-03-17 17:45:00,1773740700,33935.0,33948.0,33910.0,33945.0,460.0
2026-03-17 18:00:00,1773741600,33940.0,33947.0,33890.0,33892.0,435.0
2026-03-17 18:15:00,1773742500,33896.0,33896.0,33846.0,33879.0,501.0
2026-03-17 18:30:00,1773743400,33873.0,33909.0,33865.0,33890.0,331.0
2026-03-17 18:45:00,1773744300,33896.0,33907.0,33858.0,33903.0,296.0
2026-03-17 19:00:00,1773745200,33900.0,33934.0,33896.0,33915.0,432.0
2026-03-17 19:15:00,1773746100,33916.0,33955.0,33900.0,33919.0,393.0
2026-03-17 19:30:00,1773747000,33917.0,33928.0,33893.0,33907.0,440.0
2026-03-17 19:45:00,1773747900,33910.0,33924.0,33888.0,33895.0,217.0
2026-03-17 20:00:00,1773748800,33895.0,34002.0,33895.0,34000.0,1035.0
2026-03-17 20:15:00,1773749700,33998.0,34069.0,33985.0,34065.0,1243.0
2026-03-17 20:30:00,1773750600,34068.0,34109.0,34065.0,34090.0,1160.0
2026-03-17 20:45:00,1773751500,34089.0,34107.0,34058.0,34104.0,578.0
2026-03-17 21:00:00,1773752400,34103.0,34194.0,34103.0,34181.0,1419.0
2026-03-17 21:15:00,1773753300,34180.0,34246.0,34165.0,34216.0,1184.0
2026-03-17 21:30:00,1773754200,34216.0,34242.0,34148.0,34188.0,1869.0
2026-03-17 21:45:00,1773755100,34180.0,34256.0,34180.0,34254.0,1356.0
2026-03-17 22:00:00,1773756000,34256.0,34270.0,34183.0,34194.0,1184.0
2026-03-17 22:15:00,1773756900,34195.0,34230.0,34159.0,34203.0,946.0
2026-03-17 22:30:00,1773757800,34204.0,34265.0,34177.0,34250.0,954.0
2026-03-17 22:45:00,1773758700,34247.0,34325.0,34239.0,34317.0,1573.0
2026-03-17 23:00:00,1773759600,34316.0,34330.0,34197.0,34210.0,1438.0
2026-03-17 23:15:00,1773760500,34207.0,34248.0,34135.0,34135.0,1488.0
2026-03-17 23:30:00,1773761400,34138.0,34179.0,34043.0,34108.0,2063.0
2026-03-17 23:45:00,1773762300,34104.0,34162.0,34097.0,34140.0,987.0
2026-03-18 00:00:00,1773763200,34137.0,34182.0,34082.0,34145.0,966.0
2026-03-18 00:15:00,1773764100,34153.0,34243.0,34142.0,34231.0,862.0
2026-03-18 00:30:00,1773765000,34225.0,34232.0,34145.0,34213.0,643.0
2026-03-18 00:45:00,1773765900,34210.0,34210.0,34181.0,34189.0,339.0
2026-03-18 01:00:00,1773766800,34186.0,34237.0,34182.0,34202.0,485.0
2026-03-18 01:15:00,1773767700,34198.0,34231.0,34190.0,34212.0,225.0
2026-03-18 01:30:00,1773768600,34203.0,34268.0,34198.0,34229.0,423.0
2026-03-18 01:45:00,1773769500,34232.0,34266.0,34215.0,34252.0,260.0
2026-03-18 02:00:00,1773770400,34258.0,34296.0,34256.0,34269.0,414.0
2026-03-18 02:15:00,1773771300,34267.0,34273.0,34204.0,34208.0,398.0
2026-03-18 02:30:00,1773772200,34206.0,34234.0,34202.0,34203.0,135.0
2026-03-18 02:45:00,1773773100,34201.0,34228.0,34196.0,34204.0,89.0
2026-03-18 03:00:00,1773774000,34208.0,34225.0,34192.0,34221.0,60.0
2026-03-18 03:15:00,1773774900,34225.0,34235.0,34219.0,34219.0,52.0
2026-03-18 03:30:00,1773775800,34221.0,34228.0,34208.0,34222.0,101.0
2026-03-18 03:45:00,1773776700,34234.0,34256.0,34230.0,34248.0,89.0
2026-03-18 04:00:00,1773777600,34243.0,34243.0,34201.0,34224.0,112.0
2026-03-18 04:15:00,1773778500,34217.0,34224.0,34212.0,34220.0,43.0
2026-03-18 04:30:00,1773779400,34223.0,34223.0,34211.0,34217.0,84.0
2026-03-18 04:45:00,1773780300,34217.0,34229.0,34198.0,34228.0,146.0
2026-03-18 08:45:00,1773794700,34344.0,34498.0,34344.0,34480.0,5152.0
2026-03-18 09:00:00,1773795600,34484.0,34580.0,34427.0,34545.0,5244.0
2026-03-18 09:15:00,1773796500,34549.0,34565.0,34359.0,34362.0,4869.0
2026-03-18 09:30:00,1773797400,34360.0,34496.0,34310.0,34496.0,4940.0
2026-03-18 09:45:00,1773798300,34494.0,34510.0,34419.0,34482.0,2519.0
2026-03-18 10:00:00,1773799200,34484.0,34526.0,34247.0,34356.0,6341.0
2026-03-18 10:15:00,1773800100,34357.0,34405.0,34325.0,34359.0,2557.0
2026-03-18 10:30:00,1773801000,34363.0,34457.0,34326.0,34402.0,2584.0
2026-03-18 10:45:00,1773801900,34404.0,34455.0,34388.0,34428.0,1467.0
2026-03-18 11:00:00,1773802800,34425.0,34434.0,34370.0,34430.0,1448.0
2026-03-18 11:15:00,1773803700,34430.0,34498.0,34401.0,34471.0,1892.0
2026-03-18 11:30:00,1773804600,34474.0,34561.0,34456.0,34545.0,3197.0
2026-03-18 11:45:00,1773805500,34544.0,34549.0,34475.0,34502.0,2160.0
2026-03-18 12:00:00,1773806400,34499.0,34518.0,34479.0,34503.0,1305.0
2026-03-18 12:15:00,1773807300,34501.0,34517.0,34441.0,34453.0,1610.0
2026-03-18 12:30:00,1773808200,34455.0,34466.0,34353.0,34359.0,3382.0
2026-03-18 12:45:00,1773809100,34358.0,34423.0,34345.0,34373.0,2475.0
2026-03-18 13:00:00,1773810000,34373.0,34452.0,34330.0,34448.0,3732.0
2026-03-18 13:15:00,1773810900,34447.0,34530.0,34438.0,34513.0,4225.0
2026-03-18 13:30:00,1773811800,34517.0,34567.0,34515.0,34555.0,3325.0
2026-03-18 15:00:00,1773817200,34566.0,34686.0,34565.0,34668.0,8243.0
2026-03-18 15:15:00,1773818100,34667.0,34734.0,34655.0,34673.0,4662.0
2026-03-18 15:30:00,1773819000,34675.0,34679.0,34641.0,34660.0,2197.0
2026-03-18 15:45:00,1773819900,34662.0,34668.0,34590.0,34596.0,3191.0
2026-03-18 16:00:00,1773820800,34595.0,34607.0,34555.0,34576.0,3696.0
2026-03-18 16:15:00,1773821700,34574.0,34599.0,34541.0,34541.0,2947.0
2026-03-18 16:30:00,1773822600,34542.0,34595.0,34525.0,34561.0,2977.0
2026-03-18 16:45:00,1773823500,34560.0,34627.0,34542.0,34591.0,2786.0
2026-03-18 17:00:00,1773824400,34593.0,34613.0,34541.0,34542.0,1974.0
2026-03-18 17:15:00,1773825300,34542.0,34618.0,34540.0,34615.0,1971.0
2026-03-18 17:30:00,1773826200,34616.0,34633.0,34600.0,34619.0,1599.0
2026-03-18 17:45:00,1773827100,34620.0,34624.0,34562.0,34571.0,1349.0
2026-03-18 18:00:00,1773828000,34571.0,34613.0,34568.0,34608.0,927.0
2026-03-18 18:15:00,1773828900,34608.0,34624.0,34600.0,34600.0,753.0
2026-03-18 18:30:00,1773829800,34602.0,34612.0,34572.0,34582.0,809.0
2026-03-18 18:45:00,1773830700,34581.0,34588.0,34555.0,34566.0,1186.0
2026-03-18 19:00:00,1773831600,34565.0,34592.0,34550.0,34586.0,1162.0
2026-03-18 19:15:00,1773832500,34586.0,34596.0,34444.0,34447.0,4039.0
2026-03-18 19:30:00,1773833400,34446.0,34529.0,34426.0,34515.0,4905.0
2026-03-18 19:45:00,1773834300,34513.0,34529.0,34490.0,34494.0,1953.0
2026-03-18 20:00:00,1773835200,34498.0,34506.0,34355.0,34400.0,6160.0
2026-03-18 20:15:00,1773836100,34400.0,34400.0,34290.0,34338.0,7151.0
2026-03-18 20:30:00,1773837000,34343.0,34346.0,34134.0,34171.0,10252.0
2026-03-18 20:45:00,1773837900,34170.0,34182.0,34022.0,34041.0,11265.0
2026-03-18 21:00:00,1773838800,34043.0,34121.0,34020.0,34096.0,6532.0
2026-03-18 21:15:00,1773839700,34096.0,34192.0,34036.0,34187.0,5933.0
2026-03-18 21:30:00,1773840600,34185.0,34216.0,34077.0,34140.0,10223.0
2026-03-18 21:45:00,1773841500,34138.0,34204.0,34093.0,34155.0,6764.0
2026-03-18 22:00:00,1773842400,34155.0,34230.0,34062.0,34063.0,8427.0
2026-03-18 22:15:00,1773843300,34065.0,34119.0,33940.0,33980.0,8429.0
2026-03-18 22:30:00,1773844200,33979.0,34036.0,33931.0,33945.0,7144.0
2026-03-18 22:45:00,1773845100,33946.0,34062.0,33944.0,34060.0,4995.0
2026-03-18 23:00:00,1773846000,34059.0,34166.0,34050.0,34106.0,7632.0
2026-03-18 23:15:00,1773846900,34108.0,34122.0,33989.0,34050.0,5355.0
2026-03-18 23:30:00,1773847800,34050.0,34098.0,34041.0,34064.0,2827.0
2026-03-18 23:45:00,1773848700,34060.0,34120.0,34032.0,34089.0,2668.0
2026-03-19 00:00:00,1773849600,34090.0,34100.0,34020.0,34086.0,3246.0
2026-03-19 00:15:00,1773850500,34084.0,34088.0,34032.0,34052.0,1475.0
2026-03-19 00:30:00,1773851400,34050.0,34063.0,33983.0,34041.0,2300.0
2026-03-19 00:45:00,1773852300,34040.0,34079.0,34030.0,34038.0,1202.0
2026-03-19 01:00:00,1773853200,34035.0,34040.0,33965.0,33972.0,1849.0
2026-03-19 01:15:00,1773854100,33978.0,34026.0,33963.0,34013.0,1183.0
2026-03-19 01:30:00,1773855000,34015.0,34048.0,33983.0,34031.0,1163.0
2026-03-19 01:45:00,1773855900,34032.0,34116.0,34031.0,34084.0,1811.0
2026-03-19 02:00:00,1773856800,34088.0,34147.0,34064.0,34087.0,2257.0
2026-03-19 02:15:00,1773857700,34090.0,34090.0,34011.0,34053.0,1893.0
2026-03-19 02:30:00,1773858600,34052.0,34067.0,33890.0,33957.0,4326.0
2026-03-19 02:45:00,1773859500,33959.0,33963.0,33870.0,33872.0,2277.0
2026-03-19 03:00:00,1773860400,33872.0,33968.0,33858.0,33903.0,2435.0
2026-03-19 03:15:00,1773861300,33903.0,33912.0,33787.0,33789.0,2728.0
2026-03-19 03:30:00,1773862200,33790.0,33822.0,33740.0,33766.0,2181.0
2026-03-19 03:45:00,1773863100,33762.0,33768.0,33696.0,33720.0,1880.0
2026-03-19 04:00:00,1773864000,33720.0,33794.0,33708.0,33711.0,1686.0
2026-03-19 04:15:00,1773864900,33709.0,33710.0,33611.0,33642.0,2607.0
2026-03-19 04:30:00,1773865800,33644.0,33709.0,33635.0,33701.0,1175.0
2026-03-19 04:45:00,1773866700,33705.0,33900.0,33703.0,33899.0,2041.0
2026-03-19 08:45:00,1773881100,33892.0,33960.0,33824.0,33958.0,11759.0
2026-03-19 09:00:00,1773882000,33956.0,33980.0,33860.0,33870.0,12220.0
2026-03-19 09:15:00,1773882900,33874.0,33955.0,33843.0,33868.0,8904.0
2026-03-19 09:30:00,1773883800,33870.0,34000.0,33763.0,33946.0,14801.0
2026-03-19 09:45:00,1773884700,33946.0,34055.0,33891.0,33988.0,9117.0
2026-03-19 10:00:00,1773885600,33990.0,34056.0,33938.0,33971.0,7062.0
2026-03-19 10:15:00,1773886500,33975.0,34034.0,33934.0,34024.0,4918.0
2026-03-19 10:30:00,1773887400,34023.0,34084.0,34005.0,34020.0,5672.0
2026-03-19 10:45:00,1773888300,34017.0,34030.0,33946.0,33965.0,3843.0
2026-03-19 11:00:00,1773889200,33963.0,33981.0,33937.0,33947.0,2823.0
2026-03-19 11:15:00,1773890100,33948.0,33982.0,33913.0,33941.0,3542.0
2026-03-19 11:30:00,1773891000,33943.0,33964.0,33905.0,33946.0,3090.0
2026-03-19 11:45:00,1773891900,33945.0,33962.0,33875.0,33902.0,3947.0
2026-03-19 12:00:00,1773892800,33902.0,33903.0,33747.0,33789.0,7741.0
2026-03-19 12:15:00,1773893700,33786.0,33803.0,33736.0,33754.0,4880.0
2026-03-19 12:30:00,1773894600,33749.0,33778.0,33642.0,33669.0,6579.0
2026-03-19 12:45:00,1773895500,33670.0,33720.0,33646.0,33711.0,4020.0
2026-03-19 13:00:00,1773896400,33712.0,33730.0,33671.0,33725.0,3734.0
2026-03-19 13:15:00,1773897300,33723.0,33743.0,33658.0,33664.0,3387.0
2026-03-19 13:30:00,1773898200,33662.0,33674.0,33538.0,33550.0,7178.0
2026-03-19 15:00:00,1773903600,33550.0,33575.0,33343.0,33371.0,10443.0
2026-03-19 15:15:00,1773904500,33370.0,33529.0,33358.0,33494.0,5752.0
2026-03-19 15:30:00,1773905400,33495.0,33501.0,33370.0,33392.0,4169.0
2026-03-19 15:45:00,1773906300,33395.0,33443.0,33301.0,33323.0,4740.0
2026-03-19 16:00:00,1773907200,33326.0,33423.0,33310.0,33381.0,5011.0
2026-03-19 16:15:00,1773908100,33384.0,33415.0,33250.0,33253.0,5108.0
2026-03-19 16:30:00,1773909000,33254.0,33289.0,33087.0,33089.0,9447.0
2026-03-19 16:45:00,1773909900,33090.0,33217.0,33082.0,33180.0,5882.0
2026-03-19 17:00:00,1773910800,33181.0,33280.0,33176.0,33211.0,5331.0
2026-03-19 17:15:00,1773911700,33209.0,33283.0,33027.0,33055.0,7076.0
2026-03-19 17:30:00,1773912600,33050.0,33166.0,33033.0,33106.0,5022.0
2026-03-19 17:45:00,1773913500,33102.0,33409.0,33096.0,33379.0,8978.0
2026-03-19 18:00:00,1773914400,33379.0,33419.0,33285.0,33292.0,4982.0
2026-03-19 18:15:00,1773915300,33294.0,33333.0,33266.0,33321.0,2985.0
2026-03-19 18:30:00,1773916200,33317.0,33336.0,33222.0,33249.0,3096.0
2026-03-19 18:45:00,1773917100,33250.0,33298.0,33229.0,33275.0,2277.0
2026-03-19 19:00:00,1773918000,33281.0,33343.0,33215.0,33246.0,3059.0
2026-03-19 19:15:00,1773918900,33243.0,33255.0,33143.0,33177.0,3508.0
2026-03-19 19:30:00,1773919800,33177.0,33203.0,33097.0,33121.0,2804.0
2026-03-19 19:45:00,1773920700,33121.0,33233.0,33105.0,33213.0,3191.0
2026-03-19 20:00:00,1773921600,33213.0,33262.0,33095.0,33199.0,5713.0
2026-03-19 20:15:00,1773922500,33198.0,33224.0,33056.0,33089.0,3868.0
2026-03-19 20:30:00,1773923400,33090.0,33132.0,33010.0,33103.0,5525.0
2026-03-19 20:45:00,1773924300,33105.0,33114.0,33005.0,33047.0,3498.0
2026-03-19 21:00:00,1773925200,33046.0,33061.0,32916.0,32923.0,6203.0
2026-03-19 21:15:00,1773926100,32923.0,33097.0,32908.0,32942.0,6696.0
2026-03-19 21:30:00,1773927000,32941.0,33011.0,32859.0,32969.0,11951.0
2026-03-19 21:45:00,1773927900,32968.0,33180.0,32948.0,33133.0,10528.0
2026-03-19 22:00:00,1773928800,33131.0,33286.0,33131.0,33211.0,11506.0
2026-03-19 22:15:00,1773929700,33209.0,33247.0,33051.0,33097.0,8099.0
2026-03-19 22:30:00,1773930600,33099.0,33276.0,33084.0,33244.0,8005.0
2026-03-19 22:45:00,1773931500,33247.0,33368.0,33214.0,33322.0,8814.0
2026-03-19 23:00:00,1773932400,33319.0,33467.0,33295.0,33438.0,8537.0
2026-03-19 23:15:00,1773933300,33435.0,33464.0,33257.0,33290.0,7742.0
2026-03-19 23:30:00,1773934200,33289.0,33290.0,33154.0,33180.0,6948.0
2026-03-19 23:45:00,1773935100,33180.0,33281.0,33167.0,33274.0,5000.0
2026-03-20 00:00:00,1773936000,33272.0,33413.0,33229.0,33317.0,6241.0
2026-03-20 00:15:00,1773936900,33315.0,33382.0,33277.0,33372.0,3452.0
2026-03-20 00:30:00,1773937800,33376.0,33392.0,33298.0,33370.0,2926.0
2026-03-20 00:45:00,1773938700,33372.0,33381.0,33261.0,33301.0,2492.0
2026-03-20 01:00:00,1773939600,33298.0,33312.0,33127.0,33143.0,3782.0
2026-03-20 01:15:00,1773940500,33146.0,33328.0,33136.0,33300.0,3043.0
2026-03-20 01:30:00,1773941400,33301.0,33333.0,33222.0,33285.0,1989.0
2026-03-20 01:45:00,1773942300,33285.0,33352.0,33264.0,33283.0,1493.0
2026-03-20 02:00:00,1773943200,33281.0,33422.0,33273.0,33412.0,2121.0
2026-03-20 02:15:00,1773944100,33412.0,33432.0,33323.0,33323.0,1347.0
2026-03-20 02:30:00,1773945000,33323.0,33337.0,33258.0,33276.0,1408.0
2026-03-20 02:45:00,1773945900,33276.0,33444.0,33268.0,33411.0,1455.0
2026-03-20 03:00:00,1773946800,33412.0,33745.0,33401.0,33737.0,9356.0
2026-03-20 03:15:00,1773947700,33737.0,33789.0,33619.0,33666.0,4250.0
2026-03-20 03:30:00,1773948600,33667.0,33702.0,33554.0,33687.0,2533.0
2026-03-20 03:45:00,1773949500,33682.0,33690.0,33610.0,33649.0,1527.0
2026-03-20 04:00:00,1773950400,33646.0,33721.0,33616.0,33714.0,1249.0
2026-03-20 04:15:00,1773951300,33712.0,33750.0,33706.0,33737.0,1090.0
2026-03-20 04:30:00,1773952200,33737.0,33767.0,33726.0,33743.0,813.0
2026-03-20 04:45:00,1773953100,33744.0,33833.0,33725.0,33780.0,1693.0
2026-03-20 08:45:00,1773967500,33794.0,33854.0,33653.0,33763.0,13396.0
2026-03-20 09:00:00,1773968400,33759.0,33888.0,33630.0,33636.0,15781.0
2026-03-20 09:15:00,1773969300,33638.0,33645.0,33393.0,33596.0,20741.0
2026-03-20 09:30:00,1773970200,33597.0,33819.0,33586.0,33796.0,14624.0
2026-03-20 09:45:00,1773971100,33799.0,33820.0,33576.0,33595.0,10676.0
2026-03-20 10:00:00,1773972000,33596.0,33706.0,33563.0,33700.0,7494.0
2026-03-20 10:15:00,1773972900,33700.0,33715.0,33604.0,33677.0,5087.0
2026-03-20 10:30:00,1773973800,33675.0,33791.0,33631.0,33762.0,6050.0
2026-03-20 10:45:00,1773974700,33759.0,33848.0,33730.0,33737.0,6958.0
2026-03-20 11:00:00,1773975600,33740.0,33767.0,33700.0,33729.0,3261.0
2026-03-20 11:15:00,1773976500,33724.0,33765.0,33659.0,33729.0,3348.0
2026-03-20 11:30:00,1773977400,33728.0,33759.0,33577.0,33581.0,5329.0
2026-03-20 11:45:00,1773978300,33581.0,33625.0,33517.0,33622.0,5776.0
2026-03-20 12:00:00,1773979200,33621.0,33659.0,33520.0,33521.0,5053.0
2026-03-20 12:15:00,1773980100,33520.0,33535.0,33413.0,33514.0,7449.0
2026-03-20 12:30:00,1773981000,33514.0,33588.0,33487.0,33506.0,4777.0
2026-03-20 12:45:00,1773981900,33505.0,33608.0,33500.0,33599.0,3553.0
2026-03-20 13:00:00,1773982800,33597.0,33597.0,33507.0,33556.0,3273.0
2026-03-20 13:15:00,1773983700,33552.0,33635.0,33550.0,33615.0,4520.0
2026-03-20 13:30:00,1773984600,33615.0,33615.0,33523.0,33571.0,4566.0
2026-03-20 15:00:00,1773990000,33411.0,33463.0,33337.0,33431.0,7468.0
2026-03-20 15:15:00,1773990900,33429.0,33574.0,33419.0,33553.0,4606.0
2026-03-20 15:30:00,1773991800,33555.0,33694.0,33545.0,33684.0,4989.0
2026-03-20 15:45:00,1773992700,33684.0,33723.0,33654.0,33658.0,3849.0
2026-03-20 16:00:00,1773993600,33658.0,33743.0,33642.0,33734.0,3708.0
2026-03-20 16:15:00,1773994500,33734.0,33735.0,33621.0,33630.0,2718.0
2026-03-20 16:30:00,1773995400,33631.0,33704.0,33615.0,33642.0,3090.0
2026-03-20 16:45:00,1773996300,33641.0,33659.0,33592.0,33597.0,2529.0
2026-03-20 17:00:00,1773997200,33600.0,33624.0,33521.0,33546.0,4155.0
2026-03-20 17:15:00,1773998100,33543.0,33547.0,33416.0,33422.0,4709.0
2026-03-20 17:30:00,1773999000,33425.0,33519.0,33418.0,33451.0,3940.0
2026-03-20 17:45:00,1773999900,33449.0,33468.0,33251.0,33284.0,8059.0
2026-03-20 18:00:00,1774000800,33286.0,33300.0,33082.0,33141.0,9353.0
2026-03-20 18:15:00,1774001700,33142.0,33183.0,33068.0,33165.0,5840.0
2026-03-20 18:30:00,1774002600,33169.0,33255.0,33161.0,33228.0,4620.0
2026-03-20 18:45:00,1774003500,33233.0,33255.0,33191.0,33219.0,2704.0
2026-03-20 19:00:00,1774004400,33225.0,33400.0,33212.0,33353.0,6674.0
2026-03-20 19:15:00,1774005300,33353.0,33410.0,33335.0,33378.0,3201.0
2026-03-20 19:30:00,1774006200,33381.0,33422.0,33316.0,33361.0,4004.0
2026-03-20 19:45:00,1774007100,33363.0,33383.0,33305.0,33370.0,2670.0
2026-03-20 20:00:00,1774008000,33378.0,33465.0,33323.0,33397.0,5065.0
2026-03-20 20:15:00,1774008900,33394.0,33463.0,33345.0,33458.0,2742.0
2026-03-20 20:30:00,1774009800,33455.0,33460.0,33346.0,33398.0,3661.0
2026-03-20 20:45:00,1774010700,33396.0,33434.0,33358.0,33423.0,2529.0
2026-03-20 21:00:00,1774011600,33426.0,33442.0,33314.0,33337.0,3138.0
2026-03-20 21:15:00,1774012500,33338.0,33363.0,33288.0,33325.0,2643.0
2026-03-20 21:30:00,1774013400,33322.0,33384.0,33197.0,33365.0,11272.0
2026-03-20 21:45:00,1774014300,33366.0,33388.0,33025.0,33057.0,12213.0
2026-03-20 22:00:00,1774015200,33056.0,33131.0,32917.0,32931.0,13769.0
2026-03-20 22:15:00,1774016100,32931.0,32998.0,32889.0,32930.0,8940.0
2026-03-20 22:30:00,1774017000,32938.0,33053.0,32937.0,32975.0,8457.0
2026-03-20 22:45:00,1774017900,32970.0,33008.0,32866.0,32934.0,7603.0
2026-03-20 23:00:00,1774018800,32929.0,33049.0,32887.0,33013.0,8451.0
2026-03-20 23:15:00,1774019700,33011.0,33075.0,32902.0,32928.0,7108.0
2026-03-20 23:30:00,1774020600,32926.0,32996.0,32919.0,32969.0,3619.0
2026-03-20 23:45:00,1774021500,32967.0,32994.0,32934.0,32969.0,2690.0
2026-03-21 00:00:00,1774022400,32972.0,33067.0,32961.0,33002.0,4003.0
2026-03-21 00:15:00,1774023300,33004.0,33020.0,32935.0,32939.0,2741.0
2026-03-21 00:30:00,1774024200,32940.0,32944.0,32815.0,32845.0,6394.0
2026-03-21 00:45:00,1774025100,32848.0,32933.0,32782.0,32879.0,5771.0
2026-03-21 01:00:00,1774026000,32880.0,32960.0,32826.0,32862.0,4415.0
2026-03-21 01:15:00,1774026900,32861.0,32900.0,32832.0,32841.0,2013.0
2026-03-21 01:30:00,1774027800,32846.0,32859.0,32718.0,32777.0,4408.0
2026-03-21 01:45:00,1774028700,32779.0,32898.0,32764.0,32896.0,2674.0
2026-03-21 02:00:00,1774029600,32896.0,32923.0,32796.0,32811.0,2421.0
2026-03-21 02:15:00,1774030500,32816.0,32837.0,32692.0,32758.0,3573.0
2026-03-21 02:30:00,1774031400,32752.0,32786.0,32683.0,32700.0,2248.0
2026-03-21 02:45:00,1774032300,32699.0,32729.0,32637.0,32670.0,2583.0
2026-03-21 03:00:00,1774033200,32671.0,32710.0,32608.0,32646.0,2420.0
2026-03-21 03:15:00,1774034100,32642.0,32672.0,32605.0,32620.0,1645.0
2026-03-21 03:30:00,1774035000,32627.0,32682.0,32551.0,32673.0,2940.0
2026-03-21 03:45:00,1774035900,32671.0,32750.0,32623.0,32700.0,2685.0
2026-03-21 04:00:00,1774036800,32701.0,32793.0,32687.0,32745.0,2272.0
2026-03-21 04:15:00,1774037700,32745.0,32749.0,32697.0,32719.0,1015.0
2026-03-21 04:30:00,1774038600,32718.0,32747.0,32716.0,32722.0,612.0
2026-03-21 04:45:00,1774039500,32723.0,32783.0,32721.0,32736.0,1122.0
2026-03-23 08:45:00,1774226700,32530.0,32538.0,32213.0,32346.0,19145.0
2026-03-23 09:00:00,1774227600,32345.0,32679.0,32270.0,32665.0,21038.0
2026-03-23 09:15:00,1774228500,32666.0,32709.0,32594.0,32603.0,11946.0
2026-03-23 09:30:00,1774229400,32605.0,32825.0,32536.0,32705.0,14613.0
2026-03-23 09:45:00,1774230300,32705.0,32809.0,32672.0,32737.0,8910.0
2026-03-23 10:00:00,1774231200,32738.0,32890.0,32668.0,32677.0,10425.0
2026-03-23 10:15:00,1774232100,32677.0,32820.0,32655.0,32760.0,6438.0
2026-03-23 10:30:00,1774233000,32757.0,32769.0,32535.0,32570.0,8131.0
2026-03-23 10:45:00,1774233900,32568.0,32622.0,32514.0,32573.0,7198.0
2026-03-23 11:00:00,1774234800,32572.0,32679.0,32512.0,32526.0,5529.0
2026-03-23 11:15:00,1774235700,32526.0,32615.0,32511.0,32572.0,4344.0
2026-03-23 11:30:00,1774236600,32572.0,32622.0,32550.0,32591.0,3556.0
2026-03-23 11:45:00,1774237500,32590.0,32615.0,32505.0,32521.0,3781.0
2026-03-23 12:00:00,1774238400,32524.0,32618.0,32475.0,32609.0,5591.0
2026-03-23 12:15:00,1774239300,32607.0,32659.0,32575.0,32620.0,3810.0
2026-03-23 12:30:00,1774240200,32620.0,32636.0,32580.0,32582.0,2841.0
2026-03-23 12:45:00,1774241100,32582.0,32648.0,32569.0,32631.0,3089.0
2026-03-23 13:00:00,1774242000,32634.0,32742.0,32622.0,32685.0,5686.0
2026-03-23 13:15:00,1774242900,32685.0,32745.0,32585.0,32613.0,5287.0
2026-03-23 13:30:00,1774243800,32612.0,32670.0,32515.0,32529.0,7464.0
2026-03-23 15:00:00,1774249200,32200.0,32355.0,32100.0,32302.0,11629.0
2026-03-23 15:15:00,1774250100,32298.0,32330.0,32137.0,32175.0,5909.0
2026-03-23 15:30:00,1774251000,32178.0,32265.0,32146.0,32261.0,4549.0
2026-03-23 15:45:00,1774251900,32261.0,32307.0,32216.0,32252.0,3502.0
2026-03-23 16:00:00,1774252800,32253.0,32442.0,32253.0,32423.0,5897.0
2026-03-23 16:15:00,1774253700,32421.0,32469.0,32367.0,32399.0,4069.0
2026-03-23 16:30:00,1774254600,32397.0,32489.0,32371.0,32392.0,3321.0
2026-03-23 16:45:00,1774255500,32392.0,32497.0,32386.0,32462.0,2629.0
2026-03-23 17:00:00,1774256400,32464.0,32480.0,32371.0,32436.0,2945.0
2026-03-23 17:15:00,1774257300,32437.0,32593.0,32425.0,32501.0,5166.0
2026-03-23 17:30:00,1774258200,32496.0,32503.0,32323.0,32363.0,4535.0
2026-03-23 17:45:00,1774259100,32363.0,32413.0,32333.0,32394.0,1997.0
2026-03-23 18:00:00,1774260000,32398.0,32474.0,32366.0,32416.0,2328.0
2026-03-23 18:15:00,1774260900,32415.0,32421.0,32282.0,32291.0,3158.0
2026-03-23 18:30:00,1774261800,32290.0,32360.0,32255.0,32280.0,2988.0
2026-03-23 18:45:00,1774262700,32280.0,32418.0,32252.0,32370.0,3219.0
2026-03-23 19:00:00,1774263600,32368.0,33883.0,32368.0,33853.0,31008.0
2026-03-23 19:15:00,1774264500,33864.0,34000.0,33431.0,33528.0,18896.0
2026-03-23 19:30:00,1774265400,33537.0,33707.0,33474.0,33550.0,9099.0
2026-03-23 19:45:00,1774266300,33554.0,33572.0,33078.0,33134.0,16656.0
2026-03-23 20:00:00,1774267200,33136.0,33321.0,33043.0,33184.0,11200.0
2026-03-23 20:15:00,1774268100,33188.0,33397.0,33183.0,33343.0,7003.0
2026-03-23 20:30:00,1774269000,33348.0,33522.0,33270.0,33496.0,9313.0
2026-03-23 20:45:00,1774269900,33491.0,33578.0,33461.0,33530.0,6784.0
2026-03-23 21:00:00,1774270800,33529.0,33602.0,33417.0,33443.0,6316.0
2026-03-23 21:15:00,1774271700,33448.0,33460.0,33327.0,33356.0,4438.0
2026-03-23 21:30:00,1774272600,33357.0,33548.0,33266.0,33457.0,11740.0
2026-03-23 21:45:00,1774273500,33452.0,33660.0,33436.0,33629.0,10045.0
2026-03-23 22:00:00,1774274400,33628.0,33690.0,33561.0,33618.0,7615.0
2026-03-23 22:15:00,1774275300,33618.0,33774.0,33612.0,33680.0,7574.0
2026-03-23 22:30:00,1774276200,33677.0,33683.0,33555.0,33618.0,7057.0
2026-03-23 22:45:00,1774277100,33616.0,33675.0,33574.0,33645.0,4385.0
2026-03-23 23:00:00,1774278000,33645.0,33786.0,33637.0,33773.0,5679.0
2026-03-23 23:15:00,1774278900,33770.0,33787.0,33645.0,33657.0,4909.0
2026-03-23 23:30:00,1774279800,33655.0,33680.0,33508.0,33522.0,5738.0
2026-03-23 23:45:00,1774280700,33523.0,33545.0,33256.0,33258.0,9523.0
2026-03-24 00:00:00,1774281600,33262.0,33389.0,33238.0,33337.0,7273.0
2026-03-24 00:15:00,1774282500,33333.0,33337.0,33111.0,33115.0,5647.0
2026-03-24 00:30:00,1774283400,33116.0,33336.0,33081.0,33330.0,7306.0
2026-03-24 00:45:00,1774284300,33332.0,33409.0,33293.0,33320.0,5017.0
2026-03-24 01:00:00,1774285200,33321.0,33376.0,33291.0,33317.0,2510.0
2026-03-24 01:15:00,1774286100,33319.0,33398.0,33290.0,33389.0,2015.0
2026-03-24 01:30:00,1774287000,33386.0,33538.0,33385.0,33471.0,3978.0
2026-03-24 01:45:00,1774287900,33472.0,33515.0,33423.0,33509.0,1596.0
2026-03-24 02:00:00,1774288800,33508.0,33539.0,33425.0,33506.0,2156.0
2026-03-24 02:15:00,1774289700,33506.0,33528.0,33465.0,33501.0,1053.0
2026-03-24 02:30:00,1774290600,33506.0,33645.0,33506.0,33570.0,2711.0
2026-03-24 02:45:00,1774291500,33572.0,33609.0,33560.0,33595.0,751.0
2026-03-24 03:00:00,1774292400,33591.0,33622.0,33580.0,33597.0,557.0
2026-03-24 03:15:00,1774293300,33597.0,33626.0,33555.0,33590.0,772.0
2026-03-24 03:30:00,1774294200,33589.0,33630.0,33580.0,33611.0,515.0
2026-03-24 03:45:00,1774295100,33611.0,33672.0,33577.0,33593.0,1319.0
2026-03-24 04:00:00,1774296000,33590.0,33610.0,33450.0,33526.0,2104.0
2026-03-24 04:15:00,1774296900,33530.0,33546.0,33500.0,33515.0,424.0
2026-03-24 04:30:00,1774297800,33515.0,33606.0,33515.0,33593.0,465.0
2026-03-24 04:45:00,1774298700,33592.0,33615.0,33586.0,33610.0,541.0
2026-03-24 08:45:00,1774313100,33300.0,33395.0,33214.0,33318.0,11636.0
2026-03-24 09:00:00,1774314000,33314.0,33320.0,33007.0,33007.0,17569.0
2026-03-24 09:15:00,1774314900,33007.0,33077.0,32910.0,32936.0,16551.0
2026-03-24 09:30:00,1774315800,32935.0,32950.0,32693.0,32694.0,17297.0
2026-03-24 09:45:00,1774316700,32696.0,32705.0,32520.0,32674.0,18638.0
2026-03-24 10:00:00,1774317600,32672.0,32687.0,32342.0,32519.0,19393.0
2026-03-24 10:15:00,1774318500,32517.0,32806.0,32475.0,32796.0,15894.0
2026-03-24 10:30:00,1774319400,32796.0,32892.0,32722.0,32789.0,10318.0
2026-03-24 10:45:00,1774320300,32794.0,32869.0,32675.0,32686.0,8118.0
2026-03-24 11:00:00,1774321200,32687.0,32729.0,32643.0,32693.0,5692.0
2026-03-24 11:15:00,1774322100,32698.0,32815.0,32678.0,32794.0,5503.0
2026-03-24 11:30:00,1774323000,32792.0,32816.0,32576.0,32766.0,9271.0
2026-03-24 11:45:00,1774323900,32762.0,32875.0,32735.0,32858.0,6021.0
2026-03-24 12:00:00,1774324800,32854.0,32998.0,32845.0,32996.0,7785.0
2026-03-24 12:15:00,1774325700,32996.0,32998.0,32875.0,32916.0,5172.0
2026-03-24 12:30:00,1774326600,32917.0,32968.0,32882.0,32908.0,3130.0
2026-03-24 12:45:00,1774327500,32910.0,32948.0,32860.0,32891.0,4040.0
2026-03-24 13:00:00,1774328400,32889.0,32896.0,32668.0,32744.0,7713.0
2026-03-24 13:15:00,1774329300,32744.0,32821.0,32615.0,32618.0,6587.0
2026-03-24 13:30:00,1774330200,32618.0,32829.0,32613.0,32782.0,6633.0
2026-03-24 15:00:00,1774335600,33021.0,33242.0,33021.0,33212.0,12329.0
2026-03-24 15:15:00,1774336500,33211.0,33277.0,33178.0,33248.0,5617.0
2026-03-24 15:30:00,1774337400,33247.0,33263.0,33170.0,33217.0,3784.0
2026-03-24 15:45:00,1774338300,33214.0,33261.0,33165.0,33248.0,2944.0
2026-03-24 16:00:00,1774339200,33247.0,33295.0,33206.0,33265.0,4100.0
2026-03-24 16:15:00,1774340100,33260.0,33287.0,33127.0,33148.0,5281.0
2026-03-24 16:30:00,1774341000,33150.0,33228.0,33122.0,33166.0,3324.0
2026-03-24 16:45:00,1774341900,33166.0,33243.0,33092.0,33108.0,4715.0
2026-03-24 17:00:00,1774342800,33114.0,33146.0,32960.0,32960.0,6291.0
2026-03-24 17:15:00,1774343700,32961.0,33076.0,32951.0,33043.0,4779.0
2026-03-24 17:30:00,1774344600,33042.0,33158.0,33015.0,33142.0,4446.0
2026-03-24 17:45:00,1774345500,33144.0,33237.0,33095.0,33222.0,3883.0
2026-03-24 18:00:00,1774346400,33221.0,33224.0,33127.0,33184.0,2854.0
2026-03-24 18:15:00,1774347300,33180.0,33192.0,33109.0,33123.0,1859.0
2026-03-24 18:30:00,1774348200,33124.0,33187.0,33083.0,33175.0,2491.0
2026-03-24 18:45:00,1774349100,33176.0,33195.0,33106.0,33170.0,1603.0
2026-03-24 19:00:00,1774350000,33170.0,33203.0,33116.0,33187.0,2118.0
2026-03-24 19:15:00,1774350900,33188.0,33192.0,33133.0,33160.0,1644.0
2026-03-24 19:30:00,1774351800,33152.0,33174.0,33138.0,33141.0,1205.0
2026-03-24 19:45:00,1774352700,33147.0,33255.0,32984.0,33151.0,8387.0
2026-03-24 20:00:00,1774353600,33152.0,33177.0,33058.0,33097.0,3438.0
2026-03-24 20:15:00,1774354500,33097.0,33133.0,33044.0,33099.0,2397.0
2026-03-24 20:30:00,1774355400,33098.0,33104.0,32860.0,32876.0,6688.0
2026-03-24 20:45:00,1774356300,32878.0,32976.0,32874.0,32908.0,4292.0
2026-03-24 21:00:00,1774357200,32910.0,32942.0,32787.0,32852.0,6264.0
2026-03-24 21:15:00,1774358100,32856.0,32926.0,32833.0,32869.0,3267.0
2026-03-24 21:30:00,1774359000,32872.0,33063.0,32825.0,32879.0,12633.0
2026-03-24 21:45:00,1774359900,32878.0,33021.0,32805.0,33002.0,10273.0
2026-03-24 22:00:00,1774360800,33000.0,33138.0,32984.0,33055.0,9881.0
2026-03-24 22:15:00,1774361700,33052.0,33061.0,32946.0,32981.0,5632.0
2026-03-24 22:30:00,1774362600,32981.0,33051.0,32951.0,33042.0,4740.0
2026-03-24 22:45:00,1774363500,33042.0,33213.0,32932.0,33081.0,11669.0
2026-03-24 23:00:00,1774364400,33082.0,33177.0,33078.0,33167.0,5320.0
2026-03-24 23:15:00,1774365300,33163.0,33355.0,33163.0,33281.0,9545.0
2026-03-24 23:30:00,1774366200,33280.0,33312.0,33217.0,33267.0,4329.0
2026-03-24 23:45:00,1774367100,33269.0,33312.0,33177.0,33183.0,3780.0
2026-03-25 00:00:00,1774368000,33180.0,33201.0,33116.0,33141.0,4357.0
2026-03-25 00:15:00,1774368900,33142.0,33266.0,33142.0,33255.0,3107.0
2026-03-25 00:30:00,1774369800,33250.0,33283.0,33155.0,33233.0,2855.0
2026-03-25 00:45:00,1774370700,33233.0,33263.0,33179.0,33216.0,2012.0
2026-03-25 01:00:00,1774371600,33216.0,33237.0,33025.0,33050.0,4086.0
2026-03-25 01:15:00,1774372500,33052.0,33102.0,33006.0,33095.0,2498.0
2026-03-25 01:30:00,1774373400,33090.0,33126.0,32983.0,33000.0,2510.0
2026-03-25 01:45:00,1774374300,32996.0,33192.0,32989.0,33182.0,3267.0
2026-03-25 02:00:00,1774375200,33181.0,33236.0,33133.0,33154.0,1633.0
2026-03-25 02:15:00,1774376100,33155.0,33222.0,33113.0,33182.0,1526.0
2026-03-25 02:30:00,1774377000,33188.0,33343.0,33185.0,33258.0,2886.0
2026-03-25 02:45:00,1774377900,33261.0,33312.0,33223.0,33244.0,1096.0
2026-03-25 03:00:00,1774378800,33245.0,33322.0,33243.0,33320.0,900.0
2026-03-25 03:15:00,1774379700,33322.0,33322.0,33235.0,33238.0,646.0
2026-03-25 03:30:00,1774380600,33238.0,33256.0,33203.0,33239.0,596.0
2026-03-25 03:45:00,1774381500,33234.0,33235.0,33093.0,33147.0,1344.0
2026-03-25 04:00:00,1774382400,33151.0,33170.0,33093.0,33168.0,977.0
2026-03-25 04:15:00,1774383300,33165.0,33596.0,33164.0,33420.0,6154.0
2026-03-25 04:30:00,1774384200,33419.0,33610.0,33394.0,33476.0,2297.0
2026-03-25 04:45:00,1774385100,33470.0,33476.0,33400.0,33458.0,1359.0
2026-03-25 08:45:00,1774399500,33790.0,33877.0,33727.0,33744.0,16822.0
2026-03-25 09:00:00,1774400400,33741.0,33795.0,33568.0,33643.0,15709.0
2026-03-25 09:15:00,1774401300,33642.0,33760.0,33595.0,33660.0,10893.0
2026-03-25 09:30:00,1774402200,33663.0,33723.0,33570.0,33622.0,10551.0
2026-03-25 09:45:00,1774403100,33621.0,33786.0,33606.0,33735.0,8020.0
2026-03-25 10:00:00,1774404000,33736.0,33749.0,33502.0,33574.0,10762.0
2026-03-25 10:15:00,1774404900,33575.0,33636.0,33531.0,33607.0,6272.0
2026-03-25 10:30:00,1774405800,33603.0,33626.0,33543.0,33546.0,3799.0
2026-03-25 10:45:00,1774406700,33546.0,33585.0,33466.0,33473.0,5455.0
2026-03-25 11:00:00,1774407600,33471.0,33550.0,33468.0,33482.0,4678.0
2026-03-25 11:15:00,1774408500,33482.0,33516.0,33442.0,33495.0,4642.0
2026-03-25 11:30:00,1774409400,33494.0,33562.0,33480.0,33529.0,3405.0
2026-03-25 11:45:00,1774410300,33533.0,33623.0,33527.0,33610.0,4176.0
2026-03-25 12:00:00,1774411200,33608.0,33688.0,33597.0,33687.0,3583.0
2026-03-25 12:15:00,1774412100,33688.0,33744.0,33674.0,33727.0,4323.0
2026-03-25 12:30:00,1774413000,33727.0,33740.0,33652.0,33659.0,3247.0
2026-03-25 12:45:00,1774413900,33658.0,33669.0,33618.0,33666.0,3903.0
2026-03-25 13:00:00,1774414800,33662.0,33685.0,33606.0,33679.0,3884.0
2026-03-25 13:15:00,1774415700,33677.0,33682.0,33569.0,33575.0,4547.0
2026-03-25 13:30:00,1774416600,33575.0,33647.0,33552.0,33629.0,5307.0
2026-03-25 15:00:00,1774422000,33560.0,33647.0,33506.0,33625.0,5732.0
2026-03-25 15:15:00,1774422900,33623.0,33658.0,33567.0,33598.0,2865.0
2026-03-25 15:30:00,1774423800,33595.0,33664.0,33575.0,33651.0,2734.0
2026-03-25 15:45:00,1774424700,33651.0,33720.0,33635.0,33680.0,2853.0
2026-03-25 16:00:00,1774425600,33680.0,33816.0,33668.0,33809.0,5517.0
2026-03-25 16:15:00,1774426500,33809.0,33934.0,33801.0,33871.0,6823.0
2026-03-25 16:30:00,1774427400,33872.0,33916.0,33805.0,33813.0,4921.0
2026-03-25 16:45:00,1774428300,33811.0,33841.0,33748.0,33785.0,3709.0
2026-03-25 17:00:00,1774429200,33785.0,33839.0,33736.0,33826.0,3314.0
2026-03-25 17:15:00,1774430100,33825.0,33831.0,33743.0,33756.0,2200.0
2026-03-25 17:30:00,1774431000,33760.0,33798.0,33714.0,33718.0,2712.0
2026-03-25 17:45:00,1774431900,33722.0,33823.0,33687.0,33795.0,3940.0
2026-03-25 18:00:00,1774432800,33794.0,33829.0,33777.0,33791.0,2378.0
2026-03-25 18:15:00,1774433700,33791.0,33810.0,33741.0,33749.0,1590.0
2026-03-25 18:30:00,1774434600,33748.0,33792.0,33717.0,33720.0,1871.0
2026-03-25 18:45:00,1774435500,33721.0,33798.0,33716.0,33785.0,1718.0
2026-03-25 19:00:00,1774436400,33789.0,33844.0,33783.0,33819.0,2339.0
2026-03-25 19:15:00,1774437300,33819.0,33858.0,33805.0,33827.0,1716.0
2026-03-25 19:30:00,1774438200,33830.0,33864.0,33821.0,33846.0,1633.0
2026-03-25 19:45:00,1774439100,33844.0,33844.0,33747.0,33809.0,3270.0
2026-03-25 20:00:00,1774440000,33812.0,33898.0,33812.0,33873.0,3545.0
2026-03-25 20:15:00,1774440900,33873.0,33876.0,33675.0,33700.0,7731.0
2026-03-25 20:30:00,1774441800,33697.0,33697.0,33608.0,33650.0,5931.0
2026-03-25 20:45:00,1774442700,33650.0,33727.0,33628.0,33681.0,3316.0
2026-03-25 21:00:00,1774443600,33681.0,33742.0,33665.0,33684.0,3162.0
2026-03-25 21:15:00,1774444500,33685.0,33693.0,33645.0,33659.0,2192.0
2026-03-25 21:30:00,1774445400,33659.0,33834.0,33642.0,33723.0,10718.0
2026-03-25 21:45:00,1774446300,33722.0,33748.0,33561.0,33563.0,10239.0
2026-03-25 22:00:00,1774447200,33566.0,33795.0,33527.0,33792.0,10840.0
2026-03-25 22:15:00,1774448100,33790.0,33815.0,33712.0,33781.0,7026.0
2026-03-25 22:30:00,1774449000,33784.0,33822.0,33753.0,33798.0,4251.0
2026-03-25 22:45:00,1774449900,33800.0,33864.0,33753.0,33770.0,5139.0
2026-03-25 23:00:00,1774450800,33774.0,33785.0,33653.0,33654.0,5581.0
2026-03-25 23:15:00,1774451700,33653.0,33755.0,33457.0,33753.0,14720.0
2026-03-25 23:30:00,1774452600,33749.0,33754.0,33638.0,33691.0,4928.0
2026-03-25 23:45:00,1774453500,33693.0,33717.0,33663.0,33689.0,2487.0
2026-03-26 00:00:00,1774454400,33689.0,33705.0,33611.0,33684.0,2876.0
2026-03-26 00:15:00,1774455300,33678.0,33818.0,33653.0,33776.0,4200.0
2026-03-26 00:30:00,1774456200,33772.0,33806.0,33735.0,33800.0,2241.0
2026-03-26 00:45:00,1774457100,33798.0,33810.0,33738.0,33770.0,1618.0
2026-03-26 01:00:00,1774458000,33769.0,33808.0,33727.0,33773.0,1756.0
2026-03-26 01:15:00,1774458900,33766.0,33818.0,33733.0,33796.0,1421.0
2026-03-26 01:30:00,1774459800,33798.0,33883.0,33771.0,33858.0,2572.0
2026-03-26 01:45:00,1774460700,33857.0,33863.0,33757.0,33795.0,2303.0
2026-03-26 02:00:00,1774461600,33791.0,33828.0,33776.0,33816.0,812.0
2026-03-26 02:15:00,1774462500,33815.0,33852.0,33806.0,33812.0,787.0
2026-03-26 02:30:00,1774463400,33813.0,33846.0,33779.0,33790.0,633.0
2026-03-26 02:45:00,1774464300,33789.0,33806.0,33689.0,33760.0,1844.0
2026-03-26 03:00:00,1774465200,33756.0,33765.0,33714.0,33765.0,600.0
2026-03-26 03:15:00,1774466100,33762.0,33797.0,33756.0,33759.0,495.0
2026-03-26 03:30:00,1774467000,33758.0,33766.0,33721.0,33736.0,443.0
2026-03-26 03:45:00,1774467900,33737.0,33790.0,33735.0,33780.0,734.0
2026-03-26 04:00:00,1774468800,33773.0,33833.0,33738.0,33830.0,713.0
2026-03-26 04:15:00,1774469700,33832.0,33843.0,33788.0,33788.0,515.0
2026-03-26 04:30:00,1774470600,33790.0,33805.0,33782.0,33791.0,231.0
2026-03-26 04:45:00,1774471500,33790.0,33797.0,33765.0,33797.0,406.0
2026-03-26 08:45:00,1774485900,33845.0,33867.0,33736.0,33736.0,9591.0
2026-03-26 09:00:00,1774486800,33736.0,33848.0,33717.0,33801.0,10998.0
2026-03-26 09:15:00,1774487700,33802.0,33853.0,33733.0,33850.0,8921.0
2026-03-26 09:30:00,1774488600,33845.0,34025.0,33838.0,33937.0,18259.0
2026-03-26 09:45:00,1774489500,33940.0,34016.0,33904.0,33947.0,6985.0
2026-03-26 10:00:00,1774490400,33950.0,33961.0,33751.0,33775.0,10394.0
2026-03-26 10:15:00,1774491300,33775.0,33794.0,33506.0,33534.0,17187.0
2026-03-26 10:30:00,1774492200,33539.0,33565.0,33415.0,33498.0,13566.0
2026-03-26 10:45:00,1774493100,33499.0,33560.0,33461.0,33535.0,7915.0
2026-03-26 11:00:00,1774494000,33533.0,33647.0,33506.0,33630.0,6577.0
2026-03-26 11:15:00,1774494900,33626.0,33648.0,33545.0,33613.0,4570.0
2026-03-26 11:30:00,1774495800,33612.0,33723.0,33604.0,33690.0,6005.0
2026-03-26 11:45:00,1774496700,33686.0,33693.0,33628.0,33662.0,3119.0
2026-03-26 12:00:00,1774497600,33661.0,33680.0,33611.0,33654.0,2779.0
2026-03-26 12:15:00,1774498500,33653.0,33697.0,33646.0,33668.0,2046.0
2026-03-26 12:30:00,1774499400,33669.0,33677.0,33616.0,33636.0,2029.0
2026-03-26 12:45:00,1774500300,33635.0,33650.0,33540.0,33547.0,3872.0
2026-03-26 13:00:00,1774501200,33548.0,33575.0,33455.0,33492.0,5281.0
2026-03-26 13:15:00,1774502100,33492.0,33520.0,33381.0,33400.0,6430.0
2026-03-26 13:30:00,1774503000,33403.0,33476.0,33350.0,33446.0,7322.0
2026-03-26 13:45:00,1774503900,33438.0,33454.0,33437.0,33454.0,8.0
2026-03-26 15:00:00,1774508400,33477.0,33528.0,33426.0,33455.0,5203.0
2026-03-26 15:15:00,1774509300,33454.0,33544.0,33396.0,33493.0,4040.0
2026-03-26 15:30:00,1774510200,33495.0,33533.0,33461.0,33479.0,2434.0
2026-03-26 15:45:00,1774511100,33483.0,33508.0,33434.0,33452.0,2022.0
2026-03-26 16:00:00,1774512000,33450.0,33506.0,33380.0,33384.0,3172.0
2026-03-26 16:15:00,1774512900,33384.0,33406.0,33296.0,33313.0,5594.0
2026-03-26 16:30:00,1774513800,33315.0,33404.0,33314.0,33324.0,3457.0
2026-03-26 16:45:00,1774514700,33324.0,33392.0,33308.0,33380.0,2459.0
2026-03-26 17:00:00,1774515600,33384.0,33394.0,33275.0,33336.0,5468.0
2026-03-26 17:15:00,1774516500,33335.0,33343.0,33279.0,33288.0,2659.0
2026-03-26 17:30:00,1774517400,33285.0,33294.0,33222.0,33273.0,3805.0
2026-03-26 17:45:00,1774518300,33280.0,33347.0,33270.0,33326.0,2481.0
2026-03-26 18:00:00,1774519200,33329.0,33379.0,33300.0,33357.0,2109.0
2026-03-26 18:15:00,1774520100,33358.0,33384.0,33323.0,33373.0,1664.0
2026-03-26 18:30:00,1774521000,33374.0,33382.0,33305.0,33318.0,1846.0
2026-03-26 18:45:00,1774521900,33318.0,33344.0,33306.0,33340.0,992.0
2026-03-26 19:00:00,1774522800,33342.0,33347.0,33250.0,33252.0,2089.0
2026-03-26 19:15:00,1774523700,33253.0,33288.0,33185.0,33221.0,3590.0
2026-03-26 19:30:00,1774524600,33221.0,33245.0,33194.0,33203.0,2209.0
2026-03-26 19:45:00,1774525500,33206.0,33225.0,33152.0,33160.0,3094.0
2026-03-26 20:00:00,1774526400,33160.0,33247.0,33134.0,33233.0,3936.0
2026-03-26 20:15:00,1774527300,33235.0,33251.0,33215.0,33228.0,1732.0
2026-03-26 20:30:00,1774528200,33226.0,33238.0,33120.0,33142.0,3769.0
2026-03-26 20:45:00,1774529100,33144.0,33192.0,33138.0,33186.0,2020.0
2026-03-26 21:00:00,1774530000,33182.0,33248.0,33180.0,33216.0,2618.0
2026-03-26 21:15:00,1774530900,33215.0,33241.0,33175.0,33198.0,2123.0
2026-03-26 21:30:00,1774531800,33199.0,33217.0,33077.0,33194.0,10020.0
2026-03-26 21:45:00,1774532700,33191.0,33308.0,33156.0,33248.0,12384.0
2026-03-26 22:00:00,1774533600,33244.0,33286.0,33172.0,33284.0,6802.0
2026-03-26 22:15:00,1774534500,33281.0,33317.0,33201.0,33203.0,5588.0
2026-03-26 22:30:00,1774535400,33205.0,33293.0,33112.0,33122.0,6517.0
2026-03-26 22:45:00,1774536300,33121.0,33145.0,32986.0,33060.0,10260.0
2026-03-26 23:00:00,1774537200,33059.0,33119.0,33057.0,33079.0,5264.0
2026-03-26 23:15:00,1774538100,33080.0,33092.0,33017.0,33045.0,3332.0
2026-03-26 23:30:00,1774539000,33043.0,33052.0,32963.0,32991.0,4996.0
2026-03-26 23:45:00,1774539900,32994.0,33100.0,32967.0,33050.0,5208.0
2026-03-27 00:00:00,1774540800,33049.0,33068.0,33013.0,33062.0,2126.0
2026-03-27 00:15:00,1774541700,33060.0,33060.0,32915.0,32932.0,5154.0
2026-03-27 00:30:00,1774542600,32932.0,32949.0,32887.0,32902.0,3296.0
2026-03-27 00:45:00,1774543500,32902.0,32920.0,32847.0,32879.0,3137.0
2026-03-27 01:00:00,1774544400,32878.0,32942.0,32865.0,32875.0,2631.0
2026-03-27 01:15:00,1774545300,32875.0,32898.0,32807.0,32847.0,2762.0
2026-03-27 01:30:00,1774546200,32844.0,32870.0,32793.0,32799.0,2398.0
2026-03-27 01:45:00,1774547100,32800.0,32816.0,32731.0,32741.0,2698.0
2026-03-27 02:00:00,1774548000,32744.0,32782.0,32728.0,32740.0,1901.0
2026-03-27 02:15:00,1774548900,32741.0,32754.0,32700.0,32703.0,2055.0
2026-03-27 02:30:00,1774549800,32706.0,32784.0,32703.0,32767.0,1791.0
2026-03-27 02:45:00,1774550700,32766.0,32865.0,32748.0,32840.0,2427.0
2026-03-27 03:00:00,1774551600,32840.0,32857.0,32701.0,32744.0,1946.0
2026-03-27 03:15:00,1774552500,32746.0,32797.0,32735.0,32751.0,1111.0
2026-03-27 03:30:00,1774553400,32752.0,32767.0,32701.0,32719.0,918.0
2026-03-27 03:45:00,1774554300,32724.0,32742.0,32634.0,32658.0,2228.0
2026-03-27 04:00:00,1774555200,32660.0,33099.0,32656.0,32919.0,7252.0
2026-03-27 04:15:00,1774556100,32914.0,32957.0,32795.0,32859.0,2740.0
2026-03-27 04:30:00,1774557000,32859.0,32886.0,32842.0,32858.0,697.0
2026-03-27 04:45:00,1774557900,32860.0,32866.0,32789.0,32812.0,1044.0
2026-03-27 08:45:00,1774572300,32765.0,32822.0,32663.0,32786.0,11939.0
2026-03-27 09:00:00,1774573200,32788.0,32880.0,32682.0,32835.0,14500.0
2026-03-27 09:15:00,1774574100,32838.0,32938.0,32733.0,32934.0,10493.0
2026-03-27 09:30:00,1774575000,32930.0,33028.0,32910.0,32976.0,9660.0
2026-03-27 09:45:00,1774575900,32975.0,32983.0,32858.0,32908.0,8140.0
2026-03-27 10:00:00,1774576800,32901.0,32946.0,32756.0,32767.0,8037.0
2026-03-27 10:15:00,1774577700,32769.0,32841.0,32706.0,32830.0,8181.0
2026-03-27 10:30:00,1774578600,32827.0,32925.0,32799.0,32891.0,6226.0
2026-03-27 10:45:00,1774579500,32887.0,32945.0,32848.0,32896.0,4463.0
2026-03-27 11:00:00,1774580400,32899.0,32959.0,32860.0,32873.0,3994.0
2026-03-27 11:15:00,1774581300,32874.0,32933.0,32859.0,32920.0,2530.0
2026-03-27 11:30:00,1774582200,32920.0,33050.0,32918.0,32994.0,6628.0
2026-03-27 11:45:00,1774583100,32997.0,33051.0,32980.0,33050.0,3483.0
2026-03-27 12:00:00,1774584000,33047.0,33049.0,32964.0,32984.0,3214.0
2026-03-27 12:15:00,1774584900,32983.0,33006.0,32935.0,33001.0,3224.0
2026-03-27 12:30:00,1774585800,33001.0,33045.0,32995.0,33045.0,2478.0
2026-03-27 12:45:00,1774586700,33044.0,33141.0,33027.0,33118.0,6185.0
2026-03-27 13:00:00,1774587600,33120.0,33220.0,33116.0,33198.0,6312.0
2026-03-27 13:15:00,1774588500,33199.0,33242.0,33146.0,33185.0,6600.0
2026-03-27 13:30:00,1774589400,33184.0,33192.0,33117.0,33130.0,4405.0
2026-03-27 15:00:00,1774594800,33048.0,33065.0,32988.0,33014.0,5266.0
2026-03-27 15:15:00,1774595700,33012.0,33019.0,32916.0,32925.0,3805.0
2026-03-27 15:30:00,1774596600,32926.0,32958.0,32890.0,32916.0,3651.0
2026-03-27 15:45:00,1774597500,32918.0,32966.0,32903.0,32917.0,2359.0
2026-03-27 16:00:00,1774598400,32920.0,32964.0,32831.0,32872.0,5115.0
2026-03-27 16:15:00,1774599300,32876.0,32885.0,32763.0,32778.0,4065.0
2026-03-27 16:30:00,1774600200,32780.0,32825.0,32741.0,32791.0,4033.0
2026-03-27 16:45:00,1774601100,32789.0,32819.0,32745.0,32758.0,2812.0
2026-03-27 17:00:00,1774602000,32763.0,32781.0,32599.0,32661.0,7378.0
2026-03-27 17:15:00,1774602900,32660.0,32775.0,32655.0,32754.0,4733.0
2026-03-27 17:30:00,1774603800,32756.0,32799.0,32716.0,32733.0,3241.0
2026-03-27 17:45:00,1774604700,32730.0,32732.0,32638.0,32648.0,3118.0
2026-03-27 18:00:00,1774605600,32646.0,32755.0,32621.0,32695.0,3691.0
2026-03-27 18:15:00,1774606500,32699.0,32748.0,32690.0,32710.0,1753.0
2026-03-27 18:30:00,1774607400,32710.0,32720.0,32608.0,32638.0,3543.0
2026-03-27 18:45:00,1774608300,32637.0,32638.0,32486.0,32498.0,6900.0
2026-03-27 19:00:00,1774609200,32501.0,32524.0,32428.0,32504.0,5949.0
2026-03-27 19:15:00,1774610100,32504.0,32551.0,32495.0,32538.0,3030.0
2026-03-27 19:30:00,1774611000,32537.0,32576.0,32511.0,32564.0,2730.0
2026-03-27 19:45:00,1774611900,32565.0,32626.0,32547.0,32555.0,3860.0
2026-03-27 20:00:00,1774612800,32555.0,32566.0,32486.0,32535.0,3551.0
2026-03-27 20:15:00,1774613700,32534.0,32592.0,32525.0,32574.0,2381.0
2026-03-27 20:30:00,1774614600,32574.0,32604.0,32525.0,32578.0,2646.0
2026-03-27 20:45:00,1774615500,32579.0,32648.0,32551.0,32583.0,3299.0
2026-03-27 21:00:00,1774616400,32585.0,32593.0,32510.0,32543.0,2522.0
2026-03-27 21:15:00,1774617300,32544.0,32614.0,32540.0,32588.0,2444.0
2026-03-27 21:30:00,1774618200,32584.0,32639.0,32506.0,32571.0,8213.0
2026-03-27 21:45:00,1774619100,32569.0,32685.0,32396.0,32425.0,13461.0
2026-03-27 22:00:00,1774620000,32425.0,32534.0,32371.0,32504.0,9110.0
2026-03-27 22:15:00,1774620900,32503.0,32618.0,32487.0,32497.0,7858.0
2026-03-27 22:30:00,1774621800,32495.0,32539.0,32437.0,32475.0,4797.0
2026-03-27 22:45:00,1774622700,32476.0,32577.0,32449.0,32559.0,5036.0
2026-03-27 23:00:00,1774623600,32558.0,32645.0,32549.0,32573.0,5427.0
2026-03-27 23:15:00,1774624500,32572.0,32707.0,32519.0,32688.0,7723.0
2026-03-27 23:30:00,1774625400,32688.0,32760.0,32607.0,32632.0,8107.0
2026-03-27 23:45:00,1774626300,32633.0,32682.0,32585.0,32605.0,3498.0
2026-03-28 00:00:00,1774627200,32608.0,32633.0,32549.0,32576.0,3709.0
2026-03-28 00:15:00,1774628100,32579.0,32603.0,32546.0,32566.0,2788.0
2026-03-28 00:30:00,1774629000,32567.0,32594.0,32499.0,32584.0,3479.0
2026-03-28 00:45:00,1774629900,32583.0,32611.0,32565.0,32568.0,2186.0
2026-03-28 01:00:00,1774630800,32567.0,32629.0,32517.0,32542.0,3353.0
2026-03-28 01:15:00,1774631700,32545.0,32546.0,32450.0,32453.0,2771.0
2026-03-28 01:30:00,1774632600,32454.0,32496.0,32412.0,32422.0,2314.0
2026-03-28 01:45:00,1774633500,32422.0,32451.0,32396.0,32424.0,2351.0
2026-03-28 02:00:00,1774634400,32423.0,32444.0,32382.0,32415.0,1739.0
2026-03-28 02:15:00,1774635300,32416.0,32472.0,32407.0,32437.0,1503.0
2026-03-28 02:30:00,1774636200,32440.0,32497.0,32423.0,32432.0,1372.0
2026-03-28 02:45:00,1774637100,32435.0,32449.0,32410.0,32431.0,654.0
2026-03-28 03:00:00,1774638000,32430.0,32437.0,32308.0,32360.0,4034.0
2026-03-28 03:15:00,1774638900,32357.0,32398.0,32347.0,32364.0,980.0
2026-03-28 03:30:00,1774639800,32365.0,32377.0,32300.0,32315.0,1233.0
2026-03-28 03:45:00,1774640700,32315.0,32463.0,32282.0,32425.0,2708.0
2026-03-28 04:00:00,1774641600,32428.0,32476.0,32341.0,32355.0,1598.0
2026-03-28 04:15:00,1774642500,32360.0,32360.0,32287.0,32328.0,1004.0
2026-03-28 04:30:00,1774643400,32327.0,32335.0,32261.0,32295.0,1391.0
2026-03-28 04:45:00,1774644300,32297.0,32304.0,32250.0,32250.0,1387.0
2026-03-30 08:45:00,1774831500,32030.0,32248.0,32018.0,32247.0,18169.0
2026-03-30 09:00:00,1774832400,32247.0,32463.0,32222.0,32415.0,18410.0
2026-03-30 09:15:00,1774833300,32414.0,32475.0,32353.0,32458.0,9931.0
2026-03-30 09:30:00,1774834200,32456.0,32501.0,32384.0,32495.0,8897.0
2026-03-30 09:45:00,1774835100,32497.0,32520.0,32390.0,32445.0,8371.0
2026-03-30 10:00:00,1774836000,32448.0,32544.0,32417.0,32463.0,7380.0
2026-03-30 10:15:00,1774836900,32462.0,32462.0,32243.0,32274.0,10356.0
2026-03-30 10:30:00,1774837800,32279.0,32368.0,32245.0,32333.0,7050.0
2026-03-30 10:45:00,1774838700,32333.0,32525.0,32326.0,32499.0,8483.0
2026-03-30 11:00:00,1774839600,32499.0,32644.0,32481.0,32598.0,8380.0
2026-03-30 11:15:00,1774840500,32599.0,32645.0,32581.0,32628.0,4049.0
2026-03-30 11:30:00,1774841400,32629.0,32636.0,32569.0,32601.0,2614.0
2026-03-30 11:45:00,1774842300,32602.0,32620.0,32548.0,32611.0,3081.0
2026-03-30 12:00:00,1774843200,32611.0,32665.0,32572.0,32620.0,3960.0
2026-03-30 12:15:00,1774844100,32623.0,32712.0,32617.0,32664.0,4209.0
2026-03-30 12:30:00,1774845000,32662.0,32668.0,32561.0,32577.0,4230.0
2026-03-30 12:45:00,1774845900,32575.0,32609.0,32536.0,32556.0,3788.0
2026-03-30 13:00:00,1774846800,32557.0,32635.0,32555.0,32597.0,3468.0
2026-03-30 13:15:00,1774847700,32591.0,32625.0,32540.0,32552.0,3754.0
2026-03-30 13:30:00,1774848600,32552.0,32586.0,32466.0,32479.0,5441.0
2026-03-30 15:00:00,1774854000,32630.0,32645.0,32530.0,32570.0,4682.0
2026-03-30 15:15:00,1774854900,32574.0,32594.0,32487.0,32531.0,3321.0
2026-03-30 15:30:00,1774855800,32536.0,32572.0,32512.0,32540.0,2061.0
2026-03-30 15:45:00,1774856700,32541.0,32614.0,32535.0,32598.0,2302.0
2026-03-30 16:00:00,1774857600,32595.0,32633.0,32550.0,32625.0,2721.0
2026-03-30 16:15:00,1774858500,32624.0,32663.0,32590.0,32612.0,2972.0
2026-03-30 16:30:00,1774859400,32611.0,32683.0,32604.0,32676.0,2733.0
2026-03-30 16:45:00,1774860300,32676.0,32707.0,32642.0,32700.0,2154.0
2026-03-30 17:00:00,1774861200,32699.0,32705.0,32636.0,32644.0,1927.0
2026-03-30 17:15:00,1774862100,32646.0,32646.0,32586.0,32619.0,2683.0
2026-03-30 17:30:00,1774863000,32625.0,32644.0,32564.0,32586.0,2315.0
2026-03-30 17:45:00,1774863900,32587.0,32628.0,32575.0,32620.0,1351.0
2026-03-30 18:00:00,1774864800,32620.0,32623.0,32573.0,32587.0,1433.0
2026-03-30 18:15:00,1774865700,32588.0,32625.0,32571.0,32610.0,1001.0
2026-03-30 18:30:00,1774866600,32606.0,32611.0,32550.0,32568.0,1667.0
2026-03-30 18:45:00,1774867500,32568.0,32636.0,32560.0,32626.0,1708.0
2026-03-30 19:00:00,1774868400,32627.0,32674.0,32625.0,32651.0,2004.0
2026-03-30 19:15:00,1774869300,32651.0,32861.0,32640.0,32801.0,7984.0
2026-03-30 19:30:00,1774870200,32800.0,32824.0,32720.0,32739.0,3872.0
2026-03-30 19:45:00,1774871100,32738.0,32762.0,32708.0,32722.0,2087.0
2026-03-30 20:00:00,1774872000,32722.0,32729.0,32664.0,32685.0,2691.0
2026-03-30 20:15:00,1774872900,32683.0,32785.0,32668.0,32774.0,2766.0
2026-03-30 20:30:00,1774873800,32772.0,32792.0,32753.0,32786.0,1753.0
2026-03-30 20:45:00,1774874700,32784.0,32798.0,32760.0,32796.0,1369.0
2026-03-30 21:00:00,1774875600,32797.0,32833.0,32736.0,32766.0,3045.0
2026-03-30 21:15:00,1774876500,32769.0,32783.0,32750.0,32760.0,1203.0
2026-03-30 21:30:00,1774877400,32758.0,32794.0,32491.0,32547.0,12367.0
2026-03-30 21:45:00,1774878300,32545.0,32560.0,32306.0,32339.0,13507.0
2026-03-30 22:00:00,1774879200,32339.0,32512.0,32328.0,32477.0,10245.0
2026-03-30 22:15:00,1774880100,32478.0,32495.0,32373.0,32395.0,5890.0
2026-03-30 22:30:00,1774881000,32397.0,32454.0,32286.0,32298.0,9217.0
2026-03-30 22:45:00,1774881900,32296.0,32473.0,32282.0,32460.0,7786.0
2026-03-30 23:00:00,1774882800,32461.0,32544.0,32374.0,32382.0,7409.0
2026-03-30 23:15:00,1774883700,32383.0,32419.0,32331.0,32371.0,4134.0
2026-03-30 23:30:00,1774884600,32375.0,32495.0,32360.0,32492.0,4480.0
2026-03-30 23:45:00,1774885500,32493.0,32522.0,32434.0,32447.0,3359.0
2026-03-31 00:00:00,1774886400,32445.0,32450.0,32352.0,32380.0,3328.0
2026-03-31 00:15:00,1774887300,32381.0,32381.0,32308.0,32312.0,2748.0
2026-03-31 00:30:00,1774888200,32311.0,32379.0,32305.0,32350.0,2139.0
2026-03-31 00:45:00,1774889100,32352.0,32364.0,32312.0,32329.0,1301.0
2026-03-31 01:00:00,1774890000,32335.0,32356.0,32188.0,32194.0,5208.0
2026-03-31 01:15:00,1774890900,32197.0,32214.0,32090.0,32097.0,4214.0
2026-03-31 01:30:00,1774891800,32101.0,32160.0,32058.0,32150.0,3581.0
2026-03-31 01:45:00,1774892700,32151.0,32192.0,32100.0,32112.0,2075.0
2026-03-31 02:00:00,1774893600,32112.0,32136.0,32079.0,32132.0,1450.0
2026-03-31 02:15:00,1774894500,32130.0,32147.0,32064.0,32079.0,1341.0
2026-03-31 02:30:00,1774895400,32082.0,32122.0,32045.0,32065.0,1543.0
2026-03-31 02:45:00,1774896300,32068.0,32084.0,31963.0,31987.0,3345.0
2026-03-31 03:00:00,1774897200,31989.0,32002.0,31901.0,31937.0,2485.0
2026-03-31 03:15:00,1774898100,31943.0,31985.0,31914.0,31947.0,1243.0
2026-03-31 03:30:00,1774899000,31949.0,32079.0,31946.0,32064.0,2283.0
2026-03-31 03:45:00,1774899900,32065.0,32126.0,32038.0,32114.0,1759.0
2026-03-31 04:00:00,1774900800,32110.0,32146.0,32010.0,32019.0,1537.0
2026-03-31 04:15:00,1774901700,32025.0,32055.0,32023.0,32054.0,445.0
2026-03-31 04:30:00,1774902600,32052.0,32053.0,32026.0,32038.0,285.0
2026-03-31 04:45:00,1774903500,32039.0,32050.0,32023.0,32041.0,511.0
2026-03-31 08:45:00,1774917900,32000.0,32270.0,31981.0,32203.0,18362.0
2026-03-31 09:00:00,1774918800,32202.0,32325.0,31970.0,32032.0,22275.0
2026-03-31 09:15:00,1774919700,32032.0,32276.0,32015.0,32270.0,14735.0
2026-03-31 09:30:00,1774920600,32265.0,32449.0,32255.0,32351.0,14617.0
2026-03-31 09:45:00,1774921500,32354.0,32405.0,32266.0,32333.0,8488.0
2026-03-31 10:00:00,1774922400,32336.0,32385.0,32260.0,32273.0,6033.0
2026-03-31 10:15:00,1774923300,32274.0,32366.0,32210.0,32224.0,8922.0
2026-03-31 10:30:00,1774924200,32225.0,32304.0,32163.0,32204.0,7135.0
2026-03-31 10:45:00,1774925100,32206.0,32383.0,32202.0,32204.0,8070.0
2026-03-31 11:00:00,1774926000,32203.0,32325.0,32185.0,32271.0,5533.0
2026-03-31 11:15:00,1774926900,32271.0,32284.0,32104.0,32112.0,6053.0
2026-03-31 11:30:00,1774927800,32112.0,32129.0,31946.0,31955.0,8834.0
2026-03-31 11:45:00,1774928700,31952.0,31985.0,31816.0,31841.0,11938.0
2026-03-31 12:00:00,1774929600,31842.0,31927.0,31810.0,31831.0,8364.0
2026-03-31 12:15:00,1774930500,31828.0,31939.0,31805.0,31829.0,7401.0
2026-03-31 12:30:00,1774931400,31829.0,31937.0,31816.0,31909.0,4880.0
2026-03-31 12:45:00,1774932300,31910.0,31935.0,31847.0,31906.0,4029.0
2026-03-31 13:00:00,1774933200,31906.0,31952.0,31854.0,31855.0,4809.0
2026-03-31 13:15:00,1774934100,31860.0,31979.0,31831.0,31925.0,6244.0
2026-03-31 13:30:00,1774935000,31929.0,31995.0,31903.0,31972.0,6286.0
2026-03-31 15:00:00,1774940400,31936.0,31995.0,31847.0,31866.0,5153.0
2026-03-31 15:15:00,1774941300,31867.0,31874.0,31742.0,31839.0,6333.0
2026-03-31 15:30:00,1774942200,31840.0,31982.0,31840.0,31965.0,4947.0
2026-03-31 15:45:00,1774943100,31968.0,32045.0,31963.0,32033.0,4377.0
2026-03-31 16:00:00,1774944000,32035.0,32049.0,31965.0,31976.0,3548.0
2026-03-31 16:15:00,1774944900,31975.0,32005.0,31954.0,31971.0,1928.0
2026-03-31 16:30:00,1774945800,31975.0,31989.0,31901.0,31902.0,2619.0
2026-03-31 16:45:00,1774946700,31907.0,31982.0,31867.0,31924.0,3422.0
2026-03-31 17:00:00,1774947600,31923.0,31988.0,31910.0,31950.0,1773.0
2026-03-31 17:15:00,1774948500,31949.0,32002.0,31924.0,31930.0,1733.0
2026-03-31 17:30:00,1774949400,31935.0,31954.0,31883.0,31940.0,2079.0
2026-03-31 17:45:00,1774950300,31938.0,31972.0,31881.0,31910.0,1738.0
2026-03-31 18:00:00,1774951200,31911.0,31984.0,31908.0,31927.0,1737.0
2026-03-31 18:15:00,1774952100,31928.0,31945.0,31888.0,31941.0,1361.0
2026-03-31 18:30:00,1774953000,31936.0,31955.0,31821.0,31841.0,2770.0
2026-03-31 18:45:00,1774953900,31839.0,31929.0,31833.0,31921.0,2233.0
2026-03-31 19:00:00,1774954800,31917.0,32028.0,31866.0,31997.0,4969.0
2026-03-31 19:15:00,1774955700,31998.0,32169.0,31986.0,32105.0,8659.0
2026-03-31 19:30:00,1774956600,32101.0,32127.0,32041.0,32125.0,3556.0
2026-03-31 19:45:00,1774957500,32126.0,32129.0,32072.0,32099.0,1679.0
2026-03-31 20:00:00,1774958400,32100.0,32193.0,32060.0,32077.0,5292.0
2026-03-31 20:15:00,1774959300,32078.0,32159.0,32046.0,32139.0,3777.0
2026-03-31 20:30:00,1774960200,32140.0,32175.0,32130.0,32171.0,2449.0
2026-03-31 20:45:00,1774961100,32171.0,32183.0,32104.0,32106.0,2035.0
2026-03-31 21:00:00,1774962000,32108.0,32137.0,32096.0,32124.0,1507.0
2026-03-31 21:15:00,1774962900,32122.0,32173.0,32120.0,32153.0,1642.0
2026-03-31 21:30:00,1774963800,32151.0,32256.0,32139.0,32172.0,9503.0
2026-03-31 21:45:00,1774964700,32180.0,32395.0,32179.0,32395.0,9463.0
2026-03-31 22:00:00,1774965600,32392.0,32421.0,32346.0,32389.0,6699.0
2026-03-31 22:15:00,1774966500,32388.0,32458.0,32373.0,32429.0,5781.0
2026-03-31 22:30:00,1774967400,32430.0,32465.0,32321.0,32333.0,5942.0
2026-03-31 22:45:00,1774968300,32335.0,32356.0,32188.0,32240.0,8549.0
2026-03-31 23:00:00,1774969200,32241.0,32414.0,32235.0,32407.0,7344.0
2026-03-31 23:15:00,1774970100,32410.0,32418.0,32318.0,32318.0,4969.0
2026-03-31 23:30:00,1774971000,32317.0,32369.0,32293.0,32314.0,3217.0
2026-03-31 23:45:00,1774971900,32311.0,32358.0,32262.0,32275.0,3329.0
2026-04-01 00:00:00,1774972800,32276.0,32356.0,32266.0,32344.0,2719.0
2026-04-01 00:15:00,1774973700,32346.0,32410.0,32344.0,32365.0,2479.0
2026-04-01 00:30:00,1774974600,32366.0,32971.0,32350.0,32864.0,15960.0
2026-04-01 00:45:00,1774975500,32859.0,32936.0,32748.0,32811.0,10452.0
2026-04-01 01:00:00,1774976400,32810.0,32930.0,32793.0,32888.0,6569.0
2026-04-01 01:15:00,1774977300,32891.0,32933.0,32858.0,32876.0,3308.0
2026-04-01 01:30:00,1774978200,32875.0,32939.0,32833.0,32870.0,3856.0
2026-04-01 01:45:00,1774979100,32870.0,32897.0,32829.0,32850.0,1806.0
2026-04-01 02:00:00,1774980000,32850.0,32924.0,32849.0,32918.0,1699.0
2026-04-01 02:15:00,1774980900,32918.0,32942.0,32876.0,32905.0,1312.0
2026-04-01 02:30:00,1774981800,32903.0,32939.0,32880.0,32920.0,838.0
2026-04-01 02:45:00,1774982700,32922.0,32958.0,32917.0,32947.0,1164.0
2026-04-01 03:00:00,1774983600,32947.0,32998.0,32939.0,32995.0,2620.0
2026-04-01 03:15:00,1774984500,32996.0,33039.0,32988.0,33000.0,2117.0
2026-04-01 03:30:00,1774985400,33002.0,33095.0,32993.0,33093.0,1911.0
2026-04-01 03:45:00,1774986300,33091.0,33198.0,33080.0,33160.0,3899.0
2026-04-01 04:00:00,1774987200,33163.0,33173.0,33012.0,33088.0,2849.0
2026-04-01 04:15:00,1774988100,33086.0,33145.0,33081.0,33120.0,796.0
2026-04-01 04:30:00,1774989000,33118.0,33118.0,33052.0,33061.0,787.0
2026-04-01 04:45:00,1774989900,33061.0,33083.0,33050.0,33076.0,820.0
2026-04-01 08:45:00,1775004300,33034.0,33166.0,33029.0,33152.0,12824.0
2026-04-01 09:00:00,1775005200,33156.0,33184.0,32908.0,32973.0,18161.0
2026-04-01 09:15:00,1775006100,32972.0,33180.0,32959.0,33153.0,12254.0
2026-04-01 09:30:00,1775007000,33150.0,33235.0,33092.0,33140.0,12459.0
2026-04-01 09:45:00,1775007900,33135.0,33210.0,33094.0,33199.0,5770.0
2026-04-01 10:00:00,1775008800,33201.0,33293.0,33157.0,33182.0,9913.0
2026-04-01 10:15:00,1775009700,33178.0,33254.0,33155.0,33226.0,4421.0
2026-04-01 10:30:00,1775010600,33226.0,33284.0,33172.0,33265.0,4607.0
2026-04-01 10:45:00,1775011500,33266.0,33300.0,33244.0,33270.0,4527.0
2026-04-01 11:00:00,1775012400,33271.0,33329.0,33262.0,33300.0,4320.0
2026-04-01 11:15:00,1775013300,33303.0,33340.0,33261.0,33310.0,3893.0
2026-04-01 11:30:00,1775014200,33311.0,33344.0,33305.0,33323.0,2136.0
2026-04-01 11:45:00,1775015100,33323.0,33335.0,33269.0,33292.0,2292.0
2026-04-01 12:00:00,1775016000,33291.0,33312.0,33256.0,33276.0,2225.0
2026-04-01 12:15:00,1775016900,33272.0,33314.0,33266.0,33286.0,1761.0
2026-04-01 12:30:00,1775017800,33283.0,33343.0,33268.0,33329.0,2653.0
2026-04-01 12:45:00,1775018700,33328.0,33376.0,33316.0,33348.0,3801.0
2026-04-01 13:00:00,1775019600,33345.0,33410.0,33343.0,33360.0,4580.0
2026-04-01 13:15:00,1775020500,33360.0,33388.0,33336.0,33383.0,3271.0
2026-04-01 13:30:00,1775021400,33383.0,33400.0,33328.0,33399.0,5754.0
2026-04-01 15:00:00,1775026800,33620.0,33620.0,33515.0,33569.0,7665.0
2026-04-01 15:15:00,1775027700,33571.0,33590.0,33533.0,33585.0,2466.0
2026-04-01 15:30:00,1775028600,33585.0,33724.0,33583.0,33677.0,7339.0
2026-04-01 15:45:00,1775029500,33674.0,33685.0,33427.0,33457.0,7749.0
2026-04-01 16:00:00,1775030400,33456.0,33478.0,33337.0,33412.0,8130.0
2026-04-01 16:15:00,1775031300,33412.0,33515.0,33406.0,33473.0,4668.0
2026-04-01 16:30:00,1775032200,33475.0,33519.0,33468.0,33493.0,2361.0
2026-04-01 16:45:00,1775033100,33492.0,33509.0,33410.0,33461.0,2716.0
2026-04-01 17:00:00,1775034000,33469.0,33496.0,33384.0,33396.0,3065.0
2026-04-01 17:15:00,1775034900,33397.0,33405.0,33317.0,33375.0,4056.0
2026-04-01 17:30:00,1775035800,33375.0,33440.0,33375.0,33415.0,2500.0
2026-04-01 17:45:00,1775036700,33414.0,33482.0,33412.0,33433.0,2539.0
2026-04-01 18:00:00,1775037600,33435.0,33449.0,33396.0,33424.0,1499.0
2026-04-01 18:15:00,1775038500,33424.0,33457.0,33402.0,33427.0,1490.0
2026-04-01 18:30:00,1775039400,33429.0,33486.0,33412.0,33479.0,1684.0
2026-04-01 18:45:00,1775040300,33476.0,33562.0,33475.0,33520.0,3579.0
2026-04-01 19:00:00,1775041200,33521.0,33547.0,33500.0,33522.0,1533.0
2026-04-01 19:15:00,1775042100,33519.0,33532.0,33480.0,33512.0,1585.0
2026-04-01 19:30:00,1775043000,33514.0,33580.0,33506.0,33555.0,2649.0
2026-04-01 19:45:00,1775043900,33553.0,33566.0,33538.0,33539.0,1199.0
2026-04-01 20:00:00,1775044800,33537.0,33545.0,33472.0,33481.0,2366.0
2026-04-01 20:15:00,1775045700,33479.0,33516.0,33425.0,33461.0,2848.0
2026-04-01 20:30:00,1775046600,33461.0,33610.0,33457.0,33538.0,3687.0
2026-04-01 20:45:00,1775047500,33543.0,33585.0,33397.0,33407.0,6693.0
2026-04-01 21:00:00,1775048400,33412.0,33456.0,33363.0,33437.0,4114.0
2026-04-01 21:15:00,1775049300,33439.0,33458.0,33407.0,33441.0,2148.0
2026-04-01 21:30:00,1775050200,33442.0,33593.0,33368.0,33474.0,10817.0
2026-04-01 21:45:00,1775051100,33478.0,33557.0,33458.0,33515.0,5436.0
2026-04-01 22:00:00,1775052000,33514.0,33579.0,33495.0,33577.0,5453.0
2026-04-01 22:15:00,1775052900,33576.0,33705.0,33573.0,33685.0,8679.0
2026-04-01 22:30:00,1775053800,33685.0,33718.0,33561.0,33663.0,9118.0
2026-04-01 22:45:00,1775054700,33663.0,33780.0,33629.0,33761.0,7429.0
2026-04-01 23:00:00,1775055600,33760.0,33793.0,33746.0,33771.0,3952.0
2026-04-01 23:15:00,1775056500,33773.0,33827.0,33744.0,33750.0,4663.0
2026-04-01 23:30:00,1775057400,33750.0,33809.0,33714.0,33795.0,3439.0
2026-04-01 23:45:00,1775058300,33796.0,33834.0,33772.0,33810.0,2404.0
2026-04-02 00:00:00,1775059200,33812.0,33848.0,33792.0,33801.0,3193.0
2026-04-02 00:15:00,1775060100,33800.0,33824.0,33773.0,33781.0,1640.0
2026-04-02 00:30:00,1775061000,33780.0,33813.0,33765.0,33805.0,1498.0
2026-04-02 00:45:00,1775061900,33804.0,33861.0,33792.0,33843.0,1882.0
2026-04-02 01:00:00,1775062800,33844.0,33881.0,33828.0,33857.0,2052.0
2026-04-02 01:15:00,1775063700,33857.0,33872.0,33833.0,33833.0,1019.0
2026-04-02 01:30:00,1775064600,33834.0,33842.0,33725.0,33736.0,2482.0
2026-04-02 01:45:00,1775065500,33738.0,33747.0,33648.0,33648.0,2941.0
2026-04-02 02:00:00,1775066400,33650.0,33656.0,33589.0,33604.0,3479.0
2026-04-02 02:15:00,1775067300,33610.0,33614.0,33479.0,33489.0,3986.0
2026-04-02 02:30:00,1775068200,33491.0,33583.0,33438.0,33533.0,3817.0
2026-04-02 02:45:00,1775069100,33535.0,33549.0,33507.0,33513.0,1087.0
2026-04-02 03:00:00,1775070000,33512.0,33598.0,33502.0,33564.0,1516.0
2026-04-02 03:15:00,1775070900,33565.0,33634.0,33561.0,33623.0,1120.0
2026-04-02 03:30:00,1775071800,33628.0,33642.0,33564.0,33619.0,1176.0
2026-04-02 03:45:00,1775072700,33617.0,33633.0,33484.0,33515.0,1911.0
2026-04-02 04:00:00,1775073600,33514.0,33559.0,33473.0,33559.0,1024.0
2026-04-02 04:15:00,1775074500,33560.0,33568.0,33508.0,33518.0,449.0
2026-04-02 04:30:00,1775075400,33521.0,33558.0,33515.0,33546.0,265.0
2026-04-02 04:45:00,1775076300,33547.0,33578.0,33544.0,33568.0,499.0
2026-04-02 08:45:00,1775090700,33690.0,33690.0,33560.0,33654.0,11568.0
2026-04-02 09:00:00,1775091600,33651.0,33660.0,33375.0,33497.0,23307.0
2026-04-02 09:15:00,1775092500,33496.0,33507.0,33066.0,33111.0,28667.0
2026-04-02 09:30:00,1775093400,33106.0,33144.0,32867.0,32925.0,20860.0
2026-04-02 09:45:00,1775094300,32928.0,33017.0,32857.0,32925.0,13451.0
2026-04-02 10:00:00,1775095200,32924.0,32944.0,32738.0,32774.0,14020.0
2026-04-02 10:15:00,1775096100,32779.0,32870.0,32714.0,32724.0,9682.0
2026-04-02 10:30:00,1775097000,32723.0,32824.0,32663.0,32775.0,11202.0
2026-04-02 10:45:00,1775097900,32776.0,32819.0,32738.0,32781.0,5160.0
2026-04-02 11:00:00,1775098800,32785.0,32785.0,32683.0,32769.0,5067.0
2026-04-02 11:15:00,1775099700,32769.0,32797.0,32721.0,32738.0,3386.0
2026-04-02 11:30:00,1775100600,32738.0,32758.0,32585.0,32633.0,8046.0
2026-04-02 11:45:00,1775101500,32631.0,32636.0,32559.0,32606.0,4864.0
2026-04-02 12:00:00,1775102400,32608.0,32690.0,32575.0,32670.0,5732.0
2026-04-02 12:15:00,1775103300,32670.0,32699.0,32605.0,32611.0,3480.0
2026-04-02 12:30:00,1775104200,32616.0,32631.0,32578.0,32615.0,3093.0
2026-04-02 12:45:00,1775105100,32615.0,32623.0,32562.0,32614.0,3061.0
2026-04-02 13:00:00,1775106000,32615.0,32643.0,32558.0,32609.0,4037.0
2026-04-02 13:15:00,1775106900,32610.0,32628.0,32570.0,32590.0,3041.0
2026-04-02 13:30:00,1775107800,32591.0,32626.0,32496.0,32497.0,6432.0
2026-04-02 15:00:00,1775113200,32598.0,32614.0,32460.0,32499.0,6082.0
2026-04-02 15:15:00,1775114100,32498.0,32572.0,32484.0,32545.0,3378.0
2026-04-02 15:30:00,1775115000,32540.0,32620.0,32520.0,32608.0,2866.0
2026-04-02 15:45:00,1775115900,32609.0,32658.0,32601.0,32654.0,2822.0
2026-04-02 16:00:00,1775116800,32655.0,32677.0,32580.0,32609.0,2845.0
2026-04-02 16:15:00,1775117700,32609.0,32640.0,32566.0,32593.0,1744.0
2026-04-02 16:30:00,1775118600,32595.0,32648.0,32589.0,32606.0,1578.0
2026-04-02 16:45:00,1775119500,32609.0,32618.0,32585.0,32608.0,912.0
2026-04-02 17:00:00,1775120400,32607.0,32626.0,32532.0,32544.0,1894.0
2026-04-02 17:15:00,1775121300,32543.0,32647.0,32530.0,32607.0,2474.0
2026-04-02 17:30:00,1775122200,32606.0,32612.0,32556.0,32563.0,1464.0
2026-04-02 17:45:00,1775123100,32561.0,32576.0,32538.0,32556.0,1289.0
2026-04-02 18:00:00,1775124000,32557.0,32557.0,32406.0,32410.0,5350.0
2026-04-02 18:15:00,1775124900,32410.0,32436.0,32318.0,32350.0,4984.0
2026-04-02 18:30:00,1775125800,32352.0,32421.0,32341.0,32399.0,3131.0
2026-04-02 18:45:00,1775126700,32401.0,32424.0,32375.0,32403.0,1740.0
2026-04-02 19:00:00,1775127600,32403.0,32431.0,32356.0,32367.0,2365.0
2026-04-02 19:15:00,1775128500,32364.0,32373.0,32298.0,32303.0,3612.0
2026-04-02 19:30:00,1775129400,32304.0,32349.0,32294.0,32330.0,2032.0
2026-04-02 19:45:00,1775130300,32329.0,32348.0,32270.0,32275.0,2070.0
2026-04-02 20:00:00,1775131200,32277.0,32298.0,32219.0,32238.0,3482.0
2026-04-02 20:15:00,1775132100,32240.0,32328.0,32231.0,32310.0,2603.0
2026-04-02 20:30:00,1775133000,32314.0,32379.0,32292.0,32325.0,3186.0
2026-04-02 20:45:00,1775133900,32329.0,32397.0,32323.0,32337.0,2689.0
2026-04-02 21:00:00,1775134800,32337.0,32373.0,32304.0,32322.0,2252.0
2026-04-02 21:15:00,1775135700,32322.0,32353.0,32256.0,32320.0,2589.0
2026-04-02 21:30:00,1775136600,32324.0,32445.0,32190.0,32299.0,11980.0
2026-04-02 21:45:00,1775137500,32300.0,32525.0,32282.0,32513.0,9903.0
2026-04-02 22:00:00,1775138400,32513.0,32636.0,32482.0,32562.0,9758.0
2026-04-02 22:15:00,1775139300,32564.0,32650.0,32547.0,32591.0,7493.0
2026-04-02 22:30:00,1775140200,32590.0,33133.0,32580.0,32998.0,22657.0
2026-04-02 22:45:00,1775141100,32997.0,33016.0,32795.0,32909.0,12098.0
2026-04-02 23:00:00,1775142000,32908.0,32919.0,32798.0,32877.0,7735.0
2026-04-02 23:15:00,1775142900,32878.0,32895.0,32741.0,32844.0,7578.0
2026-04-02 23:30:00,1775143800,32847.0,32861.0,32778.0,32827.0,4185.0
2026-04-02 23:45:00,1775144700,32825.0,32830.0,32673.0,32738.0,5842.0
2026-04-03 00:00:00,1775145600,32737.0,32810.0,32704.0,32752.0,3571.0
2026-04-03 00:15:00,1775146500,32752.0,32778.0,32686.0,32733.0,3274.0
2026-04-03 00:30:00,1775147400,32735.0,32864.0,32716.0,32837.0,4807.0
2026-04-03 00:45:00,1775148300,32837.0,32858.0,32789.0,32789.0,2324.0
2026-04-03 01:00:00,1775149200,32791.0,32861.0,32757.0,32851.0,2147.0
2026-04-03 01:15:00,1775150100,32849.0,32899.0,32842.0,32872.0,2232.0
2026-04-03 01:30:00,1775151000,32876.0,32883.0,32806.0,32825.0,1710.0
2026-04-03 01:45:00,1775151900,32822.0,32829.0,32750.0,32787.0,2098.0
2026-04-03 02:00:00,1775152800,32785.0,32845.0,32783.0,32808.0,1429.0
2026-04-03 02:15:00,1775153700,32812.0,32819.0,32785.0,32795.0,736.0
2026-04-03 02:30:00,1775154600,32800.0,32848.0,32763.0,32832.0,1037.0
2026-04-03 02:45:00,1775155500,32832.0,32864.0,32829.0,32840.0,706.0
2026-04-03 03:00:00,1775156400,32840.0,32898.0,32832.0,32869.0,1007.0
2026-04-03 03:15:00,1775157300,32870.0,32873.0,32830.0,32846.0,738.0
2026-04-03 03:30:00,1775158200,32843.0,32849.0,32819.0,32821.0,529.0
2026-04-03 03:45:00,1775159100,32820.0,32894.0,32806.0,32885.0,1026.0
2026-04-03 04:00:00,1775160000,32889.0,32890.0,32836.0,32856.0,665.0
2026-04-03 04:15:00,1775160900,32857.0,32880.0,32840.0,32879.0,423.0
2026-04-03 04:30:00,1775161800,32876.0,32884.0,32830.0,32871.0,556.0
2026-04-03 04:45:00,1775162700,32870.0,32916.0,32843.0,32868.0,1473.0
2026-04-07 08:45:00,1775522700,33174.0,33282.0,33153.0,33233.0,13249.0
2026-04-07 09:00:00,1775523600,33233.0,33328.0,33126.0,33191.0,14893.0
2026-04-07 09:15:00,1775524500,33192.0,33347.0,33188.0,33326.0,9673.0
2026-04-07 09:30:00,1775525400,33324.0,33376.0,33154.0,33200.0,12823.0
2026-04-07 09:45:00,1775526300,33203.0,33230.0,32963.0,33006.0,13050.0
2026-04-07 10:00:00,1775527200,33008.0,33128.0,32955.0,33060.0,8717.0
2026-04-07 10:15:00,1775528100,33062.0,33136.0,33028.0,33123.0,4826.0
2026-04-07 10:30:00,1775529000,33119.0,33176.0,33113.0,33157.0,4229.0
2026-04-07 10:45:00,1775529900,33152.0,33216.0,33112.0,33147.0,4748.0
2026-04-07 11:00:00,1775530800,33145.0,33185.0,33080.0,33125.0,3526.0
2026-04-07 11:15:00,1775531700,33126.0,33147.0,33065.0,33135.0,2892.0
2026-04-07 11:30:00,1775532600,33135.0,33191.0,33125.0,33154.0,2998.0
2026-04-07 11:45:00,1775533500,33149.0,33175.0,33127.0,33157.0,1471.0
2026-04-07 12:00:00,1775534400,33157.0,33177.0,33077.0,33082.0,3076.0
2026-04-07 12:15:00,1775535300,33084.0,33163.0,33081.0,33145.0,2506.0
2026-04-07 12:30:00,1775536200,33145.0,33180.0,33138.0,33166.0,2037.0
2026-04-07 12:45:00,1775537100,33168.0,33208.0,33147.0,33155.0,2428.0
2026-04-07 13:00:00,1775538000,33158.0,33192.0,33138.0,33176.0,1976.0
2026-04-07 13:15:00,1775538900,33176.0,33193.0,33140.0,33167.0,2151.0
2026-04-07 13:30:00,1775539800,33166.0,33187.0,33144.0,33182.0,3233.0
2026-04-07 15:00:00,1775545200,33223.0,33277.0,33168.0,33211.0,4143.0
2026-04-07 15:15:00,1775546100,33211.0,33226.0,33151.0,33155.0,1903.0
2026-04-07 15:30:00,1775547000,33160.0,33222.0,33160.0,33211.0,1342.0
2026-04-07 15:45:00,1775547900,33214.0,33222.0,33160.0,33208.0,1367.0
2026-04-07 16:00:00,1775548800,33208.0,33530.0,33203.0,33475.0,11331.0
2026-04-07 16:15:00,1775549700,33471.0,33562.0,33417.0,33499.0,6216.0
2026-04-07 16:30:00,1775550600,33498.0,33559.0,33480.0,33520.0,2961.0
2026-04-07 16:45:00,1775551500,33521.0,33540.0,33480.0,33525.0,1659.0
2026-04-07 17:00:00,1775552400,33527.0,33555.0,33485.0,33515.0,2294.0
2026-04-07 17:15:00,1775553300,33512.0,33590.0,33498.0,33564.0,3105.0
2026-04-07 17:30:00,1775554200,33560.0,33597.0,33546.0,33550.0,1995.0
2026-04-07 17:45:00,1775555100,33549.0,33549.0,33491.0,33499.0,1871.0
2026-04-07 18:00:00,1775556000,33503.0,33526.0,33333.0,33424.0,6078.0
2026-04-07 18:15:00,1775556900,33424.0,33463.0,33278.0,33346.0,4527.0
2026-04-07 18:30:00,1775557800,33346.0,33358.0,33246.0,33272.0,4601.0
2026-04-07 18:45:00,1775558700,33273.0,33283.0,33112.0,33178.0,6957.0
2026-04-07 19:00:00,1775559600,33180.0,33244.0,33177.0,33219.0,3251.0
2026-04-07 19:15:00,1775560500,33217.0,33269.0,33206.0,33212.0,2437.0
2026-04-07 19:30:00,1775561400,33211.0,33243.0,33162.0,33218.0,3627.0
2026-04-07 19:45:00,1775562300,33217.0,33230.0,33188.0,33212.0,1147.0
2026-04-07 20:00:00,1775563200,33215.0,33225.0,33089.0,33146.0,5304.0
2026-04-07 20:15:00,1775564100,33142.0,33320.0,33095.0,33306.0,6837.0
2026-04-07 20:30:00,1775565000,33304.0,33320.0,33241.0,33249.0,2946.0
2026-04-07 20:45:00,1775565900,33249.0,33333.0,33186.0,33254.0,4159.0
2026-04-07 21:00:00,1775566800,33257.0,33302.0,33225.0,33259.0,2403.0
2026-04-07 21:15:00,1775567700,33259.0,33274.0,33228.0,33265.0,1489.0
2026-04-07 21:30:00,1775568600,33266.0,33319.0,33125.0,33139.0,9374.0
2026-04-07 21:45:00,1775569500,33142.0,33166.0,32995.0,33003.0,11456.0
2026-04-07 22:00:00,1775570400,33005.0,33009.0,32824.0,32908.0,12368.0
2026-04-07 22:15:00,1775571300,32905.0,33084.0,32902.0,33071.0,9984.0
2026-04-07 22:30:00,1775572200,33072.0,33134.0,33031.0,33067.0,6364.0
2026-04-07 22:45:00,1775573100,33065.0,33152.0,32941.0,32947.0,6757.0
2026-04-07 23:00:00,1775574000,32946.0,32966.0,32840.0,32940.0,8261.0
2026-04-07 23:15:00,1775574900,32942.0,33064.0,32934.0,33042.0,5919.0
2026-04-07 23:30:00,1775575800,33043.0,33059.0,32980.0,33009.0,3234.0
2026-04-07 23:45:00,1775576700,33011.0,33118.0,33007.0,33087.0,3456.0
2026-04-08 00:00:00,1775577600,33088.0,33241.0,33084.0,33130.0,6017.0
2026-04-08 00:15:00,1775578500,33130.0,33187.0,33086.0,33164.0,3492.0
2026-04-08 00:30:00,1775579400,33167.0,33198.0,33147.0,33197.0,1869.0
2026-04-08 00:45:00,1775580300,33194.0,33222.0,33162.0,33176.0,2013.0
2026-04-08 01:00:00,1775581200,33170.0,33219.0,33157.0,33173.0,1857.0
2026-04-08 01:15:00,1775582100,33172.0,33190.0,33088.0,33124.0,2108.0
2026-04-08 01:30:00,1775583000,33126.0,33295.0,33118.0,33244.0,3885.0
2026-04-08 01:45:00,1775583900,33241.0,33337.0,33229.0,33284.0,2701.0
2026-04-08 02:00:00,1775584800,33284.0,33302.0,33237.0,33260.0,1073.0
2026-04-08 02:15:00,1775585700,33258.0,33283.0,33225.0,33248.0,718.0
2026-04-08 02:30:00,1775586600,33250.0,33265.0,33166.0,33178.0,1152.0
2026-04-08 02:45:00,1775587500,33180.0,33184.0,33073.0,33078.0,1666.0
2026-04-08 03:00:00,1775588400,33077.0,33126.0,33046.0,33122.0,2080.0
2026-04-08 03:15:00,1775589300,33120.0,33423.0,33113.0,33282.0,5388.0
2026-04-08 03:30:00,1775590200,33281.0,33348.0,33240.0,33316.0,1238.0
2026-04-08 03:45:00,1775591100,33313.0,33527.0,33296.0,33511.0,6127.0
2026-04-08 04:00:00,1775592000,33514.0,33546.0,33469.0,33508.0,2045.0
2026-04-08 04:15:00,1775592900,33508.0,33525.0,33458.0,33485.0,801.0
2026-04-08 04:30:00,1775593800,33485.0,33580.0,33478.0,33527.0,1728.0
2026-04-08 04:45:00,1775594700,33525.0,33529.0,33475.0,33491.0,878.0
2026-04-08 08:45:00,1775609100,34664.0,34702.0,34542.0,34591.0,19411.0
2026-04-08 09:00:00,1775610000,34592.0,34628.0,34473.0,34593.0,14855.0
2026-04-08 09:15:00,1775610900,34594.0,34642.0,34508.0,34624.0,11545.0
2026-04-08 09:30:00,1775611800,34627.0,34800.0,34611.0,34737.0,14000.0
2026-04-08 09:45:00,1775612700,34739.0,34883.0,34734.0,34880.0,8295.0
2026-04-08 10:00:00,1775613600,34880.0,35007.0,34878.0,34992.0,8526.0
2026-04-08 10:15:00,1775614500,34994.0,35044.0,34949.0,34979.0,6048.0
2026-04-08 10:30:00,1775615400,34980.0,34984.0,34914.0,34958.0,4209.0
2026-04-08 10:45:00,1775616300,34958.0,35008.0,34954.0,34990.0,3783.0
2026-04-08 11:00:00,1775617200,34990.0,35004.0,34952.0,34959.0,1680.0
2026-04-08 11:15:00,1775618100,34959.0,34972.0,34843.0,34893.0,5760.0
2026-04-08 11:30:00,1775619000,34895.0,34959.0,34888.0,34902.0,3238.0
2026-04-08 11:45:00,1775619900,34902.0,34952.0,34891.0,34924.0,1914.0
2026-04-08 12:00:00,1775620800,34924.0,35021.0,34924.0,35008.0,3129.0
2026-04-08 12:15:00,1775621700,35009.0,35034.0,34986.0,35021.0,2394.0
2026-04-08 12:30:00,1775622600,35022.0,35063.0,34996.0,35033.0,3531.0
2026-04-08 12:45:00,1775623500,35030.0,35050.0,35005.0,35016.0,1930.0
2026-04-08 13:00:00,1775624400,35015.0,35038.0,34970.0,34976.0,3094.0
2026-04-08 13:15:00,1775625300,34975.0,34995.0,34925.0,34962.0,4000.0
2026-04-08 13:30:00,1775626200,34955.0,35033.0,34954.0,34996.0,5525.0
2026-04-08 15:00:00,1775631600,34996.0,35048.0,34957.0,35014.0,4063.0
2026-04-08 15:15:00,1775632500,35011.0,35177.0,35006.0,35146.0,5419.0
2026-04-08 15:30:00,1775633400,35146.0,35146.0,34963.0,34980.0,4968.0
2026-04-08 15:45:00,1775634300,34978.0,35019.0,34958.0,34963.0,2003.0
2026-04-08 16:00:00,1775635200,34958.0,35038.0,34935.0,35011.0,2873.0
2026-04-08 16:15:00,1775636100,35013.0,35058.0,35005.0,35047.0,1675.0
2026-04-08 16:30:00,1775637000,35045.0,35106.0,34994.0,35025.0,2868.0
2026-04-08 16:45:00,1775637900,35026.0,35141.0,35021.0,35133.0,2357.0
2026-04-08 17:00:00,1775638800,35131.0,35197.0,35123.0,35166.0,3404.0
2026-04-08 17:15:00,1775639700,35165.0,35180.0,35130.0,35141.0,1650.0
2026-04-08 17:30:00,1775640600,35140.0,35157.0,35042.0,35056.0,2451.0
2026-04-08 17:45:00,1775641500,35059.0,35127.0,35045.0,35094.0,1989.0
2026-04-08 18:00:00,1775642400,35098.0,35125.0,35071.0,35094.0,1079.0
2026-04-08 18:15:00,1775643300,35097.0,35139.0,35073.0,35129.0,1223.0
2026-04-08 18:30:00,1775644200,35130.0,35163.0,35126.0,35158.0,1267.0
2026-04-08 18:45:00,1775645100,35159.0,35165.0,35132.0,35148.0,784.0
2026-04-08 19:00:00,1775646000,35146.0,35174.0,35132.0,35161.0,1242.0
2026-04-08 19:15:00,1775646900,35160.0,35260.0,35135.0,35243.0,3905.0
2026-04-08 19:30:00,1775647800,35246.0,35247.0,35140.0,35185.0,3127.0
2026-04-08 19:45:00,1775648700,35184.0,35226.0,35181.0,35218.0,1423.0
2026-04-08 20:00:00,1775649600,35217.0,35278.0,35207.0,35262.0,2863.0
2026-04-08 20:15:00,1775650500,35260.0,35283.0,35104.0,35189.0,6585.0
2026-04-08 20:30:00,1775651400,35186.0,35249.0,35180.0,35242.0,2360.0
2026-04-08 20:45:00,1775652300,35243.0,35273.0,35225.0,35250.0,1971.0
2026-04-08 21:00:00,1775653200,35249.0,35307.0,35238.0,35293.0,3163.0
2026-04-08 21:15:00,1775654100,35294.0,35311.0,35266.0,35290.0,1997.0
2026-04-08 21:30:00,1775655000,35289.0,35333.0,35222.0,35262.0,9060.0
2026-04-08 21:45:00,1775655900,35265.0,35345.0,35201.0,35257.0,8480.0
2026-04-08 22:00:00,1775656800,35258.0,35291.0,35176.0,35269.0,5277.0
2026-04-08 22:15:00,1775657700,35272.0,35286.0,35166.0,35171.0,4790.0
2026-04-08 22:30:00,1775658600,35178.0,35197.0,35057.0,35069.0,7866.0
2026-04-08 22:45:00,1775659500,35067.0,35104.0,34953.0,35039.0,10668.0
2026-04-08 23:00:00,1775660400,35038.0,35107.0,35026.0,35087.0,5340.0
2026-04-08 23:15:00,1775661300,35086.0,35131.0,35069.0,35103.0,3133.0
2026-04-08 23:30:00,1775662200,35106.0,35152.0,35085.0,35143.0,2977.0
2026-04-08 23:45:00,1775663100,35144.0,35185.0,35143.0,35159.0,2492.0
2026-04-09 00:00:00,1775664000,35158.0,35210.0,35155.0,35161.0,2530.0
2026-04-09 00:15:00,1775664900,35161.0,35182.0,35130.0,35177.0,1916.0
2026-04-09 00:30:00,1775665800,35178.0,35250.0,35166.0,35237.0,2325.0
2026-04-09 00:45:00,1775666700,35235.0,35261.0,35228.0,35244.0,1241.0
2026-04-09 01:00:00,1775667600,35242.0,35270.0,35228.0,35248.0,1203.0
2026-04-09 01:15:00,1775668500,35246.0,35255.0,35163.0,35196.0,2396.0
2026-04-09 01:30:00,1775669400,35199.0,35235.0,35156.0,35229.0,1462.0
2026-04-09 01:45:00,1775670300,35228.0,35248.0,35207.0,35220.0,575.0
2026-04-09 02:00:00,1775671200,35218.0,35261.0,35200.0,35260.0,939.0
2026-04-09 02:15:00,1775672100,35260.0,35284.0,35111.0,35131.0,2986.0
2026-04-09 02:30:00,1775673000,35134.0,35180.0,35080.0,35092.0,1484.0
2026-04-09 02:45:00,1775673900,35091.0,35123.0,35006.0,35021.0,1758.0
2026-04-09 03:00:00,1775674800,35016.0,35125.0,35005.0,35120.0,1723.0
2026-04-09 03:15:00,1775675700,35118.0,35136.0,35086.0,35099.0,620.0
2026-04-09 03:30:00,1775676600,35098.0,35168.0,35098.0,35166.0,912.0
2026-04-09 03:45:00,1775677500,35167.0,35301.0,35159.0,35288.0,1805.0
2026-04-09 04:00:00,1775678400,35290.0,35303.0,35246.0,35249.0,755.0
2026-04-09 04:15:00,1775679300,35249.0,35260.0,35205.0,35221.0,434.0
2026-04-09 04:30:00,1775680200,35219.0,35222.0,35196.0,35202.0,330.0
2026-04-09 04:45:00,1775681100,35205.0,35218.0,35168.0,35218.0,610.0
2026-04-09 08:45:00,1775695500,35093.0,35099.0,34900.0,34968.0,12233.0
2026-04-09 09:00:00,1775696400,34969.0,34996.0,34841.0,34960.0,14075.0
2026-04-09 09:15:00,1775697300,34957.0,34970.0,34809.0,34856.0,10474.0
2026-04-09 09:30:00,1775698200,34856.0,34946.0,34775.0,34819.0,9698.0
2026-04-09 09:45:00,1775699100,34821.0,34942.0,34815.0,34928.0,7395.0
2026-04-09 10:00:00,1775700000,34930.0,34940.0,34756.0,34818.0,7208.0
2026-04-09 10:15:00,1775700900,34818.0,34870.0,34787.0,34852.0,4330.0
2026-04-09 10:30:00,1775701800,34850.0,34895.0,34812.0,34818.0,3339.0
2026-04-09 10:45:00,1775702700,34819.0,34918.0,34816.0,34887.0,3859.0
2026-04-09 11:00:00,1775703600,34887.0,34928.0,34840.0,34857.0,3435.0
2026-04-09 11:15:00,1775704500,34854.0,34859.0,34793.0,34830.0,3178.0
2026-04-09 11:30:00,1775705400,34831.0,34857.0,34815.0,34842.0,1864.0
2026-04-09 11:45:00,1775706300,34841.0,34865.0,34811.0,34847.0,2025.0
2026-04-09 12:00:00,1775707200,34847.0,34888.0,34825.0,34866.0,2572.0
2026-04-09 12:15:00,1775708100,34866.0,34882.0,34804.0,34836.0,2067.0
2026-04-09 12:30:00,1775709000,34837.0,34869.0,34816.0,34846.0,1700.0
2026-04-09 12:45:00,1775709900,34844.0,34860.0,34800.0,34809.0,1814.0
2026-04-09 13:00:00,1775710800,34808.0,34821.0,34743.0,34796.0,4805.0
2026-04-09 13:15:00,1775711700,34797.0,34930.0,34796.0,34926.0,4941.0
2026-04-09 13:30:00,1775712600,34927.0,34968.0,34916.0,34930.0,4984.0
2026-04-09 15:00:00,1775718000,34914.0,34943.0,34863.0,34897.0,2647.0
2026-04-09 15:15:00,1775718900,34900.0,34900.0,34806.0,34818.0,2640.0
2026-04-09 15:30:00,1775719800,34824.0,34863.0,34782.0,34795.0,2700.0
2026-04-09 15:45:00,1775720700,34796.0,34833.0,34775.0,34832.0,2101.0
2026-04-09 16:00:00,1775721600,34833.0,34846.0,34787.0,34788.0,1599.0
2026-04-09 16:15:00,1775722500,34788.0,34842.0,34785.0,34806.0,1216.0
2026-04-09 16:30:00,1775723400,34804.0,34880.0,34803.0,34880.0,1582.0
2026-04-09 16:45:00,1775724300,34880.0,34888.0,34824.0,34835.0,1285.0
2026-04-09 17:00:00,1775725200,34833.0,34845.0,34797.0,34841.0,1230.0
2026-04-09 17:15:00,1775726100,34841.0,34865.0,34826.0,34856.0,918.0
2026-04-09 17:30:00,1775727000,34855.0,34863.0,34822.0,34840.0,700.0
2026-04-09 17:45:00,1775727900,34838.0,34864.0,34833.0,34861.0,659.0
2026-04-09 18:00:00,1775728800,34862.0,34884.0,34842.0,34847.0,1184.0
2026-04-09 18:15:00,1775729700,34847.0,34868.0,34826.0,34850.0,819.0
2026-04-09 18:30:00,1775730600,34850.0,34862.0,34823.0,34849.0,769.0
2026-04-09 18:45:00,1775731500,34848.0,34856.0,34791.0,34794.0,1253.0
2026-04-09 19:00:00,1775732400,34795.0,34812.0,34764.0,34804.0,1890.0
2026-04-09 19:15:00,1775733300,34803.0,34818.0,34792.0,34807.0,919.0
2026-04-09 19:30:00,1775734200,34808.0,34872.0,34808.0,34868.0,1747.0
2026-04-09 19:45:00,1775735100,34867.0,34905.0,34865.0,34892.0,2096.0
2026-04-09 20:00:00,1775736000,34892.0,34900.0,34868.0,34869.0,1125.0
2026-04-09 20:15:00,1775736900,34867.0,34881.0,34857.0,34871.0,845.0
2026-04-09 20:30:00,1775737800,34868.0,34950.0,34840.0,34903.0,3679.0
2026-04-09 20:45:00,1775738700,34904.0,34920.0,34865.0,34893.0,1493.0
2026-04-09 21:00:00,1775739600,34895.0,34915.0,34868.0,34899.0,1416.0
2026-04-09 21:15:00,1775740500,34899.0,34994.0,34897.0,34974.0,3319.0
2026-04-09 21:30:00,1775741400,34975.0,35110.0,34957.0,35099.0,8879.0
2026-04-09 21:45:00,1775742300,35096.0,35098.0,34928.0,34957.0,7731.0
2026-04-09 22:00:00,1775743200,34958.0,34994.0,34901.0,34930.0,6094.0
2026-04-09 22:15:00,1775744100,34929.0,34931.0,34821.0,34856.0,7002.0
2026-04-09 22:30:00,1775745000,34856.0,34904.0,34828.0,34878.0,3799.0
2026-04-09 22:45:00,1775745900,34875.0,34983.0,34875.0,34957.0,4765.0
2026-04-09 23:00:00,1775746800,34954.0,34973.0,34895.0,34965.0,2767.0
2026-04-09 23:15:00,1775747700,34965.0,35050.0,34965.0,34994.0,5030.0
2026-04-09 23:30:00,1775748600,34995.0,35132.0,34985.0,35106.0,7648.0
2026-04-09 23:45:00,1775749500,35103.0,35167.0,35071.0,35151.0,3981.0
2026-04-10 00:00:00,1775750400,35150.0,35223.0,35149.0,35183.0,4567.0
2026-04-10 00:15:00,1775751300,35183.0,35249.0,35173.0,35218.0,3147.0
2026-04-10 00:30:00,1775752200,35217.0,35222.0,35157.0,35180.0,2318.0
2026-04-10 00:45:00,1775753100,35179.0,35210.0,35138.0,35195.0,1954.0
2026-04-10 01:00:00,1775754000,35194.0,35238.0,35180.0,35225.0,1625.0
2026-04-10 01:15:00,1775754900,35220.0,35245.0,35205.0,35220.0,1139.0
2026-04-10 01:30:00,1775755800,35213.0,35290.0,35182.0,35251.0,2534.0
2026-04-10 01:45:00,1775756700,35254.0,35270.0,35234.0,35250.0,920.0
2026-04-10 02:00:00,1775757600,35247.0,35268.0,35133.0,35175.0,3013.0
2026-04-10 02:15:00,1775758500,35174.0,35207.0,35158.0,35176.0,1214.0
2026-04-10 02:30:00,1775759400,35175.0,35204.0,35136.0,35182.0,1231.0
2026-04-10 02:45:00,1775760300,35181.0,35211.0,35180.0,35191.0,541.0
2026-04-10 03:00:00,1775761200,35192.0,35255.0,35191.0,35241.0,822.0
2026-04-10 03:15:00,1775762100,35243.0,35246.0,35205.0,35214.0,465.0
2026-04-10 03:30:00,1775763000,35215.0,35248.0,35215.0,35235.0,379.0
2026-04-10 03:45:00,1775763900,35233.0,35248.0,35177.0,35205.0,758.0
2026-04-10 04:00:00,1775764800,35205.0,35205.0,35167.0,35194.0,544.0
2026-04-10 04:15:00,1775765700,35194.0,35215.0,35192.0,35208.0,156.0
2026-04-10 04:30:00,1775766600,35209.0,35222.0,35204.0,35208.0,196.0
2026-04-10 04:45:00,1775767500,35210.0,35225.0,35198.0,35225.0,392.0
2026-04-10 08:45:00,1775781900,35247.0,35375.0,35215.0,35367.0,10002.0
2026-04-10 09:00:00,1775782800,35366.0,35439.0,35300.0,35392.0,12029.0
2026-04-10 09:15:00,1775783700,35392.0,35464.0,35362.0,35368.0,9728.0
2026-04-10 09:30:00,1775784600,35367.0,35521.0,35366.0,35466.0,10052.0
2026-04-10 09:45:00,1775785500,35467.0,35535.0,35413.0,35461.0,6904.0
2026-04-10 10:00:00,1775786400,35460.0,35469.0,35335.0,35338.0,6668.0
2026-04-10 10:15:00,1775787300,35340.0,35390.0,35255.0,35341.0,9322.0
2026-04-10 10:30:00,1775788200,35343.0,35414.0,35338.0,35404.0,3089.0
2026-04-10 10:45:00,1775789100,35405.0,35454.0,35380.0,35439.0,3561.0
2026-04-10 11:00:00,1775790000,35440.0,35477.0,35423.0,35440.0,2612.0
2026-04-10 11:15:00,1775790900,35439.0,35439.0,35386.0,35395.0,2236.0
2026-04-10 11:30:00,1775791800,35395.0,35509.0,35392.0,35457.0,4244.0
2026-04-10 11:45:00,1775792700,35457.0,35484.0,35437.0,35465.0,1964.0
2026-04-10 12:00:00,1775793600,35468.0,35477.0,35441.0,35451.0,1083.0
2026-04-10 12:15:00,1775794500,35451.0,35547.0,35447.0,35511.0,4304.0
2026-04-10 12:30:00,1775795400,35513.0,35539.0,35484.0,35491.0,2200.0
2026-04-10 12:45:00,1775796300,35489.0,35544.0,35484.0,35531.0,2256.0
2026-04-10 13:00:00,1775797200,35533.0,35552.0,35508.0,35518.0,2517.0
2026-04-10 13:15:00,1775798100,35515.0,35563.0,35504.0,35558.0,2977.0
2026-04-10 13:30:00,1775799000,35557.0,35578.0,35529.0,35573.0,4752.0
2026-04-10 15:00:00,1775804400,35510.0,35595.0,35498.0,35512.0,4844.0
2026-04-10 15:15:00,1775805300,35515.0,35526.0,35472.0,35519.0,2578.0
2026-04-10 15:30:00,1775806200,35520.0,35548.0,35508.0,35516.0,1453.0
2026-04-10 15:45:00,1775807100,35513.0,35548.0,35499.0,35540.0,931.0
2026-04-10 16:00:00,1775808000,35541.0,35585.0,35511.0,35549.0,2077.0
2026-04-10 16:15:00,1775808900,35548.0,35582.0,35532.0,35580.0,1148.0
2026-04-10 16:30:00,1775809800,35577.0,35594.0,35554.0,35558.0,1395.0
2026-04-10 16:45:00,1775810700,35559.0,35560.0,35490.0,35505.0,1955.0
2026-04-10 17:00:00,1775811600,35505.0,35532.0,35504.0,35521.0,785.0
2026-04-10 17:15:00,1775812500,35520.0,35661.0,35519.0,35598.0,4258.0
2026-04-10 17:30:00,1775813400,35596.0,35612.0,35573.0,35598.0,1329.0
2026-04-10 17:45:00,1775814300,35595.0,35619.0,35580.0,35609.0,966.0
2026-04-10 18:00:00,1775815200,35611.0,35638.0,35576.0,35584.0,1254.0
2026-04-10 18:15:00,1775816100,35584.0,35645.0,35582.0,35624.0,1053.0
2026-04-10 18:30:00,1775817000,35624.0,35637.0,35605.0,35620.0,830.0
2026-04-10 18:45:00,1775817900,35620.0,35623.0,35602.0,35605.0,522.0
2026-04-10 19:00:00,1775818800,35606.0,35637.0,35603.0,35617.0,720.0
2026-04-10 19:15:00,1775819700,35617.0,35634.0,35612.0,35624.0,440.0
2026-04-10 19:30:00,1775820600,35625.0,35640.0,35608.0,35610.0,604.0
2026-04-10 19:45:00,1775821500,35610.0,35617.0,35512.0,35531.0,2633.0
2026-04-10 20:00:00,1775822400,35535.0,35571.0,35518.0,35567.0,1702.0
2026-04-10 20:15:00,1775823300,35567.0,35615.0,35553.0,35598.0,1693.0
2026-04-10 20:30:00,1775824200,35585.0,35677.0,35583.0,35660.0,4770.0
2026-04-10 20:45:00,1775825100,35662.0,35669.0,35606.0,35615.0,1843.0
2026-04-10 21:00:00,1775826000,35613.0,35641.0,35591.0,35634.0,1453.0
2026-04-10 21:15:00,1775826900,35634.0,35640.0,35614.0,35632.0,889.0
2026-04-10 21:30:00,1775827800,35633.0,35645.0,35545.0,35596.0,5589.0
2026-04-10 21:45:00,1775828700,35597.0,35714.0,35596.0,35690.0,6432.0
2026-04-10 22:00:00,1775829600,35683.0,35718.0,35634.0,35714.0,5367.0
2026-04-10 22:15:00,1775830500,35712.0,35744.0,35698.0,35727.0,3567.0
2026-04-10 22:30:00,1775831400,35726.0,35747.0,35590.0,35614.0,5622.0
2026-04-10 22:45:00,1775832300,35615.0,35653.0,35596.0,35648.0,4393.0
2026-04-10 23:00:00,1775833200,35646.0,35673.0,35633.0,35671.0,2111.0
2026-04-10 23:15:00,1775834100,35669.0,35720.0,35642.0,35650.0,3107.0
2026-04-10 23:30:00,1775835000,35650.0,35667.0,35552.0,35587.0,4343.0
2026-04-10 23:45:00,1775835900,35584.0,35602.0,35524.0,35549.0,3288.0
2026-04-11 00:00:00,1775836800,35550.0,35630.0,35543.0,35611.0,3076.0
2026-04-11 00:15:00,1775837700,35611.0,35614.0,35577.0,35584.0,1718.0
2026-04-11 00:30:00,1775838600,35583.0,35603.0,35530.0,35541.0,1616.0
2026-04-11 00:45:00,1775839500,35541.0,35595.0,35540.0,35587.0,1308.0
2026-04-11 01:00:00,1775840400,35587.0,35588.0,35551.0,35570.0,917.0
2026-04-11 01:15:00,1775841300,35569.0,35575.0,35539.0,35551.0,784.0
2026-04-11 01:30:00,1775842200,35547.0,35599.0,35537.0,35587.0,1013.0
2026-04-11 01:45:00,1775843100,35587.0,35598.0,35572.0,35588.0,482.0
2026-04-11 02:00:00,1775844000,35586.0,35590.0,35546.0,35572.0,724.0
2026-04-11 02:15:00,1775844900,35571.0,35615.0,35571.0,35597.0,705.0
2026-04-11 02:30:00,1775845800,35598.0,35610.0,35582.0,35589.0,433.0
2026-04-11 02:45:00,1775846700,35586.0,35600.0,35583.0,35589.0,297.0
2026-04-11 03:00:00,1775847600,35588.0,35605.0,35588.0,35602.0,279.0
2026-04-11 03:15:00,1775848500,35601.0,35601.0,35569.0,35570.0,457.0
2026-04-11 03:30:00,1775849400,35568.0,35570.0,35536.0,35555.0,627.0
2026-04-11 03:45:00,1775850300,35563.0,35598.0,35556.0,35584.0,517.0
2026-04-11 04:00:00,1775851200,35579.0,35584.0,35562.0,35582.0,469.0
2026-04-11 04:15:00,1775852100,35579.0,35592.0,35577.0,35583.0,314.0
2026-04-11 04:30:00,1775853000,35582.0,35591.0,35568.0,35590.0,267.0
2026-04-11 04:45:00,1775853900,35588.0,35590.0,35579.0,35587.0,450.0
2026-04-13 08:45:00,1776041100,35281.0,35506.0,35205.0,35463.0,14453.0
2026-04-13 09:00:00,1776042000,35459.0,35554.0,35384.0,35546.0,10276.0
2026-04-13 09:15:00,1776042900,35548.0,35581.0,35457.0,35572.0,6887.0
2026-04-13 09:30:00,1776043800,35574.0,35589.0,35461.0,35528.0,6864.0
2026-04-13 09:45:00,1776044700,35529.0,35616.0,35526.0,35590.0,5535.0
2026-04-13 10:00:00,1776045600,35590.0,35611.0,35495.0,35520.0,4428.0
2026-04-13 10:15:00,1776046500,35519.0,35548.0,35480.0,35485.0,2751.0
2026-04-13 10:30:00,1776047400,35489.0,35598.0,35475.0,35598.0,3769.0
2026-04-13 10:45:00,1776048300,35595.0,35651.0,35546.0,35640.0,5148.0
2026-04-13 11:00:00,1776049200,35642.0,35651.0,35480.0,35480.0,4589.0
2026-04-13 11:15:00,1776050100,35482.0,35535.0,35478.0,35519.0,2467.0
2026-04-13 11:30:00,1776051000,35517.0,35527.0,35406.0,35492.0,5740.0
2026-04-13 11:45:00,1776051900,35492.0,35504.0,35462.0,35487.0,1727.0
2026-04-13 12:00:00,1776052800,35490.0,35502.0,35446.0,35498.0,1591.0
2026-04-13 12:15:00,1776053700,35498.0,35501.0,35474.0,35482.0,1071.0
2026-04-13 12:30:00,1776054600,35479.0,35483.0,35424.0,35425.0,1931.0
2026-04-13 12:45:00,1776055500,35426.0,35484.0,35412.0,35472.0,2427.0
2026-04-13 13:00:00,1776056400,35475.0,35519.0,35463.0,35481.0,2570.0
2026-04-13 13:15:00,1776057300,35482.0,35535.0,35453.0,35504.0,2721.0
2026-04-13 13:30:00,1776058200,35502.0,35508.0,35431.0,35450.0,4820.0
2026-04-13 15:00:00,1776063600,35512.0,35544.0,35498.0,35522.0,2201.0
2026-04-13 15:15:00,1776064500,35520.0,35529.0,35483.0,35511.0,1128.0
2026-04-13 15:30:00,1776065400,35510.0,35522.0,35490.0,35503.0,611.0
2026-04-13 15:45:00,1776066300,35500.0,35502.0,35470.0,35481.0,770.0
2026-04-13 16:00:00,1776067200,35480.0,35535.0,35477.0,35497.0,1201.0
2026-04-13 16:15:00,1776068100,35496.0,35534.0,35487.0,35521.0,722.0
2026-04-13 16:30:00,1776069000,35520.0,35555.0,35466.0,35485.0,1858.0
2026-04-13 16:45:00,1776069900,35483.0,35488.0,35456.0,35467.0,854.0
2026-04-13 17:00:00,1776070800,35469.0,35516.0,35468.0,35489.0,1048.0
2026-04-13 17:15:00,1776071700,35486.0,35514.0,35483.0,35504.0,493.0
2026-04-13 17:30:00,1776072600,35502.0,35523.0,35492.0,35500.0,409.0
2026-04-13 17:45:00,1776073500,35500.0,35505.0,35482.0,35487.0,336.0
2026-04-13 18:00:00,1776074400,35490.0,35508.0,35485.0,35506.0,279.0
2026-04-13 18:15:00,1776075300,35505.0,35505.0,35483.0,35500.0,271.0
2026-04-13 18:30:00,1776076200,35501.0,35518.0,35498.0,35505.0,382.0
2026-04-13 18:45:00,1776077100,35504.0,35582.0,35502.0,35577.0,1820.0
2026-04-13 19:00:00,1776078000,35577.0,35617.0,35556.0,35570.0,2414.0
2026-04-13 19:15:00,1776078900,35570.0,35581.0,35541.0,35550.0,1039.0
2026-04-13 19:30:00,1776079800,35547.0,35557.0,35486.0,35531.0,2073.0
2026-04-13 19:45:00,1776080700,35530.0,35543.0,35481.0,35486.0,1399.0
2026-04-13 20:00:00,1776081600,35488.0,35523.0,35462.0,35520.0,1573.0
2026-04-13 20:15:00,1776082500,35518.0,35523.0,35509.0,35518.0,462.0
2026-04-13 20:30:00,1776083400,35519.0,35552.0,35516.0,35544.0,924.0
2026-04-13 20:45:00,1776084300,35545.0,35575.0,35544.0,35551.0,983.0
2026-04-13 21:00:00,1776085200,35555.0,35572.0,35541.0,35554.0,778.0
2026-04-13 21:15:00,1776086100,35551.0,35602.0,35539.0,35597.0,1274.0
2026-04-13 21:30:00,1776087000,35597.0,35638.0,35577.0,35580.0,4871.0
2026-04-13 21:45:00,1776087900,35577.0,35777.0,35544.0,35742.0,11334.0
2026-04-13 22:00:00,1776088800,35740.0,35790.0,35681.0,35704.0,5727.0
2026-04-13 22:15:00,1776089700,35707.0,35735.0,35645.0,35720.0,3508.0
2026-04-13 22:30:00,1776090600,35719.0,35800.0,35707.0,35791.0,3656.0
2026-04-13 22:45:00,1776091500,35792.0,35807.0,35734.0,35796.0,3367.0
2026-04-13 23:00:00,1776092400,35793.0,35799.0,35718.0,35775.0,3446.0
2026-04-13 23:15:00,1776093300,35777.0,35788.0,35740.0,35740.0,1287.0
2026-04-13 23:30:00,1776094200,35740.0,35784.0,35718.0,35760.0,1994.0
2026-04-13 23:45:00,1776095100,35758.0,35764.0,35722.0,35740.0,875.0
2026-04-14 00:00:00,1776096000,35740.0,35796.0,35695.0,35764.0,2922.0
2026-04-14 00:15:00,1776096900,35763.0,35860.0,35756.0,35836.0,4200.0
2026-04-14 00:30:00,1776097800,35839.0,35873.0,35796.0,35844.0,3173.0
2026-04-14 00:45:00,1776098700,35842.0,35907.0,35838.0,35884.0,2691.0
2026-04-14 01:00:00,1776099600,35887.0,35921.0,35885.0,35911.0,1447.0
2026-04-14 01:15:00,1776100500,35911.0,35945.0,35906.0,35936.0,1272.0
2026-04-14 01:30:00,1776101400,35934.0,35945.0,35918.0,35927.0,483.0
2026-04-14 01:45:00,1776102300,35925.0,35928.0,35896.0,35900.0,594.0
2026-04-14 02:00:00,1776103200,35903.0,35955.0,35900.0,35945.0,839.0
2026-04-14 02:15:00,1776104100,35943.0,35945.0,35915.0,35919.0,373.0
2026-04-14 02:30:00,1776105000,35918.0,35957.0,35917.0,35956.0,404.0
2026-04-14 02:45:00,1776105900,35955.0,35994.0,35955.0,35992.0,1176.0
2026-04-14 03:00:00,1776106800,35990.0,35996.0,35977.0,35985.0,392.0
2026-04-14 03:15:00,1776107700,35986.0,36009.0,35981.0,35997.0,633.0
2026-04-14 03:30:00,1776108600,35996.0,36013.0,35961.0,35963.0,645.0
2026-04-14 03:45:00,1776109500,35965.0,36010.0,35954.0,35982.0,563.0
2026-04-14 04:00:00,1776110400,35984.0,36021.0,35976.0,36010.0,425.0
2026-04-14 04:15:00,1776111300,36007.0,36027.0,36003.0,36019.0,319.0
2026-04-14 04:30:00,1776112200,36018.0,36036.0,36014.0,36023.0,377.0
2026-04-14 04:45:00,1776113100,36021.0,36026.0,36005.0,36021.0,596.0
2026-04-14 08:45:00,1776127500,36068.0,36107.0,36011.0,36044.0,9263.0
2026-04-14 09:00:00,1776128400,36045.0,36208.0,36017.0,36157.0,12830.0
2026-04-14 09:15:00,1776129300,36157.0,36277.0,36122.0,36193.0,9408.0
2026-04-14 09:30:00,1776130200,36194.0,36203.0,36037.0,36124.0,10117.0
2026-04-14 09:45:00,1776131100,36123.0,36125.0,35988.0,36030.0,8789.0
2026-04-14 10:00:00,1776132000,36028.0,36183.0,35996.0,36178.0,6714.0
2026-04-14 10:15:00,1776132900,36176.0,36210.0,36111.0,36136.0,5035.0
2026-04-14 10:30:00,1776133800,36138.0,36312.0,36115.0,36274.0,6855.0
2026-04-14 10:45:00,1776134700,36277.0,36327.0,36257.0,36323.0,4207.0
2026-04-14 11:00:00,1776135600,36321.0,36335.0,36286.0,36334.0,2320.0
2026-04-14 11:15:00,1776136500,36335.0,36394.0,36322.0,36372.0,3717.0
2026-04-14 11:30:00,1776137400,36375.0,36396.0,36352.0,36357.0,2170.0
2026-04-14 11:45:00,1776138300,36357.0,36399.0,36351.0,36397.0,1481.0
2026-04-14 12:00:00,1776139200,36398.0,36400.0,36343.0,36378.0,1716.0
2026-04-14 12:15:00,1776140100,36377.0,36430.0,36366.0,36417.0,2296.0
2026-04-14 12:30:00,1776141000,36417.0,36423.0,36374.0,36393.0,1448.0
2026-04-14 12:45:00,1776141900,36395.0,36430.0,36390.0,36415.0,1653.0
2026-04-14 13:00:00,1776142800,36412.0,36414.0,36371.0,36390.0,1899.0
2026-04-14 13:15:00,1776143700,36390.0,36401.0,36356.0,36364.0,2386.0
2026-04-14 13:30:00,1776144600,36363.0,36395.0,36353.0,36368.0,3585.0
2026-04-14 13:45:00,1776145500,36374.0,36374.0,36374.0,36374.0,1.0
2026-04-14 15:00:00,1776150000,36650.0,36765.0,36622.0,36741.0,1157.0
2026-04-14 15:15:00,1776150900,36741.0,36780.0,36726.0,36752.0,428.0
2026-04-14 15:30:00,1776151800,36752.0,36798.0,36751.0,36764.0,564.0
2026-04-14 15:45:00,1776152700,36763.0,36787.0,36755.0,36781.0,226.0
2026-04-14 16:00:00,1776153600,36770.0,36788.0,36752.0,36771.0,211.0
2026-04-14 16:15:00,1776154500,36770.0,36777.0,36742.0,36773.0,199.0
2026-04-14 16:30:00,1776155400,36770.0,36799.0,36752.0,36770.0,286.0
2026-04-14 16:45:00,1776156300,36770.0,36783.0,36760.0,36783.0,120.0
2026-04-14 17:00:00,1776157200,36786.0,36819.0,36786.0,36795.0,504.0
2026-04-14 17:15:00,1776158100,36797.0,36800.0,36743.0,36743.0,300.0
2026-04-14 17:30:00,1776159000,36745.0,36767.0,36728.0,36750.0,294.0
2026-04-14 17:45:00,1776159900,36750.0,36757.0,36689.0,36697.0,456.0
2026-04-14 18:00:00,1776160800,36696.0,36721.0,36666.0,36712.0,378.0
2026-04-14 18:15:00,1776161700,36714.0,36720.0,36691.0,36702.0,163.0
2026-04-14 18:30:00,1776162600,36698.0,36706.0,36656.0,36664.0,293.0
2026-04-14 18:45:00,1776163500,36662.0,36693.0,36660.0,36672.0,118.0
2026-04-14 19:00:00,1776164400,36670.0,36700.0,36663.0,36690.0,183.0
2026-04-14 19:15:00,1776165300,36690.0,36737.0,36689.0,36721.0,239.0
2026-04-14 19:30:00,1776166200,36720.0,36757.0,36715.0,36746.0,257.0
2026-04-14 19:45:00,1776167100,36746.0,36797.0,36729.0,36773.0,441.0
2026-04-14 20:00:00,1776168000,36770.0,36777.0,36742.0,36753.0,244.0
2026-04-14 20:15:00,1776168900,36751.0,36763.0,36719.0,36761.0,205.0
2026-04-14 20:30:00,1776169800,36763.0,36788.0,36726.0,36729.0,206.0
2026-04-14 20:45:00,1776170700,36740.0,36740.0,36701.0,36718.0,200.0
2026-04-14 21:00:00,1776171600,36716.0,36745.0,36708.0,36738.0,150.0
2026-04-14 21:15:00,1776172500,36741.0,36760.0,36715.0,36725.0,226.0
2026-04-14 21:30:00,1776173400,36723.0,36745.0,36685.0,36743.0,759.0
2026-04-14 21:45:00,1776174300,36739.0,36777.0,36708.0,36758.0,615.0
2026-04-14 22:00:00,1776175200,36758.0,36809.0,36735.0,36808.0,812.0
2026-04-14 22:15:00,1776176100,36804.0,36835.0,36800.0,36825.0,763.0
2026-04-14 22:30:00,1776177000,36828.0,36848.0,36805.0,36813.0,679.0
2026-04-14 22:45:00,1776177900,36813.0,36849.0,36805.0,36824.0,485.0
2026-04-14 23:00:00,1776178800,36823.0,36823.0,36742.0,36760.0,780.0
2026-04-14 23:15:00,1776179700,36760.0,36816.0,36760.0,36807.0,329.0
2026-04-14 23:30:00,1776180600,36806.0,36841.0,36806.0,36823.0,406.0
2026-04-14 23:45:00,1776181500,36820.0,36846.0,36813.0,36824.0,319.0
2026-04-15 00:00:00,1776182400,36824.0,36856.0,36823.0,36842.0,356.0
2026-04-15 00:15:00,1776183300,36842.0,36879.0,36836.0,36875.0,383.0
2026-04-15 00:30:00,1776184200,36875.0,36875.0,36835.0,36854.0,231.0
2026-04-15 00:45:00,1776185100,36855.0,36860.0,36827.0,36832.0,186.0
2026-04-15 01:00:00,1776186000,36833.0,36872.0,36833.0,36870.0,225.0
2026-04-15 01:15:00,1776186900,36868.0,36918.0,36863.0,36905.0,442.0
2026-04-15 01:30:00,1776187800,36905.0,36930.0,36905.0,36921.0,213.0
2026-04-15 01:45:00,1776188700,36923.0,36934.0,36918.0,36931.0,168.0
2026-04-15 02:00:00,1776189600,36932.0,36972.0,36932.0,36951.0,417.0
2026-04-15 02:15:00,1776190500,36951.0,36952.0,36864.0,36903.0,404.0
2026-04-15 02:30:00,1776191400,36904.0,36940.0,36900.0,36912.0,186.0
2026-04-15 02:45:00,1776192300,36912.0,36930.0,36905.0,36920.0,117.0
2026-04-15 03:00:00,1776193200,36923.0,36983.0,36923.0,36965.0,297.0
2026-04-15 03:15:00,1776194100,36965.0,36993.0,36965.0,36984.0,174.0
2026-04-15 03:30:00,1776195000,36983.0,36990.0,36956.0,36956.0,166.0
2026-04-15 03:45:00,1776195900,36958.0,36992.0,36956.0,36990.0,126.0
2026-04-15 04:00:00,1776196800,36986.0,36988.0,36962.0,36986.0,148.0
2026-04-15 04:15:00,1776197700,36986.0,36986.0,36976.0,36982.0,73.0
2026-04-15 04:30:00,1776198600,36984.0,36986.0,36975.0,36986.0,70.0
2026-04-15 04:45:00,1776199500,36987.0,36992.0,36976.0,36985.0,153.0
2026-04-15 08:45:00,1776213900,36996.0,37009.0,36943.0,36989.0,2460.0
2026-04-15 09:00:00,1776214800,36989.0,37080.0,36905.0,37078.0,4848.0
2026-04-15 09:15:00,1776215700,37078.0,37239.0,37078.0,37224.0,5045.0
2026-04-15 09:30:00,1776216600,37222.0,37273.0,37144.0,37269.0,3372.0
2026-04-15 09:45:00,1776217500,37272.0,37342.0,37258.0,37333.0,3660.0
2026-04-15 10:00:00,1776218400,37334.0,37359.0,37240.0,37296.0,3184.0
2026-04-15 10:15:00,1776219300,37294.0,37335.0,37231.0,37256.0,2198.0
2026-04-15 10:30:00,1776220200,37256.0,37277.0,37204.0,37227.0,1677.0
2026-04-15 10:45:00,1776221100,37226.0,37280.0,37207.0,37230.0,1632.0
2026-04-15 11:00:00,1776222000,37230.0,37241.0,37113.0,37161.0,2832.0
2026-04-15 11:15:00,1776222900,37160.0,37171.0,37107.0,37108.0,1432.0
2026-04-15 11:30:00,1776223800,37110.0,37193.0,37103.0,37110.0,1796.0
2026-04-15 11:45:00,1776224700,37111.0,37198.0,37090.0,37178.0,1892.0
2026-04-15 12:00:00,1776225600,37173.0,37194.0,37152.0,37184.0,1088.0
2026-04-15 12:15:00,1776226500,37187.0,37189.0,37112.0,37112.0,1287.0
2026-04-15 12:30:00,1776227400,37116.0,37121.0,37012.0,37022.0,3172.0
2026-04-15 12:45:00,1776228300,37021.0,37058.0,36957.0,37054.0,3812.0
2026-04-15 13:00:00,1776229200,37051.0,37085.0,36945.0,37014.0,3852.0
2026-04-15 13:15:00,1776230100,37017.0,37045.0,36958.0,36981.0,4049.0
2026-04-15 13:30:00,1776231000,36983.0,37018.0,36950.0,36964.0,3136.0
2026-04-15 13:45:00,1776231900,36964.0,36964.0,36964.0,36964.0,1.0
2026-04-15 15:00:00,1776236400,37009.0,37150.0,37006.0,37081.0,5348.0
2026-04-15 15:15:00,1776237300,37081.0,37120.0,37055.0,37084.0,2657.0
2026-04-15 15:30:00,1776238200,37081.0,37109.0,37064.0,37079.0,1428.0
2026-04-15 15:45:00,1776239100,37076.0,37102.0,37055.0,37088.0,1049.0
2026-04-15 16:00:00,1776240000,37088.0,37107.0,37066.0,37096.0,1252.0
2026-04-15 16:15:00,1776240900,37095.0,37165.0,37075.0,37158.0,2682.0
2026-04-15 16:30:00,1776241800,37157.0,37184.0,37152.0,37165.0,1747.0
2026-04-15 16:45:00,1776242700,37163.0,37196.0,37156.0,37192.0,1330.0
2026-04-15 17:00:00,1776243600,37192.0,37201.0,37052.0,37085.0,4483.0
2026-04-15 17:15:00,1776244500,37085.0,37116.0,37067.0,37077.0,1706.0
2026-04-15 17:30:00,1776245400,37079.0,37099.0,37052.0,37075.0,1140.0
2026-04-15 17:45:00,1776246300,37075.0,37094.0,37063.0,37082.0,699.0
2026-04-15 18:00:00,1776247200,37083.0,37129.0,37078.0,37106.0,1320.0
2026-04-15 18:15:00,1776248100,37104.0,37107.0,37001.0,37014.0,3273.0
2026-04-15 18:30:00,1776249000,37016.0,37106.0,37004.0,37101.0,2543.0
2026-04-15 18:45:00,1776249900,37102.0,37114.0,37082.0,37107.0,1287.0
2026-04-15 19:00:00,1776250800,37109.0,37140.0,37097.0,37133.0,1220.0
2026-04-15 19:15:00,1776251700,37130.0,37133.0,37090.0,37091.0,849.0
2026-04-15 19:30:00,1776252600,37092.0,37136.0,37090.0,37124.0,857.0
2026-04-15 19:45:00,1776253500,37121.0,37172.0,37092.0,37133.0,1859.0
2026-04-15 20:00:00,1776254400,37135.0,37139.0,37075.0,37092.0,1740.0
2026-04-15 20:15:00,1776255300,37092.0,37112.0,37086.0,37096.0,712.0
2026-04-15 20:30:00,1776256200,37095.0,37130.0,37092.0,37128.0,825.0
2026-04-15 20:45:00,1776257100,37127.0,37135.0,37103.0,37121.0,641.0
2026-04-15 21:00:00,1776258000,37121.0,37146.0,37108.0,37146.0,857.0
2026-04-15 21:15:00,1776258900,37145.0,37176.0,37131.0,37160.0,1331.0
2026-04-15 21:30:00,1776259800,37161.0,37172.0,37064.0,37068.0,5283.0
2026-04-15 21:45:00,1776260700,37069.0,37144.0,37060.0,37136.0,4039.0
2026-04-15 22:00:00,1776261600,37137.0,37152.0,37110.0,37131.0,2624.0
2026-04-15 22:15:00,1776262500,37130.0,37187.0,37091.0,37178.0,4151.0
2026-04-15 22:30:00,1776263400,37179.0,37245.0,37162.0,37239.0,6147.0
2026-04-15 22:45:00,1776264300,37241.0,37265.0,37219.0,37222.0,3540.0
2026-04-15 23:00:00,1776265200,37224.0,37255.0,37195.0,37249.0,2764.0
2026-04-15 23:15:00,1776266100,37251.0,37290.0,37233.0,37279.0,2677.0
2026-04-15 23:30:00,1776267000,37278.0,37282.0,37240.0,37271.0,1897.0
2026-04-15 23:45:00,1776267900,37272.0,37285.0,37213.0,37226.0,2025.0
2026-04-16 00:00:00,1776268800,37224.0,37269.0,37204.0,37256.0,1900.0
2026-04-16 00:15:00,1776269700,37256.0,37275.0,37227.0,37229.0,1134.0
2026-04-16 00:30:00,1776270600,37231.0,37236.0,37133.0,37139.0,3449.0
2026-04-16 00:45:00,1776271500,37138.0,37153.0,37070.0,37128.0,3934.0
2026-04-16 01:00:00,1776272400,37128.0,37164.0,37122.0,37146.0,1510.0
2026-04-16 01:15:00,1776273300,37144.0,37179.0,37142.0,37156.0,827.0
2026-04-16 01:30:00,1776274200,37158.0,37189.0,37142.0,37147.0,798.0
2026-04-16 01:45:00,1776275100,37149.0,37164.0,37141.0,37145.0,488.0
2026-04-16 02:00:00,1776276000,37145.0,37218.0,37127.0,37204.0,1541.0
2026-04-16 02:15:00,1776276900,37204.0,37220.0,37193.0,37201.0,502.0
2026-04-16 02:30:00,1776277800,37202.0,37223.0,37199.0,37204.0,377.0
2026-04-16 02:45:00,1776278700,37204.0,37237.0,37202.0,37227.0,456.0
2026-04-16 03:00:00,1776279600,37225.0,37250.0,37217.0,37230.0,518.0
2026-04-16 03:15:00,1776280500,37230.0,37250.0,37222.0,37249.0,200.0
2026-04-16 03:30:00,1776281400,37246.0,37258.0,37224.0,37235.0,398.0
2026-04-16 03:45:00,1776282300,37229.0,37263.0,37215.0,37215.0,418.0
2026-04-16 04:00:00,1776283200,37220.0,37225.0,37184.0,37210.0,602.0
2026-04-16 04:15:00,1776284100,37210.0,37216.0,37202.0,37205.0,175.0
2026-04-16 04:30:00,1776285000,37205.0,37215.0,37202.0,37208.0,124.0
2026-04-16 04:45:00,1776285900,37208.0,37220.0,37190.0,37216.0,373.0
2026-04-16 08:45:00,1776300300,37306.0,37415.0,37306.0,37353.0,9792.0
2026-04-16 09:00:00,1776301200,37355.0,37370.0,37102.0,37233.0,18405.0
2026-04-16 09:15:00,1776302100,37231.0,37339.0,37220.0,37277.0,9102.0
2026-04-16 09:30:00,1776303000,37276.0,37317.0,37187.0,37279.0,6805.0
2026-04-16 09:45:00,1776303900,37280.0,37304.0,37225.0,37237.0,4970.0
2026-04-16 10:00:00,1776304800,37236.0,37315.0,37236.0,37256.0,3898.0
2026-04-16 10:15:00,1776305700,37254.0,37264.0,37203.0,37215.0,3954.0
2026-04-16 10:30:00,1776306600,37216.0,37247.0,37114.0,37119.0,6353.0
2026-04-16 10:45:00,1776307500,37119.0,37215.0,37103.0,37206.0,5293.0
2026-04-16 11:00:00,1776308400,37207.0,37304.0,37204.0,37289.0,4899.0
2026-04-16 11:15:00,1776309300,37289.0,37310.0,37223.0,37244.0,3377.0
2026-04-16 11:30:00,1776310200,37245.0,37308.0,37245.0,37272.0,2346.0
2026-04-16 11:45:00,1776311100,37272.0,37290.0,37252.0,37278.0,1173.0
2026-04-16 12:00:00,1776312000,37279.0,37330.0,37241.0,37330.0,2767.0
2026-04-16 12:15:00,1776312900,37330.0,37490.0,37288.0,37331.0,13146.0
2026-04-16 12:30:00,1776313800,37332.0,37347.0,37295.0,37339.0,3592.0
2026-04-16 12:45:00,1776314700,37339.0,37408.0,37332.0,37376.0,2941.0
2026-04-16 13:00:00,1776315600,37377.0,37388.0,37340.0,37348.0,2010.0
2026-04-16 13:15:00,1776316500,37347.0,37463.0,37344.0,37458.0,3642.0
2026-04-16 13:30:00,1776317400,37461.0,37666.0,37443.0,37643.0,11010.0
2026-04-16 15:00:00,1776322800,37565.0,37566.0,37312.0,37396.0,12678.0
2026-04-16 15:15:00,1776323700,37400.0,37457.0,37371.0,37398.0,3725.0
2026-04-16 15:30:00,1776324600,37398.0,37433.0,37372.0,37410.0,1694.0
2026-04-16 15:45:00,1776325500,37410.0,37410.0,37338.0,37362.0,2387.0
2026-04-16 16:00:00,1776326400,37363.0,37382.0,37242.0,37266.0,4472.0
2026-04-16 16:15:00,1776327300,37266.0,37296.0,37232.0,37274.0,3347.0
2026-04-16 16:30:00,1776328200,37274.0,37320.0,37245.0,37318.0,2673.0
2026-04-16 16:45:00,1776329100,37316.0,37331.0,37297.0,37321.0,1495.0
2026-04-16 17:00:00,1776330000,37320.0,37356.0,37298.0,37342.0,1776.0
2026-04-16 17:15:00,1776330900,37343.0,37344.0,37265.0,37280.0,2073.0
2026-04-16 17:30:00,1776331800,37280.0,37291.0,37209.0,37227.0,3028.0
2026-04-16 17:45:00,1776332700,37230.0,37246.0,37201.0,37232.0,2210.0
2026-04-16 18:00:00,1776333600,37233.0,37252.0,37191.0,37200.0,2162.0
2026-04-16 18:15:00,1776334500,37199.0,37209.0,37118.0,37130.0,4243.0
2026-04-16 18:30:00,1776335400,37131.0,37132.0,37036.0,37055.0,6811.0
2026-04-16 18:45:00,1776336300,37053.0,37142.0,36973.0,37139.0,7051.0
2026-04-16 19:00:00,1776337200,37142.0,37170.0,37132.0,37161.0,3159.0
2026-04-16 19:15:00,1776338100,37162.0,37186.0,37132.0,37164.0,2176.0
2026-04-16 19:30:00,1776339000,37164.0,37193.0,37145.0,37162.0,1963.0
2026-04-16 19:45:00,1776339900,37163.0,37208.0,37142.0,37195.0,1745.0
2026-04-16 20:00:00,1776340800,37194.0,37226.0,37148.0,37165.0,2221.0
2026-04-16 20:15:00,1776341700,37166.0,37179.0,37125.0,37178.0,1763.0
2026-04-16 20:30:00,1776342600,37178.0,37182.0,37123.0,37145.0,1753.0
2026-04-16 20:45:00,1776343500,37143.0,37143.0,37097.0,37126.0,2066.0
2026-04-16 21:00:00,1776344400,37127.0,37189.0,37118.0,37188.0,1750.0
2026-04-16 21:15:00,1776345300,37188.0,37213.0,37164.0,37185.0,2052.0
2026-04-16 21:30:00,1776346200,37184.0,37195.0,37045.0,37074.0,8720.0
2026-04-16 21:45:00,1776347100,37074.0,37084.0,36928.0,37022.0,9464.0
2026-04-16 22:00:00,1776348000,37022.0,37165.0,36996.0,37131.0,7827.0
2026-04-16 22:15:00,1776348900,37131.0,37136.0,37050.0,37087.0,4377.0
2026-04-16 22:30:00,1776349800,37088.0,37108.0,37054.0,37096.0,3202.0
2026-04-16 22:45:00,1776350700,37095.0,37152.0,37084.0,37111.0,3635.0
2026-04-16 23:00:00,1776351600,37114.0,37287.0,37112.0,37218.0,8480.0
2026-04-16 23:15:00,1776352500,37217.0,37245.0,37171.0,37179.0,3612.0
2026-04-16 23:30:00,1776353400,37178.0,37277.0,37155.0,37234.0,3719.0
2026-04-16 23:45:00,1776354300,37237.0,37253.0,37188.0,37240.0,2065.0
2026-04-17 00:00:00,1776355200,37239.0,37257.0,37207.0,37255.0,1681.0
2026-04-17 00:15:00,1776356100,37256.0,37259.0,37192.0,37196.0,1507.0
2026-04-17 00:30:00,1776357000,37198.0,37199.0,37088.0,37149.0,3870.0
2026-04-17 00:45:00,1776357900,37149.0,37180.0,37126.0,37126.0,1135.0
2026-04-17 01:00:00,1776358800,37130.0,37162.0,37104.0,37115.0,1476.0
2026-04-17 01:15:00,1776359700,37117.0,37175.0,37109.0,37155.0,909.0
2026-04-17 01:30:00,1776360600,37155.0,37172.0,37127.0,37147.0,620.0
2026-04-17 01:45:00,1776361500,37147.0,37150.0,37093.0,37122.0,1002.0
2026-04-17 02:00:00,1776362400,37122.0,37159.0,37070.0,37093.0,1554.0
2026-04-17 02:15:00,1776363300,37096.0,37113.0,37057.0,37070.0,822.0
2026-04-17 02:30:00,1776364200,37072.0,37138.0,37066.0,37126.0,691.0
2026-04-17 02:45:00,1776365100,37126.0,37155.0,37117.0,37130.0,564.0
2026-04-17 03:00:00,1776366000,37131.0,37149.0,37118.0,37127.0,347.0
2026-04-17 03:15:00,1776366900,37128.0,37144.0,37120.0,37132.0,189.0
2026-04-17 03:30:00,1776367800,37133.0,37166.0,37125.0,37125.0,445.0
2026-04-17 03:45:00,1776368700,37127.0,37210.0,37120.0,37181.0,944.0
2026-04-17 04:00:00,1776369600,37181.0,37190.0,37138.0,37161.0,497.0
2026-04-17 04:15:00,1776370500,37160.0,37163.0,37140.0,37145.0,177.0
2026-04-17 04:30:00,1776371400,37148.0,37170.0,37146.0,37168.0,209.0
2026-04-17 04:45:00,1776372300,37168.0,37173.0,37128.0,37141.0,468.0
2026-04-17 08:45:00,1776386700,37150.0,37308.0,37144.0,37262.0,10416.0
2026-04-17 09:00:00,1776387600,37263.0,37344.0,37207.0,37275.0,12605.0
2026-04-17 09:15:00,1776388500,37274.0,37355.0,37208.0,37247.0,9826.0
2026-04-17 09:30:00,1776389400,37243.0,37316.0,37188.0,37191.0,7321.0
2026-04-17 09:45:00,1776390300,37191.0,37313.0,37183.0,37287.0,6651.0
2026-04-17 10:00:00,1776391200,37287.0,37348.0,37243.0,37346.0,4812.0
2026-04-17 10:15:00,1776392100,37346.0,37390.0,37287.0,37287.0,7584.0
2026-04-17 10:30:00,1776393000,37290.0,37299.0,37214.0,37236.0,4845.0
2026-04-17 10:45:00,1776393900,37234.0,37263.0,37210.0,37223.0,3015.0
2026-04-17 11:00:00,1776394800,37227.0,37252.0,37187.0,37200.0,3286.0
2026-04-17 11:15:00,1776395700,37198.0,37235.0,37145.0,37165.0,5060.0
2026-04-17 11:30:00,1776396600,37166.0,37188.0,37111.0,37160.0,5382.0
2026-04-17 11:45:00,1776397500,37162.0,37181.0,37113.0,37125.0,2253.0
2026-04-17 12:00:00,1776398400,37126.0,37173.0,37121.0,37162.0,2153.0
2026-04-17 12:15:00,1776399300,37165.0,37184.0,37150.0,37179.0,1732.0
2026-04-17 12:30:00,1776400200,37181.0,37181.0,37127.0,37142.0,1949.0
2026-04-17 12:45:00,1776401100,37141.0,37232.0,37130.0,37141.0,4154.0
2026-04-17 13:00:00,1776402000,37139.0,37198.0,37085.0,37184.0,4721.0
2026-04-17 13:15:00,1776402900,37185.0,37206.0,37126.0,37129.0,2467.0
2026-04-17 13:30:00,1776403800,37125.0,37133.0,37033.0,37083.0,6032.0
2026-04-17 15:00:00,1776409200,37031.0,37154.0,37031.0,37130.0,3580.0
2026-04-17 15:15:00,1776410100,37130.0,37173.0,37120.0,37162.0,1735.0
2026-04-17 15:30:00,1776411000,37160.0,37194.0,37153.0,37190.0,1660.0
2026-04-17 15:45:00,1776411900,37188.0,37219.0,37175.0,37218.0,1664.0
2026-04-17 16:00:00,1776412800,37218.0,37226.0,37167.0,37185.0,1990.0
2026-04-17 16:15:00,1776413700,37187.0,37210.0,37181.0,37199.0,834.0
2026-04-17 16:30:00,1776414600,37199.0,37256.0,37181.0,37253.0,2025.0
2026-04-17 16:45:00,1776415500,37251.0,37287.0,37242.0,37271.0,2189.0
2026-04-17 17:00:00,1776416400,37271.0,37289.0,37254.0,37258.0,1231.0
2026-04-17 17:15:00,1776417300,37258.0,37293.0,37238.0,37281.0,1197.0
2026-04-17 17:30:00,1776418200,37280.0,37284.0,37260.0,37270.0,585.0
2026-04-17 17:45:00,1776419100,37270.0,37283.0,37261.0,37275.0,571.0
2026-04-17 18:00:00,1776420000,37277.0,37283.0,37255.0,37262.0,672.0
2026-04-17 18:15:00,1776420900,37262.0,37267.0,37246.0,37258.0,531.0
2026-04-17 18:30:00,1776421800,37257.0,37262.0,37221.0,37223.0,960.0
2026-04-17 18:45:00,1776422700,37226.0,37260.0,37218.0,37254.0,676.0
2026-04-17 19:00:00,1776423600,37258.0,37273.0,37247.0,37259.0,555.0
2026-04-17 19:15:00,1776424500,37258.0,37273.0,37256.0,37265.0,428.0
2026-04-17 19:30:00,1776425400,37266.0,37312.0,37266.0,37290.0,1981.0
2026-04-17 19:45:00,1776426300,37287.0,37294.0,37276.0,37291.0,531.0
2026-04-17 20:00:00,1776427200,37290.0,37342.0,37284.0,37330.0,2031.0
2026-04-17 20:15:00,1776428100,37330.0,37450.0,37320.0,37422.0,4780.0
2026-04-17 20:30:00,1776429000,37421.0,37484.0,37418.0,37463.0,4078.0
2026-04-17 20:45:00,1776429900,37459.0,37762.0,37452.0,37761.0,12610.0
2026-04-17 21:00:00,1776430800,37761.0,37849.0,37697.0,37826.0,8183.0
2026-04-17 21:15:00,1776431700,37829.0,37832.0,37704.0,37728.0,6295.0
2026-04-17 21:30:00,1776432600,37730.0,37783.0,37668.0,37740.0,8220.0
2026-04-17 21:45:00,1776433500,37740.0,37776.0,37635.0,37766.0,7016.0
2026-04-17 22:00:00,1776434400,37770.0,37874.0,37766.0,37857.0,6702.0
2026-04-17 22:15:00,1776435300,37858.0,37904.0,37823.0,37861.0,4723.0
2026-04-17 22:30:00,1776436200,37859.0,37992.0,37856.0,37974.0,6205.0
2026-04-17 22:45:00,1776437100,37973.0,37977.0,37877.0,37895.0,4250.0
2026-04-17 23:00:00,1776438000,37891.0,37895.0,37781.0,37821.0,6299.0
2026-04-17 23:15:00,1776438900,37820.0,37856.0,37735.0,37758.0,4835.0
2026-04-17 23:30:00,1776439800,37758.0,37840.0,37755.0,37774.0,3966.0
2026-04-17 23:45:00,1776440700,37776.0,37835.0,37751.0,37758.0,2644.0
2026-04-18 00:00:00,1776441600,37758.0,37824.0,37716.0,37813.0,3194.0
2026-04-18 00:15:00,1776442500,37812.0,37828.0,37793.0,37804.0,1226.0
2026-04-18 00:30:00,1776443400,37805.0,37864.0,37789.0,37805.0,2369.0
2026-04-18 00:45:00,1776444300,37804.0,37815.0,37772.0,37778.0,1138.0
2026-04-18 01:00:00,1776445200,37779.0,37796.0,37704.0,37743.0,2150.0
2026-04-18 01:15:00,1776446100,37749.0,37769.0,37600.0,37625.0,4467.0
2026-04-18 01:30:00,1776447000,37627.0,37660.0,37560.0,37619.0,3462.0
2026-04-18 01:45:00,1776447900,37617.0,37673.0,37614.0,37648.0,1576.0
2026-04-18 02:00:00,1776448800,37648.0,37662.0,37566.0,37578.0,1721.0
2026-04-18 02:15:00,1776449700,37580.0,37672.0,37562.0,37648.0,1776.0
2026-04-18 02:30:00,1776450600,37650.0,37698.0,37649.0,37692.0,1075.0
2026-04-18 02:45:00,1776451500,37694.0,37718.0,37641.0,37673.0,1261.0
2026-04-18 03:00:00,1776452400,37675.0,37700.0,37661.0,37669.0,666.0
2026-04-18 03:15:00,1776453300,37675.0,37695.0,37662.0,37666.0,498.0
2026-04-18 03:30:00,1776454200,37668.0,37728.0,37668.0,37725.0,668.0
2026-04-18 03:45:00,1776455100,37723.0,37785.0,37711.0,37768.0,1020.0
2026-04-18 04:00:00,1776456000,37768.0,37768.0,37739.0,37755.0,628.0
2026-04-18 04:15:00,1776456900,37754.0,37755.0,37710.0,37727.0,434.0
2026-04-18 04:30:00,1776457800,37726.0,37731.0,37712.0,37727.0,310.0
2026-04-18 04:45:00,1776458700,37726.0,37761.0,37716.0,37755.0,646.0
2026-04-20 08:45:00,1776645900,37337.0,37462.0,37250.0,37345.0,13314.0
2026-04-20 09:00:00,1776646800,37344.0,37617.0,37313.0,37519.0,15104.0
2026-04-20 09:15:00,1776647700,37520.0,37560.0,37444.0,37466.0,8015.0
2026-04-20 09:30:00,1776648600,37466.0,37646.0,37460.0,37620.0,7795.0
2026-04-20 09:45:00,1776649500,37620.0,37689.0,37559.0,37634.0,6845.0
2026-04-20 10:00:00,1776650400,37630.0,37646.0,37477.0,37502.0,6179.0
2026-04-20 10:15:00,1776651300,37505.0,37592.0,37498.0,37552.0,3807.0
2026-04-20 10:30:00,1776652200,37554.0,37641.0,37553.0,37597.0,3267.0
2026-04-20 10:45:00,1776653100,37595.0,37660.0,37576.0,37653.0,2761.0
2026-04-20 11:00:00,1776654000,37650.0,37700.0,37630.0,37654.0,4077.0
2026-04-20 11:15:00,1776654900,37653.0,37691.0,37611.0,37661.0,2560.0
2026-04-20 11:30:00,1776655800,37664.0,37706.0,37636.0,37653.0,2355.0
2026-04-20 11:45:00,1776656700,37652.0,37659.0,37592.0,37613.0,2286.0
2026-04-20 12:00:00,1776657600,37612.0,37615.0,37526.0,37529.0,4021.0
2026-04-20 12:15:00,1776658500,37532.0,37553.0,37480.0,37532.0,3557.0
2026-04-20 12:30:00,1776659400,37530.0,37545.0,37484.0,37543.0,2121.0
2026-04-20 12:45:00,1776660300,37544.0,37557.0,37507.0,37513.0,1748.0
2026-04-20 13:00:00,1776661200,37511.0,37532.0,37485.0,37531.0,2026.0
2026-04-20 13:15:00,1776662100,37532.0,37538.0,37370.0,37373.0,5564.0
2026-04-20 13:30:00,1776663000,37375.0,37398.0,37210.0,37251.0,8943.0
2026-04-20 15:00:00,1776668400,37306.0,37422.0,37300.0,37372.0,5192.0
2026-04-20 15:15:00,1776669300,37370.0,37438.0,37355.0,37392.0,2560.0
2026-04-20 15:30:00,1776670200,37392.0,37401.0,37287.0,37310.0,3559.0
2026-04-20 15:45:00,1776671100,37312.0,37327.0,37263.0,37319.0,2187.0
2026-04-20 16:00:00,1776672000,37318.0,37332.0,37216.0,37274.0,3012.0
2026-04-20 16:15:00,1776672900,37273.0,37355.0,37263.0,37347.0,2490.0
2026-04-20 16:30:00,1776673800,37346.0,37367.0,37328.0,37359.0,1334.0
2026-04-20 16:45:00,1776674700,37359.0,37425.0,37347.0,37393.0,2232.0
2026-04-20 17:00:00,1776675600,37389.0,37425.0,37358.0,37365.0,1622.0
2026-04-20 17:15:00,1776676500,37368.0,37383.0,37353.0,37368.0,807.0
2026-04-20 17:30:00,1776677400,37372.0,37423.0,37372.0,37423.0,1217.0
2026-04-20 17:45:00,1776678300,37420.0,37422.0,37378.0,37387.0,714.0
2026-04-20 18:00:00,1776679200,37388.0,37466.0,37385.0,37451.0,2395.0
2026-04-20 18:15:00,1776680100,37450.0,37470.0,37428.0,37445.0,1235.0
2026-04-20 18:30:00,1776681000,37448.0,37450.0,37407.0,37415.0,732.0
2026-04-20 18:45:00,1776681900,37417.0,37434.0,37408.0,37415.0,586.0
2026-04-20 19:00:00,1776682800,37416.0,37418.0,37358.0,37400.0,1770.0
2026-04-20 19:15:00,1776683700,37401.0,37420.0,37392.0,37392.0,566.0
2026-04-20 19:30:00,1776684600,37392.0,37448.0,37386.0,37440.0,1453.0
2026-04-20 19:45:00,1776685500,37439.0,37491.0,37436.0,37484.0,2212.0
2026-04-20 20:00:00,1776686400,37482.0,37494.0,37424.0,37443.0,2317.0
2026-04-20 20:15:00,1776687300,37443.0,37469.0,37407.0,37460.0,1073.0
2026-04-20 20:30:00,1776688200,37460.0,37475.0,37413.0,37452.0,1055.0
2026-04-20 20:45:00,1776689100,37453.0,37496.0,37448.0,37457.0,1398.0
2026-04-20 21:00:00,1776690000,37453.0,37520.0,37417.0,37503.0,2951.0
2026-04-20 21:15:00,1776690900,37503.0,37570.0,37492.0,37565.0,2969.0
2026-04-20 21:30:00,1776691800,37566.0,37594.0,37490.0,37543.0,6318.0
2026-04-20 21:45:00,1776692700,37539.0,37625.0,37513.0,37617.0,4845.0
2026-04-20 22:00:00,1776693600,37616.0,37623.0,37536.0,37588.0,4814.0
2026-04-20 22:15:00,1776694500,37587.0,37662.0,37547.0,37638.0,5054.0
2026-04-20 22:30:00,1776695400,37637.0,37649.0,37538.0,37572.0,4028.0
2026-04-20 22:45:00,1776696300,37574.0,37604.0,37431.0,37447.0,6940.0
2026-04-20 23:00:00,1776697200,37448.0,37484.0,37368.0,37474.0,6562.0
2026-04-20 23:15:00,1776698100,37475.0,37578.0,37458.0,37571.0,5781.0
2026-04-20 23:30:00,1776699000,37572.0,37582.0,37518.0,37534.0,2610.0
2026-04-20 23:45:00,1776699900,37535.0,37553.0,37506.0,37543.0,1450.0
2026-04-21 00:00:00,1776700800,37542.0,37564.0,37505.0,37546.0,1757.0
2026-04-21 00:15:00,1776701700,37548.0,37594.0,37532.0,37569.0,1383.0
2026-04-21 00:30:00,1776702600,37571.0,37594.0,37538.0,37574.0,1069.0
2026-04-21 00:45:00,1776703500,37570.0,37603.0,37567.0,37590.0,1187.0
2026-04-21 01:00:00,1776704400,37585.0,37610.0,37574.0,37591.0,1001.0
2026-04-21 01:15:00,1776705300,37590.0,37622.0,37583.0,37585.0,943.0
2026-04-21 01:30:00,1776706200,37587.0,37656.0,37582.0,37637.0,1309.0
2026-04-21 01:45:00,1776707100,37638.0,37693.0,37638.0,37658.0,2164.0
2026-04-21 02:00:00,1776708000,37658.0,37691.0,37608.0,37656.0,1570.0
2026-04-21 02:15:00,1776708900,37659.0,37668.0,37640.0,37645.0,697.0
2026-04-21 02:30:00,1776709800,37649.0,37660.0,37593.0,37616.0,807.0
2026-04-21 02:45:00,1776710700,37617.0,37667.0,37616.0,37648.0,312.0
2026-04-21 03:00:00,1776711600,37649.0,37683.0,37649.0,37660.0,456.0
2026-04-21 03:15:00,1776712500,37661.0,37661.0,37623.0,37627.0,355.0
2026-04-21 03:30:00,1776713400,37630.0,37649.0,37606.0,37638.0,236.0
2026-04-21 03:45:00,1776714300,37638.0,37649.0,37615.0,37646.0,258.0
2026-04-21 04:00:00,1776715200,37643.0,37646.0,37602.0,37617.0,501.0
2026-04-21 04:15:00,1776716100,37618.0,37626.0,37615.0,37615.0,119.0
2026-04-21 04:30:00,1776717000,37616.0,37654.0,37610.0,37644.0,292.0
2026-04-21 04:45:00,1776717900,37644.0,37644.0,37598.0,37615.0,449.0
2026-04-21 08:45:00,1776732300,37710.0,37802.0,37703.0,37778.0,9169.0
2026-04-21 09:00:00,1776733200,37780.0,38072.0,37780.0,37838.0,22335.0
2026-04-21 09:15:00,1776734100,37840.0,37863.0,37723.0,37738.0,13014.0
2026-04-21 09:30:00,1776735000,37740.0,37863.0,37710.0,37836.0,9337.0
2026-04-21 09:45:00,1776735900,37834.0,37841.0,37649.0,37808.0,10698.0
2026-04-21 10:00:00,1776736800,37807.0,38017.0,37795.0,38004.0,11265.0
2026-04-21 10:15:00,1776737700,38004.0,38116.0,37971.0,38083.0,10772.0
2026-04-21 10:30:00,1776738600,38080.0,38100.0,37990.0,38069.0,5259.0
2026-04-21 10:45:00,1776739500,38071.0,38084.0,38010.0,38045.0,3434.0
2026-04-21 11:00:00,1776740400,38046.0,38057.0,38003.0,38038.0,2205.0
2026-04-21 11:15:00,1776741300,38039.0,38042.0,37923.0,38008.0,4739.0
2026-04-21 11:30:00,1776742200,38003.0,38027.0,37948.0,37975.0,2333.0
2026-04-21 11:45:00,1776743100,37973.0,38019.0,37970.0,38006.0,1711.0
2026-04-21 12:00:00,1776744000,38007.0,38045.0,37993.0,38035.0,2119.0
2026-04-21 12:15:00,1776744900,38033.0,38077.0,38023.0,38030.0,2782.0
2026-04-21 12:30:00,1776745800,38027.0,38030.0,37981.0,37983.0,2014.0
2026-04-21 12:45:00,1776746700,37985.0,38049.0,37971.0,38036.0,2452.0
2026-04-21 13:00:00,1776747600,38035.0,38160.0,38025.0,38154.0,6008.0
2026-04-21 13:15:00,1776748500,38155.0,38158.0,38026.0,38026.0,4743.0
2026-04-21 13:30:00,1776749400,38026.0,38055.0,37992.0,38047.0,5186.0
2026-04-21 15:00:00,1776754800,38131.0,38131.0,38026.0,38071.0,3990.0
2026-04-21 15:15:00,1776755700,38071.0,38104.0,38057.0,38065.0,1477.0
2026-04-21 15:30:00,1776756600,38068.0,38084.0,38020.0,38060.0,1425.0
2026-04-21 15:45:00,1776757500,38058.0,38102.0,38018.0,38018.0,1655.0
2026-04-21 16:00:00,1776758400,38019.0,38051.0,38004.0,38010.0,1527.0
2026-04-21 16:15:00,1776759300,38009.0,38085.0,38009.0,38080.0,1346.0
2026-04-21 16:30:00,1776760200,38080.0,38110.0,38050.0,38101.0,1307.0
2026-04-21 16:45:00,1776761100,38100.0,38109.0,38065.0,38069.0,1133.0
2026-04-21 17:00:00,1776762000,38065.0,38073.0,38029.0,38048.0,1327.0
2026-04-21 17:15:00,1776762900,38050.0,38072.0,38043.0,38049.0,559.0
2026-04-21 17:30:00,1776763800,38050.0,38060.0,38035.0,38044.0,622.0
2026-04-21 17:45:00,1776764700,38044.0,38074.0,38040.0,38066.0,689.0
2026-04-21 18:00:00,1776765600,38068.0,38091.0,38061.0,38065.0,847.0
2026-04-21 18:15:00,1776766500,38065.0,38073.0,38052.0,38054.0,520.0
2026-04-21 18:30:00,1776767400,38056.0,38076.0,38055.0,38065.0,397.0
2026-04-21 18:45:00,1776768300,38067.0,38097.0,38061.0,38086.0,805.0
2026-04-21 19:00:00,1776769200,38086.0,38102.0,37925.0,37947.0,5472.0
2026-04-21 19:15:00,1776770100,37948.0,38015.0,37900.0,38011.0,4608.0
2026-04-21 19:30:00,1776771000,38010.0,38060.0,38007.0,38016.0,2422.0
2026-04-21 19:45:00,1776771900,38018.0,38022.0,37960.0,37964.0,1529.0
2026-04-21 20:00:00,1776772800,37964.0,37992.0,37938.0,37980.0,2200.0
2026-04-21 20:15:00,1776773700,37979.0,37983.0,37928.0,37968.0,1809.0
2026-04-21 20:30:00,1776774600,37967.0,37991.0,37838.0,37865.0,5448.0
2026-04-21 20:45:00,1776775500,37868.0,37891.0,37835.0,37882.0,3116.0
2026-04-21 21:00:00,1776776400,37882.0,37913.0,37878.0,37889.0,2054.0
2026-04-21 21:15:00,1776777300,37888.0,37915.0,37867.0,37883.0,1704.0
2026-04-21 21:30:00,1776778200,37878.0,37961.0,37856.0,37946.0,6598.0
2026-04-21 21:45:00,1776779100,37948.0,38013.0,37927.0,37984.0,4583.0
2026-04-21 22:00:00,1776780000,37985.0,38058.0,37950.0,38023.0,4749.0
2026-04-21 22:15:00,1776780900,38027.0,38054.0,37952.0,37966.0,3486.0
2026-04-21 22:30:00,1776781800,37967.0,38008.0,37923.0,37929.0,3378.0
2026-04-21 22:45:00,1776782700,37928.0,37938.0,37723.0,37737.0,8233.0
2026-04-21 23:00:00,1776783600,37740.0,37845.0,37675.0,37817.0,10847.0
2026-04-21 23:15:00,1776784500,37817.0,37865.0,37766.0,37789.0,4986.0
2026-04-21 23:30:00,1776785400,37792.0,37826.0,37725.0,37818.0,3592.0
2026-04-21 23:45:00,1776786300,37819.0,37844.0,37790.0,37806.0,1922.0
2026-04-22 00:00:00,1776787200,37809.0,37875.0,37800.0,37820.0,2660.0
2026-04-22 00:15:00,1776788100,37820.0,37831.0,37772.0,37778.0,1489.0
2026-04-22 00:30:00,1776789000,37777.0,37835.0,37747.0,37762.0,1421.0
2026-04-22 00:45:00,1776789900,37763.0,37812.0,37763.0,37770.0,912.0
2026-04-22 01:00:00,1776790800,37772.0,37809.0,37655.0,37675.0,4173.0
2026-04-22 01:15:00,1776791700,37679.0,37697.0,37613.0,37682.0,3644.0
2026-04-22 01:30:00,1776792600,37683.0,37858.0,37675.0,37810.0,4171.0
2026-04-22 01:45:00,1776793500,37810.0,37840.0,37785.0,37819.0,1285.0
2026-04-22 02:00:00,1776794400,37819.0,37862.0,37807.0,37839.0,1226.0
2026-04-22 02:15:00,1776795300,37840.0,37857.0,37756.0,37772.0,1764.0
2026-04-22 02:30:00,1776796200,37772.0,37818.0,37772.0,37780.0,732.0
2026-04-22 02:45:00,1776797100,37778.0,37899.0,37744.0,37814.0,2539.0
2026-04-22 03:00:00,1776798000,37817.0,37888.0,37800.0,37837.0,1221.0
2026-04-22 03:15:00,1776798900,37843.0,37942.0,37819.0,37941.0,1782.0
2026-04-22 03:30:00,1776799800,37942.0,37950.0,37572.0,37585.0,4792.0
2026-04-22 03:45:00,1776800700,37586.0,37714.0,37543.0,37684.0,3571.0
2026-04-22 04:00:00,1776801600,37695.0,37999.0,37626.0,37888.0,4045.0
2026-04-22 04:15:00,1776802500,37902.0,37932.0,37865.0,37893.0,1068.0
2026-04-22 04:30:00,1776803400,37895.0,37914.0,37875.0,37887.0,501.0
2026-04-22 04:45:00,1776804300,37886.0,37912.0,37875.0,37904.0,527.0
2026-04-22 08:45:00,1776818700,38130.0,38181.0,37943.0,37958.0,12828.0
2026-04-22 09:00:00,1776819600,37957.0,38099.0,37923.0,38062.0,13006.0
2026-04-22 09:15:00,1776820500,38065.0,38194.0,38052.0,38162.0,10549.0
2026-04-22 09:30:00,1776821400,38165.0,38274.0,38153.0,38183.0,11616.0
2026-04-22 09:45:00,1776822300,38183.0,38253.0,38128.0,38182.0,6771.0
2026-04-22 10:00:00,1776823200,38184.0,38270.0,38170.0,38269.0,4931.0
2026-04-22 10:15:00,1776824100,38270.0,38327.0,38227.0,38309.0,9326.0
2026-04-22 10:30:00,1776825000,38307.0,38322.0,38251.0,38298.0,3348.0
2026-04-22 10:45:00,1776825900,38300.0,38344.0,38288.0,38293.0,4782.0
2026-04-22 11:00:00,1776826800,38295.0,38337.0,38260.0,38292.0,3126.0
2026-04-22 11:15:00,1776827700,38292.0,38317.0,38238.0,38284.0,3393.0
2026-04-22 11:30:00,1776828600,38285.0,38369.0,38262.0,38296.0,6527.0
2026-04-22 11:45:00,1776829500,38297.0,38321.0,38201.0,38206.0,4894.0
2026-04-22 12:00:00,1776830400,38207.0,38266.0,38180.0,38260.0,3885.0
2026-04-22 12:15:00,1776831300,38261.0,38265.0,38165.0,38165.0,3310.0
2026-04-22 12:30:00,1776832200,38165.0,38218.0,38144.0,38208.0,3547.0
2026-04-22 12:45:00,1776833100,38206.0,38235.0,38153.0,38161.0,2979.0
2026-04-22 13:00:00,1776834000,38166.0,38205.0,38151.0,38194.0,2045.0
2026-04-22 13:15:00,1776834900,38197.0,38277.0,38173.0,38199.0,5875.0
2026-04-22 13:30:00,1776835800,38201.0,38230.0,38161.0,38213.0,4525.0
2026-04-22 13:45:00,1776836700,38213.0,38216.0,38213.0,38216.0,4.0
2026-04-22 15:00:00,1776841200,38248.0,38269.0,38223.0,38261.0,2765.0
2026-04-22 15:15:00,1776842100,38257.0,38259.0,38205.0,38253.0,1373.0
2026-04-22 15:30:00,1776843000,38253.0,38265.0,38206.0,38238.0,1146.0
2026-04-22 15:45:00,1776843900,38234.0,38242.0,38191.0,38215.0,1074.0
2026-04-22 16:00:00,1776844800,38213.0,38235.0,38186.0,38225.0,1146.0
2026-04-22 16:15:00,1776845700,38221.0,38225.0,38076.0,38101.0,3828.0
2026-04-22 16:30:00,1776846600,38104.0,38124.0,38025.0,38106.0,4116.0
2026-04-22 16:45:00,1776847500,38105.0,38163.0,38088.0,38158.0,1907.0
2026-04-22 17:00:00,1776848400,38157.0,38192.0,38144.0,38167.0,2025.0
2026-04-22 17:15:00,1776849300,38168.0,38210.0,38147.0,38191.0,1609.0
2026-04-22 17:30:00,1776850200,38191.0,38214.0,38175.0,38208.0,981.0
2026-04-22 17:45:00,1776851100,38208.0,38208.0,38095.0,38138.0,2003.0
2026-04-22 18:00:00,1776852000,38138.0,38159.0,38088.0,38107.0,1709.0
2026-04-22 18:15:00,1776852900,38107.0,38163.0,38106.0,38160.0,1126.0
2026-04-22 18:30:00,1776853800,38158.0,38176.0,38114.0,38130.0,910.0
2026-04-22 18:45:00,1776854700,38132.0,38157.0,38118.0,38152.0,549.0
2026-04-22 19:00:00,1776855600,38152.0,38157.0,38114.0,38121.0,718.0
2026-04-22 19:15:00,1776856500,38120.0,38143.0,38096.0,38111.0,894.0
2026-04-22 19:30:00,1776857400,38115.0,38142.0,38110.0,38127.0,675.0
2026-04-22 19:45:00,1776858300,38120.0,38164.0,38120.0,38147.0,822.0
2026-04-22 20:00:00,1776859200,38147.0,38253.0,38144.0,38243.0,3020.0
2026-04-22 20:15:00,1776860100,38244.0,38247.0,38191.0,38198.0,1760.0
2026-04-22 20:30:00,1776861000,38195.0,38215.0,38158.0,38177.0,1968.0
2026-04-22 20:45:00,1776861900,38180.0,38201.0,38147.0,38168.0,1267.0
2026-04-22 21:00:00,1776862800,38171.0,38221.0,38123.0,38185.0,2301.0
2026-04-22 21:15:00,1776863700,38185.0,38243.0,38145.0,38218.0,2827.0
2026-04-22 21:30:00,1776864600,38220.0,38248.0,38168.0,38244.0,3960.0
2026-04-22 21:45:00,1776865500,38243.0,38306.0,38188.0,38223.0,6316.0
2026-04-22 22:00:00,1776866400,38222.0,38303.0,38222.0,38298.0,3406.0
2026-04-22 22:15:00,1776867300,38300.0,38450.0,38297.0,38438.0,8989.0
2026-04-22 22:30:00,1776868200,38440.0,38472.0,38371.0,38411.0,6233.0
2026-04-22 22:45:00,1776869100,38413.0,38443.0,38363.0,38397.0,3219.0
2026-04-22 23:00:00,1776870000,38397.0,38445.0,38378.0,38417.0,2698.0
2026-04-22 23:15:00,1776870900,38419.0,38464.0,38398.0,38454.0,2046.0
2026-04-22 23:30:00,1776871800,38453.0,38497.0,38445.0,38450.0,3665.0
2026-04-22 23:45:00,1776872700,38449.0,38490.0,38433.0,38468.0,1629.0
2026-04-23 00:00:00,1776873600,38470.0,38533.0,38468.0,38522.0,3868.0
2026-04-23 00:15:00,1776874500,38523.0,38534.0,38493.0,38505.0,1510.0
2026-04-23 00:30:00,1776875400,38507.0,38510.0,38453.0,38469.0,1765.0
2026-04-23 00:45:00,1776876300,38472.0,38497.0,38462.0,38476.0,1014.0
2026-04-23 01:00:00,1776877200,38480.0,38577.0,38475.0,38540.0,3056.0
2026-04-23 01:15:00,1776878100,38540.0,38570.0,38517.0,38552.0,1114.0
2026-04-23 01:30:00,1776879000,38553.0,38586.0,38552.0,38581.0,963.0
2026-04-23 01:45:00,1776879900,38581.0,38591.0,38547.0,38566.0,998.0
2026-04-23 02:00:00,1776880800,38564.0,38583.0,38549.0,38571.0,525.0
2026-04-23 02:15:00,1776881700,38569.0,38570.0,38485.0,38513.0,1357.0
2026-04-23 02:30:00,1776882600,38516.0,38568.0,38514.0,38568.0,522.0
2026-04-23 02:45:00,1776883500,38566.0,38592.0,38559.0,38572.0,755.0
2026-04-23 03:00:00,1776884400,38573.0,38618.0,38422.0,38614.0,3770.0
2026-04-23 03:15:00,1776885300,38614.0,38650.0,38602.0,38615.0,1272.0
2026-04-23 03:30:00,1776886200,38612.0,38648.0,38606.0,38645.0,564.0
2026-04-23 03:45:00,1776887100,38642.0,38679.0,38633.0,38673.0,1232.0
2026-04-23 04:00:00,1776888000,38670.0,38684.0,38603.0,38676.0,1199.0
2026-04-23 04:15:00,1776888900,38675.0,38711.0,38670.0,38700.0,914.0
2026-04-23 04:30:00,1776889800,38699.0,38714.0,38682.0,38703.0,490.0
2026-04-23 04:45:00,1776890700,38702.0,38758.0,38692.0,38753.0,1017.0
2026-04-23 08:45:00,1776905100,38709.0,38725.0,38558.0,38632.0,13211.0
2026-04-23 09:00:00,1776906000,38633.0,38944.0,38606.0,38939.0,21373.0
2026-04-23 09:15:00,1776906900,38940.0,39085.0,38868.0,38878.0,16318.0
2026-04-23 09:30:00,1776907800,38878.0,38960.0,38712.0,38731.0,15959.0
2026-04-23 09:45:00,1776908700,38728.0,38733.0,38459.0,38520.0,21727.0
2026-04-23 10:00:00,1776909600,38520.0,38531.0,37744.0,37750.0,29036.0
2026-04-23 10:15:00,1776910500,37754.0,38134.0,37628.0,37835.0,26567.0
2026-04-23 10:30:00,1776911400,37839.0,37870.0,37570.0,37600.0,18072.0
2026-04-23 10:45:00,1776912300,37602.0,37894.0,37555.0,37645.0,14750.0
2026-04-23 11:00:00,1776913200,37650.0,37732.0,37486.0,37507.0,11272.0
2026-04-23 11:15:00,1776914100,37505.0,37654.0,37480.0,37615.0,8429.0
2026-04-23 11:30:00,1776915000,37612.0,37633.0,37408.0,37460.0,9076.0
2026-04-23 11:45:00,1776915900,37464.0,37708.0,37455.0,37691.0,9099.0
2026-04-23 12:00:00,1776916800,37689.0,37740.0,37610.0,37733.0,5605.0
2026-04-23 12:15:00,1776917700,37735.0,37792.0,37693.0,37760.0,5771.0
2026-04-23 12:30:00,1776918600,37761.0,37909.0,37743.0,37900.0,7923.0
2026-04-23 12:45:00,1776919500,37898.0,37998.0,37868.0,37991.0,7166.0
2026-04-23 13:00:00,1776920400,37994.0,38038.0,37958.0,37974.0,5305.0
2026-04-23 13:15:00,1776921300,37976.0,37979.0,37851.0,37910.0,5526.0
2026-04-23 13:30:00,1776922200,37913.0,37923.0,37825.0,37886.0,4405.0
2026-04-23 15:00:00,1776927600,37930.0,37984.0,37892.0,37966.0,4106.0
2026-04-23 15:15:00,1776928500,37967.0,37985.0,37889.0,37900.0,2121.0
2026-04-23 15:30:00,1776929400,37899.0,37908.0,37816.0,37905.0,3365.0
2026-04-23 15:45:00,1776930300,37906.0,37953.0,37878.0,37914.0,2319.0
2026-04-23 16:00:00,1776931200,37914.0,37924.0,37822.0,37858.0,2153.0
2026-04-23 16:15:00,1776932100,37860.0,37947.0,37847.0,37915.0,2113.0
2026-04-23 16:30:00,1776933000,37916.0,37916.0,37837.0,37849.0,1881.0
2026-04-23 16:45:00,1776933900,37847.0,37885.0,37833.0,37872.0,1131.0
2026-04-23 17:00:00,1776934800,37870.0,37870.0,37724.0,37804.0,4317.0
2026-04-23 17:15:00,1776935700,37805.0,37895.0,37795.0,37860.0,2898.0
2026-04-23 17:30:00,1776936600,37862.0,37925.0,37860.0,37906.0,2143.0
2026-04-23 17:45:00,1776937500,37902.0,37905.0,37861.0,37874.0,992.0
2026-04-23 18:00:00,1776938400,37875.0,37884.0,37796.0,37817.0,1774.0
2026-04-23 18:15:00,1776939300,37819.0,37860.0,37819.0,37837.0,956.0
2026-04-23 18:30:00,1776940200,37839.0,37884.0,37832.0,37850.0,1030.0
2026-04-23 18:45:00,1776941100,37850.0,37895.0,37828.0,37886.0,1066.0
2026-04-23 19:00:00,1776942000,37888.0,37938.0,37888.0,37907.0,2033.0
2026-04-23 19:15:00,1776942900,37909.0,37918.0,37873.0,37898.0,935.0
2026-04-23 19:30:00,1776943800,37899.0,37975.0,37861.0,37972.0,2663.0
2026-04-23 19:45:00,1776944700,37974.0,38145.0,37972.0,38103.0,7409.0
2026-04-23 20:00:00,1776945600,38102.0,38185.0,38092.0,38161.0,4426.0
2026-04-23 20:15:00,1776946500,38160.0,38165.0,38092.0,38115.0,2408.0
2026-04-23 20:30:00,1776947400,38112.0,38130.0,38080.0,38081.0,1838.0
2026-04-23 20:45:00,1776948300,38082.0,38091.0,37966.0,38036.0,5748.0
2026-04-23 21:00:00,1776949200,38037.0,38077.0,38010.0,38026.0,2272.0
2026-04-23 21:15:00,1776950100,38034.0,38103.0,38029.0,38098.0,1741.0
2026-04-23 21:30:00,1776951000,38094.0,38226.0,38072.0,38207.0,7672.0
2026-04-23 21:45:00,1776951900,38204.0,38250.0,38133.0,38157.0,6782.0
2026-04-23 22:00:00,1776952800,38156.0,38184.0,38083.0,38121.0,5361.0
2026-04-23 22:15:00,1776953700,38120.0,38229.0,38119.0,38199.0,3812.0
2026-04-23 22:30:00,1776954600,38199.0,38285.0,38199.0,38267.0,5344.0
2026-04-23 22:45:00,1776955500,38267.0,38333.0,38256.0,38332.0,3895.0
2026-04-23 23:00:00,1776956400,38330.0,38356.0,38297.0,38329.0,3746.0
2026-04-23 23:15:00,1776957300,38327.0,38376.0,38310.0,38315.0,2969.0
2026-04-23 23:30:00,1776958200,38314.0,38363.0,38282.0,38311.0,2405.0
2026-04-23 23:45:00,1776959100,38314.0,38326.0,38255.0,38314.0,3252.0
2026-04-24 00:00:00,1776960000,38317.0,38345.0,38258.0,38305.0,2490.0
2026-04-24 00:15:00,1776960900,38304.0,38352.0,38298.0,38339.0,1354.0
2026-04-24 00:30:00,1776961800,38338.0,38423.0,38335.0,38419.0,2880.0
2026-04-24 00:45:00,1776962700,38418.0,38434.0,38357.0,38375.0,1616.0
2026-04-24 01:00:00,1776963600,38378.0,38400.0,38032.0,38074.0,10009.0
2026-04-24 01:15:00,1776964500,38070.0,38073.0,37893.0,37917.0,7889.0
2026-04-24 01:30:00,1776965400,37923.0,38044.0,37683.0,37719.0,9782.0
2026-04-24 01:45:00,1776966300,37719.0,37960.0,37648.0,37944.0,10788.0
2026-04-24 02:00:00,1776967200,37941.0,38032.0,37895.0,38002.0,5372.0
2026-04-24 02:15:00,1776968100,38005.0,38063.0,37954.0,38056.0,2806.0
2026-04-24 02:30:00,1776969000,38055.0,38106.0,38019.0,38055.0,2416.0
2026-04-24 02:45:00,1776969900,38054.0,38056.0,37922.0,37960.0,1708.0
2026-04-24 03:00:00,1776970800,37963.0,38012.0,37927.0,37995.0,1635.0
2026-04-24 03:15:00,1776971700,38000.0,38035.0,37998.0,38003.0,752.0
2026-04-24 03:30:00,1776972600,38002.0,38039.0,37932.0,37957.0,1149.0
2026-04-24 03:45:00,1776973500,37955.0,38067.0,37946.0,38046.0,1281.0
2026-04-24 04:00:00,1776974400,38042.0,38078.0,38004.0,38020.0,988.0
2026-04-24 04:15:00,1776975300,38018.0,38024.0,37976.0,38024.0,386.0
2026-04-24 04:30:00,1776976200,38022.0,38046.0,38006.0,38040.0,302.0
2026-04-24 04:45:00,1776977100,38038.0,38055.0,38009.0,38045.0,528.0
2026-04-24 08:45:00,1776991500,38288.0,38471.0,38268.0,38418.0,13842.0
2026-04-24 09:00:00,1776992400,38420.0,38636.0,38418.0,38608.0,15810.0
2026-04-24 09:15:00,1776993300,38611.0,38783.0,38568.0,38750.0,13017.0
2026-04-24 09:30:00,1776994200,38747.0,38819.0,38637.0,38675.0,12177.0
2026-04-24 09:45:00,1776995100,38673.0,39077.0,38638.0,39052.0,18198.0
2026-04-24 10:00:00,1776996000,39050.0,39068.0,38780.0,38852.0,13472.0
2026-04-24 10:15:00,1776996900,38849.0,38869.0,38396.0,38476.0,19601.0
2026-04-24 10:30:00,1776997800,38481.0,38722.0,38480.0,38698.0,13245.0
2026-04-24 10:45:00,1776998700,38699.0,38724.0,38555.0,38693.0,6773.0
2026-04-24 11:00:00,1776999600,38693.0,38773.0,38652.0,38734.0,6243.0
2026-04-24 11:15:00,1777000500,38737.0,38845.0,38723.0,38787.0,6052.0
2026-04-24 11:30:00,1777001400,38788.0,38824.0,38737.0,38781.0,4115.0
2026-04-24 11:45:00,1777002300,38784.0,38888.0,38758.0,38771.0,5642.0
2026-04-24 12:00:00,1777003200,38769.0,38954.0,38737.0,38927.0,5704.0
2026-04-24 12:15:00,1777004100,38929.0,38958.0,38882.0,38911.0,3861.0
2026-04-24 12:30:00,1777005000,38913.0,39028.0,38908.0,39028.0,4832.0
2026-04-24 12:45:00,1777005900,39030.0,39128.0,39009.0,39094.0,7845.0
2026-04-24 13:00:00,1777006800,39094.0,39141.0,39063.0,39121.0,4281.0
2026-04-24 13:15:00,1777007700,39123.0,39230.0,39114.0,39185.0,6915.0
2026-04-24 13:30:00,1777008600,39185.0,39242.0,39177.0,39218.0,4611.0
2026-04-24 15:00:00,1777014000,39258.0,39333.0,39204.0,39309.0,5711.0
2026-04-24 15:15:00,1777014900,39305.0,39349.0,39275.0,39301.0,3129.0
2026-04-24 15:30:00,1777015800,39297.0,39301.0,39185.0,39225.0,3518.0
2026-04-24 15:45:00,1777016700,39224.0,39293.0,39217.0,39289.0,2061.0
2026-04-24 16:00:00,1777017600,39286.0,39295.0,39181.0,39222.0,3224.0
2026-04-24 16:15:00,1777018500,39228.0,39374.0,39228.0,39281.0,4879.0
2026-04-24 16:30:00,1777019400,39279.0,39284.0,39195.0,39208.0,2739.0
2026-04-24 16:45:00,1777020300,39207.0,39266.0,39197.0,39222.0,1546.0
2026-04-24 17:00:00,1777021200,39226.0,39243.0,39194.0,39221.0,1383.0
2026-04-24 17:15:00,1777022100,39222.0,39240.0,39128.0,39152.0,3427.0
2026-04-24 17:30:00,1777023000,39153.0,39233.0,39144.0,39220.0,2101.0
2026-04-24 17:45:00,1777023900,39217.0,39239.0,39192.0,39205.0,1137.0
2026-04-24 18:00:00,1777024800,39205.0,39268.0,39205.0,39255.0,1662.0
2026-04-24 18:15:00,1777025700,39254.0,39321.0,39253.0,39311.0,2075.0
2026-04-24 18:30:00,1777026600,39311.0,39314.0,39276.0,39297.0,1057.0
2026-04-24 18:45:00,1777027500,39297.0,39303.0,39276.0,39276.0,633.0
2026-04-24 19:00:00,1777028400,39276.0,39517.0,39270.0,39487.0,7098.0
2026-04-24 19:15:00,1777029300,39486.0,39638.0,39460.0,39636.0,6753.0
2026-04-24 19:30:00,1777030200,39633.0,39684.0,39573.0,39583.0,5770.0
2026-04-24 19:45:00,1777031100,39585.0,39585.0,39488.0,39525.0,3771.0
2026-04-24 20:00:00,1777032000,39530.0,39596.0,39524.0,39585.0,2878.0
2026-04-24 20:15:00,1777032900,39586.0,39612.0,39522.0,39581.0,2955.0
2026-04-24 20:30:00,1777033800,39580.0,39588.0,39494.0,39512.0,2183.0
2026-04-24 20:45:00,1777034700,39511.0,39530.0,39421.0,39512.0,3670.0
2026-04-24 21:00:00,1777035600,39513.0,39563.0,39513.0,39527.0,2012.0
2026-04-24 21:15:00,1777036500,39533.0,39548.0,39465.0,39473.0,1757.0
2026-04-24 21:30:00,1777037400,39475.0,39631.0,39405.0,39558.0,8880.0
2026-04-24 21:45:00,1777038300,39560.0,39599.0,39366.0,39477.0,7570.0
2026-04-24 22:00:00,1777039200,39477.0,39590.0,39443.0,39543.0,6069.0
2026-04-24 22:15:00,1777040100,39543.0,39585.0,39470.0,39510.0,3343.0
2026-04-24 22:30:00,1777041000,39511.0,39577.0,39463.0,39562.0,3475.0
2026-04-24 22:45:00,1777041900,39560.0,39635.0,39532.0,39632.0,3908.0
2026-04-24 23:00:00,1777042800,39632.0,39681.0,39622.0,39641.0,4079.0
2026-04-24 23:15:00,1777043700,39641.0,39650.0,39575.0,39622.0,2936.0
2026-04-24 23:30:00,1777044600,39623.0,39758.0,39592.0,39739.0,4331.0
2026-04-24 23:45:00,1777045500,39738.0,39825.0,39685.0,39815.0,7233.0
2026-04-25 00:00:00,1777046400,39813.0,39856.0,39749.0,39811.0,5571.0
2026-04-25 00:15:00,1777047300,39812.0,39850.0,39785.0,39817.0,2099.0
2026-04-25 00:30:00,1777048200,39820.0,39875.0,39755.0,39790.0,3438.0
2026-04-25 00:45:00,1777049100,39791.0,39823.0,39757.0,39801.0,2079.0
2026-04-25 01:00:00,1777050000,39806.0,39826.0,39761.0,39770.0,1872.0
2026-04-25 01:15:00,1777050900,39771.0,39777.0,39683.0,39756.0,3262.0
2026-04-25 01:30:00,1777051800,39754.0,39809.0,39733.0,39795.0,1923.0
2026-04-25 01:45:00,1777052700,39794.0,39855.0,39786.0,39820.0,1297.0
2026-04-25 02:00:00,1777053600,39818.0,39838.0,39731.0,39760.0,1601.0
2026-04-25 02:15:00,1777054500,39763.0,39773.0,39728.0,39746.0,812.0
2026-04-25 02:30:00,1777055400,39748.0,39799.0,39747.0,39786.0,718.0
2026-04-25 02:45:00,1777056300,39786.0,39806.0,39772.0,39798.0,505.0
2026-04-25 03:00:00,1777057200,39798.0,39826.0,39782.0,39788.0,706.0
2026-04-25 03:15:00,1777058100,39788.0,39801.0,39738.0,39755.0,789.0
2026-04-25 03:30:00,1777059000,39755.0,39773.0,39729.0,39741.0,595.0
2026-04-25 03:45:00,1777059900,39741.0,39764.0,39711.0,39742.0,833.0
2026-04-25 04:00:00,1777060800,39742.0,39764.0,39721.0,39746.0,647.0
2026-04-25 04:15:00,1777061700,39745.0,39762.0,39737.0,39738.0,356.0
2026-04-25 04:30:00,1777062600,39739.0,39763.0,39732.0,39756.0,338.0
2026-04-25 04:45:00,1777063500,39752.0,39775.0,39732.0,39775.0,729.0
2026-04-27 08:45:00,1777250700,39978.0,40058.0,39900.0,40007.0,17406.0
2026-04-27 09:00:00,1777251600,40004.0,40338.0,39906.0,40168.0,24827.0
2026-04-27 09:15:00,1777252500,40169.0,40449.0,40011.0,40326.0,21187.0
2026-04-27 09:30:00,1777253400,40320.0,40440.0,40209.0,40265.0,9445.0
2026-04-27 09:45:00,1777254300,40263.0,40275.0,39964.0,40150.0,14458.0
2026-04-27 10:00:00,1777255200,40150.0,40340.0,40124.0,40249.0,8960.0
2026-04-27 10:15:00,1777256100,40248.0,40383.0,40200.0,40273.0,6938.0
2026-04-27 10:30:00,1777257000,40270.0,40286.0,40107.0,40130.0,5691.0
2026-04-27 10:45:00,1777257900,40132.0,40210.0,40066.0,40111.0,5383.0
2026-04-27 11:00:00,1777258800,40114.0,40157.0,40024.0,40083.0,5356.0
2026-04-27 11:15:00,1777259700,40083.0,40204.0,40077.0,40148.0,3975.0
2026-04-27 11:30:00,1777260600,40150.0,40241.0,40133.0,40239.0,3440.0
2026-04-27 11:45:00,1777261500,40240.0,40313.0,40210.0,40301.0,3869.0
2026-04-27 12:00:00,1777262400,40295.0,40318.0,40178.0,40182.0,3792.0
2026-04-27 12:15:00,1777263300,40182.0,40240.0,40165.0,40227.0,2283.0
2026-04-27 12:30:00,1777264200,40230.0,40262.0,40181.0,40210.0,2591.0
2026-04-27 12:45:00,1777265100,40208.0,40243.0,40113.0,40152.0,3632.0
2026-04-27 13:00:00,1777266000,40161.0,40172.0,40006.0,40088.0,6707.0
2026-04-27 13:15:00,1777266900,40084.0,40108.0,39953.0,39959.0,6170.0
2026-04-27 13:30:00,1777267800,39960.0,39984.0,39833.0,39885.0,8599.0
2026-04-27 15:00:00,1777273200,39863.0,39898.0,39800.0,39837.0,4761.0
2026-04-27 15:15:00,1777274100,39837.0,39857.0,39786.0,39806.0,2520.0
2026-04-27 15:30:00,1777275000,39807.0,39879.0,39772.0,39858.0,2241.0
2026-04-27 15:45:00,1777275900,39858.0,39883.0,39803.0,39804.0,1407.0
2026-04-27 16:00:00,1777276800,39805.0,39834.0,39730.0,39738.0,3619.0
2026-04-27 16:15:00,1777277700,39738.0,39816.0,39730.0,39811.0,1743.0
2026-04-27 16:30:00,1777278600,39808.0,39859.0,39801.0,39850.0,1413.0
2026-04-27 16:45:00,1777279500,39851.0,39937.0,39827.0,39881.0,2579.0
2026-04-27 17:00:00,1777280400,39880.0,39918.0,39879.0,39889.0,1000.0
2026-04-27 17:15:00,1777281300,39889.0,39934.0,39834.0,39921.0,1866.0
2026-04-27 17:30:00,1777282200,39919.0,39983.0,39918.0,39936.0,2382.0
2026-04-27 17:45:00,1777283100,39935.0,39960.0,39915.0,39930.0,963.0
2026-04-27 18:00:00,1777284000,39930.0,39939.0,39908.0,39925.0,704.0
2026-04-27 18:15:00,1777284900,39926.0,39965.0,39924.0,39943.0,867.0
2026-04-27 18:30:00,1777285800,39943.0,40002.0,39933.0,39998.0,1455.0
2026-04-27 18:45:00,1777286700,39998.0,40049.0,39971.0,40017.0,2078.0
2026-04-27 19:00:00,1777287600,40019.0,40035.0,40004.0,40011.0,1022.0
2026-04-27 19:15:00,1777288500,40011.0,40053.0,39984.0,40034.0,1228.0
2026-04-27 19:30:00,1777289400,40035.0,40044.0,40011.0,40028.0,650.0
2026-04-27 19:45:00,1777290300,40026.0,40039.0,40001.0,40006.0,650.0
2026-04-27 20:00:00,1777291200,40005.0,40019.0,39975.0,40003.0,1443.0
2026-04-27 20:15:00,1777292100,40003.0,40013.0,39912.0,39950.0,2169.0
2026-04-27 20:30:00,1777293000,39949.0,39965.0,39880.0,39915.0,2146.0
2026-04-27 20:45:00,1777293900,39920.0,39961.0,39875.0,39885.0,1835.0
2026-04-27 21:00:00,1777294800,39889.0,39905.0,39833.0,39879.0,2834.0
2026-04-27 21:15:00,1777295700,39881.0,39917.0,39842.0,39892.0,1643.0
2026-04-27 21:30:00,1777296600,39890.0,39906.0,39662.0,39701.0,11521.0
2026-04-27 21:45:00,1777297500,39701.0,39767.0,39500.0,39737.0,14448.0
2026-04-27 22:00:00,1777298400,39735.0,39780.0,39675.0,39719.0,6205.0
2026-04-27 22:15:00,1777299300,39719.0,39728.0,39585.0,39588.0,4615.0
2026-04-27 22:30:00,1777300200,39590.0,39678.0,39487.0,39625.0,8892.0
2026-04-27 22:45:00,1777301100,39625.0,39657.0,39542.0,39583.0,3728.0
2026-04-27 23:00:00,1777302000,39588.0,39616.0,39505.0,39556.0,4095.0
2026-04-27 23:15:00,1777302900,39555.0,39603.0,39508.0,39592.0,2926.0
2026-04-27 23:30:00,1777303800,39593.0,39668.0,39565.0,39634.0,2998.0
2026-04-27 23:45:00,1777304700,39633.0,39660.0,39580.0,39600.0,2195.0
2026-04-28 00:00:00,1777305600,39604.0,39616.0,39555.0,39603.0,1931.0
2026-04-28 00:15:00,1777306500,39603.0,39645.0,39573.0,39583.0,1408.0
2026-04-28 00:30:00,1777307400,39584.0,39629.0,39584.0,39606.0,903.0
2026-04-28 00:45:00,1777308300,39609.0,39622.0,39536.0,39555.0,1183.0
2026-04-28 01:00:00,1777309200,39553.0,39596.0,39551.0,39587.0,922.0
2026-04-28 01:15:00,1777310100,39588.0,39599.0,39508.0,39594.0,2012.0
2026-04-28 01:30:00,1777311000,39594.0,39662.0,39590.0,39620.0,1383.0
2026-04-28 01:45:00,1777311900,39619.0,39634.0,39587.0,39602.0,474.0
2026-04-28 02:00:00,1777312800,39600.0,39627.0,39595.0,39614.0,352.0
2026-04-28 02:15:00,1777313700,39618.0,39632.0,39593.0,39615.0,315.0
2026-04-28 02:30:00,1777314600,39615.0,39640.0,39596.0,39606.0,356.0
2026-04-28 02:45:00,1777315500,39605.0,39621.0,39580.0,39595.0,351.0
2026-04-28 03:00:00,1777316400,39591.0,39677.0,39586.0,39672.0,598.0
2026-04-28 03:15:00,1777317300,39671.0,39704.0,39661.0,39686.0,860.0
2026-04-28 03:30:00,1777318200,39686.0,39713.0,39661.0,39686.0,629.0
2026-04-28 03:45:00,1777319100,39687.0,39728.0,39686.0,39698.0,634.0
2026-04-28 04:00:00,1777320000,39696.0,39745.0,39685.0,39736.0,421.0
2026-04-28 04:15:00,1777320900,39735.0,39747.0,39708.0,39728.0,269.0
2026-04-28 04:30:00,1777321800,39728.0,39749.0,39727.0,39744.0,323.0
2026-04-28 04:45:00,1777322700,39741.0,39748.0,39705.0,39721.0,680.0
2026-04-28 08:45:00,1777337100,39791.0,39956.0,39791.0,39895.0,11137.0
2026-04-28 09:00:00,1777338000,39898.0,40018.0,39828.0,39999.0,13963.0
2026-04-28 09:15:00,1777338900,39997.0,40248.0,39995.0,40222.0,13051.0
2026-04-28 09:30:00,1777339800,40224.0,40346.0,40197.0,40237.0,11337.0
2026-04-28 09:45:00,1777340700,40237.0,40294.0,39968.0,39985.0,13535.0
2026-04-28 10:00:00,1777341600,39990.0,40112.0,39893.0,40064.0,11294.0
2026-04-28 10:15:00,1777342500,40066.0,40107.0,39941.0,40000.0,6066.0
2026-04-28 10:30:00,1777343400,40000.0,40079.0,39929.0,40038.0,4736.0
2026-04-28 10:45:00,1777344300,40040.0,40095.0,39957.0,39974.0,4278.0
2026-04-28 11:00:00,1777345200,39976.0,40085.0,39933.0,40031.0,5338.0
2026-04-28 11:15:00,1777346100,40033.0,40045.0,39949.0,39998.0,2864.0
2026-04-28 11:30:00,1777347000,39997.0,40004.0,39924.0,39927.0,2951.0
2026-04-28 11:45:00,1777347900,39931.0,39957.0,39879.0,39946.0,3718.0
2026-04-28 12:00:00,1777348800,39948.0,39990.0,39880.0,39964.0,3717.0
2026-04-28 12:15:00,1777349700,39965.0,40053.0,39960.0,40012.0,3395.0
2026-04-28 12:30:00,1777350600,40010.0,40084.0,40010.0,40048.0,2644.0
2026-04-28 12:45:00,1777351500,40049.0,40057.0,39957.0,39967.0,2970.0
2026-04-28 13:00:00,1777352400,39967.0,39970.0,39775.0,39779.0,5999.0
2026-04-28 13:15:00,1777353300,39783.0,39805.0,39736.0,39754.0,5153.0
2026-04-28 13:30:00,1777354200,39757.0,39784.0,39660.0,39745.0,6434.0
2026-04-28 13:45:00,1777355100,39739.0,39739.0,39739.0,39739.0,1.0
2026-04-28 15:00:00,1777359600,39680.0,39725.0,39612.0,39667.0,4504.0
2026-04-28 15:15:00,1777360500,39671.0,39707.0,39656.0,39697.0,1569.0
2026-04-28 15:30:00,1777361400,39701.0,39791.0,39695.0,39749.0,2618.0
2026-04-28 15:45:00,1777362300,39750.0,39794.0,39728.0,39784.0,1393.0
2026-04-28 16:00:00,1777363200,39783.0,39790.0,39670.0,39705.0,2684.0
2026-04-28 16:15:00,1777364100,39705.0,39808.0,39705.0,39808.0,1668.0
2026-04-28 16:30:00,1777365000,39808.0,39855.0,39804.0,39818.0,2429.0
2026-04-28 16:45:00,1777365900,39817.0,39832.0,39785.0,39827.0,1143.0
2026-04-28 17:00:00,1777366800,39825.0,39828.0,39778.0,39782.0,884.0
2026-04-28 17:15:00,1777367700,39784.0,39786.0,39661.0,39679.0,2678.0
2026-04-28 17:30:00,1777368600,39680.0,39692.0,39588.0,39629.0,4164.0
2026-04-28 17:45:00,1777369500,39631.0,39668.0,39601.0,39632.0,2038.0
2026-04-28 18:00:00,1777370400,39633.0,39673.0,39626.0,39650.0,1441.0
2026-04-28 18:15:00,1777371300,39649.0,39697.0,39641.0,39655.0,1454.0
2026-04-28 18:30:00,1777372200,39653.0,39690.0,39611.0,39617.0,1185.0
2026-04-28 18:45:00,1777373100,39621.0,39644.0,39573.0,39638.0,2545.0
2026-04-28 19:00:00,1777374000,39635.0,39668.0,39516.0,39544.0,3504.0
2026-04-28 19:15:00,1777374900,39544.0,39545.0,39371.0,39383.0,6571.0
2026-04-28 19:30:00,1777375800,39384.0,39413.0,39326.0,39393.0,5407.0
2026-04-28 19:45:00,1777376700,39391.0,39408.0,39260.0,39296.0,5486.0
2026-04-28 20:00:00,1777377600,39297.0,39350.0,39274.0,39339.0,3348.0
2026-04-28 20:15:00,1777378500,39340.0,39404.0,39230.0,39287.0,6524.0
2026-04-28 20:30:00,1777379400,39286.0,39325.0,39231.0,39293.0,2942.0
2026-04-28 20:45:00,1777380300,39293.0,39384.0,39291.0,39376.0,2429.0
2026-04-28 21:00:00,1777381200,39373.0,39390.0,39302.0,39302.0,2219.0
2026-04-28 21:15:00,1777382100,39302.0,39362.0,39276.0,39319.0,2473.0
2026-04-28 21:30:00,1777383000,39314.0,39507.0,39215.0,39470.0,11102.0
2026-04-28 21:45:00,1777383900,39471.0,39496.0,39351.0,39445.0,6771.0
2026-04-28 22:00:00,1777384800,39440.0,39526.0,39383.0,39485.0,5445.0
2026-04-28 22:15:00,1777385700,39487.0,39516.0,39375.0,39399.0,5195.0
2026-04-28 22:30:00,1777386600,39395.0,39412.0,39206.0,39313.0,9075.0
2026-04-28 22:45:00,1777387500,39308.0,39337.0,39185.0,39331.0,8922.0
2026-04-28 23:00:00,1777388400,39335.0,39376.0,39227.0,39270.0,4998.0
2026-04-28 23:15:00,1777389300,39273.0,39293.0,39231.0,39261.0,2218.0
2026-04-28 23:30:00,1777390200,39262.0,39293.0,39206.0,39251.0,2792.0
2026-04-28 23:45:00,1777391100,39252.0,39284.0,39219.0,39281.0,1991.0
2026-04-29 00:00:00,1777392000,39280.0,39346.0,39268.0,39333.0,3392.0
2026-04-29 00:15:00,1777392900,39330.0,39360.0,39307.0,39319.0,1469.0
2026-04-29 00:30:00,1777393800,39318.0,39325.0,39249.0,39287.0,1621.0
2026-04-29 00:45:00,1777394700,39287.0,39360.0,39282.0,39338.0,1797.0
2026-04-29 01:00:00,1777395600,39340.0,39352.0,39271.0,39304.0,1466.0
2026-04-29 01:15:00,1777396500,39312.0,39368.0,39288.0,39357.0,798.0
2026-04-29 01:30:00,1777397400,39355.0,39473.0,39350.0,39448.0,2272.0
2026-04-29 01:45:00,1777398300,39448.0,39461.0,39426.0,39441.0,734.0
2026-04-29 02:00:00,1777399200,39440.0,39448.0,39373.0,39422.0,986.0
2026-04-29 02:15:00,1777400100,39423.0,39506.0,39423.0,39478.0,2051.0
2026-04-29 02:30:00,1777401000,39478.0,39503.0,39448.0,39503.0,698.0
2026-04-29 02:45:00,1777401900,39503.0,39507.0,39461.0,39481.0,482.0
2026-04-29 03:00:00,1777402800,39482.0,39520.0,39470.0,39474.0,759.0
2026-04-29 03:15:00,1777403700,39471.0,39480.0,39448.0,39469.0,380.0
2026-04-29 03:30:00,1777404600,39467.0,39470.0,39439.0,39455.0,274.0
2026-04-29 03:45:00,1777405500,39451.0,39475.0,39436.0,39446.0,342.0
2026-04-29 04:00:00,1777406400,39449.0,39486.0,39424.0,39475.0,390.0
2026-04-29 04:15:00,1777407300,39473.0,39494.0,39472.0,39491.0,258.0
2026-04-29 04:30:00,1777408200,39490.0,39500.0,39480.0,39487.0,303.0
2026-04-29 04:45:00,1777409100,39489.0,39490.0,39446.0,39464.0,497.0
2026-04-29 08:45:00,1777423500,39691.0,39787.0,39333.0,39344.0,17108.0
2026-04-29 09:00:00,1777424400,39346.0,39433.0,39120.0,39285.0,20652.0
2026-04-29 09:15:00,1777425300,39287.0,39405.0,39251.0,39347.0,9520.0
2026-04-29 09:30:00,1777426200,39344.0,39499.0,39316.0,39378.0,9988.0
2026-04-29 09:45:00,1777427100,39376.0,39473.0,39345.0,39468.0,5590.0
2026-04-29 10:00:00,1777428000,39466.0,39534.0,39353.0,39358.0,8005.0
2026-04-29 10:15:00,1777428900,39363.0,39494.0,39309.0,39325.0,6865.0
2026-04-29 10:30:00,1777429800,39325.0,39375.0,39267.0,39289.0,4321.0
2026-04-29 10:45:00,1777430700,39287.0,39443.0,39277.0,39413.0,5326.0
2026-04-29 11:00:00,1777431600,39408.0,39550.0,39400.0,39509.0,5966.0
2026-04-29 11:15:00,1777432500,39506.0,39528.0,39475.0,39510.0,2750.0
2026-04-29 11:30:00,1777433400,39510.0,39588.0,39492.0,39570.0,4194.0
2026-04-29 11:45:00,1777434300,39567.0,39657.0,39565.0,39654.0,4319.0
2026-04-29 12:00:00,1777435200,39655.0,39714.0,39606.0,39696.0,5611.0
2026-04-29 12:15:00,1777436100,39697.0,39711.0,39625.0,39657.0,2941.0
2026-04-29 12:30:00,1777437000,39653.0,39692.0,39612.0,39620.0,2776.0
2026-04-29 12:45:00,1777437900,39619.0,39632.0,39530.0,39545.0,4261.0
2026-04-29 13:00:00,1777438800,39547.0,39580.0,39494.0,39506.0,4511.0
2026-04-29 13:15:00,1777439700,39503.0,39510.0,39384.0,39457.0,6030.0
2026-04-29 13:30:00,1777440600,39459.0,39514.0,39444.0,39486.0,3935.0
2026-04-29 15:00:00,1777446000,39479.0,39563.0,39468.0,39495.0,3097.0
2026-04-29 15:15:00,1777446900,39495.0,39515.0,39467.0,39509.0,1825.0
2026-04-29 15:30:00,1777447800,39510.0,39555.0,39464.0,39472.0,2122.0
2026-04-29 15:45:00,1777448700,39475.0,39482.0,39432.0,39468.0,2059.0
2026-04-29 16:00:00,1777449600,39471.0,39528.0,39410.0,39415.0,3109.0
2026-04-29 16:15:00,1777450500,39414.0,39483.0,39394.0,39472.0,2314.0
2026-04-29 16:30:00,1777451400,39471.0,39482.0,39380.0,39432.0,2305.0
2026-04-29 16:45:00,1777452300,39432.0,39446.0,39403.0,39421.0,1090.0
2026-04-29 17:00:00,1777453200,39422.0,39454.0,39395.0,39426.0,1300.0
2026-04-29 17:15:00,1777454100,39420.0,39455.0,39344.0,39355.0,2188.0
2026-04-29 17:30:00,1777455000,39356.0,39411.0,39305.0,39325.0,2481.0
2026-04-29 17:45:00,1777455900,39327.0,39367.0,39295.0,39316.0,1660.0
2026-04-29 18:00:00,1777456800,39314.0,39382.0,39298.0,39377.0,1750.0
2026-04-29 18:15:00,1777457700,39377.0,39536.0,39375.0,39514.0,4645.0
2026-04-29 18:30:00,1777458600,39515.0,39526.0,39467.0,39476.0,1812.0
2026-04-29 18:45:00,1777459500,39474.0,39515.0,39472.0,39512.0,1149.0
2026-04-29 19:00:00,1777460400,39511.0,39549.0,39497.0,39523.0,1839.0
2026-04-29 19:15:00,1777461300,39525.0,39574.0,39512.0,39544.0,1711.0
2026-04-29 19:30:00,1777462200,39544.0,39649.0,39533.0,39554.0,3777.0
2026-04-29 19:45:00,1777463100,39553.0,39604.0,39547.0,39592.0,1414.0
2026-04-29 20:00:00,1777464000,39586.0,39594.0,39531.0,39536.0,1689.0
2026-04-29 20:15:00,1777464900,39536.0,39542.0,39476.0,39484.0,2927.0
2026-04-29 20:30:00,1777465800,39484.0,39485.0,39368.0,39416.0,4984.0
2026-04-29 20:45:00,1777466700,39415.0,39420.0,39377.0,39386.0,1591.0
2026-04-29 21:00:00,1777467600,39389.0,39464.0,39389.0,39448.0,2150.0
2026-04-29 21:15:00,1777468500,39444.0,39468.0,39349.0,39382.0,3225.0
2026-04-29 21:30:00,1777469400,39384.0,39409.0,39256.0,39331.0,8941.0
2026-04-29 21:45:00,1777470300,39327.0,39421.0,39288.0,39383.0,5285.0
2026-04-29 22:00:00,1777471200,39384.0,39415.0,39326.0,39409.0,3764.0
2026-04-29 22:15:00,1777472100,39409.0,39554.0,39392.0,39531.0,5949.0
2026-04-29 22:30:00,1777473000,39531.0,39570.0,39490.0,39529.0,3717.0
2026-04-29 22:45:00,1777473900,39531.0,39548.0,39495.0,39535.0,2571.0
2026-04-29 23:00:00,1777474800,39534.0,39552.0,39413.0,39437.0,3955.0
2026-04-29 23:15:00,1777475700,39438.0,39480.0,39418.0,39452.0,2900.0
2026-04-29 23:30:00,1777476600,39453.0,39490.0,39401.0,39438.0,2945.0
2026-04-29 23:45:00,1777477500,39437.0,39480.0,39237.0,39319.0,7001.0
2026-04-30 00:00:00,1777478400,39318.0,39404.0,39311.0,39365.0,3032.0
2026-04-30 00:15:00,1777479300,39366.0,39383.0,39324.0,39331.0,1563.0
2026-04-30 00:30:00,1777480200,39330.0,39352.0,39266.0,39336.0,2672.0
2026-04-30 00:45:00,1777481100,39334.0,39354.0,39303.0,39342.0,1083.0
2026-04-30 01:00:00,1777482000,39343.0,39373.0,39300.0,39367.0,1369.0
2026-04-30 01:15:00,1777482900,39370.0,39420.0,39345.0,39370.0,1667.0
2026-04-30 01:30:00,1777483800,39373.0,39413.0,39358.0,39385.0,806.0
2026-04-30 01:45:00,1777484700,39382.0,39460.0,39380.0,39455.0,1790.0
2026-04-30 02:00:00,1777485600,39456.0,39476.0,39290.0,39324.0,2721.0
2026-04-30 02:15:00,1777486500,39322.0,39371.0,39313.0,39320.0,1078.0
2026-04-30 02:30:00,1777487400,39320.0,39425.0,39250.0,39267.0,3184.0
2026-04-30 02:45:00,1777488300,39266.0,39429.0,39201.0,39423.0,3169.0
2026-04-30 03:00:00,1777489200,39424.0,39475.0,39375.0,39465.0,1864.0
2026-04-30 03:15:00,1777490100,39467.0,39500.0,39457.0,39464.0,1497.0
2026-04-30 03:30:00,1777491000,39462.0,39462.0,39384.0,39403.0,884.0
2026-04-30 03:45:00,1777491900,39409.0,39428.0,39379.0,39424.0,739.0
2026-04-30 04:00:00,1777492800,39428.0,39519.0,39252.0,39262.0,3616.0
2026-04-30 04:15:00,1777493700,39263.0,39366.0,39169.0,39361.0,3217.0
2026-04-30 04:30:00,1777494600,39361.0,39404.0,39345.0,39384.0,802.0
2026-04-30 04:45:00,1777495500,39383.0,39402.0,39331.0,39343.0,877.0
2026-04-30 08:45:00,1777509900,39648.0,39937.0,39644.0,39758.0,18473.0
2026-04-30 09:00:00,1777510800,39757.0,39923.0,39581.0,39608.0,19015.0
2026-04-30 09:15:00,1777511700,39610.0,39684.0,39574.0,39625.0,8835.0
2026-04-30 09:30:00,1777512600,39626.0,39772.0,39458.0,39609.0,15695.0
2026-04-30 09:45:00,1777513500,39609.0,39832.0,39582.0,39805.0,9510.0
2026-04-30 10:00:00,1777514400,39808.0,39852.0,39716.0,39777.0,6198.0
2026-04-30 10:15:00,1777515300,39772.0,39785.0,39560.0,39590.0,7996.0
2026-04-30 10:30:00,1777516200,39588.0,39644.0,39425.0,39550.0,11019.0
2026-04-30 10:45:00,1777517100,39550.0,39572.0,39463.0,39496.0,6153.0
2026-04-30 11:00:00,1777518000,39492.0,39586.0,39481.0,39529.0,4422.0
2026-04-30 11:15:00,1777518900,39533.0,39570.0,39495.0,39556.0,2793.0
2026-04-30 11:30:00,1777519800,39557.0,39619.0,39517.0,39582.0,4095.0
2026-04-30 11:45:00,1777520700,39582.0,39614.0,39557.0,39579.0,2393.0
2026-04-30 12:00:00,1777521600,39577.0,39633.0,39531.0,39566.0,4132.0
2026-04-30 12:15:00,1777522500,39560.0,39580.0,39410.0,39417.0,6686.0
2026-04-30 12:30:00,1777523400,39417.0,39419.0,39266.0,39336.0,8752.0
2026-04-30 12:45:00,1777524300,39334.0,39377.0,39302.0,39335.0,4170.0
2026-04-30 13:00:00,1777525200,39337.0,39500.0,39307.0,39494.0,7074.0
2026-04-30 13:15:00,1777526100,39492.0,39501.0,39284.0,39284.0,5876.0
2026-04-30 13:30:00,1777527000,39286.0,39377.0,39268.0,39360.0,5918.0
2026-04-30 15:00:00,1777532400,39385.0,39529.0,39373.0,39486.0,5534.0
2026-04-30 15:15:00,1777533300,39486.0,39545.0,39452.0,39532.0,2376.0
2026-04-30 15:30:00,1777534200,39530.0,39565.0,39512.0,39529.0,2295.0
2026-04-30 15:45:00,1777535100,39530.0,39582.0,39509.0,39558.0,1989.0
2026-04-30 16:00:00,1777536000,39562.0,39685.0,39555.0,39636.0,4221.0
2026-04-30 16:15:00,1777536900,39636.0,39653.0,39577.0,39645.0,2296.0
2026-04-30 16:30:00,1777537800,39648.0,39742.0,39648.0,39702.0,3701.0
2026-04-30 16:45:00,1777538700,39705.0,39710.0,39621.0,39636.0,1862.0
2026-04-30 17:00:00,1777539600,39638.0,39665.0,39584.0,39600.0,2291.0
2026-04-30 17:15:00,1777540500,39600.0,39673.0,39551.0,39664.0,2791.0
2026-04-30 17:30:00,1777541400,39664.0,39766.0,39664.0,39680.0,3886.0
2026-04-30 17:45:00,1777542300,39682.0,39720.0,39678.0,39707.0,1367.0
2026-04-30 18:00:00,1777543200,39708.0,39776.0,39708.0,39720.0,2572.0
2026-04-30 18:15:00,1777544100,39719.0,39784.0,39711.0,39783.0,2083.0
2026-04-30 18:30:00,1777545000,39784.0,39798.0,39708.0,39720.0,2907.0
2026-04-30 18:45:00,1777545900,39722.0,39737.0,39673.0,39715.0,1919.0
2026-04-30 19:00:00,1777546800,39720.0,39780.0,39719.0,39753.0,2130.0
2026-04-30 19:15:00,1777547700,39756.0,39845.0,39748.0,39843.0,2999.0
2026-04-30 19:30:00,1777548600,39841.0,39855.0,39786.0,39800.0,2284.0
2026-04-30 19:45:00,1777549500,39799.0,39830.0,39793.0,39801.0,959.0
2026-04-30 20:00:00,1777550400,39801.0,39866.0,39788.0,39856.0,1956.0
2026-04-30 20:15:00,1777551300,39854.0,39895.0,39852.0,39880.0,2372.0
2026-04-30 20:30:00,1777552200,39880.0,39889.0,39812.0,39824.0,1899.0
2026-04-30 20:45:00,1777553100,39823.0,39903.0,39819.0,39889.0,1786.0
2026-04-30 21:00:00,1777554000,39889.0,39910.0,39846.0,39854.0,1684.0
2026-04-30 21:15:00,1777554900,39854.0,39872.0,39821.0,39833.0,1330.0
2026-04-30 21:30:00,1777555800,39833.0,39833.0,39630.0,39716.0,10742.0
2026-04-30 21:45:00,1777556700,39714.0,39720.0,39535.0,39581.0,8576.0
2026-04-30 22:00:00,1777557600,39580.0,39666.0,39508.0,39600.0,8338.0
2026-04-30 22:15:00,1777558500,39599.0,39644.0,39497.0,39603.0,6101.0
2026-04-30 22:30:00,1777559400,39602.0,39676.0,39550.0,39623.0,5692.0
2026-04-30 22:45:00,1777560300,39621.0,39794.0,39618.0,39778.0,6815.0
2026-04-30 23:00:00,1777561200,39780.0,39880.0,39775.0,39860.0,6586.0
2026-04-30 23:15:00,1777562100,39861.0,39886.0,39817.0,39848.0,3449.0
2026-04-30 23:30:00,1777563000,39849.0,39905.0,39809.0,39840.0,4047.0
2026-04-30 23:45:00,1777563900,39841.0,39865.0,39782.0,39836.0,2848.0
2026-05-01 00:00:00,1777564800,39838.0,39880.0,39795.0,39874.0,2251.0
2026-05-01 00:15:00,1777565700,39874.0,39880.0,39840.0,39864.0,1214.0
2026-05-01 00:30:00,1777566600,39868.0,39873.0,39839.0,39843.0,834.0
2026-05-01 00:45:00,1777567500,39840.0,39841.0,39778.0,39804.0,2178.0
2026-05-01 01:00:00,1777568400,39808.0,39864.0,39805.0,39854.0,1473.0
2026-05-01 01:15:00,1777569300,39852.0,39862.0,39805.0,39862.0,1145.0
2026-05-01 01:30:00,1777570200,39861.0,39965.0,39859.0,39952.0,3970.0
2026-05-01 01:45:00,1777571100,39951.0,39985.0,39927.0,39977.0,1501.0
2026-05-01 02:00:00,1777572000,39980.0,40048.0,39979.0,40034.0,2521.0
2026-05-01 02:15:00,1777572900,40034.0,40064.0,40022.0,40036.0,1065.0
2026-05-01 02:30:00,1777573800,40034.0,40073.0,40034.0,40060.0,867.0
2026-05-01 02:45:00,1777574700,40058.0,40083.0,40053.0,40060.0,708.0
2026-05-01 03:00:00,1777575600,40061.0,40166.0,40053.0,40152.0,1889.0
2026-05-01 03:15:00,1777576500,40153.0,40153.0,40108.0,40132.0,978.0
2026-05-01 03:30:00,1777577400,40128.0,40194.0,40125.0,40171.0,1216.0
2026-05-01 03:45:00,1777578300,40174.0,40234.0,40118.0,40118.0,1823.0
2026-05-01 04:00:00,1777579200,40117.0,40177.0,40053.0,40121.0,2795.0
2026-05-01 04:15:00,1777580100,40128.0,40152.0,40109.0,40124.0,581.0
2026-05-01 04:30:00,1777581000,40122.0,40125.0,40020.0,40030.0,1258.0
2026-05-01 04:45:00,1777581900,40034.0,40099.0,39968.0,40094.0,1936.0
2026-05-04 08:45:00,1777855500,40423.0,40448.0,40230.0,40279.0,13509.0
2026-05-04 09:00:00,1777856400,40277.0,40540.0,40164.0,40513.0,19857.0
2026-05-04 09:15:00,1777857300,40516.0,40565.0,40306.0,40338.0,12684.0
2026-05-04 09:30:00,1777858200,40339.0,40598.0,40287.0,40591.0,11266.0
2026-05-04 09:45:00,1777859100,40593.0,40660.0,40514.0,40636.0,8866.0
2026-05-04 10:00:00,1777860000,40635.0,40695.0,40536.0,40689.0,7677.0
2026-05-04 10:15:00,1777860900,40690.0,40730.0,40622.0,40695.0,6093.0
2026-05-04 10:30:00,1777861800,40696.0,40905.0,40688.0,40854.0,8880.0
2026-05-04 10:45:00,1777862700,40853.0,40968.0,40838.0,40925.0,6766.0
2026-05-04 11:00:00,1777863600,40924.0,40991.0,40895.0,40937.0,4655.0
2026-05-04 11:15:00,1777864500,40937.0,40941.0,40863.0,40884.0,3365.0
2026-05-04 11:30:00,1777865400,40883.0,40950.0,40869.0,40942.0,2462.0
2026-05-04 11:45:00,1777866300,40946.0,40993.0,40923.0,40949.0,3791.0
2026-05-04 12:00:00,1777867200,40950.0,40997.0,40911.0,40975.0,3197.0
2026-05-04 12:15:00,1777868100,40974.0,40999.0,40955.0,40982.0,2006.0
2026-05-04 12:30:00,1777869000,40980.0,41027.0,40966.0,41017.0,3270.0
2026-05-04 12:45:00,1777869900,41018.0,41021.0,40966.0,40994.0,2388.0
2026-05-04 13:00:00,1777870800,40991.0,41017.0,40964.0,40979.0,2415.0
2026-05-04 13:15:00,1777871700,40978.0,41021.0,40965.0,40995.0,3134.0
2026-05-04 13:30:00,1777872600,40993.0,41074.0,40970.0,41041.0,5871.0
2026-05-04 13:45:00,1777873500,41042.0,41042.0,41042.0,41042.0,3.0
2026-05-04 15:00:00,1777878000,40999.0,41065.0,40896.0,41051.0,4694.0
2026-05-04 15:15:00,1777878900,41048.0,41184.0,41047.0,41143.0,4335.0
2026-05-04 15:30:00,1777879800,41144.0,41150.0,41078.0,41101.0,1743.0
2026-05-04 15:45:00,1777880700,41097.0,41145.0,41078.0,41081.0,1372.0
2026-05-04 16:00:00,1777881600,41082.0,41091.0,41009.0,41075.0,2812.0
2026-05-04 16:15:00,1777882500,41075.0,41095.0,41041.0,41085.0,1116.0
2026-05-04 16:30:00,1777883400,41084.0,41119.0,41083.0,41095.0,1084.0
2026-05-04 16:45:00,1777884300,41095.0,41106.0,41079.0,41083.0,519.0
2026-05-04 17:00:00,1777885200,41082.0,41110.0,41069.0,41106.0,609.0
2026-05-04 17:15:00,1777886100,41103.0,41113.0,41044.0,41065.0,838.0
2026-05-04 17:30:00,1777887000,41063.0,41092.0,41048.0,41061.0,702.0
2026-05-04 17:45:00,1777887900,41058.0,41094.0,41040.0,41042.0,932.0
2026-05-04 18:00:00,1777888800,41047.0,41051.0,40577.0,40669.0,15857.0
2026-05-04 18:15:00,1777889700,40667.0,40766.0,40546.0,40749.0,8726.0
2026-05-04 18:30:00,1777890600,40748.0,40936.0,40737.0,40869.0,6362.0
2026-05-04 18:45:00,1777891500,40873.0,40961.0,40860.0,40902.0,2927.0
2026-05-04 19:00:00,1777892400,40905.0,40975.0,40888.0,40951.0,3082.0
2026-05-04 19:15:00,1777893300,40952.0,40988.0,40932.0,40934.0,1436.0
2026-05-04 19:30:00,1777894200,40934.0,40941.0,40826.0,40897.0,3325.0
2026-05-04 19:45:00,1777895100,40899.0,40958.0,40870.0,40935.0,1741.0
2026-05-04 20:00:00,1777896000,40937.0,40981.0,40937.0,40947.0,1322.0
2026-05-04 20:15:00,1777896900,40945.0,41044.0,40931.0,41011.0,3226.0
2026-05-04 20:30:00,1777897800,41010.0,41015.0,40946.0,40964.0,1638.0
2026-05-04 20:45:00,1777898700,40961.0,40966.0,40890.0,40911.0,1744.0
2026-05-04 21:00:00,1777899600,40911.0,40988.0,40805.0,40897.0,5618.0
2026-05-04 21:15:00,1777900500,40893.0,40926.0,40861.0,40926.0,1267.0
2026-05-04 21:30:00,1777901400,40926.0,41048.0,40863.0,41015.0,6586.0
2026-05-04 21:45:00,1777902300,41011.0,41030.0,40938.0,41022.0,4161.0
2026-05-04 22:00:00,1777903200,41017.0,41085.0,40962.0,41042.0,5570.0
2026-05-04 22:15:00,1777904100,41041.0,41107.0,40988.0,40996.0,4339.0
2026-05-04 22:30:00,1777905000,40994.0,41031.0,40975.0,41012.0,2571.0
2026-05-04 22:45:00,1777905900,41018.0,41035.0,40860.0,40877.0,4621.0
2026-05-04 23:00:00,1777906800,40877.0,40930.0,40815.0,40838.0,4826.0
2026-05-04 23:15:00,1777907700,40836.0,40872.0,40644.0,40756.0,9041.0
2026-05-04 23:30:00,1777908600,40760.0,40761.0,40669.0,40742.0,4262.0
2026-05-04 23:45:00,1777909500,40739.0,40768.0,40659.0,40704.0,3904.0
2026-05-05 00:00:00,1777910400,40707.0,40721.0,40593.0,40611.0,5324.0
2026-05-05 00:15:00,1777911300,40608.0,40764.0,40582.0,40715.0,5112.0
2026-05-05 00:30:00,1777912200,40714.0,40757.0,40670.0,40680.0,2034.0
2026-05-05 00:45:00,1777913100,40677.0,40702.0,40660.0,40685.0,1044.0
2026-05-05 01:00:00,1777914000,40691.0,40788.0,40681.0,40749.0,2426.0
2026-05-05 01:15:00,1777914900,40746.0,40845.0,40738.0,40831.0,2201.0
2026-05-05 01:30:00,1777915800,40831.0,40846.0,40764.0,40791.0,1041.0
2026-05-05 01:45:00,1777916700,40793.0,40806.0,40777.0,40777.0,472.0
2026-05-05 02:00:00,1777917600,40775.0,40799.0,40753.0,40764.0,586.0
2026-05-05 02:15:00,1777918500,40758.0,40764.0,40696.0,40738.0,946.0
2026-05-05 02:30:00,1777919400,40743.0,40754.0,40701.0,40704.0,425.0
2026-05-05 02:45:00,1777920300,40704.0,40749.0,40685.0,40741.0,598.0
2026-05-05 03:00:00,1777921200,40750.0,40803.0,40731.0,40779.0,695.0
2026-05-05 03:15:00,1777922100,40781.0,40792.0,40740.0,40774.0,316.0
2026-05-05 03:30:00,1777923000,40774.0,40813.0,40774.0,40796.0,398.0
2026-05-05 03:45:00,1777923900,40790.0,40816.0,40760.0,40788.0,513.0
2026-05-05 04:00:00,1777924800,40786.0,40786.0,40713.0,40741.0,756.0
2026-05-05 04:15:00,1777925700,40737.0,40753.0,40727.0,40742.0,158.0
2026-05-05 04:30:00,1777926600,40745.0,40760.0,40740.0,40752.0,242.0
2026-05-05 04:45:00,1777927500,40752.0,40800.0,40740.0,40799.0,468.0
2026-05-05 08:45:00,1777941900,40943.0,40949.0,40843.0,40902.0,8196.0
2026-05-05 09:00:00,1777942800,40899.0,41091.0,40889.0,40999.0,14041.0
2026-05-05 09:15:00,1777943700,40996.0,41072.0,40858.0,40867.0,8771.0
2026-05-05 09:30:00,1777944600,40866.0,40985.0,40806.0,40838.0,11100.0
2026-05-05 09:45:00,1777945500,40844.0,40905.0,40802.0,40839.0,6952.0
2026-05-05 10:00:00,1777946400,40844.0,40898.0,40799.0,40872.0,4509.0
2026-05-05 10:15:00,1777947300,40876.0,40961.0,40852.0,40924.0,4864.0
2026-05-05 10:30:00,1777948200,40928.0,40946.0,40875.0,40884.0,2979.0
2026-05-05 10:45:00,1777949100,40884.0,40891.0,40796.0,40825.0,4662.0
2026-05-05 11:00:00,1777950000,40827.0,40895.0,40808.0,40891.0,2683.0
2026-05-05 11:15:00,1777950900,40891.0,41011.0,40878.0,41011.0,4640.0
2026-05-05 11:30:00,1777951800,41008.0,41065.0,40952.0,40959.0,5191.0
2026-05-05 11:45:00,1777952700,40959.0,41008.0,40921.0,40985.0,2354.0
2026-05-05 12:00:00,1777953600,40984.0,41033.0,40968.0,40979.0,1883.0
2026-05-05 12:15:00,1777954500,40976.0,41073.0,40965.0,41057.0,3353.0
2026-05-05 12:30:00,1777955400,41054.0,41075.0,41011.0,41024.0,2301.0
2026-05-05 12:45:00,1777956300,41024.0,41064.0,40986.0,40991.0,2450.0
2026-05-05 13:00:00,1777957200,40993.0,41063.0,40981.0,41050.0,2391.0
2026-05-05 13:15:00,1777958100,41052.0,41060.0,40992.0,40997.0,2611.0
2026-05-05 13:30:00,1777959000,40998.0,41049.0,40961.0,41036.0,3983.0
2026-05-05 15:00:00,1777964400,41075.0,41180.0,41071.0,41124.0,5340.0
2026-05-05 15:15:00,1777965300,41123.0,41145.0,41085.0,41093.0,1541.0
2026-05-05 15:30:00,1777966200,41093.0,41194.0,41072.0,41132.0,3543.0
2026-05-05 15:45:00,1777967100,41130.0,41132.0,41014.0,41042.0,3345.0
2026-05-05 16:00:00,1777968000,41043.0,41142.0,41027.0,41131.0,2289.0
2026-05-05 16:15:00,1777968900,41130.0,41168.0,41127.0,41138.0,1966.0
2026-05-05 16:30:00,1777969800,41134.0,41158.0,41115.0,41129.0,1141.0
2026-05-05 16:45:00,1777970700,41125.0,41158.0,41121.0,41152.0,827.0
2026-05-05 17:00:00,1777971600,41152.0,41164.0,41104.0,41109.0,1340.0
2026-05-05 17:15:00,1777972500,41109.0,41121.0,41080.0,41080.0,1072.0
2026-05-05 17:30:00,1777973400,41080.0,41119.0,41075.0,41102.0,1051.0
2026-05-05 17:45:00,1777974300,41104.0,41134.0,41077.0,41088.0,904.0
2026-05-05 18:00:00,1777975200,41088.0,41116.0,41076.0,41098.0,710.0
2026-05-05 18:15:00,1777976100,41097.0,41107.0,41083.0,41099.0,371.0
2026-05-05 18:30:00,1777977000,41099.0,41160.0,41087.0,41097.0,1789.0
2026-05-05 18:45:00,1777977900,41097.0,41100.0,41061.0,41069.0,1336.0
2026-05-05 19:00:00,1777978800,41070.0,41084.0,40982.0,41016.0,3598.0
2026-05-05 19:15:00,1777979700,41015.0,41039.0,40960.0,41023.0,2682.0
2026-05-05 19:30:00,1777980600,41020.0,41060.0,41017.0,41042.0,1298.0
2026-05-05 19:45:00,1777981500,41043.0,41091.0,41043.0,41087.0,1266.0
2026-05-05 20:00:00,1777982400,41086.0,41170.0,41048.0,41159.0,3467.0
2026-05-05 20:15:00,1777983300,41158.0,41281.0,41158.0,41265.0,6886.0
2026-05-05 20:30:00,1777984200,41266.0,41283.0,41224.0,41238.0,2518.0
2026-05-05 20:45:00,1777985100,41235.0,41250.0,41218.0,41241.0,1221.0
2026-05-05 21:00:00,1777986000,41240.0,41348.0,41236.0,41325.0,3946.0
2026-05-05 21:15:00,1777986900,41326.0,41330.0,41289.0,41327.0,1756.0
2026-05-05 21:30:00,1777987800,41328.0,41374.0,41266.0,41362.0,6810.0
2026-05-05 21:45:00,1777988700,41364.0,41477.0,41354.0,41451.0,7260.0
2026-05-05 22:00:00,1777989600,41453.0,41488.0,41348.0,41368.0,6886.0
2026-05-05 22:15:00,1777990500,41369.0,41449.0,41251.0,41414.0,10089.0
2026-05-05 22:30:00,1777991400,41417.0,41438.0,41322.0,41328.0,3990.0
2026-05-05 22:45:00,1777992300,41326.0,41397.0,41294.0,41380.0,3511.0
2026-05-05 23:00:00,1777993200,41381.0,41468.0,41374.0,41428.0,3839.0
2026-05-05 23:15:00,1777994100,41424.0,41465.0,41419.0,41447.0,1924.0
2026-05-05 23:30:00,1777995000,41448.0,41482.0,41411.0,41459.0,2481.0
2026-05-05 23:45:00,1777995900,41463.0,41546.0,41461.0,41507.0,4432.0
2026-05-06 00:00:00,1777996800,41510.0,41569.0,41494.0,41517.0,3327.0
2026-05-06 00:15:00,1777997700,41519.0,41523.0,41419.0,41479.0,2449.0
2026-05-06 00:30:00,1777998600,41478.0,41484.0,41412.0,41451.0,2021.0
2026-05-06 00:45:00,1777999500,41450.0,41495.0,41444.0,41478.0,1225.0
2026-05-06 01:00:00,1778000400,41478.0,41505.0,41464.0,41474.0,1022.0
2026-05-06 01:15:00,1778001300,41476.0,41525.0,41475.0,41504.0,996.0
2026-05-06 01:30:00,1778002200,41504.0,41525.0,41489.0,41496.0,608.0
2026-05-06 01:45:00,1778003100,41497.0,41508.0,41488.0,41504.0,288.0
2026-05-06 02:00:00,1778004000,41503.0,41527.0,41493.0,41513.0,433.0
2026-05-06 02:15:00,1778004900,41507.0,41534.0,41500.0,41523.0,520.0
2026-05-06 02:30:00,1778005800,41524.0,41543.0,41519.0,41521.0,444.0
2026-05-06 02:45:00,1778006700,41518.0,41528.0,41490.0,41505.0,399.0
2026-05-06 03:00:00,1778007600,41505.0,41514.0,41474.0,41475.0,429.0
2026-05-06 03:15:00,1778008500,41472.0,41477.0,41432.0,41437.0,798.0
2026-05-06 03:30:00,1778009400,41436.0,41474.0,41432.0,41465.0,471.0
2026-05-06 03:45:00,1778010300,41465.0,41480.0,41418.0,41443.0,750.0
2026-05-06 04:00:00,1778011200,41444.0,41492.0,41440.0,41486.0,528.0
2026-05-06 04:15:00,1778012100,41488.0,41562.0,41451.0,41550.0,1140.0
2026-05-06 04:30:00,1778013000,41550.0,41561.0,41524.0,41524.0,571.0
2026-05-06 04:45:00,1778013900,41523.0,41560.0,41515.0,41560.0,542.0
2026-05-06 08:45:00,1778028300,41671.0,41744.0,41617.0,41644.0,12114.0
2026-05-06 09:00:00,1778029200,41643.0,41955.0,41636.0,41942.0,17575.0
2026-05-06 09:15:00,1778030100,41942.0,42002.0,41756.0,41785.0,15277.0
2026-05-06 09:30:00,1778031000,41788.0,41934.0,41707.0,41712.0,11404.0
2026-05-06 09:45:00,1778031900,41710.0,41716.0,41233.0,41402.0,28812.0
2026-05-06 10:00:00,1778032800,41401.0,41422.0,41041.0,41345.0,22159.0
2026-05-06 10:15:00,1778033700,41344.0,41430.0,41222.0,41298.0,9438.0
2026-05-06 10:30:00,1778034600,41297.0,41348.0,41113.0,41184.0,8706.0
2026-05-06 10:45:00,1778035500,41185.0,41297.0,41113.0,41137.0,6405.0
2026-05-06 11:00:00,1778036400,41141.0,41318.0,41050.0,41299.0,8879.0
2026-05-06 11:15:00,1778037300,41296.0,41366.0,41230.0,41351.0,4991.0
2026-05-06 11:30:00,1778038200,41353.0,41382.0,41279.0,41322.0,3901.0
2026-05-06 11:45:00,1778039100,41320.0,41358.0,41284.0,41335.0,2700.0
2026-05-06 12:00:00,1778040000,41330.0,41367.0,41307.0,41354.0,2144.0
2026-05-06 12:15:00,1778040900,41353.0,41365.0,41272.0,41333.0,2856.0
2026-05-06 12:30:00,1778041800,41332.0,41441.0,41328.0,41405.0,5508.0
2026-05-06 12:45:00,1778042700,41406.0,41475.0,41400.0,41416.0,3688.0
2026-05-06 13:00:00,1778043600,41416.0,41498.0,41381.0,41492.0,3442.0
2026-05-06 13:15:00,1778044500,41490.0,41552.0,41450.0,41474.0,5429.0
2026-05-06 13:30:00,1778045400,41473.0,41540.0,41432.0,41511.0,4884.0
2026-05-06 15:00:00,1778050800,41436.0,41510.0,41413.0,41443.0,3527.0
2026-05-06 15:15:00,1778051700,41441.0,41462.0,41420.0,41443.0,1398.0
2026-05-06 15:30:00,1778052600,41445.0,41505.0,41425.0,41496.0,1457.0
2026-05-06 15:45:00,1778053500,41498.0,41588.0,41498.0,41586.0,2677.0
2026-05-06 16:00:00,1778054400,41586.0,41620.0,41570.0,41591.0,2917.0
2026-05-06 16:15:00,1778055300,41585.0,41590.0,41519.0,41537.0,1961.0
2026-05-06 16:30:00,1778056200,41537.0,41580.0,41533.0,41558.0,1037.0
2026-05-06 16:45:00,1778057100,41558.0,41883.0,41508.0,41808.0,10007.0
2026-05-06 17:00:00,1778058000,41808.0,41853.0,41719.0,41761.0,4290.0
2026-05-06 17:15:00,1778058900,41765.0,41800.0,41708.0,41762.0,2505.0
2026-05-06 17:30:00,1778059800,41765.0,41844.0,41745.0,41806.0,2659.0
2026-05-06 17:45:00,1778060700,41807.0,41838.0,41776.0,41836.0,1476.0
2026-05-06 18:00:00,1778061600,41836.0,41874.0,41821.0,41836.0,2049.0
2026-05-06 18:15:00,1778062500,41836.0,41898.0,41830.0,41887.0,1923.0
2026-05-06 18:30:00,1778063400,41885.0,41967.0,41883.0,41946.0,2802.0
2026-05-06 18:45:00,1778064300,41950.0,41985.0,41895.0,41948.0,3444.0
2026-05-06 19:00:00,1778065200,41946.0,41994.0,41931.0,41983.0,2682.0
2026-05-06 19:15:00,1778066100,41982.0,42000.0,41927.0,41940.0,2040.0
2026-05-06 19:30:00,1778067000,41938.0,41962.0,41836.0,41838.0,3849.0
2026-05-06 19:45:00,1778067900,41836.0,41878.0,41798.0,41850.0,3848.0
2026-05-06 20:00:00,1778068800,41848.0,41850.0,41744.0,41766.0,4218.0
2026-05-06 20:15:00,1778069700,41759.0,41815.0,41720.0,41803.0,4002.0
2026-05-06 20:30:00,1778070600,41804.0,41812.0,41755.0,41769.0,1455.0
2026-05-06 20:45:00,1778071500,41769.0,41818.0,41742.0,41759.0,2110.0
2026-05-06 21:00:00,1778072400,41758.0,41782.0,41658.0,41732.0,5137.0
2026-05-06 21:15:00,1778073300,41731.0,41778.0,41715.0,41745.0,2182.0
2026-05-06 21:30:00,1778074200,41743.0,41902.0,41674.0,41879.0,9268.0
2026-05-06 21:45:00,1778075100,41882.0,41930.0,41799.0,41898.0,6017.0
2026-05-06 22:00:00,1778076000,41900.0,41905.0,41700.0,41782.0,7081.0
2026-05-06 22:15:00,1778076900,41782.0,41796.0,41666.0,41715.0,6596.0
2026-05-06 22:30:00,1778077800,41718.0,41914.0,41707.0,41889.0,5784.0
2026-05-06 22:45:00,1778078700,41890.0,41926.0,41862.0,41892.0,4099.0
2026-05-06 23:00:00,1778079600,41889.0,41950.0,41863.0,41910.0,3423.0
2026-05-06 23:15:00,1778080500,41912.0,42038.0,41902.0,42014.0,5851.0
2026-05-06 23:30:00,1778081400,42014.0,42040.0,41894.0,41945.0,4412.0
2026-05-06 23:45:00,1778082300,41948.0,41994.0,41920.0,41939.0,2298.0
2026-05-07 00:00:00,1778083200,41936.0,42070.0,41933.0,42053.0,3748.0
2026-05-07 00:15:00,1778084100,42052.0,42063.0,41999.0,42008.0,2062.0
2026-05-07 00:30:00,1778085000,42009.0,42030.0,41991.0,41992.0,1072.0
2026-05-07 00:45:00,1778085900,41991.0,41993.0,41886.0,41958.0,3240.0
2026-05-07 01:00:00,1778086800,41957.0,42037.0,41942.0,42005.0,1652.0
2026-05-07 01:15:00,1778087700,42005.0,42027.0,41995.0,42009.0,743.0
2026-05-07 01:30:00,1778088600,42008.0,42041.0,42000.0,42037.0,779.0
2026-05-07 01:45:00,1778089500,42039.0,42046.0,41985.0,42012.0,672.0
2026-05-07 02:00:00,1778090400,42015.0,42056.0,42015.0,42043.0,862.0
2026-05-07 02:15:00,1778091300,42042.0,42117.0,42042.0,42105.0,2111.0
2026-05-07 02:30:00,1778092200,42102.0,42148.0,42095.0,42120.0,1067.0
2026-05-07 02:45:00,1778093100,42120.0,42139.0,42101.0,42130.0,534.0
2026-05-07 03:00:00,1778094000,42128.0,42184.0,42125.0,42176.0,1336.0
2026-05-07 03:15:00,1778094900,42180.0,42206.0,42176.0,42194.0,984.0
2026-05-07 03:30:00,1778095800,42191.0,42205.0,42175.0,42176.0,616.0
2026-05-07 03:45:00,1778096700,42176.0,42239.0,42172.0,42189.0,1024.0
2026-05-07 04:00:00,1778097600,42188.0,42265.0,42163.0,42255.0,1176.0
2026-05-07 04:15:00,1778098500,42261.0,42286.0,42254.0,42285.0,655.0
2026-05-07 04:30:00,1778099400,42285.0,42292.0,42264.0,42291.0,612.0
2026-05-07 04:45:00,1778100300,42289.0,42329.0,42273.0,42329.0,938.0
2026-05-07 08:45:00,1778114700,42331.0,42341.0,42041.0,42153.0,15689.0
2026-05-07 09:00:00,1778115600,42148.0,42185.0,42002.0,42132.0,14676.0
2026-05-07 09:15:00,1778116500,42127.0,42274.0,42079.0,42156.0,12002.0
2026-05-07 09:30:00,1778117400,42160.0,42381.0,42066.0,42362.0,12808.0
2026-05-07 09:45:00,1778118300,42363.0,42444.0,42285.0,42329.0,11855.0
2026-05-07 10:00:00,1778119200,42332.0,42404.0,42228.0,42254.0,6639.0
2026-05-07 10:15:00,1778120100,42259.0,42429.0,42241.0,42427.0,6546.0
2026-05-07 10:30:00,1778121000,42427.0,42468.0,42296.0,42333.0,7467.0
2026-05-07 10:45:00,1778121900,42331.0,42408.0,42261.0,42385.0,5078.0
2026-05-07 11:00:00,1778122800,42386.0,42392.0,42237.0,42297.0,4672.0
2026-05-07 11:15:00,1778123700,42298.0,42374.0,42286.0,42327.0,3174.0
2026-05-07 11:30:00,1778124600,42325.0,42419.0,42323.0,42414.0,3392.0
2026-05-07 11:45:00,1778125500,42410.0,42433.0,42355.0,42369.0,2555.0
2026-05-07 12:00:00,1778126400,42365.0,42384.0,42330.0,42344.0,2177.0
2026-05-07 12:15:00,1778127300,42345.0,42370.0,42294.0,42309.0,2895.0
2026-05-07 12:30:00,1778128200,42309.0,42358.0,42278.0,42300.0,2750.0
2026-05-07 12:45:00,1778129100,42300.0,42358.0,42288.0,42299.0,2367.0
2026-05-07 13:00:00,1778130000,42300.0,42388.0,42292.0,42386.0,3080.0
2026-05-07 13:15:00,1778130900,42385.0,42388.0,42257.0,42307.0,4143.0
2026-05-07 13:30:00,1778131800,42309.0,42394.0,42303.0,42355.0,4784.0
2026-05-07 15:00:00,1778137200,42425.0,42554.0,42370.0,42542.0,6807.0
2026-05-07 15:15:00,1778138100,42543.0,42549.0,42410.0,42425.0,4816.0
2026-05-07 15:30:00,1778139000,42427.0,42476.0,42402.0,42466.0,2105.0
2026-05-07 15:45:00,1778139900,42467.0,42473.0,42383.0,42398.0,2278.0
2026-05-07 16:00:00,1778140800,42400.0,42465.0,42377.0,42400.0,2702.0
2026-05-07 16:15:00,1778141700,42401.0,42406.0,42326.0,42348.0,3297.0
2026-05-07 16:30:00,1778142600,42348.0,42389.0,42342.0,42344.0,2106.0
2026-05-07 16:45:00,1778143500,42345.0,42351.0,42305.0,42322.0,2472.0
2026-05-07 17:00:00,1778144400,42322.0,42329.0,42242.0,42250.0,3685.0
2026-05-07 17:15:00,1778145300,42250.0,42289.0,42210.0,42273.0,3855.0
2026-05-07 17:30:00,1778146200,42272.0,42338.0,42261.0,42315.0,2694.0
2026-05-07 17:45:00,1778147100,42315.0,42338.0,42222.0,42255.0,3627.0
2026-05-07 18:00:00,1778148000,42256.0,42274.0,42209.0,42260.0,3086.0
2026-05-07 18:15:00,1778148900,42258.0,42295.0,42236.0,42259.0,1278.0
2026-05-07 18:30:00,1778149800,42257.0,42304.0,42236.0,42303.0,2279.0
2026-05-07 18:45:00,1778150700,42304.0,42313.0,42261.0,42270.0,1428.0
2026-05-07 19:00:00,1778151600,42273.0,42294.0,42242.0,42242.0,814.0
2026-05-07 19:15:00,1778152500,42242.0,42288.0,42226.0,42261.0,1115.0
2026-05-07 19:30:00,1778153400,42263.0,42302.0,42245.0,42266.0,1289.0
2026-05-07 19:45:00,1778154300,42268.0,42269.0,42216.0,42244.0,1679.0
2026-05-07 20:00:00,1778155200,42241.0,42281.0,42222.0,42270.0,1219.0
2026-05-07 20:15:00,1778156100,42270.0,42306.0,42250.0,42295.0,1115.0
2026-05-07 20:30:00,1778157000,42294.0,42346.0,42270.0,42321.0,1912.0
2026-05-07 20:45:00,1778157900,42321.0,42343.0,42272.0,42278.0,1321.0
2026-05-07 21:00:00,1778158800,42280.0,42280.0,42218.0,42253.0,1955.0
2026-05-07 21:15:00,1778159700,42253.0,42284.0,42251.0,42262.0,997.0
2026-05-07 21:30:00,1778160600,42260.0,42265.0,42056.0,42068.0,10531.0
2026-05-07 21:45:00,1778161500,42068.0,42139.0,42006.0,42086.0,9439.0
2026-05-07 22:00:00,1778162400,42093.0,42169.0,42037.0,42125.0,5408.0
2026-05-07 22:15:00,1778163300,42124.0,42224.0,42087.0,42183.0,5650.0
2026-05-07 22:30:00,1778164200,42182.0,42228.0,42160.0,42173.0,3325.0
2026-05-07 22:45:00,1778165100,42172.0,42238.0,42140.0,42229.0,2955.0
2026-05-07 23:00:00,1778166000,42232.0,42239.0,42147.0,42158.0,3046.0
2026-05-07 23:15:00,1778166900,42160.0,42189.0,42081.0,42144.0,4178.0
2026-05-07 23:30:00,1778167800,42145.0,42216.0,42137.0,42201.0,3044.0
2026-05-07 23:45:00,1778168700,42200.0,42206.0,42008.0,42032.0,5412.0
2026-05-08 00:00:00,1778169600,42034.0,42041.0,41931.0,41960.0,7870.0
2026-05-08 00:15:00,1778170500,41960.0,41982.0,41856.0,41953.0,7288.0
2026-05-08 00:30:00,1778171400,41950.0,42012.0,41917.0,41941.0,3234.0
2026-05-08 00:45:00,1778172300,41940.0,41972.0,41907.0,41943.0,1794.0
2026-05-08 01:00:00,1778173200,41945.0,41963.0,41888.0,41915.0,1904.0
2026-05-08 01:15:00,1778174100,41913.0,41957.0,41751.0,41807.0,6271.0
2026-05-08 01:30:00,1778175000,41808.0,41948.0,41785.0,41904.0,2957.0
2026-05-08 01:45:00,1778175900,41906.0,41990.0,41864.0,41982.0,2456.0
2026-05-08 02:00:00,1778176800,41984.0,42019.0,41931.0,41944.0,2273.0
2026-05-08 02:15:00,1778177700,41947.0,41986.0,41898.0,41913.0,882.0
2026-05-08 02:30:00,1778178600,41914.0,41940.0,41829.0,41883.0,1561.0
2026-05-08 02:45:00,1778179500,41885.0,41960.0,41830.0,41947.0,2000.0
2026-05-08 03:00:00,1778180400,41952.0,41991.0,41921.0,41982.0,902.0
2026-05-08 03:15:00,1778181300,41984.0,41988.0,41860.0,41920.0,1501.0
2026-05-08 03:30:00,1778182200,41923.0,41996.0,41923.0,41979.0,666.0
2026-05-08 03:45:00,1778183100,41980.0,42032.0,41916.0,41925.0,2036.0
2026-05-08 04:00:00,1778184000,41922.0,42030.0,41916.0,41994.0,1254.0
2026-05-08 04:15:00,1778184900,41995.0,42010.0,41988.0,41993.0,436.0
2026-05-08 04:30:00,1778185800,41993.0,42013.0,41924.0,41954.0,1083.0
2026-05-08 04:45:00,1778186700,41954.0,41984.0,41940.0,41967.0,673.0
2026-05-08 08:45:00,1778201100,42064.0,42158.0,42052.0,42115.0,8931.0
2026-05-08 09:00:00,1778202000,42111.0,42262.0,42063.0,42254.0,11914.0
2026-05-08 09:15:00,1778202900,42256.0,42295.0,42163.0,42264.0,9870.0
2026-05-08 09:30:00,1778203800,42265.0,42326.0,42142.0,42179.0,9651.0
2026-05-08 09:45:00,1778204700,42179.0,42342.0,42162.0,42174.0,9628.0
2026-05-08 10:00:00,1778205600,42176.0,42200.0,41890.0,41932.0,16242.0
2026-05-08 10:15:00,1778206500,41936.0,41939.0,41541.0,41681.0,23054.0
2026-05-08 10:30:00,1778207400,41684.0,41897.0,41660.0,41860.0,10821.0
2026-05-08 10:45:00,1778208300,41860.0,41988.0,41848.0,41923.0,8079.0
2026-05-08 11:00:00,1778209200,41925.0,41996.0,41908.0,41974.0,4161.0
2026-05-08 11:15:00,1778210100,41973.0,41994.0,41906.0,41926.0,3304.0
2026-05-08 11:30:00,1778211000,41921.0,42027.0,41914.0,41938.0,4565.0
2026-05-08 11:45:00,1778211900,41933.0,41968.0,41846.0,41955.0,4895.0
2026-05-08 12:00:00,1778212800,41956.0,41965.0,41889.0,41908.0,2656.0
2026-05-08 12:15:00,1778213700,41905.0,41970.0,41866.0,41944.0,2840.0
2026-05-08 12:30:00,1778214600,41946.0,41983.0,41815.0,41821.0,3369.0
2026-05-08 12:45:00,1778215500,41818.0,41936.0,41814.0,41931.0,3432.0
2026-05-08 13:00:00,1778216400,41932.0,41972.0,41900.0,41962.0,3125.0
2026-05-08 13:15:00,1778217300,41959.0,41968.0,41917.0,41936.0,1803.0
2026-05-08 13:30:00,1778218200,41934.0,41969.0,41911.0,41936.0,3803.0
2026-05-08 15:00:00,1778223600,41999.0,42044.0,41860.0,41869.0,3704.0
2026-05-08 15:15:00,1778224500,41867.0,41875.0,41800.0,41843.0,2944.0
2026-05-08 15:30:00,1778225400,41845.0,41854.0,41818.0,41832.0,1136.0
2026-05-08 15:45:00,1778226300,41833.0,41840.0,41741.0,41759.0,2769.0
2026-05-08 16:00:00,1778227200,41760.0,41794.0,41713.0,41761.0,2730.0
2026-05-08 16:15:00,1778228100,41763.0,41824.0,41759.0,41804.0,1575.0
2026-05-08 16:30:00,1778229000,41806.0,41825.0,41778.0,41787.0,1068.0
2026-05-08 16:45:00,1778229900,41788.0,41829.0,41786.0,41807.0,793.0
2026-05-08 17:00:00,1778230800,41809.0,41900.0,41801.0,41861.0,2105.0
2026-05-08 17:15:00,1778231700,41861.0,41888.0,41852.0,41866.0,908.0
2026-05-08 17:30:00,1778232600,41866.0,41866.0,41777.0,41795.0,1737.0
2026-05-08 17:45:00,1778233500,41791.0,41797.0,41669.0,41717.0,3619.0
2026-05-08 18:00:00,1778234400,41714.0,41747.0,41711.0,41738.0,1204.0
2026-05-08 18:15:00,1778235300,41738.0,41781.0,41720.0,41765.0,1208.0
2026-05-08 18:30:00,1778236200,41767.0,41807.0,41766.0,41767.0,1144.0
2026-05-08 18:45:00,1778237100,41769.0,41769.0,41672.0,41728.0,2023.0
2026-05-08 19:00:00,1778238000,41729.0,41788.0,41729.0,41774.0,1286.0
2026-05-08 19:15:00,1778238900,41774.0,41791.0,41754.0,41790.0,664.0
2026-05-08 19:30:00,1778239800,41790.0,41791.0,41757.0,41758.0,589.0
2026-05-08 19:45:00,1778240700,41758.0,41785.0,41751.0,41760.0,538.0
2026-05-08 20:00:00,1778241600,41758.0,41785.0,41747.0,41754.0,734.0
2026-05-08 20:15:00,1778242500,41756.0,41778.0,41752.0,41777.0,516.0
2026-05-08 20:30:00,1778243400,41778.0,41948.0,41775.0,41885.0,5401.0
2026-05-08 20:45:00,1778244300,41885.0,41897.0,41792.0,41829.0,2816.0
2026-05-08 21:00:00,1778245200,41829.0,41875.0,41788.0,41815.0,2279.0
2026-05-08 21:15:00,1778246100,41812.0,41888.0,41798.0,41884.0,1559.0
2026-05-08 21:30:00,1778247000,41886.0,42095.0,41828.0,42090.0,10480.0
2026-05-08 21:45:00,1778247900,42091.0,42175.0,42082.0,42175.0,6670.0
2026-05-08 22:00:00,1778248800,42175.0,42204.0,42087.0,42094.0,6126.0
2026-05-08 22:15:00,1778249700,42094.0,42160.0,42047.0,42059.0,3672.0
2026-05-08 22:30:00,1778250600,42058.0,42127.0,42015.0,42120.0,5612.0
2026-05-08 22:45:00,1778251500,42118.0,42171.0,42103.0,42157.0,3002.0
2026-05-08 23:00:00,1778252400,42158.0,42232.0,42146.0,42168.0,5404.0
2026-05-08 23:15:00,1778253300,42166.0,42188.0,42102.0,42182.0,3214.0
2026-05-08 23:30:00,1778254200,42180.0,42224.0,42124.0,42153.0,3248.0
2026-05-08 23:45:00,1778255100,42153.0,42216.0,42148.0,42187.0,1838.0
2026-05-09 00:00:00,1778256000,42190.0,42245.0,42183.0,42205.0,2826.0
2026-05-09 00:15:00,1778256900,42201.0,42258.0,42200.0,42256.0,1799.0
2026-05-09 00:30:00,1778257800,42255.0,42262.0,42218.0,42228.0,1715.0
2026-05-09 00:45:00,1778258700,42230.0,42249.0,42141.0,42165.0,3986.0
2026-05-09 01:00:00,1778259600,42165.0,42180.0,42056.0,42145.0,3933.0
2026-05-09 01:15:00,1778260500,42143.0,42220.0,42132.0,42214.0,2414.0
2026-05-09 01:30:00,1778261400,42215.0,42225.0,42182.0,42205.0,1382.0
2026-05-09 01:45:00,1778262300,42205.0,42233.0,42164.0,42181.0,1178.0
2026-05-09 02:00:00,1778263200,42183.0,42244.0,42171.0,42238.0,1394.0
2026-05-09 02:15:00,1778264100,42238.0,42243.0,42217.0,42232.0,444.0
2026-05-09 02:30:00,1778265000,42231.0,42239.0,42192.0,42195.0,587.0
2026-05-09 02:45:00,1778265900,42195.0,42210.0,42155.0,42174.0,744.0
2026-05-09 03:00:00,1778266800,42170.0,42255.0,42168.0,42224.0,998.0
2026-05-09 03:15:00,1778267700,42224.0,42243.0,42192.0,42192.0,467.0
2026-05-09 03:30:00,1778268600,42193.0,42242.0,42186.0,42227.0,518.0
2026-05-09 03:45:00,1778269500,42225.0,42239.0,42184.0,42237.0,510.0
2026-05-09 04:00:00,1778270400,42236.0,42258.0,42217.0,42246.0,669.0
2026-05-09 04:15:00,1778271300,42246.0,42255.0,42236.0,42253.0,333.0
2026-05-09 04:30:00,1778272200,42254.0,42288.0,42244.0,42286.0,995.0
2026-05-09 04:45:00,1778273100,42283.0,42300.0,42275.0,42291.0,873.0
2026-05-11 08:45:00,1778460300,42216.0,42255.0,41808.0,41941.0,18814.0
2026-05-11 09:00:00,1778461200,41941.0,42066.0,41803.0,41987.0,14987.0
2026-05-11 09:15:00,1778462100,41990.0,42131.0,41962.0,42090.0,8466.0
2026-05-11 09:30:00,1778463000,42087.0,42149.0,42010.0,42039.0,7369.0
2026-05-11 09:45:00,1778463900,42039.0,42114.0,41980.0,42087.0,6751.0
2026-05-11 10:00:00,1778464800,42091.0,42134.0,42017.0,42052.0,4630.0
2026-05-11 10:15:00,1778465700,42057.0,42084.0,41931.0,41977.0,6132.0
2026-05-11 10:30:00,1778466600,41978.0,42019.0,41895.0,42000.0,5006.0
2026-05-11 10:45:00,1778467500,41999.0,42108.0,41941.0,42093.0,6362.0
2026-05-11 11:00:00,1778468400,42088.0,42116.0,42012.0,42035.0,3405.0
2026-05-11 11:15:00,1778469300,42036.0,42117.0,42014.0,42113.0,2641.0
2026-05-11 11:30:00,1778470200,42111.0,42148.0,42072.0,42136.0,3739.0
2026-05-11 11:45:00,1778471100,42138.0,42149.0,42082.0,42097.0,1706.0
2026-05-11 12:00:00,1778472000,42093.0,42120.0,42057.0,42095.0,1855.0
2026-05-11 12:15:00,1778472900,42095.0,42190.0,42092.0,42180.0,3644.0
2026-05-11 12:30:00,1778473800,42181.0,42200.0,42137.0,42147.0,2293.0
2026-05-11 12:45:00,1778474700,42148.0,42174.0,42120.0,42145.0,1843.0
2026-05-11 13:00:00,1778475600,42146.0,42159.0,42083.0,42099.0,2446.0
2026-05-11 13:15:00,1778476500,42099.0,42119.0,42040.0,42041.0,3190.0
2026-05-11 13:30:00,1778477400,42040.0,42075.0,41950.0,41953.0,4971.0
2026-05-11 15:00:00,1778482800,41982.0,41986.0,41874.0,41887.0,4310.0
2026-05-11 15:15:00,1778483700,41891.0,41930.0,41865.0,41898.0,2068.0
2026-05-11 15:30:00,1778484600,41899.0,41959.0,41880.0,41943.0,2092.0
2026-05-11 15:45:00,1778485500,41945.0,41961.0,41930.0,41961.0,985.0
2026-05-11 16:00:00,1778486400,41962.0,41968.0,41746.0,41792.0,5345.0
2026-05-11 16:15:00,1778487300,41792.0,41880.0,41790.0,41796.0,2412.0
2026-05-11 16:30:00,1778488200,41795.0,41854.0,41784.0,41848.0,1250.0
2026-05-11 16:45:00,1778489100,41843.0,41859.0,41825.0,41829.0,748.0
2026-05-11 17:00:00,1778490000,41826.0,41862.0,41794.0,41797.0,1490.0
2026-05-11 17:15:00,1778490900,41798.0,41822.0,41779.0,41820.0,1235.0
2026-05-11 17:30:00,1778491800,41822.0,41908.0,41810.0,41902.0,2039.0
2026-05-11 17:45:00,1778492700,41903.0,41953.0,41880.0,41883.0,2102.0
2026-05-11 18:00:00,1778493600,41883.0,41898.0,41836.0,41836.0,1478.0
2026-05-11 18:15:00,1778494500,41836.0,41844.0,41795.0,41840.0,1525.0
2026-05-11 18:30:00,1778495400,41838.0,41850.0,41788.0,41811.0,1233.0
2026-05-11 18:45:00,1778496300,41811.0,41847.0,41794.0,41803.0,1122.0
2026-05-11 19:00:00,1778497200,41804.0,41861.0,41804.0,41860.0,976.0
2026-05-11 19:15:00,1778498100,41858.0,41903.0,41846.0,41891.0,1171.0
2026-05-11 19:30:00,1778499000,41891.0,41925.0,41876.0,41881.0,1376.0
2026-05-11 19:45:00,1778499900,41882.0,41915.0,41861.0,41914.0,1090.0
2026-05-11 20:00:00,1778500800,41911.0,41929.0,41848.0,41870.0,1542.0
2026-05-11 20:15:00,1778501700,41870.0,41922.0,41859.0,41913.0,1082.0
2026-05-11 20:30:00,1778502600,41910.0,41952.0,41893.0,41895.0,1859.0
2026-05-11 20:45:00,1778503500,41892.0,41919.0,41834.0,41918.0,2403.0
2026-05-11 21:00:00,1778504400,41916.0,41990.0,41910.0,41988.0,2894.0
2026-05-11 21:15:00,1778505300,41988.0,42041.0,41981.0,42040.0,2836.0
2026-05-11 21:30:00,1778506200,42040.0,42147.0,41939.0,41999.0,11083.0
2026-05-11 21:45:00,1778507100,42000.0,42044.0,41839.0,41852.0,7477.0
2026-05-11 22:00:00,1778508000,41849.0,42050.0,41842.0,42025.0,6918.0
2026-05-11 22:15:00,1778508900,42027.0,42074.0,41924.0,41937.0,5161.0
2026-05-11 22:30:00,1778509800,41938.0,42113.0,41887.0,42100.0,7556.0
2026-05-11 22:45:00,1778510700,42101.0,42217.0,42077.0,42159.0,7608.0
2026-05-11 23:00:00,1778511600,42158.0,42235.0,42158.0,42171.0,4728.0
2026-05-11 23:15:00,1778512500,42169.0,42275.0,42145.0,42273.0,4194.0
2026-05-11 23:30:00,1778513400,42272.0,42287.0,42209.0,42224.0,3336.0
2026-05-11 23:45:00,1778514300,42220.0,42297.0,42212.0,42257.0,2443.0
2026-05-12 00:00:00,1778515200,42259.0,42365.0,42259.0,42364.0,4718.0
2026-05-12 00:15:00,1778516100,42361.0,42364.0,42271.0,42280.0,2333.0
2026-05-12 00:30:00,1778517000,42279.0,42305.0,42163.0,42222.0,3838.0
2026-05-12 00:45:00,1778517900,42223.0,42245.0,42194.0,42228.0,1722.0
2026-05-12 01:00:00,1778518800,42229.0,42265.0,42208.0,42221.0,1518.0
2026-05-12 01:15:00,1778519700,42220.0,42290.0,42201.0,42283.0,1350.0
2026-05-12 01:30:00,1778520600,42282.0,42330.0,42270.0,42306.0,1393.0
2026-05-12 01:45:00,1778521500,42306.0,42319.0,42272.0,42275.0,631.0
2026-05-12 02:00:00,1778522400,42275.0,42347.0,42275.0,42329.0,1030.0
2026-05-12 02:15:00,1778523300,42326.0,42333.0,42295.0,42327.0,457.0
2026-05-12 02:30:00,1778524200,42326.0,42333.0,42285.0,42297.0,380.0
2026-05-12 02:45:00,1778525100,42293.0,42310.0,42252.0,42254.0,440.0
2026-05-12 03:00:00,1778526000,42253.0,42313.0,42249.0,42279.0,541.0
2026-05-12 03:15:00,1778526900,42280.0,42280.0,42226.0,42236.0,555.0
2026-05-12 03:30:00,1778527800,42234.0,42270.0,42229.0,42270.0,348.0
2026-05-12 03:45:00,1778528700,42268.0,42309.0,42262.0,42283.0,490.0
2026-05-12 04:00:00,1778529600,42282.0,42285.0,42193.0,42272.0,1502.0
2026-05-12 04:15:00,1778530500,42270.0,42280.0,42252.0,42272.0,204.0
2026-05-12 04:30:00,1778531400,42270.0,42276.0,42262.0,42274.0,184.0
2026-05-12 04:45:00,1778532300,42272.0,42277.0,42262.0,42270.0,389.0
2026-05-12 08:45:00,1778546700,42240.0,42248.0,42174.0,42195.0,7523.0
2026-05-12 09:00:00,1778547600,42195.0,42365.0,42191.0,42249.0,11514.0
2026-05-12 09:15:00,1778548500,42245.0,42251.0,41915.0,42005.0,20116.0
2026-05-12 09:30:00,1778549400,42004.0,42015.0,41605.0,41811.0,24381.0
2026-05-12 09:45:00,1778550300,41812.0,41885.0,41756.0,41816.0,9959.0
2026-05-12 10:00:00,1778551200,41817.0,41996.0,41742.0,41976.0,10173.0
2026-05-12 10:15:00,1778552100,41978.0,41988.0,41870.0,41956.0,4997.0
2026-05-12 10:30:00,1778553000,41950.0,41957.0,41858.0,41921.0,3618.0
2026-05-12 10:45:00,1778553900,41920.0,42096.0,41920.0,42052.0,7166.0
2026-05-12 11:00:00,1778554800,42053.0,42149.0,41997.0,42108.0,6511.0
2026-05-12 11:15:00,1778555700,42111.0,42114.0,42056.0,42080.0,2514.0
2026-05-12 11:30:00,1778556600,42083.0,42163.0,42081.0,42129.0,3287.0
2026-05-12 11:45:00,1778557500,42129.0,42145.0,42084.0,42117.0,2422.0
2026-05-12 12:00:00,1778558400,42118.0,42231.0,42117.0,42161.0,5683.0
2026-05-12 12:15:00,1778559300,42162.0,42223.0,42149.0,42188.0,2654.0
2026-05-12 12:30:00,1778560200,42186.0,42239.0,42180.0,42231.0,3037.0
2026-05-12 12:45:00,1778561100,42232.0,42250.0,42050.0,42051.0,5544.0
2026-05-12 13:00:00,1778562000,42050.0,42128.0,42005.0,42036.0,4775.0
2026-05-12 13:15:00,1778562900,42037.0,42046.0,41912.0,41921.0,5773.0
2026-05-12 13:30:00,1778563800,41920.0,41927.0,41686.0,41697.0,9519.0
2026-05-12 13:45:00,1778564700,41699.0,41699.0,41699.0,41699.0,1.0
2026-05-12 15:00:00,1778569200,41620.0,41620.0,41486.0,41598.0,9751.0
2026-05-12 15:15:00,1778570100,41596.0,41690.0,41592.0,41639.0,4025.0
2026-05-12 15:30:00,1778571000,41640.0,41667.0,41615.0,41620.0,1600.0
2026-05-12 15:45:00,1778571900,41620.0,41639.0,41571.0,41623.0,2256.0
2026-05-12 16:00:00,1778572800,41625.0,41636.0,41535.0,41555.0,2562.0
2026-05-12 16:15:00,1778573700,41556.0,41628.0,41530.0,41617.0,2270.0
2026-05-12 16:30:00,1778574600,41618.0,41626.0,41566.0,41585.0,1302.0
2026-05-12 16:45:00,1778575500,41582.0,41605.0,41547.0,41568.0,1376.0
2026-05-12 17:00:00,1778576400,41565.0,41570.0,41497.0,41567.0,2795.0
2026-05-12 17:15:00,1778577300,41567.0,41575.0,41523.0,41536.0,1261.0
2026-05-12 17:30:00,1778578200,41537.0,41630.0,41533.0,41593.0,2332.0
2026-05-12 17:45:00,1778579100,41592.0,41601.0,41550.0,41564.0,828.0
2026-05-12 18:00:00,1778580000,41565.0,41603.0,41553.0,41592.0,825.0
2026-05-12 18:15:00,1778580900,41591.0,41592.0,41528.0,41542.0,912.0
2026-05-12 18:30:00,1778581800,41543.0,41561.0,41488.0,41520.0,2045.0
2026-05-12 18:45:00,1778582700,41518.0,41549.0,41491.0,41533.0,1273.0
2026-05-12 19:00:00,1778583600,41534.0,41548.0,41406.0,41453.0,6003.0
2026-05-12 19:15:00,1778584500,41453.0,41460.0,41387.0,41431.0,3352.0
2026-05-12 19:30:00,1778585400,41431.0,41448.0,41402.0,41433.0,1420.0
2026-05-12 19:45:00,1778586300,41434.0,41443.0,41347.0,41369.0,2516.0
2026-05-12 20:00:00,1778587200,41370.0,41370.0,41261.0,41333.0,4812.0
2026-05-12 20:15:00,1778588100,41332.0,41344.0,41239.0,41310.0,3333.0
2026-05-12 20:30:00,1778589000,41314.0,41491.0,41251.0,41406.0,9018.0
2026-05-12 20:45:00,1778589900,41406.0,41457.0,41403.0,41412.0,2091.0
2026-05-12 21:00:00,1778590800,41411.0,41435.0,41360.0,41377.0,2529.0
2026-05-12 21:15:00,1778591700,41375.0,41378.0,41318.0,41361.0,2417.0
2026-05-12 21:30:00,1778592600,41362.0,41555.0,41307.0,41553.0,10234.0
2026-05-12 21:45:00,1778593500,41550.0,41563.0,41251.0,41295.0,9850.0
2026-05-12 22:00:00,1778594400,41295.0,41383.0,41262.0,41366.0,7472.0
2026-05-12 22:15:00,1778595300,41365.0,41383.0,41157.0,41196.0,8800.0
2026-05-12 22:30:00,1778596200,41196.0,41256.0,41074.0,41185.0,11913.0
2026-05-12 22:45:00,1778597100,41186.0,41194.0,41021.0,41045.0,9063.0
2026-05-12 23:00:00,1778598000,41044.0,41082.0,40973.0,40976.0,7453.0
2026-05-12 23:15:00,1778598900,40975.0,40989.0,40816.0,40864.0,10801.0
2026-05-12 23:30:00,1778599800,40865.0,40966.0,40862.0,40927.0,6380.0
2026-05-12 23:45:00,1778600700,40928.0,40958.0,40805.0,40831.0,4319.0
2026-05-13 00:00:00,1778601600,40828.0,40960.0,40782.0,40947.0,5759.0
2026-05-13 00:15:00,1778602500,40946.0,40955.0,40817.0,40839.0,3188.0
2026-05-13 00:30:00,1778603400,40831.0,40864.0,40756.0,40800.0,4308.0
2026-05-13 00:45:00,1778604300,40799.0,40820.0,40738.0,40753.0,2611.0
2026-05-13 01:00:00,1778605200,40756.0,40926.0,40756.0,40906.0,3769.0
2026-05-13 01:15:00,1778606100,40908.0,40966.0,40821.0,40847.0,3812.0
2026-05-13 01:30:00,1778607000,40846.0,40896.0,40831.0,40871.0,1378.0
2026-05-13 01:45:00,1778607900,40873.0,40908.0,40850.0,40906.0,953.0
2026-05-13 02:00:00,1778608800,40905.0,40943.0,40887.0,40931.0,1322.0
2026-05-13 02:15:00,1778609700,40932.0,41020.0,40917.0,41002.0,1642.0
2026-05-13 02:30:00,1778610600,41002.0,41049.0,40984.0,41029.0,1411.0
2026-05-13 02:45:00,1778611500,41027.0,41080.0,40991.0,41011.0,1458.0
2026-05-13 03:00:00,1778612400,41011.0,41118.0,41011.0,41099.0,1338.0
2026-05-13 03:15:00,1778613300,41104.0,41121.0,41065.0,41096.0,861.0
2026-05-13 03:30:00,1778614200,41098.0,41166.0,41095.0,41159.0,1236.0
2026-05-13 03:45:00,1778615100,41160.0,41184.0,41128.0,41169.0,1098.0
2026-05-13 04:00:00,1778616000,41164.0,41169.0,41067.0,41126.0,1284.0
2026-05-13 04:15:00,1778616900,41128.0,41146.0,41108.0,41127.0,456.0
2026-05-13 04:30:00,1778617800,41125.0,41164.0,41116.0,41160.0,466.0
2026-05-13 04:45:00,1778618700,41160.0,41172.0,41134.0,41136.0,660.0
2026-05-13 08:45:00,1778633100,41213.0,41268.0,40980.0,41216.0,15632.0
2026-05-13 09:00:00,1778634000,41217.0,41374.0,41164.0,41326.0,15918.0
2026-05-13 09:15:00,1778634900,41327.0,41343.0,41141.0,41340.0,13463.0
2026-05-13 09:30:00,1778635800,41337.0,41449.0,41314.0,41356.0,12097.0
2026-05-13 09:45:00,1778636700,41354.0,41539.0,41344.0,41473.0,11535.0
2026-05-13 10:00:00,1778637600,41471.0,41516.0,41268.0,41300.0,8876.0
2026-05-13 10:15:00,1778638500,41300.0,41393.0,41256.0,41389.0,6128.0
2026-05-13 10:30:00,1778639400,41390.0,41412.0,41195.0,41215.0,6813.0
2026-05-13 10:45:00,1778640300,41220.0,41270.0,41179.0,41195.0,6061.0
2026-05-13 11:00:00,1778641200,41195.0,41236.0,41166.0,41223.0,4045.0
2026-05-13 11:15:00,1778642100,41225.0,41400.0,41216.0,41388.0,5697.0
2026-05-13 11:30:00,1778643000,41385.0,41556.0,41371.0,41552.0,7760.0
2026-05-13 11:45:00,1778643900,41554.0,41562.0,41406.0,41416.0,6052.0
2026-05-13 12:00:00,1778644800,41413.0,41460.0,41396.0,41425.0,2900.0
2026-05-13 12:15:00,1778645700,41428.0,41444.0,41358.0,41432.0,3142.0
2026-05-13 12:30:00,1778646600,41430.0,41477.0,41376.0,41390.0,2844.0
2026-05-13 12:45:00,1778647500,41390.0,41473.0,41387.0,41445.0,2706.0
2026-05-13 13:00:00,1778648400,41445.0,41582.0,41381.0,41578.0,6382.0
2026-05-13 13:15:00,1778649300,41576.0,41604.0,41459.0,41472.0,7188.0
2026-05-13 13:30:00,1778650200,41473.0,41520.0,41421.0,41483.0,5132.0
2026-05-13 15:00:00,1778655600,41510.0,41514.0,41378.0,41424.0,4025.0
2026-05-13 15:15:00,1778656500,41422.0,41440.0,41394.0,41424.0,1373.0
2026-05-13 15:30:00,1778657400,41422.0,41504.0,41419.0,41490.0,1822.0
2026-05-13 15:45:00,1778658300,41490.0,41533.0,41473.0,41532.0,1978.0
2026-05-13 16:00:00,1778659200,41530.0,41650.0,41527.0,41620.0,4423.0
2026-05-13 16:15:00,1778660100,41620.0,41642.0,41583.0,41590.0,2142.0
2026-05-13 16:30:00,1778661000,41590.0,41602.0,41565.0,41572.0,1520.0
2026-05-13 16:45:00,1778661900,41571.0,41584.0,41482.0,41512.0,3004.0
2026-05-13 17:00:00,1778662800,41509.0,41545.0,41450.0,41477.0,2520.0
2026-05-13 17:15:00,1778663700,41476.0,41508.0,41432.0,41455.0,2432.0
2026-05-13 17:30:00,1778664600,41454.0,41489.0,41422.0,41485.0,1871.0
2026-05-13 17:45:00,1778665500,41482.0,41521.0,41462.0,41513.0,1347.0
2026-05-13 18:00:00,1778666400,41511.0,41562.0,41484.0,41497.0,1867.0
2026-05-13 18:15:00,1778667300,41497.0,41499.0,41431.0,41461.0,1766.0
2026-05-13 18:30:00,1778668200,41461.0,41506.0,41452.0,41503.0,1184.0
2026-05-13 18:45:00,1778669100,41502.0,41524.0,41484.0,41492.0,935.0
2026-05-13 19:00:00,1778670000,41489.0,41495.0,41445.0,41474.0,1303.0
2026-05-13 19:15:00,1778670900,41472.0,41484.0,41405.0,41445.0,1693.0
2026-05-13 19:30:00,1778671800,41445.0,41498.0,41435.0,41495.0,1330.0
2026-05-13 19:45:00,1778672700,41495.0,41517.0,41469.0,41504.0,1420.0
2026-05-13 20:00:00,1778673600,41501.0,41551.0,41495.0,41542.0,1734.0
2026-05-13 20:15:00,1778674500,41538.0,41550.0,41461.0,41496.0,1763.0
2026-05-13 20:30:00,1778675400,41496.0,41496.0,41208.0,41295.0,10936.0
2026-05-13 20:45:00,1778676300,41296.0,41326.0,41246.0,41293.0,3927.0
2026-05-13 21:00:00,1778677200,41295.0,41403.0,41291.0,41398.0,3694.0
2026-05-13 21:15:00,1778678100,41399.0,41434.0,41380.0,41416.0,2090.0
2026-05-13 21:30:00,1778679000,41416.0,41492.0,41298.0,41439.0,10587.0
2026-05-13 21:45:00,1778679900,41437.0,41511.0,41266.0,41458.0,11235.0
2026-05-13 22:00:00,1778680800,41458.0,41488.0,41401.0,41459.0,5596.0
2026-05-13 22:15:00,1778681700,41458.0,41617.0,41431.0,41556.0,8405.0
2026-05-13 22:30:00,1778682600,41552.0,41620.0,41524.0,41568.0,4857.0
2026-05-13 22:45:00,1778683500,41567.0,41601.0,41511.0,41563.0,3434.0
2026-05-13 23:00:00,1778684400,41564.0,41584.0,41480.0,41506.0,3029.0
2026-05-13 23:15:00,1778685300,41507.0,41537.0,41479.0,41521.0,2546.0
2026-05-13 23:30:00,1778686200,41520.0,41640.0,41479.0,41623.0,4137.0
2026-05-13 23:45:00,1778687100,41623.0,41624.0,41497.0,41528.0,3391.0
2026-05-14 00:00:00,1778688000,41527.0,41622.0,41525.0,41616.0,2893.0
2026-05-14 00:15:00,1778688900,41619.0,41708.0,41585.0,41698.0,5081.0
2026-05-14 00:30:00,1778689800,41698.0,41722.0,41654.0,41690.0,2345.0
2026-05-14 00:45:00,1778690700,41690.0,41728.0,41663.0,41705.0,1847.0
2026-05-14 01:00:00,1778691600,41708.0,41793.0,41708.0,41781.0,2635.0
2026-05-14 01:15:00,1778692500,41773.0,41828.0,41767.0,41823.0,1887.0
2026-05-14 01:30:00,1778693400,41824.0,41838.0,41779.0,41798.0,1257.0
2026-05-14 01:45:00,1778694300,41798.0,41803.0,41714.0,41716.0,1312.0
2026-05-14 02:00:00,1778695200,41720.0,41799.0,41706.0,41799.0,1318.0
2026-05-14 02:15:00,1778696100,41798.0,41828.0,41789.0,41792.0,694.0
2026-05-14 02:30:00,1778697000,41790.0,41797.0,41741.0,41744.0,663.0
2026-05-14 02:45:00,1778697900,41743.0,41760.0,41710.0,41715.0,972.0
2026-05-14 03:00:00,1778698800,41715.0,41762.0,41715.0,41754.0,381.0
2026-05-14 03:15:00,1778699700,41755.0,41777.0,41716.0,41727.0,495.0
2026-05-14 03:30:00,1778700600,41728.0,41744.0,41713.0,41744.0,297.0
2026-05-14 03:45:00,1778701500,41740.0,41759.0,41683.0,41708.0,898.0
2026-05-14 04:00:00,1778702400,41707.0,41742.0,41688.0,41737.0,555.0
2026-05-14 04:15:00,1778703300,41733.0,41753.0,41725.0,41738.0,246.0
2026-05-14 04:30:00,1778704200,41736.0,41771.0,41736.0,41756.0,237.0
2026-05-14 04:45:00,1778705100,41755.0,41764.0,41745.0,41755.0,388.0
2026-05-14 08:45:00,1778719500,41930.0,41997.0,41870.0,41997.0,10483.0
2026-05-14 09:00:00,1778720400,41996.0,42239.0,41993.0,42128.0,16732.0
2026-05-14 09:15:00,1778721300,42128.0,42131.0,41824.0,41962.0,17004.0
2026-05-14 09:30:00,1778722200,41961.0,41987.0,41760.0,41788.0,10333.0
2026-05-14 09:45:00,1778723100,41788.0,41847.0,41650.0,41700.0,14071.0
2026-05-14 10:00:00,1778724000,41696.0,41808.0,41612.0,41759.0,8605.0
2026-05-14 10:15:00,1778724900,41763.0,41871.0,41730.0,41738.0,6789.0
2026-05-14 10:30:00,1778725800,41732.0,41833.0,41655.0,41702.0,4927.0
2026-05-14 10:45:00,1778726700,41700.0,41718.0,41540.0,41598.0,9108.0
2026-05-14 11:00:00,1778727600,41599.0,41677.0,41558.0,41672.0,5479.0
2026-05-14 11:15:00,1778728500,41671.0,41719.0,41527.0,41670.0,7406.0
2026-05-14 11:30:00,1778729400,41674.0,41678.0,41567.0,41655.0,3678.0
2026-05-14 11:45:00,1778730300,41655.0,41693.0,41623.0,41659.0,2698.0
2026-05-14 12:00:00,1778731200,41660.0,41740.0,41555.0,41736.0,5071.0
2026-05-14 12:15:00,1778732100,41735.0,41795.0,41699.0,41786.0,3202.0
2026-05-14 12:30:00,1778733000,41787.0,41847.0,41782.0,41818.0,4452.0
2026-05-14 12:45:00,1778733900,41816.0,41840.0,41738.0,41748.0,3429.0
2026-05-14 13:00:00,1778734800,41750.0,41752.0,41607.0,41614.0,5315.0
2026-05-14 13:15:00,1778735700,41612.0,41711.0,41496.0,41710.0,8969.0
2026-05-14 13:30:00,1778736600,41712.0,41767.0,41620.0,41620.0,5520.0
2026-05-14 13:45:00,1778737500,41620.0,41620.0,41620.0,41620.0,1.0
2026-05-14 15:00:00,1778742000,41768.0,41814.0,41727.0,41768.0,4519.0
2026-05-14 15:15:00,1778742900,41768.0,41833.0,41760.0,41816.0,2513.0
2026-05-14 15:30:00,1778743800,41817.0,41912.0,41808.0,41864.0,3930.0
2026-05-14 15:45:00,1778744700,41865.0,41889.0,41765.0,41782.0,2654.0
2026-05-14 16:00:00,1778745600,41778.0,41848.0,41756.0,41848.0,2584.0
2026-05-14 16:15:00,1778746500,41848.0,41893.0,41848.0,41884.0,1871.0
2026-05-14 16:30:00,1778747400,41887.0,41919.0,41840.0,41841.0,2529.0
2026-05-14 16:45:00,1778748300,41841.0,41892.0,41825.0,41889.0,1408.0
2026-05-14 17:00:00,1778749200,41890.0,41904.0,41831.0,41842.0,1685.0
2026-05-14 17:15:00,1778750100,41843.0,41848.0,41792.0,41803.0,1348.0
2026-05-14 17:30:00,1778751000,41805.0,41836.0,41715.0,41765.0,3252.0
2026-05-14 17:45:00,1778751900,41765.0,41854.0,41764.0,41835.0,1838.0
2026-05-14 18:00:00,1778752800,41833.0,41956.0,41832.0,41888.0,3539.0
2026-05-14 18:15:00,1778753700,41888.0,41930.0,41863.0,41876.0,2054.0
2026-05-14 18:30:00,1778754600,41876.0,41893.0,41846.0,41861.0,1098.0
2026-05-14 18:45:00,1778755500,41863.0,41926.0,41853.0,41896.0,1328.0
2026-05-14 19:00:00,1778756400,41896.0,41915.0,41870.0,41898.0,1070.0
2026-05-14 19:15:00,1778757300,41898.0,41911.0,41854.0,41877.0,996.0
2026-05-14 19:30:00,1778758200,41877.0,41898.0,41873.0,41890.0,610.0
2026-05-14 19:45:00,1778759100,41892.0,41942.0,41888.0,41907.0,1482.0
2026-05-14 20:00:00,1778760000,41907.0,41966.0,41902.0,41942.0,2022.0
2026-05-14 20:15:00,1778760900,41941.0,41964.0,41913.0,41917.0,1147.0
2026-05-14 20:30:00,1778761800,41917.0,41920.0,41860.0,41871.0,2158.0
2026-05-14 20:45:00,1778762700,41871.0,41896.0,41811.0,41841.0,2393.0
2026-05-14 21:00:00,1778763600,41841.0,41860.0,41816.0,41844.0,1633.0
2026-05-14 21:15:00,1778764500,41841.0,41856.0,41773.0,41783.0,2338.0
2026-05-14 21:30:00,1778765400,41783.0,41988.0,41735.0,41953.0,10661.0
2026-05-14 21:45:00,1778766300,41952.0,42045.0,41920.0,41956.0,10314.0
2026-05-14 22:00:00,1778767200,41954.0,42086.0,41934.0,42072.0,8204.0
2026-05-14 22:15:00,1778768100,42072.0,42193.0,42069.0,42164.0,8131.0
2026-05-14 22:30:00,1778769000,42164.0,42327.0,42162.0,42296.0,9713.0
2026-05-14 22:45:00,1778769900,42295.0,42322.0,42210.0,42239.0,4912.0
2026-05-14 23:00:00,1778770800,42240.0,42268.0,42206.0,42259.0,3222.0
2026-05-14 23:15:00,1778771700,42260.0,42288.0,42242.0,42256.0,2270.0
2026-05-14 23:30:00,1778772600,42255.0,42295.0,42227.0,42246.0,1765.0
2026-05-14 23:45:00,1778773500,42248.0,42291.0,42226.0,42277.0,1712.0
2026-05-15 00:00:00,1778774400,42278.0,42347.0,42277.0,42314.0,3341.0
2026-05-15 00:15:00,1778775300,42314.0,42342.0,42269.0,42283.0,2128.0
2026-05-15 00:30:00,1778776200,42284.0,42312.0,42261.0,42277.0,1369.0
2026-05-15 00:45:00,1778777100,42276.0,42315.0,42248.0,42313.0,1388.0
2026-05-15 01:00:00,1778778000,42315.0,42377.0,42262.0,42269.0,2833.0
2026-05-15 01:15:00,1778778900,42269.0,42277.0,42191.0,42248.0,3514.0
2026-05-15 01:30:00,1778779800,42249.0,42309.0,42237.0,42298.0,1363.0
2026-05-15 01:45:00,1778780700,42301.0,42340.0,42301.0,42316.0,1112.0
2026-05-15 02:00:00,1778781600,42316.0,42322.0,42259.0,42294.0,1149.0
2026-05-15 02:15:00,1778782500,42292.0,42324.0,42278.0,42293.0,600.0
2026-05-15 02:30:00,1778783400,42293.0,42333.0,42292.0,42316.0,494.0
2026-05-15 02:45:00,1778784300,42315.0,42361.0,42306.0,42346.0,608.0
2026-05-15 03:00:00,1778785200,42346.0,42364.0,42339.0,42345.0,400.0
2026-05-15 03:15:00,1778786100,42346.0,42370.0,42332.0,42340.0,400.0
2026-05-15 03:30:00,1778787000,42335.0,42370.0,42334.0,42351.0,293.0
2026-05-15 03:45:00,1778787900,42346.0,42361.0,42313.0,42329.0,515.0
2026-05-15 04:00:00,1778788800,42327.0,42346.0,42312.0,42340.0,480.0
2026-05-15 04:15:00,1778789700,42338.0,42341.0,42319.0,42325.0,231.0
2026-05-15 04:30:00,1778790600,42322.0,42345.0,42319.0,42339.0,240.0
2026-05-15 04:45:00,1778791500,42340.0,42365.0,42305.0,42362.0,803.0
2026-05-15 08:45:00,1778805900,42291.0,42364.0,42232.0,42296.0,9778.0
2026-05-15 09:00:00,1778806800,42297.0,42453.0,42248.0,42318.0,16445.0
2026-05-15 09:15:00,1778807700,42314.0,42341.0,42045.0,42082.0,16689.0
2026-05-15 09:30:00,1778808600,42078.0,42135.0,41950.0,42102.0,15007.0
2026-05-15 09:45:00,1778809500,42103.0,42121.0,41642.0,41696.0,19907.0
2026-05-15 10:00:00,1778810400,41699.0,41770.0,41604.0,41690.0,14005.0
2026-05-15 10:15:00,1778811300,41687.0,41847.0,41661.0,41689.0,10018.0
2026-05-15 10:30:00,1778812200,41691.0,41833.0,41630.0,41795.0,7515.0
2026-05-15 10:45:00,1778813100,41793.0,41840.0,41681.0,41764.0,6081.0
2026-05-15 11:00:00,1778814000,41770.0,41795.0,41646.0,41660.0,4428.0
2026-05-15 11:15:00,1778814900,41660.0,41690.0,41548.0,41627.0,8095.0
2026-05-15 11:30:00,1778815800,41623.0,41683.0,41420.0,41629.0,12636.0
2026-05-15 11:45:00,1778816700,41634.0,41698.0,41606.0,41630.0,4305.0
2026-05-15 12:00:00,1778817600,41630.0,41655.0,41508.0,41595.0,4766.0
2026-05-15 12:15:00,1778818500,41594.0,41623.0,41456.0,41465.0,4932.0
2026-05-15 12:30:00,1778819400,41464.0,41547.0,41400.0,41402.0,8008.0
2026-05-15 12:45:00,1778820300,41401.0,41411.0,41195.0,41218.0,10596.0
2026-05-15 13:00:00,1778821200,41219.0,41228.0,41077.0,41182.0,11612.0
2026-05-15 13:15:00,1778822100,41183.0,41210.0,41106.0,41200.0,6132.0
2026-05-15 13:30:00,1778823000,41199.0,41205.0,40977.0,41003.0,8910.0
2026-05-15 13:45:00,1778823900,41001.0,41001.0,41001.0,41001.0,1.0
2026-05-15 15:00:00,1778828400,41150.0,41207.0,41104.0,41195.0,4919.0
2026-05-15 15:15:00,1778829300,41196.0,41223.0,41125.0,41153.0,2841.0
2026-05-15 15:30:00,1778830200,41154.0,41160.0,40986.0,41004.0,3514.0
2026-05-15 15:45:00,1778831100,41001.0,41014.0,40839.0,40861.0,4291.0
2026-05-15 16:00:00,1778832000,40862.0,40874.0,40770.0,40842.0,5468.0
2026-05-15 16:15:00,1778832900,40839.0,40839.0,40640.0,40650.0,6268.0
2026-05-15 16:30:00,1778833800,40648.0,40788.0,40602.0,40781.0,5603.0
2026-05-15 16:45:00,1778834700,40784.0,40824.0,40687.0,40725.0,3916.0
2026-05-15 17:00:00,1778835600,40727.0,40748.0,40669.0,40701.0,2304.0
2026-05-15 17:15:00,1778836500,40701.0,40703.0,40577.0,40693.0,4398.0
2026-05-15 17:30:00,1778837400,40689.0,40750.0,40661.0,40685.0,2821.0
2026-05-15 17:45:00,1778838300,40681.0,40696.0,40596.0,40641.0,2873.0
2026-05-15 18:00:00,1778839200,40643.0,40815.0,40610.0,40797.0,3454.0
2026-05-15 18:15:00,1778840100,40797.0,40881.0,40781.0,40802.0,3668.0
2026-05-15 18:30:00,1778841000,40803.0,40890.0,40746.0,40815.0,3304.0
2026-05-15 18:45:00,1778841900,40813.0,40973.0,40806.0,40933.0,5579.0
2026-05-15 19:00:00,1778842800,40933.0,40977.0,40882.0,40920.0,2614.0
2026-05-15 19:15:00,1778843700,40918.0,40932.0,40796.0,40827.0,2751.0
2026-05-15 19:30:00,1778844600,40827.0,40837.0,40690.0,40712.0,3133.0
2026-05-15 19:45:00,1778845500,40712.0,40800.0,40710.0,40711.0,2354.0
2026-05-15 20:00:00,1778846400,40711.0,40714.0,40617.0,40630.0,3513.0
2026-05-15 20:15:00,1778847300,40630.0,40707.0,40615.0,40646.0,2548.0
2026-05-15 20:30:00,1778848200,40643.0,40646.0,40606.0,40620.0,218.0
