Record Time,Symbol,Timeframe,TradingView Time,Open,High,Low,Close,MA_960,MA_P80,MA_P200,MA_N110,MA_N200,tt_short,tt_long,BBR
2026-04-30 16:15:00,MXF1!,15,2026-04-30 16:00:00,39562,39685,39555,39636,39465.453125,39545.453125,39665.453125,39355.453125,39265.453125,39483.1898491164,39482.9695564586,0.8211596383
2026-04-30 16:30:03,MXF1!,15,2026-04-30 16:15:00,39636,39653,39577,39645,39466.8010416667,39546.8010416667,39666.8010416667,39356.8010416667,39266.8010416667,39489.5353452295,39486.1780800931,0.8227656484
2026-04-30 16:45:02,MXF1!,15,2026-04-30 16:30:00,39648,39742,39648,39702,39468.7822916667,39548.7822916667,39668.7822916667,39358.7822916667,39268.7822916667,39497.8672924754,39490.4517814774,0.8351300417
2026-04-30 17:00:02,MXF1!,15,2026-04-30 16:45:00,39705,39710,39621,39636,39470.1364583333,39550.1364583333,39670.1364583333,39360.1364583333,39270.1364583333,39503.284261398,39493.3339244184,0.819875781
2026-04-30 17:14:58,MXF1!,15,2026-04-30 17:00:00,39638,39665,39584,39600,39471.103125,39551.103125,39671.103125,39361.103125,39271.103125,39507.0770354608,39495.4461239349,0.8113557552
2026-04-30 17:30:09,MXF1!,15,2026-04-30 17:15:00,39600,39673,39551,39664,39472.6010416667,39552.6010416667,39672.6010416667,39362.6010416667,39272.6010416667,39513.2308772074,39498.783824451,0.825338295
2026-04-30 17:45:03,MXF1!,15,2026-04-30 17:30:00,39664,39766,39664,39680,39477.3729166667,39557.3729166667,39677.3729166667,39367.3729166667,39277.3729166667,39519.7708428071,39502.3722635708,0.8285081106
2026-04-30 18:00:09,MXF1!,15,2026-04-30 17:45:00,39682,39720,39678,39707,39482.1552083333,39562.1552083333,39682.1552083333,39372.1552083333,39282.1552083333,39527.113162697,39506.4242979556,0.8341744782
2026-04-30 18:15:00,MXF1!,15,2026-04-30 18:00:00,39708,39776,39708,39720,39486.896875,39566.896875,39686.896875,39376.896875,39286.896875,39534.6773523952,39510.6535197782,0.8366607418
2026-04-30 18:30:07,MXF1!,15,2026-04-30 18:15:00,39719,39784,39711,39783,39492.3260416667,39572.3260416667,39692.3260416667,39382.3260416667,39292.3260416667,39544.4154954385,39516.0465193866,0.8504718317
2026-04-30 18:45:04,MXF1!,15,2026-04-30 18:30:00,39784,39798,39708,39720,39498.840625,39578.840625,39698.840625,39388.840625,39298.840625,39551.3011622841,39520.085202171,0.8357242286
2026-04-30 19:00:09,MXF1!,15,2026-04-30 18:45:00,39722,39737,39673,39715,39504.2041666667,39584.2041666667,39704.2041666667,39394.2041666667,39304.2041666667,39557.7207245474,39523.9449011379,0.8341255822
2026-04-30 19:15:01,MXF1!,15,2026-04-30 19:00:00,39720,39780,39719,39753,39510.203125,39590.203125,39710.203125,39400.203125,39310.203125,39565.3787353495,39528.4806456698,0.8422988457
2026-04-30 19:30:01,MXF1!,15,2026-04-30 19:15:00,39756,39845,39748,39843,39515.2864583333,39595.2864583333,39715.2864583333,39405.2864583333,39315.2864583333,39576.2658437672,39534.7087516962,0.862284867
2026-04-30 19:44:59,MXF1!,15,2026-04-30 19:30:00,39841,39855,39786,39800,39519.7104166667,39599.7104166667,39719.7104166667,39409.7104166667,39319.7104166667,39585.0397322469,39539.9620437418,0.8520077901
2026-04-30 20:00:09,MXF1!,15,2026-04-30 19:45:00,39799,39830,39793,39801,39524.140625,39604.140625,39724.140625,39414.140625,39324.140625,39593.5087623549,39545.1311121826,0.8517582652
2026-04-30 20:15:00,MXF1!,15,2026-04-30 20:00:00,39801,39866,39788,39856,39529.5375,39609.5375,39729.5375,39419.5375,39329.5375,39603.8025363801,39551.2869317433,0.8638177164
2026-04-30 20:30:05,MXF1!,15,2026-04-30 20:15:00,39854,39895,39852,39880,39536.1052083333,39616.1052083333,39736.1052083333,39426.1052083333,39336.1052083333,39614.6338094633,39557.7961014118,0.8687853667
2026-04-30 20:45:02,MXF1!,15,2026-04-30 20:30:00,39880,39889,39812,39824,39542.4760416667,39622.4760416667,39742.4760416667,39432.4760416667,39342.4760416667,39622.8442483079,39563.0674657402,0.8554623899
2026-04-30 21:00:03,MXF1!,15,2026-04-30 20:45:00,39823,39903,39819,39889,39550.2552083333,39630.2552083333,39750.2552083333,39440.2552083333,39350.2552083333,39633.2817287664,39569.5215753295,0.8698482875
2026-04-30 21:15:03,MXF1!,15,2026-04-30 21:00:00,39889,39910,39846,39854,39558.2510416667,39638.2510416667,39758.2510416667,39448.2510416667,39358.2510416667,39641.9373472461,39575.1548114616,0.8613020668
2026-04-30 21:30:03,MXF1!,15,2026-04-30 21:15:00,39854,39872,39821,39833,39566.1083333333,39646.1083333333,39766.1083333333,39456.1083333333,39366.1083333333,39649.4300002953,39580.2606567792,0.8559282729
2026-04-30 21:45:03,MXF1!,15,2026-04-30 21:30:00,39833,39833,39630,39716,39572.5958333333,39652.5958333333,39772.5958333333,39462.5958333333,39372.5958333333,39652.040588519,39582.9485645658,0.8285073635
2026-04-30 22:00:18,MXF1!,15,2026-04-30 21:45:00,39714,39720,39535,39581,39577.2947916667,39657.2947916667,39777.2947916667,39467.2947916667,39377.2947916667,39649.2546830869,39582.9099791288,0.796986303
2026-04-30 22:15:10,MXF1!,15,2026-04-30 22:00:00,39580,39666,39508,39600,39581.259375,39661.259375,39781.259375,39471.259375,39381.259375,39647.3231268874,39583.2483953837,0.8009677629
2026-04-30 22:30:14,MXF1!,15,2026-04-30 22:15:00,39599,39644,39497,39603,39584.5302083333,39664.5302083333,39784.5302083333,39474.5302083333,39384.5302083333,39645.5849650487,39583.6395162672,0.8012112328
2026-04-30 22:45:03,MXF1!,15,2026-04-30 22:30:00,39602,39676,39550,39623,39588.16875,39668.16875,39788.16875,39478.16875,39388.16875,39644.6992801448,39584.4189317867,0.805397722
2026-04-30 23:00:03,MXF1!,15,2026-04-30 22:45:00,39621,39794,39618,39778,39592.71875,39672.71875,39792.71875,39482.71875,39392.71875,39649.9267593548,39588.2522202661,0.8407417359
2026-04-30 23:15:00,MXF1!,15,2026-04-30 23:00:00,39780,39880,39775,39860,39600.1322916667,39680.1322916667,39800.1322916667,39490.1322916667,39400.1322916667,39658.1649256546,39593.6333644193,0.8591397694
2026-04-30 23:30:05,MXF1!,15,2026-04-30 23:15:00,39861,39886,39817,39848,39608.0979166667,39688.0979166667,39808.0979166667,39498.0979166667,39408.0979166667,39665.6094383741,39598.6703275001,0.8557570305
2026-04-30 23:45:03,MXF1!,15,2026-04-30 23:30:00,39849,39905,39809,39840,39616.515625,39696.515625,39816.515625,39506.515625,39416.515625,39672.448283928,39603.4491328961,0.8532940458
2026-05-01 00:00:06,MXF1!,15,2026-04-30 23:45:00,39841,39865,39782,39836,39624.1385416667,39704.1385416667,39824.1385416667,39514.1385416667,39424.1385416667,39678.8620767152,39608.0541005615,0.8517700239
2026-05-01 00:14:57,MXF1!,15,2026-05-01 00:00:00,39838,39880,39795,39874,39630.8885416667,39710.8885416667,39830.8885416667,39520.8885416667,39430.8885416667,39686.514544295,39613.320355996,0.8599717952
2026-05-01 00:30:06,MXF1!,15,2026-05-01 00:15:00,39874,39880,39840,39864,39636.8729166667,39716.8729166667,39836.8729166667,39526.8729166667,39436.8729166667,39693.4747582442,39618.2843093426,0.8570340911
2026-05-01 00:45:08,MXF1!,15,2026-05-01 00:30:00,39868,39873,39839,39843,39643.8666666667,39723.8666666667,39843.8666666667,39533.8666666667,39443.8666666667,39699.338493215,39622.7341249992,0.8515362962
2026-05-01 01:00:12,MXF1!,15,2026-05-01 00:45:00,39840,39841,39778,39804,39650.1197916667,39730.1197916667,39850.1197916667,39540.1197916667,39450.1197916667,39703.4428660301,39626.3235482665,0.8418779968
2026-05-01 01:15:01,MXF1!,15,2026-05-01 01:00:00,39808,39864,39805,39854,39657.2958333333,39737.2958333333,39857.2958333333,39547.2958333333,39457.2958333333,39709.3470673622,39630.8319928553,0.8529171761
2026-05-01 01:30:06,MXF1!,15,2026-05-01 01:15:00,39852,39862,39805,39862,39665.7041666667,39745.7041666667,39865.7041666667,39555.7041666667,39465.7041666667,39715.3334568775,39635.4095771552,0.8541799193
2026-05-01 01:45:12,MXF1!,15,2026-05-01 01:30:00,39861,39965,39859,39952,39674.5729166667,39754.5729166667,39874.5729166667,39564.5729166667,39474.5729166667,39724.6144977842,39641.6786944393,0.8745341018
2026-05-01 02:00:03,MXF1!,15,2026-05-01 01:45:00,39951,39985,39927,39977,39683.853125,39763.853125,39883.853125,39573.853125,39483.853125,39734.5119684593,39648.3187202919,0.8797129909
2026-05-01 02:15:06,MXF1!,15,2026-05-01 02:00:00,39980,40048,39979,40034,39687.7,39767.7,39887.7,39577.7,39487.7,39746.2565971472,39655.9559733555,0.8923315282
2026-05-01 02:30:08,MXF1!,15,2026-05-01 02:15:00,40034,40064,40022,40036,39692.6,39772.6,39892.6,39582.6,39492.6,39757.6190835336,39663.4815976455,0.8919596705
2026-05-01 02:45:04,MXF1!,15,2026-05-01 02:30:00,40034,40073,40034,40060,39699.3552083333,39779.3552083333,39899.3552083333,39589.3552083333,39499.3552083333,39769.4771586891,39671.333447197,0.8967081362
2026-05-01 03:00:09,MXF1!,15,2026-05-01 02:45:00,40058,40083,40053,40060,39706.490625,39786.490625,39906.490625,39596.490625,39506.490625,39780.8702112896,39679.0298145793,0.8958487377
2026-05-01 03:15:05,MXF1!,15,2026-05-01 03:00:00,40061,40166,40053,40152,39713.30625,39793.30625,39913.30625,39603.30625,39513.30625,39795.4243206508,39688.3955608252,0.9163937382
2026-05-01 03:30:01,MXF1!,15,2026-05-01 03:15:00,40153,40153,40108,40132,39718.9927083333,39798.9927083333,39918.9927083333,39608.9927083333,39518.9927083333,39808.6233668997,39697.1798071455,0.9108040498
2026-05-01 03:45:04,MXF1!,15,2026-05-01 03:30:00,40128,40194,40125,40171,39726.9770833333,39806.9770833333,39926.9770833333,39616.9770833333,39526.9770833333,39822.8342152566,39706.5623852218,0.9189569796
2026-05-01 04:00:02,MXF1!,15,2026-05-01 03:45:00,40174,40234,40118,40118,39736.8375,39816.8375,39936.8375,39626.8375,39536.8375,39834.4093440701,39714.7096647224,0.9056906229
2026-05-01 04:15:03,MXF1!,15,2026-05-01 04:00:00,40117,40177,40053,40121,39746.4666666667,39826.4666666667,39946.4666666667,39636.4666666667,39546.4666666667,39845.6481933222,39722.7550178962,0.9054924211
2026-05-01 04:30:01,MXF1!,15,2026-05-01 04:15:00,40128,40152,40109,40124,39755.6604166667,39835.6604166667,39955.6604166667,39645.6604166667,39555.6604166667,39856.5639504469,39730.7004630864,0.9052918155
2026-05-01 04:45:00,MXF1!,15,2026-05-01 04:30:00,40122,40125,40020,40030,39764.2447916667,39844.2447916667,39964.2447916667,39654.2447916667,39564.2447916667,39863.3653641548,39736.6271865896,0.8825686482
2026-05-01 05:01:01,MXF1!,15,2026-05-01 04:45:00,40034,40099,39968,40094,39771.4729166667,39851.4729166667,39971.4729166667,39661.4729166667,39571.4729166667,39872.4098596782,39743.7038759641,0.8966483344
2026-05-04 09:00:02,MXF1!,15,2026-05-04 08:45:00,40423,40448,40230,40279,39782.5760416667,39862.5760416667,39982.5760416667,39672.5760416667,39582.5760416667,39888.3545710633,39754.3037992123,0.9387952552
2026-05-04 09:15:01,MXF1!,15,2026-05-04 09:00:00,40277,40540,40164,40513,39794.4479166667,39874.4479166667,39994.4479166667,39684.4479166667,39594.4479166667,39912.8504702373,39769.3274863566,0.9920721728
2026-05-04 09:30:04,MXF1!,15,2026-05-04 09:15:00,40516,40565,40306,40338,39809.8208333333,39889.8208333333,40009.8208333333,39699.8208333333,39609.8208333333,39929.5230008162,39780.588328211,0.9502416967
2026-05-04 09:45:01,MXF1!,15,2026-05-04 09:30:00,40339,40598,40287,40591,39827.278125,39907.278125,40027.278125,39717.278125,39627.278125,39955.463275294,39796.636084088,1.0078172884
2026-05-04 10:00:03,MXF1!,15,2026-05-04 09:45:00,40593,40660,40514,40636,39846.9166666667,39926.9166666667,40046.9166666667,39736.9166666667,39646.9166666667,39982.1509899884,39813.2571517298,1.0168798223
2026-05-04 10:15:00,MXF1!,15,2026-05-04 10:00:00,40635,40695,40536,40689,39866.0947916667,39946.0947916667,40066.0947916667,39756.0947916667,39666.0947916667,40009.8705590085,39830.5985942698,1.0277135882
2026-05-04 10:30:00,MXF1!,15,2026-05-04 10:15:00,40690,40730,40622,40695,39886.1604166667,39966.1604166667,40086.1604166667,39776.1604166667,39686.1604166667,40036.7383802238,39847.7154537892,1.0276017008
2026-05-04 10:45:01,MXF1!,15,2026-05-04 10:30:00,40696,40905,40688,40854,39909.0197916667,39989.0197916667,40109.0197916667,39799.0197916667,39709.0197916667,40068.7878555091,39867.6418804469,1.0627250158
2026-05-04 11:00:01,MXF1!,15,2026-05-04 10:45:00,40853,40968,40838,40925,39931.778125,40011.778125,40131.778125,39821.778125,39731.778125,40102.3648023519,39888.5796649925,1.0772731234
2026-05-04 11:15:00,MXF1!,15,2026-05-04 11:00:00,40924,40991,40895,40937,39954.4114583333,40034.4114583333,40154.4114583333,39844.4114583333,39754.4114583333,40135.0955944165,39909.3404637055,1.0781509097
2026-05-04 11:30:04,MXF1!,15,2026-05-04 11:15:00,40937,40941,40863,40884,39975.7135416667,40055.7135416667,40175.7135416667,39865.7135416667,39775.7135416667,40164.4643946355,39928.640652543,1.0641168929
2026-05-04 11:45:01,MXF1!,15,2026-05-04 11:30:00,40883,40950,40869,40942,39996.98125,40076.98125,40196.98125,39886.98125,39796.98125,40194.9559870027,39948.7071742748,1.0756362538
2026-05-04 12:00:04,MXF1!,15,2026-05-04 11:45:00,40946,40993,40923,40949,40017.8864583333,40097.8864583333,40217.8864583333,39907.8864583333,39817.8864583333,40224.5263404536,39968.514953002,1.0753981953
2026-05-04 12:15:03,MXF1!,15,2026-05-04 12:00:00,40950,40997,40911,40975,40038.7395833333,40118.7395833333,40238.7395833333,39928.7395833333,39838.7395833333,40253.9566800437,39988.4453499723,1.0794832826
2026-05-04 12:30:04,MXF1!,15,2026-05-04 12:15:00,40974,40999,40955,40982,40058.775,40138.775,40258.775,39948.775,39858.775,40282.5073984733,40008.1196994778,1.0792073773
2026-05-04 12:45:04,MXF1!,15,2026-05-04 12:30:00,40980,41027,40966,41017,40079.6760416667,40159.6760416667,40279.6760416667,39969.6760416667,39879.6760416667,40311.3110299058,40028.0975272109,1.0852893995
2026-05-04 13:00:01,MXF1!,15,2026-05-04 12:45:00,41018,41021,40966,40994,40101.04375,40181.04375,40301.04375,39991.04375,39901.04375,40338.08314638,40047.2243088503,1.0781297806
2026-05-04 13:14:59,MXF1!,15,2026-05-04 13:00:00,40991,41017,40964,40979,40122.6864583333,40202.6864583333,40322.6864583333,40012.6864583333,39922.6864583333,40363.2171406396,40065.6753126355,1.0728210183
2026-05-04 13:30:00,MXF1!,15,2026-05-04 13:15:00,40978,41021,40965,40995,40142.5635416667,40222.5635416667,40342.5635416667,40032.5635416667,39942.5635416667,40387.9929390459,40084.0777816922,1.0745704392
2026-05-04 13:44:58,MXF1!,15,2026-05-04 13:30:00,40993,41074,40970,41041,40163.0104166667,40243.0104166667,40363.0104166667,40053.0104166667,39963.0104166667,40413.6010590834,40103.0267365102,1.0830885926
2026-05-04 13:46:58,MXF1!,15,2026-05-04 13:45:00,41042,41042,41042,41042,40164.3864583333,40244.3864583333,40364.3864583333,40054.3864583333,39964.3864583333,40438.2441548056,40121.6202664802,1.0813597532
2026-05-04 15:15:02,MXF1!,15,2026-05-04 15:00:00,40999,41065,40896,41051,40184.2916666667,40264.2916666667,40384.2916666667,40074.2916666667,39984.2916666667,40462.2737957936,40140.0238255598,1.0814869651
2026-05-04 15:30:05,MXF1!,15,2026-05-04 15:15:00,41048,41184,41047,41143,40205.9270833333,40285.9270833333,40405.9270833333,40095.9270833333,40005.9270833333,40488.9689410566,40159.8847399052,1.1002455825
2026-05-04 15:45:03,MXF1!,15,2026-05-04 15:30:00,41144,41150,41078,41101,40227.1072916667,40307.1072916667,40427.1072916667,40117.1072916667,40027.1072916667,40512.9701590544,40178.5206856496,1.088722008
2026-05-04 16:00:09,MXF1!,15,2026-05-04 15:45:00,41097,41145,41078,41081,40249.0760416667,40329.0760416667,40449.0760416667,40139.0760416667,40049.0760416667,40535.2458390914,40196.3915631615,1.0822421421
2026-05-04 16:15:00,MXF1!,15,2026-05-04 16:00:00,41082,41091,41009,41075,40269.4604166667,40349.4604166667,40469.4604166667,40159.4604166667,40069.4604166667,40556.412668931,40213.7897500296,1.0789464716
2026-05-04 16:29:59,MXF1!,15,2026-05-04 16:15:00,41075,41095,41041,41085,40289.0927083333,40369.0927083333,40489.0927083333,40179.0927083333,40089.0927083333,40577.1415838749,40231.0414381478,1.0792368086
2026-05-04 16:45:03,MXF1!,15,2026-05-04 16:30:00,41084,41119,41083,41095,40309.265625,40389.265625,40509.265625,40199.265625,40109.265625,40597.4497570563,40248.1495284815,1.0795338591
2026-05-04 17:00:02,MXF1!,15,2026-05-04 16:45:00,41095,41106,41079,41083,40329.3447916667,40409.3447916667,40529.3447916667,40219.3447916667,40129.3447916667,40616.4909430541,40264.6812209869,1.0749395637
2026-05-04 17:15:07,MXF1!,15,2026-05-04 17:00:00,41082,41110,41069,41106,40349.0822916667,40429.0822916667,40549.0822916667,40239.0822916667,40149.0822916667,40635.6873766598,40281.3409987891,1.0781478732
2026-05-04 17:30:00,MXF1!,15,2026-05-04 17:15:00,41103,41113,41044,41065,40367.7989583333,40447.7989583333,40567.7989583333,40257.7989583333,40167.7989583333,40652.5231658104,40296.8589988131,1.067097045
2026-05-04 17:45:08,MXF1!,15,2026-05-04 17:30:00,41063,41092,41048,41061,40386.846875,40466.846875,40586.846875,40276.846875,40186.846875,40668.5418651904,40311.9905037871,1.0643424693
2026-05-04 18:00:05,MXF1!,15,2026-05-04 17:45:00,41058,41094,41040,41042,40405.4114583333,40485.4114583333,40605.4114583333,40295.4114583333,40205.4114583333,40683.1872822417,40326.4461373755,1.0582867322
2026-05-04 18:15:01,MXF1!,15,2026-05-04 18:00:00,41047,41051,40577,40669,40419.1104166667,40499.1104166667,40619.1104166667,40309.1104166667,40219.1104166667,40682.6309182322,40333.2293821799,0.9739464558
2026-05-04 18:30:03,MXF1!,15,2026-05-04 18:15:00,40667,40766,40546,40749,40431.7677083333,40511.7677083333,40631.7677083333,40321.7677083333,40231.7677083333,40685.2336273212,40341.4624637209,0.9904159322
2026-05-04 18:45:04,MXF1!,15,2026-05-04 18:30:00,40748,40936,40737,40869,40449.45625,40529.45625,40649.45625,40339.45625,40249.45625,40692.4401517399,40351.908751568,1.0156015926
2026-05-04 19:00:06,MXF1!,15,2026-05-04 18:45:00,40873,40961,40860,40902,40469.4614583333,40549.4614583333,40669.4614583333,40359.4614583333,40269.4614583333,40700.658185005,40362.8016475766,1.0213930859
2026-05-04 19:15:01,MXF1!,15,2026-05-04 19:00:00,40905,40975,40888,40951,40490.315625,40570.315625,40690.315625,40380.315625,40290.315625,40710.4755110833,40374.4491397038,1.0306411528
2026-05-04 19:30:02,MXF1!,15,2026-05-04 19:15:00,40952,40988,40932,40934,40511.6770833333,40591.6770833333,40711.6770833333,40401.6770833333,40311.6770833333,40719.2411773153,40385.5293547591,1.0252829271
2026-05-04 19:45:01,MXF1!,15,2026-05-04 19:30:00,40934,40941,40826,40897,40531.8875,40611.8875,40731.8875,40421.8875,40331.8875,40726.2121115382,40395.6574863481,1.015584094
2026-05-04 20:00:03,MXF1!,15,2026-05-04 19:45:00,40899,40958,40870,40935,40550.3802083333,40630.3802083333,40750.3802083333,40440.3802083333,40350.3802083333,40734.3998718701,40406.3375361233,1.022409288
2026-05-04 20:15:02,MXF1!,15,2026-05-04 20:00:00,40937,40981,40937,40947,40567.8958333333,40647.8958333333,40767.8958333333,40457.8958333333,40367.8958333333,40742.7371317967,40417.0437235268,1.0234804455
2026-05-04 20:30:02,MXF1!,15,2026-05-04 20:15:00,40945,41044,40931,41011,40585.9916666667,40665.9916666667,40785.9916666667,40475.9916666667,40385.9916666667,40753.2572442753,40428.8052339521,1.0359256036
2026-05-04 20:45:00,MXF1!,15,2026-05-04 20:30:00,41010,41015,40946,40964,40603.7083333333,40683.7083333333,40803.7083333333,40493.7083333333,40403.7083333333,40761.5216660684,40439.4031501114,1.0240000643
2026-05-04 21:00:04,MXF1!,15,2026-05-04 20:45:00,40961,40966,40890,40911,40620.9479166667,40700.9479166667,40820.9479166667,40510.9479166667,40420.9479166667,40767.3835615167,40448.7417015944,1.0108586897
2026-05-04 21:15:01,MXF1!,15,2026-05-04 21:00:00,40911,40988,40805,40897,40637.3770833333,40717.3770833333,40837.3770833333,40527.3770833333,40437.3770833333,40772.4665591043,40457.618103543,1.0063240315
2026-05-04 21:30:08,MXF1!,15,2026-05-04 21:15:00,40893,40926,40861,40926,40653.521875,40733.521875,40853.521875,40543.521875,40453.521875,40778.4874783551,40466.8929925817,1.011157841
2026-05-04 21:45:10,MXF1!,15,2026-05-04 21:30:00,40926,41048,40863,41015,40670.8083333333,40750.8083333333,40870.8083333333,40560.8083333333,40470.8083333333,40787.7624792039,40477.746596689,1.0289495884
2026-05-04 22:00:13,MXF1!,15,2026-05-04 21:45:00,41011,41030,40938,41022,40689.3708333333,40769.3708333333,40889.3708333333,40579.3708333333,40489.3708333333,40796.9482643332,40488.5238918041,1.0287610429
2026-05-04 22:15:05,MXF1!,15,2026-05-04 22:00:00,41017,41085,40962,41042,40707.8270833333,40787.8270833333,40907.8270833333,40597.8270833333,40507.8270833333,40806.5581363201,40499.4838147387,1.0313693618
2026-05-04 22:30:04,MXF1!,15,2026-05-04 22:15:00,41041,41107,40988,40996,40726.8875,40806.8875,40926.8875,40616.8875,40526.8875,40813.9872290135,40509.3158184072,1.0196801771
2026-05-04 22:45:03,MXF1!,15,2026-05-04 22:30:00,40994,41031,40975,41012,40743.3958333333,40823.3958333333,40943.3958333333,40633.3958333333,40543.3958333333,40821.7524357188,40519.269960617,1.0215017796
2026-05-04 23:00:05,MXF1!,15,2026-05-04 22:45:00,41018,41035,40860,40877,40759.1041666667,40839.1041666667,40959.1041666667,40649.1041666667,40559.1041666667,40823.9190068671,40526.3537237731,0.9907209512
2026-05-04 23:15:06,MXF1!,15,2026-05-04 23:00:00,40877,40930,40815,40838,40772.4947916667,40852.4947916667,40972.4947916667,40662.4947916667,40572.4947916667,40824.4712026762,40532.5249371637,0.9808741202
2026-05-04 23:30:08,MXF1!,15,2026-05-04 23:15:00,40836,40872,40644,40756,40783.7645833333,40863.7645833333,40983.7645833333,40673.7645833333,40583.7645833333,40821.7860574732,40536.9501859327,0.9618478589
2026-05-04 23:45:05,MXF1!,15,2026-05-04 23:30:00,40760,40761,40669,40742,40794.1083333333,40874.1083333333,40994.1083333333,40684.1083333333,40594.1083333333,40818.6571924743,40541.0105782905,0.9576065824
2026-05-05 00:00:10,MXF1!,15,2026-05-04 23:45:00,40739,40768,40659,40704,40804.2895833333,40884.2895833333,41004.2895833333,40694.2895833333,40604.2895833333,40814.1608319851,40544.2380915917,0.9482241866
2026-05-05 00:15:04,MXF1!,15,2026-05-05 00:00:00,40707,40721,40593,40611,40812.60625,40892.60625,41012.60625,40702.60625,40612.60625,40806.1937405347,40545.56010958,0.9270427532
2026-05-05 00:30:10,MXF1!,15,2026-05-05 00:15:00,40608,40764,40582,40715,40821.4864583333,40901.4864583333,41021.4864583333,40711.4864583333,40621.4864583333,40802.6175154157,40548.9153549348,0.9483348115
2026-05-05 00:45:02,MXF1!,15,2026-05-05 00:30:00,40714,40757,40670,40680,40829.9,40909.9,41029.9,40719.9,40629.9,40797.8089853994,40551.5110904807,0.9396645303
2026-05-05 01:00:10,MXF1!,15,2026-05-05 00:45:00,40677,40702,40660,40685,40837.478125,40917.478125,41037.478125,40727.478125,40637.478125,40793.385103619,40554.1544352236,0.9396583695
2026-05-05 01:15:02,MXF1!,15,2026-05-05 01:00:00,40691,40788,40681,40749,40847.2427083333,40927.2427083333,41047.2427083333,40737.2427083333,40647.2427083333,40791.6445113202,40558.012763239,0.9522992874
2026-05-05 01:30:05,MXF1!,15,2026-05-05 01:15:00,40746,40845,40738,40831,40857.8708333333,40937.8708333333,41057.8708333333,40747.8708333333,40657.8708333333,40793.1878638175,40563.4184510957,0.9687353296
2026-05-05 01:45:03,MXF1!,15,2026-05-05 01:30:00,40831,40846,40764,40791,40869.096875,40949.096875,41069.096875,40759.096875,40669.096875,40793.1020652364,40567.9250164205,0.9589585943
2026-05-05 02:00:14,MXF1!,15,2026-05-05 01:45:00,40793,40806,40777,40777,40880.5197916667,40960.5197916667,41080.5197916667,40770.5197916667,40680.5197916667,40792.4706116977,40572.0651151052,0.9548101995
2026-05-05 02:15:07,MXF1!,15,2026-05-05 02:00:00,40775,40799,40753,40764,40888.0197916667,40968.0197916667,41088.0197916667,40778.0197916667,40688.0197916667,40791.3541171213,40575.8658058952,0.9508996453
2026-05-05 02:30:09,MXF1!,15,2026-05-05 02:15:00,40758,40764,40696,40738,40893.990625,40973.990625,41093.990625,40783.990625,40693.990625,40789.2617988029,40579.0763839963,0.9441918505
2026-05-05 02:45:05,MXF1!,15,2026-05-05 02:30:00,40743,40754,40701,40704,40898.546875,40978.546875,41098.546875,40788.546875,40698.546875,40785.9181988498,40581.5501189667,0.9358113075
2026-05-05 03:00:13,MXF1!,15,2026-05-05 02:45:00,40704,40749,40685,40741,40902.5489583333,40982.5489583333,41102.5489583333,40792.5489583333,40702.5489583333,40784.1567008557,40584.7075423535,0.9426407224
2026-05-05 03:15:01,MXF1!,15,2026-05-05 03:00:00,40750,40803,40731,40779,40905.0770833333,40985.0770833333,41105.0770833333,40795.0770833333,40705.0770833333,40783.9544772927,40588.5549177524,0.9496418367
2026-05-05 03:30:13,MXF1!,15,2026-05-05 03:15:00,40781,40792,40740,40774,40907.2927083333,40987.2927083333,41107.2927083333,40797.2927083333,40707.2927083333,40783.5641056342,40592.2270975989,0.9474316522
2026-05-05 03:45:07,MXF1!,15,2026-05-05 03:30:00,40774,40813,40774,40796,40908.971875,40988.971875,41108.971875,40798.971875,40708.971875,40784.0517877662,40596.2622045772,0.9509673951
2026-05-05 04:00:09,MXF1!,15,2026-05-05 03:45:00,40790,40816,40760,40788,40908.4020833333,40988.4020833333,41108.4020833333,40798.4020833333,40708.4020833333,40784.2066196185,40600.0589926053,0.9480936581
2026-05-05 04:15:00,MXF1!,15,2026-05-05 04:00:00,40786,40786,40713,40741,40905.7104166667,40985.7104166667,41105.7104166667,40795.7104166667,40705.7104166667,40782.5122423785,40602.8499036429,0.9369324384
2026-05-05 04:30:06,MXF1!,15,2026-05-05 04:15:00,40737,40753,40727,40742,40902.653125,40982.653125,41102.653125,40792.653125,40702.653125,40780.9235269912,40605.6053510955,0.9360706444
2026-05-05 04:45:11,MXF1!,15,2026-05-05 04:30:00,40745,40760,40740,40752,40900.328125,40980.328125,41100.328125,40790.328125,40700.328125,40779.7892710307,40608.5042550342,0.9371287568
2026-05-05 05:01:02,MXF1!,15,2026-05-05 04:45:00,40752,40800,40740,40799,40898.0947916667,40978.0947916667,41098.0947916667,40788.0947916667,40698.0947916667,40780.5426329511,40612.2764480038,0.9460389089
2026-05-05 08:59:59,MXF1!,15,2026-05-05 08:45:00,40943,40949,40843,40902,40896.98125,40976.98125,41096.98125,40786.98125,40696.98125,40785.305666953,40618.0135480433,0.9667741876
2026-05-05 09:14:58,MXF1!,15,2026-05-05 09:00:00,40899,41091,40889,40999,40897.6979166667,40977.6979166667,41097.6979166667,40787.6979166667,40697.6979166667,40793.6858368764,40625.5578342207,0.9860939603
2026-05-05 09:29:58,MXF1!,15,2026-05-05 09:15:00,40996,41072,40858,40867,40897.9572916667,40977.9572916667,41097.9572916667,40787.9572916667,40697.9572916667,40796.5609020969,40630.3388672064,0.9568441998
2026-05-05 09:44:58,MXF1!,15,2026-05-05 09:30:00,40866,40985,40806,40838,40896.2552083333,40976.2552083333,41096.2552083333,40786.2552083333,40696.2552083333,40798.1859647598,40634.4509688459,0.9495326312
2026-05-05 10:00:00,MXF1!,15,2026-05-05 09:45:00,40844,40905,40802,40839,40894.0229166667,40974.0229166667,41094.0229166667,40784.0229166667,40694.0229166667,40799.7865151614,40638.5014447103,0.9486065985
2026-05-05 10:15:01,MXF1!,15,2026-05-05 10:00:00,40844,40898,40799,40872,40891.95,40971.95,41091.95,40781.95,40691.95,40802.6184165276,40643.1251784784,0.9544405112
2026-05-05 10:30:01,MXF1!,15,2026-05-05 10:15:00,40876,40961,40852,40924,40890.6697916667,40970.6697916667,41090.6697916667,40780.6697916667,40690.6697916667,40807.3784786246,40648.6870561323,0.9642647377
2026-05-05 10:45:01,MXF1!,15,2026-05-05 10:30:00,40928,40946,40875,40884,40889.1958333333,40969.1958333333,41089.1958333333,40779.1958333333,40689.1958333333,40810.3832441687,40653.3467183871,0.9546078113
2026-05-05 11:00:03,MXF1!,15,2026-05-05 10:45:00,40884,40891,40796,40825,40886.5166666667,40966.5166666667,41086.5166666667,40776.5166666667,40686.5166666667,40810.9564502797,40656.7457932706,0.9409978063
2026-05-05 11:15:00,MXF1!,15,2026-05-05 11:00:00,40827,40895,40808,40891,40882.1708333333,40962.1708333333,41082.1708333333,40772.1708333333,40682.1708333333,40814.0954130139,40661.3844904335,0.9538211737
2026-05-05 11:30:01,MXF1!,15,2026-05-05 11:15:00,40891,41011,40878,41011,40879.6770833333,40959.6770833333,41079.6770833333,40769.6770833333,40679.6770833333,40821.8171615231,40668.3075698309,0.9779318351
2026-05-05 11:45:01,MXF1!,15,2026-05-05 11:30:00,41008,41065,40952,40959,40877.9822916667,40957.9822916667,41077.9822916667,40767.9822916667,40677.9822916667,40827.1968806791,40674.0638555768,0.9657052337
2026-05-05 12:00:04,MXF1!,15,2026-05-05 11:45:00,40959,41008,40921,40985,40876.9541666667,40956.9541666667,41076.9541666667,40766.9541666667,40676.9541666667,40833.3852382995,40680.2210069515,0.9699486463
2026-05-05 12:15:01,MXF1!,15,2026-05-05 12:00:00,40984,41033,40968,40979,40875.9989583333,40955.9989583333,41075.9989583333,40765.9989583333,40675.9989583333,40839.0956211113,40686.1374226554,0.9674378911
2026-05-05 12:30:01,MXF1!,15,2026-05-05 12:15:00,40976,41073,40965,41057,40874.8895833333,40954.8895833333,41074.8895833333,40764.8895833333,40674.8895833333,40847.6408908716,40693.4812360682,0.9825558297
2026-05-05 12:45:03,MXF1!,15,2026-05-05 12:30:00,41054,41075,41011,41024,40874.128125,40954.128125,41074.128125,40764.128125,40674.128125,40854.5569343669,40700.0261620867,0.9743490782
2026-05-05 13:00:06,MXF1!,15,2026-05-05 12:45:00,41024,41064,40986,40991,40873.19375,40953.19375,41073.19375,40763.19375,40673.19375,40859.9076428231,40705.7880202632,0.9661698571
2026-05-05 13:15:03,MXF1!,15,2026-05-05 13:00:00,40993,41063,40981,41050,40872.428125,40952.428125,41072.428125,40762.428125,40672.428125,40867.3622450653,40712.6040990698,0.9772914695
2026-05-05 13:30:00,MXF1!,15,2026-05-05 13:15:00,41052,41060,40992,40997,40871.7927083333,40951.7927083333,41071.7927083333,40761.7927083333,40671.7927083333,40872.4460785921,40718.2357010684,0.964914921
2026-05-05 13:46:00,MXF1!,15,2026-05-05 13:30:00,40998,41049,40961,41036,40870.590625,40950.590625,41070.590625,40760.590625,40670.590625,40878.859957863,40724.5280634235,0.9718110217
2026-05-05 15:15:03,MXF1!,15,2026-05-05 15:00:00,41075,41180,41071,41124,40876.128125,40956.128125,41076.128125,40766.128125,40676.128125,40888.4732928488,40732.4383988013,0.9888842652
2026-05-05 15:30:10,MXF1!,15,2026-05-05 15:15:00,41123,41145,41085,41093,40883.3895833333,40963.3895833333,41083.3895833333,40773.3895833333,40683.3895833333,40896.4939480312,40739.5782324884,0.9810372413
2026-05-05 15:45:01,MXF1!,15,2026-05-05 15:30:00,41093,41194,41072,41132,40887.8395833333,40967.8395833333,41087.8395833333,40777.8395833333,40687.8395833333,40905.729479481,40747.3489605579,0.9878015797
2026-05-05 16:00:06,MXF1!,15,2026-05-05 15:45:00,41130,41132,41014,41042,40890.4802083333,40970.4802083333,41090.4802083333,40780.4802083333,40690.4802083333,40911.0734214621,40753.1836346063,0.9677036467
2026-05-05 16:15:01,MXF1!,15,2026-05-05 16:00:00,41043,41142,41027,41131,40893.071875,40973.071875,41093.071875,40783.071875,40693.071875,40919.6979931695,40760.6651467923,0.9849328306
2026-05-05 16:30:06,MXF1!,15,2026-05-05 16:15:00,41130,41168,41127,41138,40896.0260416667,40976.0260416667,41096.0260416667,40786.0260416667,40696.0260416667,40928.2588561824,40768.1371240836,0.985020189
2026-05-05 16:45:06,MXF1!,15,2026-05-05 16:30:00,41134,41158,41115,41129,40899.5385416667,40979.5385416667,41099.5385416667,40789.5385416667,40699.5385416667,40936.1310579008,40775.2829236066,0.9817998248
2026-05-05 17:00:12,MXF1!,15,2026-05-05 16:45:00,41125,41158,41121,41152,40903.1020833333,40983.1020833333,41103.1020833333,40793.1020833333,40703.1020833333,40944.5965066105,40782.7426676936,0.9852574632
2026-05-05 17:15:03,MXF1!,15,2026-05-05 17:00:00,41152,41164,41104,41109,40905.7729166667,40985.7729166667,41105.7729166667,40795.7729166667,40705.7729166667,40951.0437024297,40789.2032089274,0.9750438779
2026-05-05 17:30:05,MXF1!,15,2026-05-05 17:15:00,41109,41121,41080,41080,40907.34375,40987.34375,41107.34375,40797.34375,40707.34375,40956.1008121384,40794.9615612259,0.9677832983
2026-05-05 17:45:04,MXF1!,15,2026-05-05 17:30:00,41080,41119,41075,41102,40909.1947916667,40989.1947916667,41109.1947916667,40799.1947916667,40709.1947916667,40961.8223489173,40801.0415303105,0.9710993124
2026-05-05 18:00:08,MXF1!,15,2026-05-05 17:45:00,41104,41134,41077,41088,40911.7239583333,40991.7239583333,41111.7239583333,40801.7239583333,40711.7239583333,40966.770492097,40806.723876245,0.9669676546
2026-05-05 18:15:07,MXF1!,15,2026-05-05 18:00:00,41088,41116,41076,41098,40914.7625,40994.7625,41114.7625,40804.7625,40714.7625,40971.9167473089,40812.4917202797,0.967811943
2026-05-05 18:30:03,MXF1!,15,2026-05-05 18:15:00,41097,41107,41083,41099,40917.9354166667,40997.9354166667,41117.9354166667,40807.9354166667,40717.9354166667,40976.9004042771,40818.1651515613,0.9667762818
2026-05-05 18:45:03,MXF1!,15,2026-05-05 18:30:00,41099,41160,41087,41097,40920.4958333333,41000.4958333333,41120.4958333333,40810.4958333333,40720.4958333333,40981.6101923447,40823.6866337086,0.9651303955
2026-05-05 19:00:03,MXF1!,15,2026-05-05 18:45:00,41097,41100,41061,41069,40921.78125,41001.78125,41121.78125,40811.78125,40721.78125,40985.0372436253,40828.5443241302,0.9581448858
2026-05-05 19:15:04,MXF1!,15,2026-05-05 19:00:00,41070,41084,40982,41016,40921.796875,41001.796875,41121.796875,40811.796875,40721.796875,40986.2514693655,40832.2563177118,0.9460538668
2026-05-05 19:30:02,MXF1!,15,2026-05-05 19:15:00,41015,41039,40960,41023,40920.7864583333,41000.7864583333,41120.7864583333,40810.7864583333,40720.7864583333,40987.6925882139,40836.0334203314,0.9463607535
2026-05-05 19:45:03,MXF1!,15,2026-05-05 19:30:00,41020,41060,41017,41042,40921.3864583333,41001.3864583333,41121.3864583333,40811.3864583333,40721.3864583333,40989.8222906369,40840.1119664634,0.9491240105
2026-05-05 20:00:03,MXF1!,15,2026-05-05 19:45:00,41043,41091,41043,41087,40922.7708333333,41002.7708333333,41122.7708333333,40812.7708333333,40722.7708333333,40993.6331812002,40845.0008384146,0.9572085581
2026-05-05 20:15:03,MXF1!,15,2026-05-05 20:00:00,41086,41170,41048,41159,40926.078125,41006.078125,41126.078125,40816.078125,40726.078125,41000.1181544864,40851.2186435945,0.9707819051
2026-05-05 20:30:05,MXF1!,15,2026-05-05 20:15:00,41158,41281,41158,41265,40933.3885416667,41013.3885416667,41133.3885416667,40823.3885416667,40733.3885416667,41010.5056778399,40859.4123338204,0.99122416
2026-05-05 20:45:01,MXF1!,15,2026-05-05 20:30:00,41266,41283,41224,41238,40941.5260416667,41021.5260416667,41141.5260416667,40831.5260416667,40741.5260416667,41019.427023807,40866.9091192893,0.9843353996
2026-05-05 21:00:08,MXF1!,15,2026-05-05 20:45:00,41235,41250,41218,41241,40949.5239583333,41029.5239583333,41149.5239583333,40839.5239583333,40749.5239583333,41028.1161601283,40874.3168595014,0.9836199226
2026-05-05 21:15:04,MXF1!,15,2026-05-05 21:00:00,41240,41348,41236,41325,40959.446875,41039.446875,41159.446875,40849.446875,40759.446875,41039.7586636526,40883.2412781251,0.9994309169
2026-05-05 21:30:05,MXF1!,15,2026-05-05 21:15:00,41326,41330,41289,41327,40969.1614583333,41049.1614583333,41169.1614583333,40859.1614583333,40769.1614583333,41051.0230297839,40892.0285795484,0.9983698719
2026-05-05 21:45:08,MXF1!,15,2026-05-05 21:30:00,41328,41374,41266,41362,40978.796875,41058.796875,41178.796875,40868.796875,40778.796875,41063.2182050865,40901.3349443098,1.0040718286
2026-05-05 22:00:08,MXF1!,15,2026-05-05 21:45:00,41364,41477,41354,41451,40990.3020833333,41070.3020833333,41190.3020833333,40880.3020833333,40790.3020833333,41078.4253342988,40912.2194008581,1.0206835795
2026-05-05 22:14:58,MXF1!,15,2026-05-05 22:00:00,41453,41488,41348,41368,41001.071875,41081.071875,41201.071875,40891.071875,40801.071875,41089.781203542,40921.244759257,1.0022608925
2026-05-05 22:30:10,MXF1!,15,2026-05-05 22:15:00,41369,41449,41251,41414,41009.8385416667,41089.8385416667,41209.8385416667,40899.8385416667,40809.8385416667,41102.4956661482,40931.0022887767,1.0101419236
2026-05-05 22:45:07,MXF1!,15,2026-05-05 22:30:00,41417,41438,41322,41328,41018.9614583333,41098.9614583333,41218.9614583333,40908.9614583333,40818.9614583333,41111.3389733581,40938.863629593,0.9912280427
2026-05-05 23:00:12,MXF1!,15,2026-05-05 22:45:00,41326,41397,41294,41380,41027.840625,41107.840625,41227.840625,40917.840625,40827.840625,41121.874699893,40947.5990032644,1.0003825128
2026-05-05 23:15:00,MXF1!,15,2026-05-05 23:00:00,41381,41468,41374,41428,41037.953125,41117.953125,41237.953125,40927.953125,40837.953125,41133.8796136227,40957.1118942889,1.0086983399
2026-05-05 23:30:12,MXF1!,15,2026-05-05 23:15:00,41424,41465,41419,41447,41048.8791666667,41128.8791666667,41248.8791666667,40938.8791666667,40848.8791666667,41146.158844461,40966.8126488574,1.011063516
2026-05-05 23:45:02,MXF1!,15,2026-05-05 23:30:00,41448,41482,41411,41459,41059.9552083333,41139.9552083333,41259.9552083333,40949.9552083333,40859.9552083333,41158.4271250704,40976.5589330384,1.0119672775
2026-05-06 00:00:11,MXF1!,15,2026-05-05 23:45:00,41463,41546,41461,41507,41072.3458333333,41152.3458333333,41272.3458333333,40962.3458333333,40872.3458333333,41172.0966495775,40987.0627165426,1.0201251249
2026-05-06 00:15:04,MXF1!,15,2026-05-06 00:00:00,41510,41569,41494,41517,41084.2572916667,41164.2572916667,41284.2572916667,40974.2572916667,40884.2572916667,41185.6222711627,40997.5565241358,1.0205674269
2026-05-06 00:30:05,MXF1!,15,2026-05-06 00:15:00,41519,41523,41419,41479,41095.4510416667,41175.4510416667,41295.4510416667,40985.4510416667,40895.4510416667,41197.1272801367,41007.0900583114,1.0113672503
2026-05-06 00:45:00,MXF1!,15,2026-05-06 00:30:00,41478,41484,41412,41451,41105.76875,41185.76875,41305.76875,40995.76875,40905.76875,41207.0830730725,41015.8803541864,1.0042245835
2026-05-06 01:00:10,MXF1!,15,2026-05-06 00:45:00,41450,41495,41444,41478,41116.5322916667,41196.5322916667,41316.5322916667,41006.5322916667,40916.5322916667,41217.7072662853,41025.0312382619,1.0081515403
2026-05-06 01:15:05,MXF1!,15,2026-05-06 01:00:00,41478,41505,41464,41474,41128.1020833333,41208.1020833333,41328.1020833333,41018.1020833333,40928.1020833333,41227.7579617251,41033.9217087914,1.0058431593
2026-05-06 01:30:05,MXF1!,15,2026-05-06 01:15:00,41476,41525,41475,41504,41140.0541666667,41220.0541666667,41340.0541666667,41030.0541666667,40940.0541666667,41238.5909828339,41043.2301898054,1.0103311728
2026-05-06 01:45:08,MXF1!,15,2026-05-06 01:30:00,41504,41525,41489,41496,41151.828125,41231.828125,41351.828125,41041.828125,40951.828125,41248.6854540954,41052.1959286211,1.0072109427
2026-05-06 02:00:12,MXF1!,15,2026-05-06 01:45:00,41497,41508,41488,41504,41163.3739583333,41243.3739583333,41363.3739583333,41053.3739583333,40963.3739583333,41258.6977892289,41061.142543896,1.0072664844
2026-05-06 02:15:09,MXF1!,15,2026-05-06 02:00:00,41503,41527,41493,41513,41173.1604166667,41253.1604166667,41373.1604166667,41063.1604166667,40973.1604166667,41268.6704249454,41070.0902162941,1.0074683917
2026-05-06 02:30:09,MXF1!,15,2026-05-06 02:15:00,41507,41534,41500,41523,41181.1864583333,41261.1864583333,41381.1864583333,41071.1864583333,40981.1864583333,41278.6441337711,41079.0587268625,1.0079355465
2026-05-06 02:45:10,MXF1!,15,2026-05-06 02:30:00,41524,41543,41519,41521,41189.5791666667,41269.5791666667,41389.5791666667,41079.5791666667,40989.5791666667,41288.1482853879,41087.8100392019,1.0060163537
2026-05-06 03:00:12,MXF1!,15,2026-05-06 02:45:00,41518,41528,41490,41505,41199.2125,41279.2125,41399.2125,41089.2125,40999.2125,41296.6522741962,41096.0712265444,1.0013330749
2026-05-06 03:15:05,MXF1!,15,2026-05-06 03:00:00,41505,41514,41474,41475,41209.2864583333,41289.2864583333,41409.2864583333,41099.2864583333,41009.2864583333,41303.6463026591,41103.5747666128,0.9939288134
2026-05-06 03:30:08,MXF1!,15,2026-05-06 03:15:00,41472,41477,41432,41437,41218.6760416667,41298.6760416667,41418.6760416667,41108.6760416667,41018.6760416667,41308.8758594176,41110.1772464819,0.9850275473
2026-05-06 03:45:02,MXF1!,15,2026-05-06 03:30:00,41436,41474,41432,41465,41227.2739583333,41307.2739583333,41427.2739583333,41117.2739583333,41027.2739583333,41314.9983747345,41117.2034396209,0.9892255409
2026-05-06 04:00:05,MXF1!,15,2026-05-06 03:45:00,41465,41480,41418,41443,41235.6322916667,41315.6322916667,41435.6322916667,41125.6322916667,41035.6322916667,41320.0180463136,41123.6548566581,0.98350976
2026-05-06 04:15:05,MXF1!,15,2026-05-06 04:00:00,41444,41492,41440,41486,41245.46875,41325.46875,41445.46875,41135.46875,41045.46875,41326.5271425366,41130.8300080114,0.9906487967
2026-05-06 04:30:03,MXF1!,15,2026-05-06 04:15:00,41488,41562,41451,41550,41255.6885416667,41335.6885416667,41455.6885416667,41145.6885416667,41055.6885416667,41335.2907840057,41139.1304038923,1.0018627221
2026-05-06 04:45:04,MXF1!,15,2026-05-06 04:30:00,41550,41561,41524,41524,41265.128125,41345.128125,41465.128125,41155.128125,41065.128125,41342.6911454173,41146.7515840133,0.995313139
2026-05-06 05:01:03,MXF1!,15,2026-05-06 04:45:00,41523,41560,41515,41560,41273.5020833333,41353.5020833333,41473.5020833333,41163.5020833333,41073.5020833333,41351.2130612832,41154.9347209635,1.0010116056
2026-05-06 09:00:03,MXF1!,15,2026-05-06 08:45:00,41671,41744,41617,41644,41284.278125,41364.278125,41484.278125,41174.278125,41084.278125,41362.6949020172,41164.6191819345,1.016083576
2026-05-06 09:15:01,MXF1!,15,2026-05-06 09:00:00,41643,41955,41636,41942,41297.121875,41377.121875,41497.121875,41187.121875,41097.121875,41385.4127489969,41180.0128615002,1.0729421776
2026-05-06 09:30:02,MXF1!,15,2026-05-06 09:15:00,41942,42002,41756,41785,41310.7,41390.7,41510.7,41200.7,41110.7,41401.0828372716,41191.9928048368,1.0403817031
2026-05-06 09:45:01,MXF1!,15,2026-05-06 09:30:00,41788,41934,41707,41712,41322.74375,41402.74375,41522.74375,41212.74375,41122.74375,41413.2756671825,41202.2899770183,1.0245286298
2026-05-06 10:00:05,MXF1!,15,2026-05-06 09:45:00,41710,41716,41233,41402,41329.1614583333,41409.1614583333,41529.1614583333,41219.1614583333,41129.1614583333,41412.8334841557,41206.2446309387,0.962459203
2026-05-06 10:15:01,MXF1!,15,2026-05-06 10:00:00,41401,41422,41041,41345,41333.1083333333,41413.1083333333,41533.1083333333,41223.1083333333,41133.1083333333,41410.1733475222,41208.9922620092,0.9501638616
2026-05-06 10:29:59,MXF1!,15,2026-05-06 10:15:00,41344,41430,41222,41298,41338.1572916667,41418.1572916667,41538.1572916667,41228.1572916667,41138.1572916667,41405.7743927174,41210.7547914744,0.9398874061
2026-05-06 10:44:59,MXF1!,15,2026-05-06 10:30:00,41297,41348,41113,41184,41342.2208333333,41422.2208333333,41542.2208333333,41232.2208333333,41142.2208333333,41397.0773577089,41210.2249936234,0.9165789383
2026-05-06 11:00:01,MXF1!,15,2026-05-06 10:45:00,41185,41297,41113,41137,41343.3552083333,41423.3552083333,41543.3552083333,41233.3552083333,41143.3552083333,41386.8782456418,41208.7749937497,0.9064497167
2026-05-06 11:14:57,MXF1!,15,2026-05-06 11:00:00,41141,41318,41050,41299,41344.5614583333,41424.5614583333,41544.5614583333,41234.5614583333,41144.5614583333,41383.4320399304,41210.5616275368,0.9371740564
2026-05-06 11:29:56,MXF1!,15,2026-05-06 11:15:00,41296,41366,41230,41351,41347.046875,41427.046875,41547.046875,41237.046875,41147.046875,41382.1601952272,41213.3425854074,0.9462811437
2026-05-06 11:44:56,MXF1!,15,2026-05-06 11:30:00,41353,41382,41279,41322,41351.10625,41431.10625,41551.10625,41241.10625,41151.10625,41379.800971885,41215.4942173795,0.9395623861
2026-05-06 12:00:12,MXF1!,15,2026-05-06 11:45:00,41320,41358,41284,41335,41354.6177083333,41434.6177083333,41554.6177083333,41244.6177083333,41154.6177083333,41378.0440710268,41217.8606685205,0.9410695908
2026-05-06 12:15:00,MXF1!,15,2026-05-06 12:00:00,41330,41367,41307,41354,41357.56875,41437.56875,41557.56875,41247.56875,41157.56875,41377.1011662806,41220.5564968666,0.9437173865
2026-05-06 12:30:04,MXF1!,15,2026-05-06 12:15:00,41353,41365,41272,41333,41360.3114583333,41440.3114583333,41560.3114583333,41250.3114583333,41160.3114583333,41375.3717087794,41222.7831008891,0.9385658451
2026-05-06 12:45:02,MXF1!,15,2026-05-06 12:30:00,41332,41441,41328,41405,41364.165625,41444.165625,41564.165625,41254.165625,41164.165625,41376.5336025528,41226.391356317,0.951577467
2026-05-06 13:00:00,MXF1!,15,2026-05-06 12:45:00,41406,41475,41400,41416,41369.0635416667,41449.0635416667,41569.0635416667,41259.0635416667,41169.0635416667,41378.0813044135,41230.1459829246,0.9526779104
2026-05-06 13:14:58,MXF1!,15,2026-05-06 13:00:00,41416,41498,41381,41492,41374.1166666667,41454.1166666667,41574.1166666667,41264.1166666667,41174.1166666667,41382.5487042404,41235.3312109855,0.9663666634
2026-05-06 13:30:00,MXF1!,15,2026-05-06 13:15:00,41490,41552,41450,41474,41380.3791666667,41460.3791666667,41580.3791666667,41270.3791666667,41180.3791666667,41386.1350295643,41240.0573256195,0.961734955
2026-05-06 13:45:58,MXF1!,15,2026-05-06 13:30:00,41473,41540,41432,41511,41386.1833333333,41466.1833333333,41586.1833333333,41276.1833333333,41186.1833333333,41391.0316950716,41245.4225270923,0.9678053089
2026-05-06 15:15:03,MXF1!,15,2026-05-06 15:00:00,41436,41510,41413,41443,41392.1447916667,41472.1447916667,41592.1447916667,41282.1447916667,41192.1447916667,41393.0696678139,41249.3349522984,0.9534594438
2026-05-06 15:30:03,MXF1!,15,2026-05-06 15:15:00,41441,41462,41420,41443,41397.5833333333,41477.5833333333,41597.5833333333,41287.5833333333,41197.5833333333,41395.0277200565,41253.1699037381,0.9523458514
2026-05-06 15:45:04,MXF1!,15,2026-05-06 15:30:00,41445,41505,41425,41496,41403.1,41483.1,41603.1,41293.1,41203.1,41398.9874173091,41257.9784204957,0.9615278704
2026-05-06 16:00:03,MXF1!,15,2026-05-06 15:45:00,41498,41588,41498,41586,41410.2791666667,41490.2791666667,41610.2791666667,41300.2791666667,41210.2791666667,41406.3212440813,41264.4738973176,0.9778021656
2026-05-06 16:15:02,MXF1!,15,2026-05-06 16:00:00,41586,41620,41570,41591,41419.0822916667,41499.0822916667,41619.0822916667,41309.0822916667,41219.0822916667,41413.563548235,41270.9397607371,0.9775227622
2026-05-06 16:30:01,MXF1!,15,2026-05-06 16:15:00,41585,41590,41519,41537,41427.6739583333,41507.6739583333,41627.6739583333,41317.6739583333,41227.6739583333,41418.4041934023,41276.2082803264,0.9658305108
2026-05-06 16:45:06,MXF1!,15,2026-05-06 16:30:00,41537,41580,41533,41558,41435.7666666667,41515.7666666667,41635.7666666667,41325.7666666667,41235.7666666667,41423.878538759,41281.7883143794,0.9687257392
2026-05-06 17:00:05,MXF1!,15,2026-05-06 16:45:00,41558,41883,41508,41808,41445.721875,41525.721875,41645.721875,41335.721875,41245.721875,41438.9421254744,41292.208347758,1.0158283034
2026-05-06 17:15:01,MXF1!,15,2026-05-06 17:00:00,41808,41853,41719,41761,41456.05625,41536.05625,41656.05625,41346.05625,41256.05625,41451.571846044,41301.4913507727,1.0053449824
2026-05-06 17:30:09,MXF1!,15,2026-05-06 17:15:00,41765,41800,41708,41762,41464.2072916667,41544.2072916667,41664.2072916667,41354.2072916667,41264.2072916667,41463.7454991403,41310.6103339257,1.0041866733
2026-05-06 17:45:02,MXF1!,15,2026-05-06 17:30:00,41765,41844,41745,41806,41473.0583333333,41553.0583333333,41673.0583333333,41363.0583333333,41273.0583333333,41477.1672442721,41320.4200302836,1.0112953677
2026-05-06 18:00:16,MXF1!,15,2026-05-06 17:45:00,41807,41838,41776,41836,41481.9958333333,41561.9958333333,41681.9958333333,41371.9958333333,41281.9958333333,41491.2391170457,41330.6295346344,1.0156641585
2026-05-06 18:15:01,MXF1!,15,2026-05-06 18:00:00,41836,41874,41821,41836,41490.353125,41570.353125,41690.353125,41380.353125,41290.353125,41504.7591516714,41340.6368705823,1.0142499547
2026-05-06 18:30:02,MXF1!,15,2026-05-06 18:15:00,41836,41898,41830,41887,41499.059375,41579.059375,41699.059375,41389.059375,41299.059375,41519.7489888607,41351.4559424519,1.0226461861
2026-05-06 18:45:05,MXF1!,15,2026-05-06 18:30:00,41885,41967,41883,41946,41508.1614583333,41588.1614583333,41708.1614583333,41398.1614583333,41308.1614583333,41536.4647147878,41363.2290921063,1.0325235696
2026-05-06 19:00:11,MXF1!,15,2026-05-06 18:45:00,41950,41985,41895,41948,41516.3270833333,41596.3270833333,41716.3270833333,41406.3270833333,41316.3270833333,41552.6033534235,41374.8087140448,1.0313840575
2026-05-06 19:15:04,MXF1!,15,2026-05-06 19:00:00,41946,41994,41931,41983,41524.6947916667,41604.6947916667,41724.6947916667,41414.6947916667,41324.6947916667,41569.4816532893,41386.8521058459,1.0365623412
2026-05-06 19:30:07,MXF1!,15,2026-05-06 19:15:00,41982,42000,41927,41940,41534.046875,41614.046875,41734.046875,41424.046875,41334.046875,41584.0117845328,41397.8055294925,1.0267995175
2026-05-06 19:45:04,MXF1!,15,2026-05-06 19:30:00,41938,41962,41836,41838,41542.484375,41622.484375,41742.484375,41432.484375,41342.484375,41593.972106708,41406.5222516808,1.0058415183
2026-05-06 20:00:03,MXF1!,15,2026-05-06 19:45:00,41836,41878,41798,41850,41550.2239583333,41630.2239583333,41750.2239583333,41440.2239583333,41350.2239583333,41604.0124162489,41415.3039892713,1.0067863412
2026-05-06 20:15:03,MXF1!,15,2026-05-06 20:00:00,41848,41850,41744,41766,41556.4229166667,41636.4229166667,41756.4229166667,41446.4229166667,41356.4229166667,41610.3648705136,41422.2484647312,0.9893937248
2026-05-06 20:30:02,MXF1!,15,2026-05-06 20:15:00,41759,41815,41720,41803,41561.8708333333,41641.8708333333,41761.8708333333,41451.8708333333,41361.8708333333,41617.919189317,41429.788099093,0.9951846846
2026-05-06 20:45:03,MXF1!,15,2026-05-06 20:30:00,41804,41812,41755,41769,41567.1802083333,41647.1802083333,41767.1802083333,41457.1802083333,41367.1802083333,41623.8439269909,41436.5051664377,0.9874230233
2026-05-06 21:00:03,MXF1!,15,2026-05-06 20:45:00,41769,41818,41742,41759,41571.4885416667,41651.4885416667,41771.4885416667,41461.4885416667,41371.4885416667,41629.1441651481,41442.8912027459,0.9842697331
2026-05-06 21:15:04,MXF1!,15,2026-05-06 21:00:00,41758,41782,41658,41732,41574.6854166667,41654.6854166667,41774.6854166667,41464.6854166667,41374.6854166667,41633.1777272991,41448.6161294242,0.9779134047
2026-05-06 21:30:03,MXF1!,15,2026-05-06 21:15:00,41731,41778,41715,41745,41578.6510416667,41658.6510416667,41778.6510416667,41468.6510416667,41378.6510416667,41637.5629144639,41454.4851169603,0.9791543612
2026-05-06 21:45:11,MXF1!,15,2026-05-06 21:30:00,41743,41902,41674,41879,41584.5864583333,41664.5864583333,41784.5864583333,41474.5864583333,41384.5864583333,41647.0310354653,41462.891352268,1.0033630229
2026-05-06 22:00:08,MXF1!,15,2026-05-06 21:45:00,41882,41930,41799,41898,41590.9697916667,41670.9697916667,41790.9697916667,41480.9697916667,41390.9697916667,41656.8729556431,41471.5073650944,1.005596294
2026-05-06 22:15:07,MXF1!,15,2026-05-06 22:00:00,41900,41905,41700,41782,41596.0125,41676.0125,41796.0125,41486.0125,41396.0125,41661.7798985591,41477.6557341024,0.9822454724
2026-05-06 22:30:03,MXF1!,15,2026-05-06 22:15:00,41782,41796,41666,41715,41599.6697916667,41679.6697916667,41799.6697916667,41489.6697916667,41399.6697916667,41663.8669613607,41482.3556205558,0.9682882722
2026-05-06 22:45:09,MXF1!,15,2026-05-06 22:30:00,41718,41914,41707,41889,41604.753125,41684.753125,41804.753125,41494.753125,41404.753125,41672.695707974,41490.4079845052,1.0000308339
2026-05-06 23:00:11,MXF1!,15,2026-05-06 22:45:00,41890,41926,41862,41892,41611.0208333333,41691.0208333333,41811.0208333333,41501.0208333333,41411.0208333333,41681.2958762887,41498.3603016437,0.999236569
2026-05-06 23:15:05,MXF1!,15,2026-05-06 23:00:00,41889,41950,41863,41910,41617.2479166667,41697.2479166667,41817.2479166667,41507.2479166667,41417.2479166667,41690.2646654539,41506.5115827993,1.0013023929
2026-05-06 23:30:05,MXF1!,15,2026-05-06 23:15:00,41912,42038,41902,42014,41624.51875,41704.51875,41824.51875,41514.51875,41424.51875,41702.9601687694,41516.5608583874,1.019589132
2026-05-06 23:45:07,MXF1!,15,2026-05-06 23:30:00,42014,42040,41894,41945,41631.6677083333,41711.6677083333,41831.6677083333,41521.6677083333,41431.6677083333,41712.4519268569,41525.0448017857,1.0051365786
2026-05-07 00:00:11,MXF1!,15,2026-05-06 23:45:00,41948,41994,41920,41939,41638.6114583333,41718.6114583333,41838.6114583333,41528.6114583333,41438.6114583333,41721.3361650194,41533.2419344236,1.0026697263
2026-05-07 00:15:02,MXF1!,15,2026-05-07 00:00:00,41936,42070,41933,42053,41646.603125,41726.603125,41846.603125,41536.603125,41446.603125,41734.3425899206,41543.5341733459,1.022811416
2026-05-07 00:30:02,MXF1!,15,2026-05-07 00:15:00,42052,42063,41999,42008,41655.415625,41735.415625,41855.415625,41545.415625,41455.415625,41745.0742530609,41552.731516448,1.0129238827
2026-05-07 00:45:02,MXF1!,15,2026-05-07 00:30:00,42009,42030,41991,41992,41664.0895833333,41744.0895833333,41864.0895833333,41554.0895833333,41464.0895833333,41754.757615686,41561.4299022609,1.0085387283
2026-05-07 01:00:12,MXF1!,15,2026-05-07 00:45:00,41991,41993,41886,41958,41671.953125,41751.953125,41871.953125,41561.953125,41471.953125,41762.7279052669,41569.2827754835,1.0007960928
2026-05-07 01:15:04,MXF1!,15,2026-05-07 01:00:00,41957,42037,41942,42005,41680.2208333333,41760.2208333333,41880.2208333333,41570.2208333333,41480.2208333333,41772.2287717271,41577.9108393353,1.0083237419
2026-05-07 01:30:11,MXF1!,15,2026-05-07 01:15:00,42005,42027,41995,42009,41688.0729166667,41768.0729166667,41888.0729166667,41578.0729166667,41488.0729166667,41781.5139179338,41586.4472583583,1.0077379025
2026-05-07 01:45:02,MXF1!,15,2026-05-07 01:30:00,42008,42041,42000,42037,41695.5427083333,41775.5427083333,41895.5427083333,41585.5427083333,41495.5427083333,41791.5329799756,41595.3690948265,1.0116336458
2026-05-07 02:00:04,MXF1!,15,2026-05-07 01:45:00,42039,42046,41985,42012,41702.8625,41782.8625,41902.8625,41592.8625,41502.8625,41800.1787454668,41603.6192117606,1.0056058132
2026-05-07 02:15:10,MXF1!,15,2026-05-07 02:00:00,42015,42056,42015,42043,41708.4979166667,41788.4979166667,41908.4979166667,41598.4979166667,41508.4979166667,41809.7011476054,41612.3198214287,1.010117857
2026-05-07 02:30:08,MXF1!,15,2026-05-07 02:15:00,42042,42117,42042,42105,41712.7333333333,41792.7333333333,41912.7333333333,41602.7333333333,41512.7333333333,41821.2814947581,41622.0758645687,1.0203716738
2026-05-07 02:45:09,MXF1!,15,2026-05-07 02:30:00,42102,42148,42095,42120,41716.228125,41796.228125,41916.228125,41606.228125,41516.228125,41832.995945944,41631.9357484387,1.021760016
2026-05-07 03:00:07,MXF1!,15,2026-05-07 02:45:00,42120,42139,42101,42130,41720.9604166667,41800.9604166667,41920.9604166667,41610.9604166667,41520.9604166667,41844.6431637502,41641.7984068854,1.0221925185
2026-05-07 03:15:07,MXF1!,15,2026-05-07 03:00:00,42128,42184,42125,42176,41732.1958333333,41812.1958333333,41932.1958333333,41622.1958333333,41532.1958333333,41857.6375494854,41652.376656254,1.0293178874
2026-05-07 03:30:09,MXF1!,15,2026-05-07 03:15:00,42180,42206,42176,42194,41746.3854166667,41826.3854166667,41946.3854166667,41636.3854166667,41546.3854166667,41870.8282338193,41663.1018709817,1.0311914884
2026-05-07 03:45:05,MXF1!,15,2026-05-07 03:30:00,42191,42205,42175,42176,41759.4291666667,41839.4291666667,41959.4291666667,41649.4291666667,41559.4291666667,41882.7957540617,41673.2582695761,1.0263489003
2026-05-07 04:00:14,MXF1!,15,2026-05-07 03:45:00,42176,42239,42172,42189,41774.2875,41854.2875,41974.2875,41664.2875,41574.2875,41894.8037637064,41683.4709771092,1.0272781705
2026-05-07 04:15:09,MXF1!,15,2026-05-07 04:00:00,42188,42265,42163,42255,41790.1020833333,41870.1020833333,41990.1020833333,41680.1020833333,41590.1020833333,41908.9291063061,41694.7883835031,1.0380273388
2026-05-07 04:30:04,MXF1!,15,2026-05-07 04:15:00,42261,42286,42254,42285,41806.971875,41886.971875,42006.971875,41696.971875,41606.971875,41923.6769844902,41706.4757422456,1.042022373
2026-05-07 04:45:02,MXF1!,15,2026-05-07 04:30:00,42285,42292,42264,42291,41822.51875,41902.51875,42022.51875,41712.51875,41622.51875,41938.0818086278,41718.0504800229,1.0415306611
2026-05-07 05:01:05,MXF1!,15,2026-05-07 04:45:00,42289,42329,42273,42329,41837.6114583333,41917.6114583333,42037.6114583333,41727.6114583333,41637.6114583333,41953.4119337797,41730.1484903195,1.0469636195
2026-05-07 09:00:01,MXF1!,15,2026-05-07 08:45:00,42331,42341,42041,42153,41850.390625,41930.390625,42050.390625,41740.390625,41650.390625,41961.2389167687,41738.5217875409,1.0128192423
2026-05-07 09:15:00,MXF1!,15,2026-05-07 09:00:00,42148,42185,42002,42132,41862.321875,41942.321875,42062.321875,41752.321875,41662.321875,41967.9354298366,41746.3134353124,1.0075461179
2026-05-07 09:30:03,MXF1!,15,2026-05-07 09:15:00,42127,42274,42079,42156,41876.0177083333,41956.0177083333,42076.0177083333,41766.0177083333,41676.0177083333,41975.3105110195,41754.4260405537,1.0106149091
2026-05-07 09:45:00,MXF1!,15,2026-05-07 09:30:00,42160,42381,42066,42362,41888.8927083333,41968.8927083333,42088.8927083333,41778.8927083333,41688.8927083333,41990.474804705,41766.4572080675,1.0472117139
2026-05-07 10:00:00,MXF1!,15,2026-05-07 09:45:00,42363,42444,42285,42329,41903.69375,41983.69375,42103.69375,41793.69375,41703.69375,42003.7503025597,41777.5966692939,1.0395224229
2026-05-07 10:15:02,MXF1!,15,2026-05-07 10:00:00,42332,42404,42228,42254,41917.9166666667,41997.9166666667,42117.9166666667,41807.9166666667,41717.9166666667,42013.5640161848,41787.0303986148,1.0241702631
2026-05-07 10:30:02,MXF1!,15,2026-05-07 10:15:00,42259,42429,42241,42427,41930.7197916667,42010.7197916667,42130.7197916667,41820.7197916667,41730.7197916667,42029.7771920207,41799.7030639888,1.054473186
2026-05-07 10:45:03,MXF1!,15,2026-05-07 10:30:00,42427,42468,42296,42333,41944.6125,42024.6125,42144.6125,41834.6125,41744.6125,42041.6682825297,41810.2633993553,1.0355540353
2026-05-07 11:00:01,MXF1!,15,2026-05-07 10:45:00,42331,42408,42261,42385,41957.9947916667,42037.9947916667,42157.9947916667,41847.9947916667,41757.9947916667,42055.1322714501,41821.6443221404,1.0435312377
2026-05-07 11:15:00,MXF1!,15,2026-05-07 11:00:00,42386,42392,42237,42297,41971.4010416667,42051.4010416667,42171.4010416667,41861.4010416667,41771.4010416667,42064.6172804128,41831.0573058604,1.0258083887
2026-05-07 11:30:00,MXF1!,15,2026-05-07 11:15:00,42298,42374,42286,42327,41984.8041666667,42064.8041666667,42184.8041666667,41874.8041666667,41784.8041666667,42074.906798828,41840.8779532691,1.0297568441
2026-05-07 11:45:01,MXF1!,15,2026-05-07 11:30:00,42325,42419,42323,42414,41997.7635416667,42077.7635416667,42197.7635416667,41887.7635416667,41797.7635416667,42088.204571423,41852.2269046895,1.0440591632
2026-05-07 12:00:01,MXF1!,15,2026-05-07 11:45:00,42410,42433,42355,42369,42010.2364583333,42090.2364583333,42210.2364583333,41900.2364583333,41810.2364583333,42099.2161568574,41862.4600352897,1.0340708936
2026-05-07 12:15:00,MXF1!,15,2026-05-07 12:00:00,42365,42384,42330,42344,42022.94375,42102.94375,42222.94375,41912.94375,41822.94375,42108.8155232552,41871.9954801354,1.0277887735
2026-05-07 12:30:01,MXF1!,15,2026-05-07 12:15:00,42345,42370,42294,42309,42034.9541666667,42114.9541666667,42234.9541666667,41924.9541666667,41834.9541666667,42116.6658948922,41880.6490349842,1.0197715795
2026-05-07 12:45:02,MXF1!,15,2026-05-07 12:30:00,42309,42358,42278,42300,42044.4791666667,42124.4791666667,42244.4791666667,41934.4791666667,41844.4791666667,42123.8554676415,41888.9530144895,1.0165345217
2026-05-07 13:00:01,MXF1!,15,2026-05-07 12:45:00,42300,42358,42288,42299,42053.2,42133.2,42253.2,41943.2,41853.2,42130.7238806752,41897.0727567768,1.0147647872
2026-05-07 13:15:03,MXF1!,15,2026-05-07 13:00:00,42300,42388,42292,42386,42062.4864583333,42142.4864583333,42262.4864583333,41952.4864583333,41862.4864583333,42140.734708884,41906.7544843654,1.0289054382
2026-05-07 13:30:01,MXF1!,15,2026-05-07 13:15:00,42385,42388,42257,42307,42070.3208333333,42150.3208333333,42270.3208333333,41960.3208333333,41870.3208333333,42147.2549163788,41914.6801381404,1.0129315462
2026-05-07 13:46:00,MXF1!,15,2026-05-07 13:30:00,42309,42394,42303,42355,42078.9427083333,42158.9427083333,42278.9427083333,41968.9427083333,41878.9427083333,42155.4017824031,41923.3993433257,1.0199732557
2026-05-07 15:15:05,MXF1!,15,2026-05-07 15:00:00,42425,42554,42370,42542,42088.51875,42168.51875,42288.51875,41978.51875,41888.51875,42170.5624968187,41935.6488612796,1.0519903937
2026-05-07 15:30:03,MXF1!,15,2026-05-07 15:15:00,42543,42549,42410,42425,42097.8958333333,42177.8958333333,42297.8958333333,41987.8958333333,41897.8958333333,42180.5404381199,41945.3389828385,1.0291056074
2026-05-07 15:45:01,MXF1!,15,2026-05-07 15:30:00,42427,42476,42402,42466,42106.3322916667,42186.3322916667,42306.3322916667,41996.3322916667,41906.3322916667,42191.7349307427,41955.6491019902,1.0347922098
2026-05-07 16:00:05,MXF1!,15,2026-05-07 15:45:00,42467,42473,42383,42398,42113.7322916667,42193.7322916667,42313.7322916667,42003.7322916667,41913.7322916667,42199.8237569881,41964.4085257131,1.0208916729
2026-05-07 16:15:02,MXF1!,15,2026-05-07 16:00:00,42400,42465,42377,42400,42120.81875,42200.81875,42320.81875,42010.81875,41920.81875,42207.6738057336,41973.0340994614,1.0196383041
2026-05-07 16:30:01,MXF1!,15,2026-05-07 16:15:00,42401,42406,42326,42348,42127.1364583333,42207.1364583333,42327.1364583333,42017.1364583333,41927.1364583333,42213.1767937441,41980.4591667988,1.0087265267
2026-05-07 16:45:02,MXF1!,15,2026-05-07 16:30:00,42348,42389,42342,42344,42134.0416666667,42214.0416666667,42334.0416666667,42024.0416666667,41934.0416666667,42218.307115558,41987.657995179,1.0064720329
2026-05-07 17:00:13,MXF1!,15,2026-05-07 16:45:00,42345,42351,42305,42322,42141.5239583333,42221.5239583333,42341.5239583333,42031.5239583333,41941.5239583333,42222.3735031832,41994.2786289378,1.0010246967
2026-05-07 17:15:02,MXF1!,15,2026-05-07 17:00:00,42322,42329,42242,42250,42148.7729166667,42228.7729166667,42348.7729166667,42038.7729166667,41948.7729166667,42223.4568952152,41999.3424184638,0.9867202359
2026-05-07 17:30:10,MXF1!,15,2026-05-07 17:15:00,42250,42289,42210,42273,42156.2572916667,42236.2572916667,42356.2572916667,42046.2572916667,41956.2572916667,42225.3997620695,42004.7613804745,0.9894314796
2026-05-07 17:45:07,MXF1!,15,2026-05-07 17:30:00,42272,42338,42261,42315,42164.3395833333,42244.3395833333,42364.3395833333,42054.3395833333,41964.3395833333,42228.9134968903,42010.904719475,0.9955339281
2026-05-07 18:00:07,MXF1!,15,2026-05-07 17:45:00,42315,42338,42222,42255,42172.0385416667,42252.0385416667,42372.0385416667,42062.0385416667,41972.0385416667,42229.9364970123,42015.7382893863,0.9834847414
2026-05-07 18:15:06,MXF1!,15,2026-05-07 18:00:00,42256,42274,42209,42260,42180.240625,42260.240625,42380.240625,42070.240625,41980.240625,42231.1154579138,42020.575154943,0.9830399553
2026-05-07 18:30:07,MXF1!,15,2026-05-07 18:15:00,42258,42295,42236,42259,42188.39375,42268.39375,42388.39375,42078.39375,41988.39375,42232.2089693681,42025.2964390036,0.9815560798
2026-05-07 18:45:06,MXF1!,15,2026-05-07 18:30:00,42257,42304,42236,42303,42195.16875,42275.16875,42395.16875,42085.16875,41995.16875,42234.9850882164,42030.7955194194,0.9880278844
2026-05-07 19:00:05,MXF1!,15,2026-05-07 18:45:00,42304,42313,42261,42270,42201.3854166667,42281.3854166667,42401.3854166667,42091.3854166667,42001.3854166667,42236.3582220119,42035.5322418071,0.980821945
2026-05-07 19:15:03,MXF1!,15,2026-05-07 19:00:00,42273,42294,42242,42242,42208.5854166667,42288.5854166667,42408.5854166667,42098.5854166667,42008.5854166667,42236.5794682075,42039.6207122664,0.974553686
2026-05-07 19:30:07,MXF1!,15,2026-05-07 19:15:00,42242,42288,42226,42261,42216.8645833333,42296.8645833333,42416.8645833333,42106.8645833333,42016.8645833333,42237.5371361209,42044.0044605383,0.9766265901
2026-05-07 19:45:03,MXF1!,15,2026-05-07 19:30:00,42263,42302,42245,42266,42223.765625,42303.765625,42423.765625,42113.765625,42023.765625,42238.6533268613,42048.4004118148,0.9762166098
2026-05-07 20:00:06,MXF1!,15,2026-05-07 19:45:00,42268,42269,42216,42244,42229.2135416667,42309.2135416667,42429.2135416667,42119.2135416667,42029.2135416667,42238.8630003177,42052.2736709868,0.9710339604
2026-05-07 20:15:07,MXF1!,15,2026-05-07 20:00:00,42241,42281,42222,42270,42234.5989583333,42314.5989583333,42434.5989583333,42124.5989583333,42034.5989583333,42240.0840591288,42056.5850834425,0.9743250238
2026-05-07 20:30:09,MXF1!,15,2026-05-07 20:15:00,42270,42306,42250,42295,42239.240625,42319.240625,42439.240625,42129.240625,42039.240625,42242.2376254374,42061.3061708991,0.9774206382
2026-05-07 20:45:06,MXF1!,15,2026-05-07 20:30:00,42294,42346,42270,42321,42244.2229166667,42324.2229166667,42444.2229166667,42134.2229166667,42044.2229166667,42245.3263460085,42066.4486229605,0.980677773
2026-05-07 21:00:03,MXF1!,15,2026-05-07 20:45:00,42321,42343,42272,42278,42249.7104166667,42329.7104166667,42449.7104166667,42139.7104166667,42049.7104166667,42246.6076657729,42070.6377591395,0.9718016557
2026-05-07 21:15:06,MXF1!,15,2026-05-07 21:00:00,42280,42280,42218,42253,42253.4052083333,42333.4052083333,42453.4052083333,42143.4052083333,42053.4052083333,42246.8583455465,42074.2488926219,0.9661328075
2026-05-07 21:30:08,MXF1!,15,2026-05-07 21:15:00,42253,42284,42251,42262,42257.2614583333,42337.2614583333,42457.2614583333,42147.2614583333,42057.2614583333,42247.4521359172,42077.9667363323,0.9665867251
2026-05-07 21:45:03,MXF1!,15,2026-05-07 21:30:00,42260,42265,42056,42068,42259.7364583333,42339.7364583333,42459.7364583333,42149.7364583333,42059.7364583333,42240.4147972538,42077.7693752168,0.9314038063
2026-05-07 22:00:15,MXF1!,15,2026-05-07 21:45:00,42068,42139,42006,42086,42261.6947916667,42341.6947916667,42461.6947916667,42151.6947916667,42061.6947916667,42234.3593150086,42077.9323578858,0.9335639462
2026-05-07 22:15:06,MXF1!,15,2026-05-07 22:00:00,42093,42169,42037,42125,42263.3197916667,42343.3197916667,42463.3197916667,42153.3197916667,42063.3197916667,42230.07071442,42078.8643904029,0.939348263
2026-05-07 22:30:04,MXF1!,15,2026-05-07 22:15:00,42124,42224,42087,42183,42265.690625,42345.690625,42465.690625,42155.690625,42065.690625,42228.2248040506,42080.9264816821,0.9484224325
2026-05-07 22:45:03,MXF1!,15,2026-05-07 22:30:00,42182,42228,42160,42173,42268.30625,42348.30625,42468.30625,42158.30625,42068.30625,42226.0591254603,42082.7497196686,0.9455917283
2026-05-07 23:00:05,MXF1!,15,2026-05-07 22:45:00,42172,42238,42140,42229,42271.178125,42351.178125,42471.178125,42161.178125,42071.178125,42226.1744538737,42085.6457648236,0.9542991271
2026-05-07 23:15:10,MXF1!,15,2026-05-07 23:00:00,42232,42239,42147,42158,42273.3552083333,42353.3552083333,42473.3552083333,42163.3552083333,42073.3552083333,42223.5009458786,42087.0785219558,0.9407580408
2026-05-07 23:30:03,MXF1!,15,2026-05-07 23:15:00,42160,42189,42081,42144,42274.2979166667,42354.2979166667,42474.2979166667,42164.2979166667,42074.2979166667,42220.3832617265,42088.2056799369,0.9372286704
2026-05-07 23:45:10,MXF1!,15,2026-05-07 23:30:00,42145,42216,42137,42201,42275.2,42355.2,42475.2,42165.2,42075.2,42219.6231338157,42090.4392308293,0.9461093863
2026-05-08 00:00:08,MXF1!,15,2026-05-07 23:45:00,42200,42206,42008,42032,42275.16875,42355.16875,42475.16875,42165.16875,42075.16875,42212.2653638621,42089.2820183376,0.9155164684
2026-05-08 00:15:01,MXF1!,15,2026-05-08 00:00:00,42034,42041,41931,41960,42272.4697916667,42352.4697916667,42472.4697916667,42162.4697916667,42072.4697916667,42202.372604495,42086.7219783705,0.9019892368
2026-05-08 00:30:06,MXF1!,15,2026-05-08 00:15:00,41960,41982,41856,41953,42268.2645833333,42348.2645833333,42468.2645833333,42158.2645833333,42068.2645833333,42192.5932866717,42084.0740184028,0.8998685944
2026-05-08 00:45:04,MXF1!,15,2026-05-08 00:30:00,41950,42012,41917,41941,42264.7291666667,42344.7291666667,42464.7291666667,42154.7291666667,42064.7291666667,42182.7268832728,42081.2408695235,0.8969060298
2026-05-08 01:00:06,MXF1!,15,2026-05-08 00:45:00,41940,41972,41907,41943,42260.6677083333,42340.6677083333,42460.6677083333,42150.6677083333,42060.6677083333,42173.3258290268,42078.5034265626,0.8963969371
2026-05-08 01:15:03,MXF1!,15,2026-05-08 01:00:00,41945,41963,41888,41915,42256.096875,42336.096875,42456.096875,42146.096875,42056.096875,42163.1954043591,42075.2657349475,0.8906565033
2026-05-08 01:30:06,MXF1!,15,2026-05-08 01:15:00,41913,41957,41751,41807,42249.753125,42329.753125,42449.753125,42139.753125,42049.753125,42149.2269571293,42069.9535421763,0.8709918383
2026-05-08 01:45:10,MXF1!,15,2026-05-08 01:30:00,41808,41948,41785,41904,42243.6145833333,42323.6145833333,42443.6145833333,42133.6145833333,42043.6145833333,42139.6102137125,42066.6673334203,0.8871485008
2026-05-08 02:00:12,MXF1!,15,2026-05-08 01:45:00,41906,41990,41864,41982,42237.64375,42317.64375,42437.64375,42127.64375,42037.64375,42133.4294210178,42064.9907525605,0.8999756686
2026-05-08 02:15:09,MXF1!,15,2026-05-08 02:00:00,41984,42019,41931,41944,42235.13125,42315.13125,42435.13125,42125.13125,42035.13125,42126.000816272,42062.5948960742,0.8925647109
2026-05-08 02:30:05,MXF1!,15,2026-05-08 02:15:00,41947,41986,41898,41913,42232.6458333333,42312.6458333333,42432.6458333333,42122.6458333333,42032.6458333333,42117.6478430849,42059.6326209044,0.8863645851
2026-05-08 02:45:01,MXF1!,15,2026-05-08 02:30:00,41914,41940,41829,41883,42228.3770833333,42308.3770833333,42428.3770833333,42118.3770833333,42028.3770833333,42108.4459668855,42056.1349452429,0.8803548115
2026-05-08 03:00:08,MXF1!,15,2026-05-08 02:45:00,41885,41960,41830,41947,42223.509375,42303.509375,42423.509375,42113.509375,42023.509375,42102.1147524978,42053.9738572183,0.8907955477
2026-05-08 03:15:04,MXF1!,15,2026-05-08 03:00:00,41952,41991,41921,41982,42216.759375,42296.759375,42416.759375,42106.759375,42016.759375,42097.4043700469,42052.5486323229,0.8961393779
2026-05-08 03:30:07,MXF1!,15,2026-05-08 03:15:00,41984,41988,41860,41920,42210.234375,42290.234375,42410.234375,42100.234375,42010.234375,42090.4473359274,42049.9239069304,0.8845452873
2026-05-08 03:45:10,MXF1!,15,2026-05-08 03:30:00,41923,41996,41923,41979,42204.6875,42284.6875,42404.6875,42094.6875,42004.6875,42086.0768521656,42048.5194731298,0.894099632
2026-05-08 04:00:06,MXF1!,15,2026-05-08 03:45:00,41980,42032,41916,41925,42198.3895833333,42278.3895833333,42398.3895833333,42088.3895833333,41998.3895833333,42079.760112865,42046.0735429688,0.8838831266
2026-05-08 04:15:02,MXF1!,15,2026-05-08 04:00:00,41922,42030,41916,41994,42193.0479166667,42273.0479166667,42393.0479166667,42083.0479166667,41993.0479166667,42076.396971184,42045.0423837021,0.8951799533
2026-05-08 04:30:04,MXF1!,15,2026-05-08 04:15:00,41995,42010,41988,41993,42188.3239583333,42268.3239583333,42388.3239583333,42078.3239583333,41988.3239583333,42073.1265017258,42044.0118414505,0.8942186817
2026-05-08 04:45:03,MXF1!,15,2026-05-08 04:30:00,41993,42013,41924,41954,42182.7635416667,42262.7635416667,42382.7635416667,42072.7635416667,41982.7635416667,42068.4548742071,42042.2294287486,0.8866207611
2026-05-08 05:01:03,MXF1!,15,2026-05-08 04:45:00,41954,41984,41940,41967,42176.3989583333,42256.3989583333,42376.3989583333,42066.3989583333,41976.3989583333,42064.4762516892,42040.7397370902,0.888122085
2026-05-08 09:00:01,MXF1!,15,2026-05-08 08:45:00,42064,42158,42052,42115,42172.3364583333,42252.3364583333,42372.3364583333,42062.3364583333,41972.3364583333,42066.4575751524,42042.2102373458,0.9132242283
2026-05-08 09:15:01,MXF1!,15,2026-05-08 09:00:00,42111,42262,42063,42254,42169.284375,42249.284375,42369.284375,42059.284375,41969.284375,42073.8121800484,42046.404094032,0.9366309509
2026-05-08 09:30:02,MXF1!,15,2026-05-08 09:15:00,42256,42295,42163,42264,42167.8625,42247.8625,42367.8625,42057.8625,41967.8625,42081.2705259288,42050.7129238532,0.9374095258
2026-05-08 09:45:01,MXF1!,15,2026-05-08 09:30:00,42265,42326,42142,42179,42166.5989583333,42246.5989583333,42366.5989583333,42056.5989583333,41966.5989583333,42085.1030543238,42053.2532619947,0.9216101949
2026-05-08 10:00:05,MXF1!,15,2026-05-08 09:45:00,42179,42342,42162,42174,42165.38125,42245.38125,42365.38125,42055.38125,41965.38125,42088.5892090562,42055.6442865097,0.9198462434
2026-05-08 10:15:01,MXF1!,15,2026-05-08 10:00:00,42176,42200,41890,41932,42160.21875,42240.21875,42360.21875,42050.21875,41960.21875,42082.4484557598,42053.1958847966,0.8766937054
2026-05-08 10:30:01,MXF1!,15,2026-05-08 10:15:00,41936,41939,41541,41681,42151.1083333333,42231.1083333333,42351.1083333333,42041.1083333333,41951.1083333333,42066.7053790634,42045.8256692561,0.8320769262
2026-05-08 10:45:01,MXF1!,15,2026-05-08 10:30:00,41684,41897,41660,41860,42142.271875,42222.271875,42342.271875,42032.271875,41942.271875,42058.5992857668,42042.1459530332,0.8627916865
2026-05-08 11:00:04,MXF1!,15,2026-05-08 10:45:00,41860,41988,41848,41923,42134.1770833333,42214.1770833333,42334.1770833333,42024.1770833333,41934.1770833333,42053.2816667171,42039.7866272305,0.8731155058
2026-05-08 11:15:00,MXF1!,15,2026-05-08 11:00:00,41925,41996,41908,41974,42126.034375,42206.034375,42326.034375,42016.034375,41926.034375,42050.1725817478,42038.4839217408,0.8813211587
2026-05-08 11:30:03,MXF1!,15,2026-05-08 11:15:00,41973,41994,41906,41926,42118.078125,42198.078125,42318.078125,42008.078125,41918.078125,42045.3030687381,42036.2565173499,0.8721714787
2026-05-08 11:45:00,MXF1!,15,2026-05-08 11:30:00,41921,42027,41914,41938,42111.0489583333,42191.0489583333,42311.0489583333,42001.0489583333,41911.0489583333,42041.0951052582,42034.310843739,0.8735568371
2026-05-08 12:00:04,MXF1!,15,2026-05-08 11:45:00,41933,41968,41846,41955,42103.0260416667,42183.0260416667,42303.0260416667,41993.0260416667,41903.0260416667,42037.7188266206,42032.7403319818,0.8758141471
2026-05-08 12:15:03,MXF1!,15,2026-05-08 12:00:00,41956,41965,41889,41908,42096.0666666667,42176.0666666667,42296.0666666667,41986.0666666667,41896.0666666667,42032.6318138119,42030.270226398,0.8668429592
2026-05-08 12:30:01,MXF1!,15,2026-05-08 12:15:00,41905,41970,41866,41944,42089.4041666667,42169.4041666667,42289.4041666667,41979.4041666667,41889.4041666667,42029.1560564075,42028.5619050832,0.8724265228
2026-05-08 12:45:01,MXF1!,15,2026-05-08 12:30:00,41946,41983,41815,41821,42082.5322916667,42162.5322916667,42282.5322916667,41972.5322916667,41882.5322916667,42020.9930738033,42024.4517683489,0.8501327946
2026-05-08 13:00:04,MXF1!,15,2026-05-08 12:45:00,41818,41936,41814,41931,42076.31875,42156.31875,42276.31875,41966.31875,41876.31875,42017.4639336542,42022.6012382826,0.8687339045
2026-05-08 13:15:00,MXF1!,15,2026-05-08 13:00:00,41932,41972,41900,41962,42071.146875,42151.146875,42271.146875,41961.146875,41871.146875,42015.2888774324,42021.4012137621,0.8734366328
2026-05-08 13:30:02,MXF1!,15,2026-05-08 13:15:00,41959,41968,41917,41936,42065.5427083333,42145.5427083333,42265.5427083333,41955.5427083333,41865.5427083333,42012.17950969,42019.7101006183,0.8681199947
2026-05-08 13:46:01,MXF1!,15,2026-05-08 13:30:00,41934,41969,41911,41936,42060.3489583333,42140.3489583333,42260.3489583333,41950.3489583333,41860.3489583333,42009.1920779374,42018.0524748635,0.8673961578
2026-05-08 15:15:03,MXF1!,15,2026-05-08 15:00:00,41999,42044,41860,41869,42055.1552083333,42135.1552083333,42255.1552083333,41945.1552083333,41855.1552083333,42003.6943493909,42015.1009407078,0.8549523931
2026-05-08 15:30:09,MXF1!,15,2026-05-08 15:15:00,41867,41875,41800,41843,42048.325,42128.325,42248.325,41938.325,41848.325,41997.3926101991,42011.6930012878,0.8497293997
2026-05-08 15:45:05,MXF1!,15,2026-05-08 15:30:00,41845,41854,41818,41832,42041.578125,42121.578125,42241.578125,41931.578125,41841.578125,41990.9066254854,42008.1347240346,0.8471312294
2026-05-08 16:00:05,MXF1!,15,2026-05-08 15:45:00,41833,41840,41741,41759,42033.5260416667,42113.5260416667,42233.5260416667,41923.5260416667,41833.5260416667,41981.8122480154,42003.2013631626,0.8336537772
2026-05-08 16:15:03,MXF1!,15,2026-05-08 16:00:00,41760,41794,41713,41761,42025.4208333333,42105.4208333333,42225.4208333333,41915.4208333333,41825.4208333333,41973.1529441716,41998.4052965654,0.8333893134
2026-05-08 16:30:08,MXF1!,15,2026-05-08 16:15:00,41763,41824,41759,41804,42018.1135416667,42098.1135416667,42218.1135416667,41908.1135416667,41818.1135416667,41966.5194953806,41994.5556867324,0.8403382217
2026-05-08 16:45:07,MXF1!,15,2026-05-08 16:30:00,41806,41825,41778,41787,42010.85,42090.85,42210.85,41900.85,41810.85,41959.4795151696,41990.4456731337,0.8367106622
2026-05-08 17:00:04,MXF1!,15,2026-05-08 16:45:00,41788,41829,41786,41807,42003.9333333333,42083.9333333333,42203.9333333333,41893.9333333333,41803.9333333333,41953.4999263394,41986.8130855469,0.8396048266
2026-05-08 17:15:04,MXF1!,15,2026-05-08 17:00:00,41809,41900,41801,41861,41997.8677083333,42077.8677083333,42197.8677083333,41887.8677083333,41797.8677083333,41949.8724782477,41984.3217373183,0.8484779627
2026-05-08 17:30:05,MXF1!,15,2026-05-08 17:15:00,41861,41888,41852,41866,41991.5125,42071.5125,42191.5125,41881.5125,41791.5125,41946.5833614536,41981.9787326189,0.8486999977
2026-05-08 17:45:02,MXF1!,15,2026-05-08 17:30:00,41866,41866,41777,41795,41983.6916666667,42063.6916666667,42183.6916666667,41873.6916666667,41783.6916666667,41940.6389159064,41978.2761834581,0.8355303626
2026-05-08 18:00:01,MXF1!,15,2026-05-08 17:45:00,41791,41797,41669,41717,41974.6510416667,42054.6510416667,42174.6510416667,41864.6510416667,41774.6510416667,41931.8687623415,41973.1023976471,0.8211423199
2026-05-08 18:15:06,MXF1!,15,2026-05-08 18:00:00,41714,41747,41711,41738,41966.646875,42046.646875,42166.646875,41856.646875,41766.646875,41924.2660657791,41968.4469046244,0.8242462796
2026-05-08 18:30:07,MXF1!,15,2026-05-08 18:15:00,41738,41781,41720,41765,41958.6135416667,42038.6135416667,42158.6135416667,41848.6135416667,41758.6135416667,41918.0203377093,41964.4182530476,0.8284049545
2026-05-08 18:45:01,MXF1!,15,2026-05-08 18:30:00,41767,41807,41766,41767,41952.625,42032.625,42152.625,41842.625,41752.625,41912.0979715246,41960.5089807101,0.8281443677
2026-05-08 19:00:03,MXF1!,15,2026-05-08 18:45:00,41769,41769,41672,41728,41947.2510416667,42027.2510416667,42147.2510416667,41837.2510416667,41747.2510416667,41904.8784432295,41955.9048424782,0.8206477248
2026-05-08 19:15:00,MXF1!,15,2026-05-08 19:00:00,41729,41788,41729,41774,41941.9458333333,42021.9458333333,42141.9458333333,41831.9458333333,41741.9458333333,41899.7459552598,41952.3027663895,0.8281849161
2026-05-08 19:30:05,MXF1!,15,2026-05-08 19:15:00,41774,41791,41754,41790,41935.8520833333,42015.8520833333,42135.8520833333,41825.8520833333,41735.8520833333,41895.4421923084,41949.0888502234,0.8304012468
2026-05-08 19:44:59,MXF1!,15,2026-05-08 19:30:00,41790,41791,41757,41758,41929.3020833333,42009.3020833333,42129.3020833333,41819.3020833333,41729.3020833333,41890.0523024139,41945.3049125952,0.8241293974
2026-05-08 20:00:07,MXF1!,15,2026-05-08 19:45:00,41758,41785,41751,41760,41922.6677083333,42002.6677083333,42122.6677083333,41812.6677083333,41722.6677083333,41884.9522121232,41941.6355083854,0.8238866022
2026-05-08 20:15:07,MXF1!,15,2026-05-08 20:00:00,41758,41785,41747,41754,41916.1614583333,41996.1614583333,42116.1614583333,41806.1614583333,41716.1614583333,41879.8168312556,41937.9199537639,0.8222271011
2026-05-08 20:30:05,MXF1!,15,2026-05-08 20:15:00,41756,41778,41752,41777,41910.1083333333,41990.1083333333,42110.1083333333,41800.1083333333,41710.1083333333,41875.7847986574,41934.733420026,0.8257169896
2026-05-08 20:45:03,MXF1!,15,2026-05-08 20:30:00,41778,41948,41775,41885,41905.4010416667,41985.4010416667,42105.4010416667,41795.4010416667,41705.4010416667,41876.1461791022,41933.7485998275,0.8442705459
2026-05-08 21:00:12,MXF1!,15,2026-05-08 20:45:00,41885,41897,41792,41829,41901.4135416667,41981.4135416667,42101.4135416667,41791.4135416667,41701.4135416667,41874.2973093335,41931.6743701279,0.8336973194
2026-05-08 21:15:07,MXF1!,15,2026-05-08 21:00:00,41829,41875,41788,41815,41898.8927083333,41978.8927083333,42098.8927083333,41788.8927083333,41698.8927083333,41871.9719246537,41929.363986561,0.8306048379
2026-05-08 21:30:07,MXF1!,15,2026-05-08 21:15:00,41812,41888,41798,41884,41897.76875,41977.76875,42097.76875,41787.76875,41697.76875,41872.443613883,41928.4656897974,0.842218262
2026-05-08 21:45:03,MXF1!,15,2026-05-08 21:30:00,41886,42095,41828,42090,41898.1479166667,41978.1479166667,42098.1479166667,41788.1479166667,41698.1479166667,41880.975236868,41931.6643890094,0.8780998519
2026-05-08 22:00:13,MXF1!,15,2026-05-08 21:45:00,42091,42175,42082,42175,41900.9364583333,41980.9364583333,42100.9364583333,41790.9364583333,41700.9364583333,41892.5056197359,41936.4829159597,0.8924188578
2026-05-08 22:15:04,MXF1!,15,2026-05-08 22:00:00,42175,42204,42087,42094,41904.36875,41984.36875,42104.36875,41794.36875,41704.36875,41900.4073601384,41939.6020661387,0.8772166415
2026-05-08 22:30:05,MXF1!,15,2026-05-08 22:15:00,42094,42160,42047,42059,41908.4,41988.4,42108.4,41798.4,41708.4,41906.6266793487,41941.9663816607,0.8702340588
2026-05-08 22:45:08,MXF1!,15,2026-05-08 22:30:00,42058,42127,42015,42120,41911.3885416667,41991.3885416667,42111.3885416667,41801.3885416667,41711.3885416667,41914.9942605507,41945.4917998456,0.8802644695
2026-05-08 23:00:07,MXF1!,15,2026-05-08 22:45:00,42118,42171,42103,42157,41914.8541666667,41994.8541666667,42114.8541666667,41804.8541666667,41714.8541666667,41924.4846817055,41949.6800810368,0.8859838788
2026-05-08 23:15:03,MXF1!,15,2026-05-08 23:00:00,42158,42232,42146,42168,41918.171875,41998.171875,42118.171875,41808.171875,41718.171875,41934.0343020308,41954.003247749,0.8870740568
2026-05-08 23:30:03,MXF1!,15,2026-05-08 23:15:00,42166,42188,42102,42182,41921.65,42001.65,42121.65,41811.65,41721.65,41943.7584470492,41958.5180349223,0.8886970606
2026-05-08 23:45:03,MXF1!,15,2026-05-08 23:30:00,42180,42224,42124,42153,41925.7697916667,42005.7697916667,42125.7697916667,41815.7697916667,41725.7697916667,41951.9639981453,41962.3691629436,0.882696438
2026-05-09 00:00:06,MXF1!,15,2026-05-08 23:45:00,42153,42216,42148,42187,41930.3677083333,42010.3677083333,42130.3677083333,41820.3677083333,41730.3677083333,41961.1810962573,41966.8172983308,0.8878875777
2026-05-09 00:15:06,MXF1!,15,2026-05-09 00:00:00,42190,42245,42183,42205,41934.3145833333,42014.3145833333,42134.3145833333,41824.3145833333,41734.3145833333,41970.7426218942,41971.5337874728,0.8902325177
2026-05-09 00:30:07,MXF1!,15,2026-05-09 00:15:00,42201,42258,42200,42256,41939.1145833333,42019.1145833333,42139.1145833333,41829.1145833333,41739.1145833333,41981.9291857415,41977.1667817803,0.8984046637
2026-05-09 00:45:09,MXF1!,15,2026-05-09 00:30:00,42255,42262,42218,42228,41943.3854166667,42023.3854166667,42143.3854166667,41833.3854166667,41743.3854166667,41991.5790215948,41982.1337762005,0.8925529497
2026-05-09 01:00:11,MXF1!,15,2026-05-09 00:45:00,42230,42249,42141,42165,41947.0114583333,42027.0114583333,42147.0114583333,41837.0114583333,41747.0114583333,41998.3798442774,41985.754889543,0.8805315525
2026-05-09 01:15:01,MXF1!,15,2026-05-09 01:00:00,42165,42180,42056,42145,41949.3447916667,42029.3447916667,42149.3447916667,41839.3447916667,41749.3447916667,42004.1296543057,41988.9082580669,0.8761766757
2026-05-09 01:30:05,MXF1!,15,2026-05-09 01:15:00,42143,42220,42132,42214,41952.1333333333,42032.1333333333,42152.1333333333,41842.1333333333,41752.1333333333,42012.3598639408,41993.3655202834,0.8875774975
2026-05-09 01:45:06,MXF1!,15,2026-05-09 01:30:00,42215,42225,42182,42205,41955.76875,42035.76875,42155.76875,41845.76875,41755.76875,42019.9143790803,41997.55630206,0.8851102981
2026-05-09 02:00:01,MXF1!,15,2026-05-09 01:45:00,42205,42233,42164,42181,41959.475,42039.475,42159.475,41849.475,41759.475,42026.2314622537,42001.1888505341,0.8800269623
2026-05-09 02:15:09,MXF1!,15,2026-05-09 02:00:00,42183,42244,42171,42238,41960.9583333333,42040.9583333333,42160.9583333333,41850.9583333333,41760.9583333333,42034.5361107927,42005.8781802265,0.8892833669
2026-05-09 02:30:10,MXF1!,15,2026-05-09 02:15:00,42238,42243,42217,42232,41962.0020833333,42042.0020833333,42162.0020833333,41852.0020833333,41762.0020833333,42042.2797927224,42010.355840024,0.8873606365
2026-05-09 02:45:07,MXF1!,15,2026-05-09 02:30:00,42231,42239,42192,42195,41961.609375,42041.609375,42161.609375,41851.609375,41761.609375,42048.2688204588,42014.0121600235,0.8799677998
2026-05-09 03:00:12,MXF1!,15,2026-05-09 02:45:00,42195,42210,42155,42174,41961.01875,42041.01875,42161.01875,41851.01875,41761.01875,42053.1994549506,42017.1802360626,0.875432398
2026-05-09 03:15:07,MXF1!,15,2026-05-09 03:00:00,42170,42255,42168,42224,41960.69375,42040.69375,42160.69375,41850.69375,41760.69375,42059.8975155408,42021.2756769327,0.8834713554
2026-05-09 03:30:10,MXF1!,15,2026-05-09 03:15:00,42224,42243,42192,42192,41963.825,42043.825,42163.825,41853.825,41763.825,42065.0780051274,42024.6563565974,0.8769932836
2026-05-09 03:45:05,MXF1!,15,2026-05-09 03:30:00,42193,42242,42186,42227,41971.5,42051.5,42171.5,41861.5,41771.5,42071.4278872793,42028.6631614172,0.882362666
2026-05-09 04:00:05,MXF1!,15,2026-05-09 03:45:00,42225,42239,42184,42237,41978.0697916667,42058.0697916667,42178.0697916667,41868.0697916667,41778.0697916667,42077.9209113076,42032.7886433694,0.8832915689
2026-05-09 04:15:04,MXF1!,15,2026-05-09 04:00:00,42236,42258,42217,42246,41982.8864583333,42062.8864583333,42182.8864583333,41872.8864583333,41782.8864583333,42084.512248119,42037.0106504314,0.8840478113
2026-05-09 04:30:10,MXF1!,15,2026-05-09 04:15:00,42246,42255,42236,42253,41987.4958333333,42067.4958333333,42187.4958333333,41877.4958333333,41787.4958333333,42091.1196109379,42041.2876672545,0.8844534096
2026-05-09 04:45:05,MXF1!,15,2026-05-09 04:30:00,42254,42288,42244,42286,41992.4677083333,42072.4677083333,42192.4677083333,41882.4677083333,41792.4677083333,42098.7619791364,42046.1334560217,0.8894480195
2026-05-09 05:01:03,MXF1!,15,2026-05-09 04:45:00,42283,42300,42275,42291,41997.4177083333,42077.4177083333,42197.4177083333,41887.4177083333,41797.4177083333,42106.3007250526,42050.9822984768,0.8894829842
2026-05-11 09:00:02,MXF1!,15,2026-05-11 08:45:00,42216,42255,41808,41941,41999.7385416667,42079.7385416667,42199.7385416667,41889.7385416667,41799.7385416667,42099.818343678,42048.8044311802,0.8268318109
2026-05-11 09:15:00,MXF1!,15,2026-05-11 09:00:00,41941,42066,41803,41987,42000.1020833333,42080.1020833333,42200.1020833333,41890.1020833333,41800.1020833333,42095.3940949063,42047.5805810578,0.8343071571
2026-05-11 09:30:01,MXF1!,15,2026-05-11 09:15:00,41990,42131,41962,42090,42002.1364583333,42082.1364583333,42202.1364583333,41892.1364583333,41802.1364583333,42095.1825617727,42048.4205695517,0.8518354756
2026-05-11 09:45:01,MXF1!,15,2026-05-11 09:30:00,42087,42149,42010,42039,42005.4072916667,42085.4072916667,42205.4072916667,41895.4072916667,41805.4072916667,42092.9793240562,42048.23402362,0.8421034389
2026-05-11 10:00:03,MXF1!,15,2026-05-11 09:45:00,42039,42114,41980,42087,42008.0479166667,42088.0479166667,42208.0479166667,41898.0479166667,41808.0479166667,42092.7448407598,42049.0016667166,0.8498892568
2026-05-11 10:15:06,MXF1!,15,2026-05-11 10:00:00,42091,42134,42017,42052,42009.9885416667,42089.9885416667,42209.9885416667,41899.9885416667,41809.9885416667,42091.1470038673,42049.0610396529,0.8430134163
2026-05-11 10:30:03,MXF1!,15,2026-05-11 10:15:00,42057,42084,41931,41977,42010.6458333333,42090.6458333333,42210.6458333333,41900.6458333333,41810.6458333333,42086.6706507745,42047.6340883727,0.8290709475
2026-05-11 10:45:01,MXF1!,15,2026-05-11 10:30:00,41978,42019,41895,42000,42010.9791666667,42090.9791666667,42210.9791666667,41900.9791666667,41810.9791666667,42083.2718017245,42046.690839098,0.8324935
2026-05-11 11:00:05,MXF1!,15,2026-05-11 10:45:00,41999,42108,41941,42093,42012.7510416667,42092.7510416667,42212.7510416667,41902.7510416667,41812.7510416667,42083.6532996961,42047.6078521851,0.8483001907
2026-05-11 11:15:03,MXF1!,15,2026-05-11 11:00:00,42088,42116,42012,42035,42016.2364583333,42096.2364583333,42216.2364583333,41906.2364583333,41816.2364583333,42081.745327159,42047.3581917458,0.8373507021
2026-05-11 11:30:00,MXF1!,15,2026-05-11 11:15:00,42036,42117,42014,42113,42019.7635416667,42099.7635416667,42219.7635416667,41909.7635416667,41819.7635416667,42082.9710006037,42048.658029533,0.8504984227
2026-05-11 11:45:02,MXF1!,15,2026-05-11 11:30:00,42111,42148,42072,42136,42025.0989583333,42105.0989583333,42225.0989583333,41915.0989583333,41825.0989583333,42085.0505692075,42050.3875735027,0.853902038
2026-05-11 12:00:13,MXF1!,15,2026-05-11 11:45:00,42138,42149,42082,42097,42030.6458333333,42110.6458333333,42230.6458333333,41920.6458333333,41830.6458333333,42085.5191743366,42051.3105918492,0.8463175422
2026-05-11 12:15:00,MXF1!,15,2026-05-11 12:00:00,42093,42120,42057,42095,42035.2510416667,42115.2510416667,42235.2510416667,41925.2510416667,41835.2510416667,42085.8909714215,42052.1757286442,0.8453042876
2026-05-11 12:30:01,MXF1!,15,2026-05-11 12:15:00,42095,42190,42092,42180,42040.5645833333,42120.5645833333,42240.5645833333,41930.5645833333,41840.5645833333,42089.5815215618,42054.7069023345,0.8597099039
2026-05-11 12:45:01,MXF1!,15,2026-05-11 12:30:00,42181,42200,42137,42147,42046.1916666667,42126.1916666667,42246.1916666667,41936.1916666667,41846.1916666667,42091.8332265986,42056.5344884268,0.8531548213
2026-05-11 13:00:04,MXF1!,15,2026-05-11 12:45:00,42148,42174,42120,42145,42050.6385416667,42130.6385416667,42250.6385416667,41940.6385416667,41850.6385416667,42093.9181981045,42058.2862807352,0.8521044181
2026-05-11 13:15:01,MXF1!,15,2026-05-11 13:00:00,42146,42159,42083,42099,42054.6916666667,42134.6916666667,42254.6916666667,41944.6916666667,41854.6916666667,42094.1174844534,42059.0924929979,0.8432488681
2026-05-11 13:30:00,MXF1!,15,2026-05-11 13:15:00,42099,42119,42040,42041,42058.9572916667,42138.9572916667,42258.9572916667,41948.9572916667,41858.9572916667,42092.0344458473,42058.7342258098,0.8322990526
2026-05-11 13:46:00,MXF1!,15,2026-05-11 13:30:00,42040,42075,41950,41953,42063.64375,42143.64375,42263.64375,41953.64375,41863.64375,42086.5821146376,42056.6404787641,0.8160552873
2026-05-11 15:15:01,MXF1!,15,2026-05-11 15:00:00,41982,41986,41874,41887,42066.425,42146.425,42266.425,41956.425,41866.425,42078.755365044,42053.2812613628,0.8037832987
2026-05-11 15:30:01,MXF1!,15,2026-05-11 15:15:00,41891,41930,41865,41898,42068.7916666667,42148.7916666667,42268.7916666667,41958.7916666667,41868.7916666667,42071.666919356,42050.2063849002,0.8052004771
2026-05-11 15:45:01,MXF1!,15,2026-05-11 15:30:00,41899,41959,41880,41943,42070.896875,42150.896875,42270.896875,41960.896875,41870.896875,42066.6211578126,42048.0834861893,0.8126723328
2026-05-11 16:00:04,MXF1!,15,2026-05-11 15:45:00,41945,41961,41930,41961,42074.1416666667,42154.1416666667,42274.1416666667,41964.1416666667,41874.1416666667,42062.4791516239,42046.3590607202,0.8153233081
2026-05-11 16:15:07,MXF1!,15,2026-05-11 16:00:00,41962,41968,41746,41792,42075.7604166667,42155.7604166667,42275.7604166667,41965.7604166667,41875.7604166667,42051.87212607,42041.3222476366,0.784654812
2026-05-11 16:30:05,MXF1!,15,2026-05-11 16:15:00,41792,41880,41790,41796,42076.8541666667,42156.8541666667,42276.8541666667,41966.8541666667,41876.8541666667,42041.8379250477,42036.4643813468,0.7848662252
2026-05-11 16:45:04,MXF1!,15,2026-05-11 16:30:00,41795,41854,41784,41848,42077.9458333333,42157.9458333333,42277.9458333333,41967.9458333333,41877.9458333333,42034.2364377909,42032.7324133993,0.793655581
2026-05-11 17:00:07,MXF1!,15,2026-05-11 16:45:00,41843,41859,41825,41829,42079.121875,42159.121875,42279.121875,41969.121875,41879.121875,42026.1879500344,42028.6981081835,0.7897576261
2026-05-11 17:15:05,MXF1!,15,2026-05-11 17:00:00,41826,41862,41794,41797,42080.125,42160.125,42280.125,41970.125,41880.125,42017.200187288,42024.1100268333,0.783537168
2026-05-11 17:30:03,MXF1!,15,2026-05-11 17:15:00,41798,41822,41779,41820,42080.7572916667,42160.7572916667,42280.7572916667,41970.7572916667,41880.7572916667,42009.46684661,42020.0682441238,0.7871865051
2026-05-11 17:45:04,MXF1!,15,2026-05-11 17:30:00,41822,41908,41810,41902,42080.5197916667,42160.5197916667,42280.5197916667,41970.5197916667,41880.5197916667,42005.2524604684,42017.7302590916,0.8014077536
2026-05-11 18:00:04,MXF1!,15,2026-05-11 17:45:00,41903,41953,41880,41883,42081.3333333333,42161.3333333333,42281.3333333333,41971.3333333333,41881.3333333333,42000.4582463324,42015.062333169,0.797479974
2026-05-11 18:15:01,MXF1!,15,2026-05-11 18:00:00,41883,41898,41836,41836,42081.9614583333,42161.9614583333,42281.9614583333,41971.9614583333,41881.9614583333,41994.008903339,42011.5165443934,0.7885291402
2026-05-11 18:30:05,MXF1!,15,2026-05-11 18:15:00,41836,41844,41795,41840,42081.5895833333,42161.5895833333,42281.5895833333,41971.5895833333,41881.5895833333,41987.9693385022,42008.1201771777,0.7887454751
2026-05-11 18:45:02,MXF1!,15,2026-05-11 18:30:00,41838,41850,41788,41811,42079.028125,42159.028125,42279.028125,41969.028125,41879.028125,41981.0293644433,42004.2168073326,0.7830413481
2026-05-11 19:00:03,MXF1!,15,2026-05-11 18:45:00,41811,41847,41794,41803,42074.3322916667,42154.3322916667,42274.3322916667,41964.3322916667,41874.3322916667,41974.0478207396,42000.2323160982,0.7811204047
2026-05-11 19:15:02,MXF1!,15,2026-05-11 19:00:00,41804,41861,41804,41860,42069.5572916667,42149.5572916667,42269.5572916667,41959.5572916667,41869.5572916667,41969.5753571812,41997.4554385517,0.7909081753
2026-05-11 19:30:02,MXF1!,15,2026-05-11 19:15:00,41858,41903,41846,41891,42065.559375,42145.559375,42265.559375,41955.559375,41865.559375,41966.4939706251,41995.3474100656,0.7959976162
2026-05-11 19:45:06,MXF1!,15,2026-05-11 19:30:00,41891,41925,41876,41881,42062.6645833333,42142.6645833333,42262.6645833333,41952.6645833333,41862.6645833333,41963.1412658947,41993.0831049158,0.7936652238
2026-05-11 20:00:13,MXF1!,15,2026-05-11 19:45:00,41882,41915,41861,41914,42058.7645833333,42138.7645833333,42258.7645833333,41948.7645833333,41858.7645833333,41961.2141574282,41991.5171028382,0.7991802905
2026-05-11 20:15:08,MXF1!,15,2026-05-11 20:00:00,41911,41929,41848,41870,42054.0052083333,42134.0052083333,42254.0052083333,41944.0052083333,41854.0052083333,41957.6371316467,41989.1108235741,0.7907454279
2026-05-11 20:30:04,MXF1!,15,2026-05-11 20:15:00,41870,41922,41859,41913,42049.7822916667,42129.7822916667,42249.7822916667,41939.7822916667,41849.7822916667,41955.8866558959,41987.6036785528,0.798024487
2026-05-11 20:45:07,MXF1!,15,2026-05-11 20:30:00,41910,41952,41893,41895,42045.7770833333,42125.7770833333,42245.7770833333,41935.7770833333,41845.7770833333,41953.4989438999,41985.7699423439,0.7942463534
2026-05-11 21:00:02,MXF1!,15,2026-05-11 20:45:00,41892,41919,41834,41918,42041.0354166667,42121.0354166667,42241.0354166667,41931.0354166667,41841.0354166667,41952.1068284529,41984.4279632875,0.797908567
2026-05-11 21:15:05,MXF1!,15,2026-05-11 21:00:00,41916,41990,41910,41988,42037.09375,42117.09375,42237.09375,41927.09375,41837.09375,41953.5144038077,41984.4986966878,0.8100937524
2026-05-11 21:30:05,MXF1!,15,2026-05-11 21:15:00,41988,42041,41981,42040,42033.596875,42113.596875,42233.596875,41923.596875,41833.596875,41956.9059958152,41985.5977323969,0.818985756
2026-05-11 21:45:05,MXF1!,15,2026-05-11 21:30:00,42040,42147,41939,41999,42030.46875,42110.46875,42230.46875,41920.46875,41830.46875,41958.5567410774,41985.8631238346,0.8109511219
2026-05-11 22:00:10,MXF1!,15,2026-05-11 21:45:00,42000,42044,41839,41852,42026.6510416667,42106.6510416667,42226.6510416667,41916.6510416667,41826.6510416667,41954.3780453489,41983.2123689072,0.7836428422
2026-05-11 22:15:03,MXF1!,15,2026-05-11 22:00:00,41849,42050,41842,42025,42024.23125,42104.23125,42224.23125,41914.23125,41824.23125,41957.1475337665,41984.0398467506,0.8145711866
2026-05-11 22:30:13,MXF1!,15,2026-05-11 22:15:00,42027,42074,41924,41937,42021.746875,42101.746875,42221.746875,41911.746875,41821.746875,41956.3574344031,41983.1083646368,0.7979640885
2026-05-11 22:45:04,MXF1!,15,2026-05-11 22:30:00,41938,42113,41887,42100,42018.8822916667,42098.8822916667,42218.8822916667,41908.8822916667,41818.8822916667,41961.9904761913,41985.4230504855,0.8270531784
2026-05-11 23:00:07,MXF1!,15,2026-05-11 22:45:00,42101,42217,42077,42159,42018.10625,42098.10625,42218.10625,41908.10625,41818.10625,41969.71633987,41988.8602178026,0.8371408302
2026-05-11 23:15:02,MXF1!,15,2026-05-11 23:00:00,42158,42235,42158,42171,42017.5895833333,42097.5895833333,42217.5895833333,41907.5895833333,41817.5895833333,41977.6098167379,41992.466946163,0.838651995
2026-05-11 23:30:02,MXF1!,15,2026-05-11 23:15:00,42169,42275,42145,42273,42017.3645833333,42097.3645833333,42217.3645833333,41907.3645833333,41817.3645833333,41989.1937454932,41998.02205614,0.8565394209
2026-05-11 23:44:58,MXF1!,15,2026-05-11 23:30:00,42272,42287,42209,42224,42017.953125,42097.953125,42217.953125,41907.953125,41817.953125,41998.4018339053,42002.4968669095,0.8468960246
2026-05-12 00:00:02,MXF1!,15,2026-05-11 23:45:00,42220,42297,42212,42257,42018.9979166667,42098.9979166667,42218.9979166667,41908.9979166667,41818.9979166667,42008.542938458,42007.5365329113,0.852207932
2026-05-12 00:15:03,MXF1!,15,2026-05-12 00:00:00,42259,42365,42259,42364,42020.4604166667,42100.4604166667,42220.4604166667,41910.4604166667,41820.4604166667,42022.4824310675,42014.5952154279,0.8709703184
2026-05-12 00:30:07,MXF1!,15,2026-05-12 00:15:00,42361,42364,42271,42280,42021.6958333333,42101.6958333333,42221.6958333333,41911.6958333333,41821.6958333333,42032.5811592609,42019.8507557164,0.8549321555
2026-05-12 00:45:03,MXF1!,15,2026-05-12 00:30:00,42279,42305,42163,42222,42022.3864583333,42102.3864583333,42222.3864583333,41912.3864583333,41822.3864583333,42040.0093490938,42023.8537110488,0.8436604487
2026-05-12 01:00:03,MXF1!,15,2026-05-12 00:45:00,42223,42245,42194,42228,42022.54375,42102.54375,42222.54375,41912.54375,41822.54375,42047.3815314823,42027.8962118201,0.8440969765
2026-05-12 01:14:59,MXF1!,15,2026-05-12 01:00:00,42229,42265,42208,42221,42022.4239583333,42102.4239583333,42222.4239583333,41912.4239583333,41822.4239583333,42054.1900988752,42031.7200492098,0.8421553067
2026-05-12 01:29:59,MXF1!,15,2026-05-12 01:15:00,42220,42290,42201,42283,42022.43125,42102.43125,42222.43125,41912.43125,41822.43125,42063.1630361742,42036.6958898195,0.8528068822
2026-05-12 01:45:05,MXF1!,15,2026-05-12 01:30:00,42282,42330,42270,42306,42023.0614583333,42103.0614583333,42223.0614583333,41913.0614583333,41823.0614583333,42072.6860543634,42042.0286444765,0.8563147933
2026-05-12 01:59:59,MXF1!,15,2026-05-12 01:45:00,42306,42319,42272,42275,42023.265625,42103.265625,42223.265625,41913.265625,41823.265625,42080.6199345845,42046.6419386453,0.8499669422
2026-05-12 02:15:06,MXF1!,15,2026-05-12 02:00:00,42275,42347,42275,42329,42027.334375,42107.334375,42227.334375,41917.334375,41827.334375,42090.3603293066,42052.233187385,0.8591369765
2026-05-12 02:30:03,MXF1!,15,2026-05-12 02:15:00,42326,42333,42295,42327,42033.2145833333,42113.2145833333,42233.2145833333,41923.2145833333,41833.2145833333,42099.6403163927,42057.6741143675,0.8580670017
2026-05-12 02:45:01,MXF1!,15,2026-05-12 02:30:00,42326,42333,42285,42297,42037.0510416667,42117.0510416667,42237.0510416667,41927.0510416667,41837.0510416667,42107.3799118282,42062.4132408157,0.8518817263
2026-05-12 03:00:06,MXF1!,15,2026-05-12 02:45:00,42293,42310,42252,42254,42040.0666666667,42120.0666666667,42240.0666666667,41930.0666666667,41840.0666666667,42113.1297192075,42066.2070380272,0.8433426879
2026-05-12 03:15:05,MXF1!,15,2026-05-12 03:00:00,42253,42313,42249,42279,42043.690625,42123.690625,42243.690625,41933.690625,41843.690625,42119.6344361013,42070.4207600465,0.8472451316
2026-05-12 03:30:11,MXF1!,15,2026-05-12 03:15:00,42280,42280,42226,42236,42046.8333333333,42126.8333333333,42246.8333333333,41936.8333333333,41846.8333333333,42124.1977915484,42073.6995568773,0.8387245275
2026-05-12 03:45:03,MXF1!,15,2026-05-12 03:30:00,42234,42270,42229,42270,42051.0583333333,42131.0583333333,42251.0583333333,41941.0583333333,41851.0583333333,42129.9155252131,42077.5866943648,0.8442919894
2026-05-12 04:00:24,MXF1!,15,2026-05-12 03:45:00,42268,42309,42262,42283,42055.9947916667,42135.9947916667,42255.9947916667,41945.9947916667,41855.9947916667,42135.9188379499,42081.6542845754,0.846039349
2026-05-12 04:15:10,MXF1!,15,2026-05-12 04:00:00,42282,42285,42193,42272,42059.6541666667,42139.6541666667,42259.6541666667,41949.6541666667,41859.6541666667,42141.2553541087,42085.423506663,0.843394279
2026-05-12 04:30:11,MXF1!,15,2026-05-12 04:15:00,42270,42280,42252,42272,42062.99375,42142.99375,42262.99375,41952.99375,41862.99375,42146.382595124,42089.1180906895,0.8427562159
2026-05-12 04:45:28,MXF1!,15,2026-05-12 04:30:00,42270,42276,42262,42274,42066.1854166667,42146.1854166667,42266.1854166667,41956.1854166667,41866.1854166667,42151.3871992368,42092.7791185967,0.8424849861
2026-05-12 05:01:03,MXF1!,15,2026-05-12 04:45:00,42272,42277,42262,42270,42068.68125,42148.68125,42268.68125,41958.68125,41868.68125,42156.0386816197,42096.2884429809,0.841111397
2026-05-12 09:00:00,MXF1!,15,2026-05-12 08:45:00,42240,42248,42174,42195,42070.3229166667,42150.3229166667,42270.3229166667,41960.3229166667,41870.3229166667,42157.5665764581,42098.2431272783,0.8267294015
2026-05-12 09:15:00,MXF1!,15,2026-05-12 09:00:00,42195,42365,42191,42249,42073.3322916667,42153.3322916667,42273.3322916667,41963.3322916667,41873.3322916667,42161.1522009108,42101.2284118866,0.8360410869
2026-05-12 09:30:00,MXF1!,15,2026-05-12 09:15:00,42245,42251,41915,42005,42072.1989583333,42152.1989583333,42272.1989583333,41962.1989583333,41872.1989583333,42155.0285851888,42099.32289878,0.7906678346
2026-05-12 09:45:00,MXF1!,15,2026-05-12 09:30:00,42004,42015,41605,41811,42066.3916666667,42146.3916666667,42266.3916666667,41956.3916666667,41866.3916666667,42141.5372681225,42093.6135344477,0.7545025684
2026-05-12 10:00:11,MXF1!,15,2026-05-12 09:45:00,41812,41885,41756,41816,42061.3739583333,42141.3739583333,42261.3739583333,41951.3739583333,41861.3739583333,42128.7711007452,42088.1162367359,0.7549597655
2026-05-12 10:15:01,MXF1!,15,2026-05-12 10:00:00,41817,41996,41742,41976,42057.33125,42137.33125,42257.33125,41947.33125,41857.33125,42122.7800771866,42085.8961132362,0.7839496725
2026-05-12 10:30:04,MXF1!,15,2026-05-12 10:15:00,41978,41988,41870,41956,42054.890625,42134.890625,42254.890625,41944.890625,41854.890625,42116.2396820028,42083.323912974,0.7797665374
2026-05-12 10:45:01,MXF1!,15,2026-05-12 10:30:00,41950,41957,41858,41921,42052.9739583333,42132.9739583333,42252.9739583333,41942.9739583333,41852.9739583333,42108.583223885,42080.1095780637,0.7728229284
2026-05-12 11:00:02,MXF1!,15,2026-05-12 10:45:00,41920,42096,41920,42052,42054.6302083333,42134.6302083333,42254.6302083333,41944.6302083333,41854.6302083333,42106.3642739287,42079.5529527555,0.7965169606
2026-05-12 11:15:01,MXF1!,15,2026-05-12 11:00:00,42053,42149,41997,42108,42057.325,42137.325,42257.325,41947.325,41857.325,42106.4284200492,42080.1162606217,0.8063364896
2026-05-12 11:30:01,MXF1!,15,2026-05-12 11:15:00,42111,42114,42056,42080,42059.825,42139.825,42259.825,41949.825,41859.825,42105.3920114198,42080.1139584312,0.8006069367
2026-05-12 11:45:01,MXF1!,15,2026-05-12 11:30:00,42083,42163,42081,42129,42062.5875,42142.5875,42262.5875,41952.5875,41862.5875,42106.3178148935,42081.0819988583,0.8091303848
2026-05-12 12:00:06,MXF1!,15,2026-05-12 11:45:00,42129,42145,42084,42117,42066.2635416667,42146.2635416667,42266.2635416667,41956.2635416667,41866.2635416667,42106.7367241134,42081.7932464056,0.8063640739
2026-05-12 12:15:04,MXF1!,15,2026-05-12 12:00:00,42118,42231,42117,42161,42071.4489583333,42151.4489583333,42271.4489583333,41961.4489583333,41871.4489583333,42108.8646957168,42083.3616969719,0.8139718826
2026-05-12 12:30:08,MXF1!,15,2026-05-12 12:15:00,42162,42223,42149,42188,42077.0010416667,42157.0010416667,42277.0010416667,41967.0010416667,41877.0010416667,42111.9680409828,42085.4337425764,0.8184182834
2026-05-12 12:45:03,MXF1!,15,2026-05-12 12:30:00,42186,42239,42180,42231,42082.7395833333,42162.7395833333,42282.7395833333,41972.7395833333,41882.7395833333,42116.6359609443,42088.3162427234,0.8258175687
2026-05-12 13:00:05,MXF1!,15,2026-05-12 12:45:00,42232,42250,42050,42051,42087.7791666667,42167.7791666667,42287.7791666667,41977.7791666667,41887.7791666667,42114.0620016915,42087.5773072239,0.791840825
2026-05-12 13:15:01,MXF1!,15,2026-05-12 13:00:00,42050,42128,42005,42036,42092.0291666667,42172.0291666667,42292.0291666667,41982.0291666667,41892.0291666667,42111.0007467232,42086.5559744076,0.7885371978
2026-05-12 13:30:01,MXF1!,15,2026-05-12 13:15:00,42037,42046,41912,41921,42094.03125,42174.03125,42294.03125,41984.03125,41894.03125,42103.5497370478,42083.2776382807,0.7666411751
2026-05-12 13:45:00,MXF1!,15,2026-05-12 13:30:00,41920,41927,41686,41697,42092.1947916667,42172.1947916667,42292.1947916667,41982.1947916667,41892.1947916667,42087.6066101048,42075.6285761366,0.7244626776
2026-05-12 13:47:00,MXF1!,15,2026-05-12 13:45:00,41699,41699,41699,41699,42091.9958333333,42171.9958333333,42291.9958333333,41981.9958333333,41891.9958333333,42072.3671351987,42068.1705845299,0.7243849899
2026-05-12 15:15:02,MXF1!,15,2026-05-12 15:00:00,41620,41620,41486,41598,42087.1375,42167.1375,42287.1375,41977.1375,41887.1375,42053.7645024458,42058.8602759253,0.7051090787
2026-05-12 15:30:03,MXF1!,15,2026-05-12 15:15:00,41596,41690,41592,41639,42084.3208333333,42164.3208333333,42284.3208333333,41974.3208333333,41884.3208333333,42037.4992278401,42050.5462110555,0.7123275096
2026-05-12 15:45:00,MXF1!,15,2026-05-12 15:30:00,41640,41667,41615,41620,42081.58125,42161.58125,42281.58125,41971.58125,41881.58125,42021.1267091013,42042.0205435099,0.7083393269
2026-05-12 16:00:09,MXF1!,15,2026-05-12 15:45:00,41620,41639,41571,41623,42078.2895833333,42158.2895833333,42278.2895833333,41968.2895833333,41878.2895833333,42005.5138969796,42033.7231070047,0.7084642385
2026-05-12 16:15:02,MXF1!,15,2026-05-12 16:00:00,41625,41636,41535,41555,42074.03125,42154.03125,42274.03125,41964.03125,41874.03125,41987.8466853334,42024.2434415195,0.6953056909
2026-05-12 16:30:07,MXF1!,15,2026-05-12 16:15:00,41556,41628,41530,41617,42069.7604166667,42149.7604166667,42269.7604166667,41959.7604166667,41869.7604166667,41973.3036780654,42016.1792149547,0.7064876359
2026-05-12 16:45:04,MXF1!,15,2026-05-12 16:30:00,41618,41626,41566,41585,42065.1885416667,42145.1885416667,42265.1885416667,41955.1885416667,41865.1885416667,41958.0760828472,42007.6410126784,0.700054665
2026-05-12 17:00:07,MXF1!,15,2026-05-12 16:45:00,41582,41605,41547,41568,42060.1854166667,42140.1854166667,42260.1854166667,41950.1854166667,41860.1854166667,41942.778981559,41998.9352500511,0.6964370738
2026-05-12 17:15:03,MXF1!,15,2026-05-12 17:00:00,41565,41570,41497,41567,42054.8614583333,42134.8614583333,42254.8614583333,41944.8614583333,41854.8614583333,41928.0425509097,41990.3820767828,0.6958232995
2026-05-12 17:30:01,MXF1!,15,2026-05-12 17:15:00,41567,41575,41523,41536,42049.5010416667,42129.5010416667,42249.5010416667,41939.5010416667,41849.5010416667,41912.6683332269,41981.384411896,0.6895701424
2026-05-12 17:45:03,MXF1!,15,2026-05-12 17:30:00,41537,41630,41533,41593,42044.3677083333,42124.3677083333,42244.3677083333,41934.3677083333,41844.3677083333,41900.1323201592,41973.6936314624,0.6998675075
2026-05-12 18:00:08,MXF1!,15,2026-05-12 17:45:00,41592,41601,41550,41564,42039.4666666667,42119.4666666667,42239.4666666667,41929.4666666667,41839.4666666667,41886.9506605451,41965.5808862849,0.6939768137
2026-05-12 18:15:05,MXF1!,15,2026-05-12 18:00:00,41565,41603,41553,41592,42033.5520833333,42113.5520833333,42233.5520833333,41923.5520833333,41833.5520833333,41875.3839679747,41958.1832449724,0.6988248612
2026-05-12 18:30:01,MXF1!,15,2026-05-12 18:15:00,41591,41592,41528,41542,42026.5135416667,42106.5135416667,42226.5135416667,41916.5135416667,41826.5135416667,41862.3100868777,41949.9419925967,0.6889672623
2026-05-12 18:45:02,MXF1!,15,2026-05-12 18:30:00,41543,41561,41488,41520,42018.6625,42098.6625,42218.6625,41908.6625,41818.6625,41848.8861619021,41941.428289773,0.6843944946
2026-05-12 19:00:02,MXF1!,15,2026-05-12 18:45:00,41518,41549,41491,41533,42012.109375,42092.109375,42212.109375,41902.109375,41812.109375,41836.4984692785,41933.3406008666,0.6864313166
2026-05-12 19:15:01,MXF1!,15,2026-05-12 19:00:00,41534,41548,41406,41453,42003.9375,42083.9375,42203.9375,41893.9375,41803.9375,41821.4593136205,41923.8289057999,0.6708852669
2026-05-12 19:30:03,MXF1!,15,2026-05-12 19:15:00,41453,41460,41387,41431,41994.646875,42074.646875,42194.646875,41884.646875,41794.646875,41806.1471836746,41914.0699175663,0.6663117101
2026-05-12 19:45:01,MXF1!,15,2026-05-12 19:30:00,41431,41448,41402,41433,41985.128125,42065.128125,42185.128125,41875.128125,41785.128125,41791.5139607854,41904.5437805847,0.6662834719
2026-05-12 20:00:06,MXF1!,15,2026-05-12 19:45:00,41434,41443,41347,41369,41973.3760416667,42053.3760416667,42173.3760416667,41863.3760416667,41773.3760416667,41774.9447858526,41893.9389532464,0.6537419731
2026-05-12 20:15:05,MXF1!,15,2026-05-12 20:00:00,41370,41370,41261,41333,41959.6791666667,42039.6791666667,42159.6791666667,41849.6791666667,41759.6791666667,41757.61361778,41882.8312512019,0.6465106763
2026-05-12 20:30:05,MXF1!,15,2026-05-12 20:15:00,41332,41344,41239,41310,41945.1489583333,42025.1489583333,42145.1489583333,41835.1489583333,41745.1489583333,41740.0601425729,41871.4880581088,0.6417462617
