Record Time,Symbol,Timeframe,TradingView Time,Open,High,Low,Close,MA_960,MA_P80,MA_P200,MA_N110,MA_N200,tt_short,tt_long,BBR
2026-05-11 21:51:38,MXF1!,3,2026-05-11 21:48:00,42015,42044,41963,41965,42029.0885416667,42109.0885416667,42229.0885416667,41919.0885416667,41829.0885416667,41941.3578468148,41924.4132743116,0.3795146
2026-05-12 16:24:01,MXF1!,3,2026-05-12 16:21:00,41599,41619,41595,41618,42071.4947916667,42151.4947916667,42271.4947916667,41961.4947916667,41871.4947916667,41739.3925505904,41866.4322984243,-0.0349733158
2026-05-12 16:27:05,MXF1!,3,2026-05-12 16:24:00,41615,41619,41582,41608,42070.54375,42150.54375,42270.54375,41960.54375,41870.54375,41734.2399015476,41861.3148271683,-0.0471641825
2026-05-12 16:30:03,MXF1!,3,2026-05-12 16:27:00,41607,41628,41606,41617,42069.6989583333,42149.6989583333,42269.6989583333,41959.6989583333,41869.6989583333,41729.6422583497,41856.4769097987,-0.0336480098
2026-05-12 16:33:01,MXF1!,3,2026-05-12 16:30:00,41618,41625,41601,41620,42068.7885416667,42148.7885416667,42268.7885416667,41958.7885416667,41868.7885416667,41725.3425619438,41851.7941987135,-0.0281479503
2026-05-12 16:36:02,MXF1!,3,2026-05-12 16:33:00,41616,41626,41590,41611,42067.871875,42147.871875,42267.871875,41957.871875,41867.871875,41720.8585399068,41847.0259967588,-0.0385729309
2026-05-12 16:39:01,MXF1!,3,2026-05-12 16:36:00,41611,41614,41580,41605,42066.9333333333,42146.9333333333,42266.9333333333,41956.9333333333,41866.9333333333,41716.3150677536,41842.2334027636,-0.0448550049
2026-05-12 16:42:03,MXF1!,3,2026-05-12 16:39:00,41603,41614,41576,41580,42066.0177083333,42146.0177083333,42266.0177083333,41956.0177083333,41866.0177083333,41710.9693788221,41837.0406621148,-0.076257227
2026-05-12 16:45:05,MXF1!,3,2026-05-12 16:42:00,41583,41592,41566,41585,42065.0822916667,42145.0822916667,42265.0822916667,41955.0822916667,41865.0822916667,41706.029403182,41832.0497579145,-0.067683135
2026-05-12 16:48:02,MXF1!,3,2026-05-12 16:45:00,41582,41605,41560,41564,42064.1395833333,42144.1395833333,42264.1395833333,41954.1395833333,41864.1395833333,41700.4596226651,41826.7418419162,-0.0934438838
2026-05-12 16:51:02,MXF1!,3,2026-05-12 16:48:00,41568,41581,41559,41572,42063.1729166667,42143.1729166667,42263.1729166667,41953.1729166667,41863.1729166667,41695.4219904037,41821.697449007,-0.0809373806
2026-05-12 16:54:04,MXF1!,3,2026-05-12 16:51:00,41571,41579,41548,41564,42062.2072916667,42142.2072916667,42262.2072916667,41952.2072916667,41862.2072916667,41690.2681868585,41816.5945292247,-0.0893668254
2026-05-12 16:57:03,MXF1!,3,2026-05-12 16:54:00,41565,41575,41547,41555,42061.1666666667,42141.1666666667,42261.1666666667,41951.1666666667,41861.1666666667,41684.9635520797,41811.4144395371,-0.0988379746
2026-05-12 17:00:04,MXF1!,3,2026-05-12 16:57:00,41557,41575,41555,41568,42060.1239583333,42140.1239583333,42260.1239583333,41950.1239583333,41860.1239583333,41680.3767461158,41806.5943516254,-0.079555622
2026-05-12 17:03:02,MXF1!,3,2026-05-12 17:00:00,41565,41567,41526,41567,42058.9895833333,42138.9895833333,42258.9895833333,41948.9895833333,41858.9895833333,41675.9305992093,41801.849909019,-0.0786803833
2026-05-12 17:06:01,MXF1!,3,2026-05-12 17:03:00,41567,41570,41515,41520,42057.915625,42137.915625,42257.915625,41947.915625,41857.915625,41669.8156737501,41796.2687227018,-0.1372158663
2026-05-12 17:09:01,MXF1!,3,2026-05-12 17:06:00,41519,41528,41500,41510,42056.7864583333,42136.7864583333,42256.7864583333,41946.7864583333,41856.7864583333,41663.5483924266,41790.6000351235,-0.1473879131
2026-05-12 17:12:00,MXF1!,3,2026-05-12 17:09:00,41514,41541,41497,41535,42055.746875,42135.746875,42255.746875,41945.746875,41855.746875,41658.5072789981,41785.5386482894,-0.1125376428
2026-05-12 17:15:03,MXF1!,3,2026-05-12 17:12:00,41535,41570,41532,41567,42054.75625,42134.75625,42254.75625,41944.75625,41854.75625,41654.9187582531,41781.2111503035,-0.0691138283
2026-05-12 17:18:01,MXF1!,3,2026-05-12 17:15:00,41567,41573,41540,41551,42053.7614583333,42133.7614583333,42253.7614583333,41943.7614583333,41853.7614583333,41650.8435128314,41776.6525136638,-0.0875269286
2026-05-12 17:21:02,MXF1!,3,2026-05-12 17:18:00,41552,41561,41526,41538,42052.6979166667,42132.6979166667,42252.6979166667,41942.6979166667,41852.6979166667,41646.4182770341,41771.926721314,-0.1019204398
2026-05-12 17:24:00,MXF1!,3,2026-05-12 17:21:00,41532,41557,41523,41557,42051.6125,42131.6125,42251.6125,41941.6125,41851.6125,41642.9116779347,41767.6707466345,-0.0755660314
2026-05-12 17:27:03,MXF1!,3,2026-05-12 17:24:00,41557,41575,41547,41550,42050.578125,42130.578125,42250.578125,41940.578125,41850.578125,41639.2680827216,41763.36043482,-0.08244459
2026-05-12 17:30:02,MXF1!,3,2026-05-12 17:27:00,41554,41557,41524,41536,42049.4354166667,42129.4354166667,42249.4354166667,41939.4354166667,41849.4354166667,41635.2183539874,41758.8582479919,-0.0980190015
2026-05-12 17:33:01,MXF1!,3,2026-05-12 17:30:00,41537,41619,41533,41576,42048.378125,42128.378125,42248.378125,41938.378125,41848.378125,41632.8960655957,41755.2372925861,-0.0454178933
2026-05-12 17:36:02,MXF1!,3,2026-05-12 17:33:00,41579,41630,41571,41595,42047.325,42127.325,42247.325,41937.325,41847.325,41631.4099453763,41752.0642768913,-0.0198435023
2026-05-12 17:39:00,MXF1!,3,2026-05-12 17:36:00,41595,41603,41581,41582,42046.25625,42126.25625,42246.25625,41936.25625,41846.25625,41629.4723004596,41748.6966674479,-0.0346639112
2026-05-12 17:42:02,MXF1!,3,2026-05-12 17:39:00,41581,41613,41579,41603,42045.25,42125.25,42245.25,41935.25,41845.25,41628.4341710298,41745.8115849242,-0.0067987658
2026-05-12 17:45:04,MXF1!,3,2026-05-12 17:42:00,41606,41610,41591,41593,42044.296875,42124.296875,42244.296875,41934.296875,41844.296875,41627.0445956953,41742.7856129455,-0.0179304081
2026-05-12 17:48:01,MXF1!,3,2026-05-12 17:45:00,41592,41601,41572,41583,42043.3333333333,42123.3333333333,42243.3333333333,41933.3333333333,41843.3333333333,41625.3173566484,41739.621541402,-0.0290410563
2026-05-12 17:51:00,MXF1!,3,2026-05-12 17:48:00,41582,41597,41582,41588,42042.4427083333,42122.4427083333,42242.4427083333,41932.4427083333,41842.4427083333,41623.8539308975,41736.6191346416,-0.0213189706
2026-05-12 17:54:00,MXF1!,3,2026-05-12 17:51:00,41587,41594,41565,41565,42041.5041666667,42121.5041666667,42241.5041666667,41931.5041666667,41841.5041666667,41621.5459336074,41733.2207359358,-0.0483222897
2026-05-12 17:57:02,MXF1!,3,2026-05-12 17:54:00,41566,41573,41556,41565,42040.4895833333,42120.4895833333,42240.4895833333,41930.4895833333,41840.4895833333,41619.328446015,41729.8896322539,-0.0464818743
2026-05-12 18:00:07,MXF1!,3,2026-05-12 17:57:00,41567,41569,41550,41564,42039.4166666667,42119.4166666667,42239.4166666667,41929.4166666667,41839.4166666667,41617.158703034,41726.604689041,-0.0459311584
2026-05-12 18:03:02,MXF1!,3,2026-05-12 18:00:00,41565,41575,41553,41572,42038.296875,42118.296875,42238.296875,41928.296875,41838.296875,41615.3877735032,41723.5432100501,-0.0342408376
2026-05-12 18:06:01,MXF1!,3,2026-05-12 18:03:00,41573,41584,41570,41573,42037.1541666667,42117.1541666667,42237.1541666667,41927.1541666667,41837.1541666667,41613.7255078757,41720.5621563857,-0.0312835263
2026-05-12 18:09:00,MXF1!,3,2026-05-12 18:06:00,41574,41590,41556,41584,42035.9822916667,42115.9822916667,42235.9822916667,41925.9822916667,41835.9822916667,41612.5598016845,41717.8579552692,-0.0160354343
2026-05-12 18:12:01,MXF1!,3,2026-05-12 18:09:00,41587,41603,41583,41596,42034.7989583333,42114.7989583333,42234.7989583333,41924.7989583333,41834.7989583333,41611.9103976968,41715.4449264519,0.0003159381
2026-05-12 18:15:05,MXF1!,3,2026-05-12 18:12:00,41597,41601,41587,41592,42033.5791666667,42113.5791666667,42233.5791666667,41923.5791666667,41833.5791666667,41611.1295977871,41713.0004724628,-0.0031648897
2026-05-12 18:18:02,MXF1!,3,2026-05-12 18:15:00,41591,41592,41568,41569,42032.25,42112.25,42232.25,41922.25,41832.25,41609.4774566975,41710.1489779586,-0.029788408
2026-05-12 18:21:01,MXF1!,3,2026-05-12 18:18:00,41569,41576,41560,41560,42030.9322916667,42110.9322916667,42230.9322916667,41920.9322916667,41830.9322916667,41607.537164278,41707.1757308703,-0.039139979
2026-05-12 18:24:02,MXF1!,3,2026-05-12 18:21:00,41560,41570,41556,41559,42029.5916666667,42109.5916666667,42229.5916666667,41919.5916666667,41829.5916666667,41605.633746071,41704.2415579818,-0.0386858955
2026-05-12 18:27:04,MXF1!,3,2026-05-12 18:24:00,41558,41560,41545,41546,42028.1572916667,42108.1572916667,42228.1572916667,41918.1572916667,41828.1572916667,41603.2951677937,41701.1080617841,-0.0527130709
2026-05-12 18:30:02,MXF1!,3,2026-05-12 18:27:00,41546,41546,41528,41542,42026.6114583333,42106.6114583333,42226.6114583333,41916.6114583333,41826.6114583333,41600.8914357233,41697.9574070953,-0.0556381301
2026-05-12 18:33:01,MXF1!,3,2026-05-12 18:30:00,41543,41548,41518,41529,42024.8104166667,42104.8104166667,42224.8104166667,41914.8104166667,41824.8104166667,41598.0721637342,41694.6117158657,-0.0693505339
2026-05-12 18:36:01,MXF1!,3,2026-05-12 18:33:00,41527,41540,41520,41540,42023.0864583333,42103.0864583333,42223.0864583333,41913.0864583333,41823.0864583333,41595.7948239799,41691.5500977298,-0.0540403088
2026-05-12 18:39:01,MXF1!,3,2026-05-12 18:36:00,41540,41561,41537,41550,42021.6666666667,42101.6666666667,42221.6666666667,41911.6666666667,41821.6666666667,41593.9989485297,41688.7471254975,-0.0401214079
2026-05-12 18:42:00,MXF1!,3,2026-05-12 18:39:00,41549,41549,41515,41517,42020.1854166667,42100.1854166667,42220.1854166667,41910.1854166667,41820.1854166667,41590.9793819207,41685.3461923193,-0.0777111896
2026-05-12 18:45:02,MXF1!,3,2026-05-12 18:42:00,41517,41524,41488,41520,42018.6708333333,42098.6708333333,42218.6708333333,41908.6708333333,41818.6708333333,41588.1958767473,41682.0720102932,-0.0719838591
2026-05-12 18:48:00,MXF1!,3,2026-05-12 18:45:00,41518,41528,41498,41500,42017.1979166667,42097.1979166667,42217.1979166667,41907.1979166667,41817.1979166667,41584.7372149141,41678.4666239507,-0.0935760413
2026-05-12 18:51:01,MXF1!,3,2026-05-12 18:48:00,41501,41534,41491,41531,42015.68125,42095.68125,42215.68125,41905.68125,41815.68125,41582.6298731528,41675.5464927834,-0.0545657492
2026-05-12 18:54:03,MXF1!,3,2026-05-12 18:51:00,41530,41539,41520,41528,42014.3583333333,42094.3583333333,42214.3583333333,41904.3583333333,41814.3583333333,41580.487525186,41672.624780055,-0.0562505887
2026-05-12 18:57:04,MXF1!,3,2026-05-12 18:54:00,41524,41542,41513,41537,42013.115625,42093.115625,42213.115625,41903.115625,41813.115625,41578.7821320415,41669.939140846,-0.0437520189
2026-05-12 19:00:02,MXF1!,3,2026-05-12 18:57:00,41541,41549,41528,41533,42012.0333333333,42092.0333333333,42212.0333333333,41902.0333333333,41812.0333333333,41576.9867543143,41667.2274746906,-0.0466040129
2026-05-12 19:03:01,MXF1!,3,2026-05-12 19:00:00,41534,41548,41490,41501,42010.7322916667,42090.7322916667,42210.7322916667,41900.7322916667,41810.7322916667,41574.0068815961,41663.9358415285,-0.0821922567
2026-05-12 19:06:01,MXF1!,3,2026-05-12 19:03:00,41500,41505,41422,41430,42009.121875,42089.121875,42209.121875,41899.121875,41809.121875,41568.3595529061,41659.3034486269,-0.1628476612
2026-05-12 19:09:02,MXF1!,3,2026-05-12 19:06:00,41430,41454,41406,41450,42007.3958333333,42087.3958333333,42207.3958333333,41897.3958333333,41807.3958333333,41563.7180018117,41655.1588258818,-0.1365063095
2026-05-12 19:12:01,MXF1!,3,2026-05-12 19:09:00,41448,41545,41446,41470,42005.740625,42085.740625,42205.740625,41895.740625,41805.740625,41560.0427860544,41651.4923144782,-0.1105224253
2026-05-12 19:15:01,MXF1!,3,2026-05-12 19:12:00,41470,41485,41450,41453,42003.9697916667,42083.9697916667,42203.9697916667,41893.9697916667,41803.9697916667,41555.8450297385,41647.5617735975,-0.1276416222
2026-05-12 19:18:01,MXF1!,3,2026-05-12 19:15:00,41453,41460,41418,41420,42002.1697916667,42082.1697916667,42202.1697916667,41892.1697916667,41802.1697916667,41550.5177736704,41643.0555998629,-0.1629165679
2026-05-12 19:21:00,MXF1!,3,2026-05-12 19:18:00,41422,41422,41389,41394,42000.1833333333,42080.1833333333,42200.1833333333,41890.1833333333,41800.1833333333,41544.3798217617,41638.1238058062,-0.1895908381
2026-05-12 19:24:01,MXF1!,3,2026-05-12 19:21:00,41400,41420,41387,41417,41998.1802083333,42078.1802083333,42198.1802083333,41888.1802083333,41798.1802083333,41539.3845346338,41633.7451165823,-0.1599147884
2026-05-12 19:27:01,MXF1!,3,2026-05-12 19:24:00,41418,41443,41395,41434,41996.284375,42076.284375,42196.284375,41886.284375,41796.284375,41535.2518077854,41629.7897677391,-0.1375005829
2026-05-12 19:30:03,MXF1!,3,2026-05-12 19:27:00,41433,41441,41421,41431,41994.6375,42074.6375,42194.6375,41884.6375,41794.6375,41531.1635015978,41625.8533366947,-0.1380829704
2026-05-12 19:33:02,MXF1!,3,2026-05-12 19:30:00,41431,41438,41414,41414,41992.98125,42072.98125,42192.98125,41882.98125,41792.98125,41526.5688544763,41621.6582211166,-0.1544639159
2026-05-12 19:36:02,MXF1!,3,2026-05-12 19:33:00,41414,41424,41402,41414,41991.171875,42071.171875,42191.171875,41881.171875,41791.171875,41522.1543895949,41617.5461771341,-0.1515024388
2026-05-12 19:39:01,MXF1!,3,2026-05-12 19:36:00,41413,41431,41402,41431,41989.2802083333,42069.2802083333,42189.2802083333,41879.2802083333,41789.2802083333,41518.57970765,41613.8521934285,-0.1295096578
2026-05-12 19:42:01,MXF1!,3,2026-05-12 19:39:00,41432,41448,41421,41437,41987.340625,42067.340625,42187.340625,41877.340625,41787.340625,41515.3805034284,41610.3501697962,-0.1201191275
2026-05-12 19:45:02,MXF1!,3,2026-05-12 19:42:00,41437,41445,41419,41433,41985.2708333333,42065.2708333333,42185.2708333333,41875.2708333333,41785.2708333333,41512.1498954508,41606.8382852458,-0.1220287442
2026-05-12 19:48:01,MXF1!,3,2026-05-12 19:45:00,41434,41443,41410,41420,41983.1291666667,42063.1291666667,42183.1291666667,41873.1291666667,41783.1291666667,41508.5361740606,41603.1385172211,-0.1338545435
2026-05-12 19:51:02,MXF1!,3,2026-05-12 19:48:00,41419,41427,41408,41410,41980.9541666667,42060.9541666667,42180.9541666667,41870.9541666667,41780.9541666667,41504.6720103719,41599.3139921277,-0.1421875213
2026-05-12 19:54:00,MXF1!,3,2026-05-12 19:51:00,41410,41420,41375,41390,41978.553125,42058.553125,42178.553125,41868.553125,41778.553125,41500.1750687887,41595.1691606004,-0.1614419766
2026-05-12 19:57:02,MXF1!,3,2026-05-12 19:54:00,41388,41394,41347,41389,41976.0333333333,42056.0333333333,42176.0333333333,41866.0333333333,41776.0333333333,41495.8152621696,41591.0866029647,-0.1594810587
2026-05-12 20:00:02,MXF1!,3,2026-05-12 19:57:00,41387,41394,41363,41369,41973.5645833333,42053.5645833333,42173.5645833333,41863.5645833333,41773.5645833333,41490.8421146335,41586.6888484506,-0.1782991175
2026-05-12 20:03:02,MXF1!,3,2026-05-12 20:00:00,41370,41370,41336,41352,41970.9666666667,42050.9666666667,42170.9666666667,41860.9666666667,41770.9666666667,41485.3973258243,41582.0415445209,-0.1935386402
2026-05-12 20:06:01,MXF1!,3,2026-05-12 20:03:00,41350,41350,41310,41319,41968.2145833333,42048.2145833333,42168.2145833333,41858.2145833333,41768.2145833333,41478.8719404979,41576.832801065,-0.2258886555
2026-05-12 20:09:01,MXF1!,3,2026-05-12 20:06:00,41319,41319,41261,41275,41965.3697916667,42045.3697916667,42165.3697916667,41855.3697916667,41765.3697916667,41470.8769624392,41570.8559139152,-0.2694593693
2026-05-12 20:12:01,MXF1!,3,2026-05-12 20:09:00,41275,41313,41272,41309,41962.55625,42042.55625,42162.55625,41852.55625,41762.55625,41464.5288462651,41565.6706482931,-0.2283496213
2026-05-12 20:15:06,MXF1!,3,2026-05-12 20:12:00,41310,41334,41307,41333,41959.8875,42039.8875,42159.8875,41849.8875,41759.8875,41459.3708522939,41561.063308723,-0.1986604009
2026-05-12 20:18:02,MXF1!,3,2026-05-12 20:15:00,41332,41344,41304,41310,41957.1833333333,42037.1833333333,42157.1833333333,41847.1833333333,41757.1833333333,41453.5131718118,41556.0917580552,-0.2196998344
2026-05-12 20:21:02,MXF1!,3,2026-05-12 20:18:00,41309,41317,41290,41291,41954.4020833333,42034.4020833333,42154.4020833333,41844.4020833333,41754.4020833333,41447.1401062505,41550.8424163115,-0.2361202836
2026-05-12 20:24:01,MXF1!,3,2026-05-12 20:21:00,41290,41298,41255,41258,41951.459375,42031.459375,42151.459375,41841.459375,41751.459375,41439.7228471819,41545.0435565826,-0.2669569123
2026-05-12 20:27:02,MXF1!,3,2026-05-12 20:24:00,41258,41294,41239,41294,41948.4635416667,42028.4635416667,42148.4635416667,41838.4635416667,41748.4635416667,41434.0082257238,41540.0723970463,-0.2247794627
2026-05-12 20:30:04,MXF1!,3,2026-05-12 20:27:00,41292,41320,41268,41310,41945.45625,42025.45625,42145.45625,41835.45625,41745.45625,41429.1451580483,41535.5165079959,-0.2042277721
2026-05-12 20:33:02,MXF1!,3,2026-05-12 20:30:00,41314,41352,41251,41273,41942.3791666667,42022.3791666667,42142.3791666667,41832.3791666667,41742.3791666667,41423.021818517,41530.3181613029,-0.2395264878
2026-05-12 20:36:02,MXF1!,3,2026-05-12 20:33:00,41277,41365,41276,41362,41939.5260416667,42019.5260416667,42139.5260416667,41829.5260416667,41739.5260416667,41420.6288060262,41526.9851284058,-0.1427764521
2026-05-12 20:39:02,MXF1!,3,2026-05-12 20:36:00,41361,41454,41360,41440,41936.8895833333,42016.8895833333,42136.8895833333,41826.8895833333,41736.8895833333,41421.3884606918,41525.2626506156,-0.058634804
2026-05-12 20:42:01,MXF1!,3,2026-05-12 20:39:00,41440,41491,41387,41398,41934.3708333333,42014.3708333333,42134.3708333333,41824.3708333333,41734.3708333333,41420.4712661549,41522.7425981281,-0.1004989683
2026-05-12 20:45:03,MXF1!,3,2026-05-12 20:42:00,41396,41433,41394,41406,41931.7770833333,42011.7770833333,42131.7770833333,41821.7770833333,41731.7770833333,41419.9037655213,41520.4308635117,-0.089939603
2026-05-12 20:48:02,MXF1!,3,2026-05-12 20:45:00,41406,41437,41406,41422,41929.2104166667,42009.2104166667,42129.2104166667,41819.2104166667,41729.2104166667,41419.985970795,41518.4817375016,-0.0711710351
2026-05-12 20:51:00,MXF1!,3,2026-05-12 20:48:00,41422,41441,41422,41433,41926.6385416667,42006.6385416667,42126.6385416667,41816.6385416667,41726.6385416667,41420.4963248815,41516.7890298283,-0.0576535875
2026-05-12 20:54:01,MXF1!,3,2026-05-12 20:51:00,41434,41457,41426,41430,41924.0510416667,42004.0510416667,42124.0510416667,41814.0510416667,41724.0510416667,41420.8690180234,41515.0704351782,-0.0587250554
2026-05-12 20:57:01,MXF1!,3,2026-05-12 20:54:00,41432,41457,41409,41412,41921.39375,42001.39375,42121.39375,41811.39375,41721.39375,41420.521213395,41513.0294364618,-0.0752555179
2026-05-12 21:00:03,MXF1!,3,2026-05-12 20:57:00,41416,41421,41403,41412,41918.75625,41998.75625,42118.75625,41808.75625,41718.75625,41420.1870481638,41511.0288535616,-0.0731664705
2026-05-12 21:03:01,MXF1!,3,2026-05-12 21:00:00,41411,41435,41408,41428,41916.084375,41996.084375,42116.084375,41806.084375,41716.084375,41420.4934384319,41509.3847178475,-0.0547648317
2026-05-12 21:06:02,MXF1!,3,2026-05-12 21:03:00,41427,41435,41382,41393,41913.2895833333,41993.2895833333,42113.2895833333,41803.2895833333,41713.2895833333,41419.4152643758,41507.0800699693,-0.0888142994
2026-05-12 21:09:01,MXF1!,3,2026-05-12 21:06:00,41392,41392,41360,41372,41910.3208333333,41990.3208333333,42110.3208333333,41800.3208333333,41710.3208333333,41417.5558422434,41504.4052170987,-0.1080338295
2026-05-12 21:12:02,MXF1!,3,2026-05-12 21:09:00,41372,41403,41370,41403,41907.3958333333,41987.3958333333,42107.3958333333,41797.3958333333,41707.3958333333,41416.9850249005,41502.3971929977,-0.0739462568
2026-05-12 21:15:04,MXF1!,3,2026-05-12 21:12:00,41402,41409,41375,41377,41904.375,41984.375,42104.375,41794.375,41704.375,41415.4169847083,41499.9140802651,-0.0981821183
2026-05-12 21:18:01,MXF1!,3,2026-05-12 21:15:00,41375,41378,41318,41318,41901.2697916667,41981.2697916667,42101.2697916667,41791.2697916667,41701.2697916667,41411.5967107982,41496.3118212499,-0.1554936246
2026-05-12 21:21:01,MXF1!,3,2026-05-12 21:18:00,41322,41354,41318,41329,41898.2395833333,41978.2395833333,42098.2395833333,41788.2395833333,41698.2395833333,41408.3576241002,41492.9987158786,-0.1413504182
2026-05-12 21:24:02,MXF1!,3,2026-05-12 21:21:00,41330,41359,41323,41355,41895.2739583333,41975.2739583333,42095.2739583333,41785.2739583333,41695.2739583333,41406.2651682532,41490.2660680395,-0.1123482839
2026-05-12 21:27:02,MXF1!,3,2026-05-12 21:24:00,41355,41369,41334,41339,41892.3083333333,41972.3083333333,42092.3083333333,41782.3083333333,41692.3083333333,41403.6273185177,41487.2707003555,-0.1258885908
2026-05-12 21:30:06,MXF1!,3,2026-05-12 21:27:00,41340,41370,41323,41361,41889.375,41969.375,42089.375,41779.375,41689.375,41401.955658968,41484.7702904475,-0.1015132271
2026-05-12 21:33:02,MXF1!,3,2026-05-12 21:30:00,41362,41402,41307,41388,41886.4541666667,41966.4541666667,42086.4541666667,41776.4541666667,41686.4541666667,41401.4083782242,41482.8540470723,-0.0726005982
2026-05-12 21:36:02,MXF1!,3,2026-05-12 21:33:00,41388,41440,41378,41402,41883.7291666667,41963.7291666667,42083.7291666667,41773.7291666667,41683.7291666667,41401.4315790781,41481.2529768332,-0.0573544248
2026-05-12 21:39:02,MXF1!,3,2026-05-12 21:36:00,41398,41468,41395,41461,41881.1145833333,41961.1145833333,42081.1145833333,41771.1145833333,41681.1145833333,41403.7675955849,41480.851927787,0.0029890626
2026-05-12 21:42:02,MXF1!,3,2026-05-12 21:39:00,41463,41513,41451,41475,41878.740625,41958.740625,42078.740625,41768.740625,41678.740625,41406.561023209,41480.7360480289,0.017857531
2026-05-12 21:45:10,MXF1!,3,2026-05-12 21:42:00,41475,41555,41470,41553,41876.6260416667,41956.6260416667,42076.6260416667,41766.6260416667,41676.6260416667,41412.3037281812,41482.1670173748,0.0965178376
2026-05-12 21:48:01,MXF1!,3,2026-05-12 21:45:00,41550,41563,41466,41475,41874.3791666667,41954.3791666667,42074.3791666667,41764.3791666667,41674.3791666667,41414.7624055074,41482.0250962387,0.0197217871
2026-05-12 21:51:02,MXF1!,3,2026-05-12 21:48:00,41470,41472,41413,41425,41871.93125,41951.93125,42071.93125,41761.93125,41671.93125,41415.1638798013,41480.8958864122,-0.028691199
2026-05-12 21:54:02,MXF1!,3,2026-05-12 21:51:00,41426,41476,41410,41467,41869.5072916667,41949.5072916667,42069.5072916667,41759.5072916667,41669.5072916667,41417.1966688287,41480.6207203446,0.0144457617
2026-05-12 21:57:01,MXF1!,3,2026-05-12 21:54:00,41465,41470,41330,41335,41866.9020833333,41946.9020833333,42066.9020833333,41756.9020833333,41666.9020833333,41413.9732700511,41477.7371417239,-0.1142881254
2026-05-12 22:00:19,MXF1!,3,2026-05-12 21:57:00,41335,41337,41251,41295,41864.01875,41944.01875,42064.01875,41754.01875,41664.01875,41409.3076516177,41474.1185844621,-0.1509594891
2026-05-12 22:03:01,MXF1!,3,2026-05-12 22:00:00,41295,41358,41262,41310,41861.1,41941.1,42061.1,41751.1,41661.1,41405.4132339072,41470.8687115024,-0.1333701078
2026-05-12 22:06:02,MXF1!,3,2026-05-12 22:03:00,41313,41324,41268,41315,41858.159375,41938.159375,42058.159375,41748.159375,41658.159375,41401.8676168912,41467.7822023637,-0.1257641434
2026-05-12 22:09:01,MXF1!,3,2026-05-12 22:06:00,41314,41340,41285,41321,41855.2708333333,41935.2708333333,42055.2708333333,41745.2708333333,41655.2708333333,41398.6963377974,41464.8756240991,-0.1172554765
2026-05-12 22:12:01,MXF1!,3,2026-05-12 22:09:00,41322,41355,41291,41319,41852.4395833333,41932.4395833333,42052.4395833333,41742.4395833333,41652.4395833333,41395.5709912172,41461.9869978793,-0.1166344979
2026-05-12 22:15:04,MXF1!,3,2026-05-12 22:12:00,41317,41383,41314,41366,41849.740625,41929.740625,42049.740625,41739.740625,41649.740625,41394.4113445028,41460.0862652481,-0.0686813884
2026-05-12 22:18:02,MXF1!,3,2026-05-12 22:15:00,41365,41383,41304,41314,41847.0010416667,41927.0010416667,42047.0010416667,41737.0010416667,41647.0010416667,41391.2579584438,41457.1934679164,-0.1166097019
2026-05-12 22:21:01,MXF1!,3,2026-05-12 22:18:00,41313,41362,41294,41329,41844.246875,41924.246875,42044.246875,41734.246875,41644.246875,41388.8164698774,41454.6549834032,-0.099640506
2026-05-12 22:24:01,MXF1!,3,2026-05-12 22:21:00,41329,41335,41276,41280,41841.29375,41921.29375,42041.29375,41731.29375,41641.29375,41384.5491573332,41451.1964688804,-0.1440520046
2026-05-12 22:27:01,MXF1!,3,2026-05-12 22:24:00,41281,41308,41206,41239,41838.146875,41918.146875,42038.146875,41728.146875,41638.146875,41378.8413472417,41446.9945586055,-0.180139501
2026-05-12 22:30:02,MXF1!,3,2026-05-12 22:27:00,41238,41242,41157,41196,41834.7416666667,41914.7416666667,42034.7416666667,41724.7416666667,41634.7416666667,41371.6710983303,41442.0243693262,-0.2175064771
2026-05-12 22:33:01,MXF1!,3,2026-05-12 22:30:00,41196,41197,41110,41115,41831.184375,41911.184375,42031.184375,41721.184375,41631.184375,41361.6055650624,41435.5486392405,-0.2898697087
2026-05-12 22:36:02,MXF1!,3,2026-05-12 22:33:00,41114,41143,41074,41103,41827.5260416667,41907.5260416667,42027.5260416667,41717.5260416667,41627.5260416667,41351.4641703541,41428.9635176714,-0.2961978803
2026-05-12 22:39:01,MXF1!,3,2026-05-12 22:36:00,41103,41206,41089,41183,41823.9145833333,41903.9145833333,42023.9145833333,41713.9145833333,41623.9145833333,41344.857732301,41424.0929529651,-0.2168129042
2026-05-12 22:42:02,MXF1!,3,2026-05-12 22:39:00,41184,41217,41164,41202,41820.4385416667,41900.4385416667,42020.4385416667,41710.4385416667,41620.4385416667,41339.2554682892,41419.6950727083,-0.1954124346
2026-05-12 22:45:05,MXF1!,3,2026-05-12 22:42:00,41204,41256,41185,41185,41817.0270833333,41897.0270833333,42017.0270833333,41707.0270833333,41617.0270833333,41333.2062342386,41415.047645526,-0.2075841033
2026-05-12 22:48:01,MXF1!,3,2026-05-12 22:45:00,41186,41194,41133,41149,41813.4375,41893.4375,42013.4375,41703.4375,41613.4375,41325.9824603469,41409.7793753175,-0.2369998867
2026-05-12 22:51:02,MXF1!,3,2026-05-12 22:48:00,41148,41148,41058,41058,41809.6375,41889.6375,42009.6375,41699.6375,41609.6375,41315.4733442549,41402.8134470934,-0.3160501254
2026-05-12 22:54:03,MXF1!,3,2026-05-12 22:51:00,41058,41140,41035,41122,41805.9041666667,41885.9041666667,42005.9041666667,41695.9041666667,41605.9041666667,41307.8861542841,41397.2527847747,-0.2525764886
2026-05-12 22:57:01,MXF1!,3,2026-05-12 22:54:00,41119,41120,41056,41066,41802.153125,41882.153125,42002.153125,41692.153125,41602.153125,41298.4004227435,41390.6933236901,-0.2989227458
2026-05-12 23:00:03,MXF1!,3,2026-05-12 22:57:00,41064,41077,41021,41045,41798.3041666667,41878.3041666667,41998.3041666667,41688.3041666667,41598.3041666667,41288.4631512634,41383.8479113398,-0.3128015531
2026-05-12 23:03:02,MXF1!,3,2026-05-12 23:00:00,41044,41082,41012,41042,41794.3875,41874.3875,41994.3875,41684.3875,41594.3875,41278.7979296452,41377.0786457687,-0.3103177852
2026-05-12 23:06:02,MXF1!,3,2026-05-12 23:03:00,41041,41079,41010,41045,41790.475,41870.475,41990.475,41680.475,41590.475,41269.6293833846,41370.502831001,-0.3024704446
2026-05-12 23:09:01,MXF1!,3,2026-05-12 23:06:00,41045,41080,41030,41051,41786.528125,41866.528125,41986.528125,41676.528125,41586.528125,41261.0556820754,41364.1760422683,-0.2920927359
2026-05-12 23:12:01,MXF1!,3,2026-05-12 23:09:00,41056,41058,41008,41012,41782.484375,41862.484375,41982.484375,41672.484375,41582.484375,41251.2887925823,41357.2022592531,-0.3214427473
2026-05-12 23:15:05,MXF1!,3,2026-05-12 23:12:00,41011,41031,40973,40976,41778.3427083333,41858.3427083333,41978.3427083333,41668.3427083333,41578.3427083333,41240.4931536575,41349.6536996639,-0.3474829135
2026-05-12 23:18:01,MXF1!,3,2026-05-12 23:15:00,40975,40989,40907,40937,41774.0583333333,41854.0583333333,41974.0583333333,41664.0583333333,41574.0583333333,41228.5914613572,41341.4823392746,-0.3754302308
2026-05-12 23:21:01,MXF1!,3,2026-05-12 23:18:00,40937,40945,40893,40933,41769.728125,41849.728125,41969.728125,41659.728125,41569.728125,41216.9996393432,41333.393580081,-0.3724392185
2026-05-12 23:24:01,MXF1!,3,2026-05-12 23:21:00,40931,40940,40842,40845,41765.2364583333,41845.2364583333,41965.2364583333,41655.2364583333,41565.2364583333,41202.4114181925,41323.7224200794,-0.4412277227
2026-05-12 23:27:01,MXF1!,3,2026-05-12 23:24:00,40845,40876,40820,40865,41760.6229166667,41840.6229166667,41960.6229166667,41650.6229166667,41560.6229166667,41189.1795978712,41314.6388078006,-0.4164699706
2026-05-12 23:30:08,MXF1!,3,2026-05-12 23:27:00,40868,40886,40816,40864,41756.0385416667,41836.0385416667,41956.0385416667,41646.0385416667,41556.0385416667,41176.4274567782,41305.7152670521,-0.4100103466
2026-05-12 23:33:07,MXF1!,3,2026-05-12 23:30:00,40865,40927,40862,40915,41751.5708333333,41831.5708333333,41951.5708333333,41641.5708333333,41551.5708333333,41166.1753996496,41297.9783310708,-0.3601483552
2026-05-12 23:36:01,MXF1!,3,2026-05-12 23:33:00,40916,40946,40892,40912,41747.2020833333,41827.2020833333,41947.2020833333,41637.2020833333,41547.2020833333,41156.2077369183,41290.3351958021,-0.3564902898
2026-05-12 23:39:02,MXF1!,3,2026-05-12 23:36:00,40914,40964,40894,40963,41742.8947916667,41822.8947916667,41942.8947916667,41632.8947916667,41542.8947916667,41148.6309629215,41283.8533107367,-0.3081587356
2026-05-12 23:42:01,MXF1!,3,2026-05-12 23:39:00,40964,40966,40909,40917,41738.625,41818.625,41938.625,41628.625,41538.625,41139.5473957481,41276.5888887419,-0.3408678509
2026-05-12 23:45:11,MXF1!,3,2026-05-12 23:42:00,40914,40945,40889,40927,41734.3291666667,41814.3291666667,41934.3291666667,41624.3291666667,41534.3291666667,41131.212203758,41269.6663364896,-0.3269019955
2026-05-12 23:48:01,MXF1!,3,2026-05-12 23:45:00,40928,40958,40891,40898,41730.0229166667,41810.0229166667,41930.0229166667,41620.0229166667,41530.0229166667,41122.06662714,41262.3066070542,-0.3450150954
2026-05-12 23:51:02,MXF1!,3,2026-05-12 23:48:00,40898,40910,40882,40900,41725.6458333333,41805.6458333333,41925.6458333333,41615.6458333333,41525.6458333333,41113.3581319581,41255.1322187957,-0.3375664858
2026-05-12 23:54:01,MXF1!,3,2026-05-12 23:51:00,40901,40923,40882,40884,41721.2458333333,41801.2458333333,41921.2458333333,41611.2458333333,41521.2458333333,41104.3636954107,41247.7830659482,-0.3447862367
2026-05-12 23:57:35,MXF1!,3,2026-05-12 23:54:00,40887,40887,40844,40871,41716.79375,41796.79375,41916.79375,41606.79375,41516.79375,41095.2121779436,41240.3220151374,-0.3494609051
2026-05-13 00:00:31,MXF1!,3,2026-05-12 23:57:00,40870,40877,40805,40831,41712.3052083333,41792.3052083333,41912.3052083333,41602.3052083333,41512.3052083333,41084.8509160635,41232.216628699,-0.3754015229
2026-05-13 00:03:05,MXF1!,3,2026-05-13 00:00:00,40828,40900,40782,40893,41707.9510416667,41787.9510416667,41907.9510416667,41597.9510416667,41507.9510416667,41077.3273507276,41225.4994677347,-0.3200580969
2026-05-13 00:06:01,MXF1!,3,2026-05-13 00:03:00,40894,40933,40886,40912,41703.6822916667,41783.6822916667,41903.6822916667,41593.6822916667,41503.6822916667,41070.8439252089,41219.2915574825,-0.2997105445
2026-05-13 00:09:01,MXF1!,3,2026-05-13 00:06:00,40910,40927,40875,40884,41699.290625,41779.290625,41899.290625,41589.290625,41499.290625,41063.5167124556,41212.6521207007,-0.3165783383
2026-05-13 00:12:03,MXF1!,3,2026-05-13 00:09:00,40881,40905,40868,40894,41694.8802083333,41774.8802083333,41894.8802083333,41584.8802083333,41494.8802083333,41056.8689982417,41206.3421777165,-0.3034458845
2026-05-13 00:15:03,MXF1!,3,2026-05-13 00:12:00,40891,40960,40888,40947,41690.6885416667,41770.6885416667,41890.6885416667,41580.6885416667,41490.6885416667,41052.5604100753,41201.2066890488,-0.2572615772
2026-05-13 00:18:01,MXF1!,3,2026-05-13 00:15:00,40946,40955,40905,40920,41686.4739583333,41766.4739583333,41886.4739583333,41576.4739583333,41486.4739583333,41047.3619626214,41195.6382397608,-0.2737106262
2026-05-13 00:21:01,MXF1!,3,2026-05-13 00:18:00,40922,40933,40882,40917,41682.2333333333,41762.2333333333,41882.2333333333,41572.2333333333,41482.2333333333,41042.2497287931,41190.1206508546,-0.2713747593
2026-05-13 00:24:01,MXF1!,3,2026-05-13 00:21:00,40918,40922,40861,40863,41677.8760416667,41757.8760416667,41877.8760416667,41567.8760416667,41477.8760416667,41035.220327664,41183.643014204,-0.3079671077
2026-05-13 00:27:01,MXF1!,3,2026-05-13 00:24:00,40867,40877,40826,40849,41673.5239583333,41753.5239583333,41873.5239583333,41563.5239583333,41473.5239583333,41027.9175697164,41177.0164198633,-0.3133592344
2026-05-13 00:30:13,MXF1!,3,2026-05-13 00:27:00,40853,40858,40817,40839,41669.1489583333,41749.1489583333,41869.1489583333,41559.1489583333,41469.1489583333,41020.5090375706,41170.3230254106,-0.3155824173
2026-05-13 00:33:01,MXF1!,3,2026-05-13 00:30:00,40831,40847,40794,40822,41664.6833333333,41744.6833333333,41864.6833333333,41554.6833333333,41464.6833333333,41012.7243694306,41163.4255397589,-0.3229743627
2026-05-13 00:36:03,MXF1!,3,2026-05-13 00:33:00,40823,40827,40797,40818,41660.178125,41740.178125,41860.178125,41550.178125,41460.178125,41005.088119649,41156.5854300607,-0.3204817229
2026-05-13 00:39:02,MXF1!,3,2026-05-13 00:36:00,40819,40864,40803,40803,41655.7583333333,41735.7583333333,41855.7583333333,41545.7583333333,41455.7583333333,40997.163095349,41149.5837383763,-0.3261706113
2026-05-13 00:42:01,MXF1!,3,2026-05-13 00:39:00,40803,40832,40764,40768,41651.20625,41731.20625,41851.20625,41541.20625,41451.20625,40988.1763072961,41142.0276247451,-0.3464131357
2026-05-13 00:45:03,MXF1!,3,2026-05-13 00:42:00,40771,40800,40756,40800,41646.5614583333,41726.5614583333,41846.5614583333,41536.5614583333,41446.5614583333,40980.7968442649,41135.2548004927,-0.3170740642
2026-05-13 00:48:01,MXF1!,3,2026-05-13 00:45:00,40799,40820,40759,40760,41641.8822916667,41721.8822916667,41841.8822916667,41531.8822916667,41441.8822916667,40972.1381444898,41127.8240123642,-0.3408244995
2026-05-13 00:51:02,MXF1!,3,2026-05-13 00:48:00,40758,40784,40752,40762,41637.1364583333,41717.1364583333,41837.1364583333,41527.1364583333,41437.1364583333,40963.8974329412,41120.5799725154,-0.3335760266
2026-05-13 00:54:03,MXF1!,3,2026-05-13 00:51:00,40764,40796,40745,40756,41632.3885416667,41712.3885416667,41832.3885416667,41522.3885416667,41432.3885416667,40955.7445924337,41113.360567119,-0.3322205298
2026-05-13 00:57:02,MXF1!,3,2026-05-13 00:54:00,40751,40779,40738,40762,41627.6520833333,41707.6520833333,41827.6520833333,41517.6520833333,41427.6520833333,40948.1467652794,41106.4029321266,-0.3222853521
2026-05-13 01:00:22,MXF1!,3,2026-05-13 00:57:00,40765,40765,40738,40753,41622.8739583333,41702.8739583333,41822.8739583333,41512.8739583333,41422.8739583333,40940.4939509547,41099.4048542627,-0.3232237877
2026-05-13 01:03:02,MXF1!,3,2026-05-13 01:00:00,40756,40796,40756,40787,41618.234375,41698.234375,41818.234375,41508.234375,41418.234375,40934.4745803291,41093.2186195248,-0.2936696261
2026-05-13 01:06:02,MXF1!,3,2026-05-13 01:03:00,40787,40854,40782,40851,41613.7645833333,41693.7645833333,41813.7645833333,41503.7645833333,41413.7645833333,40931.201067375,41088.4222112174,-0.2435613914
2026-05-13 01:09:02,MXF1!,3,2026-05-13 01:06:00,40852,40886,40838,40845,41609.3520833333,41689.3520833333,41809.3520833333,41499.3520833333,41409.3520833333,40927.8206333603,41083.6019694111,-0.2436244285
2026-05-13 01:12:02,MXF1!,3,2026-05-13 01:09:00,40844,40892,40827,40873,41604.9947916667,41684.9947916667,41804.9947916667,41494.9947916667,41404.9947916667,40925.6708046011,41079.4316333832,-0.219877229
2026-05-13 01:15:07,MXF1!,3,2026-05-13 01:12:00,40874,40926,40860,40906,41600.6958333333,41680.6958333333,41800.6958333333,41490.6958333333,41400.6958333333,40924.8994004991,41075.9973436132,-0.1930809148
2026-05-13 01:18:03,MXF1!,3,2026-05-13 01:15:00,40908,40935,40904,40925,41596.4489583333,41676.4489583333,41796.4489583333,41486.4489583333,41396.4489583333,40924.9033455775,41073.007297205,-0.1764402831
2026-05-13 01:21:02,MXF1!,3,2026-05-13 01:18:00,40923,40966,40909,40917,41592.2604166667,41672.2604166667,41792.2604166667,41482.2604166667,41392.2604166667,40924.5934104568,41069.918043795,-0.178777891
2026-05-13 01:24:02,MXF1!,3,2026-05-13 01:21:00,40917,40945,40897,40928,41588.065625,41668.065625,41788.065625,41478.065625,41388.065625,40924.7270022036,41067.107785502,-0.167972481
2026-05-13 01:27:00,MXF1!,3,2026-05-13 01:24:00,40926,40947,40851,40870,41583.7322916667,41663.7322916667,41783.7322916667,41473.7322916667,41383.7322916667,40922.5808452545,41063.2046610367,-0.2047105049
2026-05-13 01:30:05,MXF1!,3,2026-05-13 01:27:00,40868,40874,40821,40847,41579.28125,41659.28125,41779.28125,41469.28125,41379.28125,40919.6168905386,41058.9233806201,-0.2168524716
2026-05-13 01:33:01,MXF1!,3,2026-05-13 01:30:00,40846,40863,40833,40850,41574.8458333333,41654.8458333333,41774.8458333333,41464.8458333333,41374.8458333333,40916.8868163998,41054.7862839742,-0.2110614092
2026-05-13 01:36:03,MXF1!,3,2026-05-13 01:33:00,40849,40896,40847,40850,41570.475,41650.475,41770.475,41460.475,41370.475,40914.263803992,41050.7311100341,-0.2073828624
2026-05-13 01:39:01,MXF1!,3,2026-05-13 01:36:00,40853,40862,40831,40846,41566.05,41646.05,41766.05,41456.05,41366.05,40911.5867920708,41046.6770286473,-0.2064643303
2026-05-13 01:42:03,MXF1!,3,2026-05-13 01:39:00,40844,40884,40842,40871,41561.6875,41641.6875,41761.6875,41451.6875,41361.6875,40909.995153166,41043.1982756047,-0.186038181
2026-05-13 01:45:06,MXF1!,3,2026-05-13 01:42:00,40871,40894,40868,40871,41557.3239583333,41637.3239583333,41757.3239583333,41447.3239583333,41357.3239583333,40908.4659314732,41039.7884087611,-0.182770829
2026-05-13 01:48:06,MXF1!,3,2026-05-13 01:45:00,40873,40898,40869,40883,41552.9947916667,41632.9947916667,41752.9947916667,41442.9947916667,41352.9947916667,40907.4672674939,41036.6836877955,-0.1715046155
2026-05-13 01:51:02,MXF1!,3,2026-05-13 01:48:00,40883,40888,40858,40865,41548.6375,41628.6375,41748.6375,41438.6375,41348.6375,40905.8018844549,41033.2840108095,-0.1803968617
2026-05-13 01:54:03,MXF1!,3,2026-05-13 01:51:00,40862,40888,40850,40880,41544.278125,41624.278125,41744.278125,41434.278125,41344.278125,40904.7900458488,41030.2486838627,-0.1672571339
2026-05-13 01:57:02,MXF1!,3,2026-05-13 01:54:00,40879,40907,40872,40890,41539.9552083333,41619.9552083333,41739.9552083333,41429.9552083333,41339.9552083333,40904.2100440509,41027.4714822021,-0.1576131272
2026-05-13 02:00:09,MXF1!,3,2026-05-13 01:57:00,40888,40908,40878,40906,41535.64375,41615.64375,41735.64375,41425.64375,41335.64375,40904.2802384018,41025.0661063169,-0.1442009843
2026-05-13 02:03:03,MXF1!,3,2026-05-13 02:00:00,40905,40943,40891,40919,41531.578125,41611.578125,41731.578125,41421.578125,41331.578125,40904.8574839547,41022.9657873799,-0.1329216216
2026-05-13 02:06:04,MXF1!,3,2026-05-13 02:03:00,40914,40942,40914,40922,41527.5614583333,41607.5614583333,41727.5614583333,41417.5614583333,41327.5614583333,40905.5297394859,41020.9664648576,-0.1283275178
2026-05-13 02:09:03,MXF1!,3,2026-05-13 02:06:00,40916,40921,40887,40915,41523.4458333333,41603.4458333333,41723.4458333333,41413.4458333333,41323.4458333333,40905.9011222511,41018.8681190188,-0.1302732513
2026-05-13 02:12:03,MXF1!,3,2026-05-13 02:09:00,40910,40922,40891,40906,41519.4239583333,41599.4239583333,41719.4239583333,41409.4239583333,41319.4239583333,40905.9049998099,41016.633106761,-0.1335039584
2026-05-13 02:15:18,MXF1!,3,2026-05-13 02:12:00,40906,40934,40895,40931,41515.43125,41595.43125,41715.43125,41405.43125,41315.43125,40906.8891174644,41014.9374016766,-0.1146117598
2026-05-13 02:18:02,MXF1!,3,2026-05-13 02:15:00,40932,40942,40925,40928,41511.15625,41591.15625,41711.15625,41401.15625,41311.15625,40907.7169952109,41013.2158689702,-0.1140541892
2026-05-13 02:21:10,MXF1!,3,2026-05-13 02:18:00,40925,40939,40917,40930,41506.89375,41586.89375,41706.89375,41396.89375,41306.89375,40908.590838536,41011.5680299806,-0.1102574512
2026-05-13 02:24:04,MXF1!,3,2026-05-13 02:21:00,40928,40939,40920,40931,41502.6135416667,41582.6135416667,41702.6135416667,41392.6135416667,41302.6135416667,40909.4696291816,41009.9726234464,-0.1071500967
2026-05-13 02:27:01,MXF1!,3,2026-05-13 02:24:00,40929,40964,40926,40951,41498.4510416667,41578.4510416667,41698.4510416667,41388.4510416667,41298.4510416667,40911.0982711745,41008.8048487247,-0.0918980431
2026-05-13 02:30:04,MXF1!,3,2026-05-13 02:27:00,40953,41020,40953,41002,41494.490625,41574.490625,41694.490625,41384.490625,41294.490625,40914.6630448539,41008.670099245,-0.0569972455
2026-05-13 02:33:03,MXF1!,3,2026-05-13 02:30:00,41002,41020,40990,41001,41491.0447916667,41571.0447916667,41691.0447916667,41381.0447916667,41291.0447916667,40918.0488078008,41008.5182160916,-0.0556671074
2026-05-13 02:36:02,MXF1!,3,2026-05-13 02:33:00,41000,41015,40984,41002,41487.5333333333,41567.5333333333,41687.5333333333,41377.5333333333,41287.5333333333,40921.3410114165,41008.3891425056,-0.0530772366
2026-05-13 02:39:03,MXF1!,3,2026-05-13 02:36:00,41008,41035,41006,41023,41484.1114583333,41564.1114583333,41684.1114583333,41374.1114583333,41284.1114583333,40925.3276384198,41008.6784664164,-0.0378026903
2026-05-13 02:42:03,MXF1!,3,2026-05-13 02:39:00,41027,41035,41007,41022,41480.8885416667,41560.8885416667,41680.8885416667,41370.8885416667,41280.8885416667,40929.1187114229,41008.9422591606,-0.0366495922
2026-05-13 02:45:09,MXF1!,3,2026-05-13 02:42:00,41024,41049,41021,41029,41477.934375,41557.934375,41677.934375,41367.934375,41277.934375,40933.0356247004,41009.3394421476,-0.0304286476
2026-05-13 02:48:02,MXF1!,3,2026-05-13 02:45:00,41027,41029,40991,41007,41475.0385416667,41555.0385416667,41675.0385416667,41365.0385416667,41275.0385416667,40935.9361884377,41009.2931165605,-0.0425525986
2026-05-13 02:51:05,MXF1!,3,2026-05-13 02:48:00,41013,41028,41006,41010,41472.43125,41552.43125,41672.43125,41362.43125,41272.43125,40938.8406516362,41009.3071142524,-0.038814917
2026-05-13 02:54:02,MXF1!,3,2026-05-13 02:51:00,41015,41040,41015,41031,41470.1635416667,41550.1635416667,41670.1635416667,41360.1635416667,41270.1635416667,40942.4547437289,41009.7366763464,-0.0238200804
2026-05-13 02:57:02,MXF1!,3,2026-05-13 02:54:00,41031,41061,41025,41059,41468.2333333333,41548.2333333333,41668.2333333333,41358.2333333333,41268.2333333333,40947.0251459356,41010.7121877058,-0.0045764399
2026-05-13 03:00:12,MXF1!,3,2026-05-13 02:57:00,41060,41080,40995,41011,41465.9104166667,41545.9104166667,41665.9104166667,41355.9104166667,41265.9104166667,40949.5339637421,41010.7178869592,-0.0330098332
2026-05-13 03:03:02,MXF1!,3,2026-05-13 03:00:00,41011,41035,41011,41035,41463.3677083333,41543.3677083333,41663.3677083333,41353.3677083333,41263.3677083333,40952.8855730071,41011.1987208808,-0.0162286943
2026-05-13 03:06:02,MXF1!,3,2026-05-13 03:03:00,41035,41046,41030,41030,41460.846875,41540.846875,41660.846875,41350.846875,41260.846875,40955.9096681833,41011.5710234376,-0.017638547
2026-05-13 03:09:06,MXF1!,3,2026-05-13 03:06:00,41026,41068,41022,41054,41458.3854166667,41538.3854166667,41658.3854166667,41348.3854166667,41258.3854166667,40959.7563478624,41012.4112011913,-0.0010263844
2026-05-13 03:12:02,MXF1!,3,2026-05-13 03:09:00,41060,41092,41042,41080,41456.065625,41536.065625,41656.065625,41346.065625,41256.065625,40964.4717852011,41013.7495932469,0.0166642992
2026-05-13 03:15:07,MXF1!,3,2026-05-13 03:12:00,41086,41118,41085,41099,41453.8614583333,41533.8614583333,41653.8614583333,41343.8614583333,41253.8614583333,40969.7474014677,41015.4377201133,0.0298680807
2026-05-13 03:18:01,MXF1!,3,2026-05-13 03:15:00,41104,41120,41097,41113,41451.7052083333,41531.7052083333,41651.7052083333,41341.7052083333,41251.7052083333,40975.3651504298,41017.3696464477,0.0398779249
2026-05-13 03:21:02,MXF1!,3,2026-05-13 03:18:00,41114,41121,41082,41082,41449.4302083333,41529.4302083333,41649.4302083333,41339.4302083333,41249.4302083333,40979.5469092365,41018.649455429,0.022049394
2026-05-13 03:24:01,MXF1!,3,2026-05-13 03:21:00,41081,41088,41065,41086,41447.0625,41527.0625,41647.0625,41337.0625,41247.0625,40983.7215402468,41019.9831295789,0.025928388
2026-05-13 03:27:01,MXF1!,3,2026-05-13 03:24:00,41085,41108,41081,41106,41444.478125,41524.478125,41644.478125,41334.478125,41244.478125,40988.5167739626,41021.6864339437,0.0396085812
2026-05-13 03:30:10,MXF1!,3,2026-05-13 03:27:00,41102,41102,41088,41096,41441.79375,41521.79375,41641.79375,41331.79375,41241.79375,40992.7318024347,41023.1579897071,0.0347323684
2026-05-13 03:33:03,MXF1!,3,2026-05-13 03:30:00,41098,41139,41095,41133,41439.3635416667,41519.3635416667,41639.3635416667,41329.3635416667,41239.3635416667,40998.2325160647,41025.3330790199,0.0586952886
2026-05-13 03:36:03,MXF1!,3,2026-05-13 03:33:00,41138,41158,41134,41136,41436.9885416667,41516.9885416667,41636.9885416667,41326.9885416667,41236.9885416667,41003.6351624935,41027.5245031977,0.0616729534
2026-05-13 03:39:00,MXF1!,3,2026-05-13 03:36:00,41142,41155,41132,41138,41434.5197916667,41514.5197916667,41634.5197916667,41324.5197916667,41234.5197916667,41008.9043718075,41029.7121367977,0.0640067658
2026-05-13 03:42:02,MXF1!,3,2026-05-13 03:39:00,41140,41153,41135,41151,41432.0052083333,41512.0052083333,41632.0052083333,41322.0052083333,41232.0052083333,41014.4767493837,41032.1138766631,0.0730415822
2026-05-13 03:45:10,MXF1!,3,2026-05-13 03:42:00,41147,41166,41144,41159,41429.5739583333,41509.5739583333,41629.5739583333,41319.5739583333,41229.5739583333,41020.1443278392,41034.6264731649,0.0789461078
2026-05-13 03:48:04,MXF1!,3,2026-05-13 03:45:00,41160,41162,41128,41151,41427.1416666667,41507.1416666667,41627.1416666667,41317.1416666667,41227.1416666667,41025.2759228259,41036.9308994388,0.0750510404
2026-05-13 03:51:02,MXF1!,3,2026-05-13 03:48:00,41154,41168,41144,41163,41424.840625,41504.840625,41624.840625,41314.840625,41224.840625,41030.6768670288,41039.4273172717,0.0832747267
2026-05-13 03:54:03,MXF1!,3,2026-05-13 03:51:00,41163,41184,41161,41176,41422.5770833333,41502.5770833333,41622.5770833333,41312.5770833333,41222.5770833333,41036.3758134198,41042.1317268307,0.0920649369
2026-05-13 03:57:06,MXF1!,3,2026-05-13 03:54:00,41172,41173,41149,41154,41420.2791666667,41500.2791666667,41620.2791666667,41310.2791666667,41220.2791666667,41040.9885266191,41044.3469401608,0.079619099
2026-05-13 04:00:26,MXF1!,3,2026-05-13 03:57:00,41161,41170,41145,41169,41417.8947916667,41497.8947916667,41617.8947916667,41307.8947916667,41217.8947916667,41046.0085843987,41046.8153175833,0.0896568549
2026-05-13 04:03:01,MXF1!,3,2026-05-13 04:00:00,41164,41169,41136,41142,41415.353125,41495.353125,41615.353125,41305.353125,41215.353125,41049.772953638,41048.7001627797,0.0742595962
2026-05-13 04:06:01,MXF1!,3,2026-05-13 04:03:00,41142,41148,41088,41089,41412.5447916667,41492.5447916667,41612.5447916667,41302.5447916667,41212.5447916667,41051.3112691816,41049.4981793583,0.043291483
2026-05-13 04:09:01,MXF1!,3,2026-05-13 04:06:00,41089,41099,41067,41084,41409.503125,41489.503125,41609.503125,41299.503125,41209.503125,41052.5931801941,41050.1813837275,0.0414687626
2026-05-13 04:12:14,MXF1!,3,2026-05-13 04:09:00,41083,41132,41083,41127,41406.6114583333,41486.6114583333,41606.6114583333,41296.6114583333,41206.6114583333,41055.5110946963,41051.7025444457,0.0685062386
2026-05-13 04:15:07,MXF1!,3,2026-05-13 04:12:00,41120,41128,41115,41126,41403.6833333333,41483.6833333333,41603.6833333333,41293.6833333333,41203.6833333333,41058.2753654925,41053.1737811894,0.0689612493
2026-05-13 04:18:07,MXF1!,3,2026-05-13 04:15:00,41128,41146,41125,41128,41400.8510416667,41480.8510416667,41600.8510416667,41290.8510416667,41200.8510416667,41061.0096648849,41054.6554884926,0.0711967903
2026-05-13 04:21:07,MXF1!,3,2026-05-13 04:18:00,41130,41138,41114,41121,41398.053125,41478.053125,41598.053125,41288.053125,41198.053125,41063.3622270463,41055.9692411957,0.0680417498
2026-05-13 04:23:59,MXF1!,3,2026-05-13 04:21:00,41119,41124,41108,41124,41394.9802083333,41474.9802083333,41594.9802083333,41284.9802083333,41194.9802083333,41065.7401789268,41057.3163849344,0.0708972918
2026-05-13 04:26:58,MXF1!,3,2026-05-13 04:24:00,41125,41129,41108,41113,41391.853125,41471.853125,41591.853125,41281.853125,41191.853125,41067.5935052434,41058.4190307773,0.0653844898
2026-05-13 04:30:06,MXF1!,3,2026-05-13 04:27:00,41113,41127,41113,41127,41388.7875,41468.7875,41588.7875,41278.7875,41188.7875,41069.9231717045,41059.7770697718,0.0748126622
2026-05-13 04:33:00,MXF1!,3,2026-05-13 04:30:00,41125,41127,41116,41123,41385.8072916667,41465.8072916667,41585.8072916667,41275.8072916667,41185.8072916667,41072.0046159514,41061.0290089842,0.0734755466
2026-05-13 04:36:04,MXF1!,3,2026-05-13 04:33:00,41126,41127,41120,41125,41382.8177083333,41462.8177083333,41582.8177083333,41272.8177083333,41182.8177083333,41074.0828663062,41062.2957612816,0.0757209195
2026-05-13 04:39:05,MXF1!,3,2026-05-13 04:36:00,41129,41163,41127,41154,41379.915625,41459.915625,41579.915625,41269.915625,41179.915625,41077.2168715491,41064.1116868007,0.0939679088
2026-05-13 04:42:05,MXF1!,3,2026-05-13 04:39:00,41154,41160,41153,41153,41377.021875,41457.021875,41577.021875,41267.021875,41177.021875,41080.1887589393,41065.8718514185,0.0943057505
2026-05-13 04:45:01,MXF1!,3,2026-05-13 04:42:00,41152,41164,41152,41160,41374.0989583333,41454.0989583333,41574.0989583333,41264.0989583333,41174.0989583333,41083.3186115299,41067.7357751528,0.0993655265
2026-05-13 04:48:02,MXF1!,3,2026-05-13 04:45:00,41160,41172,41143,41148,41371.1072916667,41451.1072916667,41571.1072916667,41261.1072916667,41171.1072916667,41085.855136568,41069.3251657439,0.0931561506
2026-05-13 04:51:02,MXF1!,3,2026-05-13 04:48:00,41147,41160,41144,41154,41368.1427083333,41448.1427083333,41568.1427083333,41258.1427083333,41168.1427083333,41088.5274841536,41071.0018951351,0.0976093627
2026-05-13 04:54:00,MXF1!,3,2026-05-13 04:51:00,41160,41160,41150,41152,41365.1052083333,41445.1052083333,41565.1052083333,41255.1052083333,41165.1052083333,41091.016602422,41072.6058180037,0.0972783796
2026-05-13 04:57:00,MXF1!,3,2026-05-13 04:54:00,41153,41155,41142,41142,41362.0135416667,41442.0135416667,41562.0135416667,41252.0135416667,41162.0135416667,41093.0159513467,41073.9799602214,0.0922773936
2026-05-13 05:01:00,MXF1!,3,2026-05-13 04:57:00,41143,41149,41134,41136,41358.9072916667,41438.9072916667,41558.9072916667,41248.9072916667,41158.9072916667,41094.7016003135,41075.208079821,0.0896817297
2026-05-13 08:47:58,MXF1!,3,2026-05-13 08:45:00,41213,41268,41047,41053,41355.8041666667,41435.8041666667,41555.8041666667,41245.8041666667,41155.8041666667,41093.0662434384,41074.7683158642,0.0419631028
2026-05-13 08:50:59,MXF1!,3,2026-05-13 08:48:00,41055,41085,40980,40999,41352.496875,41432.496875,41552.496875,41242.496875,41152.496875,41089.3773711467,41073.2679531738,0.011603702
2026-05-13 08:53:58,MXF1!,3,2026-05-13 08:51:00,41000,41120,40997,41098,41349.290625,41429.290625,41549.290625,41239.290625,41149.290625,41089.7155134547,41073.7576966753,0.0708479361
2026-05-13 08:56:58,MXF1!,3,2026-05-13 08:54:00,41098,41221,41095,41218,41346.4625,41426.4625,41546.4625,41236.4625,41146.4625,41094.7462776329,41076.6139799094,0.1419898183
2026-05-13 09:00:01,MXF1!,3,2026-05-13 08:57:00,41221,41245,41175,41216,41343.6197916667,41423.6197916667,41543.6197916667,41233.6197916667,41143.6197916667,41099.5013255689,41079.3740991192,0.1415347874
2026-05-13 09:02:58,MXF1!,3,2026-05-13 09:00:00,41217,41299,41164,41243,41340.7145833333,41420.7145833333,41540.7145833333,41230.7145833333,41140.7145833333,41105.1287245662,41082.6142159683,0.1580005727
2026-05-13 09:05:58,MXF1!,3,2026-05-13 09:03:00,41248,41345,41229,41273,41337.8895833333,41417.8895833333,41537.8895833333,41227.8895833333,41137.8895833333,41111.7119118381,41086.3842314937,0.1761250413
2026-05-13 09:08:58,MXF1!,3,2026-05-13 09:06:00,41273,41317,41216,41308,41334.9614583333,41414.9614583333,41534.9614583333,41224.9614583333,41134.9614583333,41119.4094839229,41090.7726625532,0.1970998791
2026-05-13 09:11:58,MXF1!,3,2026-05-13 09:09:00,41306,41363,41283,41335,41332.415625,41412.415625,41532.415625,41222.415625,41132.415625,41127.8640139651,41095.6088474531,0.2133427289
2026-05-13 09:14:58,MXF1!,3,2026-05-13 09:12:00,41335,41374,41301,41326,41329.8208333333,41409.8208333333,41529.8208333333,41219.8208333333,41129.8208333333,41135.6340526332,41100.1710484937,0.2085704827
2026-05-13 09:17:58,MXF1!,3,2026-05-13 09:15:00,41327,41343,41197,41231,41326.9708333333,41406.9708333333,41526.9708333333,41216.9708333333,41126.9708333333,41139.3738937064,41102.7617208007,0.1538312566
2026-05-13 09:20:58,MXF1!,3,2026-05-13 09:18:00,41230,41295,41224,41259,41324.0395833333,41404.0395833333,41524.0395833333,41214.0395833333,41124.0395833333,41144.065113561,41105.8555481116,0.1707545123
2026-05-13 09:23:59,MXF1!,3,2026-05-13 09:21:00,41256,41270,41208,41235,41321.0072916667,41401.0072916667,41521.0072916667,41211.0072916667,41121.0072916667,41147.631187539,41108.4128639906,0.1574302034
2026-05-13 09:26:58,MXF1!,3,2026-05-13 09:24:00,41230,41233,41154,41168,41317.8302083333,41397.8302083333,41517.8302083333,41207.8302083333,41117.8302083333,41148.4299644983,41109.5928072779,0.1192758553
2026-05-13 09:29:59,MXF1!,3,2026-05-13 09:27:00,41168,41340,41141,41340,41314.978125,41394.978125,41514.978125,41204.978125,41114.978125,41155.9425149101,41114.1553259457,0.2196291268
2026-05-13 09:32:58,MXF1!,3,2026-05-13 09:30:00,41337,41429,41332,41428,41312.48125,41392.48125,41512.48125,41202.48125,41112.48125,41166.611435894,41120.3700719665,0.2710263793
2026-05-13 09:35:58,MXF1!,3,2026-05-13 09:33:00,41428,41449,41381,41415,41310.0145833333,41390.0145833333,41510.0145833333,41200.0145833333,41110.0145833333,41176.3521638982,41126.2043279672,0.2638046183
2026-05-13 09:38:58,MXF1!,3,2026-05-13 09:36:00,41416,41428,41356,41412,41307.4947916667,41387.4947916667,41507.4947916667,41197.4947916667,41107.4947916667,41185.59325551,41131.8636482055,0.2623896512
2026-05-13 09:41:59,MXF1!,3,2026-05-13 09:39:00,41409,41420,41337,41365,41304.83125,41384.83125,41504.83125,41194.83125,41104.83125,41192.6288141175,41136.4802096271,0.2355310245
2026-05-13 09:44:58,MXF1!,3,2026-05-13 09:42:00,41366,41428,41314,41356,41302.2083333333,41382.2083333333,41502.2083333333,41192.2083333333,41102.2083333333,41199.0355272893,41140.8271361692,0.2307236472
2026-05-13 09:47:58,MXF1!,3,2026-05-13 09:45:00,41354,41402,41344,41387,41299.5875,41379.5875,41499.5875,41189.5875,41099.5875,41206.4066830819,41145.701846344,0.2490289105
2026-05-13 09:50:58,MXF1!,3,2026-05-13 09:48:00,41391,41528,41390,41509,41297.4291666667,41377.4291666667,41497.4291666667,41187.4291666667,41097.4291666667,41218.2730876669,41152.8958691887,0.3198495206
2026-05-13 09:53:58,MXF1!,3,2026-05-13 09:51:00,41511,41539,41486,41488,41295.4489583333,41375.4489583333,41495.4489583333,41185.4489583333,41095.4489583333,41228.8506136408,41159.5315945513,0.3079220427
2026-05-13 09:56:58,MXF1!,3,2026-05-13 09:54:00,41488,41496,41384,41396,41293.3010416667,41373.3010416667,41493.3010416667,41183.3010416667,41093.3010416667,41235.4054915372,41164.2141372335,0.255039247
2026-05-13 10:00:10,MXF1!,3,2026-05-13 09:57:00,41394,41478,41355,41473,41291.378125,41371.378125,41491.378125,41181.378125,41091.378125,41244.7229232417,41170.3287087734,0.2997973436
2026-05-13 10:02:59,MXF1!,3,2026-05-13 10:00:00,41471,41516,41468,41503,41289.5885416667,41369.5885416667,41489.5885416667,41179.5885416667,41089.5885416667,41254.8514360557,41176.9162590947,0.3173460665
2026-05-13 10:05:58,MXF1!,3,2026-05-13 10:03:00,41500,41506,41395,41397,41287.475,41367.475,41487.475,41177.475,41087.475,41260.4258895437,41181.274352974,0.2564353273
2026-05-13 10:08:59,MXF1!,3,2026-05-13 10:06:00,41394,41419,41335,41353,41285.2197916667,41365.2197916667,41485.2197916667,41175.2197916667,41085.2197916667,41264.0562468165,41184.6748608359,0.2314339235
2026-05-13 10:11:58,MXF1!,3,2026-05-13 10:09:00,41350,41358,41268,41304,41282.821875,41362.821875,41482.821875,41172.821875,41082.821875,41265.62266851,41187.0377348788,0.2036511118
2026-05-13 10:15:01,MXF1!,3,2026-05-13 10:12:00,41303,41344,41287,41300,41280.5354166667,41360.5354166667,41480.5354166667,41170.5354166667,41080.5354166667,41266.9707991566,41189.2746114158,0.2018764696
2026-05-13 10:17:59,MXF1!,3,2026-05-13 10:15:00,41300,41355,41280,41319,41278.3260416667,41358.3260416667,41478.3260416667,41168.3260416667,41078.3260416667,41269.011159974,41191.8434309918,0.2133723681
2026-05-13 10:20:59,MXF1!,3,2026-05-13 10:18:00,41316,41325,41275,41299,41276.0864583333,41356.0864583333,41476.0864583333,41166.0864583333,41076.0864583333,41270.1871929162,41193.9653432493,0.2024277223
2026-05-13 10:23:58,MXF1!,3,2026-05-13 10:21:00,41298,41345,41290,41308,41273.915625,41353.915625,41473.915625,41163.915625,41073.915625,41271.670048096,41196.2234552642,0.2081645928
2026-05-13 10:26:58,MXF1!,3,2026-05-13 10:24:00,41303,41338,41256,41328,41271.8791666667,41351.8791666667,41471.8791666667,41161.8791666667,41071.8791666667,41273.8790658177,41198.8328917936,0.2201808247
2026-05-13 10:29:59,MXF1!,3,2026-05-13 10:27:00,41331,41393,41312,41389,41270.1416666667,41350.1416666667,41470.1416666667,41160.1416666667,41070.1416666667,41278.3936122562,41202.5985771046,0.2556638774
2026-05-13 10:32:58,MXF1!,3,2026-05-13 10:30:00,41390,41412,41368,41399,41268.740625,41348.740625,41468.740625,41158.740625,41068.740625,41283.1232745207,41206.4877141917,0.2617871086
2026-05-13 10:35:58,MXF1!,3,2026-05-13 10:33:00,41400,41405,41330,41345,41267.3770833333,41347.3770833333,41467.3770833333,41157.3770833333,41067.3770833333,41285.5498127748,41209.2305317324,0.2312418634
2026-05-13 10:38:59,MXF1!,3,2026-05-13 10:36:00,41344,41362,41307,41323,41265.9166666667,41345.9166666667,41465.9166666667,41155.9166666667,41065.9166666667,41287.0184475679,41211.4833924902,0.2191279943
2026-05-13 10:41:58,MXF1!,3,2026-05-13 10:39:00,41323,41328,41229,41253,41264.3854166667,41344.3854166667,41464.3854166667,41154.3854166667,41064.3854166667,41285.6843908006,41212.30550353,0.1795991695
2026-05-13 10:44:59,MXF1!,3,2026-05-13 10:42:00,41254,41275,41195,41215,41262.9427083333,41342.9427083333,41462.9427083333,41152.9427083333,41062.9427083333,41282.9124539064,41212.3588598958,0.1585353845
2026-05-13 10:47:58,MXF1!,3,2026-05-13 10:45:00,41220,41257,41188,41236,41261.884375,41341.884375,41461.884375,41151.884375,41061.884375,41281.0727498317,41212.827001284,0.1712050772
2026-05-13 10:50:59,MXF1!,3,2026-05-13 10:48:00,41239,41256,41190,41204,41260.8510416667,41340.8510416667,41460.8510416667,41150.8510416667,41060.8510416667,41278.050289054,41212.6522091793,0.153614363
2026-05-13 10:53:59,MXF1!,3,2026-05-13 10:51:00,41205,41235,41179,41197,41259.8395833333,41339.8395833333,41459.8395833333,41149.8395833333,41059.8395833333,41274.871846346,41212.3422644431,0.1503418727
2026-05-13 10:56:59,MXF1!,3,2026-05-13 10:54:00,41195,41260,41194,41238,41258.8458333333,41338.8458333333,41458.8458333333,41148.8458333333,41058.8458333333,41273.4258915873,41212.8503384145,0.1743768282
2026-05-13 10:59:59,MXF1!,3,2026-05-13 10:57:00,41243,41270,41195,41195,41257.721875,41337.721875,41457.721875,41147.721875,41057.721875,41270.350366427,41212.4968663667,0.1505983409
2026-05-13 11:02:59,MXF1!,3,2026-05-13 11:00:00,41195,41230,41170,41186,41256.3989583333,41336.3989583333,41456.3989583333,41146.3989583333,41056.3989583333,41267.0425089201,41211.9721759436,0.1462350824
2026-05-13 11:05:59,MXF1!,3,2026-05-13 11:03:00,41184,41219,41168,41178,41254.928125,41334.928125,41454.928125,41144.928125,41054.928125,41263.5506458252,41211.2994595883,0.1424654921
2026-05-13 11:08:58,MXF1!,3,2026-05-13 11:06:00,41178,41203,41166,41185,41253.3677083333,41333.3677083333,41453.3677083333,41143.3677083333,41053.3677083333,41260.4702283418,41210.7786782103,0.1472062177
2026-05-13 11:11:58,MXF1!,3,2026-05-13 11:09:00,41186,41236,41181,41200,41251.996875,41331.996875,41451.996875,41141.996875,41051.996875,41258.0988468382,41210.5652390378,0.1564632655
2026-05-13 11:14:59,MXF1!,3,2026-05-13 11:12:00,41200,41226,41170,41223,41250.6625,41330.6625,41450.6625,41140.6625,41050.6625,41256.722421472,41210.8114719282,0.1702074351
2026-05-13 11:17:58,MXF1!,3,2026-05-13 11:15:00,41225,41324,41216,41314,41249.58125,41329.58125,41449.58125,41139.58125,41049.58125,41258.9686010221,41212.8548091177,0.2223402123
2026-05-13 11:20:59,MXF1!,3,2026-05-13 11:18:00,41312,41342,41295,41335,41248.54375,41328.54375,41448.54375,41138.54375,41048.54375,41261.9502245115,41215.2735257688,0.2347593137
2026-05-13 11:23:59,MXF1!,3,2026-05-13 11:21:00,41338,41355,41320,41338,41247.5479166667,41327.5479166667,41447.5479166667,41137.5479166667,41047.5479166667,41264.9325686483,41217.7037529813,0.2369863288
2026-05-13 11:26:58,MXF1!,3,2026-05-13 11:24:00,41334,41399,41326,41397,41246.6625,41326.6625,41446.6625,41136.6625,41046.6625,41270.1116836032,41221.2541737144,0.2708426106
2026-05-13 11:30:01,MXF1!,3,2026-05-13 11:27:00,41399,41400,41363,41388,41245.909375,41325.909375,41445.909375,41135.909375,41045.909375,41274.7347548345,41224.5560712646,0.2662262934
2026-05-13 11:32:59,MXF1!,3,2026-05-13 11:30:00,41385,41423,41371,41409,41245.2625,41325.2625,41445.2625,41135.2625,41045.2625,41280.0000585665,41228.2084262891,0.2785567035
2026-05-13 11:35:59,MXF1!,3,2026-05-13 11:33:00,41412,41462,41406,41450,41244.6864583333,41324.6864583333,41444.6864583333,41134.6864583333,41044.6864583333,41286.6667229364,41232.6003386398,0.3021537459
2026-05-13 11:38:58,MXF1!,3,2026-05-13 11:36:00,41451,41480,41445,41479,41244.2322916667,41324.2322916667,41444.2322916667,41134.2322916667,41044.2322916667,41294.2092043899,41237.4795398548,0.31893165
2026-05-13 11:41:58,MXF1!,3,2026-05-13 11:39:00,41477,41511,41470,41489,41243.8875,41323.8875,41443.8875,41133.8875,41043.8875,41301.8480591197,41242.460143026,0.3249715437
2026-05-13 11:44:59,MXF1!,3,2026-05-13 11:42:00,41490,41556,41488,41552,41243.61875,41323.61875,41443.61875,41133.61875,41043.61875,41311.6579391542,41248.5896451443,0.3609544412
2026-05-13 11:47:58,MXF1!,3,2026-05-13 11:45:00,41554,41562,41503,41527,41243.3864583333,41323.3864583333,41443.3864583333,41133.3864583333,41043.3864583333,41320.102725854,41254.1027214781,0.3471597439
2026-05-13 11:50:59,MXF1!,3,2026-05-13 11:48:00,41527,41530,41453,41474,41243.1291666667,41323.1291666667,41443.1291666667,41133.1291666667,41043.1291666667,41326.1379130755,41258.457123033,0.3175532781
2026-05-13 11:53:59,MXF1!,3,2026-05-13 11:51:00,41470,41489,41455,41482,41242.859375,41322.859375,41442.859375,41132.859375,41042.859375,41332.2501517784,41262.8837146561,0.3224536634
2026-05-13 11:56:58,MXF1!,3,2026-05-13 11:54:00,41480,41483,41422,41428,41242.4760416667,41322.4760416667,41442.4760416667,41132.4760416667,41042.4760416667,41336.0050477871,41266.1533440688,0.2923048973
2026-05-13 12:00:01,MXF1!,3,2026-05-13 11:57:00,41428,41439,41406,41416,41242.0583333333,41322.0583333333,41442.0583333333,41132.0583333333,41042.0583333333,41339.1421047366,41269.1206045823,0.2859468634
2026-05-13 12:02:58,MXF1!,3,2026-05-13 12:00:00,41413,41438,41396,41433,41241.6145833333,41321.6145833333,41441.6145833333,41131.6145833333,41041.6145833333,41342.8228065116,41272.3657411253,0.2959849327
2026-05-13 12:05:59,MXF1!,3,2026-05-13 12:03:00,41433,41454,41406,41419,41241.0979166667,41321.0979166667,41441.0979166667,41131.0979166667,41041.0979166667,41345.8101474327,41275.2693898158,0.2884967352
2026-05-13 12:08:59,MXF1!,3,2026-05-13 12:06:00,41417,41454,41417,41436,41240.5458333333,41320.5458333333,41440.5458333333,41130.5458333333,41040.5458333333,41349.3470043962,41278.4521741759,0.2985357333
2026-05-13 12:11:59,MXF1!,3,2026-05-13 12:09:00,41436,41454,41425,41437,41240.0322916667,41320.0322916667,41440.0322916667,41130.0322916667,41040.0322916667,41352.7843767728,41281.5917350833,0.2994972773
2026-05-13 12:15:00,MXF1!,3,2026-05-13 12:12:00,41439,41460,41414,41425,41239.4395833333,41319.4395833333,41439.4395833333,41129.4395833333,41039.4395833333,41355.6163619974,41284.4315027055,0.2931231968
2026-05-13 12:17:58,MXF1!,3,2026-05-13 12:15:00,41428,41444,41390,41390,41238.7760416667,41318.7760416667,41438.7760416667,41128.7760416667,41038.7760416667,41356.9647399583,41286.5219679984,0.2737659406
2026-05-13 12:20:59,MXF1!,3,2026-05-13 12:18:00,41394,41406,41358,41384,41238.090625,41318.090625,41438.090625,41128.090625,41038.090625,41358.0249462344,41288.4522260579,0.2708313272
2026-05-13 12:23:58,MXF1!,3,2026-05-13 12:21:00,41385,41406,41375,41376,41237.4322916667,41317.4322916667,41437.4322916667,41127.4322916667,41037.4322916667,41358.7298503037,41290.1858453438,0.2667777846
2026-05-13 12:26:58,MXF1!,3,2026-05-13 12:24:00,41379,41442,41373,41429,41236.865625,41316.865625,41436.865625,41126.865625,41036.865625,41361.4855424486,41292.9346404855,0.2971550592
2026-05-13 12:29:58,MXF1!,3,2026-05-13 12:27:00,41432,41444,41422,41432,41236.3864583333,41316.3864583333,41436.3864583333,41126.3864583333,41036.3864583333,41364.2508152938,41295.6884099809,0.2992668849
2026-05-13 12:32:58,MXF1!,3,2026-05-13 12:30:00,41430,41477,41428,41452,41235.9979166667,41315.9979166667,41435.9979166667,41125.9979166667,41035.9979166667,41367.691959792,41298.7836889912,0.3109668709
2026-05-13 12:35:58,MXF1!,3,2026-05-13 12:33:00,41450,41453,41390,41392,41235.528125,41315.528125,41435.528125,41125.528125,41035.528125,41368.6452162708,41300.6295565359,0.277511149
2026-05-13 12:38:59,MXF1!,3,2026-05-13 12:36:00,41393,41424,41387,41392,41235.0197916667,41315.0197916667,41435.0197916667,41125.0197916667,41035.0197916667,41369.5610901425,41302.4388722481,0.2779688985
2026-05-13 12:41:58,MXF1!,3,2026-05-13 12:39:00,41393,41416,41387,41415,41234.5427083333,41314.5427083333,41434.5427083333,41124.5427083333,41034.5427083333,41371.3430081762,41304.6678054709,0.2914033397
2026-05-13 12:44:58,MXF1!,3,2026-05-13 12:42:00,41416,41419,41376,41390,41233.9885416667,41313.9885416667,41433.9885416667,41123.9885416667,41033.9885416667,41372.0746549143,41306.3575518972,0.2777337835
2026-05-13 12:48:03,MXF1!,3,2026-05-13 12:45:00,41390,41422,41387,41393,41233.5166666667,41313.5166666667,41433.5166666667,41123.5166666667,41033.5166666667,41372.8952566824,41308.0732439388,0.2798898843
2026-05-13 12:51:00,MXF1!,3,2026-05-13 12:48:00,41395,41435,41395,41407,41233.1197916667,41313.1197916667,41433.1197916667,41123.1197916667,41033.1197916667,41374.2326975968,41310.0321896034,0.2882519539
2026-05-13 12:54:00,MXF1!,3,2026-05-13 12:51:00,41405,41439,41403,41439,41232.8239583333,41312.8239583333,41432.8239583333,41122.8239583333,41032.8239583333,41376.7725918087,41312.586007631,0.3067599371
2026-05-13 12:57:01,MXF1!,3,2026-05-13 12:54:00,41439,41463,41434,41456,41232.5770833333,41312.5770833333,41432.5770833333,41122.5770833333,41032.5770833333,41379.8795489927,41315.4258886681,0.3167681267
2026-05-13 13:00:01,MXF1!,3,2026-05-13 12:57:00,41457,41473,41445,41445,41232.2635416667,41312.2635416667,41432.2635416667,41122.2635416667,41032.2635416667,41382.4332921694,41317.9917126548,0.310947384
2026-05-13 13:03:00,MXF1!,3,2026-05-13 13:00:00,41445,41450,41381,41421,41231.825,41311.825,41431.825,41121.825,41031.825,41383.9457120844,41320.0314807211,0.2978036796
2026-05-13 13:06:00,MXF1!,3,2026-05-13 13:03:00,41421,41536,41421,41531,41231.6895833333,41311.6895833333,41431.6895833333,41121.6895833333,41031.6895833333,41389.7125469046,41324.2090751622,0.3603479464
2026-05-13 13:09:01,MXF1!,3,2026-05-13 13:06:00,41534,41545,41505,41505,41231.6,41311.6,41431.6,41121.6,41031.6,41394.2336234966,41327.7890934758,0.3459999348
2026-05-13 13:12:01,MXF1!,3,2026-05-13 13:09:00,41507,41533,41497,41526,41231.45,41311.45,41431.45,41121.45,41031.45,41399.4009323791,41331.7140619219,0.3582283578
2026-05-13 13:15:00,MXF1!,3,2026-05-13 13:12:00,41529,41582,41528,41578,41231.5385416667,41311.5385416667,41431.5385416667,41121.5385416667,41031.5385416667,41406.4048173838,41336.5910111907,0.3879680598
2026-05-13 13:18:00,MXF1!,3,2026-05-13 13:15:00,41576,41596,41563,41585,41231.5364583333,41311.5364583333,41431.5364583333,41121.5364583333,41031.5364583333,41413.4085500354,41341.5100010682,0.3922499052
2026-05-13 13:21:01,MXF1!,3,2026-05-13 13:18:00,41585,41604,41560,41561,41231.4645833333,41311.4645833333,41431.4645833333,41121.4645833333,41031.4645833333,41419.196450034,41345.8563376807,0.3789920525
2026-05-13 13:24:00,MXF1!,3,2026-05-13 13:21:00,41564,41595,41560,41576,41231.4395833333,41311.4395833333,41431.4395833333,41121.4395833333,41031.4395833333,41425.3456088562,41350.4136379246,0.3878070499
2026-05-13 13:27:01,MXF1!,3,2026-05-13 13:24:00,41575,41583,41474,41478,41231.1739583333,41311.1739583333,41431.1739583333,41121.1739583333,41031.1739583333,41427.4104869403,41352.94010054,0.3326488633
2026-05-13 13:30:04,MXF1!,3,2026-05-13 13:27:00,41477,41515,41459,41472,41230.790625,41310.790625,41430.790625,41120.790625,41030.790625,41429.1590952956,41355.2977223115,0.3296369523
2026-05-13 13:33:00,MXF1!,3,2026-05-13 13:30:00,41473,41486,41421,41469,41230.4197916667,41310.4197916667,41430.4197916667,41120.4197916667,41030.4197916667,41430.7214837154,41357.5492525627,0.3283244639
2026-05-13 13:36:01,MXF1!,3,2026-05-13 13:33:00,41473,41491,41454,41479,41230.0552083333,41310.0552083333,41430.0552083333,41120.0552083333,41030.0552083333,41432.6147588638,41359.9542178585,0.3343771773
2026-05-13 13:39:00,MXF1!,3,2026-05-13 13:36:00,41479,41513,41476,41508,41229.8135416667,41309.8135416667,41429.8135416667,41119.8135416667,41029.8135416667,41435.5710428299,41362.8858175049,0.3511889522
2026-05-13 13:42:01,MXF1!,3,2026-05-13 13:39:00,41508,41520,41501,41503,41229.6416666667,41309.6416666667,41429.6416666667,41119.6416666667,41029.6416666667,41438.2153156601,41365.6603557721,0.3487148169
2026-05-13 13:46:00,MXF1!,3,2026-05-13 13:42:00,41500,41504,41433,41483,41229.3822916667,41309.3822916667,41429.3822916667,41119.3822916667,41029.3822916667,41439.9715777911,41367.9839130835,0.3377479616
2026-05-13 15:03:01,MXF1!,3,2026-05-13 15:00:00,41510,41512,41460,41509,41229.13125,41309.13125,41429.13125,41119.13125,41029.13125,41442.6785747404,41370.7763108443,0.3528731799
2026-05-13 15:06:01,MXF1!,3,2026-05-13 15:03:00,41508,41514,41465,41488,41228.8927083333,41308.8927083333,41428.8927083333,41118.8927083333,41028.8927083333,41444.4558855349,41373.0975720157,0.3413204324
2026-05-13 15:09:01,MXF1!,3,2026-05-13 15:06:00,41484,41496,41477,41481,41228.6229166667,41308.6229166667,41428.6229166667,41118.6229166667,41028.6229166667,41445.888988063,41375.2342537579,0.3377212844
2026-05-13 15:12:02,MXF1!,3,2026-05-13 15:09:00,41481,41481,41391,41400,41228.1020833333,41308.1020833333,41428.1020833333,41118.1020833333,41028.1020833333,41444.0894199036,41375.7246645746,0.2921419557
2026-05-13 15:15:02,MXF1!,3,2026-05-13 15:12:00,41401,41425,41378,41424,41227.525,41307.525,41427.525,41117.525,41027.525,41443.3015995153,41376.6806118107,0.306202985
2026-05-13 15:18:01,MXF1!,3,2026-05-13 15:15:00,41422,41440,41416,41418,41227.0645833333,41307.0645833333,41427.0645833333,41117.0645833333,41027.0645833333,41442.3093799264,41377.4988175175,0.3032202734
2026-05-13 15:21:01,MXF1!,3,2026-05-13 15:18:00,41418,41429,41394,41424,41226.5854166667,41306.5854166667,41426.5854166667,41116.5854166667,41026.5854166667,41441.5913650274,41378.4196330122,0.307055228
2026-05-13 15:24:03,MXF1!,3,2026-05-13 15:21:00,41427,41429,41408,41422,41226.134375,41306.134375,41426.134375,41116.134375,41026.134375,41440.8230762028,41379.2826105763,0.3063450666
2026-05-13 15:27:03,MXF1!,3,2026-05-13 15:24:00,41421,41424,41404,41407,41225.703125,41305.703125,41425.703125,41115.703125,41025.703125,41439.4966810575,41379.8314697728,0.2982511452
2026-05-13 15:30:01,MXF1!,3,2026-05-13 15:27:00,41409,41433,41406,41424,41225.3479166667,41305.3479166667,41425.3479166667,41115.3479166667,41025.3479166667,41438.8889680749,41380.7060941337,0.3083492971
2026-05-13 15:33:01,MXF1!,3,2026-05-13 15:30:00,41422,41445,41419,41439,41225.0385416667,41305.0385416667,41425.0385416667,41115.0385416667,41025.0385416667,41438.893322268,41381.8604289034,0.3172973764
2026-05-13 15:35:58,MXF1!,3,2026-05-13 15:33:00,41440,41442,41423,41440,41224.7229166667,41304.7229166667,41424.7229166667,41114.7229166667,41024.7229166667,41438.9367213948,41383.0117075389,0.3182787977
2026-05-13 15:39:00,MXF1!,3,2026-05-13 15:36:00,41441,41457,41436,41445,41224.403125,41304.403125,41424.403125,41114.403125,41024.403125,41439.1744970264,41384.2391984788,0.3215325108
2026-05-13 15:41:58,MXF1!,3,2026-05-13 15:39:00,41442,41475,41437,41474,41224.2010416667,41304.2010416667,41424.2010416667,41114.2010416667,41024.2010416667,41440.5402030253,41386.016640093,0.3384423828
2026-05-13 15:45:01,MXF1!,3,2026-05-13 15:42:00,41469,41504,41469,41490,41224.14375,41304.14375,41424.14375,41114.14375,41024.14375,41442.4798029067,41388.0757165268,0.347940457
2026-05-13 15:47:58,MXF1!,3,2026-05-13 15:45:00,41490,41506,41485,41492,41224.0625,41304.0625,41424.0625,41114.0625,41024.0625,41444.4217714202,41390.1336231303,0.3494415869
2026-05-13 15:51:09,MXF1!,3,2026-05-13 15:48:00,41490,41497,41473,41492,41223.9770833333,41303.9770833333,41423.9770833333,41113.9770833333,41023.9770833333,41446.2875843056,41392.1507791079,0.3498137188
2026-05-13 15:54:01,MXF1!,3,2026-05-13 15:51:00,41492,41524,41488,41510,41223.9125,41303.9125,41423.9125,41113.9125,41023.9125,41448.7861104113,41394.4844270463,0.3604303504
2026-05-13 15:57:02,MXF1!,3,2026-05-13 15:54:00,41509,41524,41498,41516,41223.8614583333,41303.8614583333,41423.8614583333,41113.8614583333,41023.8614583333,41451.4219492187,41396.8906760157,0.3641995654
2026-05-13 16:00:03,MXF1!,3,2026-05-13 15:57:00,41515,41533,41515,41532,41223.8395833333,41303.8395833333,41423.8395833333,41113.8395833333,41023.8395833333,41454.5818727788,41399.5661081738,0.3736721297
2026-05-13 16:02:58,MXF1!,3,2026-05-13 16:00:00,41530,41557,41527,41557,41223.9552083333,41303.9552083333,41423.9552083333,41113.9552083333,41023.9552083333,41458.5982699247,41402.6836109823,0.3882560631
2026-05-13 16:05:59,MXF1!,3,2026-05-13 16:03:00,41557,41566,41533,41552,41224.240625,41304.240625,41424.240625,41114.240625,41024.240625,41462.2610828688,41405.6403711608,0.3857024832
2026-05-13 16:08:59,MXF1!,3,2026-05-13 16:06:00,41554,41591,41554,41584,41224.6572916667,41304.6572916667,41424.6572916667,41114.6572916667,41024.6572916667,41467.0351580504,41409.1722449992,0.4042847295
2026-05-13 16:11:59,MXF1!,3,2026-05-13 16:09:00,41587,41650,41584,41625,41225.140625,41305.140625,41425.140625,41115.140625,41025.140625,41473.2298577347,41413.4460619299,0.4280030168
2026-05-13 16:14:59,MXF1!,3,2026-05-13 16:12:00,41624,41628,41608,41620,41225.6541666667,41305.6541666667,41425.6541666667,41115.6541666667,41025.6541666667,41478.9855495883,41417.5362389214,0.4254280314
2026-05-13 16:17:58,MXF1!,3,2026-05-13 16:15:00,41620,41638,41614,41633,41226.221875,41306.221875,41426.221875,41116.221875,41026.221875,41485.0253319574,41421.8028480517,0.4331396207
2026-05-13 16:21:00,MXF1!,3,2026-05-13 16:18:00,41634,41642,41603,41619,41226.8927083333,41306.8927083333,41426.8927083333,41116.8927083333,41026.8927083333,41490.2792405081,41425.7077421497,0.4254341216
2026-05-13 16:24:01,MXF1!,3,2026-05-13 16:21:00,41618,41627,41616,41625,41227.5583333333,41307.5583333333,41427.5583333333,41117.5583333333,41027.5583333333,41495.562407547,41429.6541234933,0.4291711807
2026-05-13 16:26:58,MXF1!,3,2026-05-13 16:24:00,41625,41626,41594,41602,41228.1458333333,41308.1458333333,41428.1458333333,41118.1458333333,41028.1458333333,41499.7364307804,41433.066913127,0.4163169394
2026-05-13 16:30:00,MXF1!,3,2026-05-13 16:27:00,41602,41605,41583,41590,41228.6541666667,41308.6541666667,41428.6541666667,41118.6541666667,41028.6541666667,41503.2761785929,41436.1744990057,0.4097633639
2026-05-13 16:33:00,MXF1!,3,2026-05-13 16:30:00,41590,41595,41565,41568,41229.1364583333,41309.1364583333,41429.1364583333,41119.1364583333,41029.1364583333,41505.8143676677,41438.784904966,0.3974817991
2026-05-13 16:36:01,MXF1!,3,2026-05-13 16:33:00,41566,41584,41566,41575,41229.6416666667,41309.6416666667,41429.6416666667,41119.6416666667,41029.6416666667,41508.52752972,41441.4822335805,0.4018262122
2026-05-13 16:39:00,MXF1!,3,2026-05-13 16:36:00,41575,41596,41570,41595,41230.1729166667,41310.1729166667,41430.1729166667,41120.1729166667,41030.1729166667,41511.9186069859,41444.5221893512,0.4136200867
2026-05-13 16:41:58,MXF1!,3,2026-05-13 16:39:00,41595,41602,41586,41588,41230.6708333333,41310.6708333333,41430.6708333333,41120.6708333333,41030.6708333333,41514.9021910256,41447.3633341165,0.4099230163
2026-05-13 16:45:00,MXF1!,3,2026-05-13 16:42:00,41587,41590,41571,41572,41231.140625,41311.140625,41431.140625,41121.140625,41031.140625,41517.1413207893,41449.8313869063,0.4010563631
2026-05-13 16:47:59,MXF1!,3,2026-05-13 16:45:00,41571,41584,41544,41544,41231.5979166667,41311.5979166667,41431.5979166667,41121.5979166667,41031.5979166667,41518.194602327,41451.6961119181,0.3852994918
2026-05-13 16:50:59,MXF1!,3,2026-05-13 16:48:00,41545,41545,41514,41517,41231.9625,41311.9625,41431.9625,41121.9625,41031.9625,41518.1477551769,41452.9892582167,0.3701218978
2026-05-13 16:53:59,MXF1!,3,2026-05-13 16:51:00,41517,41533,41482,41496,41232.2822916667,41312.2822916667,41432.2822916667,41122.2822916667,41032.2822916667,41517.2792157582,41453.8409560738,0.3584040097
2026-05-13 16:57:00,MXF1!,3,2026-05-13 16:54:00,41497,41520,41490,41508,41232.7020833333,41312.7020833333,41432.7020833333,41122.7020833333,41032.7020833333,41516.9153249442,41454.9134123892,0.3656631415
2026-05-13 17:00:01,MXF1!,3,2026-05-13 16:57:00,41509,41513,41496,41512,41233.1145833333,41313.1145833333,41433.1145833333,41123.1145833333,41033.1145833333,41516.7225671032,41456.0438398666,0.3683260556
2026-05-13 17:03:01,MXF1!,3,2026-05-13 17:00:00,41509,41532,41507,41521,41233.6333333333,41313.6333333333,41433.6333333333,41123.6333333333,41033.6333333333,41516.8903095698,41457.3301004633,0.3738690371
2026-05-13 17:05:59,MXF1!,3,2026-05-13 17:03:00,41520,41545,41515,41519,41234.2760416667,41314.2760416667,41434.2760416667,41124.2760416667,41034.2760416667,41516.9730425278,41458.5512865928,0.3730748899
2026-05-13 17:08:58,MXF1!,3,2026-05-13 17:06:00,41520,41526,41475,41475,41234.95,41314.95,41434.95,41124.95,41034.95,41515.3270408601,41458.8770036899,0.3480814808
2026-05-13 17:11:58,MXF1!,3,2026-05-13 17:09:00,41475,41482,41450,41467,41235.4666666667,41315.4666666667,41435.4666666667,41125.4666666667,41035.4666666667,41513.4318627871,41459.037855102,0.3438526268
2026-05-13 17:14:59,MXF1!,3,2026-05-13 17:12:00,41467,41488,41463,41477,41235.9614583333,41315.9614583333,41435.9614583333,41125.9614583333,41035.9614583333,41512.0031622857,41459.3935411396,0.3500044109
2026-05-13 17:17:59,MXF1!,3,2026-05-13 17:15:00,41476,41508,41472,41480,41236.5041666667,41316.5041666667,41436.5041666667,41126.5041666667,41036.5041666667,41510.7481363137,41459.8015898299,0.3521157485
2026-05-13 17:20:58,MXF1!,3,2026-05-13 17:18:00,41480,41484,41444,41462,41237.0260416667,41317.0260416667,41437.0260416667,41127.0260416667,41037.0260416667,41508.8364446935,41459.8451227046,0.3421024999
2026-05-13 17:23:59,MXF1!,3,2026-05-13 17:21:00,41461,41469,41432,41469,41237.6229166667,41317.6229166667,41437.6229166667,41127.6229166667,41037.6229166667,41507.2742311761,41460.0264074035,0.3465322974
2026-05-13 17:26:58,MXF1!,3,2026-05-13 17:24:00,41467,41474,41453,41466,41238.215625,41318.215625,41438.215625,41128.215625,41038.215625,41505.6556338751,41460.1446963658,0.3451826194
2026-05-13 17:30:00,MXF1!,3,2026-05-13 17:27:00,41466,41485,41448,41455,41238.7791666667,41318.7791666667,41438.7791666667,41128.7791666667,41038.7791666667,41503.669138429,41460.0428211902,0.3392082949
2026-05-13 17:32:59,MXF1!,3,2026-05-13 17:30:00,41454,41472,41422,41467,41239.3135416667,41319.3135416667,41439.3135416667,41129.3135416667,41039.3135416667,41502.2311330004,41460.1805871073,0.3465385102
2026-05-13 17:35:58,MXF1!,3,2026-05-13 17:33:00,41470,41477,41448,41472,41239.6927083333,41319.6927083333,41439.6927083333,41129.6927083333,41039.6927083333,41501.045598373,41460.4146348873,0.3498127013
2026-05-13 17:38:59,MXF1!,3,2026-05-13 17:36:00,41474,41480,41453,41465,41239.8645833333,41319.8645833333,41439.8645833333,41129.8645833333,41039.8645833333,41499.6320454956,41460.5054341965,0.3461351447
2026-05-13 17:41:58,MXF1!,3,2026-05-13 17:39:00,41470,41489,41465,41472,41239.990625,41319.990625,41439.990625,41129.990625,41039.990625,41498.5484358683,41460.7330493609,0.35056701
2026-05-13 17:45:05,MXF1!,3,2026-05-13 17:42:00,41474,41486,41462,41485,41240.190625,41320.190625,41440.190625,41130.190625,41040.190625,41498.0171246578,41461.2135830369,0.3584739678
2026-05-13 17:47:59,MXF1!,3,2026-05-13 17:45:00,41482,41492,41466,41471,41240.3645833333,41320.3645833333,41440.3645833333,41130.3645833333,41040.3645833333,41496.9576295732,41461.4073734718,0.3507255242
2026-05-13 17:51:02,MXF1!,3,2026-05-13 17:48:00,41470,41485,41462,41480,41240.5052083333,41320.5052083333,41440.5052083333,41130.5052083333,41040.5052083333,41496.2926244919,41461.7755442942,0.356320854
2026-05-13 17:53:59,MXF1!,3,2026-05-13 17:51:00,41475,41479,41466,41477,41240.6197916667,41320.6197916667,41440.6197916667,41130.6197916667,41040.6197916667,41495.5360509824,41462.0770186646,0.3549476358
2026-05-13 17:57:00,MXF1!,3,2026-05-13 17:54:00,41475,41519,41466,41509,41240.875,41320.875,41440.875,41130.875,41040.875,41496.0640489831,41463.0061866118,0.3738867561
2026-05-13 18:00:17,MXF1!,3,2026-05-13 17:57:00,41510,41521,41508,41513,41241.1854166667,41321.1854166667,41441.1854166667,41131.1854166667,41041.1854166667,41496.7282039249,41463.9961631145,0.3765669803
2026-05-13 18:02:59,MXF1!,3,2026-05-13 18:00:00,41511,41519,41502,41519,41241.459375,41321.459375,41441.459375,41131.459375,41041.459375,41497.6016076926,41465.0853480034,0.3804077054
2026-05-13 18:05:58,MXF1!,3,2026-05-13 18:03:00,41519,41530,41509,41519,41241.8260416667,41321.8260416667,41441.8260416667,41131.8260416667,41041.8260416667,41498.4407603321,41466.1529648746,0.380768542
2026-05-13 18:09:00,MXF1!,3,2026-05-13 18:06:00,41517,41536,41517,41535,41242.3375,41322.3375,41442.3375,41132.3375,41042.3375,41499.8744560053,41467.5162725008,0.3904392894
2026-05-13 18:11:59,MXF1!,3,2026-05-13 18:09:00,41535,41562,41535,41539,41242.8291666667,41322.8291666667,41442.8291666667,41132.8291666667,41042.8291666667,41501.408791064,41468.9317918573,0.3931194892
2026-05-13 18:15:04,MXF1!,3,2026-05-13 18:12:00,41541,41545,41484,41497,41243.1958333333,41323.1958333333,41443.1958333333,41133.1958333333,41043.1958333333,41501.2358972967,41469.4875979591,0.369004924
2026-05-13 18:18:00,MXF1!,3,2026-05-13 18:15:00,41497,41499,41476,41494,41243.6770833333,41323.6770833333,41443.6770833333,41133.6770833333,41043.6770833333,41500.9521366184,41469.9729920589,0.3676244644
2026-05-13 18:21:00,MXF1!,3,2026-05-13 18:18:00,41496,41496,41470,41474,41244.1270833333,41324.1270833333,41444.1270833333,41134.1270833333,41044.1270833333,41499.8951900844,41470.0527347904,0.356329724
2026-05-13 18:23:59,MXF1!,3,2026-05-13 18:21:00,41476,41497,41470,41481,41244.5697916667,41324.5697916667,41444.5697916667,41134.5697916667,41044.5697916667,41499.1542022379,41470.2695123193,0.3607896826
2026-05-13 18:26:59,MXF1!,3,2026-05-13 18:24:00,41482,41482,41440,41440,41244.9083333333,41324.9083333333,41444.9083333333,41134.9083333333,41044.9083333333,41496.8344296011,41469.6701160358,0.3372250361
2026-05-13 18:30:08,MXF1!,3,2026-05-13 18:27:00,41440,41463,41431,41461,41245.265625,41325.265625,41445.265625,41135.265625,41045.265625,41495.4291578521,41469.4984305697,0.3498771291
2026-05-13 18:32:59,MXF1!,3,2026-05-13 18:30:00,41461,41486,41453,41477,41245.5875,41325.5875,41445.5875,41135.5875,41045.5875,41494.7064457794,41469.646976499,0.359606548
2026-05-13 18:36:01,MXF1!,3,2026-05-13 18:33:00,41477,41477,41452,41463,41245.74375,41325.74375,41445.74375,41135.74375,41045.74375,41493.4630557489,41469.515353202,0.3517985606
2026-05-13 18:39:00,MXF1!,3,2026-05-13 18:36:00,41466,41476,41456,41473,41245.8270833333,41325.8270833333,41445.8270833333,41135.8270833333,41045.8270833333,41492.6605829744,41469.5843561089,0.3580315591
2026-05-13 18:42:00,MXF1!,3,2026-05-13 18:39:00,41475,41490,41470,41489,41245.83125,41325.83125,41445.83125,41135.83125,41045.83125,41492.5170307009,41469.9688243048,0.3677742536
2026-05-13 18:45:04,MXF1!,3,2026-05-13 18:42:00,41489,41506,41488,41503,41245.7270833333,41325.7270833333,41445.7270833333,41135.7270833333,41045.7270833333,41492.9281275362,41470.6229069918,0.3763431253
2026-05-13 18:48:00,MXF1!,3,2026-05-13 18:45:00,41502,41509,41494,41508,41245.7145833333,41325.7145833333,41445.7145833333,41135.7145833333,41045.7145833333,41493.5191813583,41471.3630474474,0.3796327715
2026-05-13 18:51:00,MXF1!,3,2026-05-13 18:48:00,41508,41514,41502,41507,41245.909375,41325.909375,41445.909375,41135.909375,41045.909375,41494.0478409129,41472.0687296762,0.3793989874
2026-05-13 18:54:00,MXF1!,3,2026-05-13 18:51:00,41506,41514,41497,41511,41246.0958333333,41326.0958333333,41446.0958333333,41136.0958333333,41046.0958333333,41494.7126314653,41472.8396459202,0.3821073736
2026-05-13 18:57:06,MXF1!,3,2026-05-13 18:54:00,41511,41524,41503,41506,41246.4791666667,41326.4791666667,41446.4791666667,41136.4791666667,41046.4791666667,41495.1552733686,41473.4962865951,0.3795360934
2026-05-13 19:00:00,MXF1!,3,2026-05-13 18:57:00,41510,41510,41484,41492,41247.0760416667,41327.0760416667,41447.0760416667,41137.0760416667,41047.0760416667,41495.0315371581,41473.8626967615,0.3716809886
2026-05-13 19:02:59,MXF1!,3,2026-05-13 19:00:00,41489,41495,41474,41481,41247.603125,41327.603125,41447.603125,41137.603125,41047.603125,41494.4812807989,41474.0040294989,0.3655879497
2026-05-13 19:06:00,MXF1!,3,2026-05-13 19:03:00,41481,41481,41445,41452,41248.1052083333,41328.1052083333,41448.1052083333,41138.1052083333,41048.1052083333,41492.8153482186,41473.5683061425,0.3489051767
2026-05-13 19:08:59,MXF1!,3,2026-05-13 19:06:00,41449,41463,41445,41461,41248.5270833333,41328.5270833333,41448.5270833333,41138.5270833333,41048.5270833333,41491.5676875041,41473.3194287931,0.3545917182
2026-05-13 19:12:01,MXF1!,3,2026-05-13 19:09:00,41459,41473,41446,41448,41248.946875,41328.946875,41448.946875,41138.946875,41048.946875,41489.8591507393,41472.8180539655,0.3473199336
2026-05-13 19:14:59,MXF1!,3,2026-05-13 19:12:00,41450,41479,41446,41474,41249.2854166667,41329.2854166667,41449.2854166667,41139.2854166667,41049.2854166667,41489.2372232593,41472.8414588375,0.3630359253
2026-05-13 19:17:58,MXF1!,3,2026-05-13 19:15:00,41472,41484,41467,41482,41249.7072916667,41329.7072916667,41449.7072916667,41139.7072916667,41049.7072916667,41488.9534105825,41473.0228160883,0.368133422
2026-05-13 19:20:59,MXF1!,3,2026-05-13 19:18:00,41481,41481,41453,41460,41250.11875,41330.11875,41450.11875,41140.11875,41050.11875,41487.8179827165,41472.764938542,0.3555248751
2026-05-13 19:23:59,MXF1!,3,2026-05-13 19:21:00,41460,41461,41442,41442,41250.603125,41330.603125,41450.603125,41140.603125,41050.603125,41486.0211990805,41472.1557318382,0.3452792756
2026-05-13 19:26:59,MXF1!,3,2026-05-13 19:24:00,41442,41442,41405,41428,41251.1322916667,41331.1322916667,41451.1322916667,41141.1322916667,41051.1322916667,41483.7458579401,41471.2813609107,0.3373998813
2026-05-13 19:30:00,MXF1!,3,2026-05-13 19:27:00,41426,41445,41412,41445,41251.8927083333,41331.8927083333,41451.8927083333,41141.8927083333,41051.8927083333,41482.2264125307,41470.7609379223,0.3478542899
2026-05-13 19:33:04,MXF1!,3,2026-05-13 19:30:00,41445,41473,41435,41465,41252.884375,41332.884375,41452.884375,41142.884375,41052.884375,41481.5508669413,41470.6468599437,0.3600837302
2026-05-13 19:36:01,MXF1!,3,2026-05-13 19:33:00,41465,41498,41464,41475,41254.0385416667,41334.0385416667,41454.0385416667,41144.0385416667,41054.0385416667,41481.2939701985,41470.7330607369,0.3663921453
2026-05-13 19:38:59,MXF1!,3,2026-05-13 19:36:00,41475,41490,41467,41478,41255.028125,41335.028125,41455.028125,41145.028125,41055.028125,41481.1647948966,41470.8769605243,0.368552513
2026-05-13 19:42:00,MXF1!,3,2026-05-13 19:39:00,41477,41486,41470,41485,41255.896875,41335.896875,41455.896875,41145.896875,41055.896875,41481.3151950967,41471.1566246723,0.3730915366
2026-05-13 19:45:00,MXF1!,3,2026-05-13 19:42:00,41485,41498,41479,41495,41256.7666666667,41336.7666666667,41456.7666666667,41146.7666666667,41056.7666666667,41481.8518541125,41471.6287707184,0.3794137906
2026-05-13 19:48:02,MXF1!,3,2026-05-13 19:45:00,41495,41512,41490,41503,41257.834375,41337.834375,41457.834375,41147.834375,41057.834375,41482.6811931669,41472.2499831794,0.3845495069
2026-05-13 19:51:00,MXF1!,3,2026-05-13 19:48:00,41504,41509,41486,41489,41259.0916666667,41339.0916666667,41459.0916666667,41149.0916666667,41059.0916666667,41482.9289895133,41472.5816666808,0.3766001877
2026-05-13 19:54:01,MXF1!,3,2026-05-13 19:51:00,41489,41490,41469,41488,41260.2614583333,41340.2614583333,41460.2614583333,41150.2614583333,41060.2614583333,41483.1278526697,41472.8869802119,0.3763905958
2026-05-13 19:57:00,MXF1!,3,2026-05-13 19:54:00,41490,41517,41490,41508,41261.5625,41341.5625,41461.5625,41151.5625,41061.5625,41484.1032309964,41473.5822875344,0.3886965703
2026-05-13 20:00:04,MXF1!,3,2026-05-13 19:57:00,41506,41508,41484,41504,41262.94375,41342.94375,41462.94375,41152.94375,41062.94375,41484.8834964475,41474.1846184743,0.3866732004
2026-05-13 20:02:58,MXF1!,3,2026-05-13 20:00:00,41501,41525,41495,41513,41264.4145833333,41344.4145833333,41464.4145833333,41154.4145833333,41064.4145833333,41485.9861044299,41474.9532398907,0.392393423
2026-05-13 20:05:59,MXF1!,3,2026-05-13 20:03:00,41515,41544,41515,41535,41265.9135416667,41345.9135416667,41465.9135416667,41155.9135416667,41065.9135416667,41487.9082179817,41476.1422846453,0.4058096347
2026-05-13 20:08:58,MXF1!,3,2026-05-13 20:06:00,41535,41538,41520,41523,41267.3791666667,41347.3791666667,41467.3791666667,41157.3791666667,41067.3791666667,41489.2843662961,41477.0701601969,0.3988608922
2026-05-13 20:12:01,MXF1!,3,2026-05-13 20:09:00,41521,41532,41511,41521,41268.890625,41348.890625,41468.890625,41158.890625,41068.890625,41490.5281166375,41477.9400580148,0.3979169713
2026-05-13 20:14:59,MXF1!,3,2026-05-13 20:12:00,41522,41551,41521,41542,41270.5364583333,41350.5364583333,41470.5364583333,41160.5364583333,41070.5364583333,41492.5466218674,41479.2085717175,0.4106848573
2026-05-13 20:18:00,MXF1!,3,2026-05-13 20:15:00,41538,41550,41525,41525,41272.3541666667,41352.3541666667,41472.3541666667,41162.3541666667,41072.3541666667,41493.8193033628,41480.1153326735,0.4007873141
2026-05-13 20:20:59,MXF1!,3,2026-05-13 20:18:00,41525,41525,41475,41479,41274.1364583333,41354.1364583333,41474.1364583333,41164.1364583333,41074.1364583333,41493.2381542113,41480.093246878,0.3735660951
2026-05-13 20:23:59,MXF1!,3,2026-05-13 20:21:00,41479,41489,41461,41488,41276.0322916667,41356.0322916667,41476.0322916667,41166.0322916667,41076.0322916667,41493.0327363991,41480.2498162468,0.3792443864
2026-05-13 20:27:01,MXF1!,3,2026-05-13 20:24:00,41486,41510,41472,41506,41278.0708333333,41358.0708333333,41478.0708333333,41168.0708333333,41078.0708333333,41493.5412565403,41480.7597208756,0.3902910522
2026-05-13 20:30:05,MXF1!,3,2026-05-13 20:27:00,41506,41512,41492,41496,41280.0708333333,41360.0708333333,41480.0708333333,41170.0708333333,41080.0708333333,41493.6376778524,41481.061508581,0.3846268659
2026-05-13 20:33:00,MXF1!,3,2026-05-13 20:30:00,41496,41496,41333,41356,41281.603125,41361.603125,41481.603125,41171.603125,41081.603125,41488.2401218582,41478.5850430645,0.3012900788
2026-05-13 20:36:00,MXF1!,3,2026-05-13 20:33:00,41350,41387,41306,41363,41282.9666666667,41362.9666666667,41482.9666666667,41172.9666666667,41082.9666666667,41483.3287445305,41476.2962303306,0.3058962437
2026-05-13 20:38:59,MXF1!,3,2026-05-13 20:36:00,41365,41365,41273,41288,41284.075,41364.075,41484.075,41174.075,41084.075,41475.6687937646,41472.5675921062,0.2615061308
2026-05-13 20:41:58,MXF1!,3,2026-05-13 20:39:00,41287,41288,41208,41279,41285.10625,41365.10625,41485.10625,41175.10625,41085.10625,41467.9562920483,41468.7345704804,0.2566268217
2026-05-13 20:44:59,MXF1!,3,2026-05-13 20:42:00,41277,41297,41261,41295,41286.21875,41366.21875,41486.21875,41176.21875,41086.21875,41461.1736923601,41465.294281956,0.266690545
2026-05-13 20:48:01,MXF1!,3,2026-05-13 20:45:00,41296,41324,41288,41317,41287.4541666667,41367.4541666667,41487.4541666667,41177.4541666667,41087.4541666667,41455.5198220715,41462.3577615212,0.2803196992
2026-05-13 20:50:59,MXF1!,3,2026-05-13 20:48:00,41314,41326,41281,41300,41288.6916666667,41368.6916666667,41488.6916666667,41178.6916666667,41088.6916666667,41449.4210055197,41459.1427563426,0.2706257702
2026-05-13 20:56:58,MXF1!,3,2026-05-13 20:54:00,41263,41270,41246,41269,41291.1208333333,41371.1208333333,41491.1208333333,41181.1208333333,41091.1208333333,41435.4347690322,41451.6286790426,0.2530980723
2026-05-13 21:00:04,MXF1!,3,2026-05-13 20:57:00,41269,41323,41261,41293,41292.5927083333,41372.5927083333,41492.5927083333,41182.5927083333,41092.5927083333,41429.8490918153,41448.4875170814,0.2679457851
2026-05-13 21:02:59,MXF1!,3,2026-05-13 21:00:00,41295,41365,41291,41360,41294.0458333333,41374.0458333333,41494.0458333333,41184.0458333333,41094.0458333333,41427.1099117441,41446.7352890204,0.3084536321
2026-05-13 21:06:00,MXF1!,3,2026-05-13 21:03:00,41363,41381,41351,41372,41295.4791666667,41375.4791666667,41495.4791666667,41185.4791666667,41095.4791666667,41424.9487387345,41445.2553823071,0.3160398963
2026-05-13 21:08:59,MXF1!,3,2026-05-13 21:06:00,41374,41386,41354,41358,41296.9260416667,41376.9260416667,41496.9260416667,41186.9260416667,41096.9260416667,41422.3232979998,41443.5275529545,0.3080742097
2026-05-13 21:12:00,MXF1!,3,2026-05-13 21:09:00,41361,41395,41360,41392,41298.4385416667,41378.4385416667,41498.4385416667,41188.4385416667,41098.4385416667,41421.1341490586,41442.5072053712,0.3288230081
2026-05-13 21:15:06,MXF1!,3,2026-05-13 21:12:00,41394,41403,41383,41398,41299.853125,41379.853125,41499.853125,41189.853125,41099.853125,41420.2269275269,41441.6258745718,0.3327972408
2026-05-13 21:18:01,MXF1!,3,2026-05-13 21:15:00,41399,41404,41384,41384,41301.325,41381.325,41501.325,41191.325,41101.325,41418.8062637023,41440.4847681446,0.3248006265
2026-05-13 21:21:02,MXF1!,3,2026-05-13 21:18:00,41384,41412,41380,41407,41302.8583333333,41382.8583333333,41502.8583333333,41192.8583333333,41102.8583333333,41418.3432729689,41439.8217034289,0.3389489596
2026-05-13 21:24:05,MXF1!,3,2026-05-13 21:21:00,41407,41416,41393,41411,41304.5270833333,41384.5270833333,41504.5270833333,41194.5270833333,41104.5270833333,41418.0553014799,41439.2509766283,0.3417176461
2026-05-13 21:27:01,MXF1!,3,2026-05-13 21:24:00,41411,41434,41408,41414,41306.275,41386.275,41506.275,41196.275,41106.275,41417.8962700494,41438.7509572891,0.343879639
2026-05-13 21:30:02,MXF1!,3,2026-05-13 21:27:00,41414,41425,41401,41416,41308.0489583333,41388.0489583333,41508.0489583333,41198.0489583333,41108.0489583333,41417.821906518,41438.3004432834,0.345433296
2026-05-13 21:33:02,MXF1!,3,2026-05-13 21:30:00,41416,41444,41348,41405,41309.8291666667,41389.8291666667,41509.8291666667,41199.8291666667,41109.8291666667,41417.3190866546,41437.6410285649,0.3391770961
2026-05-13 21:36:05,MXF1!,3,2026-05-13 21:33:00,41406,41443,41355,41358,41311.6427083333,41391.6427083333,41511.6427083333,41201.6427083333,41111.6427083333,41414.9928479622,41436.0639784943,0.3113800159
2026-05-13 21:39:01,MXF1!,3,2026-05-13 21:36:00,41358,41365,41298,41321,41313.20625,41393.20625,41513.20625,41203.20625,41113.20625,41411.3068539245,41433.7854838707,0.2896144582
2026-05-13 21:42:02,MXF1!,3,2026-05-13 21:39:00,41324,41460,41320,41441,41315.0614583333,41395.0614583333,41515.0614583333,41205.0614583333,41115.0614583333,41412.4712910255,41433.9283455762,0.3618864467
2026-05-13 21:45:03,MXF1!,3,2026-05-13 21:42:00,41437,41492,41407,41439,41317.1447916667,41397.1447916667,41517.1447916667,41207.1447916667,41117.1447916667,41413.5116325539,41434.0287743767,0.3610062058
2026-05-13 21:48:02,MXF1!,3,2026-05-13 21:45:00,41437,41441,41323,41323,41318.9822916667,41398.9822916667,41518.9822916667,41208.9822916667,41118.9822916667,41409.9621567675,41431.8301847851,0.29185476
2026-05-13 21:51:02,MXF1!,3,2026-05-13 21:48:00,41323,41370,41266,41306,41320.6541666667,41400.6541666667,41520.6541666667,41210.6541666667,41120.6541666667,41405.8852094433,41429.3384979576,0.2820873083
2026-05-13 21:54:01,MXF1!,3,2026-05-13 21:51:00,41304,41454,41304,41451,41322.665625,41402.665625,41522.665625,41212.665625,41122.665625,41407.6544169161,41429.7674385921,0.3693294822
2026-05-13 21:57:01,MXF1!,3,2026-05-13 21:54:00,41455,41511,41412,41418,41324.80625,41404.80625,41524.80625,41214.80625,41124.80625,41408.0601260566,41429.5344200062,0.3498839945
2026-05-13 22:00:12,MXF1!,3,2026-05-13 21:57:00,41416,41495,41414,41458,41326.9739583333,41406.9739583333,41526.9739583333,41216.9739583333,41126.9739583333,41410.0185524858,41430.0980948575,0.3741954529
2026-05-13 22:03:02,MXF1!,3,2026-05-13 22:00:00,41458,41479,41433,41449,41329.0864583333,41409.0864583333,41529.0864583333,41219.0864583333,41129.0864583333,41411.547236702,41430.4723900089,0.3691014893
2026-05-13 22:06:01,MXF1!,3,2026-05-13 22:03:00,41446,41483,41430,41464,41331.0291666667,41411.0291666667,41531.0291666667,41221.0291666667,41131.0291666667,41413.6042078117,41431.136303078,0.3784211675
2026-05-13 22:09:00,MXF1!,3,2026-05-13 22:06:00,41461,41476,41404,41416,41332.8447916667,41412.8447916667,41532.8447916667,41222.8447916667,41132.8447916667,41413.6981604466,41430.8365743042,0.3499825957
2026-05-13 22:12:01,MXF1!,3,2026-05-13 22:09:00,41413,41488,41401,41435,41334.6635416667,41414.6635416667,41534.6635416667,41224.6635416667,41134.6635416667,41414.5335267036,41430.9190183774,0.3617458549
2026-05-13 22:15:07,MXF1!,3,2026-05-13 22:12:00,41434,41484,41430,41459,41336.4,41416.4,41536.4,41226.4,41136.4,41416.2773099701,41431.4750774194,0.3764929447
2026-05-13 22:18:00,MXF1!,3,2026-05-13 22:15:00,41458,41508,41431,41450,41338.1239583333,41418.1239583333,41538.1239583333,41228.1239583333,41138.1239583333,41417.5997684026,41431.8419075695,0.371424266
2026-05-13 22:21:02,MXF1!,3,2026-05-13 22:18:00,41452,41495,41434,41473,41339.7552083333,41419.7552083333,41539.7552083333,41229.7552083333,41139.7552083333,41419.7723265045,41432.6569193008,0.3855672866
2026-05-13 22:24:02,MXF1!,3,2026-05-13 22:21:00,41476,41586,41476,41581,41341.746875,41421.746875,41541.746875,41231.746875,41141.746875,41426.0949803671,41435.5944060473,0.4507555467
2026-05-13 22:27:00,MXF1!,3,2026-05-13 22:24:00,41581,41617,41569,41588,41343.9416666667,41423.9416666667,41543.9416666667,41233.9416666667,41143.9416666667,41432.4441968232,41438.6123386008,0.4552272264
2026-05-13 22:30:08,MXF1!,3,2026-05-13 22:27:00,41588,41604,41541,41556,41346.19375,41426.19375,41546.19375,41236.19375,41146.19375,41437.289522438,41440.9368467474,0.4362433448
2026-05-13 22:33:01,MXF1!,3,2026-05-13 22:30:00,41552,41600,41546,41554,41348.4291666667,41428.4291666667,41548.4291666667,41238.4291666667,41148.4291666667,41441.866403911,41443.1757210692,0.4353272464
2026-05-13 22:36:02,MXF1!,3,2026-05-13 22:33:00,41556,41613,41554,41610,41350.690625,41430.690625,41550.690625,41240.690625,41150.690625,41448.4598782675,41446.4791721371,0.4693082019
2026-05-13 22:39:02,MXF1!,3,2026-05-13 22:36:00,41610,41620,41545,41555,41352.9541666667,41432.9541666667,41552.9541666667,41242.9541666667,41152.9541666667,41452.637922257,41448.6280994215,0.4364786515
2026-05-13 22:42:02,MXF1!,3,2026-05-13 22:39:00,41556,41575,41524,41560,41355.096875,41435.096875,41555.096875,41245.096875,41155.096875,41456.8481998155,41450.8334835914,0.4398036382
2026-05-13 22:45:13,MXF1!,3,2026-05-13 22:42:00,41561,41595,41555,41568,41357.275,41437.275,41557.275,41247.275,41157.275,41461.2070939404,41453.1536126292,0.4449310851
2026-05-13 22:48:03,MXF1!,3,2026-05-13 22:45:00,41567,41582,41511,41543,41359.3364583333,41439.3364583333,41559.3364583333,41249.3364583333,41159.3364583333,41464.4146588839,41454.9327490128,0.4301496021
2026-05-13 22:51:06,MXF1!,3,2026-05-13 22:48:00,41543,41555,41529,41551,41361.43125,41441.43125,41561.43125,41251.43125,41161.43125,41467.8101624571,41456.8350708145,0.4352899515
2026-05-13 22:54:03,MXF1!,3,2026-05-13 22:51:00,41555,41584,41532,41582,41363.590625,41443.590625,41563.590625,41253.590625,41163.590625,41472.2881953019,41459.3135842637,0.454334975
2026-05-13 22:57:18,MXF1!,3,2026-05-13 22:54:00,41582,41601,41571,41572,41365.7708333333,41445.7708333333,41565.7708333333,41255.7708333333,41165.7708333333,41476.1984621528,41461.5449984367,0.4486110023
2026-05-13 23:00:23,MXF1!,3,2026-05-13 22:57:00,41575,41592,41555,41563,41367.8791666667,41447.8791666667,41567.8791666667,41257.8791666667,41167.8791666667,41479.6024440292,41463.5540083687,0.4434838008
2026-05-13 23:03:01,MXF1!,3,2026-05-13 23:00:00,41564,41584,41560,41566,41369.9354166667,41449.9354166667,41569.9354166667,41259.9354166667,41169.9354166667,41482.990583479,41465.5826418663,0.4456028245
2026-05-13 23:06:02,MXF1!,3,2026-05-13 23:03:00,41567,41572,41523,41525,41371.8510416667,41451.8510416667,41571.8510416667,41261.8510416667,41171.8510416667,41484.6380115779,41466.7592232155,0.42109406
2026-05-13 23:09:03,MXF1!,3,2026-05-13 23:06:00,41525,41541,41516,41530,41373.7947916667,41453.7947916667,41573.7947916667,41263.7947916667,41173.7947916667,41486.4169130846,41468.0115158251,0.4244398722
2026-05-13 23:12:01,MXF1!,3,2026-05-13 23:09:00,41534,41554,41527,41527,41375.771875,41455.771875,41575.771875,41265.771875,41175.771875,41488.0084066892,41469.1796046206,0.4229386779
2026-05-13 23:15:06,MXF1!,3,2026-05-13 23:12:00,41525,41528,41480,41506,41377.575,41457.575,41577.575,41267.575,41177.575,41488.713959368,41469.9087213608,0.4105292277
2026-05-13 23:18:01,MXF1!,3,2026-05-13 23:15:00,41507,41537,41504,41526,41379.4333333333,41459.4333333333,41579.4333333333,41269.4333333333,41179.4333333333,41490.1761570399,41471.0194397497,0.4229801461
2026-05-13 23:21:02,MXF1!,3,2026-05-13 23:18:00,41525,41526,41479,41511,41381.265625,41461.265625,41581.265625,41271.265625,41181.265625,41490.9927783324,41471.8111340121,0.4141951807
2026-05-13 23:24:01,MXF1!,3,2026-05-13 23:21:00,41512,41531,41505,41527,41383.1104166667,41463.1104166667,41583.1104166667,41273.1104166667,41183.1104166667,41492.4048262409,41472.9039828435,0.42423387
2026-05-13 23:27:00,MXF1!,3,2026-05-13 23:24:00,41528,41533,41491,41520,41384.8947916667,41464.8947916667,41584.8947916667,41274.8947916667,41184.8947916667,41493.4869899178,41473.8365772427,0.4202986059
2026-05-13 23:30:04,MXF1!,3,2026-05-13 23:27:00,41522,41529,41481,41521,41386.5010416667,41466.5010416667,41586.5010416667,41276.5010416667,41186.5010416667,41494.5659314896,41474.7705064062,0.4212393745
2026-05-13 23:33:02,MXF1!,3,2026-05-13 23:30:00,41520,41528,41479,41519,41388.0875,41468.0875,41588.0875,41278.0875,41188.0875,41495.5241302547,41475.6463379625,0.4203566747
2026-05-13 23:36:03,MXF1!,3,2026-05-13 23:33:00,41517,41552,41507,41550,41389.7645833333,41469.7645833333,41589.7645833333,41279.7645833333,41189.7645833333,41497.6604388722,41477.1186877058,0.4395703288
2026-05-13 23:39:01,MXF1!,3,2026-05-13 23:36:00,41552,41584,41548,41549,41391.4833333333,41471.4833333333,41591.4833333333,41281.4833333333,41191.4833333333,41499.6737549949,41478.5420800285,0.4393085587
2026-05-13 23:42:03,MXF1!,3,2026-05-13 23:39:00,41547,41600,41547,41597,41393.2572916667,41473.2572916667,41593.2572916667,41283.2572916667,41193.2572916667,41503.4904704853,41480.887781414,0.4689308851
2026-05-13 23:45:06,MXF1!,3,2026-05-13 23:42:00,41600,41640,41594,41623,41395.0854166667,41475.0854166667,41595.0854166667,41285.0854166667,41195.0854166667,41508.1771187015,41483.7018847524,0.4851364303
2026-05-13 23:48:02,MXF1!,3,2026-05-13 23:45:00,41623,41624,41594,41603,41396.9572916667,41476.9572916667,41596.9572916667,41286.9572916667,41196.9572916667,41511.8956630662,41486.0642236682,0.4732489046
2026-05-13 23:51:02,MXF1!,3,2026-05-13 23:48:00,41607,41619,41562,41577,41398.7489583333,41478.7489583333,41598.7489583333,41288.7489583333,41198.7489583333,41514.4487743185,41487.8649321104,0.4576883125
2026-05-13 23:54:02,MXF1!,3,2026-05-13 23:51:00,41571,41576,41545,41555,41400.4010416667,41480.4010416667,41600.4010416667,41290.4010416667,41200.4010416667,41516.0390184629,41489.1943393953,0.4445621864
2026-05-13 23:57:04,MXF1!,3,2026-05-13 23:54:00,41555,41568,41535,41548,41401.9791666667,41481.9791666667,41601.9791666667,41291.9791666667,41201.9791666667,41517.2923902878,41490.3588079222,0.4406119258
2026-05-14 00:00:16,MXF1!,3,2026-05-13 23:57:00,41545,41547,41497,41528,41403.5260416667,41483.5260416667,41603.5260416667,41293.5260416667,41203.5260416667,41517.7122965511,41491.1041780623,0.4286889166
2026-05-14 00:03:04,MXF1!,3,2026-05-14 00:00:00,41527,41574,41525,41571,41405.190625,41485.190625,41605.190625,41295.190625,41205.190625,41519.8020104118,41492.6862735462,0.4553973346
2026-05-14 00:06:02,MXF1!,3,2026-05-14 00:03:00,41571,41614,41570,41591,41406.928125,41486.928125,41606.928125,41296.928125,41206.928125,41522.5940884349,41494.6330800107,0.4680053768
2026-05-14 00:09:02,MXF1!,3,2026-05-14 00:06:00,41588,41601,41577,41597,41408.625,41488.625,41608.625,41298.625,41208.625,41525.5119673198,41496.6601477332,0.472027282
2026-05-14 00:12:01,MXF1!,3,2026-05-14 00:09:00,41597,41612,41590,41593,41410.2802083333,41490.2802083333,41610.2802083333,41300.2802083333,41210.2802083333,41528.1585568366,41498.5678675801,0.4698976484
2026-05-14 00:15:09,MXF1!,3,2026-05-14 00:12:00,41593,41622,41593,41616,41411.88125,41491.88125,41611.88125,41301.88125,41211.88125,41531.6033193136,41500.8932563409,0.4843853817
2026-05-14 00:18:03,MXF1!,3,2026-05-14 00:15:00,41619,41627,41586,41593,41413.4104166667,41493.4104166667,41613.4104166667,41303.4104166667,41213.4104166667,41534.0110322817,41502.7171522549,0.4705562135
2026-05-14 00:21:03,MXF1!,3,2026-05-14 00:18:00,41596,41603,41585,41591,41414.9770833333,41494.9770833333,41614.9770833333,41304.9770833333,41214.9770833333,41536.2458937609,41504.4653274578,0.469638497
2026-05-14 00:24:03,MXF1!,3,2026-05-14 00:21:00,41590,41633,41590,41620,41416.6375,41496.6375,41616.6375,41306.6375,41216.6375,41539.5303685154,41506.7531427557,0.4878345367
2026-05-14 00:27:01,MXF1!,3,2026-05-14 00:24:00,41623,41708,41623,41661,41418.3875,41498.3875,41618.3875,41308.3875,41218.3875,41544.2938834755,41509.8075359684,0.513432083
2026-05-14 00:30:05,MXF1!,3,2026-05-14 00:27:00,41658,41698,41650,41698,41420.2395833333,41500.2395833333,41620.2395833333,41310.2395833333,41220.2395833333,41550.3215743196,41513.5341194146,0.5365788363
2026-05-14 00:33:00,MXF1!,3,2026-05-14 00:30:00,41698,41722,41654,41692,41421.9979166667,41501.9979166667,41621.9979166667,41311.9979166667,41221.9979166667,41555.877591013,41517.068097248,0.5331447837
2026-05-14 00:36:01,MXF1!,3,2026-05-14 00:33:00,41692,41700,41679,41685,41423.7041666667,41503.7041666667,41623.7041666667,41313.7041666667,41223.7041666667,41560.9412148948,41520.3934814609,0.5290972595
2026-05-14 00:39:01,MXF1!,3,2026-05-14 00:36:00,41686,41711,41679,41694,41425.4416666667,41505.4416666667,41625.4416666667,41315.4416666667,41225.4416666667,41566.1592064676,41523.8312343032,0.5349278772
2026-05-14 00:42:01,MXF1!,3,2026-05-14 00:39:00,41694,41698,41683,41688,41427.1416666667,41507.1416666667,41627.1416666667,41317.1416666667,41227.1416666667,41570.9372768022,41527.0821009507,0.5314562405
2026-05-14 00:45:06,MXF1!,3,2026-05-14 00:42:00,41688,41706,41688,41690,41428.8239583333,41508.8239583333,41628.8239583333,41318.8239583333,41228.8239583333,41575.6064032021,41530.3081979616,0.5329402525
2026-05-14 00:48:03,MXF1!,3,2026-05-14 00:45:00,41690,41699,41666,41679,41430.521875,41510.521875,41630.521875,41320.521875,41230.521875,41579.6610540569,41533.2525900812,0.5263875911
2026-05-14 00:51:03,MXF1!,3,2026-05-14 00:48:00,41679,41684,41663,41676,41432.146875,41512.146875,41632.146875,41322.146875,41232.146875,41583.439051937,41536.0792714657,0.5247642124
2026-05-14 00:53:59,MXF1!,3,2026-05-14 00:51:00,41676,41705,41668,41697,41433.7604166667,41513.7604166667,41633.7604166667,41323.7604166667,41233.7604166667,41587.8924224493,41539.2658205456,0.5380116179
2026-05-14 00:57:00,MXF1!,3,2026-05-14 00:54:00,41697,41716,41694,41711,41435.49375,41515.49375,41635.49375,41325.49375,41235.49375,41592.7201705886,41542.6664973665,0.5468737489
2026-05-14 01:00:00,MXF1!,3,2026-05-14 00:57:00,41710,41728,41696,41705,41437.2208333333,41517.2208333333,41637.2208333333,41327.2208333333,41237.2208333333,41597.1233011537,41545.8810221711,0.5433047093
2026-05-14 01:03:01,MXF1!,3,2026-05-14 01:00:00,41708,41750,41708,41747,41439.0864583333,41519.0864583333,41639.0864583333,41329.0864583333,41239.0864583333,41603.0008187555,41549.8635761875,0.569513075
2026-05-14 01:06:00,MXF1!,3,2026-05-14 01:03:00,41745,41773,41742,41770,41441.0760416667,41521.0760416667,41641.0760416667,41331.0760416667,41241.0760416667,41609.5498062553,41554.2227132927,0.5838867263
2026-05-14 01:08:58,MXF1!,3,2026-05-14 01:06:00,41771,41781,41763,41770,41443.2208333333,41523.2208333333,41643.2208333333,41333.2208333333,41243.2208333333,41615.8419707159,41558.4955308512,0.5839857194
2026-05-14 01:11:59,MXF1!,3,2026-05-14 01:09:00,41767,41793,41763,41763,41445.2895833333,41525.2895833333,41645.2895833333,41335.2895833333,41245.2895833333,41621.6128738251,41562.5451242997,0.5797277486
2026-05-14 01:15:04,MXF1!,3,2026-05-14 01:12:00,41763,41783,41763,41781,41447.3302083333,41527.3302083333,41647.3302083333,41337.3302083333,41247.3302083333,41627.8633493613,41566.8709634225,0.5910090748
2026-05-14 01:18:00,MXF1!,3,2026-05-14 01:15:00,41773,41798,41767,41798,41449.3770833333,41529.3770833333,41649.3770833333,41339.3770833333,41249.3770833333,41634.5353748766,41571.447776028,0.6016636635
2026-05-14 01:20:59,MXF1!,3,2026-05-14 01:18:00,41798,41804,41786,41790,41451.4541666667,41531.4541666667,41651.4541666667,41341.4541666667,41251.4541666667,41640.6320268422,41575.7755428393,0.5967809141
2026-05-14 01:24:03,MXF1!,3,2026-05-14 01:21:00,41789,41812,41789,41797,41453.5947916667,41533.5947916667,41653.5947916667,41343.5947916667,41253.5947916667,41646.7641042209,41580.1562251594,0.601223355
2026-05-14 01:27:01,MXF1!,3,2026-05-14 01:24:00,41798,41828,41788,41810,41455.7395833333,41535.7395833333,41655.7395833333,41345.7395833333,41255.7395833333,41653.1655118986,41584.7075870374,0.6093795942
2026-05-14 01:30:13,MXF1!,3,2026-05-14 01:27:00,41812,41825,41812,41823,41457.9291666667,41537.9291666667,41657.9291666667,41347.9291666667,41257.9291666667,41659.8256879025,41589.4262486802,0.6175430432
2026-05-14 01:33:02,MXF1!,3,2026-05-14 01:30:00,41824,41838,41801,41801,41460.1072916667,41540.1072916667,41660.1072916667,41350.1072916667,41260.1072916667,41665.3619354358,41593.6158279143,0.6039264034
2026-05-14 01:36:03,MXF1!,3,2026-05-14 01:33:00,41801,41810,41789,41793,41462.209375,41542.209375,41662.209375,41352.209375,41262.209375,41670.3673497324,41597.5640293417,0.5990507769
2026-05-14 01:39:02,MXF1!,3,2026-05-14 01:36:00,41793,41802,41785,41794,41464.2375,41544.2375,41664.2375,41354.2375,41264.2375,41675.2156889586,41601.4538505429,0.5997998798
2026-05-14 01:42:03,MXF1!,3,2026-05-14 01:39:00,41794,41796,41779,41790,41466.21875,41546.21875,41666.21875,41356.21875,41266.21875,41679.7170344896,41605.1874376608,0.5974316043
2026-05-14 01:45:09,MXF1!,3,2026-05-14 01:42:00,41793,41806,41787,41798,41468.203125,41548.203125,41668.203125,41358.203125,41268.203125,41684.3555821567,41609.0055082022,0.6025268205
2026-05-14 01:48:02,MXF1!,3,2026-05-14 01:45:00,41798,41803,41794,41799,41470.2229166667,41550.2229166667,41670.2229166667,41360.2229166667,41270.2229166667,41688.85144168,41612.7677753665,0.6032666949
2026-05-14 01:51:05,MXF1!,3,2026-05-14 01:48:00,41798,41798,41768,41785,41472.1833333333,41552.1833333333,41672.1833333333,41362.1833333333,41272.1833333333,41692.6219733788,41616.1783144682,0.5946701961
2026-05-14 01:54:00,MXF1!,3,2026-05-14 01:51:00,41781,41783,41768,41777,41474.1322916667,41554.1322916667,41674.1322916667,41364.1322916667,41274.1322916667,41695.9309155992,41619.3629023005,0.5898088997
2026-05-14 01:57:05,MXF1!,3,2026-05-14 01:54:00,41775,41776,41759,41765,41476.0739583333,41556.0739583333,41676.0739583333,41366.0739583333,41276.0739583333,41698.6395071444,41622.2468052252,0.5824820471
2026-05-14 02:00:08,MXF1!,3,2026-05-14 01:57:00,41760,41770,41714,41716,41477.9510416667,41557.9510416667,41677.9510416667,41367.9510416667,41277.9510416667,41699.3203107858,41624.1033041317,0.5520757496
2026-05-14 02:03:03,MXF1!,3,2026-05-14 02:00:00,41720,41739,41706,41731,41479.9041666667,41559.9041666667,41679.9041666667,41369.9041666667,41279.9041666667,41700.5626515393,41626.2200703865,0.5615771678
2026-05-14 02:06:01,MXF1!,3,2026-05-14 02:03:00,41729,41770,41726,41764,41482.121875,41562.121875,41682.121875,41372.121875,41282.121875,41703.0503906946,41628.9483858244,0.5822322121
2026-05-14 02:09:01,MXF1!,3,2026-05-14 02:06:00,41763,41786,41762,41783,41484.3270833333,41564.3270833333,41684.3270833333,41374.3270833333,41284.3270833333,41706.1856694909,41631.9989128377,0.5940840919
2026-05-14 02:12:03,MXF1!,3,2026-05-14 02:09:00,41782,41793,41774,41786,41486.1770833333,41566.1770833333,41686.1770833333,41376.1770833333,41286.1770833333,41709.3156432363,41635.0484393162,0.5959598099
2026-05-14 02:15:06,MXF1!,3,2026-05-14 02:12:00,41784,41799,41780,41799,41488.00625,41568.00625,41688.00625,41378.00625,41288.00625,41712.8326768349,41638.2950048743,0.6040932819
2026-05-14 02:18:03,MXF1!,3,2026-05-14 02:15:00,41798,41822,41791,41794,41489.7677083333,41569.7677083333,41689.7677083333,41379.7677083333,41289.7677083333,41716.0157091159,41641.3782721045,0.6010122426
2026-05-14 02:21:02,MXF1!,3,2026-05-14 02:18:00,41793,41828,41793,41817,41491.3375,41571.3375,41691.3375,41381.3375,41291.3375,41719.9758773859,41644.8559300826,0.6154026805
2026-05-14 02:24:01,MXF1!,3,2026-05-14 02:21:00,41818,41822,41798,41805,41492.98125,41572.98125,41692.98125,41382.98125,41292.98125,41723.3101567041,41648.027099784,0.6079542416
2026-05-14 02:27:03,MXF1!,3,2026-05-14 02:24:00,41803,41805,41795,41795,41494.4572916667,41574.4572916667,41694.4572916667,41384.4572916667,41294.4572916667,41726.1215231078,41650.9374542437,0.6017160719
2026-05-14 02:30:52,MXF1!,3,2026-05-14 02:27:00,41796,41809,41789,41792,41495.8989583333,41575.8989583333,41695.8989583333,41385.8989583333,41295.8989583333,41728.7049927899,41653.7307719814,0.5998789598
2026-05-14 02:33:01,MXF1!,3,2026-05-14 02:30:00,41790,41797,41773,41781,41497.4885416667,41577.4885416667,41697.4885416667,41387.4885416667,41297.4885416667,41730.7557773863,41656.2509547145,0.5930504427
2026-05-14 02:36:02,MXF1!,3,2026-05-14 02:33:00,41781,41783,41767,41767,41499.0895833333,41579.0895833333,41699.0895833333,41389.0895833333,41299.0895833333,41732.1771194496,41658.4440051162,0.5843739223
2026-05-14 02:39:02,MXF1!,3,2026-05-14 02:36:00,41766,41772,41749,41762,41500.7291666667,41580.7291666667,41700.7291666667,41390.7291666667,41300.7291666667,41733.3466441771,41660.4946188763,0.5813145617
2026-05-14 02:42:01,MXF1!,3,2026-05-14 02:39:00,41760,41778,41759,41773,41502.5791666667,41582.5791666667,41702.5791666667,41392.5791666667,41302.5791666667,41734.9016777388,41662.7224482054,0.5882357858
2026-05-14 02:45:04,MXF1!,3,2026-05-14 02:42:00,41775,41777,41741,41744,41504.090625,41584.090625,41704.090625,41394.090625,41304.090625,41735.2584746902,41664.3319046766,0.5702085545
2026-05-14 02:48:03,MXF1!,3,2026-05-14 02:45:00,41743,41751,41718,41719,41505.1072916667,41585.1072916667,41705.1072916667,41395.1072916667,41305.1072916667,41734.6208874474,41665.4144412177,0.554692426
2026-05-14 02:51:02,MXF1!,3,2026-05-14 02:48:00,41725,41741,41719,41737,41506.109375,41586.109375,41706.109375,41396.109375,41306.109375,41734.7141859789,41666.8319770351,0.5660076254
2026-05-14 02:54:01,MXF1!,3,2026-05-14 02:51:00,41737,41744,41723,41737,41507.1479166667,41587.1479166667,41707.1479166667,41397.1479166667,41307.1479166667,41734.8038257444,41668.2214428364,0.5660912245
2026-05-14 02:57:02,MXF1!,3,2026-05-14 02:54:00,41740,41754,41722,41749,41508.3177083333,41588.3177083333,41708.3177083333,41398.3177083333,41308.3177083333,41735.3605384603,41669.8210182258,0.5736423008
2026-05-14 03:00:14,MXF1!,3,2026-05-14 02:57:00,41749,41760,41710,41715,41509.3895833333,41589.3895833333,41709.3895833333,41399.3895833333,41309.3895833333,41734.5620859717,41670.7156515283,0.5524986816
2026-05-14 03:03:04,MXF1!,3,2026-05-14 03:00:00,41715,41752,41715,41744,41510.5229166667,41590.5229166667,41710.5229166667,41400.5229166667,41310.5229166667,41734.9322002473,41672.1668267455,0.5706927471
2026-05-14 03:06:04,MXF1!,3,2026-05-14 03:03:00,41748,41755,41744,41744,41511.3666666667,41591.3666666667,41711.3666666667,41401.3666666667,41311.3666666667,41735.2878002376,41673.5892658199,0.570744536
2026-05-14 03:09:05,MXF1!,3,2026-05-14 03:06:00,41742,41748,41734,41743,41512.115625,41592.115625,41712.115625,41402.115625,41312.115625,41735.590239444,41674.9637358036,0.5701679255
2026-05-14 03:12:05,MXF1!,3,2026-05-14 03:09:00,41745,41762,41743,41743,41513.1583333333,41593.1583333333,41713.1583333333,41403.1583333333,41313.1583333333,41735.8808182893,41676.31098856,0.5702065013
2026-05-14 03:15:09,MXF1!,3,2026-05-14 03:12:00,41744,41757,41738,41754,41514.1208333333,41594.1208333333,41714.1208333333,41404.1208333333,41314.1208333333,41736.5913744348,41677.8493848261,0.57710969
2026-05-14 03:18:03,MXF1!,3,2026-05-14 03:15:00,41755,41763,41742,41763,41514.9375,41594.9375,41714.9375,41404.9375,41314.9375,41737.6270068099,41679.5355356217,0.5827633324
2026-05-14 03:21:04,MXF1!,3,2026-05-14 03:18:00,41764,41777,41756,41756,41515.975,41595.975,41715.975,41405.975,41315.975,41738.3475163468,41681.0496834311,0.5784276919
2026-05-14 03:24:03,MXF1!,3,2026-05-14 03:21:00,41755,41758,41732,41732,41517.13125,41597.13125,41717.13125,41407.13125,41317.13125,41738.0985941371,41682.0586005909,0.5634888036
2026-05-14 03:27:20,MXF1!,3,2026-05-14 03:24:00,41733,41736,41717,41728,41518.4229166667,41598.4229166667,41718.4229166667,41408.4229166667,41318.4229166667,41737.7025708376,41682.9683312723,0.5610544808
2026-05-14 03:30:03,MXF1!,3,2026-05-14 03:27:00,41733,41734,41716,41727,41519.7447916667,41599.7447916667,41719.7447916667,41409.7447916667,41319.7447916667,41737.2828621773,41683.8402455045,0.5605077427
2026-05-14 03:33:04,MXF1!,3,2026-05-14 03:30:00,41728,41740,41724,41725,41521.0989583333,41601.0989583333,41721.0989583333,41411.0989583333,41321.0989583333,41736.8011813076,41684.655290148,0.5593438091
2026-05-14 03:36:07,MXF1!,3,2026-05-14 03:33:00,41725,41726,41713,41720,41522.4166666667,41602.4166666667,41722.4166666667,41412.4166666667,41322.4166666667,41736.1423114524,41685.3551853926,0.556328944
2026-05-14 03:39:09,MXF1!,3,2026-05-14 03:36:00,41720,41731,41715,41726,41523.725,41603.725,41723.725,41413.725,41323.725,41735.7445737484,41686.1600332066,0.5602065237
2026-05-14 03:42:09,MXF1!,3,2026-05-14 03:39:00,41730,41744,41730,41733,41525.03125,41605.03125,41725.03125,41415.03125,41325.03125,41735.6369434053,41687.0875573015,0.5647070851
2026-05-14 03:45:06,MXF1!,3,2026-05-14 03:42:00,41728,41744,41724,41744,41526.19375,41606.19375,41726.19375,41416.19375,41326.19375,41735.9649064091,41688.2145363649,0.571726029
2026-05-14 03:48:01,MXF1!,3,2026-05-14 03:45:00,41740,41756,41733,41755,41527.2625,41607.2625,41727.2625,41417.2625,41327.2625,41736.7113806675,41689.5370207933,0.5787278456
2026-05-14 03:51:02,MXF1!,3,2026-05-14 03:48:00,41757,41759,41701,41711,41528.4145833333,41608.4145833333,41728.4145833333,41418.4145833333,41328.4145833333,41735.7030912296,41689.9620302825,0.5513545049
2026-05-14 03:54:08,MXF1!,3,2026-05-14 03:51:00,41711,41721,41683,41718,41529.5989583333,41609.5989583333,41729.5989583333,41419.5989583333,41329.5989583333,41735.0088523578,41690.5172376037,0.5558723941
2026-05-14 03:57:01,MXF1!,3,2026-05-14 03:54:00,41710,41720,41694,41719,41530.9291666667,41610.9291666667,41730.9291666667,41420.9291666667,41330.9291666667,41734.3810542262,41691.0812527006,0.5566158306
2026-05-14 04:00:22,MXF1!,3,2026-05-14 03:57:00,41716,41723,41708,41708,41532.3989583333,41612.3989583333,41732.3989583333,41422.3989583333,41332.3989583333,41733.34650308,41691.4162773996,0.5498555094
2026-05-14 04:03:14,MXF1!,3,2026-05-14 04:00:00,41707,41720,41688,41704,41533.934375,41613.934375,41733.934375,41423.934375,41333.934375,41732.195659822,41691.6654600254,0.5474596128
2026-05-14 04:06:03,MXF1!,3,2026-05-14 04:03:00,41705,41721,41698,41721,41535.4927083333,41615.4927083333,41735.4927083333,41425.4927083333,41335.4927083333,41731.7566143388,41692.2463420051,0.5582139459
2026-05-14 04:09:05,MXF1!,3,2026-05-14 04:06:00,41716,41739,41710,41737,41537.1177083333,41617.1177083333,41737.1177083333,41427.1177083333,41337.1177083333,41731.9622373059,41693.1325530545,0.5683378306
2026-05-14 04:12:03,MXF1!,3,2026-05-14 04:09:00,41737,41738,41727,41733,41538.6927083333,41618.6927083333,41738.6927083333,41428.6927083333,41338.6927083333,41732.0029338821,41693.9220074494,0.5659057126
2026-05-14 04:15:01,MXF1!,3,2026-05-14 04:12:00,41736,41742,41733,41737,41540.265625,41620.265625,41740.265625,41430.265625,41340.265625,41732.1988972593,41694.7750370049,0.5684831983
2026-05-14 04:18:14,MXF1!,3,2026-05-14 04:15:00,41733,41734,41728,41733,41541.9229166667,41621.9229166667,41741.9229166667,41431.9229166667,41341.9229166667,41732.230313053,41695.5319669652,0.5660314316
2026-05-14 04:21:04,MXF1!,3,2026-05-14 04:18:00,41730,41732,41725,41731,41543.59375,41623.59375,41743.59375,41433.59375,41343.59375,41732.1820654823,41696.234304253,0.5648482527
2026-05-14 04:24:00,MXF1!,3,2026-05-14 04:21:00,41730,41738,41729,41738,41545.3291666667,41625.3291666667,41745.3291666667,41435.3291666667,41345.3291666667,41732.4102197771,41697.0613477331,0.5693070172
2026-05-14 04:27:23,MXF1!,3,2026-05-14 04:24:00,41739,41748,41738,41744,41547.0208333333,41627.0208333333,41747.0208333333,41437.0208333333,41347.0208333333,41732.8647209624,41697.9908259959,0.5731385309
2026-05-14 04:30:07,MXF1!,3,2026-05-14 04:27:00,41746,41753,41735,41738,41548.6895833333,41628.6895833333,41748.6895833333,41438.6895833333,41348.6895833333,41733.066104454,41698.7830868672,0.569451003
2026-05-14 04:33:27,MXF1!,3,2026-05-14 04:30:00,41736,41750,41736,41750,41550.090625,41630.090625,41750.090625,41440.090625,41350.090625,41733.7301787892,41699.7972831669,0.5770362008
2026-05-14 04:36:09,MXF1!,3,2026-05-14 04:33:00,41750,41760,41750,41760,41551.4552083333,41631.4552083333,41751.4552083333,41441.4552083333,41351.4552083333,41734.7603678563,41700.9894161735,0.5833506193
2026-05-14 04:39:01,MXF1!,3,2026-05-14 04:36:00,41754,41764,41750,41764,41552.765625,41632.765625,41752.765625,41442.765625,41352.765625,41735.9070200972,41702.2371505067,0.5858841916
2026-05-14 04:42:01,MXF1!,3,2026-05-14 04:39:00,41762,41771,41759,41759,41554.0125,41634.0125,41754.0125,41444.0125,41354.0125,41736.8126271522,41703.3611673283,0.582786991
2026-05-14 04:45:01,MXF1!,3,2026-05-14 04:42:00,41761,41761,41748,41756,41555.1739583333,41635.1739583333,41755.1739583333,41445.1739583333,41355.1739583333,41737.5650731462,41704.4035204505,0.5809497742
2026-05-14 04:48:08,MXF1!,3,2026-05-14 04:45:00,41755,41758,41746,41756,41556.265625,41636.265625,41756.265625,41446.265625,41356.265625,41738.2880114542,41705.4252329169,0.5810084622
2026-05-14 04:51:02,MXF1!,3,2026-05-14 04:48:00,41759,41764,41753,41756,41557.2614583333,41637.2614583333,41757.2614583333,41447.2614583333,41357.2614583333,41738.9825992403,41706.4267134532,0.5810679289
2026-05-14 04:54:13,MXF1!,3,2026-05-14 04:51:00,41756,41762,41756,41759,41558.1770833333,41638.1770833333,41758.1770833333,41448.1770833333,41358.1770833333,41739.7675953486,41707.4677686323,0.5829898232
2026-05-14 04:57:34,MXF1!,3,2026-05-14 04:54:00,41760,41763,41752,41758,41559.0270833333,41639.0270833333,41759.0270833333,41449.0270833333,41359.0270833333,41740.4825916094,41708.4684068772,0.5823956264
2026-05-14 05:01:02,MXF1!,3,2026-05-14 04:57:00,41759,41761,41745,41755,41559.7260416667,41639.7260416667,41759.7260416667,41449.7260416667,41359.7260416667,41741.0519017424,41709.3898245628,0.5805736728
2026-05-14 08:48:02,MXF1!,3,2026-05-14 08:45:00,41930,41963,41870,41922,41560.9875,41640.9875,41760.9875,41450.9875,41360.9875,41748.1479055956,41713.5999270467,0.6852754008
2026-05-14 08:51:00,MXF1!,3,2026-05-14 08:48:00,41920,41965,41890,41926,41562.3333333333,41642.3333333333,41762.3333333333,41452.3333333333,41362.3333333333,41755.122497533,41717.8058690854,0.6876941527
2026-05-14 08:54:01,MXF1!,3,2026-05-14 08:51:00,41927,41977,41921,41935,41563.803125,41643.803125,41763.803125,41453.803125,41363.803125,41762.1765172376,41722.1067429649,0.69324869
2026-05-14 08:57:00,MXF1!,3,2026-05-14 08:54:00,41936,41992,41932,41985,41565.4739583333,41645.4739583333,41765.4739583333,41455.4739583333,41365.4739583333,41770.9146930322,41727.3125500349,0.7244700012
2026-05-14 09:00:02,MXF1!,3,2026-05-14 08:57:00,41983,41997,41951,41997,41567.1947916667,41647.1947916667,41767.1947916667,41457.1947916667,41367.1947916667,41779.7807835015,41732.6528955788,0.7318337346
2026-05-14 09:03:00,MXF1!,3,2026-05-14 09:00:00,41996,42145,41993,42132,41569.2791666667,41649.2791666667,41769.2791666667,41459.2791666667,41369.2791666667,41793.5933017956,41740.5607590326,0.8160758502
2026-05-14 09:06:00,MXF1!,3,2026-05-14 09:03:00,42136,42218,42128,42176,41571.5802083333,41651.5802083333,41771.5802083333,41461.5802083333,41371.5802083333,41808.5896429017,41749.1833182597,0.8431573843
2026-05-14 09:09:00,MXF1!,3,2026-05-14 09:06:00,42176,42239,42131,42161,41573.8770833333,41653.8770833333,41773.8770833333,41463.8770833333,41373.8770833333,41822.4096569055,41757.3381040368,0.8333359773
2026-05-14 09:12:01,MXF1!,3,2026-05-14 09:09:00,42166,42202,42153,42183,41576.20625,41656.20625,41776.20625,41466.20625,41376.20625,41836.5504546739,41765.7670524717,0.8466359831
2026-05-14 09:15:01,MXF1!,3,2026-05-14 09:12:00,42189,42214,42113,42128,41578.4583333333,41658.4583333333,41778.4583333333,41468.4583333333,41378.4583333333,41847.9798486083,41772.9399821257,0.8119360583
2026-05-14 09:18:01,MXF1!,3,2026-05-14 09:15:00,42128,42131,41877,41915,41580.3229166667,41660.3229166667,41780.3229166667,41470.3229166667,41380.3229166667,41850.6080898393,41775.7530517866,0.6788829753
2026-05-14 09:21:01,MXF1!,3,2026-05-14 09:18:00,41918,41944,41824,41885,41581.8854166667,41661.8854166667,41781.8854166667,41471.8854166667,41381.8854166667,41851.9567921986,41777.9163576918,0.6601543936
2026-05-14 09:24:00,MXF1!,3,2026-05-14 09:21:00,41881,41925,41862,41921,41583.5239583333,41663.5239583333,41783.5239583333,41473.5239583333,41383.5239583333,41854.6643689751,41780.7496971434,0.6826059525
2026-05-14 09:27:01,MXF1!,3,2026-05-14 09:24:00,41923,41962,41883,41927,41585.121875,41665.121875,41785.121875,41475.121875,41385.121875,41857.5010603878,41783.6457427446,0.6863080755
2026-05-14 09:30:01,MXF1!,3,2026-05-14 09:27:00,41930,41974,41917,41962,41586.734375,41666.734375,41786.734375,41476.734375,41386.734375,41861.5990580197,41787.177510215,0.7080862645
2026-05-14 09:33:00,MXF1!,3,2026-05-14 09:30:00,41961,41987,41923,41945,41588.3020833333,41668.3020833333,41788.3020833333,41478.3020833333,41388.3020833333,41864.8696831954,41790.3027080325,0.6973897493
2026-05-14 09:36:00,MXF1!,3,2026-05-14 09:33:00,41947,41950,41866,41905,41589.8354166667,41669.8354166667,41789.8354166667,41479.8354166667,41389.8354166667,41866.4434211093,41792.5739415368,0.6723909638
2026-05-14 09:39:00,MXF1!,3,2026-05-14 09:36:00,41902,41914,41810,41877,41591.24375,41671.24375,41791.24375,41481.24375,41391.24375,41866.8574045952,41794.2457446747,0.6549268341
2026-05-14 09:42:01,MXF1!,3,2026-05-14 09:39:00,41879,41903,41860,41869,41592.7177083333,41672.7177083333,41792.7177083333,41482.7177083333,41392.7177083333,41866.9414279444,41795.7260269584,0.6499730389
2026-05-14 09:45:00,MXF1!,3,2026-05-14 09:42:00,41869,41887,41760,41788,41594,41674,41794,41484,41394,41863.8456856721,41795.5730363255,0.5994891452
2026-05-14 09:48:01,MXF1!,3,2026-05-14 09:45:00,41788,41795,41659,41664,41594.9239583333,41674.9239583333,41794.9239583333,41484.9239583333,41394.9239583333,41856.0085999594,41792.9676296656,0.5221984556
2026-05-14 09:51:01,MXF1!,3,2026-05-14 09:48:00,41662,41847,41650,41812,41596.0510416667,41676.0510416667,41796.0510416667,41486.0510416667,41396.0510416667,41854.2827725101,41793.3445082861,0.6146877703
2026-05-14 09:54:01,MXF1!,3,2026-05-14 09:51:00,41808,41813,41704,41766,41597.1052083333,41677.1052083333,41797.1052083333,41487.1052083333,41397.1052083333,41850.8207029999,41792.8030328745,0.5860248878
2026-05-14 09:57:01,MXF1!,3,2026-05-14 09:54:00,41765,41792,41732,41738,41598.0822916667,41678.0822916667,41798.0822916667,41488.0822916667,41398.0822916667,41846.3963617057,41791.7178243027,0.5686290572
2026-05-14 10:00:01,MXF1!,3,2026-05-14 09:57:00,41737,41737,41660,41700,41598.815625,41678.815625,41798.815625,41488.815625,41398.815625,41840.6553279134,41789.9016297621,0.545010453
2026-05-14 10:03:01,MXF1!,3,2026-05-14 10:00:00,41696,41743,41612,41725,41599.690625,41679.690625,41799.690625,41489.690625,41399.690625,41836.1198248579,41788.6164489747,0.5607400132
2026-05-14 10:06:01,MXF1!,3,2026-05-14 10:03:00,41722,41806,41720,41798,41600.5166666667,41680.5166666667,41800.5166666667,41490.5166666667,41400.5166666667,41834.6249297655,41788.8022618663,0.6064518664
2026-05-14 10:09:01,MXF1!,3,2026-05-14 10:06:00,41796,41806,41737,41792,41601.3395833333,41681.3395833333,41801.3395833333,41491.3395833333,41401.3395833333,41832.9533638923,41788.8655834135,0.6027780926
2026-05-14 10:12:04,MXF1!,3,2026-05-14 10:09:00,41788,41808,41756,41773,41602.1697916667,41682.1697916667,41802.1697916667,41492.1697916667,41402.1697916667,41830.6022515828,41788.5514134449,0.5910081562
2026-05-14 10:15:01,MXF1!,3,2026-05-14 10:12:00,41775,41777,41726,41759,41602.759375,41682.759375,41802.759375,41492.759375,41402.759375,41827.7943201482,41787.9662369411,0.5823856284
2026-05-14 10:18:00,MXF1!,3,2026-05-14 10:15:00,41763,41817,41742,41812,41603.45,41683.45,41803.45,41493.45,41403.45,41827.1749350443,41788.4421530412,0.615646466
2026-05-14 10:21:00,MXF1!,3,2026-05-14 10:18:00,41810,41842,41765,41819,41604.1427083333,41684.1427083333,41804.1427083333,41494.1427083333,41404.1427083333,41826.8543493563,41789.0472589216,0.6201108091
2026-05-14 10:24:00,MXF1!,3,2026-05-14 10:21:00,41820,41871,41802,41834,41604.959375,41684.959375,41804.959375,41494.959375,41404.959375,41827.1345709502,41789.9374122103,0.6295681432
2026-05-14 10:27:00,MXF1!,3,2026-05-14 10:24:00,41834,41855,41795,41836,41605.965625,41685.965625,41805.965625,41495.965625,41405.965625,41827.4822348345,41790.8495426616,0.6308702362
2026-05-14 10:30:02,MXF1!,3,2026-05-14 10:27:00,41835,41844,41730,41738,41606.9239583333,41686.9239583333,41806.9239583333,41496.9239583333,41406.9239583333,41823.9731275861,41789.8030170643,0.5696317402
2026-05-14 10:33:01,MXF1!,3,2026-05-14 10:30:00,41732,41823,41722,41820,41607.928125,41687.928125,41807.928125,41497.928125,41407.928125,41823.8173186611,41790.4009771224,0.6210047442
2026-05-14 10:36:00,MXF1!,3,2026-05-14 10:33:00,41819,41833,41794,41804,41608.9645833333,41688.9645833333,41808.9645833333,41498.9645833333,41408.9645833333,41823.0401689097,41790.6702647042,0.6110459284
2026-05-14 10:39:01,MXF1!,3,2026-05-14 10:36:00,41803,41803,41730,41740,41609.7822916667,41689.7822916667,41809.7822916667,41499.7822916667,41409.7822916667,41819.7836916976,41789.6668931259,0.5710878523
2026-05-14 10:42:01,MXF1!,3,2026-05-14 10:39:00,41739,41757,41702,41710,41610.4770833333,41690.4770833333,41810.4770833333,41500.4770833333,41410.4770833333,41815.4784488859,41788.0893308858,0.5524514738
2026-05-14 10:45:01,MXF1!,3,2026-05-14 10:42:00,41707,41724,41655,41702,41611.1645833333,41691.1645833333,41811.1645833333,41501.1645833333,41411.1645833333,41811.0283136355,41786.3845916603,0.5475985006
2026-05-14 10:48:02,MXF1!,3,2026-05-14 10:45:00,41700,41718,41641,41658,41611.753125,41691.753125,41811.753125,41501.753125,41411.753125,41805.0272032968,41783.8423225185,0.5202204427
2026-05-14 10:51:01,MXF1!,3,2026-05-14 10:48:00,41656,41679,41540,41584,41612.1447916667,41692.1447916667,41812.1447916667,41502.1447916667,41412.1447916667,41796.3594698342,41779.8850488053,0.4740826175
2026-05-14 10:54:01,MXF1!,3,2026-05-14 10:51:00,41585,41668,41572,41654,41612.6229166667,41692.6229166667,41812.6229166667,41502.6229166667,41412.6229166667,41790.776745527,41777.3922755616,0.5181796404
2026-05-14 10:57:00,MXF1!,3,2026-05-14 10:54:00,41656,41665,41578,41588,41613.1895833333,41693.1895833333,41813.1895833333,41503.1895833333,41413.1895833333,41782.8247162906,41773.6419334713,0.4770374522
2026-05-14 11:00:03,MXF1!,3,2026-05-14 10:57:00,41587,41622,41578,41598,41613.8020833333,41693.8020833333,41813.8020833333,41503.8020833333,41413.8020833333,41775.5766882008,41770.1638753827,0.4835640126
2026-05-14 11:03:02,MXF1!,3,2026-05-14 11:00:00,41599,41642,41558,41635,41614.4197916667,41694.4197916667,41814.4197916667,41504.4197916667,41414.4197916667,41770.0638768988,41767.4873629989,0.5070271443
2026-05-14 11:06:01,MXF1!,3,2026-05-14 11:03:00,41635,41647,41607,41624,41615.0875,41695.0875,41815.0875,41505.0875,41415.0875,41764.3358817263,41764.6460290781,0.5003658549
2026-05-14 11:09:01,MXF1!,3,2026-05-14 11:06:00,41628,41629,41559,41604,41615.6291666667,41695.6291666667,41815.6291666667,41505.6291666667,41415.6291666667,41758.04820009,41761.4649195914,0.4880690307
2026-05-14 11:12:01,MXF1!,3,2026-05-14 11:09:00,41606,41662,41601,41626,41616.3125,41696.3125,41816.3125,41506.3125,41416.3125,41752.8698393021,41758.7824459362,0.5021713457
2026-05-14 11:15:01,MXF1!,3,2026-05-14 11:12:00,41627,41677,41612,41672,41617.0552083333,41697.0552083333,41817.0552083333,41507.0552083333,41417.0552083333,41749.698473055,41757.0639816602,0.5314370319
2026-05-14 11:18:00,MXF1!,3,2026-05-14 11:15:00,41671,41673,41549,41613,41617.6010416667,41697.6010416667,41817.6010416667,41507.6010416667,41417.6010416667,41744.3377486215,41754.2112295481,0.4945703704
2026-05-14 11:21:01,MXF1!,3,2026-05-14 11:18:00,41615,41632,41527,41569,41618.053125,41698.053125,41818.053125,41508.053125,41418.053125,41737.4617584794,41750.5436804482,0.4671233137
2026-05-14 11:24:01,MXF1!,3,2026-05-14 11:21:00,41567,41616,41554,41616,41618.5270833333,41698.5270833333,41818.5270833333,41508.5270833333,41418.5270833333,41732.6985522646,41747.8794491522,0.4969822705
2026-05-14 11:27:01,MXF1!,3,2026-05-14 11:24:00,41618,41693,41605,41689,41619.1145833333,41699.1145833333,41819.1145833333,41509.1145833333,41419.1145833333,41730.9848835483,41746.713519466,0.5432301769
2026-05-14 11:30:05,MXF1!,3,2026-05-14 11:27:00,41692,41719,41669,41670,41619.6979166667,41699.6979166667,41819.6979166667,41509.6979166667,41419.6979166667,41728.5933194876,41745.1944398726,0.5314891352
2026-05-14 11:33:00,MXF1!,3,2026-05-14 11:30:00,41674,41678,41571,41600,41620.0760416667,41700.0760416667,41820.0760416667,41510.0760416667,41420.0760416667,41723.5504442136,41742.3193024494,0.4875482708
2026-05-14 11:36:01,MXF1!,3,2026-05-14 11:33:00,41601,41618,41567,41576,41620.415625,41700.415625,41820.415625,41510.415625,41420.415625,41717.7641522836,41739.0258509157,0.4726234913
2026-05-14 11:39:01,MXF1!,3,2026-05-14 11:36:00,41580,41660,41575,41621,41620.8010416667,41700.8010416667,41820.8010416667,41510.8010416667,41420.8010416667,41713.9694796451,41736.688705353,0.501235803
2026-05-14 11:42:02,MXF1!,3,2026-05-14 11:39:00,41623,41645,41610,41633,41621.18125,41701.18125,41821.18125,41511.18125,41421.18125,41710.7942059335,41734.6354636629,0.5089621718
2026-05-14 11:45:01,MXF1!,3,2026-05-14 11:42:00,41634,41660,41631,41655,41621.5645833333,41701.5645833333,41821.5645833333,41511.5645833333,41421.5645833333,41708.6061978577,41733.0585237884,0.523048731
2026-05-14 11:48:00,MXF1!,3,2026-05-14 11:45:00,41655,41693,41648,41650,41621.9552083333,41701.9552083333,41821.9552083333,41511.9552083333,41421.9552083333,41706.3079155887,41731.413800545,0.5201194808
2026-05-14 11:51:01,MXF1!,3,2026-05-14 11:48:00,41649,41664,41623,41657,41622.2791666667,41702.2791666667,41822.2791666667,41512.2791666667,41422.2791666667,41704.3742718402,41729.9402599402,0.5247792055
2026-05-14 11:54:02,MXF1!,3,2026-05-14 11:51:00,41657,41683,41657,41670,41622.5895833333,41702.5895833333,41822.5895833333,41512.5895833333,41422.5895833333,41703.0262611798,41728.7533240998,0.533232782
2026-05-14 11:57:00,MXF1!,3,2026-05-14 11:54:00,41672,41684,41648,41670,41622.7489583333,41702.7489583333,41822.7489583333,41512.7489583333,41422.7489583333,41701.7311136825,41727.5898919394,0.5334850983
2026-05-14 12:00:11,MXF1!,3,2026-05-14 11:57:00,41670,41670,41642,41659,41622.8604166667,41702.8604166667,41822.8604166667,41512.8604166667,41422.8604166667,41700.0553837342,41726.2316762574,0.5267674616
2026-05-14 12:03:02,MXF1!,3,2026-05-14 12:00:00,41660,41671,41555,41599,41622.7916666667,41702.7916666667,41822.7916666667,41512.7916666667,41422.7916666667,41696.0924275093,41723.7122371236,0.4890408819
2026-05-14 12:06:00,MXF1!,3,2026-05-14 12:03:00,41600,41614,41575,41608,41622.7135416667,41702.7135416667,41822.7135416667,41512.7135416667,41422.7135416667,41692.637822509,41721.4209056954,0.4950334441
2026-05-14 12:09:01,MXF1!,3,2026-05-14 12:06:00,41607,41674,41607,41670,41622.815625,41702.815625,41822.815625,41512.815625,41422.815625,41691.7500647635,41720.4026699391,0.5346057542
2026-05-14 12:12:02,MXF1!,3,2026-05-14 12:09:00,41668,41714,41662,41709,41623.10625,41703.10625,41823.10625,41513.10625,41423.10625,41692.426532812,41720.1768744947,0.5595282862
2026-05-14 12:15:01,MXF1!,3,2026-05-14 12:12:00,41708,41740,41704,41736,41623.5166666667,41703.5166666667,41823.5166666667,41513.5166666667,41423.5166666667,41694.1352962311,41720.4902037127,0.5768428966
2026-05-14 12:18:00,MXF1!,3,2026-05-14 12:15:00,41735,41745,41704,41734,41623.9645833333,41703.9645833333,41823.9645833333,41513.9645833333,41423.9645833333,41695.6986179476,41720.7577244312,0.5757948998
2026-05-14 12:21:01,MXF1!,3,2026-05-14 12:18:00,41735,41738,41699,41732,41624.4385416667,41704.4385416667,41824.4385416667,41514.4385416667,41424.4385416667,41697.1222015575,41720.9803437494,0.5747586494
2026-05-14 12:24:01,MXF1!,3,2026-05-14 12:21:00,41736,41769,41733,41761,41624.953125,41704.953125,41824.953125,41514.953125,41424.953125,41699.6272132611,41721.77281219,0.5934778854
2026-05-14 12:27:01,MXF1!,3,2026-05-14 12:24:00,41762,41795,41756,41765,41625.5208333333,41705.5208333333,41825.5208333333,41515.5208333333,41425.5208333333,41702.1908519567,41722.628796107,0.5963140303
2026-05-14 12:30:01,MXF1!,3,2026-05-14 12:27:00,41768,41788,41746,41786,41626.11875,41706.11875,41826.11875,41516.11875,41426.11875,41705.4774852133,41723.8836714316,0.6099698417
2026-05-14 12:33:00,MXF1!,3,2026-05-14 12:30:00,41787,41810,41782,41786,41626.8114583333,41706.8114583333,41826.8114583333,41516.8114583333,41426.8114583333,41708.6352308912,41725.1136977399,0.6102761944
2026-05-14 12:36:02,MXF1!,3,2026-05-14 12:33:00,41789,41838,41789,41820,41627.7010416667,41707.7010416667,41827.7010416667,41517.7010416667,41427.7010416667,41713.0024767386,41726.9926344184,0.6323194702
2026-05-14 12:39:00,MXF1!,3,2026-05-14 12:36:00,41818,41847,41797,41832,41628.6822916667,41708.6822916667,41828.6822916667,41518.6822916667,41428.6822916667,41717.6690462783,41729.0719881922,0.6403276346
2026-05-14 12:42:01,MXF1!,3,2026-05-14 12:39:00,41832,41846,41806,41816,41629.6479166667,41709.6479166667,41829.6479166667,41519.6479166667,41429.6479166667,41721.5251621105,41730.7933349607,0.6304499118
2026-05-14 12:45:01,MXF1!,3,2026-05-14 12:42:00,41816,41818,41788,41818,41630.5791666667,41710.5791666667,41830.5791666667,41520.5791666667,41430.5791666667,41725.3084890866,41732.520199615,0.6321231992
2026-05-14 12:48:01,MXF1!,3,2026-05-14 12:45:00,41816,41820,41800,41808,41631.4864583333,41711.4864583333,41831.4864583333,41521.4864583333,41431.4864583333,41728.5512934361,41734.0148491275,0.6261289827
2026-05-14 12:51:00,MXF1!,3,2026-05-14 12:48:00,41807,41840,41805,41811,41632.39375,41712.39375,41832.39375,41522.39375,41432.39375,41731.7845760465,41735.5393075607,0.6284432492
2026-05-14 12:54:02,MXF1!,3,2026-05-14 12:51:00,41812,41815,41765,41788,41633.3,41713.3,41833.3,41523.3,41433.3,41733.989102476,41736.5781331535,0.6140908412
2026-05-14 12:57:00,MXF1!,3,2026-05-14 12:54:00,41790,41803,41777,41777,41634.2947916667,41714.2947916667,41834.2947916667,41524.2947916667,41434.2947916667,41735.6758043397,41737.3785661604,0.6073975741
2026-05-14 13:00:04,MXF1!,3,2026-05-14 12:57:00,41779,41785,41738,41748,41635.1416666667,41715.1416666667,41835.1416666667,41525.1416666667,41435.1416666667,41736.1591061303,41737.5888915829,0.589159167
2026-05-14 13:03:02,MXF1!,3,2026-05-14 13:00:00,41750,41752,41708,41714,41635.8541666667,41715.8541666667,41835.8541666667,41525.8541666667,41435.8541666667,41735.2901215762,41737.1217848189,0.5676747332
2026-05-14 13:06:01,MXF1!,3,2026-05-14 13:03:00,41711,41732,41676,41680,41636.6135416667,41716.6135416667,41836.6135416667,41526.6135416667,41436.6135416667,41733.1218815144,41735.9906603671,0.5461965878
2026-05-14 13:09:00,MXF1!,3,2026-05-14 13:06:00,41680,41689,41637,41651,41637.228125,41717.228125,41837.228125,41527.228125,41437.228125,41729.9014155726,41734.3076769935,0.5279200854
2026-05-14 13:12:01,MXF1!,3,2026-05-14 13:09:00,41652,41658,41627,41653,41637.8041666667,41717.8041666667,41837.8041666667,41527.8041666667,41437.8041666667,41726.8856737855,41732.6976239837,0.5296743126
2026-05-14 13:15:00,MXF1!,3,2026-05-14 13:12:00,41653,41653,41607,41614,41638.2895833333,41718.2895833333,41838.2895833333,41528.2895833333,41438.2895833333,41722.4587846174,41730.347175984,0.5048864719
2026-05-14 13:18:01,MXF1!,3,2026-05-14 13:15:00,41612,41615,41563,41576,41638.7052083333,41718.7052083333,41838.7052083333,41528.7052083333,41438.7052083333,41716.7153028677,41727.2907962616,0.4806922869
2026-05-14 13:21:00,MXF1!,3,2026-05-14 13:18:00,41575,41580,41496,41572,41638.9541666667,41718.9541666667,41838.9541666667,41528.9541666667,41438.9541666667,41711.0401929513,41724.2157309891,0.4785297516
2026-05-14 13:24:00,MXF1!,3,2026-05-14 13:21:00,41575,41627,41574,41625,41639.4177083333,41719.4177083333,41839.4177083333,41529.4177083333,41439.4177083333,41707.6660677376,41722.2510630487,0.5133982307
2026-05-14 13:27:02,MXF1!,3,2026-05-14 13:24:00,41624,41640,41576,41623,41639.825,41719.825,41839.825,41529.825,41439.825,41704.3458297871,41720.2856954636,0.5125213494
2026-05-14 13:30:01,MXF1!,3,2026-05-14 13:27:00,41623,41711,41617,41710,41640.4427083333,41720.4427083333,41840.4427083333,41530.4427083333,41440.4427083333,41704.5675619523,41720.0820183257,0.5696579204
2026-05-14 13:33:00,MXF1!,3,2026-05-14 13:30:00,41712,41767,41689,41698,41641.2041666667,41721.2041666667,41841.2041666667,41531.2041666667,41441.2041666667,41704.3100105032,41719.644750636,0.5622913251
2026-05-14 13:36:02,MXF1!,3,2026-05-14 13:33:00,41696,41715,41683,41691,41641.9104166667,41721.9104166667,41841.9104166667,41531.9104166667,41441.9104166667,41703.788049307,41719.0775278512,0.5582058108
2026-05-14 13:39:01,MXF1!,3,2026-05-14 13:36:00,41690,41694,41655,41669,41642.5239583333,41722.5239583333,41842.5239583333,41532.5239583333,41442.5239583333,41702.4238120792,41718.0858936363,0.5442953698
2026-05-14 13:42:00,MXF1!,3,2026-05-14 13:39:00,41669,41704,41664,41697,41643.0802083333,41723.0802083333,41843.0802083333,41533.0802083333,41443.0802083333,41702.2111135663,41717.6683511881,0.5631237424
2026-05-14 13:45:01,MXF1!,3,2026-05-14 13:42:00,41695,41699,41620,41620,41643.5020833333,41723.5020833333,41843.5020833333,41533.5020833333,41443.5020833333,41698.9871483284,41715.7343244319,0.5130570317
2026-05-14 13:47:00,MXF1!,3,2026-05-14 13:45:00,41620,41620,41620,41620,41643.6208333333,41723.6208333333,41843.6208333333,41533.6208333333,41443.6208333333,41695.8896130999,41713.8385952352,0.513563299
2026-05-14 15:03:02,MXF1!,3,2026-05-14 15:00:00,41768,41814,41727,41800,41644.4510416667,41724.4510416667,41844.4510416667,41534.4510416667,41444.4510416667,41699.9723733705,41715.5447616662,0.6327185341
2026-05-14 15:06:02,MXF1!,3,2026-05-14 15:03:00,41798,41800,41763,41769,41645.25625,41725.25625,41845.25625,41535.25625,41445.25625,41702.6793391206,41716.6032812371,0.6128520736
2026-05-14 15:09:00,MXF1!,3,2026-05-14 15:06:00,41767,41797,41758,41785,41645.984375,41725.984375,41845.984375,41535.984375,41445.984375,41705.9076003316,41717.9576717077,0.6240773368
2026-05-14 15:12:03,MXF1!,3,2026-05-14 15:09:00,41785,41787,41740,41761,41646.6885416667,41726.6885416667,41846.6885416667,41536.6885416667,41446.6885416667,41708.0680865931,41718.8099950402,0.6087704102
2026-05-14 15:15:02,MXF1!,3,2026-05-14 15:12:00,41761,41777,41742,41768,41647.5,41727.5,41847.5,41537.5,41447.5,41710.4183577071,41719.7840545444,0.6139743831
2026-05-14 15:18:00,MXF1!,3,2026-05-14 15:15:00,41768,41830,41760,41817,41648.45625,41728.45625,41848.45625,41538.45625,41448.45625,41714.5980299539,41721.7091227712,0.6471262625
2026-05-14 15:21:04,MXF1!,3,2026-05-14 15:18:00,41821,41833,41791,41795,41649.4729166667,41729.4729166667,41849.4729166667,41539.4729166667,41449.4729166667,41717.7510483871,41723.1604272708,0.6330344016
2026-05-14 15:24:07,MXF1!,3,2026-05-14 15:21:00,41795,41810,41774,41780,41650.45,41730.45,41850.45,41540.45,41450.45,41720.1921837444,41724.2859633644,0.6235771571
2026-05-14 15:27:00,MXF1!,3,2026-05-14 15:24:00,41781,41810,41772,41810,41651.50625,41731.50625,41851.50625,41541.50625,41451.50625,41723.7140588917,41725.9832710206,0.6441930154
2026-05-14 15:30:03,MXF1!,3,2026-05-14 15:27:00,41810,41824,41806,41816,41652.5916666667,41732.5916666667,41852.5916666667,41542.5916666667,41452.5916666667,41727.3331154058,41727.7657805053,0.6487708197
2026-05-14 15:33:01,MXF1!,3,2026-05-14 15:30:00,41817,41839,41808,41830,41653.69375,41733.69375,41853.69375,41543.69375,41453.69375,41731.3592677428,41729.7902204953,0.6586960928
2026-05-14 15:36:01,MXF1!,3,2026-05-14 15:33:00,41834,41887,41833,41880,41654.9625,41734.9625,41854.9625,41544.9625,41454.9625,41737.1883160666,41732.7646715746,0.6927110987
2026-05-14 15:39:00,MXF1!,3,2026-05-14 15:36:00,41883,41907,41879,41906,41656.2697916667,41736.2697916667,41856.2697916667,41546.2697916667,41456.2697916667,41743.8083821032,41736.1950741177,0.7106390198
2026-05-14 15:42:02,MXF1!,3,2026-05-14 15:39:00,41906,41912,41887,41888,41657.5322916667,41737.5322916667,41857.5322916667,41547.5322916667,41457.5322916667,41749.4629553541,41739.201112254,0.6990329098
2026-05-14 15:45:01,MXF1!,3,2026-05-14 15:42:00,41890,41905,41861,41864,41658.7010416667,41738.7010416667,41858.7010416667,41548.7010416667,41458.7010416667,41753.9546041637,41741.6723773579,0.6833694783
2026-05-14 15:48:01,MXF1!,3,2026-05-14 15:45:00,41865,41889,41850,41850,41659.8395833333,41739.8395833333,41859.8395833333,41549.8395833333,41459.8395833333,41757.7210902749,41743.8174787963,0.6744026256
2026-05-14 15:51:02,MXF1!,3,2026-05-14 15:48:00,41852,41863,41846,41851,41660.9229166667,41740.9229166667,41860.9229166667,41550.9229166667,41460.9229166667,41761.3790867347,41745.9399049588,0.6755561706
2026-05-14 15:54:02,MXF1!,3,2026-05-14 15:51:00,41849,41881,41848,41874,41662.05,41742.05,41862.05,41552.05,41462.05,41765.7955931373,41748.4757484249,0.6915939726
2026-05-14 15:57:00,MXF1!,3,2026-05-14 15:54:00,41872,41874,41825,41829,41663.0729166667,41743.0729166667,41863.0729166667,41553.0729166667,41463.0729166667,41768.274197328,41750.0702880601,0.6616475117
2026-05-14 16:00:10,MXF1!,3,2026-05-14 15:57:00,41829,41830,41765,41782,41664.0447916667,41744.0447916667,41864.0447916667,41554.0447916667,41464.0447916667,41768.8124640994,41750.7025595837,0.6303071994
2026-05-14 16:03:02,MXF1!,3,2026-05-14 16:00:00,41778,41793,41759,41787,41665.0135416667,41745.0135416667,41865.0135416667,41555.0135416667,41465.0135416667,41769.5257008014,41751.42132078,0.6342271369
2026-05-14 16:06:01,MXF1!,3,2026-05-14 16:03:00,41787,41789,41756,41772,41666.0145833333,41746.0145833333,41866.0145833333,41556.0145833333,41466.0145833333,41769.6227321425,41751.8288193784,0.6245334256
2026-05-14 16:09:00,MXF1!,3,2026-05-14 16:06:00,41772,41809,41761,41809,41667.0614583333,41747.0614583333,41867.0614583333,41557.0614583333,41467.0614583333,41771.1669387252,41752.960921965,0.6502241202
2026-05-14 16:12:03,MXF1!,3,2026-05-14 16:09:00,41809,41820,41788,41811,41668.1614583333,41748.1614583333,41868.1614583333,41558.1614583333,41468.1614583333,41772.7290195595,41754.110210639,0.6520755793
2026-05-14 16:15:04,MXF1!,3,2026-05-14 16:12:00,41809,41848,41808,41848,41669.2802083333,41749.2802083333,41869.2802083333,41559.2802083333,41469.2802083333,41775.680822714,41755.9694143887,0.6778444852
2026-05-14 16:18:01,MXF1!,3,2026-05-14 16:15:00,41848,41874,41848,41863,41670.465625,41750.465625,41870.465625,41560.465625,41470.465625,41779.1051041762,41758.0888319255,0.688648763
2026-05-14 16:21:00,MXF1!,3,2026-05-14 16:18:00,41863,41883,41850,41883,41671.7291666667,41751.7291666667,41871.7291666667,41561.7291666667,41471.7291666667,41783.1794138164,41760.5623204023,0.7029182365
2026-05-14 16:24:03,MXF1!,3,2026-05-14 16:21:00,41880,41884,41857,41858,41673.0322916667,41753.0322916667,41873.0322916667,41563.0322916667,41473.0322916667,41786.113554451,41762.4917794042,0.6863804878
2026-05-14 16:27:01,MXF1!,3,2026-05-14 16:24:00,41856,41870,41849,41864,41674.39375,41754.39375,41874.39375,41564.39375,41474.39375,41789.1679248647,41764.5018431784,0.6910919202
2026-05-14 16:30:02,MXF1!,3,2026-05-14 16:27:00,41861,41893,41860,41884,41675.753125,41755.753125,41875.753125,41565.753125,41475.753125,41792.886829772,41766.8681433134,0.7054789525
2026-05-14 16:33:01,MXF1!,3,2026-05-14 16:30:00,41887,41919,41885,41896,41677.103125,41757.103125,41877.103125,41567.103125,41477.103125,41796.9304835064,41769.4252097825,0.7144133025
2026-05-14 16:36:01,MXF1!,3,2026-05-14 16:33:00,41899,41906,41889,41901,41678.4208333333,41758.4208333333,41878.4208333333,41568.4208333333,41478.4208333333,41801.011641016,41772.0306511729,0.7185455707
2026-05-14 16:39:00,MXF1!,3,2026-05-14 16:36:00,41901,41905,41884,41884,41679.7125,41759.7125,41879.7125,41569.7125,41479.7125,41804.2660864663,41774.2478660012,0.7074525663
2026-05-14 16:42:01,MXF1!,3,2026-05-14 16:39:00,41882,41885,41852,41857,41680.9010416667,41760.9010416667,41880.9010416667,41570.9010416667,41480.9010416667,41806.3340830755,41775.88652212,0.689436126
2026-05-14 16:45:01,MXF1!,3,2026-05-14 16:42:00,41857,41868,41840,41841,41682.0177083333,41762.0177083333,41882.0177083333,41572.0177083333,41482.0177083333,41807.693530798,41777.1758979196,0.6790088607
2026-05-14 16:48:04,MXF1!,3,2026-05-14 16:45:00,41841,41862,41825,41859,41683.0666666667,41763.0666666667,41883.0666666667,41573.0666666667,41483.0666666667,41809.7055491981,41778.7961771687,0.6921758473
2026-05-14 16:51:06,MXF1!,3,2026-05-14 16:48:00,41859,41859,41833,41849,41684.1854166667,41764.1854166667,41884.1854166667,41574.1854166667,41484.1854166667,41811.2465080531,41780.1863518782,0.6858513236
2026-05-14 16:54:04,MXF1!,3,2026-05-14 16:51:00,41849,41877,41847,41871,41685.371875,41765.371875,41885.371875,41575.371875,41485.371875,41813.5897822471,41781.98464194,0.7018157188
2026-05-14 16:57:01,MXF1!,3,2026-05-14 16:54:00,41870,41880,41868,41876,41686.53125,41766.53125,41886.53125,41576.53125,41486.53125,41816.0372417668,41783.8463321987,0.7059602216
2026-05-14 17:00:05,MXF1!,3,2026-05-14 16:57:00,41876,41892,41871,41889,41687.746875,41767.746875,41887.746875,41577.746875,41487.746875,41818.8985264034,41785.9285830462,0.7157680395
2026-05-14 17:03:02,MXF1!,3,2026-05-14 17:00:00,41890,41904,41885,41892,41688.9104166667,41768.9104166667,41888.9104166667,41578.9104166667,41488.9104166667,41821.7652508581,41788.0290071443,0.7185848024
2026-05-14 17:06:02,MXF1!,3,2026-05-14 17:03:00,41890,41891,41865,41865,41689.9614583333,41769.9614583333,41889.9614583333,41579.9614583333,41489.9614583333,41823.4607312166,41789.5531852207,0.700365484
2026-05-14 17:09:03,MXF1!,3,2026-05-14 17:06:00,41865,41885,41858,41885,41691.0416666667,41771.0416666667,41891.0416666667,41581.0416666667,41491.0416666667,41825.8740358748,41791.4432211569,0.7151841746
2026-05-14 17:12:02,MXF1!,3,2026-05-14 17:09:00,41885,41897,41833,41840,41692.096875,41772.096875,41892.096875,41582.096875,41492.096875,41826.4279952523,41792.40474153,0.6841764711
2026-05-14 17:15:03,MXF1!,3,2026-05-14 17:12:00,41839,41851,41831,41842,41693.040625,41773.040625,41893.040625,41583.040625,41493.040625,41827.0386621051,41793.3868258562,0.6862820441
2026-05-14 17:18:01,MXF1!,3,2026-05-14 17:15:00,41843,41848,41828,41840,41694.025,41774.025,41894.025,41584.025,41494.025,41827.5469498657,41794.3098590075,0.6855728363
2026-05-14 17:21:01,MXF1!,3,2026-05-14 17:18:00,41839,41845,41831,41841,41695.1208333333,41775.1208333333,41895.1208333333,41585.1208333333,41495.1208333333,41828.0745204592,41795.2344162549,0.6870292551
2026-05-14 17:24:03,MXF1!,3,2026-05-14 17:21:00,41844,41844,41826,41830,41696.2229166667,41776.2229166667,41896.2229166667,41586.2229166667,41496.2229166667,41828.1500294608,41795.9228436558,0.6799557103
2026-05-14 17:27:01,MXF1!,3,2026-05-14 17:24:00,41832,41838,41820,41835,41697.25,41777.25,41897.25,41587.25,41497.25,41828.4186557565,41796.6966487319,0.6842519846
2026-05-14 17:30:07,MXF1!,3,2026-05-14 17:27:00,41833,41833,41792,41803,41698.33125,41778.33125,41898.33125,41588.33125,41498.33125,41827.4218457268,41796.8214675689,0.6621531223
2026-05-14 17:33:02,MXF1!,3,2026-05-14 17:30:00,41805,41836,41792,41828,41699.7760416667,41779.7760416667,41899.7760416667,41589.7760416667,41499.7760416667,41827.4445184434,41797.4388642507,0.6807909993
2026-05-14 17:36:01,MXF1!,3,2026-05-14 17:33:00,41827,41827,41786,41791,41701.1979166667,41781.1979166667,41901.1979166667,41591.1979166667,41501.1979166667,41826.0153216417,41797.3113619883,0.6549528475
2026-05-14 17:39:01,MXF1!,3,2026-05-14 17:36:00,41785,41793,41715,41726,41702.6625,41782.6625,41902.6625,41592.6625,41502.6625,41822.0931521655,41795.8992558103,0.6089236891
2026-05-14 17:42:01,MXF1!,3,2026-05-14 17:39:00,41726,41772,41715,41765,41704.1947916667,41784.1947916667,41904.1947916667,41594.1947916667,41504.1947916667,41819.8542050218,41795.2873893586,0.6376747995
2026-05-14 17:45:02,MXF1!,3,2026-05-14 17:42:00,41763,41779,41752,41765,41705.6583333333,41785.6583333333,41905.6583333333,41595.6583333333,41505.6583333333,41817.7030597268,41794.6876390743,0.6383731784
2026-05-14 17:48:00,MXF1!,3,2026-05-14 17:45:00,41765,41805,41764,41805,41707.1864583333,41787.1864583333,41907.1864583333,41597.1864583333,41507.1864583333,41817.2049005219,41794.8918442412,0.6680086248
2026-05-14 17:51:01,MXF1!,3,2026-05-14 17:48:00,41805,41838,41804,41826,41708.8552083333,41788.8552083333,41908.8552083333,41598.8552083333,41508.8552083333,41817.5498063837,41795.5078473255,0.6839582343
2026-05-14 17:54:01,MXF1!,3,2026-05-14 17:51:00,41825,41843,41817,41824,41710.5864583333,41790.5864583333,41910.5864583333,41600.5864583333,41510.5864583333,41817.802755153,41796.0720483686,0.6831546453
2026-05-14 17:57:00,MXF1!,3,2026-05-14 17:54:00,41824,41838,41824,41836,41712.3239583333,41792.3239583333,41912.3239583333,41602.3239583333,41512.3239583333,41818.516372598,41796.8627008761,0.6925834363
2026-05-14 18:00:13,MXF1!,3,2026-05-14 17:57:00,41836,41854,41833,41835,41713.98125,41793.98125,41913.98125,41603.98125,41513.98125,41819.1627893588,41797.6178949182,0.69256734
2026-05-14 18:03:01,MXF1!,3,2026-05-14 18:00:00,41833,41871,41832,41865,41715.5677083333,41795.5677083333,41915.5677083333,41605.5677083333,41515.5677083333,41820.960327031,41798.9521940287,0.7152223649
2026-05-14 18:06:01,MXF1!,3,2026-05-14 18:03:00,41867,41872,41855,41855,41717.1072916667,41797.1072916667,41917.1072916667,41607.1072916667,41517.1072916667,41822.2952161671,41800.0620515727,0.7086548465
2026-05-14 18:09:01,MXF1!,3,2026-05-14 18:06:00,41854,41866,41844,41861,41718.6385416667,41798.6385416667,41918.6385416667,41608.6385416667,41518.6385416667,41823.8130508272,41801.2687436207,0.7137712527
2026-05-14 18:12:01,MXF1!,3,2026-05-14 18:09:00,41858,41912,41837,41905,41720.175,41800.175,41920.175,41610.175,41520.175,41826.9968527555,41803.3228279055,0.7467871819
2026-05-14 18:15:03,MXF1!,3,2026-05-14 18:12:00,41907,41956,41862,41888,41721.7135416667,41801.7135416667,41921.7135416667,41611.7135416667,41521.7135416667,41829.3891330396,41804.9996035905,0.7349646556
2026-05-14 18:18:01,MXF1!,3,2026-05-14 18:15:00,41888,41912,41887,41912,41723.3135416667,41803.3135416667,41923.3135416667,41613.3135416667,41523.3135416667,41832.6287748812,41807.1184233214,0.753345085
2026-05-14 18:21:02,MXF1!,3,2026-05-14 18:18:00,41911,41930,41903,41906,41724.9052083333,41804.9052083333,41924.9052083333,41614.9052083333,41524.9052083333,41835.5060778271,41809.0764743447,0.7495790138
2026-05-14 18:24:01,MXF1!,3,2026-05-14 18:21:00,41906,41910,41875,41880,41726.4020833333,41806.4020833333,41926.4020833333,41616.4020833333,41526.4020833333,41837.2509375201,41810.4809005953,0.7310022265
2026-05-14 18:27:00,MXF1!,3,2026-05-14 18:24:00,41878,41902,41863,41900,41727.8677083333,41807.8677083333,41927.8677083333,41617.8677083333,41527.8677083333,41839.7116850683,41812.2535560291,0.746509036
2026-05-14 18:30:03,MXF1!,3,2026-05-14 18:27:00,41900,41908,41870,41876,41729.3229166667,41809.3229166667,41929.3229166667,41619.3229166667,41529.3229166667,41841.1347562421,41813.5158618503,0.7293677055
2026-05-14 18:33:01,MXF1!,3,2026-05-14 18:30:00,41876,41893,41855,41863,41730.8197916667,41810.8197916667,41930.8197916667,41620.8197916667,41530.8197916667,41841.9922167817,41814.4957457741,0.7204057249
2026-05-14 18:36:00,MXF1!,3,2026-05-14 18:33:00,41862,41885,41862,41885,41732.396875,41812.396875,41932.396875,41622.396875,41532.396875,41843.6787965157,41815.8918696201,0.7374765595
2026-05-14 18:39:02,MXF1!,3,2026-05-14 18:36:00,41884,41893,41871,41874,41734.0916666667,41814.0916666667,41934.0916666667,41624.0916666667,41534.0916666667,41844.867863319,41817.0425256672,0.730011424
2026-05-14 18:42:00,MXF1!,3,2026-05-14 18:39:00,41876,41877,41857,41871,41735.4552083333,41815.4552083333,41935.4552083333,41625.4552083333,41535.4552083333,41845.8926529928,41818.1109905055,0.7285278459
2026-05-14 18:45:03,MXF1!,3,2026-05-14 18:42:00,41874,41875,41846,41861,41736.8041666667,41816.8041666667,41936.8041666667,41626.8041666667,41536.8041666667,41846.4850979735,41818.9602778222,0.7218492497
2026-05-14 18:48:02,MXF1!,3,2026-05-14 18:45:00,41863,41878,41853,41875,41738.525,41818.525,41938.525,41628.525,41538.525,41847.6033294255,41820.0699752911,0.7331099427
2026-05-14 18:51:01,MXF1!,3,2026-05-14 18:48:00,41875,41896,41866,41896,41740.24375,41820.24375,41940.24375,41630.24375,41540.24375,41849.5012380755,41821.5735401368,0.7496448382
2026-05-14 18:54:01,MXF1!,3,2026-05-14 18:51:00,41895,41909,41871,41903,41741.6270833333,41821.6270833333,41941.6270833333,41631.6270833333,41541.6270833333,41851.5992287392,41823.1859452826,0.7556970608
2026-05-14 18:57:01,MXF1!,3,2026-05-14 18:54:00,41902,41926,41897,41904,41743.10625,41823.10625,41943.10625,41633.10625,41543.10625,41853.6541609455,41824.7862235939,0.7571834025
2026-05-14 19:00:05,MXF1!,3,2026-05-14 18:57:00,41907,41908,41888,41896,41744.4916666667,41824.4916666667,41944.4916666667,41634.4916666667,41544.4916666667,41855.3147820849,41826.1963973841,0.7518854969
2026-05-14 19:03:02,MXF1!,3,2026-05-14 19:00:00,41896,41911,41896,41903,41745.8833333333,41825.8833333333,41945.8833333333,41635.8833333333,41545.8833333333,41857.1847906306,41827.7172608022,0.757956037
2026-05-14 19:06:00,MXF1!,3,2026-05-14 19:03:00,41904,41904,41879,41889,41747.2229166667,41827.2229166667,41947.2229166667,41637.2229166667,41547.2229166667,41858.4324459,41828.9307803903,0.7480063311
2026-05-14 19:09:00,MXF1!,3,2026-05-14 19:06:00,41887,41895,41870,41888,41748.6114583333,41828.6114583333,41948.6114583333,41638.6114583333,41548.6114583333,41859.5919578254,41830.1004679073,0.7480251349
2026-05-14 19:12:03,MXF1!,3,2026-05-14 19:09:00,41888,41914,41888,41898,41750.06875,41830.06875,41950.06875,41640.06875,41550.06875,41861.0981555578,41831.4450130973,0.7564123506
2026-05-14 19:15:04,MXF1!,3,2026-05-14 19:12:00,41899,41915,41896,41898,41751.434375,41831.434375,41951.434375,41641.434375,41551.434375,41862.5452867124,41832.76293363,0.7572027229
2026-05-14 19:18:02,MXF1!,3,2026-05-14 19:15:00,41898,41903,41894,41896,41752.8083333333,41832.8083333333,41952.8083333333,41642.8083333333,41552.8083333333,41863.8572362531,41834.015152766,0.7564140463
2026-05-14 19:21:03,MXF1!,3,2026-05-14 19:18:00,41899,41911,41895,41902,41754.1302083333,41834.1302083333,41954.1302083333,41644.1302083333,41554.1302083333,41865.3530309098,41835.3613873647,0.7617689638
2026-05-14 19:24:01,MXF1!,3,2026-05-14 19:21:00,41908,41909,41866,41869,41755.0822916667,41835.0822916667,41955.0822916667,41645.0822916667,41555.0822916667,41865.4960493055,41836.027498506,0.7372733708
2026-05-14 19:27:02,MXF1!,3,2026-05-14 19:24:00,41868,41876,41854,41866,41755.9916666667,41835.9916666667,41955.9916666667,41645.9916666667,41555.9916666667,41865.5158120778,41836.6210133871,0.735763822
2026-05-14 19:30:03,MXF1!,3,2026-05-14 19:27:00,41865,41884,41859,41877,41756.965625,41836.965625,41956.965625,41646.965625,41556.965625,41865.9661723885,41837.4205972804,0.7450238482
2026-05-14 19:33:01,MXF1!,3,2026-05-14 19:30:00,41877,41889,41874,41882,41757.9854166667,41837.9854166667,41957.9854166667,41647.9854166667,41557.9854166667,41866.5949499419,41838.3033577303,0.7496778222
2026-05-14 19:36:02,MXF1!,3,2026-05-14 19:33:00,41882,41889,41873,41879,41758.8479166667,41838.8479166667,41958.8479166667,41648.8479166667,41558.8479166667,41867.0814224932,41839.1092318347,0.748167958
2026-05-14 19:39:01,MXF1!,3,2026-05-14 19:36:00,41880,41886,41879,41881,41759.85625,41839.85625,41959.85625,41649.85625,41559.85625,41867.6272490621,41839.9387519964,0.7505445852
2026-05-14 19:42:05,MXF1!,3,2026-05-14 19:39:00,41883,41895,41882,41890,41760.8708333333,41840.8708333333,41960.8708333333,41650.8708333333,41560.8708333333,41868.504611844,41840.930063838,0.7583378235
2026-05-14 19:45:04,MXF1!,3,2026-05-14 19:42:00,41892,41898,41888,41890,41761.884375,41841.884375,41961.884375,41651.884375,41561.884375,41869.3475682423,41841.9017457422,0.7591482353
2026-05-14 19:48:02,MXF1!,3,2026-05-14 19:45:00,41892,41907,41888,41899,41763.0145833333,41843.0145833333,41963.0145833333,41653.0145833333,41563.0145833333,41870.5104087033,41843.0324042424,0.7670012333
2026-05-14 19:51:05,MXF1!,3,2026-05-14 19:48:00,41900,41917,41900,41912,41764.1552083333,41844.1552083333,41964.1552083333,41654.1552083333,41564.1552083333,41872.1374514993,41844.3980992079,0.7779750663
2026-05-14 19:54:02,MXF1!,3,2026-05-14 19:51:00,41912,41937,41911,41916,41765.2166666667,41845.2166666667,41965.2166666667,41655.2166666667,41565.2166666667,41873.8575514405,41845.8159586295,0.781937468
2026-05-14 19:57:00,MXF1!,3,2026-05-14 19:54:00,41915,41942,41915,41929,41766.3135416667,41846.3135416667,41966.3135416667,41656.3135416667,41566.3135416667,41876.0200004036,41847.4631673695,0.792812062
2026-05-14 20:00:09,MXF1!,3,2026-05-14 19:57:00,41930,41938,41905,41907,41767.4166666667,41847.4166666667,41967.4166666667,41657.4166666667,41567.4166666667,41877.2349023486,41848.6421145503,0.7762294549
2026-05-14 20:03:01,MXF1!,3,2026-05-14 20:00:00,41907,41931,41902,41931,41768.5510416667,41848.5510416667,41968.5510416667,41658.5510416667,41568.5510416667,41879.3433375506,41850.2729637671,0.7957654866
2026-05-14 20:06:01,MXF1!,3,2026-05-14 20:03:00,41931,41966,41928,41950,41769.8489583333,41849.8489583333,41969.8489583333,41659.8489583333,41569.8489583333,41882.1141870584,41852.2477565638,0.8113255012
2026-05-14 20:09:01,MXF1!,3,2026-05-14 20:06:00,41951,41960,41936,41950,41771.1291666667,41851.1291666667,41971.1291666667,41661.1291666667,41571.1291666667,41884.7763758012,41854.1834445527,0.8119364286
2026-05-14 20:12:02,MXF1!,3,2026-05-14 20:09:00,41950,41952,41937,41938,41772.44375,41852.44375,41972.44375,41662.44375,41572.44375,41886.8635767502,41855.8431783239,0.8034341329
2026-05-14 20:15:02,MXF1!,3,2026-05-14 20:12:00,41938,41950,41929,41942,41773.7802083333,41853.7802083333,41973.7802083333,41663.7802083333,41573.7802083333,41889.0257894266,41857.5492540006,0.8075309077
2026-05-14 20:18:01,MXF1!,3,2026-05-14 20:15:00,41941,41964,41941,41947,41775.1166666667,41855.1166666667,41975.1166666667,41665.1166666667,41575.1166666667,41891.2992878805,41859.3205559016,0.8124663934
2026-05-14 20:21:05,MXF1!,3,2026-05-14 20:18:00,41950,41950,41931,41940,41776.453125,41856.453125,41976.453125,41666.453125,41576.453125,41893.2091197283,41860.918168656,0.8077851605
2026-05-14 20:24:02,MXF1!,3,2026-05-14 20:21:00,41940,41949,41924,41933,41777.7270833333,41857.7270833333,41977.7270833333,41667.7270833333,41577.7270833333,41894.7695464056,41862.345531653,0.8030207556
2026-05-14 20:27:01,MXF1!,3,2026-05-14 20:24:00,41935,41939,41915,41920,41779.04375,41859.04375,41979.04375,41669.04375,41579.04375,41895.7589759584,41863.4872042935,0.7929849711
2026-05-14 20:30:03,MXF1!,3,2026-05-14 20:27:00,41920,41921,41913,41917,41780.3135416667,41860.3135416667,41980.3135416667,41670.3135416667,41580.3135416667,41896.5919572933,41864.5468636144,0.7910784864
2026-05-14 20:33:00,MXF1!,3,2026-05-14 20:30:00,41917,41920,41877,41879,41781.4791666667,41861.4791666667,41981.4791666667,41671.4791666667,41581.4791666667,41895.9020766152,41864.8330643349,0.7611641892
2026-05-14 20:36:01,MXF1!,3,2026-05-14 20:33:00,41877,41901,41871,41895,41782.5375,41862.5375,41982.5375,41672.5375,41582.5375,41895.8667010616,41865.4304293976,0.7741336745
2026-05-14 20:39:00,MXF1!,3,2026-05-14 20:36:00,41894,41894,41860,41882,41783.525,41863.525,41983.525,41673.525,41583.525,41895.3229088631,41865.7585397065,0.7639753934
2026-05-14 20:42:01,MXF1!,3,2026-05-14 20:39:00,41885,41901,41878,41895,41784.45,41864.45,41984.45,41674.45,41584.45,41895.3102457705,41866.3375785242,0.774450853
2026-05-14 20:45:03,MXF1!,3,2026-05-14 20:42:00,41894,41896,41870,41871,41785.2552083333,41865.2552083333,41985.2552083333,41675.2552083333,41585.2552083333,41894.3569027991,41866.429903702,0.7551680865
2026-05-14 20:48:02,MXF1!,3,2026-05-14 20:45:00,41871,41896,41856,41884,41786.1333333333,41866.1333333333,41986.1333333333,41676.1333333333,41586.1333333333,41893.9507497481,41866.7778264009,0.7653262466
2026-05-14 20:51:00,MXF1!,3,2026-05-14 20:48:00,41885,41892,41877,41891,41787.115625,41867.115625,41987.115625,41677.115625,41587.115625,41893.8350340717,41867.2574734029,0.770594035
2026-05-14 20:54:02,MXF1!,3,2026-05-14 20:51:00,41887,41890,41856,41867,41788.08125,41868.08125,41988.08125,41678.08125,41588.08125,41892.7826797944,41867.2523749197,0.7513200191
2026-05-14 20:56:56,MXF1!,3,2026-05-14 20:54:00,41867,41867,41811,41843,41789.0020833333,41869.0020833333,41989.0020833333,41679.0020833333,41589.0020833333,41890.8304178417,41866.7721298718,0.7321372946
2026-05-14 21:00:02,MXF1!,3,2026-05-14 20:57:00,41840,41850,41832,41841,41789.9854166667,41869.9854166667,41989.9854166667,41679.9854166667,41589.9854166667,41888.8762838087,41866.2617906664,0.7305543963
2026-05-14 21:02:57,MXF1!,3,2026-05-14 21:00:00,41841,41858,41827,41857,41790.834375,41870.834375,41990.834375,41680.834375,41590.834375,41887.6262334632,41866.078388871,0.7432916581
2026-05-14 21:05:57,MXF1!,3,2026-05-14 21:03:00,41858,41860,41832,41841,41791.6239583333,41871.6239583333,41991.6239583333,41681.6239583333,41591.6239583333,41885.7977537196,41865.5817871112,0.7304658942
2026-05-14 21:08:57,MXF1!,3,2026-05-14 21:06:00,41838,41843,41820,41836,41792.35,41872.35,41992.35,41682.35,41592.35,41883.8449006325,41864.9960091486,0.7264405759
2026-05-14 21:12:01,MXF1!,3,2026-05-14 21:09:00,41835,41847,41816,41840,41793.0677083333,41873.0677083333,41993.0677083333,41683.0677083333,41593.0677083333,41882.1254927646,41864.5010386704,0.729534016
2026-05-14 21:15:01,MXF1!,3,2026-05-14 21:12:00,41840,41848,41824,41844,41793.7802083333,41873.7802083333,41993.7802083333,41683.7802083333,41593.7802083333,41880.6303754013,41864.0950775086,0.7327234233
2026-05-14 21:17:56,MXF1!,3,2026-05-14 21:15:00,41841,41856,41837,41842,41794.58125,41874.58125,41994.58125,41684.58125,41594.58125,41879.1154587189,41863.6575512213,0.7311287344
2026-05-14 21:20:57,MXF1!,3,2026-05-14 21:18:00,41839,41841,41802,41818,41795.2895833333,41875.2895833333,41995.2895833333,41685.2895833333,41595.2895833333,41876.7187740632,41862.7534412961,0.7121603805
2026-05-14 21:23:58,MXF1!,3,2026-05-14 21:21:00,41817,41838,41814,41837,41795.9135416667,41875.9135416667,41995.9135416667,41685.9135416667,41595.9135416667,41875.1611750804,41862.2434721616,0.727581323
2026-05-14 21:26:56,MXF1!,3,2026-05-14 21:24:00,41836,41836,41792,41793,41796.359375,41876.359375,41996.359375,41686.359375,41596.359375,41871.9391682145,41860.872314297,0.6925584733
2026-05-14 21:29:59,MXF1!,3,2026-05-14 21:27:00,41791,41801,41773,41783,41796.6510416667,41876.6510416667,41996.6510416667,41686.6510416667,41596.6510416667,41868.4513576962,41859.3302882713,0.6847321545
2026-05-14 21:32:57,MXF1!,3,2026-05-14 21:30:00,41783,41805,41735,41776,41796.9177083333,41876.9177083333,41996.9177083333,41686.9177083333,41596.9177083333,41864.8258142572,41857.6801835531,0.6793520402
2026-05-14 21:35:57,MXF1!,3,2026-05-14 21:33:00,41776,41847,41748,41841,41797.3208333333,41877.3208333333,41997.3208333333,41687.3208333333,41597.3208333333,41863.8914686,41857.3498828886,0.7315907141
2026-05-14 21:38:57,MXF1!,3,2026-05-14 21:36:00,41838,41897,41827,41882,41797.878125,41877.878125,41997.878125,41687.878125,41597.878125,41864.6016070863,41857.8380040196,0.7645711586
2026-05-14 21:42:02,MXF1!,3,2026-05-14 21:39:00,41883,41961,41883,41943,41798.58125,41878.58125,41998.58125,41688.58125,41598.58125,41867.6760538672,41859.5243801776,0.8134074003
2026-05-14 21:45:02,MXF1!,3,2026-05-14 21:42:00,41941,41988,41916,41953,41799.3927083333,41879.3927083333,41999.3927083333,41689.3927083333,41599.3927083333,41871.0220909705,41861.3753825503,0.8213007489
2026-05-14 21:48:00,MXF1!,3,2026-05-14 21:45:00,41952,41993,41920,41990,41800.315625,41880.315625,42000.315625,41690.315625,41600.315625,41875.6878913246,41863.922404678,0.8507219003
2026-05-14 21:51:01,MXF1!,3,2026-05-14 21:48:00,41991,42045,41961,41999,41801.3020833333,41881.3020833333,42001.3020833333,41691.3020833333,41601.3020833333,41880.5236602923,41866.5972085458,0.8576632324
2026-05-14 21:54:00,MXF1!,3,2026-05-14 21:51:00,41997,42041,41985,42032,41802.35,41882.35,42002.35,41692.35,41602.35,41886.4639089082,41869.8725113469,0.8837882207
2026-05-14 21:56:57,MXF1!,3,2026-05-14 21:54:00,42034,42042,41984,42029,41803.2916666667,41883.2916666667,42003.2916666667,41693.2916666667,41603.2916666667,41892.0535595393,41873.0235507261,0.8811970233
2026-05-14 22:00:19,MXF1!,3,2026-05-14 21:57:00,42031,42043,41922,41956,41804.1447916667,41884.1447916667,42004.1447916667,41694.1447916667,41604.1447916667,41894.5612630868,41874.6666487315,0.8229482994
2026-05-14 22:02:57,MXF1!,3,2026-05-14 22:00:00,41954,42034,41934,42005,41804.9645833333,41884.9645833333,42004.9645833333,41694.9645833333,41604.9645833333,41898.8921939461,41877.2475071725,0.8623051349
2026-05-14 22:05:59,MXF1!,3,2026-05-14 22:03:00,42005,42045,41983,42028,41805.7697916667,41885.7697916667,42005.7697916667,41695.7697916667,41605.7697916667,41903.9552451639,41880.2327050503,0.8807294763
2026-05-14 22:08:57,MXF1!,3,2026-05-14 22:06:00,42029,42035,41967,41992,41806.4989583333,41886.4989583333,42006.4989583333,41696.4989583333,41606.4989583333,41907.4079806477,41882.4459188117,0.8520809725
2026-05-14 22:11:57,MXF1!,3,2026-05-14 22:09:00,41991,42039,41976,42039,41807.24375,41887.24375,42007.24375,41697.24375,41607.24375,41912.5684519948,41885.5459996273,0.8896923716
2026-05-14 22:14:59,MXF1!,3,2026-05-14 22:12:00,42037,42086,42037,42072,41808.1395833333,41888.1395833333,42008.1395833333,41698.1395833333,41608.1395833333,41918.8206695637,41889.2381580505,0.9159438226
2026-05-14 22:17:57,MXF1!,3,2026-05-14 22:15:00,42072,42133,42069,42125,41809.15625,41889.15625,42009.15625,41699.15625,41609.15625,41926.9061335023,41893.9067093762,0.9582093991
2026-05-14 22:20:57,MXF1!,3,2026-05-14 22:18:00,42125,42184,42122,42159,41810.2677083333,41890.2677083333,42010.2677083333,41700.2677083333,41610.2677083333,41936.0078537572,41899.1560814678,0.9852564646
2026-05-14 22:23:58,MXF1!,3,2026-05-14 22:21:00,42158,42193,42153,42173,41811.4364583333,41891.4364583333,42011.4364583333,41701.4364583333,41611.4364583333,41945.3016634137,41904.5787333199,0.9961965924
2026-05-14 22:26:57,MXF1!,3,2026-05-14 22:24:00,42173,42177,42113,42142,41812.4354166667,41892.4354166667,42012.4354166667,41702.4354166667,41612.4354166667,41953.015323672,41909.2801445413,0.9711613947
2026-05-14 22:30:13,MXF1!,3,2026-05-14 22:27:00,42143,42164,42123,42164,41813.44375,41893.44375,42013.44375,41703.44375,41613.44375,41961.2892325476,41914.3241020751,0.9883909394
2026-05-14 22:32:58,MXF1!,3,2026-05-14 22:30:00,42164,42204,42162,42180,41814.5989583333,41894.5989583333,42014.5989583333,41704.5989583333,41614.5989583333,41969.8661253889,41919.5850109449,1.0007248196
2026-05-14 22:35:57,MXF1!,3,2026-05-14 22:33:00,42176,42257,42173,42252,41815.915625,41895.915625,42015.915625,41705.915625,41615.915625,41980.9301989031,41926.1674859757,1.0574243511
2026-05-14 22:38:57,MXF1!,3,2026-05-14 22:36:00,42251,42295,42248,42289,41817.45625,41897.45625,42017.45625,41707.45625,41617.45625,41993.0113675735,41933.3522882336,1.0859285608
2026-05-14 22:41:57,MXF1!,3,2026-05-14 22:39:00,42286,42327,42278,42283,41819.0364583333,41899.0364583333,42019.0364583333,41709.0364583333,41619.0364583333,42004.3834708059,41940.2760052983,1.080335127
2026-05-14 22:45:03,MXF1!,3,2026-05-14 22:42:00,42286,42305,42262,42296,41820.5739583333,41900.5739583333,42020.5739583333,41710.5739583333,41620.5739583333,42015.8194131273,41947.3200447974,1.0897125079
2026-05-14 22:47:59,MXF1!,3,2026-05-14 22:45:00,42295,42305,42266,42292,41822.1197916667,41902.1197916667,42022.1197916667,41712.1197916667,41622.1197916667,42026.6500243772,41954.1453904449,1.0857511139
2026-05-14 22:50:58,MXF1!,3,2026-05-14 22:48:00,42291,42314,42276,42310,41823.74375,41903.74375,42023.74375,41713.74375,41623.74375,42037.7617881271,41961.1920163767,1.0991717722
2026-05-14 22:53:56,MXF1!,3,2026-05-14 22:51:00,42310,42322,42254,42257,41825.35,41905.35,42025.35,41715.35,41625.35,42046.3593650633,41967.0496002109,1.0565999443
2026-05-14 22:56:58,MXF1!,3,2026-05-14 22:54:00,42257,42289,42253,42271,41826.94375,41906.94375,42026.94375,41716.94375,41626.94375,42055.1688017275,41973.0684200087,1.066902131
2026-05-14 23:00:01,MXF1!,3,2026-05-14 22:57:00,42272,42276,42210,42239,41828.5677083333,41908.5677083333,42028.5677083333,41718.5677083333,41628.5677083333,42062.3778683264,41978.3343918897,1.041022946
2026-05-14 23:02:57,MXF1!,3,2026-05-14 23:00:00,42240,42268,42217,42240,41830.1541666667,41910.1541666667,42030.1541666667,41720.1541666667,41630.1541666667,42069.3434421175,41983.51588908,1.0411894244
2026-05-14 23:05:57,MXF1!,3,2026-05-14 23:03:00,42240,42253,42206,42224,41831.6208333333,41911.6208333333,42031.6208333333,41721.6208333333,41631.6208333333,42075.4084051717,41988.2779506824,1.0280007897
2026-05-14 23:08:58,MXF1!,3,2026-05-14 23:06:00,42224,42261,42220,42241,41833.0739583333,41913.0739583333,42033.0739583333,41723.0739583333,41633.0739583333,42081.9021932042,41993.2823476986,1.0408713643
2026-05-14 23:11:57,MXF1!,3,2026-05-14 23:09:00,42241,42260,42227,42238,41834.5114583333,41914.5114583333,42034.5114583333,41724.5114583333,41634.5114583333,42088.0236758237,41998.1282418035,1.0381803682
2026-05-14 23:15:01,MXF1!,3,2026-05-14 23:12:00,42237,42260,42227,42259,41835.896875,41915.896875,42035.896875,41725.896875,41635.896875,42094.7286297129,42003.2940191936,1.0545253821
2026-05-14 23:17:56,MXF1!,3,2026-05-14 23:15:00,42260,42275,42247,42261,41837.3447916667,41917.3447916667,42037.3447916667,41727.3447916667,41637.3447916667,42101.2490756065,42008.3971079224,1.0559282722
2026-05-14 23:20:57,MXF1!,3,2026-05-14 23:18:00,42263,42287,42261,42285,41838.8135416667,41918.8135416667,42038.8135416667,41728.8135416667,41638.8135416667,42108.4549942102,42013.874392914,1.0741147179
2026-05-14 23:23:58,MXF1!,3,2026-05-14 23:21:00,42285,42288,42242,42250,41840.2479166667,41920.2479166667,42040.2479166667,41730.2479166667,41640.2479166667,42114.005778751,42018.5501475098,1.0461933654
2026-05-14 23:26:58,MXF1!,3,2026-05-14 23:24:00,42250,42277,42248,42268,41841.7041666667,41921.7041666667,42041.7041666667,41731.7041666667,41641.7041666667,42120.0447678196,42023.4897485492,1.0599414582
2026-05-14 23:30:14,MXF1!,3,2026-05-14 23:27:00,42269,42285,42256,42256,41843.1916666667,41923.1916666667,42043.1916666667,41733.1916666667,41643.1916666667,42125.3763455521,42028.0939119443,1.0502932102
2026-05-14 23:33:02,MXF1!,3,2026-05-14 23:30:00,42255,42292,42255,42286,41844.7572916667,41924.7572916667,42044.7572916667,41734.7572916667,41644.7572916667,42131.6753123932,42033.2009631929,1.0734480312
2026-05-14 23:36:02,MXF1!,3,2026-05-14 23:33:00,42287,42295,42269,42269,41846.3364583333,41926.3364583333,42046.3364583333,41736.3364583333,41646.3364583333,42137.0605942602,42037.8702510505,1.0597958937
2026-05-14 23:39:02,MXF1!,3,2026-05-14 23:36:00,42270,42283,42256,42260,41847.9177083333,41927.9177083333,42047.9177083333,41737.9177083333,41647.9177083333,42141.8817474264,42042.2688599406,1.0524052781
2026-05-14 23:42:01,MXF1!,3,2026-05-14 23:39:00,42259,42283,42253,42276,41849.4822916667,41929.4822916667,42049.4822916667,41739.4822916667,41649.4822916667,42147.141286743,42046.8971993477,1.0646554712
2026-05-14 23:45:04,MXF1!,3,2026-05-14 23:42:00,42273,42277,42227,42246,41851.0552083333,41931.0552083333,42051.0552083333,41741.0552083333,41651.0552083333,42151.0180990276,42050.8398290636,1.0409611188
2026-05-14 23:48:02,MXF1!,3,2026-05-14 23:45:00,42248,42253,42226,42238,41852.6729166667,41932.6729166667,42052.6729166667,41742.6729166667,41652.6729166667,42154.4291539677,42054.5459710623,1.0345163547
2026-05-14 23:51:03,MXF1!,3,2026-05-14 23:48:00,42238,42259,42226,42258,41854.278125,41934.278125,42054.278125,41744.278125,41654.278125,42158.4907557729,42058.5747637145,1.0499715211
2026-05-14 23:54:11,MXF1!,3,2026-05-14 23:51:00,42258,42264,42245,42251,41855.871875,41935.871875,42055.871875,41745.871875,41655.871875,42162.118569272,42062.385164433,1.0443983208
2026-05-14 23:57:21,MXF1!,3,2026-05-14 23:54:00,42255,42285,42255,42281,41857.496875,41937.496875,42057.496875,41747.496875,41657.496875,42166.7805861633,42066.7141710779,1.0675602199
2026-05-15 00:00:18,MXF1!,3,2026-05-14 23:57:00,42279,42291,42272,42277,41859.2,41939.2,42059.2,41749.2,41659.2,42171.1029161177,42070.8782468982,1.0638846662
2026-05-15 00:03:02,MXF1!,3,2026-05-15 00:00:00,42278,42303,42277,42283,41860.9,41940.9,42060.9,41750.9,41660.9,42175.4910370543,42075.0786776527,1.0679380678
2026-05-15 00:06:04,MXF1!,3,2026-05-15 00:03:00,42282,42312,42278,42302,41862.63125,41942.63125,42062.63125,41752.63125,41662.63125,42180.4521728561,42079.5721691843,1.0817889619
2026-05-15 00:09:01,MXF1!,3,2026-05-15 00:06:00,42304,42312,42284,42312,41864.3635416667,41944.3635416667,42064.3635416667,41754.3635416667,41664.3635416667,42185.6109111754,42084.1747004876,1.0884043213
2026-05-15 00:12:01,MXF1!,3,2026-05-15 00:09:00,42312,42344,42299,42329,41866.1552083333,41946.1552083333,42066.1552083333,41756.1552083333,41666.1552083333,42191.234012698,42089.0227262205,1.1003766061
2026-05-15 00:15:03,MXF1!,3,2026-05-15 00:12:00,42328,42347,42308,42314,41867.9333333333,41947.9333333333,42067.9333333333,41757.9333333333,41667.9333333333,42196.0483651412,42093.4777217409,1.0877967501
2026-05-15 00:18:02,MXF1!,3,2026-05-15 00:15:00,42314,42342,42308,42333,41869.7166666667,41949.7166666667,42069.7166666667,41759.7166666667,41669.7166666667,42201.4190174886,42098.220737152,1.1014237615
2026-05-15 00:21:02,MXF1!,3,2026-05-15 00:18:00,42335,42341,42300,42312,41871.4677083333,41951.4677083333,42071.4677083333,41761.4677083333,41671.4677083333,42205.7555266067,42102.4539898816,1.084095317
2026-05-15 00:24:02,MXF1!,3,2026-05-15 00:21:00,42310,42332,42307,42324,41873.3,41953.3,42073.3,41763.3,41673.3,42210.392564779,42106.8410395869,1.0920925814
2026-05-15 00:27:01,MXF1!,3,2026-05-15 00:24:00,42322,42329,42293,42295,41875.103125,41955.103125,42075.103125,41765.103125,41675.103125,42213.7105034151,42110.5669595951,1.068485032
2026-05-15 00:30:07,MXF1!,3,2026-05-15 00:27:00,42295,42317,42269,42283,41876.88125,41956.88125,42076.88125,41766.88125,41676.88125,42216.4277385753,42113.9814752467,1.0581545699
2026-05-15 00:33:01,MXF1!,3,2026-05-15 00:30:00,42284,42300,42276,42285,41878.640625,41958.640625,42078.640625,41768.640625,41678.640625,42219.1168468664,42117.3679806874,1.0585771437
2026-05-15 00:36:04,MXF1!,3,2026-05-15 00:33:00,42285,42293,42261,42289,41880.3708333333,41960.3708333333,42080.3708333333,41770.3708333333,41680.3708333333,42221.8573626756,42120.7666345351,1.0604205336
2026-05-15 00:39:02,MXF1!,3,2026-05-15 00:36:00,42288,42298,42279,42296,41882.13125,41962.13125,42082.13125,41772.13125,41682.13125,42224.7649170805,42124.2366021681,1.0643530657
2026-05-15 00:42:01,MXF1!,3,2026-05-15 00:39:00,42299,42312,42285,42311,41883.9083333333,41963.9083333333,42083.9083333333,41773.9083333333,41683.9083333333,42228.1466850381,42127.9348872737,1.074092887
2026-05-15 00:45:08,MXF1!,3,2026-05-15 00:42:00,42312,42312,42271,42277,41885.6333333333,41965.6333333333,42085.6333333333,41775.6333333333,41685.6333333333,42230.0625013111,42130.8866716841,1.0465820996
2026-05-15 00:48:04,MXF1!,3,2026-05-15 00:45:00,42276,42300,42248,42300,41887.3208333333,41967.3208333333,42087.3208333333,41777.3208333333,41687.3208333333,42232.8051483185,42134.2354504626,1.0623830258
2026-05-15 00:51:02,MXF1!,3,2026-05-15 00:48:00,42299,42307,42292,42298,41889.140625,41969.140625,42089.140625,41779.140625,41689.140625,42235.3618091688,42137.4783128297,1.0590847256
2026-05-15 00:54:03,MXF1!,3,2026-05-15 00:51:00,42296,42310,42283,42306,41890.990625,41970.990625,42090.990625,41780.990625,41690.990625,42238.1319342994,42140.815375942,1.0632281427
2026-05-15 00:57:03,MXF1!,3,2026-05-15 00:54:00,42301,42315,42277,42301,41892.8479166667,41972.8479166667,42092.8479166667,41782.8479166667,41692.8479166667,42240.5973486406,42143.9873486956,1.057567175
2026-05-15 01:00:08,MXF1!,3,2026-05-15 00:57:00,42296,42314,42292,42313,41894.7083333333,41974.7083333333,42094.7083333333,41784.7083333333,41694.7083333333,42243.4366683018,42147.33413387,1.0645385433
2026-05-15 01:03:03,MXF1!,3,2026-05-15 01:00:00,42315,42344,42315,42335,41896.6614583333,41976.6614583333,42096.6614583333,41786.6614583333,41696.6614583333,42247.0273871919,42151.0502896349,1.078859574
2026-05-15 01:06:03,MXF1!,3,2026-05-15 01:03:00,42335,42377,42331,42347,41898.6395833333,41978.6395833333,42098.6395833333,41788.6395833333,41698.6395833333,42250.9478818118,42154.9304819194,1.0855592859
2026-05-15 01:09:02,MXF1!,3,2026-05-15 01:06:00,42346,42350,42301,42310,41900.4947916667,41980.4947916667,42100.4947916667,41790.4947916667,41700.4947916667,42253.2636511525,42158.0011654457,1.0558489862
2026-05-15 01:12:02,MXF1!,3,2026-05-15 01:09:00,42309,42328,42289,42328,41902.3145833333,41982.3145833333,42102.3145833333,41792.3145833333,41702.3145833333,42256.1944883622,42161.3674790013,1.0671991829
2026-05-15 01:15:08,MXF1!,3,2026-05-15 01:12:00,42323,42325,42262,42269,41904.065625,41984.065625,42104.065625,41794.065625,41704.065625,42256.6966652892,42163.4988160507,1.0215664167
2026-05-15 01:18:01,MXF1!,3,2026-05-15 01:15:00,42269,42277,42228,42263,41905.715625,41985.715625,42105.715625,41795.715625,41705.715625,42256.9438548857,42165.469136525,1.0155303912
2026-05-15 01:21:02,MXF1!,3,2026-05-15 01:18:00,42262,42263,42202,42254,41907.2958333333,41987.2958333333,42107.2958333333,41797.2958333333,41707.2958333333,42256.8284095961,42167.2222229304,1.0073428272
2026-05-15 01:24:01,MXF1!,3,2026-05-15 01:21:00,42255,42271,42233,42256,41908.9104166667,41988.9104166667,42108.9104166667,41798.9104166667,41708.9104166667,42256.7959229452,42168.980198714,1.0072546959
2026-05-15 01:27:01,MXF1!,3,2026-05-15 01:24:00,42254,42254,42191,42225,41910.4125,41990.4125,42110.4125,41800.4125,41710.4125,42255.5490240062,42170.0895017097,0.9829803044
2026-05-15 01:30:05,MXF1!,3,2026-05-15 01:27:00,42222,42251,42217,42248,41911.98125,41991.98125,42111.98125,41801.98125,41711.98125,42255.2529838491,42171.6322838541,0.9984410751
2026-05-15 01:33:02,MXF1!,3,2026-05-15 01:30:00,42249,42271,42237,42269,41913.5802083333,41993.5802083333,42113.5802083333,41803.5802083333,41713.5802083333,42255.7920825217,42173.5603574412,1.0122941508
2026-05-15 01:36:03,MXF1!,3,2026-05-15 01:33:00,42271,42289,42252,42283,41915.1864583333,41995.1864583333,42115.1864583333,41805.1864583333,41715.1864583333,42256.8590596777,42175.727479076,1.020921064
2026-05-15 01:39:02,MXF1!,3,2026-05-15 01:36:00,42286,42299,42282,42297,41916.8541666667,41996.8541666667,42116.8541666667,41806.8541666667,41716.8541666667,42258.4332142002,42178.1289151339,1.0294426729
2026-05-15 01:42:43,MXF1!,3,2026-05-15 01:39:00,42299,42307,42289,42296,41918.5322916667,41998.5322916667,42118.5322916667,41808.5322916667,41718.5322916667,42259.9064214864,42180.4629960223,1.0269779258
2026-05-15 01:45:03,MXF1!,3,2026-05-15 01:42:00,42296,42309,42285,42298,41920.2385416667,42000.2385416667,42120.2385416667,41810.2385416667,41720.2385416667,42261.4002873105,42182.7904614476,1.0266897867
2026-05-15 01:48:03,MXF1!,3,2026-05-15 01:45:00,42301,42332,42301,42312,41921.9895833333,42001.9895833333,42121.9895833333,41811.9895833333,41721.9895833333,42263.3845897689,42185.3490661714,1.0350830567
2026-05-15 01:51:02,MXF1!,3,2026-05-15 01:48:00,42316,42340,42314,42334,41923.7739583333,42003.7739583333,42123.7739583333,41813.7739583333,41723.7739583333,42266.1538215427,42188.2926490195,1.04909561
2026-05-15 01:54:02,MXF1!,3,2026-05-15 01:51:00,42336,42340,42306,42335,41925.5385416667,42005.5385416667,42125.5385416667,41815.5385416667,41725.5385416667,42268.8536716782,42191.1977450785,1.0478975152
2026-05-15 01:57:01,MXF1!,3,2026-05-15 01:54:00,42333,42336,42325,42325,41927.3177083333,42007.3177083333,42127.3177083333,41817.3177083333,41727.3177083333,42271.0554884752,42193.8472946809,1.0388465233
2026-05-15 02:00:09,MXF1!,3,2026-05-15 01:57:00,42321,42332,42315,42316,41928.94375,42008.94375,42128.94375,41818.94375,41728.94375,42272.8180183389,42196.2661601328,1.0305655935
2026-05-15 02:03:01,MXF1!,3,2026-05-15 02:00:00,42316,42319,42263,42285,41930.0666666667,42010.0666666667,42130.0666666667,41820.0666666667,41730.0666666667,42273.2957431099,42198.0232658728,1.0066759112
2026-05-15 02:06:03,MXF1!,3,2026-05-15 02:03:00,42283,42294,42259,42290,41931.1458333333,42011.1458333333,42131.1458333333,41821.1458333333,41731.1458333333,42273.9508120076,42199.8445873406,1.0086173768
2026-05-15 02:09:07,MXF1!,3,2026-05-15 02:06:00,42290,42299,42284,42291,41932.2114583333,42012.2114583333,42132.2114583333,41822.2114583333,41732.2114583333,42274.6194076151,42201.6496450171,1.007687255
2026-05-15 02:12:01,MXF1!,3,2026-05-15 02:09:00,42293,42322,42288,42291,41933.23125,42013.23125,42133.23125,41823.23125,41733.23125,42275.2617837871,42203.4189589771,1.0060567582
2026-05-15 02:15:04,MXF1!,3,2026-05-15 02:12:00,42290,42295,42268,42294,41934.1291666667,42014.1291666667,42134.1291666667,41824.1291666667,41734.1291666667,42275.9966157954,42205.2126429578,1.0065715164
2026-05-15 02:18:04,MXF1!,3,2026-05-15 02:15:00,42292,42312,42290,42305,41934.6364583333,42014.6364583333,42134.6364583333,41824.6364583333,41734.6364583333,42277.1340034113,42207.1886302259,1.0127401239
2026-05-15 02:21:05,MXF1!,3,2026-05-15 02:18:00,42306,42324,42301,42320,41935.0979166667,42015.0979166667,42135.0979166667,41825.0979166667,41735.0979166667,42278.8150228854,42209.4225187363,1.0216735567
2026-05-15 02:24:03,MXF1!,3,2026-05-15 02:21:00,42321,42322,42286,42287,41935.4614583333,42015.4614583333,42135.4614583333,41825.4614583333,41735.4614583333,42279.13600238,42210.9587064841,0.9967989031
2026-05-15 02:27:02,MXF1!,3,2026-05-15 02:24:00,42285,42295,42278,42281,41935.8052083333,42015.8052083333,42135.8052083333,41825.8052083333,41735.8052083333,42279.2091003259,42212.3456627913,0.9910852375
2026-05-15 02:30:04,MXF1!,3,2026-05-15 02:27:00,42281,42298,42278,42293,41936.3708333333,42016.3708333333,42136.3708333333,41826.3708333333,41736.3708333333,42279.749919921,42213.9427783796,0.9980165137
2026-05-15 02:33:01,MXF1!,3,2026-05-15 02:30:00,42293,42331,42292,42325,41937.5770833333,42017.5770833333,42137.5770833333,41827.5770833333,41737.5770833333,42281.5244328653,42216.141931283,1.0188293279
2026-05-15 02:36:04,MXF1!,3,2026-05-15 02:33:00,42327,42333,42321,42326,41938.9052083333,42018.9052083333,42138.9052083333,41828.9052083333,41738.9052083333,42283.2685727529,42218.3173385843,1.017842498
2026-05-15 02:39:07,MXF1!,3,2026-05-15 02:36:00,42325,42327,42309,42325,41940.1552083333,42020.1552083333,42140.1552083333,41830.1552083333,41740.1552083333,42284.9050993116,42220.4298665332,1.0154529438
2026-05-15 02:42:03,MXF1!,3,2026-05-15 02:39:00,42322,42327,42294,42313,41941.3447916667,42021.3447916667,42141.3447916667,41831.3447916667,41741.3447916667,42286.0068601229,42222.262938483,1.0054601602
2026-05-15 02:45:08,MXF1!,3,2026-05-15 02:42:00,42316,42322,42315,42316,41942.4708333333,42022.4708333333,42142.4708333333,41832.4708333333,41742.4708333333,42287.1830616867,42224.119117919,1.0059227065
2026-05-15 02:48:01,MXF1!,3,2026-05-15 02:45:00,42315,42335,42306,42335,41943.65,42023.65,42143.65,41833.65,41743.65,42289.0582357382,42226.3147789503,1.0174263864
2026-05-15 02:51:02,MXF1!,3,2026-05-15 02:48:00,42335,42350,42330,42349,41945.0385416667,42025.0385416667,42145.0385416667,41835.0385416667,41745.0385416667,42291.4088931603,42228.7441892681,1.0253623797
2026-05-15 02:54:13,MXF1!,3,2026-05-15 02:51:00,42346,42347,42337,42343,41946.5635416667,42026.5635416667,42146.5635416667,41836.5635416667,41746.5635416667,42293.4320738206,42231.0066805697,1.0194689157
2026-05-15 02:57:06,MXF1!,3,2026-05-15 02:54:00,42337,42361,42337,42355,41948.0791666667,42028.0791666667,42148.0791666667,41838.0791666667,41748.0791666667,42295.8465022983,42233.4619938258,1.0259756848
2026-05-15 03:00:06,MXF1!,3,2026-05-15 02:57:00,42355,42358,42339,42346,41949.9,42029.9,42149.9,41839.9,41749.9,42297.8133061297,42235.6904691956,1.0180507381
2026-05-15 03:03:02,MXF1!,3,2026-05-15 03:00:00,42346,42364,42343,42350,41951.9416666667,42031.9416666667,42151.9416666667,41841.9416666667,41751.9416666667,42299.8598431442,42237.954024261,1.0190473473
2026-05-15 03:06:15,MXF1!,3,2026-05-15 03:03:00,42350,42361,42347,42360,41953.7291666667,42033.7291666667,42153.7291666667,41843.7291666667,41753.7291666667,42302.218280668,42240.3707762558,1.0241107578
2026-05-15 03:09:08,MXF1!,3,2026-05-15 03:06:00,42354,42359,42347,42355,41955.5666666667,42035.5666666667,42155.5666666667,41845.5666666667,41755.5666666667,42304.2881520143,42242.6406618745,1.0189403602
2026-05-15 03:12:04,MXF1!,3,2026-05-15 03:09:00,42357,42363,42355,42357,41957.515625,42037.515625,42157.515625,41847.515625,41757.515625,42306.3552833079,42244.9052032235,1.0185787327
2026-05-15 03:15:07,MXF1!,3,2026-05-15 03:12:00,42353,42356,42339,42345,41959.609375,42039.609375,42159.609375,41849.609375,41759.609375,42307.8707623939,42246.8872784072,1.0087384856
2026-05-15 03:18:14,MXF1!,3,2026-05-15 03:15:00,42346,42358,42342,42347,41961.5541666667,42041.5541666667,42161.5541666667,41851.5541666667,41761.5541666667,42309.4052423,42248.8697085378,1.0084324071
2026-05-15 03:21:03,MXF1!,3,2026-05-15 03:18:00,42350,42352,42342,42348,41963.328125,42043.328125,42163.328125,41853.328125,41763.328125,42310.9187622098,42250.8326846063,1.0074614628
2026-05-15 03:24:04,MXF1!,3,2026-05-15 03:21:00,42351,42370,42348,42358,41965.1208333333,42045.1208333333,42165.1208333333,41855.1208333333,41765.1208333333,42312.7650852604,42252.9548096636,1.0125409425
2026-05-15 03:27:03,MXF1!,3,2026-05-15 03:24:00,42357,42358,42350,42355,41966.9635416667,42046.9635416667,42166.9635416667,41856.9635416667,41766.9635416667,42314.4213564266,42254.975506502,1.0088426111
2026-05-15 03:30:11,MXF1!,3,2026-05-15 03:27:00,42355,42356,42332,42340,41968.7552083333,42048.7552083333,42168.7552083333,41858.7552083333,41768.7552083333,42315.4244404884,42256.6591598386,0.9971652603
2026-05-15 03:33:04,MXF1!,3,2026-05-15 03:30:00,42335,42364,42334,42360,41970.4854166667,42050.4854166667,42170.4854166667,41860.4854166667,41770.4854166667,42317.1725016457,42258.7055131091,1.008982587
2026-05-15 03:36:04,MXF1!,3,2026-05-15 03:33:00,42361,42370,42343,42345,41972.1885416667,42052.1885416667,42172.1885416667,41862.1885416667,41772.1885416667,42318.2637760909,42260.4143148297,0.9973493671
2026-05-15 03:39:03,MXF1!,3,2026-05-15 03:36:00,42347,42353,42342,42346,41973.7770833333,42053.7770833333,42173.7770833333,41863.7770833333,41773.7770833333,42319.3514711462,42262.1090808727,0.9964767926
2026-05-15 03:42:05,MXF1!,3,2026-05-15 03:39:00,42348,42363,42345,42358,41975.4166666667,42055.4166666667,42175.4166666667,41865.4166666667,41775.4166666667,42320.8670997287,42264.0079109544,1.0029033333
2026-05-15 03:45:08,MXF1!,3,2026-05-15 03:42:00,42354,42363,42343,42351,41977.2427083333,42057.2427083333,42177.2427083333,41867.2427083333,41777.2427083333,42322.0487820923,42265.7305265791,0.9966746288
2026-05-15 03:48:01,MXF1!,3,2026-05-15 03:45:00,42346,42351,42342,42346,41978.9145833333,42058.9145833333,42178.9145833333,41868.9145833333,41778.9145833333,42322.9880455396,42267.3200211023,0.991824755
2026-05-15 03:51:02,MXF1!,3,2026-05-15 03:48:00,42352,42361,42334,42341,41980.6520833333,42060.6520833333,42180.6520833333,41870.6520833333,41780.6520833333,42323.6943966949,42268.7790305854,0.9870017301
2026-05-15 03:54:12,MXF1!,3,2026-05-15 03:51:00,42333,42348,42323,42346,41982.4916666667,42062.4916666667,42182.4916666667,41872.4916666667,41782.4916666667,42324.5691262363,42270.3081586926,0.9888040699
2026-05-15 03:57:01,MXF1!,3,2026-05-15 03:54:00,42337,42340,42313,42319,41984.3885416667,42064.3885416667,42184.3885416667,41874.3885416667,41784.3885416667,42324.350729129,42271.27235357,0.9695503489
2026-05-15 04:00:22,MXF1!,3,2026-05-15 03:57:00,42320,42331,42317,42329,41986.3385416667,42066.3385416667,42186.3385416667,41876.3385416667,41786.3385416667,42324.5330534769,42272.4154752815,0.9747431095
2026-05-15 04:03:01,MXF1!,3,2026-05-15 04:00:00,42327,42344,42312,42344,41988.4229166667,42068.4229166667,42188.4229166667,41878.4229166667,41788.4229166667,42325.2964631445,42273.8329906224,0.9831633326
2026-05-15 04:06:15,MXF1!,3,2026-05-15 04:03:00,42342,42346,42333,42346,41990.725,42070.725,42190.725,41880.725,41790.725,42326.1083665506,42275.2620403131,0.9830155616
2026-05-15 04:09:01,MXF1!,3,2026-05-15 04:06:00,42342,42346,42337,42342,41992.9239583333,42072.9239583333,42192.9239583333,41882.9239583333,41792.9239583333,42326.7315678623,42276.5835840692,0.9789588888
2026-05-15 04:12:03,MXF1!,3,2026-05-15 04:09:00,42340,42346,42339,42339,41995.23125,42075.23125,42195.23125,41885.23125,41795.23125,42327.2126828481,42277.8195527015,0.9755827468
2026-05-15 04:15:04,MXF1!,3,2026-05-15 04:12:00,42338,42341,42336,42340,41997.5270833333,42077.5270833333,42197.5270833333,41887.5270833333,41797.5270833333,42327.7141462658,42279.0508486876,0.9748192081
2026-05-15 04:18:04,MXF1!,3,2026-05-15 04:15:00,42338,42341,42325,42335,41999.7291666667,42079.7291666667,42199.7291666667,41889.7291666667,41799.7291666667,42327.9998660201,42280.158752674,0.9701616153
2026-05-15 04:21:18,MXF1!,3,2026-05-15 04:18:00,42336,42337,42324,42337,42001.95625,42081.95625,42201.95625,41891.95625,41801.95625,42328.3528124507,42281.284321928,0.9700732552
2026-05-15 04:24:11,MXF1!,3,2026-05-15 04:21:00,42332,42333,42319,42326,42004.2114583333,42084.2114583333,42204.2114583333,41894.2114583333,41804.2114583333,42328.2605452958,42282.1697808997,0.9615716294
2026-05-15 04:27:11,MXF1!,3,2026-05-15 04:24:00,42325,42330,42324,42329,42006.371875,42086.371875,42206.371875,41896.371875,41806.371875,42328.2895435195,42283.097111971,0.9621709173
2026-05-15 04:30:10,MXF1!,3,2026-05-15 04:27:00,42330,42330,42321,42325,42008.471875,42088.471875,42208.471875,41898.471875,41808.471875,42328.1605418128,42283.92687213,0.9582469014
2026-05-15 04:33:01,MXF1!,3,2026-05-15 04:30:00,42322,42332,42319,42325,42010.740625,42090.740625,42210.740625,41900.740625,41810.740625,42328.0365989966,42284.7402013948,0.9569291783
2026-05-15 04:36:07,MXF1!,3,2026-05-15 04:33:00,42328,42333,42325,42330,42013.0864583333,42093.0864583333,42213.0864583333,41903.0864583333,41813.0864583333,42328.1135951144,42285.6364350305,0.9588345983
2026-05-15 04:39:15,MXF1!,3,2026-05-15 04:36:00,42328,42329,42325,42327,42015.3427083333,42095.3427083333,42215.3427083333,41905.3427083333,41815.3427083333,42328.0699247178,42286.455515525,0.9555806054
2026-05-15 04:42:02,MXF1!,3,2026-05-15 04:39:00,42327,42340,42327,42340,42017.4239583333,42097.4239583333,42217.4239583333,41907.4239583333,41817.4239583333,42328.5377708073,42287.5158023462,0.9625902549
2026-05-15 04:45:03,MXF1!,3,2026-05-15 04:42:00,42341,42345,42339,42339,42019.5697916667,42099.5697916667,42219.5697916667,41909.5697916667,41819.5697916667,42328.948054305,42288.5352914087,0.9605913473
2026-05-15 04:48:03,MXF1!,3,2026-05-15 04:45:00,42340,42340,42323,42328,42021.8322916667,42101.8322916667,42221.8322916667,41911.8322916667,41821.8322916667,42328.9108757048,42289.3167707867,0.9522384403
2026-05-15 04:51:02,MXF1!,3,2026-05-15 04:48:00,42327,42336,42306,42310,42024.0604166667,42104.0604166667,42224.0604166667,41914.0604166667,41824.0604166667,42328.169272736,42289.7263396821,0.939487951
2026-05-15 04:54:02,MXF1!,3,2026-05-15 04:51:00,42310,42320,42305,42314,42026.1854166667,42106.1854166667,42226.1854166667,41916.1854166667,41826.1854166667,42327.6136149816,42290.207006223,0.9408236463
2026-05-15 04:57:01,MXF1!,3,2026-05-15 04:54:00,42313,42334,42313,42334,42028.3239583333,42108.3239583333,42228.3239583333,41918.3239583333,41828.3239583333,42327.864061453,42291.0741942186,0.9523023543
2026-05-15 05:01:05,MXF1!,3,2026-05-15 04:57:00,42334,42365,42334,42362,42030.4802083333,42110.4802083333,42230.4802083333,41920.4802083333,41830.4802083333,42329.2027257097,42292.4786656202,0.968745125
2026-05-15 08:47:58,MXF1!,3,2026-05-15 08:45:00,42291,42342,42232,42327,42032.4708333333,42112.4708333333,42232.4708333333,41922.4708333333,41832.4708333333,42329.1163443093,42293.1622564,0.9451951535
2026-05-15 08:50:59,MXF1!,3,2026-05-15 08:48:00,42325,42364,42309,42311,42034.5822916667,42114.5822916667,42234.5822916667,41924.5822916667,41834.5822916667,42328.4058994344,42293.5154790455,0.9338207742
2026-05-15 08:53:59,MXF1!,3,2026-05-15 08:51:00,42310,42345,42281,42342,42036.584375,42116.584375,42236.584375,41926.584375,41836.584375,42328.9390014174,42294.4755685694,0.9521790935
2026-05-15 08:56:58,MXF1!,3,2026-05-15 08:54:00,42342,42353,42311,42320,42038.64375,42118.64375,42238.64375,41928.64375,41838.64375,42328.5884523422,42294.9810028552,0.9370171597
2026-05-15 09:00:00,MXF1!,3,2026-05-15 08:57:00,42319,42334,42290,42296,42040.7114583333,42120.7114583333,42240.7114583333,41930.7114583333,41840.7114583333,42327.310473819,42295.0011810164,0.9206977668
2026-05-15 09:02:58,MXF1!,3,2026-05-15 09:00:00,42297,42453,42290,42373,42043.1833333333,42123.1833333333,42243.1833333333,41933.1833333333,41843.1833333333,42329.1022199437,42296.5457120854,0.9679249191
2026-05-15 09:05:58,MXF1!,3,2026-05-15 09:03:00,42370,42424,42282,42385,42045.578125,42125.578125,42245.578125,41935.578125,41845.578125,42331.2942897499,42298.2972821431,0.9740381119
2026-05-15 09:08:59,MXF1!,3,2026-05-15 09:06:00,42384,42397,42260,42336,42047.6197916667,42127.6197916667,42247.6197916667,41937.6197916667,41847.6197916667,42331.4788274067,42299.0438706155,0.9419327185
2026-05-15 09:11:59,MXF1!,3,2026-05-15 09:09:00,42343,42347,42287,42311,42049.490625,42129.490625,42249.490625,41939.490625,41849.490625,42330.6757361359,42299.2806256529,0.9250557389
2026-05-15 09:14:59,MXF1!,3,2026-05-15 09:12:00,42310,42330,42248,42318,42051.2708333333,42131.2708333333,42251.2708333333,41941.2708333333,41851.2708333333,42330.1786484443,42299.651306333,0.9282704123
2026-05-15 09:18:03,MXF1!,3,2026-05-15 09:15:00,42314,42341,42271,42299,42053.0916666667,42133.0916666667,42253.0916666667,41943.0916666667,41853.0916666667,42328.9559563484,42299.6384091779,0.9152490764
2026-05-15 09:20:58,MXF1!,3,2026-05-15 09:18:00,42296,42304,42238,42241,42054.7729166667,42134.7729166667,42254.7729166667,41944.7729166667,41854.7729166667,42325.5067031583,42298.4772525605,0.8780070006
2026-05-15 09:23:58,MXF1!,3,2026-05-15 09:21:00,42240,42243,42085,42203,42056.0614583333,42136.0614583333,42256.0614583333,41946.0614583333,41856.0614583333,42320.7025187207,42296.586613896,0.8534181133
2026-05-15 09:26:58,MXF1!,3,2026-05-15 09:24:00,42201,42245,42140,42174,42057.3729166667,42137.3729166667,42257.3729166667,41947.3729166667,41857.3729166667,42314.9494787709,42294.159156195,0.8345471439
2026-05-15 09:30:02,MXF1!,3,2026-05-15 09:27:00,42175,42175,42045,42082,42058.4270833333,42138.4270833333,42258.4270833333,41948.4270833333,41858.4270833333,42305.8142050936,42289.9579847852,0.7765400294
2026-05-15 09:32:58,MXF1!,3,2026-05-15 09:30:00,42078,42083,41950,41966,42059.053125,42139.053125,42259.053125,41949.053125,41859.053125,42292.488157835,42283.5429751855,0.7037497994
2026-05-15 09:35:59,MXF1!,3,2026-05-15 09:33:00,41966,42061,41951,42036,42059.6833333333,42139.6833333333,42259.6833333333,41949.6833333333,41859.6833333333,42282.4297987042,42278.6411340927,0.7469318244
2026-05-15 09:38:58,MXF1!,3,2026-05-15 09:36:00,42037,42128,42033,42104,42060.546875,42140.546875,42260.546875,41950.546875,41860.546875,42275.4325516962,42275.1828938137,0.788742086
2026-05-15 09:41:59,MXF1!,3,2026-05-15 09:39:00,42102,42135,42074,42082,42061.4166666667,42141.4166666667,42261.4166666667,41951.4166666667,41861.4166666667,42267.8469614336,42271.3574899758,0.7744559251
2026-05-15 09:44:58,MXF1!,3,2026-05-15 09:42:00,42080,42113,42036,42102,42062.2479166667,42142.2479166667,42262.2479166667,41952.2479166667,41862.2479166667,42261.3431590245,42268.0038763129,0.7863154393
2026-05-15 09:47:59,MXF1!,3,2026-05-15 09:45:00,42103,42121,41910,41950,42062.8958333333,42142.8958333333,42262.8958333333,41952.8958333333,41862.8958333333,42249.1336233764,42261.7067698513,0.6912210414
2026-05-15 09:50:58,MXF1!,3,2026-05-15 09:48:00,41954,41965,41869,41924,42063.296875,42143.296875,42263.296875,41953.296875,41863.296875,42236.3832852048,42255.0195070819,0.6746343112
2026-05-15 09:53:59,MXF1!,3,2026-05-15 09:51:00,41920,41956,41785,41841,42063.43125,42143.43125,42263.43125,41953.43125,41863.43125,42220.878058334,42246.8211010011,0.6226004088
2026-05-15 09:56:58,MXF1!,3,2026-05-15 09:54:00,41841,41875,41750,41781,42063.5416666667,42143.5416666667,42263.5416666667,41953.5416666667,41863.5416666667,42203.6279383994,42237.5969207832,0.5849359253
2026-05-15 10:00:04,MXF1!,3,2026-05-15 09:57:00,41777,41779,41642,41696,42063.384375,42143.384375,42263.384375,41953.384375,41863.384375,42183.7209604229,42226.8722292826,0.5317065371
2026-05-15 10:02:59,MXF1!,3,2026-05-15 10:00:00,41699,41770,41651,41728,42063.4802083333,42143.4802083333,42263.4802083333,41953.4802083333,41863.4802083333,42165.8495502103,42216.993571277,0.5513986955
2026-05-15 10:05:58,MXF1!,3,2026-05-15 10:03:00,41728,41765,41673,41716,42063.596875,42143.596875,42263.596875,41953.596875,41863.596875,42148.2083913785,42207.0729064992,0.5436351774
2026-05-15 10:08:58,MXF1!,3,2026-05-15 10:06:00,41720,41728,41607,41616,42063.6385416667,42143.6385416667,42263.6385416667,41953.6385416667,41863.6385416667,42127.3374740695,42195.3684925091,0.4810014473
2026-05-15 10:11:58,MXF1!,3,2026-05-15 10:09:00,41617,41750,41604,41737,42063.7864583333,42143.7864583333,42263.7864583333,41953.7864583333,41863.7864583333,42112.0301221452,42186.2918886971,0.5562974689
2026-05-15 10:14:59,MXF1!,3,2026-05-15 10:12:00,41735,41735,41645,41690,42064.0541666667,42144.0541666667,42264.0541666667,41954.0541666667,41864.0541666667,42095.4799212768,42176.4643265447,0.5266804718
2026-05-15 10:18:00,MXF1!,3,2026-05-15 10:15:00,41687,41759,41663,41682,42064.5625,42144.5625,42264.5625,41954.5625,41864.5625,42079.2650224032,42166.6729537418,0.5214784885
2026-05-15 10:21:01,MXF1!,3,2026-05-15 10:18:00,41681,41760,41675,41713,42064.9604166667,42144.9604166667,42264.9604166667,41954.9604166667,41864.9604166667,42064.9016881913,42157.6893308954,0.5406832135
2026-05-15 10:24:01,MXF1!,3,2026-05-15 10:21:00,41713,41785,41706,41774,42065.4479166667,42145.4479166667,42265.4479166667,41955.4479166667,41865.4479166667,42053.4937788505,42150.0915223628,0.5785847255
2026-05-15 10:27:01,MXF1!,3,2026-05-15 10:24:00,41774,41847,41761,41815,42066.0604166667,42146.0604166667,42266.0604166667,41956.0604166667,41866.0604166667,42044.1410816406,42143.4560466725,0.6039641029
2026-05-15 10:30:03,MXF1!,3,2026-05-15 10:27:00,41819,41819,41661,41689,42066.0791666667,42146.0791666667,42266.0791666667,41956.0791666667,41866.0791666667,42030.2139803998,42134.4569170354,0.5250048476
2026-05-15 10:33:00,MXF1!,3,2026-05-15 10:30:00,41691,41730,41660,41680,42066.03125,42146.03125,42266.03125,41956.03125,41866.03125,42016.4800988155,42125.4577701634,0.5192180717
2026-05-15 10:36:00,MXF1!,3,2026-05-15 10:33:00,41676,41734,41651,41707,42066.021875,42146.021875,42266.021875,41956.021875,41866.021875,42004.3436243522,42117.1714776849,0.5359315463
2026-05-15 10:39:01,MXF1!,3,2026-05-15 10:36:00,41708,41725,41663,41678,42066.1125,42146.1125,42266.1125,41956.1125,41866.1125,41991.5458351619,42108.4750127803,0.5176190298
2026-05-15 10:42:00,MXF1!,3,2026-05-15 10:39:00,41680,41707,41630,41698,42066.075,42146.075,42266.075,41956.075,41866.075,41980.034233783,42100.3467947054,0.5299521858
2026-05-15 10:45:01,MXF1!,3,2026-05-15 10:42:00,41698,41833,41677,41795,42066.490625,42146.490625,42266.490625,41956.490625,41866.490625,41972.7779893209,42094.3003235231,0.5904262554
2026-05-15 10:48:00,MXF1!,3,2026-05-15 10:45:00,41793,41840,41780,41785,42066.575,42146.575,42266.575,41956.575,41866.575,41965.4141466024,42088.1755646415,0.5839251262
2026-05-15 10:51:00,MXF1!,3,2026-05-15 10:48:00,41784,41790,41681,41740,42066.4197916667,42146.4197916667,42266.4197916667,41956.4197916667,41866.4197916667,41956.5743761474,42081.280999005,0.5555287232
2026-05-15 10:54:02,MXF1!,3,2026-05-15 10:51:00,41739,41820,41724,41760,42066.43125,42146.43125,42266.43125,41956.43125,41866.43125,41948.8655770828,42074.9189990247,0.5678294402
2026-05-15 10:57:00,MXF1!,3,2026-05-15 10:54:00,41761,41810,41728,41756,42066.5,42146.5,42266.5,41956.5,41866.5,41941.3022211188,42068.6037713213,0.5650910746
2026-05-15 11:00:10,MXF1!,3,2026-05-15 10:57:00,41760,41782,41718,41764,42066.503125,42146.503125,42266.503125,41956.503125,41866.503125,41934.3491928396,42062.5720134733,0.5698336221
2026-05-15 11:03:01,MXF1!,3,2026-05-15 11:00:00,41770,41795,41723,41736,42066.3666666667,42146.3666666667,42266.3666666667,41956.3666666667,41866.3666666667,41926.5707931204,42056.1052409293,0.5520409123
2026-05-15 11:06:01,MXF1!,3,2026-05-15 11:03:00,41732,41780,41732,41743,42066.2145833333,42146.2145833333,42266.2145833333,41956.2145833333,41866.2145833333,41919.3719384883,42049.9051371485,0.5561898076
2026-05-15 11:09:00,MXF1!,3,2026-05-15 11:06:00,41739,41739,41683,41700,42065.9354166667,42145.9354166667,42265.9354166667,41955.9354166667,41865.9354166667,41910.7691173711,42042.9763225515,0.529005311
2026-05-15 11:12:00,MXF1!,3,2026-05-15 11:09:00,41698,41717,41663,41711,42065.646875,42145.646875,42265.646875,41955.646875,41865.646875,41902.9350343369,42036.4025339861,0.5356847318
2026-05-15 11:15:02,MXF1!,3,2026-05-15 11:12:00,41707,41718,41646,41660,42065.2145833333,42145.2145833333,42265.2145833333,41955.2145833333,41865.2145833333,41893.4081702453,42028.9490184617,0.5035156432
2026-05-15 11:18:00,MXF1!,3,2026-05-15 11:15:00,41660,41674,41628,41666,42064.6947916667,42144.6947916667,42264.6947916667,41954.6947916667,41864.6947916667,41884.4902027847,42021.7619091852,0.5071092405
2026-05-15 11:21:00,MXF1!,3,2026-05-15 11:18:00,41664,41690,41585,41585,42063.9572916667,42143.9572916667,42263.9572916667,41953.9572916667,41863.9572916667,41872.74548895,42013.1131585083,0.45618996
2026-05-15 11:24:00,MXF1!,3,2026-05-15 11:21:00,41584,41612,41548,41606,42063.003125,42143.003125,42263.003125,41953.003125,41863.003125,41862.2848815402,42005.0515118051,0.4692817656
2026-05-15 11:27:01,MXF1!,3,2026-05-15 11:24:00,41610,41679,41590,41632,42062.1958333333,42142.1958333333,42262.1958333333,41952.1958333333,41862.1958333333,41853.2541018719,41997.6643531555,0.4855499305
2026-05-15 11:30:01,MXF1!,3,2026-05-15 11:27:00,41632,41640,41596,41627,42061.4104166667,42141.4104166667,42261.4104166667,41951.4104166667,41861.4104166667,41844.3813919946,41990.3244649742,0.4823100839
2026-05-15 11:33:00,MXF1!,3,2026-05-15 11:30:00,41623,41634,41529,41537,42060.453125,42140.453125,42260.453125,41950.453125,41860.453125,41832.3272197595,41981.3477428955,0.4257263132
2026-05-15 11:36:00,MXF1!,3,2026-05-15 11:33:00,41536,41539,41457,41463,42059.3520833333,42139.3520833333,42259.3520833333,41949.3520833333,41859.3520833333,41817.8437993768,41971.083431155,0.3792671932
2026-05-15 11:39:00,MXF1!,3,2026-05-15 11:36:00,41462,41626,41420,41596,42058.35625,42138.35625,42258.35625,41948.35625,41858.35625,41809.1440425385,41963.6560364787,0.4625905264
2026-05-15 11:42:00,MXF1!,3,2026-05-15 11:39:00,41595,41683,41577,41630,42057.7010416667,42137.7010416667,42257.7010416667,41947.7010416667,41857.7010416667,41802.1187859683,41957.0489862514,0.483718836
2026-05-15 11:45:00,MXF1!,3,2026-05-15 11:42:00,41626,41659,41586,41629,42057.1625,42137.1625,42257.1625,41947.1625,41857.1625,41795.3298139696,41950.5529667216,0.4828749979
2026-05-15 11:48:00,MXF1!,3,2026-05-15 11:45:00,41634,41661,41624,41647,42056.7114583333,42136.7114583333,42256.7114583333,41946.7114583333,41856.7114583333,41789.5129585198,41944.5420168856,0.4939698223
2026-05-15 11:51:01,MXF1!,3,2026-05-15 11:48:00,41645,41698,41645,41655,42056.40625,42136.40625,42256.40625,41946.40625,41856.40625,41784.2379405386,41938.8085116007,0.4987811971
2026-05-15 11:54:00,MXF1!,3,2026-05-15 11:51:00,41657,41670,41606,41629,42055.884375,42135.884375,42255.884375,41945.884375,41855.884375,41778.1501781646,41932.6736895888,0.4822158562
2026-05-15 11:57:01,MXF1!,3,2026-05-15 11:54:00,41632,41642,41608,41635,42055.325,42135.325,42255.325,41945.325,41855.325,41772.5364456875,41926.7791610821,0.4858113404
2026-05-15 12:00:04,MXF1!,3,2026-05-15 11:57:00,41636,41653,41624,41630,42054.7104166667,42134.7104166667,42254.7104166667,41944.7104166667,41854.7104166667,41766.9467811508,41920.9023460112,0.4824499843
2026-05-15 12:03:00,MXF1!,3,2026-05-15 12:00:00,41630,41632,41576,41587,42053.9166666667,42133.9166666667,42253.9166666667,41943.9166666667,41853.9166666667,41759.890044635,41914.2904183674,0.4551877342
2026-05-15 12:06:01,MXF1!,3,2026-05-15 12:03:00,41587,41644,41579,41643,42053.1739583333,42133.1739583333,42253.1739583333,41943.1739583333,41853.1739583333,41755.306121316,41908.918330875,0.490220972
2026-05-15 12:09:01,MXF1!,3,2026-05-15 12:06:00,41645,41655,41619,41630,42052.4604166667,42132.4604166667,42252.4604166667,41942.4604166667,41852.4604166667,41750.3921557742,41903.3951956101,0.4817607416
2026-05-15 12:12:00,MXF1!,3,2026-05-15 12:09:00,41629,41629,41556,41572,42051.5791666667,42131.5791666667,42251.5791666667,41941.5791666667,41851.5791666667,41743.3963849595,41896.8329145089,0.4449015523
2026-05-15 12:15:00,MXF1!,3,2026-05-15 12:12:00,41572,41606,41508,41595,42050.6270833333,42130.6270833333,42250.6270833333,41940.6270833333,41850.6270833333,41737.5769188827,41890.8560251127,0.4590599022
2026-05-15 12:18:00,MXF1!,3,2026-05-15 12:15:00,41594,41623,41550,41560,42049.6479166667,42129.6479166667,42249.6479166667,41939.6479166667,41849.6479166667,41730.6131181422,41884.304420655,0.4365884967
2026-05-15 12:21:00,MXF1!,3,2026-05-15 12:18:00,41560,41560,41522,41543,42048.5510416667,42128.5510416667,42248.5510416667,41938.5510416667,41848.5510416667,41723.2557409602,41877.5459172757,0.4255496478
2026-05-15 12:24:02,MXF1!,3,2026-05-15 12:21:00,41544,41544,41507,41533,42047.4260416667,42127.4260416667,42247.4260416667,41937.4260416667,41847.4260416667,41715.7947315107,41870.7232258445,0.418951741
2026-05-15 12:27:00,MXF1!,3,2026-05-15 12:24:00,41533,41560,41480,41506,42046.3510416667,42126.3510416667,42246.3510416667,41936.3510416667,41846.3510416667,41707.5674871378,41863.5009837486,0.4015787966
2026-05-15 12:30:00,MXF1!,3,2026-05-15 12:27:00,41505,41514,41456,41465,42045.1729166667,42125.1729166667,42245.1729166667,41935.1729166667,41845.1729166667,41698.0550366618,41855.6098751595,0.3753007197
2026-05-15 12:33:00,MXF1!,3,2026-05-15 12:30:00,41464,41475,41403,41444,42043.9635416667,42123.9635416667,42243.9635416667,41933.9635416667,41843.9635416667,41688.0920940476,41847.4591845623,0.3615838397
2026-05-15 12:36:00,MXF1!,3,2026-05-15 12:33:00,41441,41547,41438,41492,42042.8583333333,42122.8583333333,42242.8583333333,41932.8583333333,41842.8583333333,41680.4022080065,41840.4203888284,0.3917097724
2026-05-15 12:39:00,MXF1!,3,2026-05-15 12:36:00,41493,41505,41431,41455,42041.5770833333,42121.5770833333,42241.5770833333,41931.5770833333,41841.5770833333,41671.5629057317,41832.7883019209,0.3678080789
2026-05-15 12:42:00,MXF1!,3,2026-05-15 12:39:00,41456,41525,41441,41474,42040.35,42120.35,42240.35,41930.35,41840.35,41663.8153408011,41825.683583071,0.3794660512
2026-05-15 12:45:00,MXF1!,3,2026-05-15 12:42:00,41470,41484,41400,41402,42038.93125,42118.93125,42238.93125,41928.93125,41838.93125,41653.5480725344,41817.2938091488,0.3332066969
2026-05-15 12:48:00,MXF1!,3,2026-05-15 12:45:00,41401,41411,41321,41330,42037.2875,42117.2875,42237.2875,41927.2875,41837.2875,41640.8599128272,41807.6444267894,0.2869308431
2026-05-15 12:51:00,MXF1!,3,2026-05-15 12:48:00,41327,41363,41308,41330,42035.6177083333,42115.6177083333,42235.6177083333,41925.6177083333,41835.6177083333,41628.6693280104,41798.1861213084,0.2865540287
2026-05-15 12:54:00,MXF1!,3,2026-05-15 12:51:00,41329,41345,41291,41307,42033.8760416667,42113.8760416667,42233.8760416667,41923.8760416667,41833.8760416667,41616.054844559,41788.4596634607,0.2714401571
2026-05-15 12:57:01,MXF1!,3,2026-05-15 12:54:00,41307,41331,41254,41271,42032.1322916667,42112.1322916667,42232.1322916667,41922.1322916667,41832.1322916667,41602.5232820273,41778.2129374516,0.2479591946
2026-05-15 13:00:01,MXF1!,3,2026-05-15 12:57:00,41272,41281,41195,41218,42030.2364583333,42110.2364583333,42230.2364583333,41920.2364583333,41830.2364583333,41587.4439376341,41767.1196119575,0.2135356876
2026-05-15 13:03:00,MXF1!,3,2026-05-15 13:00:00,41219,41228,41117,41187,42028.1760416667,42108.1760416667,42228.1760416667,41918.1760416667,41828.1760416667,41571.7402538053,41755.632094889,0.1931849318
2026-05-15 13:06:00,MXF1!,3,2026-05-15 13:03:00,41185,41212,41119,41175,42026.075,42106.075,42226.075,41916.075,41826.075,41556.1818124796,41744.1344296437,0.1848015131
2026-05-15 13:09:00,MXF1!,3,2026-05-15 13:06:00,41173,41176,41077,41145,42023.9020833333,42103.9020833333,42223.9020833333,41913.9020833333,41823.9020833333,41540.0570355196,41732.270381532,0.1649209567
2026-05-15 13:12:00,MXF1!,3,2026-05-15 13:09:00,41144,41206,41138,41177,42021.859375,42101.859375,42221.859375,41911.859375,41821.859375,41525.8195047149,41721.2749284323,0.1848493425
2026-05-15 13:15:01,MXF1!,3,2026-05-15 13:12:00,41181,41193,41130,41182,42019.85,42099.85,42219.85,41909.85,41819.85,41512.3363868829,41710.5962169782,0.1875333904
2026-05-15 13:18:00,MXF1!,3,2026-05-15 13:15:00,41183,41200,41135,41152,42017.7875,42097.7875,42217.7875,41907.7875,41817.7875,41498.2055481816,41699.5349057509,0.1676810791
2026-05-15 13:21:00,MXF1!,3,2026-05-15 13:18:00,41150,41188,41125,41184,42015.771875,42095.771875,42215.771875,41905.771875,41815.771875,41485.8837619784,41689.3262937559,0.1878996095
2026-05-15 13:24:00,MXF1!,3,2026-05-15 13:21:00,41188,41195,41138,41142,42013.9291666667,42093.9291666667,42213.9291666667,41903.9291666667,41813.9291666667,41472.3981242538,41678.488149325,0.1602793459
2026-05-15 13:26:59,MXF1!,3,2026-05-15 13:24:00,41144,41172,41106,41155,42012.0364583333,42092.0364583333,42212.0364583333,41902.0364583333,41812.0364583333,41459.9511389889,41668.1220473582,0.1682010341
2026-05-15 13:30:04,MXF1!,3,2026-05-15 13:27:00,41156,41210,41147,41200,42010.234375,42090.234375,42210.234375,41900.234375,41810.234375,41449.7569766756,41658.8523038462,0.1967270457
2026-05-15 13:33:01,MXF1!,3,2026-05-15 13:30:00,41199,41205,41092,41130,42008.1645833333,42088.1645833333,42208.1645833333,41898.1645833333,41808.1645833333,41437.2174873942,41648.3799809977,0.150838768
2026-05-15 13:36:00,MXF1!,3,2026-05-15 13:33:00,41129,41189,41092,41113,42006.0114583333,42086.0114583333,42206.0114583333,41896.0114583333,41806.0114583333,41424.5030761239,41637.7783972156,0.1392666709
2026-05-15 13:39:00,MXF1!,3,2026-05-15 13:36:00,41114,41114,41029,41063,42003.6270833333,42083.6270833333,42203.6270833333,41893.6270833333,41803.6270833333,41410.3264849033,41626.3966467757,0.1062906521
2026-05-15 13:42:00,MXF1!,3,2026-05-15 13:39:00,41063,41075,41032,41037,42001.1875,42081.1875,42201.1875,41891.1875,41801.1875,41395.6862305934,41614.7254260475,0.0888105222
2026-05-15 13:45:01,MXF1!,3,2026-05-15 13:42:00,41037,41049,40977,41003,41998.5541666667,42078.5541666667,42198.5541666667,41888.5541666667,41798.5541666667,41380.2867705701,41602.6120512742,0.0663668918
2026-05-15 13:46:59,MXF1!,3,2026-05-15 13:45:00,41001,41001,41001,41001,41997.6614583333,42077.6614583333,42197.6614583333,41887.6614583333,41797.6614583333,41365.4127795674,41590.698941348,0.0648091986
2026-05-15 15:03:02,MXF1!,3,2026-05-15 15:00:00,41150,41207,41140,41173,41995.5125,42075.5125,42195.5125,41885.5125,41795.5125,41357.8671803687,41582.4276751827,0.1762346652
2026-05-15 15:06:02,MXF1!,3,2026-05-15 15:03:00,41171,41176,41104,41175,41993.3020833333,42073.3020833333,42193.3020833333,41883.3020833333,41793.3020833333,41350.6959183934,41574.3598004266,0.1769392667
2026-05-15 15:09:01,MXF1!,3,2026-05-15 15:06:00,41174,41176,41136,41139,41991.0958333333,42071.0958333333,42191.0958333333,41881.0958333333,41791.0958333333,41342.3941176721,41565.7388142795,0.15299966
2026-05-15 15:12:08,MXF1!,3,2026-05-15 15:09:00,41140,41185,41140,41174,41988.8458333333,42068.8458333333,42188.8458333333,41878.8458333333,41788.8458333333,41335.790426783,41557.9816100364,0.1753391213
2026-05-15 15:15:03,MXF1!,3,2026-05-15 15:12:00,41177,41197,41163,41195,41986.6197916667,42066.6197916667,42186.6197916667,41876.6197916667,41786.6197916667,41330.2692335758,41550.7938553822,0.1885123108
2026-05-15 15:18:01,MXF1!,3,2026-05-15 15:15:00,41196,41220,41191,41191,41984.421875,42064.421875,42184.421875,41874.421875,41784.421875,41324.8076950042,41543.6692245826,0.1851917868
2026-05-15 15:21:02,MXF1!,3,2026-05-15 15:18:00,41190,41223,41183,41204,41982.209375,42062.209375,42182.209375,41872.209375,41782.209375,41320.0701383374,41536.9431013235,0.1929752288
2026-05-15 15:24:01,MXF1!,3,2026-05-15 15:21:00,41204,41211,41166,41172,41980.0489583333,42060.0489583333,42180.0489583333,41870.0489583333,41780.0489583333,41314.2634662457,41529.7165052577,0.1711889776
2026-05-15 15:27:02,MXF1!,3,2026-05-15 15:24:00,41173,41173,41125,41129,41977.6864583333,42057.6864583333,42177.6864583333,41867.6864583333,41777.6864583333,41306.9982322753,41521.7815249555,0.1421173226
2026-05-15 15:30:07,MXF1!,3,2026-05-15 15:27:00,41133,41158,41132,41153,41975.4166666667,42055.4166666667,42175.4166666667,41865.4166666667,41775.4166666667,41300.9590859116,41514.478920501,0.1571398665
2026-05-15 15:33:01,MXF1!,3,2026-05-15 15:30:00,41154,41160,41117,41118,41973.121875,42053.121875,42173.121875,41863.121875,41773.121875,41293.7842197974,41506.6278527683,0.1332089985
2026-05-15 15:36:00,MXF1!,3,2026-05-15 15:33:00,41117,41120,41056,41063,41970.6,42050.6,42170.6,41860.6,41770.6,41284.7338582367,41497.8431428125,0.0959628202
2026-05-15 15:39:01,MXF1!,3,2026-05-15 15:36:00,41061,41062,41023,41042,41968.0052083333,42048.0052083333,42168.0052083333,41858.0052083333,41768.0052083333,41275.2148834039,41488.8165459251,0.0813231306
2026-05-15 15:42:01,MXF1!,3,2026-05-15 15:39:00,41042,41042,40991,41008,41965.3583333333,42045.3583333333,42165.3583333333,41855.3583333333,41765.3583333333,41264.7358683685,41479.2954262038,0.0579577121
2026-05-15 15:45:02,MXF1!,3,2026-05-15 15:42:00,41007,41023,40986,41004,41962.6854166667,42042.6854166667,42162.6854166667,41852.6854166667,41762.6854166667,41254.510932354,41469.8836355859,0.0545049594
2026-05-15 15:48:02,MXF1!,3,2026-05-15 15:45:00,41001,41014,40983,41009,41959.978125,42039.978125,42159.978125,41849.978125,41759.978125,41244.8830526539,41460.7572269605,0.0570017412
2026-05-15 15:51:03,MXF1!,3,2026-05-15 15:48:00,41010,41010,40983,40990,41957.2083333333,42037.2083333333,42157.2083333333,41847.2083333333,41757.2083333333,41234.8876388243,41451.4353016741,0.0435674682
2026-05-15 15:54:01,MXF1!,3,2026-05-15 15:51:00,40987,40987,40913,40952,41954.221875,42034.221875,42154.221875,41844.221875,41754.221875,41223.7940059292,41441.5454937202,0.0174870577
2026-05-15 15:57:01,MXF1!,3,2026-05-15 15:54:00,40955,40956,40930,40938,41951.2208333333,42031.2208333333,42151.2208333333,41841.2208333333,41751.2208333333,41212.5863978536,41431.5742958247,0.007579593
2026-05-15 16:00:03,MXF1!,3,2026-05-15 15:57:00,40939,40944,40839,40861,41948.1197916667,42028.1197916667,42148.1197916667,41838.1197916667,41748.1197916667,41198.798695977,41420.2757949173,-0.0439498125
2026-05-15 16:03:02,MXF1!,3,2026-05-15 16:00:00,40862,40874,40779,40784,41944.7020833333,42024.7020833333,42144.7020833333,41834.7020833333,41744.7020833333,41182.5320804485,41407.6762742259,-0.0951670905
2026-05-15 16:06:00,MXF1!,3,2026-05-15 16:03:00,40783,40819,40770,40819,41941.3395833333,42021.3395833333,42141.3395833333,41831.3395833333,41741.3395833333,41168.2759204309,41396.0193183006,-0.0715426348
2026-05-15 16:09:01,MXF1!,3,2026-05-15 16:06:00,40815,40865,40808,40824,41938.0625,42018.0625,42138.0625,41828.0625,41738.0625,41154.7749039434,41384.6922030867,-0.0678639274
2026-05-15 16:12:01,MXF1!,3,2026-05-15 16:09:00,40822,40867,40818,40848,41934.76875,42014.76875,42134.76875,41824.76875,41734.76875,41142.7445155534,41374.0646347088,-0.0515316466
2026-05-15 16:15:05,MXF1!,3,2026-05-15 16:12:00,40848,40852,40821,40842,41931.4677083333,42011.4677083333,42131.4677083333,41821.4677083333,41731.4677083333,41130.9506129827,41363.5287013482,-0.0552394496
2026-05-15 16:18:01,MXF1!,3,2026-05-15 16:15:00,40839,40839,40712,40742,41927.98125,42007.98125,42127.98125,41817.98125,41727.98125,41115.6976477677,41351.2212023116,-0.121123468
2026-05-15 16:21:01,MXF1!,3,2026-05-15 16:18:00,40743,40758,40712,40748,41924.390625,42004.390625,42124.390625,41814.390625,41724.390625,41101.278132169,41339.2762280084,-0.1165579647
2026-05-15 16:24:02,MXF1!,3,2026-05-15 16:21:00,40746,40758,40731,40739,41920.8604166667,42000.8604166667,42120.8604166667,41810.8604166667,41720.8604166667,41087.0711465937,41327.389570028,-0.1220400569
2026-05-15 16:27:01,MXF1!,3,2026-05-15 16:24:00,40741,40775,40710,40710,41917.35625,41997.35625,42117.35625,41807.35625,41717.35625,41072.2840428057,41315.1640339879,-0.1406529132
2026-05-15 16:30:03,MXF1!,3,2026-05-15 16:27:00,40712,40717,40640,40650,41913.609375,41993.609375,42113.609375,41803.609375,41713.609375,41055.7238842643,41301.9924689584,-0.1794872491
2026-05-15 16:33:01,MXF1!,3,2026-05-15 16:30:00,40648,40656,40602,40628,41909.6864583333,41989.6864583333,42109.6864583333,41799.6864583333,41709.6864583333,41038.9503986069,41288.6460834345,-0.1929070044
2026-05-15 16:36:02,MXF1!,3,2026-05-15 16:33:00,40627,40651,40602,40634,41905.7989583333,41985.7989583333,42105.7989583333,41795.7989583333,41705.7989583333,41023.0699908184,41275.6827946536,-0.1876667471
2026-05-15 16:39:01,MXF1!,3,2026-05-15 16:36:00,40637,40682,40620,40676,41902.0052083333,41982.0052083333,42102.0052083333,41792.0052083333,41702.0052083333,41009.4594029432,41263.8078878288,-0.1588852068
2026-05-15 16:42:01,MXF1!,3,2026-05-15 16:39:00,40676,40752,40676,40749,41898.3916666667,41978.3916666667,42098.3916666667,41788.3916666667,41698.3916666667,40999.2453087101,41253.6136722282,-0.1100191951
2026-05-15 16:45:03,MXF1!,3,2026-05-15 16:42:00,40749,40788,40737,40781,41894.8833333333,41974.8833333333,42094.8833333333,41784.8833333333,41694.8833333333,40990.6866691528,41244.2549856494,-0.0885169739
2026-05-15 16:48:01,MXF1!,3,2026-05-15 16:45:00,40784,40810,40762,40800,41891.3854166667,41971.3854166667,42091.3854166667,41781.3854166667,41691.3854166667,40983.2087605586,41235.4578572207,-0.075638708
2026-05-15 16:51:01,MXF1!,3,2026-05-15 16:48:00,40801,40824,40757,40761,41887.8208333333,41967.8208333333,42087.8208333333,41777.8208333333,41687.8208333333,40974.4946915171,41226.0626521272,-0.1008113571
2026-05-15 16:54:01,MXF1!,3,2026-05-15 16:51:00,40762,40765,40700,40714,41884.0333333333,41964.0333333333,42084.0333333333,41774.0333333333,41684.0333333333,40964.2792134184,41215.9227976297,-0.1309155558
2026-05-15 16:57:00,MXF1!,3,2026-05-15 16:54:00,40714,40738,40687,40732,41880.2427083333,41960.2427083333,42080.2427083333,41770.2427083333,41680.2427083333,40955.1702246569,41206.3401679736,-0.1182250722
2026-05-15 17:00:15,MXF1!,3,2026-05-15 16:57:00,40733,40744,40708,40725,41876.509375,41956.509375,42076.509375,41766.509375,41676.509375,40946.143941337,41196.8086794989,-0.121946046
2026-05-15 17:03:07,MXF1!,3,2026-05-15 17:00:00,40727,40741,40669,40682,41872.6197916667,41952.6197916667,42072.6197916667,41762.6197916667,41672.6197916667,40935.7853554022,41186.6144482217,-0.1490916868
2026-05-15 17:06:01,MXF1!,3,2026-05-15 17:03:00,40686,40748,40681,40740,41868.7729166667,41948.7729166667,42068.7729166667,41758.7729166667,41668.7729166667,40928.1074983276,41177.7705977619,-0.1103070487
2026-05-15 17:09:01,MXF1!,3,2026-05-15 17:06:00,40741,40743,40692,40726,41864.91875,41944.91875,42064.91875,41754.91875,41664.91875,40920.1817140795,41168.8246453309,-0.118578963
2026-05-15 17:12:03,MXF1!,3,2026-05-15 17:09:00,40727,40741,40705,40727,41861.13125,41941.13125,42061.13125,41751.13125,41661.13125,40912.6059605862,41160.0756424531,-0.1170406379
2026-05-15 17:15:08,MXF1!,3,2026-05-15 17:12:00,40725,40726,40683,40701,41857.2645833333,41937.2645833333,42057.2645833333,41747.2645833333,41657.2645833333,40904.307687622,41150.9850356719,-0.1330023777
2026-05-15 17:18:01,MXF1!,3,2026-05-15 17:15:00,40701,40703,40638,40650,41853.2427083333,41933.2427083333,42053.2427083333,41743.2427083333,41653.2427083333,40894.334837127,41141.064539916,-0.164944474
2026-05-15 17:21:02,MXF1!,3,2026-05-15 17:18:00,40647,40656,40615,40627,41849.1979166667,41929.1979166667,42049.1979166667,41739.1979166667,41649.1979166667,40883.851118024,41130.8850440761,-0.178346305
2026-05-15 17:24:00,MXF1!,3,2026-05-15 17:21:00,40630,40658,40577,40650,41845.159375,41925.159375,42045.159375,41735.159375,41645.159375,40874.6804859446,41121.3625679557,-0.1617620764
2026-05-15 17:27:02,MXF1!,3,2026-05-15 17:24:00,40648,40667,40588,40625,41841.1479166667,41921.1479166667,42041.1479166667,41731.1479166667,41641.1479166667,40864.8890943389,41111.533606214,-0.1762089142
2026-05-15 17:30:04,MXF1!,3,2026-05-15 17:27:00,40623,40695,40611,40693,41837.2385416667,41917.2385416667,42037.2385416667,41727.2385416667,41637.2385416667,40858.1483455413,41103.2458120316,-0.1308405342
2026-05-15 17:33:01,MXF1!,3,2026-05-15 17:30:00,40689,40716,40675,40701,41833.4958333333,41913.4958333333,42033.4958333333,41723.4958333333,41633.4958333333,40851.985665324,41095.280548427,-0.1243229121
2026-05-15 17:36:01,MXF1!,3,2026-05-15 17:33:00,40702,40712,40673,40704,41829.7822916667,41909.7822916667,42029.7822916667,41719.7822916667,41629.7822916667,40846.1823058996,41087.5324187552,-0.1210701171
2026-05-15 17:39:01,MXF1!,3,2026-05-15 17:36:00,40707,40745,40707,40729,41826.1864583333,41906.1864583333,42026.1864583333,41716.1864583333,41626.1864583333,40841.5869213545,41080.4327668986,-0.1037758966
2026-05-15 17:42:02,MXF1!,3,2026-05-15 17:39:00,40729,40750,40706,40712,41822.5416666667,41902.5416666667,42022.5416666667,41712.5416666667,41622.5416666667,40836.5050813014,41073.1370685442,-0.1135044891
2026-05-15 17:45:07,MXF1!,3,2026-05-15 17:42:00,40711,40718,40661,40685,41818.8395833333,41898.8395833333,42018.8395833333,41708.8395833333,41618.8395833333,40830.5637055641,41065.4511859988,-0.1294725606
2026-05-15 17:48:01,MXF1!,3,2026-05-15 17:45:00,40681,40682,40638,40653,41815.0083333333,41895.0083333333,42015.0083333333,41705.0083333333,41615.0083333333,40823.6004229929,41057.283835781,-0.1483473701
2026-05-15 17:51:00,MXF1!,3,2026-05-15 17:48:00,40655,40669,40615,40634,41811.159375,41891.159375,42011.159375,41701.159375,41611.159375,40816.1651122873,41048.9019776467,-0.158653003
2026-05-15 17:54:01,MXF1!,3,2026-05-15 17:51:00,40635,40635,40596,40627,41807.3333333333,41887.3333333333,42007.3333333333,41697.3333333333,41607.3333333333,40808.7468725898,41040.5474830398,-0.1614059851
2026-05-15 17:57:01,MXF1!,3,2026-05-15 17:54:00,40629,40696,40618,40683,41803.6427083333,41883.6427083333,42003.6427083333,41693.6427083333,41603.6427083333,40803.8156226843,41033.4673348608,-0.1243235957
2026-05-15 18:00:03,MXF1!,3,2026-05-15 17:57:00,40680,40692,40634,40641,41799.9302083333,41879.9302083333,41999.9302083333,41689.9302083333,41599.9302083333,40797.4306963045,41025.6957044676,-0.1493452885
2026-05-15 18:03:02,MXF1!,3,2026-05-15 18:00:00,40643,40674,40641,40661,41796.2010416667,41876.2010416667,41996.2010416667,41686.2010416667,41596.2010416667,40792.08047292,41018.4740073494,-0.1350557809
2026-05-15 18:06:01,MXF1!,3,2026-05-15 18:03:00,40660,40666,40610,40661,41792.4645833333,41872.4645833333,41992.4645833333,41682.4645833333,41592.4645833333,40786.9400622173,41011.3953141345,-0.1333752988
2026-05-15 18:09:02,MXF1!,3,2026-05-15 18:06:00,40660,40716,40658,40710,41788.9322916667,41868.9322916667,41988.9322916667,41678.9322916667,41588.9322916667,40783.9228048754,41005.4270900923,-0.1010066458
2026-05-15 18:12:01,MXF1!,3,2026-05-15 18:09:00,40710,40787,40694,40765,41785.509375,41865.509375,41985.509375,41675.509375,41585.509375,40783.180734096,41000.6661576152,-0.065181604
2026-05-15 18:15:03,MXF1!,3,2026-05-15 18:12:00,40764,40815,40764,40797,41782.21875,41862.21875,41982.21875,41672.21875,41582.21875,40783.7226660922,40996.6331643951,-0.0441261404
2026-05-15 18:18:00,MXF1!,3,2026-05-15 18:15:00,40797,40828,40781,40823,41778.9645833333,41858.9645833333,41978.9645833333,41668.9645833333,41578.9645833333,40785.2629536965,40993.194883912,-0.0269760055
2026-05-15 18:21:00,MXF1!,3,2026-05-15 18:18:00,40822,40827,40790,40816,41775.784375,41855.784375,41975.784375,41665.784375,41575.784375,40786.4683280613,40989.6860743296,-0.0304705209
2026-05-15 18:24:02,MXF1!,3,2026-05-15 18:21:00,40820,40866,40808,40866,41772.6708333333,41852.6708333333,41972.6708333333,41662.6708333333,41572.6708333333,40789.5872171569,40987.236845135,0.0015191648
2026-05-15 18:27:01,MXF1!,3,2026-05-15 18:24:00,40862,40881,40831,40836,41769.725,41849.725,41969.725,41659.725,41569.725,40791.407326288,40984.2420561224,-0.0163868158
2026-05-15 18:30:02,MXF1!,3,2026-05-15 18:27:00,40835,40837,40796,40802,41766.678125,41846.678125,41966.678125,41656.678125,41566.678125,40791.8227252571,40980.6333025358,-0.0366148418
2026-05-15 18:33:01,MXF1!,3,2026-05-15 18:30:00,40803,40847,40795,40845,41763.6875,41843.6875,41963.6875,41653.6875,41563.6875,40793.9081085804,40977.9474945648,-0.0089366991
2026-05-15 18:36:01,MXF1!,3,2026-05-15 18:33:00,40846,40890,40846,40863,41760.6739583333,41840.6739583333,41960.6739583333,41650.6739583333,41560.6739583333,40796.6175945184,40975.6713065536,0.0030771259
2026-05-15 18:39:01,MXF1!,3,2026-05-15 18:36:00,40866,40869,40805,40808,41757.3354166667,41837.3354166667,41957.3354166667,41647.3354166667,41557.3354166667,40797.0639633608,40972.3510826615,-0.0301252834
2026-05-15 18:42:01,MXF1!,3,2026-05-15 18:39:00,40808,40813,40746,40762,41753.7166666667,41833.7166666667,41953.7166666667,41643.7166666667,41553.7166666667,40795.6889059741,40968.185714688,-0.0574872157
2026-05-15 18:45:02,MXF1!,3,2026-05-15 18:42:00,40764,40815,40761,40815,41750.0645833333,41830.0645833333,41950.0645833333,41640.0645833333,41550.0645833333,40796.4462037791,40965.1523341991,-0.0235878604
2026-05-15 18:48:01,MXF1!,3,2026-05-15 18:45:00,40813,40910,40806,40899,41746.6052083333,41826.6052083333,41946.6052083333,41636.6052083333,41546.6052083333,40800.4679212779,40963.8423869872,0.0291597316
2026-05-15 18:51:02,MXF1!,3,2026-05-15 18:48:00,40903,40928,40860,40894,41743.1041666667,41823.1041666667,41943.1041666667,41633.1041666667,41543.1041666667,40804.1358459337,40962.4593694231,0.0267316749
2026-05-15 18:54:01,MXF1!,3,2026-05-15 18:51:00,40896,40973,40892,40943,41739.7229166667,41819.7229166667,41939.7229166667,41629.7229166667,41539.7229166667,40809.5814990343,40962.0740353751,0.0575583684
2026-05-15 18:57:02,MXF1!,3,2026-05-15 18:54:00,40941,40973,40936,40946,41736.3895833333,41816.3895833333,41936.3895833333,41626.3895833333,41536.3895833333,40814.9312441702,40961.7557376449,0.0598751692
2026-05-15 19:00:02,MXF1!,3,2026-05-15 18:57:00,40945,40970,40929,40933,41733.1385416667,41813.1385416667,41933.1385416667,41623.1385416667,41533.1385416667,40819.5613914577,40961.1863170975,0.0522379754
2026-05-15 19:03:01,MXF1!,3,2026-05-15 19:00:00,40933,40977,40918,40943,41729.83125,41809.83125,41929.83125,41619.83125,41529.83125,40824.4021212044,40960.8261920065,0.0587521291
2026-05-15 19:06:01,MXF1!,3,2026-05-15 19:03:00,40940,40940,40892,40923,41726.378125,41806.378125,41926.378125,41616.378125,41526.378125,40828.2687046866,40960.0771585014,0.0469231271
2026-05-15 19:09:00,MXF1!,3,2026-05-15 19:06:00,40926,40943,40897,40908,41723.0260416667,41803.0260416667,41923.0260416667,41613.0260416667,41523.0260416667,40831.3954221499,40959.04592764,0.0382306138
2026-05-15 19:12:02,MXF1!,3,2026-05-15 19:09:00,40911,40924,40882,40924,41719.484375,41799.484375,41919.484375,41609.484375,41519.484375,40835.0269742224,40958.3519488748,0.0485767319
2026-05-15 19:15:02,MXF1!,3,2026-05-15 19:12:00,40924,40933,40890,40920,41715.8104166667,41795.8104166667,41915.8104166667,41605.8104166667,41515.8104166667,40838.3592497431,40957.5925043427,0.0466115431
2026-05-15 19:18:02,MXF1!,3,2026-05-15 19:15:00,40918,40932,40891,40894,41711.9885416667,41791.9885416667,41911.9885416667,41601.9885416667,41511.9885416667,40840.5412399493,40956.3332468309,0.0312217797
2026-05-15 19:21:02,MXF1!,3,2026-05-15 19:18:00,40897,40899,40880,40888,41708.0104166667,41788.0104166667,41908.0104166667,41598.0104166667,41508.0104166667,40842.4023677944,40954.9801132303,0.0281200881
2026-05-15 19:24:02,MXF1!,3,2026-05-15 19:21:00,40886,40890,40837,40839,41703.9114583333,41783.9114583333,41903.9114583333,41593.9114583333,41503.9114583333,40842.2689416064,40952.6834773248,-0.0011404639
2026-05-15 19:27:01,MXF1!,3,2026-05-15 19:24:00,40836,40847,40796,40822,41699.8333333333,41779.8333333333,41899.8333333333,41589.8333333333,41499.8333333333,40841.4740811512,40950.0956856946,-0.0107050982
2026-05-15 19:30:04,MXF1!,3,2026-05-15 19:27:00,40821,40844,40809,40827,41695.66875,41775.66875,41895.66875,41585.66875,41495.66875,40840.9064701257,40947.658147364,-0.0068152191
2026-05-15 19:33:01,MXF1!,3,2026-05-15 19:30:00,40827,40837,40791,40797,41691.4135416667,41771.4135416667,41891.4135416667,41581.4135416667,41491.4135416667,40839.1846477678,40944.6748177132,-0.0241273488
2026-05-15 19:36:01,MXF1!,3,2026-05-15 19:33:00,40796,40806,40756,40795,41686.85625,41766.85625,41886.85625,41576.85625,41486.85625,40837.4519164828,40941.7109599367,-0.0243265863
2026-05-15 19:39:01,MXF1!,3,2026-05-15 19:36:00,40792,40794,40757,40764,41682.0916666667,41762.0916666667,41882.0916666667,41572.0916666667,41482.0916666667,40834.5714491698,40938.1919310271,-0.0420406492
2026-05-15 19:41:57,MXF1!,3,2026-05-15 19:39:00,40764,40764,40704,40708,41677.2083333333,41757.2083333333,41877.2083333333,41567.2083333333,41477.2083333333,40829.6078629278,40933.6336749671,-0.0746873102
2026-05-15 19:45:01,MXF1!,3,2026-05-15 19:42:00,40706,40732,40690,40712,41672.3020833333,41752.3020833333,41872.3020833333,41562.3020833333,41472.3020833333,40824.9957898718,40929.2448893242,-0.07086308
2026-05-15 19:47:56,MXF1!,3,2026-05-15 19:45:00,40712,40766,40712,40762,41667.5145833333,41747.5145833333,41867.5145833333,41557.5145833333,41467.5145833333,40822.5253667396,40925.9331093376,-0.039431175
2026-05-15 19:50:57,MXF1!,3,2026-05-15 19:48:00,40763,40789,40761,40786,41662.7385416667,41742.7385416667,41862.7385416667,41552.7385416667,41462.7385416667,40821.0929994165,40923.1621566774,-0.0239084014
2026-05-15 19:53:57,MXF1!,3,2026-05-15 19:51:00,40785,40800,40768,40779,41658.0833333333,41738.0833333333,41858.0833333333,41548.0833333333,41458.0833333333,40819.442293557,40920.3074605056,-0.0271156988
2026-05-15 19:56:57,MXF1!,3,2026-05-15 19:54:00,40778,40788,40739,40754,41653.3708333333,41733.3708333333,41853.3708333333,41543.3708333333,41453.3708333333,40816.8759291038,40917.0142434659,-0.0412676416
2026-05-15 20:00:01,MXF1!,3,2026-05-15 19:57:00,40753,40753,40710,40711,41648.6395833333,41728.6395833333,41848.6395833333,41538.6395833333,41448.6395833333,40812.723931884,40912.9347534963,-0.0661940949
2026-05-15 20:02:58,MXF1!,3,2026-05-15 20:00:00,40711,40711,40645,40669,41643.7104166667,41723.7104166667,41843.7104166667,41533.7104166667,41443.7104166667,40807.0876992611,40908.1043623379,-0.0900092065
2026-05-15 20:05:56,MXF1!,3,2026-05-15 20:03:00,40669,40714,40661,40701,41638.94375,41718.94375,41838.94375,41528.94375,41438.94375,40802.9273973293,40904.003285856,-0.0692600592
2026-05-15 20:08:57,MXF1!,3,2026-05-15 20:06:00,40700,40701,40648,40665,41634.01875,41714.01875,41834.01875,41524.01875,41434.01875,40797.518479787,40899.2705475222,-0.0890973115
2026-05-15 20:11:56,MXF1!,3,2026-05-15 20:09:00,40669,40701,40655,40677,41629.1552083333,41709.1552083333,41829.1552083333,41519.1552083333,41429.1552083333,40792.7922648934,40894.8691505416,-0.0802277809
2026-05-15 20:14:59,MXF1!,3,2026-05-15 20:12:00,40677,40679,40617,40630,41624.1614583333,41704.1614583333,41824.1614583333,41514.1614583333,41424.1614583333,40786.4082545054,40889.6242168675,-0.1062330508
2026-05-15 20:17:58,MXF1!,3,2026-05-15 20:15:00,40630,40689,40616,40684,41619.20625,41699.20625,41819.20625,41509.20625,41419.20625,40782.3922445248,40885.5524501968,-0.0723715543
2026-05-15 20:20:57,MXF1!,3,2026-05-15 20:18:00,40680,40695,40662,40692,41614.2291666667,41694.2291666667,41814.2291666667,41504.2291666667,41414.2291666667,40778.8474506219,40881.7197284108,-0.0658764494
2026-05-15 20:23:57,MXF1!,3,2026-05-15 20:21:00,40690,40707,40681,40690,41609.3447916667,41689.3447916667,41809.3447916667,41499.3447916667,41409.3447916667,40775.363236872,40877.9232981452,-0.0653266452
2026-05-15 20:26:56,MXF1!,3,2026-05-15 20:24:00,40689,40689,40642,40660,41604.3354166667,41684.3354166667,41804.3354166667,41494.3354166667,41404.3354166667,40770.8391883672,40873.6079853106,-0.0813314764
2026-05-15 20:30:00,MXF1!,3,2026-05-15 20:27:00,40661,40662,40615,40646,41599.23125,41679.23125,41799.23125,41489.23125,41399.23125,40765.9435339214,40869.1008964926,-0.0877555716
2026-05-15 20:32:56,MXF1!,3,2026-05-15 20:30:00,40643,40646,40596,40635,41594.0489583333,41674.0489583333,41794.0489583333,41484.0489583333,41394.0489583333,40760.8084933755,40864.4652351759,-0.0923980312
2026-05-15 20:35:57,MXF1!,3,2026-05-15 20:33:00,40635,40642,40608,40636,41588.9260416667,41668.9260416667,41788.9260416667,41478.9260416667,41388.9260416667,40755.9140426549,40859.941171113,-0.0901525745
2026-05-15 20:38:56,MXF1!,3,2026-05-15 20:36:00,40635,40650,40595,40617,41583.765625,41663.765625,41783.765625,41473.765625,41383.765625,40750.466433139,40855.1304548534,-0.0991782914
2026-05-15 20:41:56,MXF1!,3,2026-05-15 20:39:00,40620,40686,40618,40683,41578.7510416667,41658.7510416667,41778.7510416667,41468.7510416667,41378.7510416667,40747.820690663,40851.7219309949,-0.0588556707
2026-05-15 20:44:59,MXF1!,3,2026-05-15 20:42:00,40682,40682,40633,40648,41573.75625,41653.75625,41773.75625,41463.75625,41373.75625,40743.9061537742,40847.6878333514,-0.0772225428
2026-05-15 20:47:57,MXF1!,3,2026-05-15 20:45:00,40646,40679,40643,40671,41568.846875,41648.846875,41768.846875,41458.846875,41368.846875,40741.0470889203,40844.1890643742,-0.0620301066
2026-05-15 20:50:57,MXF1!,3,2026-05-15 20:48:00,40674,40675,40658,40674,41563.8927083333,41643.8927083333,41763.8927083333,41453.8927083333,41363.8927083333,40738.4177913156,40840.8189838915,-0.0585386487
2026-05-15 20:53:57,MXF1!,3,2026-05-15 20:51:00,40674,40730,40671,40717,41559.071875,41639.071875,41759.071875,41449.071875,41359.071875,40737.5778779307,40838.3671228244,-0.0321908309
2026-05-15 20:56:57,MXF1!,3,2026-05-15 20:54:00,40717,40739,40703,40724,41554.2447916667,41634.2447916667,41754.2447916667,41444.2447916667,41354.2447916667,40737.0454121295,40836.1024273229,-0.0266322906
2026-05-15 21:00:08,MXF1!,3,2026-05-15 20:57:00,40724,40761,40716,40740,41549.4135416667,41629.4135416667,41749.4135416667,41439.4135416667,41349.4135416667,40737.1612783205,40834.1994089601,-0.0158505878
2026-05-15 21:02:58,MXF1!,3,2026-05-15 21:00:00,40740,40750,40692,40710,41544.49375,41624.49375,41744.49375,41434.49375,41344.49375,40736.0961301511,40831.7400147232,-0.031369853
2026-05-15 21:05:57,MXF1!,3,2026-05-15 21:03:00,40708,40764,40707,40748,41539.6114583333,41619.6114583333,41739.6114583333,41429.6114583333,41339.6114583333,40736.5629485765,40830.0817966099,-0.0082218656
2026-05-15 21:08:58,MXF1!,3,2026-05-15 21:06:00,40747,40763,40711,40716,41534.7072916667,41614.7072916667,41734.7072916667,41424.7072916667,41334.7072916667,40735.7565584363,40827.8227511325,-0.0248750587
2026-05-15 21:11:58,MXF1!,3,2026-05-15 21:09:00,40714,40747,40710,40726,41529.7135416667,41609.7135416667,41729.7135416667,41419.7135416667,41329.7135416667,40735.3739483015,40825.8064590308,-0.0175803567
2026-05-15 21:15:02,MXF1!,3,2026-05-15 21:12:00,40720,40723,40705,40720,41524.68125,41604.68125,41724.68125,41414.68125,41324.68125,40734.7710483681,40823.7112816243,-0.019497743
2026-05-15 21:17:58,MXF1!,3,2026-05-15 21:15:00,40722,40739,40694,40732,41519.65,41599.65,41719.65,41409.65,41319.65,40734.6623798046,40821.8952166416,-0.0113132439
2026-05-15 21:20:58,MXF1!,3,2026-05-15 21:18:00,40730,40754,40725,40754,41514.7458333333,41594.7458333333,41714.7458333333,41404.7458333333,41314.7458333333,40735.4207178515,40820.5507569062,0.0023541574
2026-05-15 21:23:57,MXF1!,3,2026-05-15 21:21:00,40753,40774,40741,40758,41509.8520833333,41589.8520833333,41709.8520833333,41399.8520833333,41309.8520833333,40736.3061798966,40819.3121280565,0.005796711
2026-05-15 21:26:58,MXF1!,3,2026-05-15 21:24:00,40763,40790,40737,40750,41505.0020833333,41585.0020833333,41705.0020833333,41395.0020833333,41305.0020833333,40736.8431924496,40817.9396106693,0.0025159937
2026-05-15 21:30:07,MXF1!,3,2026-05-15 21:27:00,40748,40766,40723,40755,41500.15625,41580.15625,41700.15625,41390.15625,41300.15625,40737.5552241183,40816.6932817451,0.00651085
2026-05-15 21:32:57,MXF1!,3,2026-05-15 21:30:00,40753,40763,40633,40681,41495.2010416667,41575.2010416667,41695.2010416667,41385.2010416667,41295.2010416667,40735.3373721921,40814.006286067,-0.0336071494
2026-05-15 21:35:58,MXF1!,3,2026-05-15 21:33:00,40685,40694,40592,40671,41490.1125,41570.1125,41690.1125,41380.1125,41290.1125,40732.8143379885,40811.1744784221,-0.0376636466
2026-05-15 21:38:57,MXF1!,3,2026-05-15 21:36:00,40667,40706,40598,40601,41484.9447916667,41564.9447916667,41684.9447916667,41374.9447916667,41284.9447916667,40727.6451482634,40807.0126075623,-0.07489243
2026-05-15 21:41:57,MXF1!,3,2026-05-15 21:39:00,40601,40663,40556,40625,41479.709375,41559.709375,41679.709375,41369.709375,41279.709375,40723.6198483315,40803.4083975115,-0.0596504149
2026-05-15 21:45:11,MXF1!,3,2026-05-15 21:42:00,40620,40622,40558,40574,41474.4145833333,41554.4145833333,41674.4145833333,41364.4145833333,41274.4145833333,40717.7524032989,40798.8656569667,-0.0860487685
2026-05-15 21:47:56,MXF1!,3,2026-05-15 21:45:00,40571,40593,40448,40510,41468.803125,41548.803125,41668.803125,41358.803125,41268.803125,40709.6052502284,40793.1455449476,-0.1192924355
2026-05-15 21:50:57,MXF1!,3,2026-05-15 21:48:00,40510,40624,40505,40566,41463.4,41543.4,41663.4,41353.4,41263.4,40703.973671788,40788.6476133645,-0.0863997128
2026-05-15 21:54:00,MXF1!,3,2026-05-15 21:51:00,40569,40648,40536,40647,41458.0822916667,41538.0822916667,41658.0822916667,41348.0822916667,41258.0822916667,40701.7394101493,40785.8427101295,-0.0402336513
2026-05-15 21:57:00,MXF1!,3,2026-05-15 21:54:00,40646,40765,40642,40717,41453.1166666667,41533.1166666667,41653.1166666667,41343.1166666667,41253.1166666667,40702.3378646532,40784.4794881468,-0.0004823643
2026-05-15 22:00:09,MXF1!,3,2026-05-15 21:57:00,40714,40715,40591,40597,41447.8708333333,41527.8708333333,41647.8708333333,41337.8708333333,41247.8708333333,40698.2069680002,40780.767023035,-0.0649353119
2026-05-15 22:03:00,MXF1!,3,2026-05-15 22:00:00,40602,40666,40585,40643,41442.54375,41522.54375,41642.54375,41332.54375,41242.54375,40696.0419888629,40778.0389631729,-0.0382966264
2026-05-15 22:06:00,MXF1!,3,2026-05-15 22:03:00,40646,40646,40543,40604,41437.065625,41517.065625,41637.065625,41327.065625,41237.065625,40692.4324991036,40774.5926470704,-0.0580677441
2026-05-15 22:09:00,MXF1!,3,2026-05-15 22:06:00,40604,40655,40577,40648,41431.753125,41511.753125,41631.753125,41321.753125,41231.753125,40690.6900481583,40772.0858619799,-0.0326707142
2026-05-15 22:11:59,MXF1!,3,2026-05-15 22:09:00,40648,40717,40638,40696,41426.6385416667,41506.6385416667,41626.6385416667,41316.6385416667,41226.6385416667,40690.8982815639,40770.5792112477,-0.0053499804
2026-05-15 22:15:05,MXF1!,3,2026-05-15 22:12:00,40695,40806,40694,40784,41421.8802083333,41501.8802083333,41621.8802083333,41311.8802083333,41221.8802083333,40694.5493293457,40770.8449694408,0.0434050568
2026-05-15 22:18:00,MXF1!,3,2026-05-15 22:15:00,40783,40849,40751,40808,41417.428125,41497.428125,41617.428125,41307.428125,41217.428125,40698.9983752537,40771.5807126202,0.0571982995
2026-05-15 22:20:59,MXF1!,3,2026-05-15 22:18:00,40807,40880,40806,40866,41413.1114583333,41493.1114583333,41613.1114583333,41303.1114583333,41213.1114583333,40705.5474585771,40773.4504014792,0.089319181
2026-05-15 22:24:00,MXF1!,3,2026-05-15 22:21:00,40863,40892,40807,40817,41408.628125,41488.628125,41608.628125,41298.628125,41208.628125,40709.918146476,40774.3127697667,0.0634583498
2026-05-15 22:26:59,MXF1!,3,2026-05-15 22:24:00,40818,40833,40756,40769,41404.11875,41484.11875,41604.11875,41294.11875,41204.11875,40712.2350819084,40774.207566405,0.0384409882
2026-05-15 22:30:01,MXF1!,3,2026-05-15 22:27:00,40769,40776,40727,40756,41399.4572916667,41479.4572916667,41599.4572916667,41289.4572916667,41199.4572916667,40713.9513532061,40773.8470205356,0.0324869097
2026-05-15 22:32:59,MXF1!,3,2026-05-15 22:30:00,40760,40831,40751,40799,41394.896875,41474.896875,41594.896875,41284.896875,41194.896875,40717.2865942568,40774.3450993369,0.0566865132
2026-05-15 22:36:00,MXF1!,3,2026-05-15 22:33:00,40799,40826,40775,40799,41390.2760416667,41470.2760416667,41590.2760416667,41280.2760416667,41190.2760416667,40720.4910415409,40774.8333151916,0.0576929378
2026-05-15 22:38:59,MXF1!,3,2026-05-15 22:36:00,40795,40827,40775,40812,41385.6333333333,41465.6333333333,41585.6333333333,41275.6333333333,41185.6333333333,40724.0796281471,40775.5692891482,0.0656546228
2026-05-15 22:41:59,MXF1!,3,2026-05-15 22:39:00,40814,40843,40802,40813,41381.0114583333,41461.0114583333,41581.0114583333,41271.0114583333,41181.0114583333,40727.5667015531,40776.3104913433,0.0671592545
2026-05-15 22:45:01,MXF1!,3,2026-05-15 22:42:00,40814,40836,40796,40833,41376.3822916667,41456.3822916667,41576.3822916667,41266.3822916667,41176.3822916667,40731.7013407079,40777.4330558711,0.0788530454
2026-05-15 22:48:00,MXF1!,3,2026-05-15 22:45:00,40835,40841,40750,40777,41371.5645833333,41451.5645833333,41571.5645833333,41261.5645833333,41171.5645833333,40733.4777587193,40777.4244805073,0.0499229087
