Record Time,Symbol,Timeframe,TradingView Time,Open,High,Low,Close,MA_960,MA_P80,MA_P200,MA_N110,MA_N200,tt_short,tt_long,BBR
2026-04-30 16:05:02,MXF1!,5,2026-04-30 16:00:00,39562,39624,39555,39619,39464.259375,39544.259375,39664.259375,39354.259375,39264.259375,39489.9845524949,39486.4047208318,0.5225925606
2026-04-30 16:10:01,MXF1!,5,2026-04-30 16:05:00,39619,39685,39610,39619,39464.8864583333,39544.8864583333,39664.8864583333,39354.8864583333,39264.8864583333,39495.0439818088,39489.0303699243,0.5218672994
2026-04-30 16:15:00,MXF1!,5,2026-04-30 16:10:00,39617,39649,39609,39636,39465.453125,39545.453125,39665.453125,39355.453125,39265.453125,39500.5716687967,39491.9406596287,0.5360307511
2026-04-30 16:20:00,MXF1!,5,2026-04-30 16:15:00,39636,39646,39615,39628,39466.009375,39546.009375,39666.009375,39356.009375,39266.009375,39505.5688582557,39494.6349039925,0.5283215577
2026-04-30 16:25:00,MXF1!,5,2026-04-30 16:20:00,39629,39634,39577,39610,39466.3385416667,39546.3385416667,39666.3385416667,39356.3385416667,39266.3385416667,39509.6641971476,39496.9193613392,0.5117257117
2026-04-30 16:30:02,MXF1!,5,2026-04-30 16:25:00,39612,39653,39612,39645,39466.8020833333,39546.8020833333,39666.8020833333,39356.8020833333,39266.8020833333,39514.971483534,39499.8516512137,0.5420840561
2026-04-30 16:35:00,MXF1!,5,2026-04-30 16:30:00,39648,39703,39648,39700,39467.5197916667,39547.5197916667,39667.5197916667,39357.5197916667,39267.5197916667,39522.2275037875,39503.814984853,0.5904919404
2026-04-30 16:40:01,MXF1!,5,2026-04-30 16:35:00,39703,39725,39669,39718,39468.0145833333,39548.0145833333,39668.0145833333,39358.0145833333,39268.0145833333,39529.9048565802,39508.0562722817,0.6061407093
2026-04-30 16:45:01,MXF1!,5,2026-04-30 16:40:00,39717,39742,39688,39702,39468.7822916667,39548.7822916667,39668.7822916667,39358.7822916667,39268.7822916667,39536.6536857339,39511.8967421375,0.5913505792
2026-04-30 16:50:01,MXF1!,5,2026-04-30 16:45:00,39705,39710,39668,39685,39469.4510416667,39549.4510416667,39669.4510416667,39359.4510416667,39269.4510416667,39542.4711882541,39515.3245294219,0.5755445692
2026-04-30 16:55:00,MXF1!,5,2026-04-30 16:50:00,39684,39684,39644,39657,39469.91875,39549.91875,39669.91875,39359.91875,39269.91875,39546.962514205,39518.1299842848,0.5496380473
2026-04-30 17:00:02,MXF1!,5,2026-04-30 16:55:00,39657,39659,39621,39636,39470.1385416667,39550.1385416667,39670.1385416667,39360.1385416667,39270.1385416667,39550.4541803146,39520.4640440019,0.5299498353
2026-04-30 17:05:05,MXF1!,5,2026-04-30 17:00:00,39638,39647,39621,39639,39470.4541666667,39550.4541666667,39670.4541666667,39360.4541666667,39270.4541666667,39553.9265654003,39522.8112906554,0.5320704608
2026-04-30 17:09:57,MXF1!,5,2026-04-30 17:05:00,39640,39665,39605,39633,39470.8427083333,39550.8427083333,39670.8427083333,39360.8427083333,39270.8427083333,39557.0274844042,39524.9932452959,0.5258848714
2026-04-30 17:14:57,MXF1!,5,2026-04-30 17:10:00,39632,39632,39584,39600,39471.1020833333,39551.1020833333,39671.1020833333,39361.1020833333,39271.1020833333,39558.7126810942,39526.4785275672,0.4947668338
2026-04-30 17:19:57,MXF1!,5,2026-04-30 17:15:00,39600,39624,39581,39585,39471.5427083333,39551.5427083333,39671.5427083333,39361.5427083333,39271.5427083333,39559.7435563454,39527.6373686055,0.4801582247
2026-04-30 17:24:57,MXF1!,5,2026-04-30 17:20:00,39582,39598,39551,39584,39471.9052083333,39551.9052083333,39671.9052083333,39361.9052083333,39271.9052083333,39560.6947894299,39528.7534603163,0.4785257069
2026-04-30 17:29:58,MXF1!,5,2026-04-30 17:25:00,39580,39673,39580,39664,39472.6010416667,39552.6010416667,39672.6010416667,39362.6010416667,39272.6010416667,39564.7459741582,39531.431609617,0.5523974383
2026-04-30 17:34:58,MXF1!,5,2026-04-30 17:30:00,39664,39766,39664,39709,39474.1270833333,39554.1270833333,39674.1270833333,39364.1270833333,39274.1270833333,39570.4029947794,39534.9478153671,0.5939354145
2026-04-30 17:40:02,MXF1!,5,2026-04-30 17:35:00,39708,39740,39700,39737,39475.8635416667,39555.8635416667,39675.8635416667,39365.8635416667,39275.8635416667,39576.9362106704,39538.9488487262,0.6197617761
2026-04-30 17:45:02,MXF1!,5,2026-04-30 17:40:00,39734,39742,39672,39680,39477.3729166667,39557.3729166667,39677.3729166667,39367.3729166667,39277.3729166667,39580.977927899,39541.7419408306,0.5656946659
2026-04-30 17:50:02,MXF1!,5,2026-04-30 17:45:00,39682,39718,39678,39706,39478.896875,39558.896875,39678.896875,39368.896875,39278.896875,39585.8807542559,39544.9945756657,0.5897507564
2026-04-30 17:55:00,MXF1!,5,2026-04-30 17:50:00,39707,39717,39686,39710,39480.5125,39560.5125,39680.5125,39370.5125,39280.5125,39590.7481756576,39548.2620098109,0.5930901078
2026-04-30 18:00:01,MXF1!,5,2026-04-30 17:55:00,39712,39720,39691,39707,39482.1552083333,39562.1552083333,39682.1552083333,39372.1552083333,39282.1552083333,39595.3070707299,39551.4053363493,0.5898209307
2026-04-30 18:04:59,MXF1!,5,2026-04-30 18:00:00,39708,39776,39708,39749,39483.7958333333,39563.7958333333,39683.7958333333,39373.7958333333,39283.7958333333,39601.3342444268,39555.3181019661,0.6292935791
2026-04-30 18:09:59,MXF1!,5,2026-04-30 18:05:00,39746,39754,39733,39740,39485.4072916667,39565.4072916667,39685.4072916667,39375.4072916667,39285.4072916667,39606.7721171943,39558.9751692539,0.6203215084
2026-04-30 18:15:00,MXF1!,5,2026-04-30 18:10:00,39744,39749,39711,39720,39486.896875,39566.896875,39686.896875,39376.896875,39286.896875,39611.212426324,39562.1637797638,0.6008398391
2026-04-30 18:19:58,MXF1!,5,2026-04-30 18:15:00,39719,39761,39711,39733,39488.4479166667,39568.4479166667,39688.4479166667,39378.4479166667,39288.4479166667,39615.9884096054,39565.546675214,0.6128368797
2026-04-30 18:25:00,MXF1!,5,2026-04-30 18:20:00,39732,39767,39731,39745,39490.3114583333,39570.3114583333,39690.3114583333,39380.3114583333,39290.3114583333,39621.0476876601,39569.1002063979,0.623913165
2026-04-30 18:30:02,MXF1!,5,2026-04-30 18:25:00,39743,39784,39737,39783,39492.3260416667,39572.3260416667,39692.3260416667,39382.3260416667,39292.3260416667,39627.3987587322,39573.3358458751,0.6599352384
2026-04-30 18:35:01,MXF1!,5,2026-04-30 18:30:00,39784,39798,39752,39755,39494.7541666667,39574.7541666667,39694.7541666667,39384.7541666667,39294.7541666667,39632.402728978,39576.9331558578,0.6326655868
2026-04-30 18:40:01,MXF1!,5,2026-04-30 18:35:00,39758,39778,39708,39715,39496.828125,39576.828125,39696.828125,39386.828125,39296.828125,39635.6418376456,39579.6671527715,0.5938287921
2026-04-30 18:45:00,MXF1!,5,2026-04-30 18:40:00,39717,39735,39710,39720,39498.840625,39578.840625,39698.840625,39388.840625,39298.840625,39638.9500008751,39582.4460210335,0.598248596
2026-04-30 18:49:59,MXF1!,5,2026-04-30 18:45:00,39722,39737,39704,39709,39500.9395833333,39580.9395833333,39700.9395833333,39390.9395833333,39300.9395833333,39641.6970596644,39584.9520404189,0.5872594667
2026-04-30 18:55:01,MXF1!,5,2026-04-30 18:50:00,39709,39710,39673,39691,39502.5854166667,39582.5854166667,39702.5854166667,39392.5854166667,39302.5854166667,39643.630508305,39587.0520000146,0.5695075756
2026-04-30 19:00:00,MXF1!,5,2026-04-30 18:55:00,39697,39728,39693,39715,39504.2041666667,39584.2041666667,39704.2041666667,39394.2041666667,39304.2041666667,39646.4293119009,39589.5856237767,0.592294461
2026-04-30 19:04:58,MXF1!,5,2026-04-30 19:00:00,39720,39756,39719,39755,39506.203125,39586.203125,39706.203125,39396.203125,39306.203125,39650.686985944,39592.8611559791,0.6306000136
2026-04-30 19:10:00,MXF1!,5,2026-04-30 19:05:00,39755,39780,39725,39767,39508.2489583333,39588.2489583333,39708.2489583333,39398.2489583333,39308.2489583333,39655.2482806128,39596.3094499201,0.6418290404
2026-04-30 19:15:01,MXF1!,5,2026-04-30 19:10:00,39766,39780,39751,39753,39510.203125,39590.203125,39710.203125,39400.203125,39310.203125,39659.0816813731,39599.41223309,0.627919813
2026-04-30 19:19:58,MXF1!,5,2026-04-30 19:15:00,39756,39810,39748,39800,39512.0208333333,39592.0208333333,39712.0208333333,39402.0208333333,39312.0208333333,39664.6078899467,39603.3842680784,0.6730286712
2026-04-30 19:25:00,MXF1!,5,2026-04-30 19:20:00,39800,39810,39791,39792,39513.684375,39593.684375,39713.684375,39403.684375,39313.684375,39669.6036589684,39607.1192330669,0.6648783836
2026-04-30 19:30:00,MXF1!,5,2026-04-30 19:25:00,39791,39845,39790,39843,39515.2895833333,39595.2895833333,39715.2895833333,39405.2895833333,39315.2895833333,39676.4035154794,39611.7901393428,0.7138574375
2026-04-30 19:34:59,MXF1!,5,2026-04-30 19:30:00,39841,39855,39811,39823,39516.9197916667,39596.9197916667,39716.9197916667,39406.9197916667,39316.9197916667,39682.1523972253,39615.9725128212,0.6940355499
2026-04-30 19:39:58,MXF1!,5,2026-04-30 19:35:00,39821,39832,39795,39799,39518.3052083333,39598.3052083333,39718.3052083333,39408.3052083333,39318.3052083333,39686.7346561577,39619.596819498,0.6703326774
2026-04-30 19:44:59,MXF1!,5,2026-04-30 19:40:00,39799,39813,39786,39800,39519.7104166667,39599.7104166667,39719.7104166667,39409.7104166667,39319.7104166667,39691.1764343476,39623.1691597059,0.6708942961
2026-04-30 19:49:58,MXF1!,5,2026-04-30 19:45:00,39799,39828,39793,39819,39521.2395833333,39601.2395833333,39721.2395833333,39411.2395833333,39321.2395833333,39696.1891231967,39627.0469981276,0.6889442203
2026-04-30 19:54:59,MXF1!,5,2026-04-30 19:50:00,39820,39830,39796,39805,39522.7052083333,39602.7052083333,39722.7052083333,39412.7052083333,39322.7052083333,39700.4562164047,39630.5708199469,0.6749093075
2026-04-30 20:00:00,MXF1!,5,2026-04-30 19:55:00,39808,39814,39800,39801,39524.140625,39604.140625,39724.140625,39414.140625,39324.140625,39704.399109879,39633.9456551954,0.6706051264
2026-04-30 20:05:01,MXF1!,5,2026-04-30 20:00:00,39801,39822,39788,39810,39525.65625,39605.65625,39725.65625,39415.65625,39325.65625,39708.5403212563,39637.431879845,0.6789657351
2026-04-30 20:09:59,MXF1!,5,2026-04-30 20:05:00,39810,39846,39793,39839,39527.3864583333,39607.3864583333,39727.3864583333,39417.3864583333,39327.3864583333,39713.6563870894,39641.4233277689,0.7068308381
2026-04-30 20:14:59,MXF1!,5,2026-04-30 20:10:00,39840,39866,39827,39856,39529.5375,39609.5375,39729.5375,39419.5375,39329.5375,39719.2384895565,39645.6723707834,0.7229644524
2026-04-30 20:20:00,MXF1!,5,2026-04-30 20:15:00,39854,39888,39852,39879,39531.71875,39611.71875,39731.71875,39421.71875,39331.71875,39725.5036468288,39650.2927198768,0.7449267238
2026-04-30 20:25:01,MXF1!,5,2026-04-30 20:20:00,39876,39895,39867,39879,39533.8989583333,39613.8989583333,39733.8989583333,39423.8989583333,39333.8989583333,39731.523111659,39654.8215769089,0.7444312573
2026-04-30 20:30:05,MXF1!,5,2026-04-30 20:25:00,39880,39895,39873,39880,39536.1052083333,39616.1052083333,39736.1052083333,39426.1052083333,39336.1052083333,39737.3457347312,39659.280555584,0.7449399747
2026-04-30 20:34:59,MXF1!,5,2026-04-30 20:30:00,39880,39889,39844,39850,39538.1552083333,39618.1552083333,39738.1552083333,39428.1552083333,39338.1552083333,39741.7635490555,39663.0571782457,0.7151404013
2026-04-30 20:39:59,MXF1!,5,2026-04-30 20:35:00,39848,39866,39843,39856,39540.3427083333,39620.3427083333,39740.3427083333,39430.3427083333,39340.3427083333,39746.2434098768,39666.8778281814,0.7205800973
2026-04-30 20:45:01,MXF1!,5,2026-04-30 20:40:00,39855,39863,39812,39824,39542.475,39622.475,39742.475,39432.475,39342.475,39749.2926879209,39669.9891583164,0.6887907885
2026-04-30 20:50:00,MXF1!,5,2026-04-30 20:45:00,39823,39870,39819,39864,39544.5333333333,39624.5333333333,39744.5333333333,39434.5333333333,39344.5333333333,39753.7910138848,39673.8309571616,0.7275918863
2026-04-30 20:54:59,MXF1!,5,2026-04-30 20:50:00,39862,39903,39856,39890,39547.2145833333,39627.2145833333,39747.2145833333,39437.2145833333,39347.2145833333,39759.132542752,39678.1115322674,0.7526494543
2026-04-30 21:00:01,MXF1!,5,2026-04-30 20:55:00,39886,39897,39875,39889,39550.2552083333,39630.2552083333,39750.2552083333,39440.2552083333,39350.2552083333,39764.2253842127,39682.2875415294,0.7512037533
2026-04-30 21:04:58,MXF1!,5,2026-04-30 21:00:00,39889,39910,39886,39897,39553.121875,39633.121875,39753.121875,39443.121875,39353.121875,39769.4322318906,39686.5392733803,0.7585948762
2026-04-30 21:10:01,MXF1!,5,2026-04-30 21:05:00,39900,39900,39878,39889,39555.7572916667,39635.7572916667,39755.7572916667,39445.7572916667,39355.7572916667,39774.1211639734,39690.5483966797,0.7502483707
2026-04-30 21:15:04,MXF1!,5,2026-04-30 21:10:00,39888,39890,39846,39854,39558.2510416667,39638.2510416667,39758.2510416667,39448.2510416667,39358.2510416667,39777.253667347,39693.785062092,0.7153249461
2026-04-30 21:19:59,MXF1!,5,2026-04-30 21:15:00,39854,39872,39852,39863,39560.8947916667,39640.8947916667,39760.8947916667,39450.8947916667,39360.8947916667,39780.6162686275,39697.1358529416,0.7237834614
2026-04-30 21:24:59,MXF1!,5,2026-04-30 21:20:00,39861,39866,39836,39839,39563.5229166667,39643.5229166667,39763.5229166667,39453.5229166667,39363.5229166667,39782.9058267205,39699.9450439725,0.6996877183
2026-04-30 21:30:05,MXF1!,5,2026-04-30 21:25:00,39837,39848,39821,39833,39566.1083333333,39646.1083333333,39766.1083333333,39456.1083333333,39366.1083333333,39784.870304104,39702.579795577,0.6933434077
2026-04-30 21:35:03,MXF1!,5,2026-04-30 21:30:00,39833,39833,39738,39762,39568.6697916667,39648.6697916667,39768.6697916667,39458.6697916667,39368.6697916667,39783.9734294333,39703.7564332883,0.6226173584
2026-04-30 21:40:02,MXF1!,5,2026-04-30 21:35:00,39760,39767,39649,39680,39570.7708333333,39650.7708333333,39770.7708333333,39460.7708333333,39370.7708333333,39779.8960400437,39703.2860088668,0.5408713979
2026-04-30 21:45:02,MXF1!,5,2026-04-30 21:40:00,39681,39719,39630,39716,39572.5958333333,39652.5958333333,39772.5958333333,39462.5958333333,39372.5958333333,39777.3903129832,39703.5377710675,0.5762276518
2026-04-30 21:50:03,MXF1!,5,2026-04-30 21:45:00,39714,39720,39651,39683,39574.4208333333,39654.4208333333,39774.4208333333,39464.4208333333,39374.4208333333,39773.6887320819,39703.1310825315,0.5429741658
2026-04-30 21:55:01,MXF1!,5,2026-04-30 21:50:00,39684,39699,39588,39597,39575.953125,39655.953125,39775.953125,39465.953125,39375.953125,39766.7597621963,39701.0294769368,0.4568343708
2026-04-30 22:00:02,MXF1!,5,2026-04-30 21:55:00,39597,39623,39535,39581,39577.290625,39657.290625,39777.290625,39467.290625,39377.290625,39759.4750656396,39698.6526556113,0.4404541558
2026-04-30 22:05:00,MXF1!,5,2026-04-30 22:00:00,39580,39666,39570,39644,39578.9229166667,39658.9229166667,39778.9229166667,39468.9229166667,39378.9229166667,39754.946631693,39697.5704248071,0.5029735204
2026-04-30 22:10:00,MXF1!,5,2026-04-30 22:05:00,39642,39652,39541,39566,39580.2052083333,39660.2052083333,39780.2052083333,39470.2052083333,39380.2052083333,39747.5369598619,39694.9650698604,0.4245433399
2026-04-30 22:15:02,MXF1!,5,2026-04-30 22:10:00,39565,39618,39508,39600,39581.2583333333,39661.2583333333,39781.2583333333,39471.2583333333,39381.2583333333,39741.75119673,39693.0845734276,0.4581965138
2026-04-30 22:19:59,MXF1!,5,2026-04-30 22:15:00,39599,39601,39497,39573,39582.1739583333,39662.1739583333,39782.1739583333,39472.1739583333,39382.1739583333,39735.1335027406,39690.7066610825,0.4307787837
2026-04-30 22:24:59,MXF1!,5,2026-04-30 22:20:00,39570,39644,39564,39621,39583.315625,39663.315625,39783.315625,39473.315625,39383.315625,39730.6576791037,39689.32633116,0.4786028265
2026-04-30 22:30:00,MXF1!,5,2026-04-30 22:25:00,39619,39627,39580,39603,39584.540625,39664.540625,39784.540625,39474.540625,39384.540625,39725.6514956095,39687.6168988598,0.4601470476
2026-04-30 22:34:59,MXF1!,5,2026-04-30 22:30:00,39602,39676,39587,39626,39585.85,39665.85,39785.85,39475.85,39385.85,39721.7435938209,39686.3967622487,0.4828988583
2026-04-30 22:39:59,MXF1!,5,2026-04-30 22:35:00,39625,39638,39550,39553,39586.9479166667,39666.9479166667,39786.9479166667,39476.9479166667,39386.9479166667,39715.1261979847,39683.7552422042,0.4090653176
2026-04-30 22:45:01,MXF1!,5,2026-04-30 22:40:00,39555,39637,39554,39623,39588.1708333333,39668.1708333333,39788.1708333333,39478.1708333333,39388.1708333333,39711.5134059069,39682.5521681012,0.4792201116
2026-04-30 22:49:58,MXF1!,5,2026-04-30 22:45:00,39621,39696,39618,39676,39589.5802083333,39669.5802083333,39789.5802083333,39479.5802083333,39389.5802083333,39710.1207233223,39682.4224221982,0.5322998756
2026-04-30 22:54:57,MXF1!,5,2026-04-30 22:50:00,39675,39748,39670,39732,39591.109375,39671.109375,39791.109375,39481.109375,39391.109375,39710.9787341724,39683.4041564121,0.5884578001
2026-04-30 23:00:01,MXF1!,5,2026-04-30 22:55:00,39732,39794,39729,39778,39592.71875,39672.71875,39792.71875,39482.71875,39392.71875,39713.6070191068,39685.2773414336,0.6345761799
2026-04-30 23:04:57,MXF1!,5,2026-04-30 23:00:00,39780,39845,39775,39803,39594.8697916667,39674.8697916667,39794.8697916667,39484.8697916667,39394.8697916667,39717.1126262007,39687.6084831874,0.6595113111
2026-04-30 23:09:59,MXF1!,5,2026-04-30 23:05:00,39801,39862,39787,39860,39597.346875,39677.346875,39797.346875,39487.346875,39397.346875,39722.7160526242,39691.0221765896,0.7167370489
2026-04-30 23:15:00,MXF1!,5,2026-04-30 23:10:00,39861,39880,39823,39860,39600.1302083333,39680.1302083333,39800.1302083333,39490.1302083333,39400.1302083333,39728.099736835,39694.3682721027,0.7163135433
2026-04-30 23:19:58,MXF1!,5,2026-04-30 23:15:00,39861,39886,39846,39863,39602.8166666667,39682.8166666667,39802.8166666667,39492.8166666667,39402.8166666667,39733.3899432336,39697.7075142393,0.7189759588
2026-04-30 23:24:58,MXF1!,5,2026-04-30 23:20:00,39866,39866,39817,39844,39605.4239583333,39685.4239583333,39805.4239583333,39495.4239583333,39405.4239583333,39737.7275925186,39700.6043951454,0.6994864406
2026-04-30 23:29:59,MXF1!,5,2026-04-30 23:25:00,39841,39865,39820,39848,39608.0979166667,39688.0979166667,39808.0979166667,39498.0979166667,39408.0979166667,39742.0520006551,39703.5231199941,0.7032371741
2026-04-30 23:34:58,MXF1!,5,2026-04-30 23:30:00,39849,39905,39847,39873,39611.184375,39691.184375,39811.184375,39501.184375,39411.184375,39747.1872163157,39706.879097816,0.7281053296
2026-04-30 23:39:59,MXF1!,5,2026-04-30 23:35:00,39868,39868,39817,39834,39613.7989583333,39693.7989583333,39813.7989583333,39503.7989583333,39413.7989583333,39750.5916392053,39709.3963434038,0.6884153638
2026-04-30 23:45:01,MXF1!,5,2026-04-30 23:40:00,39832,39845,39809,39840,39616.515625,39696.515625,39816.515625,39506.515625,39416.515625,39754.0978494325,39711.9825544255,0.6941250947
2026-04-30 23:49:57,MXF1!,5,2026-04-30 23:45:00,39841,39842,39782,39823,39619.2125,39699.2125,39819.2125,39509.2125,39419.2125,39756.7998945528,39714.1809196844,0.676625513
2026-04-30 23:54:57,MXF1!,5,2026-04-30 23:50:00,39824,39861,39820,39856,39621.7770833333,39701.7770833333,39821.7770833333,39511.7770833333,39421.7770833333,39760.6900947664,39716.9892183045,0.7095261435
2026-04-30 23:59:59,MXF1!,5,2026-04-30 23:55:00,39855,39865,39835,39836,39624.1375,39704.1375,39824.1375,39514.1375,39424.1375,39763.6434243834,39719.345867447,0.6890109348
2026-05-01 00:04:59,MXF1!,5,2026-05-01 00:00:00,39838,39844,39795,39826,39626.2833333333,39706.2833333333,39826.2833333333,39516.2833333333,39426.2833333333,39766.08878029,39721.4578304678,0.6786147721
2026-05-01 00:10:00,MXF1!,5,2026-05-01 00:05:00,39823,39859,39823,39837,39628.6291666667,39708.6291666667,39828.6291666667,39518.6291666667,39428.6291666667,39768.8696124355,39723.7457942209,0.689391997
2026-05-01 00:14:57,MXF1!,5,2026-05-01 00:10:00,39836,39880,39834,39874,39630.8885416667,39710.8885416667,39830.8885416667,39520.8885416667,39430.8885416667,39772.9923727321,39726.7211250284,0.7262970703
2026-05-01 00:20:03,MXF1!,5,2026-05-01 00:15:00,39874,39880,39844,39863,39632.8625,39712.8625,39832.8625,39522.8625,39432.8625,39776.5220836054,39729.419716612,0.7148372665
2026-05-01 00:25:02,MXF1!,5,2026-05-01 00:20:00,39867,39877,39856,39858,39634.9,39714.9,39834.9,39524.9,39434.9,39779.717296013,39731.9658608375,0.7094414484
2026-05-01 00:30:05,MXF1!,5,2026-05-01 00:25:00,39857,39870,39840,39864,39636.8729166667,39716.8729166667,39836.8729166667,39526.8729166667,39436.8729166667,39783.0225000909,39734.5803982467,0.7150808768
2026-05-01 00:35:02,MXF1!,5,2026-05-01 00:30:00,39868,39873,39848,39855,39639.1885416667,39719.1885416667,39839.1885416667,39529.1885416667,39439.1885416667,39785.8451471462,39736.9649448161,0.7056356616
2026-05-01 00:40:01,MXF1!,5,2026-05-01 00:35:00,39855,39865,39847,39865,39641.528125,39721.528125,39841.528125,39531.528125,39441.528125,39788.9492590228,39739.5002924435,0.7152824623
2026-05-01 00:45:09,MXF1!,5,2026-05-01 00:40:00,39865,39867,39839,39843,39643.8666666667,39723.8666666667,39843.8666666667,39533.8666666667,39443.8666666667,39791.0688959239,39741.549791603,0.6927374128
2026-05-01 00:50:02,MXF1!,5,2026-05-01 00:45:00,39840,39841,39810,39832,39646.071875,39726.071875,39846.071875,39536.071875,39446.071875,39792.6740372602,39743.3408848386,0.6812866232
2026-05-01 00:55:04,MXF1!,5,2026-05-01 00:50:00,39831,39835,39778,39796,39648.1354166667,39728.1354166667,39848.1354166667,39538.1354166667,39448.1354166667,39792.8044671715,39744.3836395943,0.6447589253
2026-05-01 01:00:11,MXF1!,5,2026-05-01 00:55:00,39796,39814,39778,39804,39650.1197916667,39730.1197916667,39850.1197916667,39540.1197916667,39450.1197916667,39793.2435076746,39745.5641615825,0.6525150043
2026-05-01 01:05:02,MXF1!,5,2026-05-01 01:00:00,39808,39856,39805,39852,39652.2479166667,39732.2479166667,39852.2479166667,39542.2479166667,39452.2479166667,39795.5476838442,39747.6718019472,0.7004382453
2026-05-01 01:10:02,MXF1!,5,2026-05-01 01:05:00,39853,39855,39827,39847,39654.5395833333,39734.5395833333,39854.5395833333,39544.5395833333,39454.5395833333,39797.5654217327,39749.6386969581,0.6950367947
2026-05-01 01:15:01,MXF1!,5,2026-05-01 01:10:00,39845,39864,39841,39854,39657.2958333333,39737.2958333333,39857.2958333333,39547.2958333333,39457.2958333333,39799.7785424491,39751.7052574144,0.7017014684
2026-05-01 01:20:03,MXF1!,5,2026-05-01 01:15:00,39852,39855,39810,39825,39660.365625,39740.365625,39860.365625,39550.365625,39460.365625,39800.7676192158,39753.1566384557,0.6721986446
2026-05-01 01:25:00,MXF1!,5,2026-05-01 01:20:00,39828,39842,39805,39836,39663.0916666667,39743.0916666667,39863.0916666667,39553.0916666667,39463.0916666667,39802.1492812073,39754.7971010605,0.6828787984
2026-05-01 01:30:03,MXF1!,5,2026-05-01 01:25:00,39834,39862,39825,39862,39665.703125,39745.703125,39865.703125,39555.703125,39465.703125,39804.4963682188,39756.9199307425,0.7086144502
2026-05-01 01:35:02,MXF1!,5,2026-05-01 01:30:00,39861,39959,39859,39938,39668.6625,39748.6625,39868.6625,39558.6625,39468.6625,39809.7318047592,39760.5056746882,0.7844704566
2026-05-01 01:40:02,MXF1!,5,2026-05-01 01:35:00,39943,39965,39939,39955,39671.6541666667,39751.6541666667,39871.6541666667,39561.6541666667,39471.6541666667,39815.4285967295,39764.3570474667,0.8009313843
2026-05-01 01:45:12,MXF1!,5,2026-05-01 01:40:00,39956,39960,39939,39952,39674.5729166667,39754.5729166667,39874.5729166667,39564.5729166667,39474.5729166667,39820.7843380342,39768.072749497,0.7973125219
2026-05-01 01:50:01,MXF1!,5,2026-05-01 01:45:00,39951,39978,39941,39943,39677.5708333333,39757.5708333333,39877.5708333333,39567.5708333333,39477.5708333333,39825.5771090917,39771.5366554476,0.7876702179
2026-05-01 01:55:01,MXF1!,5,2026-05-01 01:50:00,39941,39965,39927,39956,39680.5927083333,39760.5927083333,39880.5927083333,39570.5927083333,39480.5927083333,39830.6917322645,39775.1893949437,0.8000647342
2026-05-01 02:00:03,MXF1!,5,2026-05-01 01:55:00,39959,39985,39951,39977,39683.853125,39763.853125,39883.853125,39573.853125,39483.853125,39836.4293113914,39779.1856445488,0.82041288
2026-05-01 02:05:00,MXF1!,5,2026-05-01 02:00:00,39980,40048,39979,40034,39684.75625,39764.75625,39884.75625,39574.75625,39484.75625,39844.1771815329,39784.2314733696,0.8766013765
2026-05-01 02:10:02,MXF1!,5,2026-05-01 02:05:00,40035,40046,40015,40020,39686.1291666667,39766.1291666667,39886.1291666667,39576.1291666667,39486.1291666667,39851.0721940218,39788.9001570652,0.8617365993
2026-05-01 02:15:05,MXF1!,5,2026-05-01 02:10:00,40018,40034,40010,40034,39687.7,39767.7,39887.7,39577.7,39487.7,39858.245833472,39793.7536193015,0.8748271061
2026-05-01 02:20:02,MXF1!,5,2026-05-01 02:15:00,40034,40064,40032,40046,39688.8854166667,39768.8854166667,39888.8854166667,39578.8854166667,39488.8854166667,39865.6087419633,39798.7485971372,0.8858484276
2026-05-01 02:25:03,MXF1!,5,2026-05-01 02:20:00,40047,40058,40034,40037,39690.546875,39770.546875,39890.546875,39580.546875,39490.546875,39872.3299677686,39803.4664466988,0.8759471678
2026-05-01 02:30:04,MXF1!,5,2026-05-01 02:25:00,40036,40041,40022,40036,39692.6,39772.6,39892.6,39582.6,39492.6,39878.7484004051,39808.0710715166,0.8740374825
2026-05-01 02:35:10,MXF1!,5,2026-05-01 02:30:00,40034,40066,40034,40055,39694.8697916667,39774.8697916667,39894.8697916667,39584.8697916667,39494.8697916667,39885.6602278402,39812.9607532688,0.8919678576
2026-05-01 02:40:04,MXF1!,5,2026-05-01 02:35:00,40055,40073,40050,40063,39697.1489583333,39777.1489583333,39897.1489583333,39587.1489583333,39497.1489583333,39892.6147287092,39817.9120254813,0.8989066735
2026-05-01 02:45:04,MXF1!,5,2026-05-01 02:40:00,40060,40065,40044,40060,39699.3552083333,39779.3552083333,39899.3552083333,39589.3552083333,39499.3552083333,39899.1788569952,39822.7058467589,0.8949313023
2026-05-01 02:50:03,MXF1!,5,2026-05-01 02:45:00,40058,40075,40056,40063,39701.2458333333,39781.2458333333,39901.2458333333,39591.2458333333,39501.2458333333,39905.6032155444,39827.4641468231,0.8969056781
2026-05-01 02:55:02,MXF1!,5,2026-05-01 02:50:00,40062,40083,40059,40073,39704.1385416667,39784.1385416667,39904.1385416667,39594.1385416667,39504.1385416667,39912.1677953269,39832.3262429256,0.9058031508
2026-05-01 03:00:03,MXF1!,5,2026-05-01 02:55:00,40072,40077,40053,40060,39706.490625,39786.490625,39906.490625,39596.490625,39506.490625,39917.9651366867,39836.8346341548,0.892023334
2026-05-01 03:05:02,MXF1!,5,2026-05-01 03:00:00,40061,40121,40053,40113,39709.0135416667,39789.0135416667,39909.0135416667,39599.0135416667,39509.0135416667,39925.613562699,39842.3032552606,0.9432073241
2026-05-01 03:10:01,MXF1!,5,2026-05-01 03:05:00,40115,40153,40114,40142,39711.3260416667,39791.3260416667,39911.3260416667,39601.3260416667,39511.3260416667,39934.0993053382,39848.2378442654,0.9704341269
2026-05-01 03:15:05,MXF1!,5,2026-05-01 03:10:00,40145,40166,40139,40152,39713.30625,39793.30625,39913.30625,39603.30625,39513.30625,39942.6444306191,39854.2529364581,0.978811061
2026-05-01 03:20:02,MXF1!,5,2026-05-01 03:15:00,40153,40153,40122,40136,39715.1447916667,39795.1447916667,39915.1447916667,39605.1447916667,39515.1447916667,39950.2270019673,39859.8320862312,0.9617453212
2026-05-01 03:25:07,MXF1!,5,2026-05-01 03:20:00,40137,40138,40108,40127,39717.0354166667,39797.0354166667,39917.0354166667,39607.0354166667,39517.0354166667,39957.1592764,39865.1225399692,0.9516350749
2026-05-01 03:30:00,MXF1!,5,2026-05-01 03:25:00,40125,40145,40121,40132,39718.9927083333,39798.9927083333,39918.9927083333,39608.9927083333,39518.9927083333,39964.0157753647,39870.4072421481,0.9552431581
2026-05-01 03:35:00,MXF1!,5,2026-05-01 03:30:00,40128,40178,40125,40174,39721.121875,39801.121875,39921.121875,39611.121875,39521.121875,39972.2504508406,39876.4189799273,0.9947332423
2026-05-01 03:39:59,MXF1!,5,2026-05-01 03:35:00,40177,40194,40161,40194,39724.01875,39804.01875,39924.01875,39614.01875,39524.01875,39980.9465115919,39882.707712998,1.012681108
2026-05-01 03:45:03,MXF1!,5,2026-05-01 03:40:00,40192,40193,40157,40171,39726.9791666667,39806.9791666667,39926.9791666667,39616.9791666667,39526.9791666667,39988.3995895687,39888.4164711565,0.9889030991
2026-05-01 03:49:59,MXF1!,5,2026-05-01 03:45:00,40174,40220,40170,40220,39730.459375,39810.459375,39930.459375,39620.459375,39530.459375,39997.4819586052,39894.9824816286,1.0349020598
2026-05-01 03:54:59,MXF1!,5,2026-05-01 03:50:00,40220,40230,40189,40230,39733.675,39813.675,39933.675,39623.675,39533.675,40006.6003131698,39901.6164918934,1.0429314351
2026-05-01 04:00:01,MXF1!,5,2026-05-01 03:55:00,40227,40234,40118,40118,39736.8427083333,39816.8427083333,39936.8427083333,39626.8427083333,39536.8427083333,40010.9689283396,39905.9013138361,0.9337201089
2026-05-01 04:04:59,MXF1!,5,2026-05-01 04:00:00,40117,40177,40053,40117,39739.9697916667,39819.9697916667,39939.9697916667,39629.9697916667,39539.9697916667,40015.1270095811,39910.0814858394,0.9317778955
2026-05-01 04:10:00,MXF1!,5,2026-05-01 04:05:00,40125,40138,40106,40131,39743.1802083333,39823.1802083333,39943.1802083333,39633.1802083333,39543.1802083333,40019.6710484211,39914.4561098822,0.9442985749
2026-05-01 04:15:02,MXF1!,5,2026-05-01 04:10:00,40130,40135,40117,40121,39746.4666666667,39826.4666666667,39946.4666666667,39636.4666666667,39546.4666666667,40023.6447327967,39918.5460879043,0.9337691167
2026-05-01 04:19:59,MXF1!,5,2026-05-01 04:15:00,40128,40131,40109,40117,39749.4885416667,39829.4885416667,39949.4885416667,39639.4885416667,39549.4885416667,40027.3057236675,39922.4758683418,0.9290746847
2026-05-01 04:24:59,MXF1!,5,2026-05-01 04:20:00,40119,40152,40112,40143,39752.578125,39832.578125,39952.578125,39642.578125,39552.578125,40031.8427541119,39926.8426828301,0.9530243495
2026-05-01 04:30:00,MXF1!,5,2026-05-01 04:25:00,40142,40142,40123,40124,39755.6604166667,39835.6604166667,39955.6604166667,39645.6604166667,39555.6604166667,40035.4567637545,39930.7467881206,0.9340013799
2026-05-01 04:35:17,MXF1!,5,2026-05-01 04:30:00,40122,40125,40085,40105,39758.7177083333,39838.7177083333,39958.7177083333,39648.7177083333,39558.7177083333,40038.1839494897,39934.1973467717,0.915030047
2026-05-01 04:40:03,MXF1!,5,2026-05-01 04:35:00,40103,40103,40088,40093,39761.6489583333,39841.6489583333,39961.6489583333,39651.6489583333,39561.6489583333,40040.3335985293,39937.3419537663,0.9027432657
2026-05-01 04:45:01,MXF1!,5,2026-05-01 04:40:00,40090,40090,40020,40030,39764.2479166667,39844.2479166667,39964.2479166667,39654.2479166667,39564.2479166667,40039.9283593713,39939.176766563,0.8419724626
2026-05-01 04:50:00,MXF1!,5,2026-05-01 04:45:00,40034,40044,39968,40022,39766.6729166667,39846.6729166667,39966.6729166667,39656.6729166667,39566.6729166667,40039.2252864548,39940.8168305915,0.8338458811
2026-05-01 04:55:00,MXF1!,5,2026-05-01 04:50:00,40020,40026,40007,40020,39768.9177083333,39848.9177083333,39968.9177083333,39658.9177083333,39568.9177083333,40038.4713536526,39942.3848141441,0.8314578704
2026-05-01 05:00:59,MXF1!,5,2026-05-01 04:55:00,40020,40099,40017,40094,39771.4729166667,39851.4729166667,39971.4729166667,39661.4729166667,39571.4729166667,40040.648947627,39945.3870950522,0.9012179113
2026-05-04 08:50:01,MXF1!,5,2026-05-04 08:45:00,40423,40448,40230,40266,39775.084375,39855.084375,39975.084375,39665.084375,39575.084375,40049.4862437985,39951.7358654472,1.0630473083
2026-05-04 08:55:00,MXF1!,5,2026-05-04 08:50:00,40264,40330,40243,40324,39778.721875,39858.721875,39978.721875,39668.721875,39578.721875,40060.2514891397,39959.107432468,1.1156675122
2026-05-04 09:00:01,MXF1!,5,2026-05-04 08:55:00,40323,40364,40277,40279,39782.5791666667,39862.5791666667,39982.5791666667,39672.5791666667,39582.5791666667,40068.8298621147,39965.4419387558,1.0709792735
2026-05-04 09:05:00,MXF1!,5,2026-05-04 09:00:00,40277,40320,40164,40242,39785.9416666667,39865.9416666667,39985.9416666667,39675.9416666667,39585.9416666667,40075.6208479141,39970.9183360081,1.0343006636
2026-05-04 09:10:00,MXF1!,5,2026-05-04 09:05:00,40237,40358,40186,40352,39789.771875,39869.771875,39989.771875,39679.771875,39589.771875,40086.4592460351,39978.4645075723,1.1352131228
2026-05-04 09:15:01,MXF1!,5,2026-05-04 09:10:00,40351,40540,40311,40513,39794.4447916667,39874.4447916667,39994.4447916667,39684.4447916667,39594.4447916667,40103.1863344259,39989.0493688085,1.2816485477
2026-05-04 09:20:00,MXF1!,5,2026-05-04 09:15:00,40516,40565,40460,40478,39799.7072916667,39879.7072916667,39999.7072916667,39689.7072916667,39599.7072916667,40117.8849095464,39998.7315595252,1.2448397903
2026-05-04 09:25:00,MXF1!,5,2026-05-04 09:20:00,40474,40517,40388,40448,39804.815625,39884.815625,40004.815625,39694.815625,39604.815625,40130.8305993681,40007.6279642871,1.213338004
2026-05-04 09:30:03,MXF1!,5,2026-05-04 09:25:00,40446,40483,40306,40338,39809.8208333333,39889.8208333333,40009.8208333333,39699.8208333333,39609.8208333333,40138.954889589,40014.1699847962,1.1091234785
2026-05-04 09:35:03,MXF1!,5,2026-05-04 09:30:00,40339,40425,40287,40377,39815.1364583333,39895.1364583333,40015.1364583333,39705.1364583333,39615.1364583333,40148.2899919581,40021.3547375725,1.1424594254
2026-05-04 09:40:01,MXF1!,5,2026-05-04 09:35:00,40372,40444,40335,40429,39820.778125,39900.778125,40020.778125,39710.778125,39620.778125,40159.2982275675,40029.4269209869,1.1870961142
2026-05-04 09:45:01,MXF1!,5,2026-05-04 09:40:00,40432,40598,40424,40591,39827.278125,39907.278125,40027.278125,39717.278125,39627.278125,40176.2277088394,40040.5471799773,1.3301184807
2026-05-04 09:50:01,MXF1!,5,2026-05-04 09:45:00,40593,40637,40514,40574,39833.646875,39913.646875,40033.646875,39723.646875,39633.646875,40191.8266222182,40051.110602156,1.3094418833
2026-05-04 09:55:00,MXF1!,5,2026-05-04 09:50:00,40575,40629,40536,40604,39840.1645833333,39920.1645833333,40040.1645833333,39730.1645833333,39640.1645833333,40207.990284092,40062.0589070638,1.3310451497
2026-05-04 10:00:01,MXF1!,5,2026-05-04 09:55:00,40607,40660,40604,40636,39846.9166666667,39926.9166666667,40046.9166666667,39736.9166666667,39646.9166666667,40224.7749788335,40073.4240772209,1.3538304196
2026-05-04 10:05:01,MXF1!,5,2026-05-04 10:00:00,40635,40655,40536,40648,39853.425,39933.425,40053.425,39743.425,39653.425,40241.3720384871,40084.801818266,1.3584520349
2026-05-04 10:10:01,MXF1!,5,2026-05-04 10:05:00,40649,40668,40598,40621,39859.8895833333,39939.8895833333,40059.8895833333,39749.8895833333,39659.8895833333,40256.2594095268,40095.419604043,1.3288326379
2026-05-04 10:15:00,MXF1!,5,2026-05-04 10:10:00,40622,40695,40580,40689,39866.09375,39946.09375,40066.09375,39756.09375,39666.09375,40273.2296287611,40107.1736712896,1.3824668542
2026-05-04 10:20:00,MXF1!,5,2026-05-04 10:15:00,40690,40700,40622,40689,39872.4729166667,39952.4729166667,40072.4729166667,39762.4729166667,39672.4729166667,40289.5343492018,40118.6949847294,1.3760381703
2026-05-04 10:25:00,MXF1!,5,2026-05-04 10:20:00,40692,40718,40644,40694,39878.9770833333,39958.9770833333,40078.9770833333,39768.9770833333,39678.9770833333,40305.3957472723,40130.0871632496,1.3740131427
2026-05-04 10:30:00,MXF1!,5,2026-05-04 10:25:00,40694,40730,40684,40695,39886.1604166667,39966.1604166667,40086.1604166667,39776.1604166667,39686.1604166667,40320.6743454185,40141.2735560566,1.3685879993
2026-05-04 10:35:00,MXF1!,5,2026-05-04 10:30:00,40696,40788,40688,40779,39893.428125,39973.428125,40093.428125,39783.428125,39693.428125,40338.6479005002,40153.9018024713,1.4333945944
2026-05-04 10:40:00,MXF1!,5,2026-05-04 10:35:00,40780,40874,40764,40872,39901.1166666667,39981.1166666667,40101.1166666667,39791.1166666667,39701.1166666667,40359.563669108,40168.121568759,1.5036420008
2026-05-04 10:45:00,MXF1!,5,2026-05-04 10:40:00,40870,40905,40846,40854,39909.0197916667,39989.0197916667,40109.0197916667,39799.0197916667,39709.0197916667,40378.953329143,40181.7033198727,1.4795440819
2026-05-04 10:50:01,MXF1!,5,2026-05-04 10:45:00,40853,40930,40838,40892,39916.6166666667,39996.6166666667,40116.6166666667,39806.6166666667,39716.6166666667,40399.0728064315,40195.7686006673,1.5021731393
2026-05-04 10:55:00,MXF1!,5,2026-05-04 10:50:00,40893,40940,40870,40925,39924.2604166667,40004.2604166667,40124.2604166667,39814.2604166667,39724.2604166667,40419.6974022577,40210.2088263967,1.5198513207
2026-05-04 11:00:00,MXF1!,5,2026-05-04 10:55:00,40927,40968,40921,40925,39931.7739583333,40011.7739583333,40131.7739583333,39821.7739583333,39731.7739583333,40439.5131904045,40224.3631070621,1.5101969303
2026-05-04 11:05:01,MXF1!,5,2026-05-04 11:00:00,40924,40970,40895,40964,39939.3395833333,40019.3395833333,40139.3395833333,39829.3395833333,39739.3395833333,40460.0813005847,40239.0093821697,1.5319275713
2026-05-04 11:10:00,MXF1!,5,2026-05-04 11:05:00,40964,40991,40931,40939,39947.0072916667,40027.0072916667,40147.0072916667,39837.0072916667,39747.0072916667,40478.862426052,40252.8705825228,1.5020878278
2026-05-04 11:15:01,MXF1!,5,2026-05-04 11:10:00,40938,40955,40912,40937,39954.4114583333,40034.4114583333,40154.4114583333,39844.4114583333,39754.4114583333,40496.8286054225,40266.4176997006,1.491268889
2026-05-04 11:20:00,MXF1!,5,2026-05-04 11:15:00,40937,40941,40897,40908,39961.55625,40041.55625,40161.55625,39851.55625,39761.55625,40512.9529738373,40279.1222997065,1.4596348978
2026-05-04 11:25:00,MXF1!,5,2026-05-04 11:20:00,40909,40914,40863,40896,39968.6104166667,40048.6104166667,40168.6104166667,39858.6104166667,39768.6104166667,40527.9744258436,40291.3376997123,1.4420995359
2026-05-04 11:30:02,MXF1!,5,2026-05-04 11:25:00,40893,40914,40869,40884,39975.7145833333,40055.7145833333,40175.7145833333,39865.7145833333,39775.7145833333,40541.9362130655,40303.0735868467,1.4250116773
2026-05-04 11:35:00,MXF1!,5,2026-05-04 11:30:00,40883,40909,40869,40888,39982.728125,40062.728125,40182.728125,39872.728125,39782.728125,40555.5073419649,40314.6562880973,1.4206216494
2026-05-04 11:40:03,MXF1!,5,2026-05-04 11:35:00,40889,40909,40881,40895,39989.8625,40069.8625,40189.8625,39879.8625,39789.8625,40568.8207795349,40326.1482427884,1.4186012908
2026-05-04 11:45:00,MXF1!,5,2026-05-04 11:40:00,40896,40950,40885,40942,39996.98125,40076.98125,40196.98125,39886.98125,39796.98125,40583.4552587688,40338.3433270897,1.4467601542
2026-05-04 11:50:02,MXF1!,5,2026-05-04 11:45:00,40946,40965,40928,40945,40004.0364583333,40084.0364583333,40204.0364583333,39894.0364583333,39804.0364583333,40597.6334839151,40350.3563305136,1.4410727993
2026-05-04 11:55:01,MXF1!,5,2026-05-04 11:50:00,40945,40979,40938,40955,40010.959375,40090.959375,40210.959375,39900.959375,39810.959375,40611.6478570949,40362.3294724837,1.4407042655
2026-05-04 12:00:03,MXF1!,5,2026-05-04 11:55:00,40955,40993,40923,40949,40017.8854166667,40097.8854166667,40217.8854166667,39907.8854166667,39817.8854166667,40624.8773528951,40373.9467106523,1.4284854288
2026-05-04 12:05:02,MXF1!,5,2026-05-04 12:00:00,40950,40980,40920,40933,40024.7625,40104.7625,40224.7625,39914.7625,39824.7625,40636.9605939581,40385.0170728176,1.409240235
2026-05-04 12:10:00,MXF1!,5,2026-05-04 12:05:00,40935,40960,40911,40954,40031.7614583333,40111.7614583333,40231.7614583333,39921.7614583333,39831.7614583333,40649.393511842,40396.2840614747,1.4174189689
2026-05-04 12:15:02,MXF1!,5,2026-05-04 12:10:00,40953,40997,40948,40975,40038.7395833333,40118.7395833333,40238.7395833333,39928.7395833333,39838.7395833333,40662.1623937306,40407.7437830296,1.4253193922
2026-05-04 12:20:01,MXF1!,5,2026-05-04 12:15:00,40974,40990,40964,40965,40045.4635416667,40125.4635416667,40245.4635416667,39935.4635416667,39845.4635416667,40674.0383782902,40418.7785596033,1.4106948071
2026-05-04 12:25:01,MXF1!,5,2026-05-04 12:20:00,40964,40989,40955,40963,40052.1489583333,40132.1489583333,40252.1489583333,39942.1489583333,39852.1489583333,40685.3702065925,40429.5552217894,1.4021404345
2026-05-04 12:30:02,MXF1!,5,2026-05-04 12:25:00,40962,40999,40962,40982,40058.7729166667,40138.7729166667,40258.7729166667,39948.7729166667,39858.7729166667,40697.0027475105,40440.494722348,1.4086395863
2026-05-04 12:35:00,MXF1!,5,2026-05-04 12:30:00,40980,41012,40966,41003,40065.4895833333,40145.4895833333,40265.4895833333,39955.4895833333,39865.4895833333,40709.002639765,40451.6334407173,1.4163199069
2026-05-04 12:40:01,MXF1!,5,2026-05-04 12:35:00,41002,41027,40984,41017,40072.4979166667,40152.4979166667,40272.4979166667,39962.4979166667,39872.4979166667,40721.0809676173,40462.8288181289,1.4188583458
2026-05-04 12:45:02,MXF1!,5,2026-05-04 12:40:00,41020,41025,41004,41017,40079.6760416667,40159.6760416667,40279.6760416667,39969.6760416667,39879.6760416667,40732.6856355539,40473.8025048986,1.4119807297
2026-05-04 12:50:00,MXF1!,5,2026-05-04 12:45:00,41018,41021,40976,40976,40086.790625,40166.790625,40286.790625,39976.790625,39886.790625,40742.2273753361,40483.7470097521,1.3769169188
2026-05-04 12:55:00,MXF1!,5,2026-05-04 12:50:00,40976,41006,40966,40976,40093.8010416667,40173.8010416667,40293.8010416667,39983.8010416667,39893.8010416667,40751.3949292445,40493.4945937174,1.3709370119
2026-05-04 13:00:01,MXF1!,5,2026-05-04 12:55:00,40975,41006,40967,40994,40101.04375,40181.04375,40301.04375,39991.04375,39901.04375,40760.9088535878,40503.4055918616,1.3781103221
2026-05-04 13:04:59,MXF1!,5,2026-05-04 13:00:00,40991,40997,40964,40976,40108.19375,40188.19375,40308.19375,39998.19375,39908.19375,40769.343800506,40512.7638969733,1.3601981514
2026-05-04 13:10:01,MXF1!,5,2026-05-04 13:05:00,40977,41017,40971,41015,40115.625,40195.625,40315.625,40005.625,39915.625,40778.9773769567,40522.7091663401,1.381328545
2026-05-04 13:14:58,MXF1!,5,2026-05-04 13:10:00,41012,41013,40967,40979,40122.6833333333,40202.6833333333,40322.6833333333,40012.6833333333,39922.6833333333,40786.8214013898,40531.7446283928,1.3520078103
2026-05-04 13:20:00,MXF1!,5,2026-05-04 13:15:00,40978,41021,40965,40998,40129.2958333333,40209.2958333333,40329.2958333333,40019.2958333333,39929.2958333333,40795.1029150608,40540.9774080286,1.3607951365
2026-05-04 13:24:59,MXF1!,5,2026-05-04 13:20:00,40997,41002,40975,40991,40135.8625,40215.8625,40335.8625,40025.8625,39935.8625,40802.7851536858,40549.8887464835,1.3515622861
2026-05-04 13:30:00,MXF1!,5,2026-05-04 13:25:00,40989,40995,40967,40995,40142.5635416667,40222.5635416667,40342.5635416667,40032.5635416667,39942.5635416667,40810.3229907962,40558.7028307115,1.3501600605
2026-05-04 13:34:58,MXF1!,5,2026-05-04 13:30:00,40993,41016,40979,40999,40149.34375,40229.34375,40349.34375,40039.34375,39949.34375,40817.7220891963,40567.421586539,1.3484987218
2026-05-04 13:39:58,MXF1!,5,2026-05-04 13:35:00,40996,41002,40970,40990,40156.0583333333,40236.0583333333,40356.0583333333,40046.0583333333,39956.0583333333,40824.4780856984,40575.7894759145,1.3379304751
2026-05-04 13:44:58,MXF1!,5,2026-05-04 13:40:00,40992,41074,40988,41041,40163.0052083333,40243.0052083333,40363.0052083333,40053.0052083333,39963.0052083333,40832.9691411613,40585.0015655003,1.366577285
2026-05-04 13:46:58,MXF1!,5,2026-05-04 13:45:00,41042,41042,41042,41042,40164.3864583333,40244.3864583333,40364.3864583333,40054.3864583333,39964.3864583333,40841.1664297432,40594.0510394508,1.3618511777
2026-05-04 15:05:01,MXF1!,5,2026-05-04 15:00:00,40999,40999,40896,40972,40170.7197916667,40250.7197916667,40370.7197916667,40060.7197916667,39970.7197916667,40846.2971579885,40601.5351772835,1.3112686857
2026-05-04 15:10:01,MXF1!,5,2026-05-04 15:05:00,40976,41045,40971,41034,40177.4,40257.4,40377.4,40067.4,39977.4,40853.6580537537,40610.0988371393,1.3469355103
2026-05-04 15:15:01,MXF1!,5,2026-05-04 15:10:00,41035,41065,41021,41051,40184.2885416667,40264.2885416667,40384.2885416667,40074.2885416667,39984.2885416667,40861.3969536065,40618.8295532355,1.3533623642
2026-05-04 15:20:01,MXF1!,5,2026-05-04 15:15:00,41048,41166,41047,41158,40191.5135416667,40271.5135416667,40391.5135416667,40081.5135416667,39991.5135416667,40873.0284456219,40629.5061957457,1.4164574228
2026-05-04 15:25:01,MXF1!,5,2026-05-04 15:20:00,41155,41184,41132,41142,40198.8322916667,40278.8322916667,40398.8322916667,40088.8322916667,39998.8322916667,40883.5763497152,40639.6545879091,1.4005847946
2026-05-04 15:30:02,MXF1!,5,2026-05-04 15:25:00,41141,41150,41110,41143,40205.9291666667,40285.9291666667,40405.9291666667,40095.9291666667,40005.9291666667,40893.7498261969,40649.6218237921,1.3955796716
2026-05-04 15:35:02,MXF1!,5,2026-05-04 15:30:00,41144,41150,41079,41101,40212.8572916667,40292.8572916667,40412.8572916667,40102.8572916667,40012.8572916667,40901.8772839931,40658.5600054992,1.3637010262
2026-05-04 15:40:01,MXF1!,5,2026-05-04 15:35:00,41100,41106,41078,41095,40219.9666666667,40299.9666666667,40419.9666666667,40109.9666666667,40019.9666666667,40909.4507238365,40667.2023816279,1.3546427646
2026-05-04 15:45:01,MXF1!,5,2026-05-04 15:40:00,41096,41112,41078,41101,40227.1072916667,40307.1072916667,40427.1072916667,40117.1072916667,40027.1072916667,40916.9624601567,40675.7924334769,1.3531669812
2026-05-04 15:50:02,MXF1!,5,2026-05-04 15:45:00,41097,41145,41097,41117,40234.475,40314.475,40434.475,40124.475,40034.475,40924.8070695623,40684.5292169724,1.3576686971
2026-05-04 15:55:04,MXF1!,5,2026-05-04 15:50:00,41117,41132,41093,41114,40241.8770833333,40321.8770833333,40441.8770833333,40131.8770833333,40041.8770833333,40932.2264001677,40693.0335889135,1.3505273163
2026-05-04 16:00:02,MXF1!,5,2026-05-04 15:55:00,41112,41115,41078,41081,40249.0760416667,40329.0760416667,40449.0760416667,40139.0760416667,40049.0760416667,40938.0606589846,40700.7160921034,1.3250487475
2026-05-04 16:05:01,MXF1!,5,2026-05-04 16:00:00,41082,41091,41040,41046,40255.9854166667,40335.9854166667,40455.9854166667,40145.9854166667,40055.9854166667,40942.2935743186,40707.5533972102,1.2989296558
2026-05-04 16:09:59,MXF1!,5,2026-05-04 16:05:00,41044,41055,41009,41054,40262.6947916667,40342.6947916667,40462.6947916667,40152.6947916667,40062.6947916667,40946.6742184629,40714.4137259784,1.2993159725
2026-05-04 16:15:00,MXF1!,5,2026-05-04 16:10:00,41050,41079,41038,41075,40269.4604166667,40349.4604166667,40469.4604166667,40159.4604166667,40069.4604166667,40951.7066020526,40721.5540482362,1.3074141147
2026-05-04 16:20:00,MXF1!,5,2026-05-04 16:15:00,41075,41080,41041,41051,40276.0770833333,40356.0770833333,40476.0770833333,40166.0770833333,40076.0770833333,40955.6004607957,40728.0777304493,1.2883833087
2026-05-04 16:25:00,MXF1!,5,2026-05-04 16:20:00,41049,41064,41041,41056,40282.6,40362.6,40482.6,40172.6,40082.6,40959.5376976272,40734.5712407375,1.2871581222
2026-05-04 16:29:59,MXF1!,5,2026-05-04 16:25:00,41057,41095,41057,41085,40289.0927083333,40369.0927083333,40489.0927083333,40179.0927083333,40089.0927083333,40964.4577879163,40741.5104240892,1.3000741266
2026-05-04 16:34:59,MXF1!,5,2026-05-04 16:30:00,41084,41103,41083,41100,40295.734375,40375.734375,40495.734375,40185.734375,40095.734375,40969.7731687824,40748.6092275726,1.3044674835
2026-05-04 16:40:00,MXF1!,5,2026-05-04 16:35:00,41100,41116,41092,41110,40302.484375,40382.484375,40502.484375,40192.484375,40102.484375,40975.2722602027,40755.7654804919,1.305927405
2026-05-04 16:45:03,MXF1!,5,2026-05-04 16:40:00,41110,41119,41094,41095,40309.265625,40389.265625,40509.265625,40199.265625,40109.265625,40979.9674656849,40762.4829957297,1.2927472312
2026-05-04 16:49:59,MXF1!,5,2026-05-04 16:45:00,41095,41106,41090,41100,40315.9614583333,40395.9614583333,40515.9614583333,40205.9614583333,40115.9614583333,40984.6746238933,40769.1665007648,1.2915478459
2026-05-04 16:55:01,MXF1!,5,2026-05-04 16:50:00,41097,41101,41079,41087,40322.6604166667,40402.6604166667,40522.6604166667,40212.6604166667,40122.6604166667,40988.6873837407,40775.4602334229,1.2799235993
2026-05-04 17:00:01,MXF1!,5,2026-05-04 16:55:00,41087,41103,41083,41083,40329.3447916667,40409.3447916667,40529.3447916667,40219.3447916667,40129.3447916667,40992.3859177116,40781.5501297908,1.2737540507
2026-05-04 17:05:02,MXF1!,5,2026-05-04 17:00:00,41082,41102,41069,41099,40336.0385416667,40416.0385416667,40536.0385416667,40226.0385416667,40136.0385416667,40996.5668621151,40787.8362658345,1.2792707008
2026-05-04 17:10:12,MXF1!,5,2026-05-04 17:05:00,41101,41102,41084,41084,40342.609375,40422.609375,40542.609375,40232.609375,40142.609375,40999.9956126204,40793.7008942338,1.2668358694
2026-05-04 17:15:07,MXF1!,5,2026-05-04 17:10:00,41087,41110,41085,41106,40349.0822916667,40429.0822916667,40549.0822916667,40239.0822916667,40149.0822916667,41004.1526474196,40799.8850349421,1.2755660078
2026-05-04 17:19:59,MXF1!,5,2026-05-04 17:15:00,41103,41113,41085,41088,40355.4177083333,40435.4177083333,40555.4177083333,40245.4177083333,40155.4177083333,41007.4407788933,40805.5902817749,1.2613508513
2026-05-04 17:24:59,MXF1!,5,2026-05-04 17:20:00,41088,41094,41058,41062,40361.6416666667,40441.6416666667,40561.6416666667,40251.6416666667,40161.6416666667,41009.5803561916,40810.6677019378,1.2428504393
2026-05-04 17:29:59,MXF1!,5,2026-05-04 17:25:00,41065,41074,41044,41065,40367.7989583333,40447.7989583333,40567.7989583333,40257.7989583333,40167.7989583333,41011.7536755567,40815.7039850677,1.2410172531
2026-05-04 17:35:02,MXF1!,5,2026-05-04 17:30:00,41063,41075,41048,41073,40374.0833333333,40454.0833333333,40574.0833333333,40264.0833333333,40174.0833333333,41014.1554922015,40820.7989556604,1.2420634133
2026-05-04 17:40:02,MXF1!,5,2026-05-04 17:35:00,41073,41092,41073,41075,40380.4791666667,40460.4791666667,40580.4791666667,40270.4791666667,40180.4791666667,41016.5415513308,40825.8326397068,1.2397143414
2026-05-04 17:45:08,MXF1!,5,2026-05-04 17:40:00,41076,41076,41057,41061,40386.846875,40466.846875,40586.846875,40276.846875,40186.846875,41018.2850199061,40830.4894191185,1.228501678
2026-05-04 17:49:59,MXF1!,5,2026-05-04 17:45:00,41058,41069,41046,41069,40393.1,40473.1,40593.1,40283.1,40193.1,41020.2738426549,40835.2124009181,1.2296108079
2026-05-04 17:54:58,MXF1!,5,2026-05-04 17:50:00,41068,41088,41065,41086,40399.2958333333,40479.2958333333,40599.2958333333,40289.2958333333,40199.2958333333,41022.8513390214,40840.1784919891,1.2356618505
2026-05-04 18:00:02,MXF1!,5,2026-05-04 17:55:00,41087,41094,41040,41042,40405.4114583333,40485.4114583333,40605.4114583333,40295.4114583333,40205.4114583333,41023.6022669029,40844.1749574942,1.2080246707
2026-05-04 18:05:01,MXF1!,5,2026-05-04 18:00:00,41047,41051,40764,40814,40410.8677083333,40490.8677083333,40610.8677083333,40300.8677083333,40210.8677083333,41015.3825701616,40843.5774335835,1.0798436325
2026-05-04 18:10:01,MXF1!,5,2026-05-04 18:05:00,40814,40836,40600,40655,40414.940625,40494.940625,40614.940625,40304.940625,40214.940625,41001.2499203513,40839.8432269778,0.9907326715
2026-05-04 18:15:03,MXF1!,5,2026-05-04 18:10:00,40657,40685,40577,40669,40419.1104166667,40499.1104166667,40619.1104166667,40309.1104166667,40219.1104166667,40988.2205117101,40836.4601927803,0.9972606241
2026-05-04 18:20:00,MXF1!,5,2026-05-04 18:15:00,40667,40709,40559,40606,40423.071875,40503.071875,40623.071875,40313.071875,40223.071875,40973.2314720352,40831.8966246064,0.9615454591
2026-05-04 18:25:01,MXF1!,5,2026-05-04 18:20:00,40605,40664,40546,40654,40427.0479166667,40507.0479166667,40627.0479166667,40317.0479166667,40227.0479166667,40960.7125907789,40828.3739191686,0.9867523476
2026-05-04 18:30:01,MXF1!,5,2026-05-04 18:25:00,40655,40766,40654,40749,40431.7677083333,40511.7677083333,40631.7677083333,40321.7677083333,40231.7677083333,40952.4101362386,40826.802158393,1.0373600752
2026-05-04 18:34:59,MXF1!,5,2026-05-04 18:30:00,40748,40895,40737,40870,40437.1572916667,40517.1572916667,40637.1572916667,40327.1572916667,40237.1572916667,40949.17836619,40827.6575611971,1.1013854811
2026-05-04 18:39:59,MXF1!,5,2026-05-04 18:35:00,40871,40936,40863,40872,40443.3270833333,40523.3270833333,40643.3270833333,40333.3270833333,40243.3270833333,40946.1517635943,40828.5356292922,1.1001451121
2026-05-04 18:45:03,MXF1!,5,2026-05-04 18:40:00,40868,40894,40857,40869,40449.45625,40529.45625,40649.45625,40339.45625,40249.45625,40943.1262042377,40829.3369039597,1.0962004551
2026-05-04 18:50:02,MXF1!,5,2026-05-04 18:45:00,40873,40926,40860,40918,40455.7447916667,40535.7447916667,40655.7447916667,40345.7447916667,40255.7447916667,40942.140862895,40831.0926088318,1.1202532222
2026-05-04 18:55:02,MXF1!,5,2026-05-04 18:50:00,40918,40961,40888,40922,40462.575,40542.575,40662.575,40352.575,40262.575,40941.3510251344,40832.8927551916,1.1198500473
2026-05-04 19:00:02,MXF1!,5,2026-05-04 18:55:00,40924,40928,40890,40902,40469.4614583333,40549.4614583333,40669.4614583333,40359.4614583333,40269.4614583333,40939.8078476782,40834.2612154848,1.1065854677
2026-05-04 19:05:01,MXF1!,5,2026-05-04 19:00:00,40905,40975,40888,40917,40476.1614583333,40556.1614583333,40676.1614583333,40366.1614583333,40276.1614583333,40938.913422279,40835.8996072574,1.1121350593
2026-05-04 19:10:00,MXF1!,5,2026-05-04 19:05:00,40910,40940,40891,40940,40483.19375,40563.19375,40683.19375,40373.19375,40283.19375,40938.95603317,40837.9610011731,1.1218386306
2026-05-04 19:15:00,MXF1!,5,2026-05-04 19:10:00,40940,40975,40922,40951,40490.315625,40570.315625,40690.315625,40380.315625,40290.315625,40939.4283455947,40840.1993971894,1.1250708669
2026-05-04 19:20:03,MXF1!,5,2026-05-04 19:15:00,40952,40988,40951,40955,40497.6760416667,40577.6760416667,40697.6760416667,40387.6760416667,40297.6760416667,40940.0389987087,40842.472676453,1.1245240314
2026-05-04 19:25:00,MXF1!,5,2026-05-04 19:20:00,40957,40976,40950,40952,40504.709375,40584.709375,40704.709375,40394.709375,40304.709375,40940.5080575828,40844.641534345,1.1203083293
2026-05-04 19:30:00,MXF1!,5,2026-05-04 19:25:00,40951,40951,40932,40934,40511.6729166667,40591.6729166667,40711.6729166667,40401.6729166667,40311.6729166667,40940.2528396384,40846.4110089125,1.1083093619
2026-05-04 19:34:59,MXF1!,5,2026-05-04 19:30:00,40934,40941,40905,40915,40518.359375,40598.359375,40718.359375,40408.359375,40318.359375,40939.2625322016,40847.7692067558,1.0959328805
2026-05-04 19:40:02,MXF1!,5,2026-05-04 19:35:00,40917,40923,40826,40884,40525.2135416667,40605.2135416667,40725.2135416667,40415.2135416667,40325.2135416667,40937.0953740761,40848.4866482062,1.0774449058
2026-05-04 19:45:00,MXF1!,5,2026-05-04 19:40:00,40881,40917,40861,40897,40531.8875,40611.8875,40731.8875,40421.8875,40331.8875,40935.5230064652,40849.4473086377,1.0820490337
2026-05-04 19:50:01,MXF1!,5,2026-05-04 19:45:00,40899,40900,40875,40883,40538.1489583333,40618.1489583333,40738.1489583333,40428.1489583333,40338.1489583333,40933.4632807215,40850.1117183677,1.0725614637
2026-05-04 19:55:00,MXF1!,5,2026-05-04 19:50:00,40882,40953,40870,40948,40544.2916666667,40624.2916666667,40744.2916666667,40434.2916666667,40344.2916666667,40934.0333481442,40852.0501001822,1.1040120898
2026-05-04 20:00:01,MXF1!,5,2026-05-04 19:55:00,40950,40958,40926,40935,40550.3802083333,40630.3802083333,40750.3802083333,40440.3802083333,40350.3802083333,40934.0712560601,40853.6926724558,1.0948476999
2026-05-04 20:05:02,MXF1!,5,2026-05-04 20:00:00,40937,40981,40937,40962,40556.3947916667,40636.3947916667,40756.3947916667,40446.3947916667,40356.3947916667,40935.1665009205,40855.8373720111,1.1063300452
2026-05-04 20:10:01,MXF1!,5,2026-05-04 20:05:00,40961,40967,40943,40955,40562.1864583333,40642.1864583333,40762.1864583333,40452.1864583333,40362.1864583333,40935.9442851981,40857.8009884069,1.1002614576
2026-05-04 20:15:00,MXF1!,5,2026-05-04 20:10:00,40954,40967,40944,40947,40567.8958333333,40647.8958333333,40767.8958333333,40457.8958333333,40367.8958333333,40936.3778426413,40859.5673054682,1.0937704428
2026-05-04 20:20:00,MXF1!,5,2026-05-04 20:15:00,40945,41028,40931,41017,40573.7677083333,40653.7677083333,40773.7677083333,40463.7677083333,40373.7677083333,40939.5394958711,40862.6847845678,1.1270497773
2026-05-04 20:25:01,MXF1!,5,2026-05-04 20:20:00,41017,41044,41001,41030,40579.91875,40659.91875,40779.91875,40469.91875,40379.91875,40943.0869666212,40865.9979571506,1.1309622858
2026-05-04 20:30:01,MXF1!,5,2026-05-04 20:25:00,41030,41037,41010,41011,40585.9916666667,40665.9916666667,40785.9916666667,40475.9916666667,40385.9916666667,40945.7502228322,40868.8692847318,1.1186552153
2026-05-04 20:34:59,MXF1!,5,2026-05-04 20:30:00,41010,41015,40969,40972,40591.821875,40671.821875,40791.821875,40481.821875,40391.821875,40946.7796258584,40870.9114771134,1.0964295337
2026-05-04 20:40:00,MXF1!,5,2026-05-04 20:35:00,40970,41003,40950,40981,40597.7625,40677.7625,40797.7625,40487.7625,40397.7625,40948.1216013149,40873.0914478636,1.0986295342
2026-05-04 20:45:00,MXF1!,5,2026-05-04 20:40:00,40982,40995,40946,40964,40603.7083333333,40683.7083333333,40803.7083333333,40493.7083333333,40403.7083333333,40948.7442836163,40874.8916172128,1.087766341
2026-05-04 20:50:01,MXF1!,5,2026-05-04 20:45:00,40961,40964,40930,40939,40609.5635416667,40689.5635416667,40809.5635416667,40499.5635416667,40409.5635416667,40948.362154847,40876.1610901393,1.0730254654
2026-05-04 20:54:59,MXF1!,5,2026-05-04 20:50:00,40936,40949,40918,40934,40615.2447916667,40695.2447916667,40815.2447916667,40505.2447916667,40415.2447916667,40947.7989330883,40877.306415087,1.0684366328
2026-05-04 21:00:02,MXF1!,5,2026-05-04 20:55:00,40930,40966,40890,40911,40620.946875,40700.946875,40820.946875,40510.946875,40420.946875,40946.3558376731,40877.9736147883,1.0549375799
2026-05-04 21:05:01,MXF1!,5,2026-05-04 21:00:00,40911,40911,40805,40878,40626.3895833333,40706.3895833333,40826.3895833333,40516.3895833333,40426.3895833333,40943.6752165879,40877.9741372677,1.0366147076
2026-05-04 21:10:00,MXF1!,5,2026-05-04 21:05:00,40881,40940,40875,40940,40631.909375,40711.909375,40831.909375,40521.909375,40431.909375,40943.5310904472,40879.2023721733,1.0655016523
2026-05-04 21:15:00,MXF1!,5,2026-05-04 21:10:00,40937,40988,40890,40897,40637.3770833333,40717.3770833333,40837.3770833333,40527.3770833333,40437.3770833333,40941.7063418022,40879.5548004471,1.0422184511
2026-05-04 21:20:03,MXF1!,5,2026-05-04 21:15:00,40893,40914,40880,40883,40642.7760416667,40722.7760416667,40842.7760416667,40532.7760416667,40442.7760416667,40939.4041323197,40879.6230222204,1.0335070446
2026-05-04 21:25:00,MXF1!,5,2026-05-04 21:20:00,40885,40895,40861,40886,40648.0989583333,40728.0989583333,40848.0989583333,40538.0989583333,40448.0989583333,40937.3098526209,40879.7492990081,1.0332895631
2026-05-04 21:30:01,MXF1!,5,2026-05-04 21:25:00,40887,40926,40873,40926,40653.5208333333,40733.5208333333,40853.5208333333,40543.5208333333,40453.5208333333,40936.8663289887,40880.6651544733,1.0511996095
2026-05-04 21:35:02,MXF1!,5,2026-05-04 21:30:00,40926,40964,40863,40952,40659.0020833333,40739.0020833333,40859.0020833333,40549.0020833333,40459.0020833333,40937.4598062833,40882.0777256719,1.0620366043
2026-05-04 21:40:01,MXF1!,5,2026-05-04 21:35:00,40955,41010,40936,40973,40664.7895833333,40744.7895833333,40864.7895833333,40554.7895833333,40464.7895833333,40938.8535393702,40883.8781667477,1.0702987211
2026-05-04 21:45:04,MXF1!,5,2026-05-04 21:40:00,40971,41048,40950,41015,40670.8083333333,40750.8083333333,40870.8083333333,40560.8083333333,40470.8083333333,40941.8396750812,40886.4746386933,1.0886773792
2026-05-04 21:50:02,MXF1!,5,2026-05-04 21:45:00,41011,41030,40970,40985,40676.9145833333,40756.9145833333,40876.9145833333,40566.9145833333,40476.9145833333,40943.5322368427,40888.4256359469,1.0719079946
2026-05-04 21:55:02,MXF1!,5,2026-05-04 21:50:00,40984,41012,40938,40982,40683.146875,40763.146875,40883.146875,40573.146875,40483.146875,40945.0407765744,40890.2785936509,1.0683716506
2026-05-04 22:00:02,MXF1!,5,2026-05-04 21:55:00,40985,41023,40949,41022,40689.371875,40769.371875,40889.371875,40579.371875,40489.371875,40948.0587853362,40892.8869383311,1.0856138313
2026-05-04 22:05:01,MXF1!,5,2026-05-04 22:00:00,41017,41050,41004,41028,40695.515625,40775.515625,40895.515625,40585.515625,40495.515625,40951.1937349308,40895.5624445027,1.086293665
2026-05-04 22:10:02,MXF1!,5,2026-05-04 22:05:00,41024,41050,40962,40986,40701.6,40781.6,40901.6,40591.6,40501.6,40952.5586865022,40897.3532871858,1.0639562263
2026-05-04 22:15:05,MXF1!,5,2026-05-04 22:10:00,40988,41085,40975,41042,40707.8270833333,40787.8270833333,40907.8270833333,40597.8270833333,40507.8270833333,40956.0661889923,40900.2175785287,1.0887496031
2026-05-04 22:20:03,MXF1!,5,2026-05-04 22:15:00,41041,41065,41013,41060,40714.18125,40794.18125,40914.18125,40604.18125,40514.18125,40960.1420247181,40903.3815868747,1.0951049505
2026-05-04 22:25:00,MXF1!,5,2026-05-04 22:20:00,41062,41107,41054,41080,40720.6989583333,40800.6989583333,40920.6989583333,40610.6989583333,40520.6989583333,40964.8423374742,40906.878981194,1.1023320414
2026-05-04 22:30:01,MXF1!,5,2026-05-04 22:25:00,41077,41077,40988,40996,40726.8833333333,40806.8833333333,40926.8833333333,40616.8833333333,40526.8833333333,40966.0642065929,40908.6437538436,1.0601856929
2026-05-04 22:35:01,MXF1!,5,2026-05-04 22:30:00,40994,41027,40975,40993,40732.440625,40812.440625,40932.440625,40622.440625,40532.440625,40967.1205122167,40910.3141745596,1.0568461848
2026-05-04 22:40:00,MXF1!,5,2026-05-04 22:35:00,40990,41011,40976,40981,40737.8885416667,40817.8885416667,40937.8885416667,40627.8885416667,40537.8885416667,40967.6648058552,40911.7138938752,1.0492837888
2026-05-04 22:45:02,MXF1!,5,2026-05-04 22:40:00,40981,41031,40980,41012,40743.3958333333,40823.3958333333,40943.3958333333,40633.3958333333,40543.3958333333,40969.4034409197,40913.6997573628,1.0620731484
2026-05-04 22:50:01,MXF1!,5,2026-05-04 22:45:00,41018,41035,40987,40992,40748.9270833333,40828.9270833333,40948.9270833333,40638.9270833333,40548.9270833333,40970.2895804915,40915.250257217,1.0507585712
2026-05-04 22:55:00,MXF1!,5,2026-05-04 22:50:00,40990,40996,40930,40953,40754.2708333333,40834.2708333333,40954.2708333333,40644.2708333333,40554.2708333333,40969.6115577271,40915.9977768761,1.0306552806
2026-05-04 23:00:02,MXF1!,5,2026-05-04 22:55:00,40955,40964,40860,40877,40759.1041666667,40839.1041666667,40959.1041666667,40649.1041666667,40559.1041666667,40965.9797319339,40915.2255436706,0.9934399458
2026-05-04 23:05:02,MXF1!,5,2026-05-04 23:00:00,40877,40930,40821,40883,40763.6020833333,40843.6020833333,40963.6020833333,40653.6020833333,40563.6020833333,40962.7256247993,40914.587414093,0.9948519795
2026-05-04 23:10:02,MXF1!,5,2026-05-04 23:05:00,40881,40907,40861,40886,40768.09375,40848.09375,40968.09375,40658.09375,40568.09375,40959.7167767679,40914.0213266852,0.9948521012
2026-05-04 23:15:03,MXF1!,5,2026-05-04 23:10:00,40886,40903,40815,40838,40772.4958333333,40852.4958333333,40972.4958333333,40662.4958333333,40572.4958333333,40954.9435698358,40912.5159538796,0.9711201617
2026-05-04 23:20:02,MXF1!,5,2026-05-04 23:15:00,40836,40872,40737,40757,40776.5229166667,40856.5229166667,40976.5229166667,40666.5229166667,40576.5229166667,40947.1810769011,40909.4364300404,0.9322370199
2026-05-04 23:25:02,MXF1!,5,2026-05-04 23:20:00,40754,40770,40644,40692,40780.0052083333,40860.0052083333,40980.0052083333,40670.0052083333,40580.0052083333,40937.1739758462,40905.1307581584,0.9010455289
2026-05-04 23:30:02,MXF1!,5,2026-05-04 23:25:00,40692,40788,40685,40756,40783.7645833333,40863.7645833333,40983.7645833333,40673.7645833333,40583.7645833333,40930.0691140483,40902.1776738384,0.9299136986
2026-05-04 23:35:02,MXF1!,5,2026-05-04 23:30:00,40760,40761,40681,40726,40787.2625,40867.2625,40987.2625,40677.2625,40587.2625,40922.0664036934,40898.6890070297,0.9150325231
2026-05-04 23:40:01,MXF1!,5,2026-05-04 23:35:00,40729,40758,40683,40717,40790.6322916667,40870.6322916667,40990.6322916667,40680.6322916667,40590.6322916667,40914.0245839408,40895.0912049103,0.9099651216
2026-05-04 23:45:02,MXF1!,5,2026-05-04 23:40:00,40715,40753,40669,40742,40794.10625,40874.10625,40994.10625,40684.10625,40594.10625,40907.2785218254,40892.0596959022,0.920627438
2026-05-04 23:50:01,MXF1!,5,2026-05-04 23:45:00,40739,40768,40704,40712,40797.5677083333,40877.5677083333,40997.5677083333,40687.5677083333,40597.5677083333,40899.6205405774,40888.4941573695,0.9058329264
2026-05-04 23:55:01,MXF1!,5,2026-05-04 23:50:00,40711,40752,40659,40730,40800.8729166667,40880.8729166667,41000.8729166667,40690.8729166667,40600.8729166667,40892.9687546724,40885.3556592038,0.9132513058
2026-05-05 00:00:03,MXF1!,5,2026-05-04 23:55:00,40733,40753,40701,40704,40804.2895833333,40884.2895833333,41004.2895833333,40694.2895833333,40604.2895833333,40885.5582152735,40881.7644580314,0.9003548548
2026-05-05 00:05:02,MXF1!,5,2026-05-05 00:00:00,40707,40721,40675,40706,40807.3854166667,40887.3854166667,41007.3854166667,40697.3854166667,40607.3854166667,40878.5167166353,40878.283973714,0.9004234544
2026-05-05 00:10:01,MXF1!,5,2026-05-05 00:05:00,40706,40711,40595,40650,40810.0947916667,40890.0947916667,41010.0947916667,40700.0947916667,40610.0947916667,40869.5552767672,40873.7634989869,0.8738389012
2026-05-05 00:15:03,MXF1!,5,2026-05-05 00:10:00,40647,40649,40593,40611,40812.6041666667,40892.6041666667,41012.6041666667,40702.6041666667,40612.6041666667,40859.4158541489,40868.5602613832,0.8551844511
2026-05-05 00:20:01,MXF1!,5,2026-05-05 00:15:00,40608,40764,40582,40710,40815.3427083333,40895.3427083333,41015.3427083333,40705.3427083333,40615.3427083333,40853.5564088882,40865.4204542271,0.8998757261
2026-05-05 00:25:02,MXF1!,5,2026-05-05 00:20:00,40712,40743,40709,40719,40818.4385416667,40898.4385416667,41018.4385416667,40708.4385416667,40618.4385416667,40848.279686971,40862.5210392919,0.9031067538
2026-05-05 00:30:10,MXF1!,5,2026-05-05 00:25:00,40720,40755,40697,40715,40821.4864583333,40901.4864583333,41021.4864583333,40711.4864583333,40621.4864583333,40843.05303258,40859.5998305931,0.9003606093
2026-05-05 00:35:03,MXF1!,5,2026-05-05 00:30:00,40714,40755,40705,40749,40824.45625,40904.45625,41024.45625,40714.45625,40624.45625,40839.3646783611,40857.4097349378,0.9149608986
2026-05-05 00:40:03,MXF1!,5,2026-05-05 00:35:00,40750,40757,40670,40673,40827.2260416667,40907.2260416667,41027.2260416667,40717.2260416667,40627.2260416667,40832.8405733274,40853.7580570182,0.8793659495
2026-05-05 00:45:00,MXF1!,5,2026-05-05 00:40:00,40674,40704,40670,40680,40829.9,40909.9,41029.9,40719.9,40629.9,40826.8468253538,40850.3173034139,0.8817545832
2026-05-05 00:50:01,MXF1!,5,2026-05-05 00:45:00,40677,40700,40667,40700,40832.4489583333,40912.4489583333,41032.4489583333,40722.4489583333,40632.4489583333,40821.8724400458,40847.3407231483,0.8900090023
2026-05-05 00:55:01,MXF1!,5,2026-05-05 00:50:00,40698,40702,40660,40685,40834.8916666667,40914.8916666667,41034.8916666667,40724.8916666667,40634.8916666667,40816.5048933773,40844.1260553632,0.8823135659
2026-05-05 01:00:04,MXF1!,5,2026-05-05 00:55:00,40685,40698,40671,40685,40837.478125,40917.478125,41037.478125,40727.478125,40637.478125,40811.3478387351,40840.9750443659,0.8814698374
2026-05-05 01:05:00,MXF1!,5,2026-05-05 01:00:00,40691,40769,40681,40768,40840.6708333333,40920.6708333333,41040.6708333333,40730.6708333333,40640.6708333333,40809.6479234905,40839.5299939824,0.9182158963
2026-05-05 01:10:06,MXF1!,5,2026-05-05 01:05:00,40768,40788,40752,40760,40843.9916666667,40923.9916666667,41043.9916666667,40733.9916666667,40643.9916666667,40807.7009460988,40837.9551426164,0.9135800476
2026-05-05 01:15:02,MXF1!,5,2026-05-05 01:10:00,40765,40766,40725,40749,40847.2427083333,40927.2427083333,41047.2427083333,40737.2427083333,40647.2427083333,40805.3989482125,40836.1936546438,0.9076063548
2026-05-05 01:20:01,MXF1!,5,2026-05-05 01:15:00,40746,40836,40738,40827,40850.6927083333,40930.6927083333,41050.6927083333,40740.6927083333,40650.6927083333,40806.2460482826,40836.0116020766,0.9417964002
2026-05-05 01:25:01,MXF1!,5,2026-05-05 01:20:00,40828,40842,40808,40816,40854.2145833333,40934.2145833333,41054.2145833333,40744.2145833333,40654.2145833333,40806.6285561931,40835.6153327286,0.9356685853
2026-05-05 01:30:04,MXF1!,5,2026-05-05 01:25:00,40817,40845,40808,40831,40857.8708333333,40937.8708333333,41057.8708333333,40747.8708333333,40657.8708333333,40807.5842990875,40835.5239400013,0.941246285
2026-05-05 01:35:03,MXF1!,5,2026-05-05 01:30:00,40831,40846,40792,40792,40861.6041666667,40941.6041666667,41061.6041666667,40751.6041666667,40661.6041666667,40806.9731501037,40834.6620798032,0.9225292293
2026-05-05 01:40:01,MXF1!,5,2026-05-05 01:35:00,40793,40796,40764,40788,40865.20625,40945.20625,41065.20625,40755.20625,40665.20625,40806.2291050016,40833.738078223,0.9195967622
2026-05-05 01:45:04,MXF1!,5,2026-05-05 01:40:00,40789,40799,40767,40791,40869.096875,40949.096875,41069.096875,40759.096875,40669.096875,40805.6318851976,40832.8917796443,0.9198223779
2026-05-05 01:50:05,MXF1!,5,2026-05-05 01:45:00,40793,40796,40777,40789,40873.0760416667,40953.0760416667,41073.0760416667,40763.0760416667,40673.0760416667,40804.9796544055,40832.0226354929,0.9178320658
2026-05-05 01:55:01,MXF1!,5,2026-05-05 01:50:00,40787,40806,40782,40782,40877.0864583333,40957.0864583333,41077.0864583333,40767.0864583333,40677.0864583333,40804.0784914877,40831.0320882554,0.9136225412
2026-05-05 02:00:07,MXF1!,5,2026-05-05 01:55:00,40781,40794,40777,40777,40880.5197916667,40960.5197916667,41080.5197916667,40770.5197916667,40680.5197916667,40803.0165898607,40829.9621459137,0.9103209879
2026-05-05 02:05:04,MXF1!,5,2026-05-05 02:00:00,40775,40799,40772,40787,40883.1625,40963.1625,41083.1625,40773.1625,40683.1625,40802.3884882975,40829.1114103511,0.913717686
2026-05-05 02:10:02,MXF1!,5,2026-05-05 02:05:00,40790,40794,40763,40766,40885.58125,40965.58125,41085.58125,40775.58125,40685.58125,40800.9614887565,40827.8616794531,0.9033066697
2026-05-05 02:15:08,MXF1!,5,2026-05-05 02:10:00,40764,40778,40753,40764,40888.0197916667,40968.0197916667,41088.0197916667,40778.0197916667,40688.0197916667,40799.5120186091,40826.5970917411,0.9013882204
2026-05-05 02:20:02,MXF1!,5,2026-05-05 02:15:00,40758,40764,40734,40755,40890.7114583333,40970.7114583333,41090.7114583333,40780.7114583333,40690.7114583333,40797.7664492519,40825.1793275482,0.8963665175
2026-05-05 02:25:02,MXF1!,5,2026-05-05 02:20:00,40749,40758,40711,40728,40892.8708333333,40972.8708333333,41092.8708333333,40782.8708333333,40692.8708333333,40795.0305100656,40823.2549844285,0.8834025199
2026-05-05 02:30:05,MXF1!,5,2026-05-05 02:25:00,40725,40744,40696,40738,40893.990625,40973.990625,41093.990625,40783.990625,40693.990625,40792.7940194748,40821.566766915,0.8868841376
2026-05-05 02:35:04,MXF1!,5,2026-05-05 02:30:00,40743,40754,40727,40749,40895.2625,40975.2625,41095.2625,40785.2625,40695.2625,40791.0766069463,40820.1298012335,0.8907865455
2026-05-05 02:40:05,MXF1!,5,2026-05-05 02:35:00,40748,40750,40728,40740,40896.75,40976.75,41096.75,40786.75,40696.75,40789.0736027524,40818.5430724962,0.885837947
2026-05-05 02:45:02,MXF1!,5,2026-05-05 02:40:00,40740,40746,40701,40704,40898.546875,40978.546875,41098.546875,40788.546875,40698.546875,40785.7373830366,40816.2748928428,0.8690052037
2026-05-05 02:50:06,MXF1!,5,2026-05-05 02:45:00,40704,40726,40688,40722,40900.2958333333,40980.2958333333,41100.2958333333,40790.2958333333,40700.2958333333,40783.2378778195,40814.4080632816,0.876051035
2026-05-05 02:55:04,MXF1!,5,2026-05-05 02:50:00,40728,40732,40685,40703,40901.7614583333,40981.7614583333,41101.7614583333,40791.7614583333,40701.7614583333,40780.0912943756,40812.2019630186,0.8667707126
2026-05-05 03:00:05,MXF1!,5,2026-05-05 02:55:00,40698,40749,40698,40741,40902.5489583333,40982.5489583333,41102.5489583333,40792.5489583333,40702.5489583333,40778.5583024393,40810.7920231568,0.8826044022
2026-05-05 03:05:06,MXF1!,5,2026-05-05 03:00:00,40750,40757,40731,40743,40903.4885416667,40983.4885416667,41103.4885416667,40793.4885416667,40703.4885416667,40777.1638592064,40809.4496068567,0.8825361073
2026-05-05 03:10:00,MXF1!,5,2026-05-05 03:05:00,40741,40803,40734,40777,40904.3104166667,40984.3104166667,41104.3104166667,40794.3104166667,40704.3104166667,40777.1574333551,40808.8070403843,0.8965027497
2026-05-05 03:15:01,MXF1!,5,2026-05-05 03:10:00,40773,40786,40767,40779,40905.0770833333,40985.0770833333,41105.0770833333,40795.0770833333,40705.0770833333,40777.2296908706,40808.2168019609,0.8963669102
2026-05-05 03:20:04,MXF1!,5,2026-05-05 03:15:00,40781,40792,40773,40773,40905.965625,40985.965625,41105.965625,40795.965625,40705.965625,40777.0638206404,40807.5194395458,0.8927336232
2026-05-05 03:25:02,MXF1!,5,2026-05-05 03:20:00,40775,40782,40766,40782,40906.7614583333,40986.7614583333,41106.7614583333,40796.7614583333,40706.7614583333,40777.2573963016,40807.0141041092,0.8956767858
2026-05-05 03:30:13,MXF1!,5,2026-05-05 03:25:00,40784,40786,40740,40774,40907.2927083333,40987.2927083333,41107.2927083333,40797.2927083333,40707.2927083333,40777.1296552701,40806.3603594734,0.8911820777
2026-05-05 03:35:03,MXF1!,5,2026-05-05 03:30:00,40774,40813,40774,40796,40907.9375,40987.9375,41107.9375,40797.9375,40707.9375,40777.8696687889,40806.1552038403,0.8997949014
2026-05-05 03:40:03,MXF1!,5,2026-05-05 03:35:00,40794,40809,40792,40793,40908.5177083333,40988.5177083333,41108.5177083333,40798.5177083333,40708.5177083333,40778.4630151109,40805.8947047543,0.8974672438
2026-05-05 03:45:06,MXF1!,5,2026-05-05 03:40:00,40795,40800,40785,40796,40908.971875,40988.971875,41108.971875,40798.971875,40708.971875,40779.1507400086,40805.6987700067,0.8977593467
2026-05-05 03:50:02,MXF1!,5,2026-05-05 03:45:00,40790,40816,40775,40808,40909.1645833333,40989.1645833333,41109.1645833333,40799.1645833333,40709.1645833333,40780.2820835376,40805.7443389175,0.9019570937
2026-05-05 03:55:05,MXF1!,5,2026-05-05 03:50:00,40805,40805,40773,40775,40908.8333333333,40988.8333333333,41108.8333333333,40798.8333333333,40708.8333333333,40780.0749430067,40805.135540127,0.8866027113
2026-05-05 04:00:09,MXF1!,5,2026-05-05 03:55:00,40774,40808,40760,40788,40908.4020833333,40988.4020833333,41108.4020833333,40798.4020833333,40708.4020833333,40780.3857295555,40804.7962225008,0.8912746606
2026-05-05 04:05:01,MXF1!,5,2026-05-05 04:00:00,40786,40786,40722,40733,40907.7041666667,40987.7041666667,41107.7041666667,40797.7041666667,40707.7041666667,40778.5274656514,40803.3745151245,0.86647419
2026-05-05 04:10:01,MXF1!,5,2026-05-05 04:05:00,40735,40745,40730,40733,40906.7645833333,40986.7645833333,41106.7645833333,40796.7645833333,40706.7645833333,40776.7420748415,40801.9809603696,0.8656058925
2026-05-05 04:15:00,MXF1!,5,2026-05-05 04:10:00,40734,40746,40713,40741,40905.7104166667,40985.7104166667,41105.7104166667,40795.7104166667,40705.7104166667,40775.3404248477,40800.7734165999,0.8681928995
2026-05-05 04:20:23,MXF1!,5,2026-05-05 04:15:00,40737,40753,40730,40739,40904.6635416667,40984.6635416667,41104.6635416667,40794.6635416667,40704.6635416667,40773.9153101478,40799.5501806276,0.8664470706
2026-05-05 04:25:01,MXF1!,5,2026-05-05 04:20:00,40736,40740,40727,40729,40903.4739583333,40983.4739583333,41103.4739583333,40793.4739583333,40703.4739583333,40772.1539254361,40798.1531473478,0.8612616237
2026-05-05 04:30:06,MXF1!,5,2026-05-05 04:25:00,40730,40746,40729,40742,40902.653125,40982.653125,41102.653125,40792.653125,40702.653125,40770.9714185563,40797.041203836,0.8660151167
2026-05-05 04:35:02,MXF1!,5,2026-05-05 04:30:00,40745,40760,40740,40750,40901.828125,40981.828125,41101.828125,40791.828125,40701.828125,40770.1490099854,40796.1096948491,0.8685889976
2026-05-05 04:40:19,MXF1!,5,2026-05-05 04:35:00,40750,40754,40745,40754,40901.0802083333,40981.0802083333,41101.0802083333,40791.0802083333,40701.0802083333,40769.5157154762,40795.2758395056,0.869426844
2026-05-05 04:45:11,MXF1!,5,2026-05-05 04:40:00,40754,40756,40743,40752,40900.328125,40980.328125,41100.328125,40790.328125,40700.328125,40768.8288246732,40794.4188921887,0.8676776855
2026-05-05 04:50:01,MXF1!,5,2026-05-05 04:45:00,40752,40760,40740,40743,40899.6010416667,40979.6010416667,41099.6010416667,40789.6010416667,40699.6010416667,40767.815929588,40793.4006963037,0.8629311482
2026-05-05 04:54:58,MXF1!,5,2026-05-05 04:50:00,40746,40759,40740,40756,40898.8458333333,40978.8458333333,41098.8458333333,40788.8458333333,40698.8458333333,40767.3525598002,40792.6600884561,0.8676449966
2026-05-05 05:00:58,MXF1!,5,2026-05-05 04:55:00,40755,40800,40751,40799,40898.0947916667,40978.0947916667,41098.0947916667,40788.0947916667,40698.0947916667,40768.5936358865,40792.785631259,0.8851864884
2026-05-05 08:49:58,MXF1!,5,2026-05-05 08:45:00,40943,40949,40843,40852,40897.7125,40977.7125,41097.7125,40787.7125,40697.7125,40771.8644736949,40793.9581930162,0.906903401
2026-05-05 08:54:58,MXF1!,5,2026-05-05 08:50:00,40854,40909,40845,40899,40897.3177083333,40977.3177083333,41097.3177083333,40787.3177083333,40697.3177083333,40776.8501806088,40796.0382287981,0.9259164345
2026-05-05 08:59:58,MXF1!,5,2026-05-05 08:55:00,40901,40928,40856,40902,40896.98125,40976.98125,41096.98125,40786.98125,40696.98125,40781.7580166633,40798.1364816932,0.9260351157
2026-05-05 09:04:58,MXF1!,5,2026-05-05 09:00:00,40899,41046,40889,41037,40897.1666666667,40977.1666666667,41097.1666666667,40787.1666666667,40697.1666666667,40791.767506206,40802.8664523527,0.982335394
2026-05-05 09:09:58,MXF1!,5,2026-05-05 09:05:00,41038,41091,40960,41000,40897.53125,40977.53125,41097.53125,40787.53125,40697.53125,40799.9334863547,40806.7700869596,0.9651243533
2026-05-05 09:14:58,MXF1!,5,2026-05-05 09:10:00,40998,41062,40957,40999,40897.6989583333,40977.6989583333,41097.6989583333,40787.6989583333,40697.6989583333,40807.7400163016,40810.5766198911,0.9633118397
2026-05-05 09:19:58,MXF1!,5,2026-05-05 09:15:00,40996,41072,40992,41017,40897.9979166667,40977.9979166667,41097.9979166667,40787.9979166667,40697.9979166667,40815.9462901721,40814.6642115764,0.9695547358
2026-05-05 09:24:58,MXF1!,5,2026-05-05 09:20:00,41016,41039,40977,41022,40898.203125,40978.203125,41098.203125,40788.203125,40698.203125,40824.0268278125,40818.7698707531,0.970251526
2026-05-05 09:29:58,MXF1!,5,2026-05-05 09:25:00,41024,41028,40858,40867,40897.9552083333,40977.9552083333,41097.9552083333,40787.9552083333,40697.9552083333,40825.7120502512,40819.7249228174,0.9033959776
2026-05-05 09:34:58,MXF1!,5,2026-05-05 09:30:00,40866,40925,40806,40906,40897.40625,40977.40625,41097.40625,40787.40625,40697.40625,40828.8605973002,40821.4333401874,0.9188055091
2026-05-05 09:39:58,MXF1!,5,2026-05-05 09:35:00,40908,40985,40900,40906,40896.9979166667,40976.9979166667,41096.9979166667,40786.9979166667,40696.9979166667,40831.8856719158,40823.1079275104,0.9176831907
2026-05-05 09:44:58,MXF1!,5,2026-05-05 09:40:00,40907,40920,40826,40838,40896.2552083333,40976.2552083333,41096.2552083333,40786.2552083333,40696.2552083333,40832.1254494878,40823.4028200349,0.8879510969
2026-05-05 09:49:58,MXF1!,5,2026-05-05 09:45:00,40844,40864,40802,40831,40895.4083333333,40975.4083333333,41095.4083333333,40785.4083333333,40695.4083333333,40832.0813142137,40823.5532592422,0.8840384797
2026-05-05 09:54:58,MXF1!,5,2026-05-05 09:50:00,40829,40905,40817,40860,40894.8385416667,40974.8385416667,41094.8385416667,40784.8385416667,40694.8385416667,40833.1761646367,40824.2749768809,0.8952669178
2026-05-05 09:59:59,MXF1!,5,2026-05-05 09:55:00,40860,40879,40807,40839,40894.0229166667,40974.0229166667,41094.0229166667,40784.0229166667,40694.0229166667,40833.4045503372,40824.5665614972,0.8854537406
2026-05-05 10:04:58,MXF1!,5,2026-05-05 10:00:00,40844,40867,40799,40863,40893.3302083333,40973.3302083333,41093.3302083333,40783.3302083333,40693.3302083333,40834.5651562064,40825.3276196853,0.8945536414
2026-05-05 10:10:00,MXF1!,5,2026-05-05 10:05:00,40864,40871,40830,40846,40892.5166666667,40972.5166666667,41092.5166666667,40782.5166666667,40692.5166666667,40835.0135814532,40825.736973751,0.8864385304
2026-05-05 10:15:01,MXF1!,5,2026-05-05 10:10:00,40841,40898,40840,40872,40891.95,40971.95,41091.95,40781.95,40691.95,40836.4640292393,40826.6530732806,0.8963483406
2026-05-05 10:19:58,MXF1!,5,2026-05-05 10:15:00,40876,40920,40852,40870,40891.4302083333,40971.4302083333,41091.4302083333,40781.4302083333,40691.4302083333,40837.7791653476,40827.5114282652,0.8945034544
2026-05-05 10:24:59,MXF1!,5,2026-05-05 10:20:00,40870,40949,40861,40909,40890.946875,40970.946875,41090.946875,40780.946875,40690.946875,40840.5721392555,40829.125063349,0.9097674375
2026-05-05 10:30:00,MXF1!,5,2026-05-05 10:25:00,40913,40961,40909,40924,40890.6697916667,40970.6697916667,41090.6697916667,40780.6697916667,40690.6697916667,40843.843820069,40831.0037749659,0.9149373957
2026-05-05 10:35:00,MXF1!,5,2026-05-05 10:30:00,40928,40946,40891,40903,40890.2947916667,40970.2947916667,41090.2947916667,40780.2947916667,40690.2947916667,40846.1636702624,40832.4294427884,0.9050999679
2026-05-05 10:40:03,MXF1!,5,2026-05-05 10:35:00,40905,40935,40880,40917,40889.8864583333,40969.8864583333,41089.8864583333,40779.8864583333,40689.8864583333,40848.9415655462,40834.1041072876,0.9098639946
2026-05-05 10:45:00,MXF1!,5,2026-05-05 10:40:00,40920,40934,40875,40884,40889.1958333333,40969.1958333333,41089.1958333333,40779.1958333333,40689.1958333333,40850.3164061131,40835.092144767,0.8950943025
2026-05-05 10:50:01,MXF1!,5,2026-05-05 10:45:00,40884,40891,40816,40851,40888.5979166667,40968.5979166667,41088.5979166667,40778.5979166667,40688.5979166667,40850.3432137165,40835.4071518014,0.8804151285
2026-05-05 10:55:01,MXF1!,5,2026-05-05 10:50:00,40852,40874,40813,40816,40887.6989583333,40967.6989583333,41087.6989583333,40777.6989583333,40687.6989583333,40848.9964210217,40835.0228517657,0.864990891
2026-05-05 11:00:00,MXF1!,5,2026-05-05 10:55:00,40816,40838,40796,40825,40886.51875,40966.51875,41086.51875,40776.51875,40686.51875,40848.0553849032,40834.8243794535,0.8678551919
2026-05-05 11:05:00,MXF1!,5,2026-05-05 11:00:00,40827,40853,40808,40848,40885.1333333333,40965.1333333333,41085.1333333333,40775.1333333333,40685.1333333333,40848.0532129462,40835.0852828307,0.8764914483
2026-05-05 11:10:02,MXF1!,5,2026-05-05 11:05:00,40849,40869,40827,40858,40883.5270833333,40963.5270833333,41083.5270833333,40773.5270833333,40683.5270833333,40848.4432830268,40835.5390396063,0.8797133015
2026-05-05 11:15:00,MXF1!,5,2026-05-05 11:10:00,40858,40895,40853,40891,40882.1708333333,40962.1708333333,41082.1708333333,40772.1708333333,40682.1708333333,40850.1121738885,40836.6372764458,0.8923971334
2026-05-05 11:20:01,MXF1!,5,2026-05-05 11:15:00,40891,40935,40878,40928,40881.1145833333,40961.1145833333,41081.1145833333,40771.1145833333,40681.1145833333,40853.1665984419,40838.4464392884,0.9066489145
2026-05-05 11:25:00,MXF1!,5,2026-05-05 11:20:00,40931,40946,40916,40937,40880.2770833333,40960.2770833333,41080.2770833333,40770.2770833333,40680.2770833333,40856.4541828167,40840.3979949461,0.9092997697
2026-05-05 11:30:00,MXF1!,5,2026-05-05 11:25:00,40938,41011,40933,41011,40879.6770833333,40959.6770833333,41079.6770833333,40769.6770833333,40679.6770833333,40862.5148030984,40843.7762524719,0.9386117841
2026-05-05 11:35:00,MXF1!,5,2026-05-05 11:30:00,41008,41065,40993,40999,40879.15,40959.15,41079.15,40769.15,40679.15,40867.8671637612,40846.8499900467,0.9324697469
2026-05-05 11:40:01,MXF1!,5,2026-05-05 11:35:00,40998,41037,40980,41019,40878.60625,40958.60625,41078.60625,40768.60625,40678.60625,40873.7939416529,40850.2589011349,0.9394634521
2026-05-05 11:45:00,MXF1!,5,2026-05-05 11:40:00,41019,41035,40952,40959,40877.9833333333,40957.9833333333,41077.9833333333,40767.9833333333,40677.9833333333,40877.1353557057,40852.4121902213,0.9137179527
2026-05-05 11:50:00,MXF1!,5,2026-05-05 11:45:00,40959,41003,40921,40999,40877.5125,40957.5125,41077.5125,40767.5125,40677.5125,40881.9143613643,40855.3149191278,0.9289583326
2026-05-05 11:55:01,MXF1!,5,2026-05-05 11:50:00,40999,41008,40974,41002,40877.2739583333,40957.2739583333,41077.2739583333,40767.2739583333,40677.2739583333,40886.6236020951,40858.2195741946,0.929012942
2026-05-05 12:00:03,MXF1!,5,2026-05-05 11:55:00,41001,41003,40972,40985,40876.9520833333,40956.9520833333,41076.9520833333,40766.9520833333,40676.9520833333,40890.4815000522,40860.7300776759,0.9209261374
2026-05-05 12:04:59,MXF1!,5,2026-05-05 12:00:00,40984,41033,40982,41013,40876.709375,40956.709375,41076.709375,40766.709375,40676.709375,40895.286147109,40863.7453236625,0.9311788615
2026-05-05 12:10:02,MXF1!,5,2026-05-05 12:05:00,41013,41022,40989,40990,40876.4364583333,40956.4364583333,41076.4364583333,40766.4364583333,40676.4364583333,40899.0004158498,40866.2454162633,0.9206682638
2026-05-05 12:15:00,MXF1!,5,2026-05-05 12:10:00,40989,41001,40968,40979,40875.9958333333,40955.9958333333,41075.9958333333,40765.9958333333,40675.9958333333,40902.1376544439,40868.4781802977,0.9150912189
2026-05-05 12:20:01,MXF1!,5,2026-05-05 12:15:00,40976,41045,40965,41038,40875.5239583333,40955.5239583333,41075.5239583333,40765.5239583333,40675.5239583333,40907.4655895638,40871.8350480145,0.9378697191
2026-05-05 12:25:02,MXF1!,5,2026-05-05 12:20:00,41040,41052,41023,41045,40875.1833333333,40955.1833333333,41075.1833333333,40765.1833333333,40675.1833333333,40912.8590958554,40875.2640569647,0.9394780759
2026-05-05 12:30:01,MXF1!,5,2026-05-05 12:25:00,41048,41073,41037,41057,40874.8895833333,40954.8895833333,41074.8895833333,40764.8895833333,40674.8895833333,40918.5116803316,40878.86278851,0.9430873286
2026-05-05 12:35:01,MXF1!,5,2026-05-05 12:30:00,41054,41065,41030,41046,40874.6135416667,40954.6135416667,41074.6135416667,40764.6135416667,40674.6135416667,40923.5112222794,40882.1724362623,0.937409603
2026-05-05 12:40:15,MXF1!,5,2026-05-05 12:35:00,41047,41075,41028,41055,40874.4,40954.4,41074.4,40764.4,40674.4,40928.6676449351,40885.5947642571,0.9398677832
2026-05-05 12:45:02,MXF1!,5,2026-05-05 12:40:00,41058,41061,41011,41024,40874.128125,40954.128125,41074.128125,40764.128125,40674.128125,40932.4061686632,40888.3354619946,0.9262471641
2026-05-05 12:50:00,MXF1!,5,2026-05-05 12:45:00,41024,41064,41009,41051,40873.8927083333,40953.8927083333,41073.8927083333,40763.8927083333,40673.8927083333,40937.056907147,40891.5565419551,0.9359540111
2026-05-05 12:55:01,MXF1!,5,2026-05-05 12:50:00,41054,41062,41011,41016,40873.6354166667,40953.6354166667,41073.6354166667,40763.6354166667,40673.6354166667,40940.1527147098,40894.020768847,0.9208032099
2026-05-05 13:00:01,MXF1!,5,2026-05-05 12:55:00,41013,41023,40986,40991,40873.19375,40953.19375,41073.19375,40763.19375,40673.19375,40942.1467258977,40895.941149662,0.9097335795
2026-05-05 13:05:03,MXF1!,5,2026-05-05 13:00:00,40993,41044,40981,41029,40872.7708333333,40952.7708333333,41072.7708333333,40762.7708333333,40672.7708333333,40945.5527366468,40898.5759783815,0.9239139009
2026-05-05 13:10:01,MXF1!,5,2026-05-05 13:05:00,41030,41045,41001,41039,40872.509375,40952.509375,41072.509375,40762.509375,40672.509375,40949.2173352097,40901.3566520769,0.9269025606
2026-05-05 13:15:00,MXF1!,5,2026-05-05 13:10:00,41042,41063,41033,41050,40872.428125,40952.428125,41072.428125,40762.428125,40672.428125,40953.169596574,40904.3000847091,0.9302814235
2026-05-05 13:20:01,MXF1!,5,2026-05-05 13:15:00,41052,41056,41025,41039,40872.30625,40952.30625,41072.30625,40762.30625,40672.30625,40956.5354947476,40906.9674097643,0.9249412062
2026-05-05 13:25:03,MXF1!,5,2026-05-05 13:20:00,41039,41055,41017,41050,40872.0770833333,40952.0770833333,41072.0770833333,40762.0770833333,40672.0770833333,40960.2007694633,40909.7997382839,0.9283669042
2026-05-05 13:30:00,MXF1!,5,2026-05-05 13:25:00,41050,41060,40992,40997,40871.7927083333,40951.7927083333,41071.7927083333,40761.7927083333,40671.7927083333,40961.6438765432,40911.5264761396,0.9064689976
2026-05-05 13:35:02,MXF1!,5,2026-05-05 13:30:00,40998,41007,40961,40985,40871.36875,40951.36875,41071.36875,40761.36875,40671.36875,40962.5598029533,40912.9813974042,0.9008831522
2026-05-05 13:40:01,MXF1!,5,2026-05-05 13:35:00,40985,40995,40963,40965,40870.884375,40950.884375,41070.884375,40760.884375,40670.884375,40962.6554969551,40914.0114687427,0.8921507377
2026-05-05 13:46:00,MXF1!,5,2026-05-05 13:40:00,40967,41049,40966,41036,40870.590625,40950.590625,41070.590625,40760.590625,40670.590625,40965.5317519765,40916.4270832231,0.9193322428
2026-05-05 15:05:01,MXF1!,5,2026-05-05 15:00:00,41075,41180,41071,41151,40871.4416666667,40951.4416666667,41071.4416666667,40761.4416666667,40671.4416666667,40972.8050166048,40921.0720914761,0.9635868991
2026-05-05 15:10:02,MXF1!,5,2026-05-05 15:05:00,41153,41155,41115,41123,40873.71875,40953.71875,41073.71875,40763.71875,40673.71875,40978.6950159537,40925.0706639221,0.9512877073
2026-05-05 15:15:02,MXF1!,5,2026-05-05 15:10:00,41123,41140,41099,41124,40876.128125,40956.128125,41076.128125,40766.128125,40676.128125,40984.3932506222,40929.0098586959,0.9504954474
2026-05-05 15:20:01,MXF1!,5,2026-05-05 15:15:00,41123,41137,41114,41131,40878.68125,40958.68125,41078.68125,40768.68125,40678.68125,40990.1425349115,40933.0096634742,0.9520482102
2026-05-05 15:25:02,MXF1!,5,2026-05-05 15:20:00,41130,41145,41101,41104,40881.3916666667,40961.3916666667,41081.3916666667,40771.3916666667,40681.3916666667,40994.6075335424,40936.3956107321,0.9402909528
2026-05-05 15:30:07,MXF1!,5,2026-05-05 15:25:00,41103,41114,41085,41093,40883.3895833333,40963.3895833333,41083.3895833333,40773.3895833333,40683.3895833333,40998.4660616388,40939.4966877473,0.9348326075
2026-05-05 15:35:01,MXF1!,5,2026-05-05 15:30:00,41093,41105,41072,41097,40885.0104166667,40965.0104166667,41085.0104166667,40775.0104166667,40685.0104166667,41002.3301376529,40942.6155652177,0.9352640743
2026-05-05 15:40:02,MXF1!,5,2026-05-05 15:35:00,41098,41158,41096,41148,40886.3552083333,40966.3552083333,41086.3552083333,40776.3552083333,40686.3552083333,41008.0426812744,40946.6825837282,0.9539995699
2026-05-05 15:45:01,MXF1!,5,2026-05-05 15:40:00,41146,41194,41130,41132,40887.8416666667,40967.8416666667,41087.8416666667,40777.8416666667,40687.8416666667,41012.903752597,40950.3522355356,0.9465596058
2026-05-05 15:50:05,MXF1!,5,2026-05-05 15:45:00,41130,41132,41087,41094,40889.021875,40969.021875,41089.021875,40779.021875,40689.021875,41016.0839975932,40953.196745723,0.9306308333
2026-05-05 15:55:01,MXF1!,5,2026-05-05 15:50:00,41095,41097,41041,41046,40889.8166666667,40969.8166666667,41089.8166666667,40779.8166666667,40689.8166666667,41017.2571741581,40955.0344339265,0.9109343069
2026-05-05 16:00:02,MXF1!,5,2026-05-05 15:55:00,41048,41055,41014,41042,40890.4802083333,40970.4802083333,41090.4802083333,40780.4802083333,40690.4802083333,41018.2274810539,40956.7565243438,0.9083934059
2026-05-05 16:05:01,MXF1!,5,2026-05-05 16:00:00,41043,41085,41027,41081,40891.1927083333,40971.1927083333,41091.1927083333,40781.1927083333,40691.1927083333,41020.6891484636,40959.2167911885,0.9224723348
2026-05-05 16:10:04,MXF1!,5,2026-05-05 16:05:00,41082,41105,41075,41100,40892.1125,40972.1125,41092.1125,40782.1125,40692.1125,41023.7993779356,40962.0045775016,0.9287243454
2026-05-05 16:15:00,MXF1!,5,2026-05-05 16:10:00,41101,41142,41094,41131,40893.06875,40973.06875,41093.06875,40783.06875,40693.06875,41028.0033238989,40965.3510215115,0.9395661733
2026-05-05 16:20:00,MXF1!,5,2026-05-05 16:15:00,41130,41154,41127,41141,40894.0010416667,40974.0010416667,41094.0010416667,40784.0010416667,40694.0010416667,41032.4345660989,40968.8292191053,0.9422647124
2026-05-05 16:25:01,MXF1!,5,2026-05-05 16:20:00,41141,41168,41132,41135,40894.9635416667,40974.9635416667,41094.9635416667,40784.9635416667,40694.9635416667,41036.4567399774,40972.1197296181,0.9388032048
2026-05-05 16:30:03,MXF1!,5,2026-05-05 16:25:00,41134,41165,41133,41138,40896.028125,40976.028125,41096.028125,40786.028125,40696.028125,41040.4388286057,40975.4044874474,0.9387783282
2026-05-05 16:35:01,MXF1!,5,2026-05-05 16:30:00,41134,41145,41121,41144,40897.09375,40977.09375,41097.09375,40787.09375,40697.09375,41044.5000510134,40978.7430124484,0.9399167196
2026-05-05 16:40:04,MXF1!,5,2026-05-05 16:35:00,41144,41158,41135,41142,40898.3385416667,40978.3385416667,41098.3385416667,40788.3385416667,40698.3385416667,41048.3235784246,40981.9758240831,0.9379789138
2026-05-05 16:45:07,MXF1!,5,2026-05-05 16:40:00,41139,41139,41115,41129,40899.5385416667,40979.5385416667,41099.5385416667,40789.5385416667,40699.5385416667,41051.4873596628,40984.8871939033,0.9318511152
2026-05-05 16:50:04,MXF1!,5,2026-05-05 16:45:00,41125,41143,41121,41138,40900.815625,40980.815625,41100.815625,40790.815625,40700.815625,41054.8800122251,40987.9191306576,0.9341349255
2026-05-05 16:55:02,MXF1!,5,2026-05-05 16:50:00,41138,41155,41130,41149,40902.053125,40982.053125,41102.053125,40792.053125,40702.053125,41058.5709921378,40991.1088508426,0.9371650105
2026-05-05 17:00:03,MXF1!,5,2026-05-05 16:55:00,41146,41158,41136,41152,40903.1020833333,40983.1020833333,41103.1020833333,40793.1020833333,40703.1020833333,41062.2348747991,40994.2948141923,0.9371175839
2026-05-05 17:05:00,MXF1!,5,2026-05-05 17:00:00,41152,41164,41118,41123,40904.0239583333,40984.0239583333,41104.0239583333,40794.0239583333,40704.0239583333,41064.6178208854,40996.843431733,0.9249515442
2026-05-05 17:10:04,MXF1!,5,2026-05-05 17:05:00,41123,41140,41104,41132,40904.9322916667,40984.9322916667,41104.9322916667,40794.9322916667,40704.9322916667,41067.2602592821,40999.5197994215,0.9272465122
2026-05-05 17:15:02,MXF1!,5,2026-05-05 17:10:00,41136,41139,41106,41109,40905.7729166667,40985.7729166667,41105.7729166667,40795.7729166667,40705.7729166667,41068.8971118592,41001.6877241854,0.9174341557
2026-05-05 17:20:05,MXF1!,5,2026-05-05 17:15:00,41109,41121,41089,41100,40906.4458333333,40986.4458333333,41106.4458333333,40796.4458333333,40706.4458333333,41070.1168329628,41003.6345019243,0.9129804002
2026-05-05 17:25:03,MXF1!,5,2026-05-05 17:20:00,41101,41114,41095,41108,40906.9135416667,40986.9135416667,41106.9135416667,40796.9135416667,40706.9135416667,41071.6024473564,41005.7011454506,0.9149817415
2026-05-05 17:30:05,MXF1!,5,2026-05-05 17:25:00,41111,41117,41080,41080,40907.34375,40987.34375,41107.34375,40797.34375,40707.34375,41071.9317631464,41007.1724098971,0.9034171738
2026-05-05 17:35:01,MXF1!,5,2026-05-05 17:30:00,41080,41116,41075,41095,40907.884375,40987.884375,41107.884375,40797.884375,40707.884375,41072.8363998857,41008.9115700972,0.9080931125
2026-05-05 17:40:01,MXF1!,5,2026-05-05 17:35:00,41094,41111,41077,41105,40908.490625,40988.490625,41108.490625,40798.490625,40708.490625,41074.0977175373,41010.8143112834,0.910880648
2026-05-05 17:45:03,MXF1!,5,2026-05-05 17:40:00,41104,41119,41101,41102,40909.1947916667,40989.1947916667,41109.1947916667,40799.1947916667,40709.1947916667,41075.1919246927,41012.6199684857,0.9087675103
2026-05-05 17:50:02,MXF1!,5,2026-05-05 17:45:00,41104,41134,41103,41115,40910.10625,40990.10625,41110.10625,40800.10625,40710.10625,41076.7530256851,41014.6472958424,0.9126560688
2026-05-05 17:55:05,MXF1!,5,2026-05-05 17:50:00,41115,41116,41090,41096,40910.9541666667,40990.9541666667,41110.9541666667,40800.9541666667,40710.9541666667,41077.5078089916,41016.2582404792,0.9045304296
2026-05-05 18:00:06,MXF1!,5,2026-05-05 17:55:00,41095,41099,41077,41088,40911.7239583333,40991.7239583333,41111.7239583333,40801.7239583333,40711.7239583333,41077.9192674625,41017.6788693806,0.9005528691
2026-05-05 18:05:01,MXF1!,5,2026-05-05 18:00:00,41088,41098,41083,41089,40912.8510416667,40992.8510416667,41112.8510416667,40802.8510416667,40712.8510416667,41078.3538059934,41019.0911689968,0.899956118
2026-05-05 18:10:01,MXF1!,5,2026-05-05 18:05:00,41088,41095,41076,41086,40913.8270833333,40993.8270833333,41113.8270833333,40803.8270833333,40713.8270833333,41078.6536567387,41020.4160963434,0.8978664007
2026-05-05 18:15:07,MXF1!,5,2026-05-05 18:10:00,41085,41116,41085,41098,40914.7625,40994.7625,41114.7625,40804.7625,40714.7625,41079.4123368666,41021.9524112673,0.901344281
2026-05-05 18:20:02,MXF1!,5,2026-05-05 18:15:00,41097,41107,41084,41088,40915.7875,40995.7875,41115.7875,40805.7875,40715.7875,41079.7491079699,41023.2602843115,0.8966070021
2026-05-05 18:25:02,MXF1!,5,2026-05-05 18:20:00,41090,41102,41085,41085,40916.8666666667,40996.8666666667,41116.8666666667,40806.8666666667,40716.8666666667,41079.9550253044,41024.482852939,0.8944926167
2026-05-05 18:30:03,MXF1!,5,2026-05-05 18:25:00,41085,41107,41083,41099,40917.9354166667,40997.9354166667,41117.9354166667,40807.9354166667,40717.9354166667,41080.7018870572,41025.9584400095,0.8986978157
2026-05-05 18:35:00,MXF1!,5,2026-05-05 18:30:00,41099,41150,41087,41139,40918.96875,40998.96875,41118.96875,40808.96875,40718.96875,41082.9880875647,41028.196886742,0.9124911613
2026-05-05 18:40:02,MXF1!,5,2026-05-05 18:35:00,41139,41160,41126,41138,40919.8708333333,40999.8708333333,41119.8708333333,40809.8708333333,40719.8708333333,41085.1454174642,41030.3712058164,0.9110400068
2026-05-05 18:45:03,MXF1!,5,2026-05-05 18:40:00,41137,41139,41092,41097,40920.4958333333,41000.4958333333,41120.4958333333,40810.4958333333,40720.4958333333,41085.6103030538,41031.6905878795,0.8948246215
2026-05-05 18:50:02,MXF1!,5,2026-05-05 18:45:00,41097,41100,41061,41063,40920.890625,41000.890625,41120.890625,40810.890625,40720.890625,41084.7236245027,41032.3105762383,0.8812881815
2026-05-05 18:55:02,MXF1!,5,2026-05-05 18:50:00,41063,41084,41062,41083,40921.328125,41001.328125,41121.328125,40811.328125,40721.328125,41084.6560313849,41033.3143272039,0.8877247936
2026-05-05 19:00:02,MXF1!,5,2026-05-05 18:55:00,41082,41089,41066,41069,40921.78125,41001.78125,41121.78125,40811.78125,40721.78125,41084.0420693698,41034.0209741899,0.8816034134
2026-05-05 19:05:01,MXF1!,5,2026-05-05 19:00:00,41070,41084,40982,41007,40921.8020833333,41001.8020833333,41121.8020833333,40811.8020833333,40721.8020833333,41081.0208117475,41033.4859053941,0.8578607635
2026-05-05 19:10:02,MXF1!,5,2026-05-05 19:05:00,41010,41044,40994,41038,40921.8177083333,41001.8177083333,41121.8177083333,40811.8177083333,40721.8177083333,41079.3337210907,41033.5752934061,0.8684129391
2026-05-05 19:15:04,MXF1!,5,2026-05-05 19:10:00,41040,41044,41011,41016,40921.796875,41001.796875,41121.796875,40811.796875,40721.796875,41076.8500457538,41033.2272677941,0.8594541988
2026-05-05 19:20:01,MXF1!,5,2026-05-05 19:15:00,41015,41031,40960,40977,40921.5177083333,41001.5177083333,41121.5177083333,40811.5177083333,40721.5177083333,41072.934357685,41032.1138565506,0.8443030172
2026-05-05 19:25:03,MXF1!,5,2026-05-05 19:20:00,40977,40995,40962,40994,40921.040625,41001.040625,41121.040625,40811.040625,40721.040625,41069.8388926778,41031.359126718,0.8497512977
2026-05-05 19:30:01,MXF1!,5,2026-05-05 19:25:00,40994,41039,40990,41023,40920.7864583333,41000.7864583333,41120.7864583333,40810.7864583333,40720.7864583333,41068.0020733571,41031.1935994562,0.85957121
2026-05-05 19:35:03,MXF1!,5,2026-05-05 19:30:00,41020,41049,41017,41041,40920.9114583333,41000.9114583333,41120.9114583333,40810.9114583333,40720.9114583333,41066.9431685195,41031.3877856056,0.865320883
2026-05-05 19:40:03,MXF1!,5,2026-05-05 19:35:00,41040,41060,41036,41044,40921.1625,41001.1625,41121.1625,40811.1625,40721.1625,41066.0434364207,41031.6375324253,0.8655546385
2026-05-05 19:45:03,MXF1!,5,2026-05-05 19:40:00,41042,41060,41040,41042,40921.3864583333,41001.3864583333,41121.3864583333,40811.3864583333,40721.3864583333,41065.1005565611,41031.842729803,0.8639627162
2026-05-05 19:50:04,MXF1!,5,2026-05-05 19:45:00,41043,41065,41043,41059,40921.6020833333,41001.6020833333,41121.6020833333,40811.6020833333,40721.6020833333,41064.8613190489,41032.3804975297,0.869305748
2026-05-05 19:55:02,MXF1!,5,2026-05-05 19:50:00,41058,41067,41045,41066,40921.99375,41001.99375,41121.99375,40811.99375,40721.99375,41064.9059732039,41033.0462302519,0.8709804598
2026-05-05 20:00:01,MXF1!,5,2026-05-05 19:55:00,41067,41091,41067,41087,40922.7708333333,41002.7708333333,41122.7708333333,40812.7708333333,40722.7708333333,41065.7724056272,41034.114621732,0.8777286916
2026-05-05 20:05:03,MXF1!,5,2026-05-05 20:00:00,41086,41087,41048,41058,40923.6395833333,41003.6395833333,41123.6395833333,40813.6395833333,40723.6395833333,41065.4676054065,41034.5875995195,0.8662681889
2026-05-05 20:10:03,MXF1!,5,2026-05-05 20:05:00,41058,41125,41058,41108,40924.7260416667,41004.7260416667,41124.7260416667,40814.7260416667,40724.7260416667,41067.1355424494,41036.0413104201,0.8835487226
2026-05-05 20:15:02,MXF1!,5,2026-05-05 20:10:00,41106,41170,41106,41159,40926.0770833333,41006.0770833333,41126.0770833333,40816.0770833333,40726.0770833333,41070.7380701965,41038.4761359563,0.9010928528
2026-05-05 20:20:01,MXF1!,5,2026-05-05 20:15:00,41158,41238,41158,41207,40927.9739583333,41007.9739583333,41127.9739583333,40817.9739583333,40727.9739583333,41076.0816752868,41041.813242175,0.9174384885
2026-05-05 20:25:01,MXF1!,5,2026-05-05 20:20:00,41206,41266,41204,41262,40930.678125,41010.678125,41130.678125,40820.678125,40730.678125,41083.3725899815,41046.1733759933,0.9362072291
2026-05-05 20:30:02,MXF1!,5,2026-05-05 20:25:00,41263,41281,41258,41265,40933.3875,41013.3875,41133.3875,40823.3875,40733.3875,41090.4952335116,41050.5065764687,0.9360854138
2026-05-05 20:35:03,MXF1!,5,2026-05-05 20:30:00,41266,41283,41251,41258,40936.1145833333,41016.1145833333,41136.1145833333,40826.1145833333,40736.1145833333,41097.0640478837,41054.6153571327,0.9323613699
2026-05-05 20:40:01,MXF1!,5,2026-05-05 20:35:00,41259,41263,41225,41234,40938.821875,41018.821875,41138.821875,40828.821875,40738.821875,41102.4340852216,41058.1675282786,0.9225445788
2026-05-05 20:45:01,MXF1!,5,2026-05-05 20:40:00,41235,41252,41224,41238,40941.5260416667,41021.5260416667,41141.5260416667,40831.5260416667,40741.5260416667,41107.7503956051,41061.7285673226,0.9228470813
2026-05-05 20:50:02,MXF1!,5,2026-05-05 20:45:00,41235,41239,41218,41226,40944.0760416667,41024.0760416667,41144.0760416667,40834.0760416667,40744.0760416667,41112.3876349931,41064.9814669796,0.9174078355
2026-05-05 20:55:02,MXF1!,5,2026-05-05 20:50:00,41225,41241,41219,41238,40946.8177083333,41026.8177083333,41146.8177083333,40836.8177083333,40746.8177083333,41117.3136100914,41068.4075765443,0.9206044721
2026-05-05 21:00:01,MXF1!,5,2026-05-05 20:55:00,41239,41250,41239,41241,40949.525,41029.525,41149.525,40839.525,40749.525,41122.1640567545,41071.8252482959,0.9205535622
2026-05-05 21:05:01,MXF1!,5,2026-05-05 21:00:00,41240,41294,41236,41281,40952.453125,41032.453125,41152.453125,40842.453125,40752.453125,41128.3929172739,41075.9673225871,0.9337176222
2026-05-05 21:10:01,MXF1!,5,2026-05-05 21:05:00,41281,41348,41279,41335,40955.8510416667,41035.8510416667,41155.8510416667,40845.8510416667,40755.8510416667,41136.4951558122,41081.0966825359,0.9517716502
2026-05-05 21:15:04,MXF1!,5,2026-05-05 21:10:00,41335,41343,41322,41325,40959.446875,41039.446875,41159.446875,40849.446875,40759.446875,41143.8875026431,41085.9264511985,0.9469083677
2026-05-05 21:20:01,MXF1!,5,2026-05-05 21:15:00,41326,41330,41308,41316,40962.9947916667,41042.9947916667,41162.9947916667,40852.9947916667,40762.9947916667,41150.6370123434,41090.482363056,0.9424317575
2026-05-05 21:25:01,MXF1!,5,2026-05-05 21:20:00,41317,41329,41289,41293,40966.0583333333,41046.0583333333,41166.0583333333,40856.0583333333,40766.0583333333,41156.2198746044,41094.4926132925,0.933016158
2026-05-05 21:30:02,MXF1!,5,2026-05-05 21:25:00,41294,41327,41294,41327,40969.15625,41049.15625,41169.15625,40859.15625,40769.15625,41162.9171344238,41099.09671996,0.9438670956
2026-05-05 21:35:01,MXF1!,5,2026-05-05 21:30:00,41328,41363,41266,41305,40972.15625,41052.15625,41172.15625,40862.15625,40772.15625,41168.4890115053,41103.174012634,0.9348212985
2026-05-05 21:40:01,MXF1!,5,2026-05-05 21:35:00,41306,41374,41291,41353,40975.378125,41055.378125,41175.378125,40865.378125,40775.378125,41175.7247365443,41108.1210618888,0.9505757837
2026-05-05 21:45:04,MXF1!,5,2026-05-05 21:40:00,41350,41365,41320,41362,40978.79375,41058.79375,41178.79375,40868.79375,40778.79375,41183.0296488367,41113.148367594,0.9524537906
2026-05-05 21:50:00,MXF1!,5,2026-05-05 21:45:00,41364,41393,41356,41358,40982.3479166667,41062.3479166667,41182.3479166667,40872.3479166667,40782.3479166667,41189.8912312352,41117.9969147703,0.9497344665
2026-05-05 21:55:02,MXF1!,5,2026-05-05 21:50:00,41359,41475,41354,41438,40986.275,41066.275,41186.275,40876.275,40786.275,41199.6209868731,41124.3336095273,0.9765741141
2026-05-05 22:00:06,MXF1!,5,2026-05-05 21:55:00,41436,41477,41433,41451,40990.3052083333,41070.3052083333,41190.3052083333,40880.3052083333,40790.3052083333,41209.4789873878,41130.8022509228,0.9796762007
2026-05-05 22:04:58,MXF1!,5,2026-05-05 22:00:00,41453,41488,41416,41441,40994.13125,41074.13125,41194.13125,40884.13125,40794.13125,41218.5582427844,41136.9447806075,0.974693585
2026-05-05 22:10:01,MXF1!,5,2026-05-05 22:05:00,41440,41466,41425,41443,40997.6395833333,41077.6395833333,41197.6395833333,40887.6395833333,40797.6395833333,41227.3598803223,41143.0052800015,0.9739457588
2026-05-05 22:14:58,MXF1!,5,2026-05-05 22:10:00,41447,41452,41348,41368,41001.071875,41081.071875,41201.071875,40891.071875,40801.071875,41232.8751791332,41147.4606209915,0.9463038947
2026-05-05 22:20:02,MXF1!,5,2026-05-05 22:15:00,41369,41369,41251,41310,41003.9875,41083.9875,41203.9875,40893.9875,40803.9875,41235.8996819122,41150.679222556,0.924788498
2026-05-05 22:25:01,MXF1!,5,2026-05-05 22:20:00,41307,41400,41289,41394,41006.7625,41086.7625,41206.7625,40896.7625,40806.7625,41242.0996943863,41155.4974557728,0.9529078877
2026-05-05 22:30:05,MXF1!,5,2026-05-05 22:25:00,41394,41449,41393,41414,41009.8385416667,41089.8385416667,41209.8385416667,40899.8385416667,40809.8385416667,41248.8408828417,41160.6163180347,0.9585513183
2026-05-05 22:35:04,MXF1!,5,2026-05-05 22:30:00,41417,41438,41396,41409,41012.88125,41092.88125,41212.88125,40902.88125,40812.88125,41255.1216325342,41165.5348067865,0.9554682125
2026-05-05 22:40:04,MXF1!,5,2026-05-05 22:35:00,41410,41423,41346,41358,41015.984375,41095.984375,41215.984375,40905.984375,40815.984375,41259.1560783172,41169.3459987313,0.9364533287
2026-05-05 22:45:02,MXF1!,5,2026-05-05 22:40:00,41358,41379,41322,41328,41018.9604166667,41098.9604166667,41218.9604166667,40908.9604166667,40818.9604166667,41261.8558399518,41172.4876621228,0.9248434045
2026-05-05 22:50:02,MXF1!,5,2026-05-05 22:45:00,41326,41359,41294,41341,41021.8125,41101.8125,41221.8125,40911.8125,40821.8125,41264.9595325027,41175.8245401005,0.9281920073
2026-05-05 22:54:58,MXF1!,5,2026-05-05 22:50:00,41336,41380,41329,41378,41024.7333333333,41104.7333333333,41224.7333333333,40914.7333333333,40824.7333333333,41269.3924920124,41179.828014554,0.9398073891
2026-05-05 23:00:01,MXF1!,5,2026-05-05 22:55:00,41379,41397,41370,41380,41027.840625,41107.840625,41227.840625,40917.840625,40827.840625,41273.7300413452,41183.791816246,0.9392644398
2026-05-05 23:04:59,MXF1!,5,2026-05-05 23:00:00,41381,41452,41374,41449,41031.1291666667,41111.1291666667,41231.1291666667,40921.1291666667,40831.1291666667,41280.6033730572,41189.043463449,0.9618162634
2026-05-05 23:09:58,MXF1!,5,2026-05-05 23:05:00,41447,41468,41411,41416,41034.528125,41114.528125,41234.528125,40924.528125,40834.528125,41285.913044702,41193.5376522916,0.9491100687
2026-05-05 23:14:59,MXF1!,5,2026-05-05 23:10:00,41418,41438,41407,41428,41037.953125,41117.953125,41237.953125,40927.953125,40837.953125,41291.4850821647,41198.1804710581,0.9519705221
2026-05-05 23:20:04,MXF1!,5,2026-05-05 23:15:00,41424,41449,41419,41425,41041.4895833333,41121.4895833333,41241.4895833333,40931.4895833333,40841.4895833333,41296.7209612955,41202.6719468787,0.9496656505
2026-05-05 23:25:02,MXF1!,5,2026-05-05 23:20:00,41429,41449,41419,41435,41045.0885416667,41125.0885416667,41245.0885416667,40935.0885416667,40845.0885416667,41302.1436686957,41207.2725023861,0.9518486557
2026-05-05 23:30:07,MXF1!,5,2026-05-05 23:25:00,41434,41465,41423,41447,41048.8770833333,41128.8770833333,41248.8770833333,40938.8770833333,40848.8770833333,41307.824309139,41212.0195815468,0.9546992908
2026-05-05 23:35:00,MXF1!,5,2026-05-05 23:30:00,41448,41462,41412,41413,41052.5239583333,41132.5239583333,41252.5239583333,40942.5239583333,40852.5239583333,41311.9488460355,41215.9993918132,0.941798892
2026-05-05 23:40:02,MXF1!,5,2026-05-05 23:35:00,41413,41462,41411,41453,41056.1770833333,41136.1770833333,41256.1770833333,40946.1770833333,40856.1770833333,41317.480263838,41220.6924731634,0.9542606812
2026-05-05 23:45:01,MXF1!,5,2026-05-05 23:40:00,41453,41482,41445,41459,41059.9552083333,41139.9552083333,41259.9552083333,40949.9552083333,40859.9552083333,41323.030057413,41225.4114340909,0.9550690234
2026-05-05 23:50:01,MXF1!,5,2026-05-05 23:45:00,41463,41505,41461,41495,41064.0135416667,41144.0135416667,41264.0135416667,40954.0135416667,40864.0135416667,41329.7739767301,41230.7498215346,0.9660900622
2026-05-05 23:55:01,MXF1!,5,2026-05-05 23:50:00,41497,41536,41497,41535,41068.1635416667,41148.1635416667,41268.1635416667,40958.1635416667,40868.1635416667,41337.822056074,41236.7745775438,0.9783994756
2026-05-06 00:00:04,MXF1!,5,2026-05-05 23:55:00,41537,41546,41506,41507,41072.3458333333,41152.3458333333,41272.3458333333,40962.3458333333,40872.3458333333,41344.4564852476,41242.1255760083,0.9674953795
2026-05-06 00:04:59,MXF1!,5,2026-05-06 00:00:00,41510,41538,41502,41537,41076.4114583333,41156.4114583333,41276.4114583333,40966.4114583333,40876.4114583333,41352.0072113163,41247.9646735131,0.9763681787
2026-05-06 00:10:01,MXF1!,5,2026-05-06 00:05:00,41535,41569,41513,41523,41080.4270833333,41160.4270833333,41280.4270833333,40970.4270833333,40880.4270833333,41358.7128108726,41253.4109176019,0.970240293
2026-05-06 00:15:01,MXF1!,5,2026-05-06 00:10:00,41520,41530,41494,41517,41084.2572916667,41164.2572916667,41284.2572916667,40974.2572916667,40884.2572916667,41364.9201516226,41258.630503392,0.9668897776
2026-05-06 00:19:59,MXF1!,5,2026-05-06 00:15:00,41519,41523,41485,41501,41087.978125,41167.978125,41287.978125,40977.978125,40887.978125,41370.2566162649,41263.4298993644,0.9601790779
2026-05-06 00:24:59,MXF1!,5,2026-05-06 00:20:00,41504,41516,41496,41496,41091.76875,41171.76875,41291.76875,40981.76875,40891.76875,41375.1877293525,41268.0352478919,0.9572244625
2026-05-06 00:30:01,MXF1!,5,2026-05-06 00:25:00,41495,41502,41419,41479,41095.4510416667,41175.4510416667,41295.4510416667,40985.4510416667,40895.4510416667,41379.2587987897,41272.2127677356,0.9502321304
2026-05-06 00:35:01,MXF1!,5,2026-05-06 00:30:00,41478,41483,41432,41473,41098.9354166667,41178.9354166667,41298.9354166667,40988.9354166667,40898.9354166667,41382.9349243274,41276.1887525329,0.9469899165
2026-05-06 00:40:01,MXF1!,5,2026-05-06 00:35:00,41473,41484,41436,41442,41102.3885416667,41182.3885416667,41302.3885416667,40992.3885416667,40902.3885416667,41385.2512018047,41279.4721435719,0.9353431262
2026-05-06 00:45:00,MXF1!,5,2026-05-06 00:40:00,41440,41456,41412,41451,41105.7697916667,41185.7697916667,41305.7697916667,40995.7697916667,40905.7697916667,41387.8295860477,41282.8687347883,0.9372304407
2026-05-06 00:50:03,MXF1!,5,2026-05-06 00:45:00,41450,41483,41444,41475,41109.3395833333,41189.3395833333,41309.3395833333,40999.3395833333,40909.3395833333,41391.2480336536,41286.6733142974,0.9441518838
2026-05-06 00:55:01,MXF1!,5,2026-05-06 00:50:00,41475,41482,41465,41479,41112.90625,41192.90625,41312.90625,41002.90625,40912.90625,41394.6892872359,41290.4817635192,0.9442915615
2026-05-06 01:00:10,MXF1!,5,2026-05-06 00:55:00,41479,41495,41470,41478,41116.5322916667,41196.5322916667,41316.5322916667,41006.5322916667,40916.5322916667,41397.9563740109,41294.1949959248,0.9427626753
2026-05-06 01:05:01,MXF1!,5,2026-05-06 01:00:00,41478,41505,41468,41498,41120.3145833333,41200.3145833333,41320.3145833333,41010.3145833333,40920.3145833333,41401.8796534615,41298.2307385797,0.9482941801
2026-05-06 01:10:07,MXF1!,5,2026-05-06 01:05:00,41498,41505,41476,41480,41124.2197916667,41204.2197916667,41324.2197916667,41014.2197916667,40924.2197916667,41404.943196463,41301.830129895,0.9410600688
2026-05-06 01:15:03,MXF1!,5,2026-05-06 01:10:00,41478,41486,41464,41474,41128.1020833333,41208.1020833333,41328.1020833333,41018.1020833333,40928.1020833333,41407.6513064056,41305.2394342535,0.9378864942
2026-05-06 01:20:02,MXF1!,5,2026-05-06 01:15:00,41476,41516,41475,41513,41132.0541666667,41212.0541666667,41332.0541666667,41022.0541666667,40932.0541666667,41411.782627723,41309.3535048624,0.949782287
2026-05-06 01:25:05,MXF1!,5,2026-05-06 01:20:00,41515,41525,41487,41493,41136.04375,41216.04375,41336.04375,41026.04375,40936.04375,41414.9676227143,41312.9900691225,0.9418842526
2026-05-06 01:30:01,MXF1!,5,2026-05-06 01:25:00,41496,41520,41495,41504,41140.0541666667,41220.0541666667,41340.0541666667,41030.0541666667,40940.0541666667,41418.4590884902,41316.7724439914,0.9443755707
2026-05-06 01:35:05,MXF1!,5,2026-05-06 01:30:00,41504,41514,41489,41508,41143.9583333333,41223.9583333333,41343.9583333333,41033.9583333333,40943.9583333333,41421.9704967847,41320.5591282688,0.9444956924
2026-05-06 01:40:06,MXF1!,5,2026-05-06 01:35:00,41505,41525,41496,41496,41147.90625,41227.90625,41347.90625,41037.90625,40947.90625,41424.8736145579,41324.0332049367,0.9392681345
2026-05-06 01:45:08,MXF1!,5,2026-05-06 01:40:00,41495,41507,41492,41496,41151.828125,41231.828125,41351.828125,41041.828125,40951.828125,41427.6628845752,41327.4384880073,0.9380714153
2026-05-06 01:50:01,MXF1!,5,2026-05-06 01:45:00,41497,41501,41490,41496,41155.7114583333,41235.7114583333,41355.7114583333,41045.7114583333,40955.7114583333,41430.3427714546,41330.7763397299,0.9368992183
2026-05-06 01:55:04,MXF1!,5,2026-05-06 01:50:00,41495,41507,41489,41491,41159.6020833333,41239.6020833333,41359.6020833333,41049.6020833333,40959.6020833333,41432.7214862995,41333.9490854778,0.9340571676
2026-05-06 02:00:07,MXF1!,5,2026-05-06 01:55:00,41490,41508,41488,41504,41163.3739583333,41243.3739583333,41363.3739583333,41053.3739583333,40963.3739583333,41435.5167221309,41337.3164303199,0.9372163954
2026-05-06 02:05:04,MXF1!,5,2026-05-06 02:00:00,41503,41519,41501,41519,41166.71875,41246.71875,41366.71875,41056.71875,40966.71875,41438.790576165,41340.914124769,0.9409955186
2026-05-06 02:10:01,MXF1!,5,2026-05-06 02:05:00,41519,41527,41498,41500,41169.9708333333,41249.9708333333,41369.9708333333,41059.9708333333,40969.9708333333,41441.1909457271,41344.0643401201,0.9334934855
2026-05-06 02:15:08,MXF1!,5,2026-05-06 02:10:00,41499,41513,41493,41513,41173.1604166667,41253.1604166667,41373.1604166667,41063.1604166667,40973.1604166667,41444.0069870712,41347.4096007118,0.9366257588
2026-05-06 02:20:12,MXF1!,5,2026-05-06 02:15:00,41507,41515,41500,41505,41175.865625,41255.865625,41375.865625,41065.865625,40975.865625,41446.3988699311,41350.5302026779,0.9328135282
2026-05-06 02:25:04,MXF1!,5,2026-05-06 02:20:00,41505,41523,41505,41514,41178.5020833333,41258.5020833333,41378.5020833333,41068.5020833333,40978.5020833333,41449.0498946397,41353.7672283674,0.9346388921
2026-05-06 02:30:05,MXF1!,5,2026-05-06 02:25:00,41514,41534,41506,41523,41181.1864583333,41261.1864583333,41381.1864583333,41071.1864583333,40981.1864583333,41451.9498987715,41357.1183723601,0.9364743645
2026-05-06 02:35:04,MXF1!,5,2026-05-06 02:30:00,41524,41540,41524,41536,41183.784375,41263.784375,41383.784375,41073.784375,40983.784375,41455.2459811726,41360.6605828085,0.9396386287
2026-05-06 02:40:04,MXF1!,5,2026-05-06 02:35:00,41538,41543,41533,41537,41186.5145833333,41266.5145833333,41386.5145833333,41076.5145833333,40986.5145833333,41458.4520211266,41364.1524524558,0.9388175559
2026-05-06 02:45:10,MXF1!,5,2026-05-06 02:40:00,41534,41538,41519,41521,41189.5791666667,41269.5791666667,41389.5791666667,41079.5791666667,40989.5791666667,41460.9048830432,41367.2583444864,0.932425521
2026-05-06 02:50:07,MXF1!,5,2026-05-06 02:45:00,41518,41528,41505,41507,41192.9197916667,41272.9197916667,41392.9197916667,41082.9197916667,40992.9197916667,41462.7125346886,41370.0255059817,0.9267461097
2026-05-06 02:55:04,MXF1!,5,2026-05-06 02:50:00,41507,41515,41490,41505,41195.896875,41275.896875,41395.896875,41085.896875,40995.896875,41464.3708666616,41372.6982682395,0.92499848
2026-05-06 03:00:04,MXF1!,5,2026-05-06 02:55:00,41507,41516,41497,41505,41199.2125,41279.2125,41399.2125,41089.2125,40999.2125,41465.9641660082,41375.318104512,0.9239227709
2026-05-06 03:05:06,MXF1!,5,2026-05-06 03:00:00,41505,41514,41490,41491,41202.65,41282.65,41402.65,41092.65,41002.65,41466.9459634196,41377.6088351157,0.9182813923
2026-05-06 03:10:07,MXF1!,5,2026-05-06 03:05:00,41493,41507,41485,41499,41205.88125,41285.88125,41405.88125,41095.88125,41005.88125,41468.202984462,41380.012620559,0.9198775876
2026-05-06 03:15:05,MXF1!,5,2026-05-06 03:10:00,41499,41509,41474,41475,41209.2875,41289.2875,41409.2875,41099.2875,41009.2875,41468.4695340909,41381.8935587657,0.9109743869
2026-05-06 03:20:06,MXF1!,5,2026-05-06 03:15:00,41472,41477,41460,41462,41212.546875,41292.546875,41412.546875,41102.546875,41012.546875,41468.2158268717,41383.4798249288,0.9057238682
2026-05-06 03:25:17,MXF1!,5,2026-05-06 03:20:00,41462,41462,41432,41452,41215.6895833333,41295.6895833333,41415.6895833333,41105.6895833333,41015.6895833333,41467.5799120924,41384.8366600787,0.9014835336
2026-05-06 03:30:05,MXF1!,5,2026-05-06 03:25:00,41451,41460,41437,41437,41218.6760416667,41298.6760416667,41418.6760416667,41108.6760416667,41018.6760416667,41466.3806998535,41385.8695975029,0.8956349293
2026-05-06 03:35:02,MXF1!,5,2026-05-06 03:30:00,41436,41455,41432,41450,41221.5875,41301.5875,41421.5875,41111.5875,41021.5875,41465.7383194671,41387.1395064632,0.8989634243
2026-05-06 03:40:01,MXF1!,5,2026-05-06 03:35:00,41448,41463,41440,41462,41224.49375,41304.49375,41424.49375,41114.49375,41024.49375,41465.5917187037,41388.6218924738,0.9019553121
2026-05-06 03:45:00,MXF1!,5,2026-05-06 03:40:00,41460,41474,41452,41465,41227.2739583333,41307.2739583333,41427.2739583333,41117.2739583333,41027.2739583333,41465.5685140486,41390.1343302466,0.9019972775
2026-05-06 03:50:01,MXF1!,5,2026-05-06 03:45:00,41465,41480,41460,41465,41230.1041666667,41310.1041666667,41430.1041666667,41120.1041666667,41030.1041666667,41465.54621938,41391.6168187566,0.90105291
2026-05-06 03:55:01,MXF1!,5,2026-05-06 03:50:00,41466,41466,41418,41427,41232.834375,41312.834375,41432.834375,41122.834375,41032.834375,41464.0346029338,41392.3174758109,0.8876942415
2026-05-06 04:00:02,MXF1!,5,2026-05-06 03:55:00,41425,41463,41418,41443,41235.6322916667,41315.6322916667,41435.6322916667,41125.6322916667,41035.6322916667,41463.2097165442,41393.3210901513,0.8920137446
2026-05-06 04:05:03,MXF1!,5,2026-05-06 04:00:00,41444,41464,41440,41458,41238.7364583333,41318.7364583333,41438.7364583333,41128.7364583333,41038.7364583333,41463.0054139346,41394.6018606434,0.8959848257
2026-05-06 04:10:02,MXF1!,5,2026-05-06 04:05:00,41463,41476,41460,41476,41242.0239583333,41322.0239583333,41442.0239583333,41132.0239583333,41042.0239583333,41463.515005545,41396.2137049871,0.9009099803
2026-05-06 04:15:01,MXF1!,5,2026-05-06 04:10:00,41477,41492,41475,41486,41245.46875,41325.46875,41445.46875,41135.46875,41045.46875,41464.3967700335,41397.9916514229,0.9032027833
2026-05-06 04:20:04,MXF1!,5,2026-05-06 04:15:00,41488,41509,41451,41504,41248.83125,41328.83125,41448.83125,41138.83125,41048.83125,41465.9498378753,41400.0908266423,0.9080877255
2026-05-06 04:25:02,MXF1!,5,2026-05-06 04:20:00,41500,41510,41490,41506,41252.228125,41332.228125,41452.228125,41142.228125,41052.228125,41467.5204324684,41402.1880379959,0.9077492016
2026-05-06 04:30:02,MXF1!,5,2026-05-06 04:25:00,41503,41562,41501,41550,41255.6895833333,41335.6895833333,41455.6895833333,41145.6895833333,41055.6895833333,41470.7549253128,41405.1150075405,0.9210874007
2026-05-06 04:35:02,MXF1!,5,2026-05-06 04:30:00,41550,41561,41535,41541,41259.0520833333,41339.0520833333,41459.0520833333,41149.0520833333,41059.0520833333,41473.5096341241,41407.8057994704,0.9171311858
2026-05-06 04:40:04,MXF1!,5,2026-05-06 04:35:00,41540,41552,41535,41547,41262.2510416667,41342.2510416667,41462.2510416667,41152.2510416667,41062.2510416667,41476.3916092565,41410.562120273,0.9180633968
2026-05-06 04:45:02,MXF1!,5,2026-05-06 04:40:00,41546,41546,41524,41524,41265.128125,41345.128125,41465.128125,41155.128125,41065.128125,41478.2586049719,41412.8084149211,0.9095677719
2026-05-06 04:50:03,MXF1!,5,2026-05-06 04:45:00,41523,41530,41515,41530,41267.7625,41347.7625,41467.7625,41157.7625,41067.7625,41480.2876792867,41415.1290403682,0.9105094563
2026-05-06 04:55:02,MXF1!,5,2026-05-06 04:50:00,41534,41549,41527,41546,41270.5447916667,41350.5447916667,41470.5447916667,41160.5447916667,41070.5447916667,41482.8646330402,41417.7205445193,0.9146927409
2026-05-06 05:01:00,MXF1!,5,2026-05-06 04:55:00,41546,41560,41543,41560,41273.5020833333,41353.5020833333,41473.5020833333,41163.5020833333,41073.5020833333,41485.8895493915,41420.5379594793,0.9182226216
2026-05-06 08:50:01,MXF1!,5,2026-05-06 08:45:00,41671,41705,41617,41657,41277.096875,41357.096875,41477.096875,41167.096875,41077.096875,41492.5997631409,41425.2203761233,0.9485867025
2026-05-06 08:55:00,MXF1!,5,2026-05-06 08:50:00,41660,41696,41645,41682,41280.6510416667,41360.6510416667,41480.6510416667,41170.6510416667,41080.6510416667,41500.0272234099,41430.3051211506,0.9554943695
2026-05-06 09:00:01,MXF1!,5,2026-05-06 08:55:00,41683,41744,41640,41644,41284.278125,41364.278125,41484.278125,41174.278125,41084.278125,41505.6732146487,41434.5367029099,0.9420208785
2026-05-06 09:05:01,MXF1!,5,2026-05-06 09:00:00,41643,41820,41636,41804,41288.1177083333,41368.1177083333,41488.1177083333,41178.1177083333,41088.1177083333,41517.3723042703,41441.8528078028,0.9924782076
2026-05-06 09:10:01,MXF1!,5,2026-05-06 09:05:00,41806,41867,41746,41835,41292.3645833333,41372.3645833333,41492.3645833333,41182.3645833333,41092.3645833333,41529.8282923382,41449.6379007176,1.0010104649
2026-05-06 09:15:00,MXF1!,5,2026-05-06 09:10:00,41833,41955,41816,41942,41297.121875,41377.121875,41497.121875,41187.121875,41097.121875,41545.991888717,41459.3876452579,1.0338508672
2026-05-06 09:20:00,MXF1!,5,2026-05-06 09:15:00,41942,41992,41915,41980,41302.1427083333,41382.1427083333,41502.1427083333,41192.1427083333,41102.1427083333,41563.0118146497,41469.6968007973,1.0442617394
2026-05-06 09:25:00,MXF1!,5,2026-05-06 09:20:00,41980,42002,41842,41871,41306.71875,41386.71875,41506.71875,41196.71875,41106.71875,41575.0897827027,41477.6433988013,1.0075290466
2026-05-06 09:30:02,MXF1!,5,2026-05-06 09:25:00,41872,41886,41756,41785,41310.7,41390.7,41510.7,41200.7,41110.7,41583.32155593,41483.729668132,0.9784502087
2026-05-06 09:35:00,MXF1!,5,2026-05-06 09:30:00,41788,41909,41776,41875,41314.9572916667,41394.9572916667,41514.9572916667,41204.9572916667,41114.9572916667,41594.7599262857,41491.4775954957,1.0058039117
2026-05-06 09:40:00,MXF1!,5,2026-05-06 09:35:00,41880,41934,41780,41793,41318.9833333333,41398.9833333333,41518.9833333333,41208.9833333333,41118.9833333333,41602.5340468235,41497.448336179,0.9780857123
2026-05-06 09:45:00,MXF1!,5,2026-05-06 09:40:00,41792,41812,41707,41712,41322.7447916667,41402.7447916667,41522.7447916667,41212.7447916667,41122.7447916667,41606.826829301,41501.6968839774,0.9508984452
2026-05-06 09:50:00,MXF1!,5,2026-05-06 09:45:00,41710,41716,41452,41508,41325.3395833333,41405.3395833333,41525.3395833333,41215.3395833333,41125.3395833333,41602.9512673677,41501.8216981561,0.8846511428
2026-05-06 09:55:00,MXF1!,5,2026-05-06 09:50:00,41510,41549,41233,41305,41327.1833333333,41407.1833333333,41527.1833333333,41217.1833333333,41127.1833333333,41591.2669039415,41497.9242387866,0.8189892763
2026-05-06 10:00:01,MXF1!,5,2026-05-06 09:55:00,41305,41467,41290,41402,41329.1614583333,41409.1614583333,41529.1614583333,41219.1614583333,41129.1614583333,41583.8446724144,41496.0247489097,0.8492452895
2026-05-06 10:05:00,MXF1!,5,2026-05-06 10:00:00,41401,41407,41219,41220,41330.553125,41410.553125,41530.553125,41220.553125,41130.553125,41569.5762538883,41490.5589122976,0.7904103539
2026-05-06 10:10:00,MXF1!,5,2026-05-06 10:05:00,41221,41338,41041,41306,41331.4395833333,41411.4395833333,41531.4395833333,41221.4395833333,41131.4395833333,41559.2399302064,41486.9042803709,0.8172313643
2026-05-06 10:15:00,MXF1!,5,2026-05-06 10:10:00,41307,41422,41306,41345,41333.1072916667,41413.1072916667,41533.1072916667,41223.1072916667,41133.1072916667,41550.838364316,41484.094294621,0.8289825104
2026-05-06 10:20:01,MXF1!,5,2026-05-06 10:15:00,41344,41430,41326,41383,41334.9083333333,41414.9083333333,41534.9083333333,41224.9083333333,41134.9083333333,41544.2564676761,41482.0924274008,0.8403712274
2026-05-06 10:25:00,MXF1!,5,2026-05-06 10:20:00,41384,41417,41315,41345,41336.6583333333,41416.6583333333,41536.6583333333,41226.6583333333,41136.6583333333,41536.4424885516,41479.3777258681,0.8275062198
2026-05-06 10:29:58,MXF1!,5,2026-05-06 10:25:00,41349,41380,41222,41298,41338.1572916667,41418.1572916667,41538.1572916667,41228.1572916667,41138.1572916667,41527.091802726,41475.7860877321,0.8118194219
2026-05-06 10:34:58,MXF1!,5,2026-05-06 10:30:00,41297,41348,41201,41310,41339.7729166667,41419.7729166667,41539.7729166667,41229.7729166667,41139.7729166667,41518.5783986975,41472.5031949057,0.8149711175
2026-05-06 10:39:59,MXF1!,5,2026-05-06 10:35:00,41317,41343,41175,41208,41341.3416666667,41421.3416666667,41541.3416666667,41231.3416666667,41141.3416666667,41506.3988536506,41467.2655078779,0.7818092156
2026-05-06 10:44:59,MXF1!,5,2026-05-06 10:40:00,41205,41268,41113,41184,41342.21875,41422.21875,41542.21875,41232.21875,41142.21875,41493.7557613506,41461.6562899001,0.7735737809
2026-05-06 10:49:59,MXF1!,5,2026-05-06 10:45:00,41185,41297,41156,41253,41342.5958333333,41422.5958333333,41542.5958333333,41232.5958333333,41142.5958333333,41484.3143589447,41457.5244821793,0.7949804911
2026-05-06 10:54:58,MXF1!,5,2026-05-06 10:50:00,41247,41255,41187,41205,41343.0875,41423.0875,41543.0875,41233.0875,41143.0875,41473.3608546723,41452.5239973837,0.7790728911
2026-05-06 10:59:58,MXF1!,5,2026-05-06 10:55:00,41206,41215,41113,41137,41343.3625,41423.3625,41543.3625,41233.3625,41143.3625,41460.1702329205,41446.2759974355,0.756831081
2026-05-06 11:04:56,MXF1!,5,2026-05-06 11:00:00,41141,41182,41050,41103,41343.3489583333,41423.3489583333,41543.3489583333,41233.3489583333,41143.3489583333,41446.1635571197,41439.4784529318,0.74546468
2026-05-06 11:09:57,MXF1!,5,2026-05-06 11:05:00,41100,41227,41091,41226,41343.70625,41423.70625,41543.70625,41233.70625,41143.70625,41437.5296921346,41435.2511568342,0.7841457712
2026-05-06 11:14:56,MXF1!,5,2026-05-06 11:10:00,41226,41318,41223,41299,41344.5583333333,41424.5583333333,41544.5583333333,41234.5583333333,41144.5583333333,41432.0971551881,41432.5531141246,0.8068030606
2026-05-06 11:19:57,MXF1!,5,2026-05-06 11:15:00,41296,41325,41235,41255,41345.5041666667,41425.5041666667,41545.5041666667,41235.5041666667,41145.5041666667,41425.1521687101,41429.0372108746,0.7921425026
2026-05-06 11:24:57,MXF1!,5,2026-05-06 11:20:00,41254,41298,41230,41288,41346.2145833333,41426.2145833333,41546.2145833333,41236.2145833333,41146.2145833333,41419.7736522901,41426.2443948177,0.8020393195
2026-05-06 11:29:56,MXF1!,5,2026-05-06 11:25:00,41284,41366,41280,41351,41347.0479166667,41427.0479166667,41547.0479166667,41237.0479166667,41147.0479166667,41417.076646318,41424.7544068015,0.8214569824
2026-05-06 11:34:58,MXF1!,5,2026-05-06 11:30:00,41353,41382,41327,41342,41348.3520833333,41428.3520833333,41548.3520833333,41238.3520833333,41148.3520833333,41414.1324641094,41423.1157056767,0.8179022387
2026-05-06 11:39:59,MXF1!,5,2026-05-06 11:35:00,41339,41359,41306,41333,41349.7270833333,41429.7270833333,41549.7270833333,41239.7270833333,41149.7270833333,41410.9507988502,41421.3312362573,0.8143600669
2026-05-06 11:44:56,MXF1!,5,2026-05-06 11:40:00,41332,41333,41279,41322,41351.1052083333,41431.1052083333,41551.1052083333,41241.1052083333,41151.1052083333,41407.4625322287,41419.3642810839,0.8101931283
2026-05-06 11:49:58,MXF1!,5,2026-05-06 11:45:00,41320,41342,41293,41295,41352.4,41432.4,41552.4,41242.4,41152.4,41403.0522368471,41416.9016220526,0.8009439327
2026-05-06 11:55:01,MXF1!,5,2026-05-06 11:50:00,41299,41328,41284,41303,41353.528125,41433.528125,41553.528125,41243.528125,41153.528125,41399.1286197159,41414.6461443882,0.802854233
2026-05-06 12:00:07,MXF1!,5,2026-05-06 11:55:00,41300,41358,41295,41335,41354.6177083333,41434.6177083333,41554.6177083333,41244.6177083333,41154.6177083333,41396.6137718839,41413.0689930141,0.8123920602
2026-05-06 12:05:00,MXF1!,5,2026-05-06 12:00:00,41330,41362,41307,41325,41355.6083333333,41435.6083333333,41555.6083333333,41245.6083333333,41155.6083333333,41393.8053886728,41411.3250525584,0.8085452578
2026-05-06 12:10:04,MXF1!,5,2026-05-06 12:05:00,41322,41367,41320,41336,41356.609375,41436.609375,41556.609375,41246.609375,41156.609375,41391.5385106856,41409.8334673592,0.811386137
2026-05-06 12:15:00,MXF1!,5,2026-05-06 12:10:00,41343,41354,41312,41354,41357.56875,41437.56875,41557.56875,41247.56875,41157.56875,41390.0664122273,41408.7278541442,0.8164446545
2026-05-06 12:20:02,MXF1!,5,2026-05-06 12:15:00,41353,41365,41288,41294,41358.4885416667,41438.4885416667,41558.4885416667,41248.4885416667,41158.4885416667,41386.2991019439,41406.4560154483,0.7966945654
2026-05-06 12:25:01,MXF1!,5,2026-05-06 12:20:00,41293,41340,41278,41293,41359.3041666667,41439.3041666667,41559.3041666667,41249.3041666667,41159.3041666667,41382.6403136324,41404.209361677,0.7957527867
2026-05-06 12:30:01,MXF1!,5,2026-05-06 12:25:00,41293,41342,41272,41333,41360.30625,41440.30625,41560.30625,41250.30625,41160.30625,41380.6936346664,41402.7992753072,0.8078469726
2026-05-06 12:35:00,MXF1!,5,2026-05-06 12:30:00,41332,41423,41328,41391,41361.65,41441.65,41561.65,41251.65,41161.65,41381.0978058559,41402.5656262912,0.8256282735
2026-05-06 12:40:00,MXF1!,5,2026-05-06 12:35:00,41392,41421,41336,41413,41362.8645833333,41442.8645833333,41562.8645833333,41252.8645833333,41162.8645833333,41382.348872293,41402.7722475528,0.8319155704
2026-05-06 12:45:01,MXF1!,5,2026-05-06 12:40:00,41411,41441,41371,41405,41364.165625,41444.165625,41564.165625,41254.165625,41164.165625,41383.2371518109,41402.8163614626,0.828646103
2026-05-06 12:50:01,MXF1!,5,2026-05-06 12:45:00,41406,41456,41400,41446,41365.7520833333,41445.7520833333,41565.7520833333,41255.7520833333,41165.7520833333,41385.6984399752,41403.6714830178,0.8409527236
2026-05-06 12:54:58,MXF1!,5,2026-05-06 12:50:00,41446,41462,41413,41454,41367.3802083333,41447.3802083333,41567.3802083333,41257.3802083333,41167.3802083333,41388.3769325252,41404.6680873145,0.8427718011
2026-05-06 12:59:59,MXF1!,5,2026-05-06 12:55:00,41455,41475,41415,41416,41369.0645833333,41449.0645833333,41569.0645833333,41259.0645833333,41169.0645833333,41389.4601900732,41404.8924816251,0.8299866009
2026-05-06 13:04:58,MXF1!,5,2026-05-06 13:00:00,41416,41426,41381,41408,41370.60625,41450.60625,41570.60625,41260.60625,41170.60625,41390.1872414429,41404.9540166424,0.8268123815
2026-05-06 13:09:59,MXF1!,5,2026-05-06 13:05:00,41404,41438,41393,41435,41372.2583333333,41452.2583333333,41572.2583333333,41262.2583333333,41172.2583333333,41391.9446045235,41405.5489866099,0.8347245859
2026-05-06 13:14:58,MXF1!,5,2026-05-06 13:10:00,41431,41498,41429,41492,41374.1197916667,41454.1197916667,41574.1197916667,41264.1197916667,41174.1197916667,41395.8683455226,41407.2608878651,0.8521171351
2026-05-06 13:19:58,MXF1!,5,2026-05-06 13:15:00,41490,41552,41481,41547,41376.3520833333,41456.3520833333,41576.3520833333,41266.3520833333,41176.3520833333,41401.7950770708,41410.0279989965,0.8688451111
2026-05-06 13:24:58,MXF1!,5,2026-05-06 13:20:00,41547,41551,41480,41487,41378.5010416667,41458.5010416667,41578.5010416667,41268.5010416667,41178.5010416667,41405.1364465974,41411.5521970362,0.8489977533
2026-05-06 13:29:58,MXF1!,5,2026-05-06 13:25:00,41489,41497,41450,41474,41380.3729166667,41460.3729166667,41580.3729166667,41270.3729166667,41180.3729166667,41407.8369781034,41412.7887871939,0.8441084681
2026-05-06 13:34:58,MXF1!,5,2026-05-06 13:30:00,41473,41511,41461,41466,41382.2135416667,41462.2135416667,41582.2135416667,41272.2135416667,41182.2135416667,41410.1178809229,41413.8424745762,0.8408165489
2026-05-06 13:39:58,MXF1!,5,2026-05-06 13:35:00,41465,41467,41432,41463,41384.0302083333,41464.0302083333,41584.0302083333,41274.0302083333,41184.0302083333,41412.1916895141,41414.8158909212,0.8391416257
2026-05-06 13:45:58,MXF1!,5,2026-05-06 13:40:00,41459,41540,41455,41511,41386.1833333333,41466.1833333333,41586.1833333333,41276.1833333333,41186.1833333333,41416.0665252194,41416.7205267446,0.8536451415
2026-05-06 15:04:58,MXF1!,5,2026-05-06 15:00:00,41436,41503,41413,41477,41388.1322916667,41468.1322916667,41588.1322916667,41278.1322916667,41188.1322916667,41418.45607325,41417.9141796803,0.8420910234
2026-05-06 15:10:02,MXF1!,5,2026-05-06 15:05:00,41477,41510,41471,41493,41390.2322916667,41470.2322916667,41590.2322916667,41280.2322916667,41190.2322916667,41421.3793644951,41419.4010276074,0.8464169923
2026-05-06 15:15:01,MXF1!,5,2026-05-06 15:10:00,41494,41499,41437,41443,41392.1447916667,41472.1447916667,41592.1447916667,41282.1447916667,41192.1447916667,41422.2272325542,41419.8683339914,0.8298147094
2026-05-06 15:20:00,MXF1!,5,2026-05-06 15:15:00,41441,41462,41430,41443,41393.953125,41473.953125,41593.953125,41283.953125,41193.953125,41423.0418508854,41420.3263867837,0.8291129041
2026-05-06 15:25:00,MXF1!,5,2026-05-06 15:20:00,41442,41461,41421,41450,41395.7958333333,41475.7958333333,41595.7958333333,41285.7958333333,41195.7958333333,41424.0990332036,41420.913983085,0.8306511624
2026-05-06 15:30:03,MXF1!,5,2026-05-06 15:25:00,41451,41451,41420,41443,41397.5833333333,41477.5833333333,41597.5833333333,41287.5833333333,41197.5833333333,41424.8402475878,41421.3513299546,0.8277375702
2026-05-06 15:35:05,MXF1!,5,2026-05-06 15:30:00,41445,41466,41425,41462,41399.3666666667,41479.3666666667,41599.3666666667,41289.3666666667,41199.3666666667,41426.2974927804,41422.1562541139,0.833094567
2026-05-06 15:40:02,MXF1!,5,2026-05-06 15:35:00,41463,41496,41462,41489,41401.1354166667,41481.1354166667,41601.1354166667,41291.1354166667,41201.1354166667,41428.7564146321,41423.4798926463,0.8409725054
2026-05-06 15:45:01,MXF1!,5,2026-05-06 15:40:00,41490,41505,41479,41496,41403.1,41483.1,41603.1,41293.1,41203.1,41431.3934179799,41424.9159343761,0.8424785011
2026-05-06 15:50:01,MXF1!,5,2026-05-06 15:45:00,41498,41543,41498,41537,41405.41875,41485.41875,41605.41875,41295.41875,41205.41875,41435.5348525689,41427.1354208241,0.8547657844
2026-05-06 15:55:01,MXF1!,5,2026-05-06 15:50:00,41537,41550,41521,41529,41407.7885416667,41487.7885416667,41607.7885416667,41297.7885416667,41207.7885416667,41439.2001524682,41429.1525412038,0.851498238
2026-05-06 16:00:03,MXF1!,5,2026-05-06 15:55:00,41527,41588,41527,41586,41410.2791666667,41490.2791666667,41610.2791666667,41300.2791666667,41210.2791666667,41444.9570092341,41432.258431477,0.8688158263
2026-05-06 16:05:01,MXF1!,5,2026-05-06 16:00:00,41586,41618,41574,41581,41413.2177083333,41493.2177083333,41613.2177083333,41303.2177083333,41213.2177083333,41450.2920284799,41435.2038090715,0.8664372917
2026-05-06 16:10:01,MXF1!,5,2026-05-06 16:05:00,41581,41614,41570,41593,41416.1510416667,41496.1510416667,41616.1510416667,41306.1510416667,41216.1510416667,41455.8884195199,41438.3284861196,0.8694294839
2026-05-06 16:15:01,MXF1!,5,2026-05-06 16:10:00,41593,41620,41584,41591,41419.0822916667,41499.0822916667,41619.0822916667,41309.0822916667,41219.0822916667,41461.186912872,41441.3516844143,0.8679684451
2026-05-06 16:20:00,MXF1!,5,2026-05-06 16:15:00,41585,41590,41535,41540,41422.021875,41502.021875,41622.021875,41312.021875,41222.021875,41464.2776221712,41443.3051164061,0.8509931483
2026-05-06 16:25:03,MXF1!,5,2026-05-06 16:20:00,41541,41548,41519,41544,41424.9072916667,41504.9072916667,41624.9072916667,41314.9072916667,41224.9072916667,41467.4039899292,41445.299074497,0.8514811799
2026-05-06 16:30:01,MXF1!,5,2026-05-06 16:25:00,41543,41550,41526,41537,41427.6739583333,41507.6739583333,41627.6739583333,41317.6739583333,41227.6739583333,41470.133245226,41447.114934408,0.8484881583
2026-05-06 16:35:04,MXF1!,5,2026-05-06 16:30:00,41537,41571,41533,41562,41430.4135416667,41510.4135416667,41630.4135416667,41320.4135416667,41230.4135416667,41473.7358630603,41449.3898862019,0.8556280902
2026-05-06 16:40:03,MXF1!,5,2026-05-06 16:35:00,41561,41570,41547,41563,41433.0541666667,41513.0541666667,41633.0541666667,41323.0541666667,41233.0541666667,41477.2364174501,41451.6395914256,0.8551514943
2026-05-06 16:45:06,MXF1!,5,2026-05-06 16:40:00,41566,41580,41558,41558,41435.7666666667,41515.7666666667,41635.7666666667,41325.7666666667,41235.7666666667,41480.4036167658,41453.7457381301,0.8527826601
2026-05-06 16:50:01,MXF1!,5,2026-05-06 16:45:00,41558,41579,41508,41515,41438.2770833333,41518.2770833333,41638.2770833333,41328.2770833333,41238.2770833333,41481.7603376769,41454.9586938107,0.8384005945
2026-05-06 16:55:01,MXF1!,5,2026-05-06 16:50:00,41516,41883,41513,41843,41441.84375,41521.84375,41641.84375,41331.84375,41241.84375,41495.9265989445,41462.6426800718,0.9411854297
2026-05-06 17:00:03,MXF1!,5,2026-05-06 16:55:00,41841,41874,41807,41808,41445.721875,41525.721875,41645.721875,41335.721875,41245.721875,41508.1647715349,41469.4814388823,0.928976216
2026-05-06 17:05:00,MXF1!,5,2026-05-06 17:00:00,41808,41853,41719,41749,41449.4520833333,41529.4520833333,41649.4520833333,41339.4520833333,41249.4520833333,41517.6092902983,41475.0164598945,0.9092733587
2026-05-06 17:10:01,MXF1!,5,2026-05-06 17:05:00,41749,41780,41726,41733,41452.8416666667,41532.8416666667,41652.8416666667,41342.8416666667,41252.8416666667,41526.0559847964,41480.1250448471,0.9031986112
2026-05-06 17:15:00,MXF1!,5,2026-05-06 17:10:00,41733,41783,41720,41761,41456.05625,41536.05625,41656.05625,41346.05625,41256.05625,41535.2694755887,41485.6869251472,0.9109905396
2026-05-06 17:20:01,MXF1!,5,2026-05-06 17:15:00,41765,41800,41759,41782,41459.0364583333,41539.0364583333,41659.0364583333,41349.0364583333,41259.0364583333,41544.9451824283,41491.5545107878,0.9165305058
2026-05-06 17:25:04,MXF1!,5,2026-05-06 17:20:00,41780,41790,41708,41727,41461.6520833333,41541.6520833333,41661.6520833333,41351.6520833333,41261.6520833333,41552.084587039,41496.2167977029,0.8981888625
2026-05-06 17:30:09,MXF1!,5,2026-05-06 17:25:00,41728,41775,41722,41762,41464.2072916667,41544.2072916667,41664.2072916667,41354.2072916667,41264.2072916667,41560.3165640178,41501.4798314118,0.9081750262
2026-05-06 17:35:00,MXF1!,5,2026-05-06 17:30:00,41765,41835,41745,41824,41467.0114583333,41547.0114583333,41667.0114583333,41357.0114583333,41267.0114583333,41570.6570909191,41507.8663694036,0.9265667987
2026-05-06 17:40:02,MXF1!,5,2026-05-06 17:35:00,41825,41842,41801,41836,41470.053125,41550.053125,41670.053125,41360.053125,41270.053125,41581.0626951968,41514.364065059,0.9291983271
2026-05-06 17:45:02,MXF1!,5,2026-05-06 17:40:00,41837,41844,41806,41806,41473.0583333333,41553.0583333333,41673.0583333333,41363.0583333333,41273.0583333333,41589.8837659734,41520.1390340677,0.918682534
2026-05-06 17:50:02,MXF1!,5,2026-05-06 17:45:00,41807,41808,41776,41805,41475.9958333333,41555.9958333333,41675.9958333333,41365.9958333333,41275.9958333333,41598.3196967195,41525.7798452743,0.9172828195
2026-05-06 17:55:02,MXF1!,5,2026-05-06 17:50:00,41802,41819,41779,41815,41478.9614583333,41558.9614583333,41678.9614583333,41368.9614583333,41278.9614583333,41606.8169635148,41531.506977051,0.9193362621
2026-05-06 18:00:17,MXF1!,5,2026-05-06 17:55:00,41816,41838,41814,41836,41481.9958333333,41561.9958333333,41681.9958333333,41371.9958333333,41281.9958333333,41615.8045335731,41537.5365418619,0.9248081332
2026-05-06 18:05:03,MXF1!,5,2026-05-06 18:00:00,41836,41874,41836,41850,41485.0395833333,41565.0395833333,41685.0395833333,41375.0395833333,41285.0395833333,41624.9886695114,41543.7239370726,0.9280724042
2026-05-06 18:10:01,MXF1!,5,2026-05-06 18:05:00,41846,41854,41821,41830,41487.6979166667,41567.6979166667,41687.6979166667,41377.6979166667,41287.6979166667,41633.0283295305,41549.3927700018,0.9207523749
2026-05-06 18:15:01,MXF1!,5,2026-05-06 18:10:00,41830,41848,41826,41836,41490.353125,41570.353125,41690.353125,41380.353125,41290.353125,41640.9880028823,41555.0681606949,0.921562367
2026-05-06 18:20:02,MXF1!,5,2026-05-06 18:15:00,41836,41890,41830,41882,41493.1666666667,41573.1666666667,41693.1666666667,41383.1666666667,41293.1666666667,41650.4394537497,41561.5420585029,0.9348030042
2026-05-06 18:25:03,MXF1!,5,2026-05-06 18:20:00,41881,41898,41867,41869,41496.1416666667,41576.1416666667,41696.1416666667,41386.1416666667,41296.1416666667,41659.0104555634,41567.6303345721,0.9296533344
2026-05-06 18:30:03,MXF1!,5,2026-05-06 18:25:00,41869,41890,41865,41887,41499.059375,41579.059375,41699.059375,41389.059375,41299.059375,41667.9512220119,41573.9544863628,0.9341708313
2026-05-06 18:35:02,MXF1!,5,2026-05-06 18:30:00,41885,41911,41885,41894,41502.1614583333,41582.1614583333,41702.1614583333,41392.1614583333,41302.1614583333,41676.8158799722,41580.2920212863,0.9352651475
2026-05-06 18:40:01,MXF1!,5,2026-05-06 18:35:00,41895,41907,41883,41901,41505.0520833333,41585.0520833333,41705.0520833333,41395.0520833333,41305.0520833333,41685.6074140909,41586.6426743301,0.936338792
2026-05-06 18:45:01,MXF1!,5,2026-05-06 18:40:00,41902,41967,41897,41946,41508.1625,41588.1625,41708.1625,41398.1625,41308.1625,41695.8188880482,41593.7586609771,0.9491497453
2026-05-06 18:50:01,MXF1!,5,2026-05-06 18:45:00,41950,41967,41898,41922,41511.1739583333,41591.1739583333,41711.1739583333,41401.1739583333,41311.1739583333,41704.6887355757,41600.2584894726,0.9405505463
2026-05-06 18:55:01,MXF1!,5,2026-05-06 18:50:00,41919,41982,41895,41966,41513.759375,41593.759375,41713.759375,41403.759375,41313.759375,41714.9362361414,41607.5008956216,0.9530147101
2026-05-06 19:00:02,MXF1!,5,2026-05-06 18:55:00,41964,41985,41928,41948,41516.3270833333,41596.3270833333,41716.3270833333,41406.3270833333,41316.3270833333,41724.0759915868,41614.243452144,0.9462503846
2026-05-06 19:05:04,MXF1!,5,2026-05-06 19:00:00,41946,41984,41931,41955,41518.9677083333,41598.9677083333,41718.9677083333,41408.9677083333,41318.9677083333,41733.131835054,41620.991106557,0.9472343314
2026-05-06 19:10:01,MXF1!,5,2026-05-06 19:05:00,41957,41994,41957,41976,41521.759375,41601.759375,41721.759375,41411.759375,41321.759375,41742.6560768166,41628.020985635,0.9525385186
2026-05-06 19:15:03,MXF1!,5,2026-05-06 19:10:00,41978,41993,41945,41983,41524.6947916667,41604.6947916667,41724.6947916667,41414.6947916667,41324.6947916667,41752.0813287061,41635.0502730482,0.9535072884
2026-05-06 19:20:02,MXF1!,5,2026-05-06 19:15:00,41982,42000,41976,41980,41528.125,41608.125,41728.125,41418.125,41328.125,41761.0193158157,41641.8809607106,0.9513876699
2026-05-06 19:25:04,MXF1!,5,2026-05-06 19:20:00,41978,41982,41950,41957,41531.3010416667,41611.3010416667,41731.3010416667,41421.3010416667,41331.3010416667,41768.7048328425,41648.1209416866,0.9431269134
2026-05-06 19:30:03,MXF1!,5,2026-05-06 19:25:00,41957,41957,41927,41940,41534.046875,41614.046875,41734.046875,41424.046875,41334.046875,41775.4222903781,41653.9007250196,0.9367458284
2026-05-06 19:35:03,MXF1!,5,2026-05-06 19:30:00,41938,41945,41906,41942,41536.70625,41616.70625,41736.70625,41426.70625,41336.70625,41781.954749579,41659.6056611578,0.9362500071
2026-05-06 19:40:05,MXF1!,5,2026-05-06 19:35:00,41943,41955,41934,41948,41539.6604166667,41619.6604166667,41739.6604166667,41429.6604166667,41339.6604166667,41788.4663280269,41665.3164401448,0.9369924589
2026-05-06 19:45:01,MXF1!,5,2026-05-06 19:40:00,41950,41962,41836,41838,41542.484375,41622.484375,41742.484375,41432.484375,41342.484375,41790.408824967,41668.7359165776,0.9021703647
2026-05-06 19:50:03,MXF1!,5,2026-05-06 19:45:00,41836,41855,41798,41830,41545.1104166667,41625.1104166667,41745.1104166667,41435.1104166667,41345.1104166667,41791.9614200663,41671.9292647641,0.8987855566
2026-05-06 19:55:00,MXF1!,5,2026-05-06 19:50:00,41830,41878,41819,41877,41547.7635416667,41627.7635416667,41747.7635416667,41437.7635416667,41347.7635416667,41795.2962663382,41675.9900714025,0.9122618927
2026-05-06 20:00:01,MXF1!,5,2026-05-06 19:55:00,41877,41878,41820,41850,41550.2208333333,41630.2208333333,41750.2208333333,41440.2208333333,41350.2208333333,41797.4415107955,41679.4358125628,0.9030081119
2026-05-06 20:05:00,MXF1!,5,2026-05-06 20:00:00,41848,41850,41806,41822,41552.4020833333,41632.4020833333,41752.4020833333,41442.4020833333,41352.4020833333,41798.4045888036,41682.2588657794,0.893500593
2026-05-06 20:10:01,MXF1!,5,2026-05-06 20:05:00,41824,41832,41775,41825,41554.4125,41634.4125,41754.4125,41444.4125,41354.4125,41799.4475461054,41685.0854228927,0.8935358585
2026-05-06 20:15:01,MXF1!,5,2026-05-06 20:10:00,41822,41843,41744,41766,41556.4229166667,41636.4229166667,41756.4229166667,41446.4229166667,41356.4229166667,41798.1358776307,41686.6876917463,0.8745929154
2026-05-06 20:20:08,MXF1!,5,2026-05-06 20:15:00,41759,41809,41720,41770,41558.1927083333,41638.1927083333,41758.1927083333,41448.1927083333,41358.1927083333,41797.0325098804,41688.3374404246,0.8749960791
2026-05-06 20:25:02,MXF1!,5,2026-05-06 20:20:00,41771,41806,41754,41794,41560.028125,41640.028125,41760.028125,41450.028125,41360.028125,41796.9135879243,41690.429768337,0.8815085534
2026-05-06 20:30:02,MXF1!,5,2026-05-06 20:25:00,41796,41815,41785,41803,41561.8697916667,41641.8697916667,41761.8697916667,41451.8697916667,41361.8697916667,41797.1522707508,41692.6588818352,0.8834294783
2026-05-06 20:35:02,MXF1!,5,2026-05-06 20:30:00,41804,41812,41774,41788,41563.7260416667,41643.7260416667,41763.7260416667,41453.7260416667,41363.7260416667,41796.7933581724,41694.5468247692,0.8780053639
2026-05-06 20:40:03,MXF1!,5,2026-05-06 20:35:00,41792,41807,41775,41793,41565.540625,41645.540625,41765.540625,41455.540625,41365.540625,41796.6445990283,41696.4963925956,0.8787080213
2026-05-06 20:45:01,MXF1!,5,2026-05-06 20:40:00,41791,41794,41755,41769,41567.1802083333,41647.1802083333,41767.1802083333,41457.1802083333,41367.1802083333,41795.5604971057,41697.9321075937,0.8705499681
2026-05-06 20:50:02,MXF1!,5,2026-05-06 20:45:00,41769,41818,41763,41795,41568.775,41648.775,41768.775,41458.775,41368.775,41795.538516827,41699.854244077,0.8777005284
2026-05-06 20:55:01,MXF1!,5,2026-05-06 20:50:00,41795,41811,41745,41753,41570.2427083333,41650.2427083333,41770.2427083333,41460.2427083333,41370.2427083333,41793.8703396965,41700.9066352833,0.8640422206
2026-05-06 21:00:01,MXF1!,5,2026-05-06 20:55:00,41753,41777,41742,41759,41571.4885416667,41651.4885416667,41771.4885416667,41461.4885416667,41371.4885416667,41792.5028753947,41702.0569989411,0.8651056481
2026-05-06 21:05:01,MXF1!,5,2026-05-06 21:00:00,41758,41782,41696,41734,41572.6385416667,41652.6385416667,41772.6385416667,41462.6385416667,41372.6385416667,41790.2086449871,41702.6895336155,0.8566845644
2026-05-06 21:10:01,MXF1!,5,2026-05-06 21:05:00,41733,41762,41658,41682,41573.5916666667,41653.5916666667,41773.5916666667,41463.5916666667,41373.5916666667,41785.9651687131,41702.2798398806,0.840037766
2026-05-06 21:15:03,MXF1!,5,2026-05-06 21:10:00,41683,41733,41670,41732,41574.684375,41654.684375,41774.684375,41464.684375,41374.684375,41783.8488875871,41702.8683579027,0.8546227033
2026-05-06 21:20:02,MXF1!,5,2026-05-06 21:15:00,41731,41778,41729,41750,41576.028125,41656.028125,41776.028125,41466.028125,41376.028125,41782.5214802307,41703.8016577463,0.8593946149
2026-05-06 21:25:01,MXF1!,5,2026-05-06 21:20:00,41745,41750,41715,41728,41577.265625,41657.265625,41777.265625,41467.265625,41377.265625,41780.3833829668,41704.2808328404,0.851938884
2026-05-06 21:30:03,MXF1!,5,2026-05-06 21:25:00,41729,41753,41728,41745,41578.6510416667,41658.6510416667,41778.6510416667,41468.6510416667,41378.6510416667,41778.995799321,41705.0871529822,0.8564219328
2026-05-06 21:35:03,MXF1!,5,2026-05-06 21:30:00,41743,41863,41674,41855,41580.3583333333,41660.3583333333,41780.3583333333,41470.3583333333,41380.3583333333,41781.9763562104,41708.0557242102,0.8893373891
2026-05-06 21:40:04,MXF1!,5,2026-05-06 21:35:00,41854,41873,41811,41852,41582.290625,41662.290625,41782.290625,41472.290625,41382.290625,41784.722381457,41710.9061059091,0.8876074956
2026-05-06 21:45:03,MXF1!,5,2026-05-06 21:40:00,41857,41902,41847,41879,41584.5885416667,41664.5885416667,41784.5885416667,41474.5885416667,41384.5885416667,41788.4195429685,41714.2346978713,0.89504366
2026-05-06 21:50:00,MXF1!,5,2026-05-06 21:45:00,41882,41930,41874,41893,41586.771875,41666.771875,41786.771875,41476.771875,41386.771875,41792.5207373619,41717.7746048441,0.8984819004
2026-05-06 21:55:02,MXF1!,5,2026-05-06 21:50:00,41897,41910,41799,41894,41588.8125,41668.8125,41788.8125,41478.8125,41388.8125,41796.5003162889,41721.2642166294,0.8979489029
2026-05-06 22:00:02,MXF1!,5,2026-05-06 21:55:00,41898,41915,41872,41898,41590.96875,41670.96875,41790.96875,41480.96875,41390.96875,41800.4806960423,41724.7639351119,0.898326194
2026-05-06 22:05:01,MXF1!,5,2026-05-06 22:00:00,41900,41905,41779,41787,41592.8427083333,41672.8427083333,41792.8427083333,41482.8427083333,41392.8427083333,41799.9520412955,41725.9963324365,0.8635505146
2026-05-06 22:10:04,MXF1!,5,2026-05-06 22:05:00,41789,41814,41700,41803,41594.33125,41674.33125,41794.33125,41484.33125,41394.33125,41800.0715690878,41727.5211575367,0.8677000691
2026-05-06 22:15:05,MXF1!,5,2026-05-06 22:10:00,41802,41830,41775,41782,41596.0125,41676.0125,41796.0125,41486.0125,41396.0125,41799.362880104,41728.5999464964,0.8604959888
2026-05-06 22:20:01,MXF1!,5,2026-05-06 22:15:00,41782,41796,41707,41717,41597.325,41677.325,41797.325,41487.325,41397.325,41796.1329632372,41728.3702445856,0.8398534461
2026-05-06 22:25:01,MXF1!,5,2026-05-06 22:20:00,41717,41738,41666,41735,41598.4291666667,41678.4291666667,41798.4291666667,41488.4291666667,41398.4291666667,41793.7355921298,41728.501526871,0.8446463643
2026-05-06 22:30:01,MXF1!,5,2026-05-06 22:25:00,41735,41773,41693,41715,41599.671875,41679.671875,41799.671875,41489.671875,41399.671875,41790.6479218502,41728.2341699033,0.8378106849
2026-05-06 22:35:00,MXF1!,5,2026-05-06 22:30:00,41718,41824,41707,41819,41601.103125,41681.103125,41801.103125,41491.103125,41401.103125,41791.7597680522,41730.0315130735,0.8689034295
2026-05-06 22:40:02,MXF1!,5,2026-05-06 22:35:00,41819,41852,41814,41848,41602.7958333333,41682.7958333333,41802.7958333333,41492.7958333333,41402.7958333333,41793.9652673443,41732.3675227156,0.8769743347
2026-05-06 22:45:02,MXF1!,5,2026-05-06 22:40:00,41849,41914,41847,41889,41604.753125,41684.753125,41804.753125,41494.753125,41404.753125,41797.6921196053,41735.4691559292,0.888671741
2026-05-06 22:50:02,MXF1!,5,2026-05-06 22:45:00,41890,41922,41886,41905,41606.8760416667,41686.8760416667,41806.8760416667,41496.8760416667,41406.8760416667,41801.9002717776,41738.8262023464,0.8926866183
2026-05-06 22:55:01,MXF1!,5,2026-05-06 22:50:00,41906,41925,41880,41906,41608.9666666667,41688.9666666667,41808.9666666667,41498.9666666667,41408.9666666667,41805.9826140608,41742.1365745772,0.8921049229
2026-05-06 23:00:11,MXF1!,5,2026-05-06 22:55:00,41904,41926,41862,41892,41611.0208333333,41691.0208333333,41811.0208333333,41501.0208333333,41411.0208333333,41809.355844882,41745.1041671598,0.8869428184
2026-05-06 23:05:00,MXF1!,5,2026-05-06 23:00:00,41889,41911,41863,41908,41613.009375,41693.009375,41813.009375,41503.009375,41413.009375,41813.2242431219,41748.329827216,0.8909610939
2026-05-06 23:10:02,MXF1!,5,2026-05-06 23:05:00,41910,41950,41901,41908,41615.0989583333,41695.0989583333,41815.0989583333,41505.0989583333,41415.0989583333,41816.9409394701,41751.4916128157,0.8900793113
2026-05-06 23:15:01,MXF1!,5,2026-05-06 23:10:00,41907,41942,41884,41910,41617.2479166667,41697.2479166667,41817.2479166667,41507.2479166667,41417.2479166667,41820.5903143928,41754.63039276,0.8898124012
2026-05-06 23:20:01,MXF1!,5,2026-05-06 23:15:00,41912,41980,41902,41980,41619.5395833333,41699.5395833333,41819.5395833333,41509.5395833333,41419.5395833333,41826.8416746127,41759.0931572598,0.9102605198
2026-05-06 23:25:02,MXF1!,5,2026-05-06 23:20:00,41981,41989,41962,41975,41621.9416666667,41701.9416666667,41821.9416666667,41511.9416666667,41421.9416666667,41832.65180502,41763.3685402843,0.9077721206
2026-05-06 23:30:01,MXF1!,5,2026-05-06 23:25:00,41980,42038,41975,42014,41624.51875,41704.51875,41824.51875,41514.51875,41424.51875,41839.7634989408,41768.3315394866,0.9186847223
2026-05-06 23:35:01,MXF1!,5,2026-05-06 23:30:00,42014,42038,42008,42027,41627.0572916667,41707.0572916667,41827.0572916667,41517.0572916667,41427.0572916667,41847.1061068255,41773.4536872196,0.9216269083
2026-05-06 23:40:02,MXF1!,5,2026-05-06 23:35:00,42029,42040,41961,41987,41629.4364583333,41709.4364583333,41829.4364583333,41519.4364583333,41429.4364583333,41852.592141852,41777.6823270766,0.9084514683
2026-05-06 23:45:02,MXF1!,5,2026-05-06 23:40:00,41985,41990,41894,41945,41631.6677083333,41711.6677083333,41831.6677083333,41521.6677083333,41431.6677083333,41856.2159794264,41780.9955483226,0.8947250997
2026-05-06 23:50:01,MXF1!,5,2026-05-06 23:45:00,41948,41994,41943,41946,41634.0052083333,41714.0052083333,41834.0052083333,41524.0052083333,41434.0052083333,41859.7369214097,41784.2629632073,0.8941184569
2026-05-06 23:55:04,MXF1!,5,2026-05-06 23:50:00,41943,41970,41920,41957,41636.325,41716.325,41836.325,41526.325,41436.325,41863.5511597858,41787.6834985893,0.8965470668
2026-05-07 00:00:03,MXF1!,5,2026-05-06 23:55:00,41958,41969,41927,41939,41638.6114583333,41718.6114583333,41838.6114583333,41528.6114583333,41438.6114583333,41866.5099378334,41790.6798649539,0.8901729075
2026-05-07 00:05:05,MXF1!,5,2026-05-07 00:00:00,41936,41996,41933,41985,41641.0958333333,41721.0958333333,41841.0958333333,41531.0958333333,41441.0958333333,41871.1566069379,41794.5277884202,0.9032492445
2026-05-07 00:10:03,MXF1!,5,2026-05-07 00:05:00,41990,42012,41986,41999,41643.7020833333,41723.7020833333,41843.7020833333,41533.7020833333,41443.7020833333,41876.1700733325,41798.5767431049,0.9065683856
2026-05-07 00:15:02,MXF1!,5,2026-05-07 00:10:00,42000,42070,41996,42053,41646.603125,41726.603125,41846.603125,41536.603125,41446.603125,41883.1045802607,41803.6148273999,0.922015769
2026-05-07 00:20:02,MXF1!,5,2026-05-07 00:15:00,42052,42063,42003,42007,41649.4802083333,41729.4802083333,41849.4802083333,41539.4802083333,41449.4802083333,41887.963224172,41807.6422565603,0.9070867466
2026-05-07 00:25:01,MXF1!,5,2026-05-07 00:20:00,42007,42029,41999,42028,41652.4447916667,41732.4447916667,41852.4447916667,41542.4447916667,41452.4447916667,41893.4548624398,41812.0057762323,0.9125293786
2026-05-07 00:30:01,MXF1!,5,2026-05-07 00:25:00,42028,42040,42002,42008,41655.415625,41735.415625,41855.415625,41545.415625,41455.415625,41897.9468286186,41815.8868499703,0.9055779583
2026-05-07 00:35:04,MXF1!,5,2026-05-07 00:30:00,42009,42030,42007,42020,41658.3927083333,41738.3927083333,41858.3927083333,41548.3927083333,41458.3927083333,41902.7332274963,41819.9286945254,0.9083432319
2026-05-07 00:40:06,MXF1!,5,2026-05-07 00:35:00,42020,42024,41992,42010,41661.2635416667,41741.2635416667,41861.2635416667,41551.2635416667,41461.2635416667,41906.9397675945,41823.6924827526,0.9044253618
2026-05-07 00:45:01,MXF1!,5,2026-05-07 00:40:00,42010,42023,41991,41992,41664.0916666667,41744.0916666667,41864.0916666667,41554.0916666667,41464.0916666667,41910.275462983,41827.0253048763,0.8981129164
2026-05-07 00:50:04,MXF1!,5,2026-05-07 00:45:00,41991,41993,41941,41961,41666.68125,41746.68125,41866.68125,41556.68125,41466.68125,41912.264660513,41829.6782691362,0.8878904517
2026-05-07 00:55:02,MXF1!,5,2026-05-07 00:50:00,41957,41974,41913,41928,41669.3145833333,41749.3145833333,41869.3145833333,41559.3145833333,41469.3145833333,41912.8817326498,41831.6252341038,0.8770977597
2026-05-07 01:00:03,MXF1!,5,2026-05-07 00:55:00,41926,41978,41886,41958,41671.953125,41751.953125,41871.953125,41561.953125,41471.953125,41914.6510764674,41834.1277047156,0.8854126724
2026-05-07 01:05:02,MXF1!,5,2026-05-07 01:00:00,41957,41995,41942,41986,41674.6385416667,41754.6385416667,41874.6385416667,41564.6385416667,41474.6385416667,41917.4490734687,41837.1350768994,0.8930862683
2026-05-07 01:10:02,MXF1!,5,2026-05-07 01:05:00,41988,42029,41985,42010,41677.4572916667,41757.4572916667,41877.4572916667,41567.4572916667,41477.4572916667,41921.078521568,41840.5581446836,0.8995156159
2026-05-07 01:15:04,MXF1!,5,2026-05-07 01:10:00,42011,42037,42000,42005,41680.2208333333,41760.2208333333,41880.2208333333,41570.2208333333,41480.2208333333,41924.3695599379,41843.8144190463,0.8971584496
2026-05-07 01:20:05,MXF1!,5,2026-05-07 01:15:00,42005,42018,41996,42009,41682.9489583333,41762.9489583333,41882.9489583333,41572.9489583333,41482.9489583333,41927.6884007246,41847.0854206493,0.8975461265
2026-05-07 01:25:04,MXF1!,5,2026-05-07 01:20:00,42010,42027,42008,42009,41685.6458333333,41765.6458333333,41885.6458333333,41575.6458333333,41485.6458333333,41930.8770908923,41850.2916499434,0.8967254045
2026-05-07 01:30:09,MXF1!,5,2026-05-07 01:25:00,42008,42015,41995,42009,41688.0729166667,41768.0729166667,41888.0729166667,41578.0729166667,41488.0729166667,41933.9407343867,41853.4343895485,0.8959486276
2026-05-07 01:35:01,MXF1!,5,2026-05-07 01:30:00,42008,42025,42008,42012,41690.49375,41770.49375,41890.49375,41580.49375,41490.49375,41937.0018820578,41856.5743026267,0.8960685818
2026-05-07 01:40:04,MXF1!,5,2026-05-07 01:35:00,42011,42033,42000,42011,41692.9729166667,41772.9729166667,41892.9729166667,41582.9729166667,41492.9729166667,41939.9037690359,41859.6322372282,0.8949805198
2026-05-07 01:45:02,MXF1!,5,2026-05-07 01:40:00,42011,42041,42008,42037,41695.5427083333,41775.5427083333,41895.5427083333,41585.5427083333,41495.5427083333,41943.7114643679,41863.1444701544,0.9020867384
2026-05-07 01:50:08,MXF1!,5,2026-05-07 01:45:00,42039,42046,42004,42004,41698.1135416667,41778.1135416667,41898.1135416667,41588.1135416667,41498.1135416667,41946.0757206672,41865.9336885671,0.8912540753
2026-05-07 01:55:04,MXF1!,5,2026-05-07 01:50:00,42003,42008,41985,42001,41700.4833333333,41780.4833333333,41900.4833333333,41590.4833333333,41500.4833333333,41948.2296139743,41868.6082689915,0.8895546165
2026-05-07 02:00:03,MXF1!,5,2026-05-07 01:55:00,42000,42016,41997,42012,41702.8625,41782.8625,41902.8625,41592.8625,41502.8625,41950.7304134263,41871.4477092095,0.8921127066
2026-05-07 02:05:05,MXF1!,5,2026-05-07 02:00:00,42015,42044,42015,42032,41704.7197916667,41784.7197916667,41904.7197916667,41594.7197916667,41504.7197916667,41953.917456037,41874.6269624925,0.897401969
2026-05-07 02:10:04,MXF1!,5,2026-05-07 02:05:00,42032,42052,42032,42049,41706.6604166667,41786.6604166667,41906.6604166667,41596.6604166667,41506.6604166667,41957.6461832513,41878.0798939283,0.9017350569
2026-05-07 02:15:09,MXF1!,5,2026-05-07 02:10:00,42049,42056,42031,42043,41708.4979166667,41788.4979166667,41908.4979166667,41598.4979166667,41508.4979166667,41960.9933917512,41881.345638603,0.8990589378
2026-05-07 02:20:03,MXF1!,5,2026-05-07 02:15:00,42042,42112,42042,42087,41710.2458333333,41790.2458333333,41910.2458333333,41600.2458333333,41510.2458333333,41965.9348273688,41885.418002195,0.9115232969
2026-05-07 02:25:01,MXF1!,5,2026-05-07 02:20:00,42086,42117,42079,42095,41711.7114583333,41791.7114583333,41911.7114583333,41601.7114583333,41511.7114583333,41970.9962066877,41889.5681407654,0.9130175601
2026-05-07 02:30:06,MXF1!,5,2026-05-07 02:25:00,42095,42107,42083,42105,41712.7333333333,41792.7333333333,41912.7333333333,41602.7333333333,41512.7333333333,41976.2512574058,41893.834118176,0.9151155536
2026-05-07 02:35:00,MXF1!,5,2026-05-07 02:30:00,42102,42130,42095,42130,41713.5104166667,41793.5104166667,41913.5104166667,41603.5104166667,41513.5104166667,41982.2806198605,41898.5106702913,0.9217324083
2026-05-07 02:40:04,MXF1!,5,2026-05-07 02:35:00,42130,42148,42118,42124,41714.6489583333,41794.6489583333,41914.6489583333,41604.6489583333,41514.6489583333,41987.8382426111,41902.9758055331,0.9189489212
2026-05-07 02:45:09,MXF1!,5,2026-05-07 02:40:00,42122,42127,42111,42120,41716.228125,41796.228125,41916.228125,41606.228125,41516.228125,41993.0210566263,41907.2733143344,0.9167976661
2026-05-07 02:50:01,MXF1!,5,2026-05-07 02:45:00,42120,42132,42104,42111,41717.54375,41797.54375,41917.54375,41607.54375,41517.54375,41997.6476818567,41911.3075061298,0.913126554
2026-05-07 02:55:05,MXF1!,5,2026-05-07 02:50:00,42109,42125,42101,42117,41719.0447916667,41799.0447916667,41919.0447916667,41609.0447916667,41519.0447916667,42002.3281649211,41915.3806248203,0.9140093672
2026-05-07 03:00:02,MXF1!,5,2026-05-07 02:55:00,42121,42139,42121,42130,41720.9604166667,41800.9604166667,41920.9604166667,41610.9604166667,41520.9604166667,42007.3349035517,41919.6305134377,0.9170236774
2026-05-07 03:05:02,MXF1!,5,2026-05-07 03:00:00,42128,42175,42125,42146,41724.1427083333,41804.1427083333,41924.1427083333,41614.1427083333,41524.1427083333,42012.7727504712,41924.113077528,0.9209473254
2026-05-07 03:10:02,MXF1!,5,2026-05-07 03:05:00,42146,42180,42139,42174,41728.0947916667,41808.0947916667,41928.0947916667,41618.0947916667,41528.0947916667,42019.0953877076,41929.0613334186,0.9284947865
2026-05-07 03:15:06,MXF1!,5,2026-05-07 03:10:00,42174,42184,42160,42176,41732.1989583333,41812.1989583333,41932.1989583333,41622.1989583333,41532.1989583333,42025.2485097583,41933.9512080043,0.9281393535
2026-05-07 03:20:03,MXF1!,5,2026-05-07 03:15:00,42180,42193,42176,42186,41736.8677083333,41816.8677083333,41936.8677083333,41626.8677083333,41536.8677083333,42031.5524897678,41938.9422731924,0.9302112443
2026-05-07 03:25:04,MXF1!,5,2026-05-07 03:20:00,42185,42206,42184,42205,41742.0666666667,41822.0666666667,41942.0666666667,41632.0666666667,41542.0666666667,42038.3543529141,41944.2107430302,0.9349918505
2026-05-07 03:30:02,MXF1!,5,2026-05-07 03:25:00,42200,42206,42185,42194,41746.3854166667,41826.3854166667,41946.3854166667,41636.3854166667,41546.3854166667,42044.4581037802,41949.1570649504,0.9306957832
2026-05-07 03:35:02,MXF1!,5,2026-05-07 03:30:00,42191,42196,42175,42185,41750.559375,41830.559375,41950.559375,41640.559375,41550.559375,42049.9695506908,41953.82722208,0.9270410887
2026-05-07 03:40:07,MXF1!,5,2026-05-07 03:35:00,42182,42198,42181,42187,41754.809375,41834.809375,41954.809375,41644.809375,41554.809375,42055.343293801,41958.4445048111,0.9267157174
2026-05-07 03:45:02,MXF1!,5,2026-05-07 03:40:00,42189,42205,42175,42176,41759.4291666667,41839.4291666667,41959.4291666667,41649.4291666667,41559.4291666667,42060.0749293382,41962.7525344188,0.922464198
2026-05-07 03:50:02,MXF1!,5,2026-05-07 03:45:00,42176,42195,42172,42181,41764.1104166667,41844.1104166667,41964.1104166667,41654.1104166667,41564.1104166667,42064.817088972,41967.0742664105,0.9231628133
2026-05-07 03:55:01,MXF1!,5,2026-05-07 03:50:00,42182,42234,42177,42226,41768.9552083333,41848.9552083333,41968.9552083333,41658.9552083333,41568.9552083333,42071.1379874437,41972.2015086598,0.9359047864
2026-05-07 04:00:04,MXF1!,5,2026-05-07 03:55:00,42230,42239,42188,42189,41774.2864583333,41854.2864583333,41974.2864583333,41664.2864583333,41574.2864583333,42075.7600271518,41976.4945480923,0.9238282044
2026-05-07 04:05:01,MXF1!,5,2026-05-07 04:00:00,42188,42203,42163,42200,41779.321875,41859.321875,41979.321875,41669.321875,41579.321875,42080.6321829497,41980.9203986252,0.9262737676
2026-05-07 04:10:01,MXF1!,5,2026-05-07 04:05:00,42202,42238,42202,42237,41784.5416666667,41864.5416666667,41984.5416666667,41674.5416666667,41584.5416666667,42086.7642542066,41985.9912818207,0.9365664724
2026-05-07 04:15:09,MXF1!,5,2026-05-07 04:10:00,42237,42265,42227,42255,41790.1020833333,41870.1020833333,41990.1020833333,41680.1020833333,41590.1020833333,42093.3617344338,41991.3181871312,0.9411041828
2026-05-07 04:20:05,MXF1!,5,2026-05-07 04:15:00,42261,42272,42254,42266,41796.0395833333,41876.0395833333,41996.0395833333,41686.0395833333,41596.0395833333,42100.1318624952,41996.7574309504,0.9435004896
2026-05-07 04:25:03,MXF1!,5,2026-05-07 04:20:00,42266,42278,42265,42265,41801.6822916667,41881.6822916667,42001.6822916667,41691.6822916667,41601.6822916667,42106.5972796523,42002.0691649909,0.9422829765
2026-05-07 04:30:03,MXF1!,5,2026-05-07 04:25:00,42267,42286,42265,42285,41806.971875,41886.971875,42006.971875,41696.971875,41606.971875,42113.5934647639,42007.6717557832,0.9474424983
2026-05-07 04:35:00,MXF1!,5,2026-05-07 04:30:00,42285,42292,42272,42278,41812.2208333333,41892.2208333333,42012.2208333333,41702.2208333333,41612.2208333333,42120.0407798712,42013.0247903222,0.9444061797
2026-05-07 04:40:11,MXF1!,5,2026-05-07 04:35:00,42282,42282,42264,42276,41817.4645833333,41897.4645833333,42017.4645833333,41707.4645833333,41617.4645833333,42126.1568277194,42018.2322202168,0.9428860804
2026-05-07 04:45:01,MXF1!,5,2026-05-07 04:40:00,42274,42292,42272,42291,41822.5208333333,41902.5208333333,42022.5208333333,41712.5208333333,41622.5208333333,42132.6212658481,42023.6335623907,0.9465057316
2026-05-07 04:50:04,MXF1!,5,2026-05-07 04:45:00,42289,42291,42273,42285,41827.3572916667,41907.3572916667,42027.3572916667,41717.3572916667,41627.3572916667,42138.5969024815,42028.8091354127,0.9437780293
2026-05-07 04:55:03,MXF1!,5,2026-05-07 04:50:00,42285,42299,42280,42297,41832.3479166667,41912.3479166667,42032.3479166667,41722.3479166667,41632.3479166667,42144.8087886587,42034.1198456025,0.9464876346
2026-05-07 05:01:00,MXF1!,5,2026-05-07 04:55:00,42294,42329,42292,42329,41837.6114583333,41917.6114583333,42037.6114583333,41727.6114583333,41637.6114583333,42152.0319734172,42039.9590565807,0.9552409657
2026-05-07 08:50:00,MXF1!,5,2026-05-07 08:45:00,42331,42341,42105,42133,41842.1041666667,41922.1041666667,42042.1041666667,41732.1041666667,41642.1041666667,42151.2856215185,42041.8014514999,0.8951040911
2026-05-07 08:55:01,MXF1!,5,2026-05-07 08:50:00,42137,42155,42055,42086,41846.253125,41926.253125,42046.253125,41736.253125,41646.253125,42148.7254010667,42042.676670282,0.8801612388
2026-05-07 09:00:01,MXF1!,5,2026-05-07 08:55:00,42084,42164,42041,42153,41850.3885416667,41930.3885416667,42050.3885416667,41740.3885416667,41650.3885416667,42148.8930323975,42044.8612906725,0.8997263366
2026-05-07 09:05:00,MXF1!,5,2026-05-07 09:00:00,42148,42175,42016,42086,41854.3572916667,41934.3572916667,42054.3572916667,41744.3572916667,41654.3572916667,42146.4266389701,42045.67591858,0.8787072906
2026-05-07 09:09:59,MXF1!,5,2026-05-07 09:05:00,42086,42120,42002,42090,41858.1666666667,41938.1666666667,42058.1666666667,41748.1666666667,41658.1666666667,42144.2138295987,42046.5536231626,0.8792354449
2026-05-07 09:14:59,MXF1!,5,2026-05-07 09:10:00,42090,42185,42072,42132,41862.3239583333,41942.3239583333,42062.3239583333,41752.3239583333,41662.3239583333,42143.734855889,42048.2456306247,0.8912576901
2026-05-07 09:20:00,MXF1!,5,2026-05-07 09:15:00,42127,42266,42098,42254,41867.0020833333,41947.0020833333,42067.0020833333,41757.0020833333,41667.0020833333,42148.0589791875,42052.3199745727,0.9274638269
2026-05-07 09:25:01,MXF1!,5,2026-05-07 09:20:00,42256,42274,42142,42162,41871.7041666667,41951.7041666667,42071.7041666667,41761.7041666667,41671.7041666667,42148.605685886,42054.4918562643,0.8987603253
2026-05-07 09:30:02,MXF1!,5,2026-05-07 09:25:00,42165,42212,42079,42156,41876.0229166667,41956.0229166667,42076.0229166667,41766.0229166667,41676.0229166667,42148.8956589885,42056.5019185165,0.8961763801
2026-05-07 09:35:00,MXF1!,5,2026-05-07 09:30:00,42160,42165,42066,42113,41879.8010416667,41959.8010416667,42079.8010416667,41769.8010416667,41679.8010416667,42147.487986087,42057.6206924073,0.8823850735
2026-05-07 09:40:01,MXF1!,5,2026-05-07 09:35:00,42112,42299,42110,42296,41884.1802083333,41964.1802083333,42084.1802083333,41774.1802083333,41684.1802083333,42153.3119866326,42062.3410747359,0.9371026999
2026-05-07 09:45:00,MXF1!,5,2026-05-07 09:40:00,42295,42381,42243,42362,41888.89375,41968.89375,42088.89375,41778.89375,41688.89375,42161.4958302941,42068.2749148401,0.9562154603
2026-05-07 09:50:01,MXF1!,5,2026-05-07 09:45:00,42363,42439,42358,42429,41893.9645833333,41973.9645833333,42093.9645833333,41783.9645833333,41693.9645833333,42171.9861898904,42075.4179858334,0.9755739479
2026-05-07 09:55:00,MXF1!,5,2026-05-07 09:50:00,42430,42444,42366,42401,41898.9666666667,41978.9666666667,42098.9666666667,41788.9666666667,41698.9666666667,42180.9671236202,42081.8651544307,0.9660945189
2026-05-07 10:00:00,MXF1!,5,2026-05-07 09:55:00,42397,42425,42285,42329,41903.6947916667,41983.6947916667,42103.6947916667,41793.6947916667,41703.6947916667,42186.7723344586,42086.7589137489,0.9433223285
2026-05-07 10:05:00,MXF1!,5,2026-05-07 10:00:00,42332,42404,42308,42333,41908.715625,41988.715625,42108.715625,41798.715625,41708.715625,42192.5067527151,42091.6349748628,0.943667172
2026-05-07 10:10:00,MXF1!,5,2026-05-07 10:05:00,42335,42396,42320,42342,41913.5354166667,41993.5354166667,42113.5354166667,41803.5354166667,41713.5354166667,42198.3692330008,42096.5926981329,0.945540505
2026-05-07 10:15:01,MXF1!,5,2026-05-07 10:10:00,42342,42355,42228,42254,41917.9166666667,41997.9166666667,42117.9166666667,41807.9166666667,41717.9166666667,42200.5508317066,42099.7096744075,0.9180335556
2026-05-07 10:20:01,MXF1!,5,2026-05-07 10:15:00,42259,42313,42251,42289,41921.8739583333,42001.8739583333,42121.8739583333,41811.8739583333,41721.8739583333,42204.0194265417,42103.4579976865,0.9278871781
2026-05-07 10:25:00,MXF1!,5,2026-05-07 10:20:00,42289,42339,42241,42326,41925.9479166667,42005.9479166667,42125.9479166667,41815.9479166667,41725.9479166667,42208.802978442,42107.8647700096,0.9383666154
2026-05-07 10:30:00,MXF1!,5,2026-05-07 10:25:00,42327,42429,42327,42427,41930.7208333333,42010.7208333333,42130.7208333333,41820.7208333333,41730.7208333333,42217.3597243855,42114.1842795143,0.968176347
2026-05-07 10:35:01,MXF1!,5,2026-05-07 10:30:00,42427,42468,42347,42439,41935.5458333333,42015.5458333333,42135.5458333333,41825.5458333333,41735.5458333333,42226.0514998998,42120.6162739794,0.9708542882
2026-05-07 10:40:01,MXF1!,5,2026-05-07 10:35:00,42437,42440,42335,42341,41940.3302083333,42020.3302083333,42140.3302083333,41830.3302083333,41740.3302083333,42230.5592842174,42124.980308158,0.9401003075
2026-05-07 10:45:02,MXF1!,5,2026-05-07 10:40:00,42344,42346,42296,42333,41944.6135416667,42024.6135416667,42144.6135416667,41834.6135416667,41744.6135416667,42234.5765671893,42129.0995099767,0.9367890634
2026-05-07 10:50:00,MXF1!,5,2026-05-07 10:45:00,42331,42343,42282,42324,41949.025,42029.025,42149.025,41839.025,41749.025,42238.083368476,42132.9589256207,0.9331965982
2026-05-07 10:55:01,MXF1!,5,2026-05-07 10:50:00,42320,42346,42261,42341,41953.2916666667,42033.2916666667,42153.2916666667,41843.2916666667,41753.2916666667,42242.1193148102,42137.0785508559,0.9374660867
2026-05-07 11:00:00,MXF1!,5,2026-05-07 10:55:00,42342,42408,42325,42385,41957.9947916667,42037.9947916667,42157.9947916667,41847.9947916667,41757.9947916667,42247.7224789353,42141.9878864825,0.9498968107
2026-05-07 11:05:01,MXF1!,5,2026-05-07 11:00:00,42386,42392,42285,42313,41962.5947916667,42042.5947916667,42162.5947916667,41852.5947916667,41762.5947916667,42250.2823817222,42145.374264968,0.9270805845
2026-05-07 11:10:00,MXF1!,5,2026-05-07 11:05:00,42316,42316,42237,42273,41966.9645833333,42046.9645833333,42166.9645833333,41856.9645833333,41766.9645833333,42251.1732687135,42147.9015072459,0.9140802845
2026-05-07 11:15:00,MXF1!,5,2026-05-07 11:10:00,42273,42309,42257,42297,41971.4010416667,42051.4010416667,42171.4010416667,41861.4010416667,41771.4010416667,42252.9703954306,42150.853952647,0.9206008824
2026-05-07 11:20:01,MXF1!,5,2026-05-07 11:15:00,42298,42374,42286,42364,41976.0510416667,42056.0510416667,42176.0510416667,41866.0510416667,41776.0510416667,42257.3244975706,42155.0746664559,0.9401515519
2026-05-07 11:25:03,MXF1!,5,2026-05-07 11:20:00,42361,42365,42301,42314,41980.4614583333,42060.4614583333,42180.4614583333,41870.4614583333,41780.4614583333,42259.5470662933,42158.2217027637,0.9241030142
2026-05-07 11:30:00,MXF1!,5,2026-05-07 11:25:00,42314,42340,42300,42327,41984.80625,42064.80625,42184.80625,41874.80625,41784.80625,42262.1922793798,42161.5638472635,0.927263559
2026-05-07 11:35:01,MXF1!,5,2026-05-07 11:30:00,42325,42387,42323,42351,41989.1145833333,42069.1145833333,42189.1145833333,41879.1145833333,41789.1145833333,42265.6749350904,42165.3150582087,0.9337360197
2026-05-07 11:40:05,MXF1!,5,2026-05-07 11:35:00,42349,42385,42338,42384,41993.421875,42073.421875,42193.421875,41883.421875,41793.421875,42270.3151337143,42169.6454530957,0.9429200866
2026-05-07 11:45:00,MXF1!,5,2026-05-07 11:40:00,42383,42419,42365,42414,41997.7614583333,42077.7614583333,42197.7614583333,41887.7614583333,41797.7614583333,42275.949834353,42174.4841569948,0.9511480571
2026-05-07 11:50:00,MXF1!,5,2026-05-07 11:45:00,42410,42433,42384,42389,42001.990625,42081.990625,42201.990625,41891.990625,41801.990625,42280.3831741823,42178.7319954701,0.9426618714
2026-05-07 11:55:01,MXF1!,5,2026-05-07 11:50:00,42389,42403,42364,42394,42006.1322916667,42086.1322916667,42206.1322916667,41896.1322916667,41806.1322916667,42284.8387359791,42182.9947282331,0.9434350347
2026-05-07 12:00:00,MXF1!,5,2026-05-07 11:55:00,42391,42403,42355,42369,42010.2416666667,42090.2416666667,42210.2416666667,41900.2416666667,41810.2416666667,42288.1391777054,42186.6780009414,0.9350979077
2026-05-07 12:05:02,MXF1!,5,2026-05-07 12:00:00,42365,42372,42333,42349,42014.4125,42094.4125,42214.4125,41904.4125,41814.4125,42290.5258766189,42189.8922979524,0.928233631
2026-05-07 12:10:01,MXF1!,5,2026-05-07 12:05:00,42350,42384,42340,42357,42018.7104166667,42098.7104166667,42218.7104166667,41908.7104166667,41818.7104166667,42293.1327049868,42193.2013613593,0.9299085029
2026-05-07 12:15:00,MXF1!,5,2026-05-07 12:10:00,42357,42372,42330,42344,42022.94375,42102.94375,42222.94375,41912.94375,41822.94375,42295.1275008696,42196.1874730156,0.9251679089
2026-05-07 12:20:01,MXF1!,5,2026-05-07 12:15:00,42345,42350,42300,42336,42026.915625,42106.915625,42226.915625,41916.915625,41826.915625,42296.7303439728,42198.9560379063,0.9219550646
2026-05-07 12:25:01,MXF1!,5,2026-05-07 12:20:00,42332,42370,42321,42336,42031.0104166667,42111.0104166667,42231.0104166667,41921.0104166667,41831.0104166667,42298.2703304837,42201.66977973,0.9212066469
2026-05-07 12:30:01,MXF1!,5,2026-05-07 12:25:00,42340,42348,42294,42309,42034.946875,42114.946875,42234.946875,41924.946875,41834.946875,42298.6911018372,42203.7951306264,0.9122357992
2026-05-07 12:35:00,MXF1!,5,2026-05-07 12:30:00,42309,42358,42293,42296,42039.0427083333,42119.0427083333,42239.0427083333,41929.0427083333,41839.0427083333,42298.5855684319,42205.6209696239,0.9075753448
2026-05-07 12:40:01,MXF1!,5,2026-05-07 12:35:00,42296,42331,42281,42328,42042.0260416667,42122.0260416667,42242.0260416667,41932.0260416667,41842.0260416667,42299.7390755522,42208.0443167601,0.9166951798
2026-05-07 12:45:01,MXF1!,5,2026-05-07 12:40:00,42328,42330,42278,42300,42044.471875,42124.471875,42244.471875,41934.471875,41844.471875,42299.7493078835,42209.8652213787,0.9071810538
2026-05-07 12:50:02,MXF1!,5,2026-05-07 12:45:00,42300,42358,42288,42320,42047.3552083333,42127.3552083333,42247.3552083333,41937.3552083333,41847.3552083333,42300.5434526723,42212.0461080841,0.9124008689
2026-05-07 12:55:00,MXF1!,5,2026-05-07 12:50:00,42321,42328,42304,42320,42050.3135416667,42130.3135416667,42250.3135416667,41940.3135416667,41850.3135416667,42301.3064545283,42214.1838089141,0.9114794691
2026-05-07 13:00:00,MXF1!,5,2026-05-07 12:55:00,42320,42345,42293,42299,42053.1927083333,42133.1927083333,42253.1927083333,41943.1927083333,41853.1927083333,42301.2160053311,42215.8633374504,0.9041270487
2026-05-07 13:05:01,MXF1!,5,2026-05-07 13:00:00,42300,42372,42292,42362,42056.0854166667,42136.0854166667,42256.0854166667,41946.0854166667,41856.0854166667,42303.5996913966,42218.7571327484,0.9225359861
2026-05-07 13:10:00,MXF1!,5,2026-05-07 13:05:00,42361,42377,42322,42357,42059.2635416667,42139.2635416667,42259.2635416667,41949.2635416667,41859.2635416667,42305.6938211457,42221.4946152683,0.9201300639
2026-05-07 13:15:02,MXF1!,5,2026-05-07 13:10:00,42358,42388,42358,42386,42062.4822916667,42142.4822916667,42262.4822916667,41952.4822916667,41862.4822916667,42308.8430830616,42224.7521476392,0.9281141225
2026-05-07 13:20:00,MXF1!,5,2026-05-07 13:15:00,42385,42388,42312,42312,42065.3427083333,42145.3427083333,42265.3427083333,41955.3427083333,41865.3427083333,42308.9668837259,42226.479827884,0.9045946424
2026-05-07 13:25:01,MXF1!,5,2026-05-07 13:20:00,42317,42323,42281,42296,42067.8479166667,42147.8479166667,42267.8479166667,41957.8479166667,41867.8479166667,42308.4583784817,42227.8564649556,0.8988923987
2026-05-07 13:30:01,MXF1!,5,2026-05-07 13:25:00,42296,42319,42257,42307,42070.3135416667,42150.3135416667,42270.3135416667,41960.3135416667,41870.3135416667,42308.4011871687,42229.4236636693,0.9014384104
2026-05-07 13:35:01,MXF1!,5,2026-05-07 13:30:00,42309,42365,42303,42347,42073.225,42153.225,42273.225,41963.225,41873.225,42309.9148661033,42231.7519079531,0.9128936439
2026-05-07 13:40:01,MXF1!,5,2026-05-07 13:35:00,42350,42363,42344,42357,42076.1166666667,42156.1166666667,42276.1166666667,41966.1166666667,41876.1166666667,42311.7613419424,42234.2320681917,0.9151161185
2026-05-07 13:46:00,MXF1!,5,2026-05-07 13:40:00,42357,42394,42340,42355,42078.9354166667,42158.9354166667,42278.9354166667,41968.9354166667,41878.9354166667,42313.4569755917,42236.6235123859,0.913664994
2026-05-07 15:05:00,MXF1!,5,2026-05-07 15:00:00,42425,42429,42370,42399,42081.759375,42161.759375,42281.759375,41971.759375,41881.759375,42316.8116039998,42239.8388883782,0.9262048675
2026-05-07 15:10:01,MXF1!,5,2026-05-07 15:05:00,42403,42505,42386,42496,42084.9739583333,42164.9739583333,42284.9739583333,41974.9739583333,41884.9739583333,42323.8385999214,42244.9113856381,0.9548189308
2026-05-07 15:15:02,MXF1!,5,2026-05-07 15:10:00,42494,42554,42485,42542,42088.5114583333,42168.5114583333,42288.5114583333,41978.5114583333,41888.5114583333,42332.3939489441,42250.7943284967,0.9677348157
2026-05-07 15:20:01,MXF1!,5,2026-05-07 15:15:00,42543,42549,42457,42483,42091.8614583333,42171.8614583333,42291.8614583333,41981.8614583333,41891.8614583333,42338.3000685933,42255.3924606057,0.9485843662
2026-05-07 15:25:03,MXF1!,5,2026-05-07 15:20:00,42482,42505,42456,42466,42095.0083333333,42175.0083333333,42295.0083333333,41985.0083333333,41895.0083333333,42343.3079090407,42259.5629069304,0.9423328472
2026-05-07 15:30:02,MXF1!,5,2026-05-07 15:25:00,42467,42467,42410,42425,42097.8885416667,42177.8885416667,42297.8885416667,41987.8885416667,41897.8885416667,42346.5115204508,42262.8388889713,0.9288472659
2026-05-07 15:35:01,MXF1!,5,2026-05-07 15:30:00,42427,42454,42402,42446,42100.6791666667,42180.6791666667,42300.6791666667,41990.6791666667,41900.6791666667,42350.4130294528,42266.465841665,0.9343535138
2026-05-07 15:40:01,MXF1!,5,2026-05-07 15:35:00,42448,42465,42438,42462,42103.575,42183.575,42303.575,41993.575,41903.575,42354.7889890821,42270.3378051964,0.9383358081
2026-05-07 15:45:00,MXF1!,5,2026-05-07 15:40:00,42464,42476,42453,42466,42106.325,42186.325,42306.325,41996.325,41906.325,42359.1502051965,42274.2123041034,0.9386533834
2026-05-07 15:50:02,MXF1!,5,2026-05-07 15:45:00,42467,42473,42415,42430,42108.871875,42188.871875,42308.871875,41998.871875,41908.871875,42361.9286285221,42277.2972089726,0.9267763434
2026-05-07 15:55:00,MXF1!,5,2026-05-07 15:50:00,42430,42437,42383,42393,42111.3666666667,42191.3666666667,42311.3666666667,42001.3666666667,41911.3666666667,42363.1471136781,42279.5883533494,0.9146702169
2026-05-07 16:00:03,MXF1!,5,2026-05-07 15:55:00,42392,42414,42387,42398,42113.725,42193.725,42313.725,42003.725,41913.725,42364.5138935339,42281.9331384316,0.9154520814
2026-05-07 16:05:04,MXF1!,5,2026-05-07 16:00:00,42400,42454,42377,42448,42116.1572916667,42196.1572916667,42316.1572916667,42006.1572916667,41916.1572916667,42367.7878584933,42285.2215911359,0.9299504635
2026-05-07 16:10:05,MXF1!,5,2026-05-07 16:05:00,42444,42465,42409,42428,42118.5947916667,42198.5947916667,42318.5947916667,42008.5947916667,41918.5947916667,42370.1491189446,42288.0488863609,0.9230522929
2026-05-07 16:15:01,MXF1!,5,2026-05-07 16:10:00,42425,42425,42378,42400,42120.8114583333,42200.8114583333,42320.8114583333,42010.8114583333,41920.8114583333,42371.3197417311,42290.2657400964,0.9136829623
2026-05-07 16:20:02,MXF1!,5,2026-05-07 16:15:00,42401,42406,42344,42373,42122.8614583333,42202.8614583333,42322.8614583333,42012.8614583333,41922.8614583333,42371.3856342122,42291.9040422727,0.9046662495
2026-05-07 16:25:00,MXF1!,5,2026-05-07 16:20:00,42372,42386,42349,42379,42125.01875,42205.01875,42325.01875,42015.01875,41925.01875,42371.6842367921,42293.6287147029,0.9057775925
2026-05-07 16:30:01,MXF1!,5,2026-05-07 16:25:00,42382,42385,42326,42348,42127.1291666667,42207.1291666667,42327.1291666667,42017.1291666667,41927.1291666667,42370.7554431924,42294.7053738177,0.8955905359
2026-05-07 16:35:02,MXF1!,5,2026-05-07 16:30:00,42348,42389,42344,42357,42129.4489583333,42209.4489583333,42329.4489583333,42019.4489583333,41929.4489583333,42370.2160140476,42295.9389307718,0.8976443393
2026-05-07 16:40:00,MXF1!,5,2026-05-07 16:35:00,42357,42385,42349,42363,42131.65625,42211.65625,42331.65625,42021.65625,41931.65625,42369.9330331046,42297.2668727367,0.8987713821
2026-05-07 16:45:02,MXF1!,5,2026-05-07 16:40:00,42361,42365,42342,42344,42134.034375,42214.034375,42334.034375,42024.034375,41934.034375,42368.9160514142,42298.1922811974,0.8922436767
2026-05-07 16:50:00,MXF1!,5,2026-05-07 16:45:00,42345,42350,42325,42336,42136.6364583333,42216.6364583333,42336.6364583333,42026.6364583333,41936.6364583333,42367.6252258685,42298.9409488965,0.8890786672
2026-05-07 16:55:00,MXF1!,5,2026-05-07 16:50:00,42337,42351,42319,42329,42139.1072916667,42219.1072916667,42339.1072916667,42029.1072916667,41939.1072916667,42366.1105111286,42299.5361776312,0.8862414099
2026-05-07 17:00:05,MXF1!,5,2026-05-07 16:55:00,42328,42330,42305,42322,42141.51875,42221.51875,42341.51875,42031.51875,41941.51875,42364.3806871628,42299.9810057969,0.8834015542
2026-05-07 17:05:01,MXF1!,5,2026-05-07 17:00:00,42322,42329,42300,42311,42144.0395833333,42224.0395833333,42344.0395833333,42034.0395833333,41944.0395833333,42362.2873268819,42300.1992037019,0.8793488104
2026-05-07 17:10:01,MXF1!,5,2026-05-07 17:05:00,42315,42315,42242,42264,42146.38125,42226.38125,42346.38125,42036.38125,41946.38125,42358.4329219061,42299.482387787,0.864260749
2026-05-07 17:15:01,MXF1!,5,2026-05-07 17:10:00,42263,42292,42250,42250,42148.765625,42228.765625,42348.765625,42038.765625,41948.765625,42354.1806504588,42298.5025385239,0.8593469973
2026-05-07 17:20:01,MXF1!,5,2026-05-07 17:15:00,42250,42266,42210,42265,42151.25,42231.25,42351.25,42041.25,41951.25,42350.6833700487,42297.8391219195,0.8633530856
2026-05-07 17:25:02,MXF1!,5,2026-05-07 17:20:00,42267,42289,42234,42275,42153.7979166667,42233.7979166667,42353.7979166667,42043.7979166667,41953.7979166667,42347.7153947526,42297.3868620795,0.8658327653
2026-05-07 17:30:07,MXF1!,5,2026-05-07 17:25:00,42273,42280,42252,42273,42156.25,42236.25,42356.25,42046.25,41956.25,42344.7853792721,42296.9039539195,0.8646752106
2026-05-07 17:35:02,MXF1!,5,2026-05-07 17:30:00,42272,42303,42261,42302,42158.8020833333,42238.8020833333,42358.8020833333,42048.8020833333,41958.8020833333,42343.1075212615,42297.0048657231,0.8730814133
2026-05-07 17:40:01,MXF1!,5,2026-05-07 17:35:00,42302,42338,42302,42306,42161.5302083333,42241.5302083333,42361.5302083333,42051.5302083333,41961.5302083333,42341.6523243493,42297.1829871939,0.8737949116
2026-05-07 17:45:07,MXF1!,5,2026-05-07 17:40:00,42306,42328,42293,42315,42164.3322916667,42244.3322916667,42364.3322916667,42054.3322916667,41964.3322916667,42340.6071351591,42297.5357993287,0.8761272827
2026-05-07 17:50:02,MXF1!,5,2026-05-07 17:45:00,42315,42338,42311,42325,42167.096875,42247.096875,42367.096875,42057.096875,41967.096875,42339.9950906431,42298.0796448865,0.8787932064
2026-05-07 17:55:04,MXF1!,5,2026-05-07 17:50:00,42327,42330,42232,42250,42169.528125,42249.528125,42369.528125,42059.528125,41969.528125,42336.4658714021,42297.1275727106,0.8550787548
2026-05-07 18:00:02,MXF1!,5,2026-05-07 17:55:00,42250,42261,42222,42255,42172.03125,42252.03125,42372.03125,42062.03125,41972.03125,42333.2711313472,42296.29336335,0.8562137756
2026-05-07 18:05:03,MXF1!,5,2026-05-07 18:00:00,42256,42274,42225,42245,42174.6947916667,42254.6947916667,42374.6947916667,42064.6947916667,41974.6947916667,42329.8095183532,42295.2776531846,0.8526779235
2026-05-07 18:10:02,MXF1!,5,2026-05-07 18:05:00,42248,42252,42222,42245,42177.446875,42257.446875,42377.446875,42067.446875,41977.446875,42326.4836548883,42294.2820560918,0.8522747812
2026-05-07 18:15:06,MXF1!,5,2026-05-07 18:10:00,42246,42274,42209,42260,42180.2333333333,42260.2333333333,42380.2333333333,42070.2333333333,41980.2333333333,42323.8764527359,42293.603203496,0.8565648577
2026-05-07 18:20:00,MXF1!,5,2026-05-07 18:15:00,42258,42272,42236,42256,42182.8427083333,42262.8427083333,42382.8427083333,42072.8427083333,41982.8427083333,42321.2146310599,42292.858585605,0.8548522317
2026-05-07 18:25:03,MXF1!,5,2026-05-07 18:20:00,42254,42295,42248,42283,42185.6458333333,42265.6458333333,42385.6458333333,42075.6458333333,41985.6458333333,42319.7160180772,42292.663366088,0.8627940008
2026-05-07 18:30:03,MXF1!,5,2026-05-07 18:25:00,42282,42292,42246,42259,42188.3864583333,42268.3864583333,42388.3864583333,42078.3864583333,41988.3864583333,42317.3349977604,42291.9967647794,0.8548107015
2026-05-07 18:35:03,MXF1!,5,2026-05-07 18:30:00,42257,42265,42236,42245,42190.7885416667,42270.7885416667,42390.7885416667,42080.7885416667,41990.7885416667,42314.4983311816,42291.0661357738,0.8499541774
2026-05-07 18:40:05,MXF1!,5,2026-05-07 18:35:00,42243,42289,42239,42286,42193.04375,42273.04375,42393.04375,42083.04375,41993.04375,42313.3807495666,42290.9658162536,0.8624919841
2026-05-07 18:45:06,MXF1!,5,2026-05-07 18:40:00,42288,42304,42272,42303,42195.1614583333,42275.1614583333,42395.1614583333,42085.1614583333,41995.1614583333,42312.9736613483,42291.2041169218,0.867424386
2026-05-07 18:50:02,MXF1!,5,2026-05-07 18:45:00,42304,42313,42272,42273,42197.20625,42277.20625,42397.20625,42087.20625,41997.20625,42311.4060667857,42290.843639359,0.8575705113
2026-05-07 18:55:01,MXF1!,5,2026-05-07 18:50:00,42275,42296,42268,42279,42199.384375,42279.384375,42399.384375,42089.384375,41999.384375,42310.1352406372,42290.6091118469,0.8590706806
2026-05-07 19:00:03,MXF1!,5,2026-05-07 18:55:00,42277,42290,42261,42270,42201.378125,42281.378125,42401.378125,42091.378125,42001.378125,42308.5613096318,42290.2010106222,0.8557799263
2026-05-07 19:05:04,MXF1!,5,2026-05-07 19:00:00,42273,42294,42266,42278,42203.628125,42283.628125,42403.628125,42093.628125,42003.628125,42307.3628269012,42289.9594064515,0.8578487661
2026-05-07 19:10:01,MXF1!,5,2026-05-07 19:05:00,42282,42285,42255,42273,42206.2041666667,42286.2041666667,42406.2041666667,42096.2041666667,42006.2041666667,42306.0152650619,42289.6235766208,0.8557942946
2026-05-07 19:15:03,MXF1!,5,2026-05-07 19:10:00,42268,42268,42242,42242,42208.578125,42288.578125,42408.578125,42098.578125,42008.578125,42303.504869722,42288.6808041454,0.8455057262
2026-05-07 19:20:01,MXF1!,5,2026-05-07 19:15:00,42242,42272,42226,42270,42211.2197916667,42291.2197916667,42411.2197916667,42101.2197916667,42011.2197916667,42302.1909532623,42288.3108872316,0.8539516931
2026-05-07 19:25:12,MXF1!,5,2026-05-07 19:20:00,42271,42280,42258,42275,42214.115625,42294.115625,42414.115625,42104.115625,42014.115625,42301.1246413697,42288.0473053063,0.8550582708
2026-05-07 19:30:07,MXF1!,5,2026-05-07 19:25:00,42278,42288,42261,42261,42216.8572916667,42296.8572916667,42416.8572916667,42106.8572916667,42016.8572916667,42299.5511260219,42287.5117151022,0.8501124251
2026-05-07 19:35:03,MXF1!,5,2026-05-07 19:30:00,42263,42270,42245,42258,42219.3739583333,42299.3739583333,42419.3739583333,42109.3739583333,42019.3739583333,42297.9216700994,42286.9273247041,0.8486808261
2026-05-07 19:40:01,MXF1!,5,2026-05-07 19:35:00,42259,42302,42258,42276,42221.7052083333,42301.7052083333,42421.7052083333,42111.7052083333,42021.7052083333,42297.0619967622,42286.7109420367,0.8539640124
2026-05-07 19:45:03,MXF1!,5,2026-05-07 19:40:00,42276,42288,42262,42266,42223.7583333333,42303.7583333333,42423.7583333333,42113.7583333333,42023.7583333333,42295.8438792421,42286.3008243726,0.8502900636
2026-05-07 19:50:01,MXF1!,5,2026-05-07 19:45:00,42268,42269,42232,42239,42225.5947916667,42305.5947916667,42425.5947916667,42115.5947916667,42025.5947916667,42293.6147075071,42285.364174385,0.8411875339
2026-05-07 19:55:00,MXF1!,5,2026-05-07 19:50:00,42241,42246,42216,42238,42227.3479166667,42307.3479166667,42427.3479166667,42117.3479166667,42027.3479166667,42291.4337385853,42284.4262699418,0.8404086708
2026-05-07 20:00:06,MXF1!,5,2026-05-07 19:55:00,42238,42259,42237,42244,42229.20625,42309.20625,42429.20625,42119.20625,42029.20625,42289.5735919741,42283.6257497449,0.8418430375
2026-05-07 20:05:03,MXF1!,5,2026-05-07 20:00:00,42241,42256,42222,42248,42231.021875,42311.021875,42431.021875,42121.021875,42031.021875,42287.9432550339,42282.9202893539,0.8426371595
2026-05-07 20:10:02,MXF1!,5,2026-05-07 20:05:00,42250,42253,42232,42249,42232.746875,42312.746875,42432.746875,42122.746875,42032.746875,42286.416068562,42282.2486004558,0.8424592342
2026-05-07 20:15:01,MXF1!,5,2026-05-07 20:10:00,42250,42281,42250,42270,42234.5916666667,42314.5916666667,42434.5916666667,42124.5916666667,42034.5916666667,42285.7723011674,42282.0060539121,0.848727201
2026-05-07 20:20:03,MXF1!,5,2026-05-07 20:15:00,42270,42285,42255,42258,42236.2572916667,42316.2572916667,42436.2572916667,42126.2572916667,42036.2572916667,42284.6831913177,42281.5306865079,0.8443700808
2026-05-07 20:25:05,MXF1!,5,2026-05-07 20:20:00,42258,42283,42250,42280,42237.8020833333,42317.8020833333,42437.8020833333,42127.8020833333,42037.8020833333,42284.4995367562,42281.500375884,0.8509674175
2026-05-07 20:30:08,MXF1!,5,2026-05-07 20:25:00,42279,42306,42272,42295,42239.2333333333,42319.2333333333,42439.2333333333,42129.2333333333,42039.2333333333,42284.9113196285,42281.7676951734,0.855267351
2026-05-07 20:35:03,MXF1!,5,2026-05-07 20:30:00,42294,42296,42270,42292,42240.6145833333,42320.6145833333,42440.6145833333,42130.6145833333,42040.6145833333,42285.1893070941,42281.970315071,0.8537369597
2026-05-07 20:40:04,MXF1!,5,2026-05-07 20:35:00,42292,42331,42292,42327,42242.284375,42322.284375,42442.284375,42132.284375,42042.284375,42286.82894211,42282.8619920003,0.8645111294
2026-05-07 20:45:03,MXF1!,5,2026-05-07 20:40:00,42325,42346,42308,42321,42244.215625,42324.215625,42444.215625,42134.215625,42044.215625,42288.1689835959,42283.6172000795,0.8620117248
2026-05-07 20:50:04,MXF1!,5,2026-05-07 20:45:00,42321,42338,42313,42335,42246.0989583333,42326.0989583333,42446.0989583333,42136.0989583333,42046.0989583333,42290.0054940431,42284.634681266,0.8660172147
2026-05-07 20:55:04,MXF1!,5,2026-05-07 20:50:00,42336,42343,42282,42289,42247.9541666667,42327.9541666667,42447.9541666667,42137.9541666667,42047.9541666667,42289.9660629042,42284.7211232212,0.8505716752
2026-05-07 21:00:02,MXF1!,5,2026-05-07 20:55:00,42288,42298,42272,42278,42249.703125,42329.703125,42449.703125,42139.703125,42049.703125,42289.4968055354,42284.5880316722,0.8465084165
2026-05-07 21:05:01,MXF1!,5,2026-05-07 21:00:00,42280,42280,42225,42246,42251.0916666667,42331.0916666667,42451.0916666667,42141.0916666667,42051.0916666667,42287.7910484556,42283.8239122332,0.8356238502
2026-05-07 21:10:03,MXF1!,5,2026-05-07 21:05:00,42246,42248,42223,42246,42252.3666666667,42332.3666666667,42452.3666666667,42142.3666666667,42052.3666666667,42286.1521838102,42283.0749238721,0.8351901524
2026-05-07 21:15:06,MXF1!,5,2026-05-07 21:10:00,42244,42253,42218,42253,42253.3979166667,42333.3979166667,42453.3979166667,42143.3979166667,42053.3979166667,42284.8520981706,42282.4793808251,0.8370533453
2026-05-07 21:20:05,MXF1!,5,2026-05-07 21:15:00,42253,42276,42251,42272,42254.6822916667,42334.6822916667,42454.6822916667,42144.6822916667,42054.6822916667,42284.3480943208,42282.2718683336,0.8428411105
2026-05-07 21:25:01,MXF1!,5,2026-05-07 21:20:00,42272,42284,42253,42279,42255.99375,42335.99375,42455.99375,42145.99375,42055.99375,42284.1383651317,42282.2070788616,0.8446543981
2026-05-07 21:30:05,MXF1!,5,2026-05-07 21:25:00,42278,42280,42252,42262,42257.2541666667,42337.2541666667,42457.2541666667,42147.2541666667,42057.2541666667,42283.2701939501,42281.8069386861,0.8385840974
2026-05-07 21:35:03,MXF1!,5,2026-05-07 21:30:00,42260,42265,42136,42215,42258.1916666667,42338.1916666667,42458.1916666667,42148.1916666667,42058.1916666667,42280.5929314423,42280.4840290092,0.8226697955
2026-05-07 21:40:01,MXF1!,5,2026-05-07 21:35:00,42217,42228,42168,42187,42259.1614583333,42339.1614583333,42459.1614583333,42149.1614583333,42059.1614583333,42276.9226204053,42278.6328601179,0.8130316795
2026-05-07 21:45:08,MXF1!,5,2026-05-07 21:40:00,42190,42192,42056,42068,42259.7291666667,42339.7291666667,42459.7291666667,42149.7291666667,42059.7291666667,42268.7295764678,42274.4619123928,0.7734522001
2026-05-07 21:50:02,MXF1!,5,2026-05-07 21:45:00,42068,42087,42006,42075,42260.1729166667,42340.1729166667,42460.1729166667,42150.1729166667,42060.1729166667,42261.132338175,42270.5121715533,0.7753582257
2026-05-07 21:55:02,MXF1!,5,2026-05-07 21:50:00,42077,42128,42047,42113,42260.928125,42340.928125,42460.928125,42150.928125,42060.928125,42255.323226874,42267.3931186513,0.7874970432
2026-05-07 22:00:06,MXF1!,5,2026-05-07 21:55:00,42115,42139,42066,42086,42261.6875,42341.6875,42461.6875,42151.6875,42061.6875,42248.6831003299,42263.8011757077,0.7781512619
2026-05-07 22:05:03,MXF1!,5,2026-05-07 22:00:00,42093,42103,42054,42070,42262.2333333333,42342.2333333333,42462.2333333333,42152.2333333333,42062.2333333333,42241.6759199248,42259.963528664,0.7724463719
2026-05-07 22:10:03,MXF1!,5,2026-05-07 22:05:00,42072,42124,42037,42117,42262.6729166667,42342.6729166667,42462.6729166667,42152.6729166667,42062.6729166667,42236.7866681631,42257.1325677004,0.7876245377
2026-05-07 22:15:00,MXF1!,5,2026-05-07 22:10:00,42117,42169,42105,42125,42263.3125,42343.3125,42463.3125,42153.3125,42063.3125,42232.4028772547,42254.5160812112,0.7898663519
2026-05-07 22:20:02,MXF1!,5,2026-05-07 22:15:00,42124,42163,42087,42116,42263.9302083333,42343.9302083333,42463.9302083333,42153.9302083333,42063.9302083333,42227.8380585388,42251.773188514,0.7864577761
2026-05-07 22:25:01,MXF1!,5,2026-05-07 22:20:00,42116,42194,42113,42163,42264.703125,42344.703125,42464.703125,42154.703125,42064.703125,42225.2953895765,42250.0153035929,0.8016640075
2026-05-07 22:30:01,MXF1!,5,2026-05-07 22:25:00,42164,42224,42164,42183,42265.6791666667,42345.6791666667,42465.6791666667,42155.6791666667,42065.6791666667,42223.636746848,42248.6882678782,0.8078934632
2026-05-07 22:35:01,MXF1!,5,2026-05-07 22:30:00,42182,42222,42168,42173,42266.6135416667,42346.6135416667,42466.6135416667,42156.6135416667,42066.6135416667,42221.6509920697,42247.1894902965,0.8041416617
2026-05-07 22:40:02,MXF1!,5,2026-05-07 22:35:00,42176,42228,42160,42217,42267.4572916667,42347.4572916667,42467.4572916667,42157.4572916667,42067.4572916667,42221.4686002238,42246.5916786074,0.8184255486
2026-05-07 22:45:02,MXF1!,5,2026-05-07 22:40:00,42218,42228,42167,42173,42268.296875,42348.296875,42468.296875,42158.296875,42068.296875,42219.5678708033,42245.1344176449,0.8032876922
2026-05-07 22:50:02,MXF1!,5,2026-05-07 22:45:00,42172,42196,42140,42161,42269.09375,42349.09375,42469.09375,42159.09375,42069.09375,42217.2710915561,42243.4683895727,0.7988766304
2026-05-07 22:55:03,MXF1!,5,2026-05-07 22:50:00,42165,42209,42155,42200,42270.0604166667,42350.0604166667,42470.0604166667,42160.0604166667,42070.0604166667,42216.593793848,42242.6076293832,0.8115669594
2026-05-07 23:00:05,MXF1!,5,2026-05-07 22:55:00,42204,42238,42203,42229,42271.1708333333,42351.1708333333,42471.1708333333,42161.1708333333,42071.1708333333,42217.0803117363,42242.3381713756,0.8208802253
2026-05-07 23:05:00,MXF1!,5,2026-05-07 23:00:00,42232,42239,42190,42191,42272.05,42352.05,42472.05,42162.05,42072.05,42216.0575544133,42241.3215739226,0.8076506067
2026-05-07 23:10:03,MXF1!,5,2026-05-07 23:05:00,42190,42197,42157,42193,42272.7385416667,42352.7385416667,42472.7385416667,42162.7385416667,42072.7385416667,42215.1533365932,42240.3647110726,0.8079059296
2026-05-07 23:15:11,MXF1!,5,2026-05-07 23:10:00,42193,42196,42147,42158,42273.3479166667,42353.3479166667,42473.3479166667,42163.3479166667,42073.3479166667,42212.9120292758,42238.733726695,0.7956561498
2026-05-07 23:20:06,MXF1!,5,2026-05-07 23:15:00,42160,42189,42156,42168,42273.8083333333,42353.8083333333,42473.8083333333,42163.8083333333,42073.8083333333,42211.1507732258,42237.3330588396,0.7986147975
2026-05-07 23:25:02,MXF1!,5,2026-05-07 23:20:00,42164,42176,42118,42138,42274.0947916667,42354.0947916667,42474.0947916667,42164.0947916667,42074.0947916667,42208.2821154522,42235.3660675755,0.7880189213
2026-05-07 23:30:00,MXF1!,5,2026-05-07 23:25:00,42132,42160,42081,42144,42274.290625,42354.290625,42474.290625,42164.290625,42074.290625,42205.7612481796,42233.5568385146,0.7896292864
2026-05-07 23:35:03,MXF1!,5,2026-05-07 23:30:00,42145,42178,42137,42174,42274.5489583333,42354.5489583333,42474.5489583333,42164.5489583333,42074.5489583333,42204.5157090353,42232.3774951776,0.7993967278
2026-05-07 23:40:02,MXF1!,5,2026-05-07 23:35:00,42172,42215,42159,42189,42274.7916666667,42354.7916666667,42474.7916666667,42164.7916666667,42074.7916666667,42203.9072498574,42231.5185348771,0.8040731164
2026-05-07 23:45:09,MXF1!,5,2026-05-07 23:40:00,42190,42216,42179,42201,42275.1927083333,42355.1927083333,42475.1927083333,42165.1927083333,42075.1927083333,42203.7932400591,42230.9142074538,0.807722653
2026-05-07 23:50:00,MXF1!,5,2026-05-07 23:45:00,42200,42206,42146,42148,42275.4666666667,42355.4666666667,42475.4666666667,42165.4666666667,42075.4666666667,42201.6052698607,42229.2723419597,0.7892405652
2026-05-07 23:55:02,MXF1!,5,2026-05-07 23:50:00,42149,42149,42098,42123,42275.540625,42355.540625,42475.540625,42165.540625,42075.540625,42198.5227102583,42227.1679391486,0.7803070073
2026-05-08 00:00:01,MXF1!,5,2026-05-07 23:55:00,42121,42125,42008,42032,42275.1614583333,42355.1614583333,42475.1614583333,42165.1614583333,42075.1614583333,42191.9924078953,42223.3032274823,0.7488014802
2026-05-08 00:05:03,MXF1!,5,2026-05-08 00:00:00,42034,42041,41978,41999,42274.4885416667,42354.4885416667,42474.4885416667,42164.4885416667,42074.4885416667,42184.4240781739,42218.8615794133,0.7371127561
2026-05-08 00:10:01,MXF1!,5,2026-05-08 00:05:00,41998,42013,41951,42013,42273.559375,42353.559375,42473.559375,42163.559375,42073.559375,42177.7015653043,42214.7851124942,0.7415299434
2026-05-08 00:15:00,MXF1!,5,2026-05-08 00:10:00,42012,42015,41931,41960,42272.4635416667,42352.4635416667,42472.4635416667,42162.4635416667,42072.4635416667,42169.1642490179,42209.7398627419,0.722924784
2026-05-08 00:20:03,MXF1!,5,2026-05-08 00:15:00,41960,41960,41858,41898,42271.015625,42351.015625,42471.015625,42161.015625,42071.015625,42158.5303568995,42203.5667961529,0.7011957342
2026-05-08 00:25:04,MXF1!,5,2026-05-08 00:20:00,41890,41935,41856,41932,42269.5010416667,42349.5010416667,42469.5010416667,42159.5010416667,42069.5010416667,42149.6468134917,42198.1892358331,0.7125390359
2026-05-08 00:30:04,MXF1!,5,2026-05-08 00:25:00,41934,41982,41933,41953,42268.259375,42348.259375,42468.259375,42158.259375,42068.259375,42141.9351737469,42193.3340034403,0.7194193539
2026-05-08 00:35:01,MXF1!,5,2026-05-08 00:30:00,41950,42012,41946,41996,42267.1739583333,42347.1739583333,42467.1739583333,42157.1739583333,42067.1739583333,42136.2122257568,42189.4263994118,0.733922628
2026-05-08 00:40:04,MXF1!,5,2026-05-08 00:35:00,41994,41999,41922,41930,42265.9760416667,42345.9760416667,42465.9760416667,42155.9760416667,42065.9760416667,42128.1254718056,42184.2892429878,0.7106796378
2026-05-08 00:45:04,MXF1!,5,2026-05-08 00:40:00,41924,41960,41917,41941,42264.7239583333,42344.7239583333,42464.7239583333,42154.7239583333,42064.7239583333,42120.7872180093,42179.4716342158,0.7141261031
2026-05-08 00:50:02,MXF1!,5,2026-05-08 00:45:00,41940,41959,41928,41948,42263.4416666667,42343.4416666667,42463.4416666667,42153.4416666667,42063.4416666667,42114.0112486756,42174.8880374986,0.7161818024
2026-05-08 00:55:04,MXF1!,5,2026-05-08 00:50:00,41943,41972,41916,41963,42262.0739583333,42342.0739583333,42462.0739583333,42152.0739583333,42062.0739583333,42108.0892389236,42170.6922347759,0.7210304752
2026-05-08 01:00:04,MXF1!,5,2026-05-08 00:55:00,41960,41972,41907,41943,42260.6614583333,42340.6614583333,42460.6614583333,42150.6614583333,42060.6614583333,42101.6151511227,42166.1834776516,0.7136697911
2026-05-08 01:05:02,MXF1!,5,2026-05-08 01:00:00,41945,41955,41911,41927,42259.3447916667,42339.3447916667,42459.3447916667,42149.3447916667,42059.3447916667,42094.7674981375,42161.4471711635,0.7076993838
2026-05-08 01:10:03,MXF1!,5,2026-05-08 01:05:00,41934,41963,41916,41925,42257.8375,42337.8375,42457.8375,42147.8375,42057.8375,42088.1099491909,42156.7650489622,0.7066334933
2026-05-08 01:15:03,MXF1!,5,2026-05-08 01:10:00,41924,41927,41888,41915,42256.0854166667,42336.0854166667,42456.0854166667,42146.0854166667,42056.0854166667,42081.3213237325,42151.9776222501,0.7027568757
2026-05-08 01:20:01,MXF1!,5,2026-05-08 01:15:00,41913,41914,41841,41863,42254.1229166667,42334.1229166667,42454.1229166667,42144.1229166667,42054.1229166667,42072.7597031939,42146.2552930966,0.6841058493
2026-05-08 01:25:02,MXF1!,5,2026-05-08 01:20:00,41860,41931,41840,41926,42252.1197916667,42332.1197916667,42452.1197916667,42142.1197916667,42052.1197916667,42067.0044207157,42141.8938021442,0.7059486226
2026-05-08 01:30:02,MXF1!,5,2026-05-08 01:25:00,41926,41957,41751,41807,42249.74375,42329.74375,42449.74375,42139.74375,42049.74375,42056.808168923,42135.2622417057,0.6635711405
2026-05-08 01:35:01,MXF1!,5,2026-05-08 01:30:00,41808,41875,41785,41869,42247.45,42327.45,42447.45,42137.45,42047.45,42049.4431426907,42129.989722068,0.6851904743
2026-05-08 01:40:03,MXF1!,5,2026-05-08 01:35:00,41871,41933,41857,41918,42245.5177083333,42325.5177083333,42445.5177083333,42135.5177083333,42045.5177083333,42044.288509644,42125.7919057894,0.7022604792
2026-05-08 01:45:09,MXF1!,5,2026-05-08 01:40:00,41921,41948,41895,41904,42243.6072916667,42323.6072916667,42443.6072916667,42133.6072916667,42043.6072916667,42038.7869994619,42121.3999868629,0.6969722072
2026-05-08 01:50:01,MXF1!,5,2026-05-08 01:45:00,41906,41926,41897,41906,42241.6697916667,42321.6697916667,42441.6697916667,42131.6697916667,42041.6697916667,42033.5796661496,42117.1346405884,0.6974096663
2026-05-08 01:55:01,MXF1!,5,2026-05-08 01:50:00,41907,41910,41864,41902,42239.565625,42319.565625,42439.565625,42129.565625,42039.565625,42028.4196792418,42112.8745486955,0.6957095579
2026-05-08 02:00:03,MXF1!,5,2026-05-08 01:55:00,41904,41990,41890,41982,42237.6375,42317.6375,42437.6375,42127.6375,42037.6375,42026.5992996637,42110.2829734738,0.724151859
2026-05-08 02:05:05,MXF1!,5,2026-05-08 02:00:00,41984,42002,41961,41974,42236.615625,42316.615625,42436.615625,42126.615625,42036.615625,42024.5365820298,42107.5843007318,0.7210500481
2026-05-08 02:10:02,MXF1!,5,2026-05-08 02:05:00,41976,42019,41940,41955,42236.0239583333,42316.0239583333,42436.0239583333,42126.0239583333,42036.0239583333,42021.8096572443,42104.5628294301,0.7139490453
2026-05-08 02:15:08,MXF1!,5,2026-05-08 02:10:00,41950,41974,41931,41944,42235.1239583333,42315.1239583333,42435.1239583333,42125.1239583333,42035.1239583333,42018.7582981367,42101.3833674612,0.7097332745
2026-05-08 02:20:00,MXF1!,5,2026-05-08 02:15:00,41947,41986,41940,41958,42234.4427083333,42314.4427083333,42434.4427083333,42124.4427083333,42034.4427083333,42016.3756197784,42098.544092858,0.7145707545
2026-05-08 02:25:04,MXF1!,5,2026-05-08 02:20:00,41963,41968,41919,41924,42233.7552083333,42313.7552083333,42433.7552083333,42123.7552083333,42033.7552083333,42012.7530464538,42095.0877741876,0.7019373025
2026-05-08 02:30:01,MXF1!,5,2026-05-08 02:25:00,41920,41924,41898,41913,42232.6385416667,42312.6385416667,42432.6385416667,42122.6385416667,42032.6385416667,42008.8411622791,42091.4820756888,0.6976555954
2026-05-08 02:35:01,MXF1!,5,2026-05-08 02:30:00,41914,41940,41901,41922,42231.178125,42311.178125,42431.178125,42121.178125,42031.178125,42005.4356265035,42088.1259949821,0.7007288333
2026-05-08 02:40:01,MXF1!,5,2026-05-08 02:35:00,41926,41938,41862,41920,42229.6270833333,42309.6270833333,42429.6270833333,42119.6270833333,42029.6270833333,42002.0852097778,42084.7967673587,0.699740925
2026-05-08 02:45:00,MXF1!,5,2026-05-08 02:40:00,41922,41932,41829,41883,42228.3697916667,42308.3697916667,42428.3697916667,42118.3697916667,42028.3697916667,41997.4152015513,42080.8007917674,0.6858042268
2026-05-08 02:50:02,MXF1!,5,2026-05-08 02:45:00,41885,41921,41830,41872,42227.2135416667,42307.2135416667,42427.2135416667,42117.2135416667,42027.2135416667,41992.4969583532,42076.6661226235,0.681424214
2026-05-08 02:55:14,MXF1!,5,2026-05-08 02:50:00,41866,41889,41848,41877,42225.4385416667,42305.4385416667,42425.4385416667,42115.4385416667,42025.4385416667,41987.9676658687,42072.7123380171,0.6829591516
2026-05-08 03:00:02,MXF1!,5,2026-05-08 02:55:00,41878,41960,41861,41947,42223.5052083333,42303.5052083333,42423.5052083333,42113.5052083333,42023.5052083333,41986.3610907366,42070.2229847891,0.7086978978
2026-05-08 03:05:01,MXF1!,5,2026-05-08 03:00:00,41952,41963,41924,41937,42221.0427083333,42301.0427083333,42421.0427083333,42111.0427083333,42021.0427083333,41984.4253616881,42067.5849058823,0.7046447969
2026-05-08 03:10:04,MXF1!,5,2026-05-08 03:05:00,41937,41970,41921,41957,42218.70625,42298.70625,42418.70625,42108.70625,42018.70625,41983.3498573082,42065.3951057659,0.7118045188
2026-05-08 03:15:03,MXF1!,5,2026-05-08 03:10:00,41953,41991,41951,41982,42216.7520833333,42296.7520833333,42416.7520833333,42106.7520833333,42016.7520833333,41983.2969217275,42063.7437175329,0.7208613973
2026-05-08 03:20:06,MXF1!,5,2026-05-08 03:15:00,41984,41988,41897,41915,42214.565625,42294.565625,42414.565625,42104.565625,42014.565625,41980.6186110715,42060.7982973837,0.6953766787
2026-05-08 03:25:01,MXF1!,5,2026-05-08 03:20:00,41906,41927,41882,41888,42212.2729166667,42292.2729166667,42412.2729166667,42102.2729166667,42012.2729166667,41976.9865086765,42057.3765489207,0.6848818884
2026-05-08 03:30:05,MXF1!,5,2026-05-08 03:25:00,41889,41931,41860,41920,42210.2270833333,42290.2270833333,42410.2270833333,42100.2270833333,42010.2270833333,41974.7517436304,42054.6562212193,0.6966387858
2026-05-08 03:35:04,MXF1!,5,2026-05-08 03:30:00,41923,41968,41923,41954,42208.4760416667,42288.4760416667,42408.4760416667,42098.4760416667,42008.4760416667,41973.9379497625,42052.6630287199,0.7092080817
2026-05-08 03:40:03,MXF1!,5,2026-05-08 03:35:00,41953,41988,41952,41977,42206.8427083333,42286.8427083333,42406.8427083333,42096.8427083333,42006.8427083333,41974.058030164,42051.1647509234,0.7176434352
2026-05-08 03:45:10,MXF1!,5,2026-05-08 03:40:00,41980,41996,41964,41979,42204.6802083333,42284.6802083333,42404.6802083333,42094.6802083333,42004.6802083333,41974.2518329027,42049.7357459547,0.7181233442
2026-05-08 03:50:01,MXF1!,5,2026-05-08 03:45:00,41980,41994,41958,41985,42202.446875,42282.446875,42402.446875,42092.446875,42002.446875,41974.6733296516,42048.4538499952,0.7201206308
2026-05-08 03:55:01,MXF1!,5,2026-05-08 03:50:00,41994,42032,41929,41949,42200.4447916667,42280.4447916667,42400.4447916667,42090.4447916667,42000.4447916667,41973.6665324104,42046.4844668269,0.706064577
2026-05-08 04:00:00,MXF1!,5,2026-05-08 03:55:00,41954,41964,41916,41925,42198.3739583333,42278.3739583333,42398.3739583333,42088.3739583333,41998.3739583333,41971.7580409433,42044.0788338205,0.6965689309
2026-05-08 04:05:02,MXF1!,5,2026-05-08 04:00:00,41922,42030,41916,42007,42196.5895833333,42276.5895833333,42396.5895833333,42086.5895833333,41996.5895833333,41973.1400785533,42043.3445994874,0.7278248095
2026-05-08 04:10:00,MXF1!,5,2026-05-08 04:05:00,42012,42024,41992,41999,42195.0010416667,42275.0010416667,42395.0010416667,42085.0010416667,41995.0010416667,41974.1541931199,42042.4664886064,0.7244562487
2026-05-08 04:15:02,MXF1!,5,2026-05-08 04:10:00,41999,42006,41987,41994,42193.040625,42273.040625,42393.040625,42083.040625,41993.040625,41974.9324600564,42041.5067561588,0.7222455194
2026-05-08 04:20:03,MXF1!,5,2026-05-08 04:15:00,41995,42010,41991,42001,42191.3333333333,42271.3333333333,42391.3333333333,42081.3333333333,41991.3333333333,41975.9547165247,42040.7046421754,0.7246862053
2026-05-08 04:25:04,MXF1!,5,2026-05-08 04:20:00,42002,42010,41995,41995,42189.8760416667,42269.8760416667,42389.8760416667,42079.8760416667,41989.8760416667,41976.7015903865,42039.7995997561,0.7220821251
2026-05-08 04:30:04,MXF1!,5,2026-05-08 04:25:00,41992,42000,41988,41993,42188.3166666667,42268.3166666667,42388.3166666667,42078.3166666667,41988.3166666667,41977.3407437047,42038.8728750085,0.7210362678
2026-05-08 04:35:02,MXF1!,5,2026-05-08 04:30:00,41993,42006,41978,41995,42186.5322916667,42266.5322916667,42386.5322916667,42076.5322916667,41986.5322916667,41978.0332635594,42038.0041052063,0.7215493057
2026-05-08 04:40:05,MXF1!,5,2026-05-08 04:35:00,41995,42013,41924,41940,42184.7072916667,42264.7072916667,42384.7072916667,42074.7072916667,41984.7072916667,41976.5417630277,42036.0634298557,0.6997324214
2026-05-08 04:45:03,MXF1!,5,2026-05-08 04:40:00,41933,41957,41924,41954,42182.7552083333,42262.7552083333,42382.7552083333,42072.7552083333,41982.7552083333,41975.6577723207,42034.4384114427,0.7049671164
2026-05-08 04:50:01,MXF1!,5,2026-05-08 04:45:00,41954,41977,41940,41965,42180.6770833333,42260.6770833333,42380.6770833333,42070.6770833333,41980.6770833333,41975.239820465,42033.0633933944,0.7090612707
2026-05-08 04:55:02,MXF1!,5,2026-05-08 04:50:00,41967,41984,41957,41961,42178.646875,42258.646875,42378.646875,42068.646875,41978.646875,41974.681396133,42031.6363955054,0.7072389438
2026-05-08 05:01:00,MXF1!,5,2026-05-08 04:55:00,41961,41967,41941,41967,42176.3916666667,42256.3916666667,42376.3916666667,42066.3916666667,41976.3916666667,41974.3801649121,42030.3564668815,0.7093591751
2026-05-08 08:50:00,MXF1!,5,2026-05-08 08:45:00,42064,42151,42052,42136,42174.953125,42254.953125,42374.953125,42064.953125,41974.953125,41980.7181976607,42032.4484180324,0.7763487759
2026-05-08 08:54:59,MXF1!,5,2026-05-08 08:50:00,42136,42158,42118,42144,42173.6791666667,42253.6791666667,42373.6791666667,42063.6791666667,41973.6791666667,41987.1214055955,42034.6573602495,0.7793418424
2026-05-08 09:00:00,MXF1!,5,2026-05-08 08:55:00,42143,42148,42100,42115,42172.3270833333,42252.3270833333,42372.3270833333,42062.3270833333,41972.3270833333,41992.1362524349,42036.2483036109,0.767574929
2026-05-08 09:05:02,MXF1!,5,2026-05-08 09:00:00,42111,42175,42063,42130,42171.1260416667,42251.1260416667,42371.1260416667,42061.1260416667,41971.1260416667,41997.5426739081,42038.1047728464,0.7734137647
2026-05-08 09:10:01,MXF1!,5,2026-05-08 09:05:00,42133,42199,42117,42174,42170.15,42250.15,42370.15,42060.15,41970.15,42004.4625690489,42040.7957674435,0.7909209451
2026-05-08 09:15:00,MXF1!,5,2026-05-08 09:10:00,42175,42262,42134,42254,42169.2770833333,42249.2770833333,42369.2770833333,42059.2770833333,41969.2770833333,42014.2483506549,42045.0176334347,0.822923418
2026-05-08 09:20:00,MXF1!,5,2026-05-08 09:15:00,42256,42283,42191,42230,42168.8197916667,42248.8197916667,42368.8197916667,42058.8197916667,41968.8197916667,42022.7091996488,42048.6806505944,0.8129740168
2026-05-08 09:25:00,MXF1!,5,2026-05-08 09:20:00,42230,42276,42168,42189,42168.2895833333,42248.2895833333,42368.2895833333,42058.2895833333,41968.2895833333,42029.2304075057,42051.4592515727,0.7961306282
2026-05-08 09:30:02,MXF1!,5,2026-05-08 09:25:00,42186,42295,42163,42264,42167.859375,42247.859375,42367.859375,42057.859375,41967.859375,42038.4370581917,42055.6679792643,0.8263359736
2026-05-08 09:35:00,MXF1!,5,2026-05-08 09:30:00,42265,42326,42236,42304,42167.6510416667,42247.6510416667,42367.6510416667,42057.6510416667,41967.6510416667,42048.8512912038,42060.5854450215,0.8423536937
2026-05-08 09:40:01,MXF1!,5,2026-05-08 09:35:00,42305,42311,42182,42236,42167.1645833333,42247.1645833333,42367.1645833333,42057.1645833333,41967.1645833333,42056.1904562547,42064.0590005656,0.814376822
2026-05-08 09:45:01,MXF1!,5,2026-05-08 09:40:00,42237,42254,42142,42179,42166.5989583333,42246.5989583333,42366.5989583333,42056.5989583333,41966.5989583333,42061.0065167937,42066.3350599604,0.7907995031
2026-05-08 09:50:00,MXF1!,5,2026-05-08 09:45:00,42179,42268,42162,42251,42166.0729166667,42246.0729166667,42366.0729166667,42056.0729166667,41966.0729166667,42068.4572416253,42069.9917914463,0.8200013915
2026-05-08 09:55:01,MXF1!,5,2026-05-08 09:50:00,42252,42342,42244,42256,42165.9416666667,42245.9416666667,42365.9416666667,42055.9416666667,41965.9416666667,42075.8118596008,42073.6751223087,0.8217610512
2026-05-08 10:00:02,MXF1!,5,2026-05-08 09:55:00,42258,42267,42173,42174,42165.3895833333,42245.3895833333,42365.3895833333,42055.3895833333,41965.3895833333,42079.6623749106,42075.6617535501,0.7877598536
2026-05-08 10:05:01,MXF1!,5,2026-05-08 10:00:00,42176,42200,42086,42110,42164.2760416667,42244.2760416667,42364.2760416667,42054.2760416667,41964.2760416667,42080.8520856984,42076.3417188264,0.7611131331
2026-05-08 10:10:00,MXF1!,5,2026-05-08 10:05:00,42110,42112,41960,41999,42162.5114583333,42242.5114583333,42362.5114583333,42052.5114583333,41962.5114583333,42077.6421999847,42074.8101996417,0.7149692482
2026-05-08 10:15:00,MXF1!,5,2026-05-08 10:10:00,42002,42004,41890,41932,42160.21875,42240.21875,42360.21875,42050.21875,41960.21875,42071.9307411618,42071.9822748963,0.6868999262
2026-05-08 10:20:00,MXF1!,5,2026-05-08 10:15:00,41936,41939,41709,41726,42157.35625,42237.35625,42357.35625,42047.35625,41957.35625,42058.3648297437,42065.1311407399,0.6009227392
2026-05-08 10:25:00,MXF1!,5,2026-05-08 10:20:00,41724,41783,41541,41750,42154.04375,42234.04375,42354.04375,42044.04375,41954.04375,42046.2720913224,42058.8909201312,0.6104970738
2026-05-08 10:30:00,MXF1!,5,2026-05-08 10:25:00,41749,41809,41661,41681,42151.0989583333,42231.0989583333,42351.0989583333,42041.0989583333,41951.0989583333,42031.9476955842,42051.4079316138,0.5812131768
2026-05-08 10:35:01,MXF1!,5,2026-05-08 10:30:00,41684,41801,41660,41799,42147.9208333333,42227.9208333333,42347.9208333333,42037.9208333333,41947.9208333333,42022.8124918358,42046.4097547501,0.6302442438
2026-05-08 10:40:02,MXF1!,5,2026-05-08 10:35:00,41800,41833,41719,41795,42144.940625,42224.940625,42344.940625,42034.940625,41944.940625,42013.8786686266,42041.431343765,0.62817337
2026-05-08 10:45:00,MXF1!,5,2026-05-08 10:40:00,41795,41897,41769,41860,42142.2739583333,42222.2739583333,42342.2739583333,42032.2739583333,41942.2739583333,42007.8442110334,42037.8386438885,0.6551904173
2026-05-08 10:50:02,MXF1!,5,2026-05-08 10:45:00,41860,41978,41848,41964,42139.7947916667,42219.7947916667,42339.7947916667,42029.7947916667,41939.7947916667,42006.1248302085,42036.3764925243,0.6987833612
2026-05-08 10:55:00,MXF1!,5,2026-05-08 10:50:00,41963,41976,41905,41952,42137.1375,42217.1375,42337.1375,42027.1375,41937.1375,42004.0022878474,42034.7056708902,0.6933712874
2026-05-08 11:00:00,MXF1!,5,2026-05-08 10:55:00,41957,41988,41916,41923,42134.1802083333,42214.1802083333,42334.1802083333,42024.1802083333,41934.1802083333,42000.8257275397,42032.4936774072,0.6807297728
2026-05-08 11:05:01,MXF1!,5,2026-05-08 11:00:00,41925,41994,41908,41952,42131.2895833333,42211.2895833333,42331.2895833333,42021.2895833333,41931.2895833333,41998.9109931264,42030.8997432011,0.6927457993
2026-05-08 11:10:01,MXF1!,5,2026-05-08 11:05:00,41955,41964,41920,41941,42128.4760416667,42208.4760416667,42328.4760416667,42018.4760416667,41928.4760416667,41996.6399737881,42029.1195502665,0.6877297006
2026-05-08 11:15:00,MXF1!,5,2026-05-08 11:10:00,41946,41996,41912,41974,42126.034375,42206.034375,42326.034375,42016.034375,41926.034375,41995.7521316787,42028.0280740236,0.7015122751
2026-05-08 11:20:00,MXF1!,5,2026-05-08 11:15:00,41973,41994,41924,41935,42123.5416666667,42203.5416666667,42323.5416666667,42013.5416666667,41923.5416666667,41993.3696951423,42026.1859339439,0.6844538252
2026-05-08 11:25:01,MXF1!,5,2026-05-08 11:20:00,41935,41966,41917,41929,42120.8708333333,42200.8708333333,42320.8708333333,42010.8708333333,41920.8708333333,41990.845393372,42024.2614600044,0.6815383268
2026-05-08 11:30:02,MXF1!,5,2026-05-08 11:25:00,41929,41949,41906,41926,42118.0760416667,42198.0760416667,42318.0760416667,42008.0760416667,41918.0760416667,41988.3024367692,42022.3156885192,0.6798945286
2026-05-08 11:35:01,MXF1!,5,2026-05-08 11:30:00,41921,42026,41918,41987,42115.7489583333,42195.7489583333,42315.7489583333,42005.7489583333,41915.7489583333,41988.2513608175,42021.6163679544,0.7058863734
2026-05-08 11:40:00,MXF1!,5,2026-05-08 11:35:00,41988,42027,41933,41943,42113.475,42193.475,42313.475,42003.475,41913.475,41986.4767976482,42020.059608193,0.6865419608
2026-05-08 11:45:00,MXF1!,5,2026-05-08 11:40:00,41944,41962,41914,41938,42111.0489583333,42191.0489583333,42311.0489583333,42001.0489583333,41911.0489583333,41984.57574676,42018.4346654565,0.6840622279
2026-05-08 11:50:00,MXF1!,5,2026-05-08 11:45:00,41933,41933,41875,41881,42108.309375,42188.309375,42308.309375,41998.309375,41908.309375,41980.5139527694,42015.7131869326,0.6589224807
2026-05-08 11:55:00,MXF1!,5,2026-05-08 11:50:00,41881,41918,41846,41903,42105.4333333333,42185.4333333333,42305.4333333333,41995.4333333333,41905.4333333333,41977.4741899157,42013.4812426369,0.6681908957
2026-05-08 12:00:02,MXF1!,5,2026-05-08 11:55:00,41904,41968,41894,41955,42103.0229166667,42183.0229166667,42303.0229166667,41993.0229166667,41903.0229166667,41976.5928491347,42012.3231982282,0.6906430551
2026-05-08 12:05:03,MXF1!,5,2026-05-08 12:00:00,41956,41960,41901,41922,42100.665625,42180.665625,42300.665625,41990.665625,41900.665625,41974.4519530902,42010.5346200455,0.6758436472
2026-05-08 12:10:01,MXF1!,5,2026-05-08 12:05:00,41928,41950,41889,41947,42098.26875,42178.26875,42298.26875,41988.26875,41898.26875,41973.3754059102,42009.2765087575,0.6865427322
2026-05-08 12:15:03,MXF1!,5,2026-05-08 12:10:00,41949,41965,41893,41908,42096.0666666667,42176.0666666667,42296.0666666667,41986.0666666667,41896.0666666667,41970.8116645019,42007.2710333365,0.6690202973
2026-05-08 12:20:04,MXF1!,5,2026-05-08 12:15:00,41905,41963,41866,41946,42093.74375,42173.74375,42293.74375,41983.74375,41893.74375,41969.8386580509,42006.0577455477,0.6855538545
2026-05-08 12:25:00,MXF1!,5,2026-05-08 12:20:00,41945,41970,41926,41927,42091.5552083333,42171.5552083333,42291.5552083333,41981.5552083333,41891.5552083333,41968.1587106763,42004.4922456358,0.6768497184
2026-05-08 12:30:01,MXF1!,5,2026-05-08 12:25:00,41928,41967,41918,41944,42089.4041666667,42169.4041666667,42289.4041666667,41979.4041666667,41889.4041666667,41967.2113102577,42003.2943793856,0.6841732525
2026-05-08 12:35:04,MXF1!,5,2026-05-08 12:30:00,41946,41983,41890,41909,42087.2645833333,42167.2645833333,42287.2645833333,41977.2645833333,41887.2645833333,41964.928513777,42001.4271639522,0.6682509485
2026-05-08 12:40:04,MXF1!,5,2026-05-08 12:35:00,41907,41916,41884,41893,42084.9822916667,42164.9822916667,42284.9822916667,41974.9822916667,41884.9822916667,41962.1077877465,41999.2800913987,0.6607583682
2026-05-08 12:45:01,MXF1!,5,2026-05-08 12:40:00,41894,41897,41815,41821,42082.5322916667,42162.5322916667,42282.5322916667,41972.5322916667,41882.5322916667,41956.5741490114,41995.7497925592,0.6279542129
2026-05-08 12:50:01,MXF1!,5,2026-05-08 12:45:00,41818,41875,41814,41872,42080.1166666667,42160.1166666667,42280.1166666667,41970.1166666667,41880.1166666667,41953.2575157168,41993.2993016174,0.6505897772
2026-05-08 12:55:01,MXF1!,5,2026-05-08 12:50:00,41872,41929,41861,41913,42078.15,42158.15,42278.15,41968.15,41878.15,41951.6787896102,41991.7092164369,0.6687826711
2026-05-08 13:00:03,MXF1!,5,2026-05-08 12:55:00,41916,41936,41897,41931,42076.31875,42156.31875,42276.31875,41966.31875,41876.31875,41950.8678566844,41990.5070537351,0.6766125997
2026-05-08 13:05:01,MXF1!,5,2026-05-08 13:00:00,41932,41972,41900,41912,42074.640625,42154.640625,42274.640625,41964.640625,41874.640625,41949.3436270105,41988.9524586117,0.6676066817
2026-05-08 13:10:02,MXF1!,5,2026-05-08 13:05:00,41912,41937,41906,41925,42072.8072916667,42152.8072916667,42272.8072916667,41962.8072916667,41872.8072916667,41948.3889749708,41987.6860732926,0.6731357491
2026-05-08 13:15:00,MXF1!,5,2026-05-08 13:10:00,41925,41971,41923,41962,42071.146875,42151.146875,42271.146875,41961.146875,41871.146875,41948.9227406583,41987.1774381779,0.6896350728
2026-05-08 13:20:02,MXF1!,5,2026-05-08 13:15:00,41959,41968,41947,41954,42069.45625,42149.45625,42269.45625,41959.45625,41869.45625,41949.1218488677,41986.5204592041,0.6855988992
2026-05-08 13:25:00,MXF1!,5,2026-05-08 13:20:00,41955,41958,41930,41942,42067.5302083333,42147.5302083333,42267.5302083333,41957.5302083333,41867.5302083333,41948.8425606768,41985.6388659525,0.6797512967
2026-05-08 13:30:02,MXF1!,5,2026-05-08 13:25:00,41943,41955,41917,41936,42065.5427083333,42145.5427083333,42265.5427083333,41955.5427083333,41865.5427083333,41948.3389308464,41984.6559181119,0.6766338097
2026-05-08 13:35:01,MXF1!,5,2026-05-08 13:30:00,41934,41969,41919,41936,42063.5375,42143.5375,42263.5375,41953.5375,41863.5375,41947.8550512053,41983.6924345849,0.6762589459
2026-05-08 13:40:00,MXF1!,5,2026-05-08 13:35:00,41932,41963,41927,41937,42061.909375,42141.909375,42261.909375,41951.909375,41861.909375,41947.4293629228,41982.7678319199,0.6763177408
2026-05-08 13:46:00,MXF1!,5,2026-05-08 13:40:00,41937,41963,41911,41936,42060.3489583333,42140.3489583333,42260.3489583333,41950.3489583333,41860.3489583333,41946.9811526121,41981.8417362383,0.6754566703
2026-05-08 15:05:00,MXF1!,5,2026-05-08 15:00:00,41999,42044,41928,41946,42058.7375,42138.7375,42258.7375,41948.7375,41858.7375,41946.9426760391,41981.131998887,0.6796753471
2026-05-08 15:10:09,MXF1!,5,2026-05-08 15:05:00,41946,41963,41907,41922,42057.0979166667,42137.0979166667,42257.0979166667,41947.0979166667,41857.0979166667,41945.9645318807,41979.961068216,0.6681624214
2026-05-08 15:15:01,MXF1!,5,2026-05-08 15:10:00,41921,41921,41860,41869,42055.1510416667,42135.1510416667,42255.1510416667,41945.1510416667,41855.1510416667,41942.9463149442,41977.7638193404,0.6431981066
2026-05-08 15:20:01,MXF1!,5,2026-05-08 15:15:00,41867,41875,41800,41824,42052.9625,42132.9625,42252.9625,41942.9625,41852.9625,41938.2817535738,41974.7189912347,0.6219115395
2026-05-08 15:25:04,MXF1!,5,2026-05-08 15:20:00,41823,41853,41802,41815,42050.6229166667,42130.6229166667,42250.6229166667,41940.6229166667,41850.6229166667,41933.4471750023,41971.556238933,0.6173312865
2026-05-08 15:30:05,MXF1!,5,2026-05-08 15:25:00,41815,41846,41802,41843,42048.325,42128.325,42248.325,41938.325,41848.325,41929.900226963,41969.0105708353,0.6299625535
2026-05-08 15:35:07,MXF1!,5,2026-05-08 15:30:00,41845,41854,41820,41836,42046.1708333333,42126.1708333333,42246.1708333333,41936.1708333333,41846.1708333333,41926.2178651213,41966.3766981455,0.626303351
2026-05-08 15:40:09,MXF1!,5,2026-05-08 15:35:00,41833,41849,41825,41841,42043.9479166667,42123.9479166667,42243.9479166667,41933.9479166667,41843.9479166667,41922.8759880577,41963.8939912515,0.6282378101
2026-05-08 15:45:02,MXF1!,5,2026-05-08 15:40:00,41842,41845,41818,41832,42041.578125,42121.578125,42241.578125,41931.578125,41841.578125,41919.3122238202,41961.2822290485,0.6236456677
2026-05-08 15:50:00,MXF1!,5,2026-05-08 15:45:00,41833,41840,41754,41776,42038.971875,42118.971875,42238.971875,41928.971875,41838.971875,41913.6921366115,41957.6132740179,0.5971010522
2026-05-08 15:55:02,MXF1!,5,2026-05-08 15:50:00,41775,41798,41742,41742,42036.2375,42116.2375,42236.2375,41926.2375,41836.2375,41906.9591116464,41953.3437042353,0.5808299694
2026-05-08 16:00:03,MXF1!,5,2026-05-08 15:55:00,41744,41764,41741,41759,42033.5270833333,42113.5270833333,42233.5270833333,41923.5270833333,41833.5270833333,41901.1567935426,41949.4953140525,0.5884371477
2026-05-08 16:05:00,MXF1!,5,2026-05-08 16:00:00,41760,41762,41713,41747,42030.6666666667,42110.6666666667,42230.6666666667,41920.6666666667,41830.6666666667,41895.1114290899,41945.4855058534,0.5824697851
2026-05-08 16:10:02,MXF1!,5,2026-05-08 16:05:00,41747,41761,41726,41755,42027.9145833333,42107.9145833333,42227.9145833333,41917.9145833333,41827.9145833333,41889.6168632433,41941.7135156385,0.585877022
2026-05-08 16:15:03,MXF1!,5,2026-05-08 16:10:00,41755,41794,41753,41761,42025.421875,42105.421875,42225.421875,41915.421875,41825.421875,41884.5730646847,41938.1350301803,0.5883577958
2026-05-08 16:20:05,MXF1!,5,2026-05-08 16:15:00,41763,41803,41759,41798,42022.9614583333,42102.9614583333,42222.9614583333,41912.9614583333,41822.9614583333,41881.1780425402,41935.3600790876,0.6053825961
2026-05-08 16:25:05,MXF1!,5,2026-05-08 16:20:00,41799,41824,41795,41808,42020.5510416667,42100.5510416667,42220.5510416667,41910.5510416667,41820.5510416667,41878.3083153818,41932.8380973235,0.609726686
2026-05-08 16:30:07,MXF1!,5,2026-05-08 16:25:00,41809,41814,41796,41804,42018.1135416667,42098.1135416667,42218.1135416667,41908.1135416667,41818.1135416667,41875.3942637982,41930.2868478716,0.6074845797
2026-05-08 16:35:01,MXF1!,5,2026-05-08 16:30:00,41806,41816,41797,41816,42015.765625,42095.765625,42215.765625,41905.765625,41815.765625,41873.0650769826,41928.0237419731,0.6127650208
2026-05-08 16:40:03,MXF1!,5,2026-05-08 16:35:00,41817,41825,41806,41808,42013.321875,42093.321875,42213.321875,41903.321875,41813.321875,41870.5135053362,41925.6470342113,0.6086299257
2026-05-08 16:45:06,MXF1!,5,2026-05-08 16:40:00,41808,41813,41778,41787,42010.85,42090.85,42210.85,41900.85,41810.85,41867.2384659112,41922.9015483853,0.5983696518
2026-05-08 16:50:05,MXF1!,5,2026-05-08 16:45:00,41788,41828,41786,41824,42008.5135416667,42088.5135416667,42208.5135416667,41898.5135416667,41808.5135416667,41865.5428397971,41920.9431018826,0.6154532354
2026-05-08 16:55:05,MXF1!,5,2026-05-08 16:50:00,41823,41829,41797,41797,42006.2677083333,42086.2677083333,42206.2677083333,41896.2677083333,41806.2677083333,41862.8548852952,41918.4887830335,0.6023557912
2026-05-08 17:00:02,MXF1!,5,2026-05-08 16:55:00,41796,41812,41795,41807,42003.9333333333,42083.9333333333,42203.9333333333,41893.9333333333,41803.9333333333,41860.6644976366,41916.2810843595,0.6067254033
2026-05-08 17:05:03,MXF1!,5,2026-05-08 17:00:00,41809,41855,41801,41852,42001.8270833333,42081.8270833333,42201.8270833333,41891.8270833333,41801.8270833333,41860.3247134155,41915.0081915999,0.6276302617
2026-05-08 17:10:00,MXF1!,5,2026-05-08 17:05:00,41852,41900,41852,41889,41999.9333333333,42079.9333333333,42199.9333333333,41889.9333333333,41799.9333333333,41861.4492344581,41914.4931779049,0.6447497117
2026-05-08 17:15:02,MXF1!,5,2026-05-08 17:10:00,41889,41898,41861,41861,41997.8677083333,42077.8677083333,42197.8677083333,41887.8677083333,41797.8677083333,41861.4316174205,41913.4339070553,0.6311265525
2026-05-08 17:20:05,MXF1!,5,2026-05-08 17:15:00,41861,41871,41852,41867,41995.7635416667,42075.7635416667,42195.7635416667,41885.7635416667,41795.7635416667,41861.6499853648,41912.5144237473,0.6335967976
2026-05-08 17:25:04,MXF1!,5,2026-05-08 17:20:00,41866,41884,41858,41875,41993.6822916667,42073.6822916667,42193.6822916667,41883.6822916667,41793.6822916667,41862.1735153505,41911.7715638711,0.6370172286
2026-05-08 17:30:03,MXF1!,5,2026-05-08 17:25:00,41877,41888,41864,41866,41991.5114583333,42071.5114583333,42191.5114583333,41881.5114583333,41791.5114583333,41862.323573572,41910.8651962697,0.6323820082
2026-05-08 17:35:00,MXF1!,5,2026-05-08 17:30:00,41866,41866,41800,41820,41989.11875,42069.11875,42189.11875,41879.11875,41789.11875,41860.6638255888,41909.0658854524,0.6102078784
2026-05-08 17:40:06,MXF1!,5,2026-05-08 17:35:00,41818,41829,41800,41811,41986.4822916667,42066.4822916667,42186.4822916667,41876.4822916667,41786.4822916667,41858.7162245853,41907.1239867306,0.6055892059
2026-05-08 17:45:01,MXF1!,5,2026-05-08 17:40:00,41812,41812,41777,41795,41983.6916666667,42063.6916666667,42183.6916666667,41873.6916666667,41783.6916666667,41856.2175491114,41904.9037097657,0.5976537632
2026-05-08 17:50:02,MXF1!,5,2026-05-08 17:45:00,41791,41797,41742,41755,41980.7822916667,42060.7822916667,42180.7822916667,41870.7822916667,41780.7822916667,41852.24823346,41901.9353194733,0.5783247884
2026-05-08 17:55:02,MXF1!,5,2026-05-08 17:50:00,41755,41757,41672,41692,41977.6958333333,42057.6958333333,42177.6958333333,41867.6958333333,41777.6958333333,41845.9639890106,41897.7781844342,0.5480647282
2026-05-08 18:00:00,MXF1!,5,2026-05-08 17:55:00,41693,41723,41669,41717,41974.6479166667,42054.6479166667,42174.6479166667,41864.6479166667,41774.6479166667,41840.9065776768,41894.1984184058,0.559632232
2026-05-08 18:05:03,MXF1!,5,2026-05-08 18:00:00,41714,41737,41711,41736,41971.978125,42051.978125,42171.978125,41861.978125,41771.978125,41836.7925942385,41891.0657764572,0.5683472412
2026-05-08 18:10:00,MXF1!,5,2026-05-08 18:05:00,41735,41745,41720,41720,41969.3020833333,42049.3020833333,42169.3020833333,41859.3020833333,41769.3020833333,41832.2124925037,41887.6783353392,0.5604036269
2026-05-08 18:15:05,MXF1!,5,2026-05-08 18:10:00,41722,41747,41720,41738,41966.646875,42046.646875,42166.646875,41856.646875,41766.646875,41828.5178849545,41884.7144079067,0.5686530002
2026-05-08 18:20:01,MXF1!,5,2026-05-08 18:15:00,41738,41765,41736,41737,41963.940625,42043.940625,42163.940625,41853.940625,41763.940625,41824.9289482896,41881.7893701264,0.5678577934
2026-05-08 18:25:02,MXF1!,5,2026-05-08 18:20:00,41739,41756,41720,41751,41961.18125,42041.18125,42161.18125,41851.18125,41761.18125,41822.0297738469,41879.1994816091,0.5742066049
2026-05-08 18:30:06,MXF1!,5,2026-05-08 18:25:00,41752,41781,41751,41765,41958.6135416667,42038.6135416667,42158.6135416667,41848.6135416667,41758.6135416667,41819.7933121274,41876.9381057356,0.5805624809
2026-05-08 18:35:00,MXF1!,5,2026-05-08 18:30:00,41767,41795,41766,41792,41956.4489583333,42036.4489583333,42156.4489583333,41846.4489583333,41756.4489583333,41818.7033783185,41875.2561630478,0.5931266075
2026-05-08 18:40:03,MXF1!,5,2026-05-08 18:35:00,41792,41807,41779,41785,41954.3458333333,42034.3458333333,42154.3458333333,41844.3458333333,41754.3458333333,41817.381677208,41873.4689122944,0.5894412806
2026-05-08 18:45:00,MXF1!,5,2026-05-08 18:40:00,41788,41796,41767,41767,41952.625,42032.625,42152.625,41842.625,41752.625,41815.4059251606,41871.3606170014,0.5804954761
2026-05-08 18:50:00,MXF1!,5,2026-05-08 18:45:00,41769,41769,41737,41740,41951.0604166667,42031.0604166667,42151.0604166667,41841.0604166667,41751.0604166667,41812.4488300563,41868.7594166647,0.5672376251
2026-05-08 18:55:00,MXF1!,5,2026-05-08 18:50:00,41739,41752,41730,41748,41949.26875,42029.26875,42149.26875,41839.26875,41749.26875,41809.921424956,41866.3681410872,0.570757461
2026-05-08 19:00:00,MXF1!,5,2026-05-08 18:55:00,41751,41751,41672,41728,41947.2510416667,42027.2510416667,42147.2510416667,41837.2510416667,41747.2510416667,41806.7088200558,41863.6281778974,0.5608606379
2026-05-08 19:05:01,MXF1!,5,2026-05-08 19:00:00,41729,41775,41729,41775,41945.5520833333,42025.5520833333,42145.5520833333,41835.5520833333,41745.5520833333,41805.4653369163,41861.8731644737,0.5830640849
2026-05-08 19:10:04,MXF1!,5,2026-05-08 19:05:00,41773,41788,41762,41771,41943.8791666667,42023.8791666667,42143.8791666667,41833.8791666667,41743.8791666667,41804.1137550765,41860.0736958702,0.5808210958
2026-05-08 19:15:00,MXF1!,5,2026-05-08 19:10:00,41775,41778,41748,41774,41941.9458333333,42021.9458333333,42141.9458333333,41831.9458333333,41741.9458333333,41802.9328235049,41858.369266249,0.5819437449
2026-05-08 19:20:07,MXF1!,5,2026-05-08 19:15:00,41774,41785,41760,41768,41940.0875,42020.0875,42140.0875,41830.0875,41740.0875,41801.5629088576,41856.5797758283,0.5787809913
2026-05-08 19:25:01,MXF1!,5,2026-05-08 19:20:00,41770,41773,41754,41769,41937.971875,42017.971875,42137.971875,41827.971875,41737.971875,41800.2859320397,41854.8455228416,0.5789761595
2026-05-08 19:30:05,MXF1!,5,2026-05-08 19:25:00,41768,41791,41768,41790,41935.8520833333,42015.8520833333,42135.8520833333,41825.8520833333,41735.8520833333,41799.8825621558,41853.5614530823,0.5887817547
2026-05-08 19:35:00,MXF1!,5,2026-05-08 19:30:00,41790,41791,41762,41764,41933.6708333333,42013.6708333333,42133.6708333333,41823.6708333333,41733.6708333333,41798.4754028555,41851.7879589619,0.5759753316
2026-05-08 19:40:03,MXF1!,5,2026-05-08 19:35:00,41760,41776,41759,41768,41931.5072916667,42011.5072916667,42131.5072916667,41821.5072916667,41731.5072916667,41797.2802890181,41850.1287914577,0.5775983591
2026-05-08 19:45:00,MXF1!,5,2026-05-08 19:40:00,41767,41772,41757,41758,41929.3020833333,42009.3020833333,42129.3020833333,41819.3020833333,41729.3020833333,41795.7398855272,41848.3044589536,0.5724864965
2026-05-08 19:50:03,MXF1!,5,2026-05-08 19:45:00,41758,41777,41751,41777,41927.1645833333,42007.1645833333,42127.1645833333,41817.1645833333,41727.1645833333,41795.0049880555,41846.8924894694,0.5813414248
2026-05-08 19:55:02,MXF1!,5,2026-05-08 19:50:00,41776,41785,41765,41774,41925.0322916667,42005.0322916667,42125.0322916667,41815.0322916667,41725.0322916667,41794.1812630337,41845.4490738363,0.5795978176
2026-05-08 20:00:04,MXF1!,5,2026-05-08 19:55:00,41771,41777,41757,41760,41922.6677083333,42002.6677083333,42122.6677083333,41812.6677083333,41722.6677083333,41792.8408213461,41843.7570129683,0.5725431382
2026-05-08 20:05:01,MXF1!,5,2026-05-08 20:00:00,41758,41778,41747,41755,41920.36875,42000.36875,42120.36875,41810.36875,41720.36875,41791.3568675678,41841.999448355,0.5698153082
2026-05-08 20:10:04,MXF1!,5,2026-05-08 20:05:00,41756,41785,41754,41775,41918.2614583333,41998.2614583333,42118.2614583333,41808.2614583333,41718.2614583333,41790.7154217809,41840.6727266054,0.5791491007
2026-05-08 20:15:08,MXF1!,5,2026-05-08 20:10:00,41775,41780,41748,41754,41916.1614583333,41996.1614583333,42116.1614583333,41806.1614583333,41716.1614583333,41789.2756013189,41838.9564349895,0.5687022634
2026-05-08 20:19:59,MXF1!,5,2026-05-08 20:15:00,41756,41776,41752,41771,41914.0270833333,41994.0270833333,42114.0270833333,41804.0270833333,41714.0270833333,41788.5589110711,41837.6107630095,0.5765967272
2026-05-08 20:25:02,MXF1!,5,2026-05-08 20:20:00,41773,41774,41753,41759,41912.0104166667,41992.0104166667,42112.0104166667,41802.0104166667,41712.0104166667,41787.3997380879,41836.054114237,0.5704812307
2026-05-08 20:30:04,MXF1!,5,2026-05-08 20:25:00,41760,41778,41758,41777,41910.1083333333,41990.1083333333,42110.1083333333,41800.1083333333,41710.1083333333,41786.9919052217,41834.8847258363,0.5788780602
2026-05-08 20:35:01,MXF1!,5,2026-05-08 20:30:00,41778,41872,41775,41871,41908.3791666667,41988.3791666667,42108.3791666667,41798.3791666667,41708.3791666667,41790.286340311,41835.5998797801,0.6240278086
2026-05-08 20:40:01,MXF1!,5,2026-05-08 20:35:00,41868,41948,41868,41883,41906.934375,41986.934375,42106.934375,41796.934375,41706.934375,41793.9221701028,41836.5384960221,0.629493938
2026-05-08 20:45:00,MXF1!,5,2026-05-08 20:40:00,41880,41918,41880,41885,41905.4010416667,41985.4010416667,42105.4010416667,41795.4010416667,41705.4010416667,41797.4938497066,41837.4981297642,0.6301146508
2026-05-08 20:50:01,MXF1!,5,2026-05-08 20:45:00,41885,41897,41864,41874,41903.915625,41983.915625,42103.915625,41793.915625,41703.915625,41800.4940908946,41838.2209390758,0.6244435855
2026-05-08 20:55:01,MXF1!,5,2026-05-08 20:50:00,41872,41876,41830,41855,41902.4614583333,41982.4614583333,42102.4614583333,41792.4614583333,41702.4614583333,41802.6315775261,41838.553197708,0.6148975987
2026-05-08 21:00:04,MXF1!,5,2026-05-08 20:55:00,41855,41885,41792,41829,41901.4197916667,41981.4197916667,42101.4197916667,41791.4197916667,41701.4197916667,41803.6656333094,41838.3640254762,0.6019619862
2026-05-08 21:05:02,MXF1!,5,2026-05-08 21:00:00,41829,41875,41821,41854,41900.559375,41980.559375,42100.559375,41790.559375,41700.559375,41805.6395300424,41838.6736487341,0.6137566496
2026-05-08 21:10:02,MXF1!,5,2026-05-08 21:05:00,41850,41854,41788,41830,41899.6739583333,41979.6739583333,42099.6739583333,41789.6739583333,41699.6739583333,41806.5948425898,41838.5018933136,0.6017802009
2026-05-08 21:15:08,MXF1!,5,2026-05-08 21:10:00,41829,41837,41793,41815,41898.8927083333,41978.8927083333,42098.8927083333,41788.8927083333,41698.8927083333,41806.9244566058,41838.0365092876,0.5941802343
2026-05-08 21:20:01,MXF1!,5,2026-05-08 21:15:00,41812,41853,41798,41839,41898.5052083333,41978.5052083333,42098.5052083333,41788.5052083333,41698.5052083333,41808.1823210527,41838.0555883116,0.6055081445
2026-05-08 21:25:01,MXF1!,5,2026-05-08 21:20:00,41840,41867,41834,41867,41898.2354166667,41978.2354166667,42098.2354166667,41788.2354166667,41698.2354166667,41810.4888966977,41838.6287449787,0.618768167
2026-05-08 21:30:02,MXF1!,5,2026-05-08 21:25:00,41866,41888,41851,41884,41897.76875,41977.76875,42097.76875,41787.76875,41697.76875,41813.3716850625,41839.5271856722,0.6266803556
2026-05-08 21:35:00,MXF1!,5,2026-05-08 21:30:00,41886,41969,41828,41969,41897.3416666667,41977.3416666667,42097.3416666667,41787.3416666667,41697.3416666667,41819.4747562365,41842.0910037777,0.667638329
2026-05-08 21:40:02,MXF1!,5,2026-05-08 21:35:00,41970,42039,41956,42000,41897.5270833333,41977.5270833333,42097.5270833333,41787.5270833333,41697.5270833333,41826.5541775605,41845.2179145939,0.6823141084
2026-05-08 21:45:02,MXF1!,5,2026-05-08 21:40:00,42000,42095,41997,42090,41898.1572916667,41978.1572916667,42098.1572916667,41788.1572916667,41698.1572916667,41836.8853862837,41850.065084602,0.7256519699
2026-05-08 21:50:02,MXF1!,5,2026-05-08 21:45:00,42091,42149,42091,42130,41899.13125,41979.13125,42099.13125,41789.13125,41699.13125,41848.3800770176,41855.6083502534,0.7446187414
2026-05-08 21:55:00,MXF1!,5,2026-05-08 21:50:00,42131,42141,42082,42108,41899.9635416667,41979.9635416667,42099.9635416667,41789.9635416667,41699.9635416667,41858.5612504679,41860.6062047039,0.7334163806
2026-05-08 22:00:03,MXF1!,5,2026-05-08 21:55:00,42110,42175,42098,42175,41900.9364583333,41980.9364583333,42100.9364583333,41790.9364583333,41700.9364583333,41870.9706131947,41866.8318244127,0.7654975231
2026-05-08 22:05:01,MXF1!,5,2026-05-08 22:00:00,42175,42204,42152,42175,41902.134375,41982.134375,42102.134375,41792.134375,41702.134375,41882.8933342459,41872.9341645233,0.7650011907
2026-05-08 22:10:02,MXF1!,5,2026-05-08 22:05:00,42175,42177,42123,42152,41903.2770833333,41983.2770833333,42103.2770833333,41793.2770833333,41703.2770833333,41893.4465368245,41878.4602206714,0.7533736992
2026-05-08 22:15:01,MXF1!,5,2026-05-08 22:10:00,42152,42154,42087,42094,41904.36875,41984.36875,42104.36875,41794.36875,41704.36875,41901.3113785176,41882.7283351135,0.7246602906
2026-05-08 22:20:06,MXF1!,5,2026-05-08 22:15:00,42094,42138,42091,42114,41905.5833333333,41985.5833333333,42105.5833333333,41795.5833333333,41705.5833333333,41909.6521087718,41887.307972042,0.7340554281
2026-05-08 22:25:03,MXF1!,5,2026-05-08 22:20:00,42114,42148,42111,42144,41906.85625,41986.85625,42106.85625,41796.85625,41706.85625,41918.8422221533,41892.3909824966,0.7483353368
2026-05-08 22:30:00,MXF1!,5,2026-05-08 22:25:00,42145,42160,42047,42059,41908.4,41988.4,42108.4,41798.4,41708.4,41924.3386055983,41895.690170962,0.7062445409
2026-05-08 22:35:02,MXF1!,5,2026-05-08 22:30:00,42058,42108,42015,42099,41909.5958333333,41989.5958333333,42109.5958333333,41799.5958333333,41709.5958333333,41931.1880720454,41899.7161081707,0.7254247348
2026-05-08 22:40:03,MXF1!,5,2026-05-08 22:35:00,42099,42100,42022,42093,41910.4208333333,41990.4208333333,42110.4208333333,41800.4208333333,41710.4208333333,41937.5336378476,41903.5435119693,0.7220248911
2026-05-08 22:45:07,MXF1!,5,2026-05-08 22:40:00,42092,42127,42075,42120,41911.3885416667,41991.3885416667,42111.3885416667,41801.3885416667,41711.3885416667,41944.6891814614,41907.829779059,0.7348337689
2026-05-08 22:50:00,MXF1!,5,2026-05-08 22:45:00,42118,42140,42103,42120,41912.4833333333,41992.4833333333,42112.4833333333,41802.4833333333,41712.4833333333,41951.5641155217,41912.0311695727,0.7343590882
2026-05-08 22:54:59,MXF1!,5,2026-05-08 22:50:00,42120,42155,42117,42154,41913.7572916667,41993.7572916667,42113.7572916667,41803.7572916667,41713.7572916667,41959.5027776581,41916.8226315613,0.7505992994
2026-05-08 22:59:59,MXF1!,5,2026-05-08 22:55:00,42152,42171,42134,42157,41914.8541666667,41994.8541666667,42114.8541666667,41804.8541666667,41714.8541666667,41967.2477667696,41921.5786190552,0.7515817846
2026-05-08 23:05:01,MXF1!,5,2026-05-08 23:00:00,42158,42183,42146,42163,41915.7958333333,41995.7958333333,42115.7958333333,41805.7958333333,41715.7958333333,41974.9243249355,41926.35924046,0.7540367706
2026-05-08 23:09:59,MXF1!,5,2026-05-08 23:05:00,42165,42232,42165,42208,41916.9510416667,41996.9510416667,42116.9510416667,41806.9510416667,41716.9510416667,41984.064547487,41931.9362852034,0.7756824809
2026-05-08 23:15:03,MXF1!,5,2026-05-08 23:10:00,42206,42227,42151,42168,41918.171875,41998.171875,42118.171875,41808.171875,41718.171875,41991.2777024875,41936.6108142093,0.7554376874
2026-05-08 23:20:00,MXF1!,5,2026-05-08 23:15:00,42166,42170,42102,42138,41919.1145833333,41999.1145833333,42119.1145833333,41809.1145833333,41719.1145833333,41997.0315180763,41940.5987188784,0.7401435412
2026-05-08 23:25:01,MXF1!,5,2026-05-08 23:20:00,42141,42188,42138,42158,41920.3104166667,42000.3104166667,42120.3104166667,41810.3104166667,41720.3104166667,42003.3440075635,41944.9036947422,0.7495182528
2026-05-08 23:29:59,MXF1!,5,2026-05-08 23:25:00,42158,42183,42147,42182,41921.65,42001.65,42121.65,41811.65,41721.65,42010.3501249139,41949.5986710839,0.7608595006
2026-05-08 23:34:59,MXF1!,5,2026-05-08 23:30:00,42180,42187,42126,42187,41922.8958333333,42002.8958333333,42122.8958333333,41812.8958333333,41722.8958333333,42017.2775709957,41954.2996874981,0.7628174383
2026-05-08 23:40:01,MXF1!,5,2026-05-08 23:35:00,42187,42224,42185,42196,41924.4208333333,42004.4208333333,42124.4208333333,41814.4208333333,41724.4208333333,42024.2862937018,41959.0858323001,0.7667583397
2026-05-08 23:45:00,MXF1!,5,2026-05-08 23:40:00,42195,42208,42124,42153,41925.7697916667,42005.7697916667,42125.7697916667,41815.7697916667,41725.7697916667,42029.3338900272,41962.925716809,0.7449989159
2026-05-08 23:50:01,MXF1!,5,2026-05-08 23:45:00,42153,42205,42148,42193,41927.3020833333,42007.3020833333,42127.3020833333,41817.3020833333,41727.3020833333,42035.7521688497,41967.4816432088,0.7643018319
2026-05-08 23:55:03,MXF1!,5,2026-05-08 23:50:00,42193,42216,42179,42208,41928.9666666667,42008.9666666667,42128.9666666667,41818.9666666667,41728.9666666667,42042.5069857575,41972.2443829473,0.7711991472
2026-05-09 00:00:01,MXF1!,5,2026-05-08 23:55:00,42208,42210,42184,42187,41930.3677083333,42010.3677083333,42130.3677083333,41820.3677083333,41730.3677083333,42048.1733784729,41976.4969694236,0.7602768224
2026-05-09 00:05:01,MXF1!,5,2026-05-09 00:00:00,42190,42245,42190,42204,41931.846875,42011.846875,42131.846875,41821.846875,41731.846875,42054.2842263759,41981.00197993,0.7681757997
2026-05-09 00:10:01,MXF1!,5,2026-05-09 00:05:00,42204,42225,42187,42198,41933.1572916667,42013.1572916667,42133.1572916667,41823.1572916667,41733.1572916667,42059.9201390671,41985.2989704265,0.7646746622
2026-05-09 00:15:05,MXF1!,5,2026-05-09 00:10:00,42198,42212,42183,42205,41934.3145833333,42014.3145833333,42134.3145833333,41824.3145833333,41734.3145833333,42065.6095453782,41989.6494858636,0.7676226857
2026-05-09 00:20:02,MXF1!,5,2026-05-09 00:15:00,42201,42236,42200,42215,41935.6989583333,42015.6989583333,42135.6989583333,41825.6989583333,41735.6989583333,42071.467994579,41994.1118722821,0.7720371982
2026-05-09 00:25:01,MXF1!,5,2026-05-09 00:20:00,42212,42233,42211,42232,41937.3354166667,42017.3354166667,42137.3354166667,41827.3354166667,41737.3354166667,42077.7633673406,41998.8225282765,0.7799111946
2026-05-09 00:30:03,MXF1!,5,2026-05-09 00:25:00,42233,42258,42233,42256,41939.1145833333,42019.1145833333,42139.1145833333,41829.1145833333,41739.1145833333,42084.7530392096,42003.915151479,0.7912444347
2026-05-09 00:35:02,MXF1!,5,2026-05-09 00:30:00,42255,42262,42236,42244,41940.6364583333,42020.6364583333,42140.6364583333,41830.6364583333,41740.6364583333,42090.9980180642,42008.6693068952,0.7847160882
2026-05-09 00:40:03,MXF1!,5,2026-05-09 00:35:00,42244,42260,42218,42258,41942.03125,42022.03125,42142.03125,41832.03125,41742.03125,42097.547115395,42013.6065483429,0.7910944377
2026-05-09 00:45:09,MXF1!,5,2026-05-09 00:40:00,42256,42257,42223,42228,41943.3854166667,42023.3854166667,42143.3854166667,41833.3854166667,41743.3854166667,42102.6629147912,42017.8519632272,0.7756336419
2026-05-09 00:50:02,MXF1!,5,2026-05-09 00:45:00,42230,42249,42190,42196,41944.7260416667,42024.7260416667,42144.7260416667,41834.7260416667,41744.7260416667,42106.3231926426,42021.3796471237,0.7592083147
2026-05-09 00:55:04,MXF1!,5,2026-05-09 00:50:00,42196,42225,42141,42200,41945.7802083333,42025.7802083333,42145.7802083333,41835.7802083333,41745.7802083333,42109.9967929311,42024.9166838143,0.7606911679
2026-05-09 01:00:06,MXF1!,5,2026-05-09 00:55:00,42203,42208,42150,42165,41947.0125,42027.0125,42147.0125,41837.0125,41747.0125,42112.1537814436,42027.6906108675,0.7427860941
2026-05-09 01:05:02,MXF1!,5,2026-05-09 01:00:00,42165,42180,42136,42140,41948.0166666667,42028.0166666667,42148.0166666667,41838.0166666667,41748.0166666667,42113.2457900145,42029.9145591671,0.7298757503
2026-05-09 01:10:01,MXF1!,5,2026-05-09 01:05:00,42140,42163,42056,42151,41948.60625,42028.60625,42148.60625,41838.60625,41748.60625,42114.7263472688,42032.3122906687,0.7348917079
2026-05-09 01:15:00,MXF1!,5,2026-05-09 01:10:00,42151,42157,42114,42145,41949.3458333333,42029.3458333333,42149.3458333333,41839.3458333333,41749.3458333333,42115.9135493367,42034.5437304575,0.7314400774
2026-05-09 01:20:01,MXF1!,5,2026-05-09 01:15:00,42143,42179,42138,42145,41950.134375,42030.134375,42150.134375,41840.134375,41750.134375,42117.0541944607,42036.7309833197,0.7309875889
2026-05-09 01:25:01,MXF1!,5,2026-05-09 01:20:00,42145,42207,42132,42194,41951.0427083333,42031.0427083333,42151.0427083333,41841.0427083333,41751.0427083333,42120.0716770309,42039.8452212738,0.75500553
2026-05-09 01:30:02,MXF1!,5,2026-05-09 01:25:00,42194,42220,42186,42214,41952.1333333333,42032.1333333333,42152.1333333333,41842.1333333333,41752.1333333333,42123.7551406767,42043.2938307535,0.7645053921
2026-05-09 01:35:06,MXF1!,5,2026-05-09 01:30:00,42215,42225,42196,42213,41953.2541666667,42033.2541666667,42153.2541666667,41843.2541666667,41753.2541666667,42127.2549390816,42046.6543489564,0.7634912692
2026-05-09 01:40:04,MXF1!,5,2026-05-09 01:35:00,42215,42225,42198,42200,41954.4645833333,42034.4645833333,42154.4645833333,41844.4645833333,41754.4645833333,42130.1076865686,42049.6908965018,0.7564716485
2026-05-09 01:45:05,MXF1!,5,2026-05-09 01:40:00,42200,42210,42182,42205,41955.76875,42035.76875,42155.76875,41845.76875,41755.76875,42133.0446400365,42052.7663242939,0.758458125
2026-05-09 01:50:01,MXF1!,5,2026-05-09 01:45:00,42205,42233,42192,42192,41957.0979166667,42037.0979166667,42157.0979166667,41847.0979166667,41757.0979166667,42135.356614937,42055.5234267831,0.7514385547
2026-05-09 01:55:04,MXF1!,5,2026-05-09 01:50:00,42193,42200,42164,42192,41958.2375,42038.2375,42158.2375,41848.2375,41758.2375,42137.5779241552,42058.2259331834,0.7509392821
2026-05-09 02:00:00,MXF1!,5,2026-05-09 01:55:00,42197,42203,42181,42181,41959.475,42039.475,42159.475,41849.475,41759.475,42139.2807506589,42060.6571028234,0.7449205848
2026-05-09 02:05:03,MXF1!,5,2026-05-09 02:00:00,42183,42232,42171,42220,41959.915625,42039.915625,42159.915625,41849.915625,41759.915625,42142.4462114174,42063.8124077179,0.7639740747
2026-05-09 02:10:01,MXF1!,5,2026-05-09 02:05:00,42220,42238,42220,42233,41960.384375,42040.384375,42160.384375,41850.384375,41760.384375,42145.9973403814,42067.1626570701,0.7699733485
2026-05-09 02:15:10,MXF1!,5,2026-05-09 02:10:00,42234,42244,42218,42238,41960.9583333333,42040.9583333333,42160.9583333333,41850.9583333333,41760.9583333333,42149.6052878174,42070.5455747518,0.7719373614
2026-05-09 02:20:08,MXF1!,5,2026-05-09 02:15:00,42238,42243,42217,42219,41961.4822916667,42041.4822916667,42161.4822916667,41851.4822916667,41761.4822916667,42152.3266490795,42073.4852663409,0.7618532544
2026-05-09 02:25:05,MXF1!,5,2026-05-09 02:20:00,42221,42237,42219,42233,41961.771875,42041.771875,42161.771875,41851.771875,41761.771875,42155.4903098999,42076.6439739381,0.7683445362
2026-05-09 02:30:10,MXF1!,5,2026-05-09 02:25:00,42236,42237,42221,42232,41962.0020833333,42042.0020833333,42162.0020833333,41852.0020833333,41762.0020833333,42158.4906899038,42079.7203308899,0.7673139993
2026-05-09 02:35:01,MXF1!,5,2026-05-09 02:30:00,42231,42239,42215,42218,41961.95625,42041.95625,42161.95625,41851.95625,41761.95625,42160.824388339,42082.4585421594,0.7597561183
2026-05-09 02:40:01,MXF1!,5,2026-05-09 02:35:00,42217,42229,42202,42209,41961.8125,42041.8125,42161.8125,41851.8125,41761.8125,42162.7136280119,42084.9643136017,0.7547235347
2026-05-09 02:45:03,MXF1!,5,2026-05-09 02:40:00,42210,42215,42192,42195,41961.609375,42041.609375,42161.609375,41851.609375,41761.609375,42163.9797602468,42087.1432380849,0.7471749964
2026-05-09 02:50:00,MXF1!,5,2026-05-09 02:45:00,42195,42203,42184,42195,41961.153125,42041.153125,42161.153125,41851.153125,41761.153125,42165.1962402371,42089.2790155485,0.7466837813
2026-05-09 02:55:04,MXF1!,5,2026-05-09 02:50:00,42198,42210,42177,42186,41961.0333333333,42041.0333333333,42161.0333333333,41851.0333333333,41761.0333333333,42166.0120739533,42091.1942825674,0.7416708101
2026-05-09 03:00:07,MXF1!,5,2026-05-09 02:55:00,42184,42200,42155,42174,41961.01875,42041.01875,42161.01875,41851.01875,41761.01875,42166.3253259551,42092.8339997443,0.735169686
2026-05-09 03:05:02,MXF1!,5,2026-05-09 03:00:00,42170,42211,42168,42208,41960.8760416667,42040.8760416667,42160.8760416667,41850.8760416667,41760.8760416667,42167.9596268981,42095.1145146008,0.7518790695
2026-05-09 03:10:05,MXF1!,5,2026-05-09 03:05:00,42208,42242,42200,42229,41960.5333333333,42040.5333333333,42160.5333333333,41850.5333333333,41760.5333333333,42170.3533670197,42097.7657123315,0.7620186718
2026-05-09 03:15:04,MXF1!,5,2026-05-09 03:10:00,42230,42255,42221,42224,41960.69375,42040.69375,42160.69375,41850.69375,41760.69375,42172.4571565483,42100.2654011962,0.7590352986
2026-05-09 03:20:06,MXF1!,5,2026-05-09 03:15:00,42224,42243,42222,42231,41961.2854166667,42041.2854166667,42161.2854166667,41851.2854166667,41761.2854166667,42174.7529543308,42102.8542051329,0.7621664363
2026-05-09 03:25:01,MXF1!,5,2026-05-09 03:20:00,42230,42240,42217,42222,41962.4,42042.4,42162.4,41852.4,41762.4,42176.6057796511,42105.2135278036,0.7572282836
2026-05-09 03:30:10,MXF1!,5,2026-05-09 03:25:00,42221,42221,42192,42192,41963.825,42043.825,42163.825,41853.825,41763.825,42177.2094745668,42106.9320718074,0.7415863561
2026-05-09 03:35:03,MXF1!,5,2026-05-09 03:30:00,42193,42213,42186,42212,41965.95625,42045.95625,42165.95625,41855.95625,41765.95625,42178.5738088975,42109.012624841,0.7513785677
2026-05-09 03:39:59,MXF1!,5,2026-05-09 03:35:00,42212,42232,42210,42225,41968.8729166667,42048.8729166667,42168.8729166667,41858.8729166667,41768.8729166667,42180.3944438427,42111.3094045471,0.7576227931
2026-05-09 03:45:05,MXF1!,5,2026-05-09 03:40:00,42224,42242,42211,42227,41971.5,42051.5,42171.5,41861.5,41771.5,42182.2221127116,42113.6003074273,0.7582487423
2026-05-09 03:49:59,MXF1!,5,2026-05-09 03:45:00,42225,42232,42200,42200,41973.9802083333,42053.9802083333,42173.9802083333,41863.9802083333,41773.9802083333,42182.9192847621,42115.3111924288,0.7440727834
2026-05-09 03:55:00,MXF1!,5,2026-05-09 03:50:00,42199,42221,42184,42219,41976.1427083333,42056.1427083333,42176.1427083333,41866.1427083333,41776.1427083333,42184.3342147714,42117.3644361431,0.7534228775
2026-05-09 04:00:06,MXF1!,5,2026-05-09 03:55:00,42223,42239,42208,42237,41978.0697916667,42058.0697916667,42178.0697916667,41868.0697916667,41778.0697916667,42186.3995396824,42119.7334572095,0.7622893177
2026-05-09 04:05:01,MXF1!,5,2026-05-09 04:00:00,42236,42258,42217,42245,41979.759375,42059.759375,42179.759375,41869.759375,41779.759375,42188.6975969497,42122.2139828093,0.7660313649
2026-05-09 04:10:08,MXF1!,5,2026-05-09 04:05:00,42245,42253,42241,42245,41981.3552083333,42061.3552083333,42181.3552083333,41871.3552083333,41781.3552083333,42190.9055343242,42124.6453890903,0.765703662
2026-05-09 04:15:03,MXF1!,5,2026-05-09 04:10:00,42244,42249,42240,42246,41982.8864583333,42062.8864583333,42182.8864583333,41872.8864583333,41782.8864583333,42193.0661016056,42127.0484506925,0.7659244195
2026-05-09 04:20:04,MXF1!,5,2026-05-09 04:15:00,42246,42250,42239,42239,41984.428125,42064.428125,42184.428125,41874.428125,41784.428125,42194.8674309544,42129.265313055,0.7619427448
2026-05-09 04:25:04,MXF1!,5,2026-05-09 04:20:00,42239,42247,42236,42241,41985.9885416667,42065.9885416667,42185.9885416667,41875.9885416667,41785.9885416667,42196.6765513092,42131.4778811134,0.7626116467
2026-05-09 04:30:10,MXF1!,5,2026-05-09 04:25:00,42241,42255,42240,42253,41987.4958333333,42067.4958333333,42187.4958333333,41877.4958333333,41787.4958333333,42198.8853140029,42133.8842597052,0.7684722563
2026-05-09 04:35:08,MXF1!,5,2026-05-09 04:30:00,42254,42258,42244,42255,41989.0583333333,42069.0583333333,42189.0583333333,41879.0583333333,41789.0583333333,42201.0858899244,42136.2825911962,0.7691257522
2026-05-09 04:40:04,MXF1!,5,2026-05-09 04:35:00,42254,42259,42252,42258,41990.6979166667,42070.6979166667,42190.6979166667,41880.6979166667,41790.6979166667,42203.3178158097,42138.692836915,0.7703572263
2026-05-09 04:45:04,MXF1!,5,2026-05-09 04:40:00,42258,42288,42256,42286,41992.4677083333,42072.4677083333,42192.4677083333,41882.4677083333,41792.4677083333,42206.5602544054,42141.6098104415,0.7846216735
2026-05-09 04:50:04,MXF1!,5,2026-05-09 04:45:00,42283,42286,42275,42276,41993.9770833333,42073.9770833333,42193.9770833333,41883.9770833333,41793.9770833333,42209.2833816836,42144.2710023139,0.7790477036
2026-05-09 04:55:01,MXF1!,5,2026-05-09 04:50:00,42280,42290,42276,42290,41995.5552083333,42075.5552083333,42195.5552083333,41885.5552083333,41795.5552083333,42212.4487392646,42147.1567250404,0.7860388985
2026-05-09 05:01:00,MXF1!,5,2026-05-09 04:55:00,42288,42300,42285,42291,41997.4177083333,42077.4177083333,42197.4177083333,41887.4177083333,41797.4177083333,42215.5291808621,42150.0051067228,0.7862289882
2026-05-11 08:50:00,MXF1!,5,2026-05-11 08:45:00,42216,42255,42157,42173,41998.978125,42078.978125,42198.978125,41888.978125,41798.978125,42213.8613698479,42150.4604511441,0.7238571843
2026-05-11 08:55:01,MXF1!,5,2026-05-11 08:50:00,42173,42175,41960,41989,41999.8729166667,42079.8729166667,42199.8729166667,41889.8729166667,41799.8729166667,42205.0432769127,42147.2632144878,0.6265957565
2026-05-11 08:59:59,MXF1!,5,2026-05-11 08:55:00,41990,41992,41808,41941,41999.7385416667,42079.7385416667,42199.7385416667,41889.7385416667,41799.7385416667,42194.6886386024,42143.1787943989,0.6008459104
2026-05-11 09:04:58,MXF1!,5,2026-05-11 09:00:00,41941,41983,41803,41958,41999.6364583333,42079.6364583333,42199.6364583333,41889.6364583333,41799.6364583333,42185.4067312062,42139.5118875791,0.6094176989
2026-05-11 09:09:58,MXF1!,5,2026-05-11 09:05:00,41961,41998,41866,41926,41999.75,42079.75,42199.75,41889.75,41799.75,42175.2339182177,42135.2839294092,0.5920370574
2026-05-11 09:15:00,MXF1!,5,2026-05-11 09:10:00,41924,42066,41914,41987,42000.1020833333,42080.1020833333,42200.1020833333,41890.1020833333,41800.1020833333,42167.8521959347,42132.3476139754,0.6240055723
2026-05-11 09:20:00,MXF1!,5,2026-05-11 09:15:00,41990,42092,41962,42067,42000.69375,42080.69375,42200.69375,41890.69375,41800.69375,42163.8972078588,42131.0536018175,0.6661636577
2026-05-11 09:25:01,MXF1!,5,2026-05-11 09:20:00,42069,42109,42045,42068,42001.365625,42081.365625,42201.365625,41891.365625,41801.365625,42160.1365330408,42129.8050156429,0.6663165279
2026-05-11 09:30:00,MXF1!,5,2026-05-11 09:25:00,42065,42131,42061,42090,42002.1364583333,42082.1364583333,42202.1364583333,41892.1364583333,41802.1364583333,42157.3860807647,42129.0167975113,0.6776862654
2026-05-11 09:35:00,MXF1!,5,2026-05-11 09:30:00,42087,42142,42048,42083,42002.9947916667,42082.9947916667,42202.9947916667,41892.9947916667,41802.9947916667,42154.4689795583,42128.1055737982,0.673566746
2026-05-11 09:40:00,MXF1!,5,2026-05-11 09:35:00,42085,42146,42044,42143,42004.125,42084.125,42204.125,41894.125,41804.125,42154.019215654,42128.4005129309,0.7053628089
2026-05-11 09:45:00,MXF1!,5,2026-05-11 09:40:00,42146,42149,42010,42039,42005.3989583333,42085.3989583333,42205.3989583333,41895.3989583333,41805.3989583333,42149.5086581774,42126.6302057442,0.6491285669
2026-05-11 09:49:59,MXF1!,5,2026-05-11 09:45:00,42039,42090,41980,42038,42006.4302083333,42086.4302083333,42206.4302083333,41896.4302083333,41806.4302083333,42145.1357696214,42124.8751521651,0.6482027131
2026-05-11 09:55:00,MXF1!,5,2026-05-11 09:50:00,42040,42089,41986,42085,42007.2052083333,42087.2052083333,42207.2052083333,41897.2052083333,41807.2052083333,42142.7775041461,42124.0855451915,0.6731837812
2026-05-11 10:00:01,MXF1!,5,2026-05-11 09:55:00,42085,42114,42040,42087,42008.0479166667,42088.0479166667,42208.0479166667,41898.0479166667,41808.0479166667,42140.5901510423,42123.35117796,0.6739008556
2026-05-11 10:05:01,MXF1!,5,2026-05-11 10:00:00,42091,42134,42038,42052,42008.7583333333,42088.7583333333,42208.7583333333,41898.7583333333,41808.7583333333,42137.116027472,42121.9382833469,0.6545675376
2026-05-11 10:10:05,MXF1!,5,2026-05-11 10:05:00,42051,42073,42017,42044,42009.4135416667,42089.4135416667,42209.4135416667,41899.4135416667,41809.4135416667,42133.4644185515,42120.3949510034,0.6498505606
2026-05-11 10:15:05,MXF1!,5,2026-05-11 10:10:00,42039,42096,42035,42052,42009.9885416667,42089.9885416667,42209.9885416667,41899.9885416667,41809.9885416667,42130.2697354711,42119.040595538,0.653833654
2026-05-11 10:20:00,MXF1!,5,2026-05-11 10:15:00,42057,42084,41989,41989,42010.3166666667,42090.3166666667,42210.3166666667,41900.3166666667,41810.3166666667,42124.7297458448,42116.4655342402,0.6190520767
2026-05-11 10:25:00,MXF1!,5,2026-05-11 10:20:00,41992,41997,41931,41983,42010.4364583333,42090.4364583333,42210.4364583333,41900.4364583333,41810.4364583333,42119.1717165959,42113.8226523741,0.6153561378
2026-05-11 10:30:01,MXF1!,5,2026-05-11 10:25:00,41981,42012,41946,41977,42010.6458333333,42090.6458333333,42210.6458333333,41900.6458333333,41810.6458333333,42113.5963551608,42111.1132929211,0.6116477266
2026-05-11 10:35:00,MXF1!,5,2026-05-11 10:30:00,41978,42019,41917,41955,42010.834375,42090.834375,42210.834375,41900.834375,41810.834375,42107.3768902525,42108.0219405861,0.5991137694
2026-05-11 10:40:00,MXF1!,5,2026-05-11 10:35:00,41958,41970,41895,41959,42010.8083333333,42090.8083333333,42210.8083333333,41900.8083333333,41810.8083333333,42101.558188674,42105.0710110695,0.6008838049
2026-05-11 10:45:01,MXF1!,5,2026-05-11 10:40:00,41961,42000,41948,42000,42010.9791666667,42090.9791666667,42210.9791666667,41900.9791666667,41810.9791666667,42097.5755146084,42102.9903969889,0.6231497422
2026-05-11 10:50:00,MXF1!,5,2026-05-11 10:45:00,41999,42049,41964,41969,42011.2791666667,42091.2791666667,42211.2791666667,41901.2791666667,41811.2791666667,42092.5333375649,42100.337121801,0.6055370071
2026-05-11 10:55:00,MXF1!,5,2026-05-11 10:50:00,41969,42061,41941,42049,42011.7166666667,42091.7166666667,42211.7166666667,41901.7166666667,41811.7166666667,42090.8261478565,42099.3205451317,0.6496272888
2026-05-11 11:00:02,MXF1!,5,2026-05-11 10:55:00,42046,42108,42046,42093,42012.7510416667,42092.7510416667,42212.7510416667,41902.7510416667,41812.7510416667,42090.9113969601,42099.1953858222,0.6737886739
2026-05-11 11:04:59,MXF1!,5,2026-05-11 11:00:00,42088,42116,42055,42060,42013.9729166667,42093.9729166667,42213.9729166667,41903.9729166667,41813.9729166667,42089.6991853146,42098.4192395682,0.654989829
2026-05-11 11:10:00,MXF1!,5,2026-05-11 11:05:00,42058,42077,42015,42061,42015.128125,42095.128125,42215.128125,41905.128125,41815.128125,42088.573727067,42097.6782645273,0.6551799282
2026-05-11 11:15:02,MXF1!,5,2026-05-11 11:10:00,42057,42064,42012,42035,42016.2364583333,42096.2364583333,42216.2364583333,41906.2364583333,41816.2364583333,42086.4727965938,42096.4371107743,0.6402047262
2026-05-11 11:19:59,MXF1!,5,2026-05-11 11:15:00,42036,42075,42014,42069,42017.284375,42097.284375,42217.284375,41907.284375,41817.284375,42085.7875888842,42095.89380165,0.6589668003
2026-05-11 11:25:00,MXF1!,5,2026-05-11 11:20:00,42070,42075,42047,42068,42018.4072916667,42098.4072916667,42218.4072916667,41908.4072916667,41818.4072916667,42085.090036379,42095.3414491421,0.6580359016
2026-05-11 11:29:59,MXF1!,5,2026-05-11 11:25:00,42065,42117,42060,42113,42019.7635416667,42099.7635416667,42219.7635416667,41909.7635416667,41819.7635416667,42086.1845447563,42095.6911234165,0.6831315169
2026-05-11 11:34:59,MXF1!,5,2026-05-11 11:30:00,42111,42140,42088,42097,42021.4145833333,42101.4145833333,42221.4145833333,41911.4145833333,41821.4145833333,42086.608680256,42095.7170417647,0.6737092603
2026-05-11 11:39:58,MXF1!,5,2026-05-11 11:35:00,42096,42116,42072,42111,42023.146875,42103.146875,42223.146875,41913.146875,41823.146875,42087.5652025989,42096.0196746011,0.6813259216
2026-05-11 11:45:04,MXF1!,5,2026-05-11 11:40:00,42111,42148,42106,42136,42025.1,42105.1,42225.1,41915.1,41825.1,42089.4646064186,42096.8113642129,0.6952339922
2026-05-11 11:49:58,MXF1!,5,2026-05-11 11:45:00,42138,42149,42096,42098,42027.1197916667,42107.1197916667,42227.1197916667,41917.1197916667,41827.1197916667,42089.7993277355,42096.8349015552,0.6732189131
2026-05-11 11:55:01,MXF1!,5,2026-05-11 11:50:00,42099,42111,42082,42104,42028.971875,42108.971875,42228.971875,41918.971875,41828.971875,42090.3562168439,42096.9767846928,0.6763352372
2026-05-11 12:00:04,MXF1!,5,2026-05-11 11:55:00,42104,42107,42085,42097,42030.6458333333,42110.6458333333,42230.6458333333,41920.6458333333,41830.6458333333,42090.6167573598,42096.9772444018,0.6719915679
2026-05-11 12:05:00,MXF1!,5,2026-05-11 12:00:00,42093,42120,42080,42101,42032.2854166667,42112.2854166667,42232.2854166667,41922.2854166667,41832.2854166667,42091.0239433457,42097.0569029285,0.6739742058
2026-05-11 12:09:58,MXF1!,5,2026-05-11 12:05:00,42097,42102,42077,42087,42033.7645833333,42113.7645833333,42233.7645833333,41923.7645833333,41833.7645833333,42090.8661416459,42096.8577563359,0.6655657519
2026-05-11 12:14:59,MXF1!,5,2026-05-11 12:10:00,42087,42100,42057,42095,42035.2510416667,42115.2510416667,42235.2510416667,41925.2510416667,41835.2510416667,42091.0282537382,42096.8209690817,0.6698749934
2026-05-11 12:19:58,MXF1!,5,2026-05-11 12:15:00,42095,42140,42092,42116,42036.86875,42116.86875,42236.86875,41926.86875,41836.86875,42092.0075379053,42097.2007518722,0.6817613076
2026-05-11 12:24:58,MXF1!,5,2026-05-11 12:20:00,42115,42163,42114,42146,42038.578125,42118.578125,42238.578125,41928.578125,41838.578125,42094.12488936,42098.1670736173,0.6989443438
2026-05-11 12:30:00,MXF1!,5,2026-05-11 12:25:00,42148,42190,42148,42180,42040.5645833333,42120.5645833333,42240.5645833333,41930.5645833333,41840.5645833333,42097.4925407577,42099.787527605,0.7185363762
2026-05-11 12:35:02,MXF1!,5,2026-05-11 12:30:00,42181,42200,42156,42168,42042.484375,42122.484375,42242.484375,41932.484375,41842.484375,42100.2575391593,42101.1382696327,0.7112461367
2026-05-11 12:40:01,MXF1!,5,2026-05-11 12:35:00,42168,42176,42151,42154,42044.340625,42124.340625,42244.340625,41934.340625,41844.340625,42102.3650866433,42102.1850365706,0.7027460827
2026-05-11 12:45:01,MXF1!,5,2026-05-11 12:40:00,42154,42164,42137,42147,42046.1916666667,42126.1916666667,42246.1916666667,41936.1916666667,41846.1916666667,42104.1154754024,42103.072461589,0.6983183591
2026-05-11 12:50:05,MXF1!,5,2026-05-11 12:45:00,42148,42166,42120,42128,42047.7885416667,42127.7885416667,42247.7885416667,41937.7885416667,41847.7885416667,42105.0521234258,42103.566076211,0.6867591732
2026-05-11 12:55:01,MXF1!,5,2026-05-11 12:50:00,42129,42159,42123,42155,42049.184375,42129.184375,42249.184375,41939.184375,41849.184375,42107.0108636836,42104.5845697514,0.7023932407
2026-05-11 13:00:02,MXF1!,5,2026-05-11 12:55:00,42158,42174,42138,42145,42050.6385416667,42130.6385416667,42250.6385416667,41940.6385416667,41850.6385416667,42108.5006337352,42105.3848753009,0.696109403
2026-05-11 13:05:00,MXF1!,5,2026-05-11 13:00:00,42146,42159,42133,42148,42052.1239583333,42132.1239583333,42252.1239583333,41942.1239583333,41852.1239583333,42110.0496284907,42106.2287391563,0.6974935234
2026-05-11 13:10:02,MXF1!,5,2026-05-11 13:05:00,42148,42157,42106,42120,42053.471875,42133.471875,42253.471875,41943.471875,41853.471875,42110.4398391381,42106.5014373908,0.6804360118
2026-05-11 13:15:01,MXF1!,5,2026-05-11 13:10:00,42117,42125,42083,42099,42054.6916666667,42134.6916666667,42254.6916666667,41944.6916666667,41854.6916666667,42109.9912179955,42106.3528940762,0.6675230993
2026-05-11 13:20:01,MXF1!,5,2026-05-11 13:15:00,42099,42119,42085,42090,42056.1114583333,42136.1114583333,42256.1114583333,41946.1114583333,41856.1114583333,42109.2072486623,42106.0290743915,0.6617531222
2026-05-11 13:25:00,MXF1!,5,2026-05-11 13:20:00,42092,42103,42071,42092,42057.55,42137.55,42257.55,41947.55,41857.55,42108.5324545971,42105.7512709382,0.6625565193
2026-05-11 13:30:00,MXF1!,5,2026-05-11 13:25:00,42092,42092,42040,42041,42058.95625,42138.95625,42258.95625,41948.95625,41858.95625,42105.8841230443,42104.4690675533,0.6315924732
2026-05-11 13:35:00,MXF1!,5,2026-05-11 13:30:00,42040,42074,42033,42074,42060.4375,42140.4375,42260.4375,41950.4375,41860.4375,42104.6337652779,42103.8657196809,0.6510477461
2026-05-11 13:40:00,MXF1!,5,2026-05-11 13:35:00,42074,42075,41991,42002,42062.1239583333,42142.1239583333,42262.1239583333,41952.1239583333,41862.1239583333,42100.6089117375,42101.8485767169,0.6072501736
2026-05-11 13:46:00,MXF1!,5,2026-05-11 13:40:00,42001,42019,41950,41953,42063.64375,42143.64375,42263.64375,41953.64375,41863.64375,42094.8203269635,42098.9010801483,0.5771833406
2026-05-11 15:05:02,MXF1!,5,2026-05-11 15:00:00,41982,41986,41892,41916,42064.6604166667,42144.6604166667,42264.6604166667,41954.6604166667,41864.6604166667,42087.8077651218,42095.279276581,0.5542528561
2026-05-11 15:10:02,MXF1!,5,2026-05-11 15:05:00,41911,41940,41874,41888,42065.56875,42145.56875,42265.56875,41955.56875,41865.56875,42079.9721664896,42091.1747364507,0.5366982762
2026-05-11 15:15:01,MXF1!,5,2026-05-11 15:10:00,41888,41920,41877,41887,42066.425,42146.425,42266.425,41956.425,41866.425,42072.4046305488,42087.1316723625,0.5355313212
2026-05-11 15:20:02,MXF1!,5,2026-05-11 15:15:00,41891,41923,41883,41903,42067.246875,42147.246875,42267.246875,41957.246875,41867.246875,42065.7613117038,42083.4855006326,0.5447760437
2026-05-11 15:25:01,MXF1!,5,2026-05-11 15:20:00,41904,41930,41887,41891,42068.1197916667,42148.1197916667,42268.1197916667,41958.1197916667,41868.1197916667,42058.9079269311,42079.6739065607,0.5368663648
2026-05-11 15:30:00,MXF1!,5,2026-05-11 15:25:00,41887,41920,41865,41898,42068.7916666667,42148.7916666667,42268.7916666667,41958.7916666667,41868.7916666667,42052.5978121495,42076.0764034605,0.5406297453
2026-05-11 15:35:01,MXF1!,5,2026-05-11 15:30:00,41899,41918,41882,41904,42069.4302083333,42149.4302083333,42269.4302083333,41959.4302083333,41869.4302083333,42046.7704469671,42072.6689499266,0.543792669
2026-05-11 15:40:02,MXF1!,5,2026-05-11 15:35:00,41903,41934,41880,41933,42070.05625,42150.05625,42270.05625,41960.05625,41870.05625,42042.3088608116,42069.9032281459,0.5612287971
2026-05-11 15:45:01,MXF1!,5,2026-05-11 15:40:00,41934,41959,41927,41943,42070.896875,42150.896875,42270.896875,41960.896875,41870.896875,42038.4143956817,42067.3902929351,0.5669459796
2026-05-11 15:50:06,MXF1!,5,2026-05-11 15:45:00,41945,41956,41932,41939,42071.8916666667,42151.8916666667,42271.8916666667,41961.8916666667,41871.8916666667,42034.5157919295,42064.8479108967,0.563966065
2026-05-11 15:55:01,MXF1!,5,2026-05-11 15:50:00,41941,41956,41934,41942,42072.940625,42152.940625,42272.940625,41962.940625,41872.940625,42030.8877216577,42062.4152789978,0.5653474604
2026-05-11 16:00:01,MXF1!,5,2026-05-11 15:55:00,41941,41961,41930,41961,42074.1375,42154.1375,42274.1375,41964.1375,41874.1375,42028.1470266908,42060.4070556513,0.5767455199
2026-05-11 16:05:02,MXF1!,5,2026-05-11 16:00:00,41962,41968,41897,41928,42075.0333333333,42155.0333333333,42275.0333333333,41965.0333333333,41875.0333333333,42024.2196923107,42057.7851337572,0.5555327571
2026-05-11 16:10:01,MXF1!,5,2026-05-11 16:05:00,41928,41944,41825,41830,42075.6,42155.6,42275.6,41965.6,41875.6,42016.6032337887,42053.2745370491,0.4932184182
2026-05-11 16:15:03,MXF1!,5,2026-05-11 16:10:00,41830,41836,41746,41792,42075.7635416667,42155.7635416667,42275.7635416667,41965.7635416667,41875.7635416667,42007.7952638362,42048.1007838403,0.4684958178
2026-05-11 16:20:00,MXF1!,5,2026-05-11 16:15:00,41792,41847,41790,41846,42076.096875,42156.096875,42276.096875,41966.096875,41876.096875,42001.4503515289,42044.0987881206,0.5020369265
2026-05-11 16:25:03,MXF1!,5,2026-05-11 16:20:00,41846,41880,41842,41857,42076.60625,42156.60625,42276.60625,41966.60625,41876.60625,41995.7856318611,42040.3938616232,0.508391545
2026-05-11 16:30:01,MXF1!,5,2026-05-11 16:25:00,41860,41878,41795,41796,42076.85625,42156.85625,42276.85625,41966.85625,41876.85625,41987.9509011999,42035.5543792148,0.4688144692
2026-05-11 16:35:00,MXF1!,5,2026-05-11 16:30:00,41795,41842,41784,41841,42077.165625,42157.165625,42277.165625,41967.165625,41877.165625,41982.1881207607,42031.7018172502,0.4969683819
2026-05-11 16:40:02,MXF1!,5,2026-05-11 16:35:00,41841,41846,41817,41825,42077.51875,42157.51875,42277.51875,41967.51875,41877.51875,41976.0238807309,42027.6087119581,0.4860768055
2026-05-11 16:45:03,MXF1!,5,2026-05-11 16:40:00,41826,41854,41826,41848,42077.9447916667,42157.9447916667,42277.9447916667,41967.9447916667,41877.9447916667,41971.0033363885,42024.0521038005,0.5003061685
2026-05-11 16:50:04,MXF1!,5,2026-05-11 16:45:00,41843,41857,41838,41856,42078.3916666667,42158.3916666667,42278.3916666667,41968.3916666667,41878.3916666667,41966.4934016282,42020.7243393688,0.5048995219
2026-05-11 16:55:03,MXF1!,5,2026-05-11 16:50:00,41857,41859,41835,41844,42078.75,42158.75,42278.75,41968.75,41878.75,41961.6897388192,42017.2248475001,0.4965818565
2026-05-11 17:00:08,MXF1!,5,2026-05-11 16:55:00,41845,41855,41825,41829,42079.121875,42159.121875,42279.121875,41969.121875,41879.121875,41956.4862196498,42013.4976227971,0.4862406456
2026-05-11 17:05:05,MXF1!,5,2026-05-11 17:00:00,41826,41858,41815,41849,42079.5541666667,42159.5541666667,42279.5541666667,41969.5541666667,41879.5541666667,41952.2710737812,42010.2402441279,0.4986528312
2026-05-11 17:10:05,MXF1!,5,2026-05-11 17:05:00,41852,41862,41812,41820,42079.8822916667,42159.8822916667,42279.8822916667,41969.8822916667,41879.8822916667,41947.0839728486,42006.4731105808,0.4791600322
2026-05-11 17:15:05,MXF1!,5,2026-05-11 17:10:00,41819,41819,41794,41797,42080.125,42160.125,42280.125,41970.125,41880.125,41941.1983268546,42002.3251281931,0.4634946654
2026-05-11 17:20:01,MXF1!,5,2026-05-11 17:15:00,41798,41810,41786,41790,42080.3010416667,42160.3010416667,42280.3010416667,41970.3010416667,41880.3010416667,41935.2689807034,41998.120670209,0.4582778771
2026-05-11 17:25:00,MXF1!,5,2026-05-11 17:20:00,41790,41822,41779,41810,42080.528125,42160.528125,42280.528125,41970.528125,41880.528125,41930.3564716562,41994.3955084227,0.4707642061
2026-05-11 17:30:02,MXF1!,5,2026-05-11 17:25:00,41809,41822,41797,41820,42080.7583333333,42160.7583333333,42280.7583333333,41970.7583333333,41880.7583333333,41926.0287668854,41990.9421320183,0.4767034455
2026-05-11 17:35:04,MXF1!,5,2026-05-11 17:30:00,41822,41846,41810,41834,42080.7666666667,42160.7666666667,42280.7666666667,41970.7666666667,41880.7666666667,41922.419795635,41987.8343670279,0.4853585778
2026-05-11 17:40:00,MXF1!,5,2026-05-11 17:35:00,41840,41886,41837,41884,42080.5364583333,42160.5364583333,42280.5364583333,41970.5364583333,41880.5364583333,41920.9131369826,41985.7782409481,0.5178958666
2026-05-11 17:45:04,MXF1!,5,2026-05-11 17:40:00,41883,41908,41877,41902,42080.5197916667,42160.5197916667,42280.5197916667,41970.5197916667,41880.5197916667,41920.1714453362,41984.1192658377,0.5293163279
2026-05-11 17:50:01,MXF1!,5,2026-05-11 17:45:00,41903,41953,41897,41921,42080.7333333333,42160.7333333333,42280.7333333333,41970.7333333333,41880.7333333333,41920.203937676,41982.8693793855,0.5414380849
2026-05-11 17:55:03,MXF1!,5,2026-05-11 17:50:00,41921,41938,41908,41924,42081.115625,42161.115625,42281.115625,41971.115625,41881.115625,41920.3528028652,41981.7036491006,0.5429358229
2026-05-11 18:00:02,MXF1!,5,2026-05-11 17:55:00,41923,41925,41880,41883,42081.3354166667,42161.3354166667,42281.3354166667,41971.3354166667,41881.3354166667,41918.8879870665,41979.7491213956,0.5149976256
2026-05-11 18:05:03,MXF1!,5,2026-05-11 18:00:00,41883,41898,41861,41865,42081.465625,42161.465625,42281.465625,41971.465625,41881.465625,41916.7747326718,41977.476861566,0.5023841015
2026-05-11 18:10:04,MXF1!,5,2026-05-11 18:05:00,41867,41875,41852,41875,42081.7322916667,42161.7322916667,42281.7322916667,41971.7322916667,41881.7322916667,41915.1365078611,41975.4476167825,0.5085182784
2026-05-11 18:15:00,MXF1!,5,2026-05-11 18:10:00,41872,41877,41836,41836,42081.9614583333,42161.9614583333,42281.9614583333,41971.9614583333,41881.9614583333,41912.033115396,41972.6862778363,0.4816264158
2026-05-11 18:20:00,MXF1!,5,2026-05-11 18:15:00,41836,41840,41809,41811,42081.9416666667,42161.9416666667,42281.9416666667,41971.9416666667,41881.9416666667,41908.0710324393,41969.4845693643,0.4641087011
2026-05-11 18:25:02,MXF1!,5,2026-05-11 18:20:00,41810,41837,41795,41834,42081.7802083333,42161.7802083333,42281.7802083333,41971.7802083333,41881.7802083333,41905.1662860691,41966.8017066046,0.4790583026
2026-05-11 18:30:05,MXF1!,5,2026-05-11 18:25:00,41833,41844,41820,41840,42081.5895833333,42161.5895833333,42281.5895833333,41971.5895833333,41881.5895833333,41902.6107454389,41964.2907817214,0.48252628
2026-05-11 18:35:03,MXF1!,5,2026-05-11 18:30:00,41838,41850,41827,41835,42081.2760416667,42161.2760416667,42281.2760416667,41971.2760416667,41881.2760416667,41899.959343657,41961.7305682219,0.4785045021
2026-05-11 18:40:00,MXF1!,5,2026-05-11 18:35:00,41834,41840,41791,41804,42080.3895833333,42160.3895833333,42280.3895833333,41970.3895833333,41880.3895833333,41896.1962321411,41958.6071906334,0.4567149768
2026-05-11 18:45:02,MXF1!,5,2026-05-11 18:40:00,41806,41811,41788,41811,42079.028125,42159.028125,42279.028125,41969.028125,41879.028125,41892.8552034296,41955.6842759674,0.4608061541
2026-05-11 18:50:01,MXF1!,5,2026-05-11 18:45:00,41811,41837,41794,41836,42077.3927083333,42157.3927083333,42277.3927083333,41967.3927083333,41877.3927083333,41890.6255876089,41953.3142903047,0.4772735249
2026-05-11 18:55:05,MXF1!,5,2026-05-11 18:50:00,41835,41847,41826,41829,42075.978125,42155.978125,42275.978125,41965.978125,41875.978125,41888.2088978987,41950.8526211897,0.4717480128
2026-05-11 19:00:01,MXF1!,5,2026-05-11 18:55:00,41833,41835,41801,41803,42074.3322916667,42154.3322916667,42274.3322916667,41964.3322916667,41874.3322916667,41884.8673724909,41947.9248465127,0.4531245416
2026-05-11 19:05:04,MXF1!,5,2026-05-11 19:00:00,41804,41846,41804,41833,42072.5885416667,42152.5885416667,42272.5885416667,41962.5885416667,41872.5885416667,41882.8333578834,41945.6491069778,0.4733386492
2026-05-11 19:10:02,MXF1!,5,2026-05-11 19:05:00,41833,41852,41829,41845,42070.9510416667,42150.9510416667,42270.9510416667,41960.9510416667,41870.9510416667,41881.34969679,41943.6560553545,0.4810961522
2026-05-11 19:15:01,MXF1!,5,2026-05-11 19:10:00,41847,41861,41833,41860,42069.5572916667,42149.5572916667,42269.5572916667,41959.5572916667,41869.5572916667,41880.5124537786,41941.9994998029,0.4909682273
2026-05-11 19:20:02,MXF1!,5,2026-05-11 19:15:00,41858,41866,41846,41864,42068.184375,42148.184375,42268.184375,41958.184375,41868.184375,41879.8649065716,41940.4549552523,0.493207573
2026-05-11 19:25:03,MXF1!,5,2026-05-11 19:20:00,41865,41877,41860,41867,42066.8010416667,42146.8010416667,42266.8010416667,41956.8010416667,41866.8010416667,41879.3604004315,41939.000401683,0.4947344422
2026-05-11 19:30:02,MXF1!,5,2026-05-11 19:25:00,41870,41903,41863,41891,42065.559375,42145.559375,42265.559375,41955.559375,41865.559375,41879.8168553166,41938.0498986794,0.5109762459
2026-05-11 19:35:02,MXF1!,5,2026-05-11 19:30:00,41891,41925,41889,41891,42064.6822916667,42144.6822916667,42264.6822916667,41954.6822916667,41864.6822916667,41880.25541001,41937.1182175174,0.510421921
2026-05-11 19:40:02,MXF1!,5,2026-05-11 19:35:00,41893,41911,41885,41892,42063.8197916667,42143.8197916667,42263.8197916667,41953.8197916667,41863.8197916667,41880.7159821665,41936.2247874675,0.5106033908
2026-05-11 19:45:06,MXF1!,5,2026-05-11 19:40:00,41888,41892,41876,41881,42062.6645833333,42142.6645833333,42262.6645833333,41952.6645833333,41862.6645833333,41880.7271201208,41935.1312273197,0.5023049978
2026-05-11 19:50:01,MXF1!,5,2026-05-11 19:45:00,41882,41897,41872,41888,42061.4385416667,42141.4385416667,42261.4385416667,41951.4385416667,41861.4385416667,41881.0123310964,41934.1979356896,0.5066833556
2026-05-11 19:55:02,MXF1!,5,2026-05-11 19:50:00,41890,41890,41861,41889,42060.0833333333,42140.0833333333,42260.0833333333,41950.0833333333,41860.0833333333,41881.3255730142,41933.3029270621,0.5067894062
2026-05-11 20:00:05,MXF1!,5,2026-05-11 19:55:00,41889,41915,41884,41914,42058.7645833333,42138.7645833333,42258.7645833333,41948.7645833333,41858.7645833333,41882.6069230921,41932.9206908826,0.5239746629
2026-05-11 20:05:02,MXF1!,5,2026-05-11 20:00:00,41911,41929,41877,41886,42057.4302083333,42137.4302083333,42257.4302083333,41947.4302083333,41857.4302083333,41882.7399849316,41931.9915682909,0.503436702
2026-05-11 20:10:06,MXF1!,5,2026-05-11 20:05:00,41886,41886,41856,41867,42055.6791666667,42135.6791666667,42255.6791666667,41945.6791666667,41855.6791666667,41882.1227306206,41930.7046065426,0.4892638258
2026-05-11 20:15:09,MXF1!,5,2026-05-11 20:10:00,41864,41874,41848,41870,42054.0052083333,42134.0052083333,42254.0052083333,41944.0052083333,41854.0052083333,41881.6473294198,41929.5025351259,0.4908391729
2026-05-11 20:20:02,MXF1!,5,2026-05-11 20:15:00,41870,41900,41865,41883,42052.6614583333,42132.6614583333,42252.6614583333,41942.6614583333,41852.6614583333,41881.7003753249,41928.5816928461,0.4996176423
2026-05-11 20:25:05,MXF1!,5,2026-05-11 20:20:00,41881,41909,41859,41895,42051.1979166667,42131.1979166667,42251.1979166667,41941.1979166667,41851.1979166667,41882.2219292337,41927.9167088294,0.5077033098
2026-05-11 20:30:01,MXF1!,5,2026-05-11 20:25:00,41894,41922,41883,41913,42049.7822916667,42129.7822916667,42249.7822916667,41939.7822916667,41849.7822916667,41883.428912401,41927.6213284565,0.5201562595
2026-05-11 20:35:04,MXF1!,5,2026-05-11 20:30:00,41910,41938,41909,41930,42048.5239583333,42128.5239583333,42248.5239583333,41938.5239583333,41848.5239583333,41885.2552295617,41927.6684308633,0.5319353794
2026-05-11 20:40:02,MXF1!,5,2026-05-11 20:35:00,41933,41952,41915,41923,42047.1166666667,42127.1166666667,42247.1166666667,41937.1166666667,41847.1166666667,41886.7354166378,41927.5759866878,0.5263346782
2026-05-11 20:45:06,MXF1!,5,2026-05-11 20:40:00,41925,41930,41893,41895,42045.7770833333,42125.7770833333,42245.7770833333,41935.7770833333,41845.7770833333,41887.0595179461,41926.9309176445,0.5054202552
2026-05-11 20:50:02,MXF1!,5,2026-05-11 20:45:00,41892,41918,41834,41878,42044.21875,42124.21875,42244.21875,41934.21875,41844.21875,41886.7042427325,41925.9619885822,0.4924541711
2026-05-11 20:55:01,MXF1!,5,2026-05-11 20:50:00,41879,41887,41862,41885,42042.5739583333,42122.5739583333,42242.5739583333,41932.5739583333,41842.5739583333,41886.6374096842,41925.1508600954,0.4969996205
2026-05-11 21:00:00,MXF1!,5,2026-05-11 20:55:00,41885,41919,41873,41918,42041.0364583333,42121.0364583333,42241.0364583333,41931.0364583333,41841.0364583333,41887.8673151868,41925.0092589054,0.5206271866
2026-05-11 21:05:04,MXF1!,5,2026-05-11 21:00:00,41916,41945,41910,41937,42039.5375,42119.5375,42239.5375,41929.5375,41839.5375,41889.7940871402,41925.2466993232,0.5340397495
2026-05-11 21:10:04,MXF1!,5,2026-05-11 21:05:00,41937,41978,41932,41963,42038.2135416667,42118.2135416667,42238.2135416667,41928.2135416667,41838.2135416667,41892.6649072524,41925.9942894356,0.5526719616
2026-05-11 21:15:02,MXF1!,5,2026-05-11 21:10:00,41961,41990,41960,41988,42037.09375,42117.09375,42237.09375,41927.09375,41837.09375,41896.4035383405,41927.2221252883,0.5706351948
2026-05-11 21:20:02,MXF1!,5,2026-05-11 21:15:00,41988,42014,41981,41986,42035.96875,42115.96875,42235.96875,41925.96875,41835.96875,41899.9171250723,41928.3860435995,0.5686672546
2026-05-11 21:25:01,MXF1!,5,2026-05-11 21:20:00,41985,42003,41982,41988,42034.753125,42114.753125,42234.753125,41924.753125,41834.753125,41903.3713554616,41929.5665179836,0.569665838
2026-05-11 21:30:01,MXF1!,5,2026-05-11 21:25:00,41987,42041,41987,42040,42033.596875,42113.596875,42233.596875,41923.596875,41833.596875,41908.7293415219,41931.7533196077,0.6079310135
2026-05-11 21:35:01,MXF1!,5,2026-05-11 21:30:00,42040,42147,42037,42104,42032.8864583333,42112.8864583333,42232.8864583333,41922.8864583333,41832.8864583333,41916.3870144034,41935.164144962,0.6553370391
2026-05-11 21:40:01,MXF1!,5,2026-05-11 21:35:00,42105,42106,41939,42004,42031.6989583333,42111.6989583333,42231.6989583333,41921.6989583333,41831.6989583333,41919.8228177601,41936.5272312004,0.5800357301
2026-05-11 21:45:01,MXF1!,5,2026-05-11 21:40:00,42007,42021,41966,41999,42030.46875,42110.46875,42230.46875,41920.46875,41830.46875,41922.9278052989,41937.7643157311,0.5758041831
2026-05-11 21:50:02,MXF1!,5,2026-05-11 21:45:00,42000,42044,41958,41995,42029.26875,42109.26875,42229.26875,41919.26875,41829.26875,41925.7541658755,41938.8976956176,0.5723103734
2026-05-11 21:55:02,MXF1!,5,2026-05-11 21:50:00,41992,42006,41918,41942,42028.0677083333,42108.0677083333,42228.0677083333,41918.0677083333,41828.0677083333,41926.3912574097,41938.9591273875,0.5317363776
2026-05-11 22:00:03,MXF1!,5,2026-05-11 21:55:00,41939,41950,41839,41852,42026.6510416667,42106.6510416667,42226.6510416667,41916.6510416667,41826.6510416667,41923.4739531976,41937.237164469,0.4628735447
2026-05-11 22:05:01,MXF1!,5,2026-05-11 22:00:00,41849,41995,41842,41955,42025.503125,42105.503125,42225.503125,41915.503125,41825.503125,41924.7102687585,41937.5889037864,0.5405492377
2026-05-11 22:10:04,MXF1!,5,2026-05-11 22:05:00,41955,42014,41951,41995,42024.85,42104.85,42224.85,41914.85,41824.85,41927.4667288072,41938.7257571768,0.5705305464
2026-05-11 22:15:03,MXF1!,5,2026-05-11 22:10:00,41997,42050,41962,42025,42024.228125,42104.228125,42224.228125,41914.228125,41824.228125,41931.2915629716,41940.4341580248,0.5930113773
2026-05-11 22:20:04,MXF1!,5,2026-05-11 22:15:00,42027,42052,42004,42049,42023.5770833333,42103.5770833333,42223.5770833333,41913.5770833333,41823.5770833333,41935.90758011,41942.5839766777,0.610997368
2026-05-11 22:25:01,MXF1!,5,2026-05-11 22:20:00,42048,42074,42032,42042,42022.9083333333,42102.9083333333,42222.9083333333,41912.9083333333,41822.9083333333,41940.0680671645,41944.5526108029,0.6051859727
2026-05-11 22:30:02,MXF1!,5,2026-05-11 22:25:00,42042,42051,41924,41937,42021.746875,42101.746875,42221.746875,41911.746875,41821.746875,41939.9477508051,41944.4030541534,0.5235618624
2026-05-11 22:35:03,MXF1!,5,2026-05-11 22:30:00,41938,41996,41887,41989,42020.4708333333,42100.4708333333,42220.4708333333,41910.4708333333,41820.4708333333,41941.8713684206,41945.2861619919,0.5633187333
2026-05-11 22:40:01,MXF1!,5,2026-05-11 22:35:00,41992,42043,41971,42040,42019.5166666667,42099.5166666667,42219.5166666667,41909.5166666667,41819.5166666667,41945.7195500511,41947.1616835366,0.6024848281
2026-05-11 22:45:02,MXF1!,5,2026-05-11 22:40:00,42042,42113,42026,42100,42018.8822916667,42098.8822916667,42218.8822916667,41908.8822916667,41818.8822916667,41951.7697637746,41950.1881848527,0.6488626647
2026-05-11 22:50:01,MXF1!,5,2026-05-11 22:45:00,42101,42138,42077,42109,42018.35625,42098.35625,42218.35625,41908.35625,41818.35625,41957.9356553913,41953.3329732715,0.6555791575
2026-05-11 22:55:00,MXF1!,5,2026-05-11 22:50:00,42113,42217,42103,42192,42018.2291666667,42098.2291666667,42218.2291666667,41908.2291666667,41818.2291666667,41967.1146492975,41958.0590530087,0.7204210603
2026-05-11 23:00:02,MXF1!,5,2026-05-11 22:55:00,42192,42204,42145,42159,42018.109375,42098.109375,42218.109375,41908.109375,41818.109375,41974.6395650113,41962.038081662,0.694231478
2026-05-11 23:05:01,MXF1!,5,2026-05-11 23:00:00,42158,42235,42158,42215,42017.9916666667,42097.9916666667,42217.9916666667,41907.9916666667,41817.9916666667,41984.0654644227,41967.0472285598,0.7383259343
2026-05-11 23:10:01,MXF1!,5,2026-05-11 23:05:00,42216,42220,42174,42213,42017.8322916667,42097.8322916667,42217.8322916667,41907.8322916667,41817.8322916667,41993.0432893473,41971.9175804695,0.7366146196
2026-05-11 23:15:01,MXF1!,5,2026-05-11 23:10:00,42211,42218,42162,42171,42017.5802083333,42097.5802083333,42217.5802083333,41907.5802083333,41817.5802083333,42000.0219838827,41975.8598065988,0.7030743555
2026-05-11 23:20:01,MXF1!,5,2026-05-11 23:15:00,42169,42198,42145,42181,42017.3916666667,42097.3916666667,42217.3916666667,41907.3916666667,41817.3916666667,42007.1191609853,41979.9219886464,0.710966362
2026-05-11 23:24:59,MXF1!,5,2026-05-11 23:20:00,42181,42244,42172,42237,42017.2822916667,42097.2822916667,42217.2822916667,41907.2822916667,41817.2822916667,42016.1340958486,41985.0126423365,0.7558407115
2026-05-11 23:30:00,MXF1!,5,2026-05-11 23:25:00,42241,42275,42230,42273,42017.3625,42097.3625,42217.3625,41907.3625,41817.3625,42026.2072685604,41990.7153622903,0.7848063647
2026-05-11 23:35:03,MXF1!,5,2026-05-11 23:30:00,42272,42287,42244,42261,42017.5510416667,42097.5510416667,42217.5510416667,41907.5510416667,41817.5510416667,42035.4148266561,41996.067533334,0.7750752763
2026-05-11 23:39:59,MXF1!,5,2026-05-11 23:35:00,42261,42269,42232,42244,42017.7427083333,42097.7427083333,42217.7427083333,41907.7427083333,41817.7427083333,42043.5946373755,42000.9770871294,0.7612399374
2026-05-11 23:44:58,MXF1!,5,2026-05-11 23:40:00,42244,42262,42209,42224,42017.9510416667,42097.9510416667,42217.9510416667,41907.9510416667,41817.9510416667,42050.6693574784,42005.3933824338,0.7448973566
2026-05-11 23:49:58,MXF1!,5,2026-05-11 23:45:00,42220,42260,42212,42259,42018.2177083333,42098.2177083333,42218.2177083333,41908.2177083333,41818.2177083333,42058.8391865969,42010.4152956529,0.7734286395
2026-05-11 23:54:59,MXF1!,5,2026-05-11 23:50:00,42257,42297,42242,42287,42018.5666666667,42098.5666666667,42218.5666666667,41908.5666666667,41818.5666666667,42067.7866694754,42015.8922204914,0.7963450276
2026-05-12 00:00:01,MXF1!,5,2026-05-11 23:55:00,42289,42293,42251,42257,42018.9979166667,42098.9979166667,42218.9979166667,41908.9979166667,41818.9979166667,42075.2068000843,42020.6666319669,0.7715886299
2026-05-12 00:05:02,MXF1!,5,2026-05-12 00:00:00,42259,42291,42259,42291,42019.3979166667,42099.3979166667,42219.3979166667,41909.3979166667,41819.3979166667,42083.6692785123,42026.0197679675,0.7996492315
2026-05-12 00:10:00,MXF1!,5,2026-05-12 00:05:00,42291,42336,42283,42317,42019.8947916667,42099.8947916667,42219.8947916667,41909.8947916667,41819.8947916667,42092.8195028844,42031.7817527602,0.821101159
2026-05-12 00:15:02,MXF1!,5,2026-05-12 00:10:00,42318,42365,42318,42364,42020.4604166667,42100.4604166667,42220.4604166667,41910.4604166667,41820.4604166667,42103.454032183,42038.3603319135,0.8599409133
2026-05-12 00:20:05,MXF1!,5,2026-05-12 00:15:00,42361,42364,42305,42313,42020.9291666667,42100.9291666667,42220.9291666667,41910.9291666667,41820.9291666667,42111.671521117,42043.7987411825,0.8172225095
2026-05-12 00:25:05,MXF1!,5,2026-05-12 00:20:00,42312,42316,42286,42293,42021.2802083333,42101.2802083333,42221.2802083333,41911.2802083333,41821.2802083333,42118.7824418575,42048.733419575,0.8001996122
2026-05-12 00:30:03,MXF1!,5,2026-05-12 00:25:00,42297,42310,42271,42280,42021.6958333333,42101.6958333333,42221.6958333333,41911.6958333333,41821.6958333333,42125.1046990396,42053.312955821,0.7890026121
2026-05-12 00:35:01,MXF1!,5,2026-05-12 00:30:00,42279,42305,42274,42287,42022.1666666667,42102.1666666667,42222.1666666667,41912.1666666667,41822.1666666667,42131.4535343714,42057.9404220424,0.7945454673
2026-05-12 00:40:02,MXF1!,5,2026-05-12 00:35:00,42286,42293,42258,42262,42022.434375,42102.434375,42222.434375,41912.434375,41822.434375,42136.5730036117,42061.9812057643,0.7732902654
2026-05-12 00:45:01,MXF1!,5,2026-05-12 00:40:00,42261,42261,42163,42222,42022.3864583333,42102.3864583333,42222.3864583333,41912.3864583333,41822.3864583333,42139.9230819015,42065.1498947591,0.7393623564
2026-05-12 00:50:01,MXF1!,5,2026-05-12 00:45:00,42223,42245,42194,42214,42022.4229166667,42102.4229166667,42222.4229166667,41912.4229166667,41822.4229166667,42142.8280590818,42068.0974215955,0.7323450979
2026-05-12 00:55:01,MXF1!,5,2026-05-12 00:50:00,42213,42242,42200,42224,42022.5645833333,42102.5645833333,42222.5645833333,41912.5645833333,41822.5645833333,42146.0112724511,42071.1846013659,0.7405195776
2026-05-12 01:00:03,MXF1!,5,2026-05-12 00:55:00,42222,42241,42210,42228,42022.54375,42102.54375,42222.54375,41912.54375,41822.54375,42149.2265166687,42074.2898567844,0.7436317765
2026-05-12 01:04:57,MXF1!,5,2026-05-12 01:00:00,42229,42265,42228,42245,42022.5708333333,42102.5708333333,42222.5708333333,41912.5708333333,41822.5708333333,42152.9823395445,42077.67025566,0.7577534298
2026-05-12 01:10:01,MXF1!,5,2026-05-12 01:05:00,42250,42254,42220,42243,42022.5322916667,42102.5322916667,42222.5322916667,41912.5322916667,41822.5322916667,42156.5124438761,42080.9441119835,0.7556770907
2026-05-12 01:14:58,MXF1!,5,2026-05-12 01:10:00,42242,42242,42208,42221,42022.4239583333,42102.4239583333,42222.4239583333,41912.4239583333,41822.4239583333,42159.0413676456,42083.7174959046,0.7365620975
2026-05-12 01:20:01,MXF1!,5,2026-05-12 01:15:00,42220,42238,42201,42207,42022.2770833333,42102.2770833333,42222.2770833333,41912.2770833333,41822.2770833333,42160.9220983262,42086.1587336095,0.7242555671
2026-05-12 01:24:57,MXF1!,5,2026-05-12 01:20:00,42205,42267,42202,42265,42022.296875,42102.296875,42222.296875,41912.296875,41822.296875,42165.0035846663,42089.7001448252,0.7735726459
2026-05-12 01:29:58,MXF1!,5,2026-05-12 01:25:00,42264,42290,42264,42283,42022.43125,42102.43125,42222.43125,41912.43125,41822.43125,42169.6308950716,42093.5278647296,0.7886344818
2026-05-12 01:34:57,MXF1!,5,2026-05-12 01:30:00,42282,42305,42270,42275,42022.5708333333,42102.5708333333,42222.5708333333,41912.5708333333,41822.5708333333,42173.7630168335,42097.1213723587,0.7814235706
2026-05-12 01:39:58,MXF1!,5,2026-05-12 01:35:00,42274,42330,42274,42307,42022.840625,42102.840625,42222.840625,41912.840625,41822.840625,42178.9879965655,42101.2773847873,0.80853994
2026-05-12 01:45:05,MXF1!,5,2026-05-12 01:40:00,42310,42321,42305,42306,42023.0614583333,42103.0614583333,42223.0614583333,41913.0614583333,41823.0614583333,42183.9688594453,42105.3312979598,0.8072455817
2026-05-12 01:49:58,MXF1!,5,2026-05-12 01:45:00,42306,42319,42302,42304,42023.2270833333,42103.2270833333,42223.2270833333,41913.2270833333,41823.2270833333,42188.6759629965,42109.2653316636,0.8050974827
2026-05-12 01:54:58,MXF1!,5,2026-05-12 01:50:00,42304,42315,42285,42286,42023.3104166667,42103.3104166667,42223.3104166667,41913.3104166667,41823.3104166667,42192.4925918986,42112.7650280663,0.789050892
2026-05-12 01:59:57,MXF1!,5,2026-05-12 01:55:00,42286,42302,42272,42275,42023.2666666667,42103.2666666667,42223.2666666667,41913.2666666667,41823.2666666667,42195.72817653,42115.9776017679,0.7790490379
2026-05-12 02:04:57,MXF1!,5,2026-05-12 02:00:00,42275,42309,42275,42306,42023.7697916667,42103.7697916667,42223.7697916667,41913.7697916667,41823.7697916667,42200.0525617641,42119.7404215349,0.8053730097
2026-05-12 02:09:57,MXF1!,5,2026-05-12 02:05:00,42308,42331,42307,42325,42025.1333333333,42105.1333333333,42225.1333333333,41915.1333333333,41825.1333333333,42204.9524613028,42123.8049676431,0.8212906428
2026-05-12 02:15:06,MXF1!,5,2026-05-12 02:10:00,42328,42347,42325,42329,42027.334375,42107.334375,42227.334375,41917.334375,41827.334375,42209.8170706634,42127.8682356106,0.8243079972
2026-05-12 02:19:58,MXF1!,5,2026-05-12 02:15:00,42326,42332,42316,42323,42029.5114583333,42109.5114583333,42229.5114583333,41919.5114583333,41829.5114583333,42214.2556169119,42131.732230945,0.8187482918
2026-05-12 02:25:01,MXF1!,5,2026-05-12 02:20:00,42319,42324,42295,42318,42031.4729166667,42111.4729166667,42231.4729166667,41921.4729166667,41831.4729166667,42218.3240240919,42135.4207016194,0.8139313813
2026-05-12 02:30:00,MXF1!,5,2026-05-12 02:25:00,42318,42333,42317,42327,42033.2145833333,42113.2145833333,42233.2145833333,41923.2145833333,41833.2145833333,42222.5858270687,42139.2143510923,0.8212663437
2026-05-12 02:35:00,MXF1!,5,2026-05-12 02:30:00,42326,42333,42315,42320,42034.7072916667,42114.7072916667,42234.7072916667,41924.7072916667,41834.7072916667,42226.405990713,42142.794264932,0.814679502
2026-05-12 02:39:56,MXF1!,5,2026-05-12 02:35:00,42322,42330,42298,42300,42035.9583333333,42115.9583333333,42235.9583333333,41925.9583333333,41835.9583333333,42229.2920302929,42145.9072497848,0.7968326627
2026-05-12 02:45:00,MXF1!,5,2026-05-12 02:40:00,42301,42307,42285,42297,42037.0510416667,42117.0510416667,42237.0510416667,41927.0510416667,41837.0510416667,42231.9472447912,42148.8991854327,0.793866677
2026-05-12 02:49:57,MXF1!,5,2026-05-12 02:45:00,42293,42300,42281,42293,42038.109375,42118.109375,42238.109375,41928.109375,41838.109375,42234.3414704857,42151.7526669092,0.7900071414
2026-05-12 02:55:00,MXF1!,5,2026-05-12 02:50:00,42292,42310,42289,42292,42039.0791666667,42119.0791666667,42239.0791666667,41929.0791666667,41839.0791666667,42236.6025892902,42154.5298418219,0.7887278962
2026-05-12 03:00:03,MXF1!,5,2026-05-12 02:55:00,42292,42303,42252,42254,42040.0666666667,42120.0666666667,42240.0666666667,41930.0666666667,41840.0666666667,42237.2848406906,42156.4995479245,0.754961609
2026-05-12 03:04:58,MXF1!,5,2026-05-12 03:00:00,42253,42285,42249,42261,42041.2479166667,42121.2479166667,42241.2479166667,41931.2479166667,41841.2479166667,42238.214846938,42158.5688638072,0.7606777375
2026-05-12 03:09:57,MXF1!,5,2026-05-12 03:05:00,42263,42311,42259,42303,42042.5802083333,42122.5802083333,42242.5802083333,41932.5802083333,41842.5802083333,42240.7554411757,42161.428886306,0.7972317112
2026-05-12 03:15:05,MXF1!,5,2026-05-12 03:10:00,42303,42313,42275,42279,42043.690625,42123.690625,42243.690625,41933.690625,41843.690625,42242.2552277963,42163.7570271713,0.7756216993
2026-05-12 03:19:58,MXF1!,5,2026-05-12 03:15:00,42280,42280,42257,42264,42044.7385416667,42124.7385416667,42244.7385416667,41934.7385416667,41844.7385416667,42243.1079639611,42165.7420365342,0.7619521266
2026-05-12 03:25:03,MXF1!,5,2026-05-12 03:20:00,42263,42274,42245,42258,42045.8739583333,42125.8739583333,42245.8739583333,41935.8739583333,41845.8739583333,42243.6919653744,42167.5689268999,0.756222108
2026-05-12 03:30:01,MXF1!,5,2026-05-12 03:25:00,42259,42259,42226,42236,42046.8333333333,42126.8333333333,42246.8333333333,41936.8333333333,41846.8333333333,42243.3903196735,42168.9239976543,0.7363219252
2026-05-12 03:35:02,MXF1!,5,2026-05-12 03:30:00,42234,42268,42229,42257,42048.05625,42128.05625,42248.05625,41938.05625,41848.05625,42243.9240326274,42170.6680769087,0.7545449768
2026-05-12 03:40:01,MXF1!,5,2026-05-12 03:35:00,42248,42261,42232,42260,42049.5114583333,42129.5114583333,42249.5114583333,41939.5114583333,41849.5114583333,42244.5544627205,42172.4370258808,0.7567742943
2026-05-12 03:45:02,MXF1!,5,2026-05-12 03:40:00,42262,42270,42244,42270,42051.0583333333,42131.0583333333,42251.0583333333,41941.0583333333,41851.0583333333,42245.5523269275,42174.3689659624,0.7652188698
2026-05-12 03:50:02,MXF1!,5,2026-05-12 03:45:00,42268,42290,42262,42288,42052.6291666667,42132.6291666667,42252.6291666667,41942.6291666667,41852.6291666667,42247.2169415578,42176.6190854482,0.7807454937
2026-05-12 03:55:06,MXF1!,5,2026-05-12 03:50:00,42286,42309,42277,42283,42054.4302083333,42134.4302083333,42254.4302083333,41944.4302083333,41854.4302083333,42248.6201987516,42178.7256382116,0.7757719656
2026-05-12 04:00:24,MXF1!,5,2026-05-12 03:55:00,42290,42294,42265,42283,42055.9947916667,42135.9947916667,42255.9947916667,41945.9947916667,41855.9947916667,42249.9684262516,42180.7904770589,0.7752751808
2026-05-12 04:05:02,MXF1!,5,2026-05-12 04:00:00,42282,42283,42241,42263,42057.359375,42137.359375,42257.359375,41947.359375,41857.359375,42250.4794683593,42182.4183884043,0.7569406357
2026-05-12 04:10:04,MXF1!,5,2026-05-12 04:05:00,42262,42274,42261,42268,42058.7010416667,42138.7010416667,42258.7010416667,41948.7010416667,41858.7010416667,42251.1665480315,42184.1130737824,0.7609192637
2026-05-12 04:15:10,MXF1!,5,2026-05-12 04:10:00,42269,42285,42193,42272,42059.6541666667,42139.6541666667,42259.6541666667,41949.6541666667,41859.6541666667,42251.9835461479,42185.8534089551,0.7640082996
2026-05-12 04:20:15,MXF1!,5,2026-05-12 04:15:00,42270,42280,42266,42277,42060.7125,42140.7125,42260.7125,41950.7125,41860.7125,42252.9645835539,42187.6582919461,0.7680017619
2026-05-12 04:25:00,MXF1!,5,2026-05-12 04:20:00,42275,42276,42252,42263,42061.815625,42141.815625,42261.815625,41951.815625,41861.815625,42253.3581292969,42189.150206957,0.7550117331
2026-05-12 04:30:11,MXF1!,5,2026-05-12 04:25:00,42260,42272,42254,42272,42062.99375,42142.99375,42262.99375,41952.99375,41862.99375,42254.0891830499,42190.7907969183,0.7626242808
2026-05-12 04:35:04,MXF1!,5,2026-05-12 04:30:00,42270,42276,42262,42266,42064.171875,42144.171875,42264.171875,41954.171875,41864.171875,42254.5562739107,42192.2800880684,0.7568019812
2026-05-12 04:40:04,MXF1!,5,2026-05-12 04:35:00,42266,42268,42262,42266,42065.25625,42145.25625,42265.25625,41955.25625,41865.25625,42255.0050474829,42193.7398883047,0.7563906076
2026-05-12 04:45:28,MXF1!,5,2026-05-12 04:40:00,42268,42275,42268,42274,42066.1854166667,42146.1854166667,42266.1854166667,41956.1854166667,41866.1854166667,42255.7499475816,42195.3291974472,0.7631617581
2026-05-12 04:50:04,MXF1!,5,2026-05-12 04:45:00,42272,42274,42264,42271,42067.0302083333,42147.0302083333,42267.0302083333,41957.0302083333,41867.0302083333,42256.3479888529,42196.8276291809,0.7600190426
2026-05-12 04:55:02,MXF1!,5,2026-05-12 04:50:00,42272,42277,42262,42272,42067.95,42147.95,42267.95,41957.95,41867.95,42256.9617932116,42198.3161909793,0.7604769609
2026-05-12 05:01:00,MXF1!,5,2026-05-12 04:55:00,42273,42277,42262,42270,42068.68125,42148.68125,42268.68125,41958.68125,41868.68125,42257.4730954386,42199.735672346,0.7582322133
2026-05-12 08:50:00,MXF1!,5,2026-05-12 08:45:00,42240,42240,42174,42214,42069.171875,42149.171875,42269.171875,41959.171875,41869.171875,42255.7682681665,42200.0181342798,0.707209455
2026-05-12 08:55:00,MXF1!,5,2026-05-12 08:50:00,42213,42248,42196,42203,42069.8,42149.8,42269.8,41959.8,41869.8,42253.6989243168,42200.0771811257,0.6968541525
2026-05-12 09:00:00,MXF1!,5,2026-05-12 08:55:00,42201,42208,42184,42195,42070.3229166667,42150.3229166667,42270.3229166667,41960.3229166667,41870.3229166667,42251.3970057162,42199.9766428856,0.689207705
2026-05-12 09:05:00,MXF1!,5,2026-05-12 09:00:00,42195,42365,42191,42265,42071.3229166667,42151.3229166667,42271.3229166667,41961.3229166667,41871.3229166667,42251.9304564724,42201.2642341156,0.7522773968
2026-05-12 09:10:00,MXF1!,5,2026-05-12 09:05:00,42264,42320,42240,42274,42072.396875,42152.396875,42272.396875,41962.396875,41872.396875,42252.7959287676,42202.7045463113,0.7600053688
2026-05-12 09:14:59,MXF1!,5,2026-05-12 09:10:00,42274,42305,42244,42249,42073.3270833333,42153.3270833333,42273.3270833333,41963.3270833333,41873.3270833333,42252.6470688159,42203.6212879685,0.7368360468
2026-05-12 09:20:00,MXF1!,5,2026-05-12 09:15:00,42245,42251,42010,42131,42073.2791666667,42153.2791666667,42273.2791666667,41963.2791666667,41873.2791666667,42247.876595529,42202.1832426622,0.6289956892
2026-05-12 09:25:01,MXF1!,5,2026-05-12 09:20:00,42134,42173,42070,42105,42073.1427083333,42153.1427083333,42273.1427083333,41963.1427083333,41873.1427083333,42242.2735917828,42200.2588220154,0.6048775183
2026-05-12 09:30:00,MXF1!,5,2026-05-12 09:25:00,42103,42118,41915,42005,42072.1916666667,42152.1916666667,42272.1916666667,41962.1916666667,41872.1916666667,42232.9687450462,42196.3923106884,0.5130869758
2026-05-12 09:35:00,MXF1!,5,2026-05-12 09:30:00,42004,42015,41813,41843,42070.76875,42150.76875,42270.76875,41960.76875,41870.76875,42217.6758530836,42189.39444315,0.3643410431
2026-05-12 09:40:00,MXF1!,5,2026-05-12 09:35:00,41840,41846,41668,41683,42068.6427083333,42148.6427083333,42268.6427083333,41958.6427083333,41868.6427083333,42196.7081725705,42179.3668304144,0.217248003
2026-05-12 09:45:00,MXF1!,5,2026-05-12 09:40:00,41677,41841,41605,41811,42066.3916666667,42146.3916666667,42266.3916666667,41956.3916666667,41866.3916666667,42181.5823618815,42172.0724377329,0.3341256926
2026-05-12 09:50:00,MXF1!,5,2026-05-12 09:45:00,41812,41885,41793,41832,42064.8177083333,42144.8177083333,42264.8177083333,41954.8177083333,41864.8177083333,42167.8732496508,42165.338330055,0.3529115718
2026-05-12 09:55:00,MXF1!,5,2026-05-12 09:50:00,41831,41873,41775,41810,42063.1791666667,42143.1791666667,42263.1791666667,41953.1791666667,41863.1791666667,42153.8390045665,42158.3019274797,0.3321299374
2026-05-12 10:00:05,MXF1!,5,2026-05-12 09:55:00,41808,41839,41756,41816,42061.3770833333,42141.3770833333,42261.3770833333,41951.3770833333,41861.3770833333,42140.5904161521,42151.52367149,0.3371375039
2026-05-12 10:05:00,MXF1!,5,2026-05-12 10:00:00,41817,41861,41742,41840,42059.5854166667,42139.5854166667,42259.5854166667,41949.5854166667,41859.5854166667,42128.8025566952,42145.3548859159,0.3587409975
2026-05-12 10:10:01,MXF1!,5,2026-05-12 10:05:00,41842,41903,41801,41895,42058.1,42138.1,42258.1,41948.1,41858.1,42119.6338289816,42140.3973634225,0.4090479758
2026-05-12 10:15:00,MXF1!,5,2026-05-12 10:10:00,41895,41996,41888,41976,42057.33125,42137.33125,42257.33125,41947.33125,41857.33125,42114.0011298059,42137.1419700874,0.48354086
2026-05-12 10:20:01,MXF1!,5,2026-05-12 10:15:00,41978,41988,41870,41877,42056.3145833333,42136.3145833333,42256.3145833333,41946.3145833333,41856.3145833333,42104.7069678527,42131.9906439471,0.3913017985
2026-05-12 10:25:01,MXF1!,5,2026-05-12 10:20:00,41873,41942,41872,41938,42055.4666666667,42135.4666666667,42255.4666666667,41945.4666666667,41855.4666666667,42098.1694397016,42128.149245057,0.4474531194
2026-05-12 10:30:04,MXF1!,5,2026-05-12 10:25:00,41939,41969,41926,41956,42054.890625,42134.890625,42254.890625,41944.890625,41854.890625,42092.5941675565,42124.7403491153,0.4637049681
2026-05-12 10:35:00,MXF1!,5,2026-05-12 10:30:00,41950,41957,41877,41898,42054.1708333333,42134.1708333333,42254.1708333333,41944.1708333333,41854.1708333333,42084.9630237307,42120.250441212,0.4091766325
2026-05-12 10:40:01,MXF1!,5,2026-05-12 10:35:00,41900,41911,41874,41893,42053.43125,42133.43125,42253.43125,41943.43125,41853.43125,42077.4350620158,42115.7504324752,0.4039766342
2026-05-12 10:45:00,MXF1!,5,2026-05-12 10:40:00,41892,41949,41858,41921,42052.9739583333,42132.9739583333,42252.9739583333,41942.9739583333,41852.9739583333,42071.3003537014,42111.8939882677,0.4296065043
2026-05-12 10:50:00,MXF1!,5,2026-05-12 10:45:00,41920,42003,41920,42002,42053.1625,42133.1625,42253.1625,41943.1625,41853.1625,42068.582692772,42109.7178696882,0.504910976
2026-05-12 10:55:01,MXF1!,5,2026-05-12 10:50:00,42003,42096,41988,42044,42053.8885416667,42133.8885416667,42253.8885416667,41943.8885416667,41853.8885416667,42067.6186656044,42108.416525734,0.5438314991
2026-05-12 11:00:01,MXF1!,5,2026-05-12 10:55:00,42038,42061,42020,42052,42054.6302083333,42134.6302083333,42254.6302083333,41944.6302083333,41854.6302083333,42067.0061689141,42107.2993668085,0.550881471
2026-05-12 11:05:01,MXF1!,5,2026-05-12 11:00:00,42053,42107,41997,42013,42055.353125,42135.353125,42255.353125,41945.353125,41855.353125,42064.888279937,42105.4320526143,0.5136700752
2026-05-12 11:10:00,MXF1!,5,2026-05-12 11:05:00,42010,42133,42008,42133,42056.203125,42136.203125,42256.203125,41946.203125,41856.203125,42067.5593277827,42105.9779525625,0.6264289027
2026-05-12 11:15:01,MXF1!,5,2026-05-12 11:10:00,42131,42149,42090,42108,42057.328125,42137.328125,42257.328125,41947.328125,41857.328125,42069.1452364971,42106.0179931059,0.6023756741
2026-05-12 11:20:01,MXF1!,5,2026-05-12 11:15:00,42111,42114,42056,42077,42058.21875,42138.21875,42258.21875,41948.21875,41858.21875,42069.4532664384,42105.443379381,0.5725564499
2026-05-12 11:25:01,MXF1!,5,2026-05-12 11:20:00,42076,42104,42061,42075,42059.1020833333,42139.1020833333,42259.1020833333,41949.1020833333,41859.1020833333,42069.6707854016,42104.8405401853,0.5702021269
2026-05-12 11:30:00,MXF1!,5,2026-05-12 11:25:00,42077,42094,42058,42080,42059.8260416667,42139.8260416667,42259.8260416667,41949.8260416667,41859.8260416667,42070.0758526407,42104.3486483005,0.5745076641
2026-05-12 11:35:02,MXF1!,5,2026-05-12 11:30:00,42083,42125,42082,42095,42060.6916666667,42140.6916666667,42260.6916666667,41950.6916666667,41860.6916666667,42071.0532701842,42104.1635265519,0.5883695395
2026-05-12 11:40:01,MXF1!,5,2026-05-12 11:35:00,42092,42137,42081,42126,42061.5739583333,42141.5739583333,42261.5739583333,41951.5739583333,41861.5739583333,42073.2080439025,42104.5959319668,0.6175733256
2026-05-12 11:45:00,MXF1!,5,2026-05-12 11:40:00,42126,42163,42115,42129,42062.5895833333,42142.5895833333,42262.5895833333,41952.5895833333,41862.5895833333,42075.3959637494,42105.0791808387,0.6200361719
2026-05-12 11:50:00,MXF1!,5,2026-05-12 11:45:00,42129,42145,42086,42103,42063.5479166667,42143.5479166667,42263.5479166667,41953.5479166667,41863.5479166667,42076.4784749749,42105.0380089409,0.5946449757
2026-05-12 11:55:07,MXF1!,5,2026-05-12 11:50:00,42102,42111,42084,42095,42064.6645833333,42144.6645833333,42264.6645833333,41954.6645833333,41864.6645833333,42077.2048092897,42104.8392364866,0.5865101891
2026-05-12 12:00:04,MXF1!,5,2026-05-12 11:55:00,42094,42120,42084,42117,42066.2635416667,42146.2635416667,42266.2635416667,41956.2635416667,41866.2635416667,42078.7654050038,42105.0800436849,0.6072990895
2026-05-12 12:05:00,MXF1!,5,2026-05-12 12:00:00,42118,42192,42117,42192,42067.9770833333,42147.9770833333,42267.9770833333,41957.9770833333,41867.9770833333,42083.2059773566,42106.8012309387,0.6793564833
2026-05-12 12:10:00,MXF1!,5,2026-05-12 12:05:00,42191,42231,42186,42193,42069.8197916667,42149.8197916667,42269.8197916667,41959.8197916667,41869.8197916667,42087.5116253034,42108.5081372567,0.6799356752
2026-05-12 12:15:02,MXF1!,5,2026-05-12 12:10:00,42192,42198,42124,42161,42071.4489583333,42151.4489583333,42271.4489583333,41961.4489583333,41871.4489583333,42090.3935223503,42109.5475800833,0.6485201219
2026-05-12 12:20:00,MXF1!,5,2026-05-12 12:15:00,42162,42198,42149,42193,42073.2666666667,42153.2666666667,42273.2666666667,41963.2666666667,41873.2666666667,42094.4173057876,42111.20010325,0.6791806216
2026-05-12 12:25:00,MXF1!,5,2026-05-12 12:20:00,42194,42223,42190,42196,42075.2,42155.2,42275.2,41965.2,41875.2,42098.4009408547,42112.8793091262,0.6816951256
2026-05-12 12:30:08,MXF1!,5,2026-05-12 12:25:00,42198,42214,42168,42188,42077.0010416667,42157.0010416667,42277.0010416667,41967.0010416667,41877.0010416667,42101.9146294486,42114.3668475594,0.6735144236
2026-05-12 12:35:04,MXF1!,5,2026-05-12 12:30:00,42186,42224,42180,42202,42078.84375,42158.84375,42278.84375,41968.84375,41878.84375,42105.8395459408,42116.1021575087,0.6867690151
2026-05-12 12:40:00,MXF1!,5,2026-05-12 12:35:00,42205,42222,42192,42215,42080.734375,42160.734375,42280.734375,41970.734375,41880.734375,42110.1203480608,42118.0605306273,0.6990593806
2026-05-12 12:45:02,MXF1!,5,2026-05-12 12:40:00,42215,42239,42208,42231,42082.7375,42162.7375,42282.7375,41972.7375,41882.7375,42114.8607265682,42120.2969557634,0.7142880168
2026-05-12 12:50:00,MXF1!,5,2026-05-12 12:45:00,42232,42250,42188,42189,42084.7010416667,42164.7010416667,42284.7010416667,41974.7010416667,41884.7010416667,42117.7681490558,42121.657412085,0.6727561934
2026-05-12 12:55:00,MXF1!,5,2026-05-12 12:50:00,42191,42199,42115,42139,42086.3010416667,42166.3010416667,42286.3010416667,41976.3010416667,41886.3010416667,42118.6007706614,42122.0008296674,0.6233918916
2026-05-12 13:00:02,MXF1!,5,2026-05-12 12:55:00,42140,42144,42050,42051,42087.7791666667,42167.7791666667,42287.7791666667,41977.7791666667,41887.7791666667,42115.9497600472,42120.5948726443,0.5367283297
2026-05-12 13:05:01,MXF1!,5,2026-05-12 13:00:00,42050,42116,42005,42116,42089.1947916667,42169.1947916667,42289.1947916667,41979.1947916667,41889.1947916667,42115.9517302415,42120.5038850672,0.6002405312
2026-05-12 13:10:00,MXF1!,5,2026-05-12 13:05:00,42117,42128,42082,42088,42090.7166666667,42170.7166666667,42290.7166666667,41980.7166666667,41890.7166666667,42114.8555839575,42119.8602437787,0.5725049542
2026-05-12 13:15:01,MXF1!,5,2026-05-12 13:10:00,42087,42100,42034,42036,42092.0302083333,42172.0302083333,42292.0302083333,41982.0302083333,41892.0302083333,42111.763208116,42118.199644892,0.521341566
2026-05-12 13:20:00,MXF1!,5,2026-05-12 13:15:00,42037,42046,41973,42020,42092.9520833333,42172.9520833333,42292.9520833333,41982.9520833333,41892.9520833333,42108.164650935,42116.2550974684,0.5055868541
2026-05-12 13:25:02,MXF1!,5,2026-05-12 13:20:00,42019,42034,41972,41988,42093.7104166667,42173.7104166667,42293.7104166667,41983.7104166667,41893.7104166667,42103.4523116827,42113.7153925681,0.47403504
2026-05-12 13:30:01,MXF1!,5,2026-05-12 13:25:00,41989,41996,41912,41921,42094.0291666667,42174.0291666667,42294.0291666667,41984.0291666667,41894.0291666667,42096.2973190676,42109.8992461806,0.4080505752
2026-05-12 13:35:03,MXF1!,5,2026-05-12 13:30:00,41920,41927,41773,41780,42093.59375,42173.59375,42293.59375,41983.59375,41893.59375,42083.8935026336,42103.3665878404,0.2696631015
2026-05-12 13:40:02,MXF1!,5,2026-05-12 13:35:00,41781,41835,41760,41790,42092.9677083333,42172.9677083333,42292.9677083333,41982.9677083333,41892.9677083333,42072.3682672362,42097.1613088732,0.2794920163
2026-05-12 13:45:00,MXF1!,5,2026-05-12 13:40:00,41792,41799,41686,41697,42092.196875,42172.196875,42292.196875,41982.196875,41892.196875,42057.6479430309,42089.2373225589,0.1881733693
2026-05-12 13:47:00,MXF1!,5,2026-05-12 13:45:00,41699,41699,41699,41699,42091.9958333333,42171.9958333333,42291.9958333333,41981.9958333333,41891.9958333333,42043.583317814,42081.5098508251,0.1895502683
2026-05-12 15:05:01,MXF1!,5,2026-05-12 15:00:00,41620,41620,41504,41547,42090.2958333333,42170.2958333333,42290.2958333333,41980.2958333333,41890.2958333333,42024.1094622134,42070.9254973434,0.0387487291
2026-05-12 15:10:04,MXF1!,5,2026-05-12 15:05:00,41549,41559,41486,41519,42088.5291666667,42168.5291666667,42288.5291666667,41978.5291666667,41888.5291666667,42004.301248009,42059.9962795742,0.0105123922
2026-05-12 15:15:02,MXF1!,5,2026-05-12 15:10:00,41517,41606,41509,41598,42087.134375,42167.134375,42287.134375,41977.134375,41887.134375,41988.3678657341,42050.8478383945,0.0865412488
2026-05-12 15:20:02,MXF1!,5,2026-05-12 15:15:00,41596,41675,41592,41670,42086.1677083333,42166.1677083333,42286.1677083333,41976.1677083333,41886.1677083333,41975.8828513916,42043.3062970402,0.1564010245
2026-05-12 15:25:01,MXF1!,5,2026-05-12 15:20:00,41673,41690,41646,41647,42085.3447916667,42165.3447916667,42285.3447916667,41975.3447916667,41885.3447916667,41962.9854846704,42035.4586475938,0.1322836838
2026-05-12 15:30:03,MXF1!,5,2026-05-12 15:25:00,41649,41660,41617,41639,42084.3208333333,42164.3208333333,42284.3208333333,41974.3208333333,41884.3208333333,41950.280171546,42027.6079813049,0.1232415012
2026-05-12 15:35:04,MXF1!,5,2026-05-12 15:30:00,41640,41667,41625,41658,42083.3135416667,42163.3135416667,42283.3135416667,41973.3135416667,41883.3135416667,41938.8182040344,42020.289011378,0.1409216132
2026-05-12 15:40:03,MXF1!,5,2026-05-12 15:35:00,41659,41665,41641,41653,42082.4677083333,42162.4677083333,42282.4677083333,41972.4677083333,41882.4677083333,41927.6096470135,42013.0159616478,0.1343708157
2026-05-12 15:45:00,MXF1!,5,2026-05-12 15:40:00,41651,41655,41615,41620,42081.58125,42161.58125,42281.58125,41971.58125,41881.58125,41915.5465236012,42005.2334673577,0.0997527221
2026-05-12 15:50:01,MXF1!,5,2026-05-12 15:45:00,41620,41628,41600,41628,42080.4822916667,42160.4822916667,42280.4822916667,41970.4822916667,41880.4822916667,41904.2701893423,41997.7634977071,0.1056869103
2026-05-12 15:55:01,MXF1!,5,2026-05-12 15:50:00,41627,41639,41571,41591,42079.325,42159.325,42279.325,41969.325,41879.325,41891.9850838779,41989.7087749802,0.0659299593
2026-05-12 16:00:02,MXF1!,5,2026-05-12 15:55:00,41591,41626,41585,41623,42078.2895833333,42158.2895833333,42278.2895833333,41968.2895833333,41878.2895833333,41881.436649216,41982.4472150796,0.0965548383
2026-05-12 16:05:02,MXF1!,5,2026-05-12 16:00:00,41625,41636,41555,41570,42076.96875,42156.96875,42276.96875,41966.96875,41876.96875,41869.223447286,41974.2799434939,0.040283374
2026-05-12 16:10:03,MXF1!,5,2026-05-12 16:05:00,41569,41585,41556,41581,42075.5614583333,42155.5614583333,42275.5614583333,41965.5614583333,41875.5614583333,41857.9205670003,41966.4922218405,0.0487547618
2026-05-12 16:15:02,MXF1!,5,2026-05-12 16:10:00,41579,41583,41535,41555,42074.03125,42154.03125,42274.03125,41964.03125,41874.03125,41846.0413290787,41958.343861012,0.0188553699
2026-05-12 16:20:02,MXF1!,5,2026-05-12 16:15:00,41556,41603,41530,41597,42072.5739583333,42152.5739583333,42272.5739583333,41962.5739583333,41872.5739583333,41836.2750024481,41951.1885370316,0.0601408615
2026-05-12 16:25:03,MXF1!,5,2026-05-12 16:20:00,41602,41619,41595,41598,42071.2197916667,42151.2197916667,42271.2197916667,41961.2197916667,41871.2197916667,41826.9308847051,41944.1947046151,0.059498674
2026-05-12 16:30:04,MXF1!,5,2026-05-12 16:25:00,41596,41628,41582,41617,42069.7604166667,42149.7604166667,42269.7604166667,41959.7604166667,41869.7604166667,41818.6983009912,41937.7156015534,0.0772843524
2026-05-12 16:35:00,MXF1!,5,2026-05-12 16:30:00,41618,41626,41590,41604,42068.2541666667,42148.2541666667,42268.2541666667,41958.2541666667,41868.2541666667,41810.2787597758,41931.1073718197,0.0618838425
2026-05-12 16:40:02,MXF1!,5,2026-05-12 16:35:00,41605,41614,41580,41606,42066.7322916667,42146.7322916667,42266.7322916667,41956.7322916667,41866.7322916667,41802.2678280199,41924.6696020807,0.0625907301
2026-05-12 16:45:04,MXF1!,5,2026-05-12 16:40:00,41605,41609,41566,41585,42065.1885416667,42145.1885416667,42265.1885416667,41955.1885416667,41865.1885416667,41793.7475210387,41917.9434713464,0.0390684534
2026-05-12 16:50:03,MXF1!,5,2026-05-12 16:45:00,41582,41605,41559,41573,42063.5958333333,42143.5958333333,42263.5958333333,41953.5958333333,41863.5958333333,41785.0907555078,41911.1129075574,0.024939162
2026-05-12 16:55:01,MXF1!,5,2026-05-12 16:50:00,41574,41579,41548,41570,42061.9635416667,42141.9635416667,42261.9635416667,41951.9635416667,41861.9635416667,41776.6558239193,41904.3581965166,0.0202125092
2026-05-12 17:00:05,MXF1!,5,2026-05-12 16:55:00,41570,41575,41547,41568,42060.1854166667,42140.1854166667,42260.1854166667,41950.1854166667,41860.1854166667,41768.4732425891,41897.6976381698,0.0163246005
2026-05-12 17:05:00,MXF1!,5,2026-05-12 17:00:00,41565,41570,41526,41544,42058.390625,42138.390625,42258.390625,41948.390625,41858.390625,41759.6703703307,41890.6937245426,-0.0108665163
2026-05-12 17:10:02,MXF1!,5,2026-05-12 17:05:00,41547,41555,41497,41528,42056.55625,42136.55625,42256.55625,41946.55625,41856.55625,41750.5852577687,41883.5116705913,-0.0292950415
2026-05-12 17:15:03,MXF1!,5,2026-05-12 17:10:00,41528,41570,41516,41567,42054.8614583333,42134.8614583333,42254.8614583333,41944.8614583333,41854.8614583333,41743.3858358954,41877.2441127578,0.0108231941
2026-05-12 17:20:04,MXF1!,5,2026-05-12 17:15:00,41567,41573,41537,41538,42053.15625,42133.15625,42253.15625,41943.15625,41853.15625,41735.3314893897,41870.5264075547,-0.0216708769
2026-05-12 17:25:00,MXF1!,5,2026-05-12 17:20:00,41539,41569,41523,41568,42051.3614583333,42131.3614583333,42251.3614583333,41941.3614583333,41851.3614583333,41728.769470198,41864.5357856229,0.0091802971
2026-05-12 17:30:01,MXF1!,5,2026-05-12 17:25:00,41567,41575,41524,41536,42049.5010416667,42129.5010416667,42249.5010416667,41939.5010416667,41849.5010416667,41721.2098831314,41858.0301265017,-0.0270515477
2026-05-12 17:35:03,MXF1!,5,2026-05-12 17:30:00,41537,41630,41533,41601,42047.7239583333,42127.7239583333,42247.7239583333,41937.7239583333,41847.7239583333,41716.4957700674,41852.9404210264,0.0412055998
2026-05-12 17:40:01,MXF1!,5,2026-05-12 17:35:00,41602,41606,41579,41596,42045.9760416667,42125.9760416667,42245.9760416667,41935.9760416667,41845.9760416667,41711.770445751,41847.8524918971,0.0341458563
2026-05-12 17:45:04,MXF1!,5,2026-05-12 17:40:00,41597,41613,41590,41593,42044.3677083333,42124.3677083333,42244.3677083333,41934.3677083333,41844.3677083333,41707.1127812118,41842.8059078992,0.0296594841
2026-05-12 17:50:04,MXF1!,5,2026-05-12 17:45:00,41592,41601,41572,41593,42042.8489583333,42122.8489583333,42242.8489583333,41932.8489583333,41842.8489583333,41702.6377701839,41837.8592562576,0.0285789116
2026-05-12 17:55:02,MXF1!,5,2026-05-12 17:50:00,41590,41597,41556,41562,42041.2572916667,42121.2572916667,42241.2572916667,41931.2572916667,41841.2572916667,41697.12256351,41832.3966967277,-0.0062785029
2026-05-12 18:00:10,MXF1!,5,2026-05-12 17:55:00,41565,41573,41550,41564,42039.4666666667,42119.4666666667,42239.4666666667,41929.4666666667,41839.4666666667,41691.9020708233,41827.0819106539,-0.0048443932
2026-05-12 18:05:03,MXF1!,5,2026-05-12 18:00:00,41565,41584,41553,41570,42037.5760416667,42117.5760416667,42237.5760416667,41927.5760416667,41837.5760416667,41687.1215974577,41821.9911797499,0.0009956105
2026-05-12 18:10:01,MXF1!,5,2026-05-12 18:05:00,41570,41590,41556,41583,42035.590625,42115.590625,42235.590625,41925.590625,41835.590625,41683.0383975574,41817.258681141,0.0141930759
2026-05-12 18:15:04,MXF1!,5,2026-05-12 18:10:00,41585,41603,41584,41592,42033.5520833333,42113.5520833333,42233.5520833333,41923.5520833333,41833.5520833333,41679.4682643199,41812.7981131976,0.0229329696
2026-05-12 18:20:01,MXF1!,5,2026-05-12 18:15:00,41591,41592,41566,41572,42031.3677083333,42111.3677083333,42231.3677083333,41921.3677083333,41831.3677083333,41675.2538225818,41808.0298337283,6.13548e-05
2026-05-12 18:25:01,MXF1!,5,2026-05-12 18:20:00,41572,41572,41550,41558,42029.1010416667,42109.1010416667,42229.1010416667,41919.1010416667,41829.1010416667,41670.655633461,41803.0787479119,-0.0157765801
2026-05-12 18:30:01,MXF1!,5,2026-05-12 18:25:00,41559,41559,41528,41542,42026.5135416667,42106.5135416667,42226.5135416667,41916.5135416667,41826.5135416667,41665.6103145017,41797.9088717157,-0.0333765102
2026-05-12 18:35:05,MXF1!,5,2026-05-12 18:30:00,41543,41548,41518,41537,42023.5427083333,42103.5427083333,42223.5427083333,41913.5427083333,41823.5427083333,41660.5667727565,41792.7423594045,-0.0392240868
2026-05-12 18:40:03,MXF1!,5,2026-05-12 18:35:00,41536,41561,41523,41525,42021.146875,42101.146875,42221.146875,41911.146875,41821.146875,41655.2504287269,41787.4405305054,-0.0528135047
2026-05-12 18:45:02,MXF1!,5,2026-05-12 18:40:00,41525,41529,41488,41520,42018.6645833333,42098.6645833333,42218.6645833333,41908.6645833333,41818.6645833333,41649.9464903454,41782.1446784161,-0.0587173813
2026-05-12 18:50:05,MXF1!,5,2026-05-12 18:45:00,41518,41528,41491,41507,42016.146875,42096.146875,42216.146875,41906.146875,41816.146875,41644.340745626,41776.6962689425,-0.0733939536
2026-05-12 18:55:01,MXF1!,5,2026-05-12 18:50:00,41507,41539,41506,41528,42013.9802083333,42093.9802083333,42213.9802083333,41903.9802083333,41813.9802083333,41639.7783634446,41771.7715903496,-0.0503200367
2026-05-12 19:00:03,MXF1!,5,2026-05-12 18:55:00,41525,41549,41519,41533,42012.109375,42092.109375,42212.109375,41902.109375,41812.109375,41635.5909766428,41767.0434400457,-0.0451857782
2026-05-12 19:05:02,MXF1!,5,2026-05-12 19:00:00,41534,41548,41454,41463,42009.6927083333,42089.6927083333,42209.6927083333,41899.6927083333,41809.6927083333,41628.822703049,41761.0227778666,-0.1223018264
2026-05-12 19:10:02,MXF1!,5,2026-05-12 19:05:00,41465,41468,41406,41468,42006.80625,42086.80625,42206.80625,41896.80625,41806.80625,41622.5159303804,41755.2203466217,-0.1169859309
2026-05-12 19:15:01,MXF1!,5,2026-05-12 19:10:00,41468,41545,41450,41453,42003.9354166667,42083.9354166667,42203.9354166667,41893.9354166667,41803.9354166667,41615.8682468361,41749.2357853024,-0.1336482064
2026-05-12 19:20:02,MXF1!,5,2026-05-12 19:15:00,41453,41460,41397,41411,42000.7895833333,42080.7895833333,42200.7895833333,41890.7895833333,41800.7895833333,41607.8341979405,41742.5380469796,-0.1797006023
2026-05-12 19:25:03,MXF1!,5,2026-05-12 19:20:00,41415,41420,41387,41405,41997.478125,42077.478125,42197.478125,41887.478125,41797.478125,41599.8799156684,41735.8541252572,-0.1859657622
2026-05-12 19:30:03,MXF1!,5,2026-05-12 19:25:00,41404,41443,41395,41431,41994.6489583333,42074.6489583333,42194.6489583333,41884.6489583333,41794.6489583333,41593.2571738774,41729.8174099056,-0.1569817567
2026-05-12 19:35:05,MXF1!,5,2026-05-12 19:30:00,41431,41438,41405,41423,41991.759375,42071.759375,42191.759375,41881.759375,41791.759375,41586.5804219607,41723.7418176303,-0.1652279039
2026-05-12 19:40:00,MXF1!,5,2026-05-12 19:35:00,41420,41443,41402,41439,41988.5989583333,42068.5989583333,42188.5989583333,41878.5989583333,41788.5989583333,41580.7929544328,41718.103365796,-0.1470979901
2026-05-12 19:45:02,MXF1!,5,2026-05-12 19:40:00,41441,41448,41419,41433,41985.128125,42065.128125,42185.128125,41875.128125,41785.128125,41574.9971522982,41712.4577545921,-0.1528485053
2026-05-12 19:50:04,MXF1!,5,2026-05-12 19:45:00,41434,41443,41410,41413,41981.546875,42061.546875,42181.546875,41871.546875,41781.546875,41568.6443227963,41706.5278980655,-0.1738589806
2026-05-12 19:55:01,MXF1!,5,2026-05-12 19:50:00,41415,41420,41347,41364,41977.4760416667,42057.4760416667,42177.4760416667,41867.4760416667,41777.4760416667,41560.6190552357,41699.7451674108,-0.2256962025
2026-05-12 20:00:02,MXF1!,5,2026-05-12 19:55:00,41364,41394,41359,41369,41973.3760416667,42053.3760416667,42173.3760416667,41863.3760416667,41773.3760416667,41553.1045824813,41693.1957581551,-0.2182908921
2026-05-12 20:05:01,MXF1!,5,2026-05-12 20:00:00,41370,41370,41318,41320,41968.9010416667,42048.9010416667,42168.9010416667,41858.9010416667,41768.9010416667,41543.9632263056,41685.8057431421,-0.2692192417
2026-05-12 20:10:04,MXF1!,5,2026-05-12 20:05:00,41320,41328,41261,41290,41964.1833333333,42044.1833333333,42164.1833333333,41854.1833333333,41764.1833333333,41534.0038840975,41677.9680056542,-0.2988216998
2026-05-12 20:15:05,MXF1!,5,2026-05-12 20:10:00,41294,41334,41294,41333,41959.6791666667,42039.6791666667,42159.6791666667,41849.6791666667,41759.6791666667,41526.1213788388,41671.1369560373,-0.2500447329
2026-05-12 20:20:01,MXF1!,5,2026-05-12 20:15:00,41332,41344,41291,41301,41955.1177083333,42035.1177083333,42155.1177083333,41845.1177083333,41755.1177083333,41517.2930894726,41663.8075113633,-0.2822349036
2026-05-12 20:25:01,MXF1!,5,2026-05-12 20:20:00,41298,41299,41239,41257,41950.175,42030.175,42150.175,41840.175,41750.175,41507.0855173364,41655.7519170788,-0.3266771317
2026-05-12 20:30:08,MXF1!,5,2026-05-12 20:25:00,41258,41320,41251,41310,41945.14375,42025.14375,42145.14375,41835.14375,41745.14375,41499.3566735193,41648.9053444634,-0.2670772643
2026-05-12 20:35:01,MXF1!,5,2026-05-12 20:30:00,41314,41365,41251,41357,41940.1645833333,42020.1645833333,42140.1645833333,41830.1645833333,41740.1645833333,41493.7740588715,41643.1250406126,-0.2147419614
2026-05-12 20:40:03,MXF1!,5,2026-05-12 20:35:00,41355,41473,41342,41464,41935.8114583333,42015.8114583333,42135.8114583333,41825.8114583333,41735.8114583333,41492.6064487196,41639.5780101055,-0.0993515059
2026-05-12 20:45:01,MXF1!,5,2026-05-12 20:40:00,41466,41491,41387,41406,41931.5104166667,42011.5104166667,42131.5104166667,41821.5104166667,41731.5104166667,41489.2101173973,41634.9527029747,-0.1605891108
2026-05-12 20:50:04,MXF1!,5,2026-05-12 20:45:00,41406,41441,41406,41434,41927.2052083333,42007.2052083333,42127.2052083333,41817.2052083333,41727.2052083333,41487.0450147543,41630.9734415296,-0.1282892836
2026-05-12 20:55:01,MXF1!,5,2026-05-12 20:50:00,41434,41457,41426,41445,41922.8645833333,42002.8645833333,42122.8645833333,41812.8645833333,41722.8645833333,41485.3961906463,41627.2907991231,-0.1144765822
2026-05-12 21:00:11,MXF1!,5,2026-05-12 20:55:00,41447,41447,41403,41412,41918.4489583333,41998.4489583333,42118.4489583333,41808.4489583333,41718.4489583333,41482.5179086601,41623.027614982,-0.1473964127
2026-05-12 21:05:01,MXF1!,5,2026-05-12 21:00:00,41411,41435,41392,41402,41913.9010416667,41993.9010416667,42113.9010416667,41803.9010416667,41713.9010416667,41479.3603436146,41618.650830527,-0.1557917395
2026-05-12 21:10:04,MXF1!,5,2026-05-12 21:05:00,41401,41402,41360,41380,41908.9760416667,41988.9760416667,42108.9760416667,41798.9760416667,41708.9760416667,41475.4638595513,41613.9250715066,-0.1764813627
2026-05-12 21:15:04,MXF1!,5,2026-05-12 21:10:00,41382,41409,41370,41377,41904.0020833333,41984.0020833333,42104.0020833333,41794.0020833333,41704.0020833333,41471.6025317258,41609.2334859322,-0.1769589567
2026-05-12 21:20:01,MXF1!,5,2026-05-12 21:15:00,41375,41378,41318,41350,41898.915625,41978.915625,42098.915625,41788.915625,41698.915625,41466.8338049914,41604.1001495771,-0.2025775342
2026-05-12 21:25:01,MXF1!,5,2026-05-12 21:20:00,41350,41359,41323,41344,41893.9479166667,41973.9479166667,42093.9479166667,41783.9479166667,41693.9479166667,41462.016793031,41598.9496515657,-0.2058887643
2026-05-12 21:30:02,MXF1!,5,2026-05-12 21:25:00,41341,41370,41323,41361,41889.034375,41969.034375,42089.034375,41779.034375,41689.034375,41458.055350167,41594.2377772773,-0.1851807778
2026-05-12 21:55:02,MXF1!,5,2026-05-12 21:50:00,41455,41476,41410,41432,41869.146875,41949.146875,42069.146875,41759.146875,41669.146875,41460.6014700942,41582.6299634915,-0.1024075638
2026-05-12 22:00:08,MXF1!,5,2026-05-12 21:55:00,41430,41433,41251,41295,41864.4822916667,41944.4822916667,42064.4822916667,41754.4822916667,41664.4822916667,41454.1072947964,41576.9343206501,-0.2394561392
2026-05-12 22:05:04,MXF1!,5,2026-05-12 22:00:00,41295,41358,41262,41293,41859.5895833333,41939.5895833333,42059.5895833333,41749.5895833333,41659.5895833333,41447.7893616671,41571.311858855,-0.2377852122
2026-05-12 22:10:05,MXF1!,5,2026-05-12 22:05:00,41294,41343,41285,41333,41854.8041666667,41934.8041666667,42054.8041666667,41744.8041666667,41654.8041666667,41443.2878180723,41566.592812145,-0.1938710978
2026-05-12 22:15:04,MXF1!,5,2026-05-12 22:10:00,41337,41383,41291,41366,41850.2041666667,41930.2041666667,42050.2041666667,41740.2041666667,41650.2041666667,41440.2569232459,41562.6206772511,-0.1575307894
2026-05-12 22:20:05,MXF1!,5,2026-05-12 22:15:00,41365,41383,41294,41342,41845.646875,41925.646875,42045.646875,41735.646875,41645.646875,41436.4037105696,41558.2519509689,-0.1787650771
2026-05-12 22:25:03,MXF1!,5,2026-05-12 22:20:00,41342,41353,41265,41280,41840.7333333333,41920.7333333333,42040.7333333333,41730.7333333333,41640.7333333333,41430.2702317238,41552.7420113457,-0.2373780924
2026-05-12 22:30:04,MXF1!,5,2026-05-12 22:25:00,41283,41308,41157,41196,41835.2145833333,41915.2145833333,42035.2145833333,41725.2145833333,41635.2145833333,41421.083163813,41545.6778131013,-0.3164937414
2026-05-12 22:35:01,MXF1!,5,2026-05-12 22:30:00,41196,41197,41074,41123,41829.2208333333,41909.2208333333,42029.2208333333,41719.2208333333,41629.2208333333,41409.3936279772,41537.3079554161,-0.3828635567
2026-05-12 22:40:03,MXF1!,5,2026-05-12 22:35:00,41120,41217,41083,41204,41823.2291666667,41903.2291666667,42023.2291666667,41713.2291666667,41623.2291666667,41401.3389758997,41530.7077978831,-0.2975110079
2026-05-12 22:45:04,MXF1!,5,2026-05-12 22:40:00,41205,41256,41164,41185,41817.490625,41897.490625,42017.490625,41707.490625,41617.490625,41392.8550944918,41523.8620989151,-0.3110675603
2026-05-12 22:50:04,MXF1!,5,2026-05-12 22:45:00,41186,41194,41086,41101,41811.4072916667,41891.4072916667,42011.4072916667,41701.4072916667,41611.4072916667,41381.4097966686,41515.4885920059,-0.3867584976
2026-05-12 22:55:01,MXF1!,5,2026-05-12 22:50:00,41095,41140,41035,41098,41805.1302083333,41885.1302083333,42005.1302083333,41695.1302083333,41605.1302083333,41370.2956869954,41507.2214911741,-0.3830468788
2026-05-12 23:00:17,MXF1!,5,2026-05-12 22:55:00,41099,41110,41021,41045,41798.7677083333,41878.7677083333,41998.7677083333,41688.7677083333,41598.7677083333,41357.5389933877,41498.0685903588,-0.4267735091
2026-05-12 23:05:01,MXF1!,5,2026-05-12 23:00:00,41044,41082,41012,41036,41792.2614583333,41872.2614583333,41992.2614583333,41682.2614583333,41592.2614583333,41344.929621098,41488.9187172824,-0.4277602659
2026-05-12 23:10:02,MXF1!,5,2026-05-12 23:05:00,41040,41080,41010,41053,41785.6666666667,41865.6666666667,41985.6666666667,41675.6666666667,41585.6666666667,41333.4814006628,41480.2866634748,-0.4043748685
2026-05-12 23:15:02,MXF1!,5,2026-05-12 23:10:00,41055,41058,40973,40976,41778.8104166667,41858.8104166667,41978.8104166667,41668.8104166667,41578.8104166667,41319.4625222054,41470.3007889505,-0.4687259356
2026-05-12 23:20:02,MXF1!,5,2026-05-12 23:15:00,40975,40989,40893,40943,41771.61875,41851.61875,41971.61875,41661.61875,41571.61875,41304.6992860405,41459.8591891693,-0.4905850214
2026-05-12 23:25:00,MXF1!,5,2026-05-12 23:20:00,40943,40945,40820,40839,41764.1520833333,41844.1520833333,41964.1520833333,41654.1520833333,41564.1520833333,41286.4365689409,41447.5649477997,-0.5760372778
2026-05-12 23:30:15,MXF1!,5,2026-05-12 23:25:00,40840,40886,40816,40864,41756.5020833333,41836.5020833333,41956.5020833333,41646.5020833333,41556.5020833333,41269.8704289824,41436.0092062591,-0.5423500717
2026-05-12 23:35:02,MXF1!,5,2026-05-12 23:30:00,40865,40946,40862,40938,41749.1385416667,41829.1385416667,41949.1385416667,41639.1385416667,41549.1385416667,41256.8559023556,41426.1476378183,-0.4660414405
2026-05-12 23:40:04,MXF1!,5,2026-05-12 23:35:00,40936,40966,40892,40937,41741.9385416667,41821.9385416667,41941.9385416667,41631.9385416667,41541.9385416667,41244.3125336358,41416.4615459803,-0.4588354719
2026-05-12 23:45:02,MXF1!,5,2026-05-12 23:40:00,40940,40955,40889,40927,41734.7927083333,41814.7927083333,41934.7927083333,41624.7927083333,41534.7927083333,41231.8689048658,41406.7692381391,-0.4597339548
2026-05-12 23:50:01,MXF1!,5,2026-05-12 23:45:00,40928,40958,40882,40899,41727.56875,41807.56875,41927.56875,41617.56875,41527.56875,41218.815222322,41396.7144017403,-0.4761249677
2026-05-12 23:55:01,MXF1!,5,2026-05-12 23:50:00,40898,40923,40860,40868,41720.2260416667,41800.2260416667,41920.2260416667,41610.2260416667,41520.2260416667,41205.0577626231,41386.2448096267,-0.4945746474
2026-05-13 00:00:07,MXF1!,5,2026-05-12 23:55:00,40867,40887,40805,40831,41712.7666666667,41792.7666666667,41912.7666666667,41602.7666666667,41512.7666666667,41190.3888307555,41375.2498629014,-0.5175474884
2026-05-13 00:05:01,MXF1!,5,2026-05-13 00:00:00,40828,40933,40782,40903,41705.5697916667,41785.5697916667,41905.5697916667,41595.5697916667,41505.5697916667,41179.1186805298,41365.8983804677,-0.4468599972
2026-05-13 00:10:03,MXF1!,5,2026-05-13 00:05:00,40904,40927,40868,40890,41698.2822916667,41778.2822916667,41898.2822916667,41588.2822916667,41498.2822916667,41167.7806930581,41356.4746501614,-0.4504091874
2026-05-13 00:15:03,MXF1!,5,2026-05-13 00:10:00,40887,40960,40877,40947,41691.153125,41771.153125,41891.153125,41581.153125,41491.153125,41159.1226266637,41348.3662412473,-0.3948672421
2026-05-13 00:20:03,MXF1!,5,2026-05-13 00:15:00,40946,40955,40896,40899,41684.0947916667,41764.0947916667,41884.0947916667,41574.0947916667,41484.0947916667,41148.9217393435,41339.4678998365,-0.4285834686
2026-05-13 00:25:03,MXF1!,5,2026-05-13 00:20:00,40896,40922,40845,40877,41676.9010416667,41756.9010416667,41876.9010416667,41566.9010416667,41476.9010416667,41138.2581417222,41330.3101196417,-0.439649001
2026-05-13 00:30:05,MXF1!,5,2026-05-13 00:25:00,40875,40876,40817,40839,41669.61875,41749.61875,41869.61875,41559.61875,41469.61875,41126.5225283213,41320.5812063815,-0.4635349293
2026-05-13 00:35:01,MXF1!,5,2026-05-13 00:30:00,40831,40847,40794,40804,41662.1229166667,41742.1229166667,41862.1229166667,41552.1229166667,41462.1229166667,41113.8745860342,41310.351875562,-0.4841303277
2026-05-13 00:40:05,MXF1!,5,2026-05-13 00:35:00,40802,40864,40801,40821,41654.7197916667,41734.7197916667,41854.7197916667,41544.7197916667,41454.7197916667,41102.3893081505,41300.6617394123,-0.461960097
2026-05-13 00:45:02,MXF1!,5,2026-05-13 00:40:00,40820,40832,40756,40800,41647.025,41727.025,41847.025,41537.025,41447.025,41090.5309039093,41290.7476455625,-0.4708875206
2026-05-13 00:50:04,MXF1!,5,2026-05-13 00:45:00,40799,40820,40752,40779,41639.1989583333,41719.1989583333,41839.1989583333,41529.1989583333,41439.1989583333,41078.3140057168,41280.6140288187,-0.4795904599
2026-05-13 00:55:01,MXF1!,5,2026-05-13 00:50:00,40777,40796,40738,40757,41631.2645833333,41711.2645833333,41831.2645833333,41521.2645833333,41431.2645833333,41065.713456473,41270.2454341886,-0.4887093405
2026-05-13 01:00:19,MXF1!,5,2026-05-13 00:55:00,40756,40779,40738,40753,41623.3375,41703.3375,41823.3375,41513.3375,41423.3375,41053.4501836701,41260.0029503433,-0.4834139982
2026-05-13 01:05:02,MXF1!,5,2026-05-13 01:00:00,40756,40842,40756,40831,41615.7020833333,41695.7020833333,41815.7020833333,41505.7020833333,41415.7020833333,41044.7266470556,41251.5078424157,-0.4144298063
2026-05-13 01:10:05,MXF1!,5,2026-05-13 01:05:00,40831,40886,40830,40835,41608.3229166667,41688.3229166667,41808.3229166667,41498.3229166667,41408.3229166667,41036.5020726613,41243.2601623679,-0.4045801346
2026-05-13 01:15:07,MXF1!,5,2026-05-13 01:10:00,40834,40926,40827,40906,41601.1552083333,41681.1552083333,41801.1552083333,41491.1552083333,41401.1552083333,41031.3843443216,41236.5817433111,-0.3431274825
2026-05-13 01:20:04,MXF1!,5,2026-05-13 01:15:00,40908,40966,40904,40934,41594.1375,41674.1375,41794.1375,41484.1375,41394.1375,41027.5653504267,41230.5900256218,-0.3162349139
2026-05-13 01:25:04,MXF1!,5,2026-05-13 01:20:00,40938,40963,40885,40894,41587.103125,41667.103125,41787.103125,41477.103125,41387.103125,41022.3274935472,41223.9248765996,-0.3419399775
2026-05-13 01:30:03,MXF1!,5,2026-05-13 01:25:00,40897,40902,40821,40847,41579.7416666667,41659.7416666667,41779.7416666667,41469.7416666667,41379.7416666667,41015.4519055649,41216.461017657,-0.3720393931
2026-05-13 01:35:01,MXF1!,5,2026-05-13 01:30:00,40846,40896,40833,40885,41572.4135416667,41652.4135416667,41772.4135416667,41462.4135416667,41372.4135416667,41010.3361445624,41209.8974331489,-0.3371254233
2026-05-13 01:40:04,MXF1!,5,2026-05-13 01:35:00,40885,40890,40831,40869,41565.05625,41645.05625,41765.05625,41455.05625,41365.05625,41004.793550658,41203.1469889282,-0.3435603745
2026-05-13 01:45:04,MXF1!,5,2026-05-13 01:40:00,40870,40894,40868,40871,41557.7875,41637.7875,41757.7875,41447.7875,41357.7875,40999.5467447498,41196.5698208306,-0.3363332478
2026-05-13 01:50:03,MXF1!,5,2026-05-13 01:45:00,40873,40898,40858,40885,41550.5583333333,41630.5583333333,41750.5583333333,41440.5583333333,41350.5583333333,40995.054715544,41190.4001214082,-0.3203247884
2026-05-13 01:55:01,MXF1!,5,2026-05-13 01:50:00,40888,40897,40850,40897,41543.309375,41623.309375,41743.309375,41433.309375,41343.309375,40991.2094325814,41184.590218014,-0.3061259766
2026-05-13 02:00:04,MXF1!,5,2026-05-13 01:55:00,40898,40908,40872,40906,41536.1052083333,41616.1052083333,41736.1052083333,41426.1052083333,41336.1052083333,40987.8678862057,41179.0735800335,-0.2946142097
2026-05-13 02:05:05,MXF1!,5,2026-05-13 02:00:00,40905,40943,40891,40925,41529.3666666667,41609.3666666667,41729.3666666667,41419.3666666667,41329.3666666667,40985.4024789035,41174.0424200328,-0.2759614182
2026-05-13 02:10:05,MXF1!,5,2026-05-13 02:05:00,40928,40934,40887,40906,41522.5583333333,41602.5583333333,41722.5583333333,41412.5583333333,41322.5583333333,40982.2886562014,41168.7346493391,-0.2854221999
2026-05-13 02:15:06,MXF1!,5,2026-05-13 02:10:00,40912,40934,40891,40931,41515.8947916667,41595.8947916667,41715.8947916667,41405.8947916667,41315.8947916667,40980.2773363504,41164.0270325205,-0.2628791629
2026-05-13 02:20:01,MXF1!,5,2026-05-13 02:15:00,40932,40942,40917,40928,41508.7864583333,41588.7864583333,41708.7864583333,41398.7864583333,41308.7864583333,40978.2272447288,41159.3532298963,-0.2609519191
2026-05-13 02:25:05,MXF1!,5,2026-05-13 02:20:00,40927,40939,40920,40928,41501.675,41581.675,41701.675,41391.675,41301.675,40976.2575488571,41154.7719778192,-0.2569286153
2026-05-13 02:30:01,MXF1!,5,2026-05-13 02:25:00,40935,41020,40935,41002,41494.9572916667,41574.9572916667,41694.9572916667,41384.9572916667,41294.9572916667,40977.267056745,41151.7467901396,-0.1996845411
2026-05-13 02:35:03,MXF1!,5,2026-05-13 02:30:00,41002,41020,40990,41000,41489.1708333333,41569.1708333333,41689.1708333333,41379.1708333333,41289.1708333333,40978.1585447158,41148.7419032061,-0.197687106
2026-05-13 02:40:06,MXF1!,5,2026-05-13 02:35:00,40999,41035,40984,41013,41483.43125,41563.43125,41683.43125,41373.43125,41283.43125,40979.5248762956,41146.0539447268,-0.184970837
2026-05-13 02:45:05,MXF1!,5,2026-05-13 02:40:00,41014,41049,41011,41029,41478.3979166667,41558.3979166667,41678.3979166667,41368.3979166667,41278.3979166667,40981.4650772252,41143.7360448312,-0.1703005164
2026-05-13 02:50:05,MXF1!,5,2026-05-13 02:45:00,41027,41029,40991,41020,41473.7427083333,41553.7427083333,41673.7427083333,41363.7427083333,41273.7427083333,40982.9762506673,41141.2858261217,-0.1735303326
2026-05-13 02:55:04,MXF1!,5,2026-05-13 02:50:00,41021,41040,41010,41030,41469.946875,41549.946875,41669.946875,41359.946875,41269.946875,40984.8203192686,41139.0821463965,-0.1633235888
2026-05-13 03:00:04,MXF1!,5,2026-05-13 02:55:00,41026,41080,40995,41011,41466.371875,41546.371875,41666.371875,41356.371875,41266.371875,40985.8469734149,41136.5458662699,-0.1736068516
2026-05-13 03:05:05,MXF1!,5,2026-05-13 03:00:00,41011,41042,41011,41040,41462.165625,41542.165625,41662.165625,41352.165625,41262.165625,40987.9706215163,41134.6340669378,-0.150138493
2026-05-13 03:10:06,MXF1!,5,2026-05-13 03:05:00,41040,41068,41022,41048,41458.0552083333,41538.0552083333,41658.0552083333,41348.0552083333,41258.0552083333,40990.3247147902,41132.9185408598,-0.1416529118
2026-05-13 03:15:05,MXF1!,5,2026-05-13 03:10:00,41052,41118,41052,41099,41454.325,41534.325,41654.325,41344.325,41254.325,40994.5864906808,41132.2468865854,-0.1033113601
2026-05-13 03:20:02,MXF1!,5,2026-05-13 03:15:00,41104,41121,41096,41100,41450.6833333333,41530.6833333333,41650.6833333333,41340.6833333333,41250.6833333333,40998.7203537913,41131.6083343757,-0.1001606227
2026-05-13 03:25:02,MXF1!,5,2026-05-13 03:20:00,41104,41107,41065,41091,41446.6885416667,41526.6885416667,41646.6885416667,41336.6885416667,41246.6885416667,41002.3391634466,41130.8042089426,-0.1039397046
2026-05-13 03:30:13,MXF1!,5,2026-05-13 03:25:00,41090,41108,41088,41096,41442.2,41522.2,41642.2,41332.2,41242.2,41006.0121374291,41130.1150166863,-0.0980001533
2026-05-13 03:35:01,MXF1!,5,2026-05-13 03:30:00,41098,41158,41095,41149,41438.1989583333,41518.1989583333,41638.1989583333,41328.1989583333,41238.1989583333,41011.6195045887,41130.4889767519,-0.0591159128
2026-05-13 03:40:02,MXF1!,5,2026-05-13 03:35:00,41148,41157,41132,41141,41434.1114583333,41514.1114583333,41634.1114583333,41324.1114583333,41234.1114583333,41016.6932495068,41130.6971158261,-0.0625872986
2026-05-13 03:45:01,MXF1!,5,2026-05-13 03:40:00,41142,41166,41137,41159,41429.9677083333,41509.9677083333,41629.9677083333,41319.9677083333,41229.9677083333,41022.2739063889,41131.2575689781,-0.0482034452
2026-05-13 03:50:02,MXF1!,5,2026-05-13 03:45:00,41160,41163,41128,41148,41425.9697916667,41505.9697916667,41625.9697916667,41315.9697916667,41225.9697916667,41027.2043414325,41131.5891022656,-0.053782351
2026-05-13 03:55:01,MXF1!,5,2026-05-13 03:50:00,41151,41184,41149,41155,41422.1833333333,41502.1833333333,41622.1833333333,41312.1833333333,41222.1833333333,41032.2159358861,41132.052684399,-0.0470380998
2026-05-13 04:00:05,MXF1!,5,2026-05-13 03:55:00,41155,41171,41145,41169,41418.30625,41498.30625,41618.30625,41308.30625,41218.30625,41037.5800168317,41132.7843144109,-0.0355702895
2026-05-13 04:05:01,MXF1!,5,2026-05-13 04:00:00,41164,41169,41117,41121,41414.0291666667,41494.0291666667,41614.0291666667,41304.0291666667,41214.0291666667,41040.8513887207,41132.5509616503,-0.0662675612
2026-05-13 04:10:02,MXF1!,5,2026-05-13 04:05:00,41121,41123,41067,41096,41409.0479166667,41489.0479166667,41609.0479166667,41299.0479166667,41209.0479166667,41043.0140793591,41131.8271802314,-0.081025656
2026-05-13 04:15:07,MXF1!,5,2026-05-13 04:10:00,41096,41132,41093,41126,41404.2541666667,41484.2541666667,41604.2541666667,41294.2541666667,41204.2541666667,41046.2684291881,41131.7117905239,-0.058536435
2026-05-13 04:20:02,MXF1!,5,2026-05-13 04:15:00,41128,41146,41125,41132,41399.5166666667,41479.5166666667,41599.5166666667,41289.5166666667,41199.5166666667,41049.6304515729,41131.7174976422,-0.0524325736
2026-05-13 04:25:00,MXF1!,5,2026-05-13 04:20:00,41134,41136,41108,41126,41394.5583333333,41474.5583333333,41594.5583333333,41284.5583333333,41194.5583333333,41052.625335825,41131.6042798671,-0.0544525386
2026-05-13 04:30:06,MXF1!,5,2026-05-13 04:25:00,41124,41127,41108,41127,41389.3677083333,41469.3677083333,41589.3677083333,41279.3677083333,41189.3677083333,41055.541989322,41131.5131060084,-0.0517538174
2026-05-13 04:35:00,MXF1!,5,2026-05-13 04:30:00,41125,41127,41116,41122,41384.3885416667,41464.3885416667,41584.3885416667,41274.3885416667,41184.3885416667,41058.1481858192,41131.3247276716,-0.0530900499
2026-05-13 04:40:02,MXF1!,5,2026-05-13 04:35:00,41121,41163,41120,41155,41379.521875,41459.521875,41579.521875,41269.521875,41179.521875,41061.9462961792,41131.7935449454,-0.029099352
2026-05-13 04:45:01,MXF1!,5,2026-05-13 04:40:00,41156,41164,41152,41160,41374.70625,41454.70625,41574.70625,41264.70625,41174.70625,41065.7915394663,41132.3520886099,-0.0239852275
2026-05-13 04:50:00,MXF1!,5,2026-05-13 04:45:00,41160,41172,41143,41145,41369.7177083333,41449.7177083333,41569.7177083333,41259.7177083333,41169.7177083333,41068.8977536049,41132.6025423008,-0.0322087677
2026-05-13 04:55:01,MXF1!,5,2026-05-13 04:50:00,41144,41160,41144,41152,41364.7083333333,41444.7083333333,41564.7083333333,41254.7083333333,41164.7083333333,41072.1566652282,41132.986650374,-0.0257627116
2026-05-13 05:01:00,MXF1!,5,2026-05-13 04:55:00,41151,41154,41134,41136,41359.528125,41439.528125,41559.528125,41249.528125,41159.528125,41074.6603254154,41133.0463206636,-0.0345477188
2026-05-13 08:49:58,MXF1!,5,2026-05-13 08:45:00,41213,41268,41036,41057,41354.240625,41434.240625,41554.240625,41244.240625,41154.240625,41073.9677636344,41131.5404529277,-0.0846797701
2026-05-13 08:54:58,MXF1!,5,2026-05-13 08:50:00,41057,41163,40980,41161,41348.9052083333,41428.9052083333,41548.9052083333,41238.9052083333,41148.9052083333,41077.3807925114,41132.1238102955,-0.0141090225
2026-05-13 08:59:59,MXF1!,5,2026-05-13 08:55:00,41163,41245,41139,41216,41344.240625,41424.240625,41544.240625,41234.240625,41144.240625,41082.8168398639,41133.7847249431,0.023668523
2026-05-13 09:04:58,MXF1!,5,2026-05-13 09:00:00,41217,41325,41164,41322,41339.571875,41419.571875,41539.571875,41229.571875,41139.571875,41092.196571634,41137.5117600927,0.0945883038
2026-05-13 09:09:59,MXF1!,5,2026-05-13 09:05:00,41319,41345,41216,41315,41334.734375,41414.734375,41534.734375,41224.734375,41134.734375,41100.9339609817,41141.0263787048,0.0910190068
2026-05-13 09:14:58,MXF1!,5,2026-05-13 09:10:00,41312,41374,41290,41326,41330.5052083333,41410.5052083333,41530.5052083333,41220.5052083333,41130.5052083333,41109.7600801589,41144.6892226908,0.0992525247
2026-05-13 09:19:58,MXF1!,5,2026-05-13 09:15:00,41327,41343,41197,41259,41325.7302083333,41405.7302083333,41525.7302083333,41215.7302083333,41125.7302083333,41115.612626035,41146.9528024395,0.056485428
2026-05-13 09:24:58,MXF1!,5,2026-05-13 09:20:00,41255,41284,41155,41171,41320.6385416667,41400.6385416667,41520.6385416667,41210.6385416667,41120.6385416667,41117.784679916,41147.4289845694,0.000401733
2026-05-13 09:29:59,MXF1!,5,2026-05-13 09:25:00,41170,41340,41141,41340,41315.6625,41395.6625,41515.6625,41205.6625,41115.6625,41126.4990061938,41151.2422720037,0.1119197481
2026-05-13 09:34:58,MXF1!,5,2026-05-13 09:30:00,41337,41441,41332,41417,41311.5302083333,41391.5302083333,41511.5302083333,41201.5302083333,41111.5302083333,41137.8912020293,41156.5048012709,0.162953536
2026-05-13 09:39:58,MXF1!,5,2026-05-13 09:35:00,41417,41449,41356,41382,41307.3364583333,41387.3364583333,41507.3364583333,41197.3364583333,41107.3364583333,41147.4640960674,41160.9700527309,0.1409087479
2026-05-13 09:44:58,MXF1!,5,2026-05-13 09:40:00,41382,41428,41314,41356,41302.9479166667,41382.9479166667,41502.9479166667,41192.9479166667,41102.9479166667,41155.641974653,41164.8320318848,0.1248380656
2026-05-13 09:49:58,MXF1!,5,2026-05-13 09:45:00,41354,41495,41344,41488,41298.7541666667,41378.7541666667,41498.7541666667,41188.7541666667,41098.7541666667,41168.6756227058,41171.23139759,0.211402011
2026-05-13 09:54:59,MXF1!,5,2026-05-13 09:50:00,41490,41539,41431,41446,41295.353125,41375.353125,41495.353125,41185.353125,41095.353125,41179.551088482,41176.672360014,0.184709902
2026-05-13 09:59:59,MXF1!,5,2026-05-13 09:55:00,41441,41478,41355,41473,41291.896875,41371.896875,41491.896875,41181.896875,41091.896875,41191.0588889337,41182.5402340731,0.2028843868
2026-05-13 10:04:58,MXF1!,5,2026-05-13 10:00:00,41471,41516,41432,41438,41288.821875,41368.821875,41488.821875,41178.821875,41088.821875,41200.7428540736,41187.5988432994,0.180815608
2026-05-13 10:09:58,MXF1!,5,2026-05-13 10:05:00,41432,41432,41328,41335,41285.0166666667,41365.0166666667,41485.0166666667,41175.0166666667,41085.0166666667,41206.0078401883,41190.5176780855,0.1148590268
2026-05-13 10:15:01,MXF1!,5,2026-05-13 10:10:00,41334,41344,41268,41300,41281.0375,41361.0375,41481.0375,41171.0375,41081.0375,41209.6938072398,41192.6856448561,0.0932128558
2026-05-13 10:19:59,MXF1!,5,2026-05-13 10:15:00,41300,41355,41275,41313,41277.33125,41357.33125,41477.33125,41167.33125,41077.33125,41213.7450304853,41195.0681073342,0.1026563456
2026-05-13 10:24:59,MXF1!,5,2026-05-13 10:20:00,41315,41345,41256,41308,41273.6802083333,41353.6802083333,41473.6802083333,41163.6802083333,41073.6802083333,41217.4413037996,41197.3043824365,0.100448156
2026-05-13 10:29:58,MXF1!,5,2026-05-13 10:25:00,41311,41393,41291,41389,41270.4895833333,41350.4895833333,41470.4895833333,41160.4895833333,41070.4895833333,41224.1690958074,41201.1003352595,0.1536116073
2026-05-13 10:34:59,MXF1!,5,2026-05-13 10:30:00,41390,41412,41360,41378,41268.15625,41348.15625,41468.15625,41158.15625,41068.15625,41230.2016802856,41204.6032989178,0.1473242915
2026-05-13 10:39:58,MXF1!,5,2026-05-13 10:35:00,41382,41392,41303,41308,41265.6822916667,41345.6822916667,41465.6822916667,41155.6822916667,41065.6822916667,41233.2525947842,41206.6507583451,0.1031628086
2026-05-13 10:45:01,MXF1!,5,2026-05-13 10:40:00,41304,41306,41195,41215,41263.1145833333,41343.1145833333,41463.1145833333,41153.1145833333,41063.1145833333,41232.5368067534,41206.8160898631,0.0445476665
2026-05-13 10:50:00,MXF1!,5,2026-05-13 10:45:00,41220,41257,41188,41222,41261.2166666667,41341.2166666667,41461.2166666667,41151.2166666667,41061.2166666667,41232.1235986454,41207.1167613509,0.0503533644
2026-05-13 10:54:58,MXF1!,5,2026-05-13 10:50:00,41225,41243,41179,41215,41259.5177083333,41339.5177083333,41459.5177083333,41149.5177083333,41059.5177083333,41231.4520849731,41207.2728650865,0.0471732883
2026-05-13 10:59:59,MXF1!,5,2026-05-13 10:55:00,41216,41270,41195,41195,41257.7895833333,41337.7895833333,41457.7895833333,41147.7895833333,41057.7895833333,41230.0225914447,41207.0298380551,0.0357255216
2026-05-13 11:04:59,MXF1!,5,2026-05-13 11:00:00,41195,41230,41170,41185,41255.5864583333,41335.5864583333,41455.5864583333,41145.5864583333,41055.5864583333,41228.2569996234,41206.5936036382,0.0307321832
2026-05-13 11:09:59,MXF1!,5,2026-05-13 11:05:00,41189,41203,41166,41198,41253.01875,41333.01875,41453.01875,41143.01875,41053.01875,41227.0704506185,41206.4234332691,0.040405205
2026-05-13 11:14:59,MXF1!,5,2026-05-13 11:10:00,41197,41236,41170,41223,41250.771875,41330.771875,41450.771875,41140.771875,41050.771875,41226.9108251041,41206.7516821153,0.0576306961
2026-05-13 11:19:58,MXF1!,5,2026-05-13 11:15:00,41225,41332,41216,41315,41248.9927083333,41328.9927083333,41448.9927083333,41138.9927083333,41048.9927083333,41230.365302551,41208.8952131625,0.1172691507
2026-05-13 11:24:58,MXF1!,5,2026-05-13 11:20:00,41312,41355,41310,41345,41247.3489583333,41327.3489583333,41447.3489583333,41137.3489583333,41047.3489583333,41234.8607808823,41211.5903574563,0.1372541673
2026-05-13 11:30:01,MXF1!,5,2026-05-13 11:25:00,41346,41400,41336,41388,41246,41326,41446,41136,41046,41240.8662404555,41215.0836177047,0.165391403
2026-05-13 11:34:58,MXF1!,5,2026-05-13 11:30:00,41385,41445,41371,41443,41244.9770833333,41324.9770833333,41444.9770833333,41134.9770833333,41044.9770833333,41248.7930545553,41219.5968133937,0.2010299565
2026-05-13 11:39:58,MXF1!,5,2026-05-13 11:35:00,41443,41494,41436,41481,41244.1833333333,41324.1833333333,41444.1833333333,41134.1833333333,41044.1833333333,41257.8992092786,41224.7731141186,0.2257688936
2026-05-13 11:44:58,MXF1!,5,2026-05-13 11:40:00,41483,41556,41470,41552,41243.7125,41323.7125,41443.7125,41133.7125,41043.7125,41269.4325736207,41231.2528544331,0.2713735792
2026-05-13 11:49:59,MXF1!,5,2026-05-13 11:45:00,41554,41562,41467,41475,41243.2739583333,41323.2739583333,41443.2739583333,41133.2739583333,41043.2739583333,41277.4940413218,41236.0795305829,0.2230101492
2026-05-13 11:54:58,MXF1!,5,2026-05-13 11:50:00,41477,41489,41438,41440,41242.7604166667,41322.7604166667,41442.7604166667,41132.7604166667,41042.7604166667,41283.8668240151,41240.1175596803,0.2014106145
2026-05-13 11:59:59,MXF1!,5,2026-05-13 11:55:00,41443,41463,41406,41416,41242.08125,41322.08125,41442.08125,41132.08125,41042.08125,41289.0485171909,41243.6003802807,0.1868493702
2026-05-13 12:04:59,MXF1!,5,2026-05-13 12:00:00,41413,41454,41396,41426,41241.353125,41321.353125,41441.353125,41131.353125,41041.353125,41294.4191635756,41247.2122539385,0.1938636355
2026-05-13 12:09:58,MXF1!,5,2026-05-13 12:05:00,41426,41454,41406,41444,41240.453125,41320.453125,41440.453125,41130.453125,41040.453125,41300.2850787295,41251.1090409892,0.2059179984
2026-05-13 12:15:00,MXF1!,5,2026-05-13 12:10:00,41445,41460,41414,41425,41239.5270833333,41319.5270833333,41439.5270833333,41129.5270833333,41039.5270833333,41305.1758599558,41254.5524263161,0.1945207117
2026-05-13 12:19:58,MXF1!,5,2026-05-13 12:15:00,41428,41444,41358,41377,41238.4010416667,41318.4010416667,41438.4010416667,41128.4010416667,41038.4010416667,41307.9924928987,41256.9771307455,0.1648225311
2026-05-13 12:24:58,MXF1!,5,2026-05-13 12:20:00,41375,41406,41373,41393,41237.284375,41317.284375,41437.284375,41127.284375,41037.284375,41311.3261206282,41259.670652909,0.1756849789
2026-05-13 12:29:58,MXF1!,5,2026-05-13 12:25:00,41394,41444,41393,41432,41236.440625,41316.440625,41436.440625,41126.440625,41036.440625,41316.0584296231,41263.0831152276,0.2010480605
2026-05-13 12:34:58,MXF1!,5,2026-05-13 12:30:00,41430,41477,41428,41430,41235.7552083333,41315.7552083333,41435.7552083333,41125.7552083333,41035.7552083333,41320.5267265007,41266.3884000746,0.2004220978
2026-05-13 12:39:58,MXF1!,5,2026-05-13 12:35:00,41431,41434,41387,41405,41234.8864583333,41314.8864583333,41434.8864583333,41124.8864583333,41034.8864583333,41323.8394038928,41269.1331842315,0.185261152
2026-05-13 12:44:59,MXF1!,5,2026-05-13 12:40:00,41408,41419,41376,41390,41234.0260416667,41314.0260416667,41434.0260416667,41124.0260416667,41034.0260416667,41326.4339370735,41271.526586524,0.1764747105
2026-05-13 12:50:00,MXF1!,5,2026-05-13 12:45:00,41390,41432,41387,41429,41233.2427083333,41313.2427083333,41433.2427083333,41123.2427083333,41033.2427083333,41330.4561356196,41274.6448719393,0.2017824284
2026-05-13 12:55:00,MXF1!,5,2026-05-13 12:50:00,41426,41458,41403,41457,41232.75,41312.75,41432.75,41122.75,41032.75,41335.4186401051,41278.2558645742,0.2200775117
2026-05-13 13:00:01,MXF1!,5,2026-05-13 12:55:00,41455,41473,41434,41445,41232.2635416667,41312.2635416667,41432.2635416667,41122.2635416667,41032.2635416667,41339.7159483363,41281.557728642,0.2130758066
2026-05-13 13:05:00,MXF1!,5,2026-05-13 13:00:00,41445,41507,41381,41507,41231.696875,41311.696875,41431.696875,41121.696875,41031.696875,41346.2761072251,41286.0219320353,0.2527375975
2026-05-13 13:10:00,MXF1!,5,2026-05-13 13:05:00,41507,41545,41501,41506,41231.5333333333,41311.5333333333,41431.5333333333,41121.5333333333,41031.5333333333,41352.5397892947,41290.3779333811,0.2525992629
2026-05-13 13:15:00,MXF1!,5,2026-05-13 13:10:00,41506,41582,41497,41578,41231.5395833333,41311.5395833333,41431.5395833333,41121.5395833333,41031.5395833333,41361.3813661851,41296.0734198488,0.2984959803
2026-05-13 13:20:00,MXF1!,5,2026-05-13 13:15:00,41576,41604,41563,41575,41231.4947916667,41311.4947916667,41431.4947916667,41121.4947916667,41031.4947916667,41369.7585675111,41301.5967184657,0.2970098376
2026-05-13 13:25:00,MXF1!,5,2026-05-13 13:20:00,41572,41595,41560,41578,41231.4177083333,41311.4177083333,41431.4177083333,41121.4177083333,41031.4177083333,41377.924898197,41307.0700507733,0.2993070032
2026-05-13 13:30:02,MXF1!,5,2026-05-13 13:25:00,41579,41583,41459,41472,41230.790625,41310.790625,41430.790625,41120.790625,41030.790625,41381.6141178755,41310.3359903619,0.2329147784
2026-05-13 13:35:01,MXF1!,5,2026-05-13 13:30:00,41473,41491,41421,41463,41230.16875,41310.16875,41430.16875,41120.16875,41030.16875,41384.8057210961,41313.3590400577,0.2278050428
2026-05-13 13:40:01,MXF1!,5,2026-05-13 13:35:00,41465,41517,41454,41510,41229.75625,41309.75625,41429.75625,41119.75625,41029.75625,41389.715300661,41317.2529204526,0.2579688899
2026-05-13 13:46:00,MXF1!,5,2026-05-13 13:40:00,41507,41520,41433,41483,41229.3822916667,41309.3822916667,41429.3822916667,41119.3822916667,41029.3822916667,41393.3735241645,41320.5350408397,0.2414448416
2026-05-13 15:05:02,MXF1!,5,2026-05-13 15:00:00,41510,41514,41460,41503,41228.9854166667,41308.9854166667,41428.9854166667,41118.9854166667,41028.9854166667,41397.6726016482,41324.1482083478,0.254577501
2026-05-13 15:10:02,MXF1!,5,2026-05-13 15:05:00,41505,41506,41433,41439,41228.4729166667,41308.4729166667,41428.4729166667,41118.4729166667,41028.4729166667,41399.2932839365,41326.4225012518,0.2147448594
2026-05-13 15:15:01,MXF1!,5,2026-05-13 15:10:00,41437,41437,41378,41424,41227.5229166667,41307.5229166667,41427.5229166667,41117.5229166667,41027.5229166667,41400.2621747625,41328.3547289498,0.2058881873
2026-05-13 15:20:03,MXF1!,5,2026-05-13 15:15:00,41422,41440,41394,41408,41226.7270833333,41306.7270833333,41426.7270833333,41116.7270833333,41026.7270833333,41400.5656188895,41329.93186303,0.1964229705
2026-05-13 15:25:01,MXF1!,5,2026-05-13 15:20:00,41408,41429,41408,41415,41225.9854166667,41305.9854166667,41425.9854166667,41115.9854166667,41025.9854166667,41401.1316730507,41331.6163805938,0.2014855558
2026-05-13 15:30:01,MXF1!,5,2026-05-13 15:25:00,41417,41433,41404,41424,41225.3479166667,41305.3479166667,41425.3479166667,41115.3479166667,41025.3479166667,41402.028470186,41333.4457591959,0.2077889048
2026-05-13 15:35:05,MXF1!,5,2026-05-13 15:30:00,41422,41445,41419,41436,41224.8270833333,41304.8270833333,41424.8270833333,41114.8270833333,41024.8270833333,41403.3606870414,41335.4765362415,0.2159587894
2026-05-13 15:40:03,MXF1!,5,2026-05-13 15:35:00,41435,41457,41431,41440,41224.3145833333,41304.3145833333,41424.3145833333,41114.3145833333,41024.3145833333,41404.7975228437,41337.5463078011,0.2190443757
2026-05-13 15:45:01,MXF1!,5,2026-05-13 15:40:00,41440,41504,41440,41490,41224.1458333333,41304.1458333333,41424.1458333333,41114.1458333333,41024.1458333333,41408.1387964577,41340.5651927951,0.2511165538
2026-05-13 15:50:00,MXF1!,5,2026-05-13 15:45:00,41490,41506,41473,41480,41224.015625,41304.015625,41424.015625,41114.015625,41024.015625,41410.9568828711,41343.3262780863,0.2453258549
2026-05-13 15:55:00,MXF1!,5,2026-05-13 15:50:00,41481,41524,41480,41505,41223.8885416667,41303.8885416667,41423.8885416667,41113.8885416667,41023.8885416667,41414.6448482487,41346.5277379262,0.2616203053
2026-05-13 16:00:00,MXF1!,5,2026-05-13 15:55:00,41508,41533,41498,41532,41223.8385416667,41303.8385416667,41423.8385416667,41113.8385416667,41023.8385416667,41419.2470110625,41350.200455987,0.2791523276
2026-05-13 16:05:03,MXF1!,5,2026-05-13 16:00:00,41530,41566,41527,41539,41224.1135416667,41304.1135416667,41424.1135416667,41114.1135416667,41024.1135416667,41423.9432067071,41353.939060819,0.2840374958
2026-05-13 16:09:59,MXF1!,5,2026-05-13 16:05:00,41542,41630,41539,41623,41224.81875,41304.81875,41424.81875,41114.81875,41024.81875,41431.7493554637,41359.2670002087,0.3375563444
2026-05-13 16:14:59,MXF1!,5,2026-05-13 16:10:00,41619,41650,41608,41620,41225.6541666667,41305.6541666667,41425.6541666667,41115.6541666667,41025.6541666667,41439.1317336808,41364.4300299075,0.3360487326
2026-05-13 16:20:02,MXF1!,5,2026-05-13 16:15:00,41620,41642,41603,41613,41226.6583333333,41306.6583333333,41426.6583333333,41116.6583333333,41026.6583333333,41445.9500970659,41369.3522075331,0.3320051118
2026-05-13 16:25:02,MXF1!,5,2026-05-13 16:20:00,41610,41627,41605,41608,41227.7697916667,41307.7697916667,41427.7697916667,41117.7697916667,41027.7697916667,41452.3049952201,41374.0779063939,0.329234925
2026-05-13 16:30:00,MXF1!,5,2026-05-13 16:25:00,41609,41613,41583,41590,41228.6541666667,41308.6541666667,41428.6541666667,41118.6541666667,41028.6541666667,41457.7047993291,41378.3535914158,0.3182501229
2026-05-13 16:35:02,MXF1!,5,2026-05-13 16:30:00,41590,41595,41565,41581,41229.4739583333,41309.4739583333,41429.4739583333,41119.4739583333,41029.4739583333,41462.5399052378,41382.3663915858,0.3129650205
2026-05-13 16:39:59,MXF1!,5,2026-05-13 16:35:00,41583,41596,41570,41590,41230.3302083333,41310.3302083333,41430.3302083333,41120.3302083333,41030.3302083333,41467.5383403265,41386.477948188,0.3190834287
2026-05-13 16:45:00,MXF1!,5,2026-05-13 16:40:00,41590,41602,41571,41572,41231.140625,41311.140625,41431.140625,41121.140625,41031.140625,41471.634876,41390.1516521843,0.3080950867
2026-05-13 16:49:59,MXF1!,5,2026-05-13 16:45:00,41571,41584,41523,41544,41231.8510416667,41311.8510416667,41431.8510416667,41121.8510416667,41031.8510416667,41474.472724,41393.1981541212,0.2907776673
2026-05-13 16:55:01,MXF1!,5,2026-05-13 16:50:00,41543,41545,41482,41505,41232.4302083333,41312.4302083333,41432.4302083333,41122.4302083333,41032.4302083333,41475.6698720784,41395.4120520594,0.2664968489
2026-05-13 17:00:02,MXF1!,5,2026-05-13 16:55:00,41505,41520,41495,41512,41233.1145833333,41313.1145833333,41433.1145833333,41123.1145833333,41033.1145833333,41477.0945829773,41397.7207242959,0.2714177059
2026-05-13 17:04:58,MXF1!,5,2026-05-13 17:00:00,41509,41545,41507,41536,41234.0677083333,41314.0677083333,41434.0677083333,41124.0677083333,41034.0677083333,41479.4045993311,41400.4589277752,0.2871216107
2026-05-13 17:10:00,MXF1!,5,2026-05-13 17:05:00,41536,41538,41471,41477,41235.1427083333,41315.1427083333,41435.1427083333,41125.1427083333,41035.1427083333,41479.3103013182,41401.9745925717,0.2501204097
2026-05-13 17:14:59,MXF1!,5,2026-05-13 17:10:00,41476,41488,41450,41477,41235.9614583333,41315.9614583333,41435.9614583333,41125.9614583333,41035.9614583333,41479.2197012665,41403.460244204,0.25063424
2026-05-13 17:20:02,MXF1!,5,2026-05-13 17:15:00,41476,41508,41452,41459,41236.8447916667,41316.8447916667,41436.8447916667,41126.8447916667,41036.8447916667,41478.426771805,41404.5600413484,0.2397158904
2026-05-13 17:24:58,MXF1!,5,2026-05-13 17:20:00,41459,41470,41432,41458,41237.8333333333,41317.8333333333,41437.8333333333,41127.8333333333,41037.8333333333,41477.6257219303,41405.6182583514,0.2396148019
2026-05-13 17:30:00,MXF1!,5,2026-05-13 17:25:00,41459,41485,41448,41455,41238.7791666667,41318.7791666667,41438.7791666667,41128.7791666667,41038.7791666667,41476.7384387174,41406.5961146217,0.2382446099
2026-05-13 17:34:59,MXF1!,5,2026-05-13 17:30:00,41454,41475,41422,41459,41239.5833333333,41319.5833333333,41439.5833333333,41129.5833333333,41039.5833333333,41476.0428136696,41407.6338153223,0.2413237374
2026-05-13 17:39:58,MXF1!,5,2026-05-13 17:35:00,41459,41485,41453,41481,41239.8854166667,41319.8854166667,41439.8854166667,41129.8854166667,41039.8854166667,41476.2372131336,41409.0866110585,0.2558387584
2026-05-13 17:45:04,MXF1!,5,2026-05-13 17:40:00,41480,41489,41462,41485,41240.190625,41320.190625,41440.190625,41130.190625,41040.190625,41476.5808518342,41410.589846483,0.2588888607
2026-05-13 17:49:59,MXF1!,5,2026-05-13 17:45:00,41482,41492,41462,41480,41240.45625,41320.45625,41440.45625,41130.45625,41040.45625,41476.714936076,41411.9643049685,0.2562099042
2026-05-13 17:55:00,MXF1!,5,2026-05-13 17:50:00,41480,41514,41466,41512,41240.6916666667,41320.6916666667,41440.6916666667,41130.6916666667,41040.6916666667,41478.098664073,41413.9452098206,0.277065931
2026-05-13 18:00:03,MXF1!,5,2026-05-13 17:55:00,41508,41521,41502,41513,41241.1854166667,41321.1854166667,41441.1854166667,41131.1854166667,41041.1854166667,41479.4673439133,41415.9066908143,0.2781720557
2026-05-13 18:04:59,MXF1!,5,2026-05-13 18:00:00,41511,41530,41502,41524,41241.6927083333,41321.6927083333,41441.6927083333,41131.6927083333,41041.6927083333,41481.2137225834,41418.0471523823,0.285640731
2026-05-13 18:10:01,MXF1!,5,2026-05-13 18:05:00,41520,41555,41517,41555,41242.5197916667,41322.5197916667,41442.5197916667,41132.5197916667,41042.5197916667,41484.1073020899,41420.7590899589,0.3058342167
2026-05-13 18:15:04,MXF1!,5,2026-05-13 18:10:00,41555,41562,41484,41497,41243.196875,41323.196875,41443.196875,41133.196875,41043.196875,41484.6128980864,41422.2688109498,0.2693210426
2026-05-13 18:20:02,MXF1!,5,2026-05-13 18:15:00,41497,41499,41476,41482,41243.9760416667,41323.9760416667,41443.9760416667,41133.9760416667,41043.9760416667,41484.5104314948,41423.4516067726,0.2602441869
2026-05-13 18:25:01,MXF1!,5,2026-05-13 18:20:00,41483,41497,41457,41463,41244.690625,41324.690625,41444.690625,41134.690625,41044.690625,41483.6668851616,41424.2347432722,0.2486240791
2026-05-13 18:30:08,MXF1!,5,2026-05-13 18:25:00,41462,41464,41431,41461,41245.265625,41325.265625,41445.265625,41135.265625,41045.265625,41482.7779877043,41424.9627681578,0.2478688396
2026-05-13 18:35:00,MXF1!,5,2026-05-13 18:30:00,41461,41486,41452,41463,41245.6802083333,41325.6802083333,41445.6802083333,41135.6802083333,41045.6802083333,41482.0023803434,41425.7159806696,0.2496661253
2026-05-13 18:40:00,MXF1!,5,2026-05-13 18:35:00,41463,41487,41455,41484,41245.8197916667,41325.8197916667,41445.8197916667,41135.8197916667,41045.8197916667,41482.0807183691,41426.8701196662,0.2635735353
2026-05-13 18:45:04,MXF1!,5,2026-05-13 18:40:00,41483,41506,41480,41503,41245.7270833333,41325.7270833333,41445.7270833333,41135.7270833333,41045.7270833333,41482.9010823546,41428.3776420491,0.2761828205
2026-05-13 18:50:07,MXF1!,5,2026-05-13 18:45:00,41502,41514,41494,41505,41245.8239583333,41325.8239583333,41445.8239583333,41135.8239583333,41045.8239583333,41483.767706576,41429.8949164639,0.2779275689
2026-05-13 18:55:04,MXF1!,5,2026-05-13 18:50:00,41505,41514,41497,41505,41246.171875,41326.171875,41446.171875,41136.171875,41046.171875,41484.6003455338,41431.3821458409,0.2783933949
2026-05-13 18:59:59,MXF1!,5,2026-05-13 18:55:00,41507,41524,41484,41492,41247.0760416667,41327.0760416667,41447.0760416667,41137.0760416667,41047.0760416667,41484.8905280619,41432.5824993886,0.2705467018
2026-05-13 19:04:59,MXF1!,5,2026-05-13 19:00:00,41489,41495,41459,41461,41247.9625,41327.9625,41447.9625,41137.9625,41047.9625,41483.9536446085,41433.145222173,0.2511665309
2026-05-13 19:10:00,MXF1!,5,2026-05-13 19:05:00,41460,41472,41445,41470,41248.6697916667,41328.6697916667,41448.6697916667,41138.6697916667,41048.6697916667,41483.4064428591,41433.8750197537,0.2573685171
2026-05-13 19:15:00,MXF1!,5,2026-05-13 19:10:00,41470,41479,41446,41474,41249.2854166667,41329.2854166667,41449.2854166667,41139.2854166667,41049.2854166667,41483.037562747,41434.669573818,0.2603916091
2026-05-13 19:20:00,MXF1!,5,2026-05-13 19:15:00,41472,41484,41463,41465,41249.98125,41329.98125,41449.98125,41139.98125,41049.98125,41482.3302073452,41435.2701763167,0.2550825494
2026-05-13 19:24:59,MXF1!,5,2026-05-13 19:20:00,41466,41466,41427,41436,41250.7677083333,41330.7677083333,41450.7677083333,41140.7677083333,41050.7677083333,41480.5133364689,41435.2846282708,0.2369583528
2026-05-13 19:30:00,MXF1!,5,2026-05-13 19:25:00,41437,41445,41405,41445,41251.8927083333,41331.8927083333,41451.8927083333,41141.8927083333,41051.8927083333,41479.1206566074,41435.4770118694,0.2432364052
2026-05-13 19:34:59,MXF1!,5,2026-05-13 19:30:00,41445,41498,41435,41474,41253.6510416667,41333.6510416667,41453.6510416667,41143.6510416667,41053.6510416667,41478.9198465443,41436.2398433175,0.2623548844
2026-05-13 19:40:01,MXF1!,5,2026-05-13 19:35:00,41476,41490,41467,41473,41255.30625,41335.30625,41455.30625,41145.30625,41055.30625,41478.6876956995,41436.9677672122,0.2621697232
2026-05-13 19:45:00,MXF1!,5,2026-05-13 19:40:00,41475,41498,41470,41495,41256.765625,41336.765625,41456.765625,41146.765625,41056.765625,41479.3273939073,41438.1169203367,0.2768013025
2026-05-13 19:50:01,MXF1!,5,2026-05-13 19:45:00,41495,41512,41490,41499,41258.6427083333,41338.6427083333,41458.6427083333,41148.6427083333,41058.6427083333,41480.0988686561,41439.3225258746,0.2798380086
2026-05-13 19:54:59,MXF1!,5,2026-05-13 19:50:00,41494,41500,41469,41497,41260.6770833333,41340.6770833333,41460.6770833333,41150.6770833333,41060.6770833333,41480.7616581205,41440.4646540751,0.2790037844
2026-05-13 20:00:00,MXF1!,5,2026-05-13 19:55:00,41496,41517,41484,41504,41262.94375,41342.94375,41462.94375,41152.94375,41062.94375,41481.6729656452,41441.722779737,0.2839650496
2026-05-13 20:05:00,MXF1!,5,2026-05-13 20:00:00,41501,41544,41495,41541,41265.403125,41345.403125,41465.403125,41155.403125,41065.403125,41483.9995160121,41443.6886652868,0.308306438
2026-05-13 20:09:59,MXF1!,5,2026-05-13 20:05:00,41540,41542,41520,41529,41267.8760416667,41347.8760416667,41467.8760416667,41157.8760416667,41067.8760416667,41485.7642408743,41445.3779986474,0.3009747516
2026-05-13 20:15:00,MXF1!,5,2026-05-13 20:10:00,41528,41551,41511,41542,41270.5385416667,41350.5385416667,41470.5385416667,41160.5385416667,41070.5385416667,41487.9695647616,41447.2913056049,0.3098187379
2026-05-13 20:20:00,MXF1!,5,2026-05-13 20:15:00,41538,41550,41504,41507,41273.5677083333,41353.5677083333,41473.5677083333,41163.5677083333,41073.5677083333,41488.7158563396,41448.473655989,0.2875880662
2026-05-13 20:24:59,MXF1!,5,2026-05-13 20:20:00,41506,41506,41461,41484,41276.70625,41356.70625,41476.70625,41166.70625,41076.70625,41488.5309207969,41449.1771479496,0.2731458243
2026-05-13 20:30:06,MXF1!,5,2026-05-13 20:25:00,41486,41512,41483,41496,41280.0708333333,41360.0708333333,41480.0708333333,41170.0708333333,41080.0708333333,41488.8238258637,41450.1043331387,0.2813892347
2026-05-13 20:34:59,MXF1!,5,2026-05-13 20:30:00,41496,41496,41306,41358,41282.496875,41362.496875,41482.496875,41172.496875,41082.496875,41483.6934797514,41448.2804849577,0.1924325179
2026-05-13 20:40:00,MXF1!,5,2026-05-13 20:35:00,41362,41380,41226,41257,41284.4072916667,41364.4072916667,41484.4072916667,41174.4072916667,41084.4072916667,41474.8035393689,41444.4927525823,0.1276832961
2026-05-13 20:45:00,MXF1!,5,2026-05-13 20:40:00,41259,41297,41208,41295,41286.21875,41366.21875,41486.21875,41176.21875,41086.21875,41467.752420178,41441.5325000559,0.1530887878
2026-05-13 20:49:59,MXF1!,5,2026-05-13 20:45:00,41296,41326,41281,41286,41288.2770833333,41368.2770833333,41488.2770833333,41178.2770833333,41088.2770833333,41460.6248742887,41438.4526485697,0.148008256
2026-05-13 21:00:01,MXF1!,5,2026-05-13 20:55:00,41254,41323,41246,41293,41292.5916666667,41372.5916666667,41492.5916666667,41182.5916666667,41092.5916666667,41446.454564847,41432.0892469985,0.1541149212
2026-05-13 21:05:00,MXF1!,5,2026-05-13 21:00:00,41295,41372,41291,41371,41294.996875,41374.996875,41494.996875,41184.996875,41094.996875,41443.495562304,41430.8795589391,0.2053247191
2026-05-13 21:10:00,MXF1!,5,2026-05-13 21:05:00,41372,41386,41354,41368,41297.4239583333,41377.4239583333,41497.4239583333,41187.4239583333,41097.4239583333,41440.5349520176,41429.6344191581,0.2040039571
2026-05-13 21:15:06,MXF1!,5,2026-05-13 21:10:00,41367,41403,41360,41398,41299.853125,41379.853125,41499.853125,41189.853125,41099.853125,41438.8669146835,41429.0079950164,0.2240322227
2026-05-13 21:20:01,MXF1!,5,2026-05-13 21:15:00,41399,41404,41380,41392,41302.3479166667,41382.3479166667,41502.3479166667,41192.3479166667,41102.3479166667,41437.0289964607,41428.2751634319,0.2207194815
2026-05-13 21:25:02,MXF1!,5,2026-05-13 21:20:00,41391,41420,41391,41420,41305.0927083333,41385.0927083333,41505.0927083333,41195.0927083333,41105.0927083333,41436.3611926779,41428.1112988095,0.2394180294
2026-05-13 21:30:02,MXF1!,5,2026-05-13 21:25:00,41420,41434,41401,41416,41308.0520833333,41388.0520833333,41508.0520833333,41198.0520833333,41108.0520833333,41435.5627145337,41427.8714711103,0.2373604046
2026-05-13 21:35:02,MXF1!,5,2026-05-13 21:30:00,41416,41444,41348,41412,41311.0802083333,41391.0802083333,41511.0802083333,41201.0802083333,41111.0802083333,41434.6386865127,41427.5571845536,0.2353051067
2026-05-13 21:40:01,MXF1!,5,2026-05-13 21:35:00,41410,41430,41298,41355,41313.7604166667,41393.7604166667,41513.7604166667,41203.7604166667,41113.7604166667,41431.5156007671,41426.1204086219,0.1989303642
2026-05-13 21:45:02,MXF1!,5,2026-05-13 21:40:00,41358,41492,41339,41439,41317.1447916667,41397.1447916667,41517.1447916667,41207.1447916667,41117.1447916667,41431.8091066194,41426.3754500353,0.2539522836
2026-05-13 21:50:02,MXF1!,5,2026-05-13 21:45:00,41437,41441,41266,41347,41320.0979166667,41400.0979166667,41520.0979166667,41210.0979166667,41120.0979166667,41428.483259301,41424.8036589455,0.194863452
2026-05-13 21:55:01,MXF1!,5,2026-05-13 21:50:00,41345,41484,41291,41470,41323.4125,41403.4125,41523.4125,41213.4125,41123.4125,41430.1113667794,41425.6986359961,0.2751926461
2026-05-13 22:00:05,MXF1!,5,2026-05-13 21:55:00,41472,41511,41412,41458,41326.975,41406.975,41526.975,41216.975,41126.975,41431.2050386704,41426.3382669665,0.2678864069
2026-05-13 22:05:02,MXF1!,5,2026-05-13 22:00:00,41458,41481,41430,41454,41330.3885416667,41410.3885416667,41530.3885416667,41220.3885416667,41130.3885416667,41432.0989587225,41426.8860240562,0.2657784825
2026-05-13 22:10:01,MXF1!,5,2026-05-13 22:05:00,41452,41483,41401,41452,41333.4875,41413.4875,41533.4875,41223.4875,41133.4875,41432.8793917138,41427.3833305106,0.264970019
2026-05-13 22:15:07,MXF1!,5,2026-05-13 22:10:00,41447,41488,41418,41459,41336.4010416667,41416.4010416667,41536.4010416667,41226.4010416667,41136.4010416667,41433.9037292937,41428.0094031737,0.2700010516
2026-05-13 22:20:01,MXF1!,5,2026-05-13 22:15:00,41458,41508,41431,41453,41339.1760416667,41419.1760416667,41539.1760416667,41229.1760416667,41139.1760416667,41434.6526026547,41428.5042664772,0.2665874108
2026-05-13 22:25:01,MXF1!,5,2026-05-13 22:20:00,41455,41615,41450,41577,41342.446875,41422.446875,41542.446875,41232.446875,41142.446875,41440.234853531,41431.4447760519,0.3475930186
2026-05-13 22:30:04,MXF1!,5,2026-05-13 22:25:00,41578,41617,41541,41556,41346.19375,41426.19375,41546.19375,41236.19375,41146.19375,41444.7746631964,41433.9112161301,0.3343271253
2026-05-13 22:35:03,MXF1!,5,2026-05-13 22:30:00,41552,41609,41546,41608,41349.8947916667,41429.8947916667,41549.8947916667,41239.8947916667,41149.8947916667,41451.1756567966,41437.358518781,0.3685417519
2026-05-13 22:40:01,MXF1!,5,2026-05-13 22:35:00,41608,41620,41524,41561,41353.675,41433.675,41553.675,41243.675,41153.675,41455.4824937849,41439.8068649437,0.3383339939
2026-05-13 22:45:02,MXF1!,5,2026-05-13 22:40:00,41559,41595,41548,41568,41357.275,41437.275,41557.275,41247.275,41157.275,41459.8949450091,41442.3453428657,0.3432865656
2026-05-13 22:50:05,MXF1!,5,2026-05-13 22:45:00,41567,41582,41511,41534,41360.7166666667,41440.7166666667,41560.7166666667,41250.7166666667,41160.7166666667,41462.8010255969,41444.1602865713,0.3215317312
2026-05-13 22:55:01,MXF1!,5,2026-05-13 22:50:00,41535,41601,41529,41592,41364.3177083333,41444.3177083333,41564.3177083333,41254.3177083333,41164.3177083333,41467.8676520441,41447.0878056491,0.3597445788
2026-05-13 23:00:03,MXF1!,5,2026-05-13 22:55:00,41592,41601,41555,41563,41367.878125,41447.878125,41567.878125,41257.878125,41167.878125,41471.5983323561,41449.3830966263,0.3412097075
2026-05-13 23:05:01,MXF1!,5,2026-05-13 23:00:00,41564,41584,41543,41543,41371.228125,41451.228125,41571.228125,41261.228125,41171.228125,41474.3983977539,41451.2368966931,0.3285532349
2026-05-13 23:10:01,MXF1!,5,2026-05-13 23:05:00,41545,41551,41516,41550,41374.465625,41454.465625,41574.465625,41264.465625,41174.465625,41477.3631664694,41453.1926017091,0.3335238149
2026-05-13 23:15:05,MXF1!,5,2026-05-13 23:10:00,41551,41554,41480,41506,41377.575,41457.575,41577.575,41267.575,41177.575,41478.4861795491,41454.2382927644,0.3051904975
2026-05-13 23:20:03,MXF1!,5,2026-05-13 23:15:00,41507,41537,41479,41502,41380.6604166667,41460.6604166667,41580.6604166667,41270.6604166667,41180.6604166667,41479.408290155,41455.1840691453,0.3030086114
2026-05-13 23:25:01,MXF1!,5,2026-05-13 23:20:00,41502,41533,41490,41523,41383.7302083333,41463.7302083333,41583.7302083333,41273.7302083333,41183.7302083333,41481.1177689724,41456.5269588652,0.3171669521
2026-05-13 23:30:03,MXF1!,5,2026-05-13 23:25:00,41523,41529,41481,41521,41386.4989583333,41466.4989583333,41586.4989583333,41276.4989583333,41186.4989583333,41482.6817780324,41457.803652749,0.3162754733
2026-05-13 23:35:02,MXF1!,5,2026-05-13 23:30:00,41520,41545,41479,41542,41389.19375,41469.19375,41589.19375,41279.19375,41189.19375,41485.0079828154,41459.47090715,0.3304343953
2026-05-13 23:40:03,MXF1!,5,2026-05-13 23:35:00,41539,41584,41529,41571,41392.0645833333,41472.0645833333,41592.0645833333,41282.0645833333,41192.0645833333,41488.3802187834,41461.6794040382,0.3498251715
2026-05-13 23:45:03,MXF1!,5,2026-05-13 23:40:00,41572,41640,41572,41623,41395.0854166667,41475.0854166667,41595.0854166667,41285.0854166667,41195.0854166667,41493.65942589,41464.8738712849,0.384276099
2026-05-13 23:50:01,MXF1!,5,2026-05-13 23:45:00,41623,41624,41586,41588,41398.1572916667,41478.1572916667,41598.1572916667,41288.1572916667,41198.1572916667,41497.3590562472,41467.3120124476,0.3616834112
2026-05-13 23:55:01,MXF1!,5,2026-05-13 23:50:00,41586,41589,41545,41561,41400.9572916667,41480.9572916667,41600.9572916667,41290.9572916667,41200.9572916667,41499.8547795316,41469.1672201219,0.3443468612
2026-05-14 00:00:06,MXF1!,5,2026-05-13 23:55:00,41560,41561,41497,41528,41403.5260416667,41483.5260416667,41603.5260416667,41293.5260416667,41203.5260416667,41500.9585136677,41470.3322256641,0.3230828649
2026-05-14 00:05:02,MXF1!,5,2026-05-14 00:00:00,41527,41614,41525,41602,41406.34375,41486.34375,41606.34375,41296.34375,41206.34375,41504.9209248964,41472.9395083242,0.3720736952
2026-05-14 00:10:08,MXF1!,5,2026-05-14 00:05:00,41602,41608,41577,41599,41409.1989583333,41489.1989583333,41609.1989583333,41299.1989583333,41209.1989583333,41508.6103003906,41475.4357556841,0.3704741833
2026-05-14 00:15:04,MXF1!,5,2026-05-14 00:10:00,41601,41622,41590,41616,41411.88125,41491.88125,41611.88125,41301.88125,41211.88125,41512.8216611596,41478.2192060666,0.3820215318
2026-05-14 00:20:02,MXF1!,5,2026-05-14 00:15:00,41619,41627,41585,41598,41414.4416666667,41494.4416666667,41614.4416666667,41304.4416666667,41214.4416666667,41516.161988173,41480.5911029762,0.3705468903
2026-05-14 00:25:01,MXF1!,5,2026-05-14 00:20:00,41600,41708,41587,41665,41417.2364583333,41497.2364583333,41617.2364583333,41307.2364583333,41217.2364583333,41521.9987729505,41484.2427643034,0.4150483626
2026-05-14 00:30:02,MXF1!,5,2026-05-14 00:25:00,41664,41698,41650,41698,41420.2395833333,41500.2395833333,41620.2395833333,41310.2395833333,41220.2395833333,41528.9007818544,41488.4755808518,0.4371614123
2026-05-14 00:35:05,MXF1!,5,2026-05-14 00:30:00,41698,41722,41654,41685,41423.1322916667,41503.1322916667,41623.1322916667,41313.1322916667,41223.1322916667,41535.0223198209,41492.3671535082,0.4289527606
2026-05-14 00:40:00,MXF1!,5,2026-05-14 00:35:00,41688,41711,41679,41686,41426.0125,41506.0125,41626.0125,41316.0125,41226.0125,41540.9430131613,41496.2014673001,0.4299819772
2026-05-14 00:45:06,MXF1!,5,2026-05-14 00:40:00,41685,41706,41683,41690,41428.8239583333,41508.8239583333,41628.8239583333,41318.8239583333,41228.8239583333,41546.7883851942,41500.0390620071,0.4330016618
2026-05-14 00:50:01,MXF1!,5,2026-05-14 00:45:00,41690,41699,41663,41670,41431.6125,41511.6125,41631.6125,41321.6125,41231.6125,41551.6202132258,41503.4046251356,0.4201214741
2026-05-14 00:55:00,MXF1!,5,2026-05-14 00:50:00,41671,41705,41668,41703,41434.33125,41514.33125,41634.33125,41324.33125,41234.33125,41557.5566754522,41507.3570087963,0.442332484
2026-05-14 01:00:00,MXF1!,5,2026-05-14 00:55:00,41702,41728,41696,41705,41437.2208333333,41517.2208333333,41637.2208333333,41327.2208333333,41237.2208333333,41563.3387666109,41511.2707313944,0.4439910132
2026-05-14 01:05:00,MXF1!,5,2026-05-14 01:00:00,41708,41753,41708,41747,41440.3666666667,41520.3666666667,41640.3666666667,41330.3666666667,41240.3666666667,41570.5411679203,41515.9386377034,0.4721841585
2026-05-14 01:09:59,MXF1!,5,2026-05-14 01:05:00,41747,41781,41747,41769,41443.921875,41523.921875,41643.921875,41333.921875,41243.921875,41578.3238672176,41520.9497537885,0.487118097
2026-05-14 01:15:01,MXF1!,5,2026-05-14 01:10:00,41769,41793,41763,41781,41447.3302083333,41527.3302083333,41647.3302083333,41337.3302083333,41247.3302083333,41586.2719508561,41526.0992636145,0.4954291043
2026-05-14 01:19:59,MXF1!,5,2026-05-14 01:15:00,41773,41804,41767,41794,41450.7572916667,41530.7572916667,41650.7572916667,41340.7572916667,41250.7572916667,41594.4181488617,41531.4042286914,0.5044161598
2026-05-14 01:25:02,MXF1!,5,2026-05-14 01:20:00,41796,41812,41786,41789,41454.2875,41534.2875,41654.2875,41344.2875,41254.2875,41602.0488096907,41536.505135054,0.5014165985
2026-05-14 01:30:03,MXF1!,5,2026-05-14 01:25:00,41790,41828,41788,41823,41457.928125,41537.928125,41657.928125,41347.928125,41257.928125,41610.7135622518,41542.1783006965,0.5243595659
2026-05-14 01:35:01,MXF1!,5,2026-05-14 01:30:00,41824,41838,41794,41797,41461.515625,41541.515625,41661.515625,41351.515625,41261.515625,41618.0189127517,41547.2242749401,0.5072990837
2026-05-14 01:40:05,MXF1!,5,2026-05-14 01:35:00,41796,41802,41779,41783,41464.8916666667,41544.8916666667,41664.8916666667,41354.8916666667,41264.8916666667,41624.4887593105,41551.8931011789,0.4981564424
2026-05-14 01:45:09,MXF1!,5,2026-05-14 01:40:00,41782,41806,41781,41798,41468.203125,41548.203125,41668.203125,41358.203125,41268.203125,41631.2931216905,41556.766505116,0.5083618628
2026-05-14 01:50:01,MXF1!,5,2026-05-14 01:45:00,41798,41803,41768,41773,41471.5260416667,41551.5260416667,41671.5260416667,41361.5260416667,41271.5260416667,41636.8502541732,41561.0483564998,0.4919061087
2026-05-14 01:55:02,MXF1!,5,2026-05-14 01:50:00,41772,41786,41768,41771,41474.7770833333,41554.7770833333,41674.7770833333,41364.7770833333,41274.7770833333,41642.1110285194,41565.2058147869,0.4907864928
2026-05-14 02:00:04,MXF1!,5,2026-05-14 01:55:00,41770,41776,41714,41716,41477.95,41557.95,41677.95,41367.95,41277.95,41645.0086352441,41568.1918382565,0.454277097
2026-05-14 02:05:05,MXF1!,5,2026-05-14 02:00:00,41720,41765,41706,41754,41481.325,41561.325,41681.325,41371.325,41281.325,41649.282806411,41571.871207796,0.4799146705
2026-05-14 02:10:06,MXF1!,5,2026-05-14 02:05:00,41755,41787,41751,41779,41484.9708333333,41564.9708333333,41684.9708333333,41374.9708333333,41284.9708333333,41654.3697551792,41575.9727680376,0.4968670772
2026-05-14 02:15:03,MXF1!,5,2026-05-14 02:10:00,41781,41799,41779,41799,41488.00625,41568.00625,41688.00625,41378.00625,41288.00625,41660.0415294859,41580.3891488686,0.5104682809
2026-05-14 02:20:02,MXF1!,5,2026-05-14 02:15:00,41798,41822,41791,41794,41490.7708333333,41570.7708333333,41690.7708333333,41380.7708333333,41290.7708333333,41665.2948028394,41584.6190667128,0.5073840405
2026-05-14 02:25:05,MXF1!,5,2026-05-14 02:20:00,41799,41828,41795,41795,41493.48125,41573.48125,41693.48125,41383.48125,41293.48125,41670.3812811594,41588.7850257878,0.5083290225
2026-05-14 02:30:02,MXF1!,5,2026-05-14 02:25:00,41800,41809,41789,41792,41495.8989583333,41575.8989583333,41695.8989583333,41385.8989583333,41295.8989583333,41675.1506426826,41592.8090846831,0.5065891075
2026-05-14 02:35:09,MXF1!,5,2026-05-14 02:30:00,41790,41797,41770,41776,41498.5604166667,41578.5604166667,41698.5604166667,41388.5604166667,41298.5604166667,41679.1055194401,41596.4366275606,0.496170745
2026-05-14 02:40:04,MXF1!,5,2026-05-14 02:35:00,41772,41774,41749,41772,41501.3552083333,41581.3552083333,41701.3552083333,41391.3552083333,41301.3552083333,41682.7484402464,41599.9131299852,0.4937645347
2026-05-14 02:45:04,MXF1!,5,2026-05-14 02:40:00,41769,41778,41741,41744,41504.0916666667,41584.0916666667,41704.0916666667,41394.0916666667,41304.0916666667,41685.1504621975,41602.766335332,0.4752524729
2026-05-14 02:50:03,MXF1!,5,2026-05-14 02:45:00,41743,41751,41718,41733,41505.7729166667,41585.7729166667,41705.7729166667,41395.7729166667,41305.7729166667,41687.0269146603,41605.3452197809,0.4681724743
2026-05-14 02:55:03,MXF1!,5,2026-05-14 02:50:00,41733,41754,41722,41751,41507.5302083333,41587.5302083333,41707.5302083333,41397.5302083333,41307.5302083333,41689.535663105,41608.2294728545,0.4805861996
2026-05-14 03:00:05,MXF1!,5,2026-05-14 02:55:00,41751,41760,41710,41715,41509.3895833333,41589.3895833333,41709.3895833333,41399.3895833333,41309.3895833333,41690.5342645519,41610.3437407188,0.4566866843
2026-05-14 03:05:05,MXF1!,5,2026-05-14 03:00:00,41715,41755,41715,41745,41511.121875,41591.121875,41711.121875,41401.121875,41311.121875,41692.6701757459,41613.0102012986,0.477170199
2026-05-14 03:10:07,MXF1!,5,2026-05-14 03:05:00,41749,41762,41734,41755,41512.4375,41592.4375,41712.4375,41402.4375,41312.4375,41695.1144825794,41615.8218804808,0.4841766376
2026-05-14 03:15:10,MXF1!,5,2026-05-14 03:10:00,41760,41762,41738,41754,41514.1208333333,41594.1208333333,41714.1208333333,41404.1208333333,41314.1208333333,41697.4237185567,41618.5580808673,0.4837842464
2026-05-14 03:20:01,MXF1!,5,2026-05-14 03:15:00,41755,41777,41742,41769,41515.6010416667,41595.6010416667,41715.6010416667,41405.6010416667,41315.6010416667,41700.2306315545,41621.5371287709,0.4941502746
2026-05-14 03:25:05,MXF1!,5,2026-05-14 03:20:00,41767,41771,41720,41723,41517.5354166667,41597.5354166667,41717.5354166667,41407.5354166667,41317.5354166667,41701.1235479641,41623.5462945378,0.4634090536
2026-05-14 03:30:03,MXF1!,5,2026-05-14 03:25:00,41720,41734,41716,41727,41519.74375,41599.74375,41719.74375,41409.74375,41319.74375,41702.1383107891,41625.5948827648,0.4664020418
2026-05-14 03:35:12,MXF1!,5,2026-05-14 03:30:00,41728,41740,41713,41722,41521.978125,41601.978125,41721.978125,41411.978125,41321.978125,41702.917200562,41627.5038949873,0.4633318774
2026-05-14 03:40:05,MXF1!,5,2026-05-14 03:35:00,41719,41739,41715,41739,41524.1739583333,41604.1739583333,41724.1739583333,41414.1739583333,41324.1739583333,41704.3322123047,41629.7117386509,0.4751231909
2026-05-14 03:45:03,MXF1!,5,2026-05-14 03:40:00,41738,41744,41724,41744,41526.1916666667,41606.1916666667,41726.1916666667,41416.1916666667,41326.1916666667,41705.8878118222,41631.974872539,0.4787762349
2026-05-14 03:50:02,MXF1!,5,2026-05-14 03:45:00,41740,41759,41733,41740,41528.0333333333,41608.0333333333,41728.0333333333,41418.0333333333,41328.0333333333,41707.2255446919,41634.1139839739,0.4763300545
2026-05-14 03:55:02,MXF1!,5,2026-05-14 03:50:00,41738,41738,41683,41703,41530.0104166667,41610.0104166667,41730.0104166667,41420.0104166667,41330.0104166667,41707.0598370569,41635.4780634992,0.4515162161
2026-05-14 04:00:06,MXF1!,5,2026-05-14 03:55:00,41706,41723,41694,41708,41532.4020833333,41612.4020833333,41732.4020833333,41422.4020833333,41332.4020833333,41707.0967061919,41636.9141414497,0.4550972977
2026-05-14 04:05:04,MXF1!,5,2026-05-14 04:00:00,41707,41720,41688,41706,41534.9541666667,41614.9541666667,41734.9541666667,41424.9541666667,41334.9541666667,41707.053698106,41638.2821782527,0.4539507821
2026-05-14 04:10:14,MXF1!,5,2026-05-14 04:05:00,41707,41739,41705,41735,41537.659375,41617.659375,41737.659375,41427.659375,41337.659375,41708.1496315136,41640.1973826437,0.4737396601
2026-05-14 04:15:02,MXF1!,5,2026-05-14 04:10:00,41734,41742,41727,41737,41540.265625,41620.265625,41740.265625,41430.265625,41340.265625,41709.2810185131,41642.1142661557,0.4752060874
2026-05-14 04:20:13,MXF1!,5,2026-05-14 04:15:00,41733,41734,41725,41726,41543.0177083333,41623.0177083333,41743.0177083333,41433.0177083333,41343.0177083333,41709.9366648459,41643.7753697962,0.4679000437
2026-05-14 04:25:05,MXF1!,5,2026-05-14 04:20:00,41728,41742,41727,41741,41545.8947916667,41625.8947916667,41745.8947916667,41435.8947916667,41345.8947916667,41711.1548348519,41645.7006099982,0.4782049794
2026-05-14 04:30:08,MXF1!,5,2026-05-14 04:25:00,41741,41753,41735,41738,41548.6895833333,41628.6895833333,41748.6895833333,41438.6895833333,41348.6895833333,41712.2075864264,41647.5283206913,0.4763507745
2026-05-14 04:35:03,MXF1!,5,2026-05-14 04:30:00,41736,41754,41736,41753,41551.0125,41631.0125,41751.0125,41441.0125,41351.0125,41713.8072889194,41649.6168687965,0.4866355161
2026-05-14 04:40:07,MXF1!,5,2026-05-14 04:35:00,41754,41764,41750,41759,41553.196875,41633.196875,41753.196875,41443.196875,41353.196875,41715.5795520991,41651.7828713945,0.4908277778
2026-05-14 04:45:01,MXF1!,5,2026-05-14 04:40:00,41762,41771,41748,41756,41555.1739583333,41635.1739583333,41755.1739583333,41445.1739583333,41355.1739583333,41717.164667703,41653.8465769115,0.4889293668
2026-05-14 04:50:03,MXF1!,5,2026-05-14 04:45:00,41755,41764,41746,41760,41556.9427083333,41636.9427083333,41756.9427083333,41446.9427083333,41356.9427083333,41718.8444846558,41655.9486248934,0.4917819997
2026-05-14 04:55:01,MXF1!,5,2026-05-14 04:50:00,41757,41763,41753,41759,41558.4666666667,41638.4666666667,41758.4666666667,41448.4666666667,41358.4666666667,41720.4192107478,41657.9892461827,0.4912332049
2026-05-14 05:01:01,MXF1!,5,2026-05-14 04:55:00,41759,41761,41745,41755,41559.7260416667,41639.7260416667,41759.7260416667,41449.7260416667,41359.7260416667,41721.7753201302,41659.9102512088,0.4886424463
2026-05-14 08:50:02,MXF1!,5,2026-05-14 08:45:00,41930,41963,41870,41920,41561.8604166667,41641.8604166667,41761.8604166667,41451.8604166667,41361.8604166667,41729.5488369879,41665.060543264,0.6004921585
2026-05-14 08:55:02,MXF1!,5,2026-05-14 08:50:00,41919,41977,41916,41967,41564.3479166667,41644.3479166667,41764.3479166667,41454.3479166667,41364.3479166667,41738.8606473021,41671.0395424073,0.6323057598
2026-05-14 09:00:06,MXF1!,5,2026-05-14 08:55:00,41965,41997,41951,41997,41567.1927083333,41647.1927083333,41767.1927083333,41457.1927083333,41367.1927083333,41748.9837591726,41677.4942049339,0.652520716
2026-05-14 09:05:01,MXF1!,5,2026-05-14 09:00:00,41996,42176,41993,42169,41570.7947916667,41650.7947916667,41770.7947916667,41460.7947916667,41370.7947916667,41765.4549843031,41687.226992955,0.7687759819
2026-05-14 09:10:01,MXF1!,5,2026-05-14 09:05:00,42170,42239,42131,42193,41574.6625,41654.6625,41774.6625,41464.6625,41374.6625,41782.2214555069,41697.2423000252,0.7845690025
2026-05-14 09:15:01,MXF1!,5,2026-05-14 09:10:00,42189,42214,42113,42128,41578.4541666667,41658.4541666667,41778.4541666667,41468.4541666667,41378.4541666667,41795.7813984282,41705.7721554703,0.7402806827
2026-05-14 09:20:01,MXF1!,5,2026-05-14 09:15:00,42128,42131,41824,41915,41581.3635416667,41661.3635416667,41781.3635416667,41471.3635416667,41381.3635416667,41800.4566377055,41709.9152811045,0.5961679856
2026-05-14 09:25:01,MXF1!,5,2026-05-14 09:20:00,41913,41944,41862,41927,41584.0833333333,41664.0833333333,41784.0833333333,41474.0833333333,41384.0833333333,41805.4191225013,41714.2139884094,0.6042683546
2026-05-14 09:30:01,MXF1!,5,2026-05-14 09:25:00,41923,41974,41906,41962,41586.734375,41666.734375,41786.734375,41476.734375,41386.734375,41811.5595490699,41719.1206421043,0.6279004601
2026-05-14 09:35:00,MXF1!,5,2026-05-14 09:30:00,41961,41987,41866,41894,41589.303125,41669.303125,41789.303125,41479.303125,41389.303125,41814.7925079299,41722.5835996863,0.5819023038
2026-05-14 09:40:00,MXF1!,5,2026-05-14 09:35:00,41896,41918,41810,41871,41591.7333333333,41671.7333333333,41791.7333333333,41481.7333333333,41391.7333333333,41816.9967233052,41725.5225383064,0.5664287332
2026-05-14 09:45:01,MXF1!,5,2026-05-14 09:40:00,41872,41903,41760,41788,41594,41674,41794,41484,41394,41815.8595969011,41726.7597157657,0.5104012415
2026-05-14 09:50:00,MXF1!,5,2026-05-14 09:45:00,41788,41795,41650,41782,41595.6270833333,41675.6270833333,41795.6270833333,41485.6270833333,41395.6270833333,41814.5317695716,41727.8535827802,0.5064636169
2026-05-14 09:55:02,MXF1!,5,2026-05-14 09:50:00,41780,41847,41704,41775,41597.4375,41677.4375,41797.4375,41487.4375,41397.4375,41812.9815040982,41728.7871752004,0.501845243
2026-05-14 10:00:01,MXF1!,5,2026-05-14 09:55:00,41775,41787,41660,41700,41598.8072916667,41678.8072916667,41798.8072916667,41488.8072916667,41398.8072916667,41808.5508568787,41728.2171321272,0.4512545998
2026-05-14 10:05:01,MXF1!,5,2026-05-14 10:00:00,41696,41765,41612,41759,41600.2291666667,41680.2291666667,41800.2291666667,41490.2291666667,41400.2291666667,41806.6076860207,41728.8266938672,0.4913114503
2026-05-14 10:10:01,MXF1!,5,2026-05-14 10:05:00,41760,41806,41737,41795,41601.6385416667,41681.6385416667,41801.6385416667,41491.6385416667,41401.6385416667,41806.1524826473,41730.1370563649,0.515768912
2026-05-14 10:15:01,MXF1!,5,2026-05-14 10:10:00,41793,41808,41726,41759,41602.7625,41682.7625,41802.7625,41492.7625,41402.7625,41804.3033656808,41730.7085998032,0.4915082647
2026-05-14 10:20:01,MXF1!,5,2026-05-14 10:15:00,41763,41842,41742,41773,41603.878125,41683.878125,41803.878125,41493.878125,41403.878125,41803.0757827129,41731.5460532724,0.5010919773
2026-05-14 10:25:01,MXF1!,5,2026-05-14 10:20:00,41775,41871,41765,41828,41605.2197916667,41685.2197916667,41805.2197916667,41495.2197916667,41405.2197916667,41804.0532029987,41733.4560324156,0.538377869
2026-05-14 10:30:02,MXF1!,5,2026-05-14 10:25:00,41830,41855,41730,41738,41606.9260416667,41686.9260416667,41806.9260416667,41496.9260416667,41406.9260416667,41801.4628813125,41733.5460119717,0.4775218958
2026-05-14 10:35:01,MXF1!,5,2026-05-14 10:30:00,41732,41833,41722,41797,41608.6260416667,41688.6260416667,41808.6260416667,41498.6260416667,41408.6260416667,41801.287866359,41734.8025265861,0.5175363506
2026-05-14 10:40:01,MXF1!,5,2026-05-14 10:35:00,41799,41813,41726,41732,41610.0208333333,41690.0208333333,41810.0208333333,41500.0208333333,41410.0208333333,41798.5706951293,41734.7470310101,0.4736625251
2026-05-14 10:45:01,MXF1!,5,2026-05-14 10:40:00,41735,41757,41655,41702,41611.1645833333,41691.1645833333,41811.1645833333,41501.1645833333,41411.1645833333,41794.7836090458,41734.0985749505,0.4535038779
2026-05-14 10:50:01,MXF1!,5,2026-05-14 10:45:00,41700,41718,41595,41611,41612.0385416667,41692.0385416667,41812.0385416667,41502.0385416667,41412.0385416667,41787.576408691,41731.660979407,0.3921002638
2026-05-14 10:55:00,MXF1!,5,2026-05-14 10:50:00,41611,41668,41540,41616,41612.8072916667,41692.8072916667,41812.8072916667,41502.8072916667,41412.8072916667,41780.8479220757,41729.3706629831,0.3957372435
2026-05-14 11:00:03,MXF1!,5,2026-05-14 10:55:00,41614,41622,41578,41598,41613.8020833333,41693.8020833333,41813.8020833333,41503.8020833333,41413.8020833333,41773.6774153276,41726.7692637161,0.3837699618
2026-05-14 11:05:01,MXF1!,5,2026-05-14 11:00:00,41599,41647,41558,41634,41614.875,41694.875,41814.875,41504.875,41414.875,41768.1998696285,41724.932248593,0.4083393708
2026-05-14 11:10:01,MXF1!,5,2026-05-14 11:05:00,41632,41636,41559,41633,41615.85625,41695.85625,41815.85625,41505.85625,41415.85625,41762.8979139568,41723.1118080268,0.4078629628
2026-05-14 11:15:01,MXF1!,5,2026-05-14 11:10:00,41631,41677,41612,41672,41617.0604166667,41697.0604166667,41817.0604166667,41507.0604166667,41417.0604166667,41759.3332898801,41722.0996930164,0.4344767712
2026-05-14 11:20:00,MXF1!,5,2026-05-14 11:15:00,41671,41673,41549,41567,41617.91875,41697.91875,41817.91875,41507.91875,41417.91875,41751.790807924,41719.0284119665,0.3636242802
2026-05-14 11:25:03,MXF1!,5,2026-05-14 11:20:00,41562,41623,41527,41611,41618.7104166667,41698.7104166667,41818.7104166667,41508.7104166667,41418.7104166667,41746.2695997701,41716.8892354919,0.3936874699
2026-05-14 11:30:05,MXF1!,5,2026-05-14 11:25:00,41614,41719,41614,41670,41619.6989583333,41699.6989583333,41819.6989583333,41509.6989583333,41419.6989583333,41743.2786350732,41715.9607357792,0.4338778479
2026-05-14 11:35:00,MXF1!,5,2026-05-14 11:30:00,41674,41678,41571,41607,41620.328125,41700.328125,41820.328125,41510.328125,41420.328125,41737.9343748743,41713.803097447,0.3914221919
2026-05-14 11:40:01,MXF1!,5,2026-05-14 11:35:00,41605,41660,41567,41629,41620.9333333333,41700.9333333333,41820.9333333333,41510.9333333333,41420.9333333333,41733.6624386047,41712.1238281906,0.4065384981
2026-05-14 11:45:03,MXF1!,5,2026-05-14 11:40:00,41631,41660,41619,41655,41621.5645833333,41701.5645833333,41821.5645833333,41511.5645833333,41421.5645833333,41730.5776370908,41710.9926632759,0.424394558
2026-05-14 11:50:01,MXF1!,5,2026-05-14 11:45:00,41655,41693,41623,41654,41622.1697916667,41702.1697916667,41822.1697916667,41512.1697916667,41422.1697916667,41727.574592499,41709.8640956863,0.4239482355
2026-05-14 11:55:00,MXF1!,5,2026-05-14 11:50:00,41652,41683,41643,41682,41622.6510416667,41702.6510416667,41822.6510416667,41512.6510416667,41422.6510416667,41725.7873535775,41709.3123314153,0.4431411828
2026-05-14 12:00:05,MXF1!,5,2026-05-14 11:55:00,41683,41684,41642,41659,41622.85625,41702.85625,41822.85625,41512.85625,41422.85625,41723.1682416725,41708.3160476249,0.4277751981
2026-05-14 12:05:01,MXF1!,5,2026-05-14 12:00:00,41660,41671,41555,41580,41622.728125,41702.728125,41822.728125,41512.728125,41422.728125,41717.5538008226,41705.7751357907,0.3744837665
2026-05-14 12:10:02,MXF1!,5,2026-05-14 12:05:00,41582,41693,41580,41684,41622.8927083333,41702.8927083333,41822.8927083333,41512.8927083333,41422.8927083333,41716.2379654962,41705.343944983,0.4452275785
2026-05-14 12:15:00,MXF1!,5,2026-05-14 12:10:00,41683,41740,41677,41736,41623.5177083333,41703.5177083333,41823.5177083333,41513.5177083333,41423.5177083333,41717.0129472414,41705.9509955774,0.4806803967
2026-05-14 12:20:01,MXF1!,5,2026-05-14 12:15:00,41735,41745,41699,41725,41624.275,41704.275,41824.275,41514.275,41424.275,41717.3261649967,41706.3282035857,0.4733661177
2026-05-14 12:25:01,MXF1!,5,2026-05-14 12:20:00,41724,41770,41718,41770,41625.140625,41705.140625,41825.140625,41515.140625,41425.140625,41719.391805585,41707.5890312375,0.5040315814
2026-05-14 12:30:00,MXF1!,5,2026-05-14 12:25:00,41768,41795,41746,41786,41626.1197916667,41706.1197916667,41826.1197916667,41516.1197916667,41426.1197916667,41722.0038916405,41709.1417236883,0.5150187585
2026-05-14 12:35:01,MXF1!,5,2026-05-14 12:30:00,41787,41827,41782,41818,41627.3854166667,41707.3854166667,41827.3854166667,41517.3854166667,41427.3854166667,41725.7684449095,41711.2973331202,0.5368449507
2026-05-14 12:40:01,MXF1!,5,2026-05-14 12:35:00,41818,41847,41797,41825,41629.01875,41709.01875,41829.01875,41519.01875,41429.01875,41729.6598784425,41713.5488710782,0.5417032893
2026-05-14 12:45:01,MXF1!,5,2026-05-14 12:40:00,41825,41834,41788,41818,41630.5760416667,41710.5760416667,41830.5760416667,41520.5760416667,41430.5760416667,41733.1241969349,41715.6172102648,0.5371950107
2026-05-14 12:50:01,MXF1!,5,2026-05-14 12:45:00,41816,41840,41800,41831,41632.0895833333,41712.0895833333,41832.0895833333,41522.0895833333,41432.0895833333,41736.9624637218,41717.9020179823,0.5462723455
2026-05-14 12:55:00,MXF1!,5,2026-05-14 12:50:00,41830,41838,41765,41794,41633.6302083333,41713.6302083333,41833.6302083333,41523.6302083333,41433.6302083333,41739.1992298504,41719.4089087153,0.5213621815
2026-05-14 13:00:02,MXF1!,5,2026-05-14 12:55:00,41796,41803,41738,41748,41635.1416666667,41715.1416666667,41835.1416666667,41525.1416666667,41435.1416666667,41739.5443580915,41719.9750689388,0.4903483892
2026-05-14 13:05:01,MXF1!,5,2026-05-14 13:00:00,41750,41752,41688,41727,41636.3854166667,41716.3854166667,41836.3854166667,41526.3854166667,41436.3854166667,41739.0524224801,41720.1141764845,0.4763626654
2026-05-14 13:10:00,MXF1!,5,2026-05-14 13:05:00,41728,41732,41627,41640,41637.421875,41717.421875,41837.421875,41527.421875,41437.421875,41735.1680137554,41718.5277571482,0.4174973525
2026-05-14 13:15:01,MXF1!,5,2026-05-14 13:10:00,41643,41658,41607,41614,41638.296875,41718.296875,41838.296875,41528.296875,41438.296875,41730.4163269414,41716.457900571,0.4001418499
2026-05-14 13:20:01,MXF1!,5,2026-05-14 13:15:00,41612,41615,41496,41547,41638.8489583333,41718.8489583333,41838.8489583333,41528.8489583333,41438.8489583333,41723.2235298065,41713.1022985795,0.3548321675
2026-05-14 13:25:00,MXF1!,5,2026-05-14 13:20:00,41546,41632,41544,41597,41639.5395833333,41719.5395833333,41839.5395833333,41529.5395833333,41439.5395833333,41718.2735874611,41710.8032431621,0.3893218392
2026-05-14 13:30:02,MXF1!,5,2026-05-14 13:25:00,41596,41711,41576,41710,41640.4375,41720.4375,41840.4375,41530.4375,41440.4375,41717.9491330509,41710.7873373569,0.4668715956
2026-05-14 13:35:01,MXF1!,5,2026-05-14 13:30:00,41712,41767,41689,41704,41641.684375,41721.684375,41841.684375,41531.684375,41441.684375,41717.4021082254,41710.652934637,0.4631160949
2026-05-14 13:40:00,MXF1!,5,2026-05-14 13:35:00,41700,41709,41655,41668,41642.6885416667,41722.6885416667,41842.6885416667,41532.6885416667,41442.6885416667,41715.4647706479,41709.8083220699,0.4388063733
2026-05-14 13:45:01,MXF1!,5,2026-05-14 13:40:00,41670,41704,41620,41620,41643.5020833333,41723.5020833333,41843.5020833333,41533.5020833333,41443.5020833333,41711.7210541519,41708.0299394547,0.4063075937
2026-05-14 13:47:00,MXF1!,5,2026-05-14 13:45:00,41620,41620,41620,41620,41643.6208333333,41723.6208333333,41843.6208333333,41533.6208333333,41443.6208333333,41708.1241500675,41706.2867723367,0.4066771999
2026-05-14 15:05:02,MXF1!,5,2026-05-14 15:00:00,41768,41814,41727,41787,41645.0041666667,41725.0041666667,41845.0041666667,41535.0041666667,41445.0041666667,41711.2173206531,41707.8850540726,0.5215203131
2026-05-14 15:10:03,MXF1!,5,2026-05-14 15:05:00,41788,41797,41755,41762,41646.2104166667,41726.2104166667,41846.2104166667,41536.2104166667,41446.2104166667,41713.2087982746,41708.9566371603,0.5046112176
2026-05-14 15:15:02,MXF1!,5,2026-05-14 15:10:00,41762,41777,41740,41768,41647.5,41727.5,41847.5,41537.5,41447.5,41715.357472852,41710.1258126621,0.5088990197
2026-05-14 15:20:01,MXF1!,5,2026-05-14 15:15:00,41768,41833,41760,41802,41649.159375,41729.159375,41849.159375,41539.159375,41449.159375,41718.7552190147,41711.9451035005,0.5323505721
2026-05-14 15:25:05,MXF1!,5,2026-05-14 15:20:00,41803,41815,41774,41785,41650.7885416667,41730.7885416667,41850.7885416667,41540.7885416667,41450.7885416667,41721.3530535631,41713.3917351143,0.5206295939
2026-05-14 15:30:03,MXF1!,5,2026-05-14 15:25:00,41786,41824,41772,41816,41652.5916666667,41732.5916666667,41852.5916666667,41542.5916666667,41452.5916666667,41725.0646985214,41715.4235819437,0.541878297
2026-05-14 15:35:01,MXF1!,5,2026-05-14 15:30:00,41817,41877,41808,41868,41654.521875,41734.521875,41854.521875,41544.521875,41454.521875,41730.6700044618,41718.4448971528,0.5774649864
2026-05-14 15:40:02,MXF1!,5,2026-05-14 15:35:00,41868,41912,41868,41900,41656.7041666667,41736.7041666667,41856.7041666667,41546.7041666667,41456.7041666667,41737.3103964437,41722.0400477042,0.5993678582
2026-05-14 15:45:01,MXF1!,5,2026-05-14 15:40:00,41900,41908,41861,41864,41658.7010416667,41738.7010416667,41858.7010416667,41548.7010416667,41458.7010416667,41742.278616191,41724.8511358685,0.5745869332
2026-05-14 15:50:04,MXF1!,5,2026-05-14 15:45:00,41865,41889,41848,41848,41660.5583333333,41740.5583333333,41860.5583333333,41550.5583333333,41460.5583333333,41746.4245528109,41727.2897272374,0.5636060846
2026-05-14 15:55:00,MXF1!,5,2026-05-14 15:50:00,41847,41881,41835,41837,41662.3802083333,41742.3802083333,41862.3802083333,41552.3802083333,41462.3802083333,41749.9765311321,41729.4622078862,0.5561493809
2026-05-14 16:00:08,MXF1!,5,2026-05-14 15:55:00,41840,41848,41765,41782,41664.0447916667,41744.0447916667,41864.0447916667,41554.0447916667,41464.0447916667,41751.2323534406,41730.5025602053,0.5184897539
2026-05-14 16:05:02,MXF1!,5,2026-05-14 16:00:00,41778,41793,41759,41765,41665.6760416667,41745.6760416667,41865.6760416667,41555.6760416667,41465.6760416667,41751.7722611488,41731.185677825,0.5069231512
2026-05-14 16:10:03,MXF1!,5,2026-05-14 16:05:00,41763,41814,41756,41795,41667.4114583333,41747.4114583333,41867.4114583333,41557.4114583333,41467.4114583333,41753.467466594,41732.449327769,0.5276544276
2026-05-14 16:15:04,MXF1!,5,2026-05-14 16:10:00,41797,41848,41788,41848,41669.2802083333,41749.2802083333,41869.2802083333,41559.2802083333,41469.2802083333,41757.1746247668,41734.7374598924,0.564152467
2026-05-14 16:20:02,MXF1!,5,2026-05-14 16:15:00,41848,41874,41848,41852,41671.284375,41751.284375,41871.284375,41561.284375,41471.284375,41760.8932669328,41737.0594903896,0.5669993408
2026-05-14 16:25:02,MXF1!,5,2026-05-14 16:20:00,41853,41884,41849,41854,41673.4791666667,41753.4791666667,41873.4791666667,41563.4791666667,41473.4791666667,41764.5445113668,41739.3751440452,0.5684383307
2026-05-14 16:30:03,MXF1!,5,2026-05-14 16:25:00,41853,41893,41850,41884,41675.753125,41755.753125,41875.753125,41565.753125,41475.753125,41769.2290403328,41742.239002579,0.5891003165
2026-05-14 16:35:02,MXF1!,5,2026-05-14 16:30:00,41887,41919,41885,41892,41677.971875,41757.971875,41877.971875,41567.971875,41477.971875,41774.0435877707,41745.2045668844,0.5946288707
2026-05-14 16:40:02,MXF1!,5,2026-05-14 16:35:00,41892,41906,41868,41870,41680.115625,41760.115625,41880.115625,41570.115625,41480.115625,41777.8065843287,41747.6757635797,0.5795990407
2026-05-14 16:45:01,MXF1!,5,2026-05-14 16:40:00,41869,41874,41840,41841,41682.0177083333,41762.0177083333,41882.0177083333,41572.0177083333,41482.0177083333,41780.2847574923,41749.5237682613,0.5597361636
2026-05-14 16:50:00,MXF1!,5,2026-05-14 16:45:00,41841,41862,41825,41841,41683.7958333333,41763.7958333333,41883.7958333333,41573.7958333333,41483.7958333333,41782.6657473946,41751.3351787908,0.5598118486
2026-05-14 16:55:06,MXF1!,5,2026-05-14 16:50:00,41843,41877,41833,41869,41685.7520833333,41765.7520833333,41885.7520833333,41575.7520833333,41485.7520833333,41786.0514043595,41753.6651752504,0.5790803655
2026-05-14 17:00:04,MXF1!,5,2026-05-14 16:55:00,41868,41892,41868,41889,41687.7458333333,41767.7458333333,41887.7458333333,41577.7458333333,41487.7458333333,41790.0886041885,41756.3450727702,0.5928484476
2026-05-14 17:05:03,MXF1!,5,2026-05-14 17:00:00,41890,41904,41869,41869,41689.6114583333,41769.6114583333,41889.6114583333,41579.6114583333,41489.6114583333,41793.1831687302,41758.5758634084,0.579161739
2026-05-14 17:10:05,MXF1!,5,2026-05-14 17:05:00,41868,41885,41858,41880,41691.4229166667,41771.4229166667,41891.4229166667,41581.4229166667,41491.4229166667,41796.5877503486,41760.9803017567,0.5867631205
2026-05-14 17:15:02,MXF1!,5,2026-05-14 17:10:00,41880,41897,41831,41842,41693.040625,41773.040625,41893.040625,41583.040625,41493.040625,41798.3686228839,41762.584652217,0.5607034201
2026-05-14 17:20:01,MXF1!,5,2026-05-14 17:15:00,41843,41848,41828,41838,41694.75,41774.75,41894.75,41584.75,41494.75,41799.9227945355,41764.0780254404,0.5580052976
2026-05-14 17:25:01,MXF1!,5,2026-05-14 17:20:00,41839,41844,41825,41836,41696.5708333333,41776.5708333333,41896.5708333333,41586.5708333333,41496.5708333333,41801.3375869067,41765.5022229565,0.5567147549
2026-05-14 17:30:07,MXF1!,5,2026-05-14 17:25:00,41833,41837,41792,41803,41698.33125,41778.33125,41898.33125,41588.33125,41498.33125,41801.402779577,41766.2447531949,0.5340982349
2026-05-14 17:35:01,MXF1!,5,2026-05-14 17:30:00,41805,41836,41792,41817,41700.71875,41780.71875,41900.71875,41590.71875,41500.71875,41802.0144352799,41767.2498075871,0.5438300946
2026-05-14 17:40:01,MXF1!,5,2026-05-14 17:35:00,41815,41816,41715,41744,41703.1760416667,41783.1760416667,41903.1760416667,41593.1760416667,41503.1760416667,41799.7393593866,41766.7894153577,0.4937005702
2026-05-14 17:45:02,MXF1!,5,2026-05-14 17:40:00,41743,41779,41732,41765,41705.6583333333,41785.6583333333,41905.6583333333,41595.6583333333,41505.6583333333,41798.3770315675,41766.7539813902,0.5082490498
2026-05-14 17:50:03,MXF1!,5,2026-05-14 17:45:00,41765,41834,41764,41833,41708.2885416667,41788.2885416667,41908.2885416667,41598.2885416667,41508.2885416667,41799.7347950354,41768.0657837389,0.5550537563
2026-05-14 17:55:04,MXF1!,5,2026-05-14 17:50:00,41833,41843,41817,41834,41711.1875,41791.1875,41911.1875,41601.1875,41511.1875,41801.0785285634,41769.3714117837,0.5557711125
2026-05-14 18:00:06,MXF1!,5,2026-05-14 17:55:00,41837,41854,41828,41835,41713.98125,41793.98125,41913.98125,41603.98125,41513.98125,41802.4087823453,41770.670987788,0.5565197176
2026-05-14 18:05:01,MXF1!,5,2026-05-14 18:00:00,41833,41871,41832,41868,41716.596875,41796.596875,41916.596875,41606.596875,41516.596875,41804.9809869592,41772.5982949605,0.5792913172
2026-05-14 18:10:00,MXF1!,5,2026-05-14 18:05:00,41868,41872,41844,41852,41719.1427083333,41799.1427083333,41919.1427083333,41609.1427083333,41519.1427083333,41806.8248698235,41774.1706059514,0.5683216697
2026-05-14 18:15:02,MXF1!,5,2026-05-14 18:10:00,41854,41956,41837,41888,41721.7135416667,41801.7135416667,41921.7135416667,41611.7135416667,41521.7135416667,41810.0082082618,41776.4246533583,0.5931418653
2026-05-14 18:20:02,MXF1!,5,2026-05-14 18:15:00,41888,41930,41887,41921,41724.3833333333,41804.3833333333,41924.3833333333,41614.3833333333,41524.3833333333,41814.3608275457,41779.2875315096,0.615903067
2026-05-14 18:25:02,MXF1!,5,2026-05-14 18:20:00,41921,41923,41863,41869,41726.8635416667,41806.8635416667,41926.8635416667,41616.8635416667,41526.8635416667,41816.5035401909,41781.0640160341,0.5801617876
2026-05-14 18:30:03,MXF1!,5,2026-05-14 18:25:00,41869,41908,41865,41876,41729.321875,41809.321875,41929.321875,41619.321875,41529.321875,41818.8367346933,41782.9439365087,0.5850372805
2026-05-14 18:35:09,MXF1!,5,2026-05-14 18:30:00,41876,41893,41855,41868,41731.8322916667,41811.8322916667,41931.8322916667,41621.8322916667,41531.8322916667,41820.7647058818,41784.6282149937,0.5795820743
2026-05-14 18:40:01,MXF1!,5,2026-05-14 18:35:00,41871,41893,41867,41870,41734.5833333333,41814.5833333333,41934.5833333333,41624.5833333333,41534.5833333333,41822.6955017295,41786.3187453898,0.5810135092
2026-05-14 18:45:02,MXF1!,5,2026-05-14 18:40:00,41870,41875,41846,41861,41736.8041666667,41816.8041666667,41936.8041666667,41626.8041666667,41536.8041666667,41824.1976389166,41787.7975821148,0.5748744702
2026-05-14 18:50:02,MXF1!,5,2026-05-14 18:45:00,41863,41887,41853,41887,41739.6760416667,41819.6760416667,41939.6760416667,41629.6760416667,41539.6760416667,41826.6604766061,41789.7619864294,0.5928285705
2026-05-14 18:55:03,MXF1!,5,2026-05-14 18:50:00,41886,41926,41871,41917,41742.1114583333,41822.1114583333,41942.1114583333,41632.1114583333,41542.1114583333,41830.2032030137,41792.2815510545,0.6135244121
2026-05-14 19:00:02,MXF1!,5,2026-05-14 18:55:00,41920,41923,41888,41896,41744.4916666667,41824.4916666667,41944.4916666667,41634.4916666667,41544.4916666667,41832.7834695622,41794.3353817267,0.5990764232
2026-05-14 19:05:02,MXF1!,5,2026-05-14 19:00:00,41896,41911,41879,41890,41746.7760416667,41826.7760416667,41946.7760416667,41636.7760416667,41546.7760416667,41835.0272550696,41796.2297306034,0.5949249671
2026-05-14 19:10:01,MXF1!,5,2026-05-14 19:05:00,41890,41910,41870,41910,41749.1,41829.1,41949.1,41639.1,41549.1,41837.9673627139,41798.4826072251,0.608635718
2026-05-14 19:15:04,MXF1!,5,2026-05-14 19:10:00,41908,41915,41896,41898,41751.4322916667,41831.4322916667,41951.4322916667,41641.4322916667,41551.4322916667,41840.321583784,41800.4532486662,0.6003013605
2026-05-14 19:20:03,MXF1!,5,2026-05-14 19:15:00,41898,41909,41894,41896,41753.71875,41833.71875,41953.71875,41643.71875,41553.71875,41842.5050510865,41802.3452635441,0.5988805779
2026-05-14 19:25:01,MXF1!,5,2026-05-14 19:20:00,41896,41911,41866,41869,41755.396875,41835.396875,41955.396875,41645.396875,41555.396875,41843.544068691,41803.6651593155,0.580254144
2026-05-14 19:30:05,MXF1!,5,2026-05-14 19:25:00,41874,41884,41854,41877,41756.9625,41836.9625,41956.9625,41646.9625,41556.9625,41844.8560659972,41805.1173343786,0.585736873
2026-05-14 19:35:03,MXF1!,5,2026-05-14 19:30:00,41877,41889,41873,41875,41758.5510416667,41838.5510416667,41958.5510416667,41648.5510416667,41558.5510416667,41846.0381810562,41806.5011495394,0.5843253737
2026-05-14 19:40:04,MXF1!,5,2026-05-14 19:35:00,41875,41894,41875,41888,41760.2,41840.2,41960.2,41650.2,41560.2,41847.6837425834,41808.1149881624,0.5931935167
2026-05-14 19:45:04,MXF1!,5,2026-05-14 19:40:00,41885,41898,41882,41890,41761.884375,41841.884375,41961.884375,41651.884375,41561.884375,41849.3432036585,41809.7364735453,0.5944579425
2026-05-14 19:50:04,MXF1!,5,2026-05-14 19:45:00,41892,41917,41888,41913,41763.78125,41843.78125,41963.78125,41653.78125,41563.78125,41851.8395486131,41811.7812958513,0.610177594
2026-05-14 19:55:01,MXF1!,5,2026-05-14 19:50:00,41913,41937,41910,41932,41765.5697916667,41845.5697916667,41965.5697916667,41655.5697916667,41565.5697916667,41854.9830957263,41814.1618642503,0.6231142795
2026-05-14 20:00:02,MXF1!,5,2026-05-14 19:55:00,41930,41942,41905,41907,41767.4166666667,41847.4166666667,41967.4166666667,41657.4166666667,41567.4166666667,41857.0229743253,41816.0002431761,0.6057805102
2026-05-14 20:05:01,MXF1!,5,2026-05-14 20:00:00,41907,41966,41902,41958,41769.4104166667,41849.4104166667,41969.4104166667,41659.4104166667,41569.4104166667,41860.9828576851,41818.8121195488,0.6407310465
2026-05-14 20:10:00,MXF1!,5,2026-05-14 20:05:00,41958,41960,41936,41943,41771.5447916667,41851.5447916667,41971.5447916667,41661.5447916667,41571.5447916667,41864.1992162072,41821.2712854983,0.6302833796
2026-05-14 20:15:05,MXF1!,5,2026-05-14 20:10:00,41943,41950,41929,41942,41773.778125,41853.778125,41973.778125,41663.778125,41573.778125,41867.2502273364,41823.6619531122,0.6294823708
2026-05-14 20:20:02,MXF1!,5,2026-05-14 20:15:00,41941,41964,41931,41934,41776.0104166667,41856.0104166667,41976.0104166667,41666.0104166667,41576.0104166667,41869.86786548,41825.8468649318,0.6238686532
2026-05-14 20:25:00,MXF1!,5,2026-05-14 20:20:00,41935,41949,41924,41930,41778.18125,41858.18125,41978.18125,41668.18125,41578.18125,41872.2259884024,41827.90930325,0.6210213631
2026-05-14 20:30:02,MXF1!,5,2026-05-14 20:25:00,41930,41933,41913,41917,41780.3135416667,41860.3135416667,41980.3135416667,41670.3135416667,41580.3135416667,41873.9818319944,41829.6734754628,0.6119877432
2026-05-14 20:35:03,MXF1!,5,2026-05-14 20:30:00,41917,41920,41871,41895,41782.2041666667,41862.2041666667,41982.2041666667,41672.2041666667,41582.2041666667,41874.806073877,41830.9670700081,0.5967668076
2026-05-14 20:40:01,MXF1!,5,2026-05-14 20:35:00,41893,41901,41860,41888,41783.8270833333,41863.8270833333,41983.8270833333,41673.8270833333,41583.8270833333,41875.3234827446,41832.0964349585,0.5919004619
2026-05-14 20:45:02,MXF1!,5,2026-05-14 20:40:00,41888,41901,41870,41871,41785.2552083333,41865.2552083333,41985.2552083333,41675.2552083333,41585.2552083333,41875.1539344017,41832.8668025831,0.5801488796
2026-05-14 20:50:03,MXF1!,5,2026-05-14 20:45:00,41871,41896,41856,41889,41786.7635416667,41866.7635416667,41986.7635416667,41676.7635416667,41586.7635416667,41875.6969173663,41833.9783510468,0.5924667216
2026-05-14 20:54:56,MXF1!,5,2026-05-14 20:50:00,41887,41891,41816,41816,41788.36875,41868.36875,41988.36875,41678.36875,41588.36875,41873.3558617833,41833.6223440953,0.5422798484
2026-05-14 20:59:58,MXF1!,5,2026-05-14 20:55:00,41819,41850,41811,41841,41789.9854166667,41869.9854166667,41989.9854166667,41679.9854166667,41589.9854166667,41872.0870044585,41833.7684362915,0.5595135648
2026-05-14 21:04:58,MXF1!,5,2026-05-14 21:00:00,41841,41860,41827,41846,41791.359375,41871.359375,41991.359375,41681.359375,41591.359375,41871.0639846758,41834.0106454738,0.5629645614
2026-05-14 21:09:59,MXF1!,5,2026-05-14 21:05:00,41848,41849,41816,41822,41792.571875,41872.571875,41992.571875,41682.571875,41592.571875,41869.1399068454,41833.77281091,0.5464884489
2026-05-14 21:15:01,MXF1!,5,2026-05-14 21:10:00,41823,41848,41820,41844,41793.78125,41873.78125,41993.78125,41683.78125,41593.78125,41868.1540281455,41833.9753295058,0.5616467551
2026-05-14 21:19:58,MXF1!,5,2026-05-14 21:15:00,41841,41856,41816,41817,41795.0541666667,41875.0541666667,41995.0541666667,41685.0541666667,41595.0541666667,41866.1479878261,41833.6391843671,0.5431086754
2026-05-14 21:24:57,MXF1!,5,2026-05-14 21:20:00,41816,41838,41802,41826,41796.0895833333,41876.0895833333,41996.0895833333,41686.0895833333,41596.0895833333,41864.573556931,41833.4879133895,0.5492959724
2026-05-14 21:29:57,MXF1!,5,2026-05-14 21:25:00,41829,41829,41773,41783,41796.6510416667,41876.6510416667,41996.6510416667,41686.6510416667,41596.6510416667,41861.3745939141,41832.4881527284,0.519733481
2026-05-14 21:34:57,MXF1!,5,2026-05-14 21:30:00,41783,41823,41735,41816,41797.175,41877.175,41997.175,41687.175,41597.175,41859.5951980743,41832.1616546545,0.5424213213
2026-05-14 21:39:58,MXF1!,5,2026-05-14 21:35:00,41815,41911,41804,41909,41798.1072916667,41878.1072916667,41998.1072916667,41688.1072916667,41598.1072916667,41861.5326412871,41833.6832060475,0.6062822855
2026-05-14 21:45:02,MXF1!,5,2026-05-14 21:40:00,41909,41988,41887,41953,41799.3927083333,41879.3927083333,41999.3927083333,41689.3927083333,41599.3927083333,41865.1195965307,41836.0459148386,0.6363441052
2026-05-14 21:50:02,MXF1!,5,2026-05-14 21:45:00,41952,42028,41920,42004,41800.9697916667,41880.9697916667,42000.9697916667,41690.9697916667,41600.9697916667,41870.5658868628,41839.3717383072,0.6711759226
2026-05-14 21:55:01,MXF1!,5,2026-05-14 21:50:00,42005,42045,41985,42009,41802.6645833333,41882.6645833333,42002.6645833333,41692.6645833333,41602.6645833333,41875.9946756133,41842.7307137862,0.6743746074
2026-05-14 22:00:17,MXF1!,5,2026-05-14 21:55:00,42006,42043,41922,41956,41804.140625,41884.140625,42004.140625,41694.140625,41604.140625,41879.1321393148,41844.9736699489,0.6377484161
2026-05-14 22:04:58,MXF1!,5,2026-05-14 22:00:00,41954,42034,41934,42020,41805.503125,41885.503125,42005.503125,41695.503125,41605.503125,41884.6563691456,41848.4395378707,0.6814883456
2026-05-14 22:09:59,MXF1!,5,2026-05-14 22:05:00,42023,42045,41967,41981,41806.7,41886.7,42006.7,41696.7,41606.7,41888.4345507477,41851.0644975168,0.6544831483
2026-05-14 22:14:58,MXF1!,5,2026-05-14 22:10:00,41981,42086,41976,42072,41808.1395833333,41888.1395833333,42008.1395833333,41698.1395833333,41608.1395833333,41895.6331958164,41855.439457962,0.7166894678
2026-05-14 22:19:58,MXF1!,5,2026-05-14 22:15:00,42072,42166,42069,42159,41809.9041666667,41889.9041666667,42009.9041666667,41699.9041666667,41609.9041666667,41905.9613057844,41861.4505578044,0.7759815315
2026-05-14 22:24:58,MXF1!,5,2026-05-14 22:20:00,42159,42193,42138,42138,41811.78125,41891.78125,42011.78125,41701.78125,41611.78125,41915.0608624203,41866.9267843825,0.7611735898
2026-05-14 22:29:59,MXF1!,5,2026-05-14 22:25:00,42140,42164,42113,42164,41813.44375,41893.44375,42013.44375,41703.44375,41613.44375,41924.8231815411,41872.8094223155,0.7785578587
2026-05-14 22:34:58,MXF1!,5,2026-05-14 22:30:00,42164,42211,42162,42209,41815.4427083333,41895.4427083333,42015.4427083333,41705.4427083333,41615.4427083333,41935.9673705002,41879.4666614776,0.8088441917
2026-05-14 22:39:59,MXF1!,5,2026-05-14 22:35:00,42211,42327,42210,42319,41818.0041666667,41898.0041666667,42018.0041666667,41708.0041666667,41618.0041666667,41950.9882579316,41888.1702919434,0.8833068526
2026-05-14 22:45:00,MXF1!,5,2026-05-14 22:40:00,42319,42322,42262,42296,41820.56875,41900.56875,42020.56875,41710.56875,41620.56875,41964.5181301696,41896.2461277465,0.8667693732
2026-05-14 22:49:58,MXF1!,5,2026-05-14 22:45:00,42295,42305,42266,42302,41823.1885416667,41903.1885416667,42023.1885416667,41713.1885416667,41623.1885416667,41977.7527133002,41904.2808578901,0.8700389251
2026-05-14 22:54:56,MXF1!,5,2026-05-14 22:50:00,42300,42322,42253,42277,41825.878125,41905.878125,42025.878125,41715.878125,41625.878125,41989.4879010139,41911.6614349616,0.8522526806
2026-05-14 23:00:01,MXF1!,5,2026-05-14 22:55:00,42279,42289,42210,42239,41828.5677083333,41908.5677083333,42028.5677083333,41718.5677083333,41628.5677083333,41999.2726892094,41918.1433867445,0.8257206352
2026-05-14 23:04:59,MXF1!,5,2026-05-14 23:00:00,42240,42268,42212,42213,41831.1416666667,41911.1416666667,42031.1416666667,41721.1416666667,41631.1416666667,42007.6541523777,41923.9821315615,0.8074536024
2026-05-14 23:09:58,MXF1!,5,2026-05-14 23:05:00,42212,42261,42206,42258,41833.5604166667,41913.5604166667,42033.5604166667,41723.5604166667,41633.5604166667,42017.4716365982,41930.5963467781,0.837418182
2026-05-14 23:15:00,MXF1!,5,2026-05-14 23:10:00,42258,42260,42227,42259,41835.896875,41915.896875,42035.896875,41725.896875,41635.896875,42026.9433371237,41937.0993894161,0.8374302525
2026-05-14 23:20:01,MXF1!,5,2026-05-14 23:15:00,42260,42278,42247,42270,41838.3135416667,41918.3135416667,42038.3135416667,41728.3135416667,41638.3135416667,42036.474970962,41943.6914807148,0.8442246124
2026-05-14 23:25:00,MXF1!,5,2026-05-14 23:20:00,42269,42288,42242,42259,41840.7239583333,41920.7239583333,42040.7239583333,41730.7239583333,41640.7239583333,42045.201442689,41949.93521377,0.8360910289
2026-05-14 23:30:03,MXF1!,5,2026-05-14 23:25:00,42257,42285,42255,42256,41843.1916666667,41923.1916666667,42043.1916666667,41733.1916666667,41643.1916666667,42053.4680527796,41955.9959026062,0.8334023692
2026-05-14 23:35:03,MXF1!,5,2026-05-14 23:30:00,42255,42295,42255,42280,41845.8145833333,41925.8145833333,42045.8145833333,41735.8145833333,41645.8145833333,42062.351658553,41962.4118253269,0.8489390473
2026-05-14 23:40:03,MXF1!,5,2026-05-14 23:35:00,42277,42283,42253,42264,41848.4354166667,41928.4354166667,42048.4354166667,41738.4354166667,41648.4354166667,42070.2594366489,41968.3838683897,0.8374459366
2026-05-14 23:45:04,MXF1!,5,2026-05-14 23:40:00,42266,42283,42227,42246,41851.0520833333,41931.0520833333,42051.0520833333,41741.0520833333,41651.0520833333,42077.151223447,41973.8812175305,0.8246567258
2026-05-14 23:50:02,MXF1!,5,2026-05-14 23:45:00,42248,42253,42226,42251,41853.73125,41933.73125,42053.73125,41743.73125,41653.73125,42083.9688225275,41979.3687181735,0.8273959633
2026-05-14 23:55:04,MXF1!,5,2026-05-14 23:50:00,42253,42264,42242,42257,41856.4104166667,41936.4104166667,42056.4104166667,41746.4104166667,41656.4104166667,42090.754358899,41984.8663673186,0.8307906159
2026-05-15 00:00:06,MXF1!,5,2026-05-14 23:55:00,42259,42291,42258,42277,41859.2,41939.2,42059.2,41749.2,41659.2,42098.0581095304,41990.6511917281,0.8435862838
2026-05-15 00:05:05,MXF1!,5,2026-05-15 00:00:00,42278,42312,42277,42299,41862.04375,41942.04375,42062.04375,41752.04375,41662.04375,42105.9381836665,41996.7571087236,0.8576429884
2026-05-15 00:10:06,MXF1!,5,2026-05-15 00:05:00,42294,42314,42284,42301,41864.9322916667,41944.9322916667,42064.9322916667,41754.9322916667,41664.9322916667,42113.5876666599,42002.781720432,0.8582332889
2026-05-15 00:15:02,MXF1!,5,2026-05-15 00:10:00,42307,42347,42303,42314,41867.9302083333,41947.9302083333,42067.9302083333,41757.9302083333,41667.9302083333,42121.4469738498,42008.9444586413,0.8661737383
2026-05-15 00:20:01,MXF1!,5,2026-05-15 00:15:00,42314,42342,42300,42308,41870.8822916667,41950.8822916667,42070.8822916667,41760.8822916667,41670.8822916667,42128.7627787968,42014.8663505494,0.861379087
2026-05-15 00:25:01,MXF1!,5,2026-05-15 00:20:00,42307,42332,42305,42313,41873.9145833333,41953.9145833333,42073.9145833333,41763.9145833333,41673.9145833333,42135.9877678636,42020.7699871722,0.8640351374
2026-05-15 00:30:03,MXF1!,5,2026-05-15 00:25:00,42314,42328,42269,42283,41876.88125,41956.88125,42076.88125,41766.88125,41676.88125,42141.7529534376,42025.9626606935,0.8433328747
2026-05-15 00:35:04,MXF1!,5,2026-05-15 00:30:00,42284,42300,42261,42274,41879.7885416667,41959.7885416667,42079.7885416667,41769.7885416667,41679.7885416667,42146.9391121263,42030.8742911748,0.8367344744
2026-05-15 00:40:02,MXF1!,5,2026-05-15 00:35:00,42272,42305,42272,42294,41882.709375,41962.709375,42082.709375,41772.709375,41682.709375,42152.7062057684,42036.0847012506,0.8494756783
2026-05-15 00:45:03,MXF1!,5,2026-05-15 00:40:00,42294,42312,42271,42277,41885.6333333333,41965.6333333333,42085.6333333333,41775.6333333333,41685.6333333333,42157.5804722089,42040.8553012258,0.8375108264
2026-05-15 00:50:06,MXF1!,5,2026-05-15 00:45:00,42276,42305,42248,42299,41888.5145833333,41968.5145833333,42088.5145833333,41778.5145833333,41688.5145833333,42163.1263360438,42045.9670774392,0.8515115494
2026-05-15 00:55:01,MXF1!,5,2026-05-15 00:50:00,42303,42314,42283,42314,41891.6302083333,41971.6302083333,42091.6302083333,41781.6302083333,41691.6302083333,42169.0429503166,42051.2746600641,0.8608115948
2026-05-15 01:00:07,MXF1!,5,2026-05-15 00:55:00,42314,42315,42277,42313,41894.709375,41974.709375,42094.709375,41784.709375,41694.709375,42174.688324814,42056.4573400629,0.8594267187
2026-05-15 01:05:03,MXF1!,5,2026-05-15 01:00:00,42315,42377,42315,42357,41897.9791666667,41977.9791666667,42097.9791666667,41787.9791666667,41697.9791666667,42181.8378022723,42062.4086798636,0.8878458017
2026-05-15 01:10:03,MXF1!,5,2026-05-15 01:05:00,42358,42363,42297,42304,41901.09375,41981.09375,42101.09375,41791.09375,41701.09375,42186.628476693,42067.1926664009,0.851940397
2026-05-15 01:15:04,MXF1!,5,2026-05-15 01:10:00,42303,42328,42262,42269,41904.065625,41984.065625,42104.065625,41794.065625,41704.065625,42189.8587325089,42071.1888512247,0.8281396776
2026-05-15 01:20:02,MXF1!,5,2026-05-15 01:15:00,42269,42277,42202,42232,41906.7489583333,41986.7489583333,42106.7489583333,41796.7489583333,41706.7489583333,42191.5113312341,42074.3732304084,0.8031353548
2026-05-15 01:25:02,MXF1!,5,2026-05-15 01:20:00,42234,42271,42223,42235,41909.415625,41989.415625,42109.415625,41799.415625,41709.415625,42193.2167692249,42077.5539585191,0.8047461815
2026-05-15 01:30:08,MXF1!,5,2026-05-15 01:25:00,42235,42251,42191,42248,41911.978125,41991.978125,42111.978125,41801.978125,41711.978125,42195.3651312161,42080.9291276573,0.8129890861
2026-05-15 01:35:01,MXF1!,5,2026-05-15 01:30:00,42249,42279,42237,42267,41914.634375,41994.634375,42114.634375,41804.634375,41714.634375,42198.1743417566,42084.6136993869,0.8252763991
2026-05-15 01:40:03,MXF1!,5,2026-05-15 01:35:00,42269,42305,42267,42291,41917.3947916667,41997.3947916667,42117.3947916667,41807.3947916667,41717.3947916667,42201.8145636485,42088.7005568248,0.8408721206
2026-05-15 01:45:03,MXF1!,5,2026-05-15 01:40:00,42290,42309,42285,42298,41920.2375,42000.2375,42120.2375,41810.2375,41720.2375,42205.5865415446,42092.845100254,0.8451665446
2026-05-15 01:50:04,MXF1!,5,2026-05-15 01:45:00,42301,42335,42301,42325,41923.175,42003.175,42123.175,41813.175,41723.175,42210.2694222684,42097.4422269816,0.8627217633
2026-05-15 01:55:01,MXF1!,5,2026-05-15 01:50:00,42327,42340,42306,42327,41926.13125,42006.13125,42126.13125,41816.13125,41726.13125,42214.8470919833,42101.9879254572,0.8637474556
2026-05-15 02:00:03,MXF1!,5,2026-05-15 01:55:00,42325,42336,42315,42316,41928.94375,42008.94375,42128.94375,41818.94375,41728.94375,42218.8138726899,42106.2257883195,0.8561772622
2026-05-15 02:05:01,MXF1!,5,2026-05-15 02:00:00,42316,42319,42259,42280,41930.80625,42010.80625,42130.80625,41820.80625,41730.80625,42221.2133286628,42109.6668618181,0.8321080474
2026-05-15 02:10:01,MXF1!,5,2026-05-15 02:05:00,42280,42299,42273,42293,41932.5385416667,42012.5385416667,42132.5385416667,41822.5385416667,41732.5385416667,42224.0284922447,42113.29722099,0.8403707976
2026-05-15 02:15:03,MXF1!,5,2026-05-15 02:10:00,42297,42322,42268,42294,41934.1291666667,42014.1291666667,42134.1291666667,41824.1291666667,41734.1291666667,42226.772472941,42116.8754938417,0.8407633116
2026-05-15 02:20:07,MXF1!,5,2026-05-15 02:15:00,42292,42318,42290,42317,41934.925,42014.925,42134.925,41824.925,41734.925,42230.3108073354,42120.8383553498,0.8554677727
2026-05-15 02:25:02,MXF1!,5,2026-05-15 02:20:00,42319,42324,42280,42289,41935.590625,42015.590625,42135.590625,41825.590625,41735.590625,42232.6123443027,42124.1682889072,0.8367104469
2026-05-15 02:30:03,MXF1!,5,2026-05-15 02:25:00,42287,42298,42278,42293,41936.3708333333,42016.3708333333,42136.3708333333,41826.3708333333,41736.3708333333,42234.9804876633,42127.5114911071,0.8390020716
2026-05-15 02:35:05,MXF1!,5,2026-05-15 02:30:00,42293,42333,42292,42324,41938.4697916667,42018.4697916667,42138.4697916667,41828.4697916667,41738.4697916667,42238.4714489315,42131.4023526693,0.8590134882
2026-05-15 02:40:05,MXF1!,5,2026-05-15 02:35:00,42321,42328,42309,42321,41940.56875,42020.56875,42140.56875,41830.56875,41740.56875,42241.7078626988,42135.1567615273,0.8566760018
2026-05-15 02:45:08,MXF1!,5,2026-05-15 02:40:00,42322,42322,42294,42316,41942.4708333333,42022.4708333333,42142.4708333333,41832.4708333333,41742.4708333333,42244.6212798479,42138.7378157545,0.853093541
2026-05-15 02:50:05,MXF1!,5,2026-05-15 02:45:00,42315,42337,42306,42333,41944.553125,42024.553125,42144.553125,41834.553125,41744.553125,42248.0871120107,42142.5845916802,0.863917399
2026-05-15 02:55:04,MXF1!,5,2026-05-15 02:50:00,42334,42350,42333,42342,41947.0364583333,42027.0364583333,42147.0364583333,41837.0364583333,41747.0364583333,42251.7699703633,42146.5334116469,0.8694743732
2026-05-15 03:00:07,MXF1!,5,2026-05-15 02:55:00,42339,42361,42338,42346,41949.9,42029.9,42149.9,41839.9,41749.9,42255.4652656431,42150.4832450796,0.8718194068
2026-05-15 03:05:06,MXF1!,5,2026-05-15 03:00:00,42346,42364,42343,42354,41953.0989583333,42033.0989583333,42153.0989583333,41843.0989583333,41753.0989583333,42259.3293728728,42154.5132798305,0.876693023
2026-05-15 03:10:02,MXF1!,5,2026-05-15 03:05:00,42357,42362,42347,42357,41956.1677083333,42036.1677083333,42156.1677083333,41846.1677083333,41756.1677083333,42263.1595935445,42158.5229178537,0.878230914
2026-05-15 03:15:07,MXF1!,5,2026-05-15 03:10:00,42359,42363,42339,42345,41959.609375,42039.609375,42159.609375,41849.609375,41759.609375,42266.3690212486,42162.2155333417,0.8700175007
2026-05-15 03:20:03,MXF1!,5,2026-05-15 03:15:00,42346,42358,42342,42342,41962.7322916667,42042.7322916667,42162.7322916667,41852.7322916667,41762.7322916667,42269.334941984,42165.7756217904,0.8677441577
2026-05-15 03:25:02,MXF1!,5,2026-05-15 03:20:00,42344,42370,42344,42353,41965.7302083333,42045.7302083333,42165.7302083333,41855.7302083333,41765.7302083333,42272.6159246513,42169.4830352203,0.8746038441
2026-05-15 03:30:07,MXF1!,5,2026-05-15 03:25:00,42358,42358,42332,42340,41968.7552083333,42048.7552083333,42168.7552083333,41858.7552083333,41768.7552083333,42275.25843741,42172.8596087803,0.8658307607
2026-05-15 03:35:02,MXF1!,5,2026-05-15 03:30:00,42335,42370,42334,42353,41971.65625,42051.65625,42171.65625,41861.65625,41771.65625,42278.307126139,42176.4267452401,0.8739313048
2026-05-15 03:40:02,MXF1!,5,2026-05-15 03:35:00,42351,42355,42342,42347,41974.3135416667,42054.3135416667,42174.3135416667,41864.3135416667,41774.3135416667,42281.0009643297,42179.8044334532,0.8697138597
2026-05-15 03:45:09,MXF1!,5,2026-05-15 03:40:00,42345,42363,42343,42351,41977.2427083333,42057.2427083333,42177.2427083333,41867.2427083333,41777.2427083333,42283.746024552,42183.1944446719,0.8720369842
2026-05-15 03:50:04,MXF1!,5,2026-05-15 03:45:00,42346,42361,42342,42348,41980.065625,42060.065625,42180.065625,41870.065625,41780.065625,42286.2657882951,42186.457921015,0.8697669597
2026-05-15 03:55:02,MXF1!,5,2026-05-15 03:50:00,42345,42352,42323,42340,41983.109375,42063.109375,42183.109375,41873.109375,41783.109375,42288.3730122835,42189.4983582227,0.8642909661
2026-05-15 04:00:07,MXF1!,5,2026-05-15 03:55:00,42340,42340,42313,42329,41986.3385416667,42066.3385416667,42186.3385416667,41876.3385416667,41786.3385416667,42289.9662274881,42192.2607669707,0.8568801899
2026-05-15 04:05:03,MXF1!,5,2026-05-15 04:00:00,42327,42344,42312,42342,41989.9677083333,42069.9677083333,42189.9677083333,41879.9677083333,41789.9677083333,42292.0067675866,42195.225900298,0.865074264
2026-05-15 04:10:03,MXF1!,5,2026-05-15 04:05:00,42337,42346,42337,42342,41993.69375,42073.69375,42193.69375,41883.69375,41793.69375,42293.9672865048,42198.1323181139,0.8648256192
2026-05-15 04:15:02,MXF1!,5,2026-05-15 04:10:00,42344,42346,42336,42340,41997.5270833333,42077.5270833333,42197.5270833333,41887.5270833333,41797.5270833333,42295.7724909556,42200.9415791414,0.8633123795
2026-05-15 04:20:05,MXF1!,5,2026-05-15 04:15:00,42338,42341,42324,42324,42001.184375,42081.184375,42201.184375,41891.184375,41801.184375,42296.8794520946,42203.3783795544,0.8527805501
2026-05-15 04:25:18,MXF1!,5,2026-05-15 04:20:00,42326,42337,42319,42329,42004.93125,42084.93125,42204.93125,41894.93125,41804.93125,42298.1390814242,42205.8659363949,0.8558646051
2026-05-15 04:30:09,MXF1!,5,2026-05-15 04:25:00,42327,42330,42321,42325,42008.471875,42088.471875,42208.471875,41898.471875,41808.471875,42299.1924507801,42208.2250267633,0.8531358198
2026-05-15 04:35:10,MXF1!,5,2026-05-15 04:30:00,42322,42333,42319,42330,42012.3291666667,42092.3291666667,42212.3291666667,41902.3291666667,41812.3291666667,42300.4005899652,42210.636412372,0.8561871141
2026-05-15 04:40:05,MXF1!,5,2026-05-15 04:35:00,42331,42336,42325,42336,42016.08125,42096.08125,42216.08125,41906.08125,41816.08125,42301.7966452607,42213.1188596517,0.8598164772
2026-05-15 04:45:03,MXF1!,5,2026-05-15 04:40:00,42331,42345,42330,42339,42019.5697916667,42099.5697916667,42219.5697916667,41909.5697916667,41819.5697916667,42303.2556003485,42215.6115555002,0.8614973018
2026-05-15 04:50:03,MXF1!,5,2026-05-15 04:45:00,42340,42340,42306,42319,42023.3520833333,42103.3520833333,42223.3520833333,41913.3520833333,41823.3520833333,42303.8730277858,42217.6588514309,0.8482476315
2026-05-15 04:55:01,MXF1!,5,2026-05-15 04:50:00,42321,42321,42305,42318,42026.8875,42106.8875,42226.8875,41916.8875,41826.8875,42304.4270266962,42219.6458048679,0.8472855763
2026-05-15 05:01:02,MXF1!,5,2026-05-15 04:55:00,42316,42365,42316,42362,42030.4802083333,42110.4802083333,42230.4802083333,41920.4802083333,41830.4802083333,42306.6847903551,42222.464699821,0.8753899701
2026-05-15 08:49:58,MXF1!,5,2026-05-15 08:45:00,42291,42364,42232,42341,42033.915625,42113.915625,42233.915625,41923.915625,41833.915625,42308.030484851,42224.8119334879,0.861432475
2026-05-15 08:55:00,MXF1!,5,2026-05-15 08:50:00,42339,42353,42281,42330,42037.2645833333,42117.2645833333,42237.2645833333,41927.2645833333,41837.2645833333,42308.8920344647,42226.8948654981,0.853981987
2026-05-15 09:00:00,MXF1!,5,2026-05-15 08:55:00,42331,42353,42290,42296,42040.7197916667,42120.7197916667,42240.7197916667,41930.7197916667,41840.7197916667,42308.3864644857,42228.2632840031,0.8318162609
2026-05-15 09:04:58,MXF1!,5,2026-05-15 09:00:00,42297,42453,42282,42371,42044.7979166667,42124.7979166667,42244.7979166667,41934.7979166667,41844.7979166667,42310.841897251,42231.0897536268,0.8799857163
2026-05-15 09:09:59,MXF1!,5,2026-05-15 09:05:00,42374,42424,42260,42298,42048.25,42128.25,42248.25,41938.25,41848.25,42310.3382934372,42232.4147090005,0.8326678836
2026-05-15 09:15:00,MXF1!,5,2026-05-15 09:10:00,42296,42342,42248,42318,42051.2708333333,42131.2708333333,42251.2708333333,41941.2708333333,41851.2708333333,42310.6387525181,42234.1094672381,0.8453726602
2026-05-15 09:19:59,MXF1!,5,2026-05-15 09:15:00,42314,42341,42238,42281,42054.2572916667,42134.2572916667,42254.2572916667,41944.2572916667,41854.2572916667,42309.4764484978,42235.0379926393,0.8213526237
2026-05-15 09:24:58,MXF1!,5,2026-05-15 09:20:00,42282,42283,42085,42197,42056.490625,42136.490625,42256.490625,41946.490625,41856.490625,42305.0656073802,42234.2847650623,0.7671198387
2026-05-15 09:30:00,MXF1!,5,2026-05-15 09:25:00,42200,42211,42045,42082,42058.4260416667,42138.4260416667,42258.4260416667,41948.4260416667,41858.4260416667,42296.3179365025,42231.2692251601,0.693009612
2026-05-15 09:34:59,MXF1!,5,2026-05-15 09:30:00,42078,42083,41950,42032,42059.4822916667,42139.4822916667,42259.4822916667,41949.4822916667,41859.4822916667,42285.9525272279,42227.3232999094,0.6608783096
2026-05-15 09:39:59,MXF1!,5,2026-05-15 09:35:00,42031,42128,42007,42079,42060.821875,42140.821875,42260.821875,41950.821875,41860.821875,42277.8367418465,42224.3862048617,0.6914004567
2026-05-15 09:44:58,MXF1!,5,2026-05-15 09:40:00,42079,42135,42036,42102,42062.2479166667,42142.2479166667,42262.2479166667,41952.2479166667,41862.2479166667,42270.9411833427,42221.9627156565,0.7064226591
2026-05-15 09:50:00,MXF1!,5,2026-05-15 09:45:00,42103,42121,41893,41939,42063.146875,42143.146875,42263.146875,41953.146875,41863.146875,42257.9238820351,42216.3594935643,0.6013280051
2026-05-15 09:54:58,MXF1!,5,2026-05-15 09:50:00,41938,41956,41785,41842,42063.4802083333,42143.4802083333,42263.4802083333,41953.4802083333,41863.4802083333,42241.6131415632,42208.9464342858,0.5388681777
2026-05-15 10:00:00,MXF1!,5,2026-05-15 09:55:00,41840,41875,41642,41696,42063.3697916667,42143.3697916667,42263.3697916667,41953.3697916667,41863.3697916667,42220.2165477764,42198.7890791514,0.4446983702
2026-05-15 10:04:58,MXF1!,5,2026-05-15 10:00:00,41699,41770,41651,41743,42063.54375,42143.54375,42263.54375,41953.54375,41863.54375,42201.5021733538,42189.7635528316,0.475451098
2026-05-15 10:09:59,MXF1!,5,2026-05-15 10:05:00,41744,41753,41604,41678,42063.665625,42143.665625,42263.665625,41953.665625,41863.665625,42180.9726763595,42179.6296210924,0.4336458467
2026-05-15 10:14:59,MXF1!,5,2026-05-15 10:10:00,41683,41750,41622,41690,42064.0541666667,42144.0541666667,42264.0541666667,41954.0541666667,41864.0541666667,42161.718845914,42169.9339850311,0.441742901
2026-05-15 10:20:00,MXF1!,5,2026-05-15 10:15:00,41687,41759,41663,41719,42064.853125,42144.853125,42264.853125,41954.853125,41864.853125,42144.3573225448,42161.0045991889,0.4608604467
2026-05-15 10:25:00,MXF1!,5,2026-05-15 10:20:00,41718,41835,41696,41813,42065.6666666667,42145.6666666667,42265.6666666667,41955.6666666667,41865.6666666667,42131.3629177392,42154.113419007,0.5221679157
2026-05-15 10:30:02,MXF1!,5,2026-05-15 10:25:00,41816,41847,41661,41689,42066.0791666667,42146.0791666667,42266.0791666667,41956.0791666667,41866.0791666667,42114.0153523376,42144.903252294,0.4419081511
2026-05-15 10:35:01,MXF1!,5,2026-05-15 10:30:00,41691,41730,41651,41701,42065.9958333333,42145.9958333333,42265.9958333333,41955.9958333333,41865.9958333333,42097.8186718538,42136.1130888822,0.4500027272
2026-05-15 10:40:01,MXF1!,5,2026-05-15 10:35:00,41707,41734,41635,41652,42066.06875,42146.06875,42266.06875,41956.06875,41866.06875,42080.3355866831,42126.5266910825,0.418460351
2026-05-15 10:45:01,MXF1!,5,2026-05-15 10:40:00,41655,41833,41630,41795,42066.4927083333,42146.4927083333,42266.4927083333,41956.4927083333,41866.4927083333,42069.1459558328,42119.9618061106,0.5118280675
2026-05-15 10:50:03,MXF1!,5,2026-05-15 10:45:00,41793,41840,41681,41743,42066.4479166667,42146.4479166667,42266.4479166667,41956.4479166667,41866.4479166667,42056.3559183491,42112.4972158906,0.4782728944
2026-05-15 10:55:00,MXF1!,5,2026-05-15 10:50:00,41745,41820,41724,41788,42066.45625,42146.45625,42266.45625,41956.45625,41866.45625,42045.8321568452,42106.0715284472,0.5079073578
2026-05-15 11:00:04,MXF1!,5,2026-05-15 10:55:00,41791,41810,41718,41764,42066.5010416667,42146.5010416667,42266.5010416667,41956.5010416667,41866.5010416667,42034.7799154003,42099.2978348146,0.4925602411
2026-05-15 11:05:00,MXF1!,5,2026-05-15 11:00:00,41770,41795,41723,41760,42066.2666666667,42146.2666666667,42266.2666666667,41956.2666666667,41866.2666666667,42024.0042324434,42092.5790658084,0.4902372473
2026-05-15 11:10:02,MXF1!,5,2026-05-15 11:05:00,41756,41767,41663,41684,42065.8385416667,42145.8385416667,42265.8385416667,41955.8385416667,41865.8385416667,42010.6707331319,42084.4883912379,0.4409244884
2026-05-15 11:15:02,MXF1!,5,2026-05-15 11:10:00,41684,41718,41646,41660,42065.2166666667,42145.2166666667,42265.2166666667,41955.2166666667,41865.2166666667,41996.9189396758,42076.0826805203,0.4255747365
2026-05-15 11:20:00,MXF1!,5,2026-05-15 11:15:00,41660,41690,41586,41647,42064.2645833333,42144.2645833333,42264.2645833333,41954.2645833333,41864.2645833333,41983.1966283159,42067.5859937774,0.4174127612
2026-05-15 11:25:00,MXF1!,5,2026-05-15 11:20:00,41648,41648,41548,41607,42062.6916666667,42142.6916666667,42262.6916666667,41952.6916666667,41862.6916666667,41968.4438193624,42058.4654790491,0.3915817111
2026-05-15 11:30:02,MXF1!,5,2026-05-15 11:25:00,41605,41679,41596,41627,42061.4104166667,42141.4104166667,42261.4104166667,41951.4104166667,41861.4104166667,41955.0538656619,42049.9216081768,0.405019803
2026-05-15 11:35:01,MXF1!,5,2026-05-15 11:30:00,41623,41634,41505,41505,42059.75625,42139.75625,42259.75625,41949.75625,41859.75625,41937.4046944595,42039.1310812822,0.3254986232
2026-05-15 11:40:01,MXF1!,5,2026-05-15 11:35:00,41507,41626,41420,41591,42058.1041666667,42138.1041666667,42258.1041666667,41948.1041666667,41858.1041666667,41923.8201966375,42030.2571984846,0.3822373728
2026-05-15 11:45:00,MXF1!,5,2026-05-15 11:40:00,41595,41683,41586,41629,42057.1625,42137.1625,42257.1625,41947.1625,41857.1625,41912.2586202988,42022.3115113859,0.4075164543
2026-05-15 11:50:00,MXF1!,5,2026-05-15 11:45:00,41634,41698,41624,41695,42056.528125,42136.528125,42256.528125,41946.528125,41856.528125,41903.7386744047,42015.8300953188,0.4511794537
2026-05-15 11:55:00,MXF1!,5,2026-05-15 11:50:00,41696,41696,41606,41621,42055.703125,42135.703125,42255.703125,41945.703125,41855.703125,41892.6508832516,42008.0116775897,0.4029176151
2026-05-15 12:00:05,MXF1!,5,2026-05-15 11:55:00,41621,41653,41608,41630,42054.709375,42134.709375,42254.709375,41944.709375,41854.709375,41882.3508486143,42000.5262978355,0.4091861097
2026-05-15 12:05:01,MXF1!,5,2026-05-15 12:00:00,41630,41634,41576,41629,42053.4291666667,42133.4291666667,42253.4291666667,41943.4291666667,41853.4291666667,41872.4155212176,41993.1693414427,0.4088847307
2026-05-15 12:10:00,MXF1!,5,2026-05-15 12:05:00,41629,41655,41571,41597,42052.190625,42132.190625,42252.190625,41942.190625,41852.190625,41861.6149125424,41985.3244039884,0.3881816805
2026-05-15 12:15:00,MXF1!,5,2026-05-15 12:10:00,41599,41606,41508,41595,42050.63125,42130.63125,42250.63125,41940.63125,41850.63125,41851.1594257761,41977.5952078698,0.3872322151
2026-05-15 12:20:01,MXF1!,5,2026-05-15 12:15:00,41594,41623,41525,41536,42048.9239583333,42128.9239583333,42248.9239583333,41938.9239583333,41848.9239583333,41838.8002326084,41968.850748308,0.3487210408
2026-05-15 12:25:00,MXF1!,5,2026-05-15 12:20:00,41535,41546,41507,41544,42047.0875,42127.0875,42247.0875,41937.0875,41847.0875,41827.2394391728,41960.4378622029,0.3543915736
2026-05-15 12:30:00,MXF1!,5,2026-05-15 12:25:00,41541,41560,41456,41465,42045.178125,42125.178125,42245.178125,41935.178125,41845.178125,41813.0339709699,41950.6272114662,0.3026478324
2026-05-15 12:35:00,MXF1!,5,2026-05-15 12:30:00,41464,41519,41403,41516,42043.2302083333,42123.2302083333,42243.2302083333,41933.2302083333,41843.2302083333,41801.3855799515,41942.0207320313,0.3367589293
2026-05-15 12:40:01,MXF1!,5,2026-05-15 12:35:00,41516,41547,41431,41482,42041.1739583333,42121.1739583333,42241.1739583333,41931.1739583333,41841.1739583333,41788.8606552475,41932.9114106049,0.3146852476
2026-05-15 12:45:01,MXF1!,5,2026-05-15 12:40:00,41488,41525,41400,41402,42038.93125,42118.93125,42238.93125,41928.93125,41838.93125,41773.6896491594,41922.3983133652,0.2622246082
2026-05-15 12:50:01,MXF1!,5,2026-05-15 12:45:00,41401,41411,41308,41324,42036.1770833333,42116.1770833333,42236.1770833333,41926.1770833333,41836.1770833333,41756.054760957,41910.5488418134,0.211222106
2026-05-15 12:54:59,MXF1!,5,2026-05-15 12:50:00,41325,41345,41287,41329,42033.2979166667,42113.2979166667,42233.2979166667,41923.2979166667,41833.2979166667,41739.3075154293,41899.0330231636,0.2151133637
2026-05-15 13:00:01,MXF1!,5,2026-05-15 12:55:00,41326,41331,41195,41218,42030.2395833333,42110.2395833333,42230.2395833333,41920.2395833333,41830.2395833333,41718.8640834517,41885.5472207248,0.1426047335
2026-05-15 13:05:01,MXF1!,5,2026-05-15 13:00:00,41219,41228,41117,41185,42026.7697916667,42106.7697916667,42226.7697916667,41916.7697916667,41826.7697916667,41697.9282370418,41871.6749985322,0.1217539684
2026-05-15 13:10:01,MXF1!,5,2026-05-15 13:05:00,41186,41212,41077,41179,42023.2177083333,42103.2177083333,42223.2177083333,41913.2177083333,41823.2177083333,41677.578110099,41857.9586619276,0.118738781
2026-05-15 13:15:01,MXF1!,5,2026-05-15 13:10:00,41180,41206,41130,41182,42019.8510416667,42099.8510416667,42219.8510416667,41909.8510416667,41819.8510416667,41658.1436744088,41844.5733418894,0.1216439394
2026-05-15 13:20:00,MXF1!,5,2026-05-15 13:15:00,41183,41200,41125,41162,42016.4,42096.4,42216.4,41906.4,41816.4,41638.6870597262,41831.0570380896,0.1094551045
2026-05-15 13:25:00,MXF1!,5,2026-05-15 13:20:00,41166,41195,41133,41139,42013.3,42093.3,42213.3,41903.3,41813.3,41619.0914887565,41817.3529383255,0.0953713149
2026-05-15 13:30:01,MXF1!,5,2026-05-15 13:25:00,41142,41210,41106,41200,42010.2322916667,42090.2322916667,42210.2322916667,41900.2322916667,41810.2322916667,41602.6565284131,41805.1281276656,0.1363030982
2026-05-15 13:35:01,MXF1!,5,2026-05-15 13:30:00,41199,41205,41092,41116,42006.75,42086.75,42206.75,41896.75,41806.75,41583.5719586714,41791.4820261276,0.0822575884
2026-05-15 13:40:00,MXF1!,5,2026-05-15 13:35:00,41113,41120,41029,41066,42002.8270833333,42082.8270833333,42202.8270833333,41892.8270833333,41802.8270833333,41563.2750191157,41777.1160454122,0.050751223
2026-05-15 13:45:01,MXF1!,5,2026-05-15 13:40:00,41066,41070,40977,41003,41998.5604166667,42078.5604166667,42198.5604166667,41888.5604166667,41798.5604166667,41541.3034497386,41761.78701481,0.0110059382
2026-05-15 13:47:00,MXF1!,5,2026-05-15 13:45:00,41001,41001,41001,41001,41997.6614583333,42077.6614583333,42197.6614583333,41887.6614583333,41797.6614583333,41520.1150791606,41746.7219254078,0.011217192
2026-05-15 15:05:01,MXF1!,5,2026-05-15 15:00:00,41150,41207,41104,41125,41994.0041666667,42074.0041666667,42194.0041666667,41884.0041666667,41794.0041666667,41504.6203701739,41734.4106001522,0.0932430029
2026-05-15 15:10:03,MXF1!,5,2026-05-15 15:05:00,41129,41176,41126,41156,41990.3510416667,42070.3510416667,42190.3510416667,41880.3510416667,41790.3510416667,41490.9489831083,41722.9569249017,0.1144257865
2026-05-15 15:15:04,MXF1!,5,2026-05-15 15:10:00,41153,41197,41150,41195,41986.6177083333,42066.6177083333,42186.6177083333,41876.6177083333,41786.6177083333,41479.3431406334,41712.5023323294,0.1406913827
2026-05-15 15:20:04,MXF1!,5,2026-05-15 15:15:00,41196,41220,41183,41197,41982.9291666667,42062.9291666667,42182.9291666667,41872.9291666667,41782.9291666667,41468.2708606086,41702.2943653526,0.1428373966
2026-05-15 15:25:03,MXF1!,5,2026-05-15 15:20:00,41199,41223,41151,41152,41979.284375,42059.284375,42179.284375,41869.284375,41779.284375,41455.8680817612,41691.3974472268,0.1145256363
2026-05-15 15:30:05,MXF1!,5,2026-05-15 15:25:00,41153,41158,41125,41153,41975.4166666667,42055.4166666667,42175.4166666667,41865.4166666667,41775.4166666667,41443.9909020843,41680.7361116381,0.1161333094
2026-05-15 15:35:01,MXF1!,5,2026-05-15 15:30:00,41154,41160,41056,41059,41971.446875,42051.446875,42171.446875,41861.446875,41771.446875,41428.8932196496,41668.4245054671,0.0563707713
2026-05-15 15:40:04,MXF1!,5,2026-05-15 15:35:00,41061,41074,41017,41030,41967.1364583333,42047.1364583333,42167.1364583333,41857.1364583333,41767.1364583333,41413.2503482908,41655.7824360519,0.0389423909
2026-05-15 15:45:03,MXF1!,5,2026-05-15 15:40:00,41027,41031,40986,41004,41962.6854166667,42042.6854166667,42162.6854166667,41852.6854166667,41762.6854166667,41397.2013150245,41642.8758531597,0.0235796466
2026-05-15 15:50:02,MXF1!,5,2026-05-15 15:45:00,41001,41014,40983,41008,41958.1302083333,42038.1302083333,42158.1302083333,41848.1302083333,41758.1302083333,41381.9385183569,41630.3040540873,0.0276075043
2026-05-15 15:55:02,MXF1!,5,2026-05-15 15:50:00,41008,41009,40913,40944,41953.215625,42033.215625,42153.215625,41843.215625,41753.215625,41364.7644588135,41616.7138747984,-0.01198116
2026-05-15 16:00:03,MXF1!,5,2026-05-15 15:55:00,40945,40953,40839,40861,41948.1145833333,42028.1145833333,42148.1145833333,41838.1145833333,41748.1145833333,41345.0089898404,41601.7492436143,-0.0633436242
2026-05-15 16:05:02,MXF1!,5,2026-05-15 16:00:00,40862,40874,40770,40794,41942.4375,42022.4375,42142.4375,41832.4375,41742.4375,41323.4007941604,41585.7542090873,-0.1039108753
2026-05-15 16:10:03,MXF1!,5,2026-05-15 16:05:00,40789,40865,40777,40852,41936.9697916667,42016.9697916667,42136.9697916667,41826.9697916667,41736.9697916667,41304.914488507,41571.2244227687,-0.0646388476
2026-05-15 16:15:05,MXF1!,5,2026-05-15 16:10:00,40854,40867,40821,40842,41931.4677083333,42011.4677083333,42131.4677083333,41821.4677083333,41731.4677083333,41286.7609791538,41556.7843351891,-0.0688695798
2026-05-15 16:20:03,MXF1!,5,2026-05-15 16:15:00,40839,40839,40712,40740,41925.56875,42005.56875,42125.56875,41815.56875,41725.56875,41265.3193721282,41540.6103879577,-0.1311659651
2026-05-15 16:25:01,MXF1!,5,2026-05-15 16:20:00,40736,40765,40721,40762,41919.7114583333,41999.7114583333,42119.7114583333,41809.7114583333,41719.7114583333,41245.5813575349,41525.1923604734,-0.1146007908
2026-05-15 16:30:02,MXF1!,5,2026-05-15 16:25:00,40760,40775,40640,40650,41913.6083333333,41993.6083333333,42113.6083333333,41803.6083333333,41713.6083333333,41222.2252258669,41507.8618186818,-0.182318593
2026-05-15 16:35:01,MXF1!,5,2026-05-15 16:30:00,40648,40656,40602,40642,41907.1020833333,41987.1020833333,42107.1020833333,41797.1020833333,41707.1020833333,41199.4712954407,41490.716040094,-0.1840388578
2026-05-15 16:40:01,MXF1!,5,2026-05-15 16:35:00,40639,40718,40620,40715,41900.7864583333,41980.7864583333,42100.7864583333,41790.7864583333,41700.7864583333,41180.4724211097,41475.3553264288,-0.1353130351
2026-05-15 16:45:02,MXF1!,5,2026-05-15 16:40:00,40714,40788,40713,40781,41894.8833333333,41974.8833333333,42094.8833333333,41784.8833333333,41694.8833333333,41164.8068359681,41461.6057160045,-0.0915779231
2026-05-15 16:50:02,MXF1!,5,2026-05-15 16:45:00,40784,40824,40762,40770,41889.0260416667,41969.0260416667,42089.0260416667,41779.0260416667,41689.0260416667,41149.3242149498,41447.9105533113,-0.096098729
2026-05-15 16:55:02,MXF1!,5,2026-05-15 16:50:00,40773,40778,40700,40710,41882.7625,41962.7625,42082.7625,41772.7625,41682.7625,41132.0958143635,41433.2984631468,-0.1308737329
2026-05-15 17:00:12,MXF1!,5,2026-05-15 16:55:00,40710,40744,40687,40725,41876.509375,41956.509375,42076.509375,41766.509375,41676.509375,41116.1312726238,41419.2727510052,-0.1189322017
2026-05-15 17:05:03,MXF1!,5,2026-05-15 17:00:00,40727,40741,40669,40715,41870.028125,41950.028125,42070.028125,41760.028125,41670.028125,41100.4006344817,41405.3267559358,-0.1225164928
2026-05-15 17:10:02,MXF1!,5,2026-05-15 17:05:00,40715,40748,40692,40731,41863.6572916667,41943.6572916667,42063.6572916667,41753.6572916667,41663.6572916667,41085.9143350902,41391.9737508678,-0.1100888916
