Record Time,Symbol,Timeframe,TradingView Time,Open,High,Low,Close,MA_960,MA_P80,MA_P200,MA_N110,MA_N200,tt_short,tt_long,BBR
2026-04-30 16:10:01,MXF1!,10,2026-04-30 16:00:00,39562,39685,39555,39619,39464.8864583333,39544.8864583333,39664.8864583333,39354.8864583333,39264.8864583333,39493.5507616523,39482.1319984614,0.7389554788
2026-04-30 16:20:01,MXF1!,10,2026-04-30 16:10:00,39617,39649,39609,39628,39466.009375,39546.009375,39666.009375,39356.009375,39266.009375,39498.8232808031,39485.0204737394,0.7410297871
2026-04-30 16:30:01,MXF1!,10,2026-04-30 16:20:00,39629,39653,39577,39645,39466.8010416667,39546.8010416667,39666.8010416667,39356.8010416667,39266.8010416667,39504.5557011638,39488.1883851505,0.7453837918
2026-04-30 16:40:01,MXF1!,10,2026-04-30 16:30:00,39648,39725,39648,39718,39468.0145833333,39548.0145833333,39668.0145833333,39358.0145833333,39268.0145833333,39512.9260658241,39492.739110197,0.7657132209
2026-04-30 16:50:01,MXF1!,10,2026-04-30 16:40:00,39717,39742,39668,39685,39469.4510416667,39549.4510416667,39669.4510416667,39359.4510416667,39269.4510416667,39519.6740632427,39496.5462565298,0.7557463995
2026-04-30 17:00:04,MXF1!,10,2026-04-30 16:50:00,39684,39684,39621,39636,39470.1385416667,39550.1385416667,39670.1385416667,39360.1385416667,39270.1385416667,39524.2358646842,39499.3077167965,0.7412286755
2026-04-30 17:09:57,MXF1!,10,2026-04-30 17:00:00,39638,39665,39605,39633,39470.8427083333,39550.8427083333,39670.8427083333,39360.8427083333,39270.8427083333,39528.5011248926,39501.9550887411,0.739873135
2026-04-30 17:19:57,MXF1!,10,2026-04-30 17:10:00,39632,39632,39581,39585,39471.5416666667,39551.5416666667,39671.5416666667,39361.5416666667,39271.5416666667,39530.7167670537,39503.5995424294,0.725658399
2026-04-30 17:30:00,MXF1!,10,2026-04-30 17:20:00,39582,39673,39551,39664,39472.6010416667,39552.6010416667,39672.6010416667,39362.6010416667,39272.6010416667,39535.9435605026,39506.775789114,0.747770849
2026-04-30 17:40:02,MXF1!,10,2026-04-30 17:30:00,39664,39766,39664,39737,39475.8635416667,39555.8635416667,39675.8635416667,39365.8635416667,39275.8635416667,39543.8281267574,39511.3346843791,0.7681293349
2026-04-30 17:50:01,MXF1!,10,2026-04-30 17:40:00,39734,39742,39672,39706,39478.896875,39558.896875,39678.896875,39368.896875,39278.896875,39550.187808061,39515.1894431042,0.7587625926
2026-04-30 18:00:07,MXF1!,10,2026-04-30 17:50:00,39707,39720,39686,39707,39482.1552083333,39562.1552083333,39682.1552083333,39372.1552083333,39282.1552083333,39556.3373057841,39518.9876719537,0.7585509804
2026-04-30 18:09:59,MXF1!,10,2026-04-30 18:00:00,39708,39776,39708,39740,39485.4072916667,39565.4072916667,39685.4072916667,39375.4072916667,39285.4072916667,39563.5397643808,39523.3641536972,0.7674994949
2026-04-30 18:19:58,MXF1!,10,2026-04-30 18:10:00,39744,39761,39711,39733,39488.4479166667,39568.4479166667,39688.4479166667,39378.4479166667,39288.4479166667,39570.1852638169,39527.5153585744,0.7649731174
2026-04-30 18:30:07,MXF1!,10,2026-04-30 18:20:00,39732,39784,39731,39783,39492.3260416667,39572.3260416667,39692.3260416667,39382.3260416667,39292.3260416667,39578.5309397456,39532.5744603849,0.7787863556
2026-04-30 18:40:01,MXF1!,10,2026-04-30 18:30:00,39784,39798,39708,39715,39496.828125,39576.828125,39696.828125,39386.828125,39296.828125,39583.8826675987,39536.1868473079,0.7587304735
2026-04-30 18:50:00,MXF1!,10,2026-04-30 18:40:00,39717,39737,39704,39709,39500.9395833333,39580.9395833333,39700.9395833333,39390.9395833333,39300.9395833333,39588.7892296537,39539.6088899355,0.7564854334
2026-04-30 19:00:00,MXF1!,10,2026-04-30 18:50:00,39709,39728,39673,39715,39504.2041666667,39584.2041666667,39704.2041666667,39394.2041666667,39304.2041666667,39593.7386716281,39543.0819812239,0.7576993463
2026-04-30 19:09:59,MXF1!,10,2026-04-30 19:00:00,39720,39780,39719,39767,39508.2489583333,39588.2489583333,39708.2489583333,39398.2489583333,39308.2489583333,39600.533233525,39547.5160013977,0.7721382055
2026-04-30 19:19:59,MXF1!,10,2026-04-30 19:10:00,39766,39810,39748,39800,39512.0208333333,39592.0208333333,39712.0208333333,39402.0208333333,39312.0208333333,39608.3554596613,39552.5156845383,0.7810865641
2026-04-30 19:30:00,MXF1!,10,2026-04-30 19:20:00,39800,39845,39790,39843,39515.2864583333,39595.2864583333,39715.2864583333,39405.2864583333,39315.2864583333,39617.5572063412,39558.2678492009,0.7928875397
2026-04-30 19:39:58,MXF1!,10,2026-04-30 19:30:00,39841,39855,39795,39799,39518.3052083333,39598.3052083333,39718.3052083333,39408.3052083333,39318.3052083333,39624.6726100141,39563.0348224841,0.7796626364
2026-04-30 19:49:58,MXF1!,10,2026-04-30 19:40:00,39799,39828,39786,39819,39521.2395833333,39601.2395833333,39721.2395833333,39411.2395833333,39321.2395833333,39632.2932919743,39568.1034398606,0.7848663558
2026-04-30 20:00:03,MXF1!,10,2026-04-30 19:50:00,39820,39830,39796,39801,39524.140625,39604.140625,39724.140625,39414.140625,39324.140625,39638.9092413087,39572.7152529327,0.7791222196
2026-04-30 20:10:00,MXF1!,10,2026-04-30 20:00:00,39801,39846,39788,39839,39527.3864583333,39607.3864583333,39727.3864583333,39417.3864583333,39327.3864583333,39646.7559377279,39577.9882182211,0.7895010548
2026-04-30 20:20:01,MXF1!,10,2026-04-30 20:10:00,39840,39888,39827,39879,39531.71875,39611.71875,39731.71875,39421.71875,39331.71875,39655.8635480131,39583.9488475633,0.8004321056
2026-04-30 20:30:05,MXF1!,10,2026-04-30 20:20:00,39876,39895,39867,39880,39536.1052083333,39616.1052083333,39736.1052083333,39426.1052083333,39336.1052083333,39664.6532127969,39589.8112466215,0.8001176304
2026-04-30 20:40:00,MXF1!,10,2026-04-30 20:30:00,39880,39889,39843,39856,39540.3427083333,39620.3427083333,39740.3427083333,39430.3427083333,39340.3427083333,39672.1570083735,39595.0823110448,0.7926072884
2026-04-30 20:50:00,MXF1!,10,2026-04-30 20:40:00,39855,39870,39812,39864,39544.5333333333,39624.5333333333,39744.5333333333,39434.5333333333,39344.5333333333,39679.6802629471,39600.4074137964,0.794329164
2026-04-30 21:00:01,MXF1!,10,2026-04-30 20:50:00,39862,39903,39856,39889,39550.2552083333,39630.2552083333,39750.2552083333,39440.2552083333,39350.2552083333,39687.8888800864,39606.1221184737,0.8009637298
2026-04-30 21:10:01,MXF1!,10,2026-04-30 21:00:00,39889,39910,39878,39889,39555.7572916667,39635.7572916667,39755.7572916667,39445.7572916667,39355.7572916667,39695.7755906713,39611.7236606821,0.8003909514
2026-04-30 21:20:00,MXF1!,10,2026-04-30 21:10:00,39888,39890,39846,39863,39560.8947916667,39640.8947916667,39760.8947916667,39450.8947916667,39360.8947916667,39702.333410645,39616.6994297775,0.7923186986
2026-04-30 21:30:05,MXF1!,10,2026-04-30 21:20:00,39861,39866,39821,39833,39566.1083333333,39646.1083333333,39766.1083333333,39456.1083333333,39366.1083333333,39707.4575906197,39620.9826093859,0.7831152455
2026-04-30 21:40:03,MXF1!,10,2026-04-30 21:30:00,39833,39833,39649,39680,39570.775,39650.775,39770.775,39460.775,39370.775,39706.3808223601,39622.1512705862,0.738384981
2026-04-30 21:50:03,MXF1!,10,2026-04-30 21:40:00,39681,39720,39630,39683,39574.4208333333,39654.4208333333,39774.4208333333,39464.4208333333,39374.4208333333,39705.4639273656,39623.3561959211,0.7387857702
2026-04-30 22:00:11,MXF1!,10,2026-04-30 21:50:00,39684,39699,39535,39581,39577.2947916667,39657.2947916667,39777.2947916667,39467.2947916667,39377.2947916667,39700.5829890375,39622.5174593682,0.7087993174
2026-04-30 22:10:00,MXF1!,10,2026-04-30 22:00:00,39580,39666,39541,39566,39580.2052083333,39660.2052083333,39780.2052083333,39470.2052083333,39380.2052083333,39695.3052247615,39621.398301757,0.7040175521
2026-04-30 22:19:59,MXF1!,10,2026-04-30 22:10:00,39565,39618,39497,39573,39582.1739583333,39662.1739583333,39782.1739583333,39472.1739583333,39382.1739583333,39690.5089414375,39620.4399195439,0.7056218006
2026-04-30 22:30:09,MXF1!,10,2026-04-30 22:20:00,39570,39644,39564,39603,39584.5302083333,39664.5302083333,39784.5302083333,39474.5302083333,39384.5302083333,39687.0772182439,39620.0945746025,0.7139250711
2026-04-30 22:40:00,MXF1!,10,2026-04-30 22:30:00,39602,39676,39550,39553,39586.9479166667,39666.9479166667,39786.9479166667,39476.9479166667,39386.9479166667,39681.8192881167,39618.7659691648,0.6989840867
2026-04-30 22:49:59,MXF1!,10,2026-04-30 22:40:00,39555,39696,39554,39676,39589.5791666667,39669.5791666667,39789.5791666667,39479.5791666667,39389.5791666667,39681.5910807396,39619.8993163101,0.7343861238
2026-04-30 23:00:04,MXF1!,10,2026-04-30 22:50:00,39675,39794,39670,39778,39592.71875,39672.71875,39792.71875,39482.71875,39392.71875,39685.3718226713,39623.0300229178,0.7636765981
2026-04-30 23:09:59,MXF1!,10,2026-04-30 23:00:00,39780,39862,39775,39860,39597.346875,39677.346875,39797.346875,39487.346875,39397.346875,39692.2199864882,39627.7224977115,0.7871202965
2026-04-30 23:19:58,MXF1!,10,2026-04-30 23:10:00,39861,39886,39823,39863,39602.8166666667,39682.8166666667,39802.8166666667,39492.8166666667,39402.8166666667,39698.91724192,39632.3814581528,0.7875254385
2026-04-30 23:30:01,MXF1!,10,2026-04-30 23:20:00,39866,39866,39817,39848,39608.0979166667,39688.0979166667,39808.0979166667,39498.0979166667,39408.0979166667,39704.7636245898,39636.6511322488,0.7826805618
2026-04-30 23:39:59,MXF1!,10,2026-04-30 23:30:00,39849,39905,39817,39834,39613.8,39693.8,39813.8,39503.8,39413.8,39709.8317177431,39640.5590306201,0.7781207463
2026-04-30 23:49:59,MXF1!,10,2026-04-30 23:40:00,39832,39845,39782,39823,39619.2125,39699.2125,39819.2125,39509.2125,39419.2125,39714.2696895963,39644.1717230831,0.7744722275
2026-05-01 00:00:04,MXF1!,10,2026-04-30 23:50:00,39824,39865,39820,39836,39624.1375,39704.1375,39824.1375,39514.1375,39424.1375,39719.0434272592,39647.970302824,0.7778450753
2026-05-01 00:10:01,MXF1!,10,2026-05-01 00:00:00,39838,39859,39795,39837,39628.6291666667,39708.6291666667,39828.6291666667,39518.6291666667,39428.6291666667,39723.6691752098,39651.7134651443,0.7776755798
2026-05-01 00:20:04,MXF1!,10,2026-05-01 00:10:00,39836,39880,39834,39863,39632.8625,39712.8625,39832.8625,39522.8625,39432.8625,39729.1331291232,39655.8973569237,0.7848593287
2026-05-01 00:30:05,MXF1!,10,2026-05-01 00:20:00,39867,39877,39840,39864,39636.8729166667,39716.8729166667,39836.8729166667,39526.8729166667,39436.8729166667,39734.4220260203,39660.018201341,0.784678252
2026-05-01 00:40:01,MXF1!,10,2026-05-01 00:30:00,39868,39873,39847,39865,39641.528125,39721.528125,39841.528125,39531.528125,39441.528125,39739.5427308823,39664.077246859,0.7844900848
2026-05-01 00:50:02,MXF1!,10,2026-05-01 00:40:00,39865,39867,39810,39832,39646.071875,39726.071875,39846.071875,39536.071875,39446.071875,39743.1685061418,39667.4024498915,0.7742851966
2026-05-01 01:00:11,MXF1!,10,2026-05-01 00:50:00,39831,39835,39778,39804,39650.1197916667,39730.1197916667,39850.1197916667,39540.1197916667,39450.1197916667,39745.5540549205,39670.1073518739,0.7655609292
2026-05-01 01:10:02,MXF1!,10,2026-05-01 01:00:00,39808,39856,39805,39847,39654.5395833333,39734.5395833333,39854.5395833333,39544.5395833333,39454.5395833333,39749.5323272766,39673.6101765892,0.777819162
2026-05-01 01:20:03,MXF1!,10,2026-05-01 01:10:00,39845,39864,39810,39825,39660.3677083333,39740.3677083333,39860.3677083333,39550.3677083333,39460.3677083333,39752.491843854,39676.6079948746,0.7708411639
2026-05-01 01:30:07,MXF1!,10,2026-05-01 01:20:00,39828,39862,39805,39862,39665.7041666667,39745.7041666667,39865.7041666667,39555.7041666667,39465.7041666667,39756.7862813499,39680.279123689,0.7813348676
2026-05-01 01:40:04,MXF1!,10,2026-05-01 01:30:00,39861,39965,39859,39955,39671.6541666667,39751.6541666667,39871.6541666667,39561.6541666667,39471.6541666667,39764.5593683558,39685.7191410416,0.8084237645
2026-05-01 01:50:01,MXF1!,10,2026-05-01 01:40:00,39956,39978,39939,39943,39677.5708333333,39757.5708333333,39877.5708333333,39567.5708333333,39477.5708333333,39771.557040185,39690.8138115161,0.8043344816
2026-05-01 02:00:06,MXF1!,10,2026-05-01 01:50:00,39941,39985,39927,39977,39683.853125,39763.853125,39883.853125,39573.853125,39483.853125,39779.6136268444,39696.4808647534,0.8139012492
2026-05-01 02:10:02,MXF1!,10,2026-05-01 02:00:00,39980,40048,39979,40020,39686.1291666667,39766.1291666667,39886.1291666667,39576.1291666667,39486.1291666667,39789.0405434387,39702.8871842632,0.8261321973
2026-05-01 02:20:01,MXF1!,10,2026-05-01 02:10:00,40018,40064,40010,40046,39688.8854166667,39768.8854166667,39888.8854166667,39578.8854166667,39488.8854166667,39799.1173848725,39709.6814974461,0.8333062991
2026-05-01 02:30:04,MXF1!,10,2026-05-01 02:20:00,40047,40058,40022,40036,39692.6,39772.6,39892.6,39582.6,39492.6,39808.4068991912,39716.1432499719,0.829772083
2026-05-01 02:40:04,MXF1!,10,2026-05-01 02:30:00,40034,40073,40034,40063,39697.1489583333,39777.1489583333,39897.1489583333,39587.1489583333,39497.1489583333,39818.3909423602,39723.0117004675,0.8372549441
2026-05-01 02:50:03,MXF1!,10,2026-05-01 02:40:00,40060,40075,40044,40063,39701.2458333333,39781.2458333333,39901.2458333333,39591.2458333333,39501.2458333333,39827.9834544245,39729.7441420424,0.8366978913
2026-05-01 03:00:04,MXF1!,10,2026-05-01 02:50:00,40062,40083,40053,40060,39706.490625,39786.490625,39906.490625,39596.490625,39506.490625,39837.0821424863,39736.283862002,0.8352452816
2026-05-01 03:10:01,MXF1!,10,2026-05-01 03:00:00,40061,40153,40053,40142,39711.3260416667,39791.3260416667,39911.3260416667,39601.3260416667,39511.3260416667,39849.039705526,39744.3178449327,0.8591510894
2026-05-01 03:20:02,MXF1!,10,2026-05-01 03:10:00,40145,40166,40122,40136,39715.1447916667,39795.1447916667,39915.1447916667,39605.1447916667,39515.1447916667,39860.2930504074,39752.0739272112,0.8567417847
2026-05-01 03:30:02,MXF1!,10,2026-05-01 03:20:00,40137,40145,40108,40132,39718.9927083333,39798.9927083333,39918.9927083333,39608.9927083333,39518.9927083333,39870.9482249012,39759.5972157813,0.8549184862
2026-05-01 03:39:59,MXF1!,10,2026-05-01 03:30:00,40128,40194,40125,40194,39724.0177083333,39804.0177083333,39924.0177083333,39614.0177083333,39524.0177083333,39883.6169219639,39768.1992511124,0.8728039839
2026-05-01 03:50:00,MXF1!,10,2026-05-01 03:40:00,40192,40220,40157,40220,39730.459375,39810.459375,39930.459375,39620.459375,39530.459375,39896.8084152202,39777.1458005953,0.8799157772
2026-05-01 04:00:01,MXF1!,10,2026-05-01 03:50:00,40220,40234,40118,40118,39736.8375,39816.8375,39936.8375,39626.8375,39536.8375,39905.4825950155,39783.8953887023,0.8487444249
2026-05-01 04:10:00,MXF1!,10,2026-05-01 04:00:00,40117,40177,40053,40131,39743.1802083333,39823.1802083333,39943.1802083333,39633.1802083333,39543.1802083333,39914.3264148188,39790.7687473419,0.8520363135
2026-05-01 04:19:59,MXF1!,10,2026-05-01 04:10:00,40130,40135,40109,40117,39749.4885416667,39829.4885416667,39949.4885416667,39639.4885416667,39549.4885416667,39922.2743985514,39797.228772147,0.8472540889
2026-05-01 04:30:02,MXF1!,10,2026-05-01 04:20:00,40119,40152,40112,40124,39755.6604166667,39835.6604166667,39955.6604166667,39645.6604166667,39555.6604166667,39930.1852064514,39803.6994895302,0.848756202
2026-05-01 04:40:03,MXF1!,10,2026-05-01 04:30:00,40122,40125,40085,40093,39761.6489583333,39841.6489583333,39961.6489583333,39651.6489583333,39561.6489583333,39936.570100316,39809.4282125098,0.8388695064
2026-05-01 04:50:00,MXF1!,10,2026-05-01 04:40:00,40090,40090,39968,40022,39766.6729166667,39846.6729166667,39966.6729166667,39656.6729166667,39566.6729166667,39939.9202924605,39813.6375548363,0.816981752
2026-05-01 05:01:02,MXF1!,10,2026-05-01 04:50:00,40020,40099,40007,40094,39771.4729166667,39851.4729166667,39971.4729166667,39661.4729166667,39571.4729166667,39945.9626339326,39819.1892864237,0.8380736834
2026-05-04 08:55:00,MXF1!,10,2026-05-04 08:45:00,40423,40448,40230,40324,39778.7208333333,39858.7208333333,39978.7208333333,39668.7208333333,39578.7208333333,39960.7876286804,39829.1855381777,0.9065402961
2026-05-04 09:05:01,MXF1!,10,2026-05-04 08:55:00,40323,40364,40164,40242,39785.9416666667,39865.9416666667,39985.9416666667,39675.9416666667,39585.9416666667,39971.8155648105,39837.3600819762,0.881131062
2026-05-04 09:15:01,MXF1!,10,2026-05-04 09:05:00,40237,40540,40186,40513,39794.4479166667,39874.4479166667,39994.4479166667,39684.4479166667,39594.4479166667,39993.0384838376,39850.7390902539,0.9617840282
2026-05-04 09:25:00,MXF1!,10,2026-05-04 09:15:00,40516,40565,40388,40448,39804.8166666667,39884.8166666667,40004.8166666667,39694.8166666667,39604.8166666667,40010.8801119224,39862.5660389617,0.9412133945
2026-05-04 09:35:03,MXF1!,10,2026-05-04 09:25:00,40446,40483,40287,40377,39815.1364583333,39895.1364583333,40015.1364583333,39705.1364583333,39615.1364583333,40025.2377545921,39872.7528500714,0.9189519376
2026-05-04 09:45:01,MXF1!,10,2026-05-04 09:35:00,40372,40598,40335,40591,39827.278125,39907.278125,40027.278125,39717.278125,39627.278125,40047.424509314,39886.9755659116,0.9822758617
2026-05-04 09:55:01,MXF1!,10,2026-05-04 09:45:00,40593,40637,40514,40604,39840.165625,39920.165625,40040.165625,39730.165625,39640.165625,40069.2509991448,39901.1740695569,0.9849779399
2026-05-04 10:05:01,MXF1!,10,2026-05-04 09:55:00,40607,40660,40536,40648,39853.4197916667,39933.4197916667,40053.4197916667,39743.4197916667,39653.4197916667,40091.947038394,39915.9627018429,0.9969610328
2026-05-04 10:15:00,MXF1!,10,2026-05-04 10:05:00,40649,40695,40580,40689,39866.09375,39946.09375,40066.09375,39756.09375,39666.09375,40115.3608800256,39931.2703711133,1.0079880877
2026-05-04 10:25:00,MXF1!,10,2026-05-04 10:15:00,40690,40718,40622,40694,39878.975,39958.975,40078.975,39768.975,39678.975,40138.0526102207,39946.373928121,1.008300917
2026-05-04 10:35:01,MXF1!,10,2026-05-04 10:25:00,40694,40788,40684,40779,39893.4270833333,39973.4270833333,40093.4270833333,39783.4270833333,39693.4270833333,40163.1878019767,39962.8615731087,1.0325350948
2026-05-04 10:45:00,MXF1!,10,2026-05-04 10:35:00,40780,40905,40764,40854,39909.0239583333,39989.0239583333,40109.0239583333,39799.0239583333,39709.0239583333,40190.278476409,39980.5078785917,1.0535416746
2026-05-04 10:55:00,MXF1!,10,2026-05-04 10:45:00,40853,40940,40838,40925,39924.2604166667,40004.2604166667,40124.2604166667,39814.2604166667,39724.2604166667,40219.0910851773,39999.210692877,1.0731164756
2026-05-04 11:05:01,MXF1!,10,2026-05-04 10:55:00,40927,40970,40895,40964,39939.3385416667,40019.3385416667,40139.3385416667,39829.3385416667,39739.3385416667,40248.3031994841,40018.3154316319,1.0830279443
2026-05-04 11:15:01,MXF1!,10,2026-05-04 11:05:00,40964,40991,40912,40937,39954.409375,40034.409375,40154.409375,39844.409375,39754.409375,40275.3109171514,40036.507205263,1.0732569092
2026-05-04 11:25:00,MXF1!,10,2026-05-04 11:15:00,40937,40941,40863,40896,39968.609375,40048.609375,40168.609375,39858.609375,39768.609375,40299.6516654984,40053.5268645647,1.0593992982
2026-05-04 11:35:01,MXF1!,10,2026-05-04 11:25:00,40893,40914,40869,40888,39982.728125,40062.728125,40182.728125,39872.728125,39782.728125,40322.7241492043,40070.0510850683,1.0554355673
2026-05-04 11:45:01,MXF1!,10,2026-05-04 11:35:00,40889,40950,40881,40942,39996.98125,40076.98125,40196.98125,39886.98125,39796.98125,40347.0094766865,40087.3174002155,1.0698568543
2026-05-04 11:55:01,MXF1!,10,2026-05-04 11:45:00,40946,40979,40928,40955,40010.959375,40090.959375,40210.959375,39900.959375,39810.959375,40370.8522423066,40104.4992338746,1.0720221446
2026-05-04 12:05:03,MXF1!,10,2026-05-04 11:55:00,40955,40993,40920,40933,40024.7625,40104.7625,40224.7625,39914.7625,39824.7625,40392.8972524123,40120.9051896395,1.0638384109
2026-05-04 12:15:04,MXF1!,10,2026-05-04 12:05:00,40935,40997,40911,40975,40038.7395833333,40118.7395833333,40238.7395833333,39928.7395833333,39838.7395833333,40415.7248111412,40137.8179581615,1.0745868889
2026-05-04 12:25:01,MXF1!,10,2026-05-04 12:15:00,40974,40990,40955,40963,40052.1489583333,40132.1489583333,40252.1489583333,39942.1489583333,39852.1489583333,40437.1865832533,40154.1581966137,1.0693178946
2026-05-04 12:35:00,MXF1!,10,2026-05-04 12:25:00,40962,41012,40962,41003,40065.4895833333,40145.4895833333,40265.4895833333,39955.4895833333,39865.4895833333,40459.3753446944,40170.9669451956,1.0794058929
2026-05-04 12:45:02,MXF1!,10,2026-05-04 12:35:00,41002,41027,40984,41017,40079.6760416667,40159.6760416667,40279.6760416667,39969.6760416667,39879.6760416667,40481.2429782358,40187.7200749937,1.0817390648
2026-05-04 12:55:00,MXF1!,10,2026-05-04 12:45:00,41018,41021,40966,40976,40093.7958333333,40173.7958333333,40293.7958333333,39983.7958333333,39893.7958333333,40500.6452143834,40203.3295784592,1.0679192442
2026-05-04 13:04:59,MXF1!,10,2026-05-04 12:55:00,40975,41006,40964,40976,40108.19375,40188.19375,40308.19375,39998.19375,39908.19375,40519.2865785252,40218.6299828461,1.0662056104
2026-05-04 13:14:59,MXF1!,10,2026-05-04 13:05:00,40977,41017,40967,40979,40122.6833333333,40202.6833333333,40322.6833333333,40012.6833333333,39922.6833333333,40537.3145558379,40233.686814869,1.0653435968
2026-05-04 13:24:59,MXF1!,10,2026-05-04 13:15:00,40978,41021,40965,40991,40135.8625,40215.8625,40335.8625,40025.8625,39935.8625,40555.1061418835,40248.6831155647,1.0671449762
2026-05-04 13:34:58,MXF1!,10,2026-05-04 13:25:00,40989,41016,40967,40999,40149.34375,40229.34375,40349.34375,40039.34375,39949.34375,40572.5137441626,40263.5408756525,1.067745228
2026-05-04 13:44:59,MXF1!,10,2026-05-04 13:35:00,40996,41074,40970,41041,40163.0104166667,40243.0104166667,40363.0104166667,40053.0104166667,39963.0104166667,40590.8857541954,40278.9361058376,1.078282541
2026-05-04 13:46:58,MXF1!,10,2026-05-04 13:45:00,41042,41042,41042,41042,40164.3864583333,40244.3864583333,40364.3864583333,40054.3864583333,39964.3864583333,40608.5765089329,40294.0462819596,1.076778707
2026-05-04 15:10:02,MXF1!,10,2026-05-04 15:00:00,40999,41045,40896,41034,40177.4,40257.4,40377.4,40067.4,39977.4,40625.2597830924,40308.6988308317,1.0727033157
2026-05-04 15:20:00,MXF1!,10,2026-05-04 15:10:00,41035,41166,41021,41158,40191.5135416667,40271.5135416667,40391.5135416667,40081.5135416667,39991.5135416667,40646.1515563044,40325.5166757657,1.1069996019
2026-05-04 15:30:03,MXF1!,10,2026-05-04 15:20:00,41155,41184,41110,41143,40205.9270833333,40285.9270833333,40405.9270833333,40095.9270833333,40005.9270833333,40665.6358089984,40341.7044643644,1.1006170502
2026-05-04 15:40:01,MXF1!,10,2026-05-04 15:30:00,41144,41150,41078,41095,40219.9666666667,40299.9666666667,40419.9666666667,40109.9666666667,40019.9666666667,40682.4736204102,40356.6212076443,1.0847096248
2026-05-04 15:50:03,MXF1!,10,2026-05-04 15:40:00,41096,41145,41078,41117,40234.475,40314.475,40434.475,40124.475,40034.475,40699.5138705902,40371.6782134336,1.0892371434
2026-05-04 16:00:15,MXF1!,10,2026-05-04 15:50:00,41117,41132,41078,41081,40249.0760416667,40329.0760416667,40449.0760416667,40139.0760416667,40049.0760416667,40714.4741109592,40385.7241894052,1.0769757366
2026-05-04 16:09:59,MXF1!,10,2026-05-04 16:00:00,41082,41091,41009,41054,40262.6947916667,40342.6947916667,40462.6947916667,40152.6947916667,40062.6947916667,40727.7888517059,40398.9573737734,1.067424212
2026-05-04 16:20:00,MXF1!,10,2026-05-04 16:10:00,41050,41080,41038,41051,40276.0770833333,40356.0770833333,40476.0770833333,40166.0770833333,40076.0770833333,40740.4637986978,40411.8691089462,1.064871703
2026-05-04 16:29:59,MXF1!,10,2026-05-04 16:20:00,41049,41095,41041,41085,40289.0927083333,40369.0927083333,40489.0927083333,40179.0927083333,40089.0927083333,40753.9750222783,40425.1984335215,1.0729851399
2026-05-04 16:40:00,MXF1!,10,2026-05-04 16:30:00,41084,41116,41083,41110,40302.484375,40382.484375,40502.484375,40192.484375,40102.484375,40767.9367861105,40438.7588605805,1.0784508579
2026-05-04 16:49:59,MXF1!,10,2026-05-04 16:40:00,41110,41119,41090,41100,40315.9614583333,40395.9614583333,40515.9614583333,40205.9614583333,40115.9614583333,40780.9588729297,40451.8527445294,1.0738189777
2026-05-04 17:00:03,MXF1!,10,2026-05-04 16:50:00,41097,41103,41079,41083,40329.3447916667,40409.3447916667,40529.3447916667,40219.3447916667,40129.3447916667,40792.8036230109,40464.3507099843,1.0672238937
2026-05-04 17:10:12,MXF1!,10,2026-05-04 17:00:00,41082,41102,41069,41084,40342.609375,40422.609375,40542.609375,40232.609375,40142.609375,40804.2230887752,40476.6209929549,1.0658224012
2026-05-04 17:19:59,MXF1!,10,2026-05-04 17:10:00,41087,41113,41085,41088,40355.4177083333,40435.4177083333,40555.4177083333,40245.4177083333,40155.4177083333,40815.3515950977,40488.7275079459,1.0653065696
2026-05-04 17:30:01,MXF1!,10,2026-05-04 17:20:00,41088,41094,41044,41065,40367.7979166667,40447.7979166667,40567.7979166667,40257.7979166667,40167.7979166667,40825.1417286233,40500.1388444222,1.0570791567
2026-05-04 17:40:02,MXF1!,10,2026-05-04 17:30:00,41063,41092,41048,41075,40380.4791666667,40460.4791666667,40580.4791666667,40270.4791666667,40180.4791666667,40834.9400922067,40511.5222336415,1.0582365963
2026-05-04 17:49:59,MXF1!,10,2026-05-04 17:40:00,41076,41076,41046,41069,40393.1,40473.1,40593.1,40283.1,40193.1,40844.1189121202,40522.5613973318,1.0546613699
2026-05-04 18:00:03,MXF1!,10,2026-05-04 17:50:00,41068,41094,41040,41042,40405.4104166667,40485.4104166667,40605.4104166667,40295.4104166667,40205.4104166667,40851.8789547821,40532.8473102559,1.0452296355
2026-05-04 18:10:02,MXF1!,10,2026-05-04 18:00:00,41047,41051,40600,40655,40414.940625,40494.940625,40614.940625,40304.940625,40214.940625,40844.1582114573,40535.2661753994,0.9333045377
2026-05-04 18:20:01,MXF1!,10,2026-05-04 18:10:00,40657,40709,40559,40606,40423.0760416667,40503.0760416667,40623.0760416667,40313.0760416667,40223.0760416667,40834.8186737531,40536.6668451934,0.9183292438
2026-05-04 18:30:02,MXF1!,10,2026-05-04 18:20:00,40605,40766,40546,40749,40431.7677083333,40511.7677083333,40631.7677083333,40321.7677083333,40231.7677083333,40831.4532355667,40540.8714621203,0.9581708479
2026-05-04 18:39:59,MXF1!,10,2026-05-04 18:30:00,40748,40936,40737,40872,40443.3229166667,40523.3229166667,40643.3229166667,40333.3229166667,40243.3229166667,40833.0433047602,40547.4284628704,0.9921484895
2026-05-04 18:50:02,MXF1!,10,2026-05-04 18:40:00,40868,40926,40857,40918,40455.74375,40535.74375,40655.74375,40345.74375,40255.74375,40836.3749398676,40554.7665131106,1.0038933071
2026-05-04 19:00:06,MXF1!,10,2026-05-04 18:50:00,40918,40961,40888,40902,40469.4614583333,40549.4614583333,40669.4614583333,40359.4614583333,40269.4614583333,40838.9484716375,40561.6424237421,0.9978743486
2026-05-04 19:10:00,MXF1!,10,2026-05-04 19:00:00,40905,40975,40888,40940,40483.1979166667,40563.1979166667,40683.1979166667,40373.1979166667,40283.1979166667,40842.9112766714,40569.1346529749,1.0072062306
2026-05-04 19:20:03,MXF1!,10,2026-05-04 19:10:00,40940,40988,40922,40955,40497.6760416667,40577.6760416667,40697.6760416667,40387.6760416667,40297.6760416667,40847.3069128803,40576.7755509358,1.0099453667
2026-05-04 19:30:00,MXF1!,10,2026-05-04 19:20:00,40957,40976,40932,40934,40511.6729166667,40591.6729166667,40711.6729166667,40401.6729166667,40311.6729166667,40850.706641787,40583.8493024024,1.0024615761
2026-05-04 19:40:02,MXF1!,10,2026-05-04 19:30:00,40934,40941,40826,40884,40525.2135416667,40605.2135416667,40725.2135416667,40415.2135416667,40325.2135416667,40852.0122636777,40589.7928805727,0.9868422494
2026-05-04 19:50:01,MXF1!,10,2026-05-04 19:40:00,40881,40917,40861,40883,40538.1489583333,40618.1489583333,40738.1489583333,40428.1489583333,40338.1489583333,40853.2274690237,40595.5989621455,0.9851744905
2026-05-04 20:00:09,MXF1!,10,2026-05-04 19:50:00,40882,40958,40870,40935,40550.3802083333,40630.3802083333,40750.3802083333,40440.3802083333,40350.3802083333,40856.4342349443,40602.3197747763,0.9984728937
2026-05-04 20:10:01,MXF1!,10,2026-05-04 20:00:00,40937,40981,40937,40955,40562.1864583333,40642.1864583333,40762.1864583333,40452.1864583333,40362.1864583333,40860.2995590641,40609.3035416124,1.0026809792
2026-05-04 20:20:01,MXF1!,10,2026-05-04 20:10:00,40954,41028,40931,41017,40573.7677083333,40653.7677083333,40773.7677083333,40463.7677083333,40373.7677083333,40866.444674395,40617.3767388082,1.0186683917
2026-05-04 20:30:01,MXF1!,10,2026-05-04 20:20:00,41017,41044,41001,41011,40585.9916666667,40665.9916666667,40785.9916666667,40475.9916666667,40385.9916666667,40872.1135106932,40625.1712588318,1.015434231
2026-05-04 20:40:01,MXF1!,10,2026-05-04 20:30:00,41010,41015,40950,40981,40597.7625,40677.7625,40797.7625,40487.7625,40397.7625,40876.3835690974,40632.2173725183,1.0054825727
2026-05-04 20:50:01,MXF1!,10,2026-05-04 20:40:00,40982,40995,40930,40939,40609.5635416667,40689.5635416667,40809.5635416667,40499.5635416667,40409.5635416667,40878.8391154073,40638.2922760328,0.9922321615
2026-05-04 21:00:05,MXF1!,10,2026-05-04 20:50:00,40936,40966,40890,40911,40620.946875,40700.946875,40820.946875,40510.946875,40420.946875,40880.1003265678,40643.6924289826,0.9829849591
2026-05-04 21:10:01,MXF1!,10,2026-05-04 21:00:00,40911,40940,40805,40940,40631.9458333333,40711.9458333333,40831.9458333333,40521.9458333333,40431.9458333333,40882.449333369,40649.5599056364,0.9897395391
2026-05-04 21:20:03,MXF1!,10,2026-05-04 21:10:00,40937,40988,40880,40883,40642.7760416667,40722.7760416667,40842.7760416667,40532.7760416667,40442.7760416667,40882.4709281389,40654.1824817624,0.9724283549
2026-05-04 21:30:03,MXF1!,10,2026-05-04 21:20:00,40885,40926,40861,40926,40653.521875,40733.521875,40853.521875,40543.521875,40453.521875,40884.1779505648,40659.565006876,0.9831747755
2026-05-04 21:40:05,MXF1!,10,2026-05-04 21:30:00,40926,41010,40863,40973,40664.7895833333,40744.7895833333,40864.7895833333,40554.7895833333,40464.7895833333,40887.6611681897,40665.7716404033,0.9949406837
2026-05-04 21:50:02,MXF1!,10,2026-05-04 21:40:00,40971,41048,40950,40985,40676.9145833333,40756.9145833333,40876.9145833333,40566.9145833333,40476.9145833333,40891.4783772803,40672.0929940586,0.9968401784
2026-05-04 22:00:08,MXF1!,10,2026-05-04 21:50:00,40984,41023,40938,41022,40689.3677083333,40769.3677083333,40889.3677083333,40579.3677083333,40489.3677083333,40896.5968722889,40679.0218456614,1.0056497495
2026-05-04 22:10:02,MXF1!,10,2026-05-04 22:00:00,41017,41050,40962,40986,40701.6,40781.6,40901.6,40591.6,40501.6,40900.1028772972,40685.1006209949,0.9941372379
2026-05-04 22:20:02,MXF1!,10,2026-05-04 22:10:00,40988,41085,40975,41060,40714.1822916667,40794.1822916667,40914.1822916667,40604.1822916667,40514.1822916667,40906.3733526973,40692.5243710742,1.0132682146
2026-05-04 22:30:09,MXF1!,10,2026-05-04 22:20:00,41062,41107,40988,40996,40726.8833333333,40806.8833333333,40926.8833333333,40616.8833333333,40526.8833333333,40909.8881231798,40698.5337894688,0.993997196
2026-05-04 22:40:03,MXF1!,10,2026-05-04 22:30:00,40994,41027,40975,40981,40737.8885416667,40817.8885416667,40937.8885416667,40627.8885416667,40537.8885416667,40912.6768242316,40704.1271797763,0.9884253016
2026-05-04 22:50:02,MXF1!,10,2026-05-04 22:40:00,40981,41035,40980,40992,40748.9270833333,40828.9270833333,40948.9270833333,40638.9270833333,40548.9270833333,40915.7875370068,40709.8276316619,0.9900686296
2026-05-04 23:00:03,MXF1!,10,2026-05-04 22:50:00,40990,40996,40860,40877,40759.1041666667,40839.1041666667,40959.1041666667,40649.1041666667,40559.1041666667,40914.2664571242,40713.1379755894,0.9568970936
2026-05-04 23:10:02,MXF1!,10,2026-05-04 23:00:00,40877,40930,40821,40886,40768.09375,40848.09375,40968.09375,40658.09375,40568.09375,40913.1579686095,40716.5609859738,0.9581827357
2026-05-04 23:20:07,MXF1!,10,2026-05-04 23:10:00,40886,40903,40737,40757,40776.53125,40856.53125,40976.53125,40666.53125,40576.53125,40907.0341267032,40717.3617585288,0.9213594084
2026-05-04 23:30:09,MXF1!,10,2026-05-04 23:20:00,40754,40788,40644,40756,40783.7645833333,40863.7645833333,40983.7645833333,40673.7645833333,40583.7645833333,40901.1112197737,40718.1268722212,0.9200728852
2026-05-04 23:40:01,MXF1!,10,2026-05-04 23:30:00,40760,40761,40681,40717,40790.634375,40870.634375,40990.634375,40680.634375,40590.634375,40893.8911719394,40718.1045579198,0.90830431
2026-05-04 23:50:02,MXF1!,10,2026-05-04 23:40:00,40715,40768,40669,40712,40797.5677083333,40877.5677083333,40997.5677083333,40687.5677083333,40597.5677083333,40886.7581848046,40717.9836755848,0.9059678292
2026-05-05 00:00:05,MXF1!,10,2026-05-04 23:50:00,40711,40753,40659,40704,40804.2895833333,40884.2895833333,41004.2895833333,40694.2895833333,40604.2895833333,40879.5911971652,40717.7067711178,0.9028004962
2026-05-05 00:10:03,MXF1!,10,2026-05-05 00:00:00,40707,40721,40595,40650,40810.0947916667,40890.0947916667,41010.0947916667,40700.0947916667,40610.0947916667,40870.5876208057,40716.3660429768,0.886974527
2026-05-05 00:20:02,MXF1!,10,2026-05-05 00:10:00,40647,40764,40582,40710,40815.3427083333,40895.3427083333,41015.3427083333,40705.3427083333,40615.3427083333,40864.2900670487,40716.2399827199,0.9026164369
2026-05-05 00:30:10,MXF1!,10,2026-05-05 00:20:00,40712,40755,40697,40715,40821.4864583333,40901.4864583333,41021.4864583333,40711.4864583333,40621.4864583333,40858.4355546154,40716.2154286066,0.9030509793
2026-05-05 00:40:04,MXF1!,10,2026-05-05 00:30:00,40714,40757,40670,40673,40827.2260416667,40907.2260416667,41027.2260416667,40717.2260416667,40627.2260416667,40851.1635720814,40715.3596775451,0.890555852
2026-05-05 00:50:03,MXF1!,10,2026-05-05 00:40:00,40674,40704,40667,40700,40832.4489583333,40912.4489583333,41032.4489583333,40722.4489583333,40632.4489583333,40845.2355888626,40715.0555255145,0.8970937978
2026-05-05 01:00:10,MXF1!,10,2026-05-05 00:50:00,40698,40702,40660,40685,40837.478125,40917.478125,41037.478125,40727.478125,40637.478125,40838.9518402797,40714.4603665934,0.892057171
2026-05-05 01:10:06,MXF1!,10,2026-05-05 01:00:00,40691,40788,40681,40760,40843.9916666667,40923.9916666667,41043.9916666667,40733.9916666667,40643.9916666667,40835.8556896805,40715.3621415123,0.9117857311
2026-05-05 01:20:02,MXF1!,10,2026-05-05 01:10:00,40765,40836,40725,40827,40850.6927083333,40930.6927083333,41050.6927083333,40740.6927083333,40650.6927083333,40835.5084077323,40717.5727921755,0.9292200941
2026-05-05 01:30:05,MXF1!,10,2026-05-05 01:20:00,40828,40845,40808,40831,40857.8708333333,40937.8708333333,41057.8708333333,40747.8708333333,40657.8708333333,40835.331607429,40719.8188754987,0.9292634176
2026-05-05 01:40:02,MXF1!,10,2026-05-05 01:30:00,40831,40846,40764,40788,40865.20625,40945.20625,41065.20625,40755.20625,40665.20625,40833.4754659612,40721.168996776,0.9164065595
2026-05-05 01:50:05,MXF1!,10,2026-05-05 01:40:00,40789,40799,40767,40789,40873.0760416667,40953.0760416667,41073.0760416667,40763.0760416667,40673.0760416667,40831.7313300412,40722.5121849586,0.9156880507
2026-05-05 02:00:08,MXF1!,10,2026-05-05 01:50:00,40787,40806,40777,40777,40880.5197916667,40960.5197916667,41080.5197916667,40770.5197916667,40680.5197916667,40829.5850033729,40723.5911515931,0.9114125172
2026-05-05 02:10:03,MXF1!,10,2026-05-05 02:00:00,40775,40799,40763,40766,40885.58125,40965.58125,41085.58125,40775.58125,40685.58125,40827.0914738289,40724.4309307695,0.9074258028
2026-05-05 02:20:03,MXF1!,10,2026-05-05 02:10:00,40764,40778,40734,40755,40890.7052083333,40970.7052083333,41090.7052083333,40780.7052083333,40690.7052083333,40824.2643572081,40725.0362588731,0.9034600667
2026-05-05 02:30:07,MXF1!,10,2026-05-05 02:20:00,40749,40758,40696,40738,40893.990625,40973.990625,41093.990625,40783.990625,40693.990625,40820.8814412392,40725.2929666181,0.8978630983
2026-05-05 02:40:05,MXF1!,10,2026-05-05 02:30:00,40743,40754,40727,40740,40896.75,40976.75,41096.75,40786.75,40696.75,40817.7096200141,40725.5841950019,0.8975104343
2026-05-05 02:50:06,MXF1!,10,2026-05-05 02:40:00,40740,40746,40688,40722,40900.2958333333,40980.2958333333,41100.2958333333,40790.2958333333,40700.2958333333,40813.9563015822,40725.5132208435,0.8917160887
2026-05-05 03:00:08,MXF1!,10,2026-05-05 02:50:00,40728,40749,40685,40741,40902.5489583333,40982.5489583333,41102.5489583333,40792.5489583333,40702.5489583333,40811.0952701476,40725.8198897377,0.8960472679
2026-05-05 03:10:02,MXF1!,10,2026-05-05 03:00:00,40750,40803,40731,40777,40904.3104166667,40984.3104166667,41104.3104166667,40794.3104166667,40704.3104166667,40809.75820073,40726.8333572676,0.905000203
2026-05-05 03:20:04,MXF1!,10,2026-05-05 03:10:00,40773,40792,40767,40773,40905.965625,40985.965625,41105.965625,40795.965625,40705.965625,40808.3167026622,40727.7475482128,0.9029873557
2026-05-05 03:30:13,MXF1!,10,2026-05-05 03:20:00,40775,40786,40740,40774,40907.2927083333,40987.2927083333,41107.2927083333,40797.2927083333,40707.2927083333,40806.9709496166,40728.6634383472,0.9023691355
2026-05-05 03:40:03,MXF1!,10,2026-05-05 03:30:00,40774,40813,40774,40793,40908.5177083333,40988.5177083333,41108.5177083333,40798.5177083333,40708.5177083333,40806.4230692395,40729.9374296671,0.9066638198
2026-05-05 03:50:03,MXF1!,10,2026-05-05 03:40:00,40795,40816,40775,40808,40909.1645833333,40989.1645833333,41109.1645833333,40799.1645833333,40709.1645833333,40806.4849096615,40731.483223139,0.9098685058
2026-05-05 04:00:09,MXF1!,10,2026-05-05 03:50:00,40805,40808,40760,40788,40908.4020833333,40988.4020833333,41108.4020833333,40798.4020833333,40708.4020833333,40805.7600112434,40732.6023672353,0.9034882603
2026-05-05 04:10:01,MXF1!,10,2026-05-05 04:00:00,40786,40786,40722,40733,40906.7645833333,40986.7645833333,41106.7645833333,40796.7645833333,40706.7645833333,40802.9066774691,40732.6102411514,0.8875927578
2026-05-05 04:20:23,MXF1!,10,2026-05-05 04:10:00,40734,40753,40713,40739,40904.6635416667,40984.6635416667,41104.6635416667,40794.6635416667,40704.6635416667,40800.4005332547,40732.7367710296,0.8884504742
2026-05-05 04:30:06,MXF1!,10,2026-05-05 04:20:00,40736,40746,40727,40742,40902.653125,40982.653125,41102.653125,40792.653125,40702.653125,40798.1103162643,40732.9202013062,0.8884725689
2026-05-05 04:40:19,MXF1!,10,2026-05-05 04:30:00,40745,40760,40740,40754,40901.0802083333,40981.0802083333,41101.0802083333,40791.0802083333,40701.0802083333,40796.3804999402,40733.3376230626,0.8909528723
2026-05-05 04:50:01,MXF1!,10,2026-05-05 04:40:00,40754,40760,40740,40743,40899.6010416667,40979.6010416667,41099.6010416667,40789.6010416667,40699.6010416667,40794.2871470014,40733.5289572593,0.8871334378
2026-05-05 05:01:02,MXF1!,10,2026-05-05 04:50:00,40746,40800,40740,40799,40898.0947916667,40978.0947916667,41098.0947916667,40788.0947916667,40698.0947916667,40794.471964766,40734.8254135512,0.9016442591
2026-05-05 08:54:59,MXF1!,10,2026-05-05 08:45:00,40943,40949,40843,40899,40897.3177083333,40977.3177083333,41097.3177083333,40787.3177083333,40697.3177083333,40798.5711034026,40738.0763954611,0.9280843105
2026-05-05 09:04:59,MXF1!,10,2026-05-05 08:55:00,40901,41046,40856,41037,40897.1708333333,40977.1708333333,41097.1708333333,40787.1708333333,40697.1708333333,40807.9212562104,40743.9956747589,0.9647501782
2026-05-05 09:14:58,MXF1!,10,2026-05-05 09:05:00,41038,41091,40957,40999,40897.6989583333,40977.6989583333,41097.6989583333,40787.6989583333,40697.6989583333,40815.4145402806,40749.0452653577,0.9532244033
2026-05-05 09:24:58,MXF1!,10,2026-05-05 09:15:00,40996,41072,40977,41022,40898.2020833333,40978.2020833333,41098.2020833333,40788.2020833333,40698.2020833333,40823.5159308578,40754.4503096081,0.9583517745
2026-05-05 09:34:58,MXF1!,10,2026-05-05 09:25:00,41024,41028,40806,40906,40897.4052083333,40977.4052083333,41097.4052083333,40787.4052083333,40697.4052083333,40826.7506002359,40757.4512935762,0.9256086848
2026-05-05 09:44:58,MXF1!,10,2026-05-05 09:35:00,40908,40985,40826,40838,40896.2552083333,40976.2552083333,41096.2552083333,40786.2552083333,40696.2552083333,40827.1917531678,40759.0463174658,0.9061198022
2026-05-05 09:54:59,MXF1!,10,2026-05-05 09:45:00,40844,40905,40802,40860,40894.8375,40974.8375,41094.8375,40784.8375,40694.8375,40828.4783510828,40761.0454002883,0.9112214072
2026-05-05 10:04:58,MXF1!,10,2026-05-05 09:55:00,40860,40879,40799,40863,40893.33125,40973.33125,41093.33125,40783.33125,40693.33125,40829.8321412364,40763.0643032529,0.9111564513
2026-05-05 10:15:02,MXF1!,10,2026-05-05 10:05:00,40864,40898,40830,40872,40891.95,40971.95,41091.95,40781.95,40691.95,40831.4857827566,40765.2214457627,0.9128141115
2026-05-05 10:24:59,MXF1!,10,2026-05-05 10:15:00,40876,40949,40852,40909,40890.9447916667,40970.9447916667,41090.9447916667,40780.9447916667,40690.9447916667,40834.5255559818,40768.0685458466,0.9220570151
2026-05-05 10:35:01,MXF1!,10,2026-05-05 10:25:00,40913,40961,40891,40903,40890.2947916667,40970.2947916667,41090.2947916667,40780.2947916667,40690.2947916667,40837.2108282963,40770.7404558299,0.9195327729
2026-05-05 10:45:01,MXF1!,10,2026-05-05 10:35:00,40905,40935,40875,40884,40889.1958333333,40969.1958333333,41089.1958333333,40779.1958333333,40689.1958333333,40839.0456977748,40772.9832190808,0.9135103035
2026-05-05 10:55:02,MXF1!,10,2026-05-05 10:45:00,40884,40891,40813,40816,40887.6989583333,40967.6989583333,41087.6989583333,40777.6989583333,40687.6989583333,40838.1419449209,40773.8350365247,0.8941571801
2026-05-05 11:05:00,MXF1!,10,2026-05-05 10:55:00,40816,40853,40796,40848,40885.1333333333,40965.1333333333,41085.1333333333,40775.1333333333,40685.1333333333,40838.5285353162,40775.3036496628,0.9021092325
2026-05-05 11:15:01,MXF1!,10,2026-05-05 11:05:00,40849,40895,40827,40891,40882.1697916667,40962.1697916667,41082.1697916667,40772.1697916667,40682.1697916667,40840.5862398136,40777.5946665012,0.9130423042
2026-05-05 11:25:01,MXF1!,10,2026-05-05 11:15:00,40891,40946,40878,40937,40880.278125,40960.278125,41080.278125,40770.278125,40680.278125,40844.3671715856,40780.7512077586,0.9247341979
2026-05-05 11:35:00,MXF1!,10,2026-05-05 11:25:00,40938,41065,40933,40999,40879.15,40959.15,41079.15,40769.15,40679.15,40850.4312040724,40785.0729660208,0.940745654
2026-05-05 11:45:01,MXF1!,10,2026-05-05 11:35:00,40998,41037,40952,40959,40877.9822916667,40957.9822916667,41077.9822916667,40767.9822916667,40677.9822916667,40854.6888039127,40788.5170657035,0.9289329814
2026-05-05 11:55:01,MXF1!,10,2026-05-05 11:45:00,40959,41008,40921,41002,40877.2739583333,40957.2739583333,41077.2739583333,40767.2739583333,40677.2739583333,40860.4657135632,40792.7444505411,0.9397677708
2026-05-05 12:04:59,MXF1!,10,2026-05-05 11:55:00,41001,41033,40972,41013,40876.709375,40956.709375,41076.709375,40766.709375,40676.709375,40866.4474502862,40797.10594657,0.9418381848
2026-05-05 12:15:01,MXF1!,10,2026-05-05 12:05:00,41013,41022,40968,40979,40875.996875,40955.996875,41075.996875,40765.996875,40675.996875,40870.8612757652,40800.7078090142,0.931666404
2026-05-05 12:25:02,MXF1!,10,2026-05-05 12:15:00,40976,41052,40965,41045,40875.1833333333,40955.1833333333,41075.1833333333,40765.1833333333,40675.1833333333,40877.690245343,40805.5452781426,0.9487987039
2026-05-05 12:35:01,MXF1!,10,2026-05-05 12:25:00,41048,41073,41030,41046,40874.6135416667,40954.6135416667,41074.6135416667,40764.6135416667,40674.6135416667,40884.2906278786,40810.3067577833,0.9482328663
2026-05-05 12:45:03,MXF1!,10,2026-05-05 12:35:00,41047,41075,41011,41024,40874.1322916667,40954.1322916667,41074.1322916667,40764.1322916667,40674.1322916667,40889.7694267853,40814.5383071342,0.9413642317
2026-05-05 12:55:01,MXF1!,10,2026-05-05 12:45:00,41024,41064,41009,41016,40873.6354166667,40953.6354166667,41073.6354166667,40763.6354166667,40673.6354166667,40894.7196453428,40818.5276475869,0.9382642782
2026-05-05 13:05:03,MXF1!,10,2026-05-05 12:55:00,41013,41044,40981,41029,40872.7708333333,40952.7708333333,41072.7708333333,40762.7708333333,40672.7708333333,40899.9855416038,40822.6954169417,0.9408998279
2026-05-05 13:15:01,MXF1!,10,2026-05-05 13:05:00,41030,41063,41001,41050,40872.4270833333,40952.4270833333,41072.4270833333,40762.4270833333,40672.4270833333,40905.8684615409,40827.1964977943,0.9457007562
2026-05-05 13:25:02,MXF1!,10,2026-05-05 13:15:00,41052,41056,41017,41050,40872.0770833333,40952.0770833333,41072.0770833333,40762.0770833333,40672.0770833333,40911.5206787354,40831.608448333,0.9447510691
2026-05-05 13:35:03,MXF1!,10,2026-05-05 13:25:00,41050,41060,40961,40985,40871.36875,40951.36875,41071.36875,40761.36875,40671.36875,40914.4022207458,40834.6459048017,0.9261131535
2026-05-05 13:46:00,MXF1!,10,2026-05-05 13:35:00,40985,41049,40963,41036,40870.590625,40950.590625,41070.590625,40760.590625,40670.590625,40919.1707611087,40838.6331146076,0.9391894534
2026-05-05 15:10:02,MXF1!,10,2026-05-05 15:00:00,41075,41180,41071,41123,40873.71875,40953.71875,41073.71875,40763.71875,40673.71875,40927.1640645946,40844.2641420411,0.9620119968
2026-05-05 15:20:01,MXF1!,10,2026-05-05 15:10:00,41123,41140,41099,41131,40878.68125,40958.68125,41078.68125,40768.68125,40678.68125,40935.157630689,40849.9420798225,0.9632226376
2026-05-05 15:30:09,MXF1!,10,2026-05-05 15:20:00,41130,41145,41085,41093,40883.3895833333,40963.3895833333,41083.3895833333,40773.3895833333,40683.3895833333,40941.3475275247,40854.7551079448,0.9518619357
2026-05-05 15:40:03,MXF1!,10,2026-05-05 15:30:00,41093,41158,41072,41148,40886.353125,40966.353125,41086.353125,40776.353125,40686.353125,40949.4515460531,40860.5619374904,0.9658750528
2026-05-05 15:50:05,MXF1!,10,2026-05-05 15:40:00,41146,41194,41087,41094,40889.021875,40969.021875,41089.021875,40779.021875,40689.021875,40955.1201128746,40865.1844733817,0.9501316913
2026-05-05 16:00:06,MXF1!,10,2026-05-05 15:50:00,41095,41097,41014,41042,40890.4802083333,40970.4802083333,41090.4802083333,40780.4802083333,40690.4802083333,40958.5271672716,40868.6857709385,0.9349502456
2026-05-05 16:10:05,MXF1!,10,2026-05-05 16:00:00,41043,41105,41027,41100,40892.1135416667,40972.1135416667,41092.1135416667,40782.1135416667,40692.1135416667,40964.0751214963,40873.2662507219,0.9498646378
2026-05-05 16:20:01,MXF1!,10,2026-05-05 16:10:00,41101,41154,41094,41141,40894.0041666667,40974.0041666667,41094.0041666667,40784.0041666667,40694.0041666667,40971.0133520258,40878.5679091235,0.9602133401
2026-05-05 16:30:03,MXF1!,10,2026-05-05 16:20:00,41141,41168,41132,41138,40896.0260416667,40976.0260416667,41096.0260416667,40786.0260416667,40696.0260416667,40977.5618480248,40883.7051782497,0.9585067242
2026-05-05 16:40:04,MXF1!,10,2026-05-05 16:30:00,41134,41158,41121,41142,40898.3385416667,40978.3385416667,41098.3385416667,40788.3385416667,40698.3385416667,40984.0104030042,40888.8199271953,0.9585809954
2026-05-05 16:50:04,MXF1!,10,2026-05-05 16:40:00,41139,41143,41115,41138,40900.815625,40980.815625,41100.815625,40790.815625,40700.815625,40990.0492107296,40893.7541860627,0.9564845351
2026-05-05 17:00:05,MXF1!,10,2026-05-05 16:50:00,41138,41158,41130,41152,40903.1020833333,40983.1020833333,41103.1020833333,40793.1020833333,40703.1020833333,40996.4002220735,40898.8679645565,0.9592906302
2026-05-05 17:10:04,MXF1!,10,2026-05-05 17:00:00,41152,41164,41104,41132,40904.9322916667,40984.9322916667,41104.9322916667,40794.9322916667,40704.9322916667,41001.7178604236,40903.4844405059,0.9528190238
2026-05-05 17:20:05,MXF1!,10,2026-05-05 17:10:00,41136,41139,41089,41100,40906.4458333333,40986.4458333333,41106.4458333333,40796.4458333333,40706.4458333333,41005.5720619756,40907.3758377236,0.9431211573
2026-05-05 17:30:05,MXF1!,10,2026-05-05 17:20:00,41101,41117,41080,41080,40907.34375,40987.34375,41107.34375,40797.34375,40707.34375,41008.4908046432,40910.7941379667,0.9367283384
2026-05-05 17:40:01,MXF1!,10,2026-05-05 17:30:00,41080,41116,41075,41105,40908.490625,40988.490625,41108.490625,40798.490625,40708.490625,41012.2754789709,40914.639798601,0.9425548637
2026-05-05 17:50:03,MXF1!,10,2026-05-05 17:40:00,41104,41134,41101,41115,40910.10625,40990.10625,41110.10625,40800.10625,40710.10625,41016.3038915603,40918.6073273416,0.9442368288
2026-05-05 18:00:06,MXF1!,10,2026-05-05 17:50:00,41115,41116,41077,41088,40911.7239583333,40991.7239583333,41111.7239583333,40801.7239583333,40711.7239583333,41019.115503656,40921.9616376913,0.9358591223
2026-05-05 18:10:00,MXF1!,10,2026-05-05 18:00:00,41088,41098,41076,41086,40913.8270833333,40993.8270833333,41113.8270833333,40803.8270833333,40713.8270833333,41021.7384250812,40925.2099220934,0.934297925
2026-05-05 18:20:01,MXF1!,10,2026-05-05 18:10:00,41085,41116,41084,41088,40915.7875,40995.7875,41115.7875,40805.7875,40715.7875,41024.3369182153,40928.4334879925,0.9337977189
2026-05-05 18:30:06,MXF1!,10,2026-05-05 18:20:00,41090,41107,41083,41099,40917.9354166667,40997.9354166667,41117.9354166667,40807.9354166667,40717.9354166667,41027.2648822069,40931.8110426858,0.9357489041
2026-05-05 18:40:02,MXF1!,10,2026-05-05 18:30:00,41099,41160,41087,41138,40919.8708333333,40999.8708333333,41119.8708333333,40809.8708333333,40719.8708333333,41031.6074358458,40935.8939923356,0.9452775001
2026-05-05 18:50:02,MXF1!,10,2026-05-05 18:40:00,41137,41139,41061,41063,40920.890625,41000.890625,41120.890625,40810.890625,40720.890625,41032.838516793,40938.4109429824,0.9238324861
2026-05-05 19:00:02,MXF1!,10,2026-05-05 18:50:00,41063,41089,41062,41069,40921.78125,41001.78125,41121.78125,40811.78125,40721.78125,41034.2566141737,40940.9968649035,0.9244377293
2026-05-05 19:10:02,MXF1!,10,2026-05-05 19:00:00,41070,41084,40982,41038,40921.8177083333,41001.8177083333,41121.8177083333,40811.8177083333,40721.8177083333,41034.4034136179,40942.9177190638,0.9149982896
2026-05-05 19:20:00,MXF1!,10,2026-05-05 19:10:00,41040,41044,40960,40977,40921.515625,41001.515625,41121.515625,40811.515625,40721.515625,41032.1522993583,40943.592615716,0.8974780697
2026-05-05 19:30:01,MXF1!,10,2026-05-05 19:20:00,40977,41039,40962,41023,40920.7854166667,41000.7854166667,41120.7854166667,40810.7854166667,40720.7854166667,41031.793385658,40945.1650391672,0.9090267121
2026-05-05 19:40:02,MXF1!,10,2026-05-05 19:30:00,41020,41060,41017,41044,40921.1625,41001.1625,41121.1625,40811.1625,40721.1625,41032.2720764165,40947.1221671045,0.9137391469
2026-05-05 19:50:04,MXF1!,10,2026-05-05 19:40:00,41042,41065,41040,41059,40921.6020833333,41001.6020833333,41121.6020833333,40811.6020833333,40721.6020833333,41033.3202302825,40949.3375697361,0.9168140865
2026-05-05 20:00:02,MXF1!,10,2026-05-05 19:50:00,41058,41091,41045,41087,40922.7708333333,41002.7708333333,41122.7708333333,40812.7708333333,40722.7708333333,41035.4253192911,40952.0635584542,0.923392895
2026-05-05 20:10:03,MXF1!,10,2026-05-05 20:00:00,41086,41125,41048,41108,40924.7260416667,41004.7260416667,41124.7260416667,40814.7260416667,40724.7260416667,41038.2713852012,40955.1514087818,0.9280559425
2026-05-05 20:20:02,MXF1!,10,2026-05-05 20:10:00,41106,41238,41106,41207,40927.9770833333,41007.9770833333,41127.9770833333,40817.9770833333,40727.9770833333,41044.8881936247,40960.138509598,0.9537211193
2026-05-05 20:30:02,MXF1!,10,2026-05-05 20:20:00,41206,41281,41204,41265,40933.3875,41013.3875,41133.3875,40823.3875,40733.3875,41053.5200291688,40966.1753707941,0.9681917734
2026-05-05 20:40:01,MXF1!,10,2026-05-05 20:30:00,41266,41283,41225,41234,40938.821875,41018.821875,41138.821875,40828.821875,40738.821875,41060.5976750838,40971.4788287982,0.9586164446
2026-05-05 20:50:02,MXF1!,10,2026-05-05 20:40:00,41235,41252,41218,41226,40944.0770833333,41024.0770833333,41144.0770833333,40834.0770833333,40744.0770833333,41067.0840407668,40976.5188519903,0.9552828783
2026-05-05 21:00:03,MXF1!,10,2026-05-05 20:50:00,41225,41250,41219,41241,40949.5239583333,41029.5239583333,41149.5239583333,40839.5239583333,40749.5239583333,41073.9042744622,40981.7561024459,0.9581577012
2026-05-05 21:10:01,MXF1!,10,2026-05-05 21:00:00,41240,41348,41236,41335,40955.8510416667,41035.8510416667,41155.8510416667,40845.8510416667,40755.8510416667,41084.1433225225,40988.7510311104,0.9822899766
2026-05-05 21:20:01,MXF1!,10,2026-05-05 21:10:00,41335,41343,41308,41316,40962.9947916667,41042.9947916667,41162.9947916667,40852.9947916667,40762.9947916667,41093.2357412471,40995.2312087122,0.9759195009
2026-05-05 21:30:06,MXF1!,10,2026-05-05 21:20:00,41317,41329,41289,41327,40969.15625,41049.15625,41169.15625,40859.15625,40769.15625,41102.4029670805,41001.8008877476,0.9776260065
2026-05-05 21:40:02,MXF1!,10,2026-05-05 21:30:00,41328,41374,41266,41353,40975.3802083333,41055.3802083333,41175.3802083333,40865.3802083333,40775.3802083333,41112.2303017048,41008.7553256139,0.983362271
2026-05-05 21:50:02,MXF1!,10,2026-05-05 21:40:00,41350,41393,41320,41358,40982.346875,41062.346875,41182.346875,40872.346875,40782.346875,41121.868329089,41015.6710617404,0.9834387227
2026-05-05 22:00:09,MXF1!,10,2026-05-05 21:50:00,41359,41477,41354,41451,40990.3052083333,41070.3052083333,41190.3052083333,40880.3052083333,40790.3052083333,41134.7754534384,41024.2914367554,1.0070510421
2026-05-05 22:10:02,MXF1!,10,2026-05-05 22:00:00,41453,41488,41416,41443,40997.6395833333,41077.6395833333,41197.6395833333,40887.6395833333,40797.6395833333,41146.8626905585,41032.5826954335,1.0034646814
2026-05-05 22:20:02,MXF1!,10,2026-05-05 22:10:00,41447,41452,41251,41310,41003.9875,41083.9875,41203.9875,40893.9875,40803.9875,41153.2602321052,41038.0761074052,0.9665382802
2026-05-05 22:30:07,MXF1!,10,2026-05-05 22:20:00,41307,41449,41289,41414,41009.8385416667,41089.8385416667,41209.8385416667,40899.8385416667,40809.8385416667,41163.4853210423,41045.5201448823,0.9931145656
2026-05-05 22:40:04,MXF1!,10,2026-05-05 22:30:00,41417,41438,41346,41358,41015.984375,41095.984375,41215.984375,40905.984375,40815.984375,41171.113347668,41051.7078647856,0.9768372928
2026-05-05 22:50:02,MXF1!,10,2026-05-05 22:40:00,41358,41379,41294,41341,41021.8125,41101.8125,41221.8125,40911.8125,40821.8125,41177.7755693281,41057.4364219186,0.9710406033
2026-05-05 23:00:08,MXF1!,10,2026-05-05 22:50:00,41336,41397,41329,41380,41027.840625,41107.840625,41227.840625,40917.840625,40827.840625,41185.7059391584,41063.8238195043,0.9802134308
2026-05-05 23:09:58,MXF1!,10,2026-05-05 23:00:00,41381,41468,41374,41416,41034.528125,41114.528125,41234.528125,40924.528125,40834.528125,41194.7370787992,41070.7976052567,0.9885102664
2026-05-05 23:20:04,MXF1!,10,2026-05-05 23:10:00,41418,41449,41407,41425,41041.4895833333,41121.4895833333,41241.4895833333,40931.4895833333,40841.4895833333,41203.7669972777,41077.8115140635,0.9895797927
2026-05-05 23:30:10,MXF1!,10,2026-05-05 23:20:00,41429,41465,41419,41447,41048.8791666667,41128.8791666667,41248.8791666667,40938.8791666667,40848.8791666667,41213.3055464041,41085.1221771514,0.9941125356
2026-05-05 23:40:02,MXF1!,10,2026-05-05 23:30:00,41448,41462,41411,41453,41056.175,41136.175,41256.175,40946.175,40856.175,41222.705328898,41092.4068865147,0.9943640674
2026-05-05 23:50:01,MXF1!,10,2026-05-05 23:40:00,41453,41505,41445,41495,41064.0135416667,41144.0135416667,41264.0135416667,40954.0135416667,40864.0135416667,41233.3835512942,41100.3790273758,1.0041551592
2026-05-06 00:00:08,MXF1!,10,2026-05-05 23:50:00,41497,41546,41497,41507,41072.3458333333,41152.3458333333,41272.3458333333,40962.3458333333,40872.3458333333,41244.1136081062,41108.4309278238,1.0059364312
2026-05-06 00:10:02,MXF1!,10,2026-05-06 00:00:00,41510,41569,41502,41523,41080.4270833333,41160.4270833333,41280.4270833333,40970.4270833333,40880.4270833333,41255.0503293569,41116.6402163817,1.0088258858
2026-05-06 00:19:59,MXF1!,10,2026-05-06 00:10:00,41520,41530,41485,41501,41087.978125,41167.978125,41287.978125,40977.978125,40887.978125,41264.6954144802,41124.2513012059,1.0016729682
2026-05-06 00:30:09,MXF1!,10,2026-05-06 00:20:00,41504,41516,41419,41479,41095.4510416667,41175.4510416667,41295.4510416667,40985.4510416667,40895.4510416667,41273.0995158731,41131.2760279147,0.9945466627
2026-05-06 00:40:01,MXF1!,10,2026-05-06 00:30:00,41478,41484,41432,41442,41102.3885416667,41182.3885416667,41302.3885416667,40992.3885416667,40902.3885416667,41279.7230642702,41137.428977857,0.9834747415
2026-05-06 00:50:02,MXF1!,10,2026-05-06 00:40:00,41440,41483,41412,41475,41109.3395833333,41189.3395833333,41309.3395833333,40999.3395833333,40909.3395833333,41287.3809833185,41144.1135525529,0.9909352541
2026-05-06 01:00:10,MXF1!,10,2026-05-06 00:50:00,41475,41495,41465,41478,41116.5322916667,41196.5322916667,41316.5322916667,41006.5322916667,40916.5322916667,41294.8562388746,41150.7251653736,0.9904464222
2026-05-06 01:10:07,MXF1!,10,2026-05-06 01:00:00,41478,41505,41468,41480,41124.2197916667,41204.2197916667,41324.2197916667,41014.2197916667,40924.2197916667,41302.1167785266,41157.2454591286,0.9896788152
2026-05-06 01:20:03,MXF1!,10,2026-05-06 01:10:00,41478,41516,41464,41513,41132.0541666667,41212.0541666667,41332.0541666667,41022.0541666667,40932.0541666667,41310.3867087804,41164.2901035023,0.9970762351
2026-05-06 01:30:02,MXF1!,10,2026-05-06 01:20:00,41515,41525,41487,41504,41140.0541666667,41220.0541666667,41340.0541666667,41030.0541666667,40940.0541666667,41317.9793868675,41171.0170321458,0.9933800029
2026-05-06 01:40:06,MXF1!,10,2026-05-06 01:30:00,41504,41525,41489,41496,41147.90625,41227.90625,41347.90625,41037.90625,40947.90625,41324.9605873825,41177.4523384399,0.9900002533
2026-05-06 01:50:02,MXF1!,10,2026-05-06 01:40:00,41495,41507,41490,41496,41155.7114583333,41235.7114583333,41355.7114583333,41045.7114583333,40955.7114583333,41331.6680153283,41183.7602129263,0.9887658966
2026-05-06 02:00:08,MXF1!,10,2026-05-06 01:50:00,41495,41508,41488,41504,41163.3739583333,41243.3739583333,41363.3739583333,41053.3739583333,40963.3739583333,41338.4261323742,41190.1015948485,0.9896218147
2026-05-06 02:10:01,MXF1!,10,2026-05-06 02:00:00,41503,41527,41498,41500,41169.9708333333,41249.9708333333,41369.9708333333,41059.9708333333,40969.9708333333,41344.7623624772,41196.2381969307,0.9873084596
2026-05-06 02:20:13,MXF1!,10,2026-05-06 02:10:00,41499,41515,41493,41505,41175.865625,41255.865625,41375.865625,41065.865625,40975.865625,41351.0461913996,41202.352292041,0.9873805773
2026-05-06 02:30:05,MXF1!,10,2026-05-06 02:20:00,41505,41534,41505,41523,41181.1864583333,41261.1864583333,41381.1864583333,41071.1864583333,40981.1864583333,41357.7894780114,41208.7017516046,0.990861176
2026-05-06 02:40:05,MXF1!,10,2026-05-06 02:30:00,41524,41543,41524,41537,41186.5145833333,41266.5145833333,41386.5145833333,41076.5145833333,40986.5145833333,41364.8173416188,41215.2027070183,0.9932625794
2026-05-06 02:50:07,MXF1!,10,2026-05-06 02:40:00,41534,41538,41505,41507,41192.9197916667,41272.9197916667,41392.9197916667,41082.9197916667,40992.9197916667,41370.3931321436,41220.9808712358,0.9841616117
2026-05-06 03:00:07,MXF1!,10,2026-05-06 02:50:00,41507,41516,41490,41505,41199.2125,41279.2125,41399.2125,41089.2125,40999.2125,41375.6718328438,41226.6050123994,0.9824254969
2026-05-06 03:10:08,MXF1!,10,2026-05-06 03:00:00,41505,41514,41485,41499,41205.88125,41285.88125,41405.88125,41095.88125,41005.88125,41380.5082315558,41231.9989725499,0.9796706153
2026-05-06 03:20:06,MXF1!,10,2026-05-06 03:10:00,41499,41509,41460,41462,41212.546875,41292.546875,41412.546875,41102.546875,41012.546875,41383.7039871811,41236.553448341,0.9688194304
2026-05-06 03:30:06,MXF1!,10,2026-05-06 03:20:00,41462,41462,41432,41437,41218.6791666667,41298.6791666667,41418.6791666667,41108.6791666667,41018.6791666667,41385.7940268995,41240.5226869877,0.9611524863
2026-05-06 03:40:02,MXF1!,10,2026-05-06 03:30:00,41436,41463,41432,41462,41224.49375,41304.49375,41424.49375,41114.49375,41024.49375,41388.7824964328,41244.9083763543,0.9665860279
2026-05-06 03:50:04,MXF1!,10,2026-05-06 03:40:00,41460,41480,41452,41465,41230.1041666667,41310.1041666667,41430.1041666667,41120.1041666667,41030.1041666667,41391.7714181414,41249.2666263275,0.9662147551
2026-05-06 04:00:03,MXF1!,10,2026-05-06 03:50:00,41466,41466,41418,41443,41235.6333333333,41315.6333333333,41435.6333333333,41125.6333333333,41035.6333333333,41393.7803821358,41253.1029307567,0.9593207855
2026-05-06 04:10:02,MXF1!,10,2026-05-06 04:00:00,41444,41476,41440,41476,41242.0239583333,41322.0239583333,41442.0239583333,41132.0239583333,41042.0239583333,41397.0046808756,41257.516734108,0.9668148031
2026-05-06 04:20:04,MXF1!,10,2026-05-06 04:10:00,41477,41509,41451,41504,41248.83125,41328.83125,41448.83125,41138.83125,41048.83125,41401.2005757432,41262.3975908584,0.972971973
2026-05-06 04:30:02,MXF1!,10,2026-05-06 04:20:00,41500,41562,41490,41550,41255.6895833333,41335.6895833333,41455.6895833333,41145.6895833333,41055.6895833333,41407.0358472827,41268.0926880691,0.9837880063
2026-05-06 04:40:03,MXF1!,10,2026-05-06 04:30:00,41550,41561,41535,41547,41262.2510416667,41342.2510416667,41462.2510416667,41152.2510416667,41062.2510416667,41412.5246375853,41273.615605137,0.9817940106
2026-05-06 04:50:02,MXF1!,10,2026-05-06 04:40:00,41546,41546,41515,41530,41267.7625,41347.7625,41467.7625,41157.7625,41067.7625,41417.1315145428,41278.6925238472,0.976163099
2026-05-06 05:01:00,MXF1!,10,2026-05-06 04:50:00,41534,41560,41527,41560,41273.5020833333,41353.5020833333,41473.5020833333,41163.5020833333,41073.5020833333,41422.734200247,41284.2629689195,0.982758581
2026-05-06 08:55:00,MXF1!,10,2026-05-06 08:45:00,41671,41705,41617,41682,41280.6489583333,41360.6489583333,41480.6489583333,41170.6489583333,41080.6489583333,41432.9014865118,41292.138949733,1.0131775333
2026-05-06 09:05:01,MXF1!,10,2026-05-06 08:55:00,41683,41820,41636,41804,41288.1208333333,41368.1208333333,41488.1208333333,41178.1208333333,41088.1208333333,41447.4543693937,41302.2748121145,1.0433766879
2026-05-06 09:15:00,MXF1!,10,2026-05-06 09:05:00,41806,41955,41746,41942,41297.1197916667,41377.1197916667,41497.1197916667,41187.1197916667,41097.1197916667,41466.848315692,41314.9426376172,1.0774276133
2026-05-06 09:25:01,MXF1!,10,2026-05-06 09:15:00,41942,42002,41842,41871,41306.71875,41386.71875,41506.71875,41196.71875,41106.71875,41482.6974013511,41325.9536744961,1.0572353723
2026-05-06 09:35:00,MXF1!,10,2026-05-06 09:25:00,41872,41909,41756,41875,41314.9572916667,41394.9572916667,41514.9572916667,41204.9572916667,41114.9572916667,41498.0818169844,41336.8258789615,1.0565304203
2026-05-06 09:45:00,MXF1!,10,2026-05-06 09:35:00,41880,41934,41707,41712,41322.746875,41402.746875,41522.746875,41212.746875,41122.746875,41506.470765338,41344.2550694771,1.012782173
2026-05-06 09:55:00,MXF1!,10,2026-05-06 09:45:00,41710,41716,41233,41305,41327.2020833333,41407.2020833333,41527.2020833333,41217.2020833333,41127.2020833333,41498.569951011,41343.4777413686,0.9063919666
2026-05-06 10:05:00,MXF1!,10,2026-05-06 09:55:00,41305,41467,41219,41220,41330.55,41410.55,41530.55,41220.55,41130.55,41487.6456392066,41341.0326375792,0.8835172436
2026-05-06 10:15:01,MXF1!,10,2026-05-06 10:05:00,41221,41422,41041,41345,41333.103125,41413.103125,41533.103125,41223.103125,41133.103125,41482.0516925711,41341.1111992113,0.9148933846
2026-05-06 10:25:00,MXF1!,10,2026-05-06 10:15:00,41344,41430,41315,41345,41336.6645833333,41416.6645833333,41536.6645833333,41226.6645833333,41136.6645833333,41476.6771163918,41341.1882051675,0.9139246503
2026-05-06 10:34:58,MXF1!,10,2026-05-06 10:25:00,41349,41380,41201,41310,41339.7729166667,41419.7729166667,41539.7729166667,41229.7729166667,41139.7729166667,41470.1407588863,41340.5706169463,0.9039396886
2026-05-06 10:44:59,MXF1!,10,2026-05-06 10:35:00,41317,41343,41113,41184,41342.2177083333,41422.2177083333,41542.2177083333,41232.2177083333,41142.2177083333,41458.9195526554,41337.47020869,0.8705609938
2026-05-06 10:54:58,MXF1!,10,2026-05-06 10:45:00,41185,41297,41156,41205,41343.084375,41423.084375,41543.084375,41233.084375,41143.084375,41448.9619231395,41334.8470362407,0.8751595584
2026-05-06 11:04:56,MXF1!,10,2026-05-06 10:55:00,41206,41215,41050,41103,41343.3427083333,41423.3427083333,41543.3427083333,41233.3427083333,41143.3427083333,41435.3947888988,41330.2560058201,0.8480533954
2026-05-06 11:14:57,MXF1!,10,2026-05-06 11:05:00,41100,41318,41091,41299,41344.5614583333,41424.5614583333,41544.5614583333,41234.5614583333,41144.5614583333,41430.0459736478,41329.6370750117,0.8977773814
2026-05-06 11:24:57,MXF1!,10,2026-05-06 11:15:00,41296,41325,41230,41288,41346.2145833333,41426.2145833333,41546.2145833333,41236.2145833333,41146.2145833333,41424.4755433087,41328.8125784769,0.8940321565
2026-05-06 11:34:58,MXF1!,10,2026-05-06 11:25:00,41284,41382,41280,41342,41348.3520833333,41428.3520833333,41548.3520833333,41238.3520833333,41148.3520833333,41421.241208277,41329.0737155367,0.9070065186
2026-05-06 11:44:56,MXF1!,10,2026-05-06 11:35:00,41339,41359,41279,41322,41351.0958333333,41431.0958333333,41551.0958333333,41241.0958333333,41151.0958333333,41417.3493961877,41328.9336419617,0.9009054213
2026-05-06 11:55:01,MXF1!,10,2026-05-06 11:45:00,41320,41342,41284,41303,41353.528125,41433.528125,41553.528125,41243.528125,41153.528125,41412.8651061411,41328.4201044971,0.8950872871
2026-05-06 12:05:00,MXF1!,10,2026-05-06 11:55:00,41300,41362,41295,41325,41355.6083333333,41435.6083333333,41555.6083333333,41245.6083333333,41155.6083333333,41409.4194157042,41328.3523796556,0.8998248027
2026-05-06 12:15:00,MXF1!,10,2026-05-06 12:05:00,41322,41367,41312,41354,41357.5552083333,41437.5552083333,41557.5552083333,41247.5552083333,41157.5552083333,41407.2461052844,41328.8602533258,0.9063420516
2026-05-06 12:25:01,MXF1!,10,2026-05-06 12:15:00,41353,41365,41278,41293,41359.3041666667,41439.3041666667,41559.3041666667,41249.3041666667,41159.3041666667,41402.7658658615,41328.1501492995,0.8897423545
2026-05-06 12:35:00,MXF1!,10,2026-05-06 12:25:00,41293,41423,41272,41391,41361.653125,41441.653125,41561.653125,41251.653125,41161.653125,41402.3044593571,41329.3947007986,0.9139766466
2026-05-06 12:45:02,MXF1!,10,2026-05-06 12:35:00,41392,41441,41336,41405,41364.165625,41444.165625,41564.165625,41254.165625,41164.165625,41402.4101668333,41330.8918354362,0.9165698732
2026-05-06 12:54:58,MXF1!,10,2026-05-06 12:45:00,41406,41462,41400,41454,41367.38125,41447.38125,41567.38125,41257.38125,41167.38125,41404.4332975458,41333.3296208731,0.9281012219
2026-05-06 13:04:58,MXF1!,10,2026-05-06 12:55:00,41455,41475,41381,41408,41370.6052083333,41450.6052083333,41570.6052083333,41260.6052083333,41170.6052083333,41404.5731682302,41334.808242242,0.9152575822
2026-05-06 13:14:58,MXF1!,10,2026-05-06 13:05:00,41404,41498,41393,41492,41374.1197916667,41454.1197916667,41574.1197916667,41264.1197916667,41174.1197916667,41408.0016714369,41337.9209503164,0.9357224789
2026-05-06 13:24:58,MXF1!,10,2026-05-06 13:15:00,41490,41552,41480,41487,41378.5010416667,41458.5010416667,41578.5010416667,41268.5010416667,41178.5010416667,41411.099645106,41340.8730107062,0.9333377711
2026-05-06 13:34:58,MXF1!,10,2026-05-06 13:25:00,41489,41511,41450,41466,41382.2125,41462.2125,41582.2125,41272.2125,41182.2125,41413.2526001999,41343.3507728704,0.926884954
2026-05-06 13:45:58,MXF1!,10,2026-05-06 13:35:00,41465,41540,41432,41511,41386.1833333333,41466.1833333333,41586.1833333333,41276.1833333333,41186.1833333333,41417.0858315646,41346.6705595462,0.9373057318
2026-05-06 15:10:02,MXF1!,10,2026-05-06 15:00:00,41436,41510,41413,41493,41390.2322916667,41470.2322916667,41590.2322916667,41280.2322916667,41190.2322916667,41420.0628577778,41349.5681722285,0.9316219371
2026-05-06 15:20:00,MXF1!,10,2026-05-06 15:10:00,41494,41499,41430,41443,41393.953125,41473.953125,41593.953125,41283.953125,41193.953125,41420.9623535512,41351.4183074319,0.9178035781
2026-05-06 15:30:02,MXF1!,10,2026-05-06 15:20:00,41442,41461,41420,41443,41397.5833333333,41477.5833333333,41597.5833333333,41287.5833333333,41197.5833333333,41421.8265749806,41353.2318062946,0.9167810962
2026-05-06 15:40:01,MXF1!,10,2026-05-06 15:30:00,41445,41496,41425,41489,41401.1354166667,41481.1354166667,41601.1354166667,41291.1354166667,41201.1354166667,41424.4608269421,41355.9202853779,0.9274718426
2026-05-06 15:50:01,MXF1!,10,2026-05-06 15:40:00,41490,41543,41479,41537,41405.41875,41485.41875,41605.41875,41295.41875,41205.41875,41428.8741278463,41359.5060223011,0.9386018642
2026-05-06 16:00:01,MXF1!,10,2026-05-06 15:50:00,41537,41588,41521,41586,41410.2770833333,41490.2770833333,41610.2770833333,41300.2770833333,41210.2770833333,41435.0359267543,41363.9910515625,0.9499107545
2026-05-06 16:10:01,MXF1!,10,2026-05-06 16:00:00,41586,41618,41570,41593,41416.1510416667,41496.1510416667,41616.1510416667,41306.1510416667,41216.1510416667,41441.2305962934,41368.5258822246,0.9504972871
2026-05-06 16:20:00,MXF1!,10,2026-05-06 16:10:00,41593,41620,41535,41540,41422.021875,41502.021875,41622.021875,41312.021875,41222.021875,41445.1039062427,41371.9214093093,0.9358643767
2026-05-06 16:30:00,MXF1!,10,2026-05-06 16:20:00,41541,41550,41519,41537,41427.6739583333,41507.6739583333,41627.6739583333,41317.6739583333,41227.6739583333,41448.7076746253,41375.1902922932,0.9339766462
2026-05-06 16:40:03,MXF1!,10,2026-05-06 16:30:00,41537,41571,41533,41563,41433.0541666667,41513.0541666667,41633.0541666667,41323.0541666667,41233.0541666667,41453.1897266008,41378.9092964062,0.9394348035
2026-05-06 16:50:01,MXF1!,10,2026-05-06 16:40:00,41566,41580,41508,41515,41438.278125,41518.278125,41638.278125,41328.278125,41238.278125,41455.6136588909,41381.6041618239,0.9261465051
2026-05-06 17:00:01,MXF1!,10,2026-05-06 16:50:00,41516,41883,41513,41808,41445.721875,41525.721875,41645.721875,41335.721875,41245.721875,41469.4327310913,41390.047643768,0.9990577832
2026-05-06 17:10:01,MXF1!,10,2026-05-06 17:00:00,41808,41853,41719,41733,41452.8416666667,41532.8416666667,41652.8416666667,41342.8416666667,41252.8416666667,41479.7687024211,41396.838779535,0.9786506657
2026-05-06 17:20:02,MXF1!,10,2026-05-06 17:10:00,41733,41800,41720,41782,41459.0364583333,41539.0364583333,41659.0364583333,41349.0364583333,41259.0364583333,41491.6209101693,41404.4657343957,0.9896109654
2026-05-06 17:30:09,MXF1!,10,2026-05-06 17:20:00,41780,41790,41708,41762,41464.2072916667,41544.2072916667,41664.2072916667,41354.2072916667,41264.2072916667,41502.2240117312,41411.5456208433,0.9831355967
2026-05-06 17:40:02,MXF1!,10,2026-05-06 17:30:00,41765,41842,41745,41836,41470.053125,41550.053125,41670.053125,41360.053125,41270.053125,41515.3132661732,41419.9506580543,1.0002961889
2026-05-06 17:50:02,MXF1!,10,2026-05-06 17:40:00,41837,41844,41776,41805,41475.996875,41555.996875,41675.996875,41365.996875,41275.996875,41526.6735302448,41427.5753974988,0.9910545645
2026-05-06 18:00:17,MXF1!,10,2026-05-06 17:50:00,41802,41838,41779,41836,41481.9958333333,41561.9958333333,41681.9958333333,41371.9958333333,41281.9958333333,41538.8039800391,41435.6630133899,0.99732325
2026-05-06 18:10:01,MXF1!,10,2026-05-06 18:00:00,41836,41874,41821,41830,41487.6979166667,41567.6979166667,41687.6979166667,41377.6979166667,41287.6979166667,41550.2234318023,41443.4716665901,0.9942670448
2026-05-06 18:20:02,MXF1!,10,2026-05-06 18:10:00,41830,41890,41826,41882,41493.1666666667,41573.1666666667,41693.1666666667,41383.1666666667,41293.1666666667,41563.234277614,41452.1553959645,1.0056839166
2026-05-06 18:30:03,MXF1!,10,2026-05-06 18:20:00,41881,41898,41865,41887,41499.059375,41579.059375,41699.059375,41389.059375,41299.059375,41575.9309726095,41460.7661802029,1.0053358997
2026-05-06 18:40:01,MXF1!,10,2026-05-06 18:30:00,41885,41911,41883,41901,41505.053125,41585.053125,41705.053125,41395.053125,41305.053125,41588.6787776052,41469.483681585,1.0072663742
2026-05-06 18:50:01,MXF1!,10,2026-05-06 18:40:00,41902,41967,41897,41922,41511.178125,41591.178125,41711.178125,41401.178125,41311.178125,41601.7501980913,41478.4444007615,1.0109946167
2026-05-06 19:00:12,MXF1!,10,2026-05-06 18:50:00,41919,41985,41895,41948,41516.3270833333,41596.3270833333,41716.3270833333,41406.3270833333,41316.3270833333,41615.3286216955,41487.7425314395,1.0159995966
2026-05-06 19:10:00,MXF1!,10,2026-05-06 19:00:00,41946,41994,41931,41976,41521.759375,41601.759375,41721.759375,41411.759375,41321.759375,41629.4725973153,41497.4109961635,1.0219279085
2026-05-06 19:20:02,MXF1!,10,2026-05-06 19:10:00,41978,42000,41945,41980,41528.125,41608.125,41728.125,41418.125,41328.125,41643.2187699696,41506.9672140612,1.0216550234
2026-05-06 19:30:03,MXF1!,10,2026-05-06 19:20:00,41978,41982,41927,41940,41534.046875,41614.046875,41734.046875,41424.046875,41334.046875,41654.8572495787,41515.5421207135,1.0107072034
2026-05-06 19:40:05,MXF1!,10,2026-05-06 19:30:00,41938,41955,41906,41948,41539.6604166667,41619.6604166667,41739.6604166667,41429.6604166667,41339.6604166667,41666.3530437128,41524.1056430756,1.0118507883
2026-05-06 19:50:03,MXF1!,10,2026-05-06 19:40:00,41950,41962,41798,41830,41545.1104166667,41625.1104166667,41745.1104166667,41435.1104166667,41345.1104166667,41672.7705714104,41530.1629570741,0.98152857
2026-05-06 20:00:01,MXF1!,10,2026-05-06 19:50:00,41830,41878,41819,41850,41550.2229166667,41630.2229166667,41750.2229166667,41440.2229166667,41350.2229166667,41679.7207450805,41536.4963638647,0.9857237402
2026-05-06 20:10:01,MXF1!,10,2026-05-06 20:00:00,41848,41850,41775,41825,41554.4145833333,41634.4145833333,41754.4145833333,41444.4145833333,41354.4145833333,41685.4179707637,41542.2093071545,0.978875743
2026-05-06 20:20:01,MXF1!,10,2026-05-06 20:10:00,41822,41843,41720,41770,41558.1927083333,41638.1927083333,41758.1927083333,41448.1927083333,41358.1927083333,41688.7349130866,41546.7200139435,0.964561071
2026-05-06 20:30:02,MXF1!,10,2026-05-06 20:20:00,41771,41815,41754,41803,41561.86875,41641.86875,41761.86875,41451.86875,41361.86875,41693.2158968872,41551.7948651526,0.9722346153
2026-05-06 20:40:03,MXF1!,10,2026-05-06 20:30:00,41804,41812,41774,41793,41565.540625,41645.540625,41765.540625,41455.540625,41365.540625,41697.12899897,41556.5712044565,0.9692243545
2026-05-06 20:50:01,MXF1!,10,2026-05-06 20:40:00,41791,41818,41755,41795,41568.775,41648.775,41768.775,41458.775,41368.775,41700.9670774418,41561.2925667445,0.9690593515
2026-05-06 21:00:02,MXF1!,10,2026-05-06 20:50:00,41795,41811,41742,41759,41571.4927083333,41651.4927083333,41771.4927083333,41461.4927083333,41371.4927083333,41703.2428783264,41565.2075654228,0.9594071305
2026-05-06 21:10:01,MXF1!,10,2026-05-06 21:00:00,41758,41782,41658,41682,41573.5916666667,41653.5916666667,41773.5916666667,41463.5916666667,41373.5916666667,41702.4098242744,41567.5202868996,0.9394273003
2026-05-06 21:20:02,MXF1!,10,2026-05-06 21:10:00,41683,41778,41670,41750,41576.028125,41656.028125,41776.028125,41466.028125,41376.028125,41704.2761056754,41571.1337465649,0.9558832075
2026-05-06 21:30:07,MXF1!,10,2026-05-06 21:20:00,41745,41753,41715,41745,41578.6510416667,41658.6510416667,41778.6510416667,41468.6510416667,41378.6510416667,41705.8731211391,41574.5766426726,0.9538925182
2026-05-06 21:40:05,MXF1!,10,2026-05-06 21:30:00,41743,41873,41674,41852,41582.2885416667,41662.2885416667,41782.2885416667,41472.2885416667,41382.2885416667,41711.6035869768,41580.0701745008,0.9799650433
2026-05-06 21:50:01,MXF1!,10,2026-05-06 21:40:00,41857,41930,41847,41893,41586.7770833333,41666.7770833333,41786.7770833333,41476.7770833333,41386.7770833333,41718.7171718012,41586.2668047087,0.9893656856
2026-05-06 22:00:05,MXF1!,10,2026-05-06 21:50:00,41897,41915,41799,41898,41590.96875,41670.96875,41790.96875,41480.96875,41390.96875,41725.7478709463,41592.439739269,0.9895869647
2026-05-06 22:10:03,MXF1!,10,2026-05-06 22:00:00,41900,41905,41700,41803,41594.334375,41674.334375,41794.334375,41484.334375,41394.334375,41728.7773662033,41596.6092493824,0.9647573684
2026-05-06 22:20:01,MXF1!,10,2026-05-06 22:10:00,41802,41830,41707,41717,41597.325,41677.325,41797.325,41487.325,41397.325,41728.3155087051,41598.9932246422,0.9423167303
2026-05-06 22:30:01,MXF1!,10,2026-05-06 22:20:00,41717,41773,41666,41715,41599.671875,41679.671875,41799.671875,41489.671875,41399.671875,41727.7933318932,41601.2903885107,0.941092974
2026-05-06 22:40:02,MXF1!,10,2026-05-06 22:30:00,41718,41852,41707,41848,41602.7947916667,41682.7947916667,41802.7947916667,41492.7947916667,41402.7947916667,41732.5073188778,41606.175727352,0.973845197
2026-05-06 22:50:01,MXF1!,10,2026-05-06 22:40:00,41849,41922,41847,41905,41606.8760416667,41686.8760416667,41806.8760416667,41496.8760416667,41406.8760416667,41739.2717377453,41612.0930396817,0.9872972638
2026-05-06 23:00:11,MXF1!,10,2026-05-06 22:50:00,41906,41926,41862,41892,41611.0208333333,41691.0208333333,41811.0208333333,41501.0208333333,41411.0208333333,41745.2610813631,41617.6357517672,0.9830938014
2026-05-06 23:10:02,MXF1!,10,2026-05-06 23:00:00,41889,41950,41863,41908,41615.1,41695.1,41815.1,41505.1,41415.1,41751.642999741,41623.3855388609,0.9862462949
2026-05-06 23:20:03,MXF1!,10,2026-05-06 23:10:00,41907,41980,41884,41980,41619.5395833333,41699.5395833333,41819.5395833333,41509.5395833333,41419.5395833333,41760.5981762218,41630.4472113587,1.003518728
2026-05-06 23:30:09,MXF1!,10,2026-05-06 23:20:00,41981,42038,41962,42014,41624.5229166667,41704.5229166667,41824.5229166667,41514.5229166667,41424.5229166667,41770.5355026445,41638.0423160843,1.0110680596
2026-05-06 23:40:02,MXF1!,10,2026-05-06 23:30:00,42014,42040,41961,41987,41629.4375,41709.4375,41829.4375,41519.4375,41429.4375,41779.0243064623,41644.9523692311,1.0032642192
2026-05-06 23:50:01,MXF1!,10,2026-05-06 23:40:00,41985,41994,41894,41946,41634.00625,41714.00625,41834.00625,41524.00625,41434.00625,41785.5723728756,41650.9137084543,0.9920392588
2026-05-07 00:00:05,MXF1!,10,2026-05-06 23:50:00,41943,41970,41920,41939,41638.6114583333,41718.6114583333,41838.6114583333,41528.6114583333,41438.6114583333,41791.5891425667,41656.6183874948,0.9893870442
2026-05-07 00:10:03,MXF1!,10,2026-05-07 00:00:00,41936,42012,41933,41999,41643.7020833333,41723.7020833333,41843.7020833333,41533.7020833333,41443.7020833333,41799.7229016817,41663.3982214058,1.0036144918
2026-05-07 00:20:02,MXF1!,10,2026-05-07 00:10:00,42000,42070,41996,42007,41649.4802083333,41729.4802083333,41849.4802083333,41539.4802083333,41449.4802083333,41807.8514153413,41670.2022170215,1.0047234998
2026-05-07 00:30:02,MXF1!,10,2026-05-07 00:20:00,42007,42040,41999,42008,41655.4166666667,41735.4166666667,41855.4166666667,41545.4166666667,41455.4166666667,41815.7003794455,41676.891282031,1.0040703603
2026-05-07 00:40:06,MXF1!,10,2026-05-07 00:30:00,42009,42030,41992,42010,41661.2635416667,41741.2635416667,41861.2635416667,41551.2635416667,41461.2635416667,41823.3199724085,41683.487494268,1.0036638367
2026-05-07 00:50:04,MXF1!,10,2026-05-07 00:40:00,42010,42023,41941,41961,41666.68125,41746.68125,41866.68125,41556.68125,41466.68125,41828.7191891768,41688.9827914112,0.9904932419
2026-05-07 01:00:04,MXF1!,10,2026-05-07 00:50:00,41957,41978,41886,41958,41671.953125,41751.953125,41871.953125,41561.953125,41471.953125,41833.7890248953,41694.3098648486,0.9889089712
2026-05-07 01:10:03,MXF1!,10,2026-05-07 01:00:00,41957,42029,41942,42010,41677.4572916667,41757.4572916667,41877.4572916667,41567.4572916667,41477.4572916667,41840.6992592132,41700.5611546536,1.0012334127
2026-05-07 01:20:05,MXF1!,10,2026-05-07 01:10:00,42011,42037,41996,42009,41682.9489583333,41762.9489583333,41882.9489583333,41572.9489583333,41482.9489583333,41847.2992882636,41706.6688545614,1.000075324
2026-05-07 01:30:09,MXF1!,10,2026-05-07 01:20:00,42010,42027,41995,42009,41688.0729166667,41768.0729166667,41888.0729166667,41578.0729166667,41488.0729166667,41853.6404926454,41712.6556099167,0.9991862594
2026-05-07 01:40:04,MXF1!,10,2026-05-07 01:30:00,42008,42033,42000,42011,41692.9729166667,41772.9729166667,41892.9729166667,41582.9729166667,41492.9729166667,41859.8114537182,41718.5634196213,0.9988316769
2026-05-07 01:50:08,MXF1!,10,2026-05-07 01:40:00,42011,42046,42004,42004,41698.1135416667,41778.1135416667,41898.1135416667,41588.1135416667,41498.1135416667,41865.4659065135,41724.2156291337,0.9962480985
2026-05-07 02:00:05,MXF1!,10,2026-05-07 01:50:00,42003,42016,41985,42012,41702.8625,41782.8625,41902.8625,41592.8625,41502.8625,41871.2123415522,41729.9143295469,0.997472133
2026-05-07 02:10:04,MXF1!,10,2026-05-07 02:00:00,42015,42052,42015,42049,41706.6604166667,41786.6604166667,41906.6604166667,41596.6604166667,41506.6604166667,41878.1844065894,41736.2328576747,1.0060443474
2026-05-07 02:20:02,MXF1!,10,2026-05-07 02:10:00,42049,42112,42031,42087,41710.2458333333,41790.2458333333,41910.2458333333,41600.2458333333,41510.2458333333,41886.3732533898,41743.1787416812,1.0148142878
2026-05-07 02:30:06,MXF1!,10,2026-05-07 02:20:00,42086,42117,42079,42105,41712.7333333333,41792.7333333333,41912.7333333333,41602.7333333333,41512.7333333333,41894.9468512961,41750.3435190736,1.0185067219
2026-05-07 02:40:05,MXF1!,10,2026-05-07 02:30:00,42102,42148,42095,42124,41714.6489583333,41794.6489583333,41914.6489583333,41604.6489583333,41514.6489583333,41903.9293277158,41757.7426573098,1.022389081
2026-05-07 02:50:01,MXF1!,10,2026-05-07 02:40:00,42122,42132,42104,42111,41717.54375,41797.54375,41917.54375,41607.54375,41517.54375,41912.0497462368,41764.7378522145,1.0181127485
2026-05-07 03:00:02,MXF1!,10,2026-05-07 02:50:00,42109,42139,42101,42130,41720.9604166667,41800.9604166667,41920.9604166667,41610.9604166667,41520.9604166667,41920.5968150118,41771.9707660321,1.0219934437
2026-05-07 03:10:01,MXF1!,10,2026-05-07 03:00:00,42128,42180,42125,42174,41728.0947916667,41808.0947916667,41928.0947916667,41618.0947916667,41528.0947916667,41930.5341948153,41779.9317409621,1.0322093249
2026-05-07 03:20:02,MXF1!,10,2026-05-07 03:10:00,42174,42193,42160,42186,41736.8677083333,41816.8677083333,41936.8677083333,41626.8677083333,41536.8677083333,41940.5524616853,41787.9726965866,1.0342280267
2026-05-07 03:30:02,MXF1!,10,2026-05-07 03:20:00,42185,42206,42184,42194,41746.3854166667,41826.3854166667,41946.3854166667,41636.3854166667,41546.3854166667,41950.4915808349,41796.0128412087,1.035071342
2026-05-07 03:40:07,MXF1!,10,2026-05-07 03:30:00,42191,42198,42175,42187,41754.809375,41834.809375,41954.809375,41644.809375,41554.809375,41959.7664208021,41803.7551611847,1.0320920237
2026-05-07 03:50:02,MXF1!,10,2026-05-07 03:40:00,42189,42205,42172,42181,41764.1104166667,41844.1104166667,41964.1104166667,41654.1104166667,41564.1104166667,41968.4422474373,41811.2253560128,1.0293417104
2026-05-07 04:00:05,MXF1!,10,2026-05-07 03:50:00,42182,42239,42177,42189,41774.2875,41854.2875,41974.2875,41664.2875,41574.2875,41977.0915710672,41818.7060420323,1.0301795501
2026-05-07 04:10:01,MXF1!,10,2026-05-07 04:00:00,42188,42238,42163,42237,41784.5416666667,41864.5416666667,41984.5416666667,41674.5416666667,41584.5416666667,41987.2840584764,41826.9890907049,1.0411724278
2026-05-07 04:20:05,MXF1!,10,2026-05-07 04:10:00,42237,42272,42227,42266,41796.0395833333,41876.0395833333,41996.0395833333,41686.0395833333,41596.0395833333,41998.2140953989,41835.6823760375,1.0472896347
2026-05-07 04:30:04,MXF1!,10,2026-05-07 04:20:00,42266,42286,42265,42285,41806.971875,41886.971875,42006.971875,41696.971875,41606.971875,42009.4606014617,41844.5797547298,1.0509399424
2026-05-07 04:40:11,MXF1!,10,2026-05-07 04:30:00,42285,42292,42264,42276,41817.4645833333,41897.4645833333,42017.4645833333,41707.4645833333,41617.4645833333,42019.9131268945,41853.1227298837,1.0474438773
2026-05-07 04:50:04,MXF1!,10,2026-05-07 04:40:00,42274,42292,42272,42285,41827.3572916667,41907.3572916667,42027.3572916667,41717.3572916667,41627.3572916667,42030.3086905457,41861.6747550345,1.0485060683
2026-05-07 05:01:00,MXF1!,10,2026-05-07 04:50:00,42285,42329,42280,42329,41837.6114583333,41917.6114583333,42037.6114583333,41727.6114583333,41637.6114583333,42042.0220752302,41870.9287202814,1.0584398967
2026-05-07 08:55:02,MXF1!,10,2026-05-07 08:45:00,42331,42341,42055,42086,41846.253125,41926.253125,42046.253125,41736.253125,41646.253125,42043.746699731,41875.1875575035,0.995586806
2026-05-07 09:05:00,MXF1!,10,2026-05-07 08:55:00,42084,42175,42016,42086,41854.3572916667,41934.3572916667,42054.3572916667,41744.3572916667,41654.3572916667,42045.4036918984,41879.3620613153,0.9945856237
2026-05-07 09:14:59,MXF1!,10,2026-05-07 09:05:00,42086,42185,42002,42132,41862.321875,41942.321875,42062.321875,41752.321875,41662.321875,42048.7996255494,41884.3647927744,1.0051995045
2026-05-07 09:25:01,MXF1!,10,2026-05-07 09:15:00,42127,42274,42098,42162,41871.7041666667,41951.7041666667,42071.7041666667,41761.7041666667,41671.7041666667,42053.2388559201,41889.8625196502,1.0117601885
2026-05-07 09:35:00,MXF1!,10,2026-05-07 09:25:00,42165,42212,42066,42113,41879.7979166667,41959.7979166667,42079.7979166667,41769.7979166667,41679.7979166667,42055.5824301977,41894.2810836175,0.9982549918
2026-05-07 09:45:00,MXF1!,10,2026-05-07 09:35:00,42112,42381,42110,42362,41888.896875,41968.896875,42088.896875,41778.896875,41688.896875,42067.5988054841,41903.5428443379,1.0603335298
2026-05-07 09:55:01,MXF1!,10,2026-05-07 09:45:00,42363,42444,42358,42401,41898.9666666667,41978.9666666667,42098.9666666667,41788.9666666667,41698.9666666667,42080.6733621317,41913.3934810837,1.0687981024
2026-05-07 10:05:00,MXF1!,10,2026-05-07 09:55:00,42397,42425,42285,42333,41908.7166666667,41988.7166666667,42108.7166666667,41798.7166666667,41708.7166666667,42090.5685244011,41921.7025210623,1.0501167471
2026-05-07 10:15:02,MXF1!,10,2026-05-07 10:05:00,42335,42396,42228,42254,41917.9166666667,41997.9166666667,42117.9166666667,41807.9166666667,41717.9166666667,42096.9776018756,41928.28266916,1.028761238
2026-05-07 10:25:01,MXF1!,10,2026-05-07 10:15:00,42259,42339,42241,42326,41925.946875,42005.946875,42125.946875,41815.946875,41725.946875,42105.9588723902,41936.1582598697,1.0456512942
2026-05-07 10:35:01,MXF1!,10,2026-05-07 10:25:00,42327,42468,42327,42439,41935.5458333333,42015.5458333333,42135.5458333333,41825.5458333333,41735.5458333333,42119.0193087671,41946.1155220505,1.0727679552
2026-05-07 10:45:02,MXF1!,10,2026-05-07 10:35:00,42437,42440,42296,42333,41944.6125,42024.6125,42144.6125,41834.6125,41744.6125,42127.4107084233,41953.7766008218,1.0444263058
2026-05-07 10:55:01,MXF1!,10,2026-05-07 10:45:00,42331,42346,42261,42341,41953.2916666667,42033.2916666667,42153.2916666667,41843.2916666667,41753.2916666667,42135.7867590734,41961.4443909046,1.0450647995
2026-05-07 11:05:01,MXF1!,10,2026-05-07 10:55:00,42342,42408,42285,42313,41962.5947916667,42042.5947916667,42162.5947916667,41852.5947916667,41762.5947916667,42142.7362979332,41968.4058881144,1.0366211388
2026-05-07 11:15:00,MXF1!,10,2026-05-07 11:05:00,42316,42316,42237,42297,41971.4010416667,42051.4010416667,42171.4010416667,41861.4010416667,41771.4010416667,42148.785854877,41974.9127022111,1.0312893694
2026-05-07 11:25:02,MXF1!,10,2026-05-07 11:15:00,42298,42374,42286,42314,41980.4614583333,42060.4614583333,42180.4614583333,41870.4614583333,41780.4614583333,42155.2648409603,41981.6273021673,1.0342828524
2026-05-07 11:35:01,MXF1!,10,2026-05-07 11:25:00,42314,42387,42300,42351,41989.1104166667,42069.1104166667,42189.1104166667,41879.1104166667,41789.1104166667,42162.9407295501,41988.9416130155,1.0423132117
2026-05-07 11:45:01,MXF1!,10,2026-05-07 11:35:00,42349,42419,42338,42414,41997.7614583333,42077.7614583333,42197.7614583333,41887.7614583333,41797.7614583333,42172.7861911363,41997.3586107776,1.0567860377
2026-05-07 11:55:02,MXF1!,10,2026-05-07 11:45:00,42410,42433,42364,42394,42006.1322916667,42086.1322916667,42206.1322916667,41896.1322916667,41806.1322916667,42181.4612424643,42005.2128957127,1.0502986119
2026-05-07 12:05:03,MXF1!,10,2026-05-07 11:55:00,42391,42403,42333,42349,42014.4145833333,42094.4145833333,42214.4145833333,41904.4145833333,41814.4145833333,42188.0313898187,42012.0205611441,1.037539041
2026-05-07 12:15:00,MXF1!,10,2026-05-07 12:05:00,42350,42384,42330,42344,42022.94375,42102.94375,42222.94375,41912.94375,41822.94375,42194.1478059042,42018.5944114185,1.0349052346
2026-05-07 12:25:01,MXF1!,10,2026-05-07 12:15:00,42345,42370,42300,42336,42031.0177083333,42111.0177083333,42231.0177083333,41921.0177083333,41831.0177083333,42199.7106370452,42024.8796705983,1.0315568527
2026-05-07 12:35:00,MXF1!,10,2026-05-07 12:25:00,42340,42358,42293,42296,42039.05,42119.05,42239.05,41929.05,41839.05,42203.4866904944,42030.2483899924,1.0204629373
2026-05-07 12:45:02,MXF1!,10,2026-05-07 12:35:00,42296,42331,42278,42300,42044.4791666667,42124.4791666667,42244.4791666667,41934.4791666667,41844.4791666667,42207.2715261613,42035.5900060322,1.0205543614
2026-05-07 12:55:01,MXF1!,10,2026-05-07 12:45:00,42300,42358,42288,42320,42050.3208333333,42130.3208333333,42250.3208333333,41940.3208333333,41850.3208333333,42211.6922506256,42041.2218871008,1.0247423542
2026-05-07 13:05:01,MXF1!,10,2026-05-07 12:55:00,42320,42372,42292,42362,42056.0916666667,42136.0916666667,42256.0916666667,41946.0916666667,41856.0916666667,42217.5866721697,42047.5739289404,1.0344425422
2026-05-07 13:15:02,MXF1!,10,2026-05-07 13:05:00,42361,42388,42322,42386,42062.4864583333,42142.4864583333,42262.4864583333,41952.4864583333,41862.4864583333,42224.1911163983,42054.275435298,1.0397629533
2026-05-07 13:25:01,MXF1!,10,2026-05-07 13:15:00,42385,42388,42281,42296,42067.8552083333,42147.8552083333,42267.8552083333,41957.8552083333,41867.8552083333,42227.0071510493,42059.0620603416,1.0161775168
2026-05-07 13:35:01,MXF1!,10,2026-05-07 13:25:00,42296,42365,42257,42347,42073.2322916667,42153.2322916667,42273.2322916667,41963.2322916667,41873.2322916667,42231.712752969,42064.763801721,1.0281579984
2026-05-07 13:46:00,MXF1!,10,2026-05-07 13:35:00,42350,42394,42340,42355,42078.9427083333,42158.9427083333,42278.9427083333,41968.9427083333,41878.9427083333,42236.5475469702,42070.5110531721,1.0292400256
2026-05-07 15:10:01,MXF1!,10,2026-05-07 15:00:00,42425,42505,42370,42496,42084.98125,42164.98125,42284.98125,41974.98125,41884.98125,42246.7221529714,42078.9365768716,1.0637537672
2026-05-07 15:20:01,MXF1!,10,2026-05-07 15:10:00,42494,42554,42457,42483,42091.8708333333,42171.8708333333,42291.8708333333,41981.8708333333,41891.8708333333,42255.9879508941,42086.9378327752,1.0592965675
2026-05-07 15:30:02,MXF1!,10,2026-05-07 15:20:00,42482,42505,42410,42425,42097.8958333333,42177.8958333333,42297.8958333333,41987.8958333333,41897.8958333333,42262.6158743884,42093.6321331163,1.043592931
2026-05-07 15:40:01,MXF1!,10,2026-05-07 15:30:00,42427,42465,42402,42462,42103.5822916667,42183.5822916667,42303.5822916667,41993.5822916667,41903.5822916667,42270.4348597065,42100.9265463219,1.05196434
2026-05-07 15:50:02,MXF1!,10,2026-05-07 15:40:00,42464,42476,42415,42430,42108.8791666667,42188.8791666667,42308.8791666667,41998.8791666667,41908.8791666667,42276.6923161886,42107.4428523353,1.0428671341
2026-05-07 16:00:02,MXF1!,10,2026-05-07 15:50:00,42430,42437,42383,42398,42113.7322916667,42193.7322916667,42313.7322916667,42003.7322916667,41913.7322916667,42281.4494802596,42113.1964592198,1.0337969282
2026-05-07 16:10:04,MXF1!,10,2026-05-07 16:00:00,42400,42465,42377,42428,42118.6020833333,42198.6020833333,42318.6020833333,42008.6020833333,41918.6020833333,42287.1965594651,42119.4301927006,1.0404393982
2026-05-07 16:20:03,MXF1!,10,2026-05-07 16:10:00,42425,42425,42344,42373,42122.86875,42202.86875,42322.86875,42012.86875,41922.86875,42290.5614002704,42124.4513770035,1.025667226
2026-05-07 16:30:01,MXF1!,10,2026-05-07 16:20:00,42372,42386,42326,42348,42127.1364583333,42207.1364583333,42327.1364583333,42017.1364583333,41927.1364583333,42292.8138943775,42128.8780824094,1.0184792472
2026-05-07 16:40:00,MXF1!,10,2026-05-07 16:30:00,42348,42389,42344,42363,42131.6635416667,42211.6635416667,42331.6635416667,42021.6635416667,41931.6635416667,42295.5662906764,42133.5141599854,1.0213994464
2026-05-07 16:50:00,MXF1!,10,2026-05-07 16:40:00,42361,42365,42325,42336,42136.64375,42216.64375,42336.64375,42026.64375,41936.64375,42297.1519263362,42137.5237805798,1.0136873293
2026-05-07 17:00:05,MXF1!,10,2026-05-07 16:50:00,42337,42351,42305,42322,42141.5239583333,42221.5239583333,42341.5239583333,42031.5239583333,41941.5239583333,42298.1263605975,42141.1767750238,1.0093634056
2026-05-07 17:10:02,MXF1!,10,2026-05-07 17:00:00,42322,42329,42242,42264,42146.3864583333,42226.3864583333,42346.3864583333,42036.3864583333,41946.3864583333,42296.7880719466,42143.6089180926,0.9938853038
2026-05-07 17:20:01,MXF1!,10,2026-05-07 17:10:00,42263,42292,42210,42265,42151.2572916667,42231.2572916667,42351.2572916667,42041.2572916667,41951.2572916667,42295.5414808899,42146.0127018927,0.9934080233
2026-05-07 17:30:07,MXF1!,10,2026-05-07 17:20:00,42267,42289,42234,42273,42156.2572916667,42236.2572916667,42356.2572916667,42046.2572916667,41956.2572916667,42294.6575012471,42148.5273018553,0.9947228517
2026-05-07 17:40:01,MXF1!,10,2026-05-07 17:30:00,42272,42338,42261,42306,42161.5375,42241.5375,42361.5375,42051.5375,41961.5375,42295.1023051198,42151.6455731057,1.0023790042
2026-05-07 17:50:02,MXF1!,10,2026-05-07 17:40:00,42306,42338,42293,42325,42167.1041666667,42247.1041666667,42367.1041666667,42057.1041666667,41967.1041666667,42296.2747637425,42155.0783340343,1.0061660263
2026-05-07 18:00:03,MXF1!,10,2026-05-07 17:50:00,42327,42330,42222,42255,42172.0385416667,42252.0385416667,42372.0385416667,42062.0385416667,41972.0385416667,42294.6561455566,42157.0569808851,0.9872216121
2026-05-07 18:10:02,MXF1!,10,2026-05-07 18:00:00,42256,42274,42222,42245,42177.4541666667,42257.4541666667,42377.4541666667,42067.4541666667,41977.4541666667,42292.7088457308,42158.7984268081,0.9835524153
2026-05-07 18:20:01,MXF1!,10,2026-05-07 18:10:00,42246,42274,42209,42256,42182.85,42262.85,42382.85,42072.85,41982.85,42291.2692831531,42160.7232104357,0.9851963889
2026-05-07 18:30:08,MXF1!,10,2026-05-07 18:20:00,42254,42295,42246,42259,42188.39375,42268.39375,42388.39375,42078.39375,41988.39375,42290.0038210687,42162.6692854766,0.9847465256
2026-05-07 18:40:05,MXF1!,10,2026-05-07 18:30:00,42257,42289,42236,42286,42193.0510416667,42273.0510416667,42393.0510416667,42083.0510416667,41993.0510416667,42289.8468084778,42165.1114778434,0.9904356681
2026-05-07 18:50:02,MXF1!,10,2026-05-07 18:40:00,42288,42313,42272,42273,42197.2135416667,42277.2135416667,42397.2135416667,42087.2135416667,41997.2135416667,42289.1861493218,42167.2478842227,0.9857661615
2026-05-07 19:00:02,MXF1!,10,2026-05-07 18:50:00,42275,42296,42261,42270,42201.3854166667,42281.3854166667,42401.3854166667,42091.3854166667,42001.3854166667,42288.4337513092,42169.2825795846,0.9836949348
2026-05-07 19:10:01,MXF1!,10,2026-05-07 19:00:00,42273,42294,42255,42273,42206.2114583333,42286.2114583333,42406.2114583333,42096.2114583333,42006.2114583333,42287.8285061598,42171.3363898899,0.9832076885
2026-05-07 19:20:01,MXF1!,10,2026-05-07 19:10:00,42268,42272,42226,42270,42211.2270833333,42291.2270833333,42411.2270833333,42101.2270833333,42011.2270833333,42287.1293490555,42173.2901247436,0.9813829725
2026-05-07 19:30:06,MXF1!,10,2026-05-07 19:20:00,42271,42288,42258,42261,42216.8645833333,42296.8645833333,42416.8645833333,42106.8645833333,42016.8645833333,42286.1046687004,42175.0269539566,0.9780097615
2026-05-07 19:40:01,MXF1!,10,2026-05-07 19:30:00,42263,42302,42245,42276,42221.7125,42301.7125,42421.7125,42111.7125,42021.7125,42285.7084071827,42177.0264202148,0.9806758472
2026-05-07 19:50:01,MXF1!,10,2026-05-07 19:40:00,42276,42288,42232,42239,42225.6020833333,42305.6020833333,42425.6020833333,42115.6020833333,42025.6020833333,42283.8767049402,42178.2536198145,0.970221102
2026-05-07 20:00:08,MXF1!,10,2026-05-07 19:50:00,42241,42259,42216,42244,42229.2135416667,42309.2135416667,42429.2135416667,42119.2135416667,42029.2135416667,42282.3129125896,42179.5555283331,0.9703900491
2026-05-07 20:10:02,MXF1!,10,2026-05-07 20:00:00,42241,42256,42222,42249,42232.7541666667,42312.7541666667,42432.7541666667,42122.7541666667,42032.7541666667,42281.0065238606,42180.9306663859,0.9705525482
2026-05-07 20:20:03,MXF1!,10,2026-05-07 20:10:00,42250,42285,42250,42258,42236.2572916667,42316.2572916667,42436.2572916667,42126.2572916667,42036.2572916667,42280.104717266,42182.4588170799,0.9716851853
2026-05-07 20:30:09,MXF1!,10,2026-05-07 20:20:00,42258,42306,42250,42295,42239.2333333333,42319.2333333333,42439.2333333333,42129.2333333333,42039.2333333333,42280.6888460007,42184.6873553555,0.9798910615
2026-05-07 20:40:04,MXF1!,10,2026-05-07 20:30:00,42294,42331,42270,42327,42242.284375,42322.284375,42442.284375,42132.284375,42042.284375,42282.5049696869,42187.5054275267,0.9867828512
2026-05-07 20:50:04,MXF1!,10,2026-05-07 20:40:00,42325,42346,42308,42335,42246.0989583333,42326.0989583333,42446.0989583333,42136.0989583333,42046.0989583333,42284.5635983267,42190.4261121301,0.987543174
2026-05-07 21:00:02,MXF1!,10,2026-05-07 20:50:00,42336,42343,42272,42278,42249.703125,42329.703125,42449.703125,42139.703125,42049.703125,42284.3062023139,42192.1602485236,0.9719719285
2026-05-07 21:10:03,MXF1!,10,2026-05-07 21:00:00,42280,42280,42223,42246,42252.3666666667,42332.3666666667,42452.3666666667,42142.3666666667,42052.3666666667,42282.8039983015,42193.2263822162,0.9627218636
2026-05-07 21:20:05,MXF1!,10,2026-05-07 21:10:00,42244,42276,42218,42272,42254.6822916667,42334.6822916667,42454.6822916667,42144.6822916667,42054.6822916667,42282.3803120936,42194.7862558357,0.9681197251
2026-05-07 21:30:03,MXF1!,10,2026-05-07 21:20:00,42272,42284,42252,42262,42257.2541666667,42337.2541666667,42457.2541666667,42147.2541666667,42057.2541666667,42281.5810841684,42196.1172210666,0.9644213471
2026-05-07 21:40:01,MXF1!,10,2026-05-07 21:30:00,42260,42265,42136,42187,42259.1677083333,42339.1677083333,42459.1677083333,42149.1677083333,42059.1677083333,42277.8720220441,42195.9366820356,0.9443855014
2026-05-07 21:50:03,MXF1!,10,2026-05-07 21:40:00,42190,42192,42006,42075,42260.1697916667,42340.1697916667,42460.1697916667,42150.1697916667,42060.1697916667,42269.9162564738,42193.5418962527,0.9151488586
2026-05-07 22:00:03,MXF1!,10,2026-05-07 21:50:00,42077,42139,42047,42086,42261.6947916667,42341.6947916667,42461.6947916667,42151.6947916667,42061.6947916667,42262.7038542591,42191.4123537527,0.9169165988
2026-05-07 22:10:03,MXF1!,10,2026-05-07 22:00:00,42093,42124,42037,42117,42262.6760416667,42342.6760416667,42462.6760416667,42152.6760416667,42062.6760416667,42256.9899776215,42189.9388417972,0.9236927817
2026-05-07 22:20:02,MXF1!,10,2026-05-07 22:10:00,42117,42169,42087,42116,42263.9302083333,42343.9302083333,42463.9302083333,42153.9302083333,42063.9302083333,42251.4609588913,42188.4747063161,0.9223866791
2026-05-07 22:30:02,MXF1!,10,2026-05-07 22:20:00,42116,42224,42113,42183,42265.6802083333,42345.6802083333,42465.6802083333,42155.6802083333,42065.6802083333,42248.7762154053,42188.36629629,0.9381152267
2026-05-07 22:40:02,MXF1!,10,2026-05-07 22:30:00,42182,42228,42160,42217,42267.45625,42347.45625,42467.45625,42157.45625,42067.45625,42247.530089311,42188.9333003238,0.9454928122
2026-05-07 22:50:02,MXF1!,10,2026-05-07 22:40:00,42218,42228,42140,42161,42269.09375,42349.09375,42469.09375,42159.09375,42069.09375,42244.1367524753,42188.380165664,0.9302983633
2026-05-07 23:00:03,MXF1!,10,2026-05-07 22:50:00,42165,42238,42155,42229,42271.1708333333,42351.1708333333,42471.1708333333,42161.1708333333,42071.1708333333,42243.543154339,42189.1845188191,0.9461616038
2026-05-07 23:10:03,MXF1!,10,2026-05-07 23:00:00,42232,42239,42157,42193,42272.7385416667,42352.7385416667,42472.7385416667,42162.7385416667,42072.7385416667,42241.5610698551,42189.2600729019,0.935987265
2026-05-07 23:20:05,MXF1!,10,2026-05-07 23:10:00,42193,42196,42147,42168,42273.8083333333,42353.8083333333,42473.8083333333,42163.8083333333,42073.8083333333,42238.6763220177,42188.8390813593,0.9286316864
2026-05-07 23:30:01,MXF1!,10,2026-05-07 23:20:00,42164,42176,42081,42144,42274.2875,42354.2875,42474.2875,42164.2875,42074.2875,42234.9635250758,42187.9511787581,0.9215593398
2026-05-07 23:40:02,MXF1!,10,2026-05-07 23:30:00,42145,42215,42137,42189,42274.7916666667,42354.7916666667,42474.7916666667,42164.7916666667,42074.7916666667,42233.1610338963,42187.9719474956,0.9316985267
2026-05-07 23:50:01,MXF1!,10,2026-05-07 23:40:00,42190,42216,42146,42148,42275.4666666667,42355.4666666667,42475.4666666667,42165.4666666667,42075.4666666667,42229.8213855083,42187.1804237828,0.9204070778
2026-05-08 00:00:02,MXF1!,10,2026-05-07 23:50:00,42149,42149,42008,42032,42275.1583333333,42355.1583333333,42475.1583333333,42165.1583333333,42075.1583333333,42222.0636841158,42184.107544104,0.890493179
2026-05-08 00:10:01,MXF1!,10,2026-05-08 00:00:00,42034,42041,41951,42013,42273.55625,42353.55625,42473.55625,42163.55625,42073.55625,42213.8651082681,42180.7192759039,0.8848450181
2026-05-08 00:20:03,MXF1!,10,2026-05-08 00:10:00,42012,42015,41858,41898,42271.015625,42351.015625,42471.015625,42161.015625,42071.015625,42201.4782412772,42175.1208744008,0.8553604116
2026-05-08 00:30:03,MXF1!,10,2026-05-08 00:20:00,41890,41982,41856,41953,42268.259375,42348.259375,42468.259375,42158.259375,42068.259375,42191.7339965212,42170.7224412444,0.8682481163
2026-05-08 00:40:04,MXF1!,10,2026-05-08 00:30:00,41950,42012,41922,41930,42265.9760416667,42345.9760416667,42465.9760416667,42155.9760416667,42065.9760416667,42181.4699182263,42165.9556602296,0.8617091199
2026-05-08 00:50:03,MXF1!,10,2026-05-08 00:40:00,41924,41960,41917,41948,42263.4416666667,42343.4416666667,42463.4416666667,42153.4416666667,42063.4416666667,42172.3142351586,42161.6397065617,0.8653819992
2026-05-08 01:00:03,MXF1!,10,2026-05-08 00:50:00,41943,41972,41907,41943,42260.6604166667,42340.6604166667,42460.6604166667,42150.6604166667,42060.6604166667,42163.3215200543,42157.3102074219,0.8633286139
2026-05-08 01:10:03,MXF1!,10,2026-05-08 01:00:00,41945,41963,41911,41925,42257.8375,42337.8375,42457.8375,42147.8375,42057.8375,42153.9755780914,42152.7100052947,0.8580701178
2026-05-08 01:20:01,MXF1!,10,2026-05-08 01:10:00,41924,41927,41841,41863,42254.1239583333,42334.1239583333,42454.1239583333,42144.1239583333,42054.1239583333,42142.5647711074,42146.9731735067,0.8418889928
2026-05-08 01:30:02,MXF1!,10,2026-05-08 01:20:00,41860,41957,41751,41807,42249.7458333333,42329.7458333333,42449.7458333333,42139.7458333333,42049.7458333333,42129.4053683189,42140.2410314571,0.8272469045
2026-05-08 01:40:03,MXF1!,10,2026-05-08 01:30:00,41808,41933,41785,41918,42245.5177083333,42325.5177083333,42445.5177083333,42135.5177083333,42045.5177083333,42121.1149617181,42135.840218953,0.8541246917
2026-05-08 01:50:02,MXF1!,10,2026-05-08 01:40:00,41921,41948,41895,41906,42241.6697916667,42321.6697916667,42441.6697916667,42131.6697916667,42041.6697916667,42112.6790808665,42131.2889274886,0.8503707118
2026-05-08 02:00:01,MXF1!,10,2026-05-08 01:50:00,41907,41990,41864,41982,42237.6375,42317.6375,42437.6375,42127.6375,42037.6375,42107.5544110285,42128.3327111026,0.8684605519
2026-05-08 02:10:03,MXF1!,10,2026-05-08 02:00:00,41984,42019,41940,41955,42236.0260416667,42316.0260416667,42436.0260416667,42126.0260416667,42036.0260416667,42101.5718851059,42124.9003801897,0.8609268112
2026-05-08 02:20:01,MXF1!,10,2026-05-08 02:10:00,41950,41986,41931,41958,42234.4427083333,42314.4427083333,42434.4427083333,42124.4427083333,42034.4427083333,42095.9416151017,42121.5954221662,0.8608650987
2026-05-08 02:30:01,MXF1!,10,2026-05-08 02:20:00,41963,41968,41898,41913,42232.6385416667,42312.6385416667,42432.6385416667,42122.6385416667,42032.6385416667,42088.7674341173,42117.464819747,0.8489050507
2026-05-08 02:40:01,MXF1!,10,2026-05-08 02:30:00,41914,41940,41862,41920,42229.6270833333,42309.6270833333,42429.6270833333,42119.6270833333,42029.6270833333,42082.1491033676,42113.5546252966,0.8498781575
2026-05-08 02:50:02,MXF1!,10,2026-05-08 02:40:00,41922,41932,41829,41872,42227.2072916667,42307.2072916667,42427.2072916667,42117.2072916667,42027.2072916667,42073.9079620591,42108.7713653897,0.8371934771
2026-05-08 03:00:03,MXF1!,10,2026-05-08 02:50:00,41866,41960,41848,41947,42223.5020833333,42303.5020833333,42423.5020833333,42113.5020833333,42023.5020833333,42068.9311792333,42105.5679720157,0.8550131775
2026-05-08 03:10:04,MXF1!,10,2026-05-08 03:00:00,41952,41970,41921,41957,42218.70625,42298.70625,42418.70625,42108.70625,42018.70625,42064.5417212241,42102.6260319758,0.8566602907
2026-05-08 03:20:06,MXF1!,10,2026-05-08 03:10:00,41953,41991,41897,41915,42214.565625,42294.565625,42414.565625,42104.565625,42014.565625,42058.6773399996,42098.9106650059,0.8454427842
2026-05-08 03:30:03,MXF1!,10,2026-05-08 03:20:00,41906,41931,41860,41920,42210.2270833333,42290.2270833333,42410.2270833333,42100.2270833333,42010.2270833333,42053.2390129408,42095.3678795603,0.8458927347
2026-05-08 03:40:03,MXF1!,10,2026-05-08 03:30:00,41923,41988,41923,41977,42206.8427083333,42286.8427083333,42406.8427083333,42096.8427083333,42006.8427083333,42050.2492477275,42093.0239611532,0.8591899085
2026-05-08 03:50:00,MXF1!,10,2026-05-08 03:40:00,41980,41996,41958,41985,42202.453125,42282.453125,42402.453125,42092.453125,42002.453125,42047.6904536989,42090.8848728135,0.860327958
2026-05-08 04:00:01,MXF1!,10,2026-05-08 03:50:00,41994,42032,41916,41925,42198.3760416667,42278.3760416667,42398.3760416667,42088.3760416667,41998.3760416667,42042.8790633578,42087.6000238469,0.8446804952
2026-05-08 04:10:01,MXF1!,10,2026-05-08 04:00:00,41922,42030,41916,41999,42195.0010416667,42275.0010416667,42395.0010416667,42085.0010416667,41995.0010416667,42041.1583157751,42085.8455679291,0.8621451009
2026-05-08 04:20:03,MXF1!,10,2026-05-08 04:10:00,41999,42010,41987,42001,42191.3333333333,42271.3333333333,42391.3333333333,42081.3333333333,41991.3333333333,42039.5834798624,42084.1654576731,0.8617935428
2026-05-08 04:30:04,MXF1!,10,2026-05-08 04:20:00,42002,42010,41988,41993,42188.3166666667,42268.3166666667,42388.3166666667,42078.3166666667,41988.3166666667,42037.7566767305,42082.3602010855,0.8589913535
2026-05-08 04:40:05,MXF1!,10,2026-05-08 04:30:00,41993,42013,41924,41940,42184.7072916667,42264.7072916667,42384.7072916667,42074.7072916667,41984.7072916667,42033.9230815646,42079.5411872026,0.845112161
2026-05-08 04:50:01,MXF1!,10,2026-05-08 04:40:00,41933,41977,41924,41965,42180.6770833333,42260.6770833333,42380.6770833333,42070.6770833333,41980.6770833333,42031.2202156209,42077.2730448818,0.8504838158
2026-05-08 05:01:00,MXF1!,10,2026-05-08 04:50:00,41967,41984,41941,41967,42176.3916666667,42256.3916666667,42376.3916666667,42066.3916666667,41976.3916666667,42028.7017757926,42075.0894202307,0.8501749486
2026-05-08 08:54:59,MXF1!,10,2026-05-08 08:45:00,42064,42158,42052,42144,42173.68125,42253.68125,42373.68125,42063.68125,41973.68125,42033.2232747812,42076.4539861667,0.892886887
2026-05-08 09:05:02,MXF1!,10,2026-05-08 08:55:00,42143,42175,42063,42130,42171.1291666667,42251.1291666667,42371.1291666667,42061.1291666667,41971.1291666667,42037.018440476,42077.5143032723,0.8884752863
2026-05-08 09:15:01,MXF1!,10,2026-05-08 09:05:00,42133,42262,42117,42254,42169.2770833333,42249.2770833333,42369.2770833333,42059.2770833333,41969.2770833333,42045.5275212417,42081.0090695441,0.9179340158
2026-05-08 09:25:01,MXF1!,10,2026-05-08 09:15:00,42256,42283,42168,42189,42168.2895833333,42248.2895833333,42368.2895833333,42058.2895833333,41968.2895833333,42051.1538929577,42083.1475038106,0.9009368421
2026-05-08 09:35:00,MXF1!,10,2026-05-08 09:25:00,42186,42326,42163,42304,42167.6447916667,42247.6447916667,42367.6447916667,42057.6447916667,41967.6447916667,42061.0694265672,42087.5208205668,0.9280837199
2026-05-08 09:45:01,MXF1!,10,2026-05-08 09:35:00,42305,42311,42142,42179,42166.5989583333,42246.5989583333,42366.5989583333,42056.5989583333,41966.5989583333,42065.6941549371,42089.3322894665,0.8963808063
2026-05-08 09:55:00,MXF1!,10,2026-05-08 09:45:00,42179,42342,42162,42256,42165.9416666667,42245.9416666667,42365.9416666667,42055.9416666667,41965.9416666667,42073.1571292533,42092.6326401701,0.9142212463
2026-05-08 10:05:01,MXF1!,10,2026-05-08 09:55:00,42258,42267,42086,42110,42164.275,42244.275,42364.275,42054.275,41964.275,42074.6019477139,42092.9765482856,0.8774998282
2026-05-08 10:15:01,MXF1!,10,2026-05-08 10:05:00,42110,42112,41890,41932,42160.2208333333,42240.2208333333,42360.2208333333,42050.2208333333,41960.2208333333,42069.0097144703,42089.7888938641,0.8331205008
2026-05-08 10:25:00,MXF1!,10,2026-05-08 10:15:00,41936,41939,41541,41750,42154.04375,42234.04375,42354.04375,42044.04375,41954.04375,42056.4995295891,42083.0604009163,0.7879118343
2026-05-08 10:35:01,MXF1!,10,2026-05-08 10:25:00,41749,41809,41660,41799,42147.9197916667,42227.9197916667,42347.9197916667,42037.9197916667,41947.9197916667,42046.4015088209,42077.4354424823,0.7992713065
2026-05-08 10:45:01,MXF1!,10,2026-05-08 10:35:00,41800,41897,41719,41860,42142.271875,42222.271875,42342.271875,42032.271875,41942.271875,42039.0916457299,42073.1297901559,0.8135259291
2026-05-08 10:55:00,MXF1!,10,2026-05-08 10:45:00,41860,41978,41848,41952,42137.1427083333,42217.1427083333,42337.1427083333,42027.1427083333,41937.1427083333,42035.6762870738,42070.7311804498,0.8352931938
2026-05-08 11:05:01,MXF1!,10,2026-05-08 10:55:00,41957,41994,41908,41952,42131.29375,42211.29375,42331.29375,42021.29375,41931.29375,42032.3948640513,42068.3800679657,0.8345418671
2026-05-08 11:15:00,MXF1!,10,2026-05-08 11:05:00,41955,41996,41912,41974,42126.034375,42206.034375,42326.034375,42016.034375,41926.034375,42030.1048693826,42066.5111557287,0.8391481039
2026-05-08 11:25:01,MXF1!,10,2026-05-08 11:15:00,41973,41994,41917,41929,42120.8708333333,42200.8708333333,42320.8708333333,42010.8708333333,41920.8708333333,42026.1399725441,42063.788162546,0.8274144823
2026-05-08 11:35:01,MXF1!,10,2026-05-08 11:25:00,41929,42026,41906,41987,42115.7489583333,42195.7489583333,42315.7489583333,42005.7489583333,41915.7489583333,42024.60507166,42062.2676048718,0.8408018757
2026-05-08 11:45:00,MXF1!,10,2026-05-08 11:35:00,41988,42027,41914,41938,42111.0458333333,42191.0458333333,42311.0458333333,42001.0458333333,41911.0458333333,42021.20879434,42059.8068602209,0.8281030261
2026-05-08 11:55:00,MXF1!,10,2026-05-08 11:45:00,41933,41933,41846,41903,42105.4333333333,42185.4333333333,42305.4333333333,41995.4333333333,41905.4333333333,42016.5731553463,42056.7017738799,0.8188582889
2026-05-08 12:05:03,MXF1!,10,2026-05-08 11:55:00,41904,41968,41894,41922,42100.665625,42180.665625,42300.665625,41990.665625,41900.665625,42012.8644041562,42054.0344120209,0.8227730937
2026-05-08 12:15:03,MXF1!,10,2026-05-08 12:05:00,41928,41965,41889,41908,42096.0666666667,42176.0666666667,42296.0666666667,41986.0666666667,41896.0666666667,42008.7520745815,42051.1426414858,0.8186564564
2026-05-08 12:25:00,MXF1!,10,2026-05-08 12:15:00,41905,41970,41866,41927,42091.5552083333,42171.5552083333,42291.5552083333,41981.5552083333,41891.5552083333,42005.5461108724,42048.6843713574,0.8225666425
2026-05-08 12:35:04,MXF1!,10,2026-05-08 12:25:00,41928,41983,41890,41909,42087.2645833333,42167.2645833333,42287.2645833333,41977.2645833333,41887.2645833333,42001.7599888774,42045.9183442018,0.8174836499
2026-05-08 12:45:01,MXF1!,10,2026-05-08 12:35:00,41907,41916,41815,41821,42082.5322916667,42162.5322916667,42282.5322916667,41972.5322916667,41882.5322916667,41994.6713618626,42041.4645156037,0.795437687
2026-05-08 12:55:01,MXF1!,10,2026-05-08 12:45:00,41818,41929,41814,41913,42078.15,42158.15,42278.15,41968.15,41878.15,41991.4685633582,42038.9206638096,0.8171157523
2026-05-08 13:05:01,MXF1!,10,2026-05-08 12:55:00,41916,41972,41897,41912,42074.640625,42154.640625,42274.640625,41964.640625,41874.640625,41988.3521491088,42036.4073833381,0.8161759486
2026-05-08 13:15:00,MXF1!,10,2026-05-08 13:05:00,41912,41971,41906,41962,42071.146875,42151.146875,42271.146875,41961.146875,41871.146875,41987.3187314967,42034.9339698067,0.8275913011
2026-05-08 13:25:00,MXF1!,10,2026-05-08 13:15:00,41959,41968,41930,41942,42067.5302083333,42147.5302083333,42267.5302083333,41957.5302083333,41867.5302083333,41985.54152634,42033.0936931768,0.822018081
2026-05-08 13:35:01,MXF1!,10,2026-05-08 13:25:00,41943,41969,41917,41936,42063.5364583333,42143.5364583333,42263.5364583333,41953.5364583333,41863.5364583333,41983.5987213855,42031.1710457872,0.8198532171
2026-05-08 13:46:00,MXF1!,10,2026-05-08 13:35:00,41932,41963,41911,41936,42060.3489583333,42140.3489583333,42260.3489583333,41950.3489583333,41860.3489583333,41981.7321048606,42029.2864706231,0.8191474596
2026-05-08 15:10:09,MXF1!,10,2026-05-08 15:00:00,41999,42044,41907,41922,42057.0979166667,42137.0979166667,42257.0979166667,41947.0979166667,41857.0979166667,41979.3896693758,42027.1619860563,0.8150598802
2026-05-08 15:20:01,MXF1!,10,2026-05-08 15:10:00,41921,41921,41800,41824,42052.959375,42132.959375,42252.959375,41942.959375,41852.959375,41973.2959568513,42023.1389764314,0.7906866657
2026-05-08 15:30:06,MXF1!,10,2026-05-08 15:20:00,41823,41853,41802,41843,42048.325,42128.325,42248.325,41938.325,41848.325,41968.1863114846,42019.5718679872,0.7946588607
2026-05-08 15:40:09,MXF1!,10,2026-05-08 15:30:00,41845,41854,41820,41841,42043.9479166667,42123.9479166667,42243.9479166667,41933.9479166667,41843.9479166667,41963.198612995,42016.0357913934,0.7935464573
2026-05-08 15:50:00,MXF1!,10,2026-05-08 15:40:00,41842,41845,41754,41776,42038.96875,42118.96875,42238.96875,41928.96875,41838.96875,41955.8574909167,42011.2826074054,0.7772263058
2026-05-08 16:00:03,MXF1!,10,2026-05-08 15:50:00,41775,41798,41741,41759,42033.5260416667,42113.5260416667,42233.5260416667,41923.5260416667,41833.5260416667,41948.1375893122,42006.2869122093,0.7725402201
2026-05-08 16:10:02,MXF1!,10,2026-05-08 16:00:00,41760,41762,41713,41755,42027.9145833333,42107.9145833333,42227.9145833333,41917.9145833333,41827.9145833333,41940.5635662019,42001.3109337497,0.7710040922
2026-05-08 16:20:05,MXF1!,10,2026-05-08 16:10:00,41755,41803,41753,41798,42022.9614583333,42102.9614583333,42222.9614583333,41912.9614583333,41822.9614583333,41934.9728381155,41997.2849746655,0.7808126937
2026-05-08 16:30:07,MXF1!,10,2026-05-08 16:20:00,41799,41824,41795,41804,42018.1135416667,42098.1135416667,42218.1135416667,41908.1135416667,41818.1135416667,41929.8366483855,41993.4575494246,0.7816677948
2026-05-08 16:40:03,MXF1!,10,2026-05-08 16:30:00,41806,41825,41797,41808,42013.321875,42093.321875,42213.321875,41903.321875,41813.321875,41925.0587406057,41989.7851227034,0.7820380264
2026-05-08 16:50:05,MXF1!,10,2026-05-08 16:40:00,41808,41828,41778,41824,42008.5135416667,42088.5135416667,42208.5135416667,41898.5135416667,41808.5135416667,41921.0956527388,41986.5022489865,0.7852999077
2026-05-08 17:00:18,MXF1!,10,2026-05-08 16:50:00,41823,41829,41795,41807,42003.9333333333,42083.9333333333,42203.9333333333,41893.9333333333,41803.9333333333,41916.6213134157,41982.9477490065,0.7805987523
2026-05-08 17:10:01,MXF1!,10,2026-05-08 17:00:00,41809,41900,41801,41889,41999.9322916667,42079.9322916667,42199.9322916667,41889.9322916667,41799.9322916667,41915.5381246543,41981.0873975411,0.7997628339
2026-05-08 17:20:05,MXF1!,10,2026-05-08 17:10:00,41889,41898,41852,41867,41995.7635416667,42075.7635416667,42195.7635416667,41885.7635416667,41795.7635416667,41913.6346687855,41978.8282411541,0.7938207223
2026-05-08 17:30:04,MXF1!,10,2026-05-08 17:20:00,41866,41888,41858,41866,41991.5125,42071.5125,42191.5125,41881.5125,41791.5125,41911.7666425586,41976.594018557,0.7929526886
2026-05-08 17:40:06,MXF1!,10,2026-05-08 17:30:00,41866,41866,41800,41811,41986.4822916667,42066.4822916667,42186.4822916667,41876.4822916667,41786.4822916667,41907.8150095171,41973.3149290806,0.7790898106
2026-05-08 17:50:02,MXF1!,10,2026-05-08 17:40:00,41812,41812,41742,41755,41980.7822916667,42060.7822916667,42180.7822916667,41870.7822916667,41780.7822916667,41901.8222640459,41968.991861178,0.7650340651
2026-05-08 18:00:01,MXF1!,10,2026-05-08 17:50:00,41755,41757,41669,41717,41974.6479166667,42054.6479166667,42174.6479166667,41864.6479166667,41774.6479166667,41894.5743321225,41964.0019233329,0.75537864
2026-05-08 18:10:00,MXF1!,10,2026-05-08 18:00:00,41714,41745,41711,41720,41969.3020833333,42049.3020833333,42169.3020833333,41859.3020833333,41769.3020833333,41887.7282798824,41959.1702020788,0.755602454
2026-05-08 18:20:00,MXF1!,10,2026-05-08 18:10:00,41722,41765,41720,41737,41963.940625,42043.940625,42163.940625,41853.940625,41763.940625,41881.8173669458,41954.7707921367,0.7592313979
2026-05-08 18:30:06,MXF1!,10,2026-05-08 18:20:00,41739,41781,41720,41765,41958.6135416667,42038.6135416667,42158.6135416667,41848.6135416667,41758.6135416667,41877.2362937323,41951.0129546686,0.7654861561
2026-05-08 18:40:03,MXF1!,10,2026-05-08 18:30:00,41767,41807,41766,41785,41954.3458333333,42034.3458333333,42154.3458333333,41844.3458333333,41754.3458333333,41873.6191841741,41947.7255694276,0.7697759767
2026-05-08 18:50:00,MXF1!,10,2026-05-08 18:40:00,41788,41796,41737,41740,41951.0604166667,42031.0604166667,42151.0604166667,41841.0604166667,41751.0604166667,41868.3792161673,41943.6121918152,0.7584421182
2026-05-08 19:00:03,MXF1!,10,2026-05-08 18:50:00,41739,41752,41672,41728,41947.2510416667,42027.2510416667,42147.2510416667,41837.2510416667,41747.2510416667,41862.8741488666,41939.3426434624,0.7550655819
2026-05-08 19:10:04,MXF1!,10,2026-05-08 19:00:00,41729,41788,41729,41771,41943.8791666667,42023.8791666667,42143.8791666667,41833.8791666667,41743.8791666667,41859.2712410679,41936.0091257701,0.7648876982
2026-05-08 19:20:07,MXF1!,10,2026-05-08 19:10:00,41775,41785,41748,41768,41940.0875,42020.0875,42140.0875,41830.0875,41740.0875,41855.6919767123,41932.6822123885,0.763663291
2026-05-08 19:30:05,MXF1!,10,2026-05-08 19:20:00,41770,41791,41754,41790,41935.8520833333,42015.8520833333,42135.8520833333,41825.8520833333,41735.8520833333,41853.1158207628,41929.8568220442,0.768414489
2026-05-08 19:40:03,MXF1!,10,2026-05-08 19:30:00,41790,41791,41759,41768,41931.5072916667,42011.5072916667,42131.5072916667,41821.5072916667,41731.5072916667,41849.7779454388,41926.6517364592,0.7626105422
2026-05-08 19:50:03,MXF1!,10,2026-05-08 19:40:00,41767,41777,41751,41777,41927.1645833333,42007.1645833333,42127.1645833333,41817.1645833333,41727.1645833333,41846.9239083628,41923.6883357372,0.764237903
2026-05-08 20:00:04,MXF1!,10,2026-05-08 19:50:00,41776,41785,41757,41760,41922.6677083333,42002.6677083333,42122.6677083333,41812.6677083333,41722.6677083333,41843.5151276427,41920.4469825543,0.7596443517
2026-05-08 20:10:04,MXF1!,10,2026-05-08 20:00:00,41758,41785,41747,41775,41918.2614583333,41998.2614583333,42118.2614583333,41808.2614583333,41718.2614583333,41840.828259892,41917.5668442859,0.7627105132
2026-05-08 20:20:00,MXF1!,10,2026-05-08 20:10:00,41775,41780,41748,41771,41914.0270833333,41994.0270833333,42114.0270833333,41804.0270833333,41714.0270833333,41838.089896759,41914.6645305376,0.7612322383
2026-05-08 20:30:05,MXF1!,10,2026-05-08 20:20:00,41773,41778,41753,41777,41910.1083333333,41990.1083333333,42110.1083333333,41800.1083333333,41710.1083333333,41835.6942145331,41911.93850023,0.7621535994
2026-05-08 20:40:02,MXF1!,10,2026-05-08 20:30:00,41778,41948,41775,41883,41906.934375,41986.934375,42106.934375,41796.934375,41706.934375,41837.549343375,41911.3654606215,0.7869491951
2026-05-08 20:50:02,MXF1!,10,2026-05-08 20:40:00,41880,41918,41864,41874,41903.915625,41983.915625,42103.915625,41793.915625,41703.915625,41838.9787808897,41910.6255505101,0.7842260421
2026-05-08 21:00:05,MXF1!,10,2026-05-08 20:50:00,41872,41885,41792,41829,41901.4197916667,41981.4197916667,42101.4197916667,41791.4197916667,41701.4197916667,41838.5874561489,41909.0092029753,0.7729288322
2026-05-08 21:10:03,MXF1!,10,2026-05-08 21:00:00,41829,41875,41788,41830,41899.6739583333,41979.6739583333,42099.6739583333,41789.6739583333,41699.6739583333,41838.2506931627,41907.4446643025,0.7726215201
2026-05-08 21:20:02,MXF1!,10,2026-05-08 21:10:00,41829,41853,41793,41839,41898.5052083333,41978.5052083333,42098.5052083333,41788.5052083333,41698.5052083333,41838.2800777445,41906.0893244153,0.7742222661
2026-05-08 21:30:02,MXF1!,10,2026-05-08 21:20:00,41840,41888,41834,41884,41897.7729166667,41977.7729166667,42097.7729166667,41787.7729166667,41697.7729166667,41840.0730158722,41905.6519120507,0.7843900097
2026-05-08 21:40:01,MXF1!,10,2026-05-08 21:30:00,41886,42039,41828,42000,41897.5260416667,41977.5260416667,42097.5260416667,41787.5260416667,41697.5260416667,41846.3446623086,41907.52019102,0.8114057117
2026-05-08 21:50:03,MXF1!,10,2026-05-08 21:40:00,42000,42149,41997,42130,41899.1239583333,41979.1239583333,42099.1239583333,41789.1239583333,41699.1239583333,41857.4684010416,41911.9257317918,0.8416286136
2026-05-08 22:00:09,MXF1!,10,2026-05-08 21:50:00,42131,42175,42082,42175,41900.9364583333,41980.9364583333,42100.9364583333,41790.9364583333,41700.9364583333,41869.9206206086,41917.1351232415,0.8515300449
2026-05-08 22:10:03,MXF1!,10,2026-05-08 22:00:00,42175,42204,42123,42152,41903.2770833333,41983.2770833333,42103.2770833333,41793.2770833333,41703.2770833333,41880.9825570553,41921.7859128803,0.8452604871
2026-05-08 22:20:06,MXF1!,10,2026-05-08 22:10:00,42152,42154,42087,42114,41905.5833333333,41985.5833333333,42105.5833333333,41795.5833333333,41705.5833333333,41890.1204959943,41925.5921324272,0.8354635834
2026-05-08 22:30:00,MXF1!,10,2026-05-08 22:20:00,42114,42160,42047,42059,41908.39375,41988.39375,42108.39375,41798.39375,41708.39375,41896.7432216416,41928.2338723791,0.8216774737
2026-05-08 22:40:03,MXF1!,10,2026-05-08 22:30:00,42058,42108,42015,42093,41910.4208333333,41990.4208333333,42110.4208333333,41800.4208333333,41710.4208333333,41904.4395658909,41931.4965679756,0.829013702
2026-05-08 22:50:00,MXF1!,10,2026-05-08 22:40:00,42092,42140,42075,42120,41912.4833333333,41992.4833333333,42112.4833333333,41802.4833333333,41712.4833333333,41912.8929162481,41935.2293092038,0.8346649268
2026-05-08 22:59:59,MXF1!,10,2026-05-08 22:50:00,42120,42171,42117,42157,41914.8541666667,41994.8541666667,42114.8541666667,41804.8541666667,41714.8541666667,41922.4657430619,41939.6208080314,0.8426567254
2026-05-08 23:09:59,MXF1!,10,2026-05-08 23:00:00,42158,42232,42146,42208,41916.9510416667,41996.9510416667,42116.9510416667,41806.9510416667,41716.9510416667,41933.6631649026,41944.9352474764,0.853921791
2026-05-08 23:20:00,MXF1!,10,2026-05-08 23:10:00,42206,42227,42102,42138,41919.1145833333,41999.1145833333,42119.1145833333,41809.1145833333,41719.1145833333,41941.6763741221,41948.7583118828,0.8365697539
2026-05-08 23:30:00,MXF1!,10,2026-05-08 23:20:00,42141,42188,42138,42182,41921.6489583333,42001.6489583333,42121.6489583333,41811.6489583333,41721.6489583333,41951.1008300389,41953.3769591722,0.8461889917
2026-05-08 23:40:02,MXF1!,10,2026-05-08 23:30:00,42180,42224,42126,42196,41924.4208333333,42004.4208333333,42124.4208333333,41814.4208333333,41724.4208333333,41960.704719057,41958.1813758223,0.8486948202
2026-05-08 23:50:01,MXF1!,10,2026-05-08 23:40:00,42195,42208,42124,42193,41927.3020833333,42007.3020833333,42127.3020833333,41817.3020833333,41727.3020833333,41969.8143379175,41962.8312495684,0.8471862738
2026-05-09 00:00:04,MXF1!,10,2026-05-08 23:50:00,42193,42216,42179,42187,41930.3677083333,42010.3677083333,42130.3677083333,41820.3677083333,41730.3677083333,41978.3314227051,41967.2702347254,0.8449762271
2026-05-09 00:10:01,MXF1!,10,2026-05-09 00:00:00,42190,42245,42187,42198,41933.1572916667,42013.1572916667,42133.1572916667,41823.1572916667,41733.1572916667,41986.9458767166,41971.8391409685,0.846774519
2026-05-09 00:20:02,MXF1!,10,2026-05-09 00:10:00,42198,42236,42183,42215,41935.6989583333,42015.6989583333,42135.6989583333,41825.6989583333,41735.6989583333,41995.8891756689,41976.654207484,0.8499744187
2026-05-09 00:30:03,MXF1!,10,2026-05-09 00:20:00,42212,42258,42211,42256,41939.1145833333,42019.1145833333,42139.1145833333,41829.1145833333,41739.1145833333,42006.0896001525,41982.1858073358,0.8587985947
2026-05-09 00:40:03,MXF1!,10,2026-05-09 00:30:00,42255,42262,42218,42258,41942.03125,42022.03125,42142.03125,41832.03125,41742.03125,42015.9684393622,41987.6474745172,0.8584227302
2026-05-09 00:50:02,MXF1!,10,2026-05-09 00:40:00,42256,42257,42190,42196,41944.7260416667,42024.7260416667,42144.7260416667,41834.7260416667,41744.7260416667,42023.0285005637,41991.7732671011,0.843027374
2026-05-09 01:00:08,MXF1!,10,2026-05-09 00:50:00,42196,42225,42141,42165,41947.0125,42027.0125,42147.0125,41837.0125,41747.0125,42028.5960103455,41995.2034994357,0.8349699146
2026-05-09 01:10:01,MXF1!,10,2026-05-09 01:00:00,42165,42180,42056,42151,41948.6072916667,42028.6072916667,42148.6072916667,41838.6072916667,41748.6072916667,42033.3961668025,41998.2885786548,0.8309294411
2026-05-09 01:20:02,MXF1!,10,2026-05-09 01:10:00,42151,42179,42114,42145,41950.134375,42030.134375,42150.134375,41840.134375,41750.134375,42037.7727877122,42001.1937553151,0.8287796746
2026-05-09 01:30:02,MXF1!,10,2026-05-09 01:20:00,42145,42220,42132,42214,41952.1333333333,42032.1333333333,42152.1333333333,41842.1333333333,41752.1333333333,42044.6836587823,42005.4077403584,0.8442011179
2026-05-09 01:40:04,MXF1!,10,2026-05-09 01:30:00,42215,42225,42196,42200,41954.4645833333,42034.4645833333,42154.4645833333,41844.4645833333,41754.4645833333,42050.7744956928,42009.2610524305,0.8401341202
2026-05-09 01:50:00,MXF1!,10,2026-05-09 01:40:00,42200,42233,42182,42192,41957.0989583333,42037.0989583333,42157.0989583333,41847.0989583333,41757.0989583333,42056.3127507637,42012.8796454516,0.8374871266
2026-05-09 02:00:01,MXF1!,10,2026-05-09 01:50:00,42193,42203,42164,42181,41959.475,42039.475,42159.475,41849.475,41759.475,42061.2024468122,42016.2087613833,0.8341494314
2026-05-09 02:10:01,MXF1!,10,2026-05-09 02:00:00,42183,42238,42171,42233,41960.384375,42040.384375,42160.384375,41850.384375,41760.384375,42067.9396057607,42020.5016571975,0.8455388762
2026-05-09 02:20:09,MXF1!,10,2026-05-09 02:10:00,42234,42244,42217,42219,41961.4822916667,42041.4822916667,42161.4822916667,41851.4822916667,41761.4822916667,42073.8635427897,42024.432317451,0.8414753183
2026-05-09 02:30:10,MXF1!,10,2026-05-09 02:20:00,42221,42237,42219,42232,41962.0020833333,42042.0020833333,42162.0020833333,41852.0020833333,41762.0020833333,42080.0649724842,42028.5425685906,0.8437256029
2026-05-09 02:40:02,MXF1!,10,2026-05-09 02:30:00,42231,42239,42202,42209,41961.8125,42041.8125,42161.8125,41851.8125,41761.8125,42085.1212480731,42032.1159830739,0.8375760793
2026-05-09 02:50:01,MXF1!,10,2026-05-09 02:40:00,42210,42215,42184,42195,41961.153125,42041.153125,42161.153125,41851.153125,41761.153125,42089.4302187369,42035.3414091517,0.8335485917
2026-05-09 03:00:07,MXF1!,10,2026-05-09 02:50:00,42198,42210,42155,42174,41961.01875,42041.01875,42161.01875,41851.01875,41761.01875,42092.7466807472,42038.087123822,0.8279080191
2026-05-09 03:10:04,MXF1!,10,2026-05-09 03:00:00,42170,42242,42168,42229,41960.5333333333,42040.5333333333,42160.5333333333,41850.5333333333,41760.5333333333,42098.0899481689,42041.8675768156,0.8399684734
2026-05-09 03:20:06,MXF1!,10,2026-05-09 03:10:00,42230,42255,42221,42231,41961.2854166667,42041.2854166667,42161.2854166667,41851.2854166667,41761.2854166667,42103.3021070642,42045.6127733143,0.8396577265
2026-05-09 03:30:10,MXF1!,10,2026-05-09 03:20:00,42230,42240,42192,42192,41963.825,42043.825,42163.825,41853.825,41763.825,42106.7804558068,42048.5115302784,0.8298249967
2026-05-09 03:39:59,MXF1!,10,2026-05-09 03:30:00,42193,42232,42186,42225,41968.8729166667,42048.8729166667,42168.8729166667,41858.8729166667,41768.8729166667,42111.4165163634,42052.006351461,0.8367452523
2026-05-09 03:50:00,MXF1!,10,2026-05-09 03:40:00,42224,42242,42200,42200,41973.9802083333,42053.9802083333,42173.9802083333,41863.9802083333,41773.9802083333,42114.8903784668,42054.9369187588,0.8301818146
2026-05-09 04:00:01,MXF1!,10,2026-05-09 03:50:00,42199,42239,42184,42237,41978.0677083333,42058.0677083333,42178.0677083333,41868.0677083333,41778.0677083333,42119.6789910759,42058.5421282883,0.838017947
2026-05-09 04:10:08,MXF1!,10,2026-05-09 04:00:00,42236,42258,42217,42245,41981.3552083333,42061.3552083333,42181.3552083333,41871.3552083333,41781.3552083333,42124.5935404455,42062.2343633717,0.8391025373
2026-05-09 04:20:04,MXF1!,10,2026-05-09 04:10:00,42244,42250,42239,42239,41984.428125,42064.428125,42184.428125,41874.428125,41784.428125,42129.0800682712,42065.7346730079,0.8369413906
2026-05-09 04:30:10,MXF1!,10,2026-05-09 04:20:00,42239,42255,42236,42253,41987.4958333333,42067.4958333333,42187.4958333333,41877.4958333333,41787.4958333333,42133.939673437,42069.4428973048,0.83941568
2026-05-09 04:40:04,MXF1!,10,2026-05-09 04:30:00,42254,42259,42244,42258,41990.6979166667,42070.6979166667,42190.6979166667,41880.6979166667,41790.6979166667,42138.8047842826,42073.1767013185,0.8397997741
2026-05-09 04:50:04,MXF1!,10,2026-05-09 04:40:00,42258,42288,42256,42276,41993.9770833333,42073.9770833333,42193.9770833333,41883.9770833333,41793.9770833333,42144.1849888206,42077.1930042627,0.8431859077
2026-05-09 05:01:00,MXF1!,10,2026-05-09 04:50:00,42280,42300,42276,42291,41997.4177083333,42077.4177083333,42197.4177083333,41887.4177083333,41797.4177083333,42149.9424402394,42081.4268061585,0.8458640575
